2017-01-24,29,522.0000,656.1774,842.3583,925.0815,1325.6706,1733.8199,1821.6555,1962.1304,1925.4560,1702.2631,1173.6365
2017-04-11,29,1016.6663,769.1713,909.4055,593.2594,1147.4084,3108.6339,3771.0199,3852.0680,3925.5636,1707.9303,900.1404
2017-04-21,29,1.0000,73.6640,465.2949,314.9993,973.2175,3020.0541,3706.6285,4006.0582,3899.6137,1490.5411,818.0478
2017-04-21,29,467.0000,378.4431,596.4220,315.2782,948.2018,3100.8041,3796.4843,4103.6748,3977.3574,1482.6093,803.5330
2017-04-24,29,-9999.0000,-9999.0000,-9999.0000,-9999.0000,-9999.0000,-9999.0000,-9999.0000,-9999.0000,-9999.0000,-9999.0000,-9999.0000
2017-05-01,29,1369.0000,1270.8405,1416.7276,1201.4148,1666.0498,3028.9738,3483.4527,3627.7758,3598.2773,1757.5053,1250.3148
2017-05-04,29,-9999.0000,-9999.0000,-9999.0000,-9999.0000,-9999.0000,-9999.0000,-9999.0000,-9999.0000,-9999.0000,-9999.0000,-9999.0000
2017-05-04,29,-9999.0000,-9999.0000,-9999.0000,-9999.0000,-9999.0000,-9999.0000,-9999.0000,-9999.0000,-9999.0000,-9999.0000,-9999.0000
2017-05-14,29,1.0000,1.0298,273.5275,187.5014,739.5412,2315.7003,2907.9713,2951.4551,3105.4037,1220.8736,659.9320
2017-05-14,29,80.0000,121.2340,313.3267,171.6519,715.8257,2348.0013,2963.5008,3012.4667,3161.1181,1220.3775,660.0609
2017-05-21,29,-9999.0000,-9999.0000,-9999.0000,-9999.0000,-9999.0000,-9999.0000,-9999.0000,-9999.0000,-9999.0000,-9999.0000,-9999.0000
2017-05-21,29,-9999.0000,-9999.0000,-9999.0000,-9999.0000,-9999.0000,-9999.0000,-9999.0000,-9999.0000,-9999.0000,-9999.0000,-9999.0000
2017-05-24,29,241.0000,261.2658,507.2029,460.0900,1004.9828,1997.1662,2394.0960,2482.8554,2724.8480,1517.9720,932.2593
2017-05-24,29,427.0000,493.4232,673.2904,587.8857,1067.3770,1986.9395,2347.7682,2419.4120,2641.0000,1493.0099,916.3392
2017-05-31,29,1535.0000,1405.8505,1597.3086,1477.4203,2003.0000,2843.2211,3153.2255,3218.6693,3461.6410,2561.0000,1745.8835
2017-06-03,29,341.3380,459.6722,731.5380,787.4641,1323.4604,1899.4473,2167.2387,2313.0312,2532.9083,1995.2807,1307.7395
2017-06-03,29,356.0000,401.6841,707.5174,779.1600,1331.4267,1932.0157,2201.1232,2311.4988,2539.2110,1996.6565,1308.7570
2017-06-10,29,789.0000,941.8229,1139.5692,1274.5938,1683.7058,2115.2818,2315.4426,2435.8875,2612.0466,2129.8858,1428.0225
2017-06-13,29,393.0000,556.1048,779.3078,1083.6710,1428.2369,1607.9229,1796.7797,1927.2046,2134.5992,2324.0000,1564.5614
2017-06-13,29,474.0000,625.6172,835.1594,1083.3247,1428.2701,1669.7970,1847.9554,1960.4361,2167.3388,2298.6790,1555.4949
2017-06-20,29,252.0000,635.1053,1035.9612,1515.6041,1877.5484,2130.0572,2297.9758,2424.7486,2632.4251,2995.6762,2004.3987
2017-06-20,29,708.0000,932.1358,1180.1674,1588.0099,1865.3083,2115.0342,2279.6841,2423.0543,2649.0511,2987.6337,1993.6900
2017-06-23,29,657.0000,929.2602,1235.9071,1658.9541,2001.8966,2210.5601,2418.6660,2535.7250,2827.9513,3035.2360,1979.2884
2017-06-23,29,724.0000,997.7491,1275.2052,1674.7325,2010.2201,2259.8292,2483.0177,2568.9527,2866.9388,3044.6978,1979.1933
2017-07-03,29,477.3150,651.9022,858.9759,1115.6428,1416.4355,1653.9479,1783.6360,1880.6235,2042.3126,2419.3368,1525.2164
2017-07-03,29,398.0000,602.5344,836.8090,1091.2244,1402.9699,1658.6748,1800.0792,1897.7423,2053.9579,2403.0900,1514.6254
2017-07-08,29,666.4959,965.4212,1264.8244,1547.3831,1986.7415,2418.9251,2699.0678,2769.7841,2995.7646,3514.1120,2524.9203
2017-07-10,29,385.0000,889.8062,1397.3263,1788.2258,2362.9190,2763.7147,2913.4655,3019.6843,3242.9842,3634.8899,2411.1243
2017-07-10,29,756.0000,1097.6673,1499.5716,1843.6068,2372.5452,2772.7064,2915.0684,3019.8619,3242.1615,3636.8356,2395.5527
2017-07-13,29,429.0000,908.2327,1380.2472,1755.4162,2300.1701,2682.0766,2868.0147,2932.0439,3196.1099,3835.2496,2667.5496
2017-07-13,29,628.3188,987.9084,1404.0958,1731.3873,2260.4934,2658.7969,2851.3991,2906.7849,3163.7041,3815.4178,2659.0748
2017-07-20,29,900.0000,1133.1329,1452.8129,1643.6120,2163.8905,2824.4736,3043.6132,3066.9608,3339.1011,3565.5268,2455.0000
2017-07-20,29,1029.0000,1339.2941,1691.2794,1945.1969,2497.7058,3155.6119,3363.8539,3370.9097,3683.7775,3815.5877,2530.7925
2017-07-23,29,413.0000,841.2316,1220.9824,1427.6947,1996.5398,2657.7645,2900.7036,2938.9133,3228.8068,3419.8144,2275.4825
2017-07-23,29,802.0000,1050.8319,1355.3917,1531.6590,2083.0709,2771.7256,3009.2405,3051.3183,3363.3149,3506.7992,2307.3671
2017-07-30,29,-9999.0000,-9999.0000,-9999.0000,-9999.0000,-9999.0000,-9999.0000,-9999.0000,-9999.0000,-9999.0000,-9999.0000,-9999.0000
2017-08-02,29,1147.0000,1468.2292,1755.5975,2090.9145,2315.3540,2369.2344,2474.1832,2467.6273,2684.4064,3330.2778,2827.2212
2017-08-02,29,1149.0000,1451.3519,1738.9636,2067.7010,2291.1461,2381.3937,2499.6090,2475.8541,2690.4785,3314.6942,2819.1980
2017-08-09,29,1194.4722,1619.9460,2010.7430,2435.9867,2675.3434,2781.6725,2869.9302,2843.5017,3069.7286,3619.9311,3051.4285
2017-08-09,29,1308.0000,1595.8403,1971.6884,2363.6408,2626.9724,2746.2616,2843.4092,2795.0258,3027.7323,3571.7425,3002.5439
2017-08-12,29,840.0000,884.6992,1066.5174,1273.5000,1487.0000,1556.1536,1644.0000,1626.0000,1790.5192,1960.0000,1525.6828
2017-08-12,29,723.0000,979.0262,1270.3960,1541.3579,1879.4963,1989.0000,2124.0000,2042.4468,2298.0000,2490.8717,1891.0000
2017-08-19,29,-9999.0000,-9999.0000,-9999.0000,-9999.0000,-9999.0000,-9999.0000,-9999.0000,-9999.0000,-9999.0000,-9999.0000,-9999.0000
2017-08-22,29,1527.0000,1866.9151,2250.2830,2695.8294,2918.6180,3021.3655,3148.3748,3259.0736,3330.1786,4070.4465,3575.3626
2017-08-22,29,1552.0000,1900.6070,2279.2967,2709.6217,2952.9686,3036.0945,3154.8170,3274.8345,3347.3633,4073.8569,3575.6112
2017-08-29,29,691.0000,969.3138,1291.1345,1675.0829,1917.3207,2130.6651,2234.8192,2291.0066,2419.1921,2972.7163,2355.4796
2017-08-29,29,913.0000,1125.6483,1363.0830,1707.2768,1915.6225,2115.4068,2227.2487,2276.0218,2412.6521,2948.1104,2340.1326
2017-09-08,29,782.0000,1089.5918,1371.6156,1666.6483,1939.5012,2232.6462,2348.5960,2347.5617,2514.1798,3004.8911,2411.1895
2017-09-08,29,859.0000,1025.6480,1342.2408,1642.6823,1916.3302,2202.4940,2315.8110,2315.2543,2475.3922,2971.2782,2395.8832
2017-09-18,29,995.0000,1171.1169,1499.2118,1684.1618,2076.3491,2428.6566,2540.1558,2579.2882,2707.0406,2955.1801,2276.2095
2017-09-18,29,664.0000,1004.1221,1378.9811,1595.2826,1964.9160,2317.0203,2427.1880,2475.2607,2587.7531,2866.8171,2227.2432
2017-09-21,29,810.0000,977.4587,1219.8924,1379.8485,1717.3188,2009.9510,2123.2965,2188.4804,2260.3412,2460.3064,1899.5956
2017-09-21,29,874.0000,1005.1326,1237.4706,1370.8294,1700.7242,2002.6320,2123.6558,2178.4963,2250.9206,2450.1263,1896.0000
2017-09-28,29,1028.0000,1283.0974,1643.3527,1746.7900,2202.4208,2666.0000,2797.0000,2850.5290,2931.5156,2939.0138,2292.7088
2017-09-28,29,1172.0000,1333.0469,1603.3684,1658.3974,2078.3135,2509.4391,2643.7687,2707.4517,2794.5909,2841.6761,2237.4702
2017-10-01,29,-9999.0000,-9999.0000,-9999.0000,-9999.0000,-9999.0000,-9999.0000,-9999.0000,-9999.0000,-9999.0000,-9999.0000,-9999.0000
2017-10-08,29,-9999.0000,-9999.0000,-9999.0000,-9999.0000,-9999.0000,-9999.0000,-9999.0000,-9999.0000,-9999.0000,-9999.0000,-9999.0000
2017-10-08,29,-9999.0000,-9999.0000,-9999.0000,-9999.0000,-9999.0000,-9999.0000,-9999.0000,-9999.0000,-9999.0000,-9999.0000,-9999.0000
2017-10-11,29,-9999.0000,-9999.0000,-9999.0000,-9999.0000,-9999.0000,-9999.0000,-9999.0000,-9999.0000,-9999.0000,-9999.0000,-9999.0000
2017-10-18,29,-9999.0000,-9999.0000,-9999.0000,-9999.0000,-9999.0000,-9999.0000,-9999.0000,-9999.0000,-9999.0000,-9999.0000,-9999.0000
2017-10-31,29,1532.0000,1667.0359,1931.3910,1834.8768,2419.1451,3093.9057,3328.3478,3524.0000,3512.3544,3202.3755,2434.7336
2017-10-31,29,1591.0000,1698.4763,1945.4486,1828.3690,2386.5008,3060.0000,3276.5559,3493.2324,3484.0000,3156.0661,2411.8263
2017-11-10,29,-9999.0000,-9999.0000,-9999.0000,-9999.0000,-9999.0000,-9999.0000,-9999.0000,-9999.0000,-9999.0000,-9999.0000,-9999.0000
2017-11-10,29,-9999.0000,-9999.0000,-9999.0000,-9999.0000,-9999.0000,-9999.0000,-9999.0000,-9999.0000,-9999.0000,-9999.0000,-9999.0000
2017-11-17,29,65.0000,272.0000,447.0000,387.0000,732.0000,1154.0000,1249.0000,1331.0000,1372.0000,990.0000,618.0000
2017-11-17,29,526.0000,513.4084,581.0321,489.9284,704.7346,1097.3821,1177.4104,1209.4375,1257.2664,973.5135,672.0000
2017-11-20,29,374.0000,625.4338,939.9874,939.8399,1499.0000,2251.4168,2412.2973,2642.7354,2603.3468,2164.0187,1491.9484
2017-11-20,29,736.0000,789.8462,1003.0730,939.6267,1490.4349,2257.8229,2411.2433,2644.4610,2595.5181,2172.4748,1482.9623
2017-11-27,29,130.0000,468.9939,821.7482,825.9275,1442.6407,2275.4960,2458.1125,2707.3301,2645.0267,2082.0096,1313.6474
2017-11-27,29,354.0000,557.2693,869.8842,849.8966,1420.1881,2186.8151,2354.6413,2603.2867,2546.4422,2025.7044,1285.4089
2017-12-07,29,485.0000,692.4293,976.7759,996.4640,1570.1174,2209.8261,2373.9227,2531.2898,2568.9697,1929.2050,1217.3828
2017-12-17,29,1.0000,385.7378,697.5682,781.6783,1357.9584,2089.2929,2251.9688,2467.4793,2466.7110,1905.8651,1205.6485
2017-12-17,29,269.0000,497.5296,761.4703,816.7504,1336.9249,1993.5991,2172.6148,2380.1868,2358.0000,1845.3657,1165.3172
2017-12-20,29,249.0000,478.6107,717.4016,769.1302,1233.7567,1810.2283,1958.0000,2155.4895,2154.4852,1705.2693,1097.3467
2017-12-20,29,314.0000,514.3739,733.5845,770.0488,1237.8145,1804.1772,1971.0637,2146.7984,2156.5000,1702.2156,1098.0012
2017-12-22,29,-9999.0000,-9999.0000,-9999.0000,-9999.0000,-9999.0000,-9999.0000,-9999.0000,-9999.0000,-9999.0000,-9999.0000,-9999.0000
2017-12-25,29,1124.0000,1413.0000,1580.0000,1557.0000,1912.0000,2327.0000,2492.0000,2632.0000,2645.0000,2091.0000,1434.0000
2017-12-25,29,726.0000,1100.0000,1419.0000,1452.0000,1888.0000,2395.0000,2631.0000,2904.0000,2819.0000,2194.0000,1484.0000
2018-01-06,29,-9999.0000,-9999.0000,-9999.0000,-9999.0000,-9999.0000,-9999.0000,-9999.0000,-9999.0000,-9999.0000,-9999.0000,-9999.0000
2018-01-11,29,1.0000,146.0000,354.0000,354.0000,509.0000,759.0000,874.0000,904.0000,958.0000,797.0000,652.0000
2018-01-11,29,58.0000,252.2047,356.6378,374.5886,540.3495,796.0000,898.0000,917.5787,940.0000,775.0000,558.0362
2018-01-14,29,281.0000,287.0000,628.0000,812.0000,1508.0000,2225.0000,2480.0000,2782.0000,2592.0000,2235.0000,1745.0000
2018-01-14,29,173.0000,683.1751,994.2086,1101.2941,1577.0000,2186.3970,2463.0000,2641.8000,2668.0000,2328.0000,1755.5995
2018-01-19,29,-9999.0000,-9999.0000,-9999.0000,-9999.0000,-9999.0000,-9999.0000,-9999.0000,-9999.0000,-9999.0000,-9999.0000,-9999.0000
2018-01-19,29,-9999.0000,-9999.0000,-9999.0000,-9999.0000,-9999.0000,-9999.0000,-9999.0000,-9999.0000,-9999.0000,-9999.0000,-9999.0000
2018-01-21,29,45.0000,360.5757,518.3940,769.3989,921.3340,995.1783,1059.3672,1148.2748,1154.5126,1457.9344,1142.5091
2018-01-21,29,289.0000,530.4728,638.3563,824.6997,949.4969,1010.8368,1076.1134,1163.6753,1154.8030,1402.1860,1109.1393
2018-02-08,29,-9999.0000,-9999.0000,-9999.0000,-9999.0000,-9999.0000,-9999.0000,-9999.0000,-9999.0000,-9999.0000,-9999.0000,-9999.0000
2018-02-10,29,276.0000,565.1468,717.7491,997.2360,1177.5648,1249.9663,1347.6956,1427.1274,1410.8073,1709.7329,1348.0000
2018-02-10,29,323.0000,609.5773,789.4488,1010.6385,1173.5049,1236.9850,1315.5035,1307.6176,1379.5245,1669.6695,1318.1762
2018-02-13,29,-9999.0000,-9999.0000,-9999.0000,-9999.0000,-9999.0000,-9999.0000,-9999.0000,-9999.0000,-9999.0000,-9999.0000,-9999.0000
2018-02-13,29,990.0000,1160.4990,1274.0000,1382.4283,1530.6667,1670.5845,1754.0000,1865.1585,1818.7156,1262.7322,1046.6294
2018-02-25,29,1390.0000,1700.0966,1963.5161,2213.0934,2409.9399,2494.0000,2555.5924,2627.3251,2648.0000,2931.7414,2650.3155
2018-02-25,29,1444.0000,1755.7955,2019.9237,2260.6535,2458.0000,2523.3381,2591.0000,2667.8771,2683.6549,2947.6625,2667.9388
2018-02-28,29,1420.6774,1684.4977,1905.7506,2060.3266,2265.7610,2370.4759,2444.0172,2533.4453,2596.7398,3157.5493,2862.0000
2018-02-28,29,1575.0000,1795.1098,1986.3469,2122.9752,2299.8077,2397.9492,2478.0425,2571.0112,2593.6083,3114.8997,2849.5535
2018-03-12,29,-9999.0000,-9999.0000,-9999.0000,-9999.0000,-9999.0000,-9999.0000,-9999.0000,-9999.0000,-9999.0000,-9999.0000,-9999.0000
2018-03-20,29,-9999.0000,-9999.0000,-9999.0000,-9999.0000,-9999.0000,-9999.0000,-9999.0000,-9999.0000,-9999.0000,-9999.0000,-9999.0000
2018-03-20,29,-9999.0000,-9999.0000,-9999.0000,-9999.0000,-9999.0000,-9999.0000,-9999.0000,-9999.0000,-9999.0000,-9999.0000,-9999.0000
2018-03-22,29,1059.0000,1588.0911,1907.8201,2231.1391,2435.4292,2538.0851,2611.6972,2747.4907,2723.1706,3282.0000,3018.0740
2018-03-22,29,953.9919,1467.0017,1802.2931,2115.3145,2313.4858,2426.6922,2508.1574,2643.0021,2622.0000,3184.5012,2984.7999
2018-03-25,29,1097.3217,1457.6237,1707.0774,1947.9847,2170.6524,2258.6579,2361.6397,2387.1749,2475.3446,3076.4935,2947.0000
2018-03-25,29,1120.0000,1485.1317,1732.1830,1956.2494,2178.8240,2275.2931,2380.2913,2395.1705,2483.4317,3083.7308,2953.4220
2018-03-27,29,1492.0000,1661.7157,1859.3126,2131.4249,2409.9577,2581.0942,2683.4440,2835.6794,2836.0939,3480.0000,3225.6546
2018-03-27,29,1486.4959,1661.4185,1858.9320,2115.2093,2405.3512,2571.0000,2675.9311,2827.5325,2820.0760,3491.5986,3192.7905
2018-03-30,29,-9999.0000,-9999.0000,-9999.0000,-9999.0000,-9999.0000,-9999.0000,-9999.0000,-9999.0000,-9999.0000,-9999.0000,-9999.0000
2018-03-30,29,-9999.0000,-9999.0000,-9999.0000,-9999.0000,-9999.0000,-9999.0000,-9999.0000,-9999.0000,-9999.0000,-9999.0000,-9999.0000
2018-04-01,29,643.4690,914.0737,1100.7281,1307.3883,1517.1353,1650.7169,1755.8344,1884.2629,1837.1727,1953.7192,1461.2922
2018-04-01,29,698.0000,963.3755,1115.9223,1292.1956,1490.4991,1643.0866,1737.2606,1851.9098,1821.4371,1901.0000,1445.4261
2018-04-06,29,655.0000,885.5609,1193.3333,1467.3357,1693.6717,1829.0972,1923.7408,2019.4867,2019.6998,2388.0021,1954.5060
2018-04-06,29,703.0000,905.4431,1181.8160,1419.6692,1633.0000,1788.2833,1858.9362,1971.1322,1962.4165,2338.4002,1922.5867
2018-04-11,29,1048.0000,1233.8656,1381.3441,1525.0744,1721.3513,1859.3986,1980.8074,2019.7943,2042.4500,2177.7092,1780.0946
2018-04-14,29,715.0000,1013.1397,1259.4537,1515.8681,1698.4380,1852.5065,1953.9122,2052.0031,2052.5195,2396.6674,2162.6717
2018-04-14,29,736.0000,1037.4017,1267.4848,1507.2183,1683.6485,1844.5409,1947.2969,2043.3944,2052.6003,2386.5407,2147.7277
2018-04-16,29,-9999.0000,-9999.0000,-9999.0000,-9999.0000,-9999.0000,-9999.0000,-9999.0000,-9999.0000,-9999.0000,-9999.0000,-9999.0000
2018-04-16,29,-9999.0000,-9999.0000,-9999.0000,-9999.0000,-9999.0000,-9999.0000,-9999.0000,-9999.0000,-9999.0000,-9999.0000,-9999.0000
2018-04-19,29,1180.0000,1532.3377,1899.4556,2166.6558,2372.7783,2546.5308,2660.3592,2755.6851,2754.9898,3137.5143,2852.5801
2018-04-19,29,1179.0000,1523.7499,1867.7183,2124.1927,2343.0000,2507.0391,2619.2445,2724.9041,2715.4843,3107.5455,2837.4888
2018-04-21,29,1333.0000,1907.0044,2294.6451,2601.5463,2838.3412,3002.7436,3123.9559,3287.9099,3222.0743,3622.3834,3432.2028
2018-04-21,29,1134.0000,1692.0058,2091.7778,2390.5188,2647.4277,2819.6949,2985.0352,3128.2111,3061.9523,3512.0824,3354.1060
2018-04-24,29,1228.0000,1637.2665,1908.1068,2067.4335,2371.4777,2611.9142,2802.2830,2823.4321,2884.2904,3300.0606,3160.5200
2018-04-24,29,1345.0719,1613.0000,1867.5373,2011.9998,2309.1264,2586.8079,2794.7166,2807.0337,2882.3165,3242.8555,3128.6850
2018-04-26,29,1491.4673,1892.2401,2295.7826,2583.8342,2868.3954,3084.8181,3178.1280,3208.4281,3286.8110,3653.9786,3321.8997
2018-04-26,29,1360.0000,1763.8756,2202.3661,2488.6667,2792.2405,2994.7286,3128.0974,3127.7959,3223.3725,3590.3290,3285.9129
2018-04-29,29,1279.0000,1611.9299,1980.4153,2243.9566,2500.6893,2691.8267,2824.8472,2838.3237,2935.9344,3284.7290,2947.7328
2018-04-29,29,1300.0000,1604.1788,1946.3497,2187.1015,2443.3724,2643.8406,2785.7153,2807.7228,2887.3249,3251.0000,2935.9652
2018-05-04,29,1036.0000,1325.3531,1541.4936,1685.3866,1921.5689,2164.5676,2339.2626,2371.9301,2427.3457,2229.4960,1788.6176
2018-05-04,29,1059.0000,1333.3841,1553.7679,1697.2019,1933.5232,2187.8872,2361.3896,2396.1920,2443.5719,2233.5394,1786.3480
2018-05-06,29,939.0000,1089.7548,1373.6538,1571.4378,1802.2625,2065.9552,2200.9641,2182.9904,2312.2045,2444.1634,1933.0795
2018-05-06,29,880.0000,1089.3305,1411.0982,1642.8929,1873.2094,2107.7358,2231.0321,2215.8866,2345.0098,2498.7909,1939.3544
2018-05-09,29,1541.0000,1834.3486,2187.9556,2454.4802,2731.3105,2962.1053,3124.5795,3177.4956,3230.4273,3316.4793,2955.6598
2018-05-09,29,1400.0000,1762.5136,2131.2260,2392.5870,2691.8072,2933.0000,3090.7242,3143.9936,3209.4013,3314.3026,2941.4985
2018-05-11,29,1063.0000,1249.0000,1498.0000,1530.0000,2095.0000,2683.0000,2996.0000,3207.0000,3131.0000,2476.0000,2025.0000
2018-05-11,29,-9999.0000,-9999.0000,-9999.0000,-9999.0000,-9999.0000,-9999.0000,-9999.0000,-9999.0000,-9999.0000,-9999.0000,-9999.0000
2018-05-16,29,-9999.0000,-9999.0000,-9999.0000,-9999.0000,-9999.0000,-9999.0000,-9999.0000,-9999.0000,-9999.0000,-9999.0000,-9999.0000
2018-05-16,29,-9999.0000,-9999.0000,-9999.0000,-9999.0000,-9999.0000,-9999.0000,-9999.0000,-9999.0000,-9999.0000,-9999.0000,-9999.0000
2018-05-19,29,1344.0000,1699.3376,2152.5199,2535.0972,2824.2466,3082.9010,3243.1603,3303.4127,3384.2689,3815.0961,3445.4929
2018-05-19,29,1343.0000,1715.7972,2104.1285,2455.3261,2723.2039,3028.0984,3172.8734,3225.0197,3335.8068,3751.2503,3399.1392
2018-05-21,29,1411.9813,1923.3204,2295.2871,2631.9830,2818.7029,3149.3575,3353.0000,3398.2352,3450.3379,3878.9401,3530.0000
2018-05-21,29,1433.0000,1939.5175,2312.4761,2616.3268,2835.1727,3139.9286,3305.9403,3388.0747,3415.7903,3864.2145,3512.3285
2018-05-24,29,-9999.0000,-9999.0000,-9999.0000,-9999.0000,-9999.0000,-9999.0000,-9999.0000,-9999.0000,-9999.0000,-9999.0000,-9999.0000
2018-05-24,29,-9999.0000,-9999.0000,-9999.0000,-9999.0000,-9999.0000,-9999.0000,-9999.0000,-9999.0000,-9999.0000,-9999.0000,-9999.0000
2018-05-26,29,1585.0000,2039.8231,2535.2281,2841.7435,3189.0371,3589.0000,3753.2825,3782.8182,3922.9887,4280.4050,3830.0064
2018-05-26,29,1451.0000,1874.8936,2392.3823,2694.8838,3066.0841,3484.0424,3655.2563,3656.4668,3814.8349,4199.1060,3770.6688
2018-05-31,29,1461.4882,1826.5949,2122.4296,2266.7903,2585.5799,2996.0000,3257.9212,3292.8521,3323.3266,3385.3206,3042.2287
2018-05-31,29,1500.0000,1843.4908,2137.4241,2282.0558,2587.1344,3013.0031,3262.4668,3293.0638,3378.0000,3370.5633,2999.5046
2018-06-03,29,1121.0000,1499.5297,1828.4446,1978.0706,2266.5947,2837.4649,3187.6332,3258.6913,3297.8059,3276.5043,2903.9520
2018-06-03,29,1187.0000,1513.4450,1843.1359,1986.1432,2301.0385,2864.9014,3215.0000,3292.2276,3341.0000,3283.2797,2902.9485
2018-06-05,29,1271.0000,1594.5391,2010.9242,2168.0571,2568.9896,3236.0159,3521.5274,3541.0612,3659.6053,3579.2230,3063.8122
2018-06-05,29,1305.0000,1571.6390,1953.2686,2102.1783,2501.8579,3165.5400,3450.3347,3463.1417,3573.3666,3522.9916,3018.7931
2018-06-10,29,809.0000,1067.2753,1403.1845,1450.1911,1843.9633,2804.9819,3204.6752,3153.6076,3286.0054,2945.0000,2306.7656
2018-06-10,29,657.0000,989.4219,1346.6014,1419.3146,1800.0000,2729.7933,3129.5632,3075.1499,3196.3055,2890.5679,2267.4544
2018-06-13,29,739.1836,1098.8119,1498.5386,1530.8830,2012.0236,3116.9424,3651.8666,3618.0340,3765.3295,3155.3151,2453.7283
2018-06-13,29,895.0000,1187.0085,1538.0218,1522.2340,1988.3325,3114.4244,3634.7673,3595.5334,3753.9268,3146.6525,2438.7605
2018-06-15,29,974.0000,1195.3998,1652.9796,1640.2425,2201.0751,3771.7910,4281.1323,4310.4229,4452.3406,3539.7534,2582.1021
2018-06-15,29,947.0000,1194.4992,1659.0196,1655.7440,2186.1473,3752.0225,4261.9601,4295.1534,4407.9105,3512.4980,2549.6364
2018-06-18,29,-9999.0000,-9999.0000,-9999.0000,-9999.0000,-9999.0000,-9999.0000,-9999.0000,-9999.0000,-9999.0000,-9999.0000,-9999.0000
2018-06-18,29,-9999.0000,-9999.0000,-9999.0000,-9999.0000,-9999.0000,-9999.0000,-9999.0000,-9999.0000,-9999.0000,-9999.0000,-9999.0000
2018-06-20,29,792.0000,1043.5217,1418.1162,1380.7479,1907.0000,3363.7398,4074.8872,4050.1089,4185.5468,3138.9300,2316.8457
2018-06-20,29,639.0000,964.2885,1363.5807,1339.6380,1833.0000,3218.5992,3899.5644,3882.2926,4019.5907,3050.0415,2250.3410
2018-06-23,29,139.0000,369.2201,701.9603,587.1305,1026.8457,2570.2073,3147.0571,3227.5233,3243.8773,1883.6903,1098.6054
2018-06-23,29,360.0620,485.8657,757.0459,610.8621,1044.6195,2538.9177,3116.9126,3178.0332,3229.7137,1875.3024,1106.4352
2018-06-30,29,408.5599,531.4451,778.8459,603.5445,1080.4903,3179.5773,4308.6062,4297.2036,4429.3956,2343.1326,1365.1140
2018-06-30,29,456.6719,596.1266,820.2057,626.8624,1083.8162,3067.0000,4132.3451,4121.7459,4259.8044,2327.3632,1335.1514
2018-07-03,29,1090.9834,1185.6086,1372.8080,1210.0813,1588.0746,2745.5170,3519.0000,3440.4537,3629.7589,2155.2551,1453.6267
2018-07-03,29,1168.0000,1240.7032,1409.4139,1228.8587,1603.3961,2760.0000,3481.0000,3409.4439,3585.0895,2107.3348,1404.9337
2018-07-05,29,516.2354,515.3604,763.3048,587.8551,1021.4360,3242.7464,4388.6480,4357.5687,4586.4168,2258.8489,1227.2604
2018-07-05,29,385.0000,443.5229,739.2330,587.4945,1012.3213,3219.8078,4356.5814,4325.8345,4571.3201,2232.0649,1210.3443
2018-07-08,29,204.5201,241.2056,393.7477,293.3428,540.8695,1897.2453,2652.9956,2601.9346,2769.3188,1105.9686,634.5022
2018-07-10,29,-9999.0000,-9999.0000,-9999.0000,-9999.0000,-9999.0000,-9999.0000,-9999.0000,-9999.0000,-9999.0000,-9999.0000,-9999.0000
2018-07-13,29,11.0000,193.2201,419.5290,299.0313,650.7026,2534.2953,3813.6727,3804.4431,3962.5527,1625.9823,827.4360
2018-07-13,29,277.0000,357.2479,507.2875,346.9896,691.6534,2473.1311,3674.1072,3690.8371,3842.4222,1610.2810,825.1784
2018-07-15,29,520.5298,437.6844,635.7946,450.8526,835.0572,2843.5740,3956.1085,3942.4884,4198.2033,1876.6716,955.7003
2018-07-15,29,447.0000,449.7021,635.4594,459.1562,826.8369,2844.9395,3947.4232,3927.5727,4179.9324,1866.2472,949.4483
2018-07-18,29,342.0000,369.3490,538.8024,395.8878,745.6040,2563.3158,3723.8762,3783.1377,3931.1685,1747.5732,899.5951
2018-07-18,29,391.0000,401.3073,556.2291,411.2693,756.2071,2555.9106,3690.8391,3765.4908,3909.1240,1738.3671,902.2221
2018-07-20,29,472.0000,537.0937,683.5812,515.6240,892.0188,2612.4325,3826.8989,3850.6374,4052.7522,1959.6751,1031.7721
2018-07-20,29,285.0000,469.2788,667.7277,524.1431,891.1530,2588.2569,3787.3226,3811.1318,4003.3485,1960.4928,1032.8780
2018-07-23,29,-9999.0000,-9999.0000,-9999.0000,-9999.0000,-9999.0000,-9999.0000,-9999.0000,-9999.0000,-9999.0000,-9999.0000,-9999.0000
2018-07-23,29,-9999.0000,-9999.0000,-9999.0000,-9999.0000,-9999.0000,-9999.0000,-9999.0000,-9999.0000,-9999.0000,-9999.0000,-9999.0000
2018-07-25,29,418.0000,448.7750,634.4226,491.8259,866.4727,2626.5903,3587.6245,3654.3888,3852.2094,1988.9477,1049.7357
2018-07-25,29,341.0000,425.3091,645.5741,515.6398,876.0495,2561.4239,3482.9026,3548.0724,3740.2209,1954.7970,1044.5236
2018-07-28,29,377.0000,437.4598,612.9732,483.2298,851.3704,2377.8571,3308.1903,3339.8791,3579.8638,1866.8239,1003.8377
2018-07-28,29,380.0000,461.6769,649.5406,515.7983,866.3606,2341.7397,3244.5730,3259.3869,3498.9934,1843.1887,996.8428
2018-07-30,29,324.5054,433.1249,620.1179,483.4604,882.9952,2427.3818,3500.2824,3521.8159,3755.6672,2092.4941,1148.7330
2018-07-30,29,258.0000,425.6393,634.9248,523.8858,904.7513,2364.0047,3371.7889,3395.3553,3620.1667,2042.8612,1131.7098
2018-08-02,29,171.0000,433.6934,685.8252,603.2473,973.2193,2345.8845,3317.5399,3307.5675,3611.5069,1985.7826,1121.7858
2018-08-02,29,317.0000,537.8063,753.1771,643.8536,1006.0000,2337.8279,3291.1579,3259.5707,3555.4753,1972.3361,1125.6027
2018-08-04,29,402.0000,445.0486,675.5962,547.4928,954.8420,2553.9650,3411.1115,3450.8090,3690.5703,2124.4944,1131.2215
2018-08-04,29,255.0000,381.3650,649.5982,547.8273,948.0518,2523.8275,3372.7274,3418.4534,3652.3880,2099.0000,1121.7080
2018-08-07,29,264.3817,377.5434,629.8916,555.0412,947.7397,2373.7437,3243.7496,3275.1457,3538.5296,2019.6452,1089.6770
2018-08-07,29,293.0000,397.1577,645.6612,563.3037,964.2861,2363.0429,3224.8291,3251.0448,3524.5648,2011.1592,1092.2656
2018-08-09,29,493.0000,605.0661,770.1360,650.7184,1081.5251,2405.6145,3322.6459,3339.5252,3612.6739,2234.8842,1284.5314
2018-08-09,29,396.0000,573.2814,773.7945,666.9612,1061.0000,2356.3005,3227.7123,3241.9752,3499.4873,2203.3617,1249.8561
2018-08-12,29,155.0000,389.5278,649.3020,595.2588,993.7755,2250.9370,3083.8320,3139.7193,3371.6916,2082.9183,1236.8821
2018-08-12,29,296.0000,469.8267,693.7321,610.6735,1000.1937,2228.6296,3034.1719,3098.7375,3332.2890,2084.1673,1226.8317
2018-08-14,29,305.0000,393.1070,682.5213,576.9520,1066.8203,2658.8960,3430.8522,3447.6322,3771.4915,2212.3811,1174.4525
2018-08-14,29,353.0000,433.8628,701.6507,585.5365,1066.4675,2644.7764,3396.3185,3399.9064,3723.0429,2195.9403,1171.9870
2018-08-17,29,310.0000,381.7571,602.0095,507.4233,902.5030,2155.1323,2805.5482,2871.3922,3032.2152,1842.6198,1014.6463
2018-08-17,29,357.0000,377.5039,613.5901,523.8534,913.4479,2148.4317,2796.3747,2852.4645,3020.7697,1843.1885,1011.1898
2018-08-19,29,116.0000,425.1333,715.8544,651.3152,1081.9876,2370.8340,3162.3750,3206.6399,3398.4664,2227.5733,1315.7976
2018-08-19,29,320.0000,533.2900,772.4331,682.8122,1080.9820,2306.7339,3046.0000,3095.5481,3272.5980,2170.7199,1291.6933
2018-08-22,29,273.0000,501.6741,757.0944,723.8428,1128.9991,2284.8810,2972.0984,3051.8839,3235.4978,2126.6482,1314.3565
2018-08-22,29,345.0000,557.4157,792.5617,731.4696,1133.6722,2266.0970,2964.0060,3027.7216,3221.7180,2117.7196,1316.4414
2018-08-24,29,1432.0000,1384.0000,1490.0000,1168.0000,1606.0000,2740.0000,3145.0000,3176.0000,3351.0000,2496.0000,1549.0000
2018-08-24,29,-9999.0000,-9999.0000,-9999.0000,-9999.0000,-9999.0000,-9999.0000,-9999.0000,-9999.0000,-9999.0000,-9999.0000,-9999.0000
2018-08-27,29,363.0000,376.4283,545.5428,449.5391,813.9868,1945.8818,2458.5035,2582.9399,2678.6662,1706.1503,941.9157
2018-08-27,29,390.0000,400.5719,558.3836,453.2271,821.5080,1939.5168,2440.5060,2584.3276,2678.4756,1700.6888,941.4913
2018-08-29,29,633.0000,773.1357,921.7307,805.5306,1165.7631,2108.5565,2571.6646,2709.7165,2747.8207,1901.9958,1198.6780
2018-08-29,29,477.0000,705.5105,901.6278,813.2329,1153.5053,2081.9540,2553.4823,2666.3810,2722.6277,1880.9644,1176.0000
2018-09-01,29,543.0000,633.9191,792.9743,681.7670,1066.0218,2197.9219,2763.3414,2760.3316,2985.3250,1881.3279,1105.4714
2018-09-01,29,577.0000,689.3836,829.1010,701.3916,1078.3101,2204.2443,2745.6180,2743.5082,2952.4915,1869.4345,1109.7765
2018-09-03,29,549.0000,553.6452,745.9531,625.0000,1019.0000,2296.0000,2787.4985,2789.4890,3001.6471,1865.0000,1027.3510
2018-09-03,29,-9999.0000,-9999.0000,-9999.0000,-9999.0000,-9999.0000,-9999.0000,-9999.0000,-9999.0000,-9999.0000,-9999.0000,-9999.0000
2018-09-06,29,165.0000,341.6569,637.5370,595.5820,980.0000,2054.9187,2452.3713,2451.4262,2681.5301,1933.2765,1173.7416
2018-09-06,29,601.0000,621.0704,793.2131,665.7467,1032.4478,2037.1500,2422.8937,2421.6536,2630.3362,1897.8024,1160.5440
2018-09-08,29,65.0000,337.2587,589.7656,563.2712,941.1931,1945.0868,2361.8415,2471.1380,2598.8111,1996.9224,1250.6420
2018-09-08,29,165.0000,393.6089,621.8077,579.2244,935.0000,1923.0478,2375.7309,2426.2187,2534.9214,1977.7926,1249.3491
2018-09-16,29,124.0000,309.5397,557.9145,563.6993,892.0000,1618.5852,1895.6321,1926.9723,2104.9009,1898.0629,1241.9907
2018-09-16,29,543.0000,517.2701,645.0770,577.5127,909.7708,1623.6099,1876.3516,1940.8915,2088.0330,1885.7923,1221.0395
2018-09-18,29,591.0000,1066.3607,1426.5564,1850.7500,2404.1906,2811.3906,3180.9731,3276.1197,3571.8248,4086.1814,2979.7110
2018-09-18,29,702.5696,1088.9313,1417.6388,1794.7346,2332.5721,2738.0831,3092.7229,3170.9696,3457.0000,4006.9757,2918.9594
2018-09-21,29,726.1489,993.9723,1249.1797,1626.7691,1997.1667,2301.0202,2572.0291,2698.9857,2922.9497,3698.2496,2855.4612
2018-09-21,29,654.3751,957.5975,1236.6258,1611.1337,1979.6590,2282.2544,2544.5989,2682.4546,2890.9188,3672.3183,2839.6323
2018-09-23,29,-9999.0000,-9999.0000,-9999.0000,-9999.0000,-9999.0000,-9999.0000,-9999.0000,-9999.0000,-9999.0000,-9999.0000,-9999.0000
2018-09-23,29,-9999.0000,-9999.0000,-9999.0000,-9999.0000,-9999.0000,-9999.0000,-9999.0000,-9999.0000,-9999.0000,-9999.0000,-9999.0000
2018-09-26,29,816.1005,1032.8704,1307.9952,1690.6384,1987.8110,2234.3594,2427.5301,2715.6798,2740.4847,3562.0816,2739.3876
2018-09-26,29,853.0000,1057.2502,1316.9980,1691.0135,1980.7437,2235.4963,2427.9460,2707.8693,2740.1665,3564.7636,2731.8020
2018-09-28,29,621.0000,1028.4736,1354.7466,1835.4382,2171.4443,2369.8817,2602.6889,2820.5728,2931.8597,3975.6682,3160.7089
2018-09-28,29,787.0000,1097.5703,1379.3246,1818.3823,2156.0833,2349.8880,2579.7098,2793.6095,2899.2723,3925.1443,3127.7773
2018-10-03,29,615.0000,953.5452,1331.2166,1810.7938,2107.7813,2321.2434,2491.0014,2667.8482,2794.6305,3684.2270,2901.6739
2018-10-03,29,888.0000,1097.2350,1379.1932,1810.3258,2116.3816,2324.3739,2499.5145,2666.3295,2796.9902,3672.0144,2903.5351
2018-10-08,29,1183.0000,1449.4829,1716.0000,1876.2194,2208.5475,2530.0000,2815.0000,2880.0000,3020.0000,3228.7367,2850.3493
2018-10-08,29,1360.0000,1552.0000,1764.0000,1870.0000,2170.7003,2471.0000,2728.7654,2801.4752,2933.3363,3190.0000,2818.0000
2018-10-11,29,604.9003,873.7895,1072.9696,1370.2524,1609.5420,1765.2964,1931.5482,2011.6568,2115.3271,3131.7839,2808.6049
2018-10-11,29,582.2399,861.1327,1069.4725,1386.0558,1621.7572,1777.0217,1938.9603,2026.5233,2138.5218,3173.0451,2820.2527
2018-10-11,29,660.0000,913.6839,1100.8273,1387.4921,1625.2145,1781.6463,1939.6626,2019.3875,2130.7985,3139.4796,2822.5498
2018-10-11,29,706.0000,945.4388,1117.0974,1395.0979,1624.9966,1785.5221,1947.6327,2027.5901,2137.9852,3139.5577,2807.1553
2018-10-13,29,753.0000,921.6430,1152.6857,1450.8392,1708.0000,1921.5251,2043.6995,2163.2465,2276.1424,3339.0012,2859.6730
2018-10-13,29,690.0000,881.8474,1136.7489,1459.1210,1731.7009,1939.1626,2059.6547,2187.5950,2291.6865,3362.8481,2870.0649
2018-10-18,29,675.0000,957.6906,1129.4853,1387.5328,1662.1708,1836.7882,2005.0127,2059.4148,2196.8504,3194.7716,2817.5910
2018-10-18,29,748.5340,993.8862,1140.1089,1372.9631,1637.6484,1818.1698,1978.9378,2035.1825,2171.2668,3140.4151,2792.1684
2018-10-21,29,1106.0000,1170.0000,1278.0000,1370.2304,1619.0000,1867.0000,2022.0000,2101.1981,2173.2546,3085.6561,2644.1162
2018-10-21,29,1268.0144,1298.0495,1402.1385,1459.3333,1692.0979,1934.0000,2099.0000,2154.9911,2243.6395,3021.0000,2666.4105
2018-10-23,29,654.0000,883.3078,1163.9081,1458.7951,1731.3431,1971.2868,2116.5183,2292.5667,2345.0629,3322.1150,2811.6301
2018-10-23,29,828.0000,985.6017,1201.2008,1433.8742,1681.3068,1923.9547,2052.0289,2219.2505,2267.3065,3220.2701,2764.1645
2018-10-31,29,452.0000,733.8203,917.6322,1148.9437,1394.0056,1589.7660,1733.4577,1852.0646,1921.7849,2628.9291,2234.0455
2018-10-31,29,514.4618,769.5320,941.2060,1157.0541,1401.7115,1590.1703,1739.6754,1842.4990,1933.0718,2617.3952,2227.3732
2018-11-05,29,-9999.0000,-9999.0000,-9999.0000,-9999.0000,-9999.0000,-9999.0000,-9999.0000,-9999.0000,-9999.0000,-9999.0000,-9999.0000
2018-11-05,29,-9999.0000,-9999.0000,-9999.0000,-9999.0000,-9999.0000,-9999.0000,-9999.0000,-9999.0000,-9999.0000,-9999.0000,-9999.0000
2018-11-12,29,952.0000,1037.0924,1193.2137,1324.8266,1660.2172,1908.3397,2020.1617,2066.1853,2236.0189,3046.0000,2443.5478
2018-11-12,29,1028.6513,1065.0666,1204.1929,1324.7098,1656.9747,1884.4521,2001.9729,2043.4080,2210.0000,3011.9976,2435.3227
2018-11-15,29,594.4918,788.5085,1001.6135,1156.8428,1413.3641,1668.4538,1782.2914,1916.0577,1960.5009,2747.0954,2258.1986
2018-11-15,29,639.0000,821.4380,1021.6877,1157.4748,1417.3243,1669.6132,1785.9153,1915.5247,1965.7727,2753.9791,2259.3021
2018-11-17,29,380.0000,721.6802,921.7343,1162.6760,1485.2906,1773.7001,1930.3994,2130.7402,2116.2335,3092.7798,2644.3077
2018-11-17,29,656.0000,905.5023,1037.2613,1200.8689,1469.8189,1730.7174,1866.7205,2058.8188,2035.8131,2963.7973,2578.5407
2018-12-05,29,-9999.0000,-9999.0000,-9999.0000,-9999.0000,-9999.0000,-9999.0000,-9999.0000,-9999.0000,-9999.0000,-9999.0000,-9999.0000
2018-12-07,29,734.0000,1016.6572,1150.0000,1266.0000,1549.8989,1772.6658,1928.4832,2025.7168,2106.0000,2356.9689,1722.6887
2018-12-12,29,282.0000,497.4573,745.4429,1009.3108,1269.0892,1548.4392,1683.3210,1947.5049,1924.8011,2500.9009,1855.0000
2018-12-12,29,446.0000,613.2838,809.3890,1029.2886,1277.3015,1539.2202,1676.9725,1906.4765,1875.0035,2424.8729,1824.0000
2018-12-15,29,476.0000,669.4120,833.4436,1045.1484,1285.2320,1508.6991,1611.4781,1811.5507,1811.8027,2485.4940,1940.5331
2018-12-15,29,422.0000,621.3615,793.4587,1024.8763,1277.2927,1506.5693,1619.2214,1827.5129,1827.8427,2500.1942,1939.8702
2018-12-27,29,1164.0000,1401.3404,1479.4813,1605.5707,1947.6476,2164.0177,2298.6597,2581.5730,2522.0000,3128.4392,2475.1727
2018-12-30,29,367.0000,588.4005,681.5992,853.7950,1078.0454,1265.3827,1387.1619,1546.9474,1577.8587,1741.7144,1262.8129
2018-12-30,29,404.0000,608.5592,689.2658,853.3928,1085.2567,1274.2490,1393.9726,1547.1409,1580.1383,1745.2452,1265.5494
2019-01-01,29,-9999.0000,-9999.0000,-9999.0000,-9999.0000,-9999.0000,-9999.0000,-9999.0000,-9999.0000,-9999.0000,-9999.0000,-9999.0000
2019-01-04,29,-9999.0000,-9999.0000,-9999.0000,-9999.0000,-9999.0000,-9999.0000,-9999.0000,-9999.0000,-9999.0000,-9999.0000,-9999.0000
2019-01-04,29,-9999.0000,-9999.0000,-9999.0000,-9999.0000,-9999.0000,-9999.0000,-9999.0000,-9999.0000,-9999.0000,-9999.0000,-9999.0000
2019-01-06,29,468.0000,769.8582,913.4977,1120.9881,1365.4735,1529.6326,1658.7137,1859.2588,1850.6938,2586.1730,2100.1588
2019-01-06,29,589.0000,830.2978,949.6626,1129.5929,1356.9132,1521.2181,1642.9331,1835.7063,1827.7630,2539.7601,2059.4098
2019-01-11,29,486.0000,672.6894,861.5384,1180.6038,1469.3062,1693.1086,1811.5899,2019.6877,2036.6051,2916.2384,2346.8127
2019-01-11,29,650.0000,780.5489,930.1995,1197.4483,1470.0628,1665.3861,1789.5494,1995.0685,2001.1924,2852.1152,2330.7419
2019-01-14,29,595.0000,764.2154,916.4329,1128.8768,1365.8634,1532.5474,1634.2067,1812.0446,1816.9997,2618.0505,2133.0620
2019-01-14,29,559.0000,726.7869,882.5975,1113.1679,1357.8448,1525.7750,1645.1080,1810.2983,1837.2578,2633.8095,2138.8148
2019-01-16,29,558.0000,877.9557,1041.2365,1268.3464,1521.6440,1689.7142,1825.8405,2035.5318,2012.7130,2914.8923,2463.0000
2019-01-16,29,504.3336,829.2519,1005.2268,1261.3250,1521.3557,1699.8737,1844.0257,2051.2952,2043.9107,2948.4060,2484.9909
2019-01-21,29,-9999.0000,-9999.0000,-9999.0000,-9999.0000,-9999.0000,-9999.0000,-9999.0000,-9999.0000,-9999.0000,-9999.0000,-9999.0000
2019-01-24,29,615.0000,714.2033,828.2703,1009.4742,1129.4677,1187.2077,1235.1710,1331.2889,1308.5878,1533.0000,1222.7092
2019-01-24,29,659.0000,740.5765,842.9265,1009.3596,1134.3806,1194.4280,1245.2463,1331.4742,1307.4201,1525.5843,1221.9955
2019-01-29,29,678.0000,878.5000,1008.0000,1170.0000,1325.0000,1392.0000,1476.5475,1555.8539,1586.5159,1515.0000,1314.0000
2019-01-29,29,609.0000,797.8855,941.0823,1089.4612,1213.7449,1267.7609,1370.9753,1459.5730,1453.3272,1386.5038,1236.0000
2019-01-31,29,618.0000,760.6985,953.8032,1222.0000,1365.2601,1435.6501,1507.6628,1620.0520,1604.8310,2091.2063,1826.6404
2019-01-31,29,604.0000,744.5059,941.0442,1216.6188,1356.7981,1426.8130,1499.6692,1619.5067,1594.7367,2089.8705,1818.8661
2019-02-03,29,-9999.0000,-9999.0000,-9999.0000,-9999.0000,-9999.0000,-9999.0000,-9999.0000,-9999.0000,-9999.0000,-9999.0000,-9999.0000
2019-02-05,29,247.0000,573.4552,749.4674,1041.3826,1200.7567,1277.6526,1357.4223,1475.2727,1436.2591,1779.9502,1421.9676
2019-02-05,29,382.0000,653.3538,805.5740,1057.5418,1218.5044,1275.9049,1355.1908,1475.2919,1429.0778,1769.9414,1433.4262
2019-02-08,29,404.0000,701.1950,841.7424,1085.7066,1226.4003,1289.6552,1352.5032,1458.3177,1435.7629,1802.4055,1613.6246
2019-02-08,29,550.0000,784.7442,893.5373,1097.2190,1232.9998,1298.1590,1365.7603,1458.9925,1436.2188,1768.9754,1600.7073
2019-02-13,29,206.0000,460.6858,689.4595,937.7291,1065.5775,1134.2707,1195.9247,1275.1624,1293.5120,1715.6313,1386.5173
2019-02-13,29,402.0000,580.2354,764.1682,965.6695,1093.9232,1156.9952,1219.6589,1290.5802,1306.7350,1708.3879,1382.6155
2019-02-15,29,532.0000,909.5411,1125.4506,1378.0661,1545.4590,1623.0000,1700.5826,1858.8609,1787.5186,2269.4985,1972.8052
2019-02-15,29,633.0000,957.7683,1148.8293,1376.7268,1528.3993,1619.6972,1690.8817,1842.7135,1780.8052,2241.4533,1955.0258
2019-02-18,29,-9999.0000,-9999.0000,-9999.0000,-9999.0000,-9999.0000,-9999.0000,-9999.0000,-9999.0000,-9999.0000,-9999.0000,-9999.0000
2019-02-18,29,-9999.0000,-9999.0000,-9999.0000,-9999.0000,-9999.0000,-9999.0000,-9999.0000,-9999.0000,-9999.0000,-9999.0000,-9999.0000
2019-02-23,29,508.0000,729.6283,937.3426,1129.6112,1233.3516,1289.2929,1337.6330,1441.3246,1400.7656,1705.5361,1549.1441
2019-02-23,29,518.0000,729.7089,941.7434,1129.4772,1225.9513,1289.5830,1341.7659,1449.2186,1413.6480,1701.5173,1533.7955
2019-02-25,29,845.0000,1180.3136,1410.6273,1666.7236,1835.9345,1899.5657,2003.8026,2106.5205,2099.7603,2699.3333,2571.2264
2019-02-25,29,860.0000,1202.1842,1420.1993,1651.5142,1812.1170,1902.2485,1992.5950,2083.5789,2083.7234,2666.7664,2570.6153
2019-02-28,29,689.0385,1050.9754,1323.2414,1562.1544,1699.9451,1764.5937,1835.9685,1970.6470,1914.9649,2419.0351,2348.3659
2019-02-28,29,680.0000,1059.0901,1338.7043,1571.4817,1716.2900,1778.2389,1851.8133,1987.2240,1931.0690,2426.4885,2347.2164
2019-03-02,29,1128.0000,1328.4938,1565.4425,1794.3231,2001.8108,2091.3560,2155.3994,2274.4869,2250.8460,2721.7815,2482.1967
2019-03-02,29,1209.0000,1364.9350,1565.3911,1744.0000,1958.4863,2040.9907,2109.2203,2210.8908,2193.4413,2675.0000,2443.7883
2019-03-05,29,-9999.0000,-9999.0000,-9999.0000,-9999.0000,-9999.0000,-9999.0000,-9999.0000,-9999.0000,-9999.0000,-9999.0000,-9999.0000
2019-03-05,29,-9999.0000,-9999.0000,-9999.0000,-9999.0000,-9999.0000,-9999.0000,-9999.0000,-9999.0000,-9999.0000,-9999.0000,-9999.0000
2019-03-12,29,992.0000,1346.7046,1666.9632,1979.1267,2141.5248,2243.4336,2324.4787,2532.3536,2404.1762,2955.0351,2699.9102
2019-03-12,29,1011.0000,1354.7755,1683.7010,1996.2939,2154.5648,2251.5985,2331.0164,2538.9128,2427.8756,2956.2543,2683.5012
2019-03-15,29,912.0000,1197.3145,1482.7895,1730.6285,1914.6806,2019.7356,2083.7247,2195.7536,2179.1174,2707.2256,2442.5047
2019-03-15,29,937.0000,1210.8895,1499.7469,1755.1886,1946.1550,2036.6141,2107.8286,2218.7980,2188.3520,2724.1872,2435.2558
2019-03-20,29,803.0000,1131.4393,1411.9729,1691.0330,1852.1741,1955.1972,2051.4847,2220.1582,2147.8808,2609.9707,2492.5266
2019-03-20,29,835.0000,1157.0293,1418.8542,1691.6452,1852.5284,1956.7434,2057.9329,2219.0634,2148.4944,2602.4533,2475.3274
2019-03-22,29,1097.0000,1460.4146,1850.2296,2194.6327,2357.1912,2467.6399,2563.0074,2763.5049,2667.0068,3251.3513,2955.4780
2019-03-22,29,1119.0000,1467.7541,1842.2606,2154.6463,2330.9898,2444.1239,2522.8172,2731.0845,2636.0473,3212.6483,2930.6970
2019-03-25,29,1149.0000,1368.5060,1605.3689,1810.5198,2020.0000,2131.4736,2235.5967,2324.2377,2323.0931,2835.6061,2588.3208
2019-03-25,29,1161.0000,1401.1428,1644.4837,1866.9253,2083.4858,2186.7995,2283.1042,2379.9938,2390.0724,2867.8907,2604.5742
2019-03-27,29,-9999.0000,-9999.0000,-9999.0000,-9999.0000,-9999.0000,-9999.0000,-9999.0000,-9999.0000,-9999.0000,-9999.0000,-9999.0000
2019-03-27,29,-9999.0000,-9999.0000,-9999.0000,-9999.0000,-9999.0000,-9999.0000,-9999.0000,-9999.0000,-9999.0000,-9999.0000,-9999.0000
2019-03-30,29,1033.0000,1338.0461,1570.7830,1811.2963,1987.7284,2130.2008,2235.0536,2372.0492,2315.0499,2570.3326,2451.0218
2019-03-30,29,1109.0000,1355.3057,1578.9084,1803.0836,1957.0000,2116.6278,2220.4419,2363.5663,2306.1139,2557.1924,2422.3004
2019-04-01,29,1353.0000,1699.8155,2090.0809,2454.8745,2668.7359,2835.2256,2938.2833,3090.4737,3059.4756,3718.0254,3433.5150
2019-04-01,29,1343.0000,1690.8270,2050.0006,2408.2433,2636.7286,2789.7889,2882.5792,3043.3643,3002.8069,3673.4699,3401.2601
2019-04-06,29,593.0000,720.9924,844.1403,947.5325,1098.9363,1253.7005,1351.2037,1366.2579,1383.0336,1384.1675,1034.3927
2019-04-06,29,582.0000,725.3028,851.9213,954.6136,1099.8172,1258.9390,1350.7650,1365.6659,1383.2551,1366.8740,1017.7085
2019-04-16,29,1196.0000,1683.6635,2067.7318,2357.2905,2674.0000,2882.2094,3052.0795,3251.3718,3172.6321,3732.8175,3465.9499
2019-04-16,29,1219.0000,1642.9072,1994.5866,2262.8206,2595.2349,2805.0364,2962.9483,3147.0023,3074.4732,3657.5782,3429.0217
2019-04-19,29,1156.0000,1652.3549,2028.1395,2295.4079,2578.5071,2808.0000,2947.1221,3130.6919,3041.9593,3499.6400,3319.2553
2019-04-19,29,1234.0000,1634.3773,1994.9191,2246.5182,2540.9952,2764.4706,2898.7896,3089.8460,3013.6242,3460.2099,3304.3490
2019-04-21,29,2068.0000,2322.3514,2652.3124,2796.1376,3146.5480,3459.9570,3588.2819,3795.9927,3669.0281,3563.9076,3099.7639
2019-04-21,29,1960.0000,2202.4235,2507.1323,2634.1441,2972.5209,3294.1983,3426.6375,3641.0183,3524.1371,3475.4629,3028.4632
2019-04-24,29,-9999.0000,-9999.0000,-9999.0000,-9999.0000,-9999.0000,-9999.0000,-9999.0000,-9999.0000,-9999.0000,-9999.0000,-9999.0000
2019-05-01,29,758.0000,941.5470,1232.5418,1378.5578,1689.3545,1993.3353,2117.5175,2194.9211,2195.5356,2325.0425,1833.7591
2019-05-01,29,776.0000,949.7108,1224.7157,1354.9814,1669.9989,1971.0173,2075.4729,2170.7474,2186.9527,2294.0000,1813.2473
2019-05-06,29,1092.0000,1377.0848,1636.9001,1787.3294,2159.0000,2677.4420,2916.1701,3092.6004,3019.1383,2650.1538,1937.4177
2019-05-06,29,1144.0000,1400.6702,1648.6677,1795.2183,2161.8839,2658.5290,2900.5089,3077.6593,3002.9878,2637.6086,1937.7019
2019-05-09,29,-9999.0000,-9999.0000,-9999.0000,-9999.0000,-9999.0000,-9999.0000,-9999.0000,-9999.0000,-9999.0000,-9999.0000,-9999.0000
2019-05-16,29,-9999.0000,-9999.0000,-9999.0000,-9999.0000,-9999.0000,-9999.0000,-9999.0000,-9999.0000,-9999.0000,-9999.0000,-9999.0000
2019-05-16,29,-9999.0000,-9999.0000,-9999.0000,-9999.0000,-9999.0000,-9999.0000,-9999.0000,-9999.0000,-9999.0000,-9999.0000,-9999.0000
2019-05-24,29,1043.9843,1505.7669,1975.7663,2149.1779,2629.8603,3105.0000,3259.3454,3270.9402,3393.5045,3365.0000,2823.5089
2019-05-24,29,1043.0000,1442.1475,1836.0542,1990.5065,2437.9921,2936.9186,3100.6496,3131.5307,3244.2061,3269.7174,2775.5927
2019-05-26,29,1465.9939,1976.4011,2377.0540,2486.4225,2983.6268,3515.9953,3754.9882,3859.8152,3853.3123,3625.3403,3209.6654
2019-05-31,29,653.4946,851.2103,1233.6054,1274.7727,1797.2042,2454.4306,2597.9053,2629.4032,2713.7832,2227.0000,1490.7733
2019-05-31,29,678.0000,869.2419,1211.3946,1226.6786,1707.6499,2390.6532,2534.1905,2566.8433,2615.1016,2180.3870,1478.0000
2019-06-03,29,1132.0000,1594.8814,2088.3418,2215.4219,2820.9633,3461.1852,3691.3737,3672.6942,3845.3226,3671.2404,3041.0000
2019-06-03,29,1124.0000,1531.6064,1988.1790,2087.5861,2681.8063,3303.0206,3526.3610,3548.1159,3704.4925,3544.8206,2969.2828
2019-06-05,29,-9999.0000,-9999.0000,-9999.0000,-9999.0000,-9999.0000,-9999.0000,-9999.0000,-9999.0000,-9999.0000,-9999.0000,-9999.0000
2019-06-05,29,-9999.0000,-9999.0000,-9999.0000,-9999.0000,-9999.0000,-9999.0000,-9999.0000,-9999.0000,-9999.0000,-9999.0000,-9999.0000
2019-06-13,29,1229.4999,1618.0556,2011.0465,2380.6533,2650.3176,2804.4230,2971.3279,3015.8201,3131.7742,3722.0117,3447.7285
2019-06-13,29,1235.0000,1619.7352,2011.0336,2371.6452,2644.3146,2803.2530,2971.9800,3018.7333,3114.4548,3705.2084,3430.5913
2019-06-15,29,-9999.0000,-9999.0000,-9999.0000,-9999.0000,-9999.0000,-9999.0000,-9999.0000,-9999.0000,-9999.0000,-9999.0000,-9999.0000
2019-06-15,29,-9999.0000,-9999.0000,-9999.0000,-9999.0000,-9999.0000,-9999.0000,-9999.0000,-9999.0000,-9999.0000,-9999.0000,-9999.0000
2019-06-18,29,1228.0000,1722.7598,2122.1675,2487.1829,2715.3661,2837.2772,3019.8244,3002.4579,3134.2458,3780.5250,3674.0711
2019-06-18,29,1184.0000,1642.6492,2010.7425,2359.9281,2593.0000,2740.2724,2931.7859,2922.1028,3050.8540,3708.0470,3622.7894
2019-06-20,29,1396.0000,1756.1075,2179.2222,2535.5313,2860.4988,3090.9907,3235.8480,3209.8758,3412.1312,4059.4938,3718.5750
2019-06-20,29,1413.0000,1738.3326,2148.7970,2503.2050,2817.7358,3066.0336,3221.0000,3177.5030,3371.0077,4021.6257,3685.8715
2019-06-23,29,898.4799,1227.2484,1554.6339,1851.8250,2123.8944,2362.8150,2514.5621,2504.3987,2674.4239,3106.7443,2657.8383
2019-06-23,29,896.0000,1275.2800,1611.0210,1927.5022,2203.1869,2417.7039,2579.3848,2567.4618,2715.0927,3133.1193,2682.4331
2019-06-25,29,1309.0000,1747.3539,2147.9004,2501.3017,2874.2909,3108.1870,3354.3332,3340.1370,3498.6011,4232.5153,3992.7575
2019-06-25,29,1282.0000,1691.2725,2067.2199,2392.5328,2772.1590,3020.4815,3268.2829,3250.8609,3411.0278,4169.0052,3958.2096
2019-06-28,29,1188.6039,1692.1766,2098.5278,2406.7756,2715.4120,2948.6207,3172.0358,3164.5718,3297.8968,3814.5951,3592.8762
2019-06-28,29,1179.0000,1604.1648,1979.6906,2263.0689,2578.9177,2836.7789,3069.5114,3058.6728,3186.3747,3739.2235,3529.9609
2019-06-30,29,1456.0000,1921.7756,2377.6294,2697.6545,3060.6960,3418.7214,3565.6790,3655.1205,3707.4888,4102.9515,3640.5867
2019-06-30,29,1455.0000,1906.1579,2343.6778,2645.8972,3011.7554,3381.4792,3532.8527,3617.7768,3674.6459,4072.0114,3636.9853
2019-07-03,29,1232.0000,1783.0614,2232.8900,2501.9479,2855.8242,3283.0998,3476.3765,3419.7315,3617.2041,3795.2092,3259.1219
2019-07-03,29,1240.0000,1619.1903,2010.7943,2232.4341,2608.9942,3051.5736,3267.8326,3202.9165,3402.9934,3653.1349,3172.2872
2019-07-05,29,1269.5155,1779.4514,2202.8816,2440.5261,2869.8725,3320.9854,3595.4314,3595.1119,3701.0075,4006.2145,3606.3667
2019-07-05,29,1253.0000,1746.1031,2155.3957,2375.0105,2821.2651,3275.7800,3555.1083,3538.9143,3651.3244,3989.4554,3591.5584
2019-07-08,29,1386.0000,1778.6562,2099.0926,2228.3425,2608.6563,3112.3127,3371.8186,3338.0000,3475.6390,3316.3578,2891.5342
2019-07-10,29,1315.0000,1834.3811,2278.7579,2535.0631,2946.9701,3539.6521,3706.7177,3756.2371,3820.5584,3940.6664,3345.8725
2019-07-10,29,1323.0000,1737.5771,2170.4207,2408.3528,2813.3417,3411.3386,3580.7754,3642.3544,3715.9398,3862.5345,3317.3241
2019-07-13,29,1111.0000,1555.3600,1938.0335,2151.3587,2555.5738,3213.0131,3411.7294,3404.8610,3556.0623,3555.9528,2937.4635
2019-07-13,29,1208.0000,1498.6862,1810.8839,1987.5891,2384.0000,3027.5645,3237.3557,3242.0078,3394.4115,3450.0484,2885.5699
2019-07-20,29,1065.0000,1493.7529,1924.3456,2075.2736,2518.5069,3474.4581,3666.3420,3666.2901,3835.4320,3606.3026,2903.3184
2019-07-20,29,1114.0000,1474.8175,1882.7455,2022.2379,2452.0000,3404.3088,3619.7426,3586.4766,3762.2838,3591.4706,2885.5451
2019-07-23,29,858.0000,1242.9980,1643.6880,1765.8758,2152.6452,3124.7118,3393.7643,3330.8328,3532.3671,3146.0000,2483.7908
2019-07-23,29,902.0000,1243.7122,1608.6400,1704.2378,2090.2082,3044.6539,3306.9220,3250.2255,3449.6903,3126.9482,2488.0298
2019-07-25,29,962.0000,1332.2181,1658.0000,1720.1458,2163.0000,3195.0258,3617.8189,3530.1290,3748.0684,3416.3940,2720.4745
2019-07-25,29,986.2318,1330.5384,1690.8791,1736.1596,2163.5777,3227.1121,3644.2657,3553.7532,3763.1266,3460.0678,2768.0000
2019-07-30,29,852.0000,1094.5922,1508.3506,1511.1779,2000.0000,3581.6408,3930.4816,3829.5112,4105.4252,3294.0000,2409.8972
2019-07-30,29,858.0000,1108.2936,1458.3201,1447.6557,1927.9431,3357.1847,3673.7827,3590.3878,3844.3311,3224.8992,2372.9596
2019-08-04,29,742.0000,1050.6105,1400.5983,1366.4073,1897.5135,3498.7222,4025.3935,4040.2161,4151.0548,3156.6112,2329.5000
2019-08-04,29,762.0000,1066.0445,1346.0000,1319.1637,1790.8395,3251.4719,3784.1988,3782.1001,3876.6329,3075.4895,2276.1282
2019-08-09,29,466.0000,532.5406,827.3247,700.3578,1260.0000,3349.1491,3914.7921,3813.9379,4068.8303,2539.9568,1514.6028
2019-08-09,29,551.0000,580.3917,842.8910,715.3012,1221.0000,3172.9247,3701.1772,3685.4211,3848.4331,2502.6920,1509.0120
2019-08-12,29,-9999.0000,-9999.0000,-9999.0000,-9999.0000,-9999.0000,-9999.0000,-9999.0000,-9999.0000,-9999.0000,-9999.0000,-9999.0000
2019-08-14,29,462.0000,595.5974,851.8510,683.1723,1228.0532,3468.6896,4264.3115,4294.4254,4408.5781,2634.3670,1603.0636
2019-08-14,29,508.0000,635.4363,867.4213,708.6344,1219.4546,3368.4929,4148.9564,4229.5086,4309.1068,2613.9274,1584.1489
2019-08-17,29,336.0000,483.6050,739.9976,620.7110,1076.8026,3122.7842,3944.1466,3945.6835,4074.8730,2246.0000,1419.4365
2019-08-17,29,402.7462,524.0484,747.7947,627.7736,1090.3096,3059.5136,3845.5252,3876.0449,3989.7002,2230.1892,1411.0000
2019-08-19,29,563.0000,604.0826,898.9429,755.2164,1282.1444,3573.2873,4342.0554,4293.8109,4518.8013,2427.9541,1434.0000
2019-08-19,29,705.0000,715.1800,946.7657,795.9167,1281.9908,3368.8406,4104.9311,4053.7598,4273.9844,2363.8082,1435.0000
2019-08-24,29,1416.0000,1354.0000,1412.5551,1192.6667,1645.0000,3322.9032,4173.0000,4178.1031,4387.5420,2791.0000,1747.4956
2019-08-24,29,1405.0000,1338.0000,1428.0000,1193.6662,1692.9240,3531.3804,4474.5203,4455.0000,4666.2923,2838.4172,1724.6514
2019-08-27,29,464.0000,569.7473,739.7893,595.3509,1030.3035,2910.5228,3797.6658,3733.6466,3979.5436,2098.3804,1290.0179
2019-08-27,29,505.0000,593.8053,748.0321,595.7820,1036.0025,2891.8836,3782.4833,3733.1893,3956.6037,2107.3589,1290.0000
2019-08-29,29,674.0000,693.6577,891.4127,715.2678,1185.7710,3257.8710,4058.0673,3974.9689,4297.7856,2349.2957,1365.0798
2019-08-29,29,505.0000,547.6110,803.5845,651.5534,1157.6274,3501.4705,4378.6969,4295.8986,4613.2370,2412.2819,1370.0000
2019-09-01,29,501.0000,577.5919,786.7491,667.2666,1108.0009,3091.2614,3924.1919,3849.1527,4155.6657,2209.4252,1281.6195
2019-09-01,29,518.0000,593.5830,794.7419,666.8100,1125.3071,3099.9142,3928.2671,3882.3298,4183.7221,2203.8994,1276.7328
2019-09-03,29,280.0000,424.6210,659.2381,507.5367,1013.0304,3395.2743,4329.0992,4372.3871,4440.6015,2378.9270,1356.8660
2019-09-03,29,359.0000,480.8514,699.8724,537.3617,1035.0140,3284.2957,4165.9088,4258.9876,4359.2387,2355.5822,1348.5505
2019-09-11,29,360.3320,405.3042,632.9864,458.8906,1029.0944,3191.6394,3868.9721,3909.7917,4040.6204,2025.7917,1070.3548
2019-09-11,29,388.0000,425.0578,645.0529,457.2643,1024.0000,3178.0922,3878.9423,3948.4123,4023.9463,2028.9630,1066.8838
2019-09-13,29,274.0000,397.2584,675.5030,459.4724,1141.5424,3432.6751,4184.4507,4182.8792,4336.0000,2243.2334,1243.0329
2019-09-13,29,307.0000,429.6067,693.6621,475.3579,1129.4160,3367.9853,4113.0000,4148.5252,4232.9240,2243.9321,1259.5030
2019-09-16,29,356.4988,496.8479,785.6918,564.0272,1285.4129,3338.2902,4008.7976,3975.6215,4151.5607,2130.7322,1261.1129
2019-09-16,29,408.0000,525.6642,795.2884,571.5915,1289.0000,3331.9235,3942.3970,3974.0364,4118.4609,2141.0903,1244.8321
2019-09-18,29,-9999.0000,-9999.0000,-9999.0000,-9999.0000,-9999.0000,-9999.0000,-9999.0000,-9999.0000,-9999.0000,-9999.0000,-9999.0000
2019-09-18,29,-9999.0000,-9999.0000,-9999.0000,-9999.0000,-9999.0000,-9999.0000,-9999.0000,-9999.0000,-9999.0000,-9999.0000,-9999.0000
2019-09-21,29,301.0000,427.9492,851.4809,626.4959,1636.3926,3623.1760,4068.9567,4295.2041,4292.0672,2206.0000,1274.9058
2019-09-21,29,368.0000,483.0171,868.1147,635.1918,1635.1250,3575.1935,4010.4240,4232.0095,4234.5365,2196.3680,1283.9077
2019-09-28,29,1297.0000,1218.0000,1498.0000,1324.1685,2218.4746,3394.7809,3701.7921,3733.6504,4026.0958,2428.6911,1372.2437
2019-09-28,29,1250.0000,1188.0000,1478.0000,1305.5279,2159.0000,3313.6426,3659.5205,3704.2304,4007.7229,2401.7107,1331.8108
2019-10-01,29,-9999.0000,-9999.0000,-9999.0000,-9999.0000,-9999.0000,-9999.0000,-9999.0000,-9999.0000,-9999.0000,-9999.0000,-9999.0000
2019-10-01,29,-9999.0000,-9999.0000,-9999.0000,-9999.0000,-9999.0000,-9999.0000,-9999.0000,-9999.0000,-9999.0000,-9999.0000,-9999.0000
2019-10-08,29,-9999.0000,-9999.0000,-9999.0000,-9999.0000,-9999.0000,-9999.0000,-9999.0000,-9999.0000,-9999.0000,-9999.0000,-9999.0000
2019-10-08,29,-9999.0000,-9999.0000,-9999.0000,-9999.0000,-9999.0000,-9999.0000,-9999.0000,-9999.0000,-9999.0000,-9999.0000,-9999.0000
2019-10-11,29,376.0000,525.5090,777.3190,963.1886,1291.6359,1646.0000,1852.0000,1976.3589,2128.9201,2301.6468,1764.7753
2019-10-11,29,444.0000,577.0350,805.4592,973.2171,1296.0000,1657.9572,1826.0436,1971.6620,2124.0628,2282.4921,1763.6667
2019-10-16,29,359.0000,553.5415,744.9609,893.7951,1177.0000,1474.4362,1650.0000,1803.1223,1908.1261,2102.0000,1730.4891
2019-10-16,29,400.0000,585.4960,765.3557,901.1788,1184.3272,1478.0015,1668.0139,1794.6846,1896.4501,2089.6075,1732.7927
2019-10-21,29,-9999.0000,-9999.0000,-9999.0000,-9999.0000,-9999.0000,-9999.0000,-9999.0000,-9999.0000,-9999.0000,-9999.0000,-9999.0000
2019-10-21,29,-9999.0000,-9999.0000,-9999.0000,-9999.0000,-9999.0000,-9999.0000,-9999.0000,-9999.0000,-9999.0000,-9999.0000,-9999.0000
2019-10-23,29,485.0000,677.3298,859.7553,978.9328,1266.0000,1586.3383,1772.5560,1883.5743,1954.5003,2260.0177,1914.8586
2019-10-23,29,497.0000,690.2376,859.6975,979.0031,1276.5675,1594.7559,1757.0110,1882.9040,1953.0000,2269.9716,1914.4621
2019-10-26,29,591.0000,889.7070,1113.0875,1403.4108,1659.0000,1837.7919,1993.5335,2162.8598,2221.0635,2763.9678,2412.1411
2019-10-26,29,574.0000,890.2993,1120.9650,1410.8603,1666.5483,1847.0000,2002.0470,2179.0873,2235.6889,2771.7845,2411.4909
2019-10-28,29,-9999.0000,-9999.0000,-9999.0000,-9999.0000,-9999.0000,-9999.0000,-9999.0000,-9999.0000,-9999.0000,-9999.0000,-9999.0000
2019-10-31,29,-9999.0000,-9999.0000,-9999.0000,-9999.0000,-9999.0000,-9999.0000,-9999.0000,-9999.0000,-9999.0000,-9999.0000,-9999.0000
2019-11-07,29,372.0000,605.8532,873.2717,1115.5394,1373.6861,1594.1668,1699.3588,1786.6825,1873.4536,2392.7942,1874.5833
2019-11-07,29,608.0000,765.4563,961.3288,1128.8841,1362.5002,1562.2641,1660.3822,1762.0291,1827.6188,2320.9796,1834.2565
2019-11-10,29,534.0000,725.4566,917.4368,1080.7997,1302.2417,1503.0000,1602.9386,1707.1340,1762.0000,2221.1396,1748.7781
2019-11-10,29,561.0000,741.4983,925.5791,1080.7168,1305.6394,1507.9190,1594.8985,1707.7530,1747.6743,2221.8578,1749.7142
2019-11-30,29,-9999.0000,-9999.0000,-9999.0000,-9999.0000,-9999.0000,-9999.0000,-9999.0000,-9999.0000,-9999.0000,-9999.0000,-9999.0000
2019-11-30,29,-9999.0000,-9999.0000,-9999.0000,-9999.0000,-9999.0000,-9999.0000,-9999.0000,-9999.0000,-9999.0000,-9999.0000,-9999.0000
2019-12-05,29,-9999.0000,-9999.0000,-9999.0000,-9999.0000,-9999.0000,-9999.0000,-9999.0000,-9999.0000,-9999.0000,-9999.0000,-9999.0000
2019-12-05,29,-9999.0000,-9999.0000,-9999.0000,-9999.0000,-9999.0000,-9999.0000,-9999.0000,-9999.0000,-9999.0000,-9999.0000,-9999.0000
2019-12-07,29,642.3401,849.2926,1165.5804,1338.7132,1754.5859,2149.9266,2295.2128,2375.9966,2437.8889,2652.8409,2057.3748
2019-12-07,29,832.0000,976.6366,1229.1858,1354.3857,1713.0000,2072.0000,2210.7702,2310.2200,2358.9888,2600.9642,2008.9713
2019-12-10,29,498.0000,709.6531,932.9539,1028.3770,1317.0117,1594.8390,1683.1305,1803.1194,1820.0000,2052.8997,1581.9703
2019-12-10,29,534.0000,729.8785,944.8692,1028.8890,1330.7160,1603.6231,1692.7618,1794.2221,1804.5045,2050.1186,1581.0511
2019-12-25,29,527.0000,796.7255,957.5442,1033.0263,1320.8193,1580.2937,1707.7594,1826.5049,1842.3641,1801.9940,1418.0666
2019-12-25,29,560.0000,817.1283,969.2619,1036.8262,1337.6850,1618.2966,1715.7987,1835.1546,1837.7481,1805.3598,1437.3621
2019-12-27,29,-9999.0000,-9999.0000,-9999.0000,-9999.0000,-9999.0000,-9999.0000,-9999.0000,-9999.0000,-9999.0000,-9999.0000,-9999.0000
2019-12-27,29,-9999.0000,-9999.0000,-9999.0000,-9999.0000,-9999.0000,-9999.0000,-9999.0000,-9999.0000,-9999.0000,-9999.0000,-9999.0000
2019-12-30,29,516.0000,693.2818,865.8987,977.0399,1253.6245,1505.0608,1592.0000,1706.8799,1714.8980,1797.7289,1365.0377
2019-12-30,29,566.0000,713.5439,881.4665,977.3294,1245.7489,1498.8709,1594.4273,1714.2390,1730.7733,1789.5636,1353.4015
2020-01-01,29,114.0000,465.6033,650.2345,833.8813,1137.0000,1402.9447,1539.5158,1653.8272,1678.3224,1885.4526,1376.9688
2020-01-01,29,448.0000,696.9466,805.7325,917.5629,1185.9674,1420.9039,1534.5487,1654.3698,1652.0000,1841.8814,1358.1971
2020-01-04,29,410.0000,697.4725,861.2879,1020.9497,1324.6528,1584.4983,1716.5435,1830.3487,1844.3326,1977.3862,1594.0974
2020-01-04,29,533.0000,776.6652,917.2221,1045.0968,1338.2369,1602.9675,1716.7114,1832.9898,1838.0000,1950.0139,1577.2862
2020-01-06,29,476.0000,474.5306,520.7168,526.3489,662.0000,801.0000,841.0976,905.7038,912.5789,924.5301,698.7078
2020-01-09,29,577.0000,790.4984,966.2627,1080.0000,1344.8092,1548.2757,1626.6977,1708.3350,1731.2053,2013.3872,1629.0343
2020-01-09,29,560.0000,770.7804,948.3726,1065.0618,1321.6485,1530.0726,1620.2885,1715.3847,1723.0000,2017.0765,1625.4231
2020-01-11,29,90.0000,458.4431,641.3692,837.9547,1141.5389,1386.9804,1507.3130,1622.3979,1627.3581,1985.1402,1511.0000
2020-01-11,29,474.0000,706.2500,812.5459,924.2300,1184.4267,1387.4891,1492.7295,1606.7513,1605.4671,1921.6518,1477.3812
2020-01-14,29,527.0000,744.3541,860.6369,954.5840,1209.5071,1412.3741,1506.0476,1594.5814,1620.4284,1741.0000,1369.4199
2020-01-14,29,470.0000,692.4618,818.4611,924.4245,1189.1546,1402.6784,1498.6530,1595.4987,1611.6086,1753.5870,1373.4074
2020-01-16,29,-9999.0000,-9999.0000,-9999.0000,-9999.0000,-9999.0000,-9999.0000,-9999.0000,-9999.0000,-9999.0000,-9999.0000,-9999.0000
2020-01-16,29,-9999.0000,-9999.0000,-9999.0000,-9999.0000,-9999.0000,-9999.0000,-9999.0000,-9999.0000,-9999.0000,-9999.0000,-9999.0000
2020-01-19,29,-9999.0000,-9999.0000,-9999.0000,-9999.0000,-9999.0000,-9999.0000,-9999.0000,-9999.0000,-9999.0000,-9999.0000,-9999.0000
2020-01-21,29,526.0000,776.6581,890.3305,1028.6935,1306.2198,1539.8904,1627.9338,1803.2117,1765.2775,2145.2742,1741.3507
2020-01-21,29,562.0000,802.3871,904.4700,1028.8300,1296.9363,1522.9104,1617.7677,1795.0453,1749.9520,2132.1651,1715.1546
2020-01-24,29,387.0000,696.4356,888.3135,1020.4108,1310.0000,1499.4517,1620.3388,1698.6853,1724.4382,1871.0000,1509.0407
2020-01-24,29,506.0000,772.2029,936.6709,1044.0000,1309.7139,1500.1063,1604.9787,1707.0095,1715.7449,1857.3361,1497.2619
2020-01-29,29,-9999.0000,-9999.0000,-9999.0000,-9999.0000,-9999.0000,-9999.0000,-9999.0000,-9999.0000,-9999.0000,-9999.0000,-9999.0000
2020-01-29,29,-9999.0000,-9999.0000,-9999.0000,-9999.0000,-9999.0000,-9999.0000,-9999.0000,-9999.0000,-9999.0000,-9999.0000,-9999.0000
2020-01-31,29,838.0000,1068.0000,1192.0000,1248.0000,1548.9135,1754.3833,1865.3507,1955.1430,1961.7632,2209.5080,1809.5329
2020-02-05,29,374.0000,597.0412,861.3986,1077.3195,1349.6540,1514.7123,1621.0460,1771.9037,1756.8447,2289.2941,1865.0000
2020-02-05,29,577.0000,733.7209,933.4306,1097.1507,1345.8172,1507.8277,1604.9169,1754.6015,1722.9439,2225.5987,1833.3953
2020-02-08,29,735.0000,880.5252,1044.9097,1161.2291,1386.1509,1514.9531,1585.6489,1707.5301,1690.7082,2156.5504,1778.0000
2020-02-08,29,739.0000,882.0967,1049.0878,1160.8958,1381.3834,1515.7881,1594.0558,1714.8669,1700.4920,2165.4683,1780.6425
2020-02-13,29,1013.0000,1129.1091,1144.2758,1141.0827,1278.4551,1396.0000,1462.6203,1508.3305,1502.0000,1394.0000,1152.0000
2020-02-13,29,968.0000,1104.0000,1125.2894,1100.6239,1272.4669,1408.4264,1468.0000,1507.2562,1501.4959,1345.8021,1088.0000
2020-02-15,29,712.0000,881.5730,1124.5492,1272.9948,1577.6576,1804.7811,1906.7062,2050.7017,2067.7230,2473.6242,1992.0000
2020-02-15,29,764.0000,901.6872,1136.5484,1273.3281,1577.4595,1794.7251,1899.3644,2033.6536,2050.4937,2457.8109,1990.4870
2020-02-18,29,1950.3970,1769.9170,1844.3101,1842.1492,2129.3226,2395.0000,2486.0000,2499.5003,2617.0000,2862.0000,2253.3928
2020-02-18,29,1888.1053,1731.4849,1818.1457,1826.9942,2162.3392,2425.3182,2536.3544,2545.2187,2652.3200,2869.8087,2277.2171
2020-02-20,29,473.0000,829.2579,1108.8414,1290.7221,1621.2017,1907.5945,2026.0369,2247.9737,2178.2237,2757.9923,2363.5350
2020-02-20,29,482.0000,845.7673,1121.3388,1290.7688,1629.1041,1906.5831,2035.2540,2231.3823,2180.3948,2761.6678,2356.0653
2020-02-28,29,607.0000,825.4744,1093.0739,1235.2030,1532.7117,1850.9666,1971.0579,2213.4420,2128.0000,2553.2863,2123.8779
2020-02-28,29,608.0000,829.1373,1098.4731,1243.1525,1539.3496,1861.0132,1977.9375,2229.1698,2123.5138,2569.0975,2123.1555
2020-03-06,29,576.0000,721.1985,965.5613,1081.2681,1485.5320,1916.0769,2043.3870,2184.3297,2192.0000,1889.2149,1208.9721
2020-03-06,29,532.0000,689.2335,949.3878,1081.0059,1496.9367,1925.5776,2060.0000,2214.7638,2202.0000,1901.6836,1218.0000
2020-03-09,29,-9999.0000,-9999.0000,-9999.0000,-9999.0000,-9999.0000,-9999.0000,-9999.0000,-9999.0000,-9999.0000,-9999.0000,-9999.0000
2020-03-11,29,1205.0000,1386.0000,1538.0000,1458.0000,1785.0000,2202.0000,2370.0000,2612.0000,2436.0000,2291.0000,1825.0000
2020-03-11,29,-9999.0000,-9999.0000,-9999.0000,-9999.0000,-9999.0000,-9999.0000,-9999.0000,-9999.0000,-9999.0000,-9999.0000,-9999.0000
2020-03-14,29,-9999.0000,-9999.0000,-9999.0000,-9999.0000,-9999.0000,-9999.0000,-9999.0000,-9999.0000,-9999.0000,-9999.0000,-9999.0000
2020-03-16,29,692.0000,939.6607,1266.0786,1426.5823,1852.7909,2372.3762,2545.9819,2774.3895,2692.6159,2900.8018,2298.9867
2020-03-16,29,838.0000,989.2071,1272.9516,1386.3314,1771.8753,2266.9540,2411.4915,2645.3779,2579.9552,2816.0000,2285.9103
2020-03-19,29,628.0000,745.2258,989.6384,1099.2123,1445.6435,1799.0000,1941.5915,1992.5678,2071.4287,2251.0000,1771.9796
2020-03-19,29,685.0000,780.8585,1009.3537,1112.3222,1452.0000,1796.2756,1894.6371,1993.2044,2055.6522,2236.7028,1779.0961
2020-03-21,29,-9999.0000,-9999.0000,-9999.0000,-9999.0000,-9999.0000,-9999.0000,-9999.0000,-9999.0000,-9999.0000,-9999.0000,-9999.0000
2020-03-24,29,632.3622,813.6059,913.4285,1061.2685,1145.9996,1216.6569,1261.7930,1361.4045,1309.0000,1512.6818,1491.1486
2020-03-24,29,561.0000,777.6477,901.7020,1076.9987,1156.8589,1221.4763,1273.3341,1370.8631,1317.1932,1538.0508,1508.2652
2020-03-29,29,-9999.0000,-9999.0000,-9999.0000,-9999.0000,-9999.0000,-9999.0000,-9999.0000,-9999.0000,-9999.0000,-9999.0000,-9999.0000
2020-03-29,29,-9999.0000,-9999.0000,-9999.0000,-9999.0000,-9999.0000,-9999.0000,-9999.0000,-9999.0000,-9999.0000,-9999.0000,-9999.0000
2020-03-31,29,996.0000,1355.1777,1619.0331,1954.2039,2067.1821,2172.2964,2258.5049,2499.0477,2353.4476,2948.0578,2777.7180
2020-03-31,29,1024.0000,1378.4415,1634.7475,1955.1591,2076.2401,2179.8789,2260.8559,2499.7950,2356.2376,2949.0970,2788.8468
2020-04-03,29,1024.0000,1333.2919,1594.4049,1915.5037,2077.4993,2165.1735,2266.9382,2418.8303,2370.8921,3027.7872,2978.3154
2020-04-03,29,1058.0719,1365.6351,1616.1659,1931.1287,2084.3001,2178.7658,2282.6057,2436.8620,2379.7290,3028.0797,2978.6427
2020-04-05,29,1222.2209,1524.3501,1842.0000,2218.9489,2388.8872,2475.6159,2571.9113,2771.4442,2682.9658,3380.5577,3185.9729
2020-04-05,29,1248.0000,1522.8908,1834.7664,2202.4935,2371.0438,2467.8673,2563.4529,2763.5186,2674.3057,3363.9458,3179.4996
2020-04-08,29,1157.7736,1491.4881,1892.2979,2282.6612,2402.2791,2509.4712,2609.2813,2884.9477,2738.9056,3268.6858,3016.6321
2020-04-08,29,1196.0000,1499.1782,1883.2800,2266.4487,2386.0438,2490.6154,2598.0000,2860.8316,2708.5239,3244.9366,3014.7967
2020-04-10,29,1303.0000,1786.0659,2187.5729,2630.8658,2859.3855,2907.8325,3043.1782,3259.4938,3161.4018,4019.7703,3963.6319
2020-04-10,29,1338.0000,1762.5395,2154.3878,2578.7413,2796.4058,2868.1837,2994.8201,3210.2457,3122.9722,4002.6746,3941.5353
2020-04-13,29,1296.0000,1770.5511,2147.1847,2582.7711,2770.2241,2842.0406,2963.0588,3140.3404,3090.1931,3827.2715,3781.7499
2020-04-13,29,1339.0000,1762.6590,2131.4921,2538.9341,2730.7310,2812.5422,2939.3239,3116.5724,3061.4962,3788.0772,3735.2413
2020-04-15,29,1405.0000,1771.1774,2178.9635,2566.0272,2740.5293,2835.2702,2921.9188,3139.5745,3044.1048,3703.0024,3461.8107
2020-04-15,29,1414.5022,1747.2852,2138.8420,2521.3849,2690.9375,2787.3203,2883.5325,3106.5914,3010.7564,3669.7481,3447.3414
2020-04-18,29,1302.0000,1602.1652,1939.4884,2235.5075,2412.8835,2514.7176,2603.3929,2708.0850,2707.4154,3115.4966,2839.1394
2020-04-18,29,1317.4933,1619.0442,1940.0581,2219.4070,2403.8301,2516.1845,2611.1604,2698.9625,2715.3037,3098.2693,2840.4201
2020-04-23,29,1254.8584,1666.7550,2026.4077,2375.6688,2540.3927,2659.1884,2771.4709,2940.5667,2858.9885,3430.2536,3348.9440
2020-04-23,29,1273.4999,1643.0059,1987.3037,2310.5629,2476.3954,2611.9180,2715.8431,2890.6499,2811.1984,3384.9916,3320.1521
2020-04-25,29,1579.0000,1851.3569,2243.1068,2586.6544,2810.9076,2955.4331,3068.4784,3174.7188,3170.7627,3752.5583,3447.8143
2020-04-25,29,1573.0000,1842.6948,2219.4295,2545.7879,2779.7846,2922.7882,3035.3227,3130.6813,3139.5625,3738.4160,3449.1886
2020-04-30,29,-9999.0000,-9999.0000,-9999.0000,-9999.0000,-9999.0000,-9999.0000,-9999.0000,-9999.0000,-9999.0000,-9999.0000,-9999.0000
2020-04-30,29,-9999.0000,-9999.0000,-9999.0000,-9999.0000,-9999.0000,-9999.0000,-9999.0000,-9999.0000,-9999.0000,-9999.0000,-9999.0000
2020-05-03,29,749.0000,1058.7480,1362.2730,1706.9114,1881.4971,2083.2694,2212.0204,2355.4988,2322.4062,2747.2699,2440.8621
2020-05-03,29,823.0000,1074.7055,1362.2098,1691.4519,1858.8173,2068.4194,2204.6043,2346.4848,2317.4284,2733.2450,2456.3426
2020-05-08,29,1540.0000,1991.9994,2471.7181,2901.6391,3160.6370,3285.6471,3413.5114,3526.6614,3512.9281,3973.3782,3591.0385
2020-05-08,29,1512.0000,1867.0227,2311.0438,2694.5489,2966.9297,3116.1551,3254.7436,3366.6419,3362.9864,3863.4541,3524.0354
2020-05-10,29,1545.0000,2161.9254,2534.6667,2752.0000,3066.7262,3448.0423,3700.0000,3781.2964,3767.8105,3766.7313,3286.0000
2020-05-10,29,1394.0000,2066.6667,2380.0000,2549.3684,2792.2758,3345.0000,3658.0000,3798.8485,3815.0088,3668.0000,3199.0000
2020-05-15,29,1050.0000,1184.6432,1469.2085,1698.5086,1928.6778,2187.0225,2322.9426,2343.7324,2452.4066,2688.9518,2135.0000
2020-05-15,29,1092.2343,1224.8649,1509.2127,1747.0328,1988.3145,2237.0144,2372.3230,2378.8726,2495.0000,2749.1281,2185.4342
2020-05-23,29,1665.0000,2090.1380,2491.0743,2756.7677,3075.4048,3379.8137,3651.0253,3650.8201,3762.5310,4006.5612,3704.2257
2020-05-25,29,1508.0000,1975.4374,2470.1321,2854.7195,3189.6600,3491.7772,3651.9613,3766.1360,3785.4290,4327.8716,3831.5048
2020-05-25,29,1559.0000,2038.5182,2550.8258,2933.3279,3256.2149,3541.7070,3704.9782,3830.8882,3833.9320,4357.9959,3848.0586
2020-05-28,29,-9999.0000,-9999.0000,-9999.0000,-9999.0000,-9999.0000,-9999.0000,-9999.0000,-9999.0000,-9999.0000,-9999.0000,-9999.0000
2020-05-28,29,-9999.0000,-9999.0000,-9999.0000,-9999.0000,-9999.0000,-9999.0000,-9999.0000,-9999.0000,-9999.0000,-9999.0000,-9999.0000
2020-05-30,29,1513.0000,2198.7806,2663.2232,2952.7099,3314.9993,3696.0000,3941.3976,4082.3962,4036.5548,4349.4764,3966.0980
2020-05-30,29,1464.0000,2150.1529,2597.3709,2903.5237,3265.5855,3639.0058,3882.2475,4027.1106,3989.9177,4345.1725,3946.4280
2020-06-02,29,1073.0000,1653.0267,2118.7565,2307.0000,2581.5884,3197.5253,3499.5024,3579.3065,3626.9168,3614.0000,3288.1129
2020-06-02,29,1095.0000,1594.8348,2004.3427,2199.0000,2535.3536,3148.0000,3396.0000,3496.8488,3556.9403,3553.0000,3206.6336
2020-06-04,29,-9999.0000,-9999.0000,-9999.0000,-9999.0000,-9999.0000,-9999.0000,-9999.0000,-9999.0000,-9999.0000,-9999.0000,-9999.0000
2020-06-04,29,-9999.0000,-9999.0000,-9999.0000,-9999.0000,-9999.0000,-9999.0000,-9999.0000,-9999.0000,-9999.0000,-9999.0000,-9999.0000
2020-06-07,29,-9999.0000,-9999.0000,-9999.0000,-9999.0000,-9999.0000,-9999.0000,-9999.0000,-9999.0000,-9999.0000,-9999.0000,-9999.0000
2020-06-07,29,-9999.0000,-9999.0000,-9999.0000,-9999.0000,-9999.0000,-9999.0000,-9999.0000,-9999.0000,-9999.0000,-9999.0000,-9999.0000
2020-06-12,29,541.0000,803.3151,1091.4853,1131.2511,1471.0000,2234.9156,2595.6873,2616.2571,2675.8734,2220.0059,1604.9773
2020-06-12,29,597.0000,827.1593,1106.9540,1141.3902,1476.6337,2227.0302,2595.4262,2614.9642,2684.4748,2213.0697,1611.4102
2020-06-14,29,845.0000,955.9101,1275.8892,1256.3701,1647.0000,2730.9476,3193.0651,3175.3153,3286.4977,2583.8630,1818.1841
2020-06-14,29,778.0000,964.4220,1281.8957,1287.1389,1716.7106,2777.6619,3254.9024,3238.3000,3356.1565,2600.2870,1867.0172
2020-06-17,29,582.0000,730.8114,1051.2000,1018.0599,1457.0000,2522.8343,3075.2115,3045.0219,3203.9093,2379.8154,1619.5357
2020-06-17,29,583.0000,755.3260,1066.3442,1016.2043,1466.2463,2555.2856,3077.0292,3047.2383,3221.8507,2387.1116,1619.9648
2020-06-19,29,612.0000,786.6578,1084.9871,988.5022,1460.0000,2737.1367,3367.9363,3431.4566,3494.0412,2442.6702,1683.0024
2020-06-19,29,611.0000,804.6881,1090.0238,989.0191,1453.3529,2729.8804,3372.3372,3412.8653,3473.2833,2454.6948,1636.8515
2020-06-22,29,433.0000,571.2802,843.8483,755.0672,1154.1203,2348.7278,3050.9644,3095.0955,3163.2683,2172.6042,1446.0958
2020-06-22,29,458.0000,605.6000,858.5386,770.4404,1155.7229,2349.0000,3043.0130,3074.2646,3147.8349,2170.0926,1478.6185
2020-06-24,29,-9999.0000,-9999.0000,-9999.0000,-9999.0000,-9999.0000,-9999.0000,-9999.0000,-9999.0000,-9999.0000,-9999.0000,-9999.0000
2020-06-27,29,472.0000,603.9528,924.4083,825.1435,1265.0180,2962.0000,3765.8633,3750.0704,3925.3871,2405.9055,1540.0000
2020-06-27,29,571.0000,660.3947,931.4320,845.4444,1263.0000,2908.5666,3654.2988,3654.8777,3834.1991,2354.6668,1524.1749
2020-06-29,29,601.0000,747.4555,1020.3338,874.0303,1316.4021,3143.0000,4156.6500,4121.9848,4258.8801,2579.8783,1658.4546
2020-06-29,29,659.0000,787.1810,1036.0000,884.5289,1347.4434,3082.7557,4054.4220,4011.0539,4164.3882,2570.2951,1657.5294
2020-07-02,29,-9999.0000,-9999.0000,-9999.0000,-9999.0000,-9999.0000,-9999.0000,-9999.0000,-9999.0000,-9999.0000,-9999.0000,-9999.0000
2020-07-02,29,-9999.0000,-9999.0000,-9999.0000,-9999.0000,-9999.0000,-9999.0000,-9999.0000,-9999.0000,-9999.0000,-9999.0000,-9999.0000
2020-07-04,29,-9999.0000,-9999.0000,-9999.0000,-9999.0000,-9999.0000,-9999.0000,-9999.0000,-9999.0000,-9999.0000,-9999.0000,-9999.0000
2020-07-04,29,-9999.0000,-9999.0000,-9999.0000,-9999.0000,-9999.0000,-9999.0000,-9999.0000,-9999.0000,-9999.0000,-9999.0000,-9999.0000
2020-07-07,29,285.0000,321.2826,556.8284,420.1145,802.5951,2572.1323,3602.5345,3748.7322,3769.8892,1747.3869,956.6490
2020-07-07,29,326.0000,360.9601,588.1212,435.4192,812.9810,2579.1815,3570.8118,3715.9752,3722.5194,1747.9596,953.0974
2020-07-09,29,428.0000,514.6965,764.7007,595.6019,1033.7507,3015.0000,4226.4982,4227.0515,4362.4227,2183.4693,1275.6951
2020-07-09,29,527.0000,588.0386,803.6246,626.6111,1056.6556,2900.0000,4042.6115,4050.7161,4195.2645,2113.8960,1275.5070
2020-07-12,29,268.5183,341.3892,547.6259,410.3665,778.1711,2582.9433,3684.4531,3795.0561,3860.4080,1713.0000,979.6712
2020-07-12,29,299.0000,369.0746,571.5078,418.2508,803.9238,2563.5759,3659.5482,3779.6131,3827.8418,1706.3804,987.9142
2020-07-14,29,511.0000,466.3220,708.1488,537.8028,954.8184,3075.6225,4148.4237,4260.6418,4338.7084,1990.0000,1091.7945
2020-07-14,29,518.0000,483.1604,725.2771,547.6100,978.0684,3093.4886,4148.9192,4257.2655,4331.1255,2003.7446,1107.6287
2020-07-17,29,259.0000,275.1233,523.4966,387.1273,781.2363,2826.9561,3948.0978,3974.6936,4123.3527,1747.4472,938.9743
2020-07-17,29,355.0000,347.2590,562.7597,411.7604,829.9264,2777.4925,3846.9569,3882.9451,4042.0551,1748.3762,929.9184
2020-07-19,29,260.0000,331.2457,571.5830,404.8015,849.7691,2883.2681,4069.1257,4122.1914,4227.8405,1875.6231,1042.8220
2020-07-19,29,357.0000,403.0068,618.7739,434.5068,867.4097,2802.5748,3949.4645,3980.0784,4099.1375,1857.1260,1034.8834
2020-07-22,29,-9999.0000,-9999.0000,-9999.0000,-9999.0000,-9999.0000,-9999.0000,-9999.0000,-9999.0000,-9999.0000,-9999.0000,-9999.0000
2020-07-22,29,-9999.0000,-9999.0000,-9999.0000,-9999.0000,-9999.0000,-9999.0000,-9999.0000,-9999.0000,-9999.0000,-9999.0000,-9999.0000
2020-07-27,29,391.0000,401.7637,602.4820,451.6379,843.8368,2603.2458,3602.0089,3571.9268,3818.8359,1730.9347,930.3450
2020-07-27,29,450.0000,449.3891,636.4319,467.3987,851.6317,2588.7133,3557.3379,3521.8674,3779.1764,1723.7377,938.7683
2020-07-29,29,546.0000,617.7147,803.2519,611.5766,1025.9326,2693.3575,3779.3196,3722.7447,3982.1223,1971.9093,1140.0000
2020-07-29,29,623.0000,669.4530,829.6001,635.5532,1035.2680,2661.4453,3691.7686,3634.1624,3884.9224,1945.9787,1146.6294
2020-08-01,29,390.0000,489.0826,699.8778,563.6631,978.7920,2533.4779,3547.9295,3507.0639,3771.3170,1915.0035,1157.9689
2020-08-01,29,487.0000,557.6811,737.1045,580.2484,1003.9486,2485.4069,3474.2551,3427.9004,3691.7492,1890.8979,1131.6895
2020-08-06,29,223.0000,269.6703,525.6734,379.7376,821.6461,2628.6352,3555.2398,3523.9042,3792.0000,1738.3674,909.4378
2020-08-06,29,279.0000,309.5843,553.0736,393.8546,852.4609,2611.1468,3532.0000,3497.2270,3761.8930,1748.8335,929.4385
2020-08-08,29,310.0000,421.7195,659.0746,500.0969,976.8614,2664.0000,3691.6859,3785.4345,3906.4838,1994.7065,1140.9851
2020-08-08,29,418.0000,498.1671,707.3454,531.0186,987.3679,2586.9954,3564.1583,3651.8378,3771.6818,1971.8606,1132.6966
2020-08-11,29,671.0000,801.0000,933.2480,717.5058,1124.5900,2332.6299,3144.0000,3042.7604,3393.7710,1776.0000,1081.0000
2020-08-11,29,563.0000,726.1580,866.0116,674.3938,1047.0000,2308.6846,3158.2010,3049.4753,3416.0033,1630.0000,944.0000
2020-08-13,29,329.0000,401.2484,731.9531,586.7144,1098.1696,2924.3954,3777.6653,3786.2381,4072.3638,2129.8839,1206.5472
2020-08-13,29,496.0000,529.8167,798.0461,636.2012,1113.4908,2810.7854,3616.4355,3603.8402,3884.9345,2082.0302,1196.3456
2020-08-16,29,326.0000,401.7393,659.2629,578.7990,1019.4497,2533.0036,3291.6656,3306.4896,3531.3408,1957.0963,1137.0000
2020-08-16,29,382.0000,437.2549,681.1694,587.6245,1016.9790,2508.3151,3260.9722,3291.1231,3517.2078,1956.5912,1139.0000
2020-08-21,29,406.0000,513.2673,721.4535,654.2244,1064.5556,2333.0000,3035.6075,3059.9935,3283.5861,1997.7422,1250.8356
2020-08-21,29,418.0000,521.4287,733.3701,657.6876,1070.5571,2340.0106,3057.8263,3074.6346,3300.4330,2003.2843,1248.4980
2020-08-23,29,466.0000,557.4018,852.6830,836.9345,1320.9177,2738.9969,3298.5353,3347.3281,3606.7294,2393.3439,1440.7278
2020-08-23,29,561.0000,613.7621,877.9614,843.1798,1315.7129,2674.7881,3235.7734,3266.2804,3523.0351,2362.8653,1420.5195
2020-08-26,29,704.0000,754.5165,1001.5353,1030.0000,1436.7385,2570.6604,3061.1606,3141.2858,3356.3271,2225.0212,1410.1626
2020-08-26,29,711.0000,745.7265,1002.5343,1036.7561,1453.7611,2602.3455,3121.2384,3186.9722,3418.0329,2239.0000,1413.6262
2020-08-28,29,341.0000,540.3603,835.7659,965.0000,1434.8745,2576.3475,3169.5000,3236.6933,3509.8214,2556.3598,1643.3586
2020-08-28,29,522.0000,649.3943,883.0669,971.0006,1396.2542,2469.3295,3028.8377,3093.0000,3332.1708,2498.1930,1626.9319
2020-09-02,29,-9999.0000,-9999.0000,-9999.0000,-9999.0000,-9999.0000,-9999.0000,-9999.0000,-9999.0000,-9999.0000,-9999.0000,-9999.0000
2020-09-02,29,-9999.0000,-9999.0000,-9999.0000,-9999.0000,-9999.0000,-9999.0000,-9999.0000,-9999.0000,-9999.0000,-9999.0000,-9999.0000
2020-09-05,29,395.0000,452.4370,661.8376,689.3130,1025.4206,1753.0000,2044.5000,2070.5626,2295.8143,1906.0000,1249.2349
2020-09-05,29,464.0000,498.5139,689.4284,701.2457,1029.4542,1755.5606,2067.5178,2075.1095,2291.0774,1889.7247,1245.2407
2020-09-07,29,-9999.0000,-9999.0000,-9999.0000,-9999.0000,-9999.0000,-9999.0000,-9999.0000,-9999.0000,-9999.0000,-9999.0000,-9999.0000
2020-09-07,29,-9999.0000,-9999.0000,-9999.0000,-9999.0000,-9999.0000,-9999.0000,-9999.0000,-9999.0000,-9999.0000,-9999.0000,-9999.0000
2020-09-10,29,898.0000,1014.4722,1157.4262,1089.8773,1482.4749,2070.0190,2364.4961,2378.8696,2564.7560,2046.4312,1577.0000
2020-09-10,29,1044.0000,1116.0000,1216.0000,1116.4846,1460.5176,2033.6620,2340.3977,2339.7067,2521.6424,2001.6676,1517.2813
2020-09-12,29,477.0000,533.5726,772.9554,842.9515,1225.0452,1881.4991,2153.2762,2214.1679,2423.6741,2331.4972,1699.6488
2020-09-12,29,496.0000,545.5088,781.0000,842.4227,1229.1017,1866.7311,2137.4035,2213.7663,2408.0000,2331.7465,1684.3387
2020-09-15,29,410.0000,501.1520,734.1596,844.8293,1217.3197,1762.5276,2021.0903,2082.3791,2334.0000,2294.0000,1597.0799
2020-09-15,29,442.0000,521.2097,748.8641,849.4318,1218.0312,1746.0000,2011.5012,2081.6776,2302.0018,2290.1313,1602.2097
2020-09-17,29,610.0000,748.7333,953.2431,1067.0611,1474.7363,2052.0000,2391.2369,2489.3895,2695.7304,2674.9617,1938.8828
2020-09-17,29,697.0000,797.6812,985.0578,1066.5578,1451.3474,2018.0436,2344.7062,2454.4076,2666.0592,2644.2828,1916.7111
2020-09-20,29,739.0000,1129.6738,1523.3910,2120.2340,2660.5472,3086.3163,3457.0000,3668.5306,3959.8951,4072.8446,2810.0000
2020-09-20,29,750.0000,1152.6742,1531.2921,2119.3117,2696.3792,3078.9448,3428.5391,3670.1975,3900.3107,4042.0000,2788.5709
2020-09-25,29,752.0000,1049.6436,1380.3255,1722.6328,2066.1948,2387.1276,2594.7293,2666.3962,2835.5829,3193.0000,2242.4861
2020-09-25,29,789.0000,1077.8380,1393.0020,1723.2395,2084.2884,2386.6853,2595.7482,2658.4251,2834.0000,3188.5058,2232.4838
2020-09-30,29,684.3626,933.4539,1152.2925,1370.1306,1651.0000,1955.7816,2131.3106,2198.5701,2308.0941,3089.0000,2614.6727
2020-09-30,29,743.0000,969.4383,1169.7108,1378.5849,1667.0548,1954.8421,2132.4933,2197.8146,2298.6810,3078.0688,2586.0624
2020-10-07,29,541.0000,834.2830,1036.6711,1307.8315,1609.0000,1940.2803,2107.0127,2247.5720,2322.8525,3154.3235,2614.3796
2020-10-07,29,552.0000,841.9971,1049.2795,1306.3030,1625.9020,1938.8889,2114.4485,2263.2976,2316.0217,3145.6601,2603.1352
2020-10-10,29,988.0000,1154.0000,1284.0000,1360.7903,1649.9263,1940.9393,2116.3289,2171.7090,2275.7602,2941.5223,2522.3482
2020-10-10,29,947.0000,1134.0000,1284.8578,1376.0000,1679.0000,1986.0709,2170.5054,2226.5668,2331.1091,2971.8461,2525.3046
2020-10-12,29,540.0000,745.1303,977.4303,1235.5702,1523.5414,1874.3058,2011.2955,2166.9241,2235.8997,2787.3197,2073.7378
2020-10-12,29,591.0000,761.8741,985.2112,1243.9051,1533.7777,1884.9966,2020.3334,2166.9396,2216.9460,2762.7246,2073.9779
2020-10-20,29,1207.0000,1418.0000,1521.2085,1593.1693,1861.4278,2140.0000,2285.5314,2394.9728,2433.7154,2786.2076,2307.4470
2020-10-22,29,-9999.0000,-9999.0000,-9999.0000,-9999.0000,-9999.0000,-9999.0000,-9999.0000,-9999.0000,-9999.0000,-9999.0000,-9999.0000
2020-10-25,29,560.0000,821.7843,1056.7689,1298.9077,1570.8858,1813.1556,1964.1534,2042.4917,2174.7087,2908.5877,2301.2382
2020-10-25,29,632.0000,869.1544,1081.3995,1298.1579,1570.3380,1820.5528,1956.4142,2034.1624,2163.4168,2898.8174,2281.0000
2020-10-30,29,-9999.0000,-9999.0000,-9999.0000,-9999.0000,-9999.0000,-9999.0000,-9999.0000,-9999.0000,-9999.0000,-9999.0000,-9999.0000
2020-11-04,29,824.0000,1012.9387,1225.4758,1475.6923,1778.0000,1953.8509,2092.7973,2139.3378,2321.7259,3116.5815,2498.7475
2020-11-04,29,898.1954,1057.1437,1256.1579,1474.7338,1785.5737,1969.8061,2114.0771,2163.0344,2340.0507,3118.0689,2499.9261
2020-11-06,29,391.0000,845.0419,1107.6755,1498.8678,1810.0402,1996.3015,2172.3731,2314.4414,2395.2507,3388.0218,2790.9849
2020-11-06,29,634.0000,973.8604,1168.9342,1467.0713,1739.1231,1923.2503,2092.4394,2217.8917,2308.5319,3256.8921,2725.4947
2020-11-09,29,407.0000,617.6897,741.4604,873.8940,1030.1871,1076.4494,1154.5402,1223.1304,1259.4430,1572.5764,1345.5200
2020-11-09,29,447.0000,637.0509,753.8453,877.5930,1011.8262,1068.2245,1156.3645,1206.3924,1238.9587,1570.2921,1330.8687
2020-11-11,29,347.0000,541.6131,789.4014,1032.8342,1209.9395,1259.9538,1336.4686,1430.8384,1448.5160,2035.8854,1685.2402
2020-11-11,29,601.0000,722.3629,905.3345,1077.0748,1233.0262,1290.9202,1362.6018,1447.5986,1464.7588,1986.8547,1651.2184
2020-11-19,29,470.0000,761.4065,969.6352,1163.9622,1296.5020,1364.2592,1458.0908,1562.7607,1580.1443,1851.0688,1509.1602
2020-11-19,29,492.0347,769.2261,969.3129,1165.3683,1309.7687,1378.7122,1476.7682,1562.5823,1577.4991,1864.8010,1515.6265
2020-11-21,29,565.2531,826.9232,1138.8048,1474.1498,1594.5318,1706.5328,1809.5807,2041.0502,1957.7382,2410.1637,1948.5000
2020-11-21,29,771.0000,945.8367,1202.4281,1467.3134,1569.2907,1692.9919,1779.3680,2002.6488,1917.4842,2329.7637,1896.9738
2020-11-24,29,740.0000,949.5497,1172.1143,1402.7782,1554.6312,1640.9973,1714.3628,1827.0430,1842.8089,2297.6629,1883.5012
2020-11-24,29,702.0000,901.5398,1154.3990,1411.3406,1547.6202,1636.9834,1723.1941,1842.7962,1843.8367,2304.0000,1877.2006
2020-11-26,29,622.0000,984.9015,1210.9545,1491.0696,1689.9220,1764.5000,1867.3497,1988.0050,1978.8783,2428.3197,2001.0000
2020-11-26,29,818.0000,1097.0301,1265.4062,1490.4851,1658.3093,1731.4834,1834.4443,1953.7298,1941.1781,2373.0979,1980.2730
2020-11-29,29,618.5016,944.9990,1185.2333,1459.5525,1619.0000,1709.1006,1803.7789,1923.7888,1930.0858,2435.7154,2183.0000
2020-11-29,29,586.0000,917.9122,1172.9607,1450.7690,1629.2001,1716.9567,1811.7863,1922.5053,1939.4902,2457.3578,2177.7906
2020-12-01,29,161.0000,184.5810,204.4239,198.5460,201.0000,209.0000,215.0000,219.0000,213.0000,188.0000,140.0000
2020-12-01,29,134.0000,170.7645,182.0000,176.1585,174.0000,187.0000,197.0000,212.4934,208.0000,180.0000,132.0000
2020-12-19,29,758.0000,1105.0593,1337.6057,1570.8444,1784.7816,1893.4393,2005.6655,2074.9862,2131.1049,2222.1323,1826.0638
2020-12-19,29,766.5973,1105.4119,1333.2893,1579.7695,1798.3213,1910.1178,2029.3832,2090.7060,2146.3730,2237.3908,1834.6871
2020-12-26,29,-9999.0000,-9999.0000,-9999.0000,-9999.0000,-9999.0000,-9999.0000,-9999.0000,-9999.0000,-9999.0000,-9999.0000,-9999.0000
2020-12-26,29,-9999.0000,-9999.0000,-9999.0000,-9999.0000,-9999.0000,-9999.0000,-9999.0000,-9999.0000,-9999.0000,-9999.0000,-9999.0000
2020-12-31,29,745.0000,1003.3978,1347.0027,1668.0931,1987.5551,2241.9850,2380.0132,2545.6824,2546.3522,2278.9220,1578.0003
2020-12-31,29,755.0000,1019.1990,1363.4665,1676.2673,2005.0450,2250.4458,2386.8549,2564.7204,2579.0040,2297.0583,1585.8115
2021-01-03,29,629.6903,914.8430,1242.9720,1514.6097,1802.6629,2035.7166,2148.0909,2274.0674,2306.8905,2025.0042,1395.0000
2021-01-03,29,719.0000,963.6608,1266.2114,1522.3717,1827.6389,2043.6700,2156.3117,2266.7187,2298.9783,2009.8124,1393.2068
2021-01-08,29,584.5047,965.5715,1259.8527,1522.9481,1771.7919,1973.6985,2093.5781,2259.6944,2233.3555,2134.5750,1685.5743
2021-01-08,29,615.0000,993.5667,1267.7358,1522.3121,1771.9126,1981.6408,2105.3035,2266.7471,2235.0326,2125.4211,1692.9960
2021-01-13,29,602.0000,873.3786,1145.0804,1419.5377,1636.7393,1797.0482,1893.6843,2075.5369,2042.9444,1941.0000,1385.3676
2021-01-13,29,644.0000,901.2583,1157.3711,1419.6231,1649.4523,1805.2752,1891.0476,2082.7375,2035.2831,1937.2440,1401.5489
2021-01-18,29,-9999.0000,-9999.0000,-9999.0000,-9999.0000,-9999.0000,-9999.0000,-9999.0000,-9999.0000,-9999.0000,-9999.0000,-9999.0000
2021-02-09,29,-9999.0000,-9999.0000,-9999.0000,-9999.0000,-9999.0000,-9999.0000,-9999.0000,-9999.0000,-9999.0000,-9999.0000,-9999.0000
2021-02-14,29,589.0000,1010.4361,1291.9792,1650.5207,1874.9415,2091.2884,2227.4605,2540.3181,2379.7517,2585.0290,1957.5537
2021-02-14,29,732.0000,1073.1446,1306.6178,1620.4169,1834.2548,2034.8271,2146.5316,2459.5452,2315.4900,2530.8851,1940.4075
2021-02-17,29,1155.0000,1328.5091,1440.7967,1613.1715,1809.4798,1938.0010,2069.6376,2176.9944,2197.4766,2401.6412,1922.4325
2021-02-17,29,1176.6501,1332.8541,1440.8486,1612.9199,1821.8172,1957.9552,2090.7821,2193.1754,2216.4991,2398.7951,1923.3244
2021-02-22,29,-9999.0000,-9999.0000,-9999.0000,-9999.0000,-9999.0000,-9999.0000,-9999.0000,-9999.0000,-9999.0000,-9999.0000,-9999.0000
2021-02-24,29,832.0000,1233.0973,1546.5051,1771.4376,2037.6933,2189.4919,2317.9532,2481.2026,2429.1624,2768.5269,2300.5086
2021-02-24,29,867.0000,1245.2773,1555.3143,1770.8804,2036.3935,2181.7530,2301.9395,2466.8418,2426.2240,2763.8078,2291.7462
2021-02-27,29,896.0000,1290.8595,1626.3514,1826.6946,2132.7129,2283.5599,2403.7121,2515.4653,2520.4053,2949.3097,2627.7359
2021-02-27,29,943.0000,1322.7981,1643.7346,1843.1806,2156.1910,2308.0653,2426.7742,2539.5370,2556.7243,2948.5810,2625.8648
2021-03-01,29,1060.0000,1507.3212,1943.1658,2279.2616,2617.3705,2813.0031,2965.0000,3272.5057,3131.4266,3642.2145,3129.9364
2021-03-01,29,1128.0000,1531.1355,1956.8104,2278.4084,2616.4477,2852.0000,2963.7472,3256.3646,3156.6903,3623.1251,3126.1745
2021-03-04,29,1452.4944,1692.7055,1970.7765,2162.9878,2490.0003,2705.6887,2841.9981,3010.2026,2995.6244,3426.3448,2931.6659
2021-03-04,29,1583.0000,1764.6112,2010.7198,2155.1175,2485.4178,2712.7524,2844.1705,3001.7163,2997.9317,3416.0000,2936.0000
2021-03-06,29,1073.4880,1562.5854,1957.7647,2263.1735,2611.0000,2883.0000,2986.2975,3315.8318,3155.0000,3698.9903,3271.7742
2021-03-06,29,1059.0000,1563.7490,1938.9254,2215.7674,2563.5042,2830.0000,2963.2444,3258.1985,3106.0000,3669.6050,3255.5067
2021-03-09,29,1184.0000,1570.9060,1890.0612,2155.7879,2491.5039,2737.5321,2876.5939,3107.5513,3019.2355,3549.0000,3225.6769
2021-03-09,29,1177.0000,1634.5406,1962.9861,2249.4220,2611.0000,2877.4964,2989.7458,3218.9187,3154.0049,3596.1728,3272.6520
2021-03-16,29,903.0000,1362.8093,1721.4228,2038.4685,2438.4848,2770.0000,2914.6561,3202.1999,3060.2686,3530.3751,3076.2892
2021-03-16,29,925.0000,1369.4361,1714.9861,2011.6010,2396.6895,2716.6667,2868.0000,3146.7421,3012.5560,3508.8978,3049.8895
2021-03-19,29,737.0000,1048.2540,1330.8613,1588.6854,1941.7775,2261.2022,2405.6793,2610.7771,2562.4779,2899.7021,2437.0854
2021-03-19,29,760.0000,1077.4123,1346.8881,1587.2188,1940.4358,2243.5421,2395.3692,2602.2300,2555.5686,2890.1404,2426.9279
2021-03-21,29,-9999.0000,-9999.0000,-9999.0000,-9999.0000,-9999.0000,-9999.0000,-9999.0000,-9999.0000,-9999.0000,-9999.0000,-9999.0000
2021-03-21,29,-9999.0000,-9999.0000,-9999.0000,-9999.0000,-9999.0000,-9999.0000,-9999.0000,-9999.0000,-9999.0000,-9999.0000,-9999.0000
2021-03-24,29,1259.0000,1734.0626,2178.9551,2517.3838,2947.9069,3371.6851,3511.0780,3768.3803,3687.8206,4052.7421,3532.6099
2021-03-24,29,1312.0000,1748.3860,2197.5959,2519.2254,2983.2755,3387.6764,3510.6851,3768.1884,3686.5205,4057.2808,3509.3697
2021-03-26,29,1314.0000,1756.3089,2121.6215,2392.0115,2885.9956,3285.5922,3476.1216,3686.4188,3661.6169,4196.5274,3748.6488
2021-03-26,29,1355.0000,1755.3072,2106.3082,2358.8916,2824.5684,3239.4005,3435.6578,3643.9924,3587.8403,4179.1736,3784.3673
2021-03-29,29,1233.0000,1602.8761,1962.0158,2149.3056,2627.8259,3059.9956,3276.3265,3394.6453,3434.9693,3830.6554,3416.3008
2021-03-29,29,1285.4560,1665.8856,2025.7783,2214.7426,2663.0409,3146.9970,3362.8420,3497.3750,3531.3191,3863.4642,3445.1235
2021-03-31,29,1335.0000,1703.6515,2151.2744,2376.6883,2876.4271,3478.7544,3637.9984,3797.7238,3813.8324,4100.4976,3513.0062
2021-03-31,29,1330.0000,1634.9137,2055.2870,2281.3929,2742.9559,3302.2909,3477.6321,3641.6034,3657.0576,4023.3248,3466.2457
2021-04-03,29,1038.0000,1385.8581,1811.5711,2008.2286,2505.1332,3129.0000,3315.5091,3526.2259,3495.0000,3701.2173,3156.5064
2021-04-03,29,1072.0000,1403.8408,1810.1065,1993.0519,2487.7601,3076.2886,3271.2094,3480.8519,3448.8522,3656.3383,3150.4930
2021-04-05,29,1225.0000,1642.9525,2055.9250,2230.9281,2728.3968,3409.8813,3620.9319,3862.6508,3767.2033,3991.7533,3543.5547
2021-04-05,29,1227.0000,1667.0252,2088.2680,2232.4527,2774.5696,3414.6382,3608.0983,3878.3709,3769.4162,4005.8959,3527.1349
2021-04-08,29,1045.0927,1468.2538,1866.7819,2055.3438,2556.0000,3193.8709,3401.8648,3747.9781,3580.0000,3718.7126,3256.9813
2021-04-08,29,1077.0000,1490.2715,1884.4025,2055.7387,2534.9675,3175.7472,3382.3298,3729.3138,3560.0000,3720.1817,3270.1009
2021-04-10,29,1329.0000,1671.2923,2132.9909,2310.4083,2919.1126,3625.9576,3818.7690,4022.6767,3975.6891,4040.7831,3368.3257
2021-04-10,29,1355.2461,1634.5956,2038.9545,2215.0670,2804.0489,3495.6280,3660.3898,3878.4839,3828.9972,3961.8315,3334.2402
2021-04-15,29,904.0000,1057.0886,1272.8882,1357.0336,1784.7735,2314.6410,2477.0157,2659.2757,2596.4518,2309.7023,1699.0000
2021-04-15,29,938.4600,1068.9286,1281.6363,1365.6061,1789.4450,2313.8743,2483.3498,2667.1368,2595.3106,2314.0028,1701.5220
2021-04-20,29,-9999.0000,-9999.0000,-9999.0000,-9999.0000,-9999.0000,-9999.0000,-9999.0000,-9999.0000,-9999.0000,-9999.0000,-9999.0000
2021-04-20,29,-9999.0000,-9999.0000,-9999.0000,-9999.0000,-9999.0000,-9999.0000,-9999.0000,-9999.0000,-9999.0000,-9999.0000,-9999.0000
2021-04-23,29,1087.0000,1365.2423,1830.8093,1943.3486,2634.0000,3465.6069,3701.1843,3910.8211,3861.0635,3675.4059,2928.4997
2021-04-23,29,1098.0000,1354.9156,1783.6844,1879.9018,2504.1031,3315.3947,3555.0000,3749.8749,3720.6789,3579.0980,2873.0000
2021-04-25,29,1130.5153,1443.2809,1895.3823,1960.9011,2630.2334,3478.6568,3767.4318,3976.9256,3953.9706,3821.0000,3201.0000
2021-04-25,29,1119.0000,1426.5070,1827.0827,1881.2921,2504.9647,3335.8898,3640.0718,3830.5775,3817.4040,3747.5537,3117.0011
2021-04-28,29,1026.0000,1367.5913,1781.4821,1831.5020,2469.3592,3269.1192,3578.9866,3669.2062,3748.3386,3387.6146,2850.0000
2021-04-28,29,1020.2398,1362.2497,1765.1420,1831.3493,2422.5392,3245.0834,3529.0173,3623.1162,3673.8263,3371.3500,2823.5681
2021-04-30,29,-9999.0000,-9999.0000,-9999.0000,-9999.0000,-9999.0000,-9999.0000,-9999.0000,-9999.0000,-9999.0000,-9999.0000,-9999.0000
2021-04-30,29,-9999.0000,-9999.0000,-9999.0000,-9999.0000,-9999.0000,-9999.0000,-9999.0000,-9999.0000,-9999.0000,-9999.0000,-9999.0000
2021-05-03,29,593.0000,738.3066,1090.4454,1131.5781,1666.5440,2555.5252,2803.0192,2955.3771,2971.5680,2492.1226,1794.9292
2021-05-03,29,626.0000,770.8147,1123.3660,1131.0000,1652.0000,2531.7934,2787.3180,2931.4214,2953.9518,2490.0991,1819.0158
2021-05-05,29,-9999.0000,-9999.0000,-9999.0000,-9999.0000,-9999.0000,-9999.0000,-9999.0000,-9999.0000,-9999.0000,-9999.0000,-9999.0000
2021-05-05,29,-9999.0000,-9999.0000,-9999.0000,-9999.0000,-9999.0000,-9999.0000,-9999.0000,-9999.0000,-9999.0000,-9999.0000,-9999.0000
2021-05-08,29,412.0000,625.4549,985.2294,940.0179,1525.2465,2466.3579,2769.0000,2903.3964,2937.6002,2233.9597,1524.0580
2021-05-08,29,515.0000,685.0000,1001.6446,938.4023,1513.9988,2403.9084,2692.1337,2833.1438,2858.8241,2197.0000,1505.9963
2021-05-10,29,813.0000,939.1851,1379.1624,1334.3412,2017.0000,3195.0000,3508.1560,3561.6612,3706.8197,2913.4085,2162.7067
2021-05-10,29,844.0000,970.9923,1385.6234,1323.2048,1988.6861,3116.2138,3403.4375,3473.7212,3604.0208,2902.9303,2147.4971
2021-05-13,29,936.0000,1001.4359,1268.8323,1197.5856,1673.4915,2381.0000,2586.3332,2626.8565,2700.2768,1673.2817,1157.8501
2021-05-13,29,876.0000,969.8103,1256.0000,1180.3363,1673.0000,2405.2049,2619.4182,2675.4573,2738.4047,1685.5573,1152.0000
2021-05-15,29,725.0000,888.2876,1243.5293,1114.2960,1838.2922,2981.7092,3351.8087,3416.2699,3494.6911,2467.5575,1612.4280
2021-05-15,29,688.6650,891.1519,1267.4363,1132.6473,1882.6654,3079.8175,3444.8031,3509.2548,3603.9537,2507.0569,1596.1834
2021-05-18,29,416.0000,605.0026,931.7396,883.9022,1453.3245,2394.9447,2690.5876,2797.1608,2835.7315,1987.3758,1322.8472
2021-05-18,29,480.0000,637.9228,953.5827,891.8654,1443.9464,2370.6029,2651.4713,2786.1101,2811.6683,1972.7898,1331.0890
2021-05-20,29,477.0000,603.4857,1004.1249,923.7277,1610.8602,2691.8235,2939.3959,3094.3173,3107.1863,2130.0114,1355.9048
2021-05-20,29,553.0000,645.2139,1011.2224,939.0144,1588.0771,2644.5375,2870.8202,3029.8709,3063.7699,2123.6637,1355.9821
2021-05-23,29,1324.0000,1381.7826,1616.2926,1500.0000,2016.4890,2822.0000,3045.0281,3098.8727,3166.2487,2007.0000,1490.0000
2021-05-23,29,1334.0000,1400.2979,1649.5467,1516.5459,2050.0549,2881.0354,3123.0573,3179.2517,3242.9268,2033.9191,1497.5897
2021-05-25,29,-9999.0000,-9999.0000,-9999.0000,-9999.0000,-9999.0000,-9999.0000,-9999.0000,-9999.0000,-9999.0000,-9999.0000,-9999.0000
2021-05-25,29,-9999.0000,-9999.0000,-9999.0000,-9999.0000,-9999.0000,-9999.0000,-9999.0000,-9999.0000,-9999.0000,-9999.0000,-9999.0000
2021-05-28,29,433.0000,604.2816,925.2069,898.9335,1435.7814,2307.0454,2572.0702,2707.9035,2729.3340,1862.0000,1257.9054
2021-05-28,29,522.0000,657.7408,937.2502,898.5449,1395.9257,2250.1093,2505.3706,2651.0731,2668.5251,1825.5342,1261.0156
2021-05-30,29,628.0000,756.8706,1169.6063,1173.0412,1795.2767,2916.0016,3160.6547,3336.3072,3385.9827,2394.0784,1674.4168
2021-05-30,29,653.0000,788.5034,1171.4258,1171.1747,1738.4562,2860.9351,3110.3839,3273.3311,3322.0600,2360.8791,1669.3680
2021-06-02,29,617.4481,904.9710,1333.5999,1402.0513,2007.0112,3074.8571,3467.9382,3607.2642,3689.8232,2758.0618,2052.2739
2021-06-02,29,757.0002,938.8959,1319.8738,1369.0722,1925.0247,2995.6789,3355.0047,3507.2643,3576.0577,2684.7681,1992.0000
2021-06-04,29,1461.0000,1451.6515,1764.4699,1707.1191,2178.6673,2861.0827,3154.1855,3195.3519,3253.0000,2461.5699,1963.5369
2021-06-04,29,1533.0000,1482.2973,1810.8756,1746.7108,2257.7907,2928.3754,3232.3412,3260.3906,3318.0990,2468.6758,1970.8836
2021-06-07,29,974.0000,1082.0000,1309.2574,1274.6085,1765.3630,2537.2491,2821.0000,2802.1569,2979.4716,2117.0000,1563.4493
2021-06-07,29,969.0000,1077.0322,1321.2047,1282.8103,1781.0000,2564.9669,2852.2645,2851.4303,3017.4258,2118.0000,1530.7971
2021-06-09,29,1075.0000,1147.4502,1530.5274,1544.6911,2141.1469,3109.1088,3419.1863,3537.8154,3691.9145,2904.2684,2173.6591
2021-06-09,29,1057.0000,1169.9734,1570.2143,1608.5121,2200.1102,3225.0000,3554.4181,3641.2060,3811.0000,2954.7811,2150.0169
2021-06-12,29,741.0000,984.7596,1446.6620,1527.5499,2166.8950,3125.7805,3492.0631,3590.5653,3787.8174,2957.5767,2215.5666
2021-06-12,29,833.0000,1034.9975,1427.9668,1494.2581,2038.2172,3023.0000,3355.0000,3463.9411,3640.5935,2841.2293,2136.0365
2021-06-14,29,854.0000,1113.3775,1510.0329,1590.1668,2213.8295,3124.4187,3546.8789,3671.1479,3772.9545,3206.1247,2499.3742
2021-06-14,29,798.3139,1129.8602,1558.2272,1651.9395,2228.0623,3209.1301,3582.5089,3734.2868,3844.0834,3178.7663,2450.8092
2021-06-17,29,657.0000,998.6385,1445.5475,1572.8871,2176.0000,3001.4855,3379.3373,3477.6958,3659.9277,3141.9505,2473.5391
2021-06-17,29,780.0000,1045.1398,1402.0000,1529.0115,2019.3713,2829.9964,3161.0000,3274.9935,3445.0000,2982.1720,2390.0000
2021-06-19,29,1244.9995,1603.2815,1995.5011,2266.9598,2627.1245,2907.3079,3083.0000,3059.5214,3309.0000,3595.3214,3140.0462
2021-06-19,29,1238.0000,1611.9032,2002.5590,2274.6584,2633.9723,2907.3503,3067.1380,3065.6778,3317.3706,3588.9666,3140.9302
2021-06-22,29,1169.0000,1587.2416,1979.5715,2354.6810,2628.6629,2776.5473,2916.7261,2955.0999,3092.3445,3707.2193,3304.8306
2021-06-22,29,1193.0000,1564.1918,1930.9070,2291.8850,2554.8223,2737.5176,2890.6667,2915.6091,3051.6559,3670.7267,3289.0138
2021-06-24,29,1335.0000,1867.5148,2252.3204,2643.9948,2932.0576,3022.0000,3245.0000,3227.8755,3396.2314,4036.5823,3750.6908
2021-06-24,29,1370.0000,1883.1039,2267.3042,2643.0059,2946.0000,3032.5376,3250.6781,3234.4119,3404.9852,4044.0667,3752.6197
2021-06-27,29,-9999.0000,-9999.0000,-9999.0000,-9999.0000,-9999.0000,-9999.0000,-9999.0000,-9999.0000,-9999.0000,-9999.0000,-9999.0000
2021-06-27,29,2033.0000,2245.1135,2480.0000,2626.9615,2938.8957,3254.0000,3497.0000,3521.1847,3598.5000,3107.5123,2747.6937
2021-06-29,29,1405.0000,1866.3448,2313.4758,2707.2652,3018.9769,3185.5447,3307.8041,3297.6343,3501.0965,4049.9358,3575.2329
2021-06-29,29,1449.0000,1890.3768,2329.6459,2730.7912,3043.9104,3196.8040,3340.1094,3307.2826,3508.1998,4056.4118,3574.7386
2021-07-02,29,1217.4834,1650.1625,2042.2301,2440.4167,2731.6911,2889.6795,3036.2923,3068.0557,3210.3930,3779.2916,3319.2710
2021-07-02,29,1274.0000,1667.5402,2066.1153,2454.8766,2754.5212,2907.9311,3052.4945,3083.4391,3219.7472,3789.3429,3334.2519
2021-07-04,29,1286.0000,1650.7547,1962.7668,2242.7466,2581.7488,2779.0000,3019.9525,2971.1855,3186.8422,3723.8695,3367.9095
2021-07-07,29,859.0000,1170.8176,1514.0285,1826.4716,2124.6087,2361.6782,2548.3974,2546.0658,2700.4007,3225.1864,2778.6220
2021-07-07,29,893.0000,1172.5039,1506.7138,1795.1620,2084.0193,2339.3750,2530.4130,2531.9177,2686.0000,3202.0070,2760.2749
2021-07-09,29,1463.0000,1890.8861,2375.2941,2741.9235,3157.5073,3459.6143,3604.7337,3666.1731,3764.9180,4344.6429,3751.1154
2021-07-09,29,1394.4930,1810.4542,2278.9573,2628.8715,3048.6727,3363.9399,3515.7602,3579.2865,3676.0200,4278.9285,3718.5245
2021-07-12,29,962.0000,1315.4176,1714.7864,1907.3046,2221.0546,2512.9939,2661.0226,2626.3754,2786.4946,2899.6000,2372.6209
2021-07-12,29,1010.0000,1299.0790,1659.0265,1820.3547,2140.0613,2467.4887,2620.3725,2577.9213,2731.7894,2842.0375,2346.2126
2021-07-14,29,-9999.0000,-9999.0000,-9999.0000,-9999.0000,-9999.0000,-9999.0000,-9999.0000,-9999.0000,-9999.0000,-9999.0000,-9999.0000
2021-07-19,29,-9999.0000,-9999.0000,-9999.0000,-9999.0000,-9999.0000,-9999.0000,-9999.0000,-9999.0000,-9999.0000,-9999.0000,-9999.0000
2021-07-19,29,-9999.0000,-9999.0000,-9999.0000,-9999.0000,-9999.0000,-9999.0000,-9999.0000,-9999.0000,-9999.0000,-9999.0000,-9999.0000
2021-07-22,29,997.0000,1290.7473,1626.9820,1899.0567,2179.6299,2323.5786,2469.3200,2427.1991,2626.6034,3281.5207,2856.6181
2021-07-22,29,1027.0000,1291.0882,1611.4457,1866.3977,2156.8121,2331.3462,2484.3348,2427.3518,2635.0704,3251.9062,2824.2532
2021-07-24,29,1267.0000,1556.6428,1829.6386,2017.9736,2307.5508,2585.4931,2866.1905,2810.5220,2987.1351,3490.8222,3193.9501
2021-07-24,29,1250.0000,1698.2946,2035.0126,2299.8993,2571.4353,2770.0806,3027.1404,2978.1185,3169.0705,3684.1284,3287.6408
2021-07-29,29,1159.0000,1555.3490,1939.7156,2278.6494,2579.7977,2765.0691,2869.1922,2866.1214,3021.4991,3626.9174,3179.5969
2021-07-29,29,1113.0000,1490.7213,1851.8942,2169.8347,2465.8444,2690.3172,2811.6902,2795.3049,2964.0676,3557.5658,3128.1957
2021-08-01,29,591.0000,755.6481,947.1975,1067.5033,1196.2966,1372.9953,1460.4493,1324.4985,1547.2634,1552.4704,1210.6251
2021-08-01,29,541.0000,755.0715,947.7060,1074.0144,1209.3353,1381.3964,1493.4135,1340.0000,1581.2355,1552.2179,1237.0023
2021-08-03,29,1242.4223,1787.1142,2130.8011,2440.0928,2723.5671,2877.0000,3059.8770,3042.0928,3146.4214,3747.6243,3430.3397
2021-08-03,29,1235.0000,1739.7176,2075.7934,2376.6333,2652.6293,2827.9830,3010.8495,3009.9986,3114.5717,3684.0477,3382.7374
2021-08-06,29,904.0000,1330.9421,1643.4395,1923.5293,2180.0858,2403.8195,2581.9080,2571.3355,2695.8843,3218.5529,2984.7179
2021-08-06,29,917.0000,1347.0217,1659.0021,1923.5688,2179.8022,2402.5572,2581.7383,2571.1624,2695.1948,3221.0657,2983.7668
2021-08-08,29,-9999.0000,-9999.0000,-9999.0000,-9999.0000,-9999.0000,-9999.0000,-9999.0000,-9999.0000,-9999.0000,-9999.0000,-9999.0000
2021-08-11,29,1001.0000,1379.7144,1714.2553,1969.3405,2244.9400,2485.5661,2627.4210,2595.7577,2756.9929,3237.1750,2834.2989
2021-08-11,29,1045.0000,1394.1917,1715.2964,1962.7271,2225.7278,2468.2022,2626.9994,2595.4674,2748.9794,3220.9858,2825.7782
2021-08-13,29,1235.0000,1675.9107,2003.0183,2228.5546,2514.0464,2793.9962,3026.8851,2946.6455,3137.9579,3124.2026,2730.3920
2021-08-13,29,1339.0000,1650.3308,1947.3415,2138.0655,2419.0268,2721.9907,2987.6190,2894.0000,3083.1616,3081.5007,2675.4994
2021-08-16,29,952.0000,1395.3818,1731.0544,1938.7496,2219.4075,2465.8540,2674.9697,2603.0521,2772.2959,3131.2241,2845.4976
2021-08-16,29,975.0000,1396.8774,1706.3811,1915.1264,2180.0893,2441.0501,2650.7791,2587.3885,2755.8286,3098.4267,2821.8262
2021-08-18,29,1191.0000,1642.8835,2026.7462,2307.2768,2602.9714,2892.0000,3005.2263,3074.6627,3139.0160,3572.1706,3144.5588
2021-08-18,29,1154.0000,1579.5498,1947.1556,2202.9935,2491.0649,2802.0079,2938.4638,3002.0109,3065.6519,3506.4809,3111.0476
2021-08-21,29,1023.0000,1386.9735,1730.5800,1978.3536,2258.0757,2541.4480,2683.9233,2667.6912,2811.6626,3211.2418,2770.5145
2021-08-21,29,1076.0000,1376.6429,1682.7152,1899.6847,2178.8339,2474.4017,2627.9027,2619.5496,2755.9891,3155.8915,2747.1510
2021-08-26,29,934.0000,1347.4482,1668.0545,1884.6216,2162.4589,2456.5418,2657.6533,2644.1475,2748.6550,3131.4215,2833.5600
2021-08-26,29,969.0000,1378.8785,1690.9776,1907.5848,2179.4552,2476.9623,2667.6320,2658.8772,2764.0264,3133.2353,2842.3348
2021-08-28,29,-9999.0000,-9999.0000,-9999.0000,-9999.0000,-9999.0000,-9999.0000,-9999.0000,-9999.0000,-9999.0000,-9999.0000,-9999.0000
2021-08-28,29,-9999.0000,-9999.0000,-9999.0000,-9999.0000,-9999.0000,-9999.0000,-9999.0000,-9999.0000,-9999.0000,-9999.0000,-9999.0000
2021-08-31,29,-9999.0000,-9999.0000,-9999.0000,-9999.0000,-9999.0000,-9999.0000,-9999.0000,-9999.0000,-9999.0000,-9999.0000,-9999.0000
2021-08-31,29,-9999.0000,-9999.0000,-9999.0000,-9999.0000,-9999.0000,-9999.0000,-9999.0000,-9999.0000,-9999.0000,-9999.0000,-9999.0000
2021-09-02,29,994.0000,1522.7974,1889.2617,2150.3221,2523.7307,2865.5303,3089.3917,3186.8139,3230.5354,3635.0575,3269.9065
2021-09-02,29,1012.0000,1484.3315,1827.3108,2073.6682,2426.8106,2782.0177,3019.0700,3115.9412,3154.6747,3579.2747,3236.0000
2021-09-05,29,901.0000,1362.1346,1706.7854,1946.0664,2244.4967,2614.0000,2824.7322,2916.6057,2973.0010,3276.9704,2966.9460
2021-09-05,29,923.0000,1378.2873,1722.9885,1947.5011,2250.0000,2602.0025,2824.6866,2906.0000,2971.2318,3272.0000,2984.0087
2021-09-07,29,1161.0000,1650.9021,2067.6131,2341.2520,2717.5576,3147.0000,3314.1302,3418.6767,3505.2960,3755.1994,3253.7374
2021-09-07,29,1192.0000,1595.8469,1986.9609,2247.2630,2618.9312,3042.4370,3243.7805,3340.1377,3411.2116,3689.7521,3206.6083
2021-09-10,29,715.0000,1026.7848,1323.8909,1586.7192,1803.2494,2132.0000,2282.0000,2316.5283,2427.5590,2763.0572,2379.6654
2021-09-10,29,818.0066,1051.2199,1322.9508,1563.1997,1779.1264,2102.5000,2267.6876,2299.1202,2407.0000,2731.4477,2354.5182
2021-09-12,29,857.0000,1317.2111,1603.5582,1859.1418,2117.0522,2333.5996,2507.4238,2523.0706,2617.9942,3179.4828,2912.4839
2021-09-12,29,930.0000,1300.6744,1565.2439,1794.1908,2042.6475,2281.5884,2452.0567,2474.3388,2561.4128,3123.9195,2892.9791
2021-09-20,29,417.0000,600.5918,825.5901,989.4337,1229.3184,1419.2870,1542.0000,1548.8839,1678.0000,1945.1329,1449.1225
2021-09-20,29,448.0000,617.8797,833.5032,993.6069,1237.8597,1403.4150,1522.6809,1547.9714,1650.0045,1949.7248,1449.2389
2021-09-22,29,1112.0000,1730.0000,1880.0000,1918.0000,2200.0000,2659.0000,2783.0000,3016.0000,2917.0000,2697.0000,2049.0000
2021-09-25,29,-9999.0000,-9999.0000,-9999.0000,-9999.0000,-9999.0000,-9999.0000,-9999.0000,-9999.0000,-9999.0000,-9999.0000,-9999.0000
2021-09-25,29,-9999.0000,-9999.0000,-9999.0000,-9999.0000,-9999.0000,-9999.0000,-9999.0000,-9999.0000,-9999.0000,-9999.0000,-9999.0000
2021-09-27,29,1043.0000,1121.1672,1317.4253,1404.9804,1738.0512,2029.0000,2161.9866,2135.8749,2294.0000,2513.0000,1884.7428
2021-09-27,29,1096.0000,1157.3987,1337.5546,1401.1179,1722.0985,2008.9236,2147.3315,2119.6074,2247.3801,2493.4779,1861.1554
2021-09-30,29,718.0000,1107.6910,1419.6582,1659.2543,1906.3384,2130.7251,2250.1529,2307.8295,2387.9606,2797.0000,2396.6821
2021-09-30,29,775.0000,1141.7303,1434.3165,1660.0455,1892.5431,2117.8611,2227.1315,2290.8728,2365.3197,2780.3329,2379.3151
2021-10-02,29,1584.0000,1932.0000,2114.0000,2156.1903,2466.0000,2649.5531,2785.4129,2853.8170,2837.3412,2737.4304,2435.3845
2021-10-05,29,-9999.0000,-9999.0000,-9999.0000,-9999.0000,-9999.0000,-9999.0000,-9999.0000,-9999.0000,-9999.0000,-9999.0000,-9999.0000
2021-10-10,29,-9999.0000,-9999.0000,-9999.0000,-9999.0000,-9999.0000,-9999.0000,-9999.0000,-9999.0000,-9999.0000,-9999.0000,-9999.0000
2021-10-10,29,-9999.0000,-9999.0000,-9999.0000,-9999.0000,-9999.0000,-9999.0000,-9999.0000,-9999.0000,-9999.0000,-9999.0000,-9999.0000
2021-10-15,29,895.0000,1362.1249,1643.1838,1810.2468,2043.3438,2245.3187,2384.7508,2529.8729,2506.0379,2729.7331,2436.0397
2021-10-15,29,976.0000,1388.8865,1643.2263,1793.5323,2016.5045,2233.2124,2365.5117,2513.3157,2485.2699,2723.7644,2426.5275
2021-10-17,29,1074.0000,1506.1559,1890.6918,2122.9928,2411.1528,2650.0172,2746.2182,2931.1881,2917.6909,3354.9023,2896.0000
2021-10-17,29,1122.0000,1530.9791,1899.0746,2140.0900,2427.4200,2643.2296,2750.5229,2931.1673,2915.2750,3356.2885,2917.8101
2021-10-27,29,924.0000,1323.6548,1690.7195,2042.7315,2227.4529,2353.4104,2436.9678,2570.6304,2603.7122,3361.9143,3205.6120
2021-10-27,29,925.0000,1346.0604,1707.2856,2067.1365,2251.9735,2376.0000,2460.2766,2586.9243,2620.9459,3368.0000,3152.5312
2021-10-30,29,831.0000,764.0000,912.0000,1036.0000,1138.0000,1180.0000,1256.0000,1259.0000,1307.0000,1585.0000,1368.0000
2021-10-30,29,1109.0000,995.0000,1141.2500,1278.0000,1378.9577,1429.0000,1521.5148,1498.7657,1578.0000,1753.7996,1558.0367
2021-11-04,29,136.0000,393.1082,533.3834,693.3281,761.0000,793.3467,844.4679,905.9272,910.4688,965.4830,821.1522
2021-11-04,29,6.0000,305.3575,465.8881,653.3194,730.4574,761.7017,821.3240,875.8821,888.2620,970.0657,829.3065
2021-11-06,29,653.0000,930.8449,1297.5905,1672.7437,1869.1615,1964.1826,2042.2667,2136.5608,2195.9238,2514.4251,1989.7199
2021-11-06,29,832.0039,1019.0337,1323.2224,1626.8389,1779.9482,1915.3578,1990.0115,2059.6465,2132.7488,2450.4331,1943.9452
2021-11-11,29,835.0000,1235.5247,1514.7457,1731.3153,1964.4682,2062.5009,2202.7716,2219.2794,2284.0000,2547.1050,2069.1825
2021-11-11,29,916.4990,1277.3905,1531.1327,1731.1158,1946.9642,2052.0004,2194.9431,2202.8531,2258.1552,2533.7753,2069.0218
2021-11-19,29,767.0000,981.6455,1280.9942,1353.3370,1655.0000,1941.3175,2053.0000,2097.8255,2163.0000,2149.7124,1580.1999
2021-11-19,29,786.4965,985.6805,1284.7160,1353.5660,1666.5000,1944.7042,2051.5821,2114.6166,2167.0000,2148.8174,1595.4543
2021-11-24,29,368.0000,673.5308,988.4309,1003.5779,1419.8579,1866.2396,1987.8717,2139.9311,2102.5417,1970.5733,1523.9475
2021-11-24,29,367.0000,665.6418,980.1793,995.6949,1387.4429,1851.9451,1989.2911,2138.9425,2106.4149,1963.0967,1493.2787
2021-11-29,29,216.0000,545.7911,1019.4374,1061.6644,1661.4490,2314.7977,2482.8093,2666.0286,2628.4622,2317.5629,1593.6872
2021-11-29,29,256.0000,561.1712,1026.9543,1057.2662,1642.5592,2314.6522,2481.2856,2668.4683,2626.4011,2301.0099,1573.4335
2021-12-01,29,255.0000,617.7589,973.0349,937.3651,1457.9618,2097.5053,2268.9953,2337.1488,2341.0000,2009.6444,1347.0000
2021-12-01,29,296.4933,636.3748,980.9556,941.4921,1450.3046,2089.0646,2275.4001,2340.6653,2337.6269,2001.5737,1341.0236
2021-12-06,29,156.0000,425.3779,841.8216,885.6108,1481.3306,2219.1057,2339.0000,2532.3704,2459.7086,2066.0831,1368.0000
2021-12-06,29,432.0000,590.4398,929.7778,928.9927,1453.4556,2122.9875,2245.5017,2436.2446,2379.3313,2013.7388,1345.0264
2021-12-14,29,-9999.0000,-9999.0000,-9999.0000,-9999.0000,-9999.0000,-9999.0000,-9999.0000,-9999.0000,-9999.0000,-9999.0000,-9999.0000
2021-12-14,29,-9999.0000,-9999.0000,-9999.0000,-9999.0000,-9999.0000,-9999.0000,-9999.0000,-9999.0000,-9999.0000,-9999.0000,-9999.0000
2021-12-16,29,175.0000,377.8208,777.2231,773.5656,1365.6711,2117.0202,2242.9066,2330.2626,2357.3443,1961.9785,1294.0000
2021-12-16,29,382.0000,536.2175,868.7297,829.6914,1365.9490,2083.3363,2195.8025,2274.4697,2308.4445,1939.0000,1277.1459
2021-12-29,29,-9999.0000,-9999.0000,-9999.0000,-9999.0000,-9999.0000,-9999.0000,-9999.0000,-9999.0000,-9999.0000,-9999.0000,-9999.0000
2021-12-31,29,-9999.0000,-9999.0000,-9999.0000,-9999.0000,-9999.0000,-9999.0000,-9999.0000,-9999.0000,-9999.0000,-9999.0000,-9999.0000
2021-12-31,29,-9999.0000,-9999.0000,-9999.0000,-9999.0000,-9999.0000,-9999.0000,-9999.0000,-9999.0000,-9999.0000,-9999.0000,-9999.0000
2022-01-08,29,228.0000,430.5999,749.5711,725.5112,1314.0000,2285.1549,2477.0388,2707.5265,2594.4072,1668.6875,1032.8486
2022-01-08,29,207.0000,393.6457,721.2201,701.2921,1301.0000,2318.3471,2489.0953,2746.9683,2624.6734,1677.2507,1030.0246
2022-01-13,29,-9999.0000,-9999.0000,-9999.0000,-9999.0000,-9999.0000,-9999.0000,-9999.0000,-9999.0000,-9999.0000,-9999.0000,-9999.0000
2022-01-13,29,-9999.0000,-9999.0000,-9999.0000,-9999.0000,-9999.0000,-9999.0000,-9999.0000,-9999.0000,-9999.0000,-9999.0000,-9999.0000
2022-01-15,29,167.0000,362.3991,761.4923,720.8756,1377.1871,2380.0633,2538.3776,2652.5805,2652.0941,1789.6284,1109.0000
2022-01-15,29,377.0000,518.4631,853.6139,781.8405,1373.4070,2299.5621,2459.2234,2586.1785,2562.0000,1764.4618,1110.0344
2022-01-18,29,57.0000,304.2858,673.5605,653.3949,1285.7793,2195.3926,2361.7203,2523.1538,2466.1846,1732.7086,1085.1354
2022-01-18,29,222.0000,396.6084,717.4959,681.8981,1264.6211,2139.3558,2315.0199,2474.4614,2426.0671,1714.2477,1072.9310
2022-01-20,29,720.0000,926.8318,1076.9463,1036.8846,1561.6187,2291.6877,2492.4639,2610.9026,2601.7803,1985.9462,1290.3376
2022-01-20,29,711.0000,910.0591,1064.9877,1025.0526,1536.9177,2259.8269,2465.9088,2587.2917,2585.9783,1976.4790,1277.9085
2022-01-23,29,330.0000,594.6992,870.6105,861.6323,1409.2737,2145.8647,2336.0000,2481.3556,2468.7036,1752.0000,1176.0000
2022-01-23,29,531.0000,728.5740,948.3868,913.1976,1414.2543,2093.4574,2282.3931,2409.1565,2404.9894,1729.2304,1169.0000
2022-01-25,29,518.5055,552.2155,921.3388,961.5650,1526.0070,2204.9394,2364.6423,2512.9111,2456.6783,2149.4971,1481.4118
2022-01-25,29,699.0000,792.0000,1062.0000,1053.1907,1544.7604,2160.0000,2298.9883,2428.2917,2410.2492,2113.0000,1465.4272
2022-01-28,29,388.0000,486.2940,830.2735,881.1176,1405.8581,2004.0000,2153.1344,2347.6292,2261.9846,1977.5412,1352.9966
2022-01-28,29,535.0000,722.2823,968.2670,968.6351,1402.4507,1968.5307,2105.0000,2269.4129,2221.4727,1948.4915,1341.5962
2022-01-30,29,418.0000,753.3249,973.4361,1028.7626,1461.5906,1988.6523,2178.7319,2298.8811,2291.8104,2097.2436,1529.9512
2022-01-30,29,493.0000,789.5035,996.9741,1041.2942,1465.9645,1985.5233,2154.7028,2290.6674,2282.6411,2089.0000,1536.6275
2022-02-02,29,454.0000,674.2168,914.2218,953.8659,1359.0000,1833.9257,1980.0000,2121.9699,2101.5934,1844.6002,1413.2459
2022-02-02,29,531.0000,736.1970,946.5120,968.9276,1349.8109,1814.3168,1961.0617,2100.2766,2079.0000,1833.0000,1414.0478
2022-02-07,29,624.0000,766.1203,1020.2685,1060.8441,1450.3315,1953.0284,2084.9307,2266.6790,2214.0000,2080.6107,1523.9270
2022-02-07,29,673.0000,804.0554,1058.0000,1073.0631,1458.3699,1945.3793,2081.2660,2269.5180,2216.7002,2081.0000,1531.0263
2022-02-09,29,380.0000,691.1692,1011.7074,1083.9742,1531.3742,2145.6406,2346.5338,2567.6774,2468.7780,2329.3831,1754.6040
2022-02-09,29,625.0000,837.2457,1074.3062,1114.7000,1507.0716,2051.3887,2220.2487,2451.1021,2356.4405,2259.3628,1731.4958
2022-02-12,29,602.0000,865.4155,1137.5016,1217.2189,1584.6952,2066.4811,2227.7097,2451.9107,2356.5659,2344.4691,1969.5056
2022-02-12,29,661.0000,893.3976,1149.1773,1216.5021,1587.3543,2059.1765,2220.0000,2435.0993,2353.4520,2339.0014,1970.5687
2022-02-22,29,413.0000,650.2141,977.4696,956.9020,1428.6855,2099.7288,2290.5463,2523.5651,2433.7624,2013.0020,1475.1660
2022-02-22,29,456.0000,678.2120,989.7730,957.8044,1426.4681,2108.4477,2300.4117,2532.1321,2428.1776,2005.0625,1467.2662
2022-02-24,29,816.0000,916.2201,1268.6776,1213.3999,1737.1821,2505.0000,2677.7262,2889.9637,2811.7125,2322.9376,1659.5882
2022-02-24,29,983.0000,1056.0000,1364.0000,1268.8083,1780.9848,2540.4021,2723.2165,2899.4283,2850.5757,2340.3879,1657.4314
2022-02-27,29,648.0000,772.3964,1081.4240,1005.4673,1537.0555,2321.5179,2529.0759,2747.2883,2656.2996,2195.5012,1516.1984
2022-02-27,29,717.0000,802.3980,1096.9184,1004.8221,1529.2250,2319.0000,2515.3331,2730.8553,2643.8614,2171.1388,1499.9850
2022-03-01,29,704.0000,889.1227,1180.7938,1080.5734,1641.3212,2564.5471,2802.6850,3074.6007,2924.3098,2427.0685,1754.6828
2022-03-01,29,692.0000,885.3772,1185.0504,1082.7693,1660.3232,2587.8567,2827.4242,3113.6449,2962.7716,2426.0000,1748.7069
2022-03-04,29,644.0000,885.3104,1237.0396,1163.5554,1794.3560,2821.4236,3099.7490,3395.2532,3242.1660,2609.3608,1980.4017
2022-03-04,29,728.0000,924.8483,1252.1869,1172.0590,1787.1565,2787.5225,3050.7229,3371.5521,3202.5948,2596.6562,1975.0000
2022-03-06,29,963.0000,1072.6626,1457.0056,1402.6114,2033.5657,3115.8113,3368.0000,3685.7004,3546.4720,3065.7842,2283.0000
2022-03-06,29,997.0000,1093.4180,1460.9205,1410.6083,2044.3891,3115.9711,3371.2458,3670.5690,3539.6568,3057.5012,2282.8897
2022-03-09,29,725.0000,896.2450,1323.0646,1298.7470,1957.2343,3144.7022,3418.1311,3688.1485,3574.2336,2900.9981,2114.3289
2022-03-09,29,746.0000,916.8955,1331.5567,1307.8627,1973.4180,3173.6034,3444.9705,3717.5726,3604.2321,2916.5556,2092.0000
2022-03-14,29,1063.0000,1314.9318,1683.7288,1554.2021,2310.5095,3659.0000,4089.1693,4311.8801,4259.0985,3290.9500,2463.0000
2022-03-14,29,1104.0000,1345.6049,1699.4408,1556.2231,2307.0000,3684.0000,4115.0000,4358.1271,4289.0000,3295.0000,2427.0000
2022-03-16,29,-9999.0000,-9999.0000,-9999.0000,-9999.0000,-9999.0000,-9999.0000,-9999.0000,-9999.0000,-9999.0000,-9999.0000,-9999.0000
2022-03-19,29,691.0000,853.6178,1221.0580,1109.1222,1774.0000,3315.9586,3703.3170,4087.1427,3916.1663,2763.3952,1861.0770
2022-03-19,29,742.0000,877.0741,1245.1047,1122.6856,1757.7183,3316.4864,3720.6121,4084.2640,3894.7515,2737.9723,1849.7191
2022-03-21,29,764.0000,952.9322,1289.6961,1106.3656,1746.9006,3461.0965,3929.0548,4372.0766,4103.8741,2789.9050,1858.8093
2022-03-21,29,787.0000,977.4776,1299.2467,1122.8690,1762.0000,3460.1089,3945.6437,4388.7031,4120.9285,2781.0323,1844.0304
2022-03-24,29,580.0000,741.3661,1052.4417,875.4534,1492.9015,3318.5848,3895.6624,4295.1866,4086.4433,2472.0000,1579.7355
2022-03-24,29,622.0000,777.4765,1070.0000,882.3505,1499.8626,3332.1997,3895.4640,4293.6566,4088.1806,2466.3016,1560.7024
2022-03-26,29,1068.0000,1056.7561,1284.2430,1056.8162,1634.2826,3427.7010,3975.2442,4324.3525,4183.0561,2594.0000,1562.9955
2022-03-26,29,1088.0000,1072.8147,1297.0991,1057.7722,1621.2196,3411.7873,3961.5236,4293.3156,4168.2950,2579.7587,1538.4696
2022-04-03,29,336.0000,408.0000,673.1114,389.3442,1044.9274,3137.0000,3894.2159,4166.7128,3991.1745,1685.6785,892.8808
2022-04-03,29,298.0000,376.2812,653.1092,358.2608,1022.0000,3253.2246,4038.9927,4293.2442,4117.4051,1690.3326,901.1221
2022-04-05,29,973.0000,872.8712,1109.1508,744.3754,1458.6753,3912.2563,4568.4538,4807.2698,4726.2149,2172.9994,1078.0144
2022-04-05,29,1012.0000,901.7094,1133.8591,757.2136,1475.7983,3911.1924,4565.2774,4806.1599,4713.1296,2167.2011,1074.0000
2022-04-08,29,-9999.0000,-9999.0000,-9999.0000,-9999.0000,-9999.0000,-9999.0000,-9999.0000,-9999.0000,-9999.0000,-9999.0000,-9999.0000
2022-04-10,29,314.0000,370.3671,624.9759,329.0315,985.8558,3347.0356,4232.2522,4581.8573,4373.3664,1546.5391,732.4888
2022-04-10,29,285.0000,342.1453,608.4852,301.0261,994.5479,3448.5420,4361.0000,4711.3828,4474.1484,1562.0000,737.5250
2022-04-15,29,494.0000,465.2032,737.0387,477.6894,1090.0127,3412.1564,4183.1411,4356.8450,4280.3143,1602.9687,846.4525
2022-04-15,29,555.0000,546.1369,796.3971,521.3668,1114.0030,3380.2477,4133.4890,4278.1006,4243.1773,1589.6836,845.5898
2022-04-18,29,262.0000,296.7950,556.0000,349.4684,899.3545,3059.1502,3909.8787,4150.2884,4083.5476,1402.9966,742.6861
2022-04-18,29,294.0000,269.7323,542.2152,334.1385,914.7711,3091.3065,3957.0408,4277.1233,4120.1680,1397.6202,738.0000
2022-04-20,29,420.0000,449.5004,604.2707,401.2061,824.6701,2475.3557,3177.1032,3398.0396,3287.1111,1129.9760,588.0237
2022-04-20,29,496.0000,529.2159,660.9612,450.4563,860.4506,2435.7642,3125.5166,3315.7034,3222.4664,1122.7102,589.0000
2022-04-23,29,-9999.0000,-9999.0000,-9999.0000,-9999.0000,-9999.0000,-9999.0000,-9999.0000,-9999.0000,-9999.0000,-9999.0000,-9999.0000
2022-04-25,29,501.0000,452.0000,646.0000,436.0000,929.0000,2239.0000,2736.0000,2696.0000,2795.0000,1169.0000,596.0000
2022-04-25,29,497.0000,412.1376,529.4919,316.7608,693.3361,2251.2988,2854.3926,2870.3504,2949.2112,874.4411,418.1314
2022-04-28,29,186.0000,194.3176,377.3715,221.8117,662.5170,2620.3149,3445.1771,3623.5358,3608.1323,1086.0000,513.5656
2022-04-28,29,288.0000,282.6131,441.2801,272.9594,695.0000,2571.5103,3366.8648,3558.7982,3561.3956,1089.0000,516.7514
2022-04-30,29,299.0000,340.1387,541.1661,346.0784,821.0000,2826.5497,3716.3424,4038.2565,3881.6178,1265.0000,661.6157
2022-04-30,29,420.0000,478.2951,637.0582,429.1004,856.8973,2732.1621,3590.0000,3832.0380,3746.4310,1256.0000,670.2540
2022-05-03,29,225.0000,277.8696,424.8518,273.6128,684.5011,2513.9419,3446.8353,3638.3973,3684.3352,1086.6880,590.3672
2022-05-03,29,194.0000,245.4892,401.7726,241.5905,677.5745,2554.2381,3513.1591,3704.7024,3724.9433,1072.7661,586.0000
2022-05-08,29,-9999.0000,-9999.0000,-9999.0000,-9999.0000,-9999.0000,-9999.0000,-9999.0000,-9999.0000,-9999.0000,-9999.0000,-9999.0000
2022-05-10,29,326.0000,374.2662,517.7978,325.9669,725.0857,2585.4825,3556.4132,3701.9585,3738.9741,1193.4840,630.0000
2022-05-10,29,415.0000,460.5024,577.2871,381.0247,757.6310,2515.0462,3467.0000,3590.0468,3635.3593,1185.0000,625.4946
2022-05-13,29,361.0000,437.2114,564.8632,437.0376,768.0000,2244.0568,3146.6755,3234.1776,3346.0000,1153.4997,721.6280
2022-05-13,29,426.0000,409.3447,561.6037,437.2315,793.9630,2281.7982,3188.3140,3330.5351,3394.9105,1158.3793,721.7763
2022-05-15,29,274.0000,277.1030,453.7750,313.7841,694.2236,2594.1655,3515.9407,3590.9596,3756.5003,1233.7730,641.1582
2022-05-15,29,392.0000,377.4797,529.6119,365.9163,738.1904,2530.6370,3387.5802,3492.3455,3644.8997,1234.0000,632.5295
2022-05-18,29,41.0000,81.5594,241.4262,157.1332,500.0000,2147.5344,3014.0000,3108.4980,3284.7580,1115.8891,573.9529
2022-05-18,29,328.0000,318.5416,429.9251,301.2638,609.0028,2082.7190,2851.5300,2964.3771,3106.2201,1119.0000,569.4834
2022-05-20,29,288.0000,341.3273,477.1870,337.9490,732.0000,2364.7883,3300.0594,3480.0657,3571.4423,1291.7300,702.0000
2022-05-20,29,423.0000,470.2581,576.7273,413.4560,773.7734,2318.6638,3184.0000,3338.7305,3444.3508,1276.5489,696.9951
2022-05-25,29,-9999.0000,-9999.0000,-9999.0000,-9999.0000,-9999.0000,-9999.0000,-9999.0000,-9999.0000,-9999.0000,-9999.0000,-9999.0000
2022-05-25,29,-9999.0000,-9999.0000,-9999.0000,-9999.0000,-9999.0000,-9999.0000,-9999.0000,-9999.0000,-9999.0000,-9999.0000,-9999.0000
2022-06-02,29,-9999.0000,-9999.0000,-9999.0000,-9999.0000,-9999.0000,-9999.0000,-9999.0000,-9999.0000,-9999.0000,-9999.0000,-9999.0000
2022-06-02,29,-9999.0000,-9999.0000,-9999.0000,-9999.0000,-9999.0000,-9999.0000,-9999.0000,-9999.0000,-9999.0000,-9999.0000,-9999.0000
2022-06-04,29,370.0000,422.3473,717.3968,660.7588,1181.3540,2027.0615,2370.9719,2458.8019,2635.7743,1569.3260,990.0000
2022-06-04,29,662.0000,664.1648,850.0000,754.8322,1162.3131,1891.0919,2197.2240,2273.7777,2443.4028,1526.3775,961.9539
2022-06-07,29,-9999.0000,-9999.0000,-9999.0000,-9999.0000,-9999.0000,-9999.0000,-9999.0000,-9999.0000,-9999.0000,-9999.0000,-9999.0000
2022-06-07,29,-9999.0000,-9999.0000,-9999.0000,-9999.0000,-9999.0000,-9999.0000,-9999.0000,-9999.0000,-9999.0000,-9999.0000,-9999.0000
2022-06-12,29,256.0000,388.3882,541.4793,660.9171,946.0000,1251.3375,1448.1236,1576.1283,1669.4668,1578.3230,1109.7528
2022-06-12,29,325.0000,434.4433,572.3536,681.1887,954.5156,1257.8594,1459.0141,1592.0485,1685.0282,1565.1321,1107.1914
2022-06-14,29,376.0000,493.4691,725.6732,949.8893,1273.6993,1602.2138,1800.1945,1910.8475,2068.5230,2050.3684,1380.3578
2022-06-14,29,485.0000,572.2035,774.3967,953.1032,1269.3031,1602.6855,1787.7017,1910.2613,2043.0000,2020.9968,1370.8054
2022-06-17,29,913.0000,986.0000,1194.0000,1356.2502,1668.6886,1972.2379,2172.2852,2243.6242,2410.0192,2250.4140,1580.6550
2022-06-19,29,511.0000,726.4137,940.6512,1256.8333,1542.3736,1779.1903,2027.1446,2134.1740,2316.1704,2537.1809,1748.1224
2022-06-19,29,573.0000,766.2895,960.9268,1240.9083,1526.2543,1755.8168,2013.2421,2106.8592,2283.3586,2509.9548,1740.7037
2022-06-24,29,575.0000,808.8626,1124.8010,1604.6771,1909.7110,2185.5259,2403.2422,2555.0660,2780.3396,2978.4961,1937.9350
2022-06-24,29,568.0000,817.3558,1132.7773,1629.1693,1933.2046,2203.4752,2420.4751,2578.5376,2802.7506,3003.7173,1948.1078
2022-06-27,29,329.0000,657.4267,1017.8177,1421.1779,1705.1586,1966.2245,2187.7291,2283.0134,2499.3035,2601.0000,1708.8317
2022-06-27,29,551.0000,780.3146,1072.0000,1377.2197,1646.0130,1926.2289,2138.8246,2219.6209,2418.6218,2513.4442,1678.1721
2022-06-29,29,-9999.0000,-9999.0000,-9999.0000,-9999.0000,-9999.0000,-9999.0000,-9999.0000,-9999.0000,-9999.0000,-9999.0000,-9999.0000
2022-06-29,29,-9999.0000,-9999.0000,-9999.0000,-9999.0000,-9999.0000,-9999.0000,-9999.0000,-9999.0000,-9999.0000,-9999.0000,-9999.0000
2022-07-02,29,576.0000,945.2911,1293.3609,1844.3037,2211.2209,2465.6023,2766.0000,2949.7922,3190.3543,4058.3980,2850.5016
2022-07-02,29,637.0000,965.1233,1293.6032,1819.1558,2171.2571,2429.3944,2740.0000,2912.0000,3149.5445,4025.6049,2835.4437
2022-07-04,29,836.3602,1165.5488,1586.0729,2194.9499,2578.1178,2866.0482,3137.0000,3330.4945,3594.8308,4355.1933,2923.1233
2022-07-04,29,926.0000,1169.1202,1528.6689,2059.6352,2435.0584,2745.4948,3018.0000,3196.0000,3457.0000,4236.3024,2883.0692
2022-07-07,29,1836.0000,1698.0000,1914.0000,2210.0000,2597.0000,2848.0000,3056.0000,3074.0000,3338.0000,3549.0000,2620.0000
2022-07-07,29,-9999.0000,-9999.0000,-9999.0000,-9999.0000,-9999.0000,-9999.0000,-9999.0000,-9999.0000,-9999.0000,-9999.0000,-9999.0000
2022-07-09,29,1262.7907,1356.7548,1721.3531,2122.3987,2483.2401,2770.1253,3016.3647,3204.0000,3265.4246,3874.8782,2853.2547
2022-07-09,29,1222.0000,1340.4333,1669.6227,2042.5222,2380.5000,2681.5863,2933.1625,3116.0000,3194.1584,3805.4887,2814.7351
2022-07-12,29,650.5152,1077.1819,1427.2291,1954.8172,2298.9390,2537.5063,2798.3781,2937.4426,3145.5405,4196.2379,3125.1610
2022-07-12,29,738.0000,1093.0723,1412.4198,1899.2635,2235.5704,2485.9758,2757.7257,2877.0102,3076.9132,4135.3313,3090.8539
2022-07-14,29,-9999.0000,-9999.0000,-9999.0000,-9999.0000,-9999.0000,-9999.0000,-9999.0000,-9999.0000,-9999.0000,-9999.0000,-9999.0000
2022-07-14,29,-9999.0000,-9999.0000,-9999.0000,-9999.0000,-9999.0000,-9999.0000,-9999.0000,-9999.0000,-9999.0000,-9999.0000,-9999.0000
2022-07-17,29,733.0000,1061.1969,1432.8741,1938.8472,2307.3265,2566.5753,2813.3463,2929.6521,3177.4197,4211.9206,2972.6093
2022-07-17,29,808.0000,1080.8825,1412.5824,1883.2003,2235.1969,2508.0000,2753.1531,2862.0000,3101.9925,4149.5677,2948.0405
2022-07-19,29,820.0000,1288.9559,1675.4323,2283.0654,2642.9789,2838.0169,3131.0000,3313.6074,3485.0226,4693.0795,3417.0511
2022-07-19,29,884.5022,1249.2393,1592.8901,2114.7929,2482.0671,2705.6789,2993.9706,3154.0220,3346.1815,4551.1327,3367.0490
2022-07-22,29,835.0000,1177.2517,1488.8939,2002.5687,2337.9789,2558.7168,2840.8706,2969.5057,3193.2602,4342.4273,3154.2663
2022-07-22,29,864.0000,1188.6422,1501.0271,2010.8809,2349.2100,2565.1226,2853.1272,2984.7993,3196.9997,4327.9942,3145.1676
2022-07-24,29,-9999.0000,-9999.0000,-9999.0000,-9999.0000,-9999.0000,-9999.0000,-9999.0000,-9999.0000,-9999.0000,-9999.0000,-9999.0000
2022-07-24,29,-9999.0000,-9999.0000,-9999.0000,-9999.0000,-9999.0000,-9999.0000,-9999.0000,-9999.0000,-9999.0000,-9999.0000,-9999.0000
2022-07-27,29,-9999.0000,-9999.0000,-9999.0000,-9999.0000,-9999.0000,-9999.0000,-9999.0000,-9999.0000,-9999.0000,-9999.0000,-9999.0000
2022-07-29,29,803.0000,1256.4667,1626.6696,2211.3305,2619.2633,2811.0000,3116.2291,3216.0000,3480.5037,4650.1415,3399.0699
2022-07-29,29,849.0000,1249.4876,1588.5944,2138.8106,2514.0097,2733.8796,3033.2408,3145.7212,3381.6394,4567.1899,3349.8174
2022-08-01,29,680.0000,977.4098,1240.9600,1634.4861,1899.4918,2093.0000,2306.2454,2403.5875,2561.3507,3853.4904,3085.0000
2022-08-01,29,735.0000,1001.1966,1248.9883,1626.6506,1891.9747,2089.1107,2301.5812,2403.2623,2556.6266,3852.4860,3080.3841
2022-08-03,29,839.0000,1064.9353,1368.8243,1811.3309,2130.6177,2354.0896,2532.9485,2643.2166,2833.1234,4249.4938,3207.9385
2022-08-03,29,867.0000,1072.8346,1372.7004,1794.6775,2107.7761,2337.4696,2514.3965,2626.7685,2817.7759,4219.0680,3188.2978
2022-08-06,29,776.0000,834.0000,860.0000,638.0000,1126.0000,1567.0000,1762.0000,2018.0000,1925.0000,1900.0000,1228.0000
2022-08-06,29,-9999.0000,-9999.0000,-9999.0000,-9999.0000,-9999.0000,-9999.0000,-9999.0000,-9999.0000,-9999.0000,-9999.0000,-9999.0000
2022-08-08,29,864.3612,1205.0900,1481.1401,1906.7608,2267.8512,2493.6760,2774.4751,2842.6192,3080.3250,4521.8717,3545.2885
2022-08-08,29,906.0000,1220.8776,1493.3627,1924.0985,2260.6268,2497.0180,2770.7220,2859.0895,3082.2316,4515.2015,3558.7426
2022-08-11,29,718.0000,1041.4362,1309.2712,1723.0395,2011.7652,2254.6854,2474.1121,2645.5546,2749.8837,3960.4860,3067.4016
2022-08-11,29,796.6137,1061.2101,1312.0000,1699.0582,1969.7031,2225.5022,2437.4770,2613.1753,2717.1283,3922.3517,3050.1022
2022-08-16,29,675.0000,949.5732,1216.9165,1603.1753,1940.1871,2210.0000,2417.3751,2497.4443,2720.7581,3794.6895,2756.5617
2022-08-16,29,718.0000,973.3256,1240.0000,1595.2262,1913.0414,2200.6587,2409.5301,2492.6366,2714.0905,3771.9038,2746.1999
2022-08-21,29,620.0000,901.4730,1137.1562,1387.7013,1693.7559,2036.2213,2229.0235,2299.9130,2460.7249,3489.5000,2842.2956
2022-08-21,29,674.0000,920.6409,1145.1210,1387.5121,1692.0861,2036.7994,2244.2153,2314.1493,2466.0497,3499.9149,2868.9410
2022-08-23,29,-9999.0000,-9999.0000,-9999.0000,-9999.0000,-9999.0000,-9999.0000,-9999.0000,-9999.0000,-9999.0000,-9999.0000,-9999.0000
2022-08-23,29,-9999.0000,-9999.0000,-9999.0000,-9999.0000,-9999.0000,-9999.0000,-9999.0000,-9999.0000,-9999.0000,-9999.0000,-9999.0000
2022-08-26,29,716.0000,905.8775,1128.6511,1370.1504,1692.1171,2088.9158,2301.7696,2321.3000,2542.1476,3515.0173,2713.0000
2022-08-26,29,772.0000,937.8023,1149.2124,1368.6295,1688.3341,2093.8087,2301.8805,2320.8214,2541.6485,3513.0000,2692.4951
2022-08-28,29,1271.0000,1515.5344,1716.2618,1946.5966,2370.7069,2813.3306,3140.2826,3154.0100,3387.0000,4085.0782,3046.5705
2022-08-28,29,1323.1654,1506.2197,1715.4401,1938.7848,2354.5690,2781.6208,3109.1855,3122.1535,3341.7413,4070.1982,3032.1749
2022-08-31,29,-9999.0000,-9999.0000,-9999.0000,-9999.0000,-9999.0000,-9999.0000,-9999.0000,-9999.0000,-9999.0000,-9999.0000,-9999.0000
2022-08-31,29,-9999.0000,-9999.0000,-9999.0000,-9999.0000,-9999.0000,-9999.0000,-9999.0000,-9999.0000,-9999.0000,-9999.0000,-9999.0000
2022-09-02,29,1874.0000,1621.2738,1793.0828,1891.4665,2325.0086,2867.0000,3062.0905,3148.0000,3281.3401,3548.5361,2675.0550
2022-09-02,29,1853.0000,1645.2035,1792.8944,1892.7725,2274.0303,2814.4023,2994.7748,3096.0000,3228.7884,3457.5485,2637.8800
2022-09-05,29,-9999.0000,-9999.0000,-9999.0000,-9999.0000,-9999.0000,-9999.0000,-9999.0000,-9999.0000,-9999.0000,-9999.0000,-9999.0000
2022-09-07,29,-9999.0000,-9999.0000,-9999.0000,-9999.0000,-9999.0000,-9999.0000,-9999.0000,-9999.0000,-9999.0000,-9999.0000,-9999.0000
2022-09-07,29,-9999.0000,-9999.0000,-9999.0000,-9999.0000,-9999.0000,-9999.0000,-9999.0000,-9999.0000,-9999.0000,-9999.0000,-9999.0000
2022-09-10,29,504.0000,736.7450,937.0557,1032.3632,1401.1886,1977.5986,2210.0000,2252.3591,2405.9879,2870.4453,2208.0000
2022-09-10,29,575.0000,765.1456,958.2519,1044.3460,1404.8195,1989.5158,2217.2787,2260.2972,2413.4967,2874.9039,2228.0000
2022-09-12,29,760.0000,913.1217,1128.9450,1195.2148,1610.6722,2258.4603,2436.6955,2531.9926,2646.4504,3053.0848,2257.0000
2022-09-12,29,817.0000,937.5743,1133.3448,1195.4734,1601.0012,2240.8190,2417.6154,2514.4494,2617.6295,3041.0699,2260.0000
2022-09-15,29,635.0000,800.5354,1021.7156,1092.5741,1489.5079,2148.9031,2379.3133,2378.7084,2606.5000,2997.8890,2191.0000
2022-09-15,29,658.0000,813.3449,1029.0321,1096.7628,1498.0233,2164.9731,2403.3280,2394.5527,2635.7705,3026.4963,2202.0000
2022-09-20,29,417.0000,625.3544,837.4846,877.2648,1285.6201,2064.0000,2324.3755,2490.8502,2516.2712,2622.0000,1962.9944
2022-09-20,29,480.0000,661.0398,861.3242,885.2880,1290.0000,2072.4565,2322.1776,2491.3236,2525.2290,2625.9836,1968.2500
2022-09-22,29,594.0000,704.7885,960.7175,971.2236,1466.3304,2331.4705,2557.6223,2731.0765,2779.6709,2873.5113,2065.6282
2022-09-22,29,650.0000,744.1457,977.8608,987.3859,1457.4176,2312.6843,2532.3096,2698.7001,2756.2529,2867.0732,2058.9646
2022-09-27,29,-9999.0000,-9999.0000,-9999.0000,-9999.0000,-9999.0000,-9999.0000,-9999.0000,-9999.0000,-9999.0000,-9999.0000,-9999.0000
2022-09-27,29,-9999.0000,-9999.0000,-9999.0000,-9999.0000,-9999.0000,-9999.0000,-9999.0000,-9999.0000,-9999.0000,-9999.0000,-9999.0000
2022-10-02,29,1042.0000,836.0000,1128.0000,858.0000,1606.0000,3322.0000,3675.0000,3740.0000,3969.0000,2703.0000,1609.0000
2022-10-02,29,-9999.0000,-9999.0000,-9999.0000,-9999.0000,-9999.0000,-9999.0000,-9999.0000,-9999.0000,-9999.0000,-9999.0000,-9999.0000
2022-10-05,29,1265.0000,1140.9861,1293.2936,1113.6780,1640.0000,2555.4167,2826.8888,2785.9621,2947.0303,2228.9947,1466.0991
2022-10-05,29,-9999.0000,-9999.0000,-9999.0000,-9999.0000,-9999.0000,-9999.0000,-9999.0000,-9999.0000,-9999.0000,-9999.0000,-9999.0000
2022-10-07,29,380.0000,525.4557,765.4327,620.8697,1229.3556,2369.4950,2684.7134,2787.0591,2854.0047,2242.4506,1393.0000
2022-10-07,29,417.0000,554.3015,781.0656,632.9898,1228.8534,2339.5744,2651.0052,2763.9750,2834.9917,2235.4861,1401.9906
2022-10-10,29,-9999.0000,-9999.0000,-9999.0000,-9999.0000,-9999.0000,-9999.0000,-9999.0000,-9999.0000,-9999.0000,-9999.0000,-9999.0000
2022-10-10,29,-9999.0000,-9999.0000,-9999.0000,-9999.0000,-9999.0000,-9999.0000,-9999.0000,-9999.0000,-9999.0000,-9999.0000,-9999.0000
2022-10-12,29,-9999.0000,-9999.0000,-9999.0000,-9999.0000,-9999.0000,-9999.0000,-9999.0000,-9999.0000,-9999.0000,-9999.0000,-9999.0000
2022-10-15,29,69.0000,194.3047,476.1673,373.1700,930.9835,1981.2151,2211.3059,2131.9125,2347.6704,1464.7837,845.0762
2022-10-15,29,281.0000,360.2071,589.5548,449.5530,962.0000,1931.3628,2149.3261,2066.4773,2290.0081,1441.7066,837.2200
2022-10-17,29,615.0000,778.0000,972.2820,765.3064,1397.5343,2566.6107,2949.0000,3019.7974,3125.7307,2229.3355,1348.9892
2022-10-17,29,747.0000,868.1972,1026.0000,810.1096,1408.0571,2557.7448,2899.1810,2970.9654,3068.5443,2220.6313,1341.2904
2022-10-20,29,154.0000,408.7802,737.2193,585.5110,1297.1921,2674.6304,3059.0000,3126.1964,3290.0578,2189.3870,1353.8377
2022-10-20,29,596.0000,712.3058,918.7012,730.2007,1309.6595,2466.7010,2825.1671,2898.4200,3024.5475,2105.7263,1317.6012
2022-10-25,29,-9999.0000,-9999.0000,-9999.0000,-9999.0000,-9999.0000,-9999.0000,-9999.0000,-9999.0000,-9999.0000,-9999.0000,-9999.0000
2022-10-25,29,-9999.0000,-9999.0000,-9999.0000,-9999.0000,-9999.0000,-9999.0000,-9999.0000,-9999.0000,-9999.0000,-9999.0000,-9999.0000
2022-10-27,29,257.0000,468.3451,741.4291,533.3305,1189.0000,2588.3333,2989.8616,3109.0654,3162.2248,2113.6204,1233.4618
2022-10-27,29,448.0000,576.0000,805.0707,589.2650,1209.0000,2504.0000,2885.0095,3046.0348,3067.8707,2089.2935,1228.4996
2022-10-30,29,330.0000,504.4089,758.1779,581.6276,1182.5905,2394.1676,2741.5357,2856.0767,2947.7184,1925.6946,1193.0431
2022-10-30,29,414.0000,558.2388,786.2453,597.3927,1177.5817,2350.4380,2702.0785,2806.7825,2890.0000,1909.5787,1185.4241
2022-11-04,29,0.0000,0.0000,46.0000,31.0000,203.0000,562.6978,641.2260,657.8333,701.4959,319.0000,165.0000
2022-11-04,29,0.0000,0.0000,49.0000,26.0000,204.0000,560.9824,652.3232,657.1922,705.7852,317.0000,166.0000
2022-11-06,29,247.0000,410.5734,666.2572,444.3157,1082.0000,2456.0000,2788.4242,2981.5798,3022.0000,1945.2914,1093.7573
2022-11-06,29,272.0000,424.3181,672.5075,448.2742,1084.0000,2476.3414,2817.8736,2982.5413,3041.4583,1946.4825,1088.7801
2022-11-21,29,344.0000,307.0000,396.0000,272.0000,482.0000,893.0000,966.0000,1066.0000,1025.0000,476.0000,250.0000
2022-11-21,29,432.0000,395.0000,458.0000,313.0000,524.0000,966.0000,1010.6636,1064.2583,1044.9831,481.0000,253.0000
2022-11-24,29,167.0000,288.5599,576.0000,386.3749,1026.6526,2364.4826,2632.6232,2855.5156,2856.4819,1674.3260,904.0000
2022-11-24,29,221.0000,320.5974,594.1909,394.2305,1028.0000,2323.0745,2617.0000,2822.8521,2869.0000,1665.3107,905.4949
2022-11-26,29,-9999.0000,-9999.0000,-9999.0000,-9999.0000,-9999.0000,-9999.0000,-9999.0000,-9999.0000,-9999.0000,-9999.0000,-9999.0000
2022-11-26,29,-9999.0000,-9999.0000,-9999.0000,-9999.0000,-9999.0000,-9999.0000,-9999.0000,-9999.0000,-9999.0000,-9999.0000,-9999.0000
2022-12-01,29,1284.0000,1254.0000,1446.0000,1273.1610,1848.3814,2836.4796,3012.7291,3241.7353,3218.7382,2245.4025,1572.8288
2022-12-06,29,-9999.0000,-9999.0000,-9999.0000,-9999.0000,-9999.0000,-9999.0000,-9999.0000,-9999.0000,-9999.0000,-9999.0000,-9999.0000
2023-01-10,29,249.0000,337.0000,578.5220,464.5237,1001.0000,1984.5085,2193.0000,2439.5577,2435.9931,1649.9704,949.3398
2023-01-10,29,285.0000,360.0000,592.2212,474.5523,1004.2540,1984.2610,2189.9764,2453.8148,2465.7013,1649.8127,944.9675
2023-01-20,29,-9999.0000,-9999.0000,-9999.0000,-9999.0000,-9999.0000,-9999.0000,-9999.0000,-9999.0000,-9999.0000,-9999.0000,-9999.0000
2023-01-20,29,-9999.0000,-9999.0000,-9999.0000,-9999.0000,-9999.0000,-9999.0000,-9999.0000,-9999.0000,-9999.0000,-9999.0000,-9999.0000
2023-01-25,29,330.0000,508.2391,694.2560,577.1455,1123.0000,2053.0000,2290.2018,2515.8446,2513.0000,2100.0000,1342.0000
2023-01-25,29,363.0000,528.2778,704.1619,582.4575,1121.6179,2033.9266,2290.2827,2515.8122,2488.8136,2089.5047,1333.8818
2023-01-28,29,748.0000,869.6043,992.8667,857.6185,1261.8013,1922.9301,2100.4208,2266.9899,2284.5156,1778.6381,1132.1853
2023-01-28,29,786.0000,892.4000,1006.0755,865.3872,1249.4856,1915.4044,2099.7223,2259.8405,2266.9832,1761.4345,1125.5532
2023-01-30,29,-9999.0000,-9999.0000,-9999.0000,-9999.0000,-9999.0000,-9999.0000,-9999.0000,-9999.0000,-9999.0000,-9999.0000,-9999.0000
2023-01-30,29,-9999.0000,-9999.0000,-9999.0000,-9999.0000,-9999.0000,-9999.0000,-9999.0000,-9999.0000,-9999.0000,-9999.0000,-9999.0000
2023-02-02,29,767.0000,846.5293,1028.0000,956.4499,1454.3886,2181.6968,2368.6414,2571.8536,2586.5551,1929.5631,1121.0364
2023-02-02,29,587.0000,644.3165,874.2196,830.0489,1406.4915,2201.5008,2392.9713,2643.0074,2651.0000,1949.4625,1124.3348
2023-02-04,29,-9999.0000,-9999.0000,-9999.0000,-9999.0000,-9999.0000,-9999.0000,-9999.0000,-9999.0000,-9999.0000,-9999.0000,-9999.0000
2023-02-04,29,-9999.0000,-9999.0000,-9999.0000,-9999.0000,-9999.0000,-9999.0000,-9999.0000,-9999.0000,-9999.0000,-9999.0000,-9999.0000
2023-02-07,29,277.0000,446.2615,646.1338,593.0421,1121.2742,1940.0326,2147.9621,2458.6743,2393.0000,1997.0358,1338.1208
2023-02-07,29,311.0000,444.2907,642.1442,581.3084,1121.3087,1938.4403,2158.0000,2489.4417,2410.7009,2001.1294,1341.0000
2023-02-09,29,493.0000,565.2140,765.2681,733.6712,1250.0087,2058.9068,2258.0000,2551.4470,2532.0701,2273.0268,1477.0401
2023-02-09,29,538.0000,585.3248,777.2331,741.0003,1256.9221,2066.9342,2268.0515,2549.0603,2522.2627,2277.6882,1473.5547
2023-02-12,29,322.0000,426.4834,658.0822,673.5860,1249.2768,2011.2500,2262.0000,2466.2537,2551.0000,2297.8039,1448.8986
2023-02-12,29,293.0000,400.3278,637.1868,649.1080,1237.3204,2027.3628,2274.6464,2505.6285,2548.2795,2315.2976,1453.4420
2023-02-14,29,270.0000,469.4519,677.9132,701.2238,1289.6733,2070.0799,2320.0000,2597.9856,2619.9893,2353.5675,1524.9961
2023-02-14,29,502.0000,637.1386,789.6564,777.1269,1301.8917,2004.7012,2244.5979,2499.2481,2490.3534,2293.8914,1507.0000
2023-02-17,29,-9999.0000,-9999.0000,-9999.0000,-9999.0000,-9999.0000,-9999.0000,-9999.0000,-9999.0000,-9999.0000,-9999.0000,-9999.0000
2023-02-27,29,-9999.0000,-9999.0000,-9999.0000,-9999.0000,-9999.0000,-9999.0000,-9999.0000,-9999.0000,-9999.0000,-9999.0000,-9999.0000
2023-02-27,29,-9999.0000,-9999.0000,-9999.0000,-9999.0000,-9999.0000,-9999.0000,-9999.0000,-9999.0000,-9999.0000,-9999.0000,-9999.0000
2023-03-09,29,844.0000,973.5935,1229.0374,1248.7140,1858.3151,2508.1629,2772.4997,2921.8888,3001.9494,2932.9906,2145.9858
2023-03-09,29,540.0000,800.0000,1100.5714,1156.9963,1789.4029,2491.9635,2763.7678,2922.0000,3035.3970,2990.0570,2163.3572
2023-03-11,29,708.0000,797.0509,1105.3709,1149.3207,1796.9906,2531.3203,2747.8150,2890.8102,2994.8910,2805.7979,1963.2810
2023-03-11,29,752.0000,825.6972,1124.8533,1157.0904,1805.9593,2531.4983,2732.5254,2866.6669,2986.5453,2795.4554,1948.9064
2023-03-16,29,455.0000,657.4755,957.1543,960.8224,1605.6359,2412.6300,2626.7362,2886.1143,2883.5381,2555.8676,1750.0374
2023-03-16,29,504.0000,686.0000,969.2654,968.9506,1601.8973,2388.2746,2618.8133,2871.4703,2866.6210,2547.0000,1753.8785
2023-03-21,29,556.0000,652.7058,992.9683,1000.4704,1749.7506,2628.5936,2833.9730,2966.3172,3067.8468,2722.4780,1851.3367
2023-03-21,29,627.0000,693.3808,1009.0477,1009.5792,1742.0636,2562.4885,2787.0467,2919.1784,3029.8395,2691.7089,1825.6567
2023-03-29,29,514.0000,701.2571,1021.0480,973.5476,1757.0000,2714.9990,2995.5176,3173.5848,3226.4455,2506.8930,1731.0319
2023-03-29,29,562.6485,732.9870,1044.8751,985.0000,1762.4486,2730.7473,3002.9805,3187.4958,3234.6740,2524.6341,1731.6541
2023-04-03,29,441.0000,557.3479,961.2587,898.6146,1723.4253,2770.6844,3003.1235,3271.7563,3243.1493,2467.3328,1627.8962
2023-04-03,29,514.5137,609.1264,985.9305,915.4773,1724.5505,2731.0000,2982.0603,3253.3173,3208.7927,2458.8312,1627.6754
2023-04-05,29,618.0000,765.2309,1130.5031,1051.7824,1908.6654,2971.5352,3261.4799,3605.9645,3462.8569,2651.6078,1801.5237
2023-04-05,29,685.0000,817.3904,1156.9606,1066.8497,1882.1619,2932.9846,3193.1745,3559.2407,3446.7733,2628.4532,1797.3018
2023-04-05,29,636.0000,798.0812,1186.1145,1114.8411,1994.1228,3114.5348,3401.6850,3749.9649,3592.2773,2709.3666,1846.1361
2023-04-05,29,660.9980,801.1690,1178.3320,1091.4115,1949.1646,3004.8434,3302.7137,3652.8574,3511.5769,2661.7563,1812.3991
2023-04-08,29,1878.4961,1892.0000,2088.0000,1948.0000,2732.9578,3499.6851,3740.1766,3937.8552,3940.4032,2820.2787,2093.4666
2023-04-08,29,1304.0000,1446.0000,1740.7480,1682.0000,2381.9648,3165.0292,3442.6811,3706.3873,3683.4373,2770.3240,2059.2380
2023-04-10,29,640.0000,725.1866,1140.1902,1170.4634,2012.6360,2916.8766,3170.3920,3494.0215,3482.7677,2950.9221,1990.3462
2023-04-10,29,678.0000,756.9498,1141.5000,1163.0608,1995.5567,2892.5570,3130.1316,3462.0005,3435.4899,2931.7853,1974.9175
2023-04-15,29,1868.0000,1996.0000,2110.0000,1996.0000,2490.2450,3057.9085,3264.7849,3444.0000,3372.0000,1958.4805,1457.0000
2023-04-18,29,489.5260,713.3778,1098.6151,1075.5690,1915.3479,2940.5382,3252.0816,3442.4098,3522.0000,2756.7601,1865.5251
2023-04-18,29,548.0000,757.3128,1113.1192,1074.8182,1906.5916,2915.4564,3218.0069,3393.4358,3475.1446,2738.8481,1847.2178
2023-04-23,29,-9999.0000,-9999.0000,-9999.0000,-9999.0000,-9999.0000,-9999.0000,-9999.0000,-9999.0000,-9999.0000,-9999.0000,-9999.0000
2023-04-23,29,-9999.0000,-9999.0000,-9999.0000,-9999.0000,-9999.0000,-9999.0000,-9999.0000,-9999.0000,-9999.0000,-9999.0000,-9999.0000
2023-04-30,29,-9999.0000,-9999.0000,-9999.0000,-9999.0000,-9999.0000,-9999.0000,-9999.0000,-9999.0000,-9999.0000,-9999.0000,-9999.0000
2023-04-30,29,-9999.0000,-9999.0000,-9999.0000,-9999.0000,-9999.0000,-9999.0000,-9999.0000,-9999.0000,-9999.0000,-9999.0000,-9999.0000
2023-05-05,29,449.3123,641.4955,1019.2354,915.3539,1754.7919,2988.3229,3323.4650,3495.0140,3547.1890,2599.9581,1638.7197
2023-05-05,29,540.5000,700.8272,1049.2351,924.0071,1714.4401,2892.4856,3212.0747,3383.5685,3428.4834,2552.7844,1622.6801
2023-05-13,29,-9999.0000,-9999.0000,-9999.0000,-9999.0000,-9999.0000,-9999.0000,-9999.0000,-9999.0000,-9999.0000,-9999.0000,-9999.0000
2023-05-13,29,-9999.0000,-9999.0000,-9999.0000,-9999.0000,-9999.0000,-9999.0000,-9999.0000,-9999.0000,-9999.0000,-9999.0000,-9999.0000
2023-05-15,29,465.0000,616.1513,960.9333,786.1762,1596.2903,2866.4407,3201.0000,3318.1799,3404.3473,2196.1725,1285.0456
2023-05-15,29,490.5001,630.5213,968.6636,789.3734,1595.9957,2866.9141,3186.9746,3317.8986,3386.7946,2187.7871,1282.0458
2023-05-18,29,-9999.0000,-9999.0000,-9999.0000,-9999.0000,-9999.0000,-9999.0000,-9999.0000,-9999.0000,-9999.0000,-9999.0000,-9999.0000
2023-05-18,29,-9999.0000,-9999.0000,-9999.0000,-9999.0000,-9999.0000,-9999.0000,-9999.0000,-9999.0000,-9999.0000,-9999.0000,-9999.0000
2023-05-23,29,365.0000,513.2991,925.4306,844.2315,1650.3239,2912.0000,3266.6562,3352.6733,3506.5097,2387.9778,1435.2219
2023-05-23,29,445.0000,565.1040,963.3275,858.9547,1660.2100,2916.0695,3269.0085,3362.7777,3522.5676,2369.8345,1426.7683
2023-05-25,29,413.0000,620.7931,1024.9579,923.3440,1802.6702,3212.8801,3645.9705,3749.9109,3884.6781,2658.6767,1656.8930
2023-05-25,29,548.0000,697.3354,1044.9968,930.9927,1721.7213,3042.9063,3477.2545,3606.4488,3702.6754,2599.0598,1624.8048
2023-05-28,29,-9999.0000,-9999.0000,-9999.0000,-9999.0000,-9999.0000,-9999.0000,-9999.0000,-9999.0000,-9999.0000,-9999.0000,-9999.0000
2023-05-28,29,-9999.0000,-9999.0000,-9999.0000,-9999.0000,-9999.0000,-9999.0000,-9999.0000,-9999.0000,-9999.0000,-9999.0000,-9999.0000
2023-05-30,29,764.0000,838.0252,1362.4197,1193.0607,2180.2576,3985.9821,4423.3457,4597.1919,4711.5315,2963.0260,1772.0994
2023-05-30,29,793.9927,873.5944,1386.5928,1202.6903,2168.0000,3944.7298,4359.8531,4534.8779,4682.6418,2963.6880,1777.8029
2023-06-02,29,307.0000,457.5321,909.4934,826.2819,1684.5220,3202.2295,3621.3686,3686.2131,3909.6196,2555.9937,1500.6166
2023-06-02,29,392.0000,517.0629,937.5759,843.6580,1683.8950,3154.0597,3545.2780,3636.6259,3849.1010,2522.8520,1499.3072
2023-06-04,29,610.0000,745.3694,1074.7566,954.9969,1633.5036,2801.4737,3254.5503,3221.2341,3392.0826,2052.1037,1233.6526
2023-06-04,29,608.0000,816.9282,1131.3939,970.6796,1657.9273,2831.0000,3258.9280,3237.8925,3428.5093,2059.5500,1227.7354
2023-06-07,29,274.0000,436.8508,865.5647,707.3263,1546.2514,3075.9205,3514.3151,3654.4650,3780.8422,2326.0000,1396.4863
2023-06-07,29,413.0000,560.6067,917.3527,745.1479,1524.2944,2988.0237,3414.0192,3494.2988,3661.9706,2285.0364,1373.9463
2023-06-09,29,676.8543,673.3442,1089.2239,906.3671,1756.5437,3346.4153,3754.6180,3881.0124,4068.1241,2748.0726,1619.3661
2023-06-09,29,748.0000,768.7180,1129.3573,932.8754,1747.9455,3298.3517,3690.6576,3734.9242,3987.6432,2738.5961,1616.0000
2023-06-12,29,273.0000,457.6653,909.8558,820.0257,1668.1863,3131.9562,3496.1706,3622.1881,3816.5458,2587.8287,1545.0000
2023-06-12,29,382.5400,529.4874,941.6071,833.8449,1650.5384,3043.4537,3398.9049,3543.1393,3717.4371,2558.9360,1549.4860
2023-06-14,29,1304.0000,1531.8547,1880.9961,2114.0857,2580.5732,2988.9862,3315.0000,3428.7771,3602.0000,3452.0000,2543.0000
2023-06-14,29,1240.0000,1410.0000,1784.6788,2020.1119,2507.0000,3077.2773,3397.0000,3510.6760,3661.3122,3496.0000,2514.4731
2023-06-17,29,1075.0000,1442.2447,1771.7522,2179.7447,2395.6398,2575.0000,2747.9622,2859.1327,2908.7668,3626.5785,3449.6176
2023-06-17,29,1093.6203,1426.4036,1746.9393,2122.7253,2329.5893,2530.2380,2699.7054,2811.2584,2857.8029,3586.0817,3413.2953
2023-06-19,29,1341.0000,1738.7502,2162.8190,2646.8501,2873.6162,3034.9262,3171.3438,3190.7070,3362.6900,4102.9702,3638.5049
2023-06-19,29,1313.5340,1611.2181,1987.4624,2390.8914,2667.1732,2866.6186,3012.0505,3019.7116,3195.8745,3974.4991,3579.1444
2023-06-22,29,-9999.0000,-9999.0000,-9999.0000,-9999.0000,-9999.0000,-9999.0000,-9999.0000,-9999.0000,-9999.0000,-9999.0000,-9999.0000
2023-06-24,29,1387.9899,1867.8179,2258.8911,2694.3776,2983.6298,3103.0000,3300.4345,3338.3441,3451.8505,4315.1535,4133.9928
2023-06-24,29,1412.3235,1890.6063,2275.4869,2712.6985,2985.1671,3108.2118,3301.4457,3354.1514,3451.9008,4312.5093,4133.8723
2023-06-27,29,1403.0000,1947.7412,2363.3660,2873.0301,3029.8743,3125.5667,3339.9557,3409.3793,3514.4770,4281.0491,3992.0802
2023-06-27,29,1409.0000,1930.7933,2331.3668,2823.0805,2982.1276,3107.2862,3329.7448,3385.2959,3500.5889,4280.6971,3992.5000
2023-06-29,29,1383.0000,1883.3266,2342.8316,2839.2348,3095.5502,3243.2837,3379.4038,3473.6983,3557.4806,4262.0619,3764.3111
2023-06-29,29,1300.0000,1721.2371,2154.1042,2598.6183,2888.2826,3092.2404,3236.8148,3321.0215,3419.1470,4152.1295,3701.9652
2023-07-02,29,737.3317,1019.7568,1362.4837,1730.9770,2010.8238,2209.9812,2354.6407,2308.5347,2524.0000,2955.5389,2346.7038
2023-07-02,29,862.0000,1032.8796,1300.9815,1571.2804,1835.2634,2099.1277,2266.2988,2220.1151,2411.9906,2820.6373,2279.7125
2023-07-04,29,1264.4807,1860.3322,2281.0089,2710.2271,3029.1085,3161.7354,3379.0605,3363.2000,3500.1699,4213.5030,3813.0184
2023-07-04,29,1220.0000,1729.2295,2106.7028,2501.2908,2838.9831,3009.2030,3220.8593,3232.8198,3370.1410,4088.7985,3769.0290
2023-07-07,29,1322.0000,1833.2852,2250.9526,2615.2080,2934.6120,3162.8066,3381.1869,3434.3199,3522.0356,4182.3761,3957.2278
2023-07-07,29,1291.0000,1818.7555,2220.0112,2582.7914,2887.2770,3129.8046,3341.2423,3400.5100,3489.0000,4167.2665,3959.2688
2023-07-09,29,1600.0000,2184.5272,2665.9466,3046.9101,3430.7674,3682.8994,3843.4442,3834.4439,3994.4462,4582.9118,4073.7280
2023-07-09,29,1475.0000,2034.5018,2471.5956,2840.4323,3238.2366,3516.5943,3699.5679,3683.3941,3859.0961,4487.9896,4024.2437
2023-07-12,29,-9999.0000,-9999.0000,-9999.0000,-9999.0000,-9999.0000,-9999.0000,-9999.0000,-9999.0000,-9999.0000,-9999.0000,-9999.0000
2023-07-14,29,1362.5140,2105.6835,2565.8450,2835.6043,3258.2608,3700.7494,3940.7119,3938.1576,4043.0842,4342.7208,3925.9368
2023-07-14,29,1398.0000,2009.6816,2452.8434,2696.5093,3065.0000,3548.2225,3812.6303,3840.9380,3938.6978,4279.5415,3863.0872
2023-07-17,29,1124.0000,1802.7639,2248.1958,2488.0740,2901.9027,3402.9561,3658.5529,3628.5879,3772.3438,3929.9964,3479.0000
2023-07-17,29,1173.0000,1698.5537,2108.0320,2312.9708,2698.0000,3252.6809,3499.0320,3489.2282,3626.7735,3819.3965,3389.5997
2023-07-19,29,-9999.0000,-9999.0000,-9999.0000,-9999.0000,-9999.0000,-9999.0000,-9999.0000,-9999.0000,-9999.0000,-9999.0000,-9999.0000
2023-07-22,29,1156.0000,1252.8470,1514.9381,1539.8423,1947.6424,2890.0302,3223.5862,3159.6751,3443.5322,3085.0000,2121.0000
2023-07-22,29,1174.0000,1272.7444,1549.1313,1554.2867,1964.0000,2935.7661,3255.1476,3188.9487,3462.3534,3089.7315,2129.0000
2023-07-27,29,463.0000,677.1250,987.2665,962.3763,1347.9897,2468.2338,2840.6894,2869.7987,2969.9820,2374.4883,1666.0564
2023-07-27,29,495.0000,708.9143,1003.2221,963.2376,1338.4980,2441.8811,2819.7361,2854.7805,2948.7816,2353.7805,1662.3191
2023-07-29,29,788.9923,1059.8132,1512.9863,1432.8038,1929.5012,3610.6047,3973.9798,3957.7317,4148.9566,3230.5234,2224.0000
2023-07-29,29,818.4024,1067.0097,1510.2409,1412.0000,1929.5000,3587.1810,3956.6231,3924.9057,4103.0442,3208.0926,2248.9735
2023-08-03,29,-9999.0000,-9999.0000,-9999.0000,-9999.0000,-9999.0000,-9999.0000,-9999.0000,-9999.0000,-9999.0000,-9999.0000,-9999.0000
2023-08-06,29,331.0000,429.8957,709.3500,450.2287,957.0000,2982.0000,3783.1129,3797.6253,3899.4177,2018.4483,1069.9517
2023-08-06,29,361.0000,453.1183,725.5885,459.3355,957.0000,2969.9650,3775.0000,3783.0731,3897.6440,2011.2837,1067.4494
2023-08-08,29,505.0000,491.4473,876.8906,540.0940,1179.6500,3861.5457,4734.0000,4776.0000,4887.0000,2516.0926,1323.0000
2023-08-08,29,515.0000,515.0810,891.9205,539.3140,1196.5490,3861.3405,4677.3633,4771.3775,4837.8872,2530.9549,1332.0492
2023-08-11,29,-9999.0000,-9999.0000,-9999.0000,-9999.0000,-9999.0000,-9999.0000,-9999.0000,-9999.0000,-9999.0000,-9999.0000,-9999.0000
2023-08-11,29,-9999.0000,-9999.0000,-9999.0000,-9999.0000,-9999.0000,-9999.0000,-9999.0000,-9999.0000,-9999.0000,-9999.0000,-9999.0000
2023-08-13,29,398.0000,473.9009,794.7538,459.0187,1064.0000,3643.0544,4931.9967,4917.6518,5043.0638,2370.3345,1204.2583
2023-08-13,29,488.0000,562.7331,826.7939,515.2472,1075.3679,3483.0452,4695.2304,4674.8096,4824.4547,2359.0000,1218.0000
2023-08-16,29,441.0000,513.5878,755.9614,483.0439,964.9375,3181.6249,4390.8879,4343.0448,4585.8085,2082.2235,1086.0000
2023-08-16,29,477.0000,544.5742,779.6318,500.3205,976.7079,3171.6975,4379.6178,4339.8989,4534.1490,2084.5008,1109.4189
2023-08-18,29,432.0000,490.8741,827.7129,515.5340,1100.4723,3816.7018,4965.1363,4820.4253,5224.0482,2411.2072,1213.1099
2023-08-18,29,531.0000,549.3819,850.8443,540.0348,1114.4856,3683.7048,4760.9881,4707.8029,5044.7514,2380.2549,1212.3943
2023-08-21,29,340.0000,397.0260,689.9046,450.0992,964.9061,3235.9179,4247.6665,4294.5832,4489.1333,2082.8202,1036.1542
2023-08-21,29,405.0000,444.8205,713.1491,475.5908,973.2477,3187.6397,4216.2523,4228.0000,4419.3014,2091.7231,1043.6371
2023-08-23,29,385.0000,516.7556,819.1526,547.3365,1113.6260,3427.6269,4615.0508,4643.8677,4822.0597,2284.6683,1187.1659
2023-08-23,29,532.0000,616.9055,865.2654,595.1086,1117.1248,3234.9076,4357.4148,4391.0375,4565.6342,2245.0000,1172.3541
2023-08-26,29,345.0000,469.3160,753.4453,505.7686,1046.0214,3204.5375,4363.8468,4373.9677,4548.6831,2086.1020,1104.3035
2023-08-26,29,430.0000,529.1430,785.5234,529.1320,1057.5379,3138.2825,4263.2250,4291.9580,4471.9727,2080.5249,1101.0385
2023-08-31,29,389.0000,478.6703,824.7563,469.2048,1109.0652,3588.7277,4650.4608,4708.1443,4875.9429,2145.4787,997.9365
2023-08-31,29,578.0000,610.1894,884.1400,536.1091,1130.0831,3427.2195,4424.4628,4485.5452,4662.0000,2105.3665,993.6422
2023-09-02,29,349.0000,460.6454,765.1762,424.7800,1045.9735,3427.3812,4550.1785,4613.8706,4726.6091,2145.1504,1026.6005
2023-09-02,29,435.0000,520.3015,797.3743,457.4958,1056.0000,3353.9819,4459.9356,4502.2983,4615.3451,2133.3530,1025.1502
2023-09-05,29,262.0000,372.4447,641.3317,373.3319,898.3156,3043.1497,4096.0000,4360.3206,4330.1263,1906.1221,950.7621
2023-09-05,29,325.0000,418.1463,669.4353,393.4131,912.0000,3027.6644,4070.3023,4322.8221,4299.1052,1901.1442,949.2593
2023-09-07,29,333.0000,374.3551,697.0742,409.5979,992.0000,3363.5685,4355.7551,4534.8665,4603.8802,2105.6849,1018.5297
2023-09-07,29,383.0000,416.4602,717.6426,429.3966,997.3816,3307.6019,4292.7406,4470.7124,4536.1986,2097.3564,1009.0236
2023-09-10,29,276.0000,358.4403,656.1837,421.2286,958.6702,3083.5366,4069.2300,4246.3987,4328.9310,1958.7377,957.0000
2023-09-10,29,358.0000,416.3553,686.2046,449.2778,970.5385,3042.0601,4006.3183,4198.7577,4279.4379,1948.9102,952.0267
2023-09-12,29,-9999.0000,-9999.0000,-9999.0000,-9999.0000,-9999.0000,-9999.0000,-9999.0000,-9999.0000,-9999.0000,-9999.0000,-9999.0000
2023-09-17,29,977.0000,841.2193,1108.3881,769.9495,1417.7676,3747.3816,4698.2782,4663.3480,5077.6130,2525.2345,1314.2245
2023-09-25,29,235.0000,364.2835,606.3572,408.1729,908.4824,2626.9373,3460.6878,3606.6121,3767.2488,1837.0074,958.6755
2023-09-25,29,285.0000,396.2802,624.1539,418.3533,912.6881,2618.8808,3463.1792,3589.3870,3751.6121,1834.0829,959.0000
2023-09-27,29,459.0000,504.1797,782.5303,598.0000,1109.8545,2828.0085,3515.2850,3697.0858,3810.6506,2029.2306,1092.6913
2023-09-27,29,523.0000,552.0767,814.0000,620.2840,1110.4789,2778.8754,3464.0000,3658.7732,3764.2654,2028.5133,1086.5600
2023-09-30,29,-9999.0000,-9999.0000,-9999.0000,-9999.0000,-9999.0000,-9999.0000,-9999.0000,-9999.0000,-9999.0000,-9999.0000,-9999.0000
2023-09-30,29,-9999.0000,-9999.0000,-9999.0000,-9999.0000,-9999.0000,-9999.0000,-9999.0000,-9999.0000,-9999.0000,-9999.0000,-9999.0000
2023-10-02,29,312.0000,469.2774,721.0243,553.3892,1112.7407,2803.2910,3628.1305,3764.8110,3960.0001,2149.0270,1109.2365
2023-10-02,29,478.0000,597.1489,797.2282,617.3809,1133.7449,2707.6763,3476.0902,3622.5881,3803.6599,2113.3254,1105.0863
2023-10-07,29,339.0000,398.4035,677.3775,537.4221,1068.7511,2682.6598,3297.9388,3525.9825,3651.6052,2134.3463,1121.4650
2023-10-07,29,406.0000,448.2070,706.0000,557.1648,1077.8622,2643.1127,3250.5894,3465.2505,3611.5462,2121.5202,1121.0149
2023-10-12,29,-9999.0000,-9999.0000,-9999.0000,-9999.0000,-9999.0000,-9999.0000,-9999.0000,-9999.0000,-9999.0000,-9999.0000,-9999.0000
2023-10-17,29,338.0000,392.4385,649.2427,553.4985,1041.0530,2436.8285,2948.7818,3282.3717,3345.9927,2162.2387,1210.9584
2023-10-17,29,363.0000,416.5088,661.3879,561.0092,1049.6622,2436.3521,2932.1593,3269.5750,3326.0876,2164.4309,1212.1419
2023-10-22,29,262.0000,408.2183,616.1088,521.0540,1005.3162,2195.5291,2691.0522,2874.3474,2972.7343,2009.6750,1145.0378
2023-10-22,29,281.0000,418.3707,620.0851,525.0271,1008.4442,2194.7408,2685.1280,2873.9393,2980.2585,2005.3261,1141.9371
2023-10-27,29,258.0000,334.4177,624.2631,521.0531,1082.0190,2371.8054,2778.0783,2899.2131,3125.2186,2041.6902,1108.9836
2023-10-27,29,291.0000,358.2333,638.3512,529.0359,1085.4929,2371.0000,2765.5012,2882.1301,3116.5008,2041.9925,1109.7852
2023-11-04,29,133.0000,338.5141,561.0897,501.2501,982.0047,2091.2226,2538.8977,2788.1927,2851.6331,1897.7548,1136.7487
2023-11-04,29,204.0000,384.3954,601.2098,525.5913,989.2558,2083.9789,2531.0533,2769.6490,2827.6141,1885.4369,1136.9100
2023-11-11,29,263.0000,456.9617,673.2299,648.9865,1153.4825,2156.6824,2546.0656,2822.7229,2883.4351,2094.3267,1256.9489
2023-11-11,29,279.0000,470.2278,677.6171,649.3963,1149.5480,2152.6868,2540.4424,2819.4023,2867.5371,2082.0087,1252.7615
2023-11-19,29,270.5587,350.3710,476.0000,504.2174,766.9195,1161.2671,1361.6461,1389.1569,1562.4081,1225.9819,795.0000
2023-11-19,29,199.0000,256.4663,402.3333,446.5628,726.0000,1148.0000,1355.0000,1384.6082,1565.8955,1224.0000,795.0000
2023-11-24,29,1510.0000,1477.0921,1584.2703,1606.0000,2041.0000,2665.5042,3029.0155,3338.5436,3466.9503,2922.2745,1943.0000
2023-11-26,29,383.0000,538.0000,748.8107,933.8663,1340.9138,1829.9592,2091.4977,2443.7091,2499.9969,2585.4389,1736.9258
2023-11-26,29,420.0000,566.2314,766.4238,937.9593,1338.6530,1841.2735,2075.4975,2433.8540,2492.1069,2589.0647,1741.8547
2023-11-29,29,325.0000,521.2327,697.2109,920.4370,1205.3086,1520.4788,1707.2575,1942.5236,1973.6351,1921.0000,1290.1750
2023-11-29,29,380.0000,558.0000,736.7958,932.9852,1189.5637,1520.0000,1727.0000,1938.1265,1963.0000,1908.5729,1298.6866
2023-12-09,29,-9999.0000,-9999.0000,-9999.0000,-9999.0000,-9999.0000,-9999.0000,-9999.0000,-9999.0000,-9999.0000,-9999.0000,-9999.0000
2023-12-09,29,-9999.0000,-9999.0000,-9999.0000,-9999.0000,-9999.0000,-9999.0000,-9999.0000,-9999.0000,-9999.0000,-9999.0000,-9999.0000
2023-12-14,29,-9999.0000,-9999.0000,-9999.0000,-9999.0000,-9999.0000,-9999.0000,-9999.0000,-9999.0000,-9999.0000,-9999.0000,-9999.0000
2023-12-14,29,-9999.0000,-9999.0000,-9999.0000,-9999.0000,-9999.0000,-9999.0000,-9999.0000,-9999.0000,-9999.0000,-9999.0000,-9999.0000
2023-12-16,29,538.5055,721.3959,921.0804,1221.0199,1404.6194,1485.9810,1570.5899,1731.9352,1739.0370,1972.0751,1484.3088
2023-12-16,29,589.0000,749.5288,941.3930,1229.4454,1408.8071,1483.7047,1578.1894,1738.6718,1746.7057,1971.3052,1494.0946
2023-12-19,29,411.0000,617.3726,797.0160,1072.6819,1243.3242,1317.7368,1407.0000,1547.1954,1555.5014,1770.9988,1274.9529
2023-12-19,29,462.0000,645.1270,813.3013,1073.1571,1246.4126,1309.7788,1397.0000,1531.1182,1547.6583,1754.0842,1274.5782
2023-12-24,29,-9999.0000,-9999.0000,-9999.0000,-9999.0000,-9999.0000,-9999.0000,-9999.0000,-9999.0000,-9999.0000,-9999.0000,-9999.0000
2023-12-24,29,1802.0000,2002.0000,1990.0000,2052.8245,2305.0000,2368.9100,2434.6882,2574.0000,2522.0000,2451.0881,2088.5000
2024-01-05,29,-9999.0000,-9999.0000,-9999.0000,-9999.0000,-9999.0000,-9999.0000,-9999.0000,-9999.0000,-9999.0000,-9999.0000,-9999.0000
2024-01-08,29,-9999.0000,-9999.0000,-9999.0000,-9999.0000,-9999.0000,-9999.0000,-9999.0000,-9999.0000,-9999.0000,-9999.0000,-9999.0000
2024-01-08,29,-9999.0000,-9999.0000,-9999.0000,-9999.0000,-9999.0000,-9999.0000,-9999.0000,-9999.0000,-9999.0000,-9999.0000,-9999.0000
2024-01-13,29,503.0000,804.2195,949.5138,1217.0505,1377.4475,1453.1714,1537.0273,1699.1256,1680.0370,1865.2386,1541.4017
2024-01-13,29,612.0000,866.1965,985.4707,1221.1234,1373.9950,1445.8997,1533.1338,1692.2188,1656.1872,1841.5769,1520.7584
2024-01-15,29,-9999.0000,-9999.0000,-9999.0000,-9999.0000,-9999.0000,-9999.0000,-9999.0000,-9999.0000,-9999.0000,-9999.0000,-9999.0000
2024-01-20,29,458.3400,733.4709,861.3041,1152.5993,1277.3963,1366.2562,1469.3217,1691.5578,1611.9716,1720.8620,1293.1515
2024-01-20,29,516.0000,781.4231,901.4580,1168.8965,1285.1964,1367.0000,1473.5971,1690.6343,1609.2850,1713.3356,1285.7943
2024-01-23,29,470.0000,720.0000,856.9796,1077.4005,1197.0002,1278.2277,1348.5009,1475.6180,1476.9380,1521.0000,1176.3193
2024-01-23,29,537.0000,761.3053,877.3901,1080.3604,1205.9705,1265.8605,1346.4091,1475.9004,1462.2472,1512.6627,1174.1864
2024-01-25,29,597.0000,734.3693,962.0000,1217.1488,1397.9556,1473.5690,1542.5030,1611.1316,1677.6930,1782.6622,1260.9490
2024-01-25,29,767.0000,864.4286,1032.0000,1236.9218,1394.0000,1461.1268,1534.6398,1605.1743,1661.0150,1766.2602,1248.5078
2024-01-28,29,513.0000,665.1548,821.1985,1052.5123,1192.7735,1262.7004,1329.8172,1459.2076,1449.4937,1748.5282,1315.0441
2024-01-28,29,563.0000,697.3185,833.2529,1049.4393,1193.4952,1242.3012,1321.4192,1450.2211,1434.3797,1733.5436,1304.4856
2024-01-30,29,492.4977,773.0657,913.3042,1184.9387,1329.3678,1389.8470,1481.5644,1658.6028,1613.0799,1964.3561,1571.6872
2024-01-30,29,594.0000,824.3309,941.3659,1188.6783,1329.5520,1381.3324,1477.0000,1651.0666,1601.6324,1940.9405,1562.8928
2024-02-02,29,308.0000,514.3164,600.4314,757.5357,863.0000,889.4727,944.5217,989.8550,1020.4529,1109.6358,917.3103
2024-02-02,29,380.0000,554.4053,626.0000,765.2987,861.2410,902.1751,950.5327,993.1416,1021.0234,1105.2795,912.7352
2024-02-04,29,314.0000,553.6138,885.0741,1301.0415,1517.3281,1573.0000,1673.0000,1794.4987,1820.3996,2348.1746,1922.7752
2024-02-04,29,403.0000,617.2368,917.3432,1309.5017,1510.0417,1569.5088,1661.5192,1779.6462,1817.5831,2331.3091,1916.0827
2024-02-14,29,707.0000,833.4295,1016.8723,1244.9249,1436.7599,1517.1046,1595.3918,1706.2862,1734.3261,1955.0000,1458.9135
2024-02-14,29,772.3916,880.8321,1040.9236,1248.6014,1434.0000,1524.0000,1603.0000,1705.9155,1738.5179,1929.8797,1443.5735
2024-02-17,29,-9999.0000,-9999.0000,-9999.0000,-9999.0000,-9999.0000,-9999.0000,-9999.0000,-9999.0000,-9999.0000,-9999.0000,-9999.0000
2024-02-17,29,-9999.0000,-9999.0000,-9999.0000,-9999.0000,-9999.0000,-9999.0000,-9999.0000,-9999.0000,-9999.0000,-9999.0000,-9999.0000
2024-02-19,29,560.0000,857.4633,1088.3879,1363.1584,1597.6673,1672.5510,1777.9177,1875.7744,1908.8535,2236.4037,1763.3045
2024-02-19,29,609.0000,889.0499,1100.8454,1354.5901,1593.0036,1659.7198,1781.7752,1875.0220,1906.3686,2235.4618,1762.1935
2024-03-05,29,669.0000,844.6641,1136.7892,1395.1934,1677.6402,1817.2100,1921.5150,2018.9373,2061.4025,2084.9290,1501.9091
2024-03-05,29,642.5057,841.2802,1160.8323,1410.7163,1697.4699,1836.5555,1931.4050,2043.3460,2083.0255,2101.4707,1508.7120
2024-03-13,29,-9999.0000,-9999.0000,-9999.0000,-9999.0000,-9999.0000,-9999.0000,-9999.0000,-9999.0000,-9999.0000,-9999.0000,-9999.0000
2024-03-13,29,676.0000,800.0000,905.0000,916.0000,1038.0000,1253.0000,1334.0000,1452.3585,1389.0000,1250.0000,1155.0000
2024-03-20,29,689.0000,1009.3557,1352.9850,1562.7949,1965.2249,2171.1771,2308.4284,2435.2690,2443.5285,2668.8902,2050.2241
2024-03-20,29,836.5055,1072.7645,1344.6933,1491.5237,1857.8892,2067.6487,2203.3481,2330.9389,2331.5872,2578.9570,2003.7761
2024-03-23,29,1106.6108,1272.9565,1501.0081,1616.0000,1949.4580,2073.3883,2164.9142,2243.9677,2264.0000,2355.0652,1979.8427
2024-03-23,29,1152.6618,1312.3822,1613.4949,1746.9423,2085.2330,2283.9576,2379.3133,2491.6752,2474.8264,2419.0919,2003.6949
2024-03-25,29,940.0000,1235.1456,1626.5297,1851.6780,2236.2228,2505.2843,2618.7274,2859.1842,2769.3205,3162.6687,2573.0010
2024-03-25,29,932.0000,1243.2974,1627.4201,1843.1550,2218.3012,2493.6559,2603.7241,2843.7974,2747.1908,3155.4994,2570.1887
2024-03-30,29,2521.0000,2666.0000,2834.0000,2592.0000,3249.1472,3465.5348,3582.1215,3520.0000,3521.3597,2469.0000,1825.6429
2024-04-02,29,546.0000,768.9446,1077.0290,1109.0263,1640.7594,1994.5039,2122.8631,2243.5420,2242.9290,1990.2736,1374.3751
2024-04-02,29,585.0000,793.3329,1093.1037,1115.3502,1644.7056,2003.7395,2131.6201,2242.7612,2251.8560,1987.0000,1365.8925
2024-04-04,29,667.0000,845.3792,1261.0429,1276.1889,1901.7900,2308.0246,2420.9427,2523.3779,2547.1977,2589.4313,1827.5901
2024-04-04,29,737.0000,889.4005,1261.4276,1259.3459,1856.9472,2267.9417,2371.0585,2475.2501,2500.5525,2554.5411,1812.2745
2024-04-07,29,1176.0000,1293.3223,1665.4170,1634.7466,2245.7951,2708.3588,2852.4962,2971.3704,2978.7269,2715.1071,2041.6854
2024-04-07,29,1294.0000,1353.7048,1681.2612,1628.1658,2221.5344,2708.1080,2843.4610,2963.9733,2953.9004,2691.9769,2043.1442
2024-04-09,29,-9999.0000,-9999.0000,-9999.0000,-9999.0000,-9999.0000,-9999.0000,-9999.0000,-9999.0000,-9999.0000,-9999.0000,-9999.0000
2024-04-12,29,747.0000,1059.7580,1498.7469,1482.2394,2123.4627,2781.0000,2998.7020,3116.5416,3127.5497,3140.3049,2530.3509
2024-04-12,29,774.4578,1074.6327,1474.0149,1450.8042,2067.3776,2684.6630,2916.6898,3043.0000,3045.3504,3091.7915,2506.8552
2024-04-14,29,893.5630,1162.7620,1650.7496,1658.8190,2339.3030,3167.0000,3373.0000,3511.2647,3545.7531,3462.0000,2660.4244
2024-04-14,29,938.0000,1154.7557,1611.7003,1602.6489,2274.8239,3056.9550,3268.3156,3397.9954,3461.2669,3403.6441,2633.7600
2024-04-17,29,684.0000,865.5443,1245.0134,1217.5016,1821.3223,2578.9831,2773.9743,2954.8416,2947.2961,2604.7250,1856.8214
2024-04-17,29,719.0000,893.1691,1298.7511,1267.6357,1900.4914,2675.0692,2886.3254,3051.3124,3045.3259,2643.0791,1866.7617
2024-04-27,29,-9999.0000,-9999.0000,-9999.0000,-9999.0000,-9999.0000,-9999.0000,-9999.0000,-9999.0000,-9999.0000,-9999.0000,-9999.0000
2024-04-29,29,518.0000,749.2024,1141.3771,1050.6222,1754.9827,2628.5452,2875.4809,3046.0758,3005.2924,2363.6387,1540.4472
2024-04-29,29,565.0000,773.0082,1136.5240,1035.3311,1723.1784,2564.2276,2825.2024,2984.9696,2948.6456,2340.2492,1523.0596
2024-05-04,29,-9999.0000,-9999.0000,-9999.0000,-9999.0000,-9999.0000,-9999.0000,-9999.0000,-9999.0000,-9999.0000,-9999.0000,-9999.0000
2024-05-04,29,-9999.0000,-9999.0000,-9999.0000,-9999.0000,-9999.0000,-9999.0000,-9999.0000,-9999.0000,-9999.0000,-9999.0000,-9999.0000
2024-05-14,29,-9999.0000,-9999.0000,-9999.0000,-9999.0000,-9999.0000,-9999.0000,-9999.0000,-9999.0000,-9999.0000,-9999.0000,-9999.0000
2024-05-14,29,-9999.0000,-9999.0000,-9999.0000,-9999.0000,-9999.0000,-9999.0000,-9999.0000,-9999.0000,-9999.0000,-9999.0000,-9999.0000
2024-05-17,29,144.0000,253.4757,697.2070,309.8526,1193.4498,3626.5617,4254.0000,4373.3564,4376.7211,1637.2032,760.4218
2024-05-17,29,255.0000,336.9156,737.5841,348.8098,1200.9757,3529.9003,4153.3230,4242.7971,4263.9132,1625.4885,762.0636
2024-05-22,29,-9999.0000,-9999.0000,-9999.0000,-9999.0000,-9999.0000,-9999.0000,-9999.0000,-9999.0000,-9999.0000,-9999.0000,-9999.0000
2024-05-22,29,-9999.0000,-9999.0000,-9999.0000,-9999.0000,-9999.0000,-9999.0000,-9999.0000,-9999.0000,-9999.0000,-9999.0000,-9999.0000
2024-05-24,29,349.0000,397.4625,861.3437,421.8618,1405.3615,3863.2217,4487.6111,4582.1941,4716.8833,1906.0575,924.9543
2024-05-24,29,358.0000,417.2895,869.2558,429.5686,1395.1842,3910.6733,4524.5356,4580.9827,4725.3040,1898.2599,927.0000
2024-05-27,29,-9999.0000,-9999.0000,-9999.0000,-9999.0000,-9999.0000,-9999.0000,-9999.0000,-9999.0000,-9999.0000,-9999.0000,-9999.0000
2024-06-01,29,166.0000,346.5936,825.6113,389.2529,1387.6495,3510.6768,4168.6452,4291.6398,4454.0067,1704.5452,807.0000
2024-06-01,29,354.0000,458.3333,860.9657,445.6015,1355.1934,3302.2297,3912.8913,4069.8479,4214.2399,1674.0494,806.1419
2024-06-03,29,-9999.0000,-9999.0000,-9999.0000,-9999.0000,-9999.0000,-9999.0000,-9999.0000,-9999.0000,-9999.0000,-9999.0000,-9999.0000
2024-06-06,29,429.0000,528.9601,960.9221,681.4497,1577.0552,3179.4165,3675.8962,3776.8999,4051.9076,2075.3017,1093.9455
2024-06-06,29,519.0000,597.0726,981.3972,700.8205,1557.1301,3107.5650,3579.0185,3706.3996,3946.7033,2043.2261,1088.9025
2024-06-16,29,316.0000,401.2289,856.9115,649.0590,1501.5646,2876.5171,3307.3653,3395.8943,3626.3882,2180.8855,1164.9812
2024-06-16,29,403.0000,480.2416,893.0994,677.3220,1493.6524,2836.0000,3228.4627,3345.1796,3561.4881,2147.7508,1160.8054
2024-06-18,29,478.0000,609.5154,993.2840,779.3863,1569.9672,2915.7153,3395.9438,3546.4810,3690.0000,2411.8682,1378.0327
2024-06-18,29,491.0000,617.7366,1001.2661,786.9945,1570.0235,2915.7069,3369.7206,3544.0000,3691.9971,2404.3850,1362.6220
2024-06-26,29,401.0000,421.2126,722.3643,546.7848,1175.0000,2243.8744,2621.2915,2608.0000,2967.0000,1636.0000,872.0000
2024-06-26,29,339.0000,411.8815,746.2000,547.1065,1191.0000,2460.3407,2796.0000,2868.0000,3061.0000,1665.0270,851.0000
2024-06-28,29,374.0000,537.3835,947.0601,730.2844,1506.9070,3011.5537,3540.4903,3608.0000,3866.8639,2514.8075,1401.2639
2024-06-28,29,535.0000,661.1031,989.3047,771.3005,1473.3823,2875.8117,3382.0025,3400.9066,3675.5426,2460.0462,1386.0074
2024-07-06,29,482.0000,568.0000,789.0000,604.0000,1113.0000,1908.0000,2180.0000,2086.0000,2294.0000,1461.0000,681.0000
2024-07-06,29,498.0000,431.0000,560.0000,405.0000,741.0000,1300.0000,1469.0000,1452.0000,1503.0000,843.0000,387.0000
2024-07-08,29,501.0000,741.1923,1121.3679,969.0860,1742.1387,2859.7331,3316.4318,3395.3963,3667.9796,2830.4217,1669.7836
2024-07-08,29,469.0000,713.4022,1121.6396,968.7704,1766.5600,2915.1766,3362.4941,3459.1493,3732.5004,2851.4217,1693.6348
2024-07-11,29,361.0000,557.2143,913.0142,830.0915,1533.5901,2600.9132,3035.3179,3090.9245,3380.2847,2555.8199,1515.1930
2024-07-11,29,428.0000,602.3162,937.3524,837.2694,1533.2691,2587.0000,3012.9132,3066.4793,3347.6564,2548.1386,1514.5210
2024-07-13,29,525.0000,654.2860,1028.7268,924.9219,1673.6484,2931.8041,3298.9953,3297.4833,3692.7280,2739.8161,1561.4431
2024-07-13,29,579.0000,678.2129,1036.9940,929.0146,1669.9404,2909.0236,3269.2095,3282.7009,3650.5779,2730.7592,1563.6819
2024-07-16,29,331.0000,440.2985,789.3160,689.0304,1361.1673,2595.0471,2986.8184,3066.9032,3340.0000,2364.1414,1298.3086
2024-07-16,29,445.0000,516.1945,829.5426,709.1885,1349.3113,2540.1751,2931.1107,3003.1274,3268.2363,2329.5685,1302.0478
2024-07-18,29,606.4429,869.2155,1184.7833,1299.2567,2010.5550,2827.7945,3290.3828,3488.6592,3779.0042,3592.4133,2313.4362
2024-07-18,29,657.0000,893.1887,1184.9861,1290.7500,1973.6067,2770.7342,3243.2011,3432.4562,3716.5975,3556.5634,2296.2101
2024-07-21,29,408.5033,669.1188,997.6906,1162.9345,1778.9812,2609.3817,3036.0000,3163.9842,3449.7982,3115.2151,1991.6162
2024-07-21,29,456.0000,697.3870,1013.3994,1163.2302,1769.5222,2606.7274,3035.9989,3153.4979,3446.0000,3090.2821,1974.3686
2024-07-23,29,761.0000,690.0000,1002.0000,952.0000,1344.0000,2243.0000,2548.0000,2382.0000,2789.0000,1771.0000,1127.0000
2024-07-23,29,805.0000,712.0000,939.0000,952.0000,1349.0000,2215.0000,2459.0000,2414.0000,2679.0000,1845.0000,1132.0000
2024-07-26,29,341.0000,469.3910,781.1117,765.3743,1356.0409,2446.5236,2803.1205,2828.2489,3090.1377,2634.8275,1627.5891
2024-07-26,29,502.7476,582.2728,837.2539,785.3303,1339.7293,2373.1865,2713.3701,2730.5144,2989.0716,2570.0944,1611.2580
2024-07-28,29,411.0000,561.0226,880.9303,809.1048,1458.9712,2661.0000,3117.5211,3145.5801,3379.1764,2811.9628,1763.2826
2024-07-28,29,554.0000,678.3836,933.2317,837.1761,1427.8258,2577.8082,3026.3392,3003.1069,3268.3298,2755.6243,1731.7703
2024-07-31,29,338.3344,510.3033,805.3681,713.3965,1301.4552,2464.5012,2897.3306,2915.7052,3130.1473,2402.4434,1491.2789
2024-07-31,29,476.0000,604.1059,853.3571,741.0854,1289.7724,2400.7005,2829.7496,2842.8477,3061.0358,2362.7896,1475.7442
2024-08-05,29,-9999.0000,-9999.0000,-9999.0000,-9999.0000,-9999.0000,-9999.0000,-9999.0000,-9999.0000,-9999.0000,-9999.0000,-9999.0000
2024-08-05,29,-9999.0000,-9999.0000,-9999.0000,-9999.0000,-9999.0000,-9999.0000,-9999.0000,-9999.0000,-9999.0000,-9999.0000,-9999.0000
2024-08-07,29,296.3013,464.3392,781.2116,657.2497,1313.5018,2622.4040,3094.0000,3106.2012,3345.2745,2427.4622,1427.4340
2024-08-07,29,464.0000,582.3503,837.3994,693.0717,1294.1181,2525.6312,2984.6679,2986.6790,3226.0000,2378.2181,1411.4772
2024-08-10,29,320.0000,457.3387,713.9488,608.9431,1186.5269,2373.4993,2806.0707,2834.2623,3069.0360,2285.0967,1362.4678
2024-08-10,29,384.0000,496.2227,733.4410,617.2407,1185.6842,2365.3528,2787.4278,2811.3506,3042.6856,2267.5685,1355.6166
2024-08-12,29,410.0000,492.5633,793.1689,693.8492,1306.2355,2541.3381,2894.0000,2955.0379,3196.0772,2443.6414,1411.3211
2024-08-12,29,451.0000,524.2566,813.4989,704.8084,1308.3908,2531.1256,2884.2495,2940.1862,3187.3634,2434.4001,1410.8839
2024-08-12,29,417.0000,504.2565,813.0769,709.2065,1329.9865,2593.0974,2948.6791,3002.0544,3242.9841,2483.8375,1427.1932
2024-08-12,29,454.0000,530.5556,824.8987,713.7541,1325.2183,2565.0016,2908.0167,2977.5477,3201.6365,2443.8119,1412.2996
2024-08-15,29,305.0000,409.9978,705.1805,645.1232,1237.4757,2377.9009,2753.9920,2796.4873,3065.1570,2308.3883,1315.0570
2024-08-15,29,405.0000,482.3880,745.1206,665.0814,1237.5221,2345.0000,2717.1647,2763.5910,3013.0000,2283.6674,1308.2005
2024-08-17,29,-9999.0000,-9999.0000,-9999.0000,-9999.0000,-9999.0000,-9999.0000,-9999.0000,-9999.0000,-9999.0000,-9999.0000,-9999.0000
2024-08-17,29,-9999.0000,-9999.0000,-9999.0000,-9999.0000,-9999.0000,-9999.0000,-9999.0000,-9999.0000,-9999.0000,-9999.0000,-9999.0000
2024-08-20,29,-9999.0000,-9999.0000,-9999.0000,-9999.0000,-9999.0000,-9999.0000,-9999.0000,-9999.0000,-9999.0000,-9999.0000,-9999.0000
2024-08-20,29,-9999.0000,-9999.0000,-9999.0000,-9999.0000,-9999.0000,-9999.0000,-9999.0000,-9999.0000,-9999.0000,-9999.0000,-9999.0000
2024-08-22,29,296.0000,404.3102,817.2099,636.9395,1368.9650,2949.7627,3330.2804,3369.5047,3635.7038,2312.8313,1245.6149
2024-08-22,29,548.0000,584.3582,904.2556,709.1195,1353.4224,2785.0470,3157.7896,3201.3411,3435.6496,2244.4782,1221.3046
2024-08-25,29,327.0000,412.2259,700.3644,545.5793,1165.4640,2529.5038,2947.0607,3003.2056,3229.3313,2105.5765,1114.4810
2024-08-25,29,415.0000,466.3455,728.0000,565.5952,1169.1843,2504.5075,2916.4412,2970.6806,3211.1369,2093.0446,1109.6926
2024-08-27,29,462.0000,624.1335,941.2198,713.4246,1416.8324,2904.9728,3467.3629,3514.4809,3782.2854,2410.9415,1322.3645
2024-08-27,29,621.0000,726.2561,958.4572,749.4427,1394.2825,2793.7175,3345.7371,3370.4768,3625.4533,2369.8145,1314.3707
2024-08-30,29,424.0000,544.5111,770.3061,633.2611,1204.6655,2392.8717,2870.6656,2906.2778,3168.0000,2116.9908,1186.6496
2024-08-30,29,449.0000,558.0903,780.8651,637.2241,1212.3966,2416.0000,2891.4086,2920.7765,3189.9819,2116.1824,1187.3948
2024-09-04,29,305.2099,404.3072,702.5514,628.9510,1253.3404,2448.0000,2851.0449,2899.0260,3201.8275,2188.7062,1180.4505
2024-09-04,29,413.0000,482.4960,745.1903,657.7003,1252.7766,2421.0000,2813.4546,2850.0000,3145.1866,2174.0000,1171.4388
2024-09-09,29,-9999.0000,-9999.0000,-9999.0000,-9999.0000,-9999.0000,-9999.0000,-9999.0000,-9999.0000,-9999.0000,-9999.0000,-9999.0000
2024-09-09,29,-9999.0000,-9999.0000,-9999.0000,-9999.0000,-9999.0000,-9999.0000,-9999.0000,-9999.0000,-9999.0000,-9999.0000,-9999.0000
2024-09-11,29,379.0000,424.4182,782.2919,564.2206,1325.3476,2891.1591,3257.7381,3306.4685,3546.2645,2129.9852,1105.6998
2024-09-11,29,443.0000,485.0000,808.0000,586.0223,1321.5758,2843.5564,3221.1557,3257.5231,3490.4465,2121.2025,1100.9152
2024-09-16,29,1109.0000,1268.0000,1432.0000,1150.0000,1829.0000,3247.0000,3688.0000,3832.0000,3961.0000,2269.0000,1395.0000
2024-09-16,29,1105.0000,1224.0000,1412.0000,1140.0000,1799.0000,3233.0000,3688.0000,3860.0000,3992.0000,2309.0000,1381.0000
2024-09-21,29,350.0000,419.0000,756.0000,568.1055,1304.7538,2924.2768,3332.0922,3450.0259,3642.9619,2081.9675,1069.7595
2024-09-21,29,433.0000,482.4111,786.0000,593.4123,1301.4277,2868.0614,3259.4841,3385.5951,3570.7133,2065.9003,1072.8890
2024-09-24,29,289.0000,378.3124,733.7500,529.2631,1310.1667,2954.7296,3388.1003,3499.0024,3698.4832,1928.9954,966.0726
2024-09-24,29,377.0000,428.3568,756.0000,548.3279,1309.1583,2907.9256,3331.6661,3451.1993,3652.0566,1914.0000,964.6475
2024-09-29,29,172.6643,344.4929,642.3265,482.2557,1133.2927,2626.8584,3083.5604,3354.1748,3412.0849,1821.7334,980.8678
2024-09-29,29,198.6038,356.5897,648.0000,480.9639,1133.3668,2635.4472,3090.6386,3370.3948,3427.1197,1819.7550,979.2054
2024-10-11,29,294.0000,397.7706,741.1719,589.0918,1301.5872,2698.8394,3042.0035,3234.1568,3387.8894,2000.9393,1046.1514
2024-10-11,29,299.0000,398.4964,744.9129,589.4664,1300.2713,2700.5203,3065.8017,3241.4567,3395.4292,1996.9664,1041.3776
2024-10-21,29,382.4972,492.3696,780.3498,721.1857,1305.5720,2304.6308,2618.3526,2730.9109,2924.9054,2064.6160,1173.8485
2024-10-21,29,484.0000,572.1015,840.4493,758.0323,1325.5589,2278.0000,2562.6875,2690.4552,2877.1591,2054.0867,1169.0019
2024-10-26,29,-9999.0000,-9999.0000,-9999.0000,-9999.0000,-9999.0000,-9999.0000,-9999.0000,-9999.0000,-9999.0000,-9999.0000,-9999.0000
2024-10-29,29,247.0000,446.2224,664.7868,649.3615,1158.1829,1938.0000,2234.6822,2388.2615,2540.0000,1981.6695,1241.5324
2024-10-29,29,287.0000,468.3186,674.1599,653.5193,1153.1235,1940.3269,2243.5207,2378.7902,2530.5746,1981.3186,1242.0852
2024-10-31,29,280.9414,389.3881,653.4873,661.1297,1185.3256,2009.7408,2257.0424,2467.5721,2610.1896,2242.1648,1337.0000
2024-10-31,29,276.0000,384.4859,653.2244,656.9281,1189.7585,2019.5794,2284.0691,2482.6599,2628.9244,2244.8215,1337.2497
2024-11-03,29,438.3327,549.4929,765.4988,793.3896,1284.7364,1979.0000,2242.3065,2443.6644,2580.2581,2309.5716,1422.5080
2024-11-03,29,452.0000,552.1767,769.1607,789.4766,1265.9938,1965.3062,2234.6804,2436.2276,2572.7316,2289.2005,1398.6250
2024-11-05,29,302.7514,502.2076,697.1087,752.8261,1241.6910,1940.0000,2234.7699,2554.3051,2603.0000,2397.9884,1490.6518
2024-11-05,29,264.0000,472.2605,678.4170,744.8702,1246.2794,1961.5028,2253.2574,2577.9958,2629.1817,2413.2680,1493.3462
2024-11-08,29,348.0000,541.0279,708.8906,773.2051,1217.3677,1769.4710,2021.5933,2251.8654,2361.7240,2017.6920,1317.0000
2024-11-08,29,427.0000,588.1920,736.1011,785.3881,1217.5440,1761.0075,2011.6669,2235.0615,2339.5714,2005.6530,1313.3339
2024-11-10,29,308.0000,421.3139,669.1738,772.4199,1257.3375,1908.5840,2145.8208,2482.8557,2532.4294,2419.3857,1473.6525
2024-11-10,29,328.0000,434.6625,677.4529,777.0432,1257.6070,1892.4716,2139.4492,2475.4434,2515.3059,2419.6140,1473.0699
2024-11-13,29,277.0000,430.3943,650.2785,780.9809,1241.9774,1789.3433,2034.4712,2347.5558,2419.0984,2359.0000,1441.1066
2024-11-13,29,318.0000,456.6294,678.3971,793.3997,1241.2456,1776.4535,2026.3681,2338.1091,2410.9769,2345.3253,1435.0000
2024-11-15,29,380.0000,649.1016,856.8052,1081.3583,1597.0000,2108.0542,2386.6142,2786.6368,2852.2066,2907.3432,1900.0000
2024-11-15,29,417.0000,673.2955,873.0475,1085.3097,1610.0000,2095.0000,2378.8905,2777.6726,2842.1165,2905.0000,1899.2577
2024-11-18,29,701.0000,949.4579,1113.1642,1369.8840,1781.7459,2117.6182,2381.5388,2683.4097,2786.4699,2884.4754,1986.7300
2024-11-18,29,489.0000,836.9517,1033.1906,1355.1435,1794.6734,2169.0436,2450.6812,2754.9942,2900.3630,2971.5047,2011.1282
2024-11-23,29,333.0000,472.2232,625.0383,789.2287,886.0000,939.3327,1010.4104,1160.2561,1115.7102,1313.0653,945.4424
2024-11-23,29,373.0000,496.3841,634.0000,793.0163,889.0931,939.4426,1011.2658,1141.8866,1107.0092,1309.5781,945.3851
2024-11-25,29,-9999.0000,-9999.0000,-9999.0000,-9999.0000,-9999.0000,-9999.0000,-9999.0000,-9999.0000,-9999.0000,-9999.0000,-9999.0000
2024-11-25,29,685.0000,618.0000,664.0000,768.0000,770.0000,874.0000,1038.0000,1154.0000,1093.0000,1096.0000,821.0000
2024-11-30,29,436.0000,561.6272,729.2499,917.0936,1025.1972,1083.4279,1138.5671,1287.6164,1240.8295,1553.1824,1212.0000
2024-11-30,29,465.0000,577.4635,737.1232,924.8614,1033.0000,1082.0426,1139.7741,1287.4565,1238.6551,1561.4193,1217.5042
2024-12-05,29,627.0000,905.4344,1025.0050,1258.9285,1377.4477,1418.7084,1507.5051,1666.8408,1593.7694,2050.4504,1803.8762
2024-12-05,29,625.0000,909.5583,1044.8074,1274.9563,1389.6066,1436.0695,1500.3761,1667.9492,1595.8317,2060.5363,1796.0274
2024-12-13,29,454.0000,669.5235,865.2433,1099.0720,1229.5056,1275.0025,1330.2642,1435.6362,1420.3169,1874.5547,1548.3526
2024-12-13,29,598.4959,773.1801,928.8634,1116.5401,1245.5708,1290.7668,1347.9218,1442.7234,1435.8914,1842.3712,1532.2295
2024-12-13,29,531.0000,708.1863,918.3899,1141.0664,1253.1029,1323.1135,1354.8151,1490.9041,1475.2102,1914.0227,1604.8971
2024-12-13,29,668.0000,802.2821,978.2912,1164.9984,1276.8004,1346.8872,1379.7943,1499.5553,1497.8485,1907.6888,1600.9781
2024-12-15,29,414.0000,792.0000,937.6211,1152.9517,1273.7636,1282.6743,1370.4408,1506.2279,1475.3181,1922.5139,1644.0031
2024-12-15,29,633.0000,888.3275,1000.1577,1177.2285,1314.5510,1339.2063,1411.7483,1522.7000,1490.7730,1893.0618,1633.5079
2024-12-18,29,-9999.0000,-9999.0000,-9999.0000,-9999.0000,-9999.0000,-9999.0000,-9999.0000,-9999.0000,-9999.0000,-9999.0000,-9999.0000
2024-12-23,29,-9999.0000,-9999.0000,-9999.0000,-9999.0000,-9999.0000,-9999.0000,-9999.0000,-9999.0000,-9999.0000,-9999.0000,-9999.0000
2024-12-25,29,382.0000,630.2622,742.0000,937.5697,1057.6632,1083.5565,1163.7118,1274.4283,1235.5402,1473.4860,1137.0271
2024-12-25,29,432.0000,666.3084,766.0655,957.3947,1061.5906,1099.1374,1169.8713,1290.7155,1253.0754,1474.9525,1144.5431
2024-12-28,29,372.0000,612.0744,732.3001,905.3800,1012.9279,1041.2313,1116.0178,1187.1787,1203.8602,1456.9573,1305.7609
2024-12-28,29,392.0000,620.1393,730.2683,898.4220,1010.2926,1038.0385,1108.2858,1178.7540,1187.6525,1453.4659,1293.3743
2024-12-30,29,505.0000,680.1895,857.2805,1089.0568,1225.7340,1277.3957,1340.4256,1441.9189,1436.5498,1861.2163,1541.1242
2024-12-30,29,572.5082,728.0000,888.8678,1104.9544,1241.0332,1284.4607,1356.4674,1459.5843,1452.4307,1865.2441,1556.5383
2025-01-04,29,-9999.0000,-9999.0000,-9999.0000,-9999.0000,-9999.0000,-9999.0000,-9999.0000,-9999.0000,-9999.0000,-9999.0000,-9999.0000
2025-01-12,29,396.0000,549.4747,697.1313,873.6810,993.5849,1043.5893,1108.3515,1219.4715,1179.0508,1509.8241,1189.4447
2025-01-12,29,445.0000,584.0511,716.2519,877.3204,992.9832,1036.9055,1098.7553,1211.1745,1179.0764,1500.9111,1189.3700
2025-01-14,29,824.0000,1161.2000,1347.3599,1571.4370,1714.7461,1802.4201,1873.1048,2076.2356,1945.6578,2467.0503,2291.7003
2025-01-14,29,830.0000,1177.2000,1354.6515,1570.5846,1723.5301,1796.0000,1867.5027,2075.7666,1946.4540,2459.6013,2275.6927
2025-01-17,29,738.5056,1061.0674,1259.8568,1476.1648,1602.0000,1665.4255,1733.1368,1907.1811,1821.9972,2219.6235,2148.7132
2025-01-17,29,768.0000,1093.3126,1268.7091,1475.0051,1598.0002,1661.6744,1721.6633,1898.6961,1819.3121,2211.4133,2140.6483
2025-02-03,29,593.0000,813.3076,964.9921,1104.7648,1265.9543,1329.5436,1401.5091,1522.4522,1482.2311,1876.6758,1570.3369
2025-02-03,29,587.0000,805.4260,957.1244,1100.7053,1273.2832,1338.4209,1416.4782,1515.4453,1482.1097,1876.2220,1573.7038
2025-02-06,29,665.0000,965.0155,1177.3376,1364.9292,1524.8064,1598.2957,1670.2434,1795.0676,1757.3804,2115.1239,2001.7729
2025-02-06,29,712.6812,993.3700,1192.9545,1361.2747,1521.4869,1589.4776,1658.0402,1794.4513,1745.7154,2107.1837,1987.0907
2025-02-08,29,954.0000,1260.5065,1578.4569,1804.2493,2027.4365,2123.6571,2148.0037,2259.4017,2259.6681,2828.7624,2500.7533
2025-02-08,29,988.0000,1272.8515,1587.0800,1795.0909,2010.9647,2105.8085,2123.1619,2242.6122,2235.8505,2810.8245,2482.3114
2025-02-16,29,-9999.0000,-9999.0000,-9999.0000,-9999.0000,-9999.0000,-9999.0000,-9999.0000,-9999.0000,-9999.0000,-9999.0000,-9999.0000
2025-02-16,29,-9999.0000,-9999.0000,-9999.0000,-9999.0000,-9999.0000,-9999.0000,-9999.0000,-9999.0000,-9999.0000,-9999.0000,-9999.0000
2025-02-18,29,1017.9896,1299.4441,1634.2828,1930.9265,2108.2201,2212.2259,2267.9451,2522.6937,2403.9466,2963.1518,2634.9816
2025-02-18,29,1042.0000,1339.7422,1650.4312,1890.9074,2060.4047,2179.2613,2227.1045,2459.0192,2364.3543,2915.0000,2588.6371
2025-02-21,29,925.0000,1218.6821,1562.8617,1835.5997,2005.4029,2071.0000,2108.9172,2291.7422,2242.5718,2810.7772,2481.4595
2025-02-21,29,1065.3528,1309.2810,1571.2763,1786.1213,1946.7406,2043.2036,2083.0442,2250.0300,2203.5596,2771.4757,2461.1830
2025-02-28,29,-9999.0000,-9999.0000,-9999.0000,-9999.0000,-9999.0000,-9999.0000,-9999.0000,-9999.0000,-9999.0000,-9999.0000,-9999.0000
2025-02-28,29,-9999.0000,-9999.0000,-9999.0000,-9999.0000,-9999.0000,-9999.0000,-9999.0000,-9999.0000,-9999.0000,-9999.0000,-9999.0000
2025-03-03,29,889.0000,1146.9589,1482.8582,1730.8719,1907.3665,2019.9751,2076.4087,2267.6097,2195.5971,2738.5958,2402.5060
2025-03-03,29,933.0000,1186.5875,1491.2846,1722.0314,1898.9829,2010.9190,2066.7208,2267.3247,2189.7111,2738.0041,2410.5363
2025-03-05,29,1036.0000,1450.9645,1762.8519,2058.6222,2254.5030,2347.0384,2435.1238,2620.1288,2547.6962,3179.9530,2982.4955
2025-03-05,29,1035.0000,1466.8101,1762.6608,2051.7761,2227.7062,2323.3399,2419.4273,2611.9207,2522.0000,3172.4559,2971.8135
2025-03-08,29,1180.0000,1514.4721,1803.3707,2042.1032,2244.5339,2347.5733,2441.9398,2578.4381,2531.8157,2947.2881,2762.3061
2025-03-08,29,1129.0000,1539.0252,1867.1093,2131.0559,2333.3845,2427.0828,2531.0034,2650.1542,2620.0846,3028.0680,2805.4700
2025-03-10,29,-9999.0000,-9999.0000,-9999.0000,-9999.0000,-9999.0000,-9999.0000,-9999.0000,-9999.0000,-9999.0000,-9999.0000,-9999.0000
2025-03-10,29,-9999.0000,-9999.0000,-9999.0000,-9999.0000,-9999.0000,-9999.0000,-9999.0000,-9999.0000,-9999.0000,-9999.0000,-9999.0000
2025-03-18,29,775.0000,1131.5299,1427.9504,1675.0516,1844.7946,1995.6439,2100.3958,2307.0174,2213.1740,2578.9097,2357.3640
2025-03-18,29,820.4136,1155.4255,1443.5093,1666.2693,1828.4660,1987.9460,2084.0790,2283.3878,2195.1454,2577.7196,2353.7462
2025-03-20,29,1158.5055,1489.7871,1875.3212,2194.6798,2405.9228,2578.4627,2635.5059,2898.8526,2771.3455,3284.8639,2883.6873
2025-03-20,29,1094.0000,1484.0348,1835.4343,2130.8126,2330.7762,2499.9082,2579.8083,2826.0387,2707.7668,3236.0000,2841.4935
2025-03-23,29,-9999.0000,-9999.0000,-9999.0000,-9999.0000,-9999.0000,-9999.0000,-9999.0000,-9999.0000,-9999.0000,-9999.0000,-9999.0000
2025-03-23,29,-9999.0000,-9999.0000,-9999.0000,-9999.0000,-9999.0000,-9999.0000,-9999.0000,-9999.0000,-9999.0000,-9999.0000,-9999.0000
2025-03-25,29,-9999.0000,-9999.0000,-9999.0000,-9999.0000,-9999.0000,-9999.0000,-9999.0000,-9999.0000,-9999.0000,-9999.0000,-9999.0000
2025-03-30,29,-9999.0000,-9999.0000,-9999.0000,-9999.0000,-9999.0000,-9999.0000,-9999.0000,-9999.0000,-9999.0000,-9999.0000,-9999.0000
2025-03-30,29,-9999.0000,-9999.0000,-9999.0000,-9999.0000,-9999.0000,-9999.0000,-9999.0000,-9999.0000,-9999.0000,-9999.0000,-9999.0000
2025-04-01,29,-9999.0000,-9999.0000,-9999.0000,-9999.0000,-9999.0000,-9999.0000,-9999.0000,-9999.0000,-9999.0000,-9999.0000,-9999.0000
2025-04-02,29,1039.0000,1356.2018,1746.9935,1973.0764,2250.7782,2443.6480,2509.0982,2658.4528,2635.9144,3100.0410,2726.9901
2025-04-02,29,1040.0000,1379.2835,1763.8487,1975.5411,2252.7288,2437.2982,2523.5000,2658.5951,2636.2427,3113.8222,2727.8536
2025-04-04,29,1209.0000,1683.5132,2065.6573,2357.1350,2617.2428,2811.2234,2955.3533,3130.8143,3059.0000,3542.6014,3286.2519
2025-04-04,29,1187.0000,1676.2096,2034.7112,2311.0389,2564.5037,2779.5298,2922.3404,3090.4565,3019.6000,3542.4348,3289.3329
2025-04-04,29,1093.0000,1441.8947,1819.0454,2087.5484,2346.0000,2523.3245,2634.1741,2779.8056,2765.3424,3190.4965,2807.5448
2025-04-04,29,1081.0000,1434.5825,1787.3218,2040.3630,2299.8813,2509.3429,2609.4861,2737.3684,2728.4563,3181.7527,2807.9242
2025-04-07,29,1326.0000,1522.4872,1747.5332,1843.0853,2092.0972,2347.7728,2469.9768,2594.9711,2563.0279,2536.6714,2247.2626
2025-04-11,29,1112.5047,1419.6683,1779.2021,2100.0041,2330.0638,2500.6874,2587.4885,2693.8439,2700.5304,3201.9323,2915.0114
2025-04-11,29,1144.0000,1410.5524,1739.5107,2018.7320,2251.6196,2435.7239,2519.5500,2642.9256,2630.7215,3137.0438,2875.0989
2025-04-12,29,932.6398,1309.1594,1674.3951,1996.5029,2145.8076,2283.5843,2338.6633,2471.0440,2459.3286,2979.5218,2641.0000
2025-04-12,29,1041.0000,1291.4717,1594.4428,1826.8182,2004.1531,2196.8422,2252.7184,2378.4244,2371.8177,2865.8189,2588.3858
2025-04-19,29,1082.0000,1458.4440,1786.7647,2068.3567,2314.3099,2570.9134,2634.9161,2755.5185,2771.8071,3145.7558,2724.0526
2025-04-19,29,1108.0000,1466.9901,1804.4061,2087.4565,2323.5425,2569.8790,2634.1803,2759.0748,2771.3122,3139.9003,2710.6260
2025-04-22,29,1143.0000,1594.2072,1995.0075,2278.7709,2515.7688,2732.2643,2811.0054,2874.8308,2935.0000,3290.1909,2886.6532
2025-04-22,29,1177.5108,1611.7038,2004.0806,2248.4813,2499.0557,2739.7221,2819.0288,2885.7691,2932.2640,3268.8968,2870.4183
2025-04-24,29,1523.8739,2135.0926,2504.0936,2822.7880,3125.3762,3297.3480,3496.8722,3542.4130,3579.7873,3975.7239,3674.6900
2025-04-24,29,1541.0000,2091.2243,2471.8457,2757.0212,3067.0656,3266.8695,3462.1174,3494.7569,3557.3783,3924.5076,3651.8761
2025-04-24,29,1471.0000,1954.7602,2314.5634,2470.7852,2776.0000,3139.8972,3298.8100,3350.7887,3419.4417,3365.6001,2771.9047
2025-04-24,29,1545.0000,1906.9324,2250.2826,2391.2226,2723.3363,3089.5761,3258.1400,3286.0400,3368.1032,3320.4680,2744.1743
2025-04-27,29,624.0000,907.9122,1179.4047,1427.1442,1610.5329,1826.6079,1964.6679,2006.7498,2073.4974,2307.7721,1938.0000
2025-04-27,29,727.0000,947.3886,1186.7035,1386.9948,1569.7792,1809.9463,1972.4756,2007.6576,2061.2787,2273.7848,1916.2056
2025-04-29,29,1438.0000,2008.0453,2487.7751,2854.4155,3114.9395,3372.2504,3477.0412,3653.4170,3608.5201,4026.9137,3610.2250
2025-04-29,29,1361.0000,1860.2459,2313.2573,2646.7828,2918.2700,3211.8192,3321.4392,3509.9170,3462.1676,3911.3445,3559.5380
2025-05-01,29,1477.5120,1991.2493,2437.3543,2807.8910,3114.0843,3323.6553,3499.8656,3574.6437,3623.6261,4040.8487,3672.1547
2025-05-01,29,1446.0000,1891.7294,2326.4398,2664.0300,2982.0821,3243.3408,3395.8050,3493.2521,3521.2622,3993.1499,3636.3322
2025-05-02,29,1302.0000,1748.4399,2197.7117,2502.6295,2789.5240,3082.9613,3203.0152,3287.1875,3352.5689,3718.0621,3336.3615
2025-05-02,29,1323.0000,1747.6918,2184.2985,2471.1578,2760.4275,3073.6393,3206.9239,3285.7001,3320.9363,3734.3554,3351.1043
2025-05-04,29,1909.0080,2507.7475,2884.2615,2967.4756,3386.0000,3710.4375,3932.0636,3906.7423,3939.4460,3586.2927,3212.2592
2025-05-04,29,1949.0000,2493.1901,2824.3259,2919.7510,3323.3176,3531.3183,3731.1476,3714.3809,3763.2945,3565.0496,3206.8323
2025-05-04,29,1518.0000,2039.6409,2485.2100,2691.3177,3048.6763,3300.3809,3467.2680,3445.5867,3547.9880,3458.9579,3033.0143
2025-05-04,29,1502.0000,1874.4278,2265.9623,2454.9852,2796.4272,3098.4220,3276.3906,3257.6638,3363.3276,3317.5899,2983.8052
2025-05-09,29,1044.0000,1418.7988,1819.3092,2089.6943,2369.6588,2803.6562,2908.0269,3030.7299,3063.6907,3289.0347,2762.6859
2025-05-09,29,1103.0000,1418.3807,1818.6271,2069.9114,2378.9608,2812.6092,2923.9689,3030.0592,3078.2710,3269.6105,2743.7388
2025-05-11,29,1445.0000,1927.6353,2390.7113,2728.2881,3112.0730,3461.3695,3625.6183,3701.8224,3763.6163,4107.1221,3705.9530
2025-05-11,29,1418.0000,1878.8382,2361.2971,2648.3885,3030.2849,3378.2285,3547.6164,3654.6469,3691.3481,4037.5027,3644.6480
2025-05-12,29,1386.0000,2007.0522,2519.9010,2837.1422,3145.9863,3480.0268,3593.3156,3735.2172,3751.9362,4007.8979,3466.8804
2025-05-12,29,1391.0000,1926.3267,2438.8621,2725.3716,2998.5543,3382.8654,3508.0158,3653.9005,3655.2652,3928.9210,3451.5656
