2017-01-24,60,532.0000,678.4706,892.6328,1049.4048,1276.0000,1371.0000,1435.0000,1572.0000,1557.6047,1698.0652,1234.0000
2017-04-11,60,2319.0000,2291.5651,2707.7907,3076.7334,3391.0000,3626.0000,3802.0000,3890.8639,3951.0000,4695.1561,4393.8536
2017-04-21,60,1470.0000,1875.5369,2513.6914,3094.0212,3428.0000,3584.0000,3723.0662,4013.4851,3914.2081,4418.9967,4070.3242
2017-04-21,60,2145.0000,2354.9287,2819.7349,3305.5832,3488.5633,3653.0000,3784.8957,4090.0000,3951.0000,4557.0000,4189.2088
2017-04-24,60,-9999.0000,-9999.0000,-9999.0000,-9999.0000,-9999.0000,-9999.0000,-9999.0000,-9999.0000,-9999.0000,-9999.0000,-9999.0000
2017-05-01,60,1764.0000,1808.7628,2061.7802,2193.4839,2416.5644,2838.0000,2997.9239,3125.5420,3092.0000,2638.3833,2165.0000
2017-05-04,60,-9999.0000,-9999.0000,-9999.0000,-9999.0000,-9999.0000,-9999.0000,-9999.0000,-9999.0000,-9999.0000,-9999.0000,-9999.0000
2017-05-04,60,-9999.0000,-9999.0000,-9999.0000,-9999.0000,-9999.0000,-9999.0000,-9999.0000,-9999.0000,-9999.0000,-9999.0000,-9999.0000
2017-05-14,60,560.0000,946.2419,1574.3333,1644.1394,2338.0000,2765.0000,2924.6548,2933.3832,3061.8525,3126.0000,2469.3902
2017-05-14,60,986.0000,1259.5242,1827.3431,1819.7848,2500.0000,2881.0373,2997.4677,3005.0000,3135.0000,3209.0000,2518.0000
2017-05-21,60,-9999.0000,-9999.0000,-9999.0000,-9999.0000,-9999.0000,-9999.0000,-9999.0000,-9999.0000,-9999.0000,-9999.0000,-9999.0000
2017-05-21,60,-9999.0000,-9999.0000,-9999.0000,-9999.0000,-9999.0000,-9999.0000,-9999.0000,-9999.0000,-9999.0000,-9999.0000,-9999.0000
2017-05-24,60,1684.0000,1985.2119,2641.0000,2934.1497,3538.0000,4189.0000,4371.0000,4421.7826,4581.9913,4824.9691,4163.0000
2017-05-24,60,1552.0000,2010.0000,2603.8753,2835.7112,3431.5000,4076.9586,4283.4811,4282.0000,4498.6186,4709.2316,4105.3758
2017-05-31,60,2037.0000,1941.4684,2342.2897,2349.1015,2921.0537,4186.7926,4459.0000,4586.2354,4755.0000,4364.0000,3382.5275
2017-06-03,60,873.0000,1096.0000,1514.1783,1619.0397,2096.3183,3177.0000,3541.2444,3532.6509,3720.0000,3433.0000,2747.0000
2017-06-03,60,1042.0000,1126.0000,1583.0000,1699.7301,2185.0000,3276.0000,3653.0000,3622.7351,3814.1535,3449.0000,2762.0000
2017-06-10,60,1167.0000,1257.7578,1622.6505,1484.0000,1945.0193,3832.9263,4369.3432,4452.2836,4522.0000,3065.5465,2111.0000
2017-06-13,60,664.0000,781.4667,1139.4939,1029.0000,1533.0000,3475.0000,4312.8393,4348.8301,4532.0000,2938.9235,1912.0000
2017-06-13,60,701.0000,859.3255,1204.0000,1026.0625,1574.0773,3630.0000,4534.0000,4435.2133,4669.3067,2923.3418,1961.0000
2017-06-20,60,107.0000,273.9910,690.5773,565.0217,1096.0000,3651.6988,4728.6846,4794.0000,4953.0000,2552.4794,1505.0000
2017-06-20,60,545.0000,529.4501,810.9815,573.1559,1073.0000,3699.3343,4828.5354,4884.0556,5030.0000,2587.9493,1539.7548
2017-06-23,60,1246.0000,1221.0000,1316.4980,1146.5848,1574.0025,3481.0000,4502.0000,4508.0000,4731.7967,2421.4187,1528.0000
2017-06-23,60,1390.0000,1369.4627,1418.2826,1171.8627,1631.0000,3749.6811,4875.5174,4812.7347,5044.6864,2461.0005,1528.0000
2017-07-03,60,243.0000,246.0000,453.9945,276.7788,708.0000,3139.9152,4472.0000,4525.0000,4713.0000,1911.0000,969.9606
2017-07-03,60,120.0000,189.1698,420.0000,258.0336,693.5593,3169.0000,4612.9229,4603.4576,4759.6257,1914.0000,1010.0000
2017-07-08,60,367.0000,452.0000,636.0483,484.6980,910.0340,2914.4036,4290.0000,4299.8986,4555.0000,1944.0000,1115.0000
2017-07-10,60,1.0000,1.0415,362.0000,231.0000,766.0000,3445.3260,4756.0081,4796.9358,4959.0000,2021.1091,1018.3700
2017-07-10,60,57.0000,146.0012,420.5460,226.0000,735.0000,3483.4396,4855.0000,4835.7013,5010.0000,2011.1384,1014.0000
2017-07-13,60,1.0000,108.9206,430.2650,317.6388,809.1313,2955.7854,4259.4510,4274.6199,4521.0000,2009.0000,1031.0000
2017-07-13,60,40.0000,165.8464,437.4350,288.5643,784.6383,3028.9304,4360.0295,4346.7081,4632.4854,2011.4316,1043.0000
2017-07-20,60,574.0000,612.0240,842.2923,669.4922,1163.2451,3341.2222,4431.0000,4433.9488,4779.7650,2284.6601,1254.0000
2017-07-20,60,373.0000,420.1752,683.3622,451.1025,1006.0805,3737.0000,5081.3242,5041.3531,5405.5000,2355.3355,1235.0576
2017-07-23,60,97.0000,348.0000,634.1567,512.1905,1010.1423,2801.0144,3820.0000,3806.5000,4149.7886,2112.7436,1164.5130
2017-07-23,60,306.0000,361.8675,589.6453,396.9938,917.5815,2942.5218,4111.0000,4076.7741,4469.0000,2122.0000,1153.0000
2017-07-30,60,-9999.0000,-9999.0000,-9999.0000,-9999.0000,-9999.0000,-9999.0000,-9999.0000,-9999.0000,-9999.0000,-9999.0000,-9999.0000
2017-08-02,60,285.0000,370.0000,621.8048,479.0000,961.0000,2713.8148,3627.6430,3665.8631,3945.3738,2103.0000,1193.5481
2017-08-02,60,113.0000,285.0000,537.5871,377.5596,898.1270,2801.1238,3772.0406,3772.8539,4100.1960,2130.0000,1197.5872
2017-08-09,60,129.0000,322.3936,697.0000,632.0000,1189.7509,2958.3363,3682.7441,3745.5917,4058.0076,2406.6010,1474.0000
2017-08-09,60,230.0000,384.0000,740.9890,650.1015,1196.0000,2963.0000,3709.4161,3718.9671,4034.9990,2412.0000,1439.0000
2017-08-12,60,82.0000,92.0000,138.0000,86.0000,222.0000,722.0000,938.8226,936.0000,1011.0000,409.0000,217.0000
2017-08-12,60,-9999.0000,-9999.0000,-9999.0000,-9999.0000,-9999.0000,-9999.0000,-9999.0000,-9999.0000,-9999.0000,-9999.0000,-9999.0000
2017-08-19,60,-9999.0000,-9999.0000,-9999.0000,-9999.0000,-9999.0000,-9999.0000,-9999.0000,-9999.0000,-9999.0000,-9999.0000,-9999.0000
2017-08-22,60,384.0000,514.4423,781.6673,814.6009,1310.0000,2419.0000,2909.2580,3106.2028,3306.3459,2545.0000,1656.0000
2017-08-22,60,351.0000,464.0000,744.0000,789.0000,1268.4779,2461.0000,2936.0000,3158.0000,3378.0000,2533.1321,1648.0000
2017-08-29,60,118.0000,307.0000,594.8401,742.1092,1136.0000,1900.4802,2205.8155,2364.5233,2571.0000,2353.0000,1523.0000
2017-08-29,60,318.0000,442.6731,648.4859,749.5932,1132.9219,1898.0000,2222.3734,2363.5212,2570.0000,2347.0000,1488.8024
2017-09-08,60,180.0000,348.9743,537.0000,645.3728,1002.0000,1619.0000,1850.2424,1962.5188,2145.8746,2161.1338,1411.0000
2017-09-08,60,260.0000,332.0000,544.2210,665.6293,1012.6463,1638.0000,1857.0000,1964.0652,2136.0173,2153.0000,1404.0000
2017-09-18,60,343.0000,398.2419,566.0000,666.5488,992.0000,1552.0000,1771.3390,1900.4283,2018.0000,2131.0000,1460.0000
2017-09-18,60,211.0000,404.6045,632.5887,743.0000,1028.0000,1607.0000,1801.0339,1916.0372,2052.2426,2078.4877,1425.0000
2017-09-21,60,337.0000,368.6204,464.7293,504.6516,790.0000,1249.8348,1456.2214,1549.5044,1628.3688,1796.5955,1207.0000
2017-09-21,60,387.0000,394.1554,484.7898,509.0000,816.0000,1256.0000,1427.0000,1547.4352,1649.3489,1783.0000,1205.0000
2017-09-28,60,293.0000,386.6601,546.3772,642.0000,929.0000,1431.0000,1612.7522,1731.6352,1851.6201,2018.7537,1398.5508
2017-09-28,60,611.0000,628.2333,720.1339,734.4009,1008.0000,1527.0000,1676.5970,1769.7758,1866.0000,1976.9970,1384.0000
2017-10-01,60,-9999.0000,-9999.0000,-9999.0000,-9999.0000,-9999.0000,-9999.0000,-9999.0000,-9999.0000,-9999.0000,-9999.0000,-9999.0000
2017-10-08,60,-9999.0000,-9999.0000,-9999.0000,-9999.0000,-9999.0000,-9999.0000,-9999.0000,-9999.0000,-9999.0000,-9999.0000,-9999.0000
2017-10-08,60,-9999.0000,-9999.0000,-9999.0000,-9999.0000,-9999.0000,-9999.0000,-9999.0000,-9999.0000,-9999.0000,-9999.0000,-9999.0000
2017-10-11,60,-9999.0000,-9999.0000,-9999.0000,-9999.0000,-9999.0000,-9999.0000,-9999.0000,-9999.0000,-9999.0000,-9999.0000,-9999.0000
2017-10-18,60,-9999.0000,-9999.0000,-9999.0000,-9999.0000,-9999.0000,-9999.0000,-9999.0000,-9999.0000,-9999.0000,-9999.0000,-9999.0000
2017-10-31,60,1130.0000,1501.0000,1668.5080,1858.4545,2274.0000,2684.0000,2929.0000,3227.0000,3253.0000,3766.0000,2850.0000
2017-10-31,60,1181.0000,1367.0000,1549.0000,1724.0000,2120.0000,2589.0000,2798.0000,3089.0000,3151.0000,3710.0000,2771.0000
2017-11-10,60,326.0000,302.0000,452.7500,644.5000,816.7160,1009.0000,1103.0000,1242.3214,1288.1691,1244.4906,824.0000
2017-11-10,60,384.0000,442.6540,499.0000,628.0000,789.0051,989.0000,1088.0000,1239.0000,1230.0000,1250.0000,788.0000
2017-11-17,60,-9999.0000,-9999.0000,-9999.0000,-9999.0000,-9999.0000,-9999.0000,-9999.0000,-9999.0000,-9999.0000,-9999.0000,-9999.0000
2017-11-17,60,-9999.0000,-9999.0000,-9999.0000,-9999.0000,-9999.0000,-9999.0000,-9999.0000,-9999.0000,-9999.0000,-9999.0000,-9999.0000
2017-11-20,60,354.0000,668.9365,900.9885,1230.0432,1464.0581,1672.9766,1800.0000,2061.1400,2068.1802,2485.0000,1841.0000
2017-11-20,60,716.0000,825.0000,965.1663,1229.1158,1452.0000,1677.9875,1809.0000,2076.0174,2089.8965,2493.0000,1818.0000
2017-11-27,60,56.0000,466.0000,732.7994,1121.5147,1426.4169,1652.6229,1843.0000,2130.0000,2140.0031,2153.0000,1386.7817
2017-11-27,60,300.0000,569.0000,794.3084,1124.4713,1385.7354,1614.6837,1769.0000,2073.0000,2085.0000,2049.0000,1333.0000
2017-12-07,60,527.0000,778.3547,1061.0000,1445.4162,1787.0000,2042.5995,2209.1868,2395.7528,2509.0000,2659.0000,1829.0000
2017-12-17,60,1.0000,390.0067,634.0000,1093.0744,1386.4464,1620.3730,1778.0000,2019.0000,2103.0000,2026.9101,1317.0000
2017-12-17,60,242.0000,508.0000,710.7206,1095.0000,1349.0000,1549.3904,1697.8464,1957.0316,1988.0000,1943.0000,1268.0000
2017-12-20,60,269.0000,562.0000,788.4152,1157.5794,1392.2117,1581.4948,1735.0000,1969.7218,1977.9359,2193.0000,1572.0000
2017-12-20,60,347.0000,596.8181,808.4547,1152.8268,1398.0000,1610.4902,1725.9222,1989.6489,1990.6605,2187.0000,1537.0000
2017-12-22,60,-9999.0000,-9999.0000,-9999.0000,-9999.0000,-9999.0000,-9999.0000,-9999.0000,-9999.0000,-9999.0000,-9999.0000,-9999.0000
2017-12-25,60,1067.0000,1294.5000,1460.5951,1638.8447,1896.0000,2049.0000,2211.0000,2417.3269,2437.0000,2508.0000,1814.5876
2017-12-25,60,799.0000,1110.6826,1372.6658,1628.0545,1891.0000,2090.0000,2311.0000,2536.2970,2553.9981,2514.0000,1782.0000
2018-01-06,60,-9999.0000,-9999.0000,-9999.0000,-9999.0000,-9999.0000,-9999.0000,-9999.0000,-9999.0000,-9999.0000,-9999.0000,-9999.0000
2018-01-11,60,378.0000,700.8733,1037.7688,1485.4054,1825.0000,2128.0000,2388.0000,2522.5543,2662.3838,2893.0000,2226.0000
2018-01-11,60,648.0000,886.0417,1163.0000,1534.1930,1840.0000,2088.7229,2298.0000,2485.4890,2554.8500,2799.0000,2196.0000
2018-01-14,60,512.0000,805.4369,1098.4753,1397.1829,1685.3185,1883.0000,2060.9230,2225.7655,2238.0000,2344.5965,2013.8542
2018-01-14,60,515.0000,871.0000,1125.0787,1401.8153,1602.0000,1798.0235,1987.0000,2196.9395,2181.0000,2285.0000,1880.4015
2018-01-19,60,-9999.0000,-9999.0000,-9999.0000,-9999.0000,-9999.0000,-9999.0000,-9999.0000,-9999.0000,-9999.0000,-9999.0000,-9999.0000
2018-01-19,60,-9999.0000,-9999.0000,-9999.0000,-9999.0000,-9999.0000,-9999.0000,-9999.0000,-9999.0000,-9999.0000,-9999.0000,-9999.0000
2018-01-21,60,96.0000,527.0000,782.7818,1230.2034,1561.2383,1795.0000,1985.8476,2211.4346,2212.6088,2566.0000,1860.1754
2018-01-21,60,340.0000,680.8035,876.1943,1234.6667,1505.0000,1720.2104,1873.2338,2126.0000,2108.9490,2436.0000,1786.0000
2018-02-08,60,-9999.0000,-9999.0000,-9999.0000,-9999.0000,-9999.0000,-9999.0000,-9999.0000,-9999.0000,-9999.0000,-9999.0000,-9999.0000
2018-02-10,60,294.0000,646.6586,880.4235,1306.0139,1650.5307,1883.0000,2051.3257,2276.9702,2292.9055,2672.0000,1982.0000
2018-02-10,60,346.0000,713.0000,972.3395,1321.3042,1649.0075,1856.0000,1995.0000,2093.6551,2230.0000,2633.0000,1946.1678
2018-02-13,60,1046.0000,1254.4620,1369.0000,1544.1416,1744.0000,1912.8158,2026.0000,2183.0000,2147.0000,1528.0000,1230.0000
2018-02-13,60,1092.0000,1284.5896,1405.0000,1572.7945,1757.0000,1958.0000,2074.0000,2244.0000,2187.0000,1528.9990,1228.0000
2018-02-25,60,1129.0000,1402.3648,1637.6379,1913.6110,2170.0000,2359.0000,2482.5331,2593.5000,2650.8182,2982.0000,2445.2383
2018-02-25,60,1215.0000,1437.4966,1668.9854,1929.5000,2167.0000,2348.4557,2474.0000,2622.2316,2670.2943,2960.7219,2399.0000
2018-02-28,60,1172.0000,1389.8095,1600.4248,1808.9263,1998.0000,2132.0000,2186.5813,2286.3236,2347.0000,2800.5763,2506.0000
2018-02-28,60,1264.0000,1436.0000,1638.5643,1817.5000,2027.0000,2128.0000,2206.0000,2316.0000,2333.0000,2792.0443,2480.0000
2018-03-12,60,-9999.0000,-9999.0000,-9999.0000,-9999.0000,-9999.0000,-9999.0000,-9999.0000,-9999.0000,-9999.0000,-9999.0000,-9999.0000
2018-03-20,60,-9999.0000,-9999.0000,-9999.0000,-9999.0000,-9999.0000,-9999.0000,-9999.0000,-9999.0000,-9999.0000,-9999.0000,-9999.0000
2018-03-20,60,-9999.0000,-9999.0000,-9999.0000,-9999.0000,-9999.0000,-9999.0000,-9999.0000,-9999.0000,-9999.0000,-9999.0000,-9999.0000
2018-03-22,60,716.0000,1097.0214,1412.3878,1756.5000,1921.0000,2084.0000,2173.1160,2345.0000,2314.0000,2805.0000,2391.0000
2018-03-22,60,684.0000,1061.0000,1374.0078,1697.6667,1867.0000,2022.0000,2165.0000,2280.0000,2264.1404,2724.8931,2341.0000
2018-03-25,60,928.0000,1277.5493,1556.8399,1815.0000,2012.9628,2183.0000,2290.6498,2336.8330,2408.0000,2934.0000,2646.0000
2018-03-25,60,960.0000,1301.5726,1565.8193,1821.2000,2003.0000,2178.0000,2301.8014,2342.0000,2413.0000,2942.0000,2628.8057
2018-03-27,60,2032.0000,2152.5654,2268.8840,2444.2527,2815.0000,3068.0000,3180.0000,3376.0000,3315.0000,3664.0000,3098.7682
2018-03-27,60,1970.0000,2047.0000,2238.0000,2437.0000,2779.0000,3076.0000,3222.0000,3362.0000,3372.0000,3684.0000,3052.0000
2018-03-30,60,-9999.0000,-9999.0000,-9999.0000,-9999.0000,-9999.0000,-9999.0000,-9999.0000,-9999.0000,-9999.0000,-9999.0000,-9999.0000
2018-03-30,60,-9999.0000,-9999.0000,-9999.0000,-9999.0000,-9999.0000,-9999.0000,-9999.0000,-9999.0000,-9999.0000,-9999.0000,-9999.0000
2018-04-01,60,1277.0000,1552.8378,1824.0000,2012.0000,2311.0000,2509.0000,2627.0000,2804.0000,2696.6188,2765.3812,2114.0000
2018-04-01,60,1259.0000,1543.0000,1796.6328,1958.0581,2243.0000,2459.0000,2582.0000,2755.0000,2633.0000,2741.7767,2092.5482
2018-04-06,60,640.0000,876.9128,1241.0000,1508.0000,1834.0000,1984.0000,2068.0000,2195.1259,2212.0000,2532.0000,1989.5062
2018-04-06,60,708.0000,922.6636,1240.4665,1480.5097,1799.0000,1948.0000,2046.2865,2174.3364,2145.5083,2481.0000,1981.0000
2018-04-11,60,1894.0000,2032.2707,2186.6009,2228.4251,2545.0000,2757.0000,2891.0000,2942.7475,2923.0000,2730.0000,2230.2302
2018-04-14,60,631.0000,949.1724,1257.4495,1453.1418,1746.0000,1983.0000,2119.0000,2201.3686,2210.0000,2450.1902,1998.0000
2018-04-14,60,675.0000,981.1639,1268.9819,1459.0000,1730.3592,1976.0000,2107.0000,2205.7374,2217.0000,2432.0000,1982.0000
2018-04-16,60,1358.0000,1532.7366,1882.7511,1966.1701,2366.3049,2754.0000,2878.6106,2873.3702,2956.4151,2793.6389,2213.9444
2018-04-16,60,1299.0000,1506.6627,1863.0000,1941.3299,2305.0000,2708.0000,2820.0000,2844.8377,2902.9948,2761.0000,2189.5236
2018-04-19,60,1063.0000,1426.3622,1930.1117,2188.4971,2552.0000,2878.0000,3018.0000,3141.1083,3120.0000,3397.5797,2965.0923
2018-04-19,60,1074.0000,1425.3704,1899.2222,2140.3707,2483.4322,2846.2299,2956.0000,3121.9308,3119.0000,3401.0000,2923.0000
2018-04-21,60,1223.0000,1796.9234,2322.8974,2585.5037,3005.0000,3340.0000,3524.0000,3727.0000,3666.3867,3912.0000,3559.0000
2018-04-21,60,1078.0000,1619.5507,2162.8641,2428.3027,2804.3404,3205.1616,3377.6901,3569.9707,3497.3353,3809.0000,3468.0000
2018-04-24,60,1604.0000,1870.2999,2204.0000,2299.5000,2760.0000,3288.0000,3561.0000,3578.6631,3657.0000,3906.9088,3558.9360
2018-04-24,60,1681.0000,1877.0667,2205.2814,2281.1194,2717.0000,3267.0000,3553.0000,3590.0000,3660.4617,3926.0010,3628.4914
2018-04-26,60,1466.0000,1834.7316,2378.7570,2602.3406,3106.6311,3633.0000,3769.1111,3835.0000,3949.1195,4106.0994,3572.0000
2018-04-26,60,1336.0000,1723.9211,2306.8397,2538.1890,3038.0000,3561.0000,3732.2047,3778.0544,3860.7099,4056.0000,3529.0000
2018-04-29,60,1255.0000,1619.6694,2148.3740,2332.1023,2823.0000,3384.0000,3616.0000,3620.6957,3757.0000,3738.9772,3226.4781
2018-04-29,60,1289.0000,1616.9648,2116.3118,2298.6667,2783.0000,3349.0000,3589.0000,3585.0000,3722.0000,3737.0000,3203.0000
2018-05-04,60,1199.0000,1402.8555,1597.2488,1586.3728,1972.4654,2478.0000,2721.0000,2668.1614,2840.0000,2035.0000,1506.0000
2018-05-04,60,1197.0000,1408.7349,1609.6837,1593.5273,1980.0000,2504.0000,2762.0000,2733.0792,2849.8711,2032.0291,1531.0000
2018-05-06,60,947.0000,1036.3346,1383.0000,1337.3147,1865.0000,2576.8915,2781.7079,2752.0000,2877.4889,2477.5528,1738.5750
2018-05-06,60,869.0000,1001.1862,1390.0407,1346.8397,1901.3993,2677.0000,2861.5355,2817.6111,2960.0000,2502.0000,1746.7028
2018-05-09,60,1060.0000,1330.0877,1693.5620,2017.6667,2313.0000,2542.4573,2701.0000,2769.7657,2859.0000,3299.4769,3105.0148
2018-05-09,60,976.0000,1292.7745,1688.0000,2027.0035,2291.0000,2558.4162,2722.0000,2768.0000,2861.0000,3296.4393,3132.0000
2018-05-11,60,-9999.0000,-9999.0000,-9999.0000,-9999.0000,-9999.0000,-9999.0000,-9999.0000,-9999.0000,-9999.0000,-9999.0000,-9999.0000
2018-05-11,60,-9999.0000,-9999.0000,-9999.0000,-9999.0000,-9999.0000,-9999.0000,-9999.0000,-9999.0000,-9999.0000,-9999.0000,-9999.0000
2018-05-16,60,-9999.0000,-9999.0000,-9999.0000,-9999.0000,-9999.0000,-9999.0000,-9999.0000,-9999.0000,-9999.0000,-9999.0000,-9999.0000
2018-05-16,60,-9999.0000,-9999.0000,-9999.0000,-9999.0000,-9999.0000,-9999.0000,-9999.0000,-9999.0000,-9999.0000,-9999.0000,-9999.0000
2018-05-19,60,1611.0000,1974.2595,2599.4694,3030.5656,3433.0000,3659.9538,3828.0007,3894.4383,3986.2438,4506.1782,4071.8032
2018-05-19,60,1580.0000,1969.0652,2514.9615,2967.4865,3361.0000,3590.0000,3753.5761,3865.8937,3911.0000,4452.0000,4105.5093
2018-05-21,60,1942.0000,2593.3073,3225.5335,3724.5031,4005.0000,4314.0000,4647.0000,4771.0000,4814.0000,5371.6860,5217.5013
2018-05-21,60,2015.0000,2602.4800,3211.4643,3687.5000,3970.0000,4342.0000,4635.7006,4769.3055,4834.8007,5337.0000,5181.0000
2018-05-24,60,-9999.0000,-9999.0000,-9999.0000,-9999.0000,-9999.0000,-9999.0000,-9999.0000,-9999.0000,-9999.0000,-9999.0000,-9999.0000
2018-05-24,60,-9999.0000,-9999.0000,-9999.0000,-9999.0000,-9999.0000,-9999.0000,-9999.0000,-9999.0000,-9999.0000,-9999.0000,-9999.0000
2018-05-26,60,1823.0000,2224.0000,2846.0000,3142.0000,3731.0000,4195.0000,4356.0000,4368.0000,4563.9783,4967.2738,4474.0000
2018-05-26,60,1681.0000,2090.2670,2700.8209,3015.5662,3616.0000,4069.0000,4267.3409,4276.0000,4460.4254,4847.0000,4375.0000
2018-05-31,60,1785.0000,2139.2617,2625.2216,2738.9559,3299.3646,3865.4291,4173.0985,4144.0000,4293.9211,4290.5523,3863.4002
2018-05-31,60,1758.0000,2148.7244,2622.0000,2739.4440,3267.4000,3861.2475,4196.0054,4148.0000,4304.0000,4252.0000,3780.6565
2018-06-03,60,1571.0000,1899.7365,2459.0066,2596.1880,3162.0000,3810.3233,4188.5000,4244.0000,4355.4335,4356.2785,3918.0000
2018-06-03,60,1529.0000,1932.0000,2486.0000,2635.9947,3124.2238,3876.5210,4242.0000,4264.0000,4382.4554,4356.0000,3885.0000
2018-06-05,60,1542.0000,1866.4456,2440.0000,2608.0000,3252.7434,4107.3544,4393.3738,4376.0000,4583.0000,4539.0000,3899.0000
2018-06-05,60,1574.0000,1833.8055,2377.7269,2555.4493,3183.0000,4094.5463,4341.4807,4300.0000,4524.8001,4464.3456,3795.6211
2018-06-10,60,797.0000,996.0349,1424.7612,1329.3325,1926.0000,3074.9175,3500.0000,3486.0000,3593.0000,3029.4115,2233.0000
2018-06-10,60,652.0000,933.4398,1384.0819,1332.0000,1915.0000,3033.0000,3460.0000,3409.7370,3556.9298,2977.0000,2202.1338
2018-06-13,60,816.0000,1105.7832,1641.3333,1544.0000,2267.0000,3638.9915,4101.0000,4112.4023,4259.0341,3446.0000,2597.2863
2018-06-13,60,1038.0000,1201.0801,1676.4776,1531.0000,2285.0790,3668.0000,4091.0000,4090.0000,4264.9558,3443.0000,2594.0000
2018-06-15,60,662.0000,724.6667,1028.6250,901.3333,1314.3092,2196.0000,2413.0000,2476.0000,2524.1578,1692.0000,1161.0000
2018-06-15,60,725.0000,745.6821,1031.4249,901.5640,1333.0000,2193.8607,2385.0000,2471.6573,2472.0000,1734.0000,1113.0000
2018-06-18,60,1508.0000,1564.0000,1993.5714,2020.0000,2641.1132,3749.6211,4137.6620,4309.3078,4308.5020,3432.9966,2364.6282
2018-06-18,60,1493.0000,1588.0000,1973.5134,1992.0000,2574.0218,3672.8864,4070.9521,4196.0000,4242.4416,3406.1373,2350.1585
2018-06-20,60,1053.0000,1377.1581,1891.2597,1978.6753,2750.0863,4132.3066,4677.2143,4713.8528,4924.0000,4164.0000,3234.5340
2018-06-20,60,900.0000,1282.8082,1786.9941,1930.0000,2648.0000,3961.0516,4517.6419,4552.9677,4755.8493,4085.0000,3170.0000
2018-06-23,60,316.0000,581.3538,962.8323,1013.0000,1570.5025,2806.1166,3228.0000,3408.7389,3469.0000,2594.0119,1706.0000
2018-06-23,60,522.0000,691.0000,1010.4620,1024.7451,1569.0000,2787.0000,3221.0039,3388.0000,3466.0148,2596.0000,1704.0000
2018-06-30,60,571.0000,731.9233,1091.0090,963.6649,1685.0000,3727.0000,4373.0228,4474.9800,4613.6487,3300.0000,2211.0000
2018-06-30,60,614.0000,780.6765,1100.2420,948.3169,1642.0000,3599.0000,4275.6235,4346.0000,4484.0000,3246.8733,2169.0000
2018-07-03,60,1195.0000,1366.0000,1584.0000,1434.0000,1896.0000,3221.7128,3894.0000,3828.2323,4051.0000,2748.2183,1910.8292
2018-07-03,60,1282.0000,1412.0000,1638.0000,1466.0000,1912.0000,3274.9875,3944.0000,3884.9321,4104.0000,2761.0000,1901.0000
2018-07-05,60,596.0000,588.0000,882.6660,709.0000,1341.0210,3834.4259,4533.0995,4611.6170,4802.0000,2980.0000,1756.0000
2018-07-05,60,435.0000,512.0000,836.1244,707.9831,1332.6869,3805.0000,4564.1125,4586.6702,4835.7512,2957.0000,1770.0000
2018-07-08,60,448.0000,430.0000,665.2399,495.0000,998.0000,3197.0000,3979.0000,4036.4336,4117.6759,2062.0822,1154.6355
2018-07-10,60,-9999.0000,-9999.0000,-9999.0000,-9999.0000,-9999.0000,-9999.0000,-9999.0000,-9999.0000,-9999.0000,-9999.0000,-9999.0000
2018-07-13,60,32.0000,173.0308,460.2821,268.9498,854.6342,3766.0000,4988.0000,4994.1938,5188.9056,2433.6926,1240.9987
2018-07-13,60,287.0000,345.5000,552.5283,313.3055,865.0000,3659.4388,4856.0000,4853.8736,5099.4032,2404.9647,1230.0000
2018-07-15,60,534.0000,401.7528,636.6040,363.4674,945.6094,4192.0000,5383.0000,5441.9645,5643.0000,2660.5333,1312.0000
2018-07-15,60,437.0000,409.6437,637.5049,366.1781,946.2635,4189.6967,5456.1510,5468.0000,5691.0151,2637.0000,1289.2079
2018-07-18,60,334.0000,309.6564,501.6239,292.8102,785.0720,3728.9172,5146.0000,5292.0000,5370.6800,2324.6096,1145.0000
2018-07-18,60,374.0000,341.4755,521.8257,300.7329,798.1456,3724.0000,5137.4020,5255.0492,5395.0000,2334.4754,1145.6877
2018-07-20,60,478.0000,484.3509,630.0594,395.3181,901.9842,3710.0000,5320.5484,5334.8330,5572.2769,2540.3141,1269.3402
2018-07-20,60,291.0000,417.6385,613.8982,403.7231,901.0000,3685.0698,5284.0000,5272.0000,5496.1450,2514.0000,1266.0000
2018-07-23,60,-9999.0000,-9999.0000,-9999.0000,-9999.0000,-9999.0000,-9999.0000,-9999.0000,-9999.0000,-9999.0000,-9999.0000,-9999.0000
2018-07-23,60,-9999.0000,-9999.0000,-9999.0000,-9999.0000,-9999.0000,-9999.0000,-9999.0000,-9999.0000,-9999.0000,-9999.0000,-9999.0000
2018-07-25,60,406.0000,382.0607,539.0482,339.8067,769.6121,3754.9653,5236.0000,5308.0000,5490.0000,2352.0000,1137.0000
2018-07-25,60,331.0000,360.9085,561.7363,369.1670,787.0000,3612.0000,5093.7729,5155.5478,5333.0000,2308.9191,1129.0000
2018-07-28,60,363.0000,369.8956,513.9410,340.6961,750.1283,3350.0000,4811.0000,4840.8953,5173.0000,2090.0000,1020.2876
2018-07-28,60,353.0000,397.7003,564.6584,388.2517,789.5301,3294.9293,4690.0000,4706.0000,4996.4756,2071.0000,1012.0000
2018-07-30,60,270.0000,304.5902,434.2694,283.3891,735.0000,3289.0000,4987.9961,4936.1565,5256.0000,2181.0000,1097.0030
2018-07-30,60,194.0000,317.0936,477.5323,340.5598,738.0000,3154.0000,4769.0000,4743.9581,5025.0000,2158.0000,1080.6748
2018-08-02,60,133.0000,193.8585,402.0000,300.1635,712.0000,3167.0000,4847.0000,4742.6975,5178.0000,2020.0000,1005.0000
2018-08-02,60,157.0000,297.9691,484.8949,346.6559,748.2404,3108.4500,4725.0000,4604.0000,5027.0000,2013.5368,1018.4137
2018-08-04,60,311.0000,310.2702,460.9861,299.8236,713.2160,3326.0000,4700.0000,4690.7844,4975.0000,2062.0000,980.0000
2018-08-04,60,164.0000,246.6136,449.3602,314.1339,694.0000,3317.6669,4600.0000,4617.8479,4934.0000,2037.0000,965.0000
2018-08-07,60,201.0000,241.6280,440.0000,314.2338,717.4531,3035.3420,4377.4366,4351.0000,4698.0992,1913.0000,957.0000
2018-08-07,60,187.0000,252.8179,449.5000,324.0000,732.7144,3026.0000,4338.0744,4297.3600,4676.7027,1917.0000,927.0000
2018-08-09,60,449.0000,484.0952,604.0020,430.0115,879.0000,3008.8922,4396.0000,4330.0039,4725.0000,2107.0000,1108.2081
2018-08-09,60,338.0000,469.3024,621.9061,464.9271,864.9468,2940.0000,4198.0000,4194.3119,4511.0000,2081.0000,1077.0051
2018-08-12,60,116.0000,293.3893,506.4950,370.6434,850.0000,2904.8507,4151.0000,4136.3766,4416.0000,1991.0000,1096.0000
2018-08-12,60,244.0000,369.6653,553.1447,404.5000,827.0000,2885.4218,4088.0000,4096.9040,4365.4706,1970.0000,1088.6075
2018-08-14,60,217.0000,368.0000,506.0000,416.0000,835.0000,2736.0000,3389.0000,3852.0000,3566.0000,1681.0000,946.0000
2018-08-14,60,264.0000,258.0000,393.0000,280.0000,582.0000,1869.0000,2312.0000,2412.0000,2515.0000,1224.0000,620.0000
2018-08-17,60,285.0000,285.3037,480.5562,310.0000,807.0000,3021.0000,4056.0000,4071.0000,4264.9672,1828.3698,916.0000
2018-08-17,60,305.0000,281.3373,485.4350,321.2683,805.1157,3009.0000,3998.9985,4024.0000,4256.0000,1833.8478,920.0000
2018-08-19,60,53.0000,288.9704,561.0795,403.0000,1004.0000,3116.0000,4179.6039,4257.7665,4473.8686,2122.0000,1198.0000
2018-08-19,60,276.0000,433.2421,656.6047,461.0119,1014.0000,3004.7569,4059.0000,4072.6043,4239.0000,2063.0000,1118.0000
2018-08-22,60,262.0000,417.9145,726.0323,580.0233,1172.7576,2930.9086,3770.0000,3816.9511,4014.0000,2059.0000,1245.0000
2018-08-22,60,346.0000,490.9091,769.9722,601.1941,1170.9650,2897.4300,3729.1293,3768.5794,3975.0000,2052.2795,1216.5616
2018-08-24,60,1346.0000,1136.0000,1288.0000,998.0000,1622.0000,3392.0000,4024.0000,4056.0000,4522.0000,2541.0000,1384.0000
2018-08-24,60,1143.0000,1024.0000,1268.0000,1001.0000,1623.0000,3433.0000,4132.0000,4176.0000,4602.0000,2562.0000,1363.0000
2018-08-27,60,356.0000,362.8258,690.0000,450.5559,1198.9121,2946.0000,3522.8646,3690.7632,3786.9617,1872.0000,990.0000
2018-08-27,60,380.0000,382.8696,697.0000,452.6827,1204.0000,2964.0000,3498.0000,3681.2766,3774.0000,1867.0000,994.0000
2018-08-29,60,800.0000,664.7601,984.8430,833.8224,1532.1920,2924.5449,3433.8495,3682.4718,3709.5404,2171.0000,1347.0000
2018-08-29,60,622.0000,590.9677,954.4876,824.9991,1504.6952,2877.0000,3396.0000,3596.0000,3649.0308,2152.4000,1330.0000
2018-09-01,60,452.0000,620.9307,952.0250,783.0000,1686.0000,3324.0000,3873.0000,3984.7423,4234.3158,2289.0000,1244.0000
2018-09-01,60,498.0000,669.0000,970.5167,800.3333,1661.8587,3285.9616,3851.6584,3916.8526,4181.0000,2265.0000,1237.0000
2018-09-03,60,484.0000,545.8796,854.2815,742.2531,1467.0000,2569.5255,2899.0000,2896.0000,3096.0000,1797.0000,1084.0000
2018-09-03,60,508.0000,507.8825,897.3187,807.0000,1644.4033,2850.4728,3205.0679,3352.0000,3510.8810,2284.0000,1368.6038
2018-09-06,60,1.0000,178.7005,498.0000,548.5185,1114.0000,1833.6301,2020.0000,1981.2447,2137.0000,1392.0000,859.0000
2018-09-06,60,417.0000,492.0000,664.0000,624.0000,1148.3275,1796.0000,1986.0000,1987.8962,2110.3387,1369.8725,841.9635
2018-09-08,60,75.0000,356.4048,674.0000,798.3359,1478.4032,2283.4885,2635.6799,2730.0485,2881.0000,2310.0000,1552.0000
2018-09-08,60,176.0000,404.4041,700.0000,800.6971,1469.0000,2284.4314,2572.0000,2715.9681,2818.0000,2274.0680,1542.0000
2018-09-16,60,137.0000,336.8458,588.6186,725.6102,1148.4038,1650.4702,1870.0000,1907.8936,2076.1428,2212.7174,1632.2822
2018-09-16,60,558.0000,548.3750,677.7116,745.3030,1173.0000,1663.0000,1876.7027,1932.5441,2128.0000,2205.0000,1620.0000
2018-09-18,60,132.0000,408.6413,625.7748,770.0079,1218.5537,1715.2990,1992.5057,2032.8829,2199.0000,2348.0000,1818.0000
2018-09-18,60,292.0000,508.2475,692.9431,800.7805,1228.0000,1708.0000,1984.0000,2045.4497,2185.4876,2312.0000,1773.8245
2018-09-21,60,489.0000,534.6916,653.5441,728.9857,1133.0000,1585.0000,1888.0000,1900.6667,2098.4046,2233.7817,1749.8335
2018-09-21,60,386.0000,518.4300,664.9730,761.5630,1144.2587,1600.0000,1868.0079,1915.0000,2090.0000,2218.0000,1745.0210
2018-09-23,60,-9999.0000,-9999.0000,-9999.0000,-9999.0000,-9999.0000,-9999.0000,-9999.0000,-9999.0000,-9999.0000,-9999.0000,-9999.0000
2018-09-23,60,-9999.0000,-9999.0000,-9999.0000,-9999.0000,-9999.0000,-9999.0000,-9999.0000,-9999.0000,-9999.0000,-9999.0000,-9999.0000
2018-09-26,60,533.0000,520.0000,689.9191,817.1683,1234.9444,1731.0000,1960.0000,2170.3333,2269.4072,2310.0074,1653.7243
2018-09-26,60,548.0000,552.5328,713.9392,825.0008,1237.0000,1716.7019,1947.0000,2170.0000,2227.0000,2309.0494,1663.0000
2018-09-28,60,326.0000,486.6667,694.6796,861.0453,1302.0000,1773.9781,2081.5899,2208.1548,2324.8750,2458.5163,1838.1770
2018-09-28,60,462.0000,562.7322,725.2341,853.9581,1304.0000,1758.0000,2052.0000,2213.3691,2334.0191,2441.4160,1810.0796
2018-10-03,60,326.0000,446.1852,694.0000,855.0000,1291.0000,1774.0000,1963.6597,2091.1369,2256.4507,2290.0000,1582.0000
2018-10-03,60,568.0000,568.6814,724.2508,842.5403,1272.0000,1769.8525,1949.0000,2084.0000,2227.9663,2266.3327,1581.0000
2018-10-08,60,1030.0000,1148.0000,1418.0000,1502.0000,1933.0000,2428.0000,2727.0000,2950.0000,2951.0000,2846.0000,2400.0000
2018-10-08,60,1084.0000,1204.0000,1436.0000,1466.0000,1890.0000,2362.0000,2593.0000,2690.0000,2809.0000,2753.0000,2321.0000
2018-10-11,60,439.0000,538.5135,672.0909,756.0000,1125.0000,1559.0000,1771.0000,1852.9666,2022.0000,2028.0000,1540.0000
2018-10-11,60,-9999.0000,-9999.0000,-9999.0000,-9999.0000,-9999.0000,-9999.0000,-9999.0000,-9999.0000,-9999.0000,-9999.0000,-9999.0000
2018-10-13,60,744.0000,865.3364,1152.0000,1404.9799,1802.0000,2160.0017,2335.0000,2564.1556,2698.8800,3259.0000,2390.5676
2018-10-13,60,616.0000,801.0000,1100.6667,1378.0000,1830.0191,2172.4877,2368.0941,2595.6233,2726.9604,3270.0000,2373.0000
2018-10-18,60,666.0000,824.2129,1007.0000,1237.0324,1542.0000,1816.0000,2030.6118,2083.1946,2253.7427,2845.0000,2206.0000
2018-10-18,60,679.0000,884.5079,1026.0000,1229.4720,1533.7238,1789.4384,2000.5372,2069.2408,2220.0689,2806.0000,2197.5064
2018-10-21,60,750.0000,857.0000,992.2687,1108.5167,1343.0000,1612.0000,1769.0000,1874.2783,1972.9497,2713.0000,2259.0000
2018-10-21,60,727.0000,886.2534,1006.5367,1116.1076,1344.0000,1617.3678,1783.0000,1874.0000,1962.0188,2693.9601,2224.0000
2018-10-23,60,623.0000,737.8267,1029.9587,1273.0877,1592.0000,1925.3392,2100.0000,2292.0054,2337.0000,3104.0000,2499.0000
2018-10-23,60,748.0000,866.0000,1100.0000,1293.7350,1576.0000,1896.0000,2028.6592,2217.9255,2272.9073,3018.2093,2450.0000
2018-10-31,60,495.0000,680.3236,881.6005,1045.0472,1335.0000,1640.2840,1834.8974,1947.6087,2079.0000,2552.0000,2033.5598
2018-10-31,60,511.0000,718.8396,901.2351,1046.0000,1350.0000,1661.0000,1846.0000,1953.6291,2085.0000,2538.4011,2000.2093
2018-11-05,60,-9999.0000,-9999.0000,-9999.0000,-9999.0000,-9999.0000,-9999.0000,-9999.0000,-9999.0000,-9999.0000,-9999.0000,-9999.0000
2018-11-05,60,-9999.0000,-9999.0000,-9999.0000,-9999.0000,-9999.0000,-9999.0000,-9999.0000,-9999.0000,-9999.0000,-9999.0000,-9999.0000
2018-11-12,60,-9999.0000,-9999.0000,-9999.0000,-9999.0000,-9999.0000,-9999.0000,-9999.0000,-9999.0000,-9999.0000,-9999.0000,-9999.0000
2018-11-12,60,-9999.0000,-9999.0000,-9999.0000,-9999.0000,-9999.0000,-9999.0000,-9999.0000,-9999.0000,-9999.0000,-9999.0000,-9999.0000
2018-11-15,60,623.0000,733.0000,974.2944,1018.8369,1375.0000,1811.0000,1932.5860,2066.0000,2114.0000,2621.4881,2029.8535
2018-11-15,60,649.0000,760.5609,991.0000,1022.0000,1368.0000,1813.9824,1924.0000,2072.0000,2098.3687,2602.0000,2030.0000
2018-11-17,60,344.0000,576.8016,800.0000,928.8797,1309.0000,1778.0000,1922.1201,2160.0000,2137.0258,2804.4464,2239.0000
2018-11-17,60,589.0000,799.0000,932.2011,1002.3366,1320.0000,1737.4340,1874.0000,2074.0078,2073.7203,2652.4597,2163.0000
2018-12-05,60,-9999.0000,-9999.0000,-9999.0000,-9999.0000,-9999.0000,-9999.0000,-9999.0000,-9999.0000,-9999.0000,-9999.0000,-9999.0000
2018-12-07,60,593.0000,828.0000,863.0000,854.0000,1030.0000,1212.8327,1293.0000,1357.4924,1356.4632,1207.0000,881.0000
2018-12-12,60,277.0000,434.3400,700.7540,886.2273,1240.0000,1586.7808,1743.0000,2060.2189,1995.9659,2218.5227,1534.0000
2018-12-12,60,392.0000,546.2891,768.9980,916.0000,1241.0000,1584.8030,1723.9101,1969.0927,1924.0000,2148.0000,1482.2914
2018-12-15,60,484.0000,630.0000,820.4482,984.6563,1288.0000,1597.8831,1717.0000,1970.3642,1921.0000,2333.0000,1718.9037
2018-12-15,60,386.0000,570.3349,777.0000,961.0345,1287.0000,1581.4432,1726.1108,1977.1365,1942.0000,2354.9736,1705.0000
2018-12-27,60,1035.0000,1548.0000,1500.0000,1510.0000,1638.0000,1808.0000,1918.0000,2010.0000,1893.0000,1885.0000,1665.0000
2018-12-30,60,344.0000,564.3418,686.2908,840.6622,1108.5610,1345.5566,1521.0000,1698.3594,1711.0000,1832.6744,1317.0594
2018-12-30,60,358.0000,587.0000,704.5966,850.0000,1123.0000,1389.8042,1534.0000,1706.0000,1718.4946,1857.0000,1338.0000
2019-01-01,60,1532.0000,1372.0000,1592.0000,1665.0139,2121.0000,2556.0000,2709.0000,2953.5098,2959.0000,3319.0000,2539.0000
2019-01-04,60,729.0000,732.8916,932.4283,1001.0000,1218.0000,1372.6093,1459.0000,1601.8124,1532.0000,1610.1309,1300.7195
2019-01-04,60,502.0000,601.5000,806.6842,924.0000,1143.0000,1305.0000,1388.3450,1497.8824,1486.0000,1601.0000,1299.0000
2019-01-06,60,429.0000,684.0000,852.3014,1000.5645,1292.0000,1538.3634,1686.1278,1907.1875,1888.0000,2313.8339,1708.0000
2019-01-06,60,511.0000,746.7774,886.3333,1004.3116,1278.0000,1509.0000,1659.0000,1870.0000,1850.6182,2237.7934,1681.0000
2019-01-11,60,329.0000,436.5140,606.6463,864.9488,1001.0000,1069.0000,1136.0000,1266.9765,1257.0000,1629.9432,1328.0000
2019-01-11,60,464.0000,566.3893,694.7681,911.0000,1030.0000,1107.0000,1167.0000,1290.4617,1273.7950,1597.0027,1275.0000
2019-01-14,60,464.0000,584.3655,738.6563,929.0665,1028.1823,1077.0000,1156.0000,1268.5869,1250.0000,1653.3029,1353.0000
2019-01-14,60,378.0000,532.4958,694.6484,902.0561,1025.0000,1059.0000,1135.0000,1242.4267,1224.0000,1674.4805,1366.9907
2019-01-16,60,464.0000,747.0000,937.0000,1129.4839,1244.0000,1300.0000,1389.0000,1514.6992,1460.6801,1969.5876,1709.4350
2019-01-16,60,351.0000,676.5347,885.0600,1096.8291,1213.0000,1282.3146,1364.5014,1490.0801,1460.8865,1994.0000,1696.9893
2019-01-21,60,668.0000,809.0000,992.0000,1128.0000,1275.0000,1345.0109,1364.3652,1538.0000,1433.0000,1388.0000,1137.0000
2019-01-24,60,870.0000,904.2851,1036.0000,1230.0000,1384.0000,1434.0000,1509.0000,1628.8975,1596.6868,1759.0000,1412.0041
2019-01-24,60,839.0000,932.6417,1050.0000,1234.0000,1392.0000,1451.0000,1524.0000,1633.9877,1606.0000,1779.0000,1416.0000
2019-01-29,60,968.0000,1134.0000,1310.0000,1538.0000,1720.0000,1792.7110,1892.0000,2036.7203,2035.0000,2068.4351,1767.0000
2019-01-29,60,927.0000,1074.0000,1284.0000,1526.0000,1718.4368,1824.2808,1963.0000,2098.9259,2084.2678,2065.0000,1758.0000
2019-01-31,60,516.0000,612.3806,786.9206,1044.7645,1193.0000,1249.0000,1313.0037,1434.5025,1411.0150,1889.0018,1558.3161
2019-01-31,60,450.0000,580.2986,760.3566,1021.0000,1153.3856,1237.0000,1298.0000,1435.8797,1427.8387,1871.0000,1544.0000
2019-02-03,60,-9999.0000,-9999.0000,-9999.0000,-9999.0000,-9999.0000,-9999.0000,-9999.0000,-9999.0000,-9999.0000,-9999.0000,-9999.0000
2019-02-05,60,331.0000,640.5381,884.0000,1229.9553,1405.0000,1464.0677,1558.4822,1724.9978,1647.0000,2026.0000,1578.8037
2019-02-05,60,401.0000,710.3496,926.3164,1224.7447,1432.4619,1467.0000,1558.0000,1722.8621,1662.0000,1998.7570,1560.0000
2019-02-08,60,398.0000,640.7612,819.0000,1072.7493,1232.0000,1316.1607,1384.0000,1505.5029,1479.0000,1853.3562,1581.0000
2019-02-08,60,494.0000,730.7355,874.3164,1100.5044,1256.4985,1336.3770,1406.0000,1520.5070,1505.7873,1820.9990,1569.0000
2019-02-13,60,250.0000,472.5733,790.5077,1057.2375,1216.0000,1277.4450,1348.7391,1442.3782,1465.4631,1918.0000,1486.0000
2019-02-13,60,388.0000,592.0000,861.7945,1094.0000,1253.0000,1305.3502,1384.9246,1472.7871,1490.0000,1906.0000,1468.0000
2019-02-15,60,447.0000,724.0000,990.2181,1264.6131,1442.1357,1504.0310,1605.0968,1745.3915,1706.9237,2201.5730,1809.0000
2019-02-15,60,503.0000,792.5207,1018.0000,1249.5913,1430.0000,1508.0740,1613.0000,1744.0000,1706.1720,2185.0000,1768.0000
2019-02-18,60,1396.0000,1320.0000,1354.0000,1360.0000,1474.0000,1641.0000,1696.0000,1916.0000,1770.0000,1659.0000,1272.0000
2019-02-18,60,1522.0000,1588.0000,1672.0000,1714.0000,1730.0000,1868.0000,1929.0000,2078.0000,1971.0000,1892.0000,1550.0000
2019-02-23,60,513.0000,756.1439,1040.3858,1272.9062,1372.0000,1505.0000,1560.8243,1757.6648,1681.1160,2139.0000,1854.0000
2019-02-23,60,485.0000,752.7713,1042.0000,1277.2026,1395.0000,1501.0000,1569.0000,1764.1351,1676.0055,2162.0927,1875.0000
2019-02-25,60,714.0000,1046.0000,1306.0000,1548.7781,1728.7268,1784.7339,1880.0000,2004.0000,1954.9836,2596.0887,2396.0000
2019-02-25,60,720.0000,1058.0000,1302.0000,1525.9965,1718.1891,1760.0000,1857.3272,1996.7862,1950.0206,2561.3589,2345.0000
2019-02-28,60,678.0000,1020.3832,1348.0000,1585.1169,1746.0000,1846.0932,1944.0000,2092.0000,2052.0000,2634.0000,2511.0000
2019-02-28,60,638.0000,1021.1667,1352.0000,1596.4639,1763.0000,1854.3668,1948.1262,2112.0000,2057.0000,2641.0000,2512.0000
2019-03-02,60,1083.0000,1232.0000,1510.0000,1726.0000,1952.0000,2073.0000,2142.0000,2276.8035,2267.0000,2793.0000,2490.0173
2019-03-02,60,1146.0000,1270.0000,1512.1847,1692.8475,1922.0000,2045.0000,2112.9112,2236.9931,2248.0000,2753.5541,2479.0000
2019-03-05,60,-9999.0000,-9999.0000,-9999.0000,-9999.0000,-9999.0000,-9999.0000,-9999.0000,-9999.0000,-9999.0000,-9999.0000,-9999.0000
2019-03-05,60,-9999.0000,-9999.0000,-9999.0000,-9999.0000,-9999.0000,-9999.0000,-9999.0000,-9999.0000,-9999.0000,-9999.0000,-9999.0000
2019-03-12,60,998.0000,1260.7774,1686.0000,1961.0074,2201.0000,2340.0000,2444.7752,2661.3324,2557.5130,3172.0000,2892.1474
2019-03-12,60,925.0000,1260.8279,1681.9348,1947.2583,2220.2025,2321.0000,2458.8500,2668.1176,2556.7249,3181.9497,2901.0000
2019-03-15,60,977.0000,1212.0000,1600.0000,1842.0000,2084.0917,2231.0000,2304.0000,2409.1255,2417.1705,3038.0000,2710.8652
2019-03-15,60,939.0000,1228.0000,1605.1924,1845.3204,2098.0000,2251.0000,2318.2290,2429.2709,2459.0000,3021.2034,2746.0000
2019-03-20,60,808.0000,1086.0000,1394.7677,1676.5239,1915.0000,2046.0000,2197.0000,2408.9592,2326.9912,2909.4703,2644.0000
2019-03-20,60,786.0000,1108.0000,1430.0000,1689.3747,1906.6840,2045.4768,2219.0000,2424.0000,2331.0000,2872.0000,2659.0000
2019-03-22,60,1323.0000,1596.3251,2082.4684,2424.9059,2629.0000,2864.5524,2939.3255,3129.8462,3061.0000,3777.0000,3365.0000
2019-03-22,60,1244.0000,1587.2668,2050.5657,2364.0000,2603.4576,2777.0000,2869.0000,3118.0000,3037.0000,3756.0000,3397.0000
2019-03-25,60,1304.0000,1512.9290,1810.2259,2066.8963,2319.0000,2521.0000,2643.0000,2757.0341,2759.0000,3389.0000,3120.0000
2019-03-25,60,1270.0000,1541.0000,1850.0956,2122.6594,2410.0000,2579.0000,2690.0187,2813.7164,2840.0000,3448.0000,3189.0000
2019-03-27,60,-9999.0000,-9999.0000,-9999.0000,-9999.0000,-9999.0000,-9999.0000,-9999.0000,-9999.0000,-9999.0000,-9999.0000,-9999.0000
2019-03-27,60,-9999.0000,-9999.0000,-9999.0000,-9999.0000,-9999.0000,-9999.0000,-9999.0000,-9999.0000,-9999.0000,-9999.0000,-9999.0000
2019-03-30,60,1134.0000,1468.3800,1787.7997,2052.1991,2263.0000,2425.6505,2590.0000,2754.0000,2719.0000,3040.0000,2886.0000
2019-03-30,60,1123.0000,1488.9751,1795.1667,2049.9173,2232.0000,2421.0000,2571.0000,2752.0000,2681.1404,3039.0000,2876.5390
2019-04-01,60,1587.0000,1898.0000,2386.0000,2792.0000,3051.0000,3347.0000,3372.9902,3618.8897,3550.0000,4265.0000,3961.5738
2019-04-01,60,1511.0000,1866.0701,2323.9331,2712.8130,3004.5082,3205.0000,3301.3915,3563.0598,3516.0000,4215.0000,3908.8863
2019-04-06,60,1225.0000,1356.0000,1594.0000,1698.0000,2033.0000,2303.0000,2493.0000,2696.0000,2501.0000,2464.0000,1861.0000
2019-04-06,60,1206.0000,1320.0000,1532.0000,1666.0000,1965.0000,2267.6105,2433.6186,2612.9301,2542.0000,2415.0000,1773.0000
2019-04-16,60,1120.0000,1401.4448,1789.0000,1984.0000,2352.3526,2718.0000,2910.0000,3078.0000,3008.0000,3169.0000,2773.0000
2019-04-16,60,1099.0000,1393.2624,1762.2206,1908.0000,2255.0000,2670.0000,2796.9561,3028.0000,2950.1338,3120.0000,2686.6021
2019-04-19,60,1305.0000,1659.1837,2124.4361,2339.5354,2675.0000,3126.5963,3346.0000,3552.8638,3474.5247,3720.0000,3356.4603
2019-04-19,60,1256.0000,1650.1464,2090.1029,2292.0208,2630.3136,3082.0000,3302.4004,3531.9123,3452.0000,3703.0000,3345.0000
2019-04-21,60,1955.0000,2136.0000,2587.6423,2763.4159,3170.5000,3670.9970,3858.1160,4092.1216,3990.0000,3922.4891,3389.0000
2019-04-21,60,1848.0000,2036.0000,2450.9018,2628.1420,3040.0000,3524.0000,3714.0000,3961.3272,3871.0000,3862.8333,3348.0000
2019-04-24,60,-9999.0000,-9999.0000,-9999.0000,-9999.0000,-9999.0000,-9999.0000,-9999.0000,-9999.0000,-9999.0000,-9999.0000,-9999.0000
2019-05-01,60,724.0000,838.0806,1224.1006,1196.7086,1756.0000,2513.9533,2660.0000,2738.7870,2778.0000,2422.2147,1699.2353
2019-05-01,60,719.0000,841.4173,1213.3333,1180.0000,1718.0000,2480.2770,2619.8600,2730.9876,2732.6586,2380.0551,1676.4431
2019-05-06,60,1040.0000,1108.0000,1378.0000,1316.0000,1915.0000,2778.0000,3092.0000,3122.0000,3147.0000,2099.0000,1434.0000
2019-05-06,60,1074.0000,1094.0000,1344.0000,1322.0000,1823.0000,2720.0000,2992.0000,3090.0000,3041.0000,2005.0000,1325.0000
2019-05-09,60,-9999.0000,-9999.0000,-9999.0000,-9999.0000,-9999.0000,-9999.0000,-9999.0000,-9999.0000,-9999.0000,-9999.0000,-9999.0000
2019-05-16,60,1266.0000,961.0000,1198.0000,960.0000,1548.0000,2890.0000,3342.0000,3356.0000,3280.0000,1703.0000,1467.0000
2019-05-16,60,-9999.0000,-9999.0000,-9999.0000,-9999.0000,-9999.0000,-9999.0000,-9999.0000,-9999.0000,-9999.0000,-9999.0000,-9999.0000
2019-05-24,60,427.0000,494.4188,989.4511,676.5000,1616.4147,3524.0000,3845.0000,3872.9980,3923.0000,2147.6170,1254.0000
2019-05-24,60,542.0000,609.5534,1028.0000,728.3431,1581.0380,3400.0000,3719.0000,3750.0000,3858.0000,2123.1503,1208.0000
2019-05-26,60,812.0000,925.3522,1372.0000,1083.1400,2004.0000,3830.4476,4284.0000,4380.0000,4376.5000,2556.0000,1656.0000
2019-05-31,60,311.0000,269.0000,734.0000,341.9961,1230.0000,3432.8091,3682.5707,3849.5772,3735.3897,1584.0000,753.0000
2019-05-31,60,404.0000,400.0016,797.5000,430.5000,1246.0000,3286.3365,3563.5000,3705.5720,3627.5019,1571.0173,744.2295
2019-06-03,60,763.0000,797.3717,1216.1654,1248.0000,1748.0000,2553.0000,2741.6948,2884.6446,2913.0000,2622.0000,2084.0000
2019-06-03,60,793.0000,861.7552,1234.0000,1234.0000,1732.0000,2591.0000,2867.0000,2836.0000,3091.0000,2602.0306,2097.0000
2019-06-05,60,-9999.0000,-9999.0000,-9999.0000,-9999.0000,-9999.0000,-9999.0000,-9999.0000,-9999.0000,-9999.0000,-9999.0000,-9999.0000
2019-06-05,60,-9999.0000,-9999.0000,-9999.0000,-9999.0000,-9999.0000,-9999.0000,-9999.0000,-9999.0000,-9999.0000,-9999.0000,-9999.0000
2019-06-13,60,1234.0000,1461.5077,1876.0000,2180.9160,2549.6477,2885.0000,3097.2468,3144.5769,3269.0000,3590.6771,3177.9029
2019-06-13,60,1194.0000,1450.0000,1872.0000,2177.5888,2540.5452,2909.0000,3109.0812,3168.0000,3304.4752,3597.3080,3184.0000
2019-06-15,60,-9999.0000,-9999.0000,-9999.0000,-9999.0000,-9999.0000,-9999.0000,-9999.0000,-9999.0000,-9999.0000,-9999.0000,-9999.0000
2019-06-15,60,-9999.0000,-9999.0000,-9999.0000,-9999.0000,-9999.0000,-9999.0000,-9999.0000,-9999.0000,-9999.0000,-9999.0000,-9999.0000
2019-06-18,60,1065.0000,1328.0000,1772.3548,2066.0000,2406.0000,2828.8921,3075.5408,3094.2937,3227.9856,3504.0000,3214.0000
2019-06-18,60,1048.0000,1321.4444,1730.0000,1994.9643,2331.0000,2784.0000,3032.0000,3038.0000,3190.3606,3485.0000,3226.1978
2019-06-20,60,1345.0000,1484.0000,1938.0000,2168.5989,2588.1990,3158.6783,3341.3514,3340.9765,3549.0083,3857.1215,3344.0429
2019-06-20,60,1309.0000,1485.3950,1914.0000,2148.0000,2589.0000,3157.9836,3350.3363,3329.1419,3557.9832,3868.0000,3347.0000
2019-06-23,60,747.0000,876.3657,1218.0000,1337.0000,1738.0000,2309.0000,2529.0000,2484.3405,2694.0000,2645.0000,2026.3233
2019-06-23,60,694.0000,856.1774,1220.0000,1352.7163,1750.0000,2363.0000,2574.0000,2521.4306,2739.0000,2690.0000,2026.0000
2019-06-25,60,1199.0000,1384.0000,1796.8601,1908.0082,2395.6612,3214.0062,3593.7070,3588.0000,3793.5820,4023.0000,3456.0000
2019-06-25,60,1171.0000,1384.9215,1769.5011,1859.9540,2372.0000,3169.4904,3549.5369,3521.9515,3720.0330,3955.0000,3428.0000
2019-06-28,60,861.0000,1032.0000,1478.0000,1450.0618,1997.0000,3056.6536,3500.4917,3516.2612,3698.0091,3462.4336,2875.0536
2019-06-28,60,901.0000,1085.1414,1476.0000,1456.9751,1965.0000,3006.0000,3439.0000,3432.0000,3598.0000,3404.6286,2820.0000
2019-06-30,60,909.0000,1030.0000,1525.1408,1456.1078,2074.0000,3547.0000,3921.1411,4043.2516,4125.0000,3557.8433,2766.6337
2019-06-30,60,935.0000,1042.0000,1512.4294,1476.0924,2067.5563,3498.0000,3902.0000,4018.0000,4098.0000,3549.4879,2746.3045
2019-07-03,60,629.0000,706.0000,1178.0000,1027.3191,1693.0000,3330.0000,3817.1940,3811.4664,4020.0000,3053.2146,2213.8356
2019-07-03,60,767.0000,849.2938,1245.5325,1082.3660,1681.9666,3172.0000,3651.1275,3596.4042,3870.0000,2994.4697,2115.0000
2019-07-05,60,719.0000,828.7941,1216.9516,1044.4487,1668.0000,3418.7132,4073.9336,4092.8985,4275.2593,3094.4962,2238.4703
2019-07-05,60,736.0000,866.0000,1232.1141,1078.0000,1668.5017,3389.0000,4028.2332,4057.9922,4190.7832,3084.2462,2226.0000
2019-07-08,60,1216.0000,1360.0000,1588.0000,1384.9908,1873.0000,3189.0022,3746.4472,3742.0000,3822.5197,2509.4595,1841.0000
2019-07-10,60,521.0000,533.4070,913.3224,675.4127,1267.9989,3639.0000,4342.0327,4472.0000,4526.0000,2669.0547,1636.5548
2019-07-10,60,601.0000,609.0670,965.0020,739.7990,1305.0000,3580.3121,4250.0000,4364.0000,4412.4409,2659.5931,1644.0000
2019-07-13,60,776.0000,670.5000,914.1053,667.0000,1165.2731,3166.0000,3982.0000,4024.0063,4201.5372,2274.0000,1334.8889
2019-07-13,60,838.0000,822.5502,1012.0000,768.5080,1229.0000,3070.0000,3820.2319,3840.0000,4054.0000,2252.3598,1353.0501
2019-07-20,60,549.0000,473.4718,774.3943,498.5088,1021.0000,3474.1443,4635.0000,4604.0000,4802.0000,2276.9062,1279.0000
2019-07-20,60,586.0000,541.5616,816.8435,556.3369,1059.1146,3470.0000,4483.0000,4545.4627,4680.0000,2274.4714,1265.9941
2019-07-23,60,339.0000,341.4785,624.6774,405.0000,877.0070,3178.0000,4281.3852,4356.6212,4619.0000,2081.0000,1154.5829
2019-07-23,60,419.0000,424.5049,689.7222,476.2655,939.0000,3106.0000,4223.0000,4244.0000,4491.0000,2083.0000,1151.0000
2019-07-25,60,649.0000,660.7766,865.0000,610.9696,1052.4328,3074.2543,4384.0000,4372.0000,4619.1342,2233.0000,1293.4334
2019-07-25,60,596.0000,665.2503,861.7222,595.8103,1050.9911,3154.0000,4390.0000,4384.0000,4613.0000,2220.0000,1268.8424
2019-07-30,60,314.0000,238.6330,562.0000,314.9578,824.0000,3484.0000,4677.0000,4743.8030,4941.0000,2104.9355,1085.3730
2019-07-30,60,431.0000,441.4663,706.5592,446.0245,909.8042,3344.0000,4466.0000,4440.0000,4682.0000,2088.8080,1082.7086
2019-08-04,60,270.0000,297.6853,537.0000,317.9103,816.0000,3184.0000,4573.0000,4628.0000,4737.7435,1970.0000,986.0000
2019-08-04,60,405.0000,470.2522,658.0000,440.9701,910.0000,3030.0000,4282.0000,4396.0000,4474.2078,1962.0000,981.0358
2019-08-09,60,333.0000,292.3576,537.8463,352.4965,838.0000,3017.0000,4023.3168,4100.0000,4325.8610,1905.0000,915.0000
2019-08-09,60,379.0000,384.5000,601.5764,406.0143,853.6119,2955.0000,3922.4830,3992.2857,4187.6495,1887.0000,912.1560
2019-08-12,60,-9999.0000,-9999.0000,-9999.0000,-9999.0000,-9999.0000,-9999.0000,-9999.0000,-9999.0000,-9999.0000,-9999.0000,-9999.0000
2019-08-14,60,302.0000,358.0342,550.0667,378.1140,815.0000,2721.4505,3853.0000,3972.9032,4136.0000,1930.0000,969.0000
2019-08-14,60,324.0000,412.9757,585.7784,413.3322,819.0000,2688.6677,3804.8473,3923.7294,4084.0000,1905.0000,973.0446
2019-08-17,60,182.0000,260.2599,477.5485,341.6145,762.3231,2631.0000,3744.9989,3859.7588,4056.0538,1838.8819,969.4830
2019-08-17,60,229.0000,320.5060,514.2185,373.2000,760.0000,2628.0000,3715.0000,3834.7376,4027.8027,1812.8385,962.0000
2019-08-19,60,553.0000,489.0120,745.4310,594.1822,1077.0000,2999.0000,3941.4211,4028.6480,4232.1218,2105.0000,1193.5677
2019-08-19,60,644.0000,638.1717,844.5464,674.0727,1112.0000,2927.0000,3819.3208,3894.0000,4075.9151,2072.2387,1176.0000
2019-08-24,60,1340.0000,1172.0000,1240.0000,1054.0000,1475.0000,2774.0000,3594.0000,3584.0000,3832.0000,2217.0000,1381.0000
2019-08-24,60,1302.0000,1072.5095,1196.7723,1098.0000,1546.4998,2898.0000,3793.0000,3828.0000,4084.0000,2237.0000,1336.5002
2019-08-27,60,411.0000,451.0000,613.1798,473.2983,842.4855,2370.0000,3316.5861,3398.4990,3674.3616,1921.0000,1079.0000
2019-08-27,60,398.0000,476.3685,624.2146,477.5485,834.0000,2372.0000,3324.9498,3400.0000,3670.0000,1900.7561,1063.0000
2019-08-29,60,646.0000,568.2480,743.0000,553.4655,948.0000,2596.4932,3412.4923,3472.4639,3787.0000,2019.0000,1044.2555
2019-08-29,60,338.0000,364.6331,592.8540,426.2984,860.0000,2680.0000,3588.5395,3673.1022,4009.3573,2025.0000,1023.0000
2019-09-01,60,479.0000,434.7562,602.5813,473.0491,825.0000,2217.0806,2962.9126,3001.3209,3307.7707,1756.4506,932.0000
2019-09-01,60,408.0000,438.4147,611.0000,474.6702,820.0000,2222.4502,2980.0000,3020.9216,3330.2047,1747.0000,910.0000
2019-09-03,60,228.0000,298.1446,500.4587,366.0000,793.0000,2510.0000,3400.0000,3610.0000,3712.9793,1902.2678,971.0000
2019-09-03,60,266.0000,366.9965,553.0000,407.0000,818.0000,2486.0000,3345.9661,3554.0000,3690.0000,1899.0000,961.0000
2019-09-11,60,335.0000,352.5789,572.0000,416.1129,830.0000,2490.0000,3230.6842,3418.1855,3555.8102,1785.0000,879.0000
2019-09-11,60,334.0000,370.7966,578.3003,416.0000,849.0000,2515.0000,3248.7412,3421.4915,3553.3198,1776.4499,875.0000
2019-09-13,60,206.0000,282.5856,512.3899,348.3347,804.0000,2488.0000,3306.0000,3474.6708,3624.0000,1897.8906,972.0961
2019-09-13,60,220.0000,318.0000,534.0541,368.2081,843.0000,2473.0000,3290.9863,3466.0000,3588.0000,1879.0000,973.0000
2019-09-16,60,296.0000,366.6888,578.5819,422.3417,864.0000,2393.4241,3139.0000,3284.3105,3438.7857,1805.4665,969.0000
2019-09-16,60,289.0000,392.6953,592.5077,430.9302,868.0000,2406.1435,3158.2842,3293.0707,3461.0000,1797.8759,967.0000
2019-09-18,60,-9999.0000,-9999.0000,-9999.0000,-9999.0000,-9999.0000,-9999.0000,-9999.0000,-9999.0000,-9999.0000,-9999.0000,-9999.0000
2019-09-18,60,-9999.0000,-9999.0000,-9999.0000,-9999.0000,-9999.0000,-9999.0000,-9999.0000,-9999.0000,-9999.0000,-9999.0000,-9999.0000
2019-09-21,60,198.0000,244.6281,512.3981,396.6338,854.6248,2416.5294,3105.0463,3389.5517,3466.0000,1865.6977,980.0000
2019-09-21,60,242.0000,302.5251,548.4930,424.5298,862.4660,2413.0000,3102.0025,3364.0000,3419.0000,1869.2292,984.0000
2019-09-28,60,1695.0000,1492.0000,1594.0000,1274.0000,1742.0000,3122.0000,3623.0000,3624.4925,3908.0000,2345.0000,1238.0000
2019-09-28,60,1577.0000,1438.0000,1554.0000,1248.0000,1663.0000,3049.0000,3584.9444,3596.3761,3858.0000,2312.0000,1202.0000
2019-10-01,60,-9999.0000,-9999.0000,-9999.0000,-9999.0000,-9999.0000,-9999.0000,-9999.0000,-9999.0000,-9999.0000,-9999.0000,-9999.0000
2019-10-01,60,-9999.0000,-9999.0000,-9999.0000,-9999.0000,-9999.0000,-9999.0000,-9999.0000,-9999.0000,-9999.0000,-9999.0000,-9999.0000
2019-10-08,60,-9999.0000,-9999.0000,-9999.0000,-9999.0000,-9999.0000,-9999.0000,-9999.0000,-9999.0000,-9999.0000,-9999.0000,-9999.0000
2019-10-08,60,-9999.0000,-9999.0000,-9999.0000,-9999.0000,-9999.0000,-9999.0000,-9999.0000,-9999.0000,-9999.0000,-9999.0000,-9999.0000
2019-10-11,60,264.0000,332.0000,558.3579,550.5660,968.0000,1981.0000,2381.5263,2581.5321,2772.0000,2011.0000,1150.3243
2019-10-11,60,304.0000,387.0000,594.6112,570.5639,980.3963,1984.0000,2384.0000,2577.0000,2771.9861,1993.7412,1148.0000
2019-10-16,60,244.0000,389.0000,589.0000,584.9792,987.0000,1913.1126,2304.0000,2502.9741,2656.0000,1996.0000,1230.0000
2019-10-16,60,250.0000,418.0000,602.6907,586.7681,984.0000,1910.0000,2283.0000,2518.0000,2670.0217,1991.0000,1220.0031
2019-10-21,60,-9999.0000,-9999.0000,-9999.0000,-9999.0000,-9999.0000,-9999.0000,-9999.0000,-9999.0000,-9999.0000,-9999.0000,-9999.0000
2019-10-21,60,-9999.0000,-9999.0000,-9999.0000,-9999.0000,-9999.0000,-9999.0000,-9999.0000,-9999.0000,-9999.0000,-9999.0000,-9999.0000
2019-10-23,60,506.0000,793.3105,1069.8520,1459.2242,1819.0000,2193.0000,2466.0000,2747.3933,2856.5546,3475.5330,2597.0000
2019-10-23,60,491.0000,809.5290,1069.0531,1465.9786,1801.0000,2190.0000,2458.0000,2755.4778,2873.4782,3541.9648,2604.9622
2019-10-26,60,477.0000,745.0000,1001.6667,1379.9856,1685.0000,2012.0000,2256.0000,2556.1116,2649.8661,3299.9827,2567.0000
2019-10-26,60,431.0000,738.6516,989.8719,1389.1034,1713.8042,2022.7521,2281.9569,2578.0000,2673.0522,3358.0000,2594.5136
2019-10-28,60,-9999.0000,-9999.0000,-9999.0000,-9999.0000,-9999.0000,-9999.0000,-9999.0000,-9999.0000,-9999.0000,-9999.0000,-9999.0000
2019-10-31,60,-9999.0000,-9999.0000,-9999.0000,-9999.0000,-9999.0000,-9999.0000,-9999.0000,-9999.0000,-9999.0000,-9999.0000,-9999.0000
2019-11-07,60,290.0000,511.0000,840.9722,1274.9598,1600.0000,1899.8300,2089.0000,2315.0405,2395.3870,2652.7922,1888.5943
2019-11-07,60,496.0000,692.7413,944.3778,1273.1798,1544.0000,1848.9319,2022.0005,2250.0000,2308.9203,2585.0000,1843.7975
2019-11-10,60,518.0000,716.0000,977.6212,1317.4467,1602.3366,1858.0000,2037.3905,2272.1568,2325.6948,2772.7311,2020.3937
2019-11-10,60,494.0000,724.0020,980.5000,1293.1258,1584.0000,1881.6923,2039.0000,2284.8240,2351.0000,2786.0000,2037.2099
2019-11-30,60,-9999.0000,-9999.0000,-9999.0000,-9999.0000,-9999.0000,-9999.0000,-9999.0000,-9999.0000,-9999.0000,-9999.0000,-9999.0000
2019-11-30,60,-9999.0000,-9999.0000,-9999.0000,-9999.0000,-9999.0000,-9999.0000,-9999.0000,-9999.0000,-9999.0000,-9999.0000,-9999.0000
2019-12-05,60,932.0000,1258.0000,1404.0000,1660.0000,1849.0000,2052.0000,2219.0000,2490.9961,2486.0000,2792.0000,2140.0000
2019-12-05,60,821.0000,1192.0000,1370.0000,1668.0000,1930.0000,2097.0000,2296.0000,2568.0000,2538.0000,2897.0000,2213.0000
2019-12-07,60,711.0000,881.2519,1236.0000,1726.0000,2074.7886,2408.9056,2586.6033,2870.6950,2945.0000,3438.3372,2411.0000
2019-12-07,60,847.0000,1007.0000,1289.9922,1698.0000,2028.0000,2314.6523,2501.7212,2747.0417,2826.0000,3388.0000,2370.3318
2019-12-10,60,411.0000,632.3546,876.2999,1238.0000,1490.4214,1672.4287,1820.7186,2087.0694,2117.4551,2389.0000,1589.9174
2019-12-10,60,412.0000,652.5000,886.2906,1232.0000,1485.0000,1689.9781,1843.2284,2098.9436,2138.6533,2394.1891,1595.0000
2019-12-25,60,413.0000,656.4727,791.0000,1097.0956,1308.0000,1494.0000,1666.8451,1898.8280,1959.0000,1744.0000,1132.0000
2019-12-25,60,396.0000,666.0000,800.3643,1104.0000,1320.0000,1522.0000,1680.0000,1907.7284,1948.0805,1742.0000,1147.0000
2019-12-27,60,735.0000,949.6987,1205.3541,1672.8985,2017.4361,2256.0000,2452.8174,2723.3821,2870.5133,3294.2968,2265.0000
2019-12-27,60,698.0000,925.3364,1178.0000,1648.8586,1997.0000,2255.0000,2470.0000,2707.5428,2834.5008,3302.0000,2278.8528
2019-12-30,60,489.0000,705.0000,926.5152,1293.0000,1528.8118,1688.5586,1861.7632,2121.2312,2126.5504,2526.0000,1729.0577
2019-12-30,60,482.0000,726.7213,924.0000,1288.5537,1529.4308,1712.7411,1865.3661,2129.9518,2134.8316,2518.0000,1731.0000
2020-01-01,60,122.0000,564.2893,808.8743,1305.0139,1586.7080,1768.0000,1970.0464,2283.7638,2242.6116,2697.0000,1878.0000
2020-01-01,60,440.0000,778.0000,941.1208,1320.8985,1564.1410,1748.9320,1930.5044,2202.9971,2196.0000,2670.0000,1860.0000
2020-01-04,60,444.0000,816.7651,1020.7329,1478.0000,1747.0000,1954.0000,2142.5225,2450.8537,2448.1357,2706.0000,1944.9541
2020-01-04,60,501.0000,876.0000,1072.0000,1485.1109,1753.0000,1965.3612,2140.6513,2445.2363,2450.0217,2640.0000,1913.5245
2020-01-06,60,-9999.0000,-9999.0000,-9999.0000,-9999.0000,-9999.0000,-9999.0000,-9999.0000,-9999.0000,-9999.0000,-9999.0000,-9999.0000
2020-01-09,60,746.0000,950.5857,1160.0000,1506.0000,1737.5747,1892.0000,2028.3703,2228.0788,2256.3097,2853.7655,2130.0000
2020-01-09,60,692.0000,932.2560,1136.7672,1493.0644,1716.0000,1888.0000,2029.0000,2234.5169,2276.0000,2873.0000,2125.6231
2020-01-11,60,147.0000,614.1964,840.8095,1373.5124,1679.0000,1861.1114,2066.5031,2363.5000,2380.0000,2885.0000,1993.0412
2020-01-11,60,497.0000,830.0000,969.9803,1368.9929,1642.9744,1825.9173,1989.7102,2256.5357,2266.0227,2764.6895,1985.5114
2020-01-14,60,627.0000,886.2865,1053.3218,1441.2066,1670.5509,1838.0000,2005.6126,2274.9519,2279.0000,2754.1751,1996.1481
2020-01-14,60,504.0000,828.4389,1009.2837,1422.0000,1642.0000,1870.0828,2049.4667,2315.5089,2336.0000,2769.0000,2025.0000
2020-01-16,60,-9999.0000,-9999.0000,-9999.0000,-9999.0000,-9999.0000,-9999.0000,-9999.0000,-9999.0000,-9999.0000,-9999.0000,-9999.0000
2020-01-16,60,-9999.0000,-9999.0000,-9999.0000,-9999.0000,-9999.0000,-9999.0000,-9999.0000,-9999.0000,-9999.0000,-9999.0000,-9999.0000
2020-01-19,60,-9999.0000,-9999.0000,-9999.0000,-9999.0000,-9999.0000,-9999.0000,-9999.0000,-9999.0000,-9999.0000,-9999.0000,-9999.0000
2020-01-21,60,601.0000,914.0000,1069.7451,1493.2289,1755.0000,1937.9415,2121.2731,2435.3582,2376.0000,3048.0000,2234.9394
2020-01-21,60,615.0000,926.1240,1076.9105,1481.6601,1733.0096,1944.5144,2111.0000,2426.0834,2383.0000,3058.0872,2225.0000
2020-01-24,60,508.0000,874.0489,1136.7424,1570.0000,1825.9230,1997.0068,2188.0000,2437.6253,2438.1354,2836.3602,2117.9924
2020-01-24,60,594.0000,948.4090,1181.0000,1565.5057,1800.0000,2005.4419,2188.9491,2444.8993,2437.0000,2856.0000,2151.0000
2020-01-29,60,-9999.0000,-9999.0000,-9999.0000,-9999.0000,-9999.0000,-9999.0000,-9999.0000,-9999.0000,-9999.0000,-9999.0000,-9999.0000
2020-01-29,60,-9999.0000,-9999.0000,-9999.0000,-9999.0000,-9999.0000,-9999.0000,-9999.0000,-9999.0000,-9999.0000,-9999.0000,-9999.0000
2020-01-31,60,1290.0000,1410.0000,1524.0000,1730.0000,1991.0000,2089.0000,2232.6370,2408.0000,2420.0000,2784.7085,2152.7316
2020-02-05,60,464.0000,736.8600,1028.0323,1533.8151,1805.4800,1938.0073,2096.6376,2412.7772,2364.0000,3296.0000,2472.3894
2020-02-05,60,597.0000,850.4170,1084.9971,1504.3613,1740.9982,1907.0000,2053.7792,2345.5326,2306.6523,3207.0000,2427.6512
2020-02-08,60,807.0000,990.5900,1188.0000,1520.7892,1755.0000,1888.0000,2008.9595,2257.8356,2269.9980,3041.7310,2281.1641
2020-02-08,60,769.0000,991.0000,1184.0000,1521.6956,1752.8616,1909.5530,2026.0000,2281.3641,2291.0000,3068.0000,2307.0000
2020-02-13,60,948.0000,1164.0000,1320.0000,1620.0000,1857.4093,1990.0000,2146.5030,2353.1258,2369.5928,3120.6528,2471.0000
2020-02-13,60,896.0000,1152.0000,1328.0000,1649.5005,1865.7066,2042.0000,2200.0733,2405.1822,2423.0000,3114.7585,2482.5791
2020-02-15,60,1203.0000,1554.0000,1704.3056,1969.3593,2272.0000,2433.0000,2549.6042,2845.4580,2791.0000,3221.2915,2439.0000
2020-02-15,60,1237.0000,1562.0000,1710.0000,1966.0000,2229.0000,2412.0025,2529.6871,2850.0000,2792.9143,3185.0000,2418.5692
2020-02-18,60,1535.0000,1632.0000,1686.0000,1832.0000,2070.3919,2237.0000,2383.0000,2525.0530,2577.9297,3188.0000,2370.0000
2020-02-18,60,1443.0000,1576.0000,1656.0000,1824.0000,2092.0000,2268.0000,2417.0000,2558.0000,2613.0000,3189.9961,2405.0000
2020-02-20,60,432.0000,765.4776,1036.9488,1444.0000,1705.9207,1896.0000,2074.2920,2348.1983,2326.9490,3062.0000,2268.8580
2020-02-20,60,403.0000,772.5375,1045.2527,1438.0000,1701.0000,1900.0000,2067.0000,2345.1159,2344.0000,3042.0705,2309.0000
2020-02-28,60,651.0000,845.5478,1108.8876,1520.9599,1754.2599,1952.5176,2127.0000,2453.9276,2405.4660,3322.1415,2494.0000
2020-02-28,60,592.0000,837.9615,1110.0000,1520.0000,1757.0000,1968.2967,2137.4078,2468.8509,2424.0000,3312.0000,2519.0000
2020-03-06,60,619.0000,712.0695,937.9659,1296.6667,1617.0000,1882.2885,2058.4068,2292.2520,2361.8507,2063.0000,1244.9533
2020-03-06,60,513.0000,669.0000,912.8816,1301.4925,1608.4308,1896.5366,2053.0000,2312.3292,2377.9624,2081.0000,1268.3275
2020-03-09,60,-9999.0000,-9999.0000,-9999.0000,-9999.0000,-9999.0000,-9999.0000,-9999.0000,-9999.0000,-9999.0000,-9999.0000,-9999.0000
2020-03-11,60,-9999.0000,-9999.0000,-9999.0000,-9999.0000,-9999.0000,-9999.0000,-9999.0000,-9999.0000,-9999.0000,-9999.0000,-9999.0000
2020-03-11,60,-9999.0000,-9999.0000,-9999.0000,-9999.0000,-9999.0000,-9999.0000,-9999.0000,-9999.0000,-9999.0000,-9999.0000,-9999.0000
2020-03-14,60,-9999.0000,-9999.0000,-9999.0000,-9999.0000,-9999.0000,-9999.0000,-9999.0000,-9999.0000,-9999.0000,-9999.0000,-9999.0000
2020-03-16,60,741.0000,889.2441,1224.6641,1644.0000,1972.0000,2265.2580,2441.6960,2763.8983,2752.9828,3564.4637,2681.0000
2020-03-16,60,823.0000,965.2586,1238.0000,1582.0000,1913.3160,2227.0000,2404.0000,2706.0000,2693.0000,3475.9878,2627.0291
2020-03-19,60,776.0000,944.4051,1204.5134,1546.2422,1875.6063,2177.7220,2330.1275,2536.4742,2613.0109,3404.4925,2567.0000
2020-03-19,60,799.0000,973.5834,1222.0000,1547.5494,1873.4920,2168.0000,2338.0000,2545.3540,2610.4992,3368.0023,2546.5030
2020-03-21,60,-9999.0000,-9999.0000,-9999.0000,-9999.0000,-9999.0000,-9999.0000,-9999.0000,-9999.0000,-9999.0000,-9999.0000,-9999.0000
2020-03-24,60,705.0000,858.0390,1085.2422,1368.0000,1801.5824,2248.6422,2469.6296,2827.7544,2812.3384,3464.0000,2723.8340
2020-03-24,60,583.0000,788.2303,1053.3577,1404.6137,1849.9338,2310.6551,2549.9574,2923.6042,2904.4144,3558.0000,2768.9219
2020-03-29,60,-9999.0000,-9999.0000,-9999.0000,-9999.0000,-9999.0000,-9999.0000,-9999.0000,-9999.0000,-9999.0000,-9999.0000,-9999.0000
2020-03-29,60,-9999.0000,-9999.0000,-9999.0000,-9999.0000,-9999.0000,-9999.0000,-9999.0000,-9999.0000,-9999.0000,-9999.0000,-9999.0000
2020-03-31,60,1088.0000,1405.1817,1710.0000,2060.8877,2218.0000,2315.0000,2430.0000,2696.3890,2546.0000,3264.0000,3058.0000
2020-03-31,60,1062.0000,1422.0000,1716.0000,2084.3422,2176.0000,2330.9941,2435.0000,2706.0000,2553.9202,3238.2559,3042.3865
2020-04-03,60,1036.0000,1277.5831,1529.0020,1808.7338,1964.6024,2113.0000,2216.0000,2360.5019,2308.6656,2943.0000,2780.8998
2020-04-03,60,1019.0000,1301.1207,1540.4022,1810.0000,1957.0000,2135.0000,2232.1206,2381.9614,2317.5318,2930.5629,2797.0000
2020-04-05,60,1187.0000,1388.7215,1716.0000,2050.0138,2205.0136,2397.3584,2486.2400,2690.0518,2622.5721,3275.2069,3041.8092
2020-04-05,60,1174.0000,1385.0000,1704.1889,2028.8927,2208.0189,2401.0000,2481.6542,2684.3851,2623.0000,3265.5541,2997.9691
2020-04-08,60,985.0000,1220.7799,1565.6206,1875.9011,1997.6435,2197.0901,2276.0000,2515.8281,2402.8403,2995.7234,2724.0000
2020-04-08,60,998.0000,1230.0000,1564.6532,1860.3946,2006.4316,2185.3780,2286.0000,2506.8609,2418.9873,2954.0000,2714.7360
2020-04-10,60,1185.0000,1494.0000,1822.0000,2154.3033,2301.0000,2486.0464,2596.7730,2787.1336,2701.8140,3359.0000,3202.4754
2020-04-10,60,1147.0000,1488.0000,1814.0000,2122.8683,2281.0838,2475.0000,2603.0000,2786.0098,2704.6685,3311.0000,3162.0395
2020-04-13,60,1115.0000,1405.4925,1708.7031,2011.1305,2185.0000,2369.2905,2480.7751,2620.6461,2584.0000,3133.0000,3002.0000
2020-04-13,60,1109.0000,1426.0000,1704.3548,1992.0000,2177.3205,2384.9349,2492.7787,2625.3083,2592.4883,3101.0000,2961.0395
2020-04-15,60,1267.0000,1498.6667,1877.1186,2203.7347,2419.6811,2616.9738,2697.1002,2915.0638,2841.3463,3402.6000,3181.0000
2020-04-15,60,1243.0000,1472.3578,1848.8134,2162.7122,2349.0000,2610.5385,2689.0000,2908.1518,2839.0000,3396.3355,3118.0000
2020-04-18,60,1182.0000,1410.0000,1732.8095,1984.0000,2162.5608,2384.0036,2484.9992,2577.7923,2596.0061,2922.0000,2686.0000
2020-04-18,60,1180.0000,1417.0000,1733.9263,1974.0000,2172.0000,2409.0172,2518.4025,2600.9112,2623.0000,2910.0000,2653.0378
2020-04-23,60,1103.0000,1408.0000,1720.7222,2026.4680,2159.0000,2453.0000,2573.5148,2747.3713,2684.7181,3104.0000,2939.0000
2020-04-23,60,1094.0000,1409.0000,1708.9480,1979.4608,2152.4402,2442.3384,2566.0000,2747.4784,2669.5699,3075.0000,2958.0000
2020-04-25,60,1446.0000,1612.8070,1986.0000,2276.0000,2521.0000,2767.0000,2853.9388,2978.0000,2997.5416,3501.1405,3260.0000
2020-04-25,60,1386.0000,1604.6189,1964.6786,2235.1108,2513.6869,2785.7293,2882.6267,2995.5374,3005.3128,3493.0000,3235.0000
2020-04-30,60,1342.0000,1617.8345,1980.9980,2288.0000,2598.0000,2941.0000,3169.0000,3250.0000,3298.0000,3222.0000,2505.0000
2020-04-30,60,1166.0000,1332.0000,1572.0000,1522.0000,2250.0000,3058.0000,3597.0000,3876.0000,3704.0000,2942.0000,2192.0000
2020-05-03,60,687.0000,934.9466,1246.0000,1523.1551,1679.0000,2046.0000,2197.0000,2341.0000,2304.7408,2469.0000,2011.0000
2020-05-03,60,685.0000,945.0677,1249.5238,1513.0742,1680.0000,2053.8146,2212.0000,2336.5310,2322.0000,2443.0000,1974.0000
2020-05-08,60,1527.0000,1866.0000,2401.7970,2744.8571,3154.3024,3443.0000,3604.0264,3762.3789,3763.0698,4037.5048,3624.0082
2020-05-08,60,1393.0000,1769.0000,2249.1176,2578.8770,2989.0000,3324.0000,3503.0000,3660.1825,3646.0000,3998.0000,3573.0000
2020-05-10,60,2432.0000,3064.0000,3278.0000,3398.0000,3833.0000,4307.0000,4556.0000,4536.0000,4658.0000,4163.0000,3577.0000
2020-05-10,60,-9999.0000,-9999.0000,-9999.0000,-9999.0000,-9999.0000,-9999.0000,-9999.0000,-9999.0000,-9999.0000,-9999.0000,-9999.0000
2020-05-15,60,1378.0000,1561.6612,1980.0000,2190.0000,2626.0000,3126.0000,3335.0000,3428.4509,3530.0000,3614.6940,3113.0000
2020-05-15,60,1386.0000,1629.2587,2018.6493,2226.8574,2644.5131,3203.0000,3376.0000,3467.4112,3567.0000,3642.0000,3136.0000
2020-05-23,60,1818.0000,1873.5722,2278.0000,2346.8926,2763.0000,3382.0000,3737.0000,3752.0000,3828.0000,3448.9253,3013.8646
2020-05-25,60,1312.0000,1579.3943,2125.2520,2262.7315,2736.0000,3716.8126,4029.8712,4192.0000,4194.0000,3963.9908,3385.0000
2020-05-25,60,1325.0000,1562.8500,2144.2594,2279.4783,2835.0000,3774.0000,4102.0000,4240.0000,4250.0000,4041.6128,3421.0056
2020-05-28,60,-9999.0000,-9999.0000,-9999.0000,-9999.0000,-9999.0000,-9999.0000,-9999.0000,-9999.0000,-9999.0000,-9999.0000,-9999.0000
2020-05-28,60,-9999.0000,-9999.0000,-9999.0000,-9999.0000,-9999.0000,-9999.0000,-9999.0000,-9999.0000,-9999.0000,-9999.0000,-9999.0000
2020-05-30,60,1567.0000,2018.0000,2477.8862,2929.5505,3166.0000,3299.3260,3490.2910,3637.3325,3618.6071,4315.9948,4116.0000
2020-05-30,60,1535.0000,1986.2612,2432.9760,2876.3270,3136.0000,3293.4597,3500.0000,3616.3353,3620.5703,4267.8001,4075.0000
2020-06-02,60,1302.0000,1682.1347,2091.1475,2506.0242,2740.7885,2906.4793,3097.8408,3159.0000,3229.4550,3880.0000,3762.0000
2020-06-02,60,1228.0000,1645.0000,2033.0355,2425.1238,2637.0000,2881.4574,3084.4892,3140.8293,3213.6586,3822.6568,3723.4186
2020-06-04,60,-9999.0000,-9999.0000,-9999.0000,-9999.0000,-9999.0000,-9999.0000,-9999.0000,-9999.0000,-9999.0000,-9999.0000,-9999.0000
2020-06-04,60,-9999.0000,-9999.0000,-9999.0000,-9999.0000,-9999.0000,-9999.0000,-9999.0000,-9999.0000,-9999.0000,-9999.0000,-9999.0000
2020-06-07,60,1137.0000,1273.5754,1620.8974,1809.2177,2129.0000,2626.9388,2811.0599,2769.2651,2960.5474,2960.0000,2300.8222
2020-06-07,60,1142.0000,1306.0000,1661.0000,1832.0000,2177.0000,2681.6214,2845.1576,2811.3268,2988.4324,2977.8028,2295.0000
2020-06-12,60,792.0000,1052.8075,1448.4662,1602.3720,1999.0000,2542.0000,2754.9783,2794.0000,2870.0000,2723.0000,2111.0000
2020-06-12,60,786.0000,1062.0000,1454.0000,1595.8316,1988.1500,2557.0000,2760.0000,2808.8323,2882.2498,2716.3432,2117.0000
2020-06-14,60,1028.0000,1144.0000,1604.7231,1601.3333,2189.3069,3025.3320,3206.0000,3185.4849,3345.0000,3123.0000,2297.6612
2020-06-14,60,976.0000,1142.0000,1620.6382,1616.0000,2229.0000,3087.0000,3277.3015,3258.5239,3410.0000,3152.1753,2322.5341
2020-06-17,60,788.0000,910.0000,1372.0000,1222.0000,1909.3543,2989.6907,3275.0000,3261.9053,3461.8700,2827.4953,1916.8151
2020-06-17,60,743.0000,928.0000,1376.3409,1220.0000,1903.0000,3011.0000,3342.0000,3292.0000,3483.0000,2837.0000,1910.7767
2020-06-19,60,727.0000,845.7563,1352.0000,1041.2693,1866.0000,3364.8863,3814.0000,3828.0000,3905.3565,2922.3228,1939.3049
2020-06-19,60,703.0000,856.5847,1345.7007,1033.7071,1849.5591,3372.0000,3809.0000,3846.0000,3904.0000,2929.5533,1921.1759
2020-06-22,60,430.0000,562.0599,1012.0000,690.6216,1434.6436,3350.1015,3786.2593,3893.0000,3936.0000,2602.8902,1593.8787
2020-06-22,60,454.0000,592.3778,1030.0000,709.8718,1454.0000,3320.6980,3784.7317,3884.0497,3900.0000,2581.4966,1593.6182
2020-06-24,60,-9999.0000,-9999.0000,-9999.0000,-9999.0000,-9999.0000,-9999.0000,-9999.0000,-9999.0000,-9999.0000,-9999.0000,-9999.0000
2020-06-27,60,492.0000,521.3899,1044.0772,644.4292,1578.0000,4167.4458,4730.0000,4732.6635,4925.9807,2859.0000,1656.0000
2020-06-27,60,549.0000,601.3407,1073.3333,690.5508,1553.0000,4059.0000,4630.7466,4618.0570,4801.5463,2885.9063,1643.0971
2020-06-29,60,564.0000,648.0096,1121.0145,716.4379,1617.0000,4266.6233,5104.6133,5090.8014,5231.0000,3082.9804,1870.0000
2020-06-29,60,594.0000,698.0000,1141.0669,753.0994,1620.0000,4182.5878,4988.0000,4953.1847,5116.3025,3073.8147,1867.0000
2020-07-02,60,-9999.0000,-9999.0000,-9999.0000,-9999.0000,-9999.0000,-9999.0000,-9999.0000,-9999.0000,-9999.0000,-9999.0000,-9999.0000
2020-07-02,60,-9999.0000,-9999.0000,-9999.0000,-9999.0000,-9999.0000,-9999.0000,-9999.0000,-9999.0000,-9999.0000,-9999.0000,-9999.0000
2020-07-04,60,878.0000,813.0000,1122.0000,818.0000,1428.0000,3468.0000,4021.0000,3918.0000,4182.0000,2320.0000,1451.0000
2020-07-04,60,-9999.0000,-9999.0000,-9999.0000,-9999.0000,-9999.0000,-9999.0000,-9999.0000,-9999.0000,-9999.0000,-9999.0000,-9999.0000
2020-07-07,60,335.0000,399.0000,832.5000,593.1732,1463.0000,3662.1328,4218.5075,4463.0786,4470.4336,2533.0000,1404.7218
2020-07-07,60,357.0000,434.6355,848.6516,614.0000,1461.9256,3650.0000,4215.0000,4433.3333,4480.0000,2532.5839,1398.0000
2020-07-09,60,487.0000,593.3811,1037.4110,805.3297,1734.0000,4046.5499,4821.0000,4906.3937,5157.8525,3146.3433,1891.2284
2020-07-09,60,557.0000,676.0000,1065.1156,836.5420,1704.8867,3893.4838,4655.0000,4724.0000,4947.6277,3099.5074,1902.0000
2020-07-12,60,273.0000,392.7153,742.4554,538.4174,1260.6354,3436.7842,4105.6052,4308.2654,4411.3272,2594.1634,1530.0000
2020-07-12,60,287.0000,412.5678,757.0000,542.1288,1251.0000,3412.0000,4093.0000,4296.0000,4385.7779,2580.5161,1512.3436
2020-07-14,60,473.0000,493.8975,889.2660,676.0000,1443.9927,3894.9410,4601.3461,4785.3686,4984.4993,2932.6478,1708.3116
2020-07-14,60,464.0000,516.8530,894.0000,672.9757,1438.0000,3902.0000,4599.9907,4776.8147,5000.1812,2939.6092,1721.4617
2020-07-17,60,205.0000,220.5115,589.7986,341.1566,1113.1211,3764.2560,4532.6265,4627.0000,4852.6114,2573.0000,1361.0000
2020-07-17,60,264.0000,304.5000,636.9435,381.6740,1121.3287,3689.5258,4471.0180,4552.2137,4805.5795,2541.9617,1365.7119
2020-07-19,60,220.0000,261.0476,613.7353,320.9408,1118.2256,3947.1591,4914.0000,4933.9413,5112.9812,2761.1565,1496.0000
2020-07-19,60,287.0000,358.1040,672.4244,392.7466,1125.0000,3811.0000,4813.4951,4785.2833,5026.4581,2745.0000,1510.4126
2020-07-22,60,-9999.0000,-9999.0000,-9999.0000,-9999.0000,-9999.0000,-9999.0000,-9999.0000,-9999.0000,-9999.0000,-9999.0000,-9999.0000
2020-07-22,60,-9999.0000,-9999.0000,-9999.0000,-9999.0000,-9999.0000,-9999.0000,-9999.0000,-9999.0000,-9999.0000,-9999.0000,-9999.0000
2020-07-27,60,343.0000,304.0000,550.4699,281.6055,898.0549,3800.0809,4902.0045,4907.6939,5188.0000,2378.9329,1144.5333
2020-07-27,60,358.0000,354.3032,582.5148,308.8670,913.0000,3787.0000,4892.0000,4850.0000,5120.0000,2379.1225,1133.9662
2020-07-29,60,515.0000,492.7484,686.4971,390.3098,995.0000,3876.0000,5207.1438,5174.3093,5462.0000,2670.7479,1338.0000
2020-07-29,60,538.0000,566.5952,738.5308,441.8607,1032.0000,3816.5874,5128.4616,5025.0241,5393.0000,2650.0000,1336.0000
2020-08-01,60,295.0000,303.0000,484.7046,272.4978,772.0000,3581.9963,4989.0000,5001.7714,5291.2840,2331.0000,1158.0000
2020-08-01,60,344.0000,391.0000,545.7230,321.3846,813.0000,3519.0000,4919.6848,4859.9672,5139.2622,2333.0000,1157.0000
2020-08-06,60,182.0000,158.5232,428.3588,173.8123,843.0000,4487.0000,5959.0000,5928.1824,6250.0225,2533.0000,1186.1623
2020-08-06,60,191.0000,200.4487,454.4597,193.7644,854.1509,4421.0000,5864.8267,5879.8087,6201.5000,2534.5098,1182.0000
2020-08-08,60,198.0000,197.8483,404.6491,172.6874,745.0000,3970.0000,5624.6012,5748.9538,5848.9869,2438.2650,1135.0000
2020-08-08,60,273.0000,312.1788,490.2781,257.2975,790.0961,3834.6844,5381.0000,5524.9552,5684.4018,2406.9971,1131.0000
2020-08-11,60,-9999.0000,-9999.0000,-9999.0000,-9999.0000,-9999.0000,-9999.0000,-9999.0000,-9999.0000,-9999.0000,-9999.0000,-9999.0000
2020-08-11,60,-9999.0000,-9999.0000,-9999.0000,-9999.0000,-9999.0000,-9999.0000,-9999.0000,-9999.0000,-9999.0000,-9999.0000,-9999.0000
2020-08-13,60,206.0000,74.2542,317.4925,117.4103,676.5494,4183.0327,5629.9876,5733.4407,6010.5794,2366.0000,1071.0000
2020-08-13,60,286.0000,270.6971,469.2071,245.0636,760.3499,3992.3332,5347.4614,5443.0262,5754.6292,2336.8143,1077.0000
2020-08-16,60,467.0000,370.4842,548.0286,377.2430,856.0000,3529.0000,4819.0000,4854.9440,5129.0000,2089.6751,1044.1506
2020-08-16,60,472.0000,414.8947,578.0000,399.0000,881.0000,3539.0549,4766.4217,4825.2955,5064.4680,2089.8308,1046.8500
2020-08-21,60,288.0000,310.4975,462.0000,269.0000,742.0000,3226.1358,4469.3736,4557.3577,4775.5782,1982.0000,976.0000
2020-08-21,60,244.0000,308.1495,456.4307,260.3585,741.0000,3269.0000,4522.9506,4588.0000,4845.9245,1990.2693,980.0000
2020-08-23,60,367.0000,272.3333,505.8565,277.4454,836.6371,3644.3800,4680.6957,4741.6271,5094.9363,2202.1622,1056.5160
2020-08-23,60,393.0000,364.3637,570.0000,330.5257,868.0000,3609.0000,4632.4712,4650.2030,4989.0000,2208.3958,1064.4998
2020-08-26,60,392.0000,348.2926,608.3152,364.0433,974.5261,3740.1348,4791.5149,4841.0851,5095.8622,2148.0989,1067.0000
2020-08-26,60,298.0000,312.7553,570.3923,328.0000,959.0000,3801.0000,4878.0000,4918.1021,5237.4885,2162.0000,1070.0000
2020-08-28,60,132.0000,156.4191,434.5955,201.1835,868.0000,3483.4182,4612.9330,4645.2253,4936.0000,2149.0000,1090.0075
2020-08-28,60,298.0000,366.0000,582.3056,332.3333,942.0000,3314.0107,4347.0000,4400.0000,4660.0000,2132.0000,1108.0000
2020-09-02,60,1237.0000,922.0000,1532.0000,1228.0000,1878.0000,3804.0000,4438.0000,4688.0000,4606.0000,2511.0000,1569.0000
2020-09-02,60,1308.0000,996.0000,1578.0000,1230.0000,1800.0000,3607.0000,4150.0000,4452.0000,4560.0000,2471.0000,1588.0000
2020-09-05,60,327.0000,339.0000,713.0000,414.5663,1248.0000,3221.5000,3733.5228,3918.0000,4081.3502,1920.5213,974.1849
2020-09-05,60,356.0000,389.0000,737.0000,440.2527,1251.0000,3217.0000,3707.0000,3850.9941,4068.5196,1922.0000,991.0000
2020-09-07,60,-9999.0000,-9999.0000,-9999.0000,-9999.0000,-9999.0000,-9999.0000,-9999.0000,-9999.0000,-9999.0000,-9999.0000,-9999.0000
2020-09-07,60,-9999.0000,-9999.0000,-9999.0000,-9999.0000,-9999.0000,-9999.0000,-9999.0000,-9999.0000,-9999.0000,-9999.0000,-9999.0000
2020-09-10,60,1046.0000,1034.0000,1396.0000,1114.0000,1921.0000,3049.0000,3454.0000,3505.4306,3749.0000,2123.0000,1390.0000
2020-09-10,60,1098.0000,1144.0000,1438.0000,1150.0000,1862.3517,2918.0000,3394.4858,3410.0000,3642.0000,2086.0000,1358.0000
2020-09-12,60,407.0000,438.2206,1036.0000,809.0000,1783.0000,2946.5977,3338.0000,3504.0000,3636.0000,2292.0000,1354.7198
2020-09-12,60,353.0000,440.5003,1029.1015,796.4260,1796.0000,3019.6513,3353.0000,3520.0000,3715.0000,2268.9533,1331.0000
2020-09-15,60,325.0000,418.5879,930.0000,936.8714,1617.9309,2418.0000,2688.0000,2883.6655,3120.0000,2379.0000,1500.6586
2020-09-15,60,307.0000,438.2495,921.1773,937.2497,1603.1898,2422.0000,2697.9459,2880.0000,3129.0000,2363.6040,1482.0000
2020-09-17,60,812.0000,856.9599,1172.0000,1216.6566,1823.0000,2476.1674,2859.0000,2986.6909,3205.6728,2709.2069,1821.0000
2020-09-17,60,830.0000,908.0000,1201.9228,1220.6425,1810.0000,2421.3153,2829.6087,2978.7015,3181.4029,2691.0000,1832.2832
2020-09-20,60,363.0000,522.7472,818.0000,985.5682,1421.4409,1885.6317,2202.2982,2379.5069,2618.0000,2561.0000,1772.5708
2020-09-20,60,358.0000,552.6039,830.2265,989.3880,1412.9631,1892.0000,2217.9508,2396.0000,2589.0000,2561.4033,1758.0000
2020-09-25,60,557.0000,774.0000,960.0000,1053.1676,1408.8321,1799.0000,2010.8542,2251.7264,2347.6131,2274.4962,1453.5653
2020-09-25,60,568.0000,808.0000,987.0000,1064.0000,1422.4877,1822.0000,2070.0000,2248.0000,2365.0000,2276.5114,1458.0000
2020-09-30,60,482.0000,585.0000,740.7744,842.3333,1129.0000,1493.6351,1665.0000,1715.0179,1921.0000,2066.0000,1575.0000
2020-09-30,60,507.0000,625.0000,765.0000,855.0000,1141.0000,1487.0000,1693.0000,1741.8288,1925.0000,2067.0000,1544.4953
2020-10-07,60,310.0000,456.0000,602.3158,778.0270,1054.0000,1362.1439,1547.0000,1669.2189,1795.8043,2097.2522,1513.0000
2020-10-07,60,285.0000,452.0000,600.5000,772.9829,1049.0000,1334.3642,1522.2138,1666.0000,1780.0000,2107.0000,1528.0000
2020-10-10,60,1022.0000,1160.0000,1318.0000,1516.0000,1815.0000,2111.0000,2332.5578,2444.9987,2594.4315,2853.0000,2162.1796
2020-10-10,60,925.0000,1132.0000,1316.0000,1534.0000,1863.0000,2166.0000,2406.0000,2518.0000,2672.6792,2913.5000,2190.9874
2020-10-12,60,540.0000,672.3544,920.4366,1209.3655,1513.9389,1820.7278,1990.0000,2165.1341,2257.5035,2097.1742,1375.0000
2020-10-12,60,524.0000,688.8241,932.4764,1212.9960,1513.3148,1826.7780,1996.0000,2171.7292,2254.4035,2097.5878,1387.0000
2020-10-20,60,1296.0000,1510.0000,1596.0000,1616.0000,1867.0000,2093.0000,2220.0000,2325.0058,2344.0000,2510.1129,2003.8209
2020-10-22,60,-9999.0000,-9999.0000,-9999.0000,-9999.0000,-9999.0000,-9999.0000,-9999.0000,-9999.0000,-9999.0000,-9999.0000,-9999.0000
2020-10-25,60,549.0000,720.0000,937.0000,1108.0151,1350.4532,1585.2734,1708.2835,1761.5029,1884.2854,2581.0000,1962.8893
2020-10-25,60,574.0000,777.0000,966.0000,1108.0776,1366.4519,1610.0000,1717.7259,1780.0000,1899.0000,2532.0000,1958.0000
2020-10-30,60,-9999.0000,-9999.0000,-9999.0000,-9999.0000,-9999.0000,-9999.0000,-9999.0000,-9999.0000,-9999.0000,-9999.0000,-9999.0000
2020-11-04,60,720.0000,833.0000,1032.0000,1138.0000,1444.4048,1693.9649,1841.6631,1841.7779,2001.2222,2661.0000,2088.4423
2020-11-04,60,754.0000,886.0039,1074.0000,1164.0000,1473.0000,1753.6570,1893.7006,1907.5394,2066.0000,2624.9815,2091.8065
2020-11-06,60,316.0000,601.3286,818.9854,1016.0000,1338.0000,1633.0000,1821.0000,1939.0890,1993.0000,2754.0885,2235.0000
2020-11-06,60,517.0000,788.6460,945.4671,1065.0000,1346.3769,1660.0000,1803.0000,1938.0000,1964.0000,2709.5497,2210.0000
2020-11-09,60,530.0000,762.7356,954.6667,1081.3289,1366.1478,1688.0229,1862.0000,1997.0000,2047.0000,2516.0093,2058.4700
2020-11-09,60,534.0000,780.0000,964.0008,1084.9861,1366.2822,1705.0000,1869.0000,1992.8421,2041.0000,2531.0000,2067.1540
2020-11-11,60,436.0000,557.2242,861.0444,1038.0000,1358.4907,1746.2632,1869.9525,2074.3133,2107.6026,2741.9221,2112.1818
2020-11-11,60,618.0000,742.3479,969.4558,1093.0000,1380.7999,1756.0000,1882.2177,2051.1559,2082.3066,2692.0000,2087.0000
2020-11-19,60,399.0000,636.6157,871.0000,950.0387,1237.0000,1635.0000,1795.0000,2004.1137,2022.6877,2370.0000,1832.0000
2020-11-19,60,365.0000,644.5000,865.7991,946.0000,1240.5366,1668.6790,1800.4244,1984.5161,2005.0000,2381.0000,1869.0000
2020-11-21,60,391.0000,538.1646,838.2606,994.8116,1310.6882,1788.0000,1936.5425,2289.0389,2199.0000,2720.9390,2048.0000
2020-11-21,60,554.0000,702.0701,941.1890,1052.0000,1334.8500,1806.0000,1925.1610,2263.2924,2172.0000,2662.0370,2033.0000
2020-11-24,60,628.0000,776.4053,965.7060,1108.6667,1411.0000,1744.0000,1907.0000,2102.0000,2117.8550,2690.0000,2055.0000
2020-11-24,60,519.0000,716.3391,921.3024,1077.6980,1393.0000,1757.0000,1923.0000,2124.6920,2146.0833,2717.5180,2075.0000
2020-11-26,60,479.0000,740.6378,945.7681,1116.6667,1474.0000,1816.3695,2017.0000,2231.3031,2269.0000,2732.0403,2021.0779
2020-11-26,60,652.0000,890.4200,1036.0000,1148.6711,1449.8003,1777.0000,1978.9984,2179.0000,2199.0000,2692.9990,1993.8640
2020-11-29,60,471.0000,716.0830,909.3032,1061.4758,1365.0118,1699.0000,1853.5425,2107.2754,2155.4498,2690.0000,2174.0000
2020-11-29,60,390.0000,672.2365,873.4204,1034.0000,1376.0000,1689.5472,1886.0026,2105.2655,2150.5403,2718.0000,2213.0000
2020-12-01,60,242.0000,193.0000,210.0000,183.0000,220.0000,258.0000,266.0000,270.9941,269.0000,217.0000,145.0000
2020-12-01,60,197.0000,186.0000,194.0000,169.0000,197.0000,235.0000,248.0000,262.5393,257.0000,213.0000,139.0000
2020-12-19,60,527.0000,792.0000,960.0000,1062.0000,1368.0109,1705.2513,1855.0000,2034.9556,2086.0000,2397.9382,1925.0000
2020-12-19,60,503.0000,796.4665,956.5009,1074.0000,1398.0000,1736.0000,1905.0000,2066.6667,2116.6467,2432.0000,1932.0000
2020-12-26,60,-9999.0000,-9999.0000,-9999.0000,-9999.0000,-9999.0000,-9999.0000,-9999.0000,-9999.0000,-9999.0000,-9999.0000,-9999.0000
2020-12-26,60,-9999.0000,-9999.0000,-9999.0000,-9999.0000,-9999.0000,-9999.0000,-9999.0000,-9999.0000,-9999.0000,-9999.0000,-9999.0000
2020-12-31,60,320.0000,410.0000,630.4857,752.9942,1114.0000,1628.5585,1742.1591,1971.8182,2051.0000,1904.6216,1180.0000
2020-12-31,60,284.0000,406.0000,624.3204,742.3123,1111.0000,1611.0000,1750.4308,1968.0000,2046.7892,1926.0000,1186.0000
2021-01-03,60,275.0000,404.3745,624.7374,760.2000,1097.0000,1530.0000,1685.5472,1843.4752,1943.0000,1747.0000,1041.0000
2021-01-03,60,339.0000,476.4113,668.7038,782.8592,1136.9105,1564.0000,1713.0000,1884.0857,1940.0000,1738.0000,1048.0790
2021-01-08,60,294.0000,536.0000,744.3276,842.6967,1164.0000,1597.4574,1745.0000,1989.0623,1961.0000,2021.5264,1470.5335
2021-01-08,60,292.0000,564.9425,758.0000,849.0000,1173.0000,1603.0000,1754.0000,2002.0000,1982.1275,2008.9812,1465.7895
2021-01-13,60,375.0000,518.8716,720.2162,874.5000,1178.1245,1586.0000,1743.0000,1982.0000,1939.0000,2132.0000,1455.0000
2021-01-13,60,389.0000,548.0000,740.7473,879.0000,1194.0000,1613.9540,1750.3947,1978.3777,1948.0000,2132.0000,1482.0000
2021-01-18,60,-9999.0000,-9999.0000,-9999.0000,-9999.0000,-9999.0000,-9999.0000,-9999.0000,-9999.0000,-9999.0000,-9999.0000,-9999.0000
2021-02-09,60,-9999.0000,-9999.0000,-9999.0000,-9999.0000,-9999.0000,-9999.0000,-9999.0000,-9999.0000,-9999.0000,-9999.0000,-9999.0000
2021-02-14,60,265.0000,476.5077,670.2271,868.0000,1220.4120,1681.1631,1848.0000,2195.4634,2098.4680,2425.3030,1726.0000
2021-02-14,60,411.0000,623.0000,770.3936,922.0000,1228.5321,1679.0000,1835.0000,2164.6667,2072.0000,2385.3979,1720.0000
2021-02-17,60,1104.0000,1176.0000,1208.0000,1244.0000,1494.9286,1796.5057,1952.8905,2076.0000,2113.7978,2456.0000,1930.4199
2021-02-17,60,1064.0000,1164.0000,1200.0000,1242.0000,1506.0000,1808.4913,1960.8169,2116.5120,2122.4438,2462.0000,1934.0000
2021-02-22,60,-9999.0000,-9999.0000,-9999.0000,-9999.0000,-9999.0000,-9999.0000,-9999.0000,-9999.0000,-9999.0000,-9999.0000,-9999.0000
2021-02-24,60,621.0000,908.0000,1170.0000,1292.0000,1650.7126,2008.0000,2172.0000,2381.4231,2342.0000,2785.8559,2217.1570
2021-02-24,60,630.0000,914.9350,1176.0000,1282.0000,1642.0000,1973.0673,2156.0000,2364.7808,2317.1925,2778.0000,2221.0000
2021-02-27,60,624.0000,896.0000,1136.0000,1342.0000,1510.3878,1608.5285,1724.0000,1813.7744,1810.0000,2231.0000,2034.0000
2021-02-27,60,631.0000,926.2773,1158.0000,1350.0000,1523.0000,1653.0000,1762.0000,1841.5066,1844.0127,2210.0000,2028.7317
2021-03-01,60,713.0000,917.6187,1249.5972,1576.6010,1749.6925,1843.0000,1950.6312,2181.3333,2106.6817,2761.4437,2523.0000
2021-03-01,60,665.0000,928.9127,1249.2207,1561.2061,1754.2009,1853.5000,1970.6672,2192.5846,2105.9995,2760.4543,2535.0000
2021-03-04,60,1186.0000,1342.0000,1554.0000,1730.0000,1928.0000,2032.0000,2116.3184,2237.3938,2210.5147,2666.2594,2343.0000
2021-03-04,60,1315.0000,1434.0000,1612.0000,1752.0000,1963.0000,2067.0000,2150.0000,2261.2653,2241.0000,2662.0000,2377.0000
2021-03-06,60,900.0000,1308.3853,1652.8445,2042.6653,2172.7135,2287.0000,2391.0000,2688.5388,2546.0000,3323.0755,3136.9588
2021-03-06,60,890.0000,1320.0000,1642.5000,2017.9352,2168.0000,2278.0160,2381.5593,2692.0000,2524.5434,3326.7548,3149.0000
2021-03-09,60,988.0000,1284.3692,1554.0000,1858.0000,2002.9724,2134.0000,2267.0000,2452.0000,2393.0000,3096.0000,3036.0000
2021-03-09,60,934.0000,1304.9819,1585.0000,1898.5140,2082.0000,2191.0000,2300.0000,2520.6728,2436.7991,3147.0869,3005.0000
2021-03-16,60,879.0000,1226.0000,1539.1918,1970.8785,2147.0000,2265.0000,2418.0000,2692.0000,2546.5295,3284.0000,3025.0000
2021-03-16,60,852.0000,1238.0000,1536.0000,1939.1749,2122.3951,2290.0000,2422.0000,2684.7154,2548.0000,3221.8676,2997.0000
2021-03-19,60,530.0000,733.0000,935.0000,1212.8280,1373.0000,1560.3692,1665.7206,1866.4319,1807.0000,2243.0000,1970.2563
2021-03-19,60,552.0000,764.1996,959.0000,1217.5113,1397.0000,1560.0000,1678.9604,1853.8085,1818.9632,2260.0000,1973.0000
2021-03-21,60,-9999.0000,-9999.0000,-9999.0000,-9999.0000,-9999.0000,-9999.0000,-9999.0000,-9999.0000,-9999.0000,-9999.0000,-9999.0000
2021-03-21,60,-9999.0000,-9999.0000,-9999.0000,-9999.0000,-9999.0000,-9999.0000,-9999.0000,-9999.0000,-9999.0000,-9999.0000,-9999.0000
2021-03-24,60,990.0000,1281.5000,1670.0000,2070.3240,2305.0000,2439.0000,2533.0000,2762.3658,2687.0000,3423.0000,3187.1258
2021-03-24,60,970.0000,1310.0000,1692.7060,2075.4401,2309.4004,2431.0000,2545.0000,2785.0000,2691.0000,3480.0052,3210.7303
2021-03-26,60,1245.0000,1553.5791,1865.9922,2185.3333,2462.0000,2599.0000,2751.0000,2921.3660,2877.0000,3711.0000,3573.9366
2021-03-26,60,1220.0000,1569.5561,1858.0000,2178.8568,2426.0000,2560.0000,2717.2667,2908.9861,2856.0000,3701.0000,3554.0000
2021-03-29,60,1184.0000,1461.4365,1741.2753,2014.0000,2222.0000,2382.0000,2554.0000,2665.2230,2665.0000,3277.0000,3141.0000
2021-03-29,60,1156.0000,1489.5478,1765.1847,2048.8586,2250.0000,2427.0000,2584.0000,2718.0000,2710.0000,3313.0000,3136.0000
2021-03-31,60,1132.0000,1370.0000,1802.0000,2226.9586,2433.6999,2616.0000,2739.0000,2921.3333,2918.0000,3793.0000,3575.0000
2021-03-31,60,1132.0000,1376.0000,1764.0000,2154.9980,2374.0000,2558.0000,2680.5031,2864.0000,2856.0000,3726.0000,3598.7378
2021-04-03,60,998.0000,1217.2442,1557.1738,1881.3272,2083.4279,2273.4922,2374.9930,2556.0000,2521.0000,3050.5692,2827.0000
2021-04-03,60,1004.0000,1245.6940,1569.1542,1880.9910,2095.0000,2265.9950,2372.9352,2552.0000,2526.0000,3067.6618,2844.0000
2021-04-05,60,1218.0000,1581.0000,1957.2814,2321.9245,2578.4678,2749.0962,2897.0000,3120.6814,3025.6435,3753.0000,3619.0000
2021-04-05,60,1200.0000,1589.6122,1972.4776,2330.2673,2587.5738,2780.6929,2918.0000,3133.6930,3049.5432,3747.6552,3644.9848
2021-04-08,60,1036.0000,1405.9960,1746.7995,2115.3712,2266.0000,2540.0000,2670.3261,2977.8100,2825.7555,3388.0000,3300.4606
2021-04-08,60,1028.0000,1409.7205,1748.7947,2107.3597,2277.0000,2534.2546,2652.0112,2957.1209,2821.6580,3395.6594,3250.2043
2021-04-10,60,1409.0000,1641.7532,2075.8627,2466.7651,2759.0000,2950.4362,3063.0000,3252.9942,3227.2122,3846.0000,3630.2812
2021-04-10,60,1363.0000,1628.0000,2027.9220,2393.0000,2699.5749,2910.6637,3014.5136,3208.5441,3162.9000,3829.2929,3514.8266
2021-04-15,60,876.0000,1076.0000,1300.0000,1576.8451,1827.0000,2010.7365,2126.0000,2321.5746,2240.3621,2388.3199,1900.0000
2021-04-15,60,834.0000,1084.0000,1308.0000,1577.9333,1817.0000,2027.0000,2155.0000,2321.9365,2255.0000,2378.7317,1889.0000
2021-04-20,60,-9999.0000,-9999.0000,-9999.0000,-9999.0000,-9999.0000,-9999.0000,-9999.0000,-9999.0000,-9999.0000,-9999.0000,-9999.0000
2021-04-20,60,-9999.0000,-9999.0000,-9999.0000,-9999.0000,-9999.0000,-9999.0000,-9999.0000,-9999.0000,-9999.0000,-9999.0000,-9999.0000
2021-04-23,60,1067.0000,1462.0000,1938.8042,2296.3789,2626.0000,2930.0000,3057.6336,3267.9518,3249.0000,3642.0000,3139.6248
2021-04-23,60,1106.0000,1460.0000,1900.7843,2219.3436,2565.7921,2880.4878,3035.7213,3197.0921,3195.4803,3572.0000,3139.1962
2021-04-25,60,1362.0000,1834.2630,2315.7192,2644.6305,3021.0000,3311.0000,3522.0000,3748.8022,3686.5884,4276.4726,3981.4481
2021-04-25,60,1303.0000,1778.5000,2244.0000,2555.3277,2939.0000,3250.0000,3443.0000,3682.0000,3607.0000,4215.9707,3928.4970
2021-04-28,60,1207.0000,1556.0266,1953.0000,2215.3039,2472.0000,2776.4995,2930.6436,2917.0000,3025.0000,3139.0000,2888.8628
2021-04-28,60,1132.0000,1588.9239,1956.0000,2181.2797,2431.0000,2748.6982,2919.0000,2917.1184,3005.5334,3112.1424,2900.9539
2021-04-30,60,-9999.0000,-9999.0000,-9999.0000,-9999.0000,-9999.0000,-9999.0000,-9999.0000,-9999.0000,-9999.0000,-9999.0000,-9999.0000
2021-04-30,60,-9999.0000,-9999.0000,-9999.0000,-9999.0000,-9999.0000,-9999.0000,-9999.0000,-9999.0000,-9999.0000,-9999.0000,-9999.0000
2021-05-03,60,1063.0000,1393.3559,1866.0493,2197.0191,2505.9915,2838.0000,3037.0000,3209.3038,3199.0000,3555.0695,3019.0010
2021-05-03,60,1073.0000,1410.5140,1856.0000,2180.0000,2476.2320,2859.9570,3035.0000,3208.5157,3212.0000,3562.9985,2994.2138
2021-05-05,60,-9999.0000,-9999.0000,-9999.0000,-9999.0000,-9999.0000,-9999.0000,-9999.0000,-9999.0000,-9999.0000,-9999.0000,-9999.0000
2021-05-05,60,-9999.0000,-9999.0000,-9999.0000,-9999.0000,-9999.0000,-9999.0000,-9999.0000,-9999.0000,-9999.0000,-9999.0000,-9999.0000
2021-05-08,60,915.0000,1233.4848,1668.4100,2042.0000,2347.0000,2665.9989,2859.0000,3018.1068,3040.8631,3335.0000,2800.0144
2021-05-08,60,893.0000,1228.4178,1624.9861,1980.0000,2319.0000,2612.0000,2825.0000,2977.1986,3001.0000,3317.0000,2808.0000
2021-05-10,60,1614.0000,2056.6746,2643.3561,3130.2774,3448.0000,3821.1505,3992.0000,4084.0000,4212.0000,4846.0000,4422.9563
2021-05-10,60,1547.0000,1973.0000,2546.4545,3019.8205,3414.2092,3773.0000,3930.0000,4000.8209,4145.6493,4799.0000,4384.0000
2021-05-13,60,1074.0000,1252.9333,1569.5047,1809.0411,2114.1697,2317.6905,2468.9932,2497.5576,2593.0000,2435.0000,1970.0000
2021-05-13,60,957.0000,1229.4738,1568.0000,1820.0000,2112.0000,2354.7065,2510.0000,2548.0000,2645.2987,2482.0000,1982.0000
2021-05-15,60,1273.0000,1920.0000,2106.0000,2342.0000,2514.0000,3159.0000,3519.0000,3418.0000,3528.0000,3267.0000,2465.0000
2021-05-15,60,1282.0000,1986.0000,2230.0000,2480.0000,2832.0000,3380.0000,3527.0000,3510.0000,3709.0000,3455.0000,2721.0000
2021-05-18,60,1025.0000,1355.0000,1764.4000,2083.2614,2411.0000,2697.7847,2876.2121,3007.0000,3017.9821,3398.7167,2965.8981
2021-05-18,60,1011.0000,1362.3502,1761.4125,2049.9333,2406.3525,2678.7341,2888.0000,2994.0000,3045.3006,3419.2658,2980.0798
2021-05-20,60,1083.0000,1306.8147,1740.2424,2033.9808,2408.0756,2714.1735,2861.7657,3001.0246,3012.2719,3298.9348,2673.5134
2021-05-20,60,1049.0000,1300.1745,1708.4984,1969.2524,2398.0000,2700.2868,2834.0000,2968.0000,2996.7317,3305.1082,2665.7334
2021-05-23,60,2069.0000,2230.0000,2566.0000,2643.3773,3129.2868,3376.4985,3532.1148,3564.6629,3650.7097,3232.0000,2820.9600
2021-05-23,60,2130.0000,2299.3272,2658.6773,2730.6309,3203.3673,3531.4380,3681.1956,3716.0000,3791.0000,3286.0000,2835.4862
2021-05-25,60,-9999.0000,-9999.0000,-9999.0000,-9999.0000,-9999.0000,-9999.0000,-9999.0000,-9999.0000,-9999.0000,-9999.0000,-9999.0000
2021-05-25,60,-9999.0000,-9999.0000,-9999.0000,-9999.0000,-9999.0000,-9999.0000,-9999.0000,-9999.0000,-9999.0000,-9999.0000,-9999.0000
2021-05-28,60,908.0000,1226.5777,1674.5730,1891.5839,2306.0000,2712.0000,2920.2583,3054.6190,3060.9504,3147.0000,2605.6733
2021-05-28,60,873.0000,1224.5941,1634.3597,1835.8695,2207.0000,2635.0000,2873.0000,3021.6283,3033.0000,3080.0000,2534.9341
2021-05-30,60,1542.0000,1913.4969,2500.0000,2780.0000,3253.0000,3751.2825,3916.0000,4107.2090,4086.1373,4374.1759,3834.0000
2021-05-30,60,1407.0000,1866.0000,2404.9557,2711.6983,3254.0000,3692.0111,3852.8587,4049.5724,4012.4605,4394.0000,3861.0000
2021-06-02,60,1747.0000,2250.9351,2871.2914,3191.3995,3733.8123,4210.4039,4389.1305,4540.0472,4549.1211,4919.6183,4374.0000
2021-06-02,60,1641.0000,2128.2375,2726.6824,3045.5932,3626.0644,4093.0000,4281.7607,4432.0000,4460.7817,4758.0000,4376.4160
2021-06-04,60,1631.0000,2010.5277,2469.2342,2665.3126,3151.0000,3613.1734,3938.5593,3934.0000,4080.0000,4184.0000,3749.3474
2021-06-04,60,1621.0000,2069.1299,2531.6737,2743.9985,3270.0000,3739.4826,4040.0098,4008.0000,4160.0000,4229.2860,3813.9622
2021-06-07,60,1470.0000,1594.6667,1897.0000,2016.2222,2403.9763,3092.3516,3390.0000,3316.6066,3525.0000,3169.0000,2543.0000
2021-06-07,60,1479.0000,1659.0000,1990.0000,2108.0000,2501.5059,3175.0000,3525.9651,3450.9825,3666.0000,3262.0000,2599.0000
2021-06-09,60,1321.0000,1539.5446,2025.8323,2263.9636,2696.0516,3561.4534,3900.0000,4028.7891,4145.8713,4205.2633,3557.0000
2021-06-09,60,1239.0000,1562.6702,2082.7992,2343.2295,2849.2956,3671.0000,4003.0000,4168.0000,4232.0000,4296.0000,3607.0000
2021-06-12,60,1147.0000,1443.5432,1961.4600,2199.0012,2649.5490,3597.9613,4003.0670,4176.0000,4224.0000,3851.0000,3180.0000
2021-06-12,60,1123.0000,1452.6791,1948.7681,2114.7751,2587.0393,3532.0000,3977.0000,4084.0000,4144.0000,3807.0000,3129.7825
2021-06-14,60,1136.0000,1525.2154,2002.0000,2165.2040,2646.0000,3803.8794,4372.0000,4555.0178,4501.0000,4153.0650,3535.0000
2021-06-14,60,1087.0000,1505.4430,2042.0080,2170.2207,2674.8692,3900.2826,4479.0000,4632.0000,4636.0000,4222.0000,3521.0000
2021-06-17,60,934.0000,1355.8613,1867.1590,2002.7409,2456.9600,3738.4994,4420.0000,4501.0000,4565.4814,3862.9087,3222.7322
2021-06-17,60,951.0000,1307.0000,1765.0667,1866.0000,2366.2450,3549.0000,4192.0000,4276.0000,4366.9845,3788.4875,3208.0000
2021-06-19,60,1062.0000,1229.0242,1664.0000,1700.0000,2141.0105,3362.2467,3837.6291,3828.8374,4017.6325,3284.5353,2568.0000
2021-06-19,60,1033.0000,1244.0000,1669.9176,1699.0822,2160.0000,3362.9808,3856.0000,3852.2949,4027.0000,3298.5190,2589.0000
2021-06-22,60,872.0000,1162.0000,1640.0000,1706.1852,2215.0000,3642.9570,4286.8763,4404.0000,4518.0000,3468.7224,2697.0000
2021-06-22,60,889.0000,1181.6943,1644.4953,1699.0640,2173.6021,3597.0000,4257.3698,4352.0000,4475.0000,3463.0000,2691.0000
2021-06-24,60,928.0000,1230.0000,1676.8134,1699.0913,2223.0000,3604.5464,4365.1607,4372.0000,4512.9099,3477.0000,2746.0000
2021-06-24,60,904.0000,1244.5307,1686.0000,1706.2147,2215.0000,3627.8838,4412.7949,4396.0000,4560.0000,3467.3473,2764.4737
2021-06-27,60,1749.0000,1881.2456,2160.0000,2092.6889,2562.0000,3812.4073,4516.0000,4588.0000,4677.2041,3161.6132,2558.0000
2021-06-27,60,1773.0000,1964.0000,2261.2155,2185.1172,2638.0000,3959.0000,4706.0012,4704.0000,4820.2649,3195.0000,2590.0000
2021-06-29,60,905.0000,1124.5478,1610.3601,1585.6029,2148.0000,3709.0000,4413.2447,4386.6667,4578.8315,3352.0000,2550.0000
2021-06-29,60,862.0000,1102.0000,1609.7927,1598.0000,2103.0000,3761.9303,4437.0000,4428.0000,4616.5344,3354.0141,2571.4819
2021-07-02,60,805.0000,1020.0000,1483.3698,1532.0000,2034.9143,3502.2181,4248.9649,4336.2136,4421.3820,3244.0000,2525.5291
2021-07-02,60,808.0000,1045.9922,1498.1727,1521.9952,2029.5691,3537.2572,4274.4993,4376.0000,4518.0000,3245.0000,2531.0000
2021-07-04,60,1781.0000,1896.0000,2106.0000,1942.0000,2418.0000,3685.0000,4376.0000,4388.0000,4572.0000,3373.0000,2506.3607
2021-07-07,60,468.0000,677.3629,1020.6797,969.0841,1417.0000,2987.7132,3789.0000,3834.2252,3973.8547,2593.8898,1857.0000
2021-07-07,60,479.0000,714.0000,1040.7711,973.0000,1395.0000,2941.0000,3746.9219,3806.0000,3937.3435,2589.2099,1844.0000
2021-07-09,60,565.0000,738.0000,1170.7908,1113.1383,1650.6712,3593.0000,4502.6054,4657.8559,4640.0000,2916.0000,2068.3432
2021-07-09,60,590.0000,777.5000,1174.0000,1108.9641,1635.0000,3569.0000,4405.0000,4544.0000,4601.0000,2894.0000,2058.4328
2021-07-12,60,555.0000,681.0000,1108.0000,1065.4522,1554.0000,3363.8703,4317.0000,4324.3462,4554.0000,2705.7658,1882.0000
2021-07-12,60,572.0000,765.2902,1152.9044,1090.5188,1570.0000,3341.4454,4258.0292,4217.4902,4448.0000,2689.7252,1922.8232
2021-07-14,60,-9999.0000,-9999.0000,-9999.0000,-9999.0000,-9999.0000,-9999.0000,-9999.0000,-9999.0000,-9999.0000,-9999.0000,-9999.0000
2021-07-19,60,-9999.0000,-9999.0000,-9999.0000,-9999.0000,-9999.0000,-9999.0000,-9999.0000,-9999.0000,-9999.0000,-9999.0000,-9999.0000
2021-07-19,60,-9999.0000,-9999.0000,-9999.0000,-9999.0000,-9999.0000,-9999.0000,-9999.0000,-9999.0000,-9999.0000,-9999.0000,-9999.0000
2021-07-22,60,666.0000,658.0000,993.0106,927.0000,1396.0000,3175.0000,4160.0000,4160.0000,4495.0000,2686.0572,1804.9517
2021-07-22,60,570.0000,689.5000,1001.0370,933.4838,1386.0000,3153.0000,4122.9663,4156.0000,4474.0820,2662.5358,1819.0000
2021-07-24,60,1007.0000,1194.0000,1362.0000,1210.0000,1570.0000,2846.2314,3708.6761,3660.1119,3888.4769,2394.0000,1694.4705
2021-07-24,60,727.0000,1124.9884,1354.0000,1196.6508,1594.0000,3021.6366,4021.0088,3985.2587,4235.3867,2452.0000,1705.6954
2021-07-29,60,542.0000,606.4299,955.0000,878.0116,1360.0000,3180.0680,4022.0000,4057.6253,4251.0000,2613.0000,1706.6469
2021-07-29,60,565.0000,669.6109,992.9358,899.0000,1362.0000,3103.0000,3946.0000,3956.6547,4165.0262,2588.6185,1672.0000
2021-08-01,60,555.0000,577.3417,849.4930,779.7012,1227.0000,2878.9713,3823.0000,3653.8925,4067.0000,2142.9970,1380.4401
2021-08-01,60,460.0000,565.0000,840.0000,786.4305,1267.7835,2904.0000,3858.0000,3776.0000,4222.1289,2201.0000,1398.6196
2021-08-03,60,536.0000,701.0853,1009.3500,917.3331,1411.9319,3142.3834,4128.4766,4200.0000,4306.7652,2701.8351,1804.7246
2021-08-03,60,536.0000,733.8300,1025.3441,946.3528,1417.0125,3112.0000,4086.0000,4168.0000,4315.9250,2657.0000,1788.0000
2021-08-06,60,470.0000,621.7994,914.4087,841.0000,1280.3770,2908.7668,3788.1634,3835.0186,4027.8692,2484.5803,1709.5991
2021-08-06,60,472.0000,648.5000,925.3376,845.2958,1293.6636,2914.1026,3801.0454,3846.0000,4045.4746,2472.6295,1688.9809
2021-08-08,60,-9999.0000,-9999.0000,-9999.0000,-9999.0000,-9999.0000,-9999.0000,-9999.0000,-9999.0000,-9999.0000,-9999.0000,-9999.0000
2021-08-11,60,583.0000,669.1185,995.0000,940.0000,1414.0200,2978.6569,3754.0000,3728.8997,4010.2914,2660.0000,1803.7453
2021-08-11,60,575.0000,705.5157,1016.0000,954.8595,1410.3283,2960.0691,3728.3168,3729.2984,4006.8571,2653.0245,1824.0265
2021-08-13,60,-9999.0000,-9999.0000,-9999.0000,-9999.0000,-9999.0000,-9999.0000,-9999.0000,-9999.0000,-9999.0000,-9999.0000,-9999.0000
2021-08-13,60,793.0000,1078.0000,1204.0000,1116.0000,1513.0000,2489.0000,3048.0000,3044.0000,3202.0000,1904.0000,1350.0000
2021-08-16,60,561.0000,734.0470,1072.0786,1060.4932,1538.9017,2826.9649,3525.0000,3528.3221,3836.4550,2739.5782,1962.0000
2021-08-16,60,545.0000,770.2400,1090.0000,1064.0000,1542.0000,2831.0000,3504.0000,3520.5220,3798.4312,2722.6915,1982.4491
2021-08-18,60,582.0000,693.4849,1092.5944,1082.4726,1618.0000,3123.0000,3653.0054,3883.0070,3988.0816,2907.9289,1947.4035
2021-08-18,60,602.0000,745.1920,1101.6589,1090.5750,1602.9656,3051.4655,3581.2518,3802.0000,3932.7309,2878.0000,1962.0000
2021-08-21,60,656.0000,752.6055,1136.7547,1211.2192,1753.4926,2985.8608,3483.0025,3597.3386,3876.3416,3052.4749,2125.0000
2021-08-21,60,700.0000,822.0000,1162.0000,1197.2306,1731.4927,2906.6219,3426.7965,3518.0000,3787.0000,3018.5395,2134.0262
2021-08-26,60,596.0000,806.6147,1164.5396,1339.9922,1834.1983,2854.3969,3324.9149,3492.0000,3705.4189,3164.7128,2302.0000
2021-08-26,60,576.0000,817.4451,1182.0000,1355.6956,1901.3035,2905.8921,3345.6789,3529.7265,3750.1168,3207.0000,2338.7423
2021-08-28,60,-9999.0000,-9999.0000,-9999.0000,-9999.0000,-9999.0000,-9999.0000,-9999.0000,-9999.0000,-9999.0000,-9999.0000,-9999.0000
2021-08-28,60,-9999.0000,-9999.0000,-9999.0000,-9999.0000,-9999.0000,-9999.0000,-9999.0000,-9999.0000,-9999.0000,-9999.0000,-9999.0000
2021-08-31,60,631.0000,532.0000,688.0000,612.0000,934.0000,1592.0000,1904.0000,1875.0000,2170.0000,1244.0000,791.0000
2021-08-31,60,646.0000,490.0000,664.0000,572.0000,1016.0000,1765.0000,2061.0000,1948.0000,2268.0000,1338.0000,905.0000
2021-09-02,60,672.0000,1173.4446,1627.2041,2250.0026,2775.5156,3429.3207,3899.0000,4331.2159,4407.9082,4168.4386,2850.0000
2021-09-02,60,694.0000,1196.8121,1606.0000,2172.0000,2684.0000,3342.0000,3835.0000,4226.5061,4318.0000,4114.0000,2794.0217
2021-09-05,60,588.0000,1082.0000,1505.4198,2156.0000,2631.0000,3155.5798,3526.0000,3924.0463,4052.0000,4038.0000,2916.0000
2021-09-05,60,592.0000,1100.0000,1512.5000,2164.6981,2639.0000,3109.0000,3542.0000,3914.6667,4064.0000,4075.0000,2877.0000
2021-09-07,60,740.0000,1144.6667,1643.5000,2395.2289,2846.0000,3468.0000,3812.4954,4283.2047,4376.4973,4422.8535,2961.0000
2021-09-07,60,769.0000,1181.4530,1649.4530,2298.0000,2807.0000,3412.1030,3715.9882,4148.0000,4300.9961,4296.0000,2950.0000
2021-09-10,60,679.0000,981.5218,1460.4256,2219.4718,2751.0000,3187.0000,3546.7158,3848.0000,4099.2776,4391.7322,2954.7756
2021-09-10,60,707.0000,1024.3705,1457.0784,2146.1241,2701.6027,3145.0000,3499.0000,3809.8017,4037.0846,4354.6356,2939.6460
2021-09-12,60,746.0000,1065.0782,1476.0000,2154.4778,2691.0000,3066.4952,3482.0000,3717.1598,3979.2825,4584.3728,3227.3026
2021-09-12,60,774.0000,1102.0000,1477.4704,2082.0000,2629.1890,3011.1111,3413.1117,3626.6732,3909.2817,4464.0000,3203.0000
2021-09-20,60,521.0000,754.4917,1052.0000,1421.9096,1719.0000,1925.1574,2114.1161,2193.8085,2381.7554,3365.9627,2754.0099
2021-09-20,60,509.0000,772.0000,1064.0000,1425.3333,1725.7004,1939.0000,2104.0805,2214.0000,2371.0773,3331.5000,2756.8104
2021-09-22,60,989.0000,1328.7374,1577.1221,1793.4469,2119.0000,2368.0000,2561.1784,2724.0000,2772.9911,3429.0000,2895.0000
2021-09-25,60,923.0000,1076.0000,1258.0000,1465.0129,1763.0000,2064.5620,2290.0000,2345.6334,2506.8239,3472.0000,3003.0000
2021-09-25,60,903.0000,1100.0000,1278.0000,1478.0000,1779.0000,2081.6105,2314.0000,2377.3333,2545.6513,3460.0000,3036.0000
2021-09-27,60,952.0000,879.0000,990.4238,1073.3896,1272.6292,1518.0000,1597.6971,1621.0139,1745.0000,1874.1051,1364.0000
2021-09-27,60,949.0000,906.6021,1009.8791,1064.9538,1273.3278,1517.1125,1629.0000,1627.8261,1767.0000,1880.8229,1363.4265
2021-09-30,60,453.0000,622.6961,880.3603,1125.1796,1408.0000,1763.0000,1959.0000,2051.5944,2194.0904,3118.0000,2586.4163
2021-09-30,60,481.0000,666.5523,900.1837,1124.9128,1402.0000,1774.5500,1958.0000,2050.6049,2180.3000,3090.0960,2586.8841
2021-10-02,60,1618.0000,1730.0000,1828.0000,1858.0000,2202.0000,2475.0000,2624.3370,2733.2834,2741.0000,2933.2244,2549.9926
2021-10-05,60,-9999.0000,-9999.0000,-9999.0000,-9999.0000,-9999.0000,-9999.0000,-9999.0000,-9999.0000,-9999.0000,-9999.0000,-9999.0000
2021-10-10,60,-9999.0000,-9999.0000,-9999.0000,-9999.0000,-9999.0000,-9999.0000,-9999.0000,-9999.0000,-9999.0000,-9999.0000,-9999.0000
2021-10-10,60,-9999.0000,-9999.0000,-9999.0000,-9999.0000,-9999.0000,-9999.0000,-9999.0000,-9999.0000,-9999.0000,-9999.0000,-9999.0000
2021-10-15,60,789.0000,926.6684,1152.7385,1268.0000,1600.5958,2116.0000,2350.4336,2546.9807,2565.5452,2988.3902,2474.0000
2021-10-15,60,824.0000,982.2627,1188.0000,1281.6820,1604.0000,2126.0678,2355.0000,2538.0905,2570.9841,2980.3988,2468.3267
2021-10-17,60,712.0000,761.6076,1016.7201,1161.8430,1501.1846,2078.8137,2290.6606,2491.9152,2546.6202,3123.6934,2448.0000
2021-10-17,60,682.0000,761.9849,1020.4838,1162.0000,1510.1369,2093.7839,2291.0000,2491.6585,2523.6772,3122.9884,2469.6982
2021-10-27,60,605.0000,693.6163,940.7454,1073.3245,1441.5521,2009.1893,2218.0000,2393.9144,2475.5100,3081.6919,2418.7730
2021-10-27,60,530.0000,670.1568,921.1930,1064.5857,1434.0000,2034.0000,2202.9952,2418.1544,2484.8820,3082.0000,2435.6207
2021-10-30,60,779.0000,841.6229,1013.0000,1112.0000,1388.0000,1734.4790,1918.6549,1987.9351,2037.0000,2358.0000,1812.2363
2021-10-30,60,786.0000,866.7544,1046.0000,1124.0000,1414.0000,1790.0000,1940.0000,1996.5283,2099.0000,2339.0000,1793.0000
2021-11-04,60,151.0000,392.2071,628.5376,756.0000,1142.1966,1638.8243,1834.2386,2059.3434,2060.4747,2144.5928,1558.3018
2021-11-04,60,1.0000,276.0000,545.8959,709.3441,1114.5207,1654.6980,1865.9324,2113.6623,2095.0000,2154.7931,1558.0000
2021-11-06,60,306.0000,413.8261,729.7750,908.5844,1363.0000,2001.6857,2196.0353,2373.2000,2461.0503,2950.0000,2169.6051
2021-11-06,60,477.0000,598.7011,853.7252,976.8390,1378.0000,1954.5000,2136.0000,2309.5591,2394.5340,2861.0000,2138.0000
2021-11-11,60,495.0000,746.3531,988.8044,1129.2160,1561.4886,2042.0000,2315.6183,2403.0164,2516.5018,3011.1063,2289.2613
2021-11-11,60,529.0000,796.3106,1013.9667,1148.7883,1546.0000,2020.4938,2267.0812,2390.8667,2505.1920,2996.1525,2283.0000
2021-11-19,60,578.0000,708.6867,928.3586,1054.0000,1402.9812,1822.0000,2018.0000,2155.7302,2269.0000,2536.6093,1819.0000
2021-11-19,60,556.0000,708.5007,928.4479,1044.0000,1398.7958,1850.0000,2029.1882,2186.9441,2292.0000,2551.0000,1828.9754
2021-11-24,60,258.0000,490.0000,684.9504,860.7751,1195.0000,1636.8155,1840.0000,2097.5303,2121.0000,2642.9623,2114.3740
2021-11-24,60,213.0000,469.0000,665.3706,853.1446,1182.0000,1638.0000,1846.0000,2105.2237,2120.0000,2641.0000,2113.7258
2021-11-29,60,257.0000,440.6244,717.7957,977.4395,1352.7904,1753.3836,1947.0000,2266.2092,2264.0000,2690.5277,1949.7241
2021-11-29,60,259.0000,457.2436,724.7420,972.9659,1350.0000,1770.1673,1953.6841,2289.8451,2289.2724,2680.0029,1953.0000
2021-12-01,60,187.0000,459.0000,669.6029,893.4408,1257.3551,1586.0000,1799.0000,2042.3188,2104.4297,2638.6793,1933.0000
2021-12-01,60,166.0000,480.0966,681.2456,908.6289,1270.4000,1610.3974,1833.3917,2043.5683,2120.0000,2633.8166,1948.7858
2021-12-06,60,17.0000,224.6572,473.8257,817.6053,1141.0000,1499.0000,1678.0000,1994.9583,1996.0000,2468.0000,1738.9608
2021-12-06,60,281.0000,428.0389,609.0000,878.1392,1151.0000,1485.5534,1645.3968,1954.0857,1957.0807,2408.5590,1721.5982
2021-12-14,60,-9999.0000,-9999.0000,-9999.0000,-9999.0000,-9999.0000,-9999.0000,-9999.0000,-9999.0000,-9999.0000,-9999.0000,-9999.0000
2021-12-14,60,-9999.0000,-9999.0000,-9999.0000,-9999.0000,-9999.0000,-9999.0000,-9999.0000,-9999.0000,-9999.0000,-9999.0000,-9999.0000
2021-12-16,60,105.0000,302.7460,574.0000,908.7396,1230.3026,1531.6032,1729.5210,1932.6290,2049.9683,2664.9979,1966.0114
2021-12-16,60,307.0000,478.7525,689.2008,961.7190,1235.0000,1511.0000,1689.0951,1891.8273,1977.0000,2628.0000,1955.0000
2021-12-29,60,-9999.0000,-9999.0000,-9999.0000,-9999.0000,-9999.0000,-9999.0000,-9999.0000,-9999.0000,-9999.0000,-9999.0000,-9999.0000
2021-12-31,60,-9999.0000,-9999.0000,-9999.0000,-9999.0000,-9999.0000,-9999.0000,-9999.0000,-9999.0000,-9999.0000,-9999.0000,-9999.0000
2021-12-31,60,-9999.0000,-9999.0000,-9999.0000,-9999.0000,-9999.0000,-9999.0000,-9999.0000,-9999.0000,-9999.0000,-9999.0000,-9999.0000
2022-01-08,60,231.0000,366.5000,537.8059,853.0000,1065.3399,1353.1441,1526.1548,1811.1348,1788.0000,2276.0000,1688.0000
2022-01-08,60,147.0000,328.5383,500.9848,833.9890,1066.0000,1359.0000,1532.0000,1813.4433,1790.0000,2310.0000,1688.0000
2022-01-13,60,-9999.0000,-9999.0000,-9999.0000,-9999.0000,-9999.0000,-9999.0000,-9999.0000,-9999.0000,-9999.0000,-9999.0000,-9999.0000
2022-01-13,60,-9999.0000,-9999.0000,-9999.0000,-9999.0000,-9999.0000,-9999.0000,-9999.0000,-9999.0000,-9999.0000,-9999.0000,-9999.0000
2022-01-15,60,198.0000,340.0312,617.9697,933.2148,1197.7723,1486.0000,1637.1554,1844.2353,1936.0000,2611.0000,1950.0000
2022-01-15,60,352.0000,508.6212,721.2000,973.9739,1208.2985,1470.1513,1611.0000,1843.2780,1890.0044,2539.0000,1919.0000
2022-01-18,60,78.0000,314.4049,570.5929,893.0000,1157.3240,1417.4291,1580.0000,1843.4567,1877.6616,2516.0000,1882.1627
2022-01-18,60,213.0000,414.3039,628.7014,917.5203,1156.4624,1429.0000,1580.2561,1852.1552,1859.0000,2487.0000,1881.6818
2022-01-20,60,706.0000,836.0533,894.3606,1090.0000,1361.0774,1598.0000,1754.8902,1924.3304,1951.0000,2385.9204,1771.7759
2022-01-20,60,616.0000,818.6697,879.0000,1069.1707,1337.0000,1570.2865,1733.0000,1899.5351,1936.0000,2399.0000,1780.0000
2022-01-23,60,361.0000,600.8408,764.0000,1046.0000,1328.5632,1576.5331,1762.9378,1946.0605,2003.0000,2554.6440,2056.0000
2022-01-23,60,510.0000,738.6046,863.0000,1082.0000,1334.0000,1573.2000,1755.0000,1938.8280,1982.0761,2524.0000,2057.0000
2022-01-25,60,634.0000,526.5727,765.6945,1076.8932,1369.7901,1636.0000,1789.0000,2020.0000,2058.0000,3022.3260,2429.4919
2022-01-25,60,696.0000,783.0000,936.9960,1157.0585,1397.0000,1684.3477,1805.2691,2028.5248,2041.2723,2961.0000,2402.6075
2022-01-28,60,455.0000,468.9480,702.9747,1028.2658,1323.0000,1552.0000,1685.1574,1956.7764,1963.0000,2856.0000,2268.0000
2022-01-28,60,503.0000,712.4722,875.0000,1110.0000,1319.0000,1560.5574,1704.0000,1955.0980,1952.0000,2813.6795,2260.1474
2022-01-30,60,499.0000,762.2623,882.0000,1134.0000,1374.8998,1600.0026,1773.5749,2041.0537,2006.0000,2901.3648,2355.0000
2022-01-30,60,504.0000,796.1616,902.5089,1136.0000,1382.0000,1613.9856,1794.2358,2036.6195,2016.4012,2889.2379,2347.0000
2022-02-02,60,534.0000,728.0000,882.3562,1128.0000,1368.8308,1586.0000,1744.0000,1962.0956,1977.5024,2660.0000,2258.0000
2022-02-02,60,587.0000,792.0000,922.0000,1142.0000,1366.0000,1586.0000,1736.5980,1979.9815,1969.3540,2669.9305,2250.0000
2022-02-07,60,603.0000,700.2642,860.0462,1064.5320,1253.0000,1468.7932,1592.0000,1760.9961,1742.0000,2317.3167,1914.3148
2022-02-07,60,608.0000,728.0000,888.0000,1077.4011,1266.0000,1475.0000,1599.0000,1748.0625,1745.0000,2325.0000,1906.4372
2022-02-09,60,423.0000,680.9901,897.6693,1206.0000,1406.4181,1633.0000,1781.5192,2002.8864,1957.0073,2691.5274,2326.9882
2022-02-09,60,600.0000,841.0000,1001.8409,1237.1253,1432.5988,1636.8073,1787.0000,1998.0000,1940.3487,2622.4998,2288.2832
2022-02-12,60,580.0000,792.0000,981.7207,1210.0000,1384.3705,1592.0000,1733.2835,1924.0000,1877.5149,2505.5965,2273.8765
2022-02-12,60,583.0000,820.3333,989.5871,1212.4412,1378.5365,1592.0000,1719.0000,1914.0000,1868.9060,2500.6408,2267.0000
2022-02-22,60,404.0000,578.5152,772.0000,990.4222,1188.3369,1435.0000,1592.0000,1802.8082,1766.0000,2175.0000,1789.0000
2022-02-22,60,406.0000,600.0000,780.5568,993.0000,1185.0000,1448.5341,1611.0000,1788.0000,1776.0087,2167.0000,1796.4592
2022-02-24,60,1095.0000,1122.0000,1360.0000,1529.0000,1792.7234,2107.0000,2260.7461,2397.9706,2387.0000,2622.5285,2145.8735
2022-02-24,60,1198.0000,1186.0000,1374.0000,1510.0000,1762.2622,2061.0000,2187.0000,2317.0000,2335.0000,2609.6734,2123.0000
2022-02-27,60,727.0000,830.5000,1028.0000,1225.3410,1462.3189,1738.5580,1881.0000,2068.3899,2041.0010,2585.1813,2121.5052
2022-02-27,60,755.0000,860.3552,1046.0000,1220.6495,1462.0000,1744.0000,1880.1833,2074.3861,2045.0000,2589.0201,2120.0000
2022-03-01,60,665.0000,804.0000,957.5000,1160.2194,1327.0000,1486.0952,1591.0000,1757.3478,1710.0000,2157.0000,1859.0286
2022-03-01,60,617.0000,790.3696,945.7929,1156.5499,1320.0000,1483.0000,1588.3592,1737.7750,1703.0000,2175.0000,1868.0000
2022-03-04,60,678.0000,944.0000,1169.2019,1420.6889,1542.0000,1717.9911,1825.0000,2018.7127,1947.9449,2410.3075,2241.0000
2022-03-04,60,679.0000,982.3364,1185.1530,1429.9922,1544.3979,1709.0000,1812.8491,2018.7360,1958.2734,2392.5385,2279.0000
2022-03-06,60,1095.0000,1200.0000,1465.9336,1700.0000,1882.0000,2046.9841,2141.0000,2355.1947,2273.8863,2869.0590,2687.0000
2022-03-06,60,1067.0000,1224.0000,1472.0000,1697.3272,1892.5782,2054.0000,2153.7957,2354.4449,2288.5610,2893.0000,2710.0000
2022-03-09,60,800.0000,1001.1241,1297.3333,1553.7926,1700.0000,1850.9922,1924.9936,2091.0716,2034.8310,2639.0000,2402.4141
2022-03-09,60,773.0000,1013.3252,1293.5434,1560.8793,1721.0000,1843.0000,1928.0000,2091.6106,2030.0000,2662.0000,2417.0000
2022-03-14,60,778.0000,920.6667,1030.0000,1158.0000,1267.0000,1354.0000,1469.0000,1451.2944,1538.0000,1673.1634,1654.0000
2022-03-14,60,781.0000,953.2782,1072.0000,1188.4917,1304.0000,1442.0000,1529.0000,1461.0621,1574.0000,1732.0000,1683.0000
2022-03-16,60,-9999.0000,-9999.0000,-9999.0000,-9999.0000,-9999.0000,-9999.0000,-9999.0000,-9999.0000,-9999.0000,-9999.0000,-9999.0000
2022-03-19,60,930.0000,1112.0000,1405.4965,1721.3204,1869.4263,2049.6753,2162.0000,2376.7478,2300.0000,2907.2111,2674.0000
2022-03-19,60,921.0000,1136.0000,1437.1678,1737.9922,1896.0000,2050.0000,2134.9988,2376.0000,2277.2011,2905.3114,2675.5244
2022-03-21,60,1094.0000,1382.0000,1672.0000,2001.4953,2161.4353,2302.0000,2450.8319,2736.0000,2580.7199,3260.5238,3124.0000
2022-03-21,60,1075.0000,1394.0000,1684.7214,2004.0000,2158.0000,2301.0000,2451.0000,2736.0000,2592.0000,3232.4084,3134.0000
2022-03-24,60,935.0000,1196.9947,1521.0749,1808.6667,1947.0000,2109.0000,2238.0000,2490.3325,2388.0000,2985.9528,2876.0000
2022-03-24,60,939.0000,1229.0000,1520.0000,1813.3272,1958.0000,2113.0000,2247.0000,2485.0000,2382.0000,2985.0000,2898.5970
2022-03-26,60,1424.0000,1486.0000,1761.7197,2036.0000,2220.8707,2404.0000,2500.0000,2706.0000,2645.0000,3305.0570,3140.8575
2022-03-26,60,1370.0000,1506.0000,1764.4653,2029.0762,2205.7648,2397.0000,2500.2290,2712.0000,2646.1862,3351.0000,3151.0000
2022-04-03,60,558.0000,722.1115,936.0000,1152.0000,1312.8314,1497.3833,1612.0000,1723.4333,1722.0000,1949.0000,1631.0000
2022-04-03,60,499.0000,704.3566,924.0000,1153.4769,1306.0000,1498.3768,1611.0000,1723.9386,1702.0000,1970.5896,1631.0000
2022-04-05,60,1625.0000,1708.0000,1997.0000,2252.0000,2523.0000,2823.0000,3002.0000,3240.0000,3110.0000,3452.0000,3025.0000
2022-04-05,60,1693.0000,1644.0000,1958.0000,2236.0000,2497.0000,2828.0000,3019.0000,3240.0000,3099.0000,3443.0000,2956.0000
2022-04-08,60,-9999.0000,-9999.0000,-9999.0000,-9999.0000,-9999.0000,-9999.0000,-9999.0000,-9999.0000,-9999.0000,-9999.0000,-9999.0000
2022-04-10,60,679.0000,914.0000,1176.0000,1477.2634,1632.0000,1865.0000,2018.0000,2187.3727,2138.1566,2366.0000,1883.0000
2022-04-10,60,635.0000,906.1534,1181.2867,1481.0692,1664.0000,1875.0000,2023.0000,2196.4359,2151.0000,2400.2908,1896.0000
2022-04-15,60,1629.0000,1989.7136,2492.0000,2916.5721,3143.2740,3312.0000,3468.0000,3688.8182,3620.7480,4234.0000,3902.0000
2022-04-15,60,1580.0000,1964.0000,2483.5233,2874.7838,3108.0000,3372.4580,3453.9196,3667.1778,3603.0000,4237.0000,3894.9616
2022-04-18,60,1639.0000,1978.9785,2451.8407,2806.8286,2978.4308,3206.6859,3318.9558,3602.3747,3480.0000,3836.0000,3520.0000
2022-04-18,60,1568.0000,1971.8008,2478.0000,2871.6000,2959.0000,3208.0000,3340.8318,3634.0000,3473.0000,3898.7991,3504.4792
2022-04-20,60,2174.0000,2371.3222,2666.5332,2795.4653,3142.1086,3572.0276,3836.5858,4057.8814,3930.5614,3602.1328,2885.9830
2022-04-20,60,2147.0000,2340.8865,2625.6927,2755.4032,3052.5095,3472.5254,3761.4721,3985.5839,3885.0000,3547.9818,2841.2038
2022-04-23,60,-9999.0000,-9999.0000,-9999.0000,-9999.0000,-9999.0000,-9999.0000,-9999.0000,-9999.0000,-9999.0000,-9999.0000,-9999.0000
2022-04-25,60,-9999.0000,-9999.0000,-9999.0000,-9999.0000,-9999.0000,-9999.0000,-9999.0000,-9999.0000,-9999.0000,-9999.0000,-9999.0000
2022-04-25,60,-9999.0000,-9999.0000,-9999.0000,-9999.0000,-9999.0000,-9999.0000,-9999.0000,-9999.0000,-9999.0000,-9999.0000,-9999.0000
2022-04-28,60,964.0000,1268.4657,1709.3968,2036.0000,2292.0000,2653.2081,2826.0000,2996.0000,2980.0000,3333.0000,2853.7560
2022-04-28,60,949.0000,1268.6326,1666.8866,1962.0000,2297.0000,2589.0000,2781.0000,2957.4246,2916.0000,3315.0000,2828.0798
2022-04-30,60,1460.0000,2165.4551,2729.9767,3060.0000,3138.0000,3504.0000,3720.0000,4072.0000,3856.0000,4293.8155,4087.9934
2022-04-30,60,1352.0000,2010.0000,2505.4074,2839.4956,3047.0000,3425.0025,3639.0000,3960.0000,3797.0000,4221.0000,4025.0000
2022-05-03,60,1383.0000,1970.0000,2438.8861,2856.0000,3014.3294,3384.0000,3652.0000,3857.5662,3795.0000,4151.0000,3921.0000
2022-05-03,60,1327.0000,2028.0000,2500.7660,2933.5182,3050.5907,3470.0000,3704.7873,3920.0000,3859.0000,4146.0000,3943.2938
2022-05-08,60,-9999.0000,-9999.0000,-9999.0000,-9999.0000,-9999.0000,-9999.0000,-9999.0000,-9999.0000,-9999.0000,-9999.0000,-9999.0000
2022-05-10,60,1261.0000,1592.6298,2019.6626,2403.2662,2715.0000,2956.8347,3158.5187,3256.0000,3308.0000,3905.3646,3809.0000
2022-05-10,60,1187.0000,1568.8796,1970.6883,2315.1092,2642.4924,2926.8813,3152.0044,3232.0000,3274.5881,3891.0000,3821.0000
2022-05-13,60,1237.0000,1694.0000,2090.7419,2420.5872,2736.0000,3002.5037,3244.8826,3248.1527,3362.9500,3598.0000,3464.0000
2022-05-13,60,1212.0000,1689.8065,2109.4643,2454.0000,2669.0000,2970.0000,3225.3285,3284.0000,3364.3475,3595.8596,3453.4162
2022-05-15,60,1385.0000,1691.2108,2163.4163,2536.9191,2883.5915,3115.0774,3270.4935,3308.0000,3435.0932,3996.0000,3734.0000
2022-05-15,60,1330.0000,1633.0377,2075.0816,2434.5723,2790.0000,3089.1349,3245.5696,3284.0000,3402.0246,3928.0000,3728.0000
2022-05-18,60,1249.0000,1588.0608,2035.2839,2386.8335,2746.9956,2984.7696,3122.3957,3173.1651,3260.4331,3657.0000,3335.9394
2022-05-18,60,1175.0000,1506.5663,1898.7456,2193.4155,2554.4035,2867.0000,3044.2509,3082.0000,3189.8190,3554.0000,3269.7886
2022-05-20,60,1368.0000,1786.8808,2241.3423,2570.5730,2950.6997,3283.8406,3514.4203,3585.1670,3619.5332,3987.7568,3660.4715
2022-05-20,60,1308.0000,1706.2594,2139.9080,2420.0000,2821.4562,3213.8425,3460.4884,3516.0000,3565.3876,3958.1196,3734.4656
2022-05-25,60,-9999.0000,-9999.0000,-9999.0000,-9999.0000,-9999.0000,-9999.0000,-9999.0000,-9999.0000,-9999.0000,-9999.0000,-9999.0000
2022-05-25,60,-9999.0000,-9999.0000,-9999.0000,-9999.0000,-9999.0000,-9999.0000,-9999.0000,-9999.0000,-9999.0000,-9999.0000,-9999.0000
2022-06-02,60,-9999.0000,-9999.0000,-9999.0000,-9999.0000,-9999.0000,-9999.0000,-9999.0000,-9999.0000,-9999.0000,-9999.0000,-9999.0000
2022-06-02,60,-9999.0000,-9999.0000,-9999.0000,-9999.0000,-9999.0000,-9999.0000,-9999.0000,-9999.0000,-9999.0000,-9999.0000,-9999.0000
2022-06-04,60,1228.0000,1315.9250,1874.6825,1738.8853,2530.2227,4167.6172,4439.7702,4420.0000,4529.0000,3330.0000,2393.5940
2022-06-04,60,1199.0000,1245.5725,1661.2566,1532.6958,2232.7171,3588.0000,3870.0000,3856.1940,4002.0000,3147.2060,2297.2864
2022-06-07,60,-9999.0000,-9999.0000,-9999.0000,-9999.0000,-9999.0000,-9999.0000,-9999.0000,-9999.0000,-9999.0000,-9999.0000,-9999.0000
2022-06-07,60,-9999.0000,-9999.0000,-9999.0000,-9999.0000,-9999.0000,-9999.0000,-9999.0000,-9999.0000,-9999.0000,-9999.0000,-9999.0000
2022-06-12,60,446.0000,546.8732,1005.0000,709.9240,1530.0000,4111.0000,4704.4420,4753.9336,4843.0000,3108.2405,1979.0000
2022-06-12,60,490.0000,593.1794,1009.0153,716.4645,1578.6076,3991.9005,4549.0000,4678.2324,4670.0000,3115.9737,1977.0000
2022-06-14,60,466.0000,484.5000,972.6555,660.6109,1566.0000,4872.0000,5431.3492,5435.8605,5625.0000,3466.9656,2070.4626
2022-06-14,60,574.0000,604.0369,995.0692,704.0000,1595.3441,4583.0000,5253.0000,5205.4752,5336.0000,3434.6681,2075.0000
2022-06-17,60,997.0000,1004.2241,1309.5697,1066.0156,1792.0000,4225.0000,4855.0000,4756.0318,4967.0000,2843.0000,1817.0000
2022-06-19,60,519.0000,533.3287,852.4989,567.0000,1377.0000,4467.0000,5323.9706,5401.9883,5492.2934,3309.8140,1955.8302
2022-06-19,60,560.0000,606.0000,904.4930,616.0000,1471.0000,4322.0000,5240.0000,5129.3403,5399.3879,3293.0000,1948.8778
2022-06-24,60,267.0000,180.0655,595.1200,339.1859,1156.7529,4761.3986,5442.0000,5552.0000,5620.0000,3005.1074,1675.4207
2022-06-24,60,158.0000,132.6114,569.6667,290.2448,1175.0000,4787.3425,5653.3928,5778.7226,5715.0000,3008.9146,1680.3110
2022-06-27,60,175.0000,189.4365,649.0775,491.2465,1227.0000,4165.0000,5069.1111,5017.9134,5135.0000,2821.9598,1641.6802
2022-06-27,60,385.0000,464.9908,816.2254,669.3254,1324.0000,3830.0000,4707.0000,4608.0000,4837.0000,2748.7814,1632.0000
2022-06-29,60,-9999.0000,-9999.0000,-9999.0000,-9999.0000,-9999.0000,-9999.0000,-9999.0000,-9999.0000,-9999.0000,-9999.0000,-9999.0000
2022-06-29,60,-9999.0000,-9999.0000,-9999.0000,-9999.0000,-9999.0000,-9999.0000,-9999.0000,-9999.0000,-9999.0000,-9999.0000,-9999.0000
2022-07-02,60,305.0000,341.0168,609.9401,372.8425,1033.0000,4049.0000,5072.0000,5205.9332,5249.0208,2808.9763,1589.5864
2022-07-02,60,367.0000,405.3107,654.6582,408.7874,1069.7968,3979.0000,5074.0000,5081.9268,5240.0000,2812.0000,1599.0000
2022-07-04,60,392.0000,292.1880,633.0000,369.8522,1131.0000,4722.0000,5654.0000,5836.0000,5838.0000,3074.8978,1717.0785
2022-07-04,60,535.0000,481.6928,773.1815,523.9635,1212.0000,4391.6370,5340.0000,5473.8088,5501.0000,3085.0000,1716.0000
2022-07-07,60,-9999.0000,-9999.0000,-9999.0000,-9999.0000,-9999.0000,-9999.0000,-9999.0000,-9999.0000,-9999.0000,-9999.0000,-9999.0000
2022-07-07,60,-9999.0000,-9999.0000,-9999.0000,-9999.0000,-9999.0000,-9999.0000,-9999.0000,-9999.0000,-9999.0000,-9999.0000,-9999.0000
2022-07-09,60,364.0000,660.9990,880.2975,500.0000,1218.0000,4562.0000,5735.0000,5640.0000,5882.0000,2970.0000,1680.0000
2022-07-09,60,452.0000,724.6105,928.0000,554.7026,1224.1404,4426.0000,5581.0000,5440.0000,5633.0000,2968.0000,1658.0802
2022-07-12,60,229.0000,237.9466,509.6367,235.0000,916.0000,4277.6317,5488.0000,5674.0000,5628.0000,2742.9968,1493.5488
2022-07-12,60,290.0000,341.2792,585.4501,323.9810,961.5357,4205.9265,5336.9492,5506.0000,5611.0000,2753.0000,1495.0000
2022-07-14,60,-9999.0000,-9999.0000,-9999.0000,-9999.0000,-9999.0000,-9999.0000,-9999.0000,-9999.0000,-9999.0000,-9999.0000,-9999.0000
2022-07-14,60,-9999.0000,-9999.0000,-9999.0000,-9999.0000,-9999.0000,-9999.0000,-9999.0000,-9999.0000,-9999.0000,-9999.0000,-9999.0000
2022-07-17,60,330.0000,285.2304,532.1655,288.5612,936.0000,4122.5504,5277.7338,5417.0000,5486.0000,2676.0239,1401.2971
2022-07-17,60,407.0000,389.3829,606.0000,370.4930,970.9622,4040.0000,5146.5707,5269.5162,5402.0000,2651.6939,1405.8506
2022-07-19,60,267.0000,237.9961,501.3148,211.4764,950.9775,4361.0000,5721.0000,6036.0000,5900.0000,2989.7445,1578.0000
2022-07-19,60,408.0000,436.2031,654.6204,394.4296,1041.3168,4196.1328,5417.4151,5640.0557,5566.0000,2948.4897,1580.9874
2022-07-22,60,479.0000,441.5453,610.9931,361.0078,929.1198,3816.2993,4997.0913,5200.0000,5282.1676,2613.1250,1405.0794
2022-07-22,60,429.0000,446.1272,612.8775,361.9922,928.2897,3894.0882,5011.1236,5208.0000,5219.0000,2621.0000,1408.0000
2022-07-24,60,-9999.0000,-9999.0000,-9999.0000,-9999.0000,-9999.0000,-9999.0000,-9999.0000,-9999.0000,-9999.0000,-9999.0000,-9999.0000
2022-07-24,60,-9999.0000,-9999.0000,-9999.0000,-9999.0000,-9999.0000,-9999.0000,-9999.0000,-9999.0000,-9999.0000,-9999.0000,-9999.0000
2022-07-27,60,-9999.0000,-9999.0000,-9999.0000,-9999.0000,-9999.0000,-9999.0000,-9999.0000,-9999.0000,-9999.0000,-9999.0000,-9999.0000
2022-07-29,60,202.0000,221.3445,496.0000,210.3811,937.6887,4334.0000,5472.0000,5688.0000,5766.8815,2836.8782,1496.4909
2022-07-29,60,306.0000,325.6412,577.5845,307.5607,996.0000,4144.1176,5396.0000,5506.9931,5552.9852,2814.0000,1497.4729
2022-08-01,60,219.0000,245.8818,498.5046,254.2289,888.5567,3711.0000,4790.0000,4984.0000,4937.1923,2414.2343,1303.0000
2022-08-01,60,264.0000,306.0286,536.9740,292.9392,906.4606,3727.0000,4745.0000,4947.9844,4984.1697,2412.0000,1304.6184
2022-08-03,60,280.0000,229.8096,550.0000,266.5000,1012.0000,4219.0000,5080.0000,5363.0729,5298.3711,2716.2922,1427.0000
2022-08-03,60,323.0000,281.4375,580.9980,307.6671,1022.0000,4203.9225,5089.1033,5348.0000,5312.9195,2702.0000,1455.0000
2022-08-06,60,969.0000,858.0000,957.0000,660.0000,1204.0000,3299.0000,4039.0000,4092.0000,4337.0000,2197.0000,1243.0000
2022-08-06,60,-9999.0000,-9999.0000,-9999.0000,-9999.0000,-9999.0000,-9999.0000,-9999.0000,-9999.0000,-9999.0000,-9999.0000,-9999.0000
2022-08-08,60,371.0000,360.8671,616.7500,332.2500,1054.3283,3894.9877,4911.0000,5136.0000,5180.6200,2666.8531,1465.9796
2022-08-08,60,364.0000,368.0000,628.2009,338.7220,1061.5886,3939.0000,4965.0896,5138.0000,5174.1610,2653.6551,1481.9902
2022-08-11,60,197.0000,232.9284,506.0000,292.0000,919.0000,3380.0000,4167.6872,4548.0000,4505.7977,2263.0000,1313.8128
2022-08-11,60,293.0000,322.2542,570.5255,352.0000,956.0000,3292.0000,4099.0000,4400.0000,4397.0000,2248.0000,1312.0000
2022-08-16,60,184.0000,180.0408,486.1067,250.6667,941.0000,3304.2947,3931.0000,4112.0000,4251.0210,2145.9178,1146.0000
2022-08-16,60,224.0000,230.7712,521.2162,273.8936,960.3081,3283.6588,3954.0000,4096.0000,4264.0000,2141.1646,1144.0000
2022-08-21,60,183.0000,266.5000,601.0273,305.5000,1062.5577,3234.6414,3845.9494,4048.0769,4131.0000,2073.4608,1231.0000
2022-08-21,60,215.0000,284.0000,601.3139,309.0000,1067.0000,3227.5086,3851.0417,4028.0000,4138.8390,2089.0000,1225.8536
2022-08-23,60,-9999.0000,-9999.0000,-9999.0000,-9999.0000,-9999.0000,-9999.0000,-9999.0000,-9999.0000,-9999.0000,-9999.0000,-9999.0000
2022-08-23,60,-9999.0000,-9999.0000,-9999.0000,-9999.0000,-9999.0000,-9999.0000,-9999.0000,-9999.0000,-9999.0000,-9999.0000,-9999.0000
2022-08-26,60,360.0000,361.8839,677.8993,440.0000,1183.0000,3042.7421,3569.0000,3650.2000,3872.1716,2223.0000,1295.0000
2022-08-26,60,387.0000,407.0000,700.4249,478.0000,1198.3602,3038.0000,3540.1500,3627.6444,3851.0000,2213.0000,1310.7333
2022-08-28,60,866.0000,530.6448,914.0929,650.8416,1610.0000,3761.4497,4488.0000,4593.9084,4786.0000,2768.0044,1739.4487
2022-08-28,60,829.0000,528.2833,922.8475,677.1441,1599.0000,3755.9698,4451.9752,4564.0000,4749.0867,2729.0000,1706.0000
2022-08-31,60,-9999.0000,-9999.0000,-9999.0000,-9999.0000,-9999.0000,-9999.0000,-9999.0000,-9999.0000,-9999.0000,-9999.0000,-9999.0000
2022-08-31,60,-9999.0000,-9999.0000,-9999.0000,-9999.0000,-9999.0000,-9999.0000,-9999.0000,-9999.0000,-9999.0000,-9999.0000,-9999.0000
2022-09-02,60,607.0000,1008.9799,1184.9375,811.4416,1553.0000,3266.4122,3674.3291,3804.0000,4028.5249,2422.0000,1518.0000
2022-09-02,60,605.0000,1052.7943,1193.4940,832.5152,1528.0000,3231.0000,3636.0000,3760.0000,3994.0000,2413.0000,1510.0000
2022-09-05,60,-9999.0000,-9999.0000,-9999.0000,-9999.0000,-9999.0000,-9999.0000,-9999.0000,-9999.0000,-9999.0000,-9999.0000,-9999.0000
2022-09-07,60,-9999.0000,-9999.0000,-9999.0000,-9999.0000,-9999.0000,-9999.0000,-9999.0000,-9999.0000,-9999.0000,-9999.0000,-9999.0000
2022-09-07,60,-9999.0000,-9999.0000,-9999.0000,-9999.0000,-9999.0000,-9999.0000,-9999.0000,-9999.0000,-9999.0000,-9999.0000,-9999.0000
2022-09-10,60,241.0000,334.2525,628.4550,412.8625,1109.7178,2301.0898,2668.0000,2755.1074,2892.0000,1801.0057,1146.0000
2022-09-10,60,254.0000,370.1913,654.0000,432.4134,1120.8160,2309.7006,2649.2154,2768.0000,2880.5833,1812.5262,1160.9338
2022-09-12,60,345.0000,345.3338,697.8763,457.2221,1251.0000,2577.2703,2849.0000,3002.4574,3138.0000,2046.3642,1274.5540
2022-09-12,60,363.0000,397.5847,728.5604,484.6581,1269.0000,2550.0000,2811.1722,2977.3456,3084.6599,2069.0000,1301.0000
2022-09-15,60,394.0000,445.3863,776.5290,584.4387,1323.0000,2386.0010,2695.0000,2731.6570,2992.0000,2088.2822,1370.5977
2022-09-15,60,363.0000,441.0613,777.1023,564.9733,1331.0000,2433.0000,2716.0000,2753.0000,3012.0000,2113.6208,1397.9324
2022-09-20,60,184.0000,317.9584,633.3151,442.0383,1153.9318,2216.8016,2484.3513,2771.0960,2765.0000,1764.0000,1153.0000
2022-09-20,60,227.0000,364.7598,664.7270,458.3143,1154.5066,2210.0000,2496.9508,2747.7848,2737.4660,1764.9262,1170.0000
2022-09-22,60,346.0000,373.0964,737.6942,529.5495,1337.5087,2472.0000,2714.0110,2940.0000,2994.5175,1957.6290,1269.0000
2022-09-22,60,394.0000,437.1404,772.6020,565.0618,1344.0000,2448.6441,2690.0669,2931.6943,2987.1785,1994.0000,1299.0000
2022-09-27,60,-9999.0000,-9999.0000,-9999.0000,-9999.0000,-9999.0000,-9999.0000,-9999.0000,-9999.0000,-9999.0000,-9999.0000,-9999.0000
2022-09-27,60,-9999.0000,-9999.0000,-9999.0000,-9999.0000,-9999.0000,-9999.0000,-9999.0000,-9999.0000,-9999.0000,-9999.0000,-9999.0000
2022-10-02,60,-9999.0000,-9999.0000,-9999.0000,-9999.0000,-9999.0000,-9999.0000,-9999.0000,-9999.0000,-9999.0000,-9999.0000,-9999.0000
2022-10-02,60,-9999.0000,-9999.0000,-9999.0000,-9999.0000,-9999.0000,-9999.0000,-9999.0000,-9999.0000,-9999.0000,-9999.0000,-9999.0000
2022-10-05,60,1789.0000,1234.0000,1594.0000,1434.0000,2251.0000,3365.0000,3777.0000,3516.0000,3990.0000,3079.0000,2208.0000
2022-10-05,60,1964.0000,1440.0000,1736.0000,1594.0000,2282.0000,3516.0000,3843.0000,4428.0000,4067.0000,3126.0000,2062.0000
2022-10-07,60,382.0000,634.0000,868.0000,648.0000,1406.3160,2177.1037,2417.7719,2622.0000,2584.0000,1770.0000,1128.9966
2022-10-07,60,412.0000,668.5025,886.0000,666.3993,1396.0000,2171.0000,2400.0000,2601.4726,2584.9096,1748.0000,1133.7105
2022-10-10,60,-9999.0000,-9999.0000,-9999.0000,-9999.0000,-9999.0000,-9999.0000,-9999.0000,-9999.0000,-9999.0000,-9999.0000,-9999.0000
2022-10-10,60,-9999.0000,-9999.0000,-9999.0000,-9999.0000,-9999.0000,-9999.0000,-9999.0000,-9999.0000,-9999.0000,-9999.0000,-9999.0000
2022-10-12,60,1594.0000,1474.0000,1608.0000,1438.0000,1975.0000,2446.0000,2544.9441,2674.0000,2660.0000,1808.0000,1444.0000
2022-10-15,60,61.0000,102.6486,456.7989,390.8070,1148.4285,1903.0000,2136.8643,2215.8874,2412.0000,1767.0000,1077.7301
2022-10-15,60,193.0000,282.1827,582.0148,469.7180,1164.0000,1897.7634,2128.0000,2197.6877,2386.7017,1771.0000,1070.0000
2022-10-17,60,594.0000,646.1926,828.0000,694.0000,1323.0000,1974.4756,2247.0000,2356.0111,2432.0000,1756.0000,1188.5000
2022-10-17,60,667.0000,746.6541,891.0000,746.1532,1351.0000,1997.8804,2250.2112,2339.1577,2434.5817,1794.0000,1182.0000
2022-10-20,60,103.0000,250.0000,517.7760,461.6817,1058.0000,1668.8448,1993.0000,2088.4772,2193.0000,1695.0000,1201.0000
2022-10-20,60,523.0000,620.0714,780.0000,666.1779,1173.0000,1771.0000,1964.4804,2042.9522,2188.0000,1666.9698,1171.6703
2022-10-25,60,-9999.0000,-9999.0000,-9999.0000,-9999.0000,-9999.0000,-9999.0000,-9999.0000,-9999.0000,-9999.0000,-9999.0000,-9999.0000
2022-10-25,60,-9999.0000,-9999.0000,-9999.0000,-9999.0000,-9999.0000,-9999.0000,-9999.0000,-9999.0000,-9999.0000,-9999.0000,-9999.0000
2022-10-27,60,287.0000,512.5081,708.7389,614.0000,1124.0000,1810.8190,2078.8380,2210.2624,2267.0000,1876.7132,1259.4927
2022-10-27,60,493.0000,660.9515,802.0000,709.3250,1210.0000,1828.0000,2078.0000,2264.0000,2304.9971,1853.0146,1292.0000
2022-10-30,60,396.0000,544.0000,741.0000,735.0000,1193.0000,1781.0000,2016.0000,2121.9676,2241.8980,1900.1405,1402.0000
2022-10-30,60,469.0000,608.0000,786.0000,740.4872,1188.9678,1742.0000,1989.9447,2118.0000,2187.0602,1899.9846,1426.0000
2022-11-04,60,0.0000,0.0000,148.0000,217.0749,500.0000,758.0000,857.9372,981.0270,976.0000,733.0000,413.0000
2022-11-04,60,0.0000,0.0000,154.0000,212.5234,477.0000,760.0000,843.0000,976.8157,974.8181,724.0000,406.0000
2022-11-06,60,323.0000,480.9507,701.0000,658.0526,1159.0000,1665.0000,1804.7793,2019.3886,2004.0000,1993.0000,1409.8852
2022-11-06,60,358.0000,493.5820,700.9654,657.0945,1156.1400,1654.0000,1841.0739,2011.5207,2010.2582,1964.0000,1423.0000
2022-11-21,60,527.0000,472.0000,648.0000,641.5526,983.0000,1386.0000,1496.0000,1682.4679,1690.0000,1881.7116,1442.0000
2022-11-21,60,591.0000,568.4539,718.6265,673.2438,1043.0000,1427.0000,1543.0000,1691.8126,1697.0000,1866.5680,1431.0000
2022-11-24,60,320.0000,389.9739,619.2264,666.1819,1086.0000,1584.0205,1737.0000,1899.4951,1980.0000,1947.0000,1316.9786
2022-11-24,60,407.0000,409.2069,630.0000,672.0000,1077.1258,1557.7083,1714.1964,1909.0387,1981.3792,1934.0000,1314.0000
2022-11-26,60,-9999.0000,-9999.0000,-9999.0000,-9999.0000,-9999.0000,-9999.0000,-9999.0000,-9999.0000,-9999.0000,-9999.0000,-9999.0000
2022-11-26,60,-9999.0000,-9999.0000,-9999.0000,-9999.0000,-9999.0000,-9999.0000,-9999.0000,-9999.0000,-9999.0000,-9999.0000,-9999.0000
2022-12-01,60,1352.0000,1437.1558,1493.3514,1414.0000,1731.0000,2005.0000,2057.8757,2345.7118,2183.0000,2020.0000,1601.5619
2022-12-06,60,-9999.0000,-9999.0000,-9999.0000,-9999.0000,-9999.0000,-9999.0000,-9999.0000,-9999.0000,-9999.0000,-9999.0000,-9999.0000
2023-01-10,60,393.0000,405.3641,548.7847,652.0000,895.0000,1235.0000,1458.9338,1562.4977,1612.0000,1912.0000,1396.0000
2023-01-10,60,425.0000,433.0000,553.3164,657.5593,930.1972,1247.0000,1451.0000,1595.2025,1658.5394,1916.0000,1396.0000
2023-01-20,60,-9999.0000,-9999.0000,-9999.0000,-9999.0000,-9999.0000,-9999.0000,-9999.0000,-9999.0000,-9999.0000,-9999.0000,-9999.0000
2023-01-20,60,-9999.0000,-9999.0000,-9999.0000,-9999.0000,-9999.0000,-9999.0000,-9999.0000,-9999.0000,-9999.0000,-9999.0000,-9999.0000
2023-01-25,60,463.0000,602.0000,694.0070,785.5673,1065.2769,1448.0000,1650.0000,1764.2871,1864.4960,2305.0107,1775.0000
2023-01-25,60,484.0000,614.0000,701.6345,782.0000,1031.0000,1417.3517,1573.0000,1760.0000,1824.0000,2298.1031,1778.5416
2023-01-28,60,-9999.0000,-9999.0000,-9999.0000,-9999.0000,-9999.0000,-9999.0000,-9999.0000,-9999.0000,-9999.0000,-9999.0000,-9999.0000
2023-01-28,60,-9999.0000,-9999.0000,-9999.0000,-9999.0000,-9999.0000,-9999.0000,-9999.0000,-9999.0000,-9999.0000,-9999.0000,-9999.0000
2023-01-30,60,-9999.0000,-9999.0000,-9999.0000,-9999.0000,-9999.0000,-9999.0000,-9999.0000,-9999.0000,-9999.0000,-9999.0000,-9999.0000
2023-01-30,60,1642.0000,1542.0000,1702.0000,1704.0000,2087.0000,2627.0000,2877.8109,2994.2621,3068.0000,2836.8265,2134.0000
2023-02-02,60,967.0000,924.1019,1062.0000,1122.0000,1425.6264,1796.0000,1918.0000,2002.5119,2099.0000,2193.8274,1533.0000
2023-02-02,60,651.0000,724.0000,898.3342,1006.9549,1349.4765,1707.4437,1808.0000,1953.2186,2046.0000,2222.0000,1547.0000
2023-02-04,60,-9999.0000,-9999.0000,-9999.0000,-9999.0000,-9999.0000,-9999.0000,-9999.0000,-9999.0000,-9999.0000,-9999.0000,-9999.0000
2023-02-04,60,-9999.0000,-9999.0000,-9999.0000,-9999.0000,-9999.0000,-9999.0000,-9999.0000,-9999.0000,-9999.0000,-9999.0000,-9999.0000
2023-02-07,60,530.0000,746.0000,904.1676,1086.0000,1269.3393,1482.3074,1609.3019,1794.1679,1739.3299,2262.0000,1912.0000
2023-02-07,60,523.0000,746.0000,898.0000,1078.0000,1273.3385,1478.4904,1630.0000,1796.5681,1781.0000,2258.0000,1918.4371
2023-02-09,60,786.0000,936.4990,1132.0000,1354.0000,1552.4943,1789.0000,1875.3686,2099.7123,2068.0000,2627.0000,2171.0000
2023-02-09,60,772.0000,948.3547,1132.0000,1350.0000,1554.0000,1780.8381,1901.0000,2091.7165,2028.7571,2635.0000,2166.0148
2023-02-12,60,441.0000,606.0000,738.0010,885.0000,1028.0000,1115.5585,1163.4253,1291.5313,1250.3275,1601.0000,1215.0000
2023-02-12,60,384.0000,590.0000,717.0814,868.4985,1013.0000,1110.0000,1156.2981,1282.0000,1243.2905,1618.0000,1196.9512
2023-02-14,60,587.0000,906.7744,1105.0834,1404.2857,1616.9188,1733.7888,1877.0000,2082.1920,2042.0000,2706.1627,2261.0000
2023-02-14,60,698.0000,1010.1355,1158.0000,1405.0732,1606.0033,1771.7404,1890.0335,2083.4692,2042.6791,2674.0000,2261.0000
2023-02-17,60,-9999.0000,-9999.0000,-9999.0000,-9999.0000,-9999.0000,-9999.0000,-9999.0000,-9999.0000,-9999.0000,-9999.0000,-9999.0000
2023-02-27,60,-9999.0000,-9999.0000,-9999.0000,-9999.0000,-9999.0000,-9999.0000,-9999.0000,-9999.0000,-9999.0000,-9999.0000,-9999.0000
2023-02-27,60,-9999.0000,-9999.0000,-9999.0000,-9999.0000,-9999.0000,-9999.0000,-9999.0000,-9999.0000,-9999.0000,-9999.0000,-9999.0000
2023-03-09,60,971.0000,1200.6483,1421.7526,1636.2430,1821.0000,2075.6586,2227.6584,2299.2416,2349.0000,2764.0000,2539.0000
2023-03-09,60,584.0000,993.6756,1276.6554,1528.0000,1748.0000,2083.8495,2242.2913,2345.4024,2385.4675,2796.2965,2538.9578
2023-03-11,60,990.0000,1260.0000,1570.0000,1861.4050,2004.0000,2331.9295,2419.3201,2546.0000,2565.1000,3009.0000,2644.0000
2023-03-11,60,937.0000,1284.8121,1584.0000,1868.0000,2011.0503,2347.9751,2446.4902,2555.6253,2575.0000,3007.0000,2731.0000
2023-03-16,60,647.0000,1077.6478,1382.0000,1712.0000,1828.1004,2125.0000,2295.0264,2504.5979,2395.0933,2573.6474,2004.9169
2023-03-16,60,648.0000,1096.0000,1378.1980,1704.0052,1848.0000,2115.8362,2269.0000,2484.0284,2387.7320,2573.0000,1962.5228
2023-03-21,60,832.0000,1170.6230,1521.0625,1899.2655,2005.0000,2344.0000,2490.7642,2583.0156,2583.9306,2684.0162,2166.0000
2023-03-21,60,803.0000,1177.6868,1524.1294,1816.0000,1987.0000,2324.5163,2470.5185,2602.5171,2577.9661,2673.1897,2220.3774
2023-03-29,60,760.0000,1241.7507,1594.7500,1882.0000,1974.0000,2397.0000,2553.5738,2721.0000,2674.8577,2674.0000,2179.2007
2023-03-29,60,733.0000,1258.0000,1596.3247,1866.6077,2012.0000,2408.0000,2576.0000,2722.9488,2711.0000,2670.0000,2189.0000
2023-04-03,60,951.0000,1618.8498,2134.9141,2407.0000,2557.0000,3018.0000,3243.0000,3507.6523,3426.4491,3323.1486,2816.0000
2023-04-03,60,901.0000,1627.0000,2103.9857,2379.0000,2567.0000,2984.0000,3225.4252,3506.4211,3393.0000,3303.4831,2850.0000
2023-04-05,60,1197.0000,2100.9730,2563.2576,2833.9666,2845.6839,3283.3729,3589.5599,3945.4827,3701.7627,3752.0000,3392.0000
2023-04-05,60,1200.0000,2042.5248,2520.4665,2808.9474,2892.0000,3260.0000,3562.0000,3930.3428,3698.0000,3685.2667,3414.0737
2023-04-05,60,1274.0000,2150.8091,2682.7188,2971.0270,3041.0000,3442.0000,3746.9398,4098.9563,3848.0000,3798.8341,3429.1604
2023-04-05,60,1215.0000,2102.8964,2587.9627,2855.2922,2965.0000,3337.3895,3690.0000,4026.0238,3836.5647,3770.4923,3432.4905
2023-04-08,60,3236.0000,3420.0000,3516.0000,3418.0000,3694.0000,4091.0637,4351.0000,4468.0000,4337.0000,2922.2394,2627.6426
2023-04-08,60,2167.0000,2584.0000,2872.7747,2909.3333,3211.0000,3682.0000,3981.0128,4184.0000,4042.0000,2901.9874,2586.4597
2023-04-10,60,1515.0000,2330.3553,2907.0139,3253.4947,3255.0000,3737.0000,4006.5958,4352.8710,4114.0000,4132.0965,3767.1856
2023-04-10,60,1403.0000,2277.3333,2826.1339,3164.0000,3324.0000,3692.1464,3955.4580,4296.5535,4097.0000,4182.5065,3796.0000
2023-04-15,60,1648.0000,1802.0000,1880.0000,1888.0000,2121.0000,2446.0000,2624.0177,2750.0000,2665.6652,1721.0000,1386.0000
2023-04-18,60,727.0000,1077.0000,1370.9942,1605.8280,1805.8459,2156.0000,2323.6775,2411.7603,2467.9557,2458.5981,1999.0000
2023-04-18,60,686.0000,1077.4094,1355.1273,1562.6667,1779.0000,2186.0052,2329.0000,2404.0000,2466.3564,2472.0000,1990.6904
2023-04-23,60,1446.0000,1714.8636,2084.0000,2148.6875,2487.9842,3057.0000,3302.1634,3416.0000,3465.0000,3116.0000,2644.3563
2023-04-23,60,1480.0000,2056.7304,2647.2730,2711.6044,3174.0668,3870.7317,4202.0000,4320.0000,4276.0000,3319.0000,2697.9113
2023-04-30,60,-9999.0000,-9999.0000,-9999.0000,-9999.0000,-9999.0000,-9999.0000,-9999.0000,-9999.0000,-9999.0000,-9999.0000,-9999.0000
2023-04-30,60,-9999.0000,-9999.0000,-9999.0000,-9999.0000,-9999.0000,-9999.0000,-9999.0000,-9999.0000,-9999.0000,-9999.0000,-9999.0000
2023-05-05,60,761.0000,1216.0000,1628.0000,1837.3089,1983.0000,2573.0000,2841.9808,2921.0278,2952.9679,2711.9778,2200.2249
2023-05-05,60,715.0000,1197.3841,1578.4161,1724.9871,1930.1045,2540.0000,2860.0000,2901.9861,2928.2600,2698.1721,2151.0000
2023-05-13,60,-9999.0000,-9999.0000,-9999.0000,-9999.0000,-9999.0000,-9999.0000,-9999.0000,-9999.0000,-9999.0000,-9999.0000,-9999.0000
2023-05-13,60,-9999.0000,-9999.0000,-9999.0000,-9999.0000,-9999.0000,-9999.0000,-9999.0000,-9999.0000,-9999.0000,-9999.0000,-9999.0000
2023-05-15,60,843.0000,1202.0078,1523.6861,1777.5914,1945.0000,2431.0000,2725.1109,2754.0000,2840.3333,2537.0000,1922.3603
2023-05-15,60,789.0000,1212.0777,1512.0000,1779.5257,1948.0000,2448.5631,2714.1827,2770.3288,2830.9769,2666.0000,1956.0000
2023-05-18,60,886.0000,1266.7988,1632.0000,1875.3333,2070.0000,2651.0000,2894.0118,2964.5033,3029.0000,2756.9744,2130.4498
2023-05-18,60,805.0000,1306.0673,1684.0000,1958.0000,2118.0000,2710.0000,2949.2625,2995.4246,3076.0000,2782.7323,2165.7006
2023-05-23,60,1098.0000,1859.1667,2360.5281,2661.8263,2882.0000,3347.5977,3604.0000,3672.3184,3796.4737,3532.0000,2913.1779
2023-05-23,60,1066.0000,1794.0000,2296.9642,2584.0000,2860.6408,3305.0000,3545.0000,3617.9901,3731.0000,3524.0363,2950.3571
2023-05-25,60,1294.0000,2099.7901,2564.0000,2901.2565,3028.6540,3477.0000,3834.0000,3884.0000,3961.0000,3897.5969,3598.0000
2023-05-25,60,1145.0000,1952.0000,2409.4504,2745.0512,2845.4660,3324.3161,3723.4705,3784.0000,3864.0000,3796.0000,3540.9692
2023-05-28,60,-9999.0000,-9999.0000,-9999.0000,-9999.0000,-9999.0000,-9999.0000,-9999.0000,-9999.0000,-9999.0000,-9999.0000,-9999.0000
2023-05-28,60,-9999.0000,-9999.0000,-9999.0000,-9999.0000,-9999.0000,-9999.0000,-9999.0000,-9999.0000,-9999.0000,-9999.0000,-9999.0000
2023-05-30,60,-9999.0000,-9999.0000,-9999.0000,-9999.0000,-9999.0000,-9999.0000,-9999.0000,-9999.0000,-9999.0000,-9999.0000,-9999.0000
2023-05-30,60,-9999.0000,-9999.0000,-9999.0000,-9999.0000,-9999.0000,-9999.0000,-9999.0000,-9999.0000,-9999.0000,-9999.0000,-9999.0000
2023-06-02,60,1556.0000,2376.4606,3032.4295,3429.7143,3639.0000,4012.5119,4312.6607,4387.5000,4498.3117,4694.2106,4138.0000
2023-06-02,60,1446.0000,2302.0000,2936.5026,3318.6667,3582.0000,3970.0590,4280.0000,4368.0000,4427.4974,4680.0309,4119.0000
2023-06-04,60,1822.0000,2549.1154,3082.3010,3350.2183,3540.9216,4208.0000,4639.0000,4696.1149,4762.1482,4859.0000,4198.8219
2023-06-04,60,1684.0000,2514.7164,3062.2958,3316.0000,3569.0000,4299.0000,4725.4150,4806.2238,4890.0000,4841.0000,4230.0000
2023-06-07,60,761.0000,1130.4148,1600.9689,1675.5725,2082.0000,2742.0000,2988.5523,2998.2971,3116.0000,3002.0156,2339.1097
2023-06-07,60,729.0000,1129.1400,1532.0000,1604.2581,2042.4336,2670.0000,2913.0000,2923.6032,3043.0000,2985.8209,2327.0000
2023-06-09,60,1514.0000,1884.2183,2514.0000,2617.7783,3060.0000,3926.0000,4172.0000,4306.0000,4352.0000,4548.4809,3840.2187
2023-06-09,60,1369.0000,1816.0000,2394.0347,2500.3993,2981.0000,3852.4691,4125.0000,4195.9006,4356.0000,4524.0000,3832.1534
2023-06-12,60,1328.0000,1960.4989,2616.4659,2628.9304,3315.0000,4261.0000,4603.2869,4792.5750,4779.5000,4412.0000,3750.3736
2023-06-12,60,1305.0000,1859.0139,2507.1657,2522.2697,3197.7857,4116.3786,4485.6161,4664.0000,4622.4666,4326.6258,3699.0349
2023-06-14,60,1633.0000,1678.0000,2128.0000,2034.0000,2649.0000,3673.0000,4042.0000,4032.0000,4101.0000,3289.0000,2371.0000
2023-06-14,60,1822.0000,1688.0000,2154.0000,2036.0000,2604.0000,3713.0000,3962.0000,4048.0000,4075.0000,3252.0000,2373.0000
2023-06-17,60,1003.0000,1403.4528,2002.8667,1908.0000,2623.0000,3842.0000,4294.0000,4562.6008,4487.0000,3931.5901,3268.0000
2023-06-17,60,1016.0000,1379.7592,1922.3247,1842.0000,2569.0000,3739.0000,4196.0000,4473.2029,4387.2627,3878.9954,3301.2000
2023-06-19,60,1180.0000,1442.0000,2109.0000,1968.0000,2802.5385,4210.0000,4707.3231,4739.7659,4898.0000,4108.0000,3212.0000
2023-06-19,60,1171.0000,1428.0000,1979.0539,1899.5466,2634.4043,3984.0349,4424.0000,4457.3388,4573.0000,4002.4456,3193.0000
2023-06-22,60,-9999.0000,-9999.0000,-9999.0000,-9999.0000,-9999.0000,-9999.0000,-9999.0000,-9999.0000,-9999.0000,-9999.0000,-9999.0000
2023-06-24,60,1020.0000,1388.0000,1826.0116,1987.0000,2454.0000,3278.0000,3626.9379,3672.0000,3827.0222,3815.0675,3236.9297
2023-06-24,60,1017.0000,1394.0000,1819.0972,1988.0000,2468.4519,3278.5032,3664.5546,3690.2319,3821.0000,3806.2911,3194.2432
2023-06-27,60,1070.0000,1347.6361,1777.9961,1986.0000,2315.5017,3253.4042,3666.1709,3749.2500,3940.0000,3765.8936,3098.8734
2023-06-27,60,953.0000,1342.0000,1770.5373,1963.3289,2348.0000,3248.0000,3694.0000,3760.0000,3949.8587,3744.0059,3081.1680
2023-06-29,60,690.0000,843.0000,1257.9766,1419.5089,1827.4057,2814.3366,3173.6371,3284.0000,3369.0000,3085.0000,2210.3062
2023-06-29,60,725.0000,896.0000,1262.0000,1376.0000,1797.2091,2766.0000,3112.0000,3193.5182,3268.0000,3038.2216,2210.9592
2023-07-02,60,476.0000,646.0000,1044.6444,1146.0000,1581.9761,2652.8824,3037.0000,2945.4107,3234.0000,2668.5471,1836.1660
2023-07-02,60,627.0000,774.0000,1082.0000,1124.0000,1532.0000,2502.0000,2867.0000,2832.3243,3058.2154,2589.6560,1801.3598
2023-07-04,60,553.0000,808.0000,1188.0000,1238.0000,1731.8265,2902.5583,3438.5876,3417.0500,3597.4463,3050.0949,2265.8954
2023-07-04,60,640.0000,852.9088,1209.7138,1225.0833,1707.0000,2821.2300,3323.0000,3344.0000,3516.0000,2992.6532,2240.6669
2023-07-07,60,671.0000,917.9389,1284.0000,1323.9800,1747.0000,2977.0000,3564.0000,3666.0000,3770.6216,3190.0000,2532.0000
2023-07-07,60,680.0000,937.8593,1296.3948,1323.9889,1753.0000,2964.0000,3545.0681,3644.0000,3747.0461,3169.3033,2533.5388
2023-07-09,60,835.0000,1003.0040,1434.0381,1488.9770,1939.9944,3562.9209,4156.4685,4156.0000,4331.0000,3493.5410,2628.1472
2023-07-09,60,829.0000,1034.5998,1430.0000,1446.0000,1913.0000,3460.0182,4017.1765,4034.0578,4232.2973,3439.0000,2598.0000
2023-07-12,60,-9999.0000,-9999.0000,-9999.0000,-9999.0000,-9999.0000,-9999.0000,-9999.0000,-9999.0000,-9999.0000,-9999.0000,-9999.0000
2023-07-14,60,723.0000,953.4206,1323.6274,1316.8162,1772.9248,3365.1472,4205.0000,4265.9200,4343.8955,3271.8883,2465.0000
2023-07-14,60,726.0000,988.3740,1340.4013,1298.4013,1746.4503,3281.4029,4081.1240,4163.0058,4262.2979,3226.3899,2426.3647
2023-07-17,60,590.0000,813.4995,1170.5801,1153.5362,1580.0000,3147.1150,3960.1514,3995.5952,4200.0619,2952.0000,2180.6166
2023-07-17,60,640.0000,861.2478,1186.0000,1168.5705,1576.0000,3070.0000,3824.0000,3859.3665,4032.0000,2900.7295,2169.5103
2023-07-19,60,-9999.0000,-9999.0000,-9999.0000,-9999.0000,-9999.0000,-9999.0000,-9999.0000,-9999.0000,-9999.0000,-9999.0000,-9999.0000
2023-07-22,60,-9999.0000,-9999.0000,-9999.0000,-9999.0000,-9999.0000,-9999.0000,-9999.0000,-9999.0000,-9999.0000,-9999.0000,-9999.0000
2023-07-22,60,-9999.0000,-9999.0000,-9999.0000,-9999.0000,-9999.0000,-9999.0000,-9999.0000,-9999.0000,-9999.0000,-9999.0000,-9999.0000
2023-07-27,60,310.0000,410.1678,677.4178,564.8379,996.0000,2652.0000,3427.8716,3499.3071,3600.4109,2042.0000,1217.3513
2023-07-27,60,320.0000,440.4920,697.7261,565.2444,992.0000,2616.0000,3430.0000,3496.6857,3619.0000,2037.2864,1209.9211
2023-07-29,60,527.0000,586.0000,977.1916,835.0772,1434.0000,3568.2117,4393.1240,4400.9798,4541.8849,2730.6877,1680.0000
2023-07-29,60,538.0000,625.3528,1009.5410,827.9332,1441.7949,3500.0000,4299.0000,4322.0000,4493.4130,2701.0000,1664.0000
2023-08-03,60,-9999.0000,-9999.0000,-9999.0000,-9999.0000,-9999.0000,-9999.0000,-9999.0000,-9999.0000,-9999.0000,-9999.0000,-9999.0000
2023-08-06,60,336.0000,432.0000,666.5020,520.1237,988.0000,2693.0000,3533.3704,3572.1725,3740.0000,2024.9609,1145.0000
2023-08-06,60,328.0000,454.5000,680.4122,513.5000,987.0000,2705.0000,3556.0000,3577.7436,3751.0000,2017.3748,1133.0000
2023-08-08,60,489.0000,472.4554,761.7872,585.2813,1126.4084,3166.0000,3975.3996,4057.7970,4178.0000,2339.8792,1330.5927
2023-08-08,60,454.0000,490.3552,792.9500,598.0000,1134.9026,3162.4106,4002.0000,4058.9032,4204.0000,2351.0000,1341.9812
2023-08-11,60,-9999.0000,-9999.0000,-9999.0000,-9999.0000,-9999.0000,-9999.0000,-9999.0000,-9999.0000,-9999.0000,-9999.0000,-9999.0000
2023-08-11,60,-9999.0000,-9999.0000,-9999.0000,-9999.0000,-9999.0000,-9999.0000,-9999.0000,-9999.0000,-9999.0000,-9999.0000,-9999.0000
2023-08-13,60,454.0000,578.0000,876.1111,695.0000,1301.0831,3182.0000,4218.6066,4241.3333,4418.4283,2643.0000,1634.8838
2023-08-13,60,516.0000,664.4150,918.5080,741.2645,1302.3054,3126.5996,4094.0000,4112.0000,4298.8470,2619.2867,1635.0000
2023-08-16,60,538.0000,681.6472,952.0000,809.6021,1314.0000,3041.4081,3926.4597,3987.4481,4181.0000,2588.9123,1706.8411
2023-08-16,60,549.0000,701.1964,965.6183,796.6728,1317.8527,3050.6682,3947.5446,3988.0000,4161.2603,2571.7113,1705.9240
2023-08-18,60,809.0000,888.5448,1188.0000,1034.0000,1558.3635,3414.8049,4158.9373,4124.0000,4443.3150,2833.4955,1748.4722
2023-08-18,60,825.0000,929.2624,1213.2555,1045.3333,1567.0000,3362.5935,4081.4437,4080.0000,4362.8083,2802.9723,1740.4615
2023-08-21,60,484.0000,629.0000,977.5000,858.6027,1418.0142,3153.0000,3868.0694,3993.0303,4164.2996,2720.0000,1728.0467
2023-08-21,60,533.0000,656.3333,989.5840,873.5000,1423.0000,3123.0000,3821.4646,3962.0472,4122.6125,2699.2303,1723.5541
2023-08-23,60,536.0000,721.3139,1060.0000,907.2562,1477.0000,3157.0000,3961.2461,4056.9751,4249.7287,2811.2678,1829.0000
2023-08-23,60,608.0000,787.0000,1085.0000,924.3533,1482.5385,3036.7102,3842.0000,3928.0000,4099.6445,2774.2115,1825.0000
2023-08-26,60,501.0000,725.0000,1072.5520,973.1015,1495.0000,2963.3508,3706.0000,3810.6667,3954.3628,2769.1597,1918.0000
2023-08-26,60,566.0000,772.9331,1081.0000,986.0000,1485.3117,2965.6883,3673.7559,3772.0000,3946.0000,2763.3396,1898.5088
2023-08-31,60,387.0000,382.4187,540.1503,413.6171,757.5533,1510.0000,1756.0000,1748.2421,1803.0685,973.0000,462.0040
2023-08-31,60,523.0000,532.0000,654.3238,500.4503,788.0000,1644.2851,1862.0000,1818.0000,1937.5464,979.0000,511.0000
2023-09-02,60,430.0000,528.0000,794.2734,664.9627,1192.1868,2584.3135,3132.6152,3177.1429,3358.0000,2144.2804,1233.0000
2023-09-02,60,455.0000,584.0000,830.5055,686.0000,1196.0000,2559.0000,3128.1749,3146.0774,3312.7385,2140.2877,1218.0000
2023-09-05,60,374.0000,545.2718,849.0039,741.5902,1233.2318,2611.0000,3101.9989,3320.0000,3354.8324,2273.2349,1460.2358
2023-09-05,60,400.0000,589.3316,877.9931,761.0478,1235.0000,2591.0000,3110.0000,3308.0000,3332.0000,2291.5837,1499.8295
2023-09-07,60,441.0000,533.1240,880.8121,761.8290,1282.0000,2753.0000,3164.8334,3363.8598,3433.0000,2397.0000,1522.0000
2023-09-07,60,469.0000,581.0814,912.5070,777.0406,1293.0000,2729.8961,3153.1525,3344.0000,3430.0000,2385.0000,1507.0000
2023-09-10,60,420.0000,598.0000,980.0000,908.0000,1465.4124,2781.3835,3237.8379,3388.3708,3507.5702,2553.5678,1669.0000
2023-09-10,60,461.0000,641.5973,993.9426,923.7504,1456.0000,2768.0000,3205.5452,3376.5656,3475.1272,2545.8315,1688.9049
2023-09-12,60,804.0000,1116.0000,1464.0000,1330.0000,1949.0000,3165.0000,3705.0000,3784.0000,3932.0000,2650.0000,1877.0000
2023-09-17,60,790.0000,844.6155,1096.0000,1044.1908,1574.9586,2679.0000,2964.0000,3029.4516,3296.0000,2672.0000,1770.0000
2023-09-25,60,309.0000,496.3994,717.2049,785.0390,1170.0000,1954.7024,2330.0000,2347.3333,2601.0000,2243.0000,1585.1896
2023-09-25,60,321.0000,528.0000,734.0707,797.0000,1176.0847,1987.0000,2309.0000,2382.0000,2590.0000,2244.6893,1598.0000
2023-09-27,60,522.0000,646.9702,890.4604,946.0000,1334.0000,2166.0000,2483.2688,2564.0000,2737.0358,2440.0000,1729.0000
2023-09-27,60,555.0000,696.4300,916.0000,957.9958,1338.9298,2164.0000,2472.0000,2554.0000,2733.0000,2458.0000,1702.0295
2023-09-30,60,-9999.0000,-9999.0000,-9999.0000,-9999.0000,-9999.0000,-9999.0000,-9999.0000,-9999.0000,-9999.0000,-9999.0000,-9999.0000
2023-09-30,60,-9999.0000,-9999.0000,-9999.0000,-9999.0000,-9999.0000,-9999.0000,-9999.0000,-9999.0000,-9999.0000,-9999.0000,-9999.0000
2023-10-02,60,449.0000,601.5326,818.1053,890.0505,1298.4662,2040.0000,2363.0000,2435.2125,2646.0000,2522.0000,1863.0000
2023-10-02,60,537.0000,734.0000,908.0000,957.5000,1342.0000,2030.0000,2390.0000,2406.0000,2644.6093,2500.0000,1836.0000
2023-10-07,60,537.0000,796.6667,1144.0000,1516.0000,1831.0000,2509.7124,2810.2223,3066.2278,3226.7378,3277.7571,2381.0000
2023-10-07,60,540.0000,834.9960,1152.0000,1500.0000,1824.0000,2501.5191,2789.0000,3052.0000,3190.0697,3304.0000,2403.6492
2023-10-12,60,-9999.0000,-9999.0000,-9999.0000,-9999.0000,-9999.0000,-9999.0000,-9999.0000,-9999.0000,-9999.0000,-9999.0000,-9999.0000
2023-10-17,60,528.0000,754.0000,1052.0000,1385.5089,1656.0000,2237.0000,2500.0000,2827.7790,2886.2863,3133.0000,2327.0000
2023-10-17,60,500.0000,757.6798,1060.6497,1377.7895,1684.0000,2248.0000,2488.0000,2827.7259,2882.5377,3169.0000,2367.0000
2023-10-22,60,484.0000,817.0000,1041.2783,1313.5814,1604.0000,2054.0291,2308.0000,2499.0959,2566.0528,2797.0000,2053.0237
2023-10-22,60,455.0000,821.0000,1040.9331,1296.2021,1618.0000,2061.0775,2304.0000,2506.9441,2579.0000,2797.0000,2085.0137
2023-10-27,60,446.0000,626.0000,880.0972,1092.0000,1453.0108,1908.0000,2096.9162,2226.0000,2397.0000,2333.3162,1557.0000
2023-10-27,60,411.0000,632.9722,893.6147,1090.0000,1454.0000,1932.0000,2101.0000,2219.1907,2419.0000,2356.2780,1552.0000
2023-11-04,60,296.0000,645.6788,866.0000,1109.2555,1420.0000,1832.8976,2036.0000,2290.7019,2362.8165,2448.0000,1796.0000
2023-11-04,60,301.0000,674.2249,901.9020,1120.2828,1425.5142,1832.3062,2052.0000,2290.5794,2338.5229,2429.0000,1802.9480
2023-11-11,60,449.0000,748.6667,969.7396,1197.4011,1545.0765,1900.4960,2117.0340,2385.6697,2397.4866,2665.0000,1876.0000
2023-11-11,60,410.0000,762.0000,958.0000,1201.1400,1532.9410,1908.1404,2116.4355,2378.4505,2394.9971,2665.0000,1865.0000
2023-11-19,60,768.0000,980.0000,1273.0039,1494.0000,1940.0000,2326.5100,2540.0000,2740.5351,2898.0000,3092.2776,2158.7370
2023-11-19,60,658.0000,912.4751,1241.0000,1498.0755,1954.0000,2360.5962,2574.0034,2778.5815,2970.0569,3092.0000,2160.0000
2023-11-24,60,-9999.0000,-9999.0000,-9999.0000,-9999.0000,-9999.0000,-9999.0000,-9999.0000,-9999.0000,-9999.0000,-9999.0000,-9999.0000
2023-11-26,60,490.0000,713.3789,984.4087,1241.0000,1571.0000,1890.0000,2087.0000,2401.3782,2399.0000,2829.0000,2000.4357
2023-11-26,60,468.0000,737.1172,993.8639,1237.9961,1585.6322,1893.5037,2103.0000,2414.0000,2410.0000,2816.0000,1994.0000
2023-11-29,60,402.0000,636.9187,896.0000,1166.0000,1484.0000,1782.2941,1989.8955,2289.9981,2298.9766,2629.0000,1833.0000
2023-11-29,60,396.0000,669.2472,932.6305,1164.8089,1480.0000,1788.0000,1988.0000,2300.5193,2286.0000,2650.6882,1838.0000
2023-12-09,60,687.0000,777.0395,1028.6549,1229.5664,1605.0000,1853.0032,2024.0604,2252.6301,2356.0000,2608.0000,1869.0000
2023-12-09,60,692.0000,804.0497,1042.0000,1241.3061,1610.0000,1850.4259,2048.0000,2244.0000,2371.0000,2608.5049,1857.0000
2023-12-14,60,1215.0000,1370.0000,1372.0000,1494.0000,1923.0000,2126.0000,2297.0000,2468.0000,2599.0000,1979.0000,1528.0000
2023-12-14,60,1470.0000,1598.0000,1685.7674,1822.0000,2150.0000,2324.5012,2477.0000,2690.0000,2686.0000,2243.0000,1737.4812
2023-12-16,60,488.0000,648.0000,885.5673,1156.9375,1449.0000,1690.3846,1817.0000,2125.5271,2136.0000,2590.0556,1819.0000
2023-12-16,60,472.0000,674.0000,900.2656,1168.0000,1444.0000,1708.0000,1837.1316,2137.3052,2181.0000,2585.0000,1821.5597
2023-12-19,60,380.0000,585.2714,841.6040,1094.0000,1389.5845,1597.0000,1793.0000,2059.4579,2089.1200,2498.1359,1768.0000
2023-12-19,60,381.0000,610.0000,844.1087,1096.0000,1396.0000,1611.0000,1756.0000,2043.2168,2067.0000,2494.9964,1753.2378
2023-12-24,60,-9999.0000,-9999.0000,-9999.0000,-9999.0000,-9999.0000,-9999.0000,-9999.0000,-9999.0000,-9999.0000,-9999.0000,-9999.0000
2023-12-24,60,1587.0000,1724.0000,1816.0000,1946.0000,2284.0000,2468.8902,2592.0000,2732.0000,2777.0000,2800.3902,2145.9073
2024-01-05,60,-9999.0000,-9999.0000,-9999.0000,-9999.0000,-9999.0000,-9999.0000,-9999.0000,-9999.0000,-9999.0000,-9999.0000,-9999.0000
2024-01-08,60,-9999.0000,-9999.0000,-9999.0000,-9999.0000,-9999.0000,-9999.0000,-9999.0000,-9999.0000,-9999.0000,-9999.0000,-9999.0000
2024-01-08,60,-9999.0000,-9999.0000,-9999.0000,-9999.0000,-9999.0000,-9999.0000,-9999.0000,-9999.0000,-9999.0000,-9999.0000,-9999.0000
2024-01-13,60,428.0000,686.2000,848.1722,1121.2971,1383.0000,1552.3383,1701.8910,1972.2846,1960.0000,2308.9793,1728.0000
2024-01-13,60,476.0000,750.4365,892.2500,1132.9495,1395.0000,1556.0000,1706.1709,1969.0000,1947.0000,2293.3110,1737.0252
2024-01-15,60,-9999.0000,-9999.0000,-9999.0000,-9999.0000,-9999.0000,-9999.0000,-9999.0000,-9999.0000,-9999.0000,-9999.0000,-9999.0000
2024-01-20,60,416.0000,678.6751,850.0000,1196.8692,1410.2475,1593.6741,1772.9883,2133.0264,2058.0000,2021.2841,1358.0000
2024-01-20,60,404.0000,716.1691,886.0000,1217.4135,1420.0000,1610.0000,1789.7300,2123.3583,2058.0000,2031.0000,1350.5108
2024-01-23,60,468.0000,726.0000,913.0000,1218.0000,1457.3354,1602.0000,1738.6593,2018.0324,2015.0000,2003.0000,1448.8238
2024-01-23,60,479.0000,766.6980,930.0000,1212.7475,1450.0000,1597.0000,1742.4033,2018.0633,2012.0000,2004.0000,1440.3599
2024-01-25,60,687.0000,898.0000,1162.0000,1461.5940,1750.2368,1944.0000,2073.0000,2237.0251,2319.0000,2391.0000,1577.0000
2024-01-25,60,840.0000,1015.0000,1224.0000,1466.0000,1734.0000,1913.7378,2026.0000,2197.4603,2296.0000,2369.5007,1561.0000
2024-01-28,60,549.0000,752.2240,994.0000,1308.0000,1560.3232,1721.0000,1877.0029,2114.5376,2130.3958,2602.9760,1908.0000
2024-01-28,60,560.0000,790.8576,1000.9878,1313.2296,1565.0000,1717.0000,1872.0000,2120.0000,2128.9762,2588.2068,1906.0000
2024-01-30,60,514.0000,818.0000,1010.0046,1357.3055,1614.4198,1762.3741,1930.0000,2226.6939,2210.0506,2675.7583,2010.0000
2024-01-30,60,557.0000,866.0000,1036.7296,1365.2003,1608.0000,1761.8778,1919.0000,2212.9554,2185.0476,2652.6947,2002.1687
2024-02-02,60,204.0000,360.0000,410.0000,516.5000,598.0000,646.3544,699.0000,762.9140,773.0000,888.0000,719.0000
2024-02-02,60,237.0000,405.0000,435.0000,526.0000,603.0000,652.0000,702.7001,770.0154,784.0000,864.0000,712.5863
2024-02-04,60,569.0000,705.1302,1004.6829,1432.5005,1701.0000,1836.0000,1985.0000,2161.6046,2265.0000,2842.6379,2152.8574
2024-02-04,60,565.0000,726.0000,1017.6629,1433.5303,1717.4330,1838.0000,1990.4660,2172.7123,2268.0000,2829.6899,2153.0000
2024-02-14,60,668.0000,810.6636,1062.0000,1328.0000,1622.4987,1794.0000,1945.8462,2129.0000,2190.1346,2612.0000,1963.0000
2024-02-14,60,688.0000,852.0000,1080.0000,1337.4728,1604.0000,1784.7561,1920.8246,2117.1461,2164.0000,2597.6208,1937.0000
2024-02-17,60,-9999.0000,-9999.0000,-9999.0000,-9999.0000,-9999.0000,-9999.0000,-9999.0000,-9999.0000,-9999.0000,-9999.0000,-9999.0000
2024-02-17,60,-9999.0000,-9999.0000,-9999.0000,-9999.0000,-9999.0000,-9999.0000,-9999.0000,-9999.0000,-9999.0000,-9999.0000,-9999.0000
2024-02-19,60,551.0000,860.8570,1136.3403,1461.2433,1817.0000,1989.2307,2157.6230,2365.8476,2416.2291,2988.1084,2267.0000
2024-02-19,60,530.0000,882.0000,1149.3333,1449.9430,1817.0267,1993.0000,2157.3073,2357.6396,2415.0000,2970.5114,2251.0000
2024-03-05,60,648.0000,780.5768,1117.8594,1320.0000,1741.0000,2114.1970,2221.0000,2404.9407,2463.0000,2613.0000,1840.9915
2024-03-05,60,558.0000,760.1187,1113.1015,1332.0000,1729.5042,2131.0000,2266.0000,2425.4764,2504.2758,2613.0000,1861.0000
2024-03-13,60,756.0000,957.5000,1305.7686,1476.3446,1901.0000,2332.8918,2518.0479,2713.2481,2713.0079,2808.0000,2269.9610
2024-03-13,60,807.0000,1012.3495,1333.2014,1469.5603,1872.8863,2291.0000,2481.0000,2674.0000,2678.0000,2796.3939,2242.0037
2024-03-20,60,594.0000,850.0000,1212.0000,1361.1222,1875.0000,2396.0000,2617.0000,2852.0715,2821.0000,3033.0078,2208.3245
2024-03-20,60,707.0000,958.3307,1252.0000,1340.1958,1854.0000,2358.0000,2553.5115,2758.0000,2753.9873,2952.4040,2180.8629
2024-03-23,60,1049.0000,1268.0000,1561.3281,1596.0000,2154.7660,2661.0000,2862.2978,3009.3316,3060.5520,2913.1831,2279.0000
2024-03-23,60,1051.0000,1294.0000,1678.0000,1722.0000,2297.0000,2912.0000,3129.0000,3344.0000,3334.0000,3008.6196,2314.4542
2024-03-25,60,590.0000,757.6932,1072.7959,1285.3915,1624.0000,2070.0000,2253.0000,2490.0000,2394.6749,2627.0882,2031.0000
2024-03-25,60,588.0000,777.3704,1084.9183,1281.6098,1640.5206,2068.0000,2249.0000,2476.4340,2449.3502,2604.2149,2018.0000
2024-03-30,60,1987.0000,2152.0000,2482.0000,2452.7154,3089.7480,3523.0000,3728.0000,3648.0000,3763.0000,2749.9985,1976.0000
2024-04-02,60,574.0000,777.6154,1064.7943,1217.5682,1590.4809,1961.0000,2106.3393,2273.3786,2265.0936,2043.3841,1442.0000
2024-04-02,60,564.0000,794.7250,1072.5030,1208.6431,1594.0000,1979.0000,2122.0000,2281.8605,2278.0000,2069.0000,1462.0867
2024-04-04,60,716.0000,837.4489,1188.7864,1354.0000,1806.0000,2215.0000,2347.5281,2491.5685,2513.7562,2572.0173,1864.0000
2024-04-04,60,724.0000,881.1712,1204.9565,1337.4038,1780.7548,2218.5645,2330.4620,2476.0897,2516.0378,2529.0000,1862.0000
2024-04-07,60,782.0000,925.3381,1288.7783,1411.7378,1889.1256,2353.4494,2529.3880,2659.3221,2693.7056,2533.1111,1892.0000
2024-04-07,60,813.0000,980.9931,1302.0000,1389.5719,1849.0000,2308.0000,2497.4116,2654.0000,2637.8707,2506.4784,1870.7000
2024-04-09,60,-9999.0000,-9999.0000,-9999.0000,-9999.0000,-9999.0000,-9999.0000,-9999.0000,-9999.0000,-9999.0000,-9999.0000,-9999.0000
2024-04-12,60,744.0000,1017.6667,1426.5849,1505.6933,1994.1256,2669.5851,2893.6479,3028.6801,3048.0000,3004.4849,2372.0000
2024-04-12,60,774.0000,1036.3376,1436.9204,1476.6667,1971.1776,2655.0000,2877.4591,3000.8333,3017.0000,2957.0367,2385.5335
2024-04-14,60,929.0000,1131.3756,1603.9890,1657.1645,2189.0000,3097.5684,3282.4528,3441.3359,3491.9984,3313.0000,2492.8331
2024-04-14,60,928.0000,1134.0000,1568.7805,1611.0000,2151.0000,3077.5000,3276.9870,3387.0032,3457.8494,3309.0000,2514.2194
2024-04-17,60,649.0000,825.2548,1208.0000,1218.7898,1790.5208,2608.3593,2904.0000,3106.1421,3091.0000,2580.0000,1834.9932
2024-04-17,60,596.0000,821.0000,1220.0000,1235.0451,1821.0000,2646.0000,2921.0000,3164.0000,3098.0000,2604.4678,1860.5000
2024-04-27,60,825.0000,896.6201,1193.3289,1089.5573,1694.4513,2726.4475,3026.7706,3019.3870,3128.0885,1630.0000,878.6352
2024-04-29,60,541.0000,720.7858,1092.0000,1050.0876,1691.0000,2722.0000,3025.5743,3241.7178,3230.0000,2440.0000,1587.5040
2024-04-29,60,553.0000,757.7222,1105.7019,1058.0000,1682.2969,2706.0000,3025.4178,3244.0000,3178.0000,2446.0000,1577.0000
2024-05-04,60,-9999.0000,-9999.0000,-9999.0000,-9999.0000,-9999.0000,-9999.0000,-9999.0000,-9999.0000,-9999.0000,-9999.0000,-9999.0000
2024-05-04,60,-9999.0000,-9999.0000,-9999.0000,-9999.0000,-9999.0000,-9999.0000,-9999.0000,-9999.0000,-9999.0000,-9999.0000,-9999.0000
2024-05-14,60,-9999.0000,-9999.0000,-9999.0000,-9999.0000,-9999.0000,-9999.0000,-9999.0000,-9999.0000,-9999.0000,-9999.0000,-9999.0000
2024-05-14,60,-9999.0000,-9999.0000,-9999.0000,-9999.0000,-9999.0000,-9999.0000,-9999.0000,-9999.0000,-9999.0000,-9999.0000,-9999.0000
2024-05-17,60,302.0000,425.2763,892.0000,648.0000,1486.0000,3141.0000,3479.0000,3576.3633,3666.0000,1829.8694,961.0000
2024-05-17,60,338.0000,486.5000,921.5301,672.0000,1473.4591,3098.0000,3451.0000,3540.0000,3636.0000,1828.0000,952.3508
2024-05-22,60,-9999.0000,-9999.0000,-9999.0000,-9999.0000,-9999.0000,-9999.0000,-9999.0000,-9999.0000,-9999.0000,-9999.0000,-9999.0000
2024-05-22,60,-9999.0000,-9999.0000,-9999.0000,-9999.0000,-9999.0000,-9999.0000,-9999.0000,-9999.0000,-9999.0000,-9999.0000,-9999.0000
2024-05-24,60,441.0000,493.4006,965.3272,705.5313,1589.0000,3380.0000,3737.1774,3817.2000,3977.0000,2245.0556,1283.0000
2024-05-24,60,386.0000,501.9455,965.4742,705.9239,1594.7478,3417.0814,3766.0000,3852.0000,3996.0000,2270.1929,1282.0000
2024-05-27,60,-9999.0000,-9999.0000,-9999.0000,-9999.0000,-9999.0000,-9999.0000,-9999.0000,-9999.0000,-9999.0000,-9999.0000,-9999.0000
2024-06-01,60,223.0000,342.0000,796.0000,500.5000,1377.0000,3286.9978,3759.0000,3865.9173,3986.9942,1935.0000,1033.5993
2024-06-01,60,356.0000,474.0000,858.0000,565.6412,1368.7808,3165.0000,3609.0000,3737.9607,3876.1573,1888.0000,1018.4728
2024-06-03,60,659.0000,649.8368,1214.0000,772.8865,1952.0000,4489.2026,5131.0317,5034.5324,5466.0000,2612.7892,1387.0031
2024-06-06,60,546.0000,698.0000,1132.0000,837.4971,1722.0000,3448.9975,3922.9982,3960.7618,4175.0000,2242.0486,1353.9960
2024-06-06,60,656.0000,772.2618,1169.4218,872.6815,1713.0000,3456.9088,3884.0000,3961.9117,4192.7936,2237.5202,1328.0000
2024-06-16,60,342.0000,353.0000,785.0000,534.2138,1388.5912,3042.8852,3451.6144,3548.3044,3756.2657,2118.0000,1167.0000
2024-06-16,60,362.0000,422.0000,812.4940,572.3576,1390.0384,3014.0000,3458.9893,3505.7704,3741.2635,2100.9897,1168.0000
2024-06-18,60,659.0000,750.0000,1132.5348,854.0000,1712.0000,3368.6549,3896.0000,4048.0000,4164.1539,2478.0000,1550.9960
2024-06-18,60,677.0000,764.0000,1148.4080,860.0000,1729.9805,3387.2388,3924.0927,4060.0000,4161.0000,2474.0000,1557.0000
2024-06-26,60,1683.0000,952.0000,1172.0000,1320.0000,1461.0000,1873.0000,2151.0000,1922.0000,2362.0000,1809.0000,1463.0000
2024-06-26,60,-9999.0000,-9999.0000,-9999.0000,-9999.0000,-9999.0000,-9999.0000,-9999.0000,-9999.0000,-9999.0000,-9999.0000,-9999.0000
2024-06-28,60,1158.0000,1490.0000,1882.5235,2273.5000,2585.0000,2796.0000,3068.0000,3084.3499,3300.8772,3983.0000,3493.0000
2024-06-28,60,1098.0000,1437.2624,1786.0080,2115.3698,2475.2589,2757.3528,3021.2307,3017.3671,3227.3204,3915.3066,3482.0000
2024-07-06,60,1301.0000,1698.0000,2212.0000,2632.2766,2870.1479,3233.7211,3527.0000,3508.0000,3751.0000,4204.2422,3558.0000
2024-07-06,60,1264.0000,1720.2928,2216.0000,2628.8861,2869.0000,3242.0000,3535.0000,3530.0000,3739.0126,4195.0771,3586.0000
2024-07-08,60,1574.0000,2153.9030,2696.9744,3108.4203,3355.4343,3603.0000,3906.0000,3948.0000,4114.7503,4614.5915,4147.0000
2024-07-08,60,1490.0000,2254.0000,2823.6778,3188.0000,3443.9188,3696.0000,3989.0000,4065.0289,4194.0000,4727.0000,4222.0000
2024-07-11,60,1145.0000,1506.3299,1909.8151,2274.0999,2506.8849,2738.0000,3004.0325,2961.5000,3188.4798,3803.0707,3604.2383
2024-07-11,60,1069.0000,1492.5150,1874.5545,2250.0000,2481.7312,2717.0000,2994.0000,2962.0000,3179.0000,3790.8846,3595.9015
2024-07-13,60,1531.0000,1761.7034,2217.5292,2569.0742,2929.1748,3240.0396,3442.0000,3372.0000,3661.1054,4201.1569,3737.7142
2024-07-13,60,1438.0000,1745.9925,2204.0000,2534.5241,2895.0000,3240.0000,3449.0000,3384.0000,3675.4625,4231.8711,3761.0000
2024-07-16,60,1143.0000,1474.7972,1931.1150,2252.6722,2549.0000,2881.3223,3073.0000,3072.5000,3240.0000,3751.8687,3334.4560
2024-07-16,60,1102.0000,1457.5194,1882.7630,2186.0000,2479.0000,2845.0000,3035.0000,3040.0000,3213.0000,3733.1978,3304.4856
2024-07-18,60,1301.0000,1717.0000,2165.4003,2501.7791,2827.0000,3162.0000,3388.9882,3444.0000,3579.7397,4179.9518,3866.0000
2024-07-18,60,1248.0000,1701.1188,2114.7957,2442.7379,2788.0000,3103.0000,3365.0000,3420.0000,3556.0000,4196.0832,3864.3080
2024-07-21,60,1124.0000,1520.6579,1947.3677,2268.3011,2563.5223,2863.0000,3105.6419,3084.9979,3264.9566,3731.3534,3388.0000
2024-07-21,60,1070.0000,1512.3779,1931.7056,2236.0000,2550.0000,2851.0000,3121.4954,3100.0000,3281.7434,3734.9414,3395.6037
2024-07-23,60,786.0000,865.8400,1150.0000,1334.0000,1667.0000,2098.0000,2358.1548,2212.8664,2503.2092,2416.0000,1653.5491
2024-07-23,60,776.0000,884.0078,1153.4030,1346.4385,1676.1401,2086.0000,2276.7317,2200.6398,2451.0000,2474.0000,1703.0000
2024-07-26,60,1333.0000,1741.2260,2253.0000,2615.6903,2909.0000,3286.0000,3540.0000,3588.0000,3794.3069,4308.4190,3765.1174
2024-07-26,60,1229.0000,1626.3043,2082.5185,2409.0010,2748.0862,3136.0000,3415.0000,3468.0000,3684.0000,4210.7810,3715.5414
2024-07-28,60,1543.0000,2073.1730,2616.6446,2982.4878,3221.1745,3557.7676,3908.3441,3980.0000,4138.0000,4707.5562,4262.7663
2024-07-28,60,1370.0000,1876.0000,2377.3756,2696.3478,3022.0000,3445.0000,3819.0000,3808.0000,4055.0000,4635.4591,4250.4936
2024-07-31,60,1260.0000,1674.8675,2140.0328,2409.4797,2735.0000,3193.0000,3562.0000,3572.6978,3751.0000,3995.0000,3611.5248
2024-07-31,60,1154.0000,1596.6561,2035.1789,2258.8840,2619.0601,3115.0000,3460.0000,3488.0000,3659.0000,3923.0000,3580.0000
2024-08-05,60,-9999.0000,-9999.0000,-9999.0000,-9999.0000,-9999.0000,-9999.0000,-9999.0000,-9999.0000,-9999.0000,-9999.0000,-9999.0000
2024-08-05,60,-9999.0000,-9999.0000,-9999.0000,-9999.0000,-9999.0000,-9999.0000,-9999.0000,-9999.0000,-9999.0000,-9999.0000,-9999.0000
2024-08-07,60,1265.0000,1755.1443,2250.2695,2458.0000,2889.0000,3627.7110,4019.4498,4052.0000,4187.5022,4263.7515,3664.5944
2024-08-07,60,1153.0000,1638.0000,2100.7296,2264.0000,2738.5414,3488.0000,3890.1069,3896.0000,4061.9212,4151.2645,3618.3678
2024-08-10,60,964.0000,1370.4183,1813.9556,1939.1098,2373.1180,3254.0000,3636.5676,3638.7870,3804.2581,3718.7226,3181.3747
2024-08-10,60,952.0000,1361.5038,1778.4183,1906.0000,2339.3062,3241.5170,3619.2683,3616.0000,3811.0000,3699.4205,3162.2495
2024-08-12,60,1080.0000,1395.2039,1865.6009,1931.0000,2424.9817,3564.2560,3867.8739,3908.0000,4076.5493,3810.9289,3033.0000
2024-08-12,60,1126.0000,1419.5518,1882.6655,1930.0000,2440.0000,3563.0000,3865.0000,3924.0000,4120.0000,3792.6552,3006.0000
2024-08-12,60,1133.0000,1469.6210,1946.0185,2028.4905,2540.9792,3709.3704,4021.0000,4048.0000,4219.2989,3893.4702,3109.7393
2024-08-12,60,1141.0000,1452.9306,1932.1384,1995.3028,2510.0000,3650.0000,3993.0000,4000.0000,4219.5403,3842.0000,3062.0000
2024-08-15,60,872.0000,1116.9864,1522.9350,1620.4911,2117.0000,3281.5770,3690.0000,3705.6096,3946.4834,3403.5915,2600.0000
2024-08-15,60,876.0000,1120.1719,1508.0000,1579.3421,2082.0938,3211.0000,3672.0000,3649.8219,3891.4023,3361.9219,2597.0000
2024-08-17,60,-9999.0000,-9999.0000,-9999.0000,-9999.0000,-9999.0000,-9999.0000,-9999.0000,-9999.0000,-9999.0000,-9999.0000,-9999.0000
2024-08-17,60,-9999.0000,-9999.0000,-9999.0000,-9999.0000,-9999.0000,-9999.0000,-9999.0000,-9999.0000,-9999.0000,-9999.0000,-9999.0000
2024-08-20,60,-9999.0000,-9999.0000,-9999.0000,-9999.0000,-9999.0000,-9999.0000,-9999.0000,-9999.0000,-9999.0000,-9999.0000,-9999.0000
2024-08-20,60,-9999.0000,-9999.0000,-9999.0000,-9999.0000,-9999.0000,-9999.0000,-9999.0000,-9999.0000,-9999.0000,-9999.0000,-9999.0000
2024-08-22,60,448.0000,428.0654,820.7588,690.0000,1335.0000,3364.7751,3886.0000,3828.0000,4074.6740,2692.0000,1561.4357
2024-08-22,60,546.0000,598.7265,905.0000,753.0000,1325.0000,3219.0000,3698.9246,3682.1842,3877.0000,2620.2194,1543.0000
2024-08-25,60,475.0000,569.6189,869.0504,770.0000,1359.0000,3351.0000,3927.0574,3958.9058,4146.0000,2715.6475,1635.0000
2024-08-25,60,507.0000,592.5386,894.0000,765.3973,1329.1211,3264.0000,3841.0000,3908.0000,4075.7410,2688.7485,1642.1056
2024-08-27,60,777.0000,985.8245,1282.0000,1036.9528,1700.0000,4003.0029,4915.0000,4900.0000,5114.8747,2957.5587,1814.4074
2024-08-27,60,819.0000,954.0000,1153.6484,950.0000,1520.0990,3470.0000,4254.0000,4322.0000,4468.0000,2836.8203,1754.0000
2024-08-30,60,529.0000,640.0000,864.3745,750.1626,1257.0000,3201.0197,4042.0000,4050.5000,4262.3860,2582.0010,1621.7234
2024-08-30,60,502.0000,636.0000,866.3463,736.0000,1221.0000,3237.0000,4001.1134,4092.0000,4219.0000,2581.0000,1633.0000
2024-09-04,60,436.0000,501.0000,761.0000,672.5000,1210.0000,3256.0000,4009.2820,4049.6071,4345.0000,2449.3867,1460.0000
2024-09-04,60,493.0000,562.1465,800.1186,700.0000,1185.4571,3166.1275,3970.8409,3952.3958,4169.0000,2439.0000,1451.0000
2024-09-09,60,-9999.0000,-9999.0000,-9999.0000,-9999.0000,-9999.0000,-9999.0000,-9999.0000,-9999.0000,-9999.0000,-9999.0000,-9999.0000
2024-09-09,60,-9999.0000,-9999.0000,-9999.0000,-9999.0000,-9999.0000,-9999.0000,-9999.0000,-9999.0000,-9999.0000,-9999.0000,-9999.0000
2024-09-11,60,414.0000,374.0074,594.8657,400.9745,939.0000,3506.0000,4114.0000,4344.0000,4374.0070,2309.6568,1135.0000
2024-09-11,60,429.0000,434.0000,634.0000,432.6522,978.0000,3436.7258,4147.0000,4310.7831,4427.0000,2301.4645,1141.0000
2024-09-16,60,1356.0000,1221.9919,1360.0000,1082.0000,1674.0000,4133.5640,5080.0156,5332.6513,5199.0000,2590.0000,1525.6854
2024-09-16,60,1406.0000,1174.0000,1306.0000,965.8380,1609.0000,4372.0000,5466.0000,5604.0000,5584.0000,2609.0000,1495.0000
2024-09-21,60,376.0000,355.0000,586.6057,384.5000,948.0000,3404.5000,4109.0000,4330.6418,4298.1961,2180.8937,1078.3593
2024-09-21,60,410.0000,418.0000,628.0000,419.0000,965.0000,3330.0000,4070.8429,4225.5714,4273.0000,2162.0558,1076.1473
2024-09-24,60,322.0000,296.6595,484.0000,274.3068,793.0000,2708.4867,3323.0000,3203.9487,3518.0000,1612.0000,742.0459
2024-09-24,60,348.0000,346.0499,522.0000,296.4988,789.0000,2743.1384,3236.0000,3275.2278,3501.0000,1617.5544,746.0000
2024-09-29,60,183.0000,300.0000,556.5161,314.0000,976.0000,3229.0000,3868.7925,4221.8111,4071.8117,1873.2678,958.1111
2024-09-29,60,181.0000,304.9570,556.3405,308.4920,978.6334,3174.0000,3804.5149,4217.3264,4146.0000,1877.7072,958.3331
2024-10-11,60,310.0000,358.0928,813.7381,529.6667,1580.8198,3128.0000,3485.6568,3779.4452,3844.2708,1953.8038,1000.7141
2024-10-11,60,279.0000,350.5213,809.8378,525.5946,1540.8804,3189.0000,3564.4200,3819.2440,3888.7583,1967.0000,1001.0000
2024-10-21,60,446.0000,485.0000,750.2281,704.1575,1254.2383,2161.7978,2428.9902,2568.0000,2747.4930,2126.3129,1323.0000
2024-10-21,60,480.0000,552.0000,808.0000,738.4561,1268.3316,2141.0000,2410.8286,2546.5070,2724.0000,2101.2411,1306.0000
2024-10-26,60,-9999.0000,-9999.0000,-9999.0000,-9999.0000,-9999.0000,-9999.0000,-9999.0000,-9999.0000,-9999.0000,-9999.0000,-9999.0000
2024-10-29,60,262.0000,422.0000,636.3721,538.6589,1042.1434,1942.0000,2217.0000,2308.2106,2454.0000,1818.0000,1183.0000
2024-10-29,60,256.0000,438.0000,642.2648,538.1546,1038.2615,1962.0000,2186.3053,2308.3336,2423.0000,1823.0000,1169.9748
2024-10-31,60,310.0000,376.5582,628.0000,522.0000,1052.4103,2025.0000,2233.0000,2421.3336,2534.0000,1976.0000,1201.0000
2024-10-31,60,268.0000,368.5683,622.2894,518.0000,1042.0000,2030.0000,2241.0000,2434.0000,2507.5808,1972.2603,1203.0000
2024-11-03,60,602.0000,667.0000,874.0000,744.0000,1280.4366,2211.0000,2435.0000,2573.6688,2660.0000,2030.0000,1290.0000
2024-11-03,60,616.0000,678.0000,896.3529,752.6136,1295.0000,2226.0000,2485.0000,2592.0000,2676.0000,2028.5232,1283.0000
2024-11-05,60,319.0000,458.2138,656.2101,542.3316,1081.0000,2094.0000,2415.0000,2629.3171,2558.0000,1957.4034,1193.0000
2024-11-05,60,238.0000,416.3569,632.0000,512.6408,1077.0000,2108.0000,2396.0000,2679.1450,2594.7071,1952.0000,1191.0000
2024-11-08,60,413.0000,540.0777,712.2963,590.0000,1114.9424,2044.0000,2325.0000,2436.0000,2520.0000,1661.6216,1066.6374
2024-11-08,60,438.0000,589.0000,738.0000,604.0000,1110.0000,2023.0000,2234.0000,2426.0000,2476.0000,1650.0000,1041.0000
2024-11-10,60,315.0000,362.2967,622.6715,504.9929,1053.5807,2128.0000,2359.0000,2666.5000,2637.0000,1889.5075,1114.0000
2024-11-10,60,289.0000,374.9751,622.0000,510.0000,1062.0000,2136.3000,2371.0000,2679.7256,2644.9860,1891.0000,1114.0000
2024-11-13,60,289.0000,368.3552,608.2901,500.4890,1100.5152,2212.8171,2471.0000,2676.0000,2698.5473,1841.0000,1083.0000
2024-11-13,60,293.0000,392.5456,630.0000,508.3481,1106.0000,2169.9406,2420.0000,2666.0194,2666.9195,1833.6551,1080.0000
2024-11-15,60,356.0000,584.3636,865.1351,753.0041,1445.0138,2384.0000,2648.4152,3003.0000,2909.5891,2427.0000,1537.6133
2024-11-15,60,367.0000,602.0000,873.1980,760.0000,1437.1782,2376.0000,2618.0000,3000.0000,2918.0000,2458.0000,1533.0000
2024-11-18,60,675.0000,870.3400,1098.0000,1005.2230,1607.0000,2385.5073,2663.0000,2965.1054,2942.0000,2348.0000,1578.0000
2024-11-18,60,371.0000,728.0000,1002.0000,925.3333,1576.9051,2466.0000,2746.0000,3036.3916,3078.0000,2405.0000,1565.1819
2024-11-23,60,288.0000,454.0000,789.2019,702.5000,1381.9981,2299.0000,2564.7183,2953.3404,2869.0000,2002.0000,1125.6338
2024-11-23,60,294.0000,470.5313,793.9887,697.4676,1382.0000,2306.0000,2573.0000,2951.3113,2859.0000,1977.6630,1120.0000
2024-11-25,60,-9999.0000,-9999.0000,-9999.0000,-9999.0000,-9999.0000,-9999.0000,-9999.0000,-9999.0000,-9999.0000,-9999.0000,-9999.0000
2024-11-25,60,-9999.0000,-9999.0000,-9999.0000,-9999.0000,-9999.0000,-9999.0000,-9999.0000,-9999.0000,-9999.0000,-9999.0000,-9999.0000
2024-11-30,60,404.0000,498.3561,825.0984,744.8609,1413.2706,2263.0000,2473.0000,2794.8140,2732.3026,2138.0000,1324.0637
2024-11-30,60,372.0000,512.5162,832.7492,749.0669,1414.0000,2254.2005,2470.4674,2789.2624,2727.0000,2118.1196,1309.0000
2024-12-05,60,472.0000,666.3649,785.3305,993.8284,1116.0000,1244.0000,1348.0000,1504.6093,1508.0000,1846.8614,1569.7556
2024-12-05,60,410.0000,653.0000,794.5029,982.0000,1149.9889,1258.4270,1342.0000,1498.0000,1480.0000,1853.0000,1564.1872
2024-12-13,60,419.0000,597.9700,820.9074,1048.9676,1219.0000,1394.3779,1489.2832,1577.8359,1660.6473,1968.0000,1573.0000
2024-12-13,60,535.0000,706.0000,888.0000,1076.0000,1255.0000,1373.0000,1491.0000,1594.9576,1646.0000,1968.0000,1589.0000
2024-12-13,60,499.0000,630.3002,877.0058,1100.6854,1274.6169,1410.0062,1434.6171,1601.8658,1594.0877,2071.0000,1675.0000
2024-12-13,60,587.0000,732.0000,937.4900,1136.3904,1293.0000,1433.9234,1461.0000,1618.5316,1650.0000,2029.0770,1658.0000
2024-12-15,60,378.0000,720.0000,870.1745,1088.9872,1224.4585,1305.0000,1433.6180,1565.4375,1574.0000,1978.1864,1678.0000
2024-12-15,60,554.0000,822.0000,945.4574,1133.1554,1309.5365,1369.0000,1500.0000,1586.0336,1616.0000,1978.3571,1647.0000
2024-12-18,60,-9999.0000,-9999.0000,-9999.0000,-9999.0000,-9999.0000,-9999.0000,-9999.0000,-9999.0000,-9999.0000,-9999.0000,-9999.0000
2024-12-23,60,-9999.0000,-9999.0000,-9999.0000,-9999.0000,-9999.0000,-9999.0000,-9999.0000,-9999.0000,-9999.0000,-9999.0000,-9999.0000
2024-12-25,60,453.0000,683.0000,840.4730,1070.0000,1234.0000,1301.3696,1381.8559,1553.6663,1493.1528,1651.0000,1251.0000
2024-12-25,60,457.0000,710.3665,852.3338,1076.0000,1224.0000,1313.0593,1421.1136,1563.9432,1504.6126,1662.5063,1260.0000
2024-12-28,60,565.0000,727.0000,893.6048,1093.2975,1250.5725,1353.0000,1472.8715,1549.3345,1577.6080,1665.0000,1390.7240
2024-12-28,60,551.0000,714.3039,884.0000,1077.5065,1205.0000,1328.4782,1442.9816,1531.0021,1562.0000,1632.1027,1352.0000
2024-12-30,60,494.0000,610.7285,805.5792,1032.4729,1178.5089,1272.4822,1365.6121,1465.7460,1469.0000,1713.0000,1310.0000
2024-12-30,60,519.0000,650.1188,837.4021,1054.0000,1193.0000,1305.9731,1372.0000,1482.5732,1491.0000,1707.0000,1321.0000
2025-01-04,60,-9999.0000,-9999.0000,-9999.0000,-9999.0000,-9999.0000,-9999.0000,-9999.0000,-9999.0000,-9999.0000,-9999.0000,-9999.0000
2025-01-12,60,474.0000,614.2921,801.3604,1004.6296,1209.0000,1324.1893,1408.9733,1587.3442,1535.0000,1706.6464,1248.2804
2025-01-12,60,483.0000,646.3734,818.5070,1008.1264,1192.0000,1318.0000,1396.9965,1578.6090,1542.0000,1696.4612,1252.0000
2025-01-14,60,587.0000,822.0000,969.3235,1185.7669,1321.0000,1457.6757,1530.0000,1732.0147,1652.5067,1967.0000,1565.9966
2025-01-14,60,569.0000,828.0000,973.0000,1188.8212,1332.0000,1465.0000,1529.3986,1730.0000,1653.0000,1964.9320,1578.8807
2025-01-17,60,499.0000,746.5000,924.0349,1134.0000,1268.3658,1409.4536,1507.0000,1698.9362,1601.0000,1904.0000,1603.0000
2025-01-17,60,514.0000,774.0000,940.7995,1128.7527,1279.0000,1405.9500,1501.0000,1691.3382,1614.4825,1901.0000,1625.0000
2025-02-03,60,635.0000,830.4764,1016.9574,1196.0000,1404.0000,1574.3419,1658.9914,1794.9926,1748.7311,2018.0024,1604.8438
2025-02-03,60,581.0000,830.3114,1004.9868,1181.0000,1435.0000,1568.0000,1661.7224,1792.0081,1754.0000,2006.0000,1621.5375
2025-02-06,60,538.0000,762.0177,969.3247,1136.6398,1325.0000,1483.0000,1558.1941,1716.0000,1652.0000,1908.6025,1621.0000
2025-02-06,60,561.0000,802.2599,980.0000,1141.6672,1332.0000,1462.0000,1563.0000,1716.8329,1652.5206,1888.0000,1622.2301
2025-02-08,60,739.0000,910.5542,1201.5815,1388.0000,1649.0000,1804.3947,1836.2947,1997.8681,1978.0000,2394.0000,1920.0000
2025-02-08,60,709.0000,924.3127,1200.6918,1377.6196,1636.8007,1802.2343,1830.3962,1980.4970,1974.6173,2364.9424,1925.0079
2025-02-16,60,1069.0000,1116.0000,1444.4116,1661.3333,1938.1534,2238.0000,2392.0000,2548.0000,2550.0000,2593.6658,2101.0000
2025-02-16,60,987.0000,1108.8705,1446.0000,1660.0000,1948.6348,2280.0000,2448.0601,2612.9730,2605.0000,2613.0000,2102.5150
2025-02-18,60,756.0000,881.0366,1193.1472,1433.3633,1668.0000,1869.0000,1952.0000,2196.9921,2101.0000,2425.2154,1921.4659
2025-02-18,60,795.0000,969.0000,1240.4485,1440.7153,1661.6820,1866.3839,1931.0000,2172.0000,2078.0000,2387.0000,1898.6921
2025-02-21,60,781.0000,969.3001,1310.0000,1577.0539,1801.8756,1988.4158,2060.0000,2272.8977,2208.7944,2642.5100,2187.4156
2025-02-21,60,934.0000,1101.1693,1368.0000,1564.6911,1786.4042,1984.1743,2057.0000,2260.7879,2206.0000,2601.5333,2173.0000
2025-02-28,60,-9999.0000,-9999.0000,-9999.0000,-9999.0000,-9999.0000,-9999.0000,-9999.0000,-9999.0000,-9999.0000,-9999.0000,-9999.0000
2025-02-28,60,-9999.0000,-9999.0000,-9999.0000,-9999.0000,-9999.0000,-9999.0000,-9999.0000,-9999.0000,-9999.0000,-9999.0000,-9999.0000
2025-03-03,60,785.0000,961.9100,1341.0139,1562.6667,1842.0000,2108.4550,2194.0000,2426.0211,2340.0000,2709.0000,2219.4142
2025-03-03,60,824.0000,1017.1658,1361.6720,1561.1315,1837.0000,2118.4923,2189.0000,2429.4742,2330.0000,2707.0000,2228.0000
2025-03-05,60,926.0000,1220.0000,1552.4807,1780.6093,2079.0000,2322.0932,2470.0000,2668.0632,2572.0000,3017.6525,2719.0000
2025-03-05,60,925.0000,1225.8157,1556.0000,1784.9218,2091.9619,2313.0000,2434.9855,2669.2665,2566.9990,3010.0000,2737.0000
2025-03-08,60,1096.0000,1402.0000,1755.0508,1992.0000,2286.0000,2578.0000,2734.0000,2908.6667,2859.0000,3119.0000,2800.4691
2025-03-08,60,937.0000,1384.0000,1787.0159,2046.0000,2337.7161,2615.0000,2790.0000,2964.0000,2926.0000,3217.0000,2860.0000
2025-03-10,60,-9999.0000,-9999.0000,-9999.0000,-9999.0000,-9999.0000,-9999.0000,-9999.0000,-9999.0000,-9999.0000,-9999.0000,-9999.0000
2025-03-10,60,-9999.0000,-9999.0000,-9999.0000,-9999.0000,-9999.0000,-9999.0000,-9999.0000,-9999.0000,-9999.0000,-9999.0000,-9999.0000
2025-03-18,60,684.0000,913.6667,1232.6423,1406.0000,1712.0000,2095.0000,2261.4455,2500.6545,2414.0000,2438.0000,2013.0000
2025-03-18,60,710.0000,952.0000,1266.0000,1404.0000,1709.0000,2069.0000,2229.0000,2497.7526,2360.0000,2473.2683,2022.4597
2025-03-20,60,988.0000,1180.0221,1604.4722,1843.0000,2171.6192,2592.0000,2689.0000,3018.3447,2852.0000,3027.0000,2455.0000
2025-03-20,60,968.0000,1193.4634,1592.8222,1754.6667,2118.0000,2558.2192,2651.0000,2994.5730,2810.0000,2986.6879,2443.0000
2025-03-23,60,-9999.0000,-9999.0000,-9999.0000,-9999.0000,-9999.0000,-9999.0000,-9999.0000,-9999.0000,-9999.0000,-9999.0000,-9999.0000
2025-03-23,60,-9999.0000,-9999.0000,-9999.0000,-9999.0000,-9999.0000,-9999.0000,-9999.0000,-9999.0000,-9999.0000,-9999.0000,-9999.0000
2025-03-25,60,-9999.0000,-9999.0000,-9999.0000,-9999.0000,-9999.0000,-9999.0000,-9999.0000,-9999.0000,-9999.0000,-9999.0000,-9999.0000
2025-03-30,60,-9999.0000,-9999.0000,-9999.0000,-9999.0000,-9999.0000,-9999.0000,-9999.0000,-9999.0000,-9999.0000,-9999.0000,-9999.0000
2025-03-30,60,-9999.0000,-9999.0000,-9999.0000,-9999.0000,-9999.0000,-9999.0000,-9999.0000,-9999.0000,-9999.0000,-9999.0000,-9999.0000
2025-04-01,60,1703.0000,1856.0000,2124.0000,2022.0000,2378.0000,2857.0000,2902.0000,3440.0000,2866.0000,2447.0000,1738.0000
2025-04-02,60,885.0000,1051.3333,1512.0000,1579.5283,2058.3575,2669.0204,2815.0000,2956.1027,2969.5552,2877.8199,2216.0000
2025-04-02,60,877.0000,1054.0000,1491.0288,1561.0069,2026.0000,2657.0000,2802.0000,2979.1184,2972.0000,2873.2847,2218.8912
2025-04-04,60,1079.0000,1346.4578,1778.0000,1926.0000,2419.3728,3100.0000,3352.0000,3640.0000,3499.0000,3376.0000,2888.4903
2025-04-04,60,1054.0000,1372.0000,1795.7918,1917.4064,2401.0000,3130.0000,3310.0000,3600.4961,3453.4856,3380.7852,2870.8659
2025-04-04,60,987.0000,1213.5235,1665.0000,1827.0000,2235.4343,2912.8714,3162.9936,3379.5000,3273.0000,3146.6932,2559.0000
2025-04-04,60,989.0000,1210.8725,1633.0000,1739.3211,2217.1451,2891.0000,3142.5522,3340.0000,3286.0000,3153.0000,2547.0000
2025-04-07,60,1013.0000,1288.1877,1582.0000,1768.7968,2086.0000,2441.8233,2581.7202,2747.8601,2729.0882,3038.0000,3016.0000
2025-04-11,60,1262.0000,1417.5488,1819.3000,2132.0000,2435.5432,2742.0694,2856.5493,2987.5824,2992.8471,3379.8447,3049.0000
2025-04-11,60,1164.0000,1408.0000,1768.8500,2034.6027,2362.0000,2716.2571,2837.1522,2978.9644,2958.4542,3353.5897,3096.0000
2025-04-12,60,1013.0000,1292.7257,1714.6115,2009.5234,2276.8021,2520.6240,2604.0000,2747.2311,2762.2076,3170.0000,2856.0000
2025-04-12,60,1022.0000,1273.8619,1636.7273,1851.0000,2150.7816,2484.6882,2582.0000,2724.0000,2726.0000,3109.1745,2807.0000
2025-04-19,60,832.0000,977.5059,1293.7438,1480.7434,1782.2734,2257.8191,2368.9286,2458.3822,2513.9398,2468.0959,1941.0729
2025-04-19,60,789.0000,988.7483,1296.9922,1489.0000,1770.4466,2274.7137,2377.9508,2459.2480,2505.1682,2477.2184,1937.0000
2025-04-22,60,826.0000,1114.0879,1529.5960,1673.7911,2082.6816,2538.2152,2682.6509,2776.4834,2804.0000,2886.0000,2346.5070
2025-04-22,60,821.0000,1138.4611,1532.3011,1682.2603,2104.0000,2564.0000,2707.0000,2802.2078,2844.0000,2859.5000,2353.6980
2025-04-24,60,-9999.0000,-9999.0000,-9999.0000,-9999.0000,-9999.0000,-9999.0000,-9999.0000,-9999.0000,-9999.0000,-9999.0000,-9999.0000
2025-04-24,60,-9999.0000,-9999.0000,-9999.0000,-9999.0000,-9999.0000,-9999.0000,-9999.0000,-9999.0000,-9999.0000,-9999.0000,-9999.0000
2025-04-24,60,1439.0000,1346.2444,1756.6957,1874.0129,2247.0000,3038.0000,3341.0000,3184.1644,3401.0000,2807.0000,2197.0000
2025-04-24,60,1391.0000,1338.4709,1689.4752,1814.0000,2305.0064,2995.0000,3292.0000,3121.1359,3370.9722,2937.2332,2161.0000
2025-04-27,60,592.0000,825.5000,1137.1774,1283.3456,1641.0000,2146.6117,2377.0000,2354.0000,2491.2557,2271.0000,1732.1626
2025-04-27,60,642.0000,854.1793,1148.8089,1264.0000,1601.0000,2162.2834,2392.0000,2396.0000,2472.9318,2252.0238,1725.9286
2025-04-29,60,1086.0000,1355.2199,1858.0000,2037.1791,2477.7082,3158.0000,3358.0000,3571.8774,3528.0000,3378.3420,2803.0000
2025-04-29,60,1060.0000,1322.7591,1756.0000,1864.9861,2457.5371,3021.0000,3254.0000,3507.1557,3424.0000,3351.8772,2802.7353
2025-05-01,60,1254.0000,1525.3105,1929.4401,2298.7300,2636.5016,2992.9304,3187.0000,3272.2302,3338.2700,3796.6051,3572.0000
2025-05-01,60,1200.0000,1474.8257,1884.0220,2203.9958,2566.8500,2977.6215,3153.0000,3256.0000,3330.5515,3757.3810,3512.0236
2025-05-02,60,1193.0000,1444.3279,1867.7273,2208.9751,2540.3710,2892.5708,3033.6706,3117.9625,3201.4956,3685.2435,3417.3497
2025-05-02,60,1112.0000,1448.9855,1860.0000,2195.8017,2523.8521,2918.4419,3068.0000,3145.7617,3222.3841,3698.7994,3466.8307
2025-05-04,60,1693.0000,2136.0243,2458.0000,2590.0000,2994.0000,3405.3688,3651.0000,3628.0000,3662.0000,3261.4812,3007.0000
2025-05-04,60,1692.0000,2148.0000,2432.0000,2565.2738,2955.1603,3240.0000,3465.0174,3440.0000,3502.0000,3276.1781,3025.0000
2025-05-04,60,1672.0000,2059.0691,2421.0570,2596.7732,2962.9462,3361.0000,3566.0054,3536.0000,3660.0000,3305.3915,3000.0000
2025-05-04,60,1615.0000,1893.9922,2221.7036,2357.0050,2710.0000,3125.0000,3337.2060,3320.0000,3456.6515,3223.0000,2939.6491
2025-05-09,60,991.0000,1225.9542,1596.6667,1925.5306,2177.4054,2763.0000,2955.0000,3074.0545,3153.0000,3112.5141,2528.1353
2025-05-09,60,939.0000,1203.4255,1586.5096,1906.6710,2149.0000,2770.0000,2945.0000,3107.0687,3146.3435,3082.0000,2540.5047
2025-05-11,60,1485.0000,1795.5891,2313.0000,2662.5900,3010.0000,3471.0000,3666.3322,3736.0000,3829.6573,4049.0000,3686.0000
2025-05-11,60,1426.0000,1762.0319,2241.9881,2619.5471,2959.0000,3438.0000,3629.4788,3728.0000,3793.0000,4073.0000,3681.0000
2025-05-12,60,1483.0000,1867.4206,2456.6343,2786.5508,3177.8753,3444.4869,3560.9504,3680.9239,3707.9410,4049.0000,3611.0000
2025-05-12,60,1400.0000,1811.2609,2344.0000,2678.8920,3032.7474,3401.0000,3538.4951,3672.0000,3700.5197,4032.0000,3592.0000
