2017-01-24,16,465.0000,588.2739,756.0000,769.2780,1204.6041,1690.0000,1797.0000,1939.4363,1891.6440,1489.0000,952.9676
2017-04-11,16,809.0000,580.9246,673.7646,369.5754,867.0000,3348.7786,4540.0000,4643.0000,4833.0000,1305.0000,585.1734
2017-04-21,16,1.0000,1.0200,225.0000,107.3659,650.0000,3156.8820,4484.6114,4802.4757,4771.9432,1250.0000,563.3835
2017-04-21,16,282.0000,196.9562,299.9220,75.6784,564.4990,3185.9794,4588.0000,4883.6385,4865.4623,1220.0000,535.0000
2017-04-24,16,-9999.0000,-9999.0000,-9999.0000,-9999.0000,-9999.0000,-9999.0000,-9999.0000,-9999.0000,-9999.0000,-9999.0000,-9999.0000
2017-05-01,16,1193.0000,1162.0000,1249.0000,1060.6168,1458.0000,3078.3026,3904.9272,4056.9121,4053.0000,1592.3363,1110.0000
2017-05-04,16,470.0000,480.0000,602.0000,333.0000,926.0000,3908.0000,5808.0000,5683.0000,6170.0000,1402.0000,625.0000
2017-05-04,16,452.0000,489.0000,573.0000,323.0000,969.0000,3924.0000,5829.0000,5821.0000,6178.0000,1427.0000,581.0000
2017-05-14,16,1.0000,1.0000,117.6876,65.3319,473.9814,2335.0000,3484.4211,3539.4585,3777.0000,988.6467,459.6356
2017-05-14,16,13.0000,33.7735,142.0592,33.5394,405.6208,2338.6736,3522.0000,3587.6144,3839.0000,972.7961,450.1897
2017-05-21,16,-9999.0000,-9999.0000,-9999.0000,-9999.0000,-9999.0000,-9999.0000,-9999.0000,-9999.0000,-9999.0000,-9999.0000,-9999.0000
2017-05-21,16,-9999.0000,-9999.0000,-9999.0000,-9999.0000,-9999.0000,-9999.0000,-9999.0000,-9999.0000,-9999.0000,-9999.0000,-9999.0000
2017-05-24,16,143.0000,149.4551,332.9681,259.5920,734.0000,2203.6944,3047.3303,3192.3418,3512.0000,1243.3422,617.4917
2017-05-24,16,393.0000,421.0766,557.7854,441.5585,874.0319,2217.5937,2972.0000,3106.9578,3378.8615,1242.4971,643.1851
2017-05-31,16,1519.0000,1296.0000,1456.0000,1298.0000,1814.0000,2885.0000,3334.0000,3414.0000,3702.0000,1972.0000,1324.0000
2017-06-03,16,188.0000,277.2913,483.7624,458.6548,958.0000,1891.0000,2389.1652,2503.3460,2786.5384,1450.9210,794.9613
2017-06-03,16,211.0000,229.3188,469.7508,467.1901,970.0005,1907.6639,2380.9564,2501.1625,2743.2302,1448.0000,803.1781
2017-06-10,16,942.0000,1282.6615,1523.4668,1780.2442,2219.7487,2596.3207,2807.4971,2951.6663,3108.0000,3520.7088,2755.6154
2017-06-13,16,679.0000,1059.5023,1347.4116,1719.5814,2099.7345,2325.6978,2536.0000,2619.8674,2866.0000,3683.3128,2904.7326
2017-06-13,16,760.0000,1075.5910,1348.2089,1699.0711,2067.0625,2329.0000,2523.0000,2582.5804,2845.0000,3617.0340,2889.5300
2017-06-20,16,455.0000,946.4352,1370.2170,1845.8623,2252.8677,2534.0000,2675.7949,2823.2354,3064.3515,4106.9617,3309.5303
2017-06-20,16,948.0000,1251.9127,1524.5754,1896.1726,2248.2222,2523.0000,2680.0000,2822.3394,3084.8435,4054.2339,3258.5080
2017-06-23,16,1339.0000,1769.9348,1915.7034,2114.2145,2466.0000,2768.8824,3013.0000,3113.3227,3310.0220,3553.2510,2797.8678
2017-06-23,16,1397.0000,1857.7621,1971.8781,2139.8014,2475.7672,2824.0000,3068.0000,3188.0000,3389.5032,3563.2214,2757.3208
2017-07-03,16,975.0000,1436.0722,1755.6242,2022.7538,2413.3534,2709.0000,2863.0000,2929.3943,3151.0000,3814.3645,3065.0000
2017-07-03,16,1020.0000,1346.8889,1691.7705,1976.0979,2378.7959,2689.0000,2854.0693,2914.4149,3132.0000,3748.1841,3030.9802
2017-07-08,16,870.0000,1229.5430,1484.3321,1755.6134,2009.3105,2241.0000,2437.0000,2441.7701,2608.7582,3146.2316,2853.5457
2017-07-10,16,599.0000,1077.3502,1459.0715,1900.2897,2193.0000,2279.0000,2342.8284,2420.6616,2587.6843,3174.1895,2522.4804
2017-07-10,16,906.0000,1281.9866,1562.8613,1948.1303,2195.4336,2259.0805,2338.5377,2391.8333,2566.2445,3140.0478,2497.0000
2017-07-13,16,986.0000,1669.5108,2065.5415,2504.1421,2783.0000,2924.9669,3035.0000,3028.0278,3250.0000,3846.8326,3254.7518
2017-07-13,16,1089.0000,1708.4528,2068.7739,2484.3372,2736.0000,2877.0000,3016.0000,3002.6667,3226.0000,3812.8165,3242.1728
2017-07-20,16,1313.0000,1699.8880,1978.9671,2294.0789,2582.0000,2955.2520,3092.5499,3112.8571,3320.3063,3634.0000,3027.0000
2017-07-20,16,1785.0000,2183.8453,2406.5000,2746.1792,2902.0547,3159.6790,3240.2668,3242.0216,3465.7296,3760.0000,3043.0000
2017-07-23,16,630.0000,1243.3631,1596.6548,1973.2500,2235.0000,2512.1069,2683.0862,2628.3537,2910.0000,3299.3645,2808.8441
2017-07-23,16,1067.0000,1517.2529,1788.4441,2104.4705,2322.9429,2527.0000,2659.5166,2635.4677,2939.3130,3330.9484,2828.0000
2017-07-30,16,-9999.0000,-9999.0000,-9999.0000,-9999.0000,-9999.0000,-9999.0000,-9999.0000,-9999.0000,-9999.0000,-9999.0000,-9999.0000
2017-08-02,16,1171.0000,1780.0118,2026.5992,2293.4545,2503.8464,2769.0000,2891.0000,2868.8346,3116.1015,3430.2011,2899.9827
2017-08-02,16,1291.0000,1764.4383,2017.6858,2291.7778,2493.0000,2729.0000,2858.8339,2852.2316,3066.8021,3424.0000,2882.4790
2017-08-09,16,1096.0000,1779.8422,2132.6873,2473.3080,2730.0000,3045.0000,3145.4490,3113.3333,3386.4608,3653.0000,3096.4046
2017-08-09,16,1281.0000,1741.0972,2085.5455,2407.1841,2686.0000,3005.0325,3117.0000,3061.5000,3299.7492,3612.0000,2999.4840
2017-08-12,16,337.0000,417.0000,450.6613,501.7833,593.0000,731.9198,795.9046,763.2000,836.6416,740.0000,528.0000
2017-08-12,16,173.0000,340.3333,412.5000,490.2292,599.0000,722.1149,771.8191,764.4674,832.9077,742.0000,529.0000
2017-08-19,16,-9999.0000,-9999.0000,-9999.0000,-9999.0000,-9999.0000,-9999.0000,-9999.0000,-9999.0000,-9999.0000,-9999.0000,-9999.0000
2017-08-22,16,1109.0000,1587.3799,1883.0000,2139.6675,2345.7820,2869.0000,3061.0000,3156.0409,3280.0000,3400.0000,2805.0000
2017-08-22,16,1093.0000,1626.6786,1904.3333,2164.6667,2380.2686,2896.9901,3064.0000,3163.8579,3257.0000,3417.0000,2778.0000
2017-08-29,16,465.0000,849.2395,1121.5977,1354.9314,1665.5320,2284.6954,2468.0000,2504.4119,2649.6338,2631.0000,1914.0000
2017-08-29,16,725.0000,1003.7414,1204.0927,1381.3013,1642.7190,2295.0000,2401.2467,2470.2714,2655.0000,2595.7701,1885.0000
2017-09-08,16,523.0000,890.0000,1144.0755,1221.1039,1626.6013,2532.3040,2743.0000,2727.9504,2930.0284,2520.0000,1787.0000
2017-09-08,16,635.0000,830.2562,1116.0000,1203.5000,1603.2277,2492.0190,2695.0000,2695.4000,2906.2085,2478.0000,1746.0000
2017-09-18,16,701.0000,913.8110,1234.9254,1168.2275,1750.0000,2891.0000,3130.3075,3171.0334,3337.5561,2587.7469,1738.8088
2017-09-18,16,478.0000,809.8688,1181.5849,1162.2126,1683.4477,2749.7668,3000.0000,3027.3203,3196.2016,2488.8033,1693.1025
2017-09-21,16,568.0000,764.9881,1005.9326,971.8668,1450.5595,2373.0917,2609.1809,2669.0000,2783.0000,2140.5420,1443.3758
2017-09-21,16,617.0000,785.7973,1025.0132,982.2913,1453.4122,2381.0446,2606.0000,2676.3556,2774.0000,2131.3852,1428.0000
2017-09-28,16,639.0000,885.7469,1245.6843,1100.0233,1741.6359,2781.0586,3015.0000,3125.9648,3201.0000,2435.0000,1641.0000
2017-09-28,16,900.0000,1013.4520,1278.0000,1113.2388,1695.0000,2661.0000,2865.5390,2980.3978,3044.6550,2358.0000,1606.0000
2017-10-01,16,-9999.0000,-9999.0000,-9999.0000,-9999.0000,-9999.0000,-9999.0000,-9999.0000,-9999.0000,-9999.0000,-9999.0000,-9999.0000
2017-10-08,16,-9999.0000,-9999.0000,-9999.0000,-9999.0000,-9999.0000,-9999.0000,-9999.0000,-9999.0000,-9999.0000,-9999.0000,-9999.0000
2017-10-08,16,-9999.0000,-9999.0000,-9999.0000,-9999.0000,-9999.0000,-9999.0000,-9999.0000,-9999.0000,-9999.0000,-9999.0000,-9999.0000
2017-10-11,16,2180.0000,2073.0000,2073.0000,1828.0000,2273.0000,3270.0000,3628.0000,3954.0000,4062.0000,2234.0000,1475.0000
2017-10-18,16,-9999.0000,-9999.0000,-9999.0000,-9999.0000,-9999.0000,-9999.0000,-9999.0000,-9999.0000,-9999.0000,-9999.0000,-9999.0000
2017-10-31,16,1355.0000,1628.0791,1845.0391,1987.5690,2323.0000,2730.0168,2899.0000,3064.0799,3059.2042,3189.2391,2602.0000
2017-10-31,16,1437.0000,1658.9429,1849.6693,1973.0167,2313.0000,2710.0000,2914.4968,3050.0798,3089.0000,3157.6360,2581.0090
2017-11-10,16,220.0000,181.0000,271.0000,368.6680,467.0000,558.0000,605.0000,616.0000,657.0000,670.0000,463.0000
2017-11-10,16,282.0000,309.0000,334.0000,362.0000,463.0000,575.0000,628.0000,652.0000,731.0000,696.0000,493.0000
2017-11-17,16,804.0000,1141.4246,1493.8531,1697.9208,2089.0051,2467.0591,2586.0441,2679.2589,2765.0129,2674.0025,2077.0000
2017-11-17,16,1182.0000,1324.5000,1542.0000,1650.0000,1972.7089,2345.0000,2425.0000,2522.1099,2631.0000,2580.0000,1986.7437
2017-11-20,16,438.0000,765.4653,969.0000,1098.4688,1381.0000,1568.0000,1638.0000,1812.9085,1762.0000,1860.9457,1422.0000
2017-11-20,16,781.0000,924.8408,1033.6433,1102.1174,1368.0000,1571.4204,1672.9982,1830.8733,1776.0000,1899.0000,1417.0000
2017-11-27,16,226.0000,613.8347,894.1606,1049.0580,1414.1104,1758.0000,1854.0000,2006.6906,1984.0000,1984.0000,1360.6087
2017-11-27,16,438.0000,689.4936,929.2704,1054.0000,1383.0000,1681.0000,1799.0000,1937.7259,1975.0000,1939.0000,1313.9592
2017-12-07,16,519.0000,734.0000,966.8718,1074.0000,1433.3496,1688.5110,1731.0000,1803.1909,1883.0000,1664.0000,1173.0000
2017-12-17,16,109.0000,528.4890,769.8430,998.0000,1367.0000,1645.0000,1746.1342,1866.6604,1891.0000,1766.0000,1245.0000
2017-12-17,16,365.0000,634.6081,832.5000,996.9369,1305.0000,1596.0000,1684.0000,1797.7341,1860.0000,1735.0000,1181.0000
2017-12-20,16,265.0000,574.0000,765.6122,913.2288,1176.0000,1444.0000,1541.8359,1668.7500,1661.9884,1610.8140,1130.0000
2017-12-20,16,354.0000,608.4146,784.7270,913.6086,1190.0000,1481.0774,1604.0000,1691.0000,1736.4641,1701.7401,1148.0000
2017-12-22,16,-9999.0000,-9999.0000,-9999.0000,-9999.0000,-9999.0000,-9999.0000,-9999.0000,-9999.0000,-9999.0000,-9999.0000,-9999.0000
2017-12-25,16,-9999.0000,-9999.0000,-9999.0000,-9999.0000,-9999.0000,-9999.0000,-9999.0000,-9999.0000,-9999.0000,-9999.0000,-9999.0000
2017-12-25,16,-9999.0000,-9999.0000,-9999.0000,-9999.0000,-9999.0000,-9999.0000,-9999.0000,-9999.0000,-9999.0000,-9999.0000,-9999.0000
2018-01-06,16,-9999.0000,-9999.0000,-9999.0000,-9999.0000,-9999.0000,-9999.0000,-9999.0000,-9999.0000,-9999.0000,-9999.0000,-9999.0000
2018-01-11,16,273.0000,780.9780,1134.2719,1361.8197,1727.0000,2122.0000,2380.1588,2457.7394,2570.1438,2394.8983,1694.0000
2018-01-11,16,464.0000,924.6849,1198.6288,1373.0740,1764.0000,2110.0000,2324.0000,2375.3198,2494.0000,2339.0000,1705.9226
2018-01-14,16,256.0000,719.0000,994.0000,1113.0000,1512.0000,2000.0000,2133.0000,2305.0000,2327.0000,2055.0000,1689.0000
2018-01-14,16,378.0000,962.0000,1165.0000,1305.0000,1594.0000,1953.0000,2103.0000,2285.9067,2278.0000,2080.0000,1759.0000
2018-01-19,16,-9999.0000,-9999.0000,-9999.0000,-9999.0000,-9999.0000,-9999.0000,-9999.0000,-9999.0000,-9999.0000,-9999.0000,-9999.0000
2018-01-19,16,-9999.0000,-9999.0000,-9999.0000,-9999.0000,-9999.0000,-9999.0000,-9999.0000,-9999.0000,-9999.0000,-9999.0000,-9999.0000
2018-01-21,16,196.0000,649.0218,916.6667,1117.0182,1538.0000,1912.0276,2058.4315,2217.4980,2184.5940,2080.0000,1532.0000
2018-01-21,16,394.0000,770.1881,973.8955,1129.0437,1496.3543,1825.0000,1948.9955,2106.5838,2106.7709,1966.0000,1463.0000
2018-02-08,16,-9999.0000,-9999.0000,-9999.0000,-9999.0000,-9999.0000,-9999.0000,-9999.0000,-9999.0000,-9999.0000,-9999.0000,-9999.0000
2018-02-10,16,362.0000,716.9093,969.7792,1124.9123,1633.3852,2153.9926,2301.0000,2499.4304,2506.4039,2187.0000,1585.0000
2018-02-10,16,398.0000,761.6276,1042.1792,1109.5957,1614.4677,2085.4811,2236.0000,2283.1747,2425.0000,2140.0000,1539.0000
2018-02-13,16,1188.0000,1414.3688,1540.5161,1578.3755,1851.0000,2176.0000,2276.5053,2472.2301,2371.0000,1496.0000,1210.0000
2018-02-13,16,1236.0000,1420.4469,1562.0000,1590.0485,1868.0000,2225.0000,2339.0000,2526.5543,2419.0000,1491.0000,1201.0000
2018-02-25,16,1209.0000,1603.3578,1891.5000,2034.9316,2467.6052,3029.8035,3141.0000,3276.0039,3311.0000,3058.0000,2476.9629
2018-02-25,16,1203.0000,1649.4828,1932.4746,2052.4363,2522.9370,3075.4490,3163.0000,3298.7455,3316.5356,3022.5128,2458.2774
2018-02-28,16,1336.0000,1618.0000,1858.3895,2013.0000,2384.9864,2740.6687,2860.0000,2963.7858,3019.2024,3316.6111,2816.0000
2018-02-28,16,1438.0000,1672.8806,1909.8392,2019.4773,2380.7697,2728.7697,2860.4558,2979.1417,3041.0000,3308.3984,2786.4926
2018-03-12,16,-9999.0000,-9999.0000,-9999.0000,-9999.0000,-9999.0000,-9999.0000,-9999.0000,-9999.0000,-9999.0000,-9999.0000,-9999.0000
2018-03-20,16,-9999.0000,-9999.0000,-9999.0000,-9999.0000,-9999.0000,-9999.0000,-9999.0000,-9999.0000,-9999.0000,-9999.0000,-9999.0000
2018-03-20,16,-9999.0000,-9999.0000,-9999.0000,-9999.0000,-9999.0000,-9999.0000,-9999.0000,-9999.0000,-9999.0000,-9999.0000,-9999.0000
2018-03-22,16,756.0000,1151.0000,1475.4035,1573.3820,2164.9710,2957.9397,3105.0000,3259.9671,3259.4763,2883.0000,2247.0000
2018-03-22,16,667.0000,1083.0000,1427.3333,1530.0000,2068.3229,2810.0000,2929.0000,3130.7117,3092.0000,2792.6365,2206.0000
2018-03-25,16,932.0000,1235.5885,1509.0000,1587.3394,2167.0000,2879.0000,3060.0000,3090.6067,3211.0000,2850.0000,2388.0000
2018-03-25,16,983.0000,1259.2500,1508.6753,1579.9987,2168.0344,2865.3240,3061.0000,3099.0302,3206.5440,2858.0000,2365.1201
2018-03-27,16,1885.0000,1976.9319,2126.0000,2156.9286,2671.0000,3394.4880,3546.0000,3749.5689,3706.0000,3357.6972,2566.5200
2018-03-27,16,1910.0000,1933.2603,2093.0316,2114.0000,2648.0000,3360.8344,3525.0000,3742.7411,3708.0000,3317.0000,2539.2662
2018-03-30,16,-9999.0000,-9999.0000,-9999.0000,-9999.0000,-9999.0000,-9999.0000,-9999.0000,-9999.0000,-9999.0000,-9999.0000,-9999.0000
2018-03-30,16,-9999.0000,-9999.0000,-9999.0000,-9999.0000,-9999.0000,-9999.0000,-9999.0000,-9999.0000,-9999.0000,-9999.0000,-9999.0000
2018-04-01,16,312.0000,541.1714,736.9427,717.4822,1257.2561,1996.0288,2107.3092,2249.4205,2222.0000,1464.0000,959.0000
2018-04-01,16,405.0000,605.1303,773.4976,736.3333,1261.0000,1963.9260,2117.4965,2226.5000,2202.0000,1471.0000,947.0000
2018-04-06,16,507.0000,668.0000,1049.0712,957.2598,1783.0000,2941.0000,3136.0000,3298.3708,3201.0000,2168.0000,1400.0000
2018-04-06,16,572.0000,733.7380,1053.8444,969.6489,1713.5442,2805.1300,2991.0000,3163.7207,3066.0000,2109.7445,1381.0000
2018-04-11,16,2027.0000,2096.0000,2256.0000,2066.7484,2719.0000,3576.0000,3820.0000,3906.5030,3876.0000,2676.0000,1973.0000
2018-04-14,16,399.0000,585.1892,924.9345,717.6793,1546.8646,2820.5898,3086.0000,3242.0482,3191.0000,1854.0000,1204.0000
2018-04-14,16,463.0000,625.5184,957.1168,733.7118,1549.3585,2808.0000,3040.9350,3223.0000,3138.8900,1852.0000,1189.0000
2018-04-16,16,1390.0000,1422.0000,1715.0000,1593.0000,2150.0000,3018.0000,3172.0000,3151.0000,3207.0000,2058.0000,1426.0000
2018-04-16,16,-9999.0000,-9999.0000,-9999.0000,-9999.0000,-9999.0000,-9999.0000,-9999.0000,-9999.0000,-9999.0000,-9999.0000,-9999.0000
2018-04-19,16,498.0000,745.0000,1097.3475,1026.5408,1696.8099,3176.0000,3440.0000,3721.6146,3594.0000,2166.0000,1506.0000
2018-04-19,16,601.0000,796.0000,1114.0402,1032.9617,1698.0000,3086.0000,3388.0000,3669.6667,3540.2245,2167.0000,1493.0000
2018-04-21,16,660.0000,971.9882,1403.0871,1276.3725,2011.5472,3565.8052,3960.0000,4352.5145,4142.0000,2587.2391,1876.9805
2018-04-21,16,501.0000,922.9408,1363.5525,1261.0000,1959.0000,3453.4443,3778.8353,4137.1149,3936.0000,2509.0000,1865.0000
2018-04-24,16,1373.0000,1690.0000,1881.0000,1685.4029,2231.0000,3462.0000,3876.0000,3939.2905,4015.0000,2559.0000,1860.0685
2018-04-24,16,1485.0000,1668.0000,1857.5698,1677.9389,2206.0000,3389.1980,3813.0000,3899.1149,3971.2508,2522.0324,1869.0000
2018-04-26,16,752.0000,989.0000,1436.4009,1252.9001,2071.0000,3739.0000,4099.0000,4250.4701,4276.0000,2529.0000,1770.0957
2018-04-26,16,653.0000,952.0000,1398.9922,1270.0000,2011.3106,3626.0000,3987.7016,4131.3288,4133.0000,2497.0000,1788.6060
2018-04-29,16,883.0000,1412.5150,1716.3058,1963.8206,2169.3776,2446.5511,2588.0000,2583.7500,2718.0000,2949.3697,2745.0436
2018-04-29,16,1014.0000,1421.2820,1708.7852,1940.2833,2137.8545,2424.0000,2601.5975,2568.7311,2693.4979,2921.4648,2726.0270
2018-05-04,16,1099.0000,1545.2409,1708.7506,1797.4990,2033.0262,2410.0000,2587.4684,2651.5766,2680.0000,2168.0000,1762.0591
2018-05-04,16,1139.0000,1553.5000,1725.7472,1814.0000,2045.8511,2426.6781,2634.5260,2692.0012,2749.0000,2176.6364,1757.1465
2018-05-06,16,882.0000,1133.5116,1373.1462,1539.6037,1736.3362,2068.4304,2166.1156,2165.9231,2283.9379,2281.9127,1836.3146
2018-05-06,16,817.0000,1117.7692,1381.2790,1571.8156,1757.0830,2049.0000,2169.8081,2152.6867,2291.0000,2295.0000,1827.0741
2018-05-09,16,1330.0000,1970.5743,2299.7827,2573.4113,2811.6823,3131.0000,3269.1590,3307.4285,3390.0000,3325.6013,2968.5370
2018-05-09,16,1319.0000,1891.0000,2243.4353,2552.2010,2771.5928,3105.2349,3231.0000,3290.8249,3361.4991,3300.4172,2951.8798
2018-05-11,16,1346.0000,1889.0000,2127.0000,2315.0000,2462.0000,3197.0000,3570.0000,3359.0000,3603.0000,3067.0000,2601.0000
2018-05-11,16,-9999.0000,-9999.0000,-9999.0000,-9999.0000,-9999.0000,-9999.0000,-9999.0000,-9999.0000,-9999.0000,-9999.0000,-9999.0000
2018-05-16,16,-9999.0000,-9999.0000,-9999.0000,-9999.0000,-9999.0000,-9999.0000,-9999.0000,-9999.0000,-9999.0000,-9999.0000,-9999.0000
2018-05-16,16,-9999.0000,-9999.0000,-9999.0000,-9999.0000,-9999.0000,-9999.0000,-9999.0000,-9999.0000,-9999.0000,-9999.0000,-9999.0000
2018-05-19,16,1193.0000,1799.2629,2233.2217,2584.6911,2825.8745,3170.7997,3314.0039,3381.9211,3433.0000,3578.3599,3177.0000
2018-05-19,16,1284.0000,1828.8627,2197.1450,2502.5067,2762.3180,3149.0000,3275.5141,3339.3311,3436.6136,3540.3802,3158.1925
2018-05-21,16,1697.0000,2519.3953,2949.6000,3288.9941,3626.0673,3947.0000,4147.0658,4226.6882,4268.0000,4470.7114,4277.1858
2018-05-21,16,1712.0000,2515.3237,2922.3138,3251.7239,3592.2654,3899.0000,4126.0000,4196.0000,4249.0000,4462.0000,4251.0000
2018-05-24,16,-9999.0000,-9999.0000,-9999.0000,-9999.0000,-9999.0000,-9999.0000,-9999.0000,-9999.0000,-9999.0000,-9999.0000,-9999.0000
2018-05-24,16,-9999.0000,-9999.0000,-9999.0000,-9999.0000,-9999.0000,-9999.0000,-9999.0000,-9999.0000,-9999.0000,-9999.0000,-9999.0000
2018-05-26,16,1532.0000,2263.3333,2726.0884,2967.2081,3332.2484,3916.4334,4086.0000,4073.4101,4233.0000,4179.0000,3689.3369
2018-05-26,16,1464.0000,2099.7491,2598.3697,2856.4303,3223.9618,3794.0000,3995.0000,3980.2504,4143.0000,4103.0115,3639.7533
2018-05-31,16,1551.0000,2090.1746,2428.1859,2497.7391,2901.9946,3554.0000,3955.0000,3883.4305,4004.0887,3622.0000,3161.9836
2018-05-31,16,1583.0000,2113.7580,2443.9158,2508.2260,2879.0000,3528.0000,3941.0000,3883.0708,4018.0000,3595.4781,3100.2335
2018-06-03,16,1152.0000,1723.0585,2092.0000,2172.4289,2538.7586,3429.0000,3878.0000,3867.4611,4019.2274,3412.0000,2950.7601
2018-06-03,16,1241.0000,1739.4263,2091.7621,2180.0188,2572.8064,3458.0000,3899.8251,3891.4263,4008.5020,3429.0000,2970.4898
2018-06-05,16,1266.0000,1787.5350,2202.2182,2296.1713,2723.2769,3747.0000,4056.0000,4000.5258,4219.7033,3661.0000,3033.7694
2018-06-05,16,1359.0000,1764.2496,2154.4482,2248.5319,2669.0215,3680.5333,3974.0000,3921.4934,4114.0000,3604.0000,3016.7399
2018-06-10,16,598.0000,837.0059,1085.5789,1027.3741,1397.0000,2511.0000,2939.2343,2886.4438,3000.5085,2268.2297,1611.0000
2018-06-10,16,490.0000,786.0000,1068.7154,1044.0090,1374.0000,2467.4933,2914.6441,2842.9234,2956.2675,2233.5018,1591.0000
2018-06-13,16,587.0000,953.7597,1275.9584,1243.5478,1656.0000,3050.0000,3682.0000,3612.1973,3805.5232,2611.2936,1938.5287
2018-06-13,16,770.0000,1057.1048,1315.5383,1245.7770,1643.4188,3048.5561,3676.2191,3604.6360,3784.5007,2603.3872,1918.5313
2018-06-15,16,813.0000,1179.1205,1585.1958,1541.6136,2052.0000,3836.0000,4490.0183,4518.9388,4660.1032,3210.4965,2285.0000
2018-06-15,16,799.0000,1188.0000,1554.0862,1544.0366,1953.0000,3803.4262,4468.0000,4486.5291,4619.5063,3180.5042,2227.0000
2018-06-18,16,603.0000,939.9646,1266.6144,1254.5862,1685.3503,3217.7339,3986.0291,3960.0000,4150.0000,2505.0612,1727.0000
2018-06-18,16,744.0000,989.5398,1278.0000,1242.0000,1642.4788,3155.8774,3919.0000,3852.8961,4117.1963,2455.4651,1709.0000
2018-06-20,16,709.0000,1077.1626,1395.1584,1336.3464,1765.0000,3334.4013,4131.9217,4098.5833,4250.0000,2834.0000,2036.2143
2018-06-20,16,577.0000,1003.8000,1337.9974,1315.6180,1719.0000,3208.0000,3970.0000,3946.0000,4092.0000,2755.0252,1985.9056
2018-06-23,16,96.0000,329.7605,597.1431,497.0735,861.5478,2487.0000,3161.9012,3233.1432,3241.0000,1667.0000,956.6179
2018-06-23,16,327.0000,449.2723,656.8734,525.5517,889.4613,2478.0000,3146.0000,3195.8652,3259.0000,1663.0000,945.4946
2018-06-30,16,410.0000,539.3186,764.8793,626.3300,1028.1453,2969.0000,4069.0000,4036.0000,4217.0000,2149.3455,1291.0000
2018-06-30,16,465.0000,617.4000,805.4578,652.4216,1046.0000,2902.0000,3924.0000,3914.6104,4058.0000,2140.0000,1257.0000
2018-07-03,16,-9999.0000,-9999.0000,-9999.0000,-9999.0000,-9999.0000,-9999.0000,-9999.0000,-9999.0000,-9999.0000,-9999.0000,-9999.0000
2018-07-03,16,-9999.0000,-9999.0000,-9999.0000,-9999.0000,-9999.0000,-9999.0000,-9999.0000,-9999.0000,-9999.0000,-9999.0000,-9999.0000
2018-07-05,16,524.0000,565.2898,793.2566,635.8941,1061.7685,3234.0000,4333.3324,4257.6063,4532.3861,2109.0379,1169.3129
2018-07-05,16,370.0000,489.5030,773.6234,636.9487,1053.0000,3189.0049,4282.0000,4232.9912,4482.0000,2107.4569,1154.5000
2018-07-08,16,466.0000,464.2286,689.3480,509.8975,937.6526,3070.1041,4195.7689,4179.0539,4393.0000,1762.0215,948.0000
2018-07-10,16,-9999.0000,-9999.0000,-9999.0000,-9999.0000,-9999.0000,-9999.0000,-9999.0000,-9999.0000,-9999.0000,-9999.0000,-9999.0000
2018-07-13,16,2.0000,202.0866,437.5775,306.0855,668.0000,2544.0000,3677.4836,3653.0000,3836.7536,1597.5899,797.5420
2018-07-13,16,272.0000,361.1777,524.8509,357.5868,718.0000,2492.5480,3621.0018,3596.1078,3775.0000,1589.4719,801.3644
2018-07-15,16,508.0000,433.0271,633.3396,449.3278,852.4407,2867.0000,3809.0000,3804.3437,4058.5348,1852.7775,932.5964
2018-07-15,16,443.0000,440.7544,637.3197,441.4370,846.0000,2841.6101,3852.5673,3786.6710,4028.0000,1849.2943,916.0000
2018-07-18,16,340.0000,389.3596,580.9918,429.4203,810.7807,2691.0000,3748.4130,3819.7193,3956.6299,1779.0168,940.4465
2018-07-18,16,386.0000,425.2252,597.6862,441.2207,822.0000,2688.0000,3742.7604,3792.0000,3946.0000,1776.0000,940.0000
2018-07-20,16,470.0000,565.0038,724.0146,545.1499,949.3583,2808.0903,3983.0000,3978.4000,4194.5697,2021.0000,1077.4800
2018-07-20,16,299.0000,493.2993,697.5842,549.8566,941.0740,2789.5065,3923.0000,3932.0073,4144.0000,1995.4726,1062.9286
2018-07-23,16,309.0000,367.0000,520.9967,392.2129,679.0000,2090.0000,2953.0000,2917.9078,3113.0000,1324.0000,692.0000
2018-07-23,16,262.0000,328.9032,513.9775,393.6667,692.0000,2120.0000,3025.0000,2968.0000,3183.0000,1312.0000,691.0000
2018-07-25,16,424.0000,485.7931,693.8490,521.5000,929.5027,2921.0000,3873.4309,3898.1268,4131.6287,2018.5684,1084.1094
2018-07-25,16,344.0000,456.8525,693.6231,546.1676,942.2752,2840.9836,3785.0000,3817.7697,4038.0000,1997.9897,1076.2196
2018-07-28,16,434.0000,492.3100,680.3900,525.8886,893.1460,2649.0000,3636.0327,3627.6711,3868.0000,1881.0000,1017.4831
2018-07-28,16,429.0000,510.6386,708.9512,565.0785,924.3134,2614.5138,3572.2941,3553.2817,3810.1434,1858.4585,1022.0000
2018-07-30,16,331.0000,461.0264,657.4504,491.9844,912.0000,2781.0000,3924.3380,3922.6667,4170.5525,2076.5172,1107.0837
2018-07-30,16,264.0000,453.8144,669.0857,533.8913,926.0000,2694.0000,3788.8518,3804.4021,4035.5457,2050.8004,1099.2784
2018-08-02,16,46.0000,313.2689,589.2503,481.6884,880.9250,2665.0000,3760.0000,3731.0000,4048.0000,1885.9842,1035.5524
2018-08-02,16,197.0000,409.7194,649.1438,526.1612,905.7580,2659.0000,3699.2007,3664.4444,3950.8684,1884.2938,1035.5581
2018-08-04,16,369.0000,449.6166,673.4922,518.1317,931.0000,2833.0000,3689.2173,3701.0222,3936.6980,2019.0000,1060.4890
2018-08-04,16,232.0000,377.2013,650.0556,522.0570,913.9518,2801.4990,3662.0000,3660.4834,3882.0000,1990.0786,1044.0000
2018-08-07,16,259.0000,396.8275,658.0000,562.2598,961.0000,2663.0000,3580.3974,3584.5000,3868.0000,1983.0000,1072.7130
2018-08-07,16,290.0000,417.9544,677.8173,577.4081,972.0000,2649.0000,3558.8339,3560.5922,3850.1421,1977.0000,1068.9389
2018-08-09,16,500.0000,625.2843,810.1041,657.1891,1084.5142,2709.0000,3685.8700,3692.8503,3978.4285,2210.2669,1259.2108
2018-08-09,16,396.0000,593.6025,806.2740,677.8817,1093.0000,2649.0000,3602.0000,3587.0969,3884.0000,2170.8274,1244.9992
2018-08-12,16,170.0000,437.8740,705.6710,613.5460,1027.0000,2553.9833,3443.0000,3458.0000,3697.9859,2011.0513,1182.5228
2018-08-12,16,312.0000,513.5294,744.7871,637.5502,1030.0000,2551.0000,3397.0000,3434.0000,3633.0000,2003.3832,1187.0000
2018-08-14,16,787.0000,588.5566,929.2320,830.4967,1380.7331,3044.0000,3699.1985,3769.4087,3978.5395,2392.8146,1433.9729
2018-08-14,16,811.0000,632.9947,950.3254,840.4010,1372.9020,3013.0000,3722.0000,3724.2565,3951.0000,2371.2301,1408.0000
2018-08-17,16,300.0000,398.0101,618.5439,513.5069,920.0000,2292.0000,2900.5037,2935.7171,3128.5043,1784.3117,998.2081
2018-08-17,16,355.0000,389.3519,625.3424,528.0000,925.7494,2303.0000,2940.2171,2936.7619,3146.0000,1796.3089,989.5737
2018-08-19,16,101.0000,441.4753,741.0000,690.1834,1151.0000,2524.0000,3211.8785,3257.0743,3466.4449,2233.0000,1352.6883
2018-08-19,16,316.0000,560.8022,805.2619,731.1201,1150.0000,2450.0000,3150.0000,3164.0326,3382.0000,2162.0000,1343.0000
2018-08-22,16,463.0000,680.7769,936.6419,901.6648,1317.9174,2381.0102,2951.0000,2946.9296,3155.4161,2067.0000,1382.0000
2018-08-22,16,548.0000,729.9196,964.9226,908.3515,1321.0000,2410.0000,2912.0000,2939.5773,3123.0000,2069.4884,1401.0000
2018-08-24,16,1383.0000,1244.0000,1306.0000,1058.0000,1463.0000,2403.0000,2882.0000,2866.0000,3094.0000,1809.0000,1145.0000
2018-08-24,16,1204.0000,1198.0000,1318.0000,1166.0000,1500.0000,2729.0000,3166.0000,2988.0000,3480.0000,1958.0000,1214.0000
2018-08-27,16,363.0000,409.9984,581.6395,509.5175,885.0000,1929.0000,2323.0000,2442.2658,2644.5043,1705.9441,990.0559
2018-08-27,16,399.0000,433.6594,592.9623,517.0012,887.0000,1916.4906,2364.0000,2419.9953,2584.2255,1712.5070,981.5575
2018-08-29,16,622.0000,833.0000,1022.8384,914.6662,1297.0000,2223.0000,2619.0000,2764.1615,2891.0602,2045.9360,1362.0261
2018-08-29,16,472.0000,760.4590,995.0000,913.6871,1278.0000,2191.0000,2610.0000,2740.0000,2786.2052,2010.3603,1323.0000
2018-09-01,16,-9999.0000,-9999.0000,-9999.0000,-9999.0000,-9999.0000,-9999.0000,-9999.0000,-9999.0000,-9999.0000,-9999.0000,-9999.0000
2018-09-01,16,-9999.0000,-9999.0000,-9999.0000,-9999.0000,-9999.0000,-9999.0000,-9999.0000,-9999.0000,-9999.0000,-9999.0000,-9999.0000
2018-09-03,16,467.0000,596.4940,810.0000,753.4851,1149.9517,2053.0000,2277.9211,2305.0000,2542.0000,2048.0000,1261.0000
2018-09-03,16,488.0000,506.2995,745.3333,712.6516,1107.0000,2021.0000,2347.0000,2295.3333,2521.0000,1993.0000,1200.0000
2018-09-06,16,67.0000,301.4971,574.8971,622.1652,944.0000,1620.5976,1861.0000,1862.9821,2056.0370,1773.0696,1158.0000
2018-09-06,16,516.0000,590.0000,741.0000,698.3422,1009.0569,1677.0000,1893.0048,1894.4057,2078.0000,1745.2663,1110.0000
2018-09-08,16,77.0000,405.8397,653.9426,720.5842,1086.0612,1809.9399,2087.9102,2170.7044,2294.5469,2157.5805,1565.5990
2018-09-08,16,198.0000,453.3603,680.9361,725.1414,1098.4901,1826.0000,2119.3934,2138.0000,2332.0000,2124.2197,1546.5044
2018-09-16,16,151.0000,406.6444,625.3074,758.0000,1028.4704,1419.0000,1627.1542,1608.1390,1814.8744,2116.1782,1596.8814
2018-09-16,16,567.0000,609.2395,713.4162,770.0000,1025.4918,1394.9715,1556.9994,1609.1724,1736.1085,2104.0000,1593.5922
2018-09-18,16,399.0000,1073.5579,1510.0000,2049.3333,2554.0000,2985.1478,3372.0000,3498.4697,3772.3073,4272.0000,3228.7490
2018-09-18,16,560.0000,1096.0000,1492.2569,1976.0000,2419.0000,2897.3388,3226.0020,3378.0000,3651.1203,4177.4510,3146.3128
2018-09-21,16,620.0000,1032.8017,1340.9286,1809.1418,2179.1105,2532.9056,2840.9952,2984.9592,3203.0000,3863.7573,3026.2560
2018-09-21,16,554.0000,1001.5000,1333.4356,1804.5335,2147.6339,2509.8026,2803.5018,2963.5707,3174.4980,3810.0000,2984.4902
2018-09-23,16,-9999.0000,-9999.0000,-9999.0000,-9999.0000,-9999.0000,-9999.0000,-9999.0000,-9999.0000,-9999.0000,-9999.0000,-9999.0000
2018-09-23,16,-9999.0000,-9999.0000,-9999.0000,-9999.0000,-9999.0000,-9999.0000,-9999.0000,-9999.0000,-9999.0000,-9999.0000,-9999.0000
2018-09-26,16,729.0000,1133.7333,1442.5439,1896.7755,2166.0681,2456.0000,2683.3068,3041.0000,3009.0749,3561.3678,2745.3513
2018-09-26,16,793.0000,1156.7140,1450.7134,1896.4899,2155.9429,2458.0000,2667.2257,3027.1239,2996.4325,3545.5464,2726.0000
2018-09-28,16,548.0000,1121.9427,1475.2853,1955.6229,2251.0751,2491.9509,2756.0631,2969.9968,3098.0000,3817.0937,3081.0000
2018-09-28,16,698.0000,1180.7911,1474.9431,1924.2235,2212.1315,2454.0000,2691.0000,2934.0500,3021.0000,3767.9701,3036.3722
2018-10-03,16,506.0000,1017.3582,1401.9815,1908.0970,2240.4593,2577.0000,2795.0000,3016.8888,3130.0000,3684.0000,2871.3605
2018-10-03,16,810.0000,1148.0000,1451.4190,1890.6877,2209.4763,2543.0000,2729.9955,2982.2156,3078.0000,3650.0000,2825.0178
2018-10-08,16,1100.0000,1526.0000,1824.0000,1985.1538,2342.0000,2806.0000,3146.0000,3278.0000,3369.0000,3437.0000,2902.0000
2018-10-08,16,1238.0000,1588.0000,1820.0000,1918.0000,2241.0000,2731.0000,3045.0000,3162.0000,3295.0000,3300.0000,2823.0000
2018-10-11,16,531.0000,953.0741,1204.0000,1532.1736,1803.0000,2056.9627,2258.0000,2394.3087,2521.0000,3266.2256,2805.8386
2018-10-11,16,-9999.0000,-9999.0000,-9999.0000,-9999.0000,-9999.0000,-9999.0000,-9999.0000,-9999.0000,-9999.0000,-9999.0000,-9999.0000
2018-10-13,16,697.0000,1009.8287,1285.0675,1626.4561,1915.3919,2227.0000,2369.0000,2550.9860,2682.0707,3508.6736,2889.5493
2018-10-13,16,614.0000,950.5014,1253.8110,1612.1146,1913.9973,2222.0000,2373.0000,2550.2600,2634.0000,3499.0000,2882.0000
2018-10-18,16,628.0000,1017.3301,1240.4090,1514.6611,1841.4904,2155.7516,2375.0000,2470.2613,2594.9441,3277.4182,2737.8014
2018-10-18,16,684.0000,1044.8787,1245.1292,1492.3057,1818.0541,2100.6867,2330.0000,2408.1379,2551.9559,3214.0000,2666.9872
2018-10-21,16,750.0000,1040.5304,1245.2780,1446.0000,1751.0000,2113.2623,2327.0000,2453.1840,2590.0000,3307.0000,2819.0006
2018-10-21,16,805.0000,1064.7687,1256.9488,1440.8565,1758.2565,2123.0000,2370.0000,2453.2806,2621.0000,3297.0000,2795.0000
2018-10-23,16,645.0000,1021.4866,1349.9385,1627.1970,1965.3684,2429.0000,2635.0000,2843.1648,2904.6245,3438.0000,2708.0000
2018-10-23,16,819.0000,1101.1390,1368.9654,1588.4639,1895.0000,2314.9344,2491.4885,2712.9083,2736.4425,3310.0154,2669.0000
2018-10-31,16,401.0000,741.3097,988.5707,1156.8903,1541.0326,1979.6014,2190.1682,2364.0866,2459.0000,2557.6612,1938.1206
2018-10-31,16,457.0000,774.6667,1017.9145,1162.6057,1548.0000,1994.0000,2194.9414,2346.0000,2510.0000,2557.0000,1956.0000
2018-11-05,16,-9999.0000,-9999.0000,-9999.0000,-9999.0000,-9999.0000,-9999.0000,-9999.0000,-9999.0000,-9999.0000,-9999.0000,-9999.0000
2018-11-05,16,-9999.0000,-9999.0000,-9999.0000,-9999.0000,-9999.0000,-9999.0000,-9999.0000,-9999.0000,-9999.0000,-9999.0000,-9999.0000
2018-11-12,16,-9999.0000,-9999.0000,-9999.0000,-9999.0000,-9999.0000,-9999.0000,-9999.0000,-9999.0000,-9999.0000,-9999.0000,-9999.0000
2018-11-12,16,-9999.0000,-9999.0000,-9999.0000,-9999.0000,-9999.0000,-9999.0000,-9999.0000,-9999.0000,-9999.0000,-9999.0000,-9999.0000
2018-11-15,16,599.0000,828.5302,1128.7310,1200.7734,1644.0000,2196.7679,2377.0518,2546.4719,2621.0000,2794.0000,2033.0000
2018-11-15,16,645.0000,862.3333,1153.6591,1205.1563,1649.4060,2215.0000,2381.0000,2556.2452,2625.0000,2774.0000,2040.4952
2018-11-17,16,342.0000,729.9786,1036.0000,1197.0180,1704.0000,2394.7644,2592.0000,2874.6667,2873.0000,3158.0000,2379.5250
2018-11-17,16,617.0000,905.6615,1129.7431,1217.5312,1658.0237,2268.3518,2429.5481,2684.0000,2665.0000,3004.3035,2284.0000
2018-12-05,16,-9999.0000,-9999.0000,-9999.0000,-9999.0000,-9999.0000,-9999.0000,-9999.0000,-9999.0000,-9999.0000,-9999.0000,-9999.0000
2018-12-07,16,759.0000,1021.0000,1186.0000,1226.0000,1636.0000,2189.9576,2397.0000,2523.4518,2609.0059,2138.0886,1412.0000
2018-12-12,16,268.0000,529.9873,869.0662,1073.1515,1565.0000,2312.0000,2554.0000,2870.9967,2846.0000,2501.0000,1631.0000
2018-12-12,16,424.0000,631.0000,917.9793,1078.0000,1536.4610,2227.0000,2428.7918,2757.0206,2723.4950,2451.0000,1608.7741
2018-12-15,16,459.0000,686.3333,909.6667,1066.0000,1525.0873,2144.0000,2346.0000,2592.0000,2563.0000,2450.0000,1676.8816
2018-12-15,16,404.0000,636.6512,882.0000,1050.0000,1518.4744,2150.5009,2363.0000,2648.0000,2612.0000,2452.7967,1697.0000
2018-12-27,16,1081.0000,1187.1975,1314.0428,1457.0000,1970.0000,2648.0000,2866.0000,3255.2397,3181.0000,3087.0000,2191.0000
2018-12-30,16,348.0000,616.0000,794.7398,925.5000,1368.7349,1954.0000,2138.9010,2403.0141,2393.3728,1940.5224,1310.0000
2018-12-30,16,383.0000,644.0000,809.5778,936.2981,1397.9886,1985.2779,2154.0000,2419.7770,2443.9491,1962.0227,1316.0000
2019-01-01,16,1154.0000,1132.0000,1413.8370,1554.0000,2026.0000,2560.0000,2706.0000,2980.0000,2965.0000,2835.0000,2117.0000
2019-01-04,16,-9999.0000,-9999.0000,-9999.0000,-9999.0000,-9999.0000,-9999.0000,-9999.0000,-9999.0000,-9999.0000,-9999.0000,-9999.0000
2019-01-04,16,-9999.0000,-9999.0000,-9999.0000,-9999.0000,-9999.0000,-9999.0000,-9999.0000,-9999.0000,-9999.0000,-9999.0000,-9999.0000
2019-01-06,16,423.0000,762.0000,972.3750,1144.0000,1570.5414,2149.0000,2347.0604,2600.8519,2617.4926,2548.0000,1797.0143
2019-01-06,16,544.0000,818.6625,990.5639,1136.5916,1536.6672,2084.4372,2248.0000,2502.9522,2505.0000,2413.0830,1741.0000
2019-01-11,16,421.0000,626.0000,868.4483,1124.6875,1607.0000,2180.3886,2360.0000,2586.0000,2686.5047,2610.0000,1861.0000
2019-01-11,16,574.0000,730.8498,917.4688,1132.9331,1577.0000,2102.0000,2261.0000,2521.5012,2554.5390,2549.0000,1813.0000
2019-01-14,16,541.0000,754.3688,954.5357,1145.6844,1556.8853,2061.0000,2251.0000,2458.5969,2509.0000,2549.3741,1847.0000
2019-01-14,16,493.0000,716.5231,933.0000,1136.0000,1561.0000,2090.0000,2241.3989,2497.5975,2498.6420,2583.0000,1868.4084
2019-01-16,16,512.0000,864.3493,1068.0000,1254.0000,1712.0000,2244.0000,2423.0000,2682.3776,2691.5086,2817.4707,2083.0000
2019-01-16,16,432.0000,798.2875,1024.6948,1208.0000,1698.0000,2245.0177,2453.0000,2684.0000,2698.4174,2819.0000,2094.0000
2019-01-21,16,1279.0000,1354.0000,1476.0000,1538.0000,1824.0000,2146.0000,2222.0000,2402.0000,2342.4409,1831.0000,1454.0345
2019-01-24,16,763.0000,896.7330,1072.0000,1284.0000,1741.3399,2208.0000,2379.7800,2620.9937,2644.9883,2205.0000,1462.0000
2019-01-24,16,809.0000,935.0000,1092.0000,1290.0000,1730.6679,2191.0000,2383.0000,2620.8000,2658.0000,2213.8801,1470.0000
2019-01-29,16,942.0000,1208.0000,1370.0000,1525.3262,1961.0000,2488.0000,2658.0000,2973.5269,2902.0523,2407.0000,1812.0000
2019-01-29,16,853.0000,1156.0000,1352.0000,1532.4308,2001.0000,2549.4607,2720.0000,3033.3042,2978.0000,2426.0101,1801.0000
2019-01-31,16,603.0000,780.5813,988.9036,1232.4979,1689.4538,2227.8922,2425.0000,2634.0000,2707.5294,2785.0000,2049.6434
2019-01-31,16,571.0000,755.0000,956.9419,1204.0000,1669.6667,2220.1752,2395.9917,2612.1045,2684.6116,2772.0000,2013.0000
2019-02-03,16,-9999.0000,-9999.0000,-9999.0000,-9999.0000,-9999.0000,-9999.0000,-9999.0000,-9999.0000,-9999.0000,-9999.0000,-9999.0000
2019-02-05,16,283.0000,652.9548,905.9742,1180.0000,1674.0000,2323.3457,2547.0000,2802.7224,2795.0000,2714.9972,1969.0000
2019-02-05,16,414.0000,729.6887,945.0000,1173.2724,1647.0000,2258.6708,2457.0000,2736.0000,2717.2733,2680.0000,1929.4563
2019-02-08,16,393.0000,684.8450,884.7492,1113.0538,1545.9846,2097.4827,2290.0000,2523.2921,2544.9976,2646.4994,2041.0000
2019-02-08,16,524.0000,780.6605,941.9719,1141.7247,1553.3908,2081.5242,2289.9851,2500.9491,2508.6488,2610.6991,2010.7454
2019-02-13,16,241.0000,545.4712,856.6483,1121.2733,1572.4514,2186.0000,2339.0000,2555.2771,2636.6371,2633.5483,1900.0000
2019-02-13,16,437.0000,666.3881,924.7854,1140.0000,1573.0733,2170.0000,2352.0000,2522.9414,2584.4516,2590.0000,1867.0000
2019-02-15,16,444.0000,786.1630,1030.0000,1266.0000,1756.0182,2414.0000,2637.8949,2898.5857,2899.0000,2986.0000,2207.0000
2019-02-15,16,548.0000,841.0000,1056.8593,1272.8692,1733.6580,2352.0000,2548.3429,2834.0000,2838.0000,2954.8602,2169.9398
2019-02-18,16,-9999.0000,-9999.0000,-9999.0000,-9999.0000,-9999.0000,-9999.0000,-9999.0000,-9999.0000,-9999.0000,-9999.0000,-9999.0000
2019-02-18,16,-9999.0000,-9999.0000,-9999.0000,-9999.0000,-9999.0000,-9999.0000,-9999.0000,-9999.0000,-9999.0000,-9999.0000,-9999.0000
2019-02-23,16,283.0000,565.0000,784.7546,954.1426,1261.0000,1717.0000,1853.0000,2147.6081,2012.0000,2045.0000,1550.0000
2019-02-23,16,289.0000,554.4539,784.5000,954.0000,1261.3688,1767.0000,1870.0000,2180.4000,2043.4607,2074.0000,1552.0000
2019-02-25,16,539.0000,848.0000,1074.0000,1278.0000,1738.0000,2355.9093,2562.1925,2801.0921,2821.9934,3027.1372,2339.0000
2019-02-25,16,594.0000,866.2956,1077.5005,1256.8904,1709.6675,2301.6885,2499.3687,2744.4964,2757.0000,2974.0000,2321.4516
2019-02-28,16,427.0000,750.1885,1002.0324,1184.8000,1599.0000,2209.0000,2441.9648,2676.0000,2665.0000,2715.4770,2127.0000
2019-02-28,16,404.0000,733.4169,985.8029,1177.7342,1604.0000,2212.0000,2424.0000,2708.0000,2691.2987,2709.4136,2121.8886
2019-03-02,16,771.0000,846.6691,1002.0000,1108.2074,1463.0000,1805.0000,1947.0000,1932.0000,2146.0000,2286.0000,1721.0000
2019-03-02,16,895.0000,930.0000,1042.0000,1120.6624,1436.0000,1773.5984,1920.0000,1948.0000,2150.0000,2268.9922,1669.0000
2019-03-05,16,-9999.0000,-9999.0000,-9999.0000,-9999.0000,-9999.0000,-9999.0000,-9999.0000,-9999.0000,-9999.0000,-9999.0000,-9999.0000
2019-03-05,16,-9999.0000,-9999.0000,-9999.0000,-9999.0000,-9999.0000,-9999.0000,-9999.0000,-9999.0000,-9999.0000,-9999.0000,-9999.0000
2019-03-12,16,654.0000,1037.0149,1314.0000,1553.8576,1715.0000,2026.2962,2165.6567,2360.0000,2348.0000,2633.3550,2160.0000
2019-03-12,16,664.0000,1026.0000,1298.0000,1524.4912,1683.0000,2026.2418,2134.9175,2346.5123,2314.0000,2611.0000,2133.1752
2019-03-15,16,604.0000,869.9808,1085.0526,1310.0000,1501.2899,1866.0636,1995.6045,2059.5150,2225.0000,2430.0000,1942.0000
2019-03-15,16,598.0000,861.8332,1076.9861,1312.5220,1505.4740,1853.5310,1990.0000,2075.3319,2228.0000,2386.0000,1950.0000
2019-03-20,16,507.0000,821.0000,1036.0000,1172.4522,1460.7886,1898.0000,2040.0000,2219.9623,2246.0000,2294.0000,1906.0000
2019-03-20,16,559.0000,836.9491,1046.0000,1169.6631,1461.0826,1864.9995,2079.0000,2227.0000,2234.0000,2301.9045,1905.0152
2019-03-22,16,760.0000,1198.0000,1498.0000,1745.0000,1956.1222,2446.0000,2542.0000,2754.6667,2751.0000,2926.2953,2380.3964
2019-03-22,16,838.0000,1224.0000,1506.0000,1739.0000,1893.2992,2387.0000,2555.4380,2722.2534,2732.9990,2881.0560,2333.5042
2019-03-25,16,974.0000,1217.3333,1418.0000,1540.6667,1813.2898,2224.0000,2390.5486,2442.9961,2537.0000,2579.0000,2131.9341
2019-03-25,16,974.0000,1221.0059,1400.9800,1538.0000,1825.7581,2255.0000,2462.5393,2482.6816,2613.0000,2603.5586,2122.0000
2019-03-27,16,-9999.0000,-9999.0000,-9999.0000,-9999.0000,-9999.0000,-9999.0000,-9999.0000,-9999.0000,-9999.0000,-9999.0000,-9999.0000
2019-03-27,16,-9999.0000,-9999.0000,-9999.0000,-9999.0000,-9999.0000,-9999.0000,-9999.0000,-9999.0000,-9999.0000,-9999.0000,-9999.0000
2019-03-30,16,917.0000,1218.0000,1444.0052,1537.2624,1827.8179,2476.6351,2636.0701,2811.0160,2773.5193,2553.7982,2115.1236
2019-03-30,16,1018.0000,1253.3333,1457.5000,1539.3333,1817.6457,2458.0000,2630.7543,2801.4050,2769.5015,2505.0000,2110.0000
2019-04-01,16,1040.0000,1464.0000,1790.0000,2003.5844,2193.5668,3004.9738,3139.0763,3283.9310,3298.5173,3154.0000,2511.0000
2019-04-01,16,1124.0000,1438.0000,1753.0000,1955.0000,2135.0000,2931.9696,3092.0000,3227.3856,3285.0000,3101.0000,2468.9964
2019-04-06,16,1463.0000,1592.0000,1844.0000,1826.0000,2364.0000,3238.0000,3549.0000,3607.8875,3623.0000,2731.0000,2050.0000
2019-04-06,16,1593.0000,1713.7466,1924.0000,1858.9091,2370.5703,3229.0745,3475.0000,3622.6667,3590.0000,2648.0889,2013.0000
2019-04-16,16,1080.0000,1611.3663,1888.0000,2106.6702,2405.0000,2749.0000,2878.0000,3051.4869,2960.0000,2876.0000,2515.0000
2019-04-16,16,1159.0000,1587.3333,1836.0000,2050.9091,2343.0000,2676.0000,2821.0000,2987.6367,2919.0000,2830.0000,2549.4959
2019-04-19,16,900.0000,1355.1184,1608.0000,1844.2860,2131.0000,2587.0000,2751.0000,2928.6667,2847.0000,2783.0000,2655.0000
2019-04-19,16,1000.0000,1362.4939,1606.0000,1815.8254,2073.0000,2540.0000,2715.0000,2917.0000,2821.0000,2749.5350,2623.0000
2019-04-21,16,2000.0000,2249.7102,2497.0202,2619.7373,2922.3007,3319.0000,3464.5522,3649.7357,3562.0000,3290.6771,2940.5434
2019-04-21,16,1971.0000,2144.9685,2374.0000,2483.1452,2768.4985,3171.0000,3318.0000,3524.1235,3426.0000,3209.0000,2883.2689
2019-04-24,16,-9999.0000,-9999.0000,-9999.0000,-9999.0000,-9999.0000,-9999.0000,-9999.0000,-9999.0000,-9999.0000,-9999.0000,-9999.0000
2019-05-01,16,775.0000,1057.0607,1292.9548,1485.4823,1696.0000,1888.0000,1943.8618,2022.8645,2056.3522,2166.0000,1730.0000
2019-05-01,16,813.0000,1052.8527,1281.5034,1460.3213,1665.0000,1873.5350,1938.7932,2023.7192,2040.5511,2118.0000,1700.0000
2019-05-06,16,-9999.0000,-9999.0000,-9999.0000,-9999.0000,-9999.0000,-9999.0000,-9999.0000,-9999.0000,-9999.0000,-9999.0000,-9999.0000
2019-05-06,16,-9999.0000,-9999.0000,-9999.0000,-9999.0000,-9999.0000,-9999.0000,-9999.0000,-9999.0000,-9999.0000,-9999.0000,-9999.0000
2019-05-09,16,-9999.0000,-9999.0000,-9999.0000,-9999.0000,-9999.0000,-9999.0000,-9999.0000,-9999.0000,-9999.0000,-9999.0000,-9999.0000
2019-05-16,16,-9999.0000,-9999.0000,-9999.0000,-9999.0000,-9999.0000,-9999.0000,-9999.0000,-9999.0000,-9999.0000,-9999.0000,-9999.0000
2019-05-16,16,-9999.0000,-9999.0000,-9999.0000,-9999.0000,-9999.0000,-9999.0000,-9999.0000,-9999.0000,-9999.0000,-9999.0000,-9999.0000
2019-05-24,16,1099.0000,1731.4530,2233.3709,2312.3309,2906.0000,3386.5186,3499.0000,3492.6420,3613.0917,3491.0000,2886.3083
2019-05-24,16,1189.0000,1632.0000,2099.3182,2179.8928,2737.4563,3234.0000,3369.0000,3394.8187,3528.0000,3409.0000,2885.3009
2019-05-26,16,1379.0000,2073.6887,2521.6692,2517.3641,3155.2235,3769.8344,4085.0000,4145.2830,4188.1215,3762.8120,3224.9308
2019-05-31,16,691.0000,1083.4727,1650.6597,1403.2076,2220.4462,3226.8932,3377.0000,3431.4363,3498.0000,2725.4492,1825.6734
2019-05-31,16,790.0000,1072.0000,1586.6005,1369.8410,2157.1165,3159.0000,3323.0000,3320.7769,3407.0000,2672.3961,1802.8447
2019-06-03,16,931.0000,1452.9822,2005.9048,1877.3333,2773.6972,3832.0000,4109.9201,4091.4980,4255.0000,3432.1857,2630.8956
2019-06-03,16,1046.0000,1418.7118,1918.0000,1833.9078,2632.3837,3674.1935,3977.0000,3948.9903,4134.0000,3366.2693,2585.0000
2019-06-05,16,-9999.0000,-9999.0000,-9999.0000,-9999.0000,-9999.0000,-9999.0000,-9999.0000,-9999.0000,-9999.0000,-9999.0000,-9999.0000
2019-06-05,16,-9999.0000,-9999.0000,-9999.0000,-9999.0000,-9999.0000,-9999.0000,-9999.0000,-9999.0000,-9999.0000,-9999.0000,-9999.0000
2019-06-13,16,925.0000,1401.5865,1955.7200,1816.0000,2802.6375,3964.2666,4264.3491,4308.5000,4424.0000,3300.0119,2470.0006
2019-06-13,16,1017.0000,1417.9099,1962.7407,1816.0000,2797.0000,3948.8611,4216.0000,4297.5244,4415.0000,3283.8967,2452.0000
2019-06-15,16,1543.0000,1910.0000,2364.2844,2202.2845,2996.0000,3966.0000,4342.0000,4384.0000,4457.0000,3322.6197,2639.0000
2019-06-15,16,-9999.0000,-9999.0000,-9999.0000,-9999.0000,-9999.0000,-9999.0000,-9999.0000,-9999.0000,-9999.0000,-9999.0000,-9999.0000
2019-06-18,16,836.0000,1442.4006,1986.6174,1864.1492,2774.0000,3813.9638,4180.1135,4195.6667,4361.3477,3401.1012,2698.6693
2019-06-18,16,951.0000,1435.2057,1924.0000,1834.3832,2660.2675,3673.0000,4032.0000,4064.0000,4229.8171,3366.8728,2678.2186
2019-06-20,16,1095.0000,1508.6667,2002.0930,1953.7688,2819.2647,3932.5291,4202.1304,4226.3740,4489.4756,3681.0959,2771.7861
2019-06-20,16,1181.0000,1500.0140,1972.0000,1937.0000,2779.0781,3911.0000,4193.5141,4184.0000,4434.0000,3667.2182,2761.9020
2019-06-23,16,646.0000,937.0000,1309.1930,1209.9354,1907.6184,2920.5184,3212.9916,3188.0933,3399.0000,2539.2710,1778.9078
2019-06-23,16,623.0000,926.5091,1332.5993,1218.7871,1933.0000,2989.0000,3286.8685,3266.1092,3477.0811,2571.6988,1794.2984
2019-06-25,16,961.0000,1329.2604,1698.7766,1692.9056,2369.0000,3421.5522,3852.6204,3897.7045,4071.0000,3531.9416,2748.4888
2019-06-25,16,1024.0000,1338.6537,1682.7632,1665.8057,2308.0000,3353.6676,3792.6042,3796.0000,3989.0000,3499.9739,2732.0144
2019-06-28,16,778.0000,1210.0411,1579.3802,1595.4506,2159.0000,3173.1051,3603.0000,3658.0000,3803.0000,3179.4744,2493.5478
2019-06-28,16,904.0000,1222.0000,1547.7164,1563.2727,2107.0249,3074.4293,3509.0000,3553.5000,3709.1884,3138.8247,2476.0000
2019-06-30,16,924.0000,1340.2939,1737.3439,1797.8844,2390.0000,3561.3364,3907.8794,4099.1559,4123.0000,3451.2139,2580.8379
2019-06-30,16,988.0000,1338.2418,1737.6236,1781.8582,2372.0000,3525.0000,3892.0000,4068.6807,4120.0040,3459.2319,2592.9027
2019-07-03,16,722.0000,1148.9900,1522.5500,1574.0000,2126.5963,3277.0000,3691.6578,3732.8084,3965.0000,3193.0000,2323.5264
2019-07-03,16,893.0000,1180.7691,1507.4539,1529.0432,2053.0630,3122.1657,3514.7751,3539.5184,3772.2008,3121.7689,2300.8086
2019-07-05,16,820.0000,1227.0789,1580.5000,1617.6966,2129.5178,3258.0000,3759.0000,3840.5580,3964.6374,3329.0000,2520.8979
2019-07-05,16,881.0000,1243.4195,1573.0000,1618.5563,2126.0000,3238.6173,3732.5636,3803.0636,3956.0010,3332.4503,2512.0000
2019-07-08,16,1251.0000,1440.9186,1656.0000,1596.9915,2038.0000,3032.0000,3476.0000,3480.5258,3625.6860,2652.0000,2059.0000
2019-07-10,16,812.0000,1098.0079,1452.8441,1448.0000,1978.5242,3278.6496,3689.0000,3836.1932,3947.7961,3068.4965,2232.0000
2019-07-10,16,864.0000,1099.5787,1419.0890,1442.0648,1954.0109,3202.3486,3629.0000,3739.5603,3876.5456,3051.2582,2210.7553
2019-07-13,16,770.0000,933.4000,1177.9205,1163.1156,1609.0000,2754.1350,3212.0000,3219.8111,3442.1519,2691.0000,1952.0000
2019-07-13,16,897.0000,1029.3546,1229.6987,1200.6242,1612.0000,2680.9379,3099.2443,3121.3920,3347.1642,2642.0000,1937.3584
2019-07-20,16,753.0000,963.5606,1251.7001,1283.9751,1736.9526,2993.6186,3467.0000,3498.6667,3691.7538,2859.4052,2072.0000
2019-07-20,16,797.0000,980.6744,1250.2892,1275.6626,1736.9361,2961.0000,3413.5032,3451.0258,3633.3046,2865.4622,2094.0000
2019-07-23,16,560.0000,848.0000,1136.0226,1187.0267,1596.0417,2686.0000,3158.0000,3172.6667,3394.0000,2648.0000,1930.0910
2019-07-23,16,660.0000,899.6949,1145.3934,1203.7257,1573.6033,2653.0000,3121.5814,3107.3333,3337.0548,2643.0000,1916.0000
2019-07-25,16,787.0000,1032.9263,1260.0243,1267.0752,1690.2207,2693.5000,3228.4987,3209.6832,3481.6844,2867.4150,2123.5685
2019-07-25,16,792.0000,1028.8658,1258.9565,1266.6579,1690.3548,2692.9105,3234.9831,3226.7234,3474.3204,2884.4639,2140.0000
2019-07-30,16,551.0000,747.6103,1050.2533,1044.3682,1495.0000,2688.4732,3044.2514,3012.1453,3290.0966,2600.0000,1926.5260
2019-07-30,16,711.0000,852.5414,1090.6598,1066.1124,1500.8507,2611.8366,2964.3544,2920.5225,3178.4863,2570.0000,1906.7328
2019-08-04,16,465.0000,717.9319,972.5470,932.4547,1372.4096,2507.6851,2998.0000,3014.0000,3162.7627,2490.0696,1837.3793
2019-08-04,16,634.0000,800.8167,1018.7494,964.6494,1370.0000,2444.0000,2906.5333,2948.4458,3057.8426,2460.1286,1812.3133
2019-08-09,16,412.0000,558.2680,818.2040,755.5005,1169.7367,2305.6454,2664.4399,2614.0235,2889.4538,2169.0000,1441.9551
2019-08-09,16,512.0000,616.8174,844.9782,781.4198,1171.0000,2282.4433,2626.0194,2614.3337,2786.8540,2141.9833,1416.6073
2019-08-12,16,-9999.0000,-9999.0000,-9999.0000,-9999.0000,-9999.0000,-9999.0000,-9999.0000,-9999.0000,-9999.0000,-9999.0000,-9999.0000
2019-08-14,16,432.0000,609.3414,841.9155,754.7464,1192.6762,2394.4404,2893.0000,2920.0000,3064.0000,2211.0617,1529.6377
2019-08-14,16,492.0000,653.1862,860.7321,779.2403,1194.4690,2358.0000,2867.0000,2904.5541,3034.3728,2211.9754,1506.9836
2019-08-17,16,335.0000,549.2287,805.6022,747.4752,1164.0000,2322.0566,2793.6385,2837.3868,2997.0000,2106.2837,1469.4921
2019-08-17,16,411.0000,589.4793,825.6177,763.3178,1177.0000,2316.9949,2787.8890,2818.6667,2987.0000,2094.0000,1470.0000
2019-08-19,16,558.0000,786.6883,1090.8108,1074.0000,1498.3477,2731.0000,3113.0000,3142.9416,3362.0000,2518.5196,1732.5338
2019-08-19,16,690.0000,869.3561,1124.0000,1067.0363,1476.0000,2669.1645,3061.3620,3065.0183,3266.3479,2460.0000,1715.2748
2019-08-24,16,1478.0000,1556.0000,1654.0000,1526.0000,1974.0000,2923.0000,3475.0000,3330.0000,3623.0000,2710.0000,1914.0000
2019-08-24,16,1777.0000,1650.0000,1744.0000,1578.0000,2046.0614,3054.2605,3564.9988,3492.0000,3758.0006,2709.0000,1918.4950
2019-08-27,16,534.0000,726.0257,927.0000,876.1488,1288.0000,2325.4158,2787.9825,2777.2433,3010.0000,2237.2381,1602.0793
2019-08-27,16,581.0000,745.0000,941.7762,876.8429,1297.5249,2320.0000,2784.4988,2777.3333,3016.4597,2244.1375,1582.3185
2019-08-29,16,762.0000,862.3636,1089.3333,1034.0705,1429.0000,2548.4971,2903.0000,2890.4349,3177.0000,2472.7191,1687.0000
2019-08-29,16,604.0000,753.2667,1043.6974,987.2500,1468.0000,2621.0000,2989.9806,2967.1921,3256.0000,2525.0061,1715.0000
2019-09-01,16,576.0000,754.3859,1006.0000,1003.5000,1408.0000,2369.7573,2752.0000,2748.4280,3026.9397,2354.5200,1600.0000
2019-09-01,16,599.0000,766.0000,1012.6928,1002.4980,1412.0000,2364.6849,2740.0000,2764.3979,3011.7183,2350.0000,1617.7395
2019-09-03,16,322.0000,538.2261,797.0952,788.3860,1247.0000,2298.3211,2731.0000,2793.4243,2914.5861,2179.4110,1434.0000
2019-09-03,16,409.0000,589.3044,825.4642,801.2068,1241.3964,2270.0000,2666.0000,2773.4301,2905.4626,2171.4719,1431.0000
2019-09-11,16,351.0000,458.5449,682.6731,605.8804,1050.2784,1987.0026,2256.9499,2327.4224,2471.0000,1778.0000,1088.9394
2019-09-11,16,386.0000,480.0000,688.3280,612.8167,1052.0000,1971.0000,2258.0000,2340.0743,2442.0000,1764.0000,1093.7331
2019-09-13,16,269.0000,461.5238,705.9958,645.5428,1125.2104,2139.4699,2449.4435,2504.0255,2648.0000,2075.0000,1338.6304
2019-09-13,16,323.0000,494.4757,725.0000,654.4185,1145.0202,2083.0000,2394.0000,2501.6170,2651.4985,2083.3569,1354.9663
2019-09-16,16,328.0000,486.0859,724.9756,621.8889,1108.0000,2054.4408,2369.4874,2407.6425,2562.7367,1957.0835,1329.0000
2019-09-16,16,373.0000,517.9958,738.0000,636.7371,1118.0000,2043.3795,2369.0000,2417.2331,2587.2444,1972.0000,1314.0000
2019-09-18,16,-9999.0000,-9999.0000,-9999.0000,-9999.0000,-9999.0000,-9999.0000,-9999.0000,-9999.0000,-9999.0000,-9999.0000,-9999.0000
2019-09-18,16,-9999.0000,-9999.0000,-9999.0000,-9999.0000,-9999.0000,-9999.0000,-9999.0000,-9999.0000,-9999.0000,-9999.0000,-9999.0000
2019-09-21,16,278.0000,457.4969,725.2783,715.0931,1184.0000,2180.0000,2467.0000,2661.6831,2737.0000,2105.0000,1369.0000
2019-09-21,16,349.0000,510.7413,761.1879,732.4120,1193.0000,2163.5166,2444.0000,2649.0492,2708.0000,2113.9056,1377.0645
2019-09-28,16,1730.0000,1612.0000,1698.0000,1405.1268,1876.0000,2939.0407,3244.4132,3160.8816,3442.4478,2385.7270,1482.0000
2019-09-28,16,1747.0000,1560.8745,1669.2386,1376.6754,1807.0000,2878.0000,3159.0000,3146.2329,3404.5310,2371.3924,1439.0000
2019-10-01,16,-9999.0000,-9999.0000,-9999.0000,-9999.0000,-9999.0000,-9999.0000,-9999.0000,-9999.0000,-9999.0000,-9999.0000,-9999.0000
2019-10-01,16,-9999.0000,-9999.0000,-9999.0000,-9999.0000,-9999.0000,-9999.0000,-9999.0000,-9999.0000,-9999.0000,-9999.0000,-9999.0000
2019-10-08,16,-9999.0000,-9999.0000,-9999.0000,-9999.0000,-9999.0000,-9999.0000,-9999.0000,-9999.0000,-9999.0000,-9999.0000,-9999.0000
2019-10-08,16,-9999.0000,-9999.0000,-9999.0000,-9999.0000,-9999.0000,-9999.0000,-9999.0000,-9999.0000,-9999.0000,-9999.0000,-9999.0000
2019-10-11,16,213.0000,342.5449,564.5000,519.0000,956.0000,1901.0000,2161.0000,2264.1014,2387.0000,1844.0323,1170.0000
2019-10-11,16,294.0000,398.3659,602.0000,540.6787,971.0000,1906.9916,2156.0000,2230.7505,2413.0000,1840.0000,1144.9752
2019-10-16,16,207.0000,394.6331,568.3699,502.9743,928.9771,1915.2842,2228.4961,2311.7101,2449.6864,1740.5086,1149.0098
2019-10-16,16,266.0000,430.0000,588.0000,518.5070,928.0000,1885.0000,2160.0000,2300.0000,2464.0000,1749.4113,1149.0958
2019-10-21,16,-9999.0000,-9999.0000,-9999.0000,-9999.0000,-9999.0000,-9999.0000,-9999.0000,-9999.0000,-9999.0000,-9999.0000,-9999.0000
2019-10-21,16,-9999.0000,-9999.0000,-9999.0000,-9999.0000,-9999.0000,-9999.0000,-9999.0000,-9999.0000,-9999.0000,-9999.0000,-9999.0000
2019-10-23,16,361.0000,630.3806,888.9719,934.3904,1467.0000,2323.3181,2661.0000,2807.3106,2952.0000,2781.4569,1964.0000
2019-10-23,16,384.0000,646.6582,901.1350,934.0000,1472.0000,2355.8100,2610.0000,2789.6982,2908.8750,2778.4438,1953.0000
2019-10-26,16,335.0000,601.0000,850.0000,879.0000,1369.0000,2203.3493,2494.9115,2675.5319,2820.4528,2506.0000,1858.0000
2019-10-26,16,307.0000,583.0000,832.3826,862.1680,1355.0000,2229.0000,2513.0000,2700.0726,2787.0000,2523.4796,1873.5015
2019-10-28,16,-9999.0000,-9999.0000,-9999.0000,-9999.0000,-9999.0000,-9999.0000,-9999.0000,-9999.0000,-9999.0000,-9999.0000,-9999.0000
2019-10-31,16,-9999.0000,-9999.0000,-9999.0000,-9999.0000,-9999.0000,-9999.0000,-9999.0000,-9999.0000,-9999.0000,-9999.0000,-9999.0000
2019-11-07,16,77.0000,308.7183,733.3460,677.5826,1384.0000,2681.0000,2936.2447,3095.1577,3207.7614,2293.0000,1419.0000
2019-11-07,16,388.0000,543.0000,856.9406,773.3400,1384.9913,2528.0000,2752.5085,2917.9550,3022.0000,2200.0000,1401.0000
2019-11-10,16,332.0000,524.0000,825.9308,766.0000,1362.1097,2413.9692,2652.8235,2858.4316,2951.0000,2177.4776,1365.0000
2019-11-10,16,355.0000,540.2675,832.7245,777.0000,1378.0000,2460.0000,2690.0066,2886.9553,2938.9394,2145.0000,1376.0000
2019-11-30,16,-9999.0000,-9999.0000,-9999.0000,-9999.0000,-9999.0000,-9999.0000,-9999.0000,-9999.0000,-9999.0000,-9999.0000,-9999.0000
2019-11-30,16,-9999.0000,-9999.0000,-9999.0000,-9999.0000,-9999.0000,-9999.0000,-9999.0000,-9999.0000,-9999.0000,-9999.0000,-9999.0000
2019-12-05,16,922.0000,1164.0000,1368.0000,1312.0000,1730.0000,2429.0000,2651.0000,2931.0000,2939.0000,2422.0000,1721.0000
2019-12-05,16,869.0000,1134.0000,1392.0000,1380.0000,1851.0000,2645.0000,2945.0000,3326.0000,3230.0000,2740.0000,2009.0000
2019-12-07,16,418.0000,635.0000,1012.4058,994.0000,1706.4744,2836.0745,3108.7859,3380.4608,3476.5510,2653.0000,1666.1018
2019-12-07,16,619.0000,789.9079,1092.7167,1040.3388,1694.0000,2741.0000,2997.0000,3268.8885,3345.0000,2563.4994,1596.0000
2019-12-10,16,290.0000,457.7869,745.6125,707.0000,1307.5418,2155.2906,2352.9820,2598.6831,2660.5486,1973.0000,1215.0000
2019-12-10,16,328.0000,482.3117,756.5917,722.0000,1291.0000,2154.0000,2331.1973,2583.2740,2648.0000,1956.9257,1168.0000
2019-12-25,16,441.0000,689.2081,881.5561,865.5000,1336.5628,1970.0000,2180.0000,2406.0000,2432.5000,1756.0000,1148.4355
2019-12-25,16,487.0000,709.3198,892.7757,878.5973,1365.9551,1989.9861,2190.0000,2455.1179,2451.0000,1771.0000,1146.0000
2019-12-27,16,-9999.0000,-9999.0000,-9999.0000,-9999.0000,-9999.0000,-9999.0000,-9999.0000,-9999.0000,-9999.0000,-9999.0000,-9999.0000
2019-12-27,16,-9999.0000,-9999.0000,-9999.0000,-9999.0000,-9999.0000,-9999.0000,-9999.0000,-9999.0000,-9999.0000,-9999.0000,-9999.0000
2019-12-30,16,357.0000,509.2152,746.1356,793.0305,1315.0000,1938.9559,2131.0000,2375.0093,2428.0000,2009.5769,1262.5693
2019-12-30,16,406.0000,548.2756,764.2547,802.0000,1308.0000,1948.5776,2098.0000,2404.6693,2441.0000,1978.0000,1251.0000
2020-01-01,16,4.0000,325.7503,589.3498,724.8028,1314.3203,1996.0000,2254.0000,2585.1640,2521.0000,2222.0000,1436.0000
2020-01-01,16,342.0000,582.1943,761.6863,820.7056,1312.8258,1957.1659,2126.0000,2454.0396,2411.4585,2104.0000,1372.3315
2020-01-04,16,375.0000,685.5340,910.0000,1010.0159,1570.0000,2220.9034,2472.0000,2759.2577,2731.6913,2275.0000,1576.4923
2020-01-04,16,472.0000,752.6667,960.3530,1048.0000,1565.0000,2221.5870,2449.0000,2744.4770,2752.0000,2235.6415,1578.0000
2020-01-06,16,-9999.0000,-9999.0000,-9999.0000,-9999.0000,-9999.0000,-9999.0000,-9999.0000,-9999.0000,-9999.0000,-9999.0000,-9999.0000
2020-01-09,16,643.0000,788.4843,993.5604,1060.9139,1497.8611,1961.7412,2116.9420,2290.8232,2314.0000,2193.0661,1549.5166
2020-01-09,16,623.0000,772.0000,973.6850,1053.0295,1477.0012,1962.0000,2091.0000,2296.3403,2337.9106,2199.0000,1543.0000
2020-01-11,16,2.0000,337.5089,597.4255,773.3333,1365.3548,2001.0000,2248.0000,2534.5131,2574.0000,2366.4858,1556.0000
2020-01-11,16,376.0000,617.0000,783.0000,872.4109,1382.0000,1910.9013,2117.5323,2400.0000,2393.0486,2251.2569,1508.1304
2020-01-14,16,429.0000,676.3537,832.0000,917.0437,1369.0000,1865.0000,2075.5273,2331.0000,2369.9729,2113.0147,1483.4667
2020-01-14,16,346.0000,606.1598,784.4315,888.7489,1374.0000,1890.2805,2152.0000,2388.1048,2404.0000,2126.0000,1485.1603
2020-01-16,16,-9999.0000,-9999.0000,-9999.0000,-9999.0000,-9999.0000,-9999.0000,-9999.0000,-9999.0000,-9999.0000,-9999.0000,-9999.0000
2020-01-16,16,-9999.0000,-9999.0000,-9999.0000,-9999.0000,-9999.0000,-9999.0000,-9999.0000,-9999.0000,-9999.0000,-9999.0000,-9999.0000
2020-01-19,16,-9999.0000,-9999.0000,-9999.0000,-9999.0000,-9999.0000,-9999.0000,-9999.0000,-9999.0000,-9999.0000,-9999.0000,-9999.0000
2020-01-21,16,403.0000,637.3567,807.0000,946.0000,1405.3966,1969.4709,2148.0000,2422.7388,2433.0000,2388.4105,1650.3008
2020-01-21,16,456.0000,664.9849,825.4704,953.7259,1420.5524,1938.2076,2122.0000,2411.9459,2380.0000,2370.4856,1637.4542
2020-01-24,16,494.0000,680.2985,948.2030,1125.8854,1588.0000,2026.2199,2241.7759,2418.0194,2529.4790,2233.8501,1631.0000
2020-01-24,16,636.0000,764.2743,1004.5248,1152.8129,1599.0000,2050.0347,2235.8351,2408.0000,2490.0065,2228.0000,1621.1831
2020-01-29,16,-9999.0000,-9999.0000,-9999.0000,-9999.0000,-9999.0000,-9999.0000,-9999.0000,-9999.0000,-9999.0000,-9999.0000,-9999.0000
2020-01-29,16,-9999.0000,-9999.0000,-9999.0000,-9999.0000,-9999.0000,-9999.0000,-9999.0000,-9999.0000,-9999.0000,-9999.0000,-9999.0000
2020-01-31,16,883.0000,1134.0000,1212.0000,1232.0000,1592.0000,1962.8213,2120.0000,2298.7872,2319.0000,2262.4715,1648.0000
2020-02-05,16,190.0000,425.9401,689.5526,913.0000,1309.3452,1749.0000,1932.7927,2164.0000,2174.0000,2380.6226,1729.0000
2020-02-05,16,415.0000,588.8016,797.5216,953.0995,1329.0779,1708.0000,1898.0000,2119.4050,2065.0000,2333.0000,1697.5460
2020-02-08,16,589.0000,724.0000,822.3190,929.3808,1030.0069,1073.0000,1152.0000,1203.0136,1236.0030,1533.5316,1234.0000
2020-02-08,16,607.0000,722.3414,824.6062,925.4568,1016.6531,1067.7689,1147.7445,1202.1355,1221.0000,1497.0000,1228.0000
2020-02-13,16,1041.0000,1246.0000,1314.0000,1384.0000,1526.0000,1655.0000,1746.0000,1811.5280,1842.4563,1981.0000,1693.0699
2020-02-13,16,1077.0000,1254.0000,1328.0000,1406.0000,1583.0000,1700.0000,1802.0000,1890.8017,1871.0000,1957.9832,1698.0000
2020-02-15,16,1114.0000,1062.0000,1186.0000,1314.0000,1497.0000,1600.0000,1645.2030,1666.6701,1765.0000,1818.4940,1512.0000
2020-02-15,16,1136.0000,1080.0000,1204.0000,1316.0000,1486.0146,1572.0000,1643.2640,1675.0349,1746.0000,1805.0000,1496.0000
2020-02-18,16,1604.0000,1582.0000,1576.0000,1534.0000,1698.0000,1828.0000,1876.4541,1891.7515,1904.0000,1821.0000,1418.0276
2020-02-18,16,1540.0000,1536.0000,1550.0000,1522.0000,1712.5103,1861.0000,1914.0000,1924.7259,1965.5378,1855.0000,1436.4529
2020-02-20,16,154.0000,448.8835,553.8839,705.9260,774.4301,809.0000,865.0220,924.4032,923.0000,1206.0000,1025.0000
2020-02-20,16,173.0000,466.2595,561.6637,705.0000,778.0000,807.0000,855.0000,933.1150,936.6935,1188.0000,1014.0000
2020-02-28,16,625.0000,993.8289,1189.3071,1411.4365,1486.0304,1541.0000,1624.0000,1804.2566,1772.0000,2124.4492,1821.5154
2020-02-28,16,655.0000,1013.0000,1198.0000,1418.5598,1495.0000,1533.6127,1631.0000,1803.7809,1759.0000,2152.5137,1824.3995
2020-03-06,16,636.0000,817.9460,977.0365,1193.4956,1322.8393,1393.0000,1453.7004,1514.9707,1534.0000,1754.0000,1327.0000
2020-03-06,16,587.0000,785.4791,957.4393,1192.0000,1338.2992,1372.0000,1428.4870,1500.3829,1538.0000,1745.0000,1322.5719
2020-03-09,16,-9999.0000,-9999.0000,-9999.0000,-9999.0000,-9999.0000,-9999.0000,-9999.0000,-9999.0000,-9999.0000,-9999.0000,-9999.0000
2020-03-11,16,-9999.0000,-9999.0000,-9999.0000,-9999.0000,-9999.0000,-9999.0000,-9999.0000,-9999.0000,-9999.0000,-9999.0000,-9999.0000
2020-03-11,16,-9999.0000,-9999.0000,-9999.0000,-9999.0000,-9999.0000,-9999.0000,-9999.0000,-9999.0000,-9999.0000,-9999.0000,-9999.0000
2020-03-14,16,-9999.0000,-9999.0000,-9999.0000,-9999.0000,-9999.0000,-9999.0000,-9999.0000,-9999.0000,-9999.0000,-9999.0000,-9999.0000
2020-03-16,16,893.0000,1371.4952,1650.9254,1923.7912,2098.0000,2152.7224,2189.5319,2386.8943,2311.0000,2705.4310,2365.3580
2020-03-16,16,1013.0000,1346.0812,1603.8537,1834.8980,2009.2683,2112.0000,2178.0000,2365.6612,2293.8446,2636.0000,2325.4207
2020-03-19,16,920.0000,1332.6667,1578.0000,1785.3596,1976.4531,2061.0000,2112.6550,2230.2241,2233.0000,2586.0000,2290.9888
2020-03-19,16,1002.0000,1356.8169,1594.0000,1786.9400,1975.0000,2058.0593,2121.0000,2237.3333,2243.0000,2573.0000,2282.3995
2020-03-21,16,-9999.0000,-9999.0000,-9999.0000,-9999.0000,-9999.0000,-9999.0000,-9999.0000,-9999.0000,-9999.0000,-9999.0000,-9999.0000
2020-03-24,16,1004.0000,1545.5490,1787.1982,2051.9000,2253.0090,2388.4475,2490.5187,2715.2448,2608.0000,2970.0000,2816.0000
2020-03-24,16,1043.0000,1627.3692,1876.3269,2164.2218,2338.6491,2458.2776,2546.0000,2793.7886,2671.0000,3018.1610,2857.1028
2020-03-29,16,-9999.0000,-9999.0000,-9999.0000,-9999.0000,-9999.0000,-9999.0000,-9999.0000,-9999.0000,-9999.0000,-9999.0000,-9999.0000
2020-03-29,16,-9999.0000,-9999.0000,-9999.0000,-9999.0000,-9999.0000,-9999.0000,-9999.0000,-9999.0000,-9999.0000,-9999.0000,-9999.0000
2020-03-31,16,1252.0000,2050.5711,2309.5833,2616.7670,2740.5574,2830.0145,2901.5151,3209.7853,2996.8437,3388.4733,3142.3810
2020-03-31,16,1356.0000,2061.8353,2324.1375,2613.9042,2737.5016,2803.1633,2888.3640,3220.7892,2987.0000,3381.0000,3123.4699
2020-04-03,16,1126.0000,1674.1610,1932.4737,2178.6778,2360.7209,2476.0000,2583.0000,2754.7161,2667.0000,2994.0000,2820.8322
2020-04-03,16,1200.0000,1707.7036,1954.5996,2194.7757,2369.4766,2464.0000,2587.0000,2771.2000,2695.0000,3001.0953,2803.0764
2020-04-05,16,1378.0000,1953.4725,2267.2450,2577.9263,2738.0000,2869.0000,2920.0000,3176.0000,3060.0000,3392.0000,3108.0000
2020-04-05,16,1426.0000,1938.8000,2260.3333,2555.5324,2722.0851,2837.0000,2924.0000,3166.0000,3050.0000,3396.0000,3084.0239
2020-04-08,16,1159.0000,1777.8462,2099.0326,2365.0136,2483.7313,2633.9072,2692.5194,2978.3630,2809.0000,3050.1276,2758.0000
2020-04-08,16,1252.0000,1787.2774,2099.0539,2339.2429,2461.9779,2597.0000,2677.5195,2963.2716,2809.4571,3060.0000,2756.4033
2020-04-10,16,1297.0000,2044.9660,2373.0000,2650.6094,2833.5112,2977.0000,3107.5840,3340.0000,3218.0000,3489.1412,3272.2730
2020-04-10,16,1367.0000,2019.5296,2323.7599,2614.5132,2795.5490,2957.0000,3089.4322,3306.8273,3214.2578,3478.6568,3248.9244
2020-04-13,16,1198.0000,1923.4211,2210.4793,2473.0918,2652.0000,2896.0000,3030.0887,3147.6367,3113.0000,3179.3615,3036.0898
2020-04-13,16,1284.0000,1914.9906,2186.5140,2425.6952,2634.3788,2889.9125,2996.7111,3140.7982,3092.0000,3164.4323,2997.5117
2020-04-15,16,1439.0000,2130.8000,2482.0000,2758.8736,2918.0000,3167.0000,3254.3152,3461.0313,3385.0000,3483.5936,3186.0000
2020-04-15,16,1496.0000,2082.6667,2436.0000,2713.0365,2857.4561,3112.8014,3235.0000,3444.0000,3357.0148,3474.0000,3158.9881
2020-04-18,16,1227.0000,1816.7322,2098.9003,2291.8049,2500.7715,2781.0000,2882.8602,2972.1575,2996.5194,2894.7368,2588.0000
2020-04-18,16,1351.0000,1825.3333,2089.2599,2281.6684,2491.3234,2777.9158,2850.0000,2964.3591,2983.0000,2901.0000,2587.3227
2020-04-23,16,1140.0000,1867.9183,2172.0798,2405.0862,2569.6230,2920.0000,3076.0000,3242.9142,3141.0000,3154.0000,2987.1089
2020-04-23,16,1225.0000,1834.3038,2129.9068,2359.0538,2517.4968,2885.0000,3027.6558,3203.8601,3117.0000,3117.1160,2954.8735
2020-04-25,16,1178.0000,1659.7467,1953.9831,2228.3379,2412.2434,2666.7505,2784.0000,2902.8470,2918.8446,3203.0165,2951.3840
2020-04-25,16,1249.0000,1651.8185,1946.5387,2209.8593,2401.7938,2683.5479,2795.5457,2885.5315,2914.0000,3188.3976,2935.9295
2020-04-30,16,-9999.0000,-9999.0000,-9999.0000,-9999.0000,-9999.0000,-9999.0000,-9999.0000,-9999.0000,-9999.0000,-9999.0000,-9999.0000
2020-04-30,16,-9999.0000,-9999.0000,-9999.0000,-9999.0000,-9999.0000,-9999.0000,-9999.0000,-9999.0000,-9999.0000,-9999.0000,-9999.0000
2020-05-03,16,539.0000,942.2393,1145.6387,1369.5168,1538.4481,1808.0000,1930.0000,2023.9215,2017.0000,1977.4693,1707.9812
2020-05-03,16,621.0000,961.2402,1152.2865,1362.2914,1518.3025,1767.0000,1902.0000,2005.1000,2021.0000,1977.0000,1692.4000
2020-05-08,16,879.0000,1500.0255,1811.8523,2117.3848,2274.6529,2485.0000,2617.5694,2696.7300,2746.4925,2956.4886,2695.9030
2020-05-08,16,1041.0000,1467.4994,1754.7179,2032.9781,2188.4728,2451.0214,2577.5401,2663.9921,2737.9813,2892.0000,2668.3242
2020-05-10,16,-9999.0000,-9999.0000,-9999.0000,-9999.0000,-9999.0000,-9999.0000,-9999.0000,-9999.0000,-9999.0000,-9999.0000,-9999.0000
2020-05-10,16,-9999.0000,-9999.0000,-9999.0000,-9999.0000,-9999.0000,-9999.0000,-9999.0000,-9999.0000,-9999.0000,-9999.0000,-9999.0000
2020-05-15,16,963.0000,1229.6575,1457.4783,1642.4766,1851.0000,2191.0000,2343.6395,2340.3465,2477.3108,2431.0000,1977.0000
2020-05-15,16,1049.0000,1281.5341,1497.4674,1665.8498,1868.0000,2205.2719,2312.1777,2355.9370,2458.9074,2421.0000,1973.1006
2020-05-23,16,1547.0000,2163.4048,2508.3051,2680.9577,2996.0000,3386.2404,3678.0000,3672.8961,3814.0000,3545.3446,3273.9045
2020-05-25,16,1402.0000,2124.5672,2534.3333,2904.2541,3192.5842,3585.0000,3758.5110,3843.8926,3869.5013,4013.0000,3575.5209
2020-05-25,16,1472.0000,2180.5418,2583.2265,2981.8558,3243.0000,3608.0000,3746.0000,3860.5299,3896.0000,4055.0000,3645.1721
2020-05-28,16,-9999.0000,-9999.0000,-9999.0000,-9999.0000,-9999.0000,-9999.0000,-9999.0000,-9999.0000,-9999.0000,-9999.0000,-9999.0000
2020-05-28,16,-9999.0000,-9999.0000,-9999.0000,-9999.0000,-9999.0000,-9999.0000,-9999.0000,-9999.0000,-9999.0000,-9999.0000,-9999.0000
2020-05-30,16,1661.0000,2694.2819,3112.8265,3412.6497,3654.8568,3961.0000,4287.0000,4368.0000,4377.3477,4392.7066,4086.9261
2020-05-30,16,1739.0000,2631.7281,3030.3250,3347.4422,3607.9926,3908.7400,4256.0000,4320.0000,4331.0000,4342.0274,4060.0619
2020-06-02,16,1293.0000,2268.1039,2695.8221,2998.4483,3307.5408,3609.0000,3948.1424,3995.9710,4093.0000,4019.8299,3831.3892
2020-06-02,16,1421.0000,2199.5533,2598.6490,2898.0000,3168.0000,3513.9949,3877.0000,3904.0000,4009.0000,3994.6660,3782.0682
2020-06-04,16,-9999.0000,-9999.0000,-9999.0000,-9999.0000,-9999.0000,-9999.0000,-9999.0000,-9999.0000,-9999.0000,-9999.0000,-9999.0000
2020-06-04,16,-9999.0000,-9999.0000,-9999.0000,-9999.0000,-9999.0000,-9999.0000,-9999.0000,-9999.0000,-9999.0000,-9999.0000,-9999.0000
2020-06-07,16,1094.0000,1318.0000,1563.5631,1641.7083,1955.0842,2528.2007,2735.0000,2725.3281,2859.3604,2594.0000,2092.2292
2020-06-07,16,1159.0000,1396.5030,1635.2950,1721.1820,2060.0000,2617.0142,2806.2326,2774.4000,2941.4929,2703.0000,2187.0000
2020-06-12,16,760.0000,1235.5524,1538.2344,1673.1267,1957.6889,2471.0000,2684.0765,2687.0000,2784.0000,2468.3124,2028.2779
2020-06-12,16,845.0000,1251.8533,1539.1591,1675.0888,1946.7120,2489.6565,2688.4918,2676.0278,2807.0000,2465.2706,2018.5474
2020-06-14,16,1329.0000,1794.6667,2216.0264,2375.3025,2844.0000,3490.0000,3683.0000,3624.4990,3823.0000,3606.0508,3079.1584
2020-06-14,16,1361.0000,1895.6329,2310.0631,2483.9632,2936.5130,3560.0000,3730.0000,3692.8913,3937.0000,3641.1404,3137.0000
2020-06-17,16,1210.0000,1610.0000,2075.0000,2137.3474,2673.5880,3436.0000,3741.4970,3684.0430,3870.3629,3366.0000,2673.2500
2020-06-17,16,1188.0000,1627.1574,2049.7075,2110.0000,2635.0000,3424.7393,3735.0000,3694.0000,3891.0000,3372.0000,2678.2092
2020-06-19,16,1231.0000,1810.0047,2242.2286,2308.9941,2876.4888,3682.0000,4137.0000,4123.9612,4256.0000,3726.4714,3063.0000
2020-06-19,16,1179.0000,1813.3030,2247.2035,2296.0000,2909.5338,3656.0000,4141.9767,4120.8963,4263.0000,3708.0000,3016.8299
2020-06-22,16,885.0000,1410.5000,1858.0000,1942.1758,2409.6213,3379.1679,3819.6386,3845.0000,3993.0000,3282.6355,2785.0000
2020-06-22,16,848.0000,1428.0000,1861.2633,1876.4348,2404.2612,3344.0000,3768.0000,3835.3510,3948.5500,3290.6023,2789.2866
2020-06-24,16,-9999.0000,-9999.0000,-9999.0000,-9999.0000,-9999.0000,-9999.0000,-9999.0000,-9999.0000,-9999.0000,-9999.0000,-9999.0000
2020-06-27,16,1125.0000,1733.8032,2236.5324,2247.0472,2827.0000,3986.6614,4362.1787,4341.2534,4524.9275,3572.0000,2876.0000
2020-06-27,16,1046.0000,1685.0566,2136.0000,2172.0000,2754.0000,3883.9394,4244.0000,4226.8126,4435.0000,3530.2400,2792.0000
2020-06-29,16,1240.0000,1832.3603,2294.0718,2326.5135,2954.0000,4093.9894,4601.0000,4577.4465,4714.7376,3835.9871,3147.0000
2020-06-29,16,1113.0000,1776.0000,2213.0495,2262.5934,2880.0000,4006.0000,4541.0000,4480.0000,4661.0000,3844.7113,3173.0000
2020-07-02,16,-9999.0000,-9999.0000,-9999.0000,-9999.0000,-9999.0000,-9999.0000,-9999.0000,-9999.0000,-9999.0000,-9999.0000,-9999.0000
2020-07-02,16,-9999.0000,-9999.0000,-9999.0000,-9999.0000,-9999.0000,-9999.0000,-9999.0000,-9999.0000,-9999.0000,-9999.0000,-9999.0000
2020-07-04,16,-9999.0000,-9999.0000,-9999.0000,-9999.0000,-9999.0000,-9999.0000,-9999.0000,-9999.0000,-9999.0000,-9999.0000,-9999.0000
2020-07-04,16,-9999.0000,-9999.0000,-9999.0000,-9999.0000,-9999.0000,-9999.0000,-9999.0000,-9999.0000,-9999.0000,-9999.0000,-9999.0000
2020-07-07,16,521.0000,957.0000,1288.7810,1357.3281,1716.0000,3029.0000,3440.0000,3602.0570,3635.0000,2685.0000,1978.0000
2020-07-07,16,584.0000,941.0000,1267.9310,1301.3403,1719.0000,3026.0000,3421.0000,3564.4000,3613.8302,2678.0000,1973.4911
2020-07-09,16,838.0000,1480.8342,1844.0000,1895.0000,2328.0000,3772.5631,4389.3918,4378.4749,4561.0000,3448.2322,2631.0000
2020-07-09,16,869.0000,1444.0000,1820.0000,1831.2400,2300.0000,3642.0000,4261.0000,4250.6667,4429.4063,3354.8841,2627.0000
2020-07-12,16,477.0000,905.9900,1200.9568,1210.0000,1719.0000,3123.0000,3705.0000,3818.8246,3895.0000,2644.0000,1955.6316
2020-07-12,16,512.0000,923.3333,1220.4639,1227.1258,1599.0000,3110.0000,3693.5563,3826.3550,3852.5130,2616.0000,1913.6636
2020-07-14,16,753.0000,1218.8583,1593.0605,1618.7525,2068.0000,3653.0603,4223.0000,4300.0000,4432.0000,3129.5439,2376.0000
2020-07-14,16,828.0000,1218.0000,1578.1912,1620.7490,2075.0000,3657.2574,4184.0000,4291.0297,4420.5452,3135.0000,2362.0000
2020-07-17,16,674.0000,956.7310,1245.4441,1174.6667,1666.8362,3396.5229,4041.9347,4048.4710,4188.6238,2576.0000,1739.4658
2020-07-17,16,714.0000,957.1125,1237.3263,1180.0000,1621.3239,3340.0000,3954.0000,3970.3786,4149.0000,2565.0000,1744.0000
2020-07-19,16,429.0000,886.8345,1210.3248,1142.9132,1734.0000,3518.6695,4307.2117,4345.3510,4499.0000,2743.0000,1897.6921
2020-07-19,16,606.0000,882.9734,1188.8194,1126.0000,1667.0000,3426.0000,4219.4772,4242.5274,4402.6995,2697.0000,1848.0000
2020-07-22,16,-9999.0000,-9999.0000,-9999.0000,-9999.0000,-9999.0000,-9999.0000,-9999.0000,-9999.0000,-9999.0000,-9999.0000,-9999.0000
2020-07-22,16,-9999.0000,-9999.0000,-9999.0000,-9999.0000,-9999.0000,-9999.0000,-9999.0000,-9999.0000,-9999.0000,-9999.0000,-9999.0000
2020-07-27,16,423.0000,532.3792,797.2533,673.8249,1081.4361,3104.9300,3935.0000,3860.0000,4148.0000,2137.0000,1242.6847
2020-07-27,16,533.0000,582.0000,802.0000,690.1446,1121.0000,3093.0000,3897.2532,3818.5136,4099.7269,2111.0000,1259.2334
2020-07-29,16,590.0000,762.5000,972.9903,822.0000,1306.9964,3252.0000,4176.0000,4176.0000,4432.0000,2445.0921,1531.0214
2020-07-29,16,692.0000,803.8966,985.8989,851.0000,1315.0896,3219.0000,4129.9354,4096.1810,4328.0000,2414.0000,1518.0000
2020-08-01,16,388.0000,611.0199,796.0000,696.0000,1137.6258,2987.5614,3946.7647,3939.3052,4197.9877,2132.6020,1357.0000
2020-08-01,16,505.0000,650.0000,834.5348,698.7361,1132.0000,2945.0000,3881.0000,3869.5059,4124.6863,2086.0064,1294.0000
2020-08-06,16,251.0000,269.0000,492.1432,348.3502,794.8753,3348.8910,4376.3079,4309.1421,4533.0441,2005.1037,1035.1190
2020-08-06,16,294.0000,308.4985,507.8279,360.0000,826.0080,3374.0000,4325.0000,4293.6222,4506.0000,2014.0000,1023.0000
2020-08-08,16,321.0000,466.6783,707.8523,567.2393,1004.3312,3158.0000,4206.0000,4296.7238,4410.0000,2132.5614,1229.1873
2020-08-08,16,434.0000,554.8276,741.0000,602.0247,1046.0000,3088.0000,4067.0586,4169.2184,4290.0000,2081.4912,1204.0000
2020-08-11,16,-9999.0000,-9999.0000,-9999.0000,-9999.0000,-9999.0000,-9999.0000,-9999.0000,-9999.0000,-9999.0000,-9999.0000,-9999.0000
2020-08-11,16,-9999.0000,-9999.0000,-9999.0000,-9999.0000,-9999.0000,-9999.0000,-9999.0000,-9999.0000,-9999.0000,-9999.0000,-9999.0000
2020-08-13,16,279.0000,380.3515,683.5000,555.2383,987.0000,3443.8816,4330.0000,4354.3849,4660.0000,2237.0000,1180.0000
2020-08-13,16,487.0000,531.1330,763.2063,626.7716,1035.1190,3312.0000,4203.6242,4168.0000,4504.6419,2168.0000,1195.0000
2020-08-16,16,539.0000,628.9989,812.0947,682.0158,1067.8106,3032.0000,3888.0000,3882.0608,4139.3938,1981.5183,1139.0803
2020-08-16,16,565.0000,666.6127,835.5000,698.2869,1122.8956,3014.2174,3874.0000,3860.3870,4124.2939,1985.0000,1149.0000
2020-08-21,16,400.0000,515.6127,717.7459,573.2260,988.2025,2789.7355,3704.0000,3736.9492,3971.2626,1915.5447,1106.6113
2020-08-21,16,416.0000,531.1965,714.2319,565.4971,1008.0000,2799.0000,3746.0000,3771.2222,4011.4532,1900.3231,1130.4945
2020-08-23,16,440.0000,484.2909,761.6667,612.7079,1134.0000,3192.5032,4003.8714,4038.0000,4295.0000,2160.0000,1230.6773
2020-08-23,16,525.0000,556.4817,780.6234,627.0000,1114.9291,3154.0000,3929.5096,3938.3803,4221.1936,2147.9017,1231.0000
2020-08-26,16,670.0000,698.0385,950.0566,803.4388,1299.3675,3147.0000,3873.5035,3918.0000,4188.7743,2072.0000,1225.0000
2020-08-26,16,660.0000,683.5000,931.3427,780.0000,1315.5352,3193.4947,3930.4684,3962.4105,4218.3989,2072.0000,1231.0000
2020-08-28,16,268.0000,482.0000,812.6389,649.6907,1306.0000,3120.3865,3926.0000,3969.5904,4249.7182,2273.1236,1326.0103
2020-08-28,16,484.0000,614.1276,867.3747,718.0000,1299.8233,3003.0000,3755.0497,3777.3580,4051.6853,2270.0000,1377.5005
2020-09-02,16,1255.0000,1102.0000,1460.0000,1408.0000,2070.0000,4035.0000,4545.0000,4684.0000,4740.0000,2707.0000,1728.0000
2020-09-02,16,1509.0000,1140.0000,1472.0000,1348.0000,1899.0000,3766.0000,4369.0000,4444.0000,4767.0000,2665.0000,1658.0000
2020-09-05,16,410.0000,469.6277,763.4119,682.1040,1331.2844,2545.5189,2970.0000,3017.6654,3243.3153,1978.9503,1213.0000
2020-09-05,16,469.0000,514.8452,786.8762,699.5000,1344.4990,2544.0000,2939.1114,3002.6667,3233.0000,1964.0000,1176.0000
2020-09-07,16,-9999.0000,-9999.0000,-9999.0000,-9999.0000,-9999.0000,-9999.0000,-9999.0000,-9999.0000,-9999.0000,-9999.0000,-9999.0000
2020-09-07,16,-9999.0000,-9999.0000,-9999.0000,-9999.0000,-9999.0000,-9999.0000,-9999.0000,-9999.0000,-9999.0000,-9999.0000,-9999.0000
2020-09-10,16,1031.0000,1161.3730,1353.4990,1266.0000,1801.3562,2694.0000,3070.0000,3084.8913,3267.0000,2183.0000,1604.1907
2020-09-10,16,1173.0000,1245.5721,1396.0000,1284.8110,1762.0000,2640.3478,2993.1922,3018.6642,3222.0000,2157.3372,1562.0000
2020-09-12,16,504.0000,611.0000,935.0000,1019.6667,1621.6603,2484.7509,2760.5581,2855.4343,3058.4614,2487.0000,1706.3912
2020-09-12,16,537.0000,627.0757,931.0702,1025.6000,1631.0000,2503.2705,2758.0000,2871.0962,3089.0000,2480.0000,1676.0000
2020-09-15,16,429.0000,606.1282,883.9429,1012.9974,1497.0000,2130.0000,2380.0000,2486.8618,2711.5274,2412.3267,1670.0000
2020-09-15,16,484.0000,612.3527,898.5939,1002.2366,1517.0000,2135.0000,2403.5091,2501.0485,2757.0000,2435.7951,1697.0000
2020-09-17,16,484.0000,629.4795,693.2408,625.4873,795.0000,1101.0000,1185.0000,1150.0000,1222.0000,768.0000,520.0000
2020-09-17,16,587.0000,698.0703,741.6609,653.0000,808.6623,1120.0000,1228.4414,1180.7938,1245.0000,776.8889,527.0000
2020-09-20,16,431.0000,747.5932,979.1327,1090.0000,1460.4173,2238.0000,2514.0000,2560.0000,2780.5175,2451.9339,1857.5656
2020-09-20,16,487.0000,761.6864,996.0000,1085.0175,1470.0000,2236.0000,2535.8158,2577.1435,2922.3860,2430.0000,1841.0000
2020-09-25,16,566.0000,650.4298,886.0295,966.0000,1319.0000,1921.5012,2161.0000,2168.0406,2433.0000,2039.0000,1310.0000
2020-09-25,16,620.0000,690.1292,908.3542,966.0000,1337.0000,1940.0000,2201.0000,2182.4024,2457.6063,2036.0000,1313.0000
2020-09-30,16,514.0000,691.0000,854.4804,849.4890,1199.0000,1839.0000,2042.0000,2072.3844,2195.0000,1810.0000,1312.5268
2020-09-30,16,578.0000,730.7028,877.6474,864.0000,1188.2238,1859.0000,2096.0000,2053.2862,2249.0000,1798.2605,1301.0197
2020-10-07,16,323.0000,557.4495,737.2821,737.6296,1174.4101,1936.5449,2149.0000,2230.0000,2337.0000,1913.0000,1269.5835
2020-10-07,16,329.0000,552.7821,741.0389,739.0000,1151.0000,1962.5085,2196.0000,2246.0000,2390.0000,1895.0000,1265.0000
2020-10-10,16,954.0000,1158.0000,1302.0000,1284.0000,1657.5000,2198.5681,2413.0000,2516.8055,2643.0000,2411.3017,1788.1975
2020-10-10,16,927.0000,1134.0000,1304.0000,1296.0000,1685.0035,2280.0000,2497.0000,2587.2423,2714.0000,2434.0712,1812.3783
2020-10-12,16,460.0000,693.8386,953.7627,1065.5808,1425.2632,2013.0000,2172.0000,2261.8217,2386.0392,1993.5462,1287.0000
2020-10-12,16,486.0000,717.8028,968.9380,1074.5618,1449.5276,2058.0000,2182.4737,2276.0583,2505.1788,1993.0000,1289.2593
2020-10-20,16,1244.0000,1454.0000,1540.0000,1465.7644,1766.4733,2201.0000,2391.0000,2404.4728,2506.0000,2126.7346,1698.0000
2020-10-22,16,-9999.0000,-9999.0000,-9999.0000,-9999.0000,-9999.0000,-9999.0000,-9999.0000,-9999.0000,-9999.0000,-9999.0000,-9999.0000
2020-10-25,16,437.0000,734.0032,965.7855,1017.8056,1342.0629,1743.0000,1865.8270,1877.8854,2035.4061,1989.0000,1428.0000
2020-10-25,16,521.0000,793.4036,1005.1632,1028.3129,1350.2211,1715.9384,1868.0000,1893.7726,1989.1501,1999.0000,1435.0000
2020-10-30,16,-9999.0000,-9999.0000,-9999.0000,-9999.0000,-9999.0000,-9999.0000,-9999.0000,-9999.0000,-9999.0000,-9999.0000,-9999.0000
2020-11-04,16,581.0000,718.7190,858.2500,878.7821,1086.0000,1207.0000,1272.3477,1255.2945,1335.0000,1451.0000,1090.0000
2020-11-04,16,668.0000,774.0000,912.2863,912.4769,1125.0000,1274.0000,1351.5394,1318.4495,1390.0000,1465.0000,1101.0000
2020-11-06,16,226.0000,650.0000,845.0750,1025.3333,1236.9291,1302.0000,1492.0000,1487.7220,1560.0000,1949.0000,1640.0000
2020-11-06,16,490.0000,821.3164,962.4948,1077.1833,1262.0000,1368.0224,1485.0000,1527.4877,1598.0000,1921.0000,1608.0000
2020-11-09,16,490.0000,801.2933,961.8968,1062.0000,1303.0000,1506.0000,1593.0000,1577.9855,1759.0000,1809.0000,1575.0000
2020-11-09,16,500.0000,825.8383,973.4049,1069.2621,1293.0000,1470.0000,1584.0000,1558.0570,1705.0000,1818.4592,1543.0000
2020-11-11,16,385.0000,730.4980,988.1252,1163.8333,1368.0000,1463.9299,1544.4904,1614.9683,1720.0000,2050.0000,1706.0000
2020-11-11,16,586.0000,882.0000,1076.6667,1193.4208,1395.5793,1494.0943,1554.0000,1651.9003,1714.0981,2005.3932,1691.0000
2020-11-19,16,377.0000,717.3298,893.4588,997.7910,1147.0000,1254.0000,1320.0000,1368.6763,1453.0000,1601.0000,1292.0000
2020-11-19,16,392.0000,725.6791,897.9413,1001.0641,1170.0000,1284.0000,1330.1537,1363.4286,1465.0030,1657.8472,1301.0000
2020-11-21,16,408.0000,717.8331,971.7549,1195.8399,1313.6709,1404.0000,1457.0000,1642.5667,1593.0000,1889.0000,1560.0000
2020-11-21,16,594.0000,853.1218,1059.0439,1217.8447,1348.0086,1419.3306,1498.2156,1647.4125,1638.0000,1857.0000,1527.0000
2020-11-24,16,610.0000,838.3333,1013.7672,1146.0000,1291.9988,1321.7576,1415.0000,1479.8993,1492.4985,1769.0000,1433.0000
2020-11-24,16,538.0000,794.0000,980.7694,1138.3437,1258.0000,1304.6064,1370.4973,1493.5735,1475.0036,1761.0000,1417.0000
2020-11-26,16,487.0000,864.5000,1040.6698,1209.0216,1401.9281,1473.0000,1592.5175,1669.6553,1622.0000,1988.0090,1634.8305
2020-11-26,16,680.0000,992.6667,1117.3351,1237.3925,1408.0000,1504.0000,1588.7300,1653.2213,1681.0000,2004.0000,1618.0000
2020-11-29,16,446.0000,813.9817,990.5128,1140.4708,1330.0000,1387.5135,1456.0000,1576.1358,1595.0000,1876.0000,1660.4538
2020-11-29,16,398.0000,782.2797,962.4137,1122.9083,1316.7643,1371.0000,1458.7456,1558.2647,1595.0000,1923.0000,1652.0000
2020-12-01,16,180.0000,208.5327,196.0000,160.0000,168.0000,161.0000,164.5060,146.6667,165.0000,123.0000,95.0000
2020-12-01,16,197.0000,202.7508,186.0000,147.0000,146.0000,132.3331,136.6198,134.3765,147.0000,111.0000,92.0000
2020-12-19,16,632.0000,984.5757,1172.0000,1249.9174,1519.0000,1777.0000,1923.0000,1943.2332,2022.0000,1917.0000,1511.0000
2020-12-19,16,651.0000,993.3653,1184.6371,1260.6653,1545.0000,1855.0000,1962.0000,2006.4041,2024.0000,1969.9833,1534.0000
2020-12-26,16,-9999.0000,-9999.0000,-9999.0000,-9999.0000,-9999.0000,-9999.0000,-9999.0000,-9999.0000,-9999.0000,-9999.0000,-9999.0000
2020-12-26,16,-9999.0000,-9999.0000,-9999.0000,-9999.0000,-9999.0000,-9999.0000,-9999.0000,-9999.0000,-9999.0000,-9999.0000,-9999.0000
2020-12-31,16,581.0000,830.3080,1128.6929,1216.0000,1624.4988,2189.1350,2284.4858,2440.0653,2419.0000,2056.0000,1401.0000
2020-12-31,16,583.0000,846.2902,1140.5375,1220.6667,1626.9528,2187.7582,2273.0000,2470.6046,2412.0000,2043.0000,1394.0000
2021-01-03,16,522.0000,821.4000,1141.3863,1213.0099,1628.0000,2120.0000,2284.9097,2420.0000,2454.0000,1942.6157,1319.0000
2021-01-03,16,635.0000,888.3355,1184.0000,1236.6475,1655.0000,2148.8368,2294.0000,2437.8576,2397.0000,1941.0000,1331.0000
2021-01-08,16,445.0000,834.0000,1102.0000,1148.0000,1524.7328,2048.0000,2194.4231,2423.2767,2319.0000,1908.0000,1453.0559
2021-01-08,16,502.0000,868.9320,1129.0898,1161.0000,1555.0000,2091.4994,2238.0000,2441.0564,2343.0000,1950.5393,1453.9697
2021-01-13,16,448.0000,718.1015,973.5972,1044.3436,1396.0000,1921.2529,2082.4922,2232.0000,2152.0000,1648.0000,1112.4684
2021-01-13,16,508.0000,748.8245,998.1314,1052.5544,1413.0830,1946.5415,2045.8057,2247.8174,2165.5315,1583.0000,1061.0018
2021-01-18,16,-9999.0000,-9999.0000,-9999.0000,-9999.0000,-9999.0000,-9999.0000,-9999.0000,-9999.0000,-9999.0000,-9999.0000,-9999.0000
2021-02-09,16,-9999.0000,-9999.0000,-9999.0000,-9999.0000,-9999.0000,-9999.0000,-9999.0000,-9999.0000,-9999.0000,-9999.0000,-9999.0000
2021-02-14,16,325.0000,621.7500,945.1030,925.0000,1502.0000,2508.0000,2788.8219,3174.0000,2966.0000,2173.3989,1474.0000
2021-02-14,16,484.0000,745.0813,1016.8366,969.8707,1494.0000,2444.7400,2669.0000,3075.4756,2884.0000,2216.0000,1413.0000
2021-02-17,16,1050.0000,1180.0000,1268.0000,1186.0000,1572.4968,2235.8414,2493.0000,2660.0707,2663.0000,2092.0000,1455.0000
2021-02-17,16,1047.0000,1176.0000,1266.0000,1186.0000,1584.4433,2278.4005,2525.0000,2688.8987,2699.6345,2108.0000,1448.0000
2021-02-22,16,-9999.0000,-9999.0000,-9999.0000,-9999.0000,-9999.0000,-9999.0000,-9999.0000,-9999.0000,-9999.0000,-9999.0000,-9999.0000
2021-02-24,16,528.0000,802.0000,1120.7742,1020.4597,1553.2193,2595.0000,2861.0000,3074.8814,3021.0000,2197.0000,1465.0255
2021-02-24,16,542.0000,821.5984,1136.5915,1026.0000,1557.7681,2573.0000,2851.4839,3058.2530,2987.0000,2211.0000,1470.0000
2021-02-27,16,462.0000,709.2531,1012.9397,886.7141,1434.3499,2597.1579,2930.0000,3074.9353,3047.0000,2093.2661,1404.0000
2021-02-27,16,510.0000,744.0735,1042.0000,898.6948,1457.0000,2622.0818,2959.0000,3098.8266,3067.1060,2111.0000,1418.4078
2021-03-01,16,209.0000,393.7725,803.9874,629.8628,1332.0000,3191.0000,3542.4149,3879.7164,3648.5280,2260.0000,1404.0000
2021-03-01,16,245.0000,404.8904,810.2705,628.0000,1329.0000,3156.8459,3530.0000,3878.1300,3670.6481,2297.0000,1401.8930
2021-03-04,16,962.0000,1030.0000,1268.0000,1040.8404,1629.2980,3123.3815,3550.0000,3769.3270,3698.0000,2209.0000,1334.3336
2021-03-04,16,1112.0000,1138.0000,1338.0000,1076.4744,1653.0000,3148.5913,3558.0000,3786.9308,3691.0000,2189.3000,1309.0000
2021-03-06,16,164.0000,372.9870,733.4882,484.0000,1233.6720,3303.8898,3750.0000,4134.0000,3879.2919,2119.0000,1264.0000
2021-03-06,16,252.0000,454.3536,785.2008,524.3940,1246.0000,3260.0000,3731.0000,4059.9681,3840.0000,2113.9676,1250.9980
2021-03-09,16,480.0000,625.6357,885.4708,669.5117,1313.9795,3094.0000,3619.8886,3893.2707,3753.4843,2056.8375,1283.0000
2021-03-09,16,367.0000,541.7250,837.0227,602.7404,1281.6151,3229.0000,3734.8732,4055.9165,3854.4526,2068.0000,1259.0000
2021-03-16,16,34.0000,193.9444,540.9629,291.0988,1057.6479,3362.4664,4032.0000,4420.3266,4173.3432,1892.0000,1057.7623
2021-03-16,16,141.0000,277.0000,589.2546,347.9282,1090.0000,3376.4516,4008.3548,4358.3846,4117.9248,1882.0000,1043.0581
2021-03-19,16,236.0000,353.5024,605.6473,364.0000,1045.0000,3118.0000,3722.3384,4055.0509,3855.0000,1596.0000,874.4096
2021-03-19,16,300.0000,388.5000,629.4100,392.5000,1056.0000,3091.0000,3702.6795,4024.3829,3829.6116,1588.2360,891.4544
2021-03-21,16,-9999.0000,-9999.0000,-9999.0000,-9999.0000,-9999.0000,-9999.0000,-9999.0000,-9999.0000,-9999.0000,-9999.0000,-9999.0000
2021-03-21,16,-9999.0000,-9999.0000,-9999.0000,-9999.0000,-9999.0000,-9999.0000,-9999.0000,-9999.0000,-9999.0000,-9999.0000,-9999.0000
2021-03-24,16,67.0000,201.2204,556.5961,339.4529,1082.4743,3257.0000,3866.6709,4071.7474,4039.4658,1805.3555,995.1858
2021-03-24,16,114.0000,228.2100,571.2774,346.1540,1081.5143,3244.2296,3891.0000,4103.9278,4027.5501,1806.0000,1019.9307
2021-03-26,16,489.0000,613.6667,845.8362,601.0000,1275.0000,3196.8203,3836.5888,4072.4000,4003.2869,1957.0000,1146.0448
2021-03-26,16,567.0000,665.4871,877.7714,642.2719,1285.8717,3185.0000,3784.7677,4022.0000,3962.0583,1971.1897,1105.9881
2021-03-29,16,545.0000,645.9609,853.4172,617.2382,1209.0000,3023.0000,3688.0000,3829.3819,3847.1819,1756.0675,1065.9546
2021-03-29,16,527.0000,609.0000,828.9380,577.2416,1197.0000,3061.0125,3784.0779,3927.9643,3943.4683,1754.0973,1052.0000
2021-03-31,16,226.0000,269.5956,578.0080,342.2862,1033.0859,3381.3758,4084.3684,4259.1955,4282.1106,1764.2418,951.0000
2021-03-31,16,419.0000,425.7212,694.5543,448.6061,1075.0000,3265.7573,3942.0000,4082.1399,4101.0000,1764.3310,938.8175
2021-04-03,16,290.0000,321.1648,553.3995,347.1797,906.9537,2849.4302,3611.3884,3762.0000,3756.6832,1369.5525,713.0000
2021-04-03,16,387.0000,377.5769,589.3549,373.6157,917.1779,2841.4927,3570.0713,3737.2988,3731.1667,1365.0000,706.0000
2021-04-05,16,286.0000,373.1226,626.5000,387.1106,1018.0279,3191.0000,4085.0309,4339.1275,4220.0389,1633.4923,880.9692
2021-04-05,16,303.0000,373.6359,620.0000,388.9085,1002.6820,3188.5866,4108.9910,4353.9813,4238.0842,1621.3905,877.0000
2021-04-08,16,148.0000,241.6740,474.5693,269.1951,882.4538,2892.2636,3782.5364,4136.5899,3963.0000,1371.0463,740.4614
2021-04-08,16,233.0000,289.7894,505.4454,291.0650,898.7040,2875.3770,3735.0000,4118.9339,3941.0000,1356.5742,715.0000
2021-04-10,16,274.0000,257.7798,546.5216,299.0483,982.0000,3371.7342,4256.0000,4457.3016,4425.5910,1595.0000,828.6370
2021-04-10,16,421.0000,385.5711,636.8331,386.4854,1010.0000,3297.5013,4121.0000,4346.1818,4318.6514,1599.0000,826.0000
2021-04-15,16,449.0000,593.5873,714.3967,505.3726,1014.9750,2797.0000,3603.8845,3873.0237,3793.0000,1353.0000,762.1228
2021-04-15,16,448.0000,602.2797,720.7834,504.7977,1010.5472,2802.4526,3620.0000,3892.1617,3803.0000,1345.5486,748.2737
2021-04-20,16,-9999.0000,-9999.0000,-9999.0000,-9999.0000,-9999.0000,-9999.0000,-9999.0000,-9999.0000,-9999.0000,-9999.0000,-9999.0000
2021-04-20,16,-9999.0000,-9999.0000,-9999.0000,-9999.0000,-9999.0000,-9999.0000,-9999.0000,-9999.0000,-9999.0000,-9999.0000,-9999.0000
2021-04-23,16,77.0000,89.6806,307.8395,132.0103,690.0000,2885.4161,3891.8224,4059.0000,4061.4769,1141.3079,540.1794
2021-04-23,16,307.0000,249.1459,438.0000,243.3458,772.7386,2801.2838,3765.7938,3930.0000,3948.0000,1132.0573,541.6095
2021-04-25,16,331.0000,385.4400,549.0862,331.0562,845.6172,2840.0000,3923.6956,4122.4272,4169.5179,1300.1852,643.7881
2021-04-25,16,501.0000,513.0271,648.7645,425.6603,926.5352,2784.5012,3811.0000,4017.6399,4044.0000,1307.4393,648.0000
2021-04-28,16,138.0000,252.7574,426.0267,301.6068,731.4917,2515.5714,3507.7632,3661.1264,3746.9510,1188.9355,685.4508
2021-04-28,16,268.0000,325.4766,486.1165,345.2578,762.5136,2498.8171,3467.5255,3636.3085,3696.0000,1178.5579,680.5969
2021-04-30,16,-9999.0000,-9999.0000,-9999.0000,-9999.0000,-9999.0000,-9999.0000,-9999.0000,-9999.0000,-9999.0000,-9999.0000,-9999.0000
2021-04-30,16,-9999.0000,-9999.0000,-9999.0000,-9999.0000,-9999.0000,-9999.0000,-9999.0000,-9999.0000,-9999.0000,-9999.0000,-9999.0000
2021-05-03,16,94.0000,108.6834,237.1317,121.1346,458.9339,2282.2950,3489.5580,3674.5832,3715.0000,935.0000,426.8451
2021-05-03,16,166.0000,160.8548,281.6495,149.3055,487.0000,2263.0000,3460.7747,3649.6277,3692.0000,914.2300,426.8312
2021-05-05,16,-9999.0000,-9999.0000,-9999.0000,-9999.0000,-9999.0000,-9999.0000,-9999.0000,-9999.0000,-9999.0000,-9999.0000,-9999.0000
2021-05-05,16,-9999.0000,-9999.0000,-9999.0000,-9999.0000,-9999.0000,-9999.0000,-9999.0000,-9999.0000,-9999.0000,-9999.0000,-9999.0000
2021-05-08,16,9.0000,73.1301,181.5113,73.8767,386.6846,2227.3950,3686.2941,3891.6346,3917.9613,845.0000,420.9591
2021-05-08,16,167.0000,200.4005,289.6485,161.3862,467.0000,2201.2998,3571.5166,3779.4991,3811.3274,843.0000,419.2688
2021-05-10,16,257.0000,261.8143,409.9621,273.5296,633.5472,2589.4150,3904.3761,4003.1345,4150.4924,1087.0000,554.1534
2021-05-10,16,372.0000,364.9466,497.4943,349.4283,690.8722,2578.7155,3827.0000,3931.8112,4057.6563,1090.7456,564.2932
2021-05-13,16,514.0000,540.0781,650.0055,561.4185,845.8141,2258.5306,3353.5873,3398.0000,3501.6452,897.6537,549.2694
2021-05-13,16,432.0000,477.6574,608.9216,525.9997,825.3351,2293.0000,3402.0000,3472.5209,3565.0000,898.0000,554.0000
2021-05-15,16,720.0000,845.0000,883.0000,703.0000,1144.0000,3108.0000,4396.0000,4420.0000,4641.0000,1627.0000,907.0000
2021-05-15,16,604.0000,893.0000,919.0000,686.0000,1315.0000,3284.0000,4762.0000,4572.0000,5025.0000,1676.0000,917.0000
2021-05-18,16,31.0000,106.3574,201.4174,93.7134,387.2955,2179.0063,3785.5188,3979.2793,3977.7433,769.6382,364.0543
2021-05-18,16,113.0000,169.5224,250.2354,133.5857,419.1216,2179.3195,3737.0000,3946.0000,3932.0000,765.2744,362.3774
2021-05-20,16,56.0000,61.4138,201.2553,81.4969,448.0000,2644.1645,4244.0000,4497.9606,4479.0000,925.0983,409.4732
2021-05-20,16,169.0000,157.4853,289.4349,153.0000,506.3746,2620.1615,4146.0324,4385.2254,4396.4031,931.0288,418.9504
2021-05-23,16,1322.0000,1244.0000,1322.0000,1168.9065,1508.9397,2809.0495,3814.4777,3890.1670,3986.6813,1345.4923,970.0000
2021-05-23,16,1328.0000,1252.0000,1344.6737,1180.6809,1541.1536,2926.8914,3972.5566,4046.0000,4146.8857,1361.6452,972.0000
2021-05-25,16,685.0000,585.7951,710.1645,429.4399,964.8922,3795.8226,6010.0000,6195.4083,6392.8741,1442.0286,678.5289
2021-05-25,16,639.0000,588.6742,705.1044,425.5892,976.0000,3779.7175,5962.0000,6150.5466,6325.6523,1466.0000,659.0000
2021-05-28,16,30.0000,128.0971,249.9084,129.3008,474.0000,2340.2153,3788.0000,4061.0107,4034.3424,928.0000,455.0000
2021-05-28,16,174.0000,236.5104,345.6552,205.1522,546.0000,2316.6335,3685.3769,3962.3502,3919.0000,955.8335,467.0695
2021-05-30,16,55.0000,74.4103,253.5645,106.8185,547.1718,2745.9727,4194.1811,4497.4989,4498.9303,1075.0000,499.9126
2021-05-30,16,182.0000,177.9540,337.6054,177.3765,602.7083,2743.0000,4128.7750,4409.3333,4411.5657,1091.0217,508.7586
2021-06-02,16,2.0000,1.0188,149.4584,29.6803,427.4364,2426.5029,3880.5035,4112.6755,4157.0000,988.6778,459.0677
2021-06-02,16,157.0000,161.6747,309.8692,161.6122,548.0548,2437.4330,3798.0056,4027.7057,4054.5028,1012.6730,474.8547
2021-06-04,16,466.0000,534.4648,645.2988,477.4601,860.3645,2364.9404,3470.0000,3605.2428,3722.0000,1188.2320,705.2414
2021-06-04,16,404.0000,466.4894,585.1650,417.7861,805.9419,2391.0000,3534.0000,3652.5420,3752.0000,1180.7141,701.9107
2021-06-07,16,957.0000,877.7311,1022.1556,821.4206,1297.5673,2936.0000,4077.5096,4156.0000,4341.4840,1545.4229,954.9918
2021-06-07,16,1003.0000,876.1934,1020.3098,810.2684,1294.4667,3021.2366,4191.0000,4267.1409,4466.0000,1554.8772,961.0000
2021-06-09,16,435.0000,416.3022,593.5310,382.0016,878.2101,2753.6893,3845.5841,4049.4857,4238.0000,1299.9559,660.9297
2021-06-09,16,325.0000,301.3662,489.1548,282.5017,797.0000,2778.0132,3934.4080,4131.1167,4330.5435,1298.8344,641.2252
2021-06-12,16,8.0000,61.2990,294.4943,201.8753,664.0000,2186.0000,3143.0000,3275.1741,3468.9345,1150.0000,648.3723
2021-06-12,16,266.0000,288.5612,469.8911,357.6387,789.5459,2212.9912,3037.0000,3200.0000,3407.0000,1177.5095,669.4914
2021-06-14,16,205.0000,313.9111,517.8289,393.4755,925.0000,2434.0000,3378.0000,3652.4611,3800.0252,1338.2934,706.1808
2021-06-14,16,144.0000,245.5232,462.0000,338.1606,890.3145,2439.0000,3408.0000,3699.4627,3848.8756,1364.0000,698.2171
2021-06-17,16,1.0000,5.3016,242.3360,213.8173,742.0944,2075.5700,2875.6624,3153.5590,3377.9862,1239.0000,658.4822
2021-06-17,16,235.0000,320.7201,498.0012,418.1053,901.5060,2110.0000,2816.5077,3058.6667,3278.0000,1267.8390,683.2552
2021-06-19,16,502.0000,538.9121,768.5446,733.4923,1182.0000,2128.0000,2603.0000,2657.1887,2990.4675,1461.5481,868.5169
2021-06-19,16,515.0000,552.5668,768.5364,736.2777,1182.4826,2122.5300,2581.2763,2667.4371,2969.6559,1470.0000,869.0683
2021-06-22,16,125.0000,237.5246,493.4259,613.2427,1060.0000,1789.3351,2216.9005,2439.4221,2719.0000,1558.0000,857.6587
2021-06-22,16,260.0000,338.8065,566.6737,661.9039,1094.0195,1823.0000,2250.0000,2450.3540,2702.5365,1556.0000,865.8446
2021-06-24,16,334.0000,533.0000,766.6605,953.9937,1377.1192,1897.0000,2326.2749,2468.6262,2780.3234,1967.0000,1200.9907
2021-06-24,16,361.0000,544.2769,772.0000,953.4386,1377.2764,1906.0000,2314.0000,2472.6569,2741.3825,1965.6068,1211.0000
2021-06-27,16,-9999.0000,-9999.0000,-9999.0000,-9999.0000,-9999.0000,-9999.0000,-9999.0000,-9999.0000,-9999.0000,-9999.0000,-9999.0000
2021-06-27,16,1383.0000,1422.0000,1562.0000,1664.9641,2058.3564,2622.0064,2977.3000,3097.6275,3317.0000,2198.5416,1592.0923
2021-06-29,16,535.0000,969.9087,1432.7865,2091.0253,2588.0000,3081.0000,3417.5079,3672.5000,4002.0000,3954.0000,2605.0000
2021-06-29,16,560.0000,974.3500,1440.5220,2091.9435,2608.3108,3113.0000,3463.4080,3683.8736,4033.3608,3964.9774,2577.3376
2021-07-02,16,498.0000,914.0584,1363.6229,2067.3187,2548.8632,2965.0000,3304.0000,3618.2021,3893.0000,4051.0000,2628.1697
2021-07-02,16,500.0000,921.9038,1369.3398,2083.5642,2556.0000,2970.0000,3335.0000,3618.6040,3900.1237,4039.9376,2617.0000
2021-07-04,16,953.0000,1224.6838,1504.0000,1979.2769,2484.0000,2953.0000,3419.5823,3570.9167,3988.3371,4384.0000,3053.0000
2021-07-07,16,471.0000,869.6518,1217.1209,1746.6973,2104.5186,2368.9160,2668.0000,2811.1864,3018.7595,3631.0000,2667.5734
2021-07-07,16,529.0000,889.2180,1221.1414,1721.8966,2066.5482,2355.9013,2632.0000,2786.4622,2995.1453,3603.3563,2665.9767
2021-07-09,16,568.0000,940.9734,1338.6380,1939.4744,2313.0000,2595.9276,2822.6197,3012.0662,3222.1372,4034.0000,2891.0000
2021-07-09,16,630.0000,970.3655,1338.0000,1898.5000,2268.0805,2573.0000,2819.0000,2996.1915,3190.8193,3996.0000,2874.5264
2021-07-12,16,577.0000,877.4397,1260.5838,1715.0473,2050.5601,2363.0394,2618.3228,2708.3603,2979.4670,3484.0445,2468.9052
2021-07-12,16,682.0000,937.8569,1280.2488,1683.3870,2012.0000,2354.3757,2630.0000,2707.7586,2972.0000,3427.5486,2458.2964
2021-07-14,16,-9999.0000,-9999.0000,-9999.0000,-9999.0000,-9999.0000,-9999.0000,-9999.0000,-9999.0000,-9999.0000,-9999.0000,-9999.0000
2021-07-19,16,-9999.0000,-9999.0000,-9999.0000,-9999.0000,-9999.0000,-9999.0000,-9999.0000,-9999.0000,-9999.0000,-9999.0000,-9999.0000
2021-07-19,16,-9999.0000,-9999.0000,-9999.0000,-9999.0000,-9999.0000,-9999.0000,-9999.0000,-9999.0000,-9999.0000,-9999.0000,-9999.0000
2021-07-22,16,829.0000,1316.3060,1618.5981,1955.8856,2201.1354,2362.6180,2502.0000,2485.8020,2713.0000,3201.3132,2773.5380
2021-07-22,16,892.0000,1315.6977,1603.1235,1921.2038,2170.1375,2352.0000,2520.0000,2498.8839,2728.0000,3188.8557,2760.1327
2021-07-24,16,1311.0000,1477.4080,1700.3664,1867.5301,2090.3090,2498.8804,2800.0000,2699.3360,2930.0000,2835.1299,2436.0106
2021-07-24,16,1327.0000,1545.1238,1819.1779,2050.0477,2267.4528,2592.0000,2826.5403,2754.7856,2991.0000,2946.2004,2468.3258
2021-07-29,16,991.0000,1547.8947,1875.6667,2261.5461,2508.1809,2685.3378,2810.0000,2784.9597,3003.0000,3449.0000,2932.1780
2021-07-29,16,1015.0000,1498.5752,1810.0482,2165.8431,2404.7487,2640.0000,2770.8032,2777.2435,2968.4975,3411.2161,2915.3161
2021-08-01,16,561.0000,993.6335,1140.9861,1257.8263,1383.0000,1537.0000,1620.0000,1714.9388,1730.2717,1613.9804,1185.5931
2021-08-01,16,615.0000,995.0000,1148.0170,1266.9826,1395.0000,1552.0000,1625.0000,1731.2263,1721.0000,1644.5475,1215.0000
2021-08-03,16,1065.0000,1757.3099,2029.2727,2391.5904,2611.7649,2726.2765,2880.0000,2908.5903,3048.0000,3563.0000,3157.0000
2021-08-03,16,1090.0000,1716.0000,1988.6311,2325.7033,2552.3352,2702.0000,2877.0000,2899.3465,3041.8448,3539.2642,3128.1224
2021-08-06,16,733.0000,1209.4807,1475.7066,1764.0000,1986.9494,2225.0000,2406.0000,2420.2051,2571.4784,2941.0000,2620.0000
2021-08-06,16,781.0000,1230.0000,1481.6234,1763.0042,1986.3329,2234.9570,2421.2220,2412.3318,2588.0546,2946.1975,2616.7453
2021-08-08,16,-9999.0000,-9999.0000,-9999.0000,-9999.0000,-9999.0000,-9999.0000,-9999.0000,-9999.0000,-9999.0000,-9999.0000,-9999.0000
2021-08-11,16,850.0000,1323.4068,1602.9868,1897.7159,2123.9077,2344.5169,2485.6338,2475.8383,2664.0000,3052.0000,2605.0000
2021-08-11,16,935.0000,1332.7596,1594.6957,1881.3989,2108.7530,2353.6115,2493.4083,2468.6667,2677.0000,3026.4771,2603.9770
2021-08-13,16,1207.0000,1496.0000,1664.0000,1716.0000,1940.0000,2506.0000,2842.0000,2758.0000,2951.0000,2144.0000,1676.0000
2021-08-13,16,1324.0000,1593.2814,1780.3492,1880.8054,2137.5026,2386.3409,2605.7246,2562.0000,2696.8880,2398.0184,2048.0000
2021-08-16,16,815.0000,1356.5853,1627.5221,1890.4897,2107.9487,2339.0000,2529.4115,2484.0500,2683.0000,2961.0000,2644.0459
2021-08-16,16,885.0000,1360.0000,1620.4590,1867.0487,2083.5340,2317.5644,2541.7829,2482.8839,2682.5384,2938.9206,2654.2572
2021-08-18,16,1053.0000,1611.8335,1930.0000,2281.3290,2481.0000,2693.0017,2780.0000,2875.9462,2963.0000,3395.0000,2903.1272
2021-08-18,16,1101.0000,1563.2000,1859.3427,2185.4947,2395.6191,2641.0000,2762.0000,2852.7530,2942.0000,3354.7361,2917.0190
2021-08-21,16,898.0000,1370.3748,1659.6019,1954.4009,2155.2291,2364.4997,2499.4083,2507.9813,2651.0000,3064.4252,2598.0000
2021-08-21,16,1001.0000,1356.0000,1612.6667,1867.0125,2083.7685,2337.0000,2483.0000,2481.7512,2634.7492,3011.0000,2562.3531
2021-08-26,16,824.0000,1369.6465,1627.9015,1906.9276,2126.0000,2354.0000,2538.0000,2531.8307,2676.6428,3007.0000,2690.3533
2021-08-26,16,894.0000,1387.4419,1658.3391,1931.3697,2140.6874,2349.0000,2524.8612,2545.9472,2679.0000,3001.0000,2692.1551
2021-08-28,16,-9999.0000,-9999.0000,-9999.0000,-9999.0000,-9999.0000,-9999.0000,-9999.0000,-9999.0000,-9999.0000,-9999.0000,-9999.0000
2021-08-28,16,-9999.0000,-9999.0000,-9999.0000,-9999.0000,-9999.0000,-9999.0000,-9999.0000,-9999.0000,-9999.0000,-9999.0000,-9999.0000
2021-08-31,16,-9999.0000,-9999.0000,-9999.0000,-9999.0000,-9999.0000,-9999.0000,-9999.0000,-9999.0000,-9999.0000,-9999.0000,-9999.0000
2021-08-31,16,-9999.0000,-9999.0000,-9999.0000,-9999.0000,-9999.0000,-9999.0000,-9999.0000,-9999.0000,-9999.0000,-9999.0000,-9999.0000
2021-09-02,16,893.0000,1542.0000,1827.3413,2153.2167,2367.0000,2602.0000,2777.4492,2873.5263,2934.4325,3397.0000,3051.1300
2021-09-02,16,999.0000,1514.9321,1794.5000,2091.5028,2299.9495,2576.0000,2726.0000,2852.0000,2906.4516,3357.0000,3032.0000
2021-09-05,16,791.0000,1355.1000,1612.2247,1890.9595,2068.1715,2332.5012,2491.3502,2610.2134,2660.5508,3000.0000,2724.7499
2021-09-05,16,864.0000,1362.7413,1619.9367,1883.0936,2053.0285,2321.0000,2498.0000,2603.0000,2641.5484,2978.3263,2715.0000
2021-09-07,16,1094.0000,1633.3281,1956.7126,2310.0000,2492.3955,2776.5065,2916.0623,3015.1302,3093.1646,3436.6890,2965.4198
2021-09-07,16,1157.0000,1600.8076,1906.7681,2219.5211,2421.3996,2738.1333,2882.9217,2963.3333,3042.0000,3413.0000,2949.6297
2021-09-10,16,610.0000,1065.0968,1297.9145,1579.1986,1748.1212,1940.1627,2057.1599,2133.6074,2211.7387,2618.9881,2308.0891
2021-09-10,16,730.0000,1085.1429,1305.0877,1571.2639,1741.0000,1923.7041,2035.0000,2138.3516,2200.2474,2594.0000,2285.3094
2021-09-12,16,801.0000,1306.0000,1555.6605,1827.2532,2003.7670,2179.0000,2349.5030,2373.6212,2459.0430,2986.0205,2755.2705
2021-09-12,16,909.0000,1316.6064,1538.0000,1787.4014,1986.6620,2147.2785,2347.5457,2364.2656,2447.0000,2948.9914,2731.9104
2021-09-20,16,370.0000,577.2857,745.3583,937.6633,1106.3015,1273.8105,1396.4213,1416.3689,1527.8171,1701.7758,1313.8207
2021-09-20,16,371.0000,588.3366,752.4410,937.5507,1112.0000,1264.0000,1367.1058,1413.7282,1494.0225,1705.1734,1317.4887
2021-09-22,16,1031.0000,1429.6649,1584.0000,1672.8513,1917.2614,2154.6502,2306.0354,2435.5418,2406.3089,2370.0000,2026.0681
2021-09-25,16,1082.0000,1389.2114,1560.9993,1721.6121,1961.0000,2293.0000,2452.5872,2519.3806,2647.0000,2922.6398,2549.8737
2021-09-25,16,1121.0000,1401.4792,1581.0039,1731.2454,1986.0000,2312.0000,2502.0000,2549.7794,2687.0000,2840.6480,2544.0000
2021-09-27,16,1204.0000,1244.0000,1296.0000,1252.0000,1456.0000,2030.0000,2054.0000,1836.0000,2237.0000,1655.0000,1102.0000
2021-09-27,16,1307.0000,1288.0000,1338.0000,1256.0000,1488.0000,1854.0000,1987.0000,1882.0000,2050.0000,1635.0000,1104.0000
2021-09-30,16,436.0000,729.9463,941.2147,1129.3365,1317.8340,1522.9446,1656.6514,1689.3732,1789.0000,2030.4932,1625.0000
2021-09-30,16,501.0000,761.3072,961.5982,1140.7034,1312.5434,1523.4527,1644.4945,1704.1850,1763.8785,2028.3020,1621.0000
2021-10-02,16,1653.0000,1940.0000,2046.0000,2050.0000,2342.2531,2581.0000,2721.9378,2785.7826,2776.4967,2513.8882,2204.8932
2021-10-05,16,-9999.0000,-9999.0000,-9999.0000,-9999.0000,-9999.0000,-9999.0000,-9999.0000,-9999.0000,-9999.0000,-9999.0000,-9999.0000
2021-10-10,16,-9999.0000,-9999.0000,-9999.0000,-9999.0000,-9999.0000,-9999.0000,-9999.0000,-9999.0000,-9999.0000,-9999.0000,-9999.0000
2021-10-10,16,-9999.0000,-9999.0000,-9999.0000,-9999.0000,-9999.0000,-9999.0000,-9999.0000,-9999.0000,-9999.0000,-9999.0000,-9999.0000
2021-10-15,16,630.0000,1128.9980,1389.0000,1513.4220,1764.0000,2123.1925,2286.0000,2378.7563,2436.0000,2370.9419,2109.9941
2021-10-15,16,731.0000,1152.9753,1393.6905,1516.4102,1779.0000,2107.0000,2276.0000,2376.2601,2390.0000,2384.0000,2090.0000
2021-10-17,16,886.0000,1322.5000,1611.6481,1772.9841,2035.3938,2380.5275,2500.5252,2648.1441,2641.1825,2772.9325,2312.0000
2021-10-17,16,844.0000,1340.0000,1614.0000,1762.0000,2035.0059,2370.9812,2503.0000,2647.5839,2629.6877,2741.0000,2299.0000
2021-10-27,16,815.0000,1250.5245,1546.9839,1699.0517,2007.0000,2404.9608,2535.0933,2613.4664,2648.7319,2741.9692,2259.0105
2021-10-27,16,754.0000,1243.1455,1563.6063,1693.3333,2019.8188,2381.0000,2504.0000,2615.9969,2699.0000,2734.0000,2234.8462
2021-10-30,16,936.0000,1305.0000,1556.5573,1657.3005,1996.3419,2420.5983,2522.3188,2711.5068,2728.3915,2675.0000,2133.0000
2021-10-30,16,1138.0000,1313.3333,1556.7234,1660.0693,2020.6426,2402.3827,2552.0000,2745.6427,2748.5926,2698.0000,2108.8347
2021-11-04,16,88.0000,388.6474,549.0031,621.9507,862.5065,1203.0000,1283.3359,1382.0525,1380.0000,1218.0000,861.9804
2021-11-04,16,1.0000,288.4711,470.0000,569.1015,828.0000,1155.0000,1265.0000,1401.1449,1367.6468,1205.0000,862.4312
2021-11-06,16,221.0000,470.0000,774.2560,878.0000,1250.0000,1832.0000,1933.0000,1966.6411,2133.7595,1930.7539,1331.0000
2021-11-06,16,457.0000,630.5000,877.3385,941.2485,1279.0000,1794.0000,1863.0000,1926.0711,2082.0000,1924.0000,1314.0000
2021-11-11,16,467.0000,759.0000,1021.5844,1064.6118,1511.0000,2023.5196,2234.0000,2196.0747,2374.5012,2153.0000,1537.0000
2021-11-11,16,549.0000,810.6667,1049.9536,1076.0718,1498.0000,2019.0695,2209.0000,2167.3111,2395.0000,2169.0000,1530.2229
2021-11-19,16,488.0000,664.2853,889.4911,881.8409,1244.5065,1781.0000,1891.0000,1943.5104,2043.0000,1663.0000,1132.0000
2021-11-19,16,507.0000,672.5075,892.7916,873.3278,1226.0000,1781.6415,1939.0000,1972.3049,2059.2911,1662.0955,1128.0000
2021-11-24,16,178.0000,465.0000,708.7599,698.2030,1166.4344,1924.0000,2086.0000,2359.0855,2307.0000,1812.7276,1294.0000
2021-11-24,16,159.0000,442.4612,697.9177,673.4086,1141.9576,1955.0000,2164.8862,2354.8180,2329.3755,1827.0000,1257.6592
2021-11-29,16,115.0000,409.6466,745.5170,769.0556,1337.4685,2215.0000,2417.0093,2628.0059,2625.0000,1978.0000,1320.0000
2021-11-29,16,143.0000,432.0000,757.3934,773.4510,1308.6667,2253.0000,2449.0000,2648.0000,2670.4835,1962.7437,1275.0000
2021-12-01,16,125.0000,462.0000,741.3660,699.6151,1187.6823,2010.0000,2237.5442,2277.0197,2357.0000,1682.7577,1091.0000
2021-12-01,16,163.0000,477.6783,757.4238,713.2546,1178.9910,2017.4849,2233.3526,2296.8532,2317.0000,1660.0000,1057.0400
2021-12-06,16,11.0000,250.0000,577.5856,605.4388,1129.0293,2098.0000,2251.0000,2394.4354,2423.0000,1626.0000,1021.3424
2021-12-06,16,267.0000,437.6281,688.5941,682.3333,1132.0010,2012.0000,2173.0000,2298.3972,2264.0000,1562.0000,1013.0000
2021-12-14,16,-9999.0000,-9999.0000,-9999.0000,-9999.0000,-9999.0000,-9999.0000,-9999.0000,-9999.0000,-9999.0000,-9999.0000,-9999.0000
2021-12-14,16,-9999.0000,-9999.0000,-9999.0000,-9999.0000,-9999.0000,-9999.0000,-9999.0000,-9999.0000,-9999.0000,-9999.0000,-9999.0000
2021-12-16,16,45.0000,261.9068,595.3881,619.5109,1158.9782,2069.1155,2221.0000,2279.0414,2357.2646,1678.0000,1051.8666
2021-12-16,16,269.0000,433.9529,697.5186,690.1759,1171.0000,2041.7418,2168.4439,2211.0000,2294.2949,1647.0000,1026.0000
2021-12-29,16,-9999.0000,-9999.0000,-9999.0000,-9999.0000,-9999.0000,-9999.0000,-9999.0000,-9999.0000,-9999.0000,-9999.0000,-9999.0000
2021-12-31,16,-9999.0000,-9999.0000,-9999.0000,-9999.0000,-9999.0000,-9999.0000,-9999.0000,-9999.0000,-9999.0000,-9999.0000,-9999.0000
2021-12-31,16,-9999.0000,-9999.0000,-9999.0000,-9999.0000,-9999.0000,-9999.0000,-9999.0000,-9999.0000,-9999.0000,-9999.0000,-9999.0000
2022-01-08,16,142.0000,336.8976,573.8380,614.5368,1076.4890,1996.0000,2197.7735,2434.7361,2373.0306,1456.0000,902.0675
2022-01-08,16,129.0000,305.0000,544.5000,593.6842,1088.0000,2023.0000,2235.6361,2437.7185,2406.0048,1472.0000,905.4597
2022-01-13,16,2618.0000,1830.0000,1968.0000,1953.3071,2422.0000,3166.0000,3348.0000,3372.0000,3476.0000,2194.0000,1897.0000
2022-01-13,16,2631.0000,1416.0000,1976.0000,2084.0000,2463.0000,3177.0000,3314.0000,3296.0000,3396.0000,2206.0000,1847.0000
2022-01-15,16,93.0000,301.8941,637.3018,659.6414,1232.9530,2282.7308,2437.8087,2566.4394,2647.9541,1739.0000,1066.0000
2022-01-15,16,325.0000,464.7938,733.5227,725.3208,1236.1920,2191.0000,2402.0000,2473.1413,2582.0741,1658.0000,1047.0000
2022-01-18,16,5.0000,233.7052,537.4933,565.2008,1125.0000,2097.0000,2276.5665,2452.1008,2464.1852,1584.0000,995.0000
2022-01-18,16,152.0000,337.5126,597.4917,604.9508,1124.4727,2051.5437,2232.0000,2410.8364,2408.9576,1552.0000,979.0000
2022-01-20,16,624.0000,824.3757,929.0000,921.1128,1389.5331,2201.5029,2420.0000,2514.0000,2549.2698,1774.0000,1167.0000
2022-01-20,16,590.0000,802.3147,908.6164,898.9808,1358.0000,2156.2750,2370.9613,2509.3333,2533.6059,1740.0000,1155.0000
2022-01-23,16,215.0000,472.9844,693.2373,717.5320,1221.0000,2103.0000,2326.4657,2472.6889,2488.3658,1648.0000,1116.0000
2022-01-23,16,426.0000,622.4710,785.3558,777.3077,1229.3428,2070.0000,2301.9538,2406.0118,2429.4994,1613.0000,1109.0000
2022-01-25,16,358.0000,361.0000,660.7537,666.2704,1297.1891,2308.2114,2441.2220,2669.0742,2661.0000,1922.9783,1314.5304
2022-01-25,16,556.0000,638.1032,837.1152,813.1797,1317.0024,2244.8510,2365.0000,2522.5708,2568.4240,1883.0000,1289.0646
2022-01-28,16,263.0000,352.7344,628.5942,694.2382,1254.0000,2197.5275,2362.0000,2615.5000,2547.1044,1829.0000,1222.0000
2022-01-28,16,416.0000,604.5472,796.8592,808.3592,1261.0000,2097.1249,2305.0000,2501.7972,2470.0000,1789.4946,1200.5018
2022-01-30,16,370.0000,690.2009,869.2632,905.1852,1430.0000,2364.0000,2612.0000,2810.2350,2809.5254,2182.0000,1512.0000
2022-01-30,16,435.0000,721.5433,892.7151,918.0000,1434.2852,2354.7769,2594.6112,2792.0000,2759.0000,2137.0000,1490.0000
2022-02-02,16,393.0000,617.6642,821.6393,832.7553,1320.0000,2193.0000,2411.4914,2600.7670,2542.0000,1776.0000,1319.0000
2022-02-02,16,470.0000,680.0000,860.1273,848.8826,1311.0000,2136.0000,2352.0000,2552.2457,2483.3685,1751.0000,1305.0000
2022-02-07,16,493.0000,672.3538,801.8041,920.5406,1068.0000,1259.5269,1338.7612,1460.3609,1421.2818,1675.0000,1364.0000
2022-02-07,16,534.0000,704.3033,826.3333,933.1532,1069.1846,1252.5375,1333.0088,1458.5304,1410.0000,1629.0000,1348.4569
2022-02-09,16,381.0000,761.8936,936.7878,1145.1058,1380.0000,1621.1591,1774.0000,1938.0000,1900.0000,2261.9283,1854.5789
2022-02-09,16,619.0000,885.3333,1028.0428,1180.9811,1393.3792,1639.0000,1777.3614,1931.5152,1908.7633,2183.0000,1844.0550
2022-02-12,16,514.0000,809.9616,952.8987,1098.0000,1275.0000,1501.0000,1598.0000,1788.6130,1712.0000,1979.0000,1724.0000
2022-02-12,16,557.0000,829.7500,965.7352,1109.3245,1269.0000,1497.0000,1613.0000,1777.3648,1774.0000,1953.7781,1716.9696
2022-02-22,16,272.0000,488.0000,618.5496,740.9976,933.1021,1172.0000,1269.0000,1411.2729,1384.0000,1441.0000,1161.8955
2022-02-22,16,312.0000,516.3355,630.0000,744.0000,931.0000,1187.0000,1294.0000,1403.5453,1377.0000,1425.2555,1157.5365
2022-02-24,16,1071.0000,1120.0000,1334.0000,1444.7658,1697.9068,2017.0000,2096.0000,2211.1706,2218.9397,2124.9970,1745.0247
2022-02-24,16,1196.0000,1200.0000,1362.0000,1444.1086,1673.9441,1974.0000,2050.5050,2164.4931,2162.0088,2085.5044,1735.0000
2022-02-27,16,599.0000,756.0000,905.0383,1017.2566,1237.5407,1500.4645,1576.0000,1708.3539,1683.6147,1776.0000,1441.8512
2022-02-27,16,662.0000,790.6326,920.5324,1028.0000,1237.0000,1510.0000,1587.0000,1707.1248,1693.9413,1763.7015,1441.3780
2022-03-01,16,791.0000,1096.0000,1245.4812,1401.0000,1632.5042,1925.0956,2025.9914,2242.6213,2147.3422,2316.9204,2014.0000
2022-03-01,16,770.0000,1100.0000,1261.1255,1412.5568,1644.5997,1924.9125,2033.8166,2249.4040,2162.0000,2345.0000,2021.0141
2022-03-04,16,654.0000,973.6280,1145.5000,1301.5918,1512.0000,1806.4804,1914.4816,2115.6331,2039.0000,2129.0000,1856.5000
2022-03-04,16,717.0000,1013.9301,1162.0000,1304.3016,1506.3351,1802.2887,1913.0000,2106.3014,2031.0000,2126.4443,1856.0000
2022-03-06,16,965.0000,1197.7440,1405.4335,1560.5340,1812.3122,2113.0828,2198.0000,2402.0000,2337.4954,2466.0000,2121.4362
2022-03-06,16,998.0000,1213.4769,1414.0000,1560.7984,1821.0000,2134.5484,2207.0000,2400.0000,2336.0000,2485.0000,2118.0000
2022-03-09,16,673.0000,980.0000,1220.5045,1385.0224,1628.6793,1898.0000,1986.0000,2147.0000,2121.5728,2271.0000,1897.7486
2022-03-09,16,715.0000,1005.3976,1220.6667,1384.6667,1625.0005,1894.0383,1985.6469,2150.0000,2125.5100,2274.0000,1885.3198
2022-03-14,16,554.0000,665.0063,694.0000,680.7411,773.0000,866.5660,915.7146,938.6396,922.7841,785.4641,697.9322
2022-03-14,16,541.0000,688.9808,713.7011,700.8953,782.8365,890.8254,929.7453,954.8673,947.0492,786.9666,700.8750
2022-03-16,16,-9999.0000,-9999.0000,-9999.0000,-9999.0000,-9999.0000,-9999.0000,-9999.0000,-9999.0000,-9999.0000,-9999.0000,-9999.0000
2022-03-19,16,824.0000,1169.6071,1396.0000,1657.2000,1781.0036,1888.0000,1971.0000,2185.2500,2106.0000,2584.3029,2331.0000
2022-03-19,16,881.0000,1196.4814,1428.0000,1673.2041,1792.6380,1889.6864,1969.0000,2181.0086,2128.0000,2579.0000,2330.0000
2022-03-21,16,968.0000,1432.6696,1654.0000,1924.1860,2043.8224,2154.0000,2241.2547,2530.0000,2396.9117,2891.5290,2725.6013
2022-03-21,16,1016.0000,1444.8470,1661.2444,1929.4456,2042.1493,2146.5425,2232.0000,2524.0000,2409.0000,2898.8434,2740.3245
2022-03-24,16,814.0000,1249.0029,1474.0000,1731.0384,1840.0000,1941.8741,2036.4502,2273.0000,2177.8462,2611.2990,2523.0000
2022-03-24,16,881.0000,1277.0488,1481.3052,1723.1916,1838.3021,1948.0000,2026.5038,2273.3920,2157.0000,2620.4309,2515.4049
2022-03-26,16,1253.0000,1505.7627,1737.3173,1960.4887,2113.7721,2225.0000,2310.0000,2492.0000,2446.0000,2947.1561,2718.0000
2022-03-26,16,1295.0000,1520.9755,1737.4095,1957.4615,2113.3587,2224.3326,2313.0000,2496.9921,2444.0000,2932.0370,2723.2250
2022-04-03,16,508.0000,716.5313,860.3670,1040.0000,1167.0000,1274.0000,1356.0000,1474.0395,1462.0000,1693.0474,1406.4749
2022-04-03,16,485.0000,706.0000,854.2946,1040.5719,1161.4950,1255.0000,1339.0000,1458.6392,1445.9282,1713.0000,1412.0000
2022-04-05,16,-9999.0000,-9999.0000,-9999.0000,-9999.0000,-9999.0000,-9999.0000,-9999.0000,-9999.0000,-9999.0000,-9999.0000,-9999.0000
2022-04-05,16,-9999.0000,-9999.0000,-9999.0000,-9999.0000,-9999.0000,-9999.0000,-9999.0000,-9999.0000,-9999.0000,-9999.0000,-9999.0000
2022-04-08,16,-9999.0000,-9999.0000,-9999.0000,-9999.0000,-9999.0000,-9999.0000,-9999.0000,-9999.0000,-9999.0000,-9999.0000,-9999.0000
2022-04-10,16,601.0000,844.0000,1005.0758,1224.9606,1365.7858,1486.5880,1596.0412,1730.7039,1682.7385,1927.0000,1538.0000
2022-04-10,16,581.0000,840.0000,1009.4454,1237.4466,1377.3370,1473.7264,1570.0187,1721.3607,1672.4085,1932.0000,1541.0000
2022-04-15,16,1136.0000,1619.3461,1938.5677,2283.3333,2458.4870,2564.6487,2669.9758,2802.5930,2821.0000,3386.9288,3185.8214
2022-04-15,16,1214.0000,1618.9312,1948.0198,2258.9971,2453.0000,2565.9845,2672.0000,2795.9608,2826.0000,3360.0000,3184.0000
2022-04-18,16,1227.0000,1716.0000,2011.7712,2242.6079,2420.3357,2603.0000,2689.2838,2868.5972,2822.0000,2979.6373,2707.2460
2022-04-18,16,1268.0000,1738.9641,2051.5239,2288.5040,2421.5329,2598.3697,2712.0000,2908.0360,2825.0000,2987.5431,2707.1899
2022-04-20,16,1352.0000,1947.6575,2233.3885,2451.1404,2708.7046,3055.0000,3232.0000,3441.4346,3340.1737,3410.6487,3129.2187
2022-04-20,16,1450.0000,1923.4815,2203.6422,2410.7273,2665.0088,2997.0000,3178.8931,3393.7631,3322.4964,3383.0000,3139.9811
2022-04-23,16,-9999.0000,-9999.0000,-9999.0000,-9999.0000,-9999.0000,-9999.0000,-9999.0000,-9999.0000,-9999.0000,-9999.0000,-9999.0000
2022-04-25,16,988.0000,1008.0000,1158.0000,1204.5331,1498.0000,1951.0000,2113.0000,2018.0000,2221.0000,1724.0000,1283.0000
2022-04-25,16,1220.0000,1137.0010,1266.0000,1289.4205,1567.0000,1953.0000,2050.4077,1916.0000,2057.0000,1770.3404,1301.4666
2022-04-28,16,564.0000,881.5000,1105.1173,1307.3780,1476.9795,1639.6109,1744.0000,1849.0706,1834.4912,2064.0000,1665.4733
2022-04-28,16,669.0000,914.1297,1125.4032,1300.8147,1477.7371,1668.6350,1767.4921,1860.6314,1879.0000,2054.6598,1661.6196
2022-04-30,16,1048.0000,1755.5430,2099.9820,2341.6933,2548.1130,2741.0000,2873.1475,3045.0321,2983.0000,3260.2522,2980.0000
2022-04-30,16,1142.0000,1667.5000,1987.5844,2222.0000,2456.7230,2681.7979,2838.0000,3009.3934,2924.3112,3212.0000,2962.6139
2022-05-03,16,1022.0000,1683.2478,2009.5904,2258.9258,2495.0000,2803.4677,2940.4032,3019.1848,3026.5701,3168.0000,2967.7049
2022-05-03,16,1129.0000,1730.9218,2051.1704,2300.4404,2556.4526,2818.8103,2931.1479,3044.7438,3042.0000,3198.0000,2965.3590
2022-05-08,16,-9999.0000,-9999.0000,-9999.0000,-9999.0000,-9999.0000,-9999.0000,-9999.0000,-9999.0000,-9999.0000,-9999.0000,-9999.0000
2022-05-10,16,1185.0000,1868.4259,2225.0079,2470.0305,2787.9708,3012.5108,3177.0000,3241.2057,3277.0000,3557.0000,3219.4436
2022-05-10,16,1244.0000,1816.3451,2155.3366,2387.0015,2708.4624,2948.4259,3146.3878,3201.7157,3258.9970,3518.6500,3206.8719
2022-05-13,16,967.0000,1556.0170,1800.0000,1938.4160,2128.0000,2428.0627,2611.0675,2586.7522,2665.0000,2458.0000,2195.6856
2022-05-13,16,1036.0000,1545.8335,1793.0224,1932.0609,2092.0195,2408.0000,2586.5340,2602.0000,2660.0000,2450.5434,2179.8338
2022-05-15,16,1269.0000,1978.8527,2374.4240,2647.6209,2946.0685,3197.9913,3296.4159,3307.4924,3430.0000,3643.4662,3245.0000
2022-05-15,16,1318.0000,1908.4881,2258.0286,2533.7284,2820.4492,3129.0000,3243.0000,3251.3892,3387.9096,3573.9806,3204.0000
2022-05-18,16,1056.0000,1835.3955,2195.3209,2422.0212,2700.0000,2941.0000,3048.4672,3073.1707,3171.5104,3307.0000,2882.2062
2022-05-18,16,1172.0000,1690.6468,2019.1949,2226.0305,2507.1994,2800.0000,2952.0000,2987.2925,3077.0030,3196.5500,2824.9852
2022-05-20,16,1300.0000,2084.0000,2454.3820,2712.6667,2981.1724,3245.4791,3411.4890,3459.3356,3521.0000,3687.2934,3383.8469
2022-05-20,16,1332.0000,1948.0795,2298.9763,2535.0141,2843.3853,3129.2956,3332.9226,3376.9798,3423.0000,3619.4615,3338.1201
2022-05-25,16,-9999.0000,-9999.0000,-9999.0000,-9999.0000,-9999.0000,-9999.0000,-9999.0000,-9999.0000,-9999.0000,-9999.0000,-9999.0000
2022-05-25,16,-9999.0000,-9999.0000,-9999.0000,-9999.0000,-9999.0000,-9999.0000,-9999.0000,-9999.0000,-9999.0000,-9999.0000,-9999.0000
2022-06-02,16,-9999.0000,-9999.0000,-9999.0000,-9999.0000,-9999.0000,-9999.0000,-9999.0000,-9999.0000,-9999.0000,-9999.0000,-9999.0000
2022-06-02,16,-9999.0000,-9999.0000,-9999.0000,-9999.0000,-9999.0000,-9999.0000,-9999.0000,-9999.0000,-9999.0000,-9999.0000,-9999.0000
2022-06-04,16,1483.0000,1905.6420,2187.9842,2280.9061,2571.1041,3089.0000,3236.0000,3225.4992,3308.0000,2882.9077,2425.1852
2022-06-04,16,1449.0000,1657.0359,1896.7083,1972.0343,2284.5059,2762.0000,2920.4904,2881.6000,3018.7786,2748.3500,2350.3548
2022-06-07,16,-9999.0000,-9999.0000,-9999.0000,-9999.0000,-9999.0000,-9999.0000,-9999.0000,-9999.0000,-9999.0000,-9999.0000,-9999.0000
2022-06-07,16,-9999.0000,-9999.0000,-9999.0000,-9999.0000,-9999.0000,-9999.0000,-9999.0000,-9999.0000,-9999.0000,-9999.0000,-9999.0000
2022-06-12,16,903.0000,1441.8811,1769.2996,1954.2749,2261.2644,2862.0000,3144.0000,3202.5164,3281.9441,3155.3607,2822.2262
2022-06-12,16,990.0000,1436.5640,1766.0000,1938.7655,2234.5030,2857.9856,3093.0000,3177.3333,3259.0000,3115.2682,2753.0000
2022-06-14,16,1129.0000,1666.0238,2042.7634,2262.3367,2588.0000,3298.0000,3538.0000,3586.0483,3677.6160,3539.4000,2999.4282
2022-06-14,16,1186.0000,1603.6242,1970.4079,2173.2639,2508.0000,3183.0000,3428.0000,3490.3081,3601.0000,3490.6483,2968.0820
2022-06-17,16,1588.0000,1906.6667,2186.4259,2258.9414,2644.2886,3318.0000,3625.0000,3593.0113,3716.0000,3109.7119,2549.0000
2022-06-19,16,1043.0000,1585.5946,1906.2042,2071.8696,2395.4838,3086.0000,3486.4580,3466.3716,3605.0000,3377.0000,2919.7633
2022-06-19,16,1114.0000,1548.0982,1877.1432,2024.0000,2372.2727,3050.0000,3433.0000,3402.4113,3554.0386,3352.5212,2922.3701
2022-06-24,16,1079.0000,1593.4339,1940.0000,2053.4532,2354.0000,3214.4852,3524.7075,3562.4078,3664.0000,3214.0000,2611.4779
2022-06-24,16,1170.0000,1621.2950,1954.7640,2076.2093,2363.0000,3238.0000,3564.7388,3584.0000,3682.0578,3213.4655,2605.0953
2022-06-27,16,630.0000,1161.2422,1521.7861,1652.1886,1949.9591,2693.5176,3065.8129,3042.7377,3178.0000,2692.9996,2142.0000
2022-06-27,16,834.0000,1188.0000,1497.0000,1603.6167,1895.0000,2610.0000,2941.3300,2939.7288,3084.0000,2621.0000,2106.3473
2022-06-29,16,-9999.0000,-9999.0000,-9999.0000,-9999.0000,-9999.0000,-9999.0000,-9999.0000,-9999.0000,-9999.0000,-9999.0000,-9999.0000
2022-06-29,16,-9999.0000,-9999.0000,-9999.0000,-9999.0000,-9999.0000,-9999.0000,-9999.0000,-9999.0000,-9999.0000,-9999.0000,-9999.0000
2022-07-02,16,744.0000,1169.4683,1459.3681,1555.0298,1866.5049,2658.5893,3065.5525,3083.6211,3204.0000,2651.6970,2237.1679
2022-07-02,16,839.0000,1187.7362,1459.2006,1530.2562,1838.5174,2637.4959,3058.0000,3057.4568,3172.1299,2641.0879,2245.0613
2022-07-04,16,962.0000,1395.4333,1706.8210,1814.2590,2139.3351,3058.0000,3387.7391,3394.1009,3542.0000,2963.0000,2378.3686
2022-07-04,16,1070.0000,1371.1013,1666.9450,1771.8793,2102.0000,2949.5415,3315.0000,3298.0186,3451.0000,2924.5648,2352.5361
2022-07-07,16,-9999.0000,-9999.0000,-9999.0000,-9999.0000,-9999.0000,-9999.0000,-9999.0000,-9999.0000,-9999.0000,-9999.0000,-9999.0000
2022-07-07,16,-9999.0000,-9999.0000,-9999.0000,-9999.0000,-9999.0000,-9999.0000,-9999.0000,-9999.0000,-9999.0000,-9999.0000,-9999.0000
2022-07-09,16,711.0000,1060.3024,1378.6502,1441.6850,1777.0000,2831.0000,3284.0093,3412.0000,3435.8747,2608.0000,2036.8286
2022-07-09,16,794.0000,1073.0448,1353.5859,1419.0000,1772.4744,2757.0000,3217.0000,3305.5972,3371.0000,2563.1705,2027.9781
2022-07-12,16,577.0000,931.3303,1209.7910,1275.9497,1625.4131,2637.0000,3133.4930,3112.1823,3286.0000,2459.0000,1968.9692
2022-07-12,16,675.0000,970.0000,1216.3706,1266.1665,1602.8034,2601.0000,3104.0000,3060.8118,3236.4975,2459.5126,1940.7841
2022-07-14,16,-9999.0000,-9999.0000,-9999.0000,-9999.0000,-9999.0000,-9999.0000,-9999.0000,-9999.0000,-9999.0000,-9999.0000,-9999.0000
2022-07-14,16,-9999.0000,-9999.0000,-9999.0000,-9999.0000,-9999.0000,-9999.0000,-9999.0000,-9999.0000,-9999.0000,-9999.0000,-9999.0000
2022-07-17,16,633.0000,939.1768,1250.0909,1307.9333,1737.1052,2627.0000,3031.0000,3029.3528,3217.4930,2531.0000,1938.4041
2022-07-17,16,743.0000,973.0079,1252.0000,1315.8493,1705.0000,2598.0000,3020.9954,2978.0000,3209.3472,2526.0000,1912.2184
2022-07-19,16,732.0000,1140.0000,1474.0452,1564.1126,1949.0000,2869.0000,3329.8018,3364.0000,3542.4353,2862.0000,2281.4819
2022-07-19,16,832.0000,1153.1825,1444.0000,1531.3996,1922.7733,2779.0000,3242.2021,3248.4501,3418.5992,2822.0000,2265.2671
2022-07-22,16,730.0000,1028.6849,1294.0000,1379.9731,1739.0646,2533.0000,2964.5172,2955.8682,3186.0000,2547.0969,2059.5854
2022-07-22,16,763.0000,1041.3394,1306.0000,1378.6424,1740.0206,2554.0000,3008.5097,2963.6885,3210.0000,2562.0000,2051.8755
2022-07-24,16,-9999.0000,-9999.0000,-9999.0000,-9999.0000,-9999.0000,-9999.0000,-9999.0000,-9999.0000,-9999.0000,-9999.0000,-9999.0000
2022-07-24,16,-9999.0000,-9999.0000,-9999.0000,-9999.0000,-9999.0000,-9999.0000,-9999.0000,-9999.0000,-9999.0000,-9999.0000,-9999.0000
2022-07-27,16,-9999.0000,-9999.0000,-9999.0000,-9999.0000,-9999.0000,-9999.0000,-9999.0000,-9999.0000,-9999.0000,-9999.0000,-9999.0000
2022-07-29,16,689.0000,1106.7048,1434.4519,1555.0526,1997.6833,2746.3447,3135.0000,3122.4141,3323.9846,2866.0000,2301.0632
2022-07-29,16,764.0000,1122.6161,1426.8631,1539.6776,1945.5005,2717.7296,3125.3761,3089.0581,3316.0000,2857.0000,2292.0000
2022-08-01,16,628.0000,928.5844,1218.7322,1306.7744,1667.0000,2367.0000,2719.0000,2730.6667,2932.1770,2494.0000,2027.6673
2022-08-01,16,641.0000,954.1910,1226.8516,1299.3800,1660.9043,2352.9389,2740.0000,2707.0230,2949.4005,2496.0000,2018.0000
2022-08-03,16,742.0000,1084.9320,1433.4577,1564.2883,1957.1437,2682.4279,2921.0000,2955.0415,3164.0000,2883.5000,2269.0000
2022-08-03,16,817.0000,1081.4138,1427.0937,1545.5473,1947.0000,2642.6140,2916.3130,2945.1811,3137.0524,2873.0000,2241.5086
2022-08-06,16,-9999.0000,-9999.0000,-9999.0000,-9999.0000,-9999.0000,-9999.0000,-9999.0000,-9999.0000,-9999.0000,-9999.0000,-9999.0000
2022-08-06,16,-9999.0000,-9999.0000,-9999.0000,-9999.0000,-9999.0000,-9999.0000,-9999.0000,-9999.0000,-9999.0000,-9999.0000,-9999.0000
2022-08-08,16,808.0000,1186.6667,1483.6381,1667.3834,2075.0000,2705.0000,3052.6576,3066.9834,3299.0870,3089.0000,2509.5331
2022-08-08,16,817.0000,1186.7098,1499.9119,1657.7754,2078.6413,2726.0444,3029.0000,3075.9829,3242.9993,3090.0682,2496.0000
2022-08-11,16,618.0000,1028.6864,1315.2800,1516.0000,1860.9564,2449.0000,2743.0000,2841.4464,2941.0000,2748.3596,2218.5570
2022-08-11,16,690.0000,1041.2484,1308.4566,1496.7900,1838.0000,2444.0000,2691.0000,2811.4033,2920.0000,2732.2927,2252.0000
2022-08-16,16,418.0000,621.1729,888.5769,1075.0278,1418.5272,1909.0000,2142.0000,2119.4000,2339.3873,2201.0000,1615.0000
2022-08-16,16,454.0000,661.4116,917.2243,1093.0000,1414.0000,1923.0000,2095.0000,2119.1939,2312.4975,2190.0000,1613.8662
2022-08-21,16,471.0000,772.4248,1029.3868,1172.3039,1479.0000,1947.0535,2164.0000,2171.6387,2331.0000,2375.0000,1978.0970
2022-08-21,16,505.0000,788.9059,1024.8022,1172.0000,1466.0000,1938.6644,2173.5485,2168.3538,2334.0000,2363.0000,1981.0000
2022-08-23,16,-9999.0000,-9999.0000,-9999.0000,-9999.0000,-9999.0000,-9999.0000,-9999.0000,-9999.0000,-9999.0000,-9999.0000,-9999.0000
2022-08-23,16,-9999.0000,-9999.0000,-9999.0000,-9999.0000,-9999.0000,-9999.0000,-9999.0000,-9999.0000,-9999.0000,-9999.0000,-9999.0000
2022-08-26,16,633.0000,945.6247,1209.8122,1384.0000,1700.0000,2178.0000,2373.9092,2327.3881,2563.0000,2779.1645,2266.9539
2022-08-26,16,707.0000,968.7154,1224.7579,1388.6451,1730.0000,2172.8040,2370.5486,2338.0510,2553.8333,2779.2549,2257.0000
2022-08-28,16,811.0000,1139.2044,1340.0000,1506.0000,1821.3468,2310.8341,2612.3084,2504.0953,2782.9579,2518.0000,1986.1350
2022-08-28,16,797.0000,1123.5000,1316.0000,1490.6667,1794.0799,2278.6498,2596.5062,2468.8098,2746.3915,2505.0000,1982.0000
2022-08-31,16,-9999.0000,-9999.0000,-9999.0000,-9999.0000,-9999.0000,-9999.0000,-9999.0000,-9999.0000,-9999.0000,-9999.0000,-9999.0000
2022-08-31,16,-9999.0000,-9999.0000,-9999.0000,-9999.0000,-9999.0000,-9999.0000,-9999.0000,-9999.0000,-9999.0000,-9999.0000,-9999.0000
2022-09-02,16,1242.0000,1569.0039,1809.0000,1980.6937,2353.0000,2928.4956,3099.7383,3200.9129,3335.0000,3116.9044,2542.0978
2022-09-02,16,1291.0000,1593.1461,1800.6667,1956.6253,2290.8338,2852.2281,3054.0030,3144.7067,3246.0000,3084.0651,2510.4588
2022-09-05,16,-9999.0000,-9999.0000,-9999.0000,-9999.0000,-9999.0000,-9999.0000,-9999.0000,-9999.0000,-9999.0000,-9999.0000,-9999.0000
2022-09-07,16,-9999.0000,-9999.0000,-9999.0000,-9999.0000,-9999.0000,-9999.0000,-9999.0000,-9999.0000,-9999.0000,-9999.0000,-9999.0000
2022-09-07,16,-9999.0000,-9999.0000,-9999.0000,-9999.0000,-9999.0000,-9999.0000,-9999.0000,-9999.0000,-9999.0000,-9999.0000,-9999.0000
2022-09-10,16,474.0000,852.2512,1106.0000,1379.0279,1641.0000,2012.0000,2202.8534,2202.5788,2443.0000,2860.8343,2515.0469
2022-09-10,16,513.0000,876.6836,1121.5010,1386.1132,1657.0061,1969.9506,2189.7840,2203.6230,2411.5269,2855.0000,2554.1674
2022-09-12,16,654.0000,1028.5420,1314.9643,1633.4995,1891.2428,2243.7775,2413.0000,2437.6497,2632.4935,3291.0000,2922.8507
2022-09-12,16,721.0000,1045.0190,1315.2769,1603.7246,1875.5160,2230.0000,2354.9038,2437.6907,2603.0000,3282.3774,2905.0477
2022-09-15,16,631.0000,995.0000,1246.0000,1462.0000,1746.0000,2069.0309,2249.0000,2213.0000,2445.0000,3028.0000,2741.9415
2022-09-15,16,665.0000,997.0387,1248.3240,1476.0216,1741.6579,2049.7619,2218.0000,2210.6667,2449.5400,3026.9375,2756.0000
2022-09-20,16,494.0000,897.1555,1138.3479,1385.8287,1618.0000,2020.0000,2224.0000,2331.4710,2406.0000,2836.4568,2546.0000
2022-09-20,16,537.0000,913.4968,1149.2490,1386.6667,1605.0256,2018.9152,2210.0000,2326.5133,2414.0000,2830.0000,2554.0000
2022-09-22,16,665.0000,1074.0000,1354.3894,1620.0000,1893.1598,2340.4097,2479.0000,2612.3471,2718.0091,3226.3811,2845.0000
2022-09-22,16,749.0000,1090.6711,1362.0000,1618.9089,1874.6367,2315.4296,2442.9961,2598.6667,2673.0000,3213.3080,2842.8725
2022-09-27,16,-9999.0000,-9999.0000,-9999.0000,-9999.0000,-9999.0000,-9999.0000,-9999.0000,-9999.0000,-9999.0000,-9999.0000,-9999.0000
2022-09-27,16,-9999.0000,-9999.0000,-9999.0000,-9999.0000,-9999.0000,-9999.0000,-9999.0000,-9999.0000,-9999.0000,-9999.0000,-9999.0000
2022-10-02,16,1048.0000,963.3421,1066.5223,1092.4332,1377.0000,1921.0000,2009.0000,2106.0000,2272.0000,1922.0000,1452.0000
2022-10-02,16,-9999.0000,-9999.0000,-9999.0000,-9999.0000,-9999.0000,-9999.0000,-9999.0000,-9999.0000,-9999.0000,-9999.0000,-9999.0000
2022-10-05,16,-9999.0000,-9999.0000,-9999.0000,-9999.0000,-9999.0000,-9999.0000,-9999.0000,-9999.0000,-9999.0000,-9999.0000,-9999.0000
2022-10-05,16,-9999.0000,-9999.0000,-9999.0000,-9999.0000,-9999.0000,-9999.0000,-9999.0000,-9999.0000,-9999.0000,-9999.0000,-9999.0000
2022-10-07,16,672.0000,989.5580,1217.5201,1283.2248,1681.0000,2263.0000,2515.0000,2585.3800,2649.4449,2689.4223,2217.0146
2022-10-07,16,709.0000,1028.8865,1225.0419,1300.4956,1682.3579,2267.9489,2492.0000,2562.0000,2683.3870,2709.3510,2202.9846
2022-10-10,16,-9999.0000,-9999.0000,-9999.0000,-9999.0000,-9999.0000,-9999.0000,-9999.0000,-9999.0000,-9999.0000,-9999.0000,-9999.0000
2022-10-10,16,-9999.0000,-9999.0000,-9999.0000,-9999.0000,-9999.0000,-9999.0000,-9999.0000,-9999.0000,-9999.0000,-9999.0000,-9999.0000
2022-10-12,16,2064.0000,2076.7966,2148.0000,2054.0000,2453.3211,2873.3485,2938.0000,3025.3448,3012.5971,2404.8806,2050.0000
2022-10-15,16,49.0000,334.0060,605.1787,645.4407,993.5088,1482.6461,1633.9229,1595.0000,1753.0840,1612.9861,1126.5110
2022-10-15,16,254.0000,473.2043,708.0000,709.5438,1026.0000,1490.0000,1611.1145,1613.0000,1727.0000,1589.5363,1120.0000
2022-10-17,16,925.0000,1168.0000,1381.1063,1329.5687,1858.0000,2605.3059,2879.0000,2965.5756,3063.0000,2891.3556,2297.7386
2022-10-17,16,1074.0000,1282.0000,1448.9273,1382.0000,1855.0000,2583.0000,2858.0141,2931.2850,3075.0000,2859.0110,2308.0000
2022-10-20,16,256.0000,637.4137,898.0000,869.1333,1357.5856,2119.0000,2395.3418,2422.0000,2540.0000,2214.5035,1782.0000
2022-10-20,16,673.0000,877.5000,1064.9199,981.6497,1401.0000,2040.0000,2297.4593,2338.7133,2437.6415,2108.2920,1780.3952
2022-10-25,16,-9999.0000,-9999.0000,-9999.0000,-9999.0000,-9999.0000,-9999.0000,-9999.0000,-9999.0000,-9999.0000,-9999.0000,-9999.0000
2022-10-25,16,-9999.0000,-9999.0000,-9999.0000,-9999.0000,-9999.0000,-9999.0000,-9999.0000,-9999.0000,-9999.0000,-9999.0000,-9999.0000
2022-10-27,16,482.0000,753.5000,1010.0000,951.0000,1465.3829,2413.5645,2762.4473,2822.6667,2910.0000,2430.4990,1826.3333
2022-10-27,16,702.0000,928.7500,1148.3991,1075.1833,1593.0000,2491.2137,2794.0000,2907.0749,3004.8478,2513.0000,1881.5053
2022-10-30,16,471.0000,768.9801,1009.5360,1003.6667,1468.3580,2286.0000,2592.8476,2676.7043,2794.0000,2404.0617,1929.9318
2022-10-30,16,526.0000,805.1332,1029.1965,1021.2995,1469.0000,2265.8263,2578.0000,2662.0000,2787.0000,2412.3630,1880.5000
2022-11-04,16,0.0000,188.5203,426.1545,412.9709,757.7218,1473.2248,1643.6497,1688.7290,1785.8107,1073.0000,634.0000
2022-11-04,16,2.0000,200.7927,428.6907,413.4947,749.9995,1459.7504,1645.0000,1682.0000,1785.0000,1060.5323,621.0000
2022-11-06,16,344.0000,609.8743,869.0918,784.9286,1258.3602,2275.0451,2612.2388,2763.2544,2791.0000,2168.0000,1492.0000
2022-11-06,16,353.0000,625.1873,869.0059,788.9558,1276.3825,2286.0000,2553.0000,2759.5606,2780.0012,2164.0000,1498.0646
2022-11-21,16,460.0000,522.3172,785.7851,609.5469,1144.5301,2234.7219,2443.7898,2600.0807,2677.2153,1858.0000,1208.0000
2022-11-21,16,562.0000,606.6935,833.0857,641.5883,1146.0886,2183.0000,2371.0000,2581.3010,2637.0000,1885.0852,1230.0000
2022-11-24,16,259.0000,408.7916,765.1068,574.2666,1210.0000,2554.3498,2826.6281,3032.4971,3043.8749,1822.0000,1119.0000
2022-11-24,16,299.0000,442.0658,780.9888,581.0688,1211.0000,2531.0000,2810.4896,2996.0609,2998.5038,1795.0000,1077.0000
2022-11-26,16,-9999.0000,-9999.0000,-9999.0000,-9999.0000,-9999.0000,-9999.0000,-9999.0000,-9999.0000,-9999.0000,-9999.0000,-9999.0000
2022-11-26,16,-9999.0000,-9999.0000,-9999.0000,-9999.0000,-9999.0000,-9999.0000,-9999.0000,-9999.0000,-9999.0000,-9999.0000,-9999.0000
2022-12-01,16,870.0000,1166.0000,1308.6873,1126.0000,1598.0000,2299.4279,2435.0364,2712.0000,2603.3527,1832.8272,1302.0000
2022-12-06,16,-9999.0000,-9999.0000,-9999.0000,-9999.0000,-9999.0000,-9999.0000,-9999.0000,-9999.0000,-9999.0000,-9999.0000,-9999.0000
2023-01-10,16,354.0000,454.0000,757.8304,602.7657,1237.9627,2447.0000,2652.4186,3011.0099,2935.0000,1651.0000,994.0000
2023-01-10,16,384.0000,473.6667,765.9088,598.0876,1237.4402,2506.0315,2696.6710,3016.0000,2934.1585,1641.9988,972.0000
2023-01-20,16,-9999.0000,-9999.0000,-9999.0000,-9999.0000,-9999.0000,-9999.0000,-9999.0000,-9999.0000,-9999.0000,-9999.0000,-9999.0000
2023-01-20,16,-9999.0000,-9999.0000,-9999.0000,-9999.0000,-9999.0000,-9999.0000,-9999.0000,-9999.0000,-9999.0000,-9999.0000,-9999.0000
2023-01-25,16,450.0000,645.5913,917.4901,769.1273,1424.0000,2702.0000,3030.0000,3370.7273,3177.3645,2108.0000,1387.6204
2023-01-25,16,476.0000,664.6357,917.2277,753.1380,1416.5373,2746.0400,3014.3651,3355.4209,3204.3606,2126.0000,1424.0000
2023-01-28,16,1433.0000,1608.0000,1852.8417,1709.1324,2387.0000,3436.0000,3753.0000,4178.4545,3973.8226,2970.4988,2234.0000
2023-01-28,16,1465.0000,1614.0000,1853.5927,1714.0000,2373.9971,3501.0000,3780.0000,4146.1384,3955.0000,2985.0000,2245.8814
2023-01-30,16,-9999.0000,-9999.0000,-9999.0000,-9999.0000,-9999.0000,-9999.0000,-9999.0000,-9999.0000,-9999.0000,-9999.0000,-9999.0000
2023-01-30,16,1987.0000,1858.0000,2052.0000,2040.0000,2482.0000,3315.0000,3556.0000,3900.0000,3928.0000,3160.0000,2329.0000
2023-02-02,16,889.0000,982.0000,1178.0000,1122.0000,1658.4672,2500.7721,2656.0000,2890.8728,2857.2581,2073.0000,1353.0000
2023-02-02,16,730.0000,814.0000,1050.0000,1020.6701,1618.0000,2526.5055,2711.0000,2966.0000,2890.0000,2087.0000,1364.0000
2023-02-04,16,-9999.0000,-9999.0000,-9999.0000,-9999.0000,-9999.0000,-9999.0000,-9999.0000,-9999.0000,-9999.0000,-9999.0000,-9999.0000
2023-02-04,16,-9999.0000,-9999.0000,-9999.0000,-9999.0000,-9999.0000,-9999.0000,-9999.0000,-9999.0000,-9999.0000,-9999.0000,-9999.0000
2023-02-07,16,469.0000,704.9376,881.4399,950.0000,1276.9983,1826.4062,1989.0000,2308.3553,2125.0000,1942.0000,1592.0000
2023-02-07,16,503.0000,711.0000,876.7391,936.9355,1270.6411,1784.0000,1989.0000,2290.3577,2150.5032,1917.0000,1582.4988
2023-02-09,16,721.0000,881.6512,1085.1100,1181.0303,1549.0000,2035.5059,2197.0000,2547.1981,2409.4635,2357.5018,1858.0000
2023-02-09,16,764.0000,897.0000,1098.0000,1181.0000,1545.5639,2054.5864,2189.0000,2537.7263,2409.0000,2363.0000,1847.0000
2023-02-12,16,539.0000,761.2280,980.7870,1090.0000,1520.0000,1992.9462,2152.0000,2412.0593,2386.0000,2294.8261,1708.1369
2023-02-12,16,525.0000,749.1625,973.7966,1081.0537,1513.7687,2045.7173,2195.0000,2442.0246,2410.0000,2296.0000,1730.0000
2023-02-14,16,513.0000,840.5396,1040.9236,1196.0000,1598.0675,2075.2669,2256.6963,2585.0340,2512.0000,2460.5683,1952.0000
2023-02-14,16,704.0000,961.2100,1120.9190,1225.0000,1589.2543,2053.0000,2235.0000,2540.6693,2417.0904,2401.0000,1938.0000
2023-02-17,16,-9999.0000,-9999.0000,-9999.0000,-9999.0000,-9999.0000,-9999.0000,-9999.0000,-9999.0000,-9999.0000,-9999.0000,-9999.0000
2023-02-27,16,-9999.0000,-9999.0000,-9999.0000,-9999.0000,-9999.0000,-9999.0000,-9999.0000,-9999.0000,-9999.0000,-9999.0000,-9999.0000
2023-02-27,16,-9999.0000,-9999.0000,-9999.0000,-9999.0000,-9999.0000,-9999.0000,-9999.0000,-9999.0000,-9999.0000,-9999.0000,-9999.0000
2023-03-09,16,781.0000,970.0702,1174.0000,1157.0000,1705.3234,2696.9121,2990.0000,3210.2322,3146.0000,2483.0000,1929.7060
2023-03-09,16,508.0000,802.0000,1064.0000,1076.3074,1653.0000,2758.0000,3076.0000,3264.0000,3264.0000,2551.0000,1981.6670
2023-03-11,16,716.0000,874.2495,1132.0000,1104.0000,1669.8214,2794.9472,3025.0000,3225.6387,3202.0000,2393.0000,1760.0000
2023-03-11,16,762.0000,904.0000,1178.0000,1144.5511,1684.9996,2836.0000,3063.0000,3220.0000,3202.0000,2408.0000,1749.5094
2023-03-16,16,432.0000,606.0000,849.2232,825.0039,1360.0000,2527.0000,2773.0000,3054.0000,2965.0000,2061.0000,1400.0000
2023-03-16,16,466.0000,633.0000,865.7662,841.4283,1373.0000,2444.5006,2744.0000,3018.9738,2869.4889,2098.0000,1449.0000
2023-03-21,16,507.0000,598.0000,901.0000,820.0000,1488.0000,3000.0000,3326.0000,3427.8658,3475.8734,2117.0000,1403.0000
2023-03-21,16,565.0000,638.0000,926.0000,836.7627,1500.6703,2938.0000,3239.0000,3395.0355,3340.6115,2089.0000,1407.0000
2023-03-29,16,415.0000,582.0000,872.0000,685.0559,1413.0449,3034.0000,3475.0000,3628.5010,3625.0000,1808.0000,1178.0000
2023-03-29,16,451.0000,610.0000,888.0573,697.0469,1426.0187,3011.9773,3483.9439,3620.0000,3577.0000,1814.0000,1174.0000
2023-04-03,16,335.0000,416.9725,801.6580,565.7273,1437.3715,3437.9953,3870.0000,4195.7822,4059.3150,1815.0000,1107.9349
2023-04-03,16,411.0000,465.6210,834.1275,585.7704,1451.0000,3405.0000,3836.0000,4131.2892,3988.0000,1805.0000,1120.0000
2023-04-05,16,487.0000,700.4038,844.4397,993.8000,1130.0430,1322.0000,1463.0000,1498.0000,1513.4249,1648.0000,1381.0000
2023-04-05,16,562.0000,752.0000,884.3878,1013.6374,1150.0000,1368.0000,1458.6169,1539.3109,1565.0000,1661.4945,1378.5484
2023-04-05,16,501.0000,734.1358,884.8343,1052.4359,1199.0000,1401.1015,1506.0000,1575.6000,1625.5088,1708.9741,1424.0000
2023-04-05,16,528.0000,721.0064,866.2157,1012.9180,1154.0000,1356.3554,1461.0000,1514.5000,1555.4623,1641.0000,1394.3713
2023-04-08,16,2921.0000,2856.0000,2798.0000,2666.0000,2953.0000,3206.0000,3292.3320,3380.0000,3299.0000,2194.0000,1989.0000
2023-04-08,16,1991.0000,2156.0000,2314.0000,2290.0000,2558.0000,2908.2930,3064.0000,3196.0000,3118.0000,2175.0000,1958.0000
2023-04-10,16,985.0000,1411.5000,1692.6667,1938.4645,2075.5709,2250.6948,2340.5453,2498.4583,2453.5251,2699.0000,2459.0000
2023-04-10,16,1055.0000,1410.0000,1681.2284,1923.7303,2070.0000,2245.9315,2339.0000,2513.7288,2469.1855,2700.0000,2458.0000
2023-04-15,16,1811.0000,1882.0000,1932.0000,1888.0000,2138.0000,2510.0000,2675.0000,2702.0000,2707.0000,1601.0000,1302.0000
2023-04-18,16,1215.0000,1309.1076,1544.7972,1602.0000,1881.0675,2332.0000,2554.0000,2524.1836,2710.6620,2329.5189,1783.0000
2023-04-18,16,1284.0000,1324.0000,1540.0000,1594.0000,1871.0000,2315.0000,2546.3102,2521.2349,2701.4653,2316.0000,1778.2968
2023-04-23,16,1197.0000,1632.0000,1866.0000,1894.0000,2190.0000,2684.0000,2843.0000,2770.0000,2913.0000,2508.0000,2043.0000
2023-04-23,16,1529.0000,2348.0000,2566.0000,2504.0000,2823.0000,3420.0000,3623.0000,3804.0000,3635.0000,2756.0000,2243.0000
2023-04-30,16,-9999.0000,-9999.0000,-9999.0000,-9999.0000,-9999.0000,-9999.0000,-9999.0000,-9999.0000,-9999.0000,-9999.0000,-9999.0000
2023-04-30,16,-9999.0000,-9999.0000,-9999.0000,-9999.0000,-9999.0000,-9999.0000,-9999.0000,-9999.0000,-9999.0000,-9999.0000,-9999.0000
2023-05-05,16,839.0000,1385.4353,1659.3879,1841.9176,2066.8436,2377.5401,2516.9980,2600.6078,2613.3582,2643.6515,2298.3645
2023-05-05,16,928.0000,1349.3117,1619.4677,1772.3841,2009.7884,2355.0000,2483.2792,2599.9443,2612.0915,2596.0000,2294.0000
2023-05-13,16,-9999.0000,-9999.0000,-9999.0000,-9999.0000,-9999.0000,-9999.0000,-9999.0000,-9999.0000,-9999.0000,-9999.0000,-9999.0000
2023-05-13,16,-9999.0000,-9999.0000,-9999.0000,-9999.0000,-9999.0000,-9999.0000,-9999.0000,-9999.0000,-9999.0000,-9999.0000,-9999.0000
2023-05-15,16,616.0000,909.7751,1092.4297,1179.5946,1425.6326,1835.4790,2006.3905,1990.6651,2072.2651,1841.6234,1416.0000
2023-05-15,16,652.0000,925.8004,1097.5459,1180.6359,1426.5426,1800.9344,1993.3613,2024.7056,2075.6211,1840.0000,1429.0000
2023-05-18,16,1149.0000,1296.2857,1569.4710,1538.0000,1912.0000,2652.0000,2994.0000,3019.1367,3144.0000,2286.5496,1865.3669
2023-05-18,16,1184.0000,1328.7467,1614.0000,1572.0000,1952.7355,2684.0000,3011.0000,3059.3319,3159.0000,2305.0000,1874.0000
2023-05-23,16,1104.0000,1714.0000,2059.3333,2181.5067,2535.0000,3062.0000,3210.4930,3227.5103,3345.0000,3007.0000,2577.0000
2023-05-23,16,1135.0000,1651.3333,1993.1258,2098.0000,2473.6797,2970.9618,3171.3442,3164.0000,3290.0000,2963.0809,2547.0000
2023-05-25,16,1226.0000,2056.5102,2427.8706,2587.3775,2967.0000,3464.0000,3704.4581,3714.5077,3780.0000,3539.0000,3124.0000
2023-05-25,16,1294.0000,1912.7054,2295.5219,2425.3316,2789.6480,3351.0000,3582.6380,3616.7987,3686.5457,3477.0000,3093.5910
2023-05-28,16,-9999.0000,-9999.0000,-9999.0000,-9999.0000,-9999.0000,-9999.0000,-9999.0000,-9999.0000,-9999.0000,-9999.0000,-9999.0000
2023-05-28,16,-9999.0000,-9999.0000,-9999.0000,-9999.0000,-9999.0000,-9999.0000,-9999.0000,-9999.0000,-9999.0000,-9999.0000,-9999.0000
2023-05-30,16,3273.0000,3187.7077,3364.0000,3360.0000,3701.0991,4198.0000,4360.5464,4424.0000,4408.5696,3245.0000,2779.1648
2023-05-30,16,3250.0000,3132.0000,3331.1579,3314.8743,3676.3687,4150.0000,4297.0000,4332.0000,4356.0368,3233.0000,2779.9660
2023-06-02,16,1038.0000,1787.1098,2146.7324,2487.3972,2713.5688,2918.0000,3045.0000,3020.2917,3173.0000,3436.0115,3123.9441
2023-06-02,16,1179.0000,1770.0000,2113.1487,2424.3383,2662.0000,2894.0000,3034.4025,3008.5066,3171.0000,3427.0000,3114.4917
2023-06-04,16,1411.0000,2020.8458,2342.8303,2584.8025,2842.7094,3172.7919,3427.0000,3367.1169,3520.0000,3559.0000,3163.0000
2023-06-04,16,1404.0000,2028.0308,2330.3688,2584.9048,2831.0000,3204.4736,3409.9511,3364.0000,3528.6651,3490.0000,3191.0000
2023-06-07,16,607.0000,1035.2646,1266.7241,1498.8241,1650.4840,1956.0000,2086.2566,2083.7205,2213.0000,2262.0000,1943.0000
2023-06-07,16,730.0000,1056.7989,1265.4617,1459.2968,1633.7623,1947.5208,2105.9333,2104.5014,2196.5000,2264.0000,1926.0000
2023-06-09,16,1266.0000,1778.7601,2154.3340,2439.6676,2683.0000,3125.0000,3292.0000,3272.6847,3454.1514,3630.0000,3210.0000
2023-06-09,16,1344.0000,1731.0000,2074.7857,2322.7498,2653.0000,3101.0000,3259.9666,3202.5356,3425.7976,3644.5159,3211.0000
2023-06-12,16,1050.0000,1731.3333,2089.7635,2329.5550,2548.6225,2980.4997,3107.9760,3113.7001,3237.4669,3168.9914,2756.4552
2023-06-12,16,1134.0000,1691.9841,2034.0000,2241.9015,2489.3871,2950.0000,3088.0000,3083.4463,3203.7214,3157.0000,2729.6281
2023-06-14,16,1287.0000,1674.4801,1962.4737,2045.4448,2437.0000,3125.0017,3397.6541,3416.1967,3472.0000,2906.2669,2356.2051
2023-06-14,16,1322.0000,1689.1186,1985.9895,2052.0000,2425.0000,3101.0000,3382.0000,3397.7179,3459.0000,2899.3058,2326.0248
2023-06-17,16,1087.0000,1762.4766,2122.0000,2343.6537,2635.8866,3267.0000,3548.0010,3586.6827,3656.0000,3399.0000,3076.8634
2023-06-17,16,1173.0000,1708.1231,2083.2887,2274.6772,2598.0000,3221.0000,3495.0000,3528.0000,3592.0000,3381.0000,3081.0000
2023-06-19,16,1203.0000,1859.1925,2279.5146,2456.8188,2822.5496,3632.0000,3854.0000,3795.3045,4015.0000,3558.5343,2963.0000
2023-06-19,16,1258.0000,1739.6860,2113.0805,2280.5258,2676.0000,3480.0000,3734.0000,3617.4658,3883.0000,3475.0000,2901.6250
2023-06-22,16,-9999.0000,-9999.0000,-9999.0000,-9999.0000,-9999.0000,-9999.0000,-9999.0000,-9999.0000,-9999.0000,-9999.0000,-9999.0000
2023-06-24,16,1226.0000,1842.0000,2244.0000,2393.4143,2827.3119,3581.0000,3908.0000,3865.6803,4020.0000,3699.0000,3211.0000
2023-06-24,16,1258.0000,1876.0000,2259.0692,2391.9053,2818.1347,3590.0000,3925.1096,3892.0000,4018.0000,3689.8057,3189.3944
2023-06-27,16,1094.0000,1656.0000,2050.5390,2146.2966,2582.8676,3657.5283,4050.5367,4067.0109,4208.4602,3474.0000,2850.7099
2023-06-27,16,1112.0000,1674.0000,2051.3333,2123.3333,2555.2540,3639.0000,4055.0000,4057.7874,4219.7513,3460.0000,2861.0000
2023-06-29,16,796.0000,1139.3154,1531.8860,1635.0000,2027.4195,3083.0000,3318.0000,3361.2819,3456.0000,2961.8143,2276.4982
2023-06-29,16,858.0000,1124.9980,1491.4301,1569.8413,1979.6584,3005.0000,3220.0000,3276.0000,3380.5000,2925.0000,2249.0000
2023-07-02,16,289.0000,528.6667,857.2805,819.2694,1286.4873,2600.0000,2937.9988,2852.3638,3081.5808,2133.9247,1416.1548
2023-07-02,16,568.0000,692.6052,941.0410,884.8565,1297.5430,2493.3548,2814.0000,2723.4331,2924.0018,2101.0000,1385.0000
2023-07-04,16,486.0000,821.5984,1180.5557,1082.8758,1644.0000,3173.9994,3666.0215,3584.0000,3753.4907,2683.0000,1878.7919
2023-07-04,16,582.0000,866.0000,1189.4049,1099.2966,1625.4952,3070.5273,3547.5459,3482.5811,3625.0000,2643.6172,1851.7893
2023-07-07,16,485.0000,801.5000,1104.4799,972.3279,1473.1635,3231.0000,3785.5254,3852.8846,3926.0000,2507.8193,1770.5372
2023-07-07,16,552.0000,837.2178,1113.2936,980.5591,1473.0397,3198.0000,3770.0000,3816.0000,3885.0000,2505.6953,1755.6224
2023-07-09,16,556.0000,802.8082,1137.6496,1003.0152,1587.0000,3727.0000,4291.0000,4232.0000,4442.0000,2764.0000,1795.7412
2023-07-09,16,678.0000,858.0000,1170.4903,1019.2712,1558.0000,3613.0000,4151.0000,4088.0000,4322.0000,2743.0000,1781.0000
2023-07-12,16,-9999.0000,-9999.0000,-9999.0000,-9999.0000,-9999.0000,-9999.0000,-9999.0000,-9999.0000,-9999.0000,-9999.0000,-9999.0000
2023-07-14,16,393.0000,540.3333,827.5281,612.0073,1180.0000,3637.0000,4556.0000,4577.0060,4684.0000,2555.0000,1513.0000
2023-07-14,16,515.0000,625.0000,875.6667,664.0000,1225.3494,3525.3386,4426.4168,4484.0000,4593.0000,2530.0000,1513.9939
2023-07-17,16,236.0000,326.0000,557.8046,363.7874,877.0000,3384.0000,4445.0774,4467.0012,4642.9314,2146.2737,1183.0000
2023-07-17,16,401.0000,457.5951,648.8284,459.9740,953.0000,3267.0000,4259.0000,4280.0000,4433.6430,2137.0000,1176.7105
2023-07-19,16,-9999.0000,-9999.0000,-9999.0000,-9999.0000,-9999.0000,-9999.0000,-9999.0000,-9999.0000,-9999.0000,-9999.0000,-9999.0000
2023-07-22,16,-9999.0000,-9999.0000,-9999.0000,-9999.0000,-9999.0000,-9999.0000,-9999.0000,-9999.0000,-9999.0000,-9999.0000,-9999.0000
2023-07-22,16,-9999.0000,-9999.0000,-9999.0000,-9999.0000,-9999.0000,-9999.0000,-9999.0000,-9999.0000,-9999.0000,-9999.0000,-9999.0000
2023-07-27,16,132.0000,198.3572,402.1706,177.1409,700.3569,3683.0000,5073.0000,5238.8309,5258.0000,2036.0000,961.1878
2023-07-27,16,181.0000,236.2042,428.5696,193.5518,730.8928,3642.6822,5028.0000,5192.8163,5223.0000,2029.0000,956.0000
2023-07-29,16,395.0000,241.6830,585.2983,307.2064,1021.8239,4715.8065,6148.4754,6150.3612,6341.3343,2599.0000,1248.0000
2023-07-29,16,431.0000,281.6907,604.8027,324.3376,1003.0000,4619.6262,6021.2564,6056.0000,6219.0000,2568.0000,1241.0000
2023-08-03,16,-9999.0000,-9999.0000,-9999.0000,-9999.0000,-9999.0000,-9999.0000,-9999.0000,-9999.0000,-9999.0000,-9999.0000,-9999.0000
2023-08-06,16,187.0000,234.5302,398.8979,177.8789,697.6260,3995.0000,5782.8882,5780.2702,5939.0000,2203.0000,1029.6457
2023-08-06,16,227.0000,260.0000,416.0000,189.4651,701.9976,3995.2495,5732.8220,5768.0000,5911.4627,2198.0000,1025.0040
2023-08-08,16,302.0000,216.9820,437.8156,181.3212,789.5230,4626.0000,6335.0000,6457.5405,6566.2803,2485.0058,1121.0968
2023-08-08,16,320.0000,245.2914,465.0120,197.6533,793.4754,4630.0000,6327.0000,6412.0000,6540.0000,2480.5638,1120.9545
2023-08-11,16,-9999.0000,-9999.0000,-9999.0000,-9999.0000,-9999.0000,-9999.0000,-9999.0000,-9999.0000,-9999.0000,-9999.0000,-9999.0000
2023-08-11,16,-9999.0000,-9999.0000,-9999.0000,-9999.0000,-9999.0000,-9999.0000,-9999.0000,-9999.0000,-9999.0000,-9999.0000,-9999.0000
2023-08-13,16,205.0000,229.3048,395.7990,172.3188,730.5618,3984.0000,5831.8040,5913.5579,6102.4738,2400.0000,1097.3943
2023-08-13,16,350.0000,352.6594,493.5115,259.4575,785.0510,3834.0000,5594.4946,5650.6542,5878.9188,2373.0000,1093.9985
2023-08-16,16,295.0000,336.1441,453.8960,257.1094,692.4568,3488.0000,5177.7619,5225.3808,5494.9147,2074.0084,966.0569
2023-08-16,16,341.0000,372.0000,477.1461,268.8924,716.1245,3480.0000,5149.0000,5202.5853,5456.0000,2066.4201,960.9213
2023-08-18,16,325.0000,293.6149,465.4413,275.6178,752.4985,4091.5385,5664.0000,5560.0000,5975.9729,2400.2215,1093.1462
2023-08-18,16,449.0000,365.6320,521.6073,320.8782,806.0000,3970.7085,5461.0000,5461.5795,5786.4456,2374.2151,1088.0000
2023-08-21,16,191.0000,193.1651,353.6891,204.9661,649.0000,3446.0000,4939.5412,4999.3491,5254.0518,2017.0000,904.0000
2023-08-21,16,258.0000,248.6415,389.3907,233.2412,663.0000,3411.8615,4809.3506,4933.9264,5193.7133,2008.9955,892.0000
2023-08-23,16,209.0000,245.4018,395.4824,210.8875,688.5413,3540.5259,5179.9130,5172.9117,5469.0000,2176.6418,1009.2689
2023-08-23,16,387.0000,397.4523,508.9173,316.5741,761.8853,3383.0000,4885.9580,4937.2470,5189.5397,2157.0164,1007.0000
2023-08-26,16,217.0000,289.0120,429.3287,257.0180,701.0255,3258.5865,4711.0000,4744.6791,4980.0000,1949.0000,931.0000
2023-08-26,16,316.0000,357.0541,480.0803,293.3014,737.0000,3241.8703,4581.5457,4680.5560,4938.0488,1941.4310,925.2927
2023-08-31,16,283.0000,298.7321,470.7823,244.5106,714.0000,3050.0000,4027.3135,4056.9654,4251.0646,1570.0000,664.0000
2023-08-31,16,464.0000,442.1368,568.0000,332.1862,759.0000,2953.0000,3811.3537,3840.0000,4008.0475,1565.0000,689.0875
2023-09-02,16,256.0000,300.2500,473.1876,241.1556,836.0000,3677.4919,5002.0000,4980.0000,5141.6694,2172.8955,1010.0590
2023-09-02,16,344.0000,368.6131,524.6354,281.4135,849.7083,3612.0000,4835.5089,4870.0865,5030.5393,2161.0000,1005.8507
2023-09-05,16,195.0000,280.3786,505.0324,265.0267,885.5171,3558.4771,4619.7122,4856.7016,4858.0000,1967.0000,965.3639
2023-09-05,16,269.0000,326.4593,537.3362,289.5733,902.0000,3514.6112,4567.2475,4790.0707,4778.1496,1978.2773,965.3695
2023-09-07,16,278.0000,280.3378,577.5287,298.1296,1093.0000,3810.0490,4633.3175,4825.0064,4872.0000,2115.0000,1013.0000
2023-09-07,16,335.0000,330.0617,609.8487,329.7188,1090.0000,3738.0000,4535.5917,4740.0000,4795.0084,2105.9149,1013.3211
2023-09-10,16,227.0000,281.7833,621.7917,365.0717,1220.0000,3579.0695,4257.0000,4471.0130,4587.8848,1958.4858,965.5036
2023-09-10,16,310.0000,341.3111,645.0914,397.6923,1247.0000,3524.8889,4225.9368,4409.7922,4555.6420,1958.0066,968.4874
2023-09-12,16,533.0000,773.2620,1117.0851,832.0000,1692.5053,3852.3669,4547.9562,4664.0000,4801.0000,2074.8310,1173.0000
2023-09-17,16,-9999.0000,-9999.0000,-9999.0000,-9999.0000,-9999.0000,-9999.0000,-9999.0000,-9999.0000,-9999.0000,-9999.0000,-9999.0000
2023-09-25,16,246.0000,458.5217,672.7400,881.5554,1305.6593,1860.0049,2176.0000,2277.0855,2530.9975,2096.9946,1417.5612
2023-09-25,16,298.0000,489.1225,693.1085,885.2547,1303.0000,1868.3972,2192.6067,2256.4494,2537.0000,2092.0000,1421.0000
2023-09-27,16,519.0000,658.2951,901.8627,1152.6183,1554.0986,2175.0000,2430.0000,2521.6648,2773.0000,2430.0000,1645.5080
2023-09-27,16,579.0000,700.8153,937.2015,1164.0000,1549.0165,2154.5025,2375.0000,2518.0795,2750.0000,2424.5323,1619.0000
2023-09-30,16,-9999.0000,-9999.0000,-9999.0000,-9999.0000,-9999.0000,-9999.0000,-9999.0000,-9999.0000,-9999.0000,-9999.0000,-9999.0000
2023-09-30,16,-9999.0000,-9999.0000,-9999.0000,-9999.0000,-9999.0000,-9999.0000,-9999.0000,-9999.0000,-9999.0000,-9999.0000,-9999.0000
2023-10-02,16,354.0000,608.7621,800.8717,1065.3297,1464.9915,2065.0000,2362.0588,2470.5350,2757.0000,2505.5000,1715.1799
2023-10-02,16,525.0000,724.9393,886.0000,1099.0140,1478.6920,2151.0000,2405.0000,2449.9868,2679.0000,2467.9060,1723.7849
2023-10-07,16,568.0000,952.8306,1299.7279,1771.2043,2147.0829,2564.0000,2833.3566,3061.9951,3210.8254,3384.7778,2324.5420
2023-10-07,16,621.0000,981.3487,1300.6020,1755.1792,2129.5774,2549.0000,2781.1571,3047.2233,3187.5274,3360.0000,2326.0000
2023-10-12,16,-9999.0000,-9999.0000,-9999.0000,-9999.0000,-9999.0000,-9999.0000,-9999.0000,-9999.0000,-9999.0000,-9999.0000,-9999.0000
2023-10-17,16,602.0000,941.3432,1203.1910,1592.9435,1847.0000,2165.8911,2354.8574,2648.6035,2707.8712,3252.0000,2373.0072
2023-10-17,16,606.0000,953.3512,1200.8808,1601.0190,1829.0000,2178.3755,2352.6722,2647.6905,2727.6691,3242.0000,2362.0000
2023-10-22,16,443.0000,752.6044,881.1222,1108.6111,1313.0000,1556.0000,1698.0000,1780.7518,1934.0000,2506.6814,1939.9898
2023-10-22,16,435.0000,765.3218,885.5436,1108.7049,1321.9826,1572.0000,1720.5505,1783.0907,1928.9326,2501.9845,1926.0000
2023-10-27,16,422.0000,593.2985,736.3983,921.7485,1130.0000,1382.6014,1514.0783,1523.8760,1722.0000,2108.5496,1450.0000
2023-10-27,16,422.0000,613.7500,744.5425,921.7500,1133.0000,1414.0000,1555.0000,1526.4049,1750.8575,2107.4846,1441.0000
2023-11-04,16,309.0000,602.0000,744.4990,913.2028,1169.2013,1567.0000,1743.0000,1862.4270,1973.3324,2149.5000,1670.5000
2023-11-04,16,352.0000,642.0000,780.4503,932.0000,1162.5030,1540.0000,1746.9394,1874.7438,1959.0000,2148.0000,1657.3447
2023-11-11,16,432.0000,709.0737,836.7840,1004.7613,1282.3966,1607.0000,1698.0000,1945.1707,2007.0000,2350.0000,1758.0000
2023-11-11,16,422.0000,726.3218,844.9855,1001.2939,1286.0000,1633.0000,1753.0000,1926.8446,2007.4274,2340.7961,1749.4953
2023-11-19,16,596.0000,778.0000,896.0000,968.8837,1153.4451,1362.0073,1485.0000,1571.0000,1647.0000,1803.0000,1353.0000
2023-11-19,16,558.0000,720.0000,841.0542,936.9032,1142.0167,1355.9840,1470.0000,1560.0000,1627.0030,1793.0000,1362.0000
2023-11-24,16,-9999.0000,-9999.0000,-9999.0000,-9999.0000,-9999.0000,-9999.0000,-9999.0000,-9999.0000,-9999.0000,-9999.0000,-9999.0000
2023-11-26,16,511.0000,736.9678,925.2781,1114.9916,1337.0603,1478.0130,1590.0000,1765.6609,1798.5412,2485.8117,1843.8692
2023-11-26,16,544.0000,752.4530,941.8017,1113.1063,1341.0000,1474.1572,1613.0000,1748.4925,1748.0000,2478.0000,1882.7217
2023-11-29,16,397.0000,649.9220,821.0402,1012.3039,1229.8949,1395.0000,1483.0000,1671.6667,1655.6882,2298.0000,1674.5705
2023-11-29,16,424.0000,685.2892,861.1537,1021.6988,1243.1570,1380.2538,1480.8818,1673.6568,1685.7797,2277.9248,1675.3618
2023-12-09,16,481.0000,693.5923,860.8840,1068.4474,1338.4677,1478.0000,1611.0000,1720.0648,1816.5208,2398.0000,1697.0000
2023-12-09,16,515.0000,717.2984,873.8511,1064.3242,1341.1181,1497.0000,1592.3736,1734.4030,1858.0000,2364.0024,1701.0000
2023-12-14,16,-9999.0000,-9999.0000,-9999.0000,-9999.0000,-9999.0000,-9999.0000,-9999.0000,-9999.0000,-9999.0000,-9999.0000,-9999.0000
2023-12-14,16,-9999.0000,-9999.0000,-9999.0000,-9999.0000,-9999.0000,-9999.0000,-9999.0000,-9999.0000,-9999.0000,-9999.0000,-9999.0000
2023-12-16,16,450.0000,637.1577,789.4092,956.8966,1185.6123,1351.0000,1429.6371,1590.3625,1621.9303,2203.0000,1588.3051
2023-12-16,16,497.0000,665.0687,805.5722,964.9743,1189.1190,1341.2053,1422.0000,1592.2144,1676.0000,2154.7278,1595.9333
2023-12-19,16,376.0000,585.5938,729.0504,906.1711,1108.5904,1229.0000,1324.0000,1500.1647,1519.0000,2077.0000,1503.0000
2023-12-19,16,410.0000,613.3685,745.9450,913.9994,1119.0000,1219.2866,1338.6566,1481.2937,1530.2787,2063.0000,1495.0000
2023-12-24,16,-9999.0000,-9999.0000,-9999.0000,-9999.0000,-9999.0000,-9999.0000,-9999.0000,-9999.0000,-9999.0000,-9999.0000,-9999.0000
2023-12-24,16,1813.0000,1996.0000,1964.0000,1946.0000,2224.0000,2316.5025,2386.2049,2555.2225,2492.4084,2572.0000,2141.4929
2024-01-05,16,-9999.0000,-9999.0000,-9999.0000,-9999.0000,-9999.0000,-9999.0000,-9999.0000,-9999.0000,-9999.0000,-9999.0000,-9999.0000
2024-01-08,16,-9999.0000,-9999.0000,-9999.0000,-9999.0000,-9999.0000,-9999.0000,-9999.0000,-9999.0000,-9999.0000,-9999.0000,-9999.0000
2024-01-08,16,-9999.0000,-9999.0000,-9999.0000,-9999.0000,-9999.0000,-9999.0000,-9999.0000,-9999.0000,-9999.0000,-9999.0000,-9999.0000
2024-01-13,16,390.0000,640.8450,720.7852,893.1544,1070.7824,1173.0000,1281.0000,1415.0447,1442.0000,1812.0059,1418.4105
2024-01-13,16,489.0000,703.0000,765.0936,909.8351,1073.4916,1172.0546,1259.4823,1413.3624,1401.4982,1819.4613,1429.8276
2024-01-15,16,-9999.0000,-9999.0000,-9999.0000,-9999.0000,-9999.0000,-9999.0000,-9999.0000,-9999.0000,-9999.0000,-9999.0000,-9999.0000
2024-01-20,16,353.0000,580.9375,664.5460,841.4180,1017.0000,1182.0000,1283.0000,1431.7894,1452.0000,1712.0000,1170.6013
2024-01-20,16,394.0000,621.1497,705.6133,865.4774,1034.0025,1126.0000,1247.0000,1448.7810,1409.9581,1682.9873,1173.0000
2024-01-23,16,399.0000,624.9739,705.1984,868.0000,1013.0000,1118.4669,1223.0000,1334.7026,1352.0000,1642.5324,1229.0000
2024-01-23,16,459.0000,661.1844,728.3004,872.7554,1005.4956,1107.0071,1181.0008,1337.3981,1330.0774,1630.0000,1236.6592
2024-01-25,16,669.0000,837.5000,1018.0000,1200.6675,1448.7251,1595.7806,1690.4557,1764.0574,1860.5156,2112.0000,1459.0000
2024-01-25,16,832.0000,968.0000,1092.5902,1220.3160,1434.0000,1563.7252,1634.9534,1749.9903,1820.8090,2092.4939,1446.4592
2024-01-28,16,479.0000,666.3191,802.0385,977.7778,1165.0000,1274.0000,1385.0000,1493.8039,1504.9627,2138.0000,1607.0000
2024-01-28,16,543.0000,698.0000,816.9898,981.4094,1165.0630,1280.0000,1360.0000,1495.2925,1522.5009,2115.4675,1612.0000
2024-01-30,16,445.0000,744.1036,837.4472,1032.8403,1225.0000,1355.0000,1479.0000,1625.2306,1607.0000,2253.4784,1765.0281
2024-01-30,16,547.0000,790.3375,865.4168,1048.8791,1238.0000,1352.0000,1442.0000,1622.4414,1605.0000,2230.6660,1755.3945
2024-02-02,16,161.0000,322.0000,341.0000,400.0000,481.0000,528.0000,562.0000,590.0139,616.6431,750.0000,628.6225
2024-02-02,16,218.0000,364.0000,367.0000,414.0000,491.0000,532.4998,560.0000,593.8431,609.0000,752.0000,626.0000
2024-02-04,16,364.0000,525.2796,769.4207,1045.5000,1292.5789,1402.5078,1505.4727,1590.8505,1685.0000,2459.0316,1953.3437
2024-02-04,16,368.0000,574.3636,792.8183,1053.3352,1276.7368,1393.4655,1457.0411,1605.8827,1679.0000,2443.2474,1932.7211
2024-02-14,16,657.0000,802.0000,957.4406,1121.1339,1339.0000,1476.4229,1588.0000,1651.7168,1705.0000,2244.0000,1710.0000
2024-02-14,16,726.0000,840.5495,981.5239,1124.7018,1345.1336,1475.5466,1562.4838,1658.5508,1693.0000,2224.0000,1710.0000
2024-02-17,16,-9999.0000,-9999.0000,-9999.0000,-9999.0000,-9999.0000,-9999.0000,-9999.0000,-9999.0000,-9999.0000,-9999.0000,-9999.0000
2024-02-17,16,-9999.0000,-9999.0000,-9999.0000,-9999.0000,-9999.0000,-9999.0000,-9999.0000,-9999.0000,-9999.0000,-9999.0000,-9999.0000
2024-02-19,16,439.0000,744.4250,889.0948,1085.5984,1324.9032,1412.0579,1554.0000,1611.7091,1660.0000,2301.1606,1812.0000
2024-02-19,16,495.0000,770.3527,901.4855,1088.7478,1334.4462,1402.2078,1529.0000,1620.2467,1649.0000,2284.0000,1809.9439
2024-03-05,16,561.0000,756.0000,988.0000,1136.0000,1417.0000,1619.0000,1693.6416,1795.8367,1853.0000,2204.9122,1678.0000
2024-03-05,16,543.0000,744.5546,992.0000,1138.0000,1418.2874,1594.7010,1690.5478,1803.1500,1835.0296,2210.5316,1669.8095
2024-03-13,16,1008.0000,594.0000,940.0000,954.0000,1334.0000,1717.0000,1857.0000,1950.0000,2019.0000,1850.0000,1806.0000
2024-03-13,16,994.0000,746.0000,1002.0000,1024.0000,1289.0000,1632.0000,1773.0000,1760.0000,1932.0000,1744.0000,1705.0000
2024-03-20,16,475.0000,814.0000,1046.0000,1172.2344,1522.5484,1811.0000,1958.3795,2074.8616,2101.3807,2520.0000,2019.0000
2024-03-20,16,684.0000,916.2942,1108.0000,1177.5994,1514.0000,1821.0754,1952.5691,2083.3719,2087.0000,2453.6716,1997.3704
2024-03-23,16,1209.0000,1548.0000,1672.0000,1682.0000,2065.9931,2412.0000,2530.0000,2709.3559,2637.0000,2641.4892,2221.0000
2024-03-23,16,1199.0000,1643.2882,1810.6120,1819.0180,2221.0031,2656.2223,2770.0195,3002.5424,2901.0000,2723.0000,2252.0000
2024-03-25,16,648.0000,934.0293,1216.9172,1356.4187,1689.8189,2102.0000,2234.1765,2452.6500,2410.6485,2754.5598,2222.0000
2024-03-25,16,697.0000,949.0437,1221.1027,1361.4119,1693.3760,2101.6359,2231.0000,2453.2857,2401.0000,2750.4155,2227.4773
2024-03-30,16,1655.0000,1980.0000,2258.0000,2121.2206,2761.0000,3366.0000,3593.0000,3492.0000,3626.9574,2688.0000,2028.0000
2024-04-02,16,489.0000,734.7485,974.0000,1001.4516,1423.0000,1903.0000,2042.6463,2146.2188,2194.0000,2159.0000,1644.9742
2024-04-02,16,507.0000,754.0000,988.0000,1005.1442,1418.4130,1892.0000,2025.6296,2152.9800,2160.0000,2154.0884,1641.0000
2024-04-04,16,584.0000,789.9975,1104.0000,1141.3333,1613.0000,2178.8703,2292.3045,2407.9702,2451.0000,2553.0289,1938.0000
2024-04-04,16,647.0000,836.0000,1116.0000,1149.2966,1596.3419,2165.0000,2283.6602,2373.6202,2432.0000,2518.5082,1909.8531
2024-04-07,16,681.0000,908.5115,1222.0000,1250.0000,1736.0000,2393.0000,2545.0000,2664.6936,2731.0000,2505.0000,1905.9714
2024-04-07,16,798.0000,986.3289,1250.0000,1256.0000,1726.0000,2352.0000,2546.5252,2652.1908,2688.0000,2473.4164,1874.0176
2024-04-09,16,-9999.0000,-9999.0000,-9999.0000,-9999.0000,-9999.0000,-9999.0000,-9999.0000,-9999.0000,-9999.0000,-9999.0000,-9999.0000
2024-04-12,16,516.0000,881.0000,1185.3281,1203.5052,1682.0695,2476.1417,2725.0000,2792.8565,2875.0000,2656.0000,2129.5015
2024-04-12,16,610.0000,917.1980,1200.0000,1196.0694,1662.2565,2462.0000,2679.0000,2771.4392,2842.0175,2627.2659,2106.0000
2024-04-14,16,696.0000,993.3848,1350.0000,1379.0436,1909.3403,2743.1169,2953.0000,3015.5134,3145.0000,3067.0000,2361.4180
2024-04-14,16,725.0000,1017.4000,1340.0000,1364.3241,1885.2866,2688.4963,2884.6689,2979.0273,3129.8470,3033.0000,2346.0000
2024-04-17,16,441.0000,613.0211,889.2143,905.3985,1393.0000,2142.0000,2373.0000,2600.0000,2673.0000,2075.0000,1418.0000
2024-04-17,16,419.0000,602.0000,880.3532,897.5105,1378.0000,2129.0000,2367.0000,2647.8849,2637.0000,2106.4881,1364.5234
2024-04-27,16,-9999.0000,-9999.0000,-9999.0000,-9999.0000,-9999.0000,-9999.0000,-9999.0000,-9999.0000,-9999.0000,-9999.0000,-9999.0000
2024-04-29,16,743.0000,1251.0394,1498.8611,1796.0000,1980.5559,2275.2885,2440.2982,2630.2673,2613.9794,2748.8186,2269.0000
2024-04-29,16,807.0000,1229.1328,1477.0073,1748.2837,1972.4607,2253.3575,2420.7244,2615.2714,2581.0000,2722.5847,2259.2381
2024-05-04,16,-9999.0000,-9999.0000,-9999.0000,-9999.0000,-9999.0000,-9999.0000,-9999.0000,-9999.0000,-9999.0000,-9999.0000,-9999.0000
2024-05-04,16,-9999.0000,-9999.0000,-9999.0000,-9999.0000,-9999.0000,-9999.0000,-9999.0000,-9999.0000,-9999.0000,-9999.0000,-9999.0000
2024-05-14,16,-9999.0000,-9999.0000,-9999.0000,-9999.0000,-9999.0000,-9999.0000,-9999.0000,-9999.0000,-9999.0000,-9999.0000,-9999.0000
2024-05-14,16,-9999.0000,-9999.0000,-9999.0000,-9999.0000,-9999.0000,-9999.0000,-9999.0000,-9999.0000,-9999.0000,-9999.0000,-9999.0000
2024-05-17,16,737.0000,1250.0000,1523.0411,1851.5000,2017.9044,2296.0000,2421.7718,2499.5147,2565.2848,2459.0000,1836.6475
2024-05-17,16,840.0000,1260.4880,1514.6755,1809.9167,1978.5000,2292.0000,2436.1910,2504.7090,2579.0000,2455.0000,1826.5098
2024-05-22,16,-9999.0000,-9999.0000,-9999.0000,-9999.0000,-9999.0000,-9999.0000,-9999.0000,-9999.0000,-9999.0000,-9999.0000,-9999.0000
2024-05-22,16,-9999.0000,-9999.0000,-9999.0000,-9999.0000,-9999.0000,-9999.0000,-9999.0000,-9999.0000,-9999.0000,-9999.0000,-9999.0000
2024-05-24,16,1123.0000,1658.2732,1996.0000,2264.1131,2544.0000,2877.4161,2982.0000,3046.8453,3139.7954,3170.5952,2637.0000
2024-05-24,16,1171.0000,1666.5205,2004.0000,2261.8378,2531.0000,2886.6855,3022.0000,3046.3180,3157.1784,3191.0000,2634.5566
2024-05-27,16,-9999.0000,-9999.0000,-9999.0000,-9999.0000,-9999.0000,-9999.0000,-9999.0000,-9999.0000,-9999.0000,-9999.0000,-9999.0000
2024-06-01,16,640.0000,1137.4868,1354.4711,1619.0372,1818.1528,2071.0000,2314.0717,2325.3810,2402.0000,2388.0000,1891.5420
2024-06-01,16,759.0000,1124.8117,1341.6160,1554.5438,1737.4444,2081.0542,2295.7104,2325.9735,2387.5298,2349.0000,1877.0000
2024-06-03,16,901.0000,1561.1498,1836.0000,1960.1594,2214.0000,3045.4910,3188.6091,3184.0000,3364.0000,2797.0000,2153.5341
2024-06-06,16,1535.0000,2204.4324,2613.0794,2808.3187,3209.6653,3688.2699,3919.0000,3881.3381,4055.0000,3802.0000,3304.4173
2024-06-06,16,1582.0000,2156.0000,2532.0258,2743.3333,3108.7709,3577.2118,3831.0000,3827.8531,3989.0000,3747.2788,3239.5522
2024-06-16,16,1294.0000,2103.0255,2566.4193,2756.0369,3176.3099,3638.0000,3905.0000,3906.9364,4041.3397,3991.6460,3379.0520
2024-06-16,16,1368.0000,2042.7083,2505.8580,2661.9518,3110.5625,3577.4504,3849.0000,3850.5024,4021.0797,3945.6879,3374.5440
2024-06-18,16,1665.0000,2520.5949,2981.4694,3176.0000,3638.7854,4190.0000,4547.0000,4602.8889,4677.9570,4505.2918,4043.2729
2024-06-18,16,1702.0000,2508.3382,2964.6611,3126.9751,3544.0000,4116.0000,4471.0000,4560.0000,4600.0000,4409.0751,3973.2416
2024-06-26,16,496.0000,608.9921,725.3654,672.9168,853.0000,1192.0000,1334.4674,1274.0000,1391.0000,1011.0000,729.0851
2024-06-26,16,-9999.0000,-9999.0000,-9999.0000,-9999.0000,-9999.0000,-9999.0000,-9999.0000,-9999.0000,-9999.0000,-9999.0000,-9999.0000
2024-06-28,16,1237.0000,2023.5899,2548.2633,2551.4481,3101.0000,4143.0000,4561.0000,4498.7774,4706.0000,4141.8485,3445.7123
2024-06-28,16,1273.0000,1868.8016,2341.8904,2374.9800,2954.1830,3928.4772,4342.0852,4265.8458,4495.0000,4068.3725,3452.3435
2024-07-06,16,915.0000,1075.5035,1412.1538,1274.5986,1792.0000,3366.0000,3840.0000,3780.2093,4038.0000,2801.0000,1924.6139
2024-07-06,16,994.0000,1097.3403,1434.5706,1305.7210,1837.0805,3437.8325,3864.6264,3820.0000,4073.0000,2837.0000,1915.0000
2024-07-08,16,701.0000,1017.2897,1355.2472,1258.2468,1745.0000,3281.0000,3933.0000,3860.0000,4087.0000,2848.0000,2051.0000
2024-07-08,16,657.0000,994.7086,1347.8609,1240.3059,1764.0000,3335.0000,3970.4229,3928.0000,4170.9852,2895.0000,2056.0000
2024-07-11,16,609.0000,874.5822,1160.6457,1078.4000,1488.0000,3152.0000,3883.0000,3838.9143,4071.0000,2514.0000,1781.0000
2024-07-11,16,645.0000,900.1667,1178.9676,1093.7643,1530.6159,3132.7871,3870.4971,3804.0000,4030.0000,2514.0000,1811.0000
2024-07-13,16,742.0000,897.6503,1210.7814,1077.6885,1585.0000,3481.0000,4178.4715,4049.9666,4380.0000,2618.0000,1732.6624
2024-07-13,16,717.0000,924.4776,1210.2408,1093.4818,1575.0000,3460.0000,4158.0000,4040.8789,4350.1405,2624.5116,1726.0000
2024-07-16,16,571.0000,747.8314,1045.7597,996.4615,1403.3495,3127.0000,3898.0000,3858.0430,4059.8286,2310.0000,1543.0000
2024-07-16,16,636.0000,811.3333,1082.6739,1014.3471,1426.4255,3077.7056,3816.0000,3764.0000,4018.0000,2296.9539,1562.0000
2024-07-18,16,692.0000,907.3333,1191.0163,1108.7375,1564.0000,3141.0000,4005.6929,4001.6820,4163.5225,2540.4098,1787.7203
2024-07-18,16,711.0000,947.7744,1203.8422,1138.3221,1551.0000,3053.0000,3940.0000,3954.6807,4107.3761,2525.0000,1797.0000
2024-07-21,16,323.0000,506.3427,747.7550,622.0000,1043.4890,2930.4597,3922.4804,3896.2574,4105.0000,1954.1169,1239.0000
2024-07-21,16,340.0000,547.0317,788.6034,650.4402,1035.0000,2929.0000,3904.0000,3888.0000,4081.0000,1952.0000,1240.0000
2024-07-23,16,825.0000,873.3456,1096.7907,892.0000,1405.0000,3291.0000,4025.0000,4002.0079,4254.0000,2285.0000,1389.3789
2024-07-23,16,918.0000,922.5475,1128.3839,896.0000,1416.0000,3289.9745,4052.1928,3992.0000,4176.0000,2329.3865,1383.0000
2024-07-26,16,185.0000,266.9489,507.0363,354.7410,772.0000,2864.2521,3932.3905,3897.7457,4121.5983,1722.5000,925.0000
2024-07-26,16,396.0000,437.4689,635.2227,457.4402,869.0000,2803.0000,3789.0000,3764.0000,3996.0000,1707.9116,922.0000
2024-07-28,16,311.0000,387.5607,604.6834,444.5473,888.0000,2891.0000,4187.3045,4169.5924,4381.0000,1896.5123,1084.1613
2024-07-28,16,474.0000,561.1460,746.5315,554.6744,965.0466,2853.7622,4053.0000,3993.9665,4225.6689,1933.0000,1092.9497
2024-07-31,16,240.0000,371.9456,604.9270,444.7138,850.4797,2747.0000,3946.6994,3938.6638,4118.0000,1658.9468,937.4235
2024-07-31,16,386.0000,492.9463,685.3759,515.7159,915.0000,2714.6174,3831.0000,3828.0000,4000.0000,1655.0000,930.4655
2024-08-05,16,-9999.0000,-9999.0000,-9999.0000,-9999.0000,-9999.0000,-9999.0000,-9999.0000,-9999.0000,-9999.0000,-9999.0000,-9999.0000
2024-08-05,16,-9999.0000,-9999.0000,-9999.0000,-9999.0000,-9999.0000,-9999.0000,-9999.0000,-9999.0000,-9999.0000,-9999.0000,-9999.0000
2024-08-07,16,191.0000,307.7506,537.2420,363.8989,797.0417,2885.0000,4232.7696,4210.2939,4392.0000,1798.0000,945.6667
2024-08-07,16,367.0000,465.6211,651.8878,459.0858,860.0935,2797.0000,4074.0000,4049.2399,4252.1445,1796.0000,955.8118
2024-08-10,16,251.0000,361.2286,555.1527,395.1197,806.3432,2644.0000,3772.4665,3793.4336,4010.9881,1626.2558,892.3725
2024-08-10,16,323.0000,404.7920,584.6943,420.3871,811.1924,2627.0000,3728.3548,3762.6229,3965.8203,1635.7222,882.6750
2024-08-12,16,359.0000,404.4436,643.2110,476.0715,882.4890,2876.0000,3839.0000,3892.0000,4067.2552,1860.1649,974.0000
2024-08-12,16,414.0000,437.2809,676.0639,499.9472,916.0000,2886.4988,3827.0000,3874.1915,4069.6330,1842.0000,989.6698
2024-08-12,16,366.0000,412.5554,658.8087,492.3489,908.0000,2982.0000,3963.0000,3961.2485,4178.1272,1916.5522,1005.0000
2024-08-12,16,423.0000,446.2224,676.8133,499.9184,905.6020,2872.0000,3821.0000,3859.0000,4057.9846,1849.0000,988.0000
2024-08-15,16,227.0000,305.4981,547.3118,404.0501,832.0000,2684.2436,3677.0292,3730.2782,3931.8995,1708.4890,874.8716
2024-08-15,16,343.0000,397.6763,613.1861,451.9531,872.0000,2677.1139,3588.4882,3660.0000,3855.0000,1695.0000,874.5480
2024-08-17,16,-9999.0000,-9999.0000,-9999.0000,-9999.0000,-9999.0000,-9999.0000,-9999.0000,-9999.0000,-9999.0000,-9999.0000,-9999.0000
2024-08-17,16,-9999.0000,-9999.0000,-9999.0000,-9999.0000,-9999.0000,-9999.0000,-9999.0000,-9999.0000,-9999.0000,-9999.0000,-9999.0000
2024-08-20,16,-9999.0000,-9999.0000,-9999.0000,-9999.0000,-9999.0000,-9999.0000,-9999.0000,-9999.0000,-9999.0000,-9999.0000,-9999.0000
2024-08-20,16,-9999.0000,-9999.0000,-9999.0000,-9999.0000,-9999.0000,-9999.0000,-9999.0000,-9999.0000,-9999.0000,-9999.0000,-9999.0000
2024-08-22,16,98.0000,148.8786,449.4751,252.0000,724.9608,2862.0000,3835.1082,3849.6600,4091.4190,1706.0000,824.4985
2024-08-22,16,417.0000,384.4244,605.9081,393.6362,816.0000,2763.0000,3648.0000,3673.3546,3877.2905,1699.0000,833.9575
2024-08-25,16,265.0000,313.6466,516.8583,337.3743,744.0000,2633.4287,3563.2776,3618.1815,3815.0000,1653.2857,780.7572
2024-08-25,16,373.0000,373.5006,552.4103,373.6334,768.9466,2622.0000,3526.7037,3586.3179,3795.0000,1645.5758,779.5847
2024-08-27,16,597.0000,693.2235,920.9941,633.8020,1160.3898,3271.0000,4469.0000,4476.0000,4698.6385,2017.0000,1041.2125
2024-08-27,16,649.0000,690.1425,828.5197,600.4236,1017.3542,2799.0000,3836.9995,3868.0000,4085.9849,1905.0000,1009.6568
2024-08-30,16,347.0000,445.0536,617.0310,421.7897,829.0528,2549.0000,3523.4429,3594.1737,3807.0000,1694.5000,867.2377
2024-08-30,16,360.0000,458.0785,629.1469,422.3456,837.3544,2564.0000,3550.9201,3604.0000,3816.3981,1691.0000,860.7505
2024-09-04,16,254.0000,333.3834,577.1427,413.2814,890.0000,2705.7001,3556.2559,3619.1077,3896.0000,1772.2039,885.3656
2024-09-04,16,373.0000,413.4565,629.1224,450.3576,900.0276,2682.0000,3500.0000,3554.1220,3811.0000,1761.4021,892.0000
2024-09-09,16,-9999.0000,-9999.0000,-9999.0000,-9999.0000,-9999.0000,-9999.0000,-9999.0000,-9999.0000,-9999.0000,-9999.0000,-9999.0000
2024-09-09,16,-9999.0000,-9999.0000,-9999.0000,-9999.0000,-9999.0000,-9999.0000,-9999.0000,-9999.0000,-9999.0000,-9999.0000,-9999.0000
2024-09-11,16,301.0000,318.2142,582.0000,357.0000,840.0000,2754.3464,3469.0000,3538.4662,3691.0000,1724.5223,816.1654
2024-09-11,16,370.0000,384.4270,620.3164,389.1662,861.0000,2715.8337,3435.9944,3490.0000,3652.4652,1723.0000,812.0000
2024-09-16,16,-9999.0000,-9999.0000,-9999.0000,-9999.0000,-9999.0000,-9999.0000,-9999.0000,-9999.0000,-9999.0000,-9999.0000,-9999.0000
2024-09-16,16,-9999.0000,-9999.0000,-9999.0000,-9999.0000,-9999.0000,-9999.0000,-9999.0000,-9999.0000,-9999.0000,-9999.0000,-9999.0000
2024-09-21,16,298.0000,353.3044,608.6519,428.9055,937.9846,2635.7288,3224.0000,3344.8000,3485.0000,1774.2856,873.9892
2024-09-21,16,389.0000,414.2507,648.0000,462.1831,953.2258,2598.1178,3171.0000,3296.7629,3436.5048,1761.5525,873.4949
2024-09-24,16,270.0000,374.2593,610.3544,416.0000,926.0000,2559.0000,3135.0000,3234.9701,3425.3508,1657.4961,801.0924
2024-09-24,16,360.0000,424.4042,644.0000,439.0000,950.8689,2561.5088,3171.7325,3232.0000,3409.0938,1653.1895,801.9485
2024-09-29,16,127.0000,286.4517,504.4451,377.6693,818.0000,2133.4525,2644.5498,2828.7685,2914.2470,1553.6456,837.1984
2024-09-29,16,151.0000,298.3601,508.2964,372.0467,823.0000,2140.0000,2640.0000,2827.4757,2896.0000,1557.3866,841.2484
2024-10-11,16,235.0000,340.6189,562.7317,502.7958,936.0000,1848.0000,2134.0000,2182.5000,2412.0000,1774.3963,1014.3611
2024-10-11,16,236.0000,338.2641,560.0000,494.0000,934.0000,1837.0000,2131.0000,2165.6374,2345.0000,1784.0000,1019.0000
2024-10-21,16,333.0000,413.0000,596.0000,604.0000,982.0000,1564.4826,1741.4814,1813.7258,1967.0000,1781.0000,1128.3388
2024-10-21,16,420.0000,481.0000,656.0000,636.0000,1001.0000,1604.0000,1752.0000,1782.2750,2015.0000,1797.8598,1120.4644
2024-10-26,16,-9999.0000,-9999.0000,-9999.0000,-9999.0000,-9999.0000,-9999.0000,-9999.0000,-9999.0000,-9999.0000,-9999.0000,-9999.0000
2024-10-29,16,188.0000,358.1357,450.5000,506.3347,796.0000,1197.0000,1364.0000,1362.5472,1573.7532,1569.0000,1143.0000
2024-10-29,16,227.0000,378.0470,458.2793,508.2763,768.0000,1129.0000,1374.0000,1369.3819,1469.3958,1576.0000,1145.0000
2024-10-31,16,242.0000,310.2848,442.4785,536.0000,795.0000,1184.0000,1317.0000,1360.0000,1539.0000,1802.0000,1246.8672
2024-10-31,16,240.0000,304.2424,437.6013,528.7302,796.0000,1196.0000,1352.0000,1364.5000,1507.1068,1770.0000,1250.0630
2024-11-03,16,563.0000,586.0000,676.6489,740.0000,1027.0000,1357.0000,1513.0000,1525.0787,1709.0831,1904.0000,1373.0000
2024-11-03,16,568.0000,594.0000,681.2628,750.0000,1017.0000,1371.0000,1588.0000,1548.7905,1666.0202,1896.0000,1370.5012
2024-11-05,16,258.0000,382.3483,457.5811,556.5485,786.0000,1052.0000,1220.4973,1336.7835,1448.9828,1780.9107,1317.6636
2024-11-05,16,210.0000,348.4545,421.6190,537.3665,760.0000,987.4812,1264.0000,1317.5587,1415.0000,1761.0000,1313.7811
2024-11-08,16,292.0000,430.0333,486.3563,558.3995,791.0000,1066.0000,1208.0000,1242.6393,1399.4486,1492.5931,1137.1756
2024-11-08,16,361.0000,480.0096,518.0000,574.4083,784.0000,1034.7310,1216.0000,1259.3846,1352.0000,1470.0000,1137.2844
2024-11-10,16,271.0000,304.0000,414.7485,541.5041,769.0000,1085.0000,1205.6559,1317.3447,1425.0000,1817.0000,1264.5988
2024-11-10,16,279.0000,318.1824,421.5417,542.4585,742.0000,1056.0000,1178.0000,1318.8057,1483.0000,1768.0000,1264.4944
2024-11-13,16,372.0000,552.0000,705.0093,877.2114,1050.0000,1206.0000,1268.0000,1416.0328,1446.0000,1692.9729,1273.1184
2024-11-13,16,409.0000,582.2453,737.5551,892.7173,1052.0000,1168.0000,1257.0000,1398.7328,1418.5054,1638.0000,1273.9785
2024-11-15,16,440.0000,797.8330,957.9961,1185.9847,1395.3083,1496.0103,1641.0000,1763.7495,1782.4456,2032.0000,1688.0000
2024-11-15,16,471.0000,809.2099,964.0000,1185.9108,1397.9032,1492.2080,1603.8990,1766.0621,1753.3814,2050.0000,1682.9116
2024-11-18,16,761.0000,1084.9321,1224.9871,1393.4124,1617.6605,1824.0000,1972.0000,2070.4311,2170.0000,2179.0645,1859.0369
2024-11-18,16,579.0000,1004.8147,1169.4327,1366.0000,1613.2579,1823.0000,1985.0000,2086.8607,2179.0000,2222.0000,1894.0000
2024-11-23,16,327.0000,545.1063,733.0307,952.7589,1162.0000,1284.0000,1414.4584,1572.0889,1590.0000,1585.0000,1065.0000
2024-11-23,16,343.0000,569.0380,740.7012,957.4773,1151.0000,1325.5821,1432.0000,1576.5155,1625.0000,1564.4509,1059.0000
2024-11-25,16,-9999.0000,-9999.0000,-9999.0000,-9999.0000,-9999.0000,-9999.0000,-9999.0000,-9999.0000,-9999.0000,-9999.0000,-9999.0000
2024-11-25,16,-9999.0000,-9999.0000,-9999.0000,-9999.0000,-9999.0000,-9999.0000,-9999.0000,-9999.0000,-9999.0000,-9999.0000,-9999.0000
2024-11-30,16,416.0000,621.1222,825.2536,1044.3812,1265.0000,1450.9785,1499.5178,1642.0412,1743.0000,1951.0000,1368.0000
2024-11-30,16,456.0000,641.8300,833.0050,1045.0314,1263.0000,1448.0000,1529.0000,1621.0525,1788.5030,1916.6316,1378.5889
2024-12-05,16,492.0000,805.2934,932.5070,1158.0000,1368.0000,1483.0000,1579.4266,1717.4110,1740.4816,2053.5212,1697.0000
2024-12-05,16,477.0000,805.4906,952.0000,1165.2269,1346.8141,1468.9975,1555.3727,1734.7796,1707.4281,2034.4964,1674.9161
2024-12-13,16,352.0000,604.5982,814.0000,1016.9309,1300.1217,1407.0000,1472.0000,1608.4590,1645.4775,1957.0902,1470.0000
2024-12-13,16,492.0000,697.6729,870.3295,1045.1916,1276.0000,1397.0920,1498.0000,1603.5117,1672.0326,1901.0000,1457.9948
2024-12-13,16,424.0000,638.3846,836.0000,1035.4089,1258.5171,1382.3312,1458.0000,1625.1244,1655.0388,1865.0445,1446.0000
2024-12-13,16,542.0000,718.0000,888.5044,1060.0000,1285.1929,1407.0000,1473.3922,1626.5217,1619.6457,1847.6538,1454.0000
2024-12-15,16,303.0000,693.4595,841.8000,1017.0750,1215.0000,1334.0000,1457.8935,1591.6955,1627.6127,1883.9549,1499.0000
2024-12-15,16,536.0000,784.4143,905.3347,1053.0000,1250.5484,1354.8649,1480.6860,1605.7424,1606.0000,1825.0000,1481.6208
2024-12-18,16,-9999.0000,-9999.0000,-9999.0000,-9999.0000,-9999.0000,-9999.0000,-9999.0000,-9999.0000,-9999.0000,-9999.0000,-9999.0000
2024-12-23,16,-9999.0000,-9999.0000,-9999.0000,-9999.0000,-9999.0000,-9999.0000,-9999.0000,-9999.0000,-9999.0000,-9999.0000,-9999.0000
2024-12-25,16,340.0000,617.0932,749.7894,904.7214,1109.4911,1281.0000,1401.2762,1541.2593,1513.5322,1502.0000,1074.0379
2024-12-25,16,392.0000,653.2445,769.3919,921.0781,1121.7717,1281.0000,1380.5030,1557.8037,1504.0000,1468.0000,1058.9976
2024-12-28,16,552.0000,740.6040,865.5146,1008.0000,1233.0000,1453.5000,1588.4405,1656.5448,1770.6211,1641.5256,1327.0000
2024-12-28,16,540.0000,689.0369,812.7166,941.6443,1150.4897,1342.5388,1461.0008,1561.6958,1602.9935,1520.0000,1211.3287
2024-12-30,16,399.0000,557.1864,729.5236,888.0000,1123.2598,1308.0000,1395.6156,1525.2566,1575.9413,1659.9928,1219.5253
2024-12-30,16,462.0000,597.3060,757.7855,909.1947,1133.0000,1308.2926,1397.7625,1541.8464,1567.0000,1634.0047,1202.9962
2025-01-04,16,561.0000,609.0139,773.3975,938.3556,1104.0000,1233.0000,1315.0000,1289.6809,1405.2272,1098.6310,943.0000
2025-01-12,16,354.0000,526.0000,721.1628,817.6667,1093.9909,1332.0233,1466.0000,1590.3024,1589.0000,1592.0000,1109.0000
2025-01-12,16,409.0000,557.3333,733.0000,825.2993,1083.0000,1347.0020,1436.4779,1606.5026,1586.6557,1555.0000,1096.5012
2025-01-14,16,504.0000,780.8183,925.8169,1026.0000,1294.0000,1586.0000,1707.3204,1895.3394,1816.1707,1976.0000,1555.1727
2025-01-14,16,526.0000,788.0000,930.0000,1024.0000,1297.0000,1583.0000,1699.3327,1893.9250,1817.0000,1962.0000,1562.3806
2025-01-17,16,415.0000,694.5000,869.1823,961.2553,1247.0000,1553.6043,1666.0147,1863.4862,1806.0000,1869.0000,1506.9122
2025-01-17,16,451.0000,724.7113,885.7412,964.5781,1241.5475,1538.9117,1646.5018,1848.9596,1797.0000,1842.0000,1513.0000
2025-02-03,16,470.0000,693.0290,877.5202,852.7547,1214.0000,1765.0000,1891.6448,2023.2452,2004.0000,1768.9548,1285.0000
2025-02-03,16,463.0000,682.0000,868.6198,844.3557,1231.0000,1738.4935,1885.0000,2038.2790,1981.0000,1753.7039,1293.0944
2025-02-06,16,384.0000,606.0000,806.0000,780.8167,1173.0000,1738.4727,1860.3571,2024.9391,2001.0000,1715.5904,1264.0000
2025-02-06,16,445.0000,644.3511,828.0000,792.0000,1173.3460,1722.0123,1875.0359,2013.5000,2011.3578,1666.5012,1266.0000
2025-02-08,16,485.0000,669.1040,949.3826,904.5152,1402.0000,2022.0000,2113.4096,2230.9991,2252.0392,2021.4017,1424.5427
2025-02-08,16,541.0000,689.1970,953.6189,909.0887,1395.0000,2020.1856,2100.4930,2214.3849,2213.0000,2003.4170,1420.0000
2025-02-16,16,-9999.0000,-9999.0000,-9999.0000,-9999.0000,-9999.0000,-9999.0000,-9999.0000,-9999.0000,-9999.0000,-9999.0000,-9999.0000
2025-02-16,16,-9999.0000,-9999.0000,-9999.0000,-9999.0000,-9999.0000,-9999.0000,-9999.0000,-9999.0000,-9999.0000,-9999.0000,-9999.0000
2025-02-18,16,458.0000,560.0000,864.6338,785.9828,1388.0000,2210.6962,2332.3376,2596.5718,2475.6320,1981.4874,1295.0000
2025-02-18,16,574.0000,670.0000,938.4985,841.1512,1401.0000,2163.7105,2281.1365,2544.9051,2450.1864,1960.0000,1314.4825
2025-02-21,16,326.0000,479.0000,794.0000,733.6667,1333.0000,2140.2769,2269.0000,2476.0252,2421.0000,1981.0000,1293.0990
2025-02-21,16,626.0000,702.5137,932.3680,844.0000,1391.0000,2113.0000,2235.9244,2443.8359,2386.1474,1965.0000,1302.5310
2025-02-28,16,-9999.0000,-9999.0000,-9999.0000,-9999.0000,-9999.0000,-9999.0000,-9999.0000,-9999.0000,-9999.0000,-9999.0000,-9999.0000
2025-02-28,16,1989.0000,1874.0000,2028.0000,1792.0000,2403.0000,3294.4400,3398.7495,3617.3708,3514.0000,2387.0000,1702.0000
2025-03-03,16,292.0000,378.0048,716.5636,554.0549,1237.4082,2480.5313,2707.0000,2940.6599,2835.0000,1902.0000,1125.9692
2025-03-03,16,390.0000,449.3765,757.0527,574.0000,1259.0000,2482.2624,2734.0730,2930.3502,2836.3905,1912.0000,1128.0000
2025-03-05,16,357.0000,516.7237,797.3476,581.0000,1213.6013,2675.0487,3029.0000,3254.4878,3137.0000,1946.0000,1212.9776
2025-03-05,16,413.0000,537.5392,813.7062,593.0531,1213.6909,2651.5965,3001.7049,3250.8754,3122.7061,1947.0000,1196.3693
2025-03-08,16,515.0000,628.8129,916.8637,696.0000,1322.0000,2849.1797,3244.0047,3432.0000,3372.7178,1897.4704,1233.2952
2025-03-08,16,314.0000,473.2000,813.2006,581.5826,1258.0000,2943.0000,3361.8490,3530.0276,3440.0000,1907.0000,1227.9528
2025-03-10,16,-9999.0000,-9999.0000,-9999.0000,-9999.0000,-9999.0000,-9999.0000,-9999.0000,-9999.0000,-9999.0000,-9999.0000,-9999.0000
2025-03-10,16,-9999.0000,-9999.0000,-9999.0000,-9999.0000,-9999.0000,-9999.0000,-9999.0000,-9999.0000,-9999.0000,-9999.0000,-9999.0000
2025-03-18,16,148.0000,245.9482,553.7895,261.3333,912.3495,2831.0000,3414.0000,3756.0000,3554.4594,1356.9001,715.3125
2025-03-18,16,235.0000,318.1419,593.0449,289.0000,916.5484,2804.0428,3381.0000,3721.1635,3503.0000,1340.2581,707.5179
2025-03-20,16,241.0000,236.4886,601.0000,274.5537,1167.0000,3204.0000,3698.5014,4036.5168,3828.0000,1552.0000,754.6272
2025-03-20,16,342.0000,328.0000,656.0151,330.3425,1161.7687,3145.8805,3613.0000,3953.0129,3753.0000,1537.0000,754.5691
2025-03-23,16,-9999.0000,-9999.0000,-9999.0000,-9999.0000,-9999.0000,-9999.0000,-9999.0000,-9999.0000,-9999.0000,-9999.0000,-9999.0000
2025-03-23,16,-9999.0000,-9999.0000,-9999.0000,-9999.0000,-9999.0000,-9999.0000,-9999.0000,-9999.0000,-9999.0000,-9999.0000,-9999.0000
2025-03-25,16,-9999.0000,-9999.0000,-9999.0000,-9999.0000,-9999.0000,-9999.0000,-9999.0000,-9999.0000,-9999.0000,-9999.0000,-9999.0000
2025-03-30,16,-9999.0000,-9999.0000,-9999.0000,-9999.0000,-9999.0000,-9999.0000,-9999.0000,-9999.0000,-9999.0000,-9999.0000,-9999.0000
2025-03-30,16,-9999.0000,-9999.0000,-9999.0000,-9999.0000,-9999.0000,-9999.0000,-9999.0000,-9999.0000,-9999.0000,-9999.0000,-9999.0000
2025-04-01,16,-9999.0000,-9999.0000,-9999.0000,-9999.0000,-9999.0000,-9999.0000,-9999.0000,-9999.0000,-9999.0000,-9999.0000,-9999.0000
2025-04-02,16,198.0000,194.3730,528.6250,249.7957,1011.0000,2915.0314,3401.7988,3594.8175,3536.0000,1234.0000,600.9980
2025-04-02,16,278.0000,253.8376,557.2749,276.6005,1028.0000,2911.0000,3430.0000,3602.4482,3528.0000,1245.7237,604.3850
2025-04-04,16,242.0000,296.8487,577.1221,274.6772,945.7290,2966.0000,3673.0000,3904.0000,3820.9430,1285.1578,630.0000
2025-04-04,16,327.0000,356.8120,628.0590,304.4918,965.2310,2949.2311,3654.0000,3864.0000,3763.6042,1283.7687,632.2855
2025-04-04,16,155.0000,170.1853,473.1030,225.3333,914.8679,2828.6838,3460.9362,3658.8007,3645.4706,1199.0000,598.0000
2025-04-04,16,267.0000,264.8514,547.0000,269.6566,955.5761,2802.0324,3416.0000,3612.0000,3570.0000,1200.7027,595.6696
2025-04-07,16,425.0000,433.5052,664.0000,372.0000,1046.0000,2947.9951,3618.0000,3898.5556,3798.0000,1233.0000,678.0000
2025-04-11,16,253.0000,230.4597,578.4106,269.5258,1034.0000,3209.0000,3848.0000,4009.0067,4061.0000,1306.0000,651.0000
2025-04-11,16,405.0000,362.1034,664.6497,349.4776,1053.0000,3133.3303,3754.0000,3948.0000,3929.0000,1326.0000,670.0000
2025-04-12,16,0.0000,0.0409,357.4971,100.7393,966.0000,3092.0908,3771.6290,3944.1422,3957.0000,1230.0000,571.7361
2025-04-12,16,349.0000,310.0904,597.0433,324.7500,1093.1922,2964.0000,3539.0000,3731.0911,3755.0807,1235.0000,600.0000
2025-04-19,16,265.0000,257.1814,496.5104,225.3589,917.0000,2978.4305,3791.0000,3835.1725,3934.0000,1193.1321,549.2338
2025-04-19,16,276.0000,253.6194,488.8713,217.2428,905.4514,2994.5111,3772.0000,3878.4817,3947.0000,1169.8080,553.9822
2025-04-22,16,55.0000,85.1062,349.8135,161.8143,778.7751,2762.0688,3539.0290,3589.6675,3733.0000,1123.1206,536.9846
2025-04-22,16,156.0000,146.4852,389.8122,193.7639,794.0000,2761.8352,3540.1027,3573.9002,3769.5315,1132.2269,540.0000
2025-04-24,16,-9999.0000,-9999.0000,-9999.0000,-9999.0000,-9999.0000,-9999.0000,-9999.0000,-9999.0000,-9999.0000,-9999.0000,-9999.0000
2025-04-24,16,-9999.0000,-9999.0000,-9999.0000,-9999.0000,-9999.0000,-9999.0000,-9999.0000,-9999.0000,-9999.0000,-9999.0000,-9999.0000
2025-04-24,16,-9999.0000,-9999.0000,-9999.0000,-9999.0000,-9999.0000,-9999.0000,-9999.0000,-9999.0000,-9999.0000,-9999.0000,-9999.0000
2025-04-24,16,-9999.0000,-9999.0000,-9999.0000,-9999.0000,-9999.0000,-9999.0000,-9999.0000,-9999.0000,-9999.0000,-9999.0000,-9999.0000
2025-04-27,16,69.0000,156.5599,338.3924,141.6578,609.9560,2508.5423,3550.0000,3559.1501,3679.0000,933.0000,453.0000
2025-04-27,16,249.0000,292.0000,441.7265,229.4470,680.0878,2458.9099,3413.1074,3460.9446,3608.0000,938.0000,462.3398
2025-04-29,16,106.0000,117.7794,373.2211,142.0013,814.0000,3059.0000,3965.4785,4100.6485,4138.8105,1141.0000,517.1626
2025-04-29,16,277.0000,276.5942,484.8718,249.1969,889.1983,2974.0000,3838.0000,4002.5614,4005.4855,1132.6675,525.3804
2025-05-01,16,222.0000,217.6377,438.2002,214.1352,741.0000,2888.3645,3838.0000,3941.5983,4052.9832,1177.0000,564.0020
2025-05-01,16,341.0000,322.7504,522.2981,284.6649,790.0000,2851.5083,3801.0000,3890.7696,4017.0000,1163.0000,563.9231
2025-05-02,16,227.0000,229.3207,417.0804,213.5894,777.0000,2745.0000,3604.0000,3724.5426,3858.6962,1088.0000,509.4156
2025-05-02,16,301.0000,286.6017,453.1166,249.3734,797.4838,2758.2971,3613.0000,3704.0000,3874.8811,1094.0000,525.0000
2025-05-04,16,858.0000,1005.0845,1184.5541,978.1123,1522.2773,3162.5522,4052.7049,4048.9705,4129.4726,1621.0000,1126.6413
2025-05-04,16,931.0000,1036.6777,1189.4139,980.4923,1476.0000,2993.4818,3854.0000,3867.2699,3953.8162,1595.0000,1126.4187
2025-05-04,16,414.0000,618.3278,836.0098,646.3559,1164.0000,3058.0392,4008.0000,4029.1958,4218.8627,1419.0000,856.0000
2025-05-04,16,696.0000,805.2208,964.8023,749.0867,1213.2671,2865.0000,3718.2786,3762.5449,3937.0000,1402.0000,861.0000
2025-05-09,16,258.0000,229.3562,469.7340,234.0623,918.0554,2981.2828,3789.5319,3974.0725,4058.0000,1230.0000,577.4231
2025-05-09,16,271.0000,228.2465,464.8248,232.8633,913.0288,2962.5605,3788.0000,3975.0178,4072.9301,1205.1500,573.4626
2025-05-11,16,193.0000,225.7174,453.0000,253.4759,787.0000,2765.5993,3636.0000,3770.6490,3921.9181,1245.2331,608.0000
2025-05-11,16,286.0000,288.3840,496.6000,297.7196,824.5012,2728.9970,3605.0000,3716.0000,3880.0000,1235.4639,606.2221
2025-05-12,16,0.0000,0.0000,198.1877,37.7072,667.8101,2645.9931,3479.0000,3648.0000,3770.0000,1128.0000,538.9012
2025-05-12,16,107.0000,73.2700,309.5420,133.3561,758.0000,2632.0000,3432.0000,3650.5196,3747.0000,1133.1250,553.5258
