2017-01-24,129,625.0000,830.1059,1010.5507,1350.0000,1522.2548,1621.1324,1745.2107,1965.2355,1964.4831,3093.6596,2410.0000
2017-04-11,129,1797.0000,1665.5462,1925.6660,2203.4764,2465.4110,2669.7179,2740.4704,2803.2639,2874.0382,3578.0000,3381.8068
2017-04-21,129,1031.0000,1386.6233,1939.7395,2442.7905,2724.3285,2965.3595,3077.0048,3299.4930,3201.1103,3786.0690,3490.0000
2017-04-21,129,1574.0000,1780.2818,2164.0193,2577.5942,2781.5521,3016.6057,3122.5439,3348.6187,3244.3398,3804.4072,3508.8214
2017-04-24,129,-9999.0000,-9999.0000,-9999.0000,-9999.0000,-9999.0000,-9999.0000,-9999.0000,-9999.0000,-9999.0000,-9999.0000,-9999.0000
2017-05-01,129,-9999.0000,-9999.0000,-9999.0000,-9999.0000,-9999.0000,-9999.0000,-9999.0000,-9999.0000,-9999.0000,-9999.0000,-9999.0000
2017-05-04,129,862.0000,1088.0000,1239.0000,1520.0000,1704.0000,1856.0000,1994.0000,2068.0000,2092.0000,2336.0000,1752.0000
2017-05-04,129,812.0000,1142.0000,1339.0000,1385.0000,1994.0000,2976.0000,3263.0000,2946.0000,3541.0000,2559.0000,1625.0000
2017-05-14,129,948.0000,1418.8243,1913.9968,2375.5054,2660.2449,2805.4522,2913.1487,2939.8366,3049.0000,3593.5873,3269.7714
2017-05-14,129,1225.0000,1667.2966,2067.8253,2487.8807,2729.2156,2853.4198,2964.0000,2996.4152,3106.2325,3618.9208,3284.6396
2017-05-21,129,-9999.0000,-9999.0000,-9999.0000,-9999.0000,-9999.0000,-9999.0000,-9999.0000,-9999.0000,-9999.0000,-9999.0000,-9999.0000
2017-05-21,129,-9999.0000,-9999.0000,-9999.0000,-9999.0000,-9999.0000,-9999.0000,-9999.0000,-9999.0000,-9999.0000,-9999.0000,-9999.0000
2017-05-24,129,1527.0000,1684.6948,2148.3314,2503.2718,2891.6522,3256.0000,3389.5615,3387.1635,3534.3168,3813.4111,3401.8455
2017-05-24,129,1255.0000,1603.3581,2003.8357,2291.2750,2658.3854,3061.2083,3195.7683,3219.3777,3349.0000,3686.4492,3316.0000
2017-05-31,129,2014.0000,2058.8239,2377.5000,2596.3204,2948.0000,3357.2165,3531.9801,3539.6572,3760.0000,4290.4839,3850.0000
2017-06-03,129,1401.0000,1723.7783,2114.7174,2539.5438,2812.6381,2939.3656,3058.0320,3041.2579,3205.0742,3911.0000,3611.6934
2017-06-03,129,1483.0000,1610.8434,2051.4614,2483.2192,2778.1661,2922.2383,3042.2162,3026.8577,3196.4660,3910.0000,3604.7625
2017-06-10,129,2037.0000,2290.9916,2708.0440,2982.0305,3308.1879,3685.2143,3794.9854,3811.1494,3939.9674,4152.0428,3606.3846
2017-06-13,129,1638.0000,1972.6551,2468.7524,2805.6428,3150.0000,3560.5855,3705.0164,3667.4546,3875.2019,4290.4998,3770.4564
2017-06-13,129,1602.0000,1898.9555,2379.6957,2695.8168,3065.0529,3483.0977,3651.1894,3595.7140,3786.0000,4212.9597,3718.3521
2017-06-20,129,913.3906,1307.9891,1938.6184,2170.8962,2778.7390,3893.9272,4104.5906,4122.6595,4280.8462,4141.9926,3368.0000
2017-06-20,129,1373.4758,1643.2117,2137.8519,2246.1371,2804.3943,3921.0751,4122.5505,4165.7768,4311.4493,4135.0000,3329.1691
2017-06-23,129,1528.0000,1658.9788,2204.0685,2298.7520,2919.0000,3919.0000,4169.5199,4103.2998,4363.0000,3943.0000,3165.9805
2017-06-23,129,1454.0000,1739.3699,2260.7562,2340.7739,2949.2617,3974.0497,4248.8899,4182.2266,4440.7962,3987.8875,3172.0000
2017-07-03,129,912.0000,1146.3850,1602.8402,1642.3265,2266.7254,3660.2709,4009.0000,4059.9555,4213.5076,3507.9102,2586.6829
2017-07-03,129,861.3085,1067.6689,1539.3084,1595.2857,2213.2370,3610.0420,3954.6481,3986.8105,4146.2041,3466.2684,2556.6851
2017-07-08,129,571.0000,704.9295,993.6935,873.4724,1442.4171,3239.0000,3828.0000,3818.5000,3985.7532,2813.0000,1906.0649
2017-07-10,129,46.0892,153.3944,629.3974,484.9698,1299.5612,3852.1729,4373.8828,4389.5020,4507.2604,2844.5047,1573.2733
2017-07-10,129,368.7425,337.8403,706.4058,490.9496,1267.0000,3875.0000,4389.0682,4390.7168,4535.1487,2821.5439,1564.3884
2017-07-13,129,1.0000,129.3923,523.3461,347.8618,1109.8536,3794.3682,4519.4581,4565.5000,4699.2363,2697.8289,1452.8905
2017-07-13,129,211.0000,246.6097,587.4588,388.3855,1108.0000,3815.0000,4516.0000,4491.6667,4701.2659,2666.4443,1434.6838
2017-07-20,129,658.9758,605.4044,805.5797,594.5067,1131.6697,3621.6894,4395.0583,4329.8916,4602.0000,2561.6006,1316.0055
2017-07-20,129,622.8696,440.4801,646.2570,422.0011,1042.0658,4069.2289,4939.9414,4756.6032,5047.9887,2644.1018,1318.1763
2017-07-23,129,20.3799,229.7631,481.0515,325.0245,893.0126,3661.5579,4809.2341,4761.4599,5064.6026,2409.9324,1193.1835
2017-07-23,129,304.6566,293.1480,477.8162,259.1001,846.5112,3846.9935,5050.0000,5048.1252,5335.1385,2454.0005,1188.3504
2017-07-30,129,-9999.0000,-9999.0000,-9999.0000,-9999.0000,-9999.0000,-9999.0000,-9999.0000,-9999.0000,-9999.0000,-9999.0000,-9999.0000
2017-08-02,129,213.0000,217.6548,405.8187,235.1184,770.5905,3635.0372,4930.0000,4886.3333,5207.9727,2211.0000,1067.1430
2017-08-02,129,160.0000,234.1535,409.6299,236.1570,765.7456,3608.0021,4754.0000,4856.0981,5000.9766,2197.6084,1075.0682
2017-08-09,129,113.0000,146.6895,404.7883,283.1446,808.8856,3642.5496,4838.6891,4789.7636,5192.2592,2274.3371,1115.1283
2017-08-09,129,221.0000,206.0505,442.7568,314.2150,797.0000,3580.6839,4744.3550,4650.6510,4939.0000,2236.7095,1100.1106
2017-08-12,129,75.0000,95.0000,166.0000,106.0000,356.0000,1476.0000,1917.0000,1843.0000,1869.0000,687.0000,324.0000
2017-08-12,129,1.0000,29.0000,146.0000,98.0000,341.0000,1461.0000,1792.0000,1859.0000,1853.0000,670.0000,316.0000
2017-08-19,129,-9999.0000,-9999.0000,-9999.0000,-9999.0000,-9999.0000,-9999.0000,-9999.0000,-9999.0000,-9999.0000,-9999.0000,-9999.0000
2017-08-22,129,174.0000,158.1714,291.5099,116.4652,578.1841,3485.0000,4773.8145,4962.6855,5025.0000,1884.7984,849.8560
2017-08-22,129,194.0000,145.6449,265.4574,100.0820,564.0000,3505.8916,4807.0000,5000.2463,5046.0000,1889.4981,850.3871
2017-08-29,129,27.0000,101.7580,332.7885,149.6402,698.1930,3661.0000,4775.4918,4853.6321,5041.0000,2005.0632,893.7466
2017-08-29,129,251.0000,232.8603,390.4067,157.7231,681.4809,3665.8925,4760.8881,4856.8091,5048.0570,1982.5601,883.0000
2017-09-08,129,115.0000,237.8174,557.2751,193.8101,1079.0000,4326.1756,5139.7787,5190.9946,5440.0000,2202.2466,993.3187
2017-09-08,129,224.0000,205.6153,553.7111,221.9712,1077.3777,4212.0053,5065.2216,5061.0674,5301.0684,2168.2509,982.0309
2017-09-18,129,241.0000,269.7764,753.0013,433.7605,1603.0608,3978.5544,4435.5920,4681.1007,4892.9884,2420.0000,1217.4543
2017-09-18,129,113.0000,273.5120,769.6688,517.7654,1545.9563,3693.0608,4129.9248,4338.8733,4538.9004,2338.7029,1189.2525
2017-09-21,129,342.0000,358.3484,724.7120,489.1287,1498.3530,2935.4348,3319.0731,3591.4500,3731.6475,2035.0000,1074.3186
2017-09-21,129,392.0000,394.3267,742.4490,501.7071,1506.0592,2939.8741,3335.3013,3576.3265,3736.0000,2026.0000,1066.1544
2017-09-28,129,512.0000,561.5472,944.6757,1001.4816,1710.0000,2349.2656,2627.5788,2807.7253,3012.5928,2250.4548,1434.3137
2017-09-28,129,767.0000,758.7401,1032.3199,1029.4508,1656.8104,2243.7789,2488.7556,2675.6937,2869.0000,2174.3830,1421.5421
2017-10-01,129,-9999.0000,-9999.0000,-9999.0000,-9999.0000,-9999.0000,-9999.0000,-9999.0000,-9999.0000,-9999.0000,-9999.0000,-9999.0000
2017-10-08,129,-9999.0000,-9999.0000,-9999.0000,-9999.0000,-9999.0000,-9999.0000,-9999.0000,-9999.0000,-9999.0000,-9999.0000,-9999.0000
2017-10-08,129,-9999.0000,-9999.0000,-9999.0000,-9999.0000,-9999.0000,-9999.0000,-9999.0000,-9999.0000,-9999.0000,-9999.0000,-9999.0000
2017-10-11,129,-9999.0000,-9999.0000,-9999.0000,-9999.0000,-9999.0000,-9999.0000,-9999.0000,-9999.0000,-9999.0000,-9999.0000,-9999.0000
2017-10-18,129,-9999.0000,-9999.0000,-9999.0000,-9999.0000,-9999.0000,-9999.0000,-9999.0000,-9999.0000,-9999.0000,-9999.0000,-9999.0000
2017-10-31,129,1454.0000,1591.0000,1749.0000,1906.0000,2032.0000,2148.0000,2226.0000,2294.0000,2327.0000,2851.0000,2419.0000
2017-10-31,129,1520.0000,1498.0000,1541.0000,1551.0000,1820.0000,2065.0000,2124.0000,2501.0000,2250.0000,2403.0000,1883.0000
2017-11-10,129,310.0000,233.0000,382.0000,519.0000,596.0000,618.0000,640.0000,663.0000,684.0000,824.0000,592.0000
2017-11-10,129,-9999.0000,-9999.0000,-9999.0000,-9999.0000,-9999.0000,-9999.0000,-9999.0000,-9999.0000,-9999.0000,-9999.0000,-9999.0000
2017-11-17,129,-9999.0000,-9999.0000,-9999.0000,-9999.0000,-9999.0000,-9999.0000,-9999.0000,-9999.0000,-9999.0000,-9999.0000,-9999.0000
2017-11-17,129,-9999.0000,-9999.0000,-9999.0000,-9999.0000,-9999.0000,-9999.0000,-9999.0000,-9999.0000,-9999.0000,-9999.0000,-9999.0000
2017-11-20,129,597.0000,917.0000,1241.9624,1490.3951,1753.7296,1941.0265,2016.4312,2181.2758,2138.3972,2465.1024,1995.0581
2017-11-20,129,947.0000,1085.3864,1308.7374,1490.7983,1746.4830,1949.2892,2023.0000,2188.5742,2137.0000,2474.0000,1988.5186
2017-11-27,129,278.0000,650.3386,1018.3775,1209.6766,1554.1520,1919.0000,2025.2439,2173.6824,2137.4620,2216.9868,1571.0000
2017-11-27,129,497.0000,728.1213,1044.5066,1201.3095,1520.1551,1848.4408,1953.7617,2105.3251,2066.1104,2133.0474,1524.5218
2017-12-07,129,593.0000,822.2741,1122.3207,1245.4999,1651.0000,2032.5368,2100.9988,2201.2808,2209.3835,1998.0000,1387.0000
2017-12-17,129,125.0000,502.1939,830.4841,984.8686,1401.0000,1960.0696,2072.0000,2237.5951,2197.4245,1996.9981,1365.0435
2017-12-17,129,376.0000,610.6351,886.3477,996.4000,1372.3708,1876.9614,1981.4621,2144.9674,2106.0885,1921.1775,1323.0000
2017-12-20,129,304.0000,542.5624,780.4486,862.4561,1212.9586,1644.5853,1748.4153,1865.0000,1853.0153,1673.1006,1145.1364
2017-12-20,129,374.0000,576.7013,796.5422,866.4860,1218.9616,1652.5111,1752.9657,1864.6966,1848.3418,1670.2468,1138.4634
2017-12-22,129,-9999.0000,-9999.0000,-9999.0000,-9999.0000,-9999.0000,-9999.0000,-9999.0000,-9999.0000,-9999.0000,-9999.0000,-9999.0000
2017-12-25,129,1005.0000,1231.0000,1372.0000,1370.0000,1596.9441,1820.4563,1898.1216,1972.7581,1969.0000,1874.6777,1509.6550
2017-12-25,129,754.0000,1020.7983,1242.4454,1296.6842,1548.0000,1838.2482,1949.0000,2034.2150,2032.8871,1914.5932,1482.3475
2018-01-06,129,-9999.0000,-9999.0000,-9999.0000,-9999.0000,-9999.0000,-9999.0000,-9999.0000,-9999.0000,-9999.0000,-9999.0000,-9999.0000
2018-01-11,129,206.0000,272.0000,534.0000,611.0000,825.0000,1288.0000,1470.0000,1478.0000,1524.0000,1261.0000,949.0000
2018-01-11,129,192.0000,382.1799,578.2670,594.4131,808.0000,1191.0000,1324.9994,1337.1973,1354.3142,1064.0000,736.0000
2018-01-14,129,468.0000,710.0000,1197.0000,1352.1633,1912.3847,2688.9538,2920.4371,3113.0616,3043.0000,2754.3584,2136.0000
2018-01-14,129,408.0000,725.1519,1130.6738,1217.0000,1690.4617,2420.0000,2645.3102,2843.1206,2748.0000,2388.9238,1818.4264
2018-01-19,129,-9999.0000,-9999.0000,-9999.0000,-9999.0000,-9999.0000,-9999.0000,-9999.0000,-9999.0000,-9999.0000,-9999.0000,-9999.0000
2018-01-19,129,-9999.0000,-9999.0000,-9999.0000,-9999.0000,-9999.0000,-9999.0000,-9999.0000,-9999.0000,-9999.0000,-9999.0000,-9999.0000
2018-01-21,129,118.0000,474.5794,834.7168,890.5738,1486.9260,2437.3137,2657.4419,2817.8852,2724.7784,2208.0000,1462.5474
2018-01-21,129,356.0000,628.5251,910.1538,928.4253,1441.0000,2275.0000,2485.0000,2649.2080,2571.0000,2129.3656,1433.9936
2018-02-08,129,-9999.0000,-9999.0000,-9999.0000,-9999.0000,-9999.0000,-9999.0000,-9999.0000,-9999.0000,-9999.0000,-9999.0000,-9999.0000
2018-02-10,129,189.0000,432.8438,752.5452,716.6123,1384.2131,2661.3637,2957.6285,3108.4019,3026.4443,2037.9802,1296.6126
2018-02-10,129,228.0000,480.4054,830.3462,737.7680,1381.0000,2596.0000,2852.0000,2835.5887,2921.0626,1993.4860,1269.4835
2018-02-13,129,976.0000,1158.0000,1339.0000,1320.6910,1686.0000,2389.2329,2569.0000,2709.1190,2629.5756,1442.0000,1103.0000
2018-02-13,129,1014.0000,1167.0000,1353.0000,1329.0000,1699.0000,2410.0000,2597.3010,2746.1623,2641.0000,1441.0000,1094.0000
2018-02-25,129,964.0000,1141.3028,1456.8766,1378.2220,2066.6391,3291.7823,3531.5034,3588.0480,3635.0000,2670.0000,1958.0000
2018-02-25,129,1044.0000,1168.5832,1481.6726,1389.0354,2085.5017,3339.0000,3562.3289,3651.6149,3665.0000,2680.0000,1932.0223
2018-02-28,129,1209.0619,1397.2362,1633.3830,1565.2666,2122.4748,3098.8529,3361.0000,3436.9563,3533.0000,2929.3026,2108.0000
2018-02-28,129,1318.5326,1461.5977,1677.4254,1589.5515,2136.8346,3108.4748,3336.4773,3446.2500,3506.0000,2934.0489,2113.2582
2018-03-12,129,-9999.0000,-9999.0000,-9999.0000,-9999.0000,-9999.0000,-9999.0000,-9999.0000,-9999.0000,-9999.0000,-9999.0000,-9999.0000
2018-03-20,129,-9999.0000,-9999.0000,-9999.0000,-9999.0000,-9999.0000,-9999.0000,-9999.0000,-9999.0000,-9999.0000,-9999.0000,-9999.0000
2018-03-20,129,-9999.0000,-9999.0000,-9999.0000,-9999.0000,-9999.0000,-9999.0000,-9999.0000,-9999.0000,-9999.0000,-9999.0000,-9999.0000
2018-03-22,129,195.0000,337.8398,661.7963,437.5300,1181.0000,3288.8395,3834.6172,3994.7662,3961.8567,1891.3790,1054.0000
2018-03-22,129,240.0000,408.5939,721.2832,521.7710,1188.0000,3105.7347,3651.3211,3788.8572,3753.8431,1845.1462,1033.0000
2018-03-25,129,518.0000,626.4962,829.1436,604.9544,1237.3989,2914.7477,3443.2789,3452.6660,3585.3420,1732.2745,999.0000
2018-03-25,129,572.0649,654.6472,846.3622,609.6068,1233.0191,2921.4122,3459.0429,3459.8675,3587.6437,1701.9417,970.5851
2018-03-27,129,1046.0000,970.5729,1120.3821,870.2730,1533.4146,3413.7332,3931.8616,4116.6222,4113.8830,2008.6742,1075.3433
2018-03-27,129,1039.0000,968.3875,1122.7755,870.7044,1534.0000,3390.2291,3908.4231,4100.0963,4100.8182,2009.6045,1069.5502
2018-03-30,129,-9999.0000,-9999.0000,-9999.0000,-9999.0000,-9999.0000,-9999.0000,-9999.0000,-9999.0000,-9999.0000,-9999.0000,-9999.0000
2018-03-30,129,-9999.0000,-9999.0000,-9999.0000,-9999.0000,-9999.0000,-9999.0000,-9999.0000,-9999.0000,-9999.0000,-9999.0000,-9999.0000
2018-04-01,129,414.0000,558.0712,829.2971,542.3333,1245.2629,3450.9681,4136.0000,4393.6410,4260.6125,1769.1913,961.0545
2018-04-01,129,529.9528,685.6503,877.9560,602.3218,1264.0000,3347.2962,3960.7005,4183.4523,4070.6643,1747.9523,993.0000
2018-04-06,129,80.1146,108.4051,417.0503,168.9634,833.0000,3309.0298,4110.2421,4281.8095,4203.1518,1458.5903,691.5753
2018-04-06,129,201.0000,244.5154,498.4468,250.2173,849.2399,3133.8889,3891.8712,4066.0000,4002.7273,1435.5017,669.0367
2018-04-11,129,1029.0000,966.7581,1122.7370,929.5468,1400.0000,2993.2530,3795.4680,3898.3872,3873.0000,1621.5731,1046.1284
2018-04-14,129,62.5028,168.4162,330.7586,168.3218,581.8591,2482.8907,3441.9454,3596.0445,3560.4682,1015.0000,486.5090
2018-04-14,129,148.0000,230.8303,372.9173,196.2914,613.2298,2464.0000,3400.0000,3547.8342,3516.4116,999.5000,488.9975
2018-04-16,129,-9999.0000,-9999.0000,-9999.0000,-9999.0000,-9999.0000,-9999.0000,-9999.0000,-9999.0000,-9999.0000,-9999.0000,-9999.0000
2018-04-16,129,-9999.0000,-9999.0000,-9999.0000,-9999.0000,-9999.0000,-9999.0000,-9999.0000,-9999.0000,-9999.0000,-9999.0000,-9999.0000
2018-04-19,129,138.0000,156.6292,321.3433,157.0485,573.0898,2501.7340,3466.4548,3612.0000,3619.0234,1058.8693,497.2897
2018-04-19,129,215.0000,228.3460,373.2168,197.9109,596.5153,2477.9919,3388.5350,3563.0522,3578.9234,1041.0000,476.4444
2018-04-21,129,227.0000,185.1657,361.0818,168.8599,619.5552,2741.3375,3896.0000,4138.0603,4082.9876,1188.7142,557.2219
2018-04-21,129,131.0000,262.5728,449.4851,269.4123,682.3108,2614.6129,3683.0000,3908.2282,3865.0000,1177.8156,554.6816
2018-04-24,129,664.0000,826.4249,912.5951,670.4405,1033.3623,2517.7349,3412.9435,3490.7248,3603.0000,1170.3089,602.7788
2018-04-24,129,885.0000,912.5067,982.3527,730.4642,1089.6586,2493.5000,3355.0000,3417.7279,3529.0000,1171.6446,605.7645
2018-04-26,129,320.0000,333.5889,529.7444,329.5544,803.9695,2917.9339,3893.0000,3987.7442,4102.0000,1298.8636,634.5718
2018-04-26,129,264.0000,329.3354,557.0579,374.0424,824.0000,2860.0000,3796.5820,3894.5000,4004.3758,1290.9664,629.7738
2018-04-29,129,299.0000,354.4402,524.6311,377.0569,780.5528,2494.1066,3457.5944,3539.3962,3702.0000,1170.1680,605.0528
2018-04-29,129,425.0000,444.7470,589.6674,425.3581,813.0000,2465.8112,3410.4927,3468.2000,3636.1619,1172.7757,609.5052
2018-05-04,129,984.0000,1106.0000,1180.7912,998.3197,1356.9783,2566.5525,3450.5828,3466.4581,3605.0000,1269.0000,863.0000
2018-05-04,129,1002.0000,1109.0000,1194.6738,1048.7352,1373.7535,2469.6253,3084.5472,3090.0145,3204.5860,1253.0770,870.3012
2018-05-06,129,524.0000,534.5789,706.4793,508.3289,932.9107,2550.9674,3313.2431,3356.0488,3541.9243,1218.6804,612.4537
2018-05-06,129,328.0000,402.2911,608.6847,426.3038,885.7897,2619.6098,3443.5723,3507.1473,3690.0000,1212.5790,606.0000
2018-05-09,129,568.0000,574.2265,689.0000,565.6052,917.2055,2243.8252,2946.0685,3081.8580,3242.9965,1211.0000,725.0000
2018-05-09,129,483.0000,572.3086,709.6150,593.5762,938.0000,2243.2820,2920.8841,3052.3590,3220.3922,1207.0000,724.5017
2018-05-11,129,706.0000,774.6645,941.4001,725.6304,1273.6137,3075.7456,4130.1947,4324.3158,4568.5724,1783.8856,978.3471
2018-05-11,129,763.0000,797.0000,944.0000,746.0000,1344.0000,3194.0000,4348.0000,4450.5000,4715.0000,1877.0000,1095.0000
2018-05-16,129,-9999.0000,-9999.0000,-9999.0000,-9999.0000,-9999.0000,-9999.0000,-9999.0000,-9999.0000,-9999.0000,-9999.0000,-9999.0000
2018-05-16,129,-9999.0000,-9999.0000,-9999.0000,-9999.0000,-9999.0000,-9999.0000,-9999.0000,-9999.0000,-9999.0000,-9999.0000,-9999.0000
2018-05-19,129,140.0000,198.4089,429.0971,373.9088,811.7437,2043.1641,2699.3082,2852.4683,3050.4262,1220.2321,651.3045
2018-05-19,129,302.0000,346.5129,509.9595,421.8693,841.3380,2051.4510,2658.5196,2827.7267,3000.4539,1220.3281,652.8501
2018-05-21,129,428.0000,520.7289,734.1903,620.6413,1165.1706,2515.9615,3195.4211,3449.7667,3594.3736,1587.6025,907.8735
2018-05-21,129,409.0000,526.6548,732.4855,620.7950,1163.0000,2497.8665,3170.8963,3428.5717,3555.0000,1573.4524,903.0000
2018-05-24,129,-9999.0000,-9999.0000,-9999.0000,-9999.0000,-9999.0000,-9999.0000,-9999.0000,-9999.0000,-9999.0000,-9999.0000,-9999.0000
2018-05-24,129,-9999.0000,-9999.0000,-9999.0000,-9999.0000,-9999.0000,-9999.0000,-9999.0000,-9999.0000,-9999.0000,-9999.0000,-9999.0000
2018-05-26,129,427.0000,488.3871,760.9287,665.3503,1232.0000,2386.1927,2835.8958,2970.7114,3195.7380,1587.0298,925.4113
2018-05-26,129,384.0000,486.4155,777.2557,689.7815,1229.5216,2328.6091,2796.8867,2897.4202,3139.6636,1572.1040,905.1672
2018-05-31,129,887.0000,1036.0000,1252.0000,1206.0000,1729.5723,2377.6327,2738.0000,2792.0000,2969.1333,1897.5082,1331.2502
2018-05-31,129,903.0000,1030.0000,1244.0000,1200.0000,1717.8491,2362.3820,2717.4313,2785.3683,2960.7517,1883.4963,1297.5222
2018-06-03,129,528.0000,758.7994,976.4793,1053.4006,1540.3123,2077.8136,2394.8041,2514.7032,2701.1168,1802.6368,1221.7045
2018-06-03,129,562.0000,772.3333,990.2680,1060.0923,1548.8914,2093.0000,2407.0000,2531.7219,2708.8205,1803.5313,1224.0000
2018-06-05,129,637.0764,761.1997,1045.3236,1248.4012,1773.4403,2252.0290,2500.3359,2610.4005,2850.6540,2132.0000,1419.7318
2018-06-05,129,638.0000,781.5066,1049.4808,1236.7024,1749.9449,2218.0000,2465.9563,2564.0000,2786.8240,2108.2415,1394.3423
2018-06-10,129,586.0000,820.8261,1048.0000,1364.7513,1705.1836,1947.8627,2163.0600,2250.8844,2434.5180,2370.0000,1692.8906
2018-06-10,129,468.0000,768.6432,1028.0000,1340.9820,1674.1458,1917.1675,2140.8422,2210.5811,2404.0710,2331.5052,1674.4672
2018-06-13,129,432.0000,760.0000,1020.6231,1354.0000,1649.5921,1874.9869,2108.1341,2170.4137,2371.9375,2468.0000,1813.5819
2018-06-13,129,643.0000,868.3972,1066.0000,1354.0000,1649.4522,1889.4722,2115.3672,2170.9337,2370.8204,2443.3748,1804.4208
2018-06-15,129,601.0000,812.9731,1137.9024,1593.2022,1946.9905,2237.1364,2438.6310,2550.7476,2786.2640,3126.6035,2163.9987
2018-06-15,129,611.0000,817.3840,1138.3452,1579.3468,1938.9973,2218.9229,2418.3034,2536.3652,2766.4935,3110.3400,2165.4169
2018-06-18,129,-9999.0000,-9999.0000,-9999.0000,-9999.0000,-9999.0000,-9999.0000,-9999.0000,-9999.0000,-9999.0000,-9999.0000,-9999.0000
2018-06-18,129,-9999.0000,-9999.0000,-9999.0000,-9999.0000,-9999.0000,-9999.0000,-9999.0000,-9999.0000,-9999.0000,-9999.0000,-9999.0000
2018-06-20,129,545.1922,796.6151,1080.9340,1521.1348,1858.2020,2059.3176,2300.6672,2419.0853,2611.3509,3044.5019,2131.4794
2018-06-20,129,424.0676,764.4349,1066.0000,1482.0000,1801.0000,2021.2866,2269.0648,2371.0656,2557.7373,2979.1562,2102.1286
2018-06-23,129,339.0000,722.0057,1080.8591,1595.0925,1934.0996,2179.2624,2435.1291,2717.6649,2788.8253,2979.0000,1996.0000
2018-06-23,129,558.0000,822.0000,1116.7650,1587.0357,1905.0000,2195.4988,2435.8856,2689.8926,2786.1647,2966.0000,2006.9860
2018-06-30,129,623.0000,1060.0000,1493.0620,2163.9314,2664.0000,2952.4687,3293.0198,3522.2736,3791.0000,4492.7735,3067.0000
2018-06-30,129,664.0000,1072.0000,1461.1016,2059.8661,2558.0000,2853.4332,3194.5025,3419.7696,3659.7606,4394.5441,3006.4083
2018-07-03,129,1298.0000,1510.0000,1780.0000,1942.0000,2317.0000,2743.0000,3072.0000,3077.4444,3343.0000,3220.4537,2282.4425
2018-07-03,129,1335.0000,1550.0000,1814.0000,1982.0000,2351.0000,2808.0000,3140.5021,3144.6996,3410.2856,3237.2545,2290.7004
2018-07-05,129,769.8260,1049.3701,1481.2347,2081.7774,2607.0000,2998.7938,3274.4203,3434.7615,3781.8219,4429.9015,2932.9101
2018-07-05,129,642.0000,960.0000,1440.3832,2058.7889,2586.0000,2977.3589,3260.1610,3410.0708,3755.6143,4393.2512,2909.0830
2018-07-08,129,468.0000,708.5930,957.0057,1244.5898,1489.0000,1757.0496,1926.0000,2040.8128,2156.0000,2274.6770,1609.0862
2018-07-10,129,-9999.0000,-9999.0000,-9999.0000,-9999.0000,-9999.0000,-9999.0000,-9999.0000,-9999.0000,-9999.0000,-9999.0000,-9999.0000
2018-07-13,129,328.4475,756.2521,1126.0000,1521.4747,1923.0000,2309.6744,2563.6885,2665.1012,2842.8541,3707.2938,2657.7344
2018-07-13,129,578.0000,862.2719,1150.0000,1477.1730,1865.7792,2273.7604,2535.0000,2632.6101,2813.3032,3656.0000,2630.9069
2018-07-15,129,772.0000,909.7191,1229.4436,1505.8557,1937.8722,2501.4661,2691.2581,2748.3861,3046.9960,3842.7541,2701.2018
2018-07-15,129,729.0000,917.7778,1229.2887,1498.6496,1932.8836,2482.0045,2694.3337,2739.2731,3012.6793,3819.0758,2658.0000
2018-07-18,129,567.0000,737.9112,1021.6265,1200.4670,1624.6824,2252.4290,2505.7304,2612.6867,2777.4696,3395.1822,2341.3971
2018-07-18,129,602.0000,761.2290,1028.9302,1204.9548,1626.7142,2267.7727,2508.6346,2612.1076,2797.0000,3393.0000,2347.3498
2018-07-20,129,666.0000,870.5968,1122.0000,1244.0000,1709.9040,2406.0000,2739.5918,2820.7981,3014.0000,3676.0730,2532.4499
2018-07-20,129,490.0777,792.5653,1090.0000,1229.6007,1696.6448,2393.2645,2728.1865,2794.4685,2981.4319,3617.6318,2499.1360
2018-07-23,129,-9999.0000,-9999.0000,-9999.0000,-9999.0000,-9999.0000,-9999.0000,-9999.0000,-9999.0000,-9999.0000,-9999.0000,-9999.0000
2018-07-23,129,-9999.0000,-9999.0000,-9999.0000,-9999.0000,-9999.0000,-9999.0000,-9999.0000,-9999.0000,-9999.0000,-9999.0000,-9999.0000
2018-07-25,129,598.0000,717.3351,1005.6201,1036.9836,1525.3903,2518.0000,2786.4410,2865.0173,3088.0000,3353.9544,2203.4160
2018-07-25,129,498.0000,668.5006,981.5267,1022.2204,1497.4089,2465.6210,2748.9489,2812.2996,3011.2132,3275.0312,2137.9113
2018-07-28,129,532.2263,642.1369,908.2778,857.4726,1361.6592,2435.9314,2782.0000,2787.6803,3034.4293,2980.5000,1874.1048
2018-07-28,129,512.0000,646.8583,918.3942,873.4645,1353.4727,2402.0000,2757.5757,2745.1076,2995.0000,2947.0635,1859.0057
2018-07-30,129,474.0000,658.4706,928.0000,898.1391,1441.4701,2542.2456,2931.0096,2976.0000,3195.5254,3265.2717,2070.0000
2018-07-30,129,386.0000,624.7079,916.0000,893.4470,1417.4884,2468.5683,2892.0000,2908.9185,3132.9355,3176.9100,2036.0000
2018-08-02,129,274.0000,560.6317,894.4660,853.3836,1385.3528,2489.7896,2953.4673,2940.7086,3209.9076,2912.9654,1781.4902
2018-08-02,129,412.0000,638.9230,932.0041,868.6721,1372.3139,2461.0286,2929.0000,2897.8576,3179.0000,2877.9716,1785.3608
2018-08-04,129,506.6428,612.5244,920.8191,800.8520,1396.8481,2812.0715,3140.7188,3220.2664,3434.4495,2973.5798,1758.1584
2018-08-04,129,366.0000,538.4904,890.5544,797.6662,1380.0000,2761.2957,3130.5151,3171.1329,3404.5290,2933.1396,1732.8439
2018-08-07,129,345.0000,490.4810,816.4740,713.6562,1285.4766,2627.2711,3068.0991,3066.3103,3345.0883,2730.2108,1538.0000
2018-08-07,129,386.0000,506.5653,828.4091,721.7540,1285.6076,2625.4337,3060.0840,3041.7213,3313.0000,2716.2745,1541.0000
2018-08-09,129,560.0000,704.8154,954.0827,801.6999,1381.9939,2763.2700,3274.0000,3298.3271,3563.9990,2997.4917,1741.8283
2018-08-09,129,463.0000,666.5847,935.0000,813.1707,1361.2851,2685.0000,3221.5056,3210.8671,3457.4221,2921.5340,1716.9459
2018-08-12,129,217.0000,474.4308,788.4446,704.8372,1237.0595,2528.5631,3011.4512,3084.5059,3266.7298,2704.0000,1584.0000
2018-08-12,129,363.0000,548.5717,824.6569,717.8757,1238.0000,2508.5422,2994.4634,3060.2251,3259.0000,2668.9222,1573.0990
2018-08-14,129,507.0000,609.3954,1064.3980,747.3504,1582.8968,3523.0490,4004.7820,4092.0644,4324.2219,2789.1977,1458.7376
2018-08-14,129,598.0000,632.9028,1020.0000,738.0719,1465.0000,2924.0000,3256.0000,3286.5589,3525.6259,2316.6306,1306.8199
2018-08-17,129,356.0000,449.4089,776.8188,532.1523,1200.4497,2884.3537,3365.8571,3371.2500,3564.8591,2317.7527,1235.3270
2018-08-17,129,412.0000,441.5513,781.2775,547.7143,1208.9294,2872.0000,3339.7351,3364.8814,3545.6201,2313.4655,1228.1543
2018-08-19,129,134.0000,429.5144,821.4571,571.8820,1261.5729,3157.5986,3785.0000,3817.1687,3980.0000,2524.6927,1314.6639
2018-08-19,129,342.0000,545.6824,869.4277,611.6582,1246.0454,3019.8169,3632.4417,3642.7251,3828.9643,2452.3486,1307.2470
2018-08-22,129,274.0000,477.5203,797.5803,603.8926,1160.0765,2843.0000,3432.8402,3490.9465,3625.4993,2166.0852,1187.7821
2018-08-22,129,342.0000,533.1242,825.0024,628.5186,1164.4597,2828.6058,3429.5973,3452.1797,3609.4692,2153.4444,1187.1790
2018-08-24,129,1364.0000,1224.0000,1341.6704,997.5579,1546.0000,3321.0000,3865.0977,3836.3727,4290.7630,2890.9292,1514.3962
2018-08-24,129,1199.0000,1129.4907,1324.0000,1001.3457,1573.5164,3421.0000,3968.4872,3938.2077,4419.6369,2939.1757,1516.0209
2018-08-27,129,408.0000,414.4858,711.0000,425.3373,1053.2989,2859.6789,3364.0000,3436.4287,3572.9383,2030.0000,1037.4053
2018-08-27,129,421.0000,440.9478,724.4933,430.0752,1060.7432,2844.0212,3356.5047,3427.9566,3566.0000,2030.0950,1040.5725
2018-08-29,129,579.0000,741.1373,1001.8029,700.8734,1272.3035,2916.0520,3467.0000,3609.1677,3674.8173,2186.8140,1170.8712
2018-08-29,129,416.0000,677.7297,973.7733,709.3467,1262.3084,2858.9573,3429.1368,3536.6250,3604.0062,2172.8762,1160.0000
2018-09-01,129,520.0000,644.7460,926.5127,621.5040,1345.5789,3431.5848,4137.4321,4101.3012,4389.1559,2214.0000,1138.8053
2018-09-01,129,552.0000,694.0000,954.2598,637.0000,1353.5030,3400.0000,4068.0936,4064.0000,4328.5995,2197.0000,1119.0000
2018-09-03,129,853.0000,924.8706,1190.0000,769.8208,1626.9050,3412.0000,3888.0000,3912.0000,4199.0000,2713.0981,1345.0000
2018-09-03,129,-9999.0000,-9999.0000,-9999.0000,-9999.0000,-9999.0000,-9999.0000,-9999.0000,-9999.0000,-9999.0000,-9999.0000,-9999.0000
2018-09-06,129,330.0000,425.4431,842.2627,618.6923,1369.0000,3399.5749,3973.4729,3945.0571,4168.5259,2281.0939,1234.0000
2018-09-06,129,706.7670,701.6465,969.3871,699.6667,1377.5015,3243.7454,3789.9891,3767.0493,4004.0439,2237.0000,1199.0000
2018-09-08,129,91.0000,333.9279,721.9268,435.9941,1158.0292,3189.5040,3842.9490,3862.7763,4036.9180,2175.0000,1080.9718
2018-09-08,129,198.0000,386.1159,741.2706,451.8906,1154.0019,3130.1458,3734.7943,3751.4985,3944.3627,2155.6360,1090.8946
2018-09-16,129,204.0082,433.2297,753.3061,825.5000,1280.0000,2499.1717,2897.1002,2886.4750,3238.9422,2652.9984,1532.3239
2018-09-16,129,601.0000,637.4333,837.7283,838.0129,1289.1484,2473.6844,2891.8228,2870.7463,3206.1421,2626.0000,1533.5221
2018-09-18,129,192.0000,525.7945,869.0365,901.2546,1414.9136,2572.6336,3027.0000,3015.3507,3315.6791,2792.0000,1754.8409
2018-09-18,129,359.0000,605.3914,905.5039,913.9656,1393.6590,2474.2583,2932.0000,2938.7169,3203.9524,2735.0000,1706.9546
2018-09-21,129,481.0058,601.7154,825.9501,795.7919,1237.2544,2224.0129,2630.3896,2633.9123,2940.5224,2524.3901,1638.4973
2018-09-21,129,434.0000,580.9148,830.0000,811.3523,1240.5811,2229.0000,2601.1327,2610.2592,2911.0000,2514.0208,1627.4618
2018-09-23,129,-9999.0000,-9999.0000,-9999.0000,-9999.0000,-9999.0000,-9999.0000,-9999.0000,-9999.0000,-9999.0000,-9999.0000,-9999.0000
2018-09-23,129,-9999.0000,-9999.0000,-9999.0000,-9999.0000,-9999.0000,-9999.0000,-9999.0000,-9999.0000,-9999.0000,-9999.0000,-9999.0000
2018-09-26,129,498.0000,521.6003,773.1902,738.6859,1196.3783,2252.0000,2605.0000,2765.5000,2934.4836,2421.9436,1546.8052
2018-09-26,129,559.0000,553.8732,794.0924,747.5807,1192.7640,2265.5179,2568.0000,2776.8478,2898.6603,2428.8714,1540.2390
2018-09-28,129,286.0000,490.8625,803.3210,803.3205,1291.2509,2324.2729,2688.0000,2809.9500,3013.0000,2675.9507,1731.1054
2018-09-28,129,481.0000,570.9450,827.3699,804.5104,1281.1157,2308.8360,2689.5245,2774.0000,2984.0000,2649.9514,1719.9376
2018-10-03,129,292.0000,441.2790,825.9023,772.5295,1349.7429,2461.0000,2762.5737,2902.4209,3066.2278,2545.9044,1628.8131
2018-10-03,129,566.0000,569.4697,865.7027,772.1605,1336.4859,2441.2956,2771.8444,2903.6640,3021.5000,2517.4292,1595.2779
2018-10-08,129,497.0000,674.6603,1080.0000,963.0700,1665.3961,2947.9310,3429.4185,3524.8826,3718.0000,3004.0000,2085.0372
2018-10-08,129,712.0000,849.4459,1166.0000,1020.5739,1654.5000,2809.9461,3262.9447,3348.4061,3550.9086,2921.4608,2048.5192
2018-10-11,129,479.0000,633.2379,837.5797,905.7916,1330.6086,1974.0000,2149.0121,2235.5104,2339.5692,2730.0000,2058.3997
2018-10-11,129,441.0128,601.2046,814.0000,898.4325,1322.6561,2011.5289,2173.0286,2267.0440,2355.3224,2753.8321,2050.8168
2018-10-11,129,645.0000,789.2316,941.6318,956.7007,1385.4112,2021.0000,2219.1192,2284.1630,2390.0000,2731.0000,2058.9350
2018-10-11,129,684.0000,757.9817,924.0000,956.0365,1387.0000,2025.1796,2221.5193,2290.2757,2404.6824,2748.6634,2060.0372
2018-10-13,129,715.0000,857.8932,1099.3632,1402.8808,1736.3089,2268.0000,2474.0000,2611.1901,2703.0000,3387.9729,2507.4786
2018-10-13,129,655.0000,811.9016,1082.5767,1417.8684,1770.2467,2334.0000,2491.8699,2626.5322,2715.5772,3396.4808,2517.1567
2018-10-18,129,596.0000,845.8594,1021.4175,1282.0000,1600.6000,1948.5942,2123.6543,2164.1427,2341.5903,2996.7564,2413.1880
2018-10-18,129,672.0000,893.6768,1044.8460,1276.4778,1582.0000,1913.0664,2093.3520,2128.7330,2291.6909,2941.5024,2362.3378
2018-10-21,129,677.0378,797.3699,893.6055,931.5872,1114.4133,1226.8755,1284.6811,1282.4524,1323.5231,1207.0011,930.5386
2018-10-21,129,697.0011,817.7420,865.9210,884.8582,1071.0000,1211.3697,1293.0000,1283.9641,1306.7792,1145.0457,889.8261
2018-10-23,129,611.0000,731.6256,1041.5224,1347.6713,1673.0000,2364.0000,2610.0000,2780.0000,2844.0000,3338.1910,2582.0000
2018-10-23,129,756.0000,876.0092,1124.2722,1353.3333,1637.5740,2266.5170,2498.9495,2658.0438,2746.0000,3230.0263,2542.6985
2018-10-31,129,395.0000,624.6901,841.9694,1021.5035,1362.5697,1797.3817,1979.5897,2035.7541,2185.6413,2565.7467,1981.0000
2018-10-31,129,455.0000,665.3356,862.3398,1024.6667,1363.0000,1804.1786,1982.7333,2033.7678,2178.0537,2560.2011,1973.0000
2018-11-05,129,-9999.0000,-9999.0000,-9999.0000,-9999.0000,-9999.0000,-9999.0000,-9999.0000,-9999.0000,-9999.0000,-9999.0000,-9999.0000
2018-11-05,129,-9999.0000,-9999.0000,-9999.0000,-9999.0000,-9999.0000,-9999.0000,-9999.0000,-9999.0000,-9999.0000,-9999.0000,-9999.0000
2018-11-12,129,1185.2875,1142.0000,1329.6208,1300.4951,1821.0000,2535.8632,2677.0000,2643.0154,2866.8436,3160.6638,2282.3510
2018-11-12,129,1015.0000,932.0000,1136.0000,1080.0000,1618.0000,2471.0000,2547.0000,2450.0000,2861.0000,2951.0000,2081.0000
2018-11-15,129,510.0000,668.4960,936.9457,960.9485,1401.6045,2067.1256,2229.4603,2307.6412,2410.3472,2653.0000,1938.4926
2018-11-15,129,567.0000,697.9691,953.8785,962.0508,1394.0000,2059.5859,2202.0896,2281.5462,2394.9644,2649.4290,1938.2320
2018-11-17,129,246.0000,509.8050,770.1036,893.0744,1380.2684,2393.0000,2601.0000,2870.7044,2821.9186,3001.0000,2324.2993
2018-11-17,129,560.0000,754.5214,931.0871,979.3144,1403.5141,2235.0382,2445.0234,2688.5989,2615.0000,2872.0000,2258.6525
2018-12-05,129,-9999.0000,-9999.0000,-9999.0000,-9999.0000,-9999.0000,-9999.0000,-9999.0000,-9999.0000,-9999.0000,-9999.0000,-9999.0000
2018-12-07,129,629.0000,908.2878,1084.0000,1145.4192,1526.6646,2050.7520,2242.9416,2298.5000,2397.2144,2252.0000,1586.0000
2018-12-12,129,241.0000,446.1684,729.4260,929.7597,1337.0000,1891.3473,2066.1414,2283.8341,2274.0000,2644.5568,1853.6227
2018-12-12,129,407.0000,564.2349,803.0000,945.2499,1331.0000,1838.0018,2003.6510,2219.7320,2218.9533,2522.4023,1792.0000
2018-12-15,129,431.0000,620.3877,828.5000,969.7116,1336.0000,1761.2423,1917.3718,2106.0337,2116.2260,2643.4408,1920.0000
2018-12-15,129,366.0000,560.2808,783.0000,937.5100,1328.0000,1786.2355,1941.2560,2137.1780,2162.0680,2666.4207,1931.0000
2018-12-27,129,874.0000,998.8409,1040.8117,1059.4105,1332.1832,1643.7287,1740.0000,1865.2802,1833.0970,1768.7005,1381.6990
2018-12-30,129,319.0000,558.8733,704.5956,822.4361,1186.4512,1550.0000,1683.0097,1859.8198,1890.8699,1802.0000,1217.0000
2018-12-30,129,360.0000,580.4346,722.0000,828.2919,1204.0000,1569.0000,1709.9975,1865.5588,1924.7639,1808.5889,1224.8053
2019-01-01,129,938.0000,968.6314,1249.6287,1427.2450,1899.2762,2436.1739,2622.0000,2801.2982,2885.0000,3542.1944,2684.0000
2019-01-04,129,-9999.0000,-9999.0000,-9999.0000,-9999.0000,-9999.0000,-9999.0000,-9999.0000,-9999.0000,-9999.0000,-9999.0000,-9999.0000
2019-01-04,129,-9999.0000,-9999.0000,-9999.0000,-9999.0000,-9999.0000,-9999.0000,-9999.0000,-9999.0000,-9999.0000,-9999.0000,-9999.0000
2019-01-06,129,443.0000,741.0000,932.2500,1092.6643,1444.0000,1779.0000,1929.5631,2138.4008,2142.0000,2908.2044,2251.5826
2019-01-06,129,560.0000,802.3340,962.2754,1096.5894,1418.5000,1740.7412,1877.4716,2090.5567,2091.8484,2812.2091,2197.3701
2019-01-11,129,462.0000,640.4820,858.1226,1136.1457,1530.0000,1919.0000,2063.0000,2265.7729,2274.8266,3106.9043,2382.7033
2019-01-11,129,626.0000,756.2769,924.5603,1157.5881,1506.5288,1854.0000,1996.9933,2193.6434,2218.0000,3020.9989,2322.3837
2019-01-14,129,597.0000,748.6339,934.7432,1130.0000,1458.5031,1737.1444,1876.0000,2067.3942,2077.0000,2835.0968,2174.5191
2019-01-14,129,550.0000,708.4641,904.0000,1118.0000,1468.2859,1767.0000,1898.0000,2091.5386,2110.0000,2859.7202,2182.8121
2019-01-16,129,524.3898,850.3367,1041.4154,1264.9183,1646.4132,1945.0000,2123.7311,2322.6284,2329.0074,3145.9416,2515.0000
2019-01-16,129,448.0000,784.6570,1001.6667,1245.3097,1634.0000,1946.4828,2129.4907,2340.0889,2347.4990,3153.4978,2490.1724
2019-01-21,129,1266.0000,1284.0000,1452.0000,1600.0000,1853.0000,2042.0000,2101.0000,2296.0000,2269.0000,2220.0000,1788.3803
2019-01-24,129,756.0000,908.3675,1072.0000,1288.5868,1637.0000,1965.0000,2094.0000,2315.1750,2317.8245,2784.6295,2032.0000
2019-01-24,129,806.0000,936.4907,1084.0000,1289.3049,1640.0000,1966.4246,2104.7708,2314.5397,2311.0000,2785.7487,2032.9885
2019-01-29,129,-9999.0000,-9999.0000,-9999.0000,-9999.0000,-9999.0000,-9999.0000,-9999.0000,-9999.0000,-9999.0000,-9999.0000,-9999.0000
2019-01-29,129,-9999.0000,-9999.0000,-9999.0000,-9999.0000,-9999.0000,-9999.0000,-9999.0000,-9999.0000,-9999.0000,-9999.0000,-9999.0000
2019-01-31,129,615.0000,744.0000,962.1087,1256.2188,1670.4827,2009.3803,2172.4506,2394.7378,2426.9154,3436.7087,2638.8333
2019-01-31,129,601.0000,722.3648,941.4341,1241.1933,1656.2696,1994.7038,2163.8376,2402.7948,2428.0497,3402.2669,2621.1592
2019-02-03,129,-9999.0000,-9999.0000,-9999.0000,-9999.0000,-9999.0000,-9999.0000,-9999.0000,-9999.0000,-9999.0000,-9999.0000,-9999.0000
2019-02-05,129,203.0000,526.6597,768.4219,1049.5226,1469.0000,1926.0000,2080.0000,2338.1125,2300.3961,3067.6638,2349.7281
2019-02-05,129,350.0000,610.3560,824.3532,1060.8443,1462.3818,1893.0294,2045.6251,2290.0700,2226.8654,3026.5672,2298.1889
2019-02-08,129,366.0000,620.9297,809.8576,1072.5086,1461.0000,1812.0000,1996.0012,2196.5248,2232.7361,2891.4644,2365.5504
2019-02-08,129,492.3283,716.2573,865.6699,1089.3914,1459.0000,1801.2395,1973.0840,2180.3351,2197.1756,2852.1031,2323.1844
2019-02-13,129,182.0096,420.5010,714.2551,990.0839,1388.0000,1828.3842,1994.1384,2141.0250,2211.2336,2920.7617,2197.0487
2019-02-13,129,373.0000,550.3181,794.2485,1021.7325,1390.5268,1804.6626,1946.7411,2123.3087,2173.0000,2890.1675,2180.2531
2019-02-15,129,424.0000,701.4917,937.0208,1219.5178,1676.8159,2083.1442,2282.7299,2554.6780,2543.0000,3299.6805,2578.8684
2019-02-15,129,523.0000,773.9346,978.1690,1220.5810,1646.4940,2028.0602,2218.5224,2490.5812,2490.0000,3227.4453,2515.2847
2019-02-18,129,-9999.0000,-9999.0000,-9999.0000,-9999.0000,-9999.0000,-9999.0000,-9999.0000,-9999.0000,-9999.0000,-9999.0000,-9999.0000
2019-02-18,129,1733.0000,1762.0000,1844.0000,1924.0000,2144.0000,2463.0000,2647.0000,2986.0000,2836.0000,2848.0000,2084.0000
2019-02-23,129,347.0000,537.2753,781.5735,957.1444,1281.6434,1646.3880,1776.0000,2003.3320,1955.0000,2301.7075,1800.9535
2019-02-23,129,336.0000,524.0195,774.7577,953.0659,1276.0000,1652.0000,1789.6723,2018.4820,1970.0000,2317.0000,1813.0924
2019-02-25,129,528.0561,746.7049,954.6290,1171.5216,1596.9976,2030.6439,2235.4675,2450.6446,2475.5000,3076.3468,2498.3060
2019-02-25,129,552.0000,779.6557,963.3135,1180.0027,1573.0000,1993.1759,2196.4569,2416.3809,2438.0000,3034.6202,2450.5000
2019-02-28,129,369.0000,610.2872,830.3506,1081.0634,1374.0000,1773.4816,1955.2227,2164.3716,2190.4245,2994.0193,2401.3351
2019-02-28,129,338.0000,586.4921,809.6178,1064.2888,1372.5975,1780.0140,1963.1720,2163.4090,2202.2144,3013.0178,2403.5043
2019-03-02,129,913.0000,1010.2134,1210.0000,1428.3357,1795.0000,2128.3807,2284.9482,2458.7538,2523.6919,3187.4075,2404.0000
2019-03-02,129,1023.0000,1080.0000,1238.0000,1416.5426,1747.0000,2089.5052,2233.7932,2388.5952,2444.0889,3098.8425,2357.2913
2019-03-05,129,-9999.0000,-9999.0000,-9999.0000,-9999.0000,-9999.0000,-9999.0000,-9999.0000,-9999.0000,-9999.0000,-9999.0000,-9999.0000
2019-03-05,129,-9999.0000,-9999.0000,-9999.0000,-9999.0000,-9999.0000,-9999.0000,-9999.0000,-9999.0000,-9999.0000,-9999.0000,-9999.0000
2019-03-12,129,486.0000,637.9033,908.8913,1138.0000,1528.9821,2101.0000,2268.5036,2522.5070,2507.3264,3109.0000,2397.6628
2019-03-12,129,468.9602,621.6781,901.1871,1130.2643,1528.0000,2093.1667,2259.2125,2507.8197,2507.8299,3072.0178,2378.5403
2019-03-15,129,586.0000,729.5466,961.8072,1140.5954,1550.5471,2032.0000,2224.7682,2378.2292,2451.4900,2965.9001,2254.1379
2019-03-15,129,571.0000,721.6250,953.3540,1140.6714,1562.9092,2049.3344,2243.6718,2403.2898,2483.0917,2973.0938,2266.3614
2019-03-20,129,499.0000,717.1754,945.0000,1114.0000,1512.0426,2114.2554,2317.3470,2541.7880,2529.7559,2877.7069,2315.7836
2019-03-20,129,533.0000,741.6970,961.3748,1121.4678,1516.2754,2121.8991,2323.0000,2546.0000,2539.6175,2873.0000,2323.2944
2019-03-22,129,573.0000,710.1563,1011.2586,1217.7500,1667.0000,2389.4816,2571.7757,2787.2044,2802.2930,3189.0647,2435.9074
2019-03-22,129,601.0000,734.0441,1025.3505,1201.0261,1644.5455,2355.9671,2547.8885,2764.4415,2773.3495,3149.5065,2427.4810
2019-03-25,129,873.0000,961.2473,1129.5365,1204.2017,1618.7873,2245.2522,2444.3547,2556.1007,2660.5376,2876.1239,2185.9951
2019-03-25,129,829.0000,930.1657,1121.1028,1212.0000,1650.0429,2285.6272,2482.6320,2608.8449,2714.1182,2901.5143,2197.3232
2019-03-27,129,-9999.0000,-9999.0000,-9999.0000,-9999.0000,-9999.0000,-9999.0000,-9999.0000,-9999.0000,-9999.0000,-9999.0000,-9999.0000
2019-03-27,129,-9999.0000,-9999.0000,-9999.0000,-9999.0000,-9999.0000,-9999.0000,-9999.0000,-9999.0000,-9999.0000,-9999.0000,-9999.0000
2019-03-30,129,698.6719,795.8045,994.9860,1106.8122,1530.4161,2354.1340,2548.2939,2737.0066,2701.6649,2573.0000,1986.5876
2019-03-30,129,734.0000,827.0329,1019.0389,1114.0140,1517.7376,2329.0000,2533.9028,2718.0000,2685.9184,2553.4973,1980.8794
2019-04-01,129,695.0000,811.1284,1076.3286,1186.5435,1706.3728,2847.0000,3076.1230,3251.9925,3244.7459,3130.8800,2267.5649
2019-04-01,129,733.3749,827.1106,1084.0000,1187.3298,1691.2822,2810.0000,2996.1442,3187.0534,3195.8775,3091.6839,2243.0000
2019-04-06,129,755.0000,949.9297,1216.0000,1219.1996,1908.8982,2943.0000,3273.7993,3401.0611,3425.4818,2957.0525,2042.2512
2019-04-06,129,898.0000,1065.4750,1322.0000,1315.0899,1955.0000,2957.2197,3277.6935,3401.3431,3382.7253,2864.0000,1995.7174
2019-04-16,129,579.0000,754.9027,1011.9452,1000.7514,1633.3836,3113.4524,3438.0000,3624.3098,3611.8635,2783.0000,1923.9606
2019-04-16,129,659.0000,803.0382,1034.7026,1016.3275,1611.0117,3027.3454,3339.4053,3507.9570,3500.1398,2761.0000,1907.5315
2019-04-19,129,416.0000,619.1802,908.0830,902.6896,1562.7978,2948.5322,3280.5361,3483.2442,3502.0020,2582.0219,1802.8764
2019-04-19,129,488.0000,658.9215,932.0539,905.3627,1554.8103,2911.0000,3244.5099,3450.8117,3437.0253,2564.2020,1813.0799
2019-04-21,129,1023.0000,1108.1727,1451.2727,1414.1195,2153.9882,3528.0000,3804.8638,4036.5642,4002.2820,3026.2218,2121.6708
2019-04-21,129,1083.0000,1147.0981,1450.4926,1404.7271,2074.3867,3353.5647,3641.4369,3868.0849,3850.4317,2946.5427,2091.5187
2019-04-24,129,-9999.0000,-9999.0000,-9999.0000,-9999.0000,-9999.0000,-9999.0000,-9999.0000,-9999.0000,-9999.0000,-9999.0000,-9999.0000
2019-05-01,129,617.5756,761.7503,1068.6644,1162.2153,1764.3899,2627.9236,2842.7205,2972.7047,3050.4313,2925.2035,1971.0064
2019-05-01,129,644.9828,769.2320,1064.2249,1146.6009,1737.3953,2581.0000,2789.0000,2931.5754,3026.0222,2862.0626,1955.5361
2019-05-06,129,640.0000,922.7588,1249.3099,1453.1691,2155.8930,3059.0086,3401.0076,3716.7157,3747.0000,2870.7582,2029.0765
2019-05-06,129,660.7451,929.4246,1249.7015,1457.0936,2164.4284,3051.5000,3426.3539,3702.5028,3756.0000,2888.1491,2019.5183
2019-05-09,129,-9999.0000,-9999.0000,-9999.0000,-9999.0000,-9999.0000,-9999.0000,-9999.0000,-9999.0000,-9999.0000,-9999.0000,-9999.0000
2019-05-16,129,-9999.0000,-9999.0000,-9999.0000,-9999.0000,-9999.0000,-9999.0000,-9999.0000,-9999.0000,-9999.0000,-9999.0000,-9999.0000
2019-05-16,129,-9999.0000,-9999.0000,-9999.0000,-9999.0000,-9999.0000,-9999.0000,-9999.0000,-9999.0000,-9999.0000,-9999.0000,-9999.0000
2019-05-24,129,530.9687,731.0797,1062.1486,1224.2469,1753.9031,2245.6572,2444.6165,2555.9018,2737.0160,3254.3712,2488.5776
2019-05-24,129,650.0000,809.6734,1082.8428,1207.6085,1698.9943,2189.0000,2395.0138,2515.9558,2668.3347,3155.5545,2436.7696
2019-05-26,129,889.0000,1122.5299,1386.5502,1510.6829,2043.0000,2522.2714,2761.4898,2922.8972,3012.5490,3387.2442,2691.5706
2019-05-31,129,455.0000,587.9299,964.4727,923.7828,1644.0000,2439.3694,2645.5195,2825.9275,2882.0000,2343.2112,1672.0473
2019-05-31,129,595.0000,669.9487,997.4147,939.4419,1599.0000,2377.0000,2539.0000,2722.0000,2801.0000,2330.0000,1614.0000
2019-06-03,129,661.1080,834.3519,1155.0501,1256.4075,1780.7418,2245.5779,2472.0803,2551.7509,2738.2433,3323.3603,2538.0000
2019-06-03,129,751.0000,890.9189,1163.2037,1235.8382,1740.0612,2218.6863,2410.2754,2502.3351,2685.4400,3253.4767,2494.0074
2019-06-05,129,-9999.0000,-9999.0000,-9999.0000,-9999.0000,-9999.0000,-9999.0000,-9999.0000,-9999.0000,-9999.0000,-9999.0000,-9999.0000
2019-06-05,129,-9999.0000,-9999.0000,-9999.0000,-9999.0000,-9999.0000,-9999.0000,-9999.0000,-9999.0000,-9999.0000,-9999.0000,-9999.0000
2019-06-13,129,756.0000,923.2626,1250.7630,1451.0000,1891.6019,2382.9014,2582.0000,2713.3333,2853.5309,3443.1284,2737.6361
2019-06-13,129,757.0000,940.4862,1251.7210,1440.0000,1892.8492,2373.3723,2576.0000,2718.0000,2849.4487,3442.8680,2728.6910
2019-06-15,129,-9999.0000,-9999.0000,-9999.0000,-9999.0000,-9999.0000,-9999.0000,-9999.0000,-9999.0000,-9999.0000,-9999.0000,-9999.0000
2019-06-15,129,-9999.0000,-9999.0000,-9999.0000,-9999.0000,-9999.0000,-9999.0000,-9999.0000,-9999.0000,-9999.0000,-9999.0000,-9999.0000
2019-06-18,129,651.0000,963.6610,1211.2783,1577.5231,1881.9854,2088.4106,2321.5073,2482.9308,2661.0335,3720.8254,3155.2671
2019-06-18,129,719.0000,995.9591,1218.5836,1540.4669,1837.3979,2050.0000,2296.0000,2442.7264,2610.0500,3658.7642,3116.7149
2019-06-20,129,1026.0000,1153.0466,1411.0133,1770.8175,2100.0000,2346.2859,2540.0000,2659.7358,2898.0777,4179.9085,3339.2369
2019-06-20,129,1046.0000,1164.8444,1403.4000,1754.8612,2096.0000,2336.5267,2531.0000,2624.8390,2882.5223,4164.8214,3339.0878
2019-06-23,129,740.0000,901.1768,1157.4839,1488.7971,1820.7883,2061.5538,2263.0000,2333.5487,2534.7229,3634.6290,2881.1297
2019-06-23,129,708.0000,897.3202,1162.0000,1524.0615,1842.0000,2080.4266,2293.0000,2371.2690,2577.7921,3679.0000,2891.0346
2019-06-25,129,971.0000,1172.4563,1392.6147,1731.1221,2073.0000,2246.1648,2490.7499,2610.2854,2790.0000,4226.0000,3620.9899
2019-06-25,129,997.7731,1188.0000,1388.8491,1705.6281,2029.1867,2209.0603,2467.6222,2562.0000,2745.2577,4189.8135,3580.9845
2019-06-28,129,746.6798,973.4525,1240.5629,1561.2570,1869.9991,2073.7962,2305.1938,2435.6439,2604.9784,3923.0106,3353.1900
2019-06-28,129,817.0000,1018.0064,1253.1922,1513.1254,1825.2251,2043.0381,2276.3411,2387.8418,2552.1271,3851.3989,3314.5182
2019-06-30,129,918.0000,1064.6807,1394.9802,1714.1447,2069.6949,2362.3443,2553.6892,2787.0636,2897.5130,4243.6662,3450.5798
2019-06-30,129,926.1649,1078.0000,1388.0000,1698.5476,2067.0000,2357.9950,2557.2981,2778.4885,2883.6643,4218.6709,3443.0000
2019-07-03,129,711.0000,885.1768,1228.3200,1474.6866,1888.7141,2251.5060,2483.0832,2584.3861,2818.7029,4019.9301,3213.9750
2019-07-03,129,843.0000,969.8367,1236.0834,1434.1282,1800.9426,2170.2778,2392.0000,2491.1560,2716.9446,3882.9177,3129.1434
2019-07-05,129,830.0000,1025.2196,1304.9038,1524.0014,1937.8176,2378.4573,2642.4782,2790.4963,2939.3821,4211.4255,3466.8094
2019-07-05,129,861.0000,1040.4363,1309.1626,1498.5022,1916.0000,2354.8507,2611.6638,2754.8521,2908.0355,4188.0000,3444.1208
2019-07-08,129,1148.1554,1265.5661,1466.0000,1568.8870,1941.1785,2482.1030,2739.8617,2811.0535,2962.1315,3409.0000,2794.8746
2019-07-10,129,758.0000,805.6277,1120.9659,1281.7619,1763.0497,2516.3407,2778.4093,2948.7606,3083.4615,3939.7012,3045.6501
2019-07-10,129,809.0000,849.7238,1145.2286,1274.5775,1748.5575,2483.6299,2728.3816,2884.8816,3020.5825,3896.4317,3030.7339
2019-07-13,129,769.3595,796.7360,1056.6664,1123.1447,1587.0000,2436.1691,2710.4319,2810.5456,2994.6197,3612.0000,2711.0000
2019-07-13,129,899.0000,912.9277,1104.9990,1130.4464,1566.0000,2357.5805,2619.2683,2726.3947,2898.7063,3495.3658,2652.2974
2019-07-20,129,713.0000,721.4791,1012.1358,970.0121,1471.0000,2667.3649,3065.0236,3127.7062,3284.6146,3496.1574,2499.0000
2019-07-20,129,800.0000,756.8369,1028.9719,971.2431,1470.0000,2676.5098,3011.4762,3062.3498,3275.0000,3432.8453,2441.0000
2019-07-23,129,504.2518,524.3704,826.4613,780.2837,1243.6835,2427.9157,2857.3256,2904.3877,3112.1812,3077.2545,2113.4983
2019-07-23,129,606.0000,596.7050,853.6532,802.4571,1242.4785,2396.5797,2809.8613,2840.8766,3048.2970,3019.9226,2052.0000
2019-07-25,129,718.0000,769.5941,1009.1594,867.5222,1348.2912,2545.9314,3094.3726,3128.3341,3316.6836,3195.5399,2220.0000
2019-07-25,129,766.8594,770.3071,1009.1986,867.6719,1363.5884,2563.6967,3112.5803,3144.1140,3357.0000,3193.0000,2229.2212
2019-07-30,129,395.0000,379.9123,773.3887,569.1244,1156.3745,2944.2374,3479.8419,3511.3106,3718.8380,2946.4788,1862.0000
2019-07-30,129,605.0000,545.7375,849.1254,642.9345,1170.5629,2817.5597,3321.7230,3319.5197,3559.2218,2940.0000,1859.7134
2019-08-04,129,277.0000,387.0120,667.7269,418.9485,919.4929,2644.8385,3331.9081,3463.8092,3465.0000,2155.6840,1207.9278
2019-08-04,129,487.0000,536.6563,755.7800,508.0099,962.5580,2508.2915,3143.0000,3299.8371,3320.3975,2181.0000,1223.6543
2019-08-09,129,345.6651,357.4554,669.3010,418.8424,963.9307,3046.1286,3900.4067,3905.5625,4120.0000,2503.1934,1357.7220
2019-08-09,129,465.0000,437.1048,717.1630,467.2732,979.7872,2969.5856,3787.8206,3770.6698,4003.0000,2464.0000,1341.0000
2019-08-12,129,-9999.0000,-9999.0000,-9999.0000,-9999.0000,-9999.0000,-9999.0000,-9999.0000,-9999.0000,-9999.0000,-9999.0000,-9999.0000
2019-08-14,129,290.2809,385.3367,621.3570,387.7260,849.5303,2812.7868,3810.2546,3900.2311,4037.0479,2203.3470,1125.1402
2019-08-14,129,376.0000,437.5390,657.4254,413.0390,868.9774,2758.0000,3721.9774,3843.0322,3947.6918,2186.0000,1131.2459
2019-08-17,129,189.3972,289.8412,549.4625,333.3492,795.1809,2710.0000,3651.0000,3771.9983,3915.1220,2021.0000,1014.3267
2019-08-17,129,264.0000,349.4121,585.5625,361.8372,811.6378,2689.0000,3604.1922,3705.3757,3845.6355,1996.9798,1029.3644
2019-08-19,129,459.0000,385.5998,705.9198,499.5925,1011.1361,3185.8524,4003.4411,4050.1118,4275.1090,2266.0000,1204.0000
2019-08-19,129,616.3152,545.3943,797.3824,577.4883,1043.3969,3004.9995,3771.5896,3841.5604,4059.3181,2230.0000,1186.6839
2019-08-24,129,1271.0000,1388.0000,1384.0000,1230.0000,1586.0000,2799.0000,3546.0000,3618.0000,3750.0000,3153.0000,2152.0000
2019-08-24,129,1154.0000,1206.0000,1278.0000,1084.0000,1505.0000,3024.6196,3967.0000,3933.3244,4188.0000,2853.0000,1794.0000
2019-08-27,129,368.4283,458.4424,633.5295,433.3387,828.1509,2488.1454,3364.0000,3405.4655,3657.0000,1931.7463,998.3114
2019-08-27,129,422.0000,490.5805,653.7326,441.3436,836.2237,2486.1985,3370.5416,3394.1497,3640.8040,1924.2859,1016.1537
2019-08-29,129,600.4838,594.3254,793.5023,557.4473,982.0033,2805.6257,3529.6711,3549.5867,3873.7089,2132.0467,1075.7317
2019-08-29,129,404.9847,409.4850,674.1400,443.1865,915.1608,2977.6259,3772.3570,3793.6561,4124.4541,2171.8081,1078.0000
2019-09-01,129,433.2220,482.4774,701.3560,513.4475,950.2136,2629.0000,3439.0000,3477.0036,3821.0011,2073.4773,1065.2633
2019-09-01,129,463.0000,492.6349,705.8257,513.5564,938.8164,2637.3307,3435.3537,3490.2239,3818.8291,2074.9889,1060.7164
2019-09-03,129,188.0000,328.4820,597.1009,353.4911,850.9253,2950.4852,3954.9551,4059.3962,4172.1165,2091.4555,1020.1668
2019-09-03,129,280.9828,400.7665,644.8011,397.7942,866.4230,2897.0505,3827.7407,3955.5817,4091.3088,2077.0000,1018.5328
2019-09-11,129,335.0000,396.8788,644.7299,425.6009,882.2206,2790.0000,3521.4291,3666.6315,3802.5424,1881.0000,901.3105
2019-09-11,129,367.0000,414.6955,654.4893,426.0784,889.7704,2780.4180,3532.9892,3682.8524,3805.5044,1881.2736,907.3513
2019-09-13,129,202.0000,326.6261,605.1370,365.1699,858.2159,2899.2952,3819.7268,3914.2094,4053.8464,2029.5296,1012.2271
2019-09-13,129,249.0000,362.5546,624.9641,385.0934,866.5929,2868.2358,3754.2102,3872.9118,4008.0000,2012.9111,996.6255
2019-09-16,129,281.4309,409.5875,644.7954,421.4867,866.7809,2716.1810,3585.0000,3651.3166,3828.9723,1858.8473,956.6294
2019-09-16,129,331.0000,437.3868,661.4085,429.5093,874.9897,2716.9440,3581.4234,3627.3863,3809.1854,1851.9887,945.4498
2019-09-18,129,-9999.0000,-9999.0000,-9999.0000,-9999.0000,-9999.0000,-9999.0000,-9999.0000,-9999.0000,-9999.0000,-9999.0000,-9999.0000
2019-09-18,129,-9999.0000,-9999.0000,-9999.0000,-9999.0000,-9999.0000,-9999.0000,-9999.0000,-9999.0000,-9999.0000,-9999.0000,-9999.0000
2019-09-21,129,162.3467,253.7224,524.9910,355.7528,812.1865,2707.7724,3523.0000,3780.6490,3827.7017,1855.0000,930.8833
2019-09-21,129,254.0000,317.2870,565.2737,385.4258,833.8982,2694.0000,3488.0380,3722.4212,3782.9374,1841.7929,929.9424
2019-09-28,129,1244.0000,1126.0000,1268.0000,962.4833,1413.6745,2930.1581,3468.1111,3489.8180,3786.0660,2110.4503,1034.2934
2019-09-28,129,1204.0000,1096.0000,1244.0000,946.1947,1358.3341,2885.1433,3428.2730,3474.0216,3782.5495,2080.0000,1002.9980
2019-10-01,129,-9999.0000,-9999.0000,-9999.0000,-9999.0000,-9999.0000,-9999.0000,-9999.0000,-9999.0000,-9999.0000,-9999.0000,-9999.0000
2019-10-01,129,-9999.0000,-9999.0000,-9999.0000,-9999.0000,-9999.0000,-9999.0000,-9999.0000,-9999.0000,-9999.0000,-9999.0000,-9999.0000
2019-10-08,129,-9999.0000,-9999.0000,-9999.0000,-9999.0000,-9999.0000,-9999.0000,-9999.0000,-9999.0000,-9999.0000,-9999.0000,-9999.0000
2019-10-08,129,-9999.0000,-9999.0000,-9999.0000,-9999.0000,-9999.0000,-9999.0000,-9999.0000,-9999.0000,-9999.0000,-9999.0000,-9999.0000
2019-10-11,129,421.0000,597.9786,838.2462,1001.1905,1397.0541,1982.0000,2321.0000,2437.6818,2640.0000,3130.3996,2343.0000
2019-10-11,129,476.5910,645.6962,865.3811,1013.2304,1386.2135,1974.0000,2303.0000,2403.8627,2630.6050,3109.5668,2339.0000
2019-10-16,129,384.0000,657.8517,853.7071,1084.9503,1412.5167,1875.2424,2187.7061,2314.9276,2503.0000,3101.2007,2493.0000
2019-10-16,129,424.0000,690.0069,870.6426,1080.5723,1413.0000,1890.5675,2148.0000,2304.2697,2490.7311,3099.6850,2492.8831
2019-10-21,129,-9999.0000,-9999.0000,-9999.0000,-9999.0000,-9999.0000,-9999.0000,-9999.0000,-9999.0000,-9999.0000,-9999.0000,-9999.0000
2019-10-21,129,-9999.0000,-9999.0000,-9999.0000,-9999.0000,-9999.0000,-9999.0000,-9999.0000,-9999.0000,-9999.0000,-9999.0000,-9999.0000
2019-10-23,129,552.0000,818.7511,1021.6105,1260.8815,1581.0000,1954.0000,2178.3282,2289.7458,2448.0000,3389.5164,2672.0000
2019-10-23,129,580.0000,828.0000,1028.5535,1266.4922,1581.7130,1986.0790,2197.3767,2301.6660,2442.0000,3393.9984,2653.7851
2019-10-26,129,487.0000,760.1671,948.4642,1204.7500,1414.6365,1676.0009,1874.0000,1987.4104,2074.1486,2992.0000,2523.0000
2019-10-26,129,487.0000,748.5925,936.0000,1200.9380,1409.9522,1692.0000,1857.0000,1990.0000,2075.0340,3005.1310,2515.6623
2019-10-28,129,-9999.0000,-9999.0000,-9999.0000,-9999.0000,-9999.0000,-9999.0000,-9999.0000,-9999.0000,-9999.0000,-9999.0000,-9999.0000
2019-10-31,129,-9999.0000,-9999.0000,-9999.0000,-9999.0000,-9999.0000,-9999.0000,-9999.0000,-9999.0000,-9999.0000,-9999.0000,-9999.0000
2019-11-07,129,237.0000,442.5736,770.5669,1069.1171,1497.0000,1805.2395,1956.1181,2154.3113,2259.1942,2749.0000,1968.0000
2019-11-07,129,509.0000,648.3330,892.8525,1097.2220,1459.0000,1755.0000,1898.1169,2082.1969,2168.8019,2666.0000,1934.9835
2019-11-10,129,448.0000,618.5203,868.3978,1057.2501,1435.0000,1729.2988,1892.4832,2066.5293,2123.0748,2640.0000,1933.2110
2019-11-10,129,474.0000,634.3363,876.3197,1056.7806,1440.0000,1740.0000,1907.9689,2067.6183,2123.2612,2638.3303,1925.7378
2019-11-30,129,-9999.0000,-9999.0000,-9999.0000,-9999.0000,-9999.0000,-9999.0000,-9999.0000,-9999.0000,-9999.0000,-9999.0000,-9999.0000
2019-11-30,129,-9999.0000,-9999.0000,-9999.0000,-9999.0000,-9999.0000,-9999.0000,-9999.0000,-9999.0000,-9999.0000,-9999.0000,-9999.0000
2019-12-05,129,-9999.0000,-9999.0000,-9999.0000,-9999.0000,-9999.0000,-9999.0000,-9999.0000,-9999.0000,-9999.0000,-9999.0000,-9999.0000
2019-12-05,129,-9999.0000,-9999.0000,-9999.0000,-9999.0000,-9999.0000,-9999.0000,-9999.0000,-9999.0000,-9999.0000,-9999.0000,-9999.0000
2019-12-07,129,459.0000,646.3646,1022.8157,1138.3135,1784.6754,2291.2355,2459.8517,2680.2952,2748.1822,2939.2278,1995.0000
2019-12-07,129,657.0000,792.0000,1104.0000,1172.8113,1757.0000,2218.2078,2386.6696,2582.4800,2661.4923,2868.8013,1952.5440
2019-12-10,129,367.0000,570.4304,858.4213,945.1674,1394.5603,1901.6207,2036.0000,2227.7823,2218.6202,2312.6811,1568.7134
2019-12-10,129,408.0000,590.1642,868.6106,945.2992,1402.7145,1907.0000,2043.2305,2226.7847,2244.1677,2302.0641,1562.0000
2019-12-25,129,427.0000,682.9210,888.2249,934.7517,1337.0000,1897.2960,2084.0972,2266.6332,2276.6884,1838.3057,1245.0000
2019-12-25,129,453.0000,697.0000,896.3795,938.1916,1358.9921,1910.0000,2112.5873,2288.9771,2313.0000,1842.0346,1250.0000
2019-12-27,129,-9999.0000,-9999.0000,-9999.0000,-9999.0000,-9999.0000,-9999.0000,-9999.0000,-9999.0000,-9999.0000,-9999.0000,-9999.0000
2019-12-27,129,-9999.0000,-9999.0000,-9999.0000,-9999.0000,-9999.0000,-9999.0000,-9999.0000,-9999.0000,-9999.0000,-9999.0000,-9999.0000
2019-12-30,129,383.0000,568.2242,820.7219,886.0162,1344.3379,1907.8392,2059.5044,2284.3247,2296.0000,2302.1130,1585.6655
2019-12-30,129,432.0000,594.4299,836.5701,893.0791,1348.5931,1917.0000,2076.4943,2273.2289,2317.8072,2301.2243,1585.4185
2020-01-01,129,30.0000,400.7542,688.6266,813.6217,1366.2082,1980.6228,2187.0000,2418.3115,2430.3946,2448.1159,1681.0000
2020-01-01,129,386.0000,648.2563,846.6101,905.0128,1382.0000,1933.2096,2139.4347,2331.2300,2348.5694,2381.3600,1658.7407
2020-01-04,129,346.0000,650.4269,898.7429,1012.9348,1546.6820,2140.7155,2375.0000,2540.3075,2561.7876,2368.2925,1716.0000
2020-01-04,129,460.0000,732.8386,952.6726,1040.9695,1554.6664,2129.0000,2346.4876,2515.5170,2549.0000,2336.2768,1714.3855
2020-01-06,129,533.0000,471.0000,541.0000,545.0000,796.0000,1040.0000,1117.0000,1284.0000,1213.0000,1072.0000,759.0000
2020-01-09,129,622.0000,782.8461,1013.0000,1085.4673,1532.6123,1941.0000,2060.0000,2219.5678,2257.1458,2408.7770,1778.4882
2020-01-09,129,610.0000,762.6928,998.6088,1064.6677,1518.3441,1960.0000,2086.0000,2244.3532,2285.0000,2425.9714,1780.3476
2020-01-11,129,55.0000,404.2375,684.1138,846.1269,1450.6457,2046.0000,2246.6581,2451.6450,2440.0804,2586.8082,1841.6630
2020-01-11,129,437.0000,672.4969,854.4314,937.0753,1444.0000,1928.0000,2133.7013,2322.3416,2325.3134,2497.4088,1801.7304
2020-01-14,129,502.0000,750.2934,938.7268,1013.3766,1496.1272,1972.0000,2149.9603,2321.3696,2349.7208,2300.6303,1689.5791
2020-01-14,129,443.0000,688.2843,894.5519,985.5975,1494.7749,2020.6472,2172.5821,2355.7411,2395.8591,2320.0000,1693.0441
2020-01-16,129,-9999.0000,-9999.0000,-9999.0000,-9999.0000,-9999.0000,-9999.0000,-9999.0000,-9999.0000,-9999.0000,-9999.0000,-9999.0000
2020-01-16,129,-9999.0000,-9999.0000,-9999.0000,-9999.0000,-9999.0000,-9999.0000,-9999.0000,-9999.0000,-9999.0000,-9999.0000,-9999.0000
2020-01-19,129,-9999.0000,-9999.0000,-9999.0000,-9999.0000,-9999.0000,-9999.0000,-9999.0000,-9999.0000,-9999.0000,-9999.0000,-9999.0000
2020-01-21,129,468.0000,716.2037,908.1048,1032.8308,1577.0000,2126.0000,2314.2697,2569.0270,2524.5734,2811.8163,2077.4374
2020-01-21,129,496.0000,740.7768,920.6429,1036.5051,1568.7299,2107.0000,2305.0000,2577.5522,2526.0000,2811.3754,2073.5617
2020-01-24,129,374.0000,704.6995,984.2836,1117.1622,1636.0000,2116.0000,2332.6590,2482.6918,2515.2809,2546.7426,1937.5907
2020-01-24,129,511.0000,786.0868,1036.0000,1137.0491,1642.3305,2143.0000,2328.0000,2464.0000,2521.0000,2525.1391,1928.0000
2020-01-29,129,-9999.0000,-9999.0000,-9999.0000,-9999.0000,-9999.0000,-9999.0000,-9999.0000,-9999.0000,-9999.0000,-9999.0000,-9999.0000
2020-01-29,129,-9999.0000,-9999.0000,-9999.0000,-9999.0000,-9999.0000,-9999.0000,-9999.0000,-9999.0000,-9999.0000,-9999.0000,-9999.0000
2020-01-31,129,1005.0000,1194.0000,1362.0000,1394.0000,1868.5600,2352.0000,2515.0000,2651.2658,2678.0000,2589.4640,1877.9639
2020-02-05,129,210.0000,401.5192,754.8145,913.1682,1506.6488,2223.0000,2426.6063,2676.2812,2621.0000,2922.1939,2137.2098
2020-02-05,129,434.0000,576.2829,850.2523,961.2652,1495.0000,2117.6753,2275.0000,2563.4865,2513.0000,2849.3278,2096.9398
2020-02-08,129,665.0000,806.6572,1030.0000,1093.0842,1554.0000,2086.0367,2292.4881,2482.6462,2507.6326,2712.9741,1997.1964
2020-02-08,129,671.0000,804.6693,1030.0000,1089.1080,1556.1245,2137.4172,2324.0000,2499.6329,2506.0000,2721.8116,2000.8537
2020-02-13,129,1096.0000,1180.6563,1324.0000,1346.1737,1803.1959,2428.0130,2667.0000,2829.6563,2835.0000,2678.4927,2069.3535
2020-02-13,129,1122.0000,1187.2830,1348.4549,1370.3135,1836.3673,2489.6311,2728.4422,2872.0583,2899.7078,2692.5156,2074.0000
2020-02-15,129,658.0000,790.6917,1082.0000,1177.0258,1744.0364,2481.0276,2696.9447,2875.6508,2916.0000,2941.0921,2097.1333
2020-02-15,129,701.0000,820.7755,1096.0000,1180.3571,1746.1891,2476.3028,2658.0000,2860.2482,2905.0000,2922.7910,2108.3024
2020-02-18,129,1490.0000,1505.6379,1588.4834,1584.8931,1973.4282,2560.0000,2759.0000,2834.6188,2948.5197,2889.5064,2060.5512
2020-02-18,129,1442.0000,1469.4204,1560.5348,1572.6048,1984.8623,2601.0000,2788.0000,2867.9350,2965.5065,2898.5025,2080.5065
2020-02-20,129,243.0000,529.2451,817.4145,971.1177,1472.7660,2116.1009,2338.5442,2601.9955,2557.4557,2886.1946,2107.1172
2020-02-20,129,257.0000,540.8295,825.6838,970.9392,1481.2230,2131.2547,2338.5334,2601.5638,2555.4240,2861.1206,2115.4962
2020-02-28,129,374.4244,558.5094,846.2235,972.9648,1462.3655,2265.0000,2503.0000,2810.1308,2721.0000,2857.0000,2076.0000
2020-02-28,129,344.0000,541.5294,836.2742,965.5611,1460.4843,2282.0000,2538.0000,2833.0000,2736.0000,2880.3617,2082.9909
2020-03-06,129,441.0000,546.5539,826.6679,893.4625,1476.4499,2390.0000,2600.0000,2758.4817,2851.4810,2069.0000,1213.9632
2020-03-06,129,366.0000,494.4816,798.6931,877.2553,1491.0000,2404.0000,2636.0000,2822.9905,2872.0000,2085.9153,1208.9408
2020-03-09,129,-9999.0000,-9999.0000,-9999.0000,-9999.0000,-9999.0000,-9999.0000,-9999.0000,-9999.0000,-9999.0000,-9999.0000,-9999.0000
2020-03-11,129,1112.1654,1305.8988,1531.4428,1572.0658,2214.8421,3213.0000,3549.0000,3692.4273,3757.7806,3452.1300,2445.0000
2020-03-11,129,1117.0000,1321.2858,1541.2325,1557.3664,2213.3432,3211.0000,3554.3592,3731.0000,3797.0000,3545.2316,2493.1003
2020-03-14,129,-9999.0000,-9999.0000,-9999.0000,-9999.0000,-9999.0000,-9999.0000,-9999.0000,-9999.0000,-9999.0000,-9999.0000,-9999.0000
2020-03-16,129,396.0000,557.3484,917.2157,1019.5737,1646.1639,2672.0000,2932.3702,3221.0177,3226.5580,2980.3274,2080.9468
2020-03-16,129,579.0000,693.7682,982.6416,1044.8343,1609.0887,2537.2303,2805.1727,3064.0000,3026.6382,2923.5751,2057.8160
2020-03-19,129,558.0000,684.5312,961.3008,1017.7125,1528.9504,2445.0000,2695.0070,2828.6350,2930.6378,2465.0000,1885.9040
2020-03-19,129,614.0000,725.5050,981.1312,1025.4104,1528.8350,2429.5742,2680.6291,2807.0835,2913.4815,2473.0000,1875.0932
2020-03-21,129,-9999.0000,-9999.0000,-9999.0000,-9999.0000,-9999.0000,-9999.0000,-9999.0000,-9999.0000,-9999.0000,-9999.0000,-9999.0000
2020-03-24,129,452.0000,588.4396,738.9260,753.3638,1118.4665,1751.0000,1909.0000,2082.9752,2066.0000,1653.0000,1306.3012
2020-03-24,129,321.0000,497.1288,676.6916,712.6474,1125.0000,1762.0449,1970.0336,2149.8033,2140.0000,1656.0000,1330.7064
2020-03-29,129,-9999.0000,-9999.0000,-9999.0000,-9999.0000,-9999.0000,-9999.0000,-9999.0000,-9999.0000,-9999.0000,-9999.0000,-9999.0000
2020-03-29,129,-9999.0000,-9999.0000,-9999.0000,-9999.0000,-9999.0000,-9999.0000,-9999.0000,-9999.0000,-9999.0000,-9999.0000,-9999.0000
2020-03-31,129,528.0000,755.2632,1032.4020,1171.7645,1869.9918,2746.8324,3029.4750,3379.5308,3260.5913,2869.3805,2286.4368
2020-03-31,129,529.0000,762.1361,1036.7436,1171.7338,1869.7681,2805.0000,3067.4700,3381.9078,3307.0000,2872.4701,2307.8684
2020-04-03,129,633.0000,813.4688,1041.4643,1145.9802,1753.2634,2575.0000,2846.0000,3081.6046,3097.0255,2571.7773,2147.0000
2020-04-03,129,645.0000,829.0462,1052.7159,1154.6754,1761.5209,2590.3704,2875.2129,3092.4880,3115.7743,2580.0000,2153.6765
2020-04-05,129,698.0000,811.8251,1105.5832,1226.8237,1910.2788,2753.0000,3011.6133,3288.1524,3288.3053,2865.6808,2230.0000
2020-04-05,129,690.0964,821.3414,1104.0000,1225.8063,1908.0000,2751.0000,3018.3591,3273.6282,3277.7076,2845.3093,2233.8837
2020-04-08,129,501.9951,678.0000,1012.6574,1130.4008,1745.0869,2557.0000,2842.1939,3160.9432,3095.2376,2600.0000,2034.1189
2020-04-08,129,547.0000,718.2532,1036.4020,1130.7160,1742.2504,2536.4278,2809.0000,3148.3495,3041.4642,2596.7620,2004.4640
2020-04-10,129,628.4867,851.6319,1161.3736,1244.7576,1913.2438,2747.1005,3003.2625,3290.0109,3257.4452,2930.7124,2300.5201
2020-04-10,129,673.0000,889.3495,1172.7153,1242.3154,1902.0000,2731.4821,3012.9891,3255.2852,3238.2309,2914.2673,2282.8309
2020-04-13,129,550.0000,764.8882,1064.7463,1146.0951,1832.7656,2667.0000,2969.7081,3175.7320,3237.9882,2668.2207,2107.2494
2020-04-13,129,611.0000,812.9129,1092.8596,1155.3988,1826.6717,2661.3102,2950.5858,3159.1593,3225.7818,2648.0000,2105.0000
2020-04-15,129,598.7425,746.9105,1099.9869,1177.9123,1866.2993,2746.3702,2998.5916,3285.3980,3269.5604,2850.2986,2127.0000
2020-04-15,129,650.0000,780.0454,1114.1765,1186.3034,1852.7661,2715.4549,2985.0324,3238.0212,3241.0000,2832.0000,2092.0000
2020-04-18,129,645.5399,785.0000,1081.1070,1148.0676,1748.4820,2477.9774,2708.0000,2866.9356,2956.1217,2416.0000,1817.9012
2020-04-18,129,714.0000,828.8096,1105.0935,1163.1013,1752.9627,2458.7659,2719.0000,2852.4008,2937.0000,2428.9113,1795.5810
2020-04-23,129,524.0000,723.1179,1013.0450,1099.4788,1686.4523,2451.9820,2708.0000,2984.7734,2981.0000,2594.6431,2009.0000
2020-04-23,129,604.0000,781.3856,1042.0000,1113.9336,1681.2201,2411.0000,2666.0000,2934.7418,2941.0000,2578.0812,1994.5647
2020-04-25,129,836.0000,923.8476,1242.2260,1283.5215,1933.7736,2760.1793,3010.8165,3206.2888,3284.6418,2900.8701,2084.1832
2020-04-25,129,892.0000,955.4650,1258.9648,1284.0323,1926.0000,2747.0000,2988.7007,3177.3323,3283.6842,2890.0202,2067.0000
2020-04-30,129,644.0000,918.5010,1274.0000,1354.0000,2005.0000,2890.6122,3257.2073,3396.7312,3557.2857,2876.0000,2001.0883
2020-04-30,129,-9999.0000,-9999.0000,-9999.0000,-9999.0000,-9999.0000,-9999.0000,-9999.0000,-9999.0000,-9999.0000,-9999.0000,-9999.0000
2020-05-03,129,301.0000,474.7175,731.9168,819.4586,1336.1616,2032.9839,2254.0000,2466.7676,2506.8205,2313.9429,1646.5445
2020-05-03,129,359.0000,513.7170,757.3010,835.8846,1342.6178,2025.0253,2234.7207,2449.6273,2492.5579,2308.0274,1676.3229
2020-05-08,129,366.0000,500.3466,826.7531,936.1766,1499.4046,2306.2992,2620.0000,2754.7402,2828.2026,2492.4255,1846.2965
2020-05-08,129,571.0000,627.2467,906.5534,968.2490,1474.8276,2240.6655,2544.0000,2690.2318,2765.4331,2425.9410,1811.5000
2020-05-10,129,1240.0000,1239.5040,1526.7861,1530.0000,2204.7170,3181.0000,3533.0000,3622.5267,3754.9709,3022.4910,2330.3151
2020-05-10,129,1897.0000,2266.0000,2648.0000,2919.4415,3306.0000,3451.0000,3672.0000,3767.1358,3843.0000,4069.0000,3798.0000
2020-05-15,129,785.0000,843.5601,1116.0436,1100.4102,1683.2780,2565.6483,2786.4344,2852.2526,3004.0086,2524.2174,1735.0000
2020-05-15,129,852.0000,850.8177,1122.7386,1097.8517,1682.9890,2577.0000,2801.7854,2866.2343,3020.5789,2554.0000,1735.5262
2020-05-23,129,1454.0000,1835.4511,2234.3747,2498.8029,3084.4991,3382.0076,3677.3386,3818.0513,3978.3676,3867.3566,2808.4734
2020-05-25,129,1260.0000,1827.0099,2345.5891,2967.9354,3397.3920,3611.7072,3790.0000,4082.3424,4152.5662,4344.2440,3015.8213
2020-05-25,129,1250.0000,1890.4004,2403.6519,3044.5882,3466.5495,3670.6605,3894.5782,4140.0000,4220.0000,4377.3606,3011.6828
2020-05-28,129,-9999.0000,-9999.0000,-9999.0000,-9999.0000,-9999.0000,-9999.0000,-9999.0000,-9999.0000,-9999.0000,-9999.0000,-9999.0000
2020-05-28,129,-9999.0000,-9999.0000,-9999.0000,-9999.0000,-9999.0000,-9999.0000,-9999.0000,-9999.0000,-9999.0000,-9999.0000,-9999.0000
2020-05-30,129,971.0000,1591.3728,2071.6329,2711.1697,3127.9151,3396.4190,3624.8871,3867.1195,3908.3709,4325.5681,3130.4033
2020-05-30,129,1006.0000,1577.5000,2033.7508,2649.7416,3083.3973,3364.9949,3596.6589,3817.5569,3860.3970,4296.6710,3128.5645
2020-06-02,129,719.0000,1217.8528,1635.3689,2084.3085,2435.5960,2763.9054,2997.5529,3164.6171,3275.3556,3776.5235,2858.2751
2020-06-02,129,786.0000,1236.9608,1613.5034,2026.9174,2372.6708,2699.6083,2939.5970,3107.2292,3212.7404,3722.9825,2842.8391
2020-06-04,129,-9999.0000,-9999.0000,-9999.0000,-9999.0000,-9999.0000,-9999.0000,-9999.0000,-9999.0000,-9999.0000,-9999.0000,-9999.0000
2020-06-04,129,-9999.0000,-9999.0000,-9999.0000,-9999.0000,-9999.0000,-9999.0000,-9999.0000,-9999.0000,-9999.0000,-9999.0000,-9999.0000
2020-06-07,129,-9999.0000,-9999.0000,-9999.0000,-9999.0000,-9999.0000,-9999.0000,-9999.0000,-9999.0000,-9999.0000,-9999.0000,-9999.0000
2020-06-07,129,-9999.0000,-9999.0000,-9999.0000,-9999.0000,-9999.0000,-9999.0000,-9999.0000,-9999.0000,-9999.0000,-9999.0000,-9999.0000
2020-06-12,129,652.1863,959.0000,1217.0392,1481.5334,1785.6854,2002.8236,2170.6405,2282.9664,2363.6982,3412.7437,2806.5706
2020-06-12,129,668.0000,973.3958,1229.9326,1481.1340,1781.4687,2019.0616,2182.1986,2291.8248,2365.7460,3412.4688,2803.8022
2020-06-14,129,948.0000,1133.0483,1402.4827,1707.7396,2092.4255,2354.7808,2491.9072,2600.6852,2748.8312,3886.0000,3020.6510
2020-06-14,129,931.0000,1138.7104,1427.1755,1755.5494,2139.5756,2380.5505,2518.0100,2642.4312,2782.0000,3914.0000,3019.2242
2020-06-17,129,693.0000,937.0006,1228.7742,1472.2945,1860.0000,2139.7309,2307.5599,2402.6836,2569.9476,3630.0000,2851.9926
2020-06-17,129,726.0000,949.0109,1243.0815,1476.6678,1874.9362,2139.2464,2305.4424,2403.2500,2570.0361,3653.0000,2842.5548
2020-06-19,129,822.0000,1065.7013,1314.5168,1612.2211,1979.3996,2212.3340,2420.8989,2532.2069,2643.0268,3851.9742,3093.4437
2020-06-19,129,849.0000,1074.6423,1314.8893,1602.3507,1962.8071,2221.0000,2428.5340,2546.2031,2652.3259,3828.7202,3057.0083
2020-06-22,129,598.0000,856.8840,1116.0157,1315.2277,1700.0201,2019.7623,2202.4650,2324.2648,2433.2951,3458.5912,2786.0361
2020-06-22,129,657.0000,876.7311,1129.0977,1316.7990,1681.6614,2010.1639,2203.9148,2323.4799,2430.0000,3467.5663,2773.6785
2020-06-24,129,-9999.0000,-9999.0000,-9999.0000,-9999.0000,-9999.0000,-9999.0000,-9999.0000,-9999.0000,-9999.0000,-9999.0000,-9999.0000
2020-06-27,129,578.0000,781.0887,1133.3415,1245.7917,1795.1421,2231.6852,2422.9227,2486.4124,2675.4258,3529.3856,2619.4548
2020-06-27,129,657.0000,830.0094,1145.4218,1237.6115,1763.4594,2219.5555,2406.5437,2469.8383,2645.5183,3490.0000,2554.0000
2020-06-29,129,713.0000,939.3607,1226.6127,1355.6199,1874.6834,2325.0000,2567.3714,2629.9641,2839.3160,3841.9993,2948.6758
2020-06-29,129,755.0000,961.4169,1226.8991,1339.1057,1868.2372,2307.5680,2567.2978,2602.6353,2777.9382,3803.6321,2924.3331
2020-07-02,129,-9999.0000,-9999.0000,-9999.0000,-9999.0000,-9999.0000,-9999.0000,-9999.0000,-9999.0000,-9999.0000,-9999.0000,-9999.0000
2020-07-02,129,-9999.0000,-9999.0000,-9999.0000,-9999.0000,-9999.0000,-9999.0000,-9999.0000,-9999.0000,-9999.0000,-9999.0000,-9999.0000
2020-07-04,129,1263.0000,1330.0000,1636.0000,1644.0000,2097.0000,3055.0000,3345.0000,3448.0000,3568.0000,3009.0000,2075.0000
2020-07-04,129,1271.0000,1360.0000,1594.0000,1582.0000,2033.0000,2917.0000,3205.0000,3292.0000,3402.0000,2854.0000,2061.0000
2020-07-07,129,470.0000,661.6576,957.5866,1116.2723,1557.4732,2225.6279,2467.1010,2677.2485,2740.9974,3403.0451,2446.2985
2020-07-07,129,530.0000,685.5318,965.3226,1112.8708,1553.2933,2224.3728,2459.6470,2658.9672,2731.0658,3387.0000,2443.2484
2020-07-09,129,574.8578,836.6099,1114.9368,1273.2085,1756.0020,2460.1740,2770.5149,2852.5213,3026.9335,3777.6728,2816.7239
2020-07-09,129,666.0000,873.0039,1123.3273,1242.9365,1706.3243,2404.3211,2742.0000,2795.9331,2970.2978,3716.6479,2796.9218
2020-07-12,129,398.4416,597.9465,874.4457,916.1733,1395.0231,2378.0115,2707.9310,2843.4957,2938.0000,3198.3526,2325.7632
2020-07-12,129,439.0000,629.8047,892.2335,924.8719,1384.8703,2365.0000,2700.2589,2842.9784,2931.9873,3180.8805,2333.1476
2020-07-14,129,596.7108,709.1464,1009.9608,1035.7372,1559.0000,2757.1934,3076.2472,3200.0000,3339.9093,3433.0623,2353.4191
2020-07-14,129,629.0019,725.7415,1017.0223,1033.1064,1560.0000,2767.0000,3075.2403,3196.4005,3314.1628,3433.2837,2355.5870
2020-07-17,129,326.0000,433.7370,737.6000,677.0721,1274.9164,2851.3168,3254.0000,3259.9496,3477.4308,2941.3649,1860.0706
2020-07-17,129,426.3512,497.3956,769.5214,700.4534,1268.0000,2794.8202,3187.0169,3218.5809,3419.8498,2903.0000,1875.0356
2020-07-19,129,358.0000,459.3559,730.7529,635.4700,1224.6049,2946.5897,3443.9940,3460.2621,3610.2538,3002.4165,1940.9155
2020-07-19,129,456.0000,523.3133,771.5499,659.8776,1230.0000,2868.2074,3373.1772,3372.4622,3521.3335,2961.9593,1922.0000
2020-07-22,129,-9999.0000,-9999.0000,-9999.0000,-9999.0000,-9999.0000,-9999.0000,-9999.0000,-9999.0000,-9999.0000,-9999.0000,-9999.0000
2020-07-22,129,-9999.0000,-9999.0000,-9999.0000,-9999.0000,-9999.0000,-9999.0000,-9999.0000,-9999.0000,-9999.0000,-9999.0000,-9999.0000
2020-07-27,129,377.2402,373.6589,577.0491,378.3053,901.9055,3034.9422,3732.0000,3685.2359,3925.1207,2288.5743,1216.0000
2020-07-27,129,436.9844,421.5621,605.2655,401.2135,904.0000,3010.8286,3730.9344,3640.0000,3898.9410,2273.9971,1228.4205
2020-07-29,129,512.0000,553.4202,717.6460,466.6474,989.4746,3295.0000,4249.9094,4166.4338,4441.0295,2539.0390,1331.1196
2020-07-29,129,593.0000,617.3135,757.4298,508.2310,1001.9719,3218.7170,4183.0000,4073.0584,4310.1316,2524.1872,1329.4474
2020-08-01,129,331.0000,377.2214,529.4350,339.0126,779.9886,3003.5400,4034.3472,3945.8744,4214.9154,2187.6385,1123.8213
2020-08-01,129,417.0000,453.3344,581.8223,381.6581,800.3727,2958.0009,3928.0000,3864.5735,4105.7816,2164.7699,1122.6044
2020-08-06,129,190.0000,201.2158,454.0215,218.9681,840.6741,4134.5192,5418.0120,5269.5489,5596.7445,2498.6431,1172.1770
2020-08-06,129,271.0000,245.3624,481.3581,243.0387,845.7060,4102.5105,5336.6930,5223.1231,5529.8235,2477.5659,1171.1849
2020-08-08,129,208.8387,273.0269,457.5940,243.2852,755.0123,3603.2134,4982.4532,5016.9586,5128.4358,2291.6374,1098.7560
2020-08-08,129,345.0000,373.5181,525.5783,302.2743,780.4812,3459.5568,4771.4492,4824.3753,4939.4677,2267.1318,1090.7015
2020-08-11,129,-9999.0000,-9999.0000,-9999.0000,-9999.0000,-9999.0000,-9999.0000,-9999.0000,-9999.0000,-9999.0000,-9999.0000,-9999.0000
2020-08-11,129,-9999.0000,-9999.0000,-9999.0000,-9999.0000,-9999.0000,-9999.0000,-9999.0000,-9999.0000,-9999.0000,-9999.0000,-9999.0000
2020-08-13,129,178.0000,161.4478,385.9693,211.3246,717.2878,3798.5855,5001.9968,5030.6769,5292.0000,2269.3399,1034.4423
2020-08-13,129,375.0000,333.9236,509.2721,309.3662,773.3766,3620.7064,4789.3202,4755.7916,5048.0000,2226.1481,1028.4340
2020-08-16,129,190.0000,193.3488,357.2312,213.3470,640.0000,3178.7089,4359.2783,4356.9159,4572.0000,1939.5616,900.1205
2020-08-16,129,258.0000,238.6881,389.6993,233.1033,654.0000,3142.8871,4299.6133,4336.0000,4548.7681,1932.8250,907.9133
2020-08-21,129,322.0000,352.3224,469.4571,292.7632,686.0000,2939.3885,4077.0000,4102.2553,4326.7563,1890.7232,889.8081
2020-08-21,129,330.0000,357.7258,469.6959,290.0504,678.0556,2971.5798,4132.0408,4120.8836,4377.2677,1883.3136,892.1501
2020-08-23,129,391.0000,357.5445,561.5295,345.0391,856.0000,3561.1049,4552.6881,4550.0965,4802.7470,2290.6819,1107.0000
2020-08-23,129,486.0000,434.6031,621.5643,393.5581,892.0000,3480.8761,4416.0000,4438.1293,4694.0689,2270.0000,1105.2923
2020-08-26,129,573.0000,532.2701,717.3994,536.6966,1018.0000,3342.0000,4340.4974,4392.6450,4595.8740,2115.3387,1074.3125
2020-08-26,129,576.2760,512.5145,701.1356,521.1234,1002.0000,3412.2579,4408.0000,4473.2393,4646.2349,2124.0000,1085.0000
2020-08-28,129,156.7094,233.3937,435.6021,243.5831,771.7320,3298.6791,4520.4601,4470.4072,4728.8736,2107.8895,1011.6021
2020-08-28,129,378.0000,414.4764,561.0423,354.8992,826.3383,3126.0921,4249.5664,4214.8592,4485.0160,2082.3643,1025.9931
2020-09-02,129,-9999.0000,-9999.0000,-9999.0000,-9999.0000,-9999.0000,-9999.0000,-9999.0000,-9999.0000,-9999.0000,-9999.0000,-9999.0000
2020-09-02,129,-9999.0000,-9999.0000,-9999.0000,-9999.0000,-9999.0000,-9999.0000,-9999.0000,-9999.0000,-9999.0000,-9999.0000,-9999.0000
2020-09-05,129,327.0000,344.4521,562.5484,329.2171,937.0146,3247.0000,3973.4076,4053.7392,4200.0122,2036.2108,971.8064
2020-09-05,129,411.0000,398.6022,596.8290,353.5015,943.0000,3187.8529,3923.0000,4028.6023,4136.5386,2027.4894,963.9444
2020-09-07,129,-9999.0000,-9999.0000,-9999.0000,-9999.0000,-9999.0000,-9999.0000,-9999.0000,-9999.0000,-9999.0000,-9999.0000,-9999.0000
2020-09-07,129,-9999.0000,-9999.0000,-9999.0000,-9999.0000,-9999.0000,-9999.0000,-9999.0000,-9999.0000,-9999.0000,-9999.0000,-9999.0000
2020-09-10,129,814.0000,910.4954,1136.0000,853.2531,1493.7184,3340.0754,3987.5628,3958.4902,4172.9088,2065.6881,1213.3522
2020-09-10,129,980.0000,1030.0000,1202.0000,910.3309,1470.2225,3179.9579,3812.0828,3781.5840,4001.4415,2026.5820,1180.4959
2020-09-12,129,385.0000,410.3473,741.2163,501.3779,1224.7048,3444.0000,3961.8393,4020.3138,4178.9897,2141.0293,1083.0000
2020-09-12,129,394.0000,416.7561,749.1260,504.0503,1216.8825,3477.6468,3945.0000,4072.0033,4178.5752,2139.4490,1099.0000
2020-09-15,129,315.0000,392.7357,770.0000,578.2093,1308.0000,3112.5622,3510.8682,3608.8827,3803.9864,2040.2567,1108.2909
2020-09-15,129,358.0000,416.6646,781.1700,586.2006,1328.4252,3109.7379,3493.7314,3605.8094,3797.6505,2042.5000,1098.5345
2020-09-17,129,493.0000,622.0267,1084.8754,824.8992,1740.2979,3269.0000,3707.0000,3848.4128,4071.3961,2320.8566,1347.6013
2020-09-17,129,579.0000,686.1681,1100.8666,849.3892,1699.1817,3202.2094,3636.5267,3762.3713,3993.7460,2299.0967,1331.4716
2020-09-20,129,345.0000,541.8368,1040.4480,845.6466,1780.0000,2633.4896,3030.7559,3108.5280,3320.0525,2168.7516,1366.0553
2020-09-20,129,402.0000,569.6815,1056.5429,849.2376,1821.0000,2588.1543,2969.7602,3093.8404,3350.0617,2164.0000,1376.0000
2020-09-25,129,357.0000,486.5090,830.3210,913.3559,1468.7754,2206.0000,2480.0000,2511.0000,2785.3560,2105.2866,1293.2940
2020-09-25,129,431.0000,536.3629,854.6059,926.6282,1469.9303,2206.0000,2468.0000,2505.5168,2752.0000,2101.6970,1287.0000
2020-09-30,129,500.0000,644.4473,830.0000,914.8031,1296.7912,1796.9523,2037.0000,2076.1331,2230.0000,1948.9598,1477.6009
2020-09-30,129,562.0000,686.5072,852.3503,924.4913,1287.0000,1761.5157,1975.0000,2099.6265,2171.0082,1946.4973,1474.0087
2020-10-07,129,285.0000,458.5200,636.4150,842.9845,1156.6062,1531.6665,1755.2873,1909.7840,2008.0000,2148.7616,1586.2831
2020-10-07,129,291.0000,462.3799,638.8204,842.4304,1157.0000,1531.9896,1734.5015,1908.0631,2021.5112,2136.8308,1584.7966
2020-10-10,129,850.0000,969.0000,1062.0000,1098.0000,1384.3579,1741.6651,1925.3531,1989.4423,2091.0201,2053.0000,1572.8533
2020-10-10,129,805.0000,930.5171,1040.0000,1090.0000,1400.1562,1779.8099,1944.5365,2026.6167,2131.4376,2068.1727,1589.1927
2020-10-12,129,538.0000,781.8927,1069.2687,1388.4724,1760.5913,2078.3947,2245.1605,2443.6511,2520.4937,2496.0000,1754.0422
2020-10-12,129,585.0000,789.7383,1077.5685,1380.9033,1746.1899,2085.4046,2241.9611,2444.5566,2529.4563,2484.0000,1762.7199
2020-10-20,129,1325.0000,1512.0000,1620.0000,1669.7755,1939.0000,2217.4840,2363.7446,2452.6071,2490.5680,2660.0000,2165.9928
2020-10-22,129,-9999.0000,-9999.0000,-9999.0000,-9999.0000,-9999.0000,-9999.0000,-9999.0000,-9999.0000,-9999.0000,-9999.0000,-9999.0000
2020-10-25,129,506.0000,720.3682,930.2693,1108.5414,1374.5487,1602.0343,1739.1754,1812.3725,1931.9439,2631.0000,2058.0000
2020-10-25,129,600.2395,770.0000,962.4463,1109.2101,1380.0000,1620.2976,1738.2523,1803.6027,1924.9536,2623.0000,2048.9203
2020-10-30,129,-9999.0000,-9999.0000,-9999.0000,-9999.0000,-9999.0000,-9999.0000,-9999.0000,-9999.0000,-9999.0000,-9999.0000,-9999.0000
2020-11-04,129,757.0000,918.6942,1102.0000,1184.0000,1525.0000,1834.8905,1962.0432,1948.2617,2131.3425,2736.0000,2130.3690
2020-11-04,129,847.0000,962.0025,1134.0000,1201.2342,1535.0000,1868.4948,1995.4835,1979.4887,2148.0202,2705.0000,2125.5272
2020-11-06,129,204.0000,585.5520,801.3013,993.7749,1345.6580,1674.1793,1831.5366,1921.7917,1984.0000,2892.0000,2331.6419
2020-11-06,129,530.0000,774.6769,932.5654,1049.4977,1356.6122,1657.5750,1803.5977,1889.8871,1939.5428,2800.0000,2283.3432
2020-11-09,129,503.0000,764.3465,932.7875,1041.0993,1377.1764,1740.0000,1866.0025,1962.8281,2068.3046,2555.3168,2028.5204
2020-11-09,129,552.0000,786.3670,946.3569,1045.0239,1380.4940,1730.8462,1892.7523,1962.3086,2072.7278,2564.0596,2019.7163
2020-11-11,129,347.0000,596.9696,882.6803,1120.0000,1425.1751,1801.0000,1965.2253,2076.0592,2185.4866,2820.6401,2126.5735
2020-11-11,129,643.0000,780.4623,995.0000,1153.8789,1434.7927,1812.4819,1912.7029,2034.1009,2148.0000,2745.7529,2091.6389
2020-11-19,129,402.0000,680.8912,912.0000,1009.4161,1382.0000,1632.4927,1779.6522,1899.5896,1973.3489,2605.0316,1995.0549
2020-11-19,129,443.0000,686.3110,912.4259,1009.5585,1376.8939,1649.5523,1803.4627,1907.5499,1991.5986,2610.2079,1971.0000
2020-11-21,129,437.0000,592.7669,874.0015,1139.3531,1497.3139,1746.2497,1889.4181,2121.5906,2073.1774,3068.4924,2314.7686
2020-11-21,129,620.0000,761.1042,985.5298,1185.8024,1491.0000,1731.5198,1841.2374,2076.4317,2042.8285,2989.1735,2283.0675
2020-11-24,129,652.0000,835.0000,1017.5089,1237.6180,1500.0000,1657.5612,1764.4095,1907.8205,1953.9048,2960.0000,2245.0000
2020-11-24,129,574.0000,765.2722,969.0815,1216.7647,1494.1129,1659.8190,1772.3337,1906.9202,1961.4930,3012.9190,2256.0000
2020-11-26,129,442.0000,689.1824,832.8631,1085.6844,1280.8167,1379.3709,1507.9258,1649.7397,1675.0872,2550.3240,2154.2000
2020-11-26,129,669.0000,845.6037,945.8251,1132.6802,1304.0000,1396.0731,1507.0375,1650.9877,1661.0012,2506.0000,2121.0000
2020-11-29,129,435.0000,662.3726,817.7409,1065.0762,1238.6840,1341.9520,1465.0030,1595.0590,1674.3792,2662.6892,2419.6175
2020-11-29,129,368.0000,608.8780,772.6088,1045.3821,1234.0468,1340.6253,1474.5503,1603.8219,1649.2122,2684.5759,2443.7672
2020-12-01,129,245.0000,238.0000,242.0000,213.0000,216.0000,199.0000,194.0000,203.0000,188.0000,171.0000,142.0000
2020-12-01,129,-9999.0000,-9999.0000,-9999.0000,-9999.0000,-9999.0000,-9999.0000,-9999.0000,-9999.0000,-9999.0000,-9999.0000,-9999.0000
2020-12-19,129,602.2723,885.8363,1021.5702,1240.9609,1460.3952,1540.0000,1659.9990,1732.8024,1811.4001,2534.9549,2187.9819
2020-12-19,129,600.0000,885.0834,1021.0444,1244.7512,1469.2733,1573.2133,1698.9026,1755.0824,1827.0006,2548.8403,2199.0000
2020-12-26,129,-9999.0000,-9999.0000,-9999.0000,-9999.0000,-9999.0000,-9999.0000,-9999.0000,-9999.0000,-9999.0000,-9999.0000,-9999.0000
2020-12-26,129,-9999.0000,-9999.0000,-9999.0000,-9999.0000,-9999.0000,-9999.0000,-9999.0000,-9999.0000,-9999.0000,-9999.0000,-9999.0000
2020-12-31,129,457.0000,621.4151,857.1588,1184.9010,1489.4848,1676.9505,1796.5190,1987.0155,2066.5756,2408.9401,1706.5650
2020-12-31,129,457.0000,625.7541,852.6348,1184.8209,1485.0000,1675.1892,1804.2987,2004.1118,2098.5186,2417.9362,1709.0000
2021-01-03,129,334.0000,529.6277,756.6835,1048.8600,1308.3563,1483.2740,1618.2480,1762.2047,1850.0093,2069.4332,1409.6799
2021-01-03,129,432.0000,601.1066,805.6126,1072.2860,1352.8988,1512.0000,1643.5785,1779.0572,1858.5119,2058.0011,1417.6982
2021-01-08,129,332.0000,649.7502,828.5854,1081.1495,1320.2641,1476.0000,1606.0000,1787.8084,1811.0000,2300.3529,1829.4017
2021-01-08,129,382.0000,673.0045,845.4249,1092.5429,1334.6381,1501.0000,1632.0000,1810.1245,1837.4597,2293.0696,1826.1931
2021-01-13,129,423.0000,625.9575,828.9964,1105.3556,1333.2729,1490.0000,1613.0000,1802.4309,1817.6542,2474.0000,1865.4462
2021-01-13,129,473.0000,649.2411,849.6852,1108.2685,1350.6592,1514.0000,1621.1917,1818.0000,1834.0177,2481.0000,1865.0000
2021-01-18,129,-9999.0000,-9999.0000,-9999.0000,-9999.0000,-9999.0000,-9999.0000,-9999.0000,-9999.0000,-9999.0000,-9999.0000,-9999.0000
2021-02-09,129,-9999.0000,-9999.0000,-9999.0000,-9999.0000,-9999.0000,-9999.0000,-9999.0000,-9999.0000,-9999.0000,-9999.0000,-9999.0000
2021-02-14,129,323.0000,605.5568,802.0000,1160.7879,1410.2159,1629.7409,1808.0302,2130.6583,2044.6340,3001.4275,2412.1705
2021-02-14,129,516.0000,741.3555,893.6296,1190.0000,1412.8316,1616.7780,1786.4822,2090.5057,2018.0000,2956.3306,2389.8010
2021-02-17,129,1141.0000,1266.0000,1312.0000,1464.0000,1709.0000,1841.7299,1960.4581,2081.9585,2116.5493,2850.0429,2402.0000
2021-02-17,129,1134.0000,1262.0000,1314.0000,1466.0000,1710.7283,1865.7478,1981.9729,2105.1435,2137.6753,2844.2257,2410.6151
2021-02-22,129,-9999.0000,-9999.0000,-9999.0000,-9999.0000,-9999.0000,-9999.0000,-9999.0000,-9999.0000,-9999.0000,-9999.0000,-9999.0000
2021-02-24,129,681.0000,989.6469,1233.1979,1469.0137,1742.4138,1920.3570,2081.9006,2285.1448,2261.0532,3101.0000,2624.8967
2021-02-24,129,700.0000,1005.8810,1237.7277,1469.4895,1741.0000,1927.0000,2079.0000,2277.0365,2262.0000,3087.0000,2605.0775
2021-02-27,129,664.0000,940.7863,1185.3404,1409.1016,1673.9652,1876.0000,2026.3819,2163.7753,2197.4140,3021.0181,2641.0771
2021-02-27,129,707.0000,969.0727,1204.0000,1412.7993,1693.2060,1894.4808,2045.0447,2179.2166,2222.5668,3033.9941,2641.1571
2021-03-01,129,540.0000,715.9855,1018.9628,1362.4572,1642.2002,1916.0038,2081.0000,2353.6368,2308.4985,3445.6447,2822.2680
2021-03-01,129,550.0000,731.7497,1026.6137,1370.6178,1656.0000,1923.1241,2085.7217,2355.2813,2324.0024,3449.4628,2819.6550
2021-03-04,129,1185.0000,1296.3609,1476.6198,1644.3373,1962.0990,2252.5285,2388.5022,2545.6970,2574.0000,3273.4591,2673.3529
2021-03-04,129,1313.0000,1372.5445,1520.9217,1660.0000,1965.3891,2259.5883,2386.8625,2546.2247,2561.7543,3269.6393,2658.9577
2021-03-06,129,532.0000,810.3655,1066.4058,1353.7702,1665.7204,1995.6501,2170.3923,2467.2371,2425.7283,3488.5096,2924.3931
2021-03-06,129,594.0000,860.2248,1090.9471,1362.6895,1669.7123,1996.1277,2162.9665,2451.8541,2401.3038,3469.8143,2907.7320
2021-03-09,129,741.0000,961.3717,1145.1451,1362.7275,1636.3016,1931.0234,2099.7069,2306.6790,2297.1490,3243.4459,2794.8888
2021-03-09,129,673.0000,914.5926,1122.4293,1362.2962,1673.8993,1969.7480,2145.9121,2356.4622,2348.9258,3291.0316,2811.7917
2021-03-16,129,454.0000,749.3008,1005.7689,1260.8067,1687.0000,2090.5858,2293.0000,2563.6355,2534.0000,3364.3352,2729.9723
2021-03-16,129,515.0000,789.6748,1024.8984,1264.3800,1676.0096,2083.2626,2290.5000,2538.4620,2514.0000,3344.6755,2708.4843
2021-03-19,129,530.0000,732.8338,952.4461,1092.0000,1532.0000,1963.0000,2154.4922,2395.5839,2404.0869,2964.0954,2332.7128
2021-03-19,129,587.0000,768.8184,968.6909,1104.0000,1538.7365,1966.1761,2145.2843,2386.5671,2391.0000,2948.4067,2326.2313
2021-03-21,129,-9999.0000,-9999.0000,-9999.0000,-9999.0000,-9999.0000,-9999.0000,-9999.0000,-9999.0000,-9999.0000,-9999.0000,-9999.0000
2021-03-21,129,-9999.0000,-9999.0000,-9999.0000,-9999.0000,-9999.0000,-9999.0000,-9999.0000,-9999.0000,-9999.0000,-9999.0000,-9999.0000
2021-03-24,129,526.0000,757.3333,1072.5968,1277.3899,1741.0000,2276.2707,2486.0654,2709.1182,2723.5334,3257.6441,2517.4539
2021-03-24,129,562.0000,777.5003,1085.0473,1289.2523,1737.6509,2275.9458,2474.0000,2707.3962,2707.3444,3251.0000,2512.7080
2021-03-26,129,838.0000,1056.5438,1276.8223,1364.7386,1849.0000,2402.8159,2643.4551,2843.1956,2844.1835,3380.8306,2659.6251
2021-03-26,129,893.0000,1085.2297,1294.0000,1372.2829,1840.7277,2396.1310,2638.0000,2819.4438,2825.7685,3374.1942,2675.0000
2021-03-29,129,842.5133,1006.0000,1228.0000,1240.5890,1705.0000,2376.9933,2643.5369,2764.3394,2809.9143,3065.0000,2402.5857
2021-03-29,129,851.0000,1004.5136,1238.0000,1249.2752,1736.0113,2426.0000,2697.6424,2811.1247,2878.0000,3099.0000,2396.0000
2021-03-31,129,682.9191,792.9773,1128.9807,1140.5685,1712.5158,2595.5210,2847.0000,3010.2484,3043.0977,3215.0000,2364.8049
2021-03-31,129,775.0000,870.7394,1158.0000,1156.4264,1681.5576,2521.3078,2762.2490,2914.8206,2954.0000,3149.0000,2348.0000
2021-04-03,129,569.0000,685.7795,992.7978,953.6244,1524.4737,2570.4094,2859.1217,3076.0990,3083.9853,2915.3587,2065.6749
2021-04-03,129,631.0000,729.6349,1016.0970,969.6229,1530.7792,2562.0072,2860.1651,3058.0835,3082.1063,2891.0000,2049.9206
2021-04-05,129,583.0000,757.2325,1058.0000,977.7681,1582.0000,2666.9294,2978.4609,3218.9322,3169.5209,2938.9397,2152.0000
2021-04-05,129,595.0000,760.8176,1058.0000,981.3425,1580.0000,2673.9251,2987.1587,3227.7179,3171.0346,2933.9995,2126.0000
2021-04-08,129,440.3527,613.8910,910.2787,838.8596,1433.7392,2530.3943,2852.0000,3171.5926,3075.2260,2698.8625,1976.5000
2021-04-08,129,499.0000,649.5586,926.3082,854.0805,1429.0000,2508.2273,2822.5000,3139.5225,3040.0000,2689.6675,1969.9881
2021-04-10,129,596.0000,672.4391,1036.4070,930.0367,1644.5433,2925.3070,3228.9208,3436.1059,3436.6014,2963.2039,2033.7868
2021-04-10,129,699.0000,749.7799,1072.0000,955.5056,1625.4155,2854.1535,3140.0161,3371.2433,3371.4314,2939.3566,2021.0733
2021-04-15,129,812.0000,854.3405,1046.0000,941.4627,1513.6203,2609.0286,2904.9761,3163.7464,3070.0000,2283.3847,1539.0000
2021-04-15,129,829.0000,864.6391,1054.0000,953.4204,1516.7695,2622.0000,2925.4244,3187.2495,3090.0000,2285.2887,1532.0000
2021-04-20,129,-9999.0000,-9999.0000,-9999.0000,-9999.0000,-9999.0000,-9999.0000,-9999.0000,-9999.0000,-9999.0000,-9999.0000,-9999.0000
2021-04-20,129,-9999.0000,-9999.0000,-9999.0000,-9999.0000,-9999.0000,-9999.0000,-9999.0000,-9999.0000,-9999.0000,-9999.0000,-9999.0000
2021-04-23,129,334.4952,385.7937,701.0527,572.6926,1267.2736,2813.0000,3267.0000,3468.0644,3469.1248,2309.0000,1445.9375
2021-04-23,129,493.0000,505.6034,778.2422,635.8255,1260.0000,2727.0000,3161.4955,3362.2438,3369.6823,2290.8030,1441.2414
2021-04-25,129,552.2130,625.2186,885.0000,690.3132,1328.0000,2859.0000,3387.0000,3579.4837,3570.2859,2419.3609,1570.0000
2021-04-25,129,649.0000,709.4059,937.7648,741.8301,1342.0000,2788.0000,3296.0000,3482.8095,3476.6378,2353.6764,1547.2817
2021-04-28,129,347.0000,465.7169,729.9722,620.4658,1167.0000,2635.5065,3123.6295,3242.2155,3308.0897,2026.0000,1351.0000
2021-04-28,129,430.0000,522.2803,757.4562,641.3004,1167.0000,2604.2227,3098.4272,3219.1365,3281.4935,2034.0965,1353.0000
2021-04-30,129,-9999.0000,-9999.0000,-9999.0000,-9999.0000,-9999.0000,-9999.0000,-9999.0000,-9999.0000,-9999.0000,-9999.0000,-9999.0000
2021-04-30,129,-9999.0000,-9999.0000,-9999.0000,-9999.0000,-9999.0000,-9999.0000,-9999.0000,-9999.0000,-9999.0000,-9999.0000,-9999.0000
2021-05-03,129,256.9234,269.9230,489.0271,365.5740,858.5886,2612.5437,3297.6033,3497.3333,3501.8478,1736.4649,1011.5986
2021-05-03,129,325.0000,317.5841,520.4227,378.4000,862.0000,2606.5197,3277.0000,3465.1781,3485.3403,1718.0000,994.3621
2021-05-05,129,-9999.0000,-9999.0000,-9999.0000,-9999.0000,-9999.0000,-9999.0000,-9999.0000,-9999.0000,-9999.0000,-9999.0000,-9999.0000
2021-05-05,129,-9999.0000,-9999.0000,-9999.0000,-9999.0000,-9999.0000,-9999.0000,-9999.0000,-9999.0000,-9999.0000,-9999.0000,-9999.0000
2021-05-08,129,152.0000,242.7197,465.5724,309.8093,862.0000,2929.3478,3754.6264,4018.0671,3957.9016,1708.5166,956.0000
2021-05-08,129,289.0000,350.5504,546.6486,369.3079,889.1724,2840.4519,3648.4708,3875.1457,3832.9976,1668.2679,936.9673
2021-05-10,129,450.3953,449.7668,713.6667,507.4176,1126.0000,3237.9705,3962.5996,4066.7769,4152.5443,1966.0000,1114.5930
2021-05-10,129,539.0000,521.7438,756.7298,545.7414,1117.0000,3149.9845,3857.0000,3960.0000,4063.0000,1947.6562,1107.6042
2021-05-13,129,789.0000,834.2992,1028.0000,853.7860,1314.3698,2766.9095,3417.0000,3464.9877,3541.9381,1437.9218,906.0000
2021-05-13,129,741.0000,789.0000,1008.2641,833.2096,1301.0000,2810.2099,3458.2492,3539.2485,3604.9505,1432.0000,904.9473
2021-05-15,129,-9999.0000,-9999.0000,-9999.0000,-9999.0000,-9999.0000,-9999.0000,-9999.0000,-9999.0000,-9999.0000,-9999.0000,-9999.0000
2021-05-15,129,-9999.0000,-9999.0000,-9999.0000,-9999.0000,-9999.0000,-9999.0000,-9999.0000,-9999.0000,-9999.0000,-9999.0000,-9999.0000
2021-05-18,129,175.0000,244.7859,449.8568,273.6776,818.5956,2806.3678,3836.3188,4065.3123,4018.0405,1436.1124,778.2995
2021-05-18,129,244.3491,300.5274,484.4980,306.1841,826.0000,2780.2170,3755.3592,4024.6498,3931.9194,1403.4810,780.5759
2021-05-20,129,188.2110,189.4108,457.8897,266.2450,916.0000,3254.3353,4298.9848,4582.6996,4490.3788,1616.5180,827.9121
2021-05-20,129,286.0000,274.2606,518.3054,317.8800,914.0000,3201.4390,4203.9851,4456.6457,4435.0857,1611.6592,834.1584
2021-05-23,129,1250.1151,1166.0000,1336.9292,1136.8604,1649.1741,3073.5572,3874.8376,3962.3003,4044.6808,1667.6231,1134.0000
2021-05-23,129,1254.4686,1170.0000,1356.7213,1144.9739,1671.0000,3168.7966,3987.4938,4083.5328,4170.0000,1692.2672,1144.5766
2021-05-25,129,-9999.0000,-9999.0000,-9999.0000,-9999.0000,-9999.0000,-9999.0000,-9999.0000,-9999.0000,-9999.0000,-9999.0000,-9999.0000
2021-05-25,129,-9999.0000,-9999.0000,-9999.0000,-9999.0000,-9999.0000,-9999.0000,-9999.0000,-9999.0000,-9999.0000,-9999.0000,-9999.0000
2021-05-28,129,151.0000,240.2852,440.0000,278.7780,774.5798,2626.3685,3683.1532,3893.6516,3896.5630,1307.7664,726.0000
2021-05-28,129,264.0000,332.0000,510.4705,338.3851,806.0000,2564.6516,3570.1797,3780.0000,3789.2085,1319.0000,723.5921
2021-05-30,129,192.0000,206.2641,497.8182,286.2408,947.9053,3073.5660,4082.6080,4358.3760,4348.5465,1651.0000,869.3564
2021-05-30,129,285.0000,286.7524,553.2319,337.6795,969.0000,3026.5485,4021.9947,4273.9104,4268.4492,1626.1312,875.1097
2021-06-02,129,93.0000,129.4194,398.4000,226.1704,860.3286,2747.3723,3732.8269,3948.2121,4036.0912,1541.3948,791.6660
2021-06-02,129,252.0000,277.3679,508.5092,317.4997,905.5750,2683.8349,3626.2816,3850.3923,3924.4253,1518.1516,810.9441
2021-06-04,129,685.0000,789.5000,949.2891,753.5878,1251.2044,2580.7318,3362.4281,3466.1835,3579.2749,1676.5262,1059.7983
2021-06-04,129,645.0000,753.8901,928.6448,729.5500,1250.0000,2629.4680,3443.9306,3539.7742,3660.2277,1684.6403,1065.5886
2021-06-07,129,770.0000,881.4767,1048.7649,842.6404,1384.5603,2747.0000,3509.3633,3571.1435,3773.7941,1687.0000,1051.6620
2021-06-07,129,781.9874,869.8576,1044.0000,829.6643,1378.3035,2784.5436,3572.5995,3641.9161,3866.4005,1660.0105,1044.2896
2021-06-09,129,479.0000,469.8565,761.7569,531.3376,1199.0000,2781.6083,3460.9510,3665.8593,3866.8356,1817.9862,996.3477
2021-06-09,129,382.2302,385.4919,700.2851,467.5187,1187.7595,2844.0303,3564.7869,3770.1707,3974.0018,1865.3501,992.1081
2021-06-12,129,68.0000,155.7435,498.5288,355.0295,1035.3484,2401.5819,3009.9231,3195.7548,3460.0000,1640.4432,916.6577
2021-06-12,129,302.3124,353.5110,628.6209,467.7704,1101.3214,2373.0055,2932.9033,3106.6713,3349.0000,1608.0360,930.4976
2021-06-14,129,331.0000,425.9620,741.5721,586.8543,1284.4842,2482.7224,3051.0208,3298.1327,3482.5578,1867.5181,1083.7242
2021-06-14,129,252.6248,378.0545,708.7403,554.1827,1274.1921,2497.2102,3099.1510,3345.9117,3530.2849,1875.3386,1084.0449
2021-06-17,129,14.0000,137.2497,485.5189,483.7714,1139.8341,2052.4645,2499.0000,2741.4313,2961.5394,1752.1135,1059.4316
2021-06-17,129,307.0000,409.6412,669.8397,620.8826,1189.4256,2017.9934,2441.6927,2657.9724,2883.6896,1748.6938,1056.9815
2021-06-19,129,648.0000,721.7394,1020.8809,1072.6711,1592.9160,2492.6097,2755.0100,2795.3820,3093.0089,2349.0511,1500.0000
2021-06-19,129,685.0000,737.7612,1025.2008,1073.0944,1593.1126,2499.4553,2757.6760,2795.3325,3096.4909,2284.0000,1486.0301
2021-06-22,129,334.0000,398.1737,693.1784,915.4544,1417.8655,2416.0000,2685.2650,2809.0139,3067.3156,2355.0000,1498.0000
2021-06-22,129,458.0000,485.6211,752.9341,955.0498,1422.0000,2380.7946,2661.0290,2769.9004,3035.5652,2339.5873,1475.4850
2021-06-24,129,555.0000,672.7756,937.3206,1188.1442,1635.6069,2437.4295,2795.2606,2867.5213,3128.9948,2665.9132,1796.0000
2021-06-24,129,576.4369,685.1336,945.1838,1186.3142,1642.1983,2438.0606,2805.5022,2874.3921,3165.8275,2610.4529,1789.5321
2021-06-27,129,-9999.0000,-9999.0000,-9999.0000,-9999.0000,-9999.0000,-9999.0000,-9999.0000,-9999.0000,-9999.0000,-9999.0000,-9999.0000
2021-06-27,129,1286.9205,1261.0737,1469.4983,1697.2154,2104.7032,2643.0000,2968.2923,3088.0000,3261.2480,2601.6197,1921.6373
2021-06-29,129,517.0000,649.5311,962.0532,1355.3848,1733.5287,2384.9292,2677.8291,2787.9293,3040.3432,2915.0069,1898.6784
2021-06-29,129,532.0000,657.4269,953.3990,1361.6522,1745.0000,2392.7392,2686.3661,2788.1941,3062.0440,2882.0000,1884.2380
2021-07-02,129,650.0000,1017.8384,1428.0000,1995.8083,2635.9053,3081.6934,3443.0693,3738.5000,4049.0000,4233.8696,2725.4418
2021-07-02,129,690.0000,1032.6976,1440.3606,2010.5882,2639.0000,3099.0000,3476.3735,3753.6381,4088.0000,4236.8136,2732.5418
2021-07-04,129,894.9339,1116.0000,1349.0231,1689.3969,2073.8108,2307.2484,2594.0153,2630.3505,2935.2812,2897.5152,1793.0000
2021-07-07,129,642.0000,1033.1892,1438.0000,1993.6862,2510.0000,2763.9950,3078.5025,3249.2687,3493.0000,4072.0000,2819.6220
2021-07-07,129,693.0000,1049.5880,1425.0255,1938.3274,2467.5304,2747.0000,3061.4122,3203.3150,3458.1379,4054.4545,2811.1445
2021-07-09,129,716.5223,1108.9815,1564.4827,2139.9234,2617.0000,3013.9040,3221.2056,3483.0223,3696.2109,4330.9866,3012.1227
2021-07-09,129,781.0000,1117.4371,1541.3499,2059.2385,2547.5000,2959.0000,3196.0000,3403.7353,3630.0000,4260.0430,2995.2637
2021-07-12,129,577.0000,916.8163,1320.6776,1698.6962,2107.0494,2491.9632,2769.0000,2860.4899,3128.0000,3389.7800,2383.0000
2021-07-12,129,682.0000,962.4178,1321.3896,1659.4540,2060.4523,2479.0000,2732.0000,2810.5524,3060.5194,3325.2274,2330.8410
2021-07-14,129,-9999.0000,-9999.0000,-9999.0000,-9999.0000,-9999.0000,-9999.0000,-9999.0000,-9999.0000,-9999.0000,-9999.0000,-9999.0000
2021-07-19,129,-9999.0000,-9999.0000,-9999.0000,-9999.0000,-9999.0000,-9999.0000,-9999.0000,-9999.0000,-9999.0000,-9999.0000,-9999.0000
2021-07-19,129,-9999.0000,-9999.0000,-9999.0000,-9999.0000,-9999.0000,-9999.0000,-9999.0000,-9999.0000,-9999.0000,-9999.0000,-9999.0000
2021-07-22,129,655.0000,838.3349,1185.2000,1452.1043,1993.0000,2705.8549,2989.7698,3043.0000,3370.0574,3370.0040,2380.6737
2021-07-22,129,711.0000,861.2588,1193.0016,1418.6945,1923.1003,2701.6733,2962.2926,3017.2645,3364.7313,3354.6875,2349.2278
2021-07-24,129,973.2204,1152.5284,1396.0000,1490.2246,1973.0000,2725.1500,3134.0049,3144.8434,3437.1950,3483.8093,2468.5839
2021-07-24,129,793.2147,1073.5604,1397.0962,1563.3066,2072.9666,2916.3056,3342.5373,3346.8688,3668.5134,3629.3647,2532.4280
2021-07-29,129,593.0000,724.1073,1090.0634,1186.3465,1780.0000,2801.0000,3050.8970,3075.0005,3323.6700,3347.4094,2181.6682
2021-07-29,129,662.0000,772.2500,1098.4332,1173.0874,1707.0000,2722.0000,2992.0000,3002.3447,3261.3267,3309.0626,2130.0000
2021-08-01,129,1601.0000,1546.7026,1921.9012,2016.7684,2242.0000,3194.8536,3525.0000,3398.6323,3673.0000,3270.4225,2306.0000
2021-08-01,129,916.0000,895.0000,1761.3333,1740.6352,2264.0000,3396.0000,3791.0000,3736.0000,4080.0000,3281.0000,2275.0000
2021-08-03,129,546.0000,708.5419,1028.2438,1062.9010,1629.0000,2701.6892,3067.0000,3108.7247,3308.5792,3263.0000,2058.5404
2021-08-03,129,585.0000,737.2169,1035.6800,1050.7186,1602.0000,2678.0000,3051.6300,3074.0000,3276.6934,3210.0000,2040.8981
2021-08-06,129,435.0000,564.1603,859.2668,818.1233,1347.9971,2436.0000,2805.5076,2827.6481,3062.9844,2802.0000,1751.0119
2021-08-06,129,465.0000,595.6161,867.7155,817.4164,1345.4510,2457.4692,2819.4843,2832.6990,3061.1049,2770.0000,1751.2063
2021-08-08,129,-9999.0000,-9999.0000,-9999.0000,-9999.0000,-9999.0000,-9999.0000,-9999.0000,-9999.0000,-9999.0000,-9999.0000,-9999.0000
2021-08-11,129,514.0000,596.1965,866.7211,899.0642,1389.0503,2378.7820,2685.0000,2683.2922,2938.3329,2778.5003,1708.2473
2021-08-11,129,556.0000,626.9230,890.4634,898.2629,1395.6049,2378.9363,2677.0000,2683.8386,2945.0000,2754.2943,1707.2027
2021-08-13,129,-9999.0000,-9999.0000,-9999.0000,-9999.0000,-9999.0000,-9999.0000,-9999.0000,-9999.0000,-9999.0000,-9999.0000,-9999.0000
2021-08-13,129,762.0000,861.8844,1061.7796,1021.5097,1474.7264,2333.3628,2623.0000,2592.0000,2834.4498,2355.5697,1547.6610
2021-08-16,129,446.0000,627.8735,907.7523,946.6929,1420.9417,2369.8911,2650.7879,2667.7658,2930.3237,2740.0000,1740.6401
2021-08-16,129,502.0000,675.4138,924.0494,956.1157,1427.6839,2353.9427,2656.9864,2652.5131,2916.3292,2708.7922,1731.9175
2021-08-18,129,409.0000,523.3683,851.5588,901.4001,1468.0000,2667.5923,2809.9447,2908.5081,3086.9231,2898.3716,1798.4530
2021-08-18,129,511.0000,587.2483,890.8632,923.2341,1444.4402,2611.9183,2754.2603,2866.0000,3012.6909,2861.8442,1766.3800
2021-08-21,129,477.0000,595.8860,874.9354,920.8261,1427.6089,2404.7002,2593.5288,2665.6821,2925.0762,2769.3500,1676.0000
2021-08-21,129,617.0000,675.4686,916.1227,924.9075,1411.3874,2349.7743,2565.5262,2620.3356,2849.3259,2705.5225,1652.5831
2021-08-26,129,404.0000,588.2958,850.6492,890.3008,1394.9170,2347.0890,2572.8757,2656.6200,2867.7256,2657.2653,1669.6689
2021-08-26,129,446.0000,587.0395,844.7311,892.1264,1398.0000,2363.6801,2595.0345,2667.4576,2866.1820,2689.0000,1675.5214
2021-08-28,129,-9999.0000,-9999.0000,-9999.0000,-9999.0000,-9999.0000,-9999.0000,-9999.0000,-9999.0000,-9999.0000,-9999.0000,-9999.0000
2021-08-28,129,-9999.0000,-9999.0000,-9999.0000,-9999.0000,-9999.0000,-9999.0000,-9999.0000,-9999.0000,-9999.0000,-9999.0000,-9999.0000
2021-08-31,129,901.0000,960.6855,1196.0177,997.6571,1708.0956,2749.2449,3061.0000,3028.8626,3300.0000,2538.0715,1496.1607
2021-08-31,129,786.0000,786.5104,1105.0234,906.2895,1644.0000,2802.0000,3129.0832,3096.5876,3396.0000,2488.5385,1494.6984
2021-09-02,129,367.0000,483.3498,796.0743,632.0578,1300.4330,2728.3611,2990.0000,3115.8493,3226.6915,2326.8431,1363.0262
2021-09-02,129,464.0000,555.3909,834.2662,662.9919,1298.9632,2653.1588,2915.1167,3051.7027,3154.3655,2309.7258,1348.3184
2021-09-05,129,327.0000,434.7357,715.4328,595.0759,1163.5039,2454.9344,2715.8616,2841.4033,2939.3842,2127.0000,1271.3047
2021-09-05,129,367.0000,468.1427,732.7846,603.3619,1171.1682,2441.3882,2705.5452,2835.2113,2942.6947,2115.9281,1270.4407
2021-09-07,129,374.0573,434.5704,786.9167,678.5172,1341.4203,2898.3782,3124.6190,3273.6866,3393.7203,2423.6110,1379.7730
2021-09-07,129,498.5064,539.0998,843.7521,729.8360,1338.8174,2835.2037,3053.4142,3202.9497,3307.1080,2388.3825,1402.2976
2021-09-10,129,273.0573,389.5182,693.2164,658.7107,1227.7021,2270.2440,2612.4765,2740.8626,2907.8224,2293.5447,1339.2065
2021-09-10,129,378.0000,460.8737,733.0624,683.9944,1234.5950,2243.0405,2587.1005,2714.0169,2883.4056,2271.0000,1331.6235
2021-09-12,129,402.0000,563.1524,810.9862,754.2679,1330.7459,2314.0000,2666.0000,2771.6590,2986.5572,2483.6815,1496.6435
2021-09-12,129,538.0000,645.6013,865.0269,794.1320,1329.6541,2253.2988,2619.0000,2707.8472,2915.0000,2445.0297,1466.3197
2021-09-20,129,496.0000,721.1542,997.4900,1395.7052,1753.0000,2059.3342,2294.0000,2449.7519,2685.0619,3315.0000,2270.0000
2021-09-20,129,527.0000,741.8341,1005.7473,1402.3953,1749.8864,2068.1014,2300.5209,2466.4644,2696.8980,3324.5000,2250.4970
2021-09-22,129,-9999.0000,-9999.0000,-9999.0000,-9999.0000,-9999.0000,-9999.0000,-9999.0000,-9999.0000,-9999.0000,-9999.0000,-9999.0000
2021-09-25,129,1495.0000,1563.8170,1753.6061,2059.1594,2476.0000,2838.0000,3141.0000,3285.1017,3494.0000,4405.5327,3190.0000
2021-09-25,129,1427.0000,1560.4545,1762.8859,2058.3529,2481.0000,2874.0644,3180.0000,3328.9910,3554.5155,4419.9936,3169.0361
2021-09-27,129,974.0000,1129.6766,1349.4700,1531.4740,1860.5258,2249.0487,2419.0000,2419.5428,2683.4244,2770.0834,2071.7923
2021-09-27,129,1067.0000,1164.9943,1368.4459,1532.3136,1835.5429,2201.0000,2380.4040,2420.0000,2610.0000,2870.0000,2032.0525
2021-09-30,129,478.0000,675.1197,968.7193,1267.2780,1644.7366,2090.0000,2294.6225,2402.3148,2542.0000,3236.0683,2386.5385
2021-09-30,129,529.0000,714.7487,988.2738,1276.3544,1642.4251,2102.4598,2289.0000,2397.3680,2541.0000,3216.0000,2368.5367
2021-10-02,129,1875.0000,2114.0000,2282.0000,2361.5611,2681.7551,2829.0000,2931.0000,2986.0000,2970.4201,2964.0000,2680.5410
2021-10-05,129,-9999.0000,-9999.0000,-9999.0000,-9999.0000,-9999.0000,-9999.0000,-9999.0000,-9999.0000,-9999.0000,-9999.0000,-9999.0000
2021-10-10,129,-9999.0000,-9999.0000,-9999.0000,-9999.0000,-9999.0000,-9999.0000,-9999.0000,-9999.0000,-9999.0000,-9999.0000,-9999.0000
2021-10-10,129,-9999.0000,-9999.0000,-9999.0000,-9999.0000,-9999.0000,-9999.0000,-9999.0000,-9999.0000,-9999.0000,-9999.0000,-9999.0000
2021-10-15,129,563.0000,836.2955,1082.7744,1244.2566,1659.8708,2289.0000,2541.0000,2763.3212,2800.0000,3018.5015,2189.0934
2021-10-15,129,656.0000,891.1756,1114.6199,1243.2685,1650.5086,2282.0000,2542.0000,2736.0000,2769.2562,2998.0000,2172.1198
2021-10-17,129,666.0000,803.3773,1083.5477,1293.2000,1733.0000,2446.4659,2665.0000,2923.0153,2987.2449,3330.9440,2241.8106
2021-10-17,129,645.0000,803.4400,1082.8298,1284.3454,1732.2553,2458.7809,2667.0000,2922.1338,2986.8803,3317.0000,2259.7124
2021-10-27,129,570.4407,721.8886,994.9086,1155.7651,1643.6204,2403.4688,2618.9280,2810.5239,2921.8480,3146.2997,2155.1489
2021-10-27,129,533.0000,706.7791,987.7891,1154.8514,1661.3784,2445.5619,2618.1916,2833.8880,2971.5580,3166.0000,2154.1411
2021-10-30,129,1096.0111,1168.0000,1363.2842,1450.1758,1893.9069,2464.0000,2650.0000,2804.7957,2872.7907,2660.0000,2053.5183
2021-10-30,129,1089.0000,1219.1731,1422.0000,1475.6222,1920.5143,2500.1859,2688.9966,2857.2354,2872.1912,2694.0000,2052.1443
2021-11-04,129,120.0000,386.4679,648.5748,710.0060,1224.6320,1847.2899,2036.0009,2152.7977,2263.0769,1970.9724,1386.9395
2021-11-04,129,1.0000,278.2328,582.6125,661.1016,1222.4978,1884.1728,2083.5587,2199.6935,2341.7700,1998.0000,1385.9519
2021-11-06,129,217.0000,429.9324,812.0000,908.6913,1562.4990,2421.8024,2647.2980,2808.9724,2919.2281,3054.1161,2018.3465
2021-11-06,129,468.0000,620.1261,927.0000,969.5266,1558.0000,2360.0165,2538.0746,2696.8727,2757.0856,2961.3309,1994.5326
2021-11-11,129,510.0000,809.0540,1112.3622,1172.7595,1756.0000,2532.3950,2792.1995,2857.1160,3036.0668,3064.0000,2101.0000
2021-11-11,129,581.0000,865.5945,1141.2991,1185.1223,1748.5998,2487.1517,2759.3044,2822.0594,2985.7921,3052.4040,2098.3245
2021-11-19,129,689.0000,889.7953,1150.0000,1402.4510,1706.0000,1990.1197,2152.0384,2262.0554,2377.1868,2787.8810,2104.1422
2021-11-19,129,697.0000,893.5315,1148.0000,1403.0826,1712.0000,2007.6441,2167.5036,2262.5608,2391.1029,2814.3195,2116.1765
2021-11-24,129,331.0000,728.7819,966.2489,1339.8756,1598.6494,1977.4358,2120.1255,2359.9999,2345.5132,2940.0000,2450.4112
2021-11-24,129,330.0000,709.5467,954.4543,1338.1916,1606.0937,1975.1940,2137.0947,2374.6994,2356.0311,2967.0000,2448.0000
2021-11-29,129,396.8997,676.5942,1049.0926,1330.4036,1729.0000,2168.6658,2356.7980,2576.5211,2610.0142,2795.0000,2117.5180
2021-11-29,129,442.3272,697.3261,1053.1449,1331.4735,1726.6867,2182.1243,2371.4545,2605.7607,2598.2265,2789.9970,2114.3018
2021-12-01,129,192.0000,561.9277,844.0316,1154.6209,1501.4372,1826.1286,2035.2468,2157.3943,2222.6305,2581.1149,1891.8292
2021-12-01,129,217.0000,581.0811,854.5010,1155.1115,1500.6150,1848.2604,2028.0690,2157.5697,2260.3860,2570.0802,1900.9391
2021-12-06,129,106.0000,364.8728,692.4907,1083.3019,1466.3541,1866.1406,2003.9599,2222.1430,2287.8611,2521.3061,1764.8652
2021-12-06,129,345.0000,549.4137,804.3377,1113.9271,1450.6462,1846.1727,1962.8418,2158.6262,2202.6163,2469.0000,1749.5561
2021-12-14,129,-9999.0000,-9999.0000,-9999.0000,-9999.0000,-9999.0000,-9999.0000,-9999.0000,-9999.0000,-9999.0000,-9999.0000,-9999.0000
2021-12-14,129,-9999.0000,-9999.0000,-9999.0000,-9999.0000,-9999.0000,-9999.0000,-9999.0000,-9999.0000,-9999.0000,-9999.0000,-9999.0000
2021-12-16,129,99.0000,328.6405,680.5743,978.6125,1420.7677,1776.4530,1901.8372,2032.3131,2157.7291,2400.0000,1731.7632
2021-12-16,129,313.0000,501.5744,782.8060,1018.9917,1416.0000,1784.8706,1906.9203,2030.6401,2130.0155,2378.0567,1715.0036
2021-12-29,129,-9999.0000,-9999.0000,-9999.0000,-9999.0000,-9999.0000,-9999.0000,-9999.0000,-9999.0000,-9999.0000,-9999.0000,-9999.0000
2021-12-31,129,-9999.0000,-9999.0000,-9999.0000,-9999.0000,-9999.0000,-9999.0000,-9999.0000,-9999.0000,-9999.0000,-9999.0000,-9999.0000
2021-12-31,129,-9999.0000,-9999.0000,-9999.0000,-9999.0000,-9999.0000,-9999.0000,-9999.0000,-9999.0000,-9999.0000,-9999.0000,-9999.0000
2022-01-08,129,188.1191,413.7642,650.6879,955.1468,1310.0000,1733.7283,1909.5870,2127.2849,2137.8849,2218.2020,1572.4499
2022-01-08,129,158.0000,369.1725,612.4184,931.3889,1298.5027,1721.7532,1901.9841,2160.3098,2155.2468,2243.5185,1572.9931
2022-01-13,129,1112.0000,1180.0000,1534.0000,1024.0000,2151.0000,5363.0000,6147.0000,6704.0000,6161.0000,2221.0000,1434.0000
2022-01-13,129,914.0000,1258.0000,1432.0000,965.0000,1981.0000,5098.0000,5945.0000,6312.0000,6046.0000,2257.0000,1472.0000
2022-01-15,129,184.0000,414.1540,758.2812,1076.4663,1494.0000,1976.5343,2155.6745,2349.5402,2417.7880,2620.0000,1888.0000
2022-01-15,129,388.0000,569.7465,850.0436,1107.1125,1486.1604,1942.8173,2099.0283,2288.7765,2362.3496,2577.9018,1868.2293
2022-01-18,129,111.0000,361.0185,678.0000,979.2445,1432.6921,1842.9013,1994.6949,2193.3619,2223.2856,2387.6691,1714.9233
2022-01-18,129,254.0000,456.6389,728.1747,994.8846,1430.3876,1816.8727,1964.4922,2194.4480,2199.1092,2385.0000,1706.8877
2022-01-20,129,676.0000,905.2053,1056.0000,1244.5673,1688.9455,2230.3469,2423.2560,2596.6487,2630.8490,2627.5302,1981.5443
2022-01-20,129,665.0000,892.6909,1042.0000,1233.1458,1676.5051,2200.4510,2407.7006,2567.5941,2616.0000,2589.2338,1954.9109
2022-01-23,129,348.0000,677.1896,908.8540,1194.7059,1649.0000,2085.6196,2246.3501,2446.8851,2470.5738,2604.0000,2093.0295
2022-01-23,129,541.0000,800.9140,984.0000,1218.1318,1620.9774,2041.6731,2216.2262,2390.9078,2425.0766,2580.4628,2071.0000
2022-01-25,129,554.0000,633.1759,985.5729,1315.1749,1782.0011,2341.5727,2480.8580,2733.2483,2711.6404,3126.0523,2396.0254
2022-01-25,129,726.4090,865.6137,1124.4752,1363.1698,1765.2211,2278.1299,2422.7173,2637.9873,2628.1048,3051.9920,2363.3643
2022-01-28,129,445.0000,633.4070,954.0076,1282.1237,1708.6273,2187.4041,2342.8420,2610.7323,2536.8131,2891.8002,2219.2504
2022-01-28,129,604.1141,850.0000,1080.9525,1315.5140,1702.0000,2135.5972,2298.5932,2520.4861,2504.2334,2854.6915,2209.4958
2022-01-30,129,477.0000,880.5044,1078.0000,1354.8877,1728.1290,2216.6353,2373.3423,2597.9196,2602.2559,2990.0000,2469.6889
2022-01-30,129,537.0000,913.0000,1093.2873,1356.6704,1706.0000,2202.5200,2374.2274,2581.7896,2570.1470,2973.3583,2461.6818
2022-02-02,129,478.0000,757.4761,985.4580,1226.7137,1591.0000,1975.4528,2136.8626,2341.6950,2358.9533,2651.3712,2230.0000
2022-02-02,129,546.0000,821.7684,1012.9399,1234.9620,1578.5308,1975.7870,2135.3430,2326.8353,2342.9023,2618.2494,2220.0968
2022-02-07,129,652.0000,852.9497,1073.0401,1315.7288,1648.8235,2058.4229,2197.3415,2439.7760,2422.3646,2891.6251,2306.7202
2022-02-07,129,704.6564,889.4856,1112.0359,1330.7736,1649.5210,2057.1716,2202.8489,2439.9853,2424.0553,2889.6842,2313.8065
2022-02-09,129,402.0000,821.1226,1094.0000,1418.3531,1784.0133,2247.2050,2438.5903,2732.7244,2663.9472,3211.9548,2643.4020
2022-02-09,129,668.0000,956.9961,1165.7483,1410.4914,1734.2832,2166.2407,2327.7587,2613.5886,2565.5630,3107.8214,2605.0154
2022-02-12,129,545.0174,849.0041,1061.3703,1308.2328,1617.0000,2038.4270,2184.6934,2455.6033,2406.7314,2931.7227,2505.3039
2022-02-12,129,602.6798,874.0216,1076.9990,1315.6404,1613.8351,2022.6692,2182.4000,2454.7797,2390.7620,2939.9847,2508.9807
2022-02-22,129,394.0000,673.7355,921.1680,1155.1493,1504.0000,1992.4996,2166.4632,2438.2978,2377.2192,2754.2440,2177.0185
2022-02-22,129,448.0000,701.4453,932.7395,1154.9939,1509.9993,1993.9028,2155.0341,2439.1719,2374.7402,2741.6047,2187.6068
2022-02-24,129,865.0000,1033.4673,1301.1504,1522.6463,1924.4612,2454.0821,2614.1818,2872.3854,2856.8181,3155.3179,2454.8978
2022-02-24,129,1049.0000,1168.0000,1389.7447,1555.1115,1961.0000,2486.0067,2647.3419,2870.4255,2871.2473,3157.6080,2460.3131
2022-02-27,129,684.0000,864.8602,1097.0158,1299.6503,1668.8266,2134.8082,2297.0845,2551.9919,2538.9315,3066.4926,2387.0000
2022-02-27,129,745.0000,892.9753,1113.4367,1308.1486,1666.3485,2122.3579,2279.8495,2551.9513,2518.0461,3044.7816,2388.9022
2022-03-01,129,748.0000,1012.9607,1212.8051,1443.5646,1817.3170,2326.5505,2506.4287,2836.5992,2728.0000,3314.3381,2679.0904
2022-03-01,129,743.0000,1004.8705,1212.5787,1451.3453,1828.9843,2346.9880,2534.1839,2870.6155,2761.2001,3322.6144,2680.6872
2022-03-04,129,640.0000,906.3148,1136.9809,1377.4188,1750.0502,2260.9976,2437.4554,2743.1391,2664.1399,3130.8081,2530.0954
2022-03-04,129,700.0000,948.8604,1157.4730,1378.6119,1741.0654,2231.6972,2422.3400,2725.6829,2644.6398,3107.1444,2521.9876
2022-03-06,129,898.0000,1044.5152,1293.2740,1506.8648,1921.3625,2424.4752,2582.1174,2887.2804,2838.6097,3370.6847,2652.6413
2022-03-06,129,912.3255,1061.0527,1305.0055,1513.8571,1920.0000,2426.8598,2598.9601,2884.6030,2839.8272,3371.8629,2646.0325
2022-03-09,129,630.0000,876.8720,1160.7898,1426.9879,1833.2073,2342.4432,2519.1663,2775.3230,2746.6282,3221.1058,2484.9759
2022-03-09,129,645.0000,887.1364,1164.9801,1442.6489,1841.5702,2359.0132,2519.3212,2789.9923,2762.5301,3235.4279,2497.5651
2022-03-14,129,984.0000,1297.2244,1595.7500,1907.0794,2387.2436,2850.9652,3068.4906,3340.6123,3337.8066,3917.0000,3221.1705
2022-03-14,129,1033.6170,1330.0000,1611.7121,1930.0576,2426.9408,2882.4241,3096.5659,3361.7028,3371.1032,3881.4338,3225.0000
2022-03-16,129,-9999.0000,-9999.0000,-9999.0000,-9999.0000,-9999.0000,-9999.0000,-9999.0000,-9999.0000,-9999.0000,-9999.0000,-9999.0000
2022-03-19,129,784.3694,994.0866,1265.1826,1532.9517,1860.0000,2316.2647,2499.9598,2764.1312,2733.7016,3195.1614,2462.5296
2022-03-19,129,818.0000,1020.6865,1293.5712,1549.0586,1864.5012,2316.0885,2497.9903,2764.3739,2722.9647,3189.0089,2444.0000
2022-03-21,129,895.0000,1168.7035,1438.0000,1708.7914,1982.5756,2465.8631,2669.6026,2987.1693,2892.3572,3397.0000,2756.0000
2022-03-21,129,907.0000,1184.4139,1449.2019,1716.8759,1992.5442,2475.3597,2675.0425,2996.7271,2905.3286,3395.8810,2762.2418
2022-03-24,129,762.7433,1018.1949,1288.0000,1556.4431,1851.0000,2355.6254,2547.2522,2833.8544,2771.4917,3220.0000,2636.0222
2022-03-24,129,798.0000,1050.0000,1300.0000,1556.5326,1844.4396,2347.4912,2547.2824,2834.7583,2773.5382,3202.7243,2634.0000
2022-03-26,129,1209.0000,1312.0000,1538.0000,1725.3298,2064.6242,2500.7544,2682.4221,2913.7607,2923.0497,3417.4244,2794.0074
2022-03-26,129,1238.0000,1330.0000,1548.0000,1725.2534,2066.7348,2493.4280,2673.5184,2914.7575,2916.9305,3405.5632,2811.2504
2022-04-03,129,624.0000,848.4712,1081.4867,1301.4326,1728.0000,2356.3020,2547.2423,2802.7746,2788.0913,2827.7791,2130.0000
2022-04-03,129,613.0000,848.1787,1093.2508,1324.9325,1771.0000,2412.0477,2612.9116,2866.9525,2850.6376,2875.0000,2164.0943
2022-04-05,129,1233.6102,1328.0000,1613.5113,1788.0000,2242.8960,3050.4796,3266.0000,3450.4785,3532.7492,3635.3906,2851.8116
2022-04-05,129,1262.0000,1340.0000,1617.1472,1781.1759,2253.4396,3035.4558,3267.0678,3425.5102,3522.8141,3613.0000,2845.9123
2022-04-08,129,-9999.0000,-9999.0000,-9999.0000,-9999.0000,-9999.0000,-9999.0000,-9999.0000,-9999.0000,-9999.0000,-9999.0000,-9999.0000
2022-04-10,129,556.0000,774.2617,1022.4310,1193.4859,1637.3693,2293.8618,2500.6252,2764.7545,2713.4884,2625.6441,1845.0012
2022-04-10,129,547.0000,766.0000,1026.0000,1209.1196,1656.5370,2332.6559,2546.9201,2803.6258,2765.1662,2659.0000,1855.0000
2022-04-15,129,876.0000,1058.2472,1346.3061,1579.2269,1923.4459,2589.5408,2738.0000,2938.8388,2900.4887,2972.9842,2471.5146
2022-04-15,129,941.0000,1107.3937,1387.1279,1579.5067,1921.2853,2586.0111,2757.4836,2915.2446,2915.8541,2945.0169,2471.8084
2022-04-18,129,1048.0000,1323.1567,1643.6108,1954.8333,2097.5596,2233.9224,2348.0291,2468.4025,2476.0827,3043.6450,2812.1419
2022-04-18,129,1063.0000,1323.5364,1651.0569,1979.1960,2092.4091,2256.9484,2387.0520,2514.4341,2498.9408,3034.7955,2803.7547
2022-04-20,129,1204.0000,1584.2347,1906.4151,2242.6961,2427.8522,2586.7903,2709.0000,2906.8109,2816.5304,3367.2839,3192.3646
2022-04-20,129,1255.0000,1592.5211,1897.7709,2209.9132,2376.0000,2555.0000,2673.9941,2875.1100,2776.0000,3384.8919,3155.0000
2022-04-23,129,-9999.0000,-9999.0000,-9999.0000,-9999.0000,-9999.0000,-9999.0000,-9999.0000,-9999.0000,-9999.0000,-9999.0000,-9999.0000
2022-04-25,129,824.0000,1010.2511,1266.0000,1544.0000,1820.0000,2110.0000,2274.0000,2214.0000,2392.0000,2757.0000,2189.0000
2022-04-25,129,952.2501,1085.5637,1372.3760,1635.4082,1852.3796,2105.0000,2226.0000,2202.5209,2340.8819,2774.6830,2276.5283
2022-04-28,129,1012.4651,1372.0000,1786.0461,2226.6935,2380.0000,2686.0000,2861.9827,2964.0455,2998.0000,3380.2229,2969.8113
2022-04-28,129,1057.7760,1361.9325,1772.9980,2144.0000,2291.6535,2654.3508,2813.6687,2942.0000,2955.9407,3315.7652,2952.7717
2022-04-30,129,1312.0000,1683.8199,2083.6630,2451.6166,2684.3429,2952.9083,3123.9988,3329.5044,3228.0000,3720.4244,3543.6637
2022-04-30,129,1238.0000,1620.2165,1961.4243,2294.0000,2545.0000,2852.6216,3020.0000,3202.5473,3118.0000,3656.0000,3525.3038
2022-05-03,129,1241.0000,1571.5472,1922.9560,2278.0224,2551.0000,2913.3170,3064.3894,3186.3855,3196.3484,3625.0000,3510.0275
2022-05-03,129,1239.0000,1627.3099,1976.8222,2361.5775,2580.4106,2931.0000,3121.1439,3228.0000,3249.0000,3630.0000,3478.4917
2022-05-08,129,-9999.0000,-9999.0000,-9999.0000,-9999.0000,-9999.0000,-9999.0000,-9999.0000,-9999.0000,-9999.0000,-9999.0000,-9999.0000
2022-05-10,129,1338.0000,1747.5982,2162.9690,2550.9868,2822.8619,2994.7753,3154.7930,3257.6496,3243.3091,3976.3038,3809.0000
2022-05-10,129,1308.0000,1707.7629,2091.0070,2439.7185,2717.0000,2906.0000,3060.7349,3188.0000,3179.0000,3928.2586,3804.2156
2022-05-13,129,1476.0000,1803.3091,2146.2090,2443.3371,2717.0537,2867.0000,3036.0000,3089.5293,3125.9196,3507.1591,3326.9905
2022-05-13,129,1445.0117,1834.1323,2210.3489,2499.5461,2714.5517,2888.7366,3096.0000,3184.9586,3184.0000,3516.0000,3304.0000
2022-05-15,129,1435.1936,1754.0211,2209.6205,2598.4124,2918.0000,3103.0000,3202.9536,3250.3972,3343.0000,4018.0000,3704.6283
2022-05-15,129,1378.0000,1691.6940,2105.9009,2474.8743,2794.6225,3004.4399,3118.0000,3178.2579,3266.0000,3975.5108,3674.5030
2022-05-18,129,1267.9452,1610.9874,2057.8611,2423.7670,2763.0000,3005.0000,3110.1895,3204.0349,3256.0000,3878.0073,3433.0000
2022-05-18,129,1244.0000,1523.3068,1906.8671,2220.8291,2535.0000,2813.0000,2946.0000,3027.4861,3080.0000,3699.0000,3349.3439
2022-05-20,129,1334.6405,1810.9800,2259.5516,2629.1360,2933.4863,3184.0000,3384.5611,3460.0000,3472.0000,4100.9742,3828.9222
2022-05-20,129,1303.0000,1723.7449,2130.3596,2459.4702,2787.2448,3064.0000,3261.0000,3332.0000,3371.0000,4010.0000,3735.6669
2022-05-25,129,-9999.0000,-9999.0000,-9999.0000,-9999.0000,-9999.0000,-9999.0000,-9999.0000,-9999.0000,-9999.0000,-9999.0000,-9999.0000
2022-05-25,129,-9999.0000,-9999.0000,-9999.0000,-9999.0000,-9999.0000,-9999.0000,-9999.0000,-9999.0000,-9999.0000,-9999.0000,-9999.0000
2022-06-02,129,-9999.0000,-9999.0000,-9999.0000,-9999.0000,-9999.0000,-9999.0000,-9999.0000,-9999.0000,-9999.0000,-9999.0000,-9999.0000
2022-06-02,129,-9999.0000,-9999.0000,-9999.0000,-9999.0000,-9999.0000,-9999.0000,-9999.0000,-9999.0000,-9999.0000,-9999.0000,-9999.0000
2022-06-04,129,1198.0000,1395.1192,1848.9586,1978.6842,2424.0000,3273.0000,3480.0000,3484.0000,3573.5683,3123.2338,2522.7510
2022-06-04,129,1226.0000,1306.0243,1667.0710,1747.9844,2131.4389,2886.0000,3085.0000,3098.0000,3220.5687,2968.7007,2438.3406
2022-06-07,129,-9999.0000,-9999.0000,-9999.0000,-9999.0000,-9999.0000,-9999.0000,-9999.0000,-9999.0000,-9999.0000,-9999.0000,-9999.0000
2022-06-07,129,-9999.0000,-9999.0000,-9999.0000,-9999.0000,-9999.0000,-9999.0000,-9999.0000,-9999.0000,-9999.0000,-9999.0000,-9999.0000
2022-06-12,129,643.0000,755.3120,1077.0091,1077.0115,1505.6922,2740.0597,3179.0281,3269.7500,3268.9870,2704.0080,2116.2613
2022-06-12,129,662.0000,788.4453,1092.2647,1092.0000,1515.0000,2715.9824,3131.5659,3236.0000,3237.1312,2682.8719,2148.7643
2022-06-14,129,735.0000,747.5941,1096.7296,1095.1343,1575.1827,3259.6651,3734.4886,3793.7071,3842.0911,2996.0379,2169.0000
2022-06-14,129,809.0000,796.5765,1140.5269,1093.1541,1582.8080,3139.5797,3585.5393,3657.6709,3715.0292,2954.1722,2147.4630
2022-06-17,129,1139.0000,1137.4604,1434.8583,1379.7632,1844.0000,3158.8992,3670.5227,3680.0000,3761.1267,2718.9666,2010.4110
2022-06-19,129,675.0000,738.0868,1010.2773,935.8119,1418.1975,2948.1945,3732.0852,3745.6426,3822.0000,2707.7288,1949.0000
2022-06-19,129,727.0000,778.9270,1035.2130,964.9600,1428.8379,2899.4962,3654.0000,3642.1844,3749.4012,2706.5330,1952.4352
2022-06-24,129,572.0000,515.0699,837.5288,809.3003,1290.7724,3220.4504,4041.6405,4107.2882,4155.2982,2588.2558,1680.0385
2022-06-24,129,487.0000,485.4507,803.1012,782.0760,1273.6061,3259.3394,4118.0000,4168.0000,4227.4122,2577.0370,1705.0000
2022-06-27,129,340.0013,452.7739,826.4054,850.6667,1313.0000,2829.8431,3588.0262,3587.4544,3682.7930,2305.4450,1544.3904
2022-06-27,129,572.0000,652.3485,938.4039,932.2515,1326.0000,2661.5303,3361.0000,3355.0713,3492.2658,2244.4221,1518.1206
2022-06-29,129,-9999.0000,-9999.0000,-9999.0000,-9999.0000,-9999.0000,-9999.0000,-9999.0000,-9999.0000,-9999.0000,-9999.0000,-9999.0000
2022-06-29,129,-9999.0000,-9999.0000,-9999.0000,-9999.0000,-9999.0000,-9999.0000,-9999.0000,-9999.0000,-9999.0000,-9999.0000,-9999.0000
2022-07-02,129,424.0000,547.2595,810.8435,754.9353,1151.0000,2625.5037,3499.5670,3490.3852,3642.7592,2213.0000,1465.8602
2022-07-02,129,514.0000,610.7705,843.4832,779.1637,1164.0000,2598.9686,3425.8636,3450.7893,3604.3882,2200.0000,1498.0000
2022-07-04,129,613.0000,724.0120,1051.9377,1001.9019,1452.0000,3114.9716,3851.5950,3865.0496,4053.4108,2570.0000,1704.0000
2022-07-04,129,774.9931,817.6913,1107.5266,1043.9762,1483.6684,2961.4605,3659.5011,3689.0178,3844.7089,2518.1897,1698.7094
2022-07-07,129,-9999.0000,-9999.0000,-9999.0000,-9999.0000,-9999.0000,-9999.0000,-9999.0000,-9999.0000,-9999.0000,-9999.0000,-9999.0000
2022-07-07,129,-9999.0000,-9999.0000,-9999.0000,-9999.0000,-9999.0000,-9999.0000,-9999.0000,-9999.0000,-9999.0000,-9999.0000,-9999.0000
2022-07-09,129,646.0000,860.3139,1106.9720,1017.7842,1465.6934,2893.0386,3641.9946,3817.7074,3781.2742,2354.4294,1641.0497
2022-07-09,129,726.0000,891.0777,1115.5602,1017.5825,1427.5796,2801.0275,3549.8738,3706.6968,3697.0007,2332.4269,1617.0000
2022-07-12,129,333.5101,499.9532,779.7524,747.0000,1208.5267,2697.9504,3563.0000,3580.2498,3719.0000,2236.4200,1514.0000
2022-07-12,129,472.0000,578.7756,834.8984,784.6856,1220.7862,2646.2208,3474.6678,3506.9550,3634.9389,2221.7950,1508.0000
2022-07-14,129,-9999.0000,-9999.0000,-9999.0000,-9999.0000,-9999.0000,-9999.0000,-9999.0000,-9999.0000,-9999.0000,-9999.0000,-9999.0000
2022-07-14,129,-9999.0000,-9999.0000,-9999.0000,-9999.0000,-9999.0000,-9999.0000,-9999.0000,-9999.0000,-9999.0000,-9999.0000,-9999.0000
2022-07-17,129,437.0000,555.3736,875.6624,843.4064,1326.5408,2720.3098,3451.9982,3459.5697,3643.9656,2338.0000,1517.2581
2022-07-17,129,576.0000,637.1091,923.4586,868.4419,1345.3948,2668.6789,3378.5831,3370.8150,3573.6742,2330.6787,1525.3975
2022-07-19,129,482.8595,675.0377,1027.1814,995.8738,1509.4287,2905.0000,3730.7254,3810.3557,3898.6202,2587.4820,1755.5565
2022-07-19,129,642.0000,780.5401,1066.7877,1018.3434,1513.9234,2778.5000,3548.0025,3616.0000,3750.6439,2544.6075,1744.0000
2022-07-22,129,585.7022,753.4417,1011.2117,990.0000,1450.6426,2638.2697,3401.8664,3421.7990,3571.0309,2418.9685,1663.0000
2022-07-22,129,631.0000,757.6465,1009.1658,979.0466,1445.1413,2653.7930,3419.3526,3424.0000,3595.7907,2428.0000,1654.0000
2022-07-24,129,-9999.0000,-9999.0000,-9999.0000,-9999.0000,-9999.0000,-9999.0000,-9999.0000,-9999.0000,-9999.0000,-9999.0000,-9999.0000
2022-07-24,129,-9999.0000,-9999.0000,-9999.0000,-9999.0000,-9999.0000,-9999.0000,-9999.0000,-9999.0000,-9999.0000,-9999.0000,-9999.0000
2022-07-27,129,-9999.0000,-9999.0000,-9999.0000,-9999.0000,-9999.0000,-9999.0000,-9999.0000,-9999.0000,-9999.0000,-9999.0000,-9999.0000
2022-07-29,129,408.0000,646.0088,987.3348,994.8585,1572.5184,2849.8238,3636.4811,3603.2006,3820.5371,2692.3065,1793.0000
2022-07-29,129,527.0000,705.4953,1016.3140,1010.4771,1562.0000,2781.2958,3529.3965,3530.6667,3724.1318,2635.6305,1794.0010
2022-08-01,129,336.9977,521.6125,800.8570,803.1325,1244.9970,2458.6708,3096.0000,3094.4684,3300.4324,2289.0000,1588.6890
2022-08-01,129,409.0000,556.7108,821.0250,809.9929,1250.9487,2444.4990,3075.1616,3088.8667,3274.8508,2293.6052,1613.0000
2022-08-03,129,457.2301,600.8312,948.9961,980.1392,1467.9105,2707.4627,3264.9685,3265.1930,3485.0980,2649.0000,1818.2948
2022-08-03,129,516.7180,630.2037,955.4859,986.7322,1459.7234,2700.5943,3214.9673,3249.7027,3466.0000,2643.2490,1770.5059
2022-08-06,129,1414.0000,1190.0000,1416.0000,1468.0000,1925.0000,2546.0000,2849.0000,2895.0000,3049.0000,2970.0000,2196.0000
2022-08-06,129,-9999.0000,-9999.0000,-9999.0000,-9999.0000,-9999.0000,-9999.0000,-9999.0000,-9999.0000,-9999.0000,-9999.0000,-9999.0000
2022-08-08,129,505.0717,752.7956,1060.7440,1131.9926,1619.0000,2678.0000,3218.5154,3240.7925,3508.1996,2862.0000,2063.0000
2022-08-08,129,548.0000,761.6963,1065.6175,1139.1278,1618.0000,2699.2172,3195.3328,3232.3410,3452.0000,2839.0000,2044.0000
2022-08-11,129,352.0000,605.4451,905.6153,1049.7735,1457.2368,2362.1670,2795.0000,2915.4464,3070.0000,2549.2272,1847.0000
2022-08-11,129,461.0000,664.9075,936.8562,1059.5594,1456.4846,2312.0000,2711.0000,2867.0944,3002.3184,2544.9915,1821.1583
2022-08-16,129,243.0000,404.6863,693.6429,861.1394,1236.5697,2018.0000,2348.4618,2355.5248,2636.0000,2185.1084,1404.2971
2022-08-16,129,300.0000,442.4363,721.6210,869.5110,1241.7409,2019.1069,2347.0000,2355.9086,2612.0000,2178.2093,1423.0000
2022-08-21,129,275.0000,472.9405,708.5521,827.2328,1109.0000,1694.0000,1984.5003,1972.5062,2162.4169,2140.2599,1635.2598
2022-08-21,129,311.0000,488.6810,717.0858,825.1855,1114.2524,1700.5724,1968.0000,1975.8533,2167.4463,2148.0968,1655.0000
2022-08-23,129,-9999.0000,-9999.0000,-9999.0000,-9999.0000,-9999.0000,-9999.0000,-9999.0000,-9999.0000,-9999.0000,-9999.0000,-9999.0000
2022-08-23,129,-9999.0000,-9999.0000,-9999.0000,-9999.0000,-9999.0000,-9999.0000,-9999.0000,-9999.0000,-9999.0000,-9999.0000,-9999.0000
2022-08-26,129,438.0000,603.7663,827.2977,994.3766,1294.5330,1850.4107,2112.0000,2081.0387,2330.0000,2459.1819,1892.4019
2022-08-26,129,488.1316,637.5718,850.6591,1004.0717,1291.1062,1844.8056,2083.6191,2082.0000,2342.0000,2452.2892,1877.2269
2022-08-28,129,1012.0000,1224.0000,1508.0000,1600.0000,2091.0000,3212.0000,3732.0000,3724.0000,3999.0000,3092.0000,2102.0000
2022-08-28,129,1032.0000,1246.0000,1558.0000,1584.0000,2033.0000,3152.0000,3666.0000,3656.0000,3904.0000,3099.0000,2059.0000
2022-08-31,129,-9999.0000,-9999.0000,-9999.0000,-9999.0000,-9999.0000,-9999.0000,-9999.0000,-9999.0000,-9999.0000,-9999.0000,-9999.0000
2022-08-31,129,-9999.0000,-9999.0000,-9999.0000,-9999.0000,-9999.0000,-9999.0000,-9999.0000,-9999.0000,-9999.0000,-9999.0000,-9999.0000
2022-09-02,129,1389.0000,1376.5617,1573.5572,1715.8681,2038.1220,2555.0000,2806.0000,2866.9738,3070.0000,2900.1877,2281.0000
2022-09-02,129,1455.0000,1416.6744,1584.4720,1714.4859,2042.5508,2552.9554,2765.3443,2835.5406,2979.3888,2874.9872,2233.9228
2022-09-05,129,-9999.0000,-9999.0000,-9999.0000,-9999.0000,-9999.0000,-9999.0000,-9999.0000,-9999.0000,-9999.0000,-9999.0000,-9999.0000
2022-09-07,129,-9999.0000,-9999.0000,-9999.0000,-9999.0000,-9999.0000,-9999.0000,-9999.0000,-9999.0000,-9999.0000,-9999.0000,-9999.0000
2022-09-07,129,-9999.0000,-9999.0000,-9999.0000,-9999.0000,-9999.0000,-9999.0000,-9999.0000,-9999.0000,-9999.0000,-9999.0000,-9999.0000
2022-09-10,129,258.0000,413.6729,573.7613,708.0974,957.8615,1314.0000,1545.1235,1508.3580,1691.1611,1961.5322,1571.3638
2022-09-10,129,310.0000,449.3251,593.3007,720.8727,956.4422,1329.7989,1499.9429,1523.0912,1705.0123,1957.7212,1573.8321
2022-09-12,129,426.7157,513.5000,721.2166,874.4452,1161.0402,1525.9566,1691.0879,1748.7632,1909.1489,2371.0958,1939.0129
2022-09-12,129,469.0000,556.8636,745.2896,882.5688,1154.0000,1557.2280,1687.1834,1731.2000,1912.0472,2380.7678,1931.7160
2022-09-15,129,671.0000,980.7735,1322.0000,1722.9836,2099.9911,2473.8365,2725.5058,2763.0334,3044.9676,3659.2563,2881.0000
2022-09-15,129,672.0000,993.5082,1330.8890,1731.4254,2117.9247,2476.0117,2759.0000,2788.4033,3082.2033,3667.4592,2885.1003
2022-09-20,129,517.0000,861.3618,1157.1409,1529.7674,1803.7121,2209.0000,2449.0000,2635.4694,2651.5325,3289.0000,2812.6220
2022-09-20,129,560.0000,888.5128,1172.1680,1532.0199,1802.8236,2209.4250,2444.6126,2627.0946,2666.0000,3284.0516,2795.6356
2022-09-22,129,698.3259,956.9645,1288.7704,1667.8694,1970.5374,2459.9941,2650.0583,2826.2153,2913.5119,3564.2282,2931.9416
2022-09-22,129,739.0000,981.4282,1289.8524,1642.6180,1955.4565,2428.8143,2597.9009,2787.6462,2883.8480,3538.5731,2907.5206
2022-09-27,129,-9999.0000,-9999.0000,-9999.0000,-9999.0000,-9999.0000,-9999.0000,-9999.0000,-9999.0000,-9999.0000,-9999.0000,-9999.0000
2022-09-27,129,-9999.0000,-9999.0000,-9999.0000,-9999.0000,-9999.0000,-9999.0000,-9999.0000,-9999.0000,-9999.0000,-9999.0000,-9999.0000
2022-10-02,129,921.0000,995.1441,1250.6692,1354.4308,1811.0000,2370.0000,2631.9098,2627.9542,2872.4671,3194.4215,2325.3634
2022-10-02,129,-9999.0000,-9999.0000,-9999.0000,-9999.0000,-9999.0000,-9999.0000,-9999.0000,-9999.0000,-9999.0000,-9999.0000,-9999.0000
2022-10-05,129,1521.0000,1582.0000,1772.5000,1866.4214,2237.0625,2803.4230,3026.8631,3083.8567,3242.4436,3608.9099,2900.4426
2022-10-05,129,1517.0000,1508.7153,1712.0000,1824.7274,2233.6178,2752.5435,2993.5549,3009.4768,3202.0000,3646.0000,2936.0000
2022-10-07,129,711.0000,928.4775,1136.4880,1312.0000,1637.4615,2052.9958,2253.2948,2355.1376,2417.8768,3107.0065,2755.8304
2022-10-07,129,762.0000,954.2215,1148.0672,1316.6311,1634.6049,2049.9210,2234.7874,2355.3398,2411.1278,3105.8045,2737.9253
2022-10-10,129,-9999.0000,-9999.0000,-9999.0000,-9999.0000,-9999.0000,-9999.0000,-9999.0000,-9999.0000,-9999.0000,-9999.0000,-9999.0000
2022-10-10,129,-9999.0000,-9999.0000,-9999.0000,-9999.0000,-9999.0000,-9999.0000,-9999.0000,-9999.0000,-9999.0000,-9999.0000,-9999.0000
2022-10-12,129,-9999.0000,-9999.0000,-9999.0000,-9999.0000,-9999.0000,-9999.0000,-9999.0000,-9999.0000,-9999.0000,-9999.0000,-9999.0000
2022-10-15,129,217.0000,405.3910,637.2013,809.1337,1078.0000,1394.6566,1549.2705,1498.8727,1698.0951,2003.2840,1627.1419
2022-10-15,129,399.0000,541.3194,732.5218,853.2500,1101.3949,1414.0956,1530.0000,1490.4552,1676.9064,1961.7831,1610.8408
2022-10-17,129,1060.2046,1222.0000,1364.0555,1425.2436,1788.1276,2265.4326,2478.0811,2522.3744,2628.0590,3091.0000,2628.9684
2022-10-17,129,1227.0000,1336.0000,1428.5328,1457.2972,1814.6788,2242.3555,2456.0000,2498.2875,2603.1399,3066.2845,2613.1508
2022-10-20,129,484.5500,773.5466,1001.5148,1137.0000,1480.7566,1947.7524,2171.9060,2219.5555,2344.3970,2898.0883,2518.4627
2022-10-20,129,834.0000,988.0000,1132.0000,1176.7629,1480.5468,1905.7168,2098.0000,2155.2173,2252.4796,2768.2686,2453.0000
2022-10-25,129,-9999.0000,-9999.0000,-9999.0000,-9999.0000,-9999.0000,-9999.0000,-9999.0000,-9999.0000,-9999.0000,-9999.0000,-9999.0000
2022-10-25,129,-9999.0000,-9999.0000,-9999.0000,-9999.0000,-9999.0000,-9999.0000,-9999.0000,-9999.0000,-9999.0000,-9999.0000,-9999.0000
2022-10-27,129,608.7845,810.1957,1014.1477,1069.0000,1471.0000,2018.7003,2260.2428,2339.0737,2420.3990,2835.0000,2220.3282
2022-10-27,129,777.0000,910.5225,1076.9600,1105.6000,1495.0000,2015.0000,2233.0000,2330.4567,2391.0000,2806.0000,2257.0000
2022-10-30,129,524.8187,732.4980,944.0000,1005.5680,1380.1798,1910.2102,2146.1452,2228.1943,2312.7028,2670.0000,2217.1767
2022-10-30,129,599.0000,778.0000,973.1197,1017.2917,1386.6478,1905.0567,2139.0000,2211.4063,2297.0000,2652.3112,2221.0000
2022-11-04,129,0.0000,0.0000,132.0000,166.0000,291.0000,474.4539,540.0000,554.7052,606.5154,466.0000,297.0000
2022-11-04,129,0.0000,10.0000,135.0000,164.0000,290.0000,478.0000,540.2889,554.1250,605.0000,466.0000,301.0000
2022-11-06,129,410.6547,642.3877,864.0000,901.5000,1313.0000,1944.0000,2163.5184,2308.3642,2366.0166,2662.5828,2005.4953
2022-11-06,129,439.0000,660.6467,872.0000,901.7320,1318.0000,1941.0000,2156.0000,2307.9688,2357.0000,2645.0000,1984.0000
2022-11-21,129,529.0000,544.4673,654.5152,722.3293,783.0000,824.1665,842.6543,873.8068,865.6007,841.0000,708.5315
2022-11-21,129,639.0000,632.1505,714.2319,750.2619,814.0000,853.9111,868.9797,897.4509,884.9142,849.0000,697.0000
2022-11-24,129,648.0000,942.0438,1236.8248,1594.7976,1778.4308,1833.6506,1924.8308,2025.9726,2035.6483,2470.4707,1954.8496
2022-11-24,129,709.7533,969.3097,1249.6313,1587.6101,1764.9500,1821.2122,1906.6267,2019.1577,2027.8540,2455.0000,1955.8751
2022-11-26,129,-9999.0000,-9999.0000,-9999.0000,-9999.0000,-9999.0000,-9999.0000,-9999.0000,-9999.0000,-9999.0000,-9999.0000,-9999.0000
2022-11-26,129,-9999.0000,-9999.0000,-9999.0000,-9999.0000,-9999.0000,-9999.0000,-9999.0000,-9999.0000,-9999.0000,-9999.0000,-9999.0000
2022-12-01,129,2486.0000,2708.0000,2812.7396,2918.0000,3170.3401,3162.3589,3149.9643,3448.0000,3236.3380,3311.0000,2940.0000
2022-12-06,129,-9999.0000,-9999.0000,-9999.0000,-9999.0000,-9999.0000,-9999.0000,-9999.0000,-9999.0000,-9999.0000,-9999.0000,-9999.0000
2023-01-10,129,571.0000,776.5000,1085.2399,1232.0000,1549.2701,1965.8322,2069.8146,2227.1315,2197.0000,2179.0000,1582.2991
2023-01-10,129,621.0000,797.7801,1093.0055,1237.1857,1559.0000,1964.5943,2060.8117,2218.1561,2201.6377,2174.2111,1581.2572
2023-01-20,129,-9999.0000,-9999.0000,-9999.0000,-9999.0000,-9999.0000,-9999.0000,-9999.0000,-9999.0000,-9999.0000,-9999.0000,-9999.0000
2023-01-20,129,-9999.0000,-9999.0000,-9999.0000,-9999.0000,-9999.0000,-9999.0000,-9999.0000,-9999.0000,-9999.0000,-9999.0000,-9999.0000
2023-01-25,129,692.0000,984.8511,1248.9241,1410.0000,1741.7995,2108.0000,2239.0000,2402.3960,2354.4607,2594.0341,2121.0000
2023-01-25,129,727.0000,997.3762,1256.4718,1403.9531,1741.5477,2113.5641,2236.5472,2410.5308,2354.4467,2592.4433,2122.6768
2023-01-28,129,-9999.0000,-9999.0000,-9999.0000,-9999.0000,-9999.0000,-9999.0000,-9999.0000,-9999.0000,-9999.0000,-9999.0000,-9999.0000
2023-01-28,129,996.9339,1105.6506,1168.4712,1116.7180,1263.0000,1393.3559,1432.5004,1469.6713,1433.0000,1101.0000,1036.4495
2023-01-30,129,-9999.0000,-9999.0000,-9999.0000,-9999.0000,-9999.0000,-9999.0000,-9999.0000,-9999.0000,-9999.0000,-9999.0000,-9999.0000
2023-01-30,129,-9999.0000,-9999.0000,-9999.0000,-9999.0000,-9999.0000,-9999.0000,-9999.0000,-9999.0000,-9999.0000,-9999.0000,-9999.0000
2023-02-02,129,1073.0000,1190.0000,1433.1538,1584.9925,1948.5018,2241.8273,2329.0560,2450.6486,2424.3789,2440.7632,1836.0000
2023-02-02,129,918.0000,1040.8404,1337.6418,1540.0000,1939.0000,2252.6156,2346.7932,2475.3906,2461.7430,2477.1026,1857.4963
2023-02-04,129,-9999.0000,-9999.0000,-9999.0000,-9999.0000,-9999.0000,-9999.0000,-9999.0000,-9999.0000,-9999.0000,-9999.0000,-9999.0000
2023-02-04,129,-9999.0000,-9999.0000,-9999.0000,-9999.0000,-9999.0000,-9999.0000,-9999.0000,-9999.0000,-9999.0000,-9999.0000,-9999.0000
2023-02-07,129,915.0000,1187.7842,1522.7820,1748.8985,2050.9094,2417.0000,2545.5487,2833.9033,2680.5846,3080.0000,2852.4422
2023-02-07,129,939.0000,1196.0142,1529.2218,1764.5829,2066.4994,2417.0000,2532.0000,2851.4312,2676.0000,3082.9141,2857.6301
2023-02-09,129,1249.0000,1393.7143,1753.4734,2026.3784,2380.3486,2746.9637,2872.6773,3146.0000,3013.0000,3538.9386,3148.9498
2023-02-09,129,1256.0000,1418.0988,1770.3991,2025.3964,2362.4695,2713.8049,2843.0000,3132.0000,3001.7397,3531.9699,3139.6137
2023-02-12,129,860.0000,1123.2024,1490.1607,1810.4869,2210.2867,2549.9499,2656.3587,2829.0258,2825.0000,3345.0000,2870.5811
2023-02-12,129,896.0000,1131.4442,1515.2165,1826.8861,2236.1862,2569.9246,2681.7120,2852.4673,2839.0000,3364.7302,2875.2385
2023-02-14,129,956.0000,1289.6163,1643.1644,1953.5458,2325.0000,2659.5096,2797.0934,3002.5943,2938.1752,3470.0068,3075.2392
2023-02-14,129,1083.0000,1354.7052,1628.2683,1898.6799,2226.7607,2539.0000,2694.0000,2884.0000,2827.0000,3374.2530,3046.0000
2023-02-17,129,-9999.0000,-9999.0000,-9999.0000,-9999.0000,-9999.0000,-9999.0000,-9999.0000,-9999.0000,-9999.0000,-9999.0000,-9999.0000
2023-02-27,129,-9999.0000,-9999.0000,-9999.0000,-9999.0000,-9999.0000,-9999.0000,-9999.0000,-9999.0000,-9999.0000,-9999.0000,-9999.0000
2023-02-27,129,-9999.0000,-9999.0000,-9999.0000,-9999.0000,-9999.0000,-9999.0000,-9999.0000,-9999.0000,-9999.0000,-9999.0000,-9999.0000
2023-03-09,129,1290.0000,1507.4791,1818.6400,1955.2727,2378.0002,2976.0000,3193.9926,3273.4167,3341.9823,3563.4614,3154.5594
2023-03-09,129,953.5660,1307.8895,1681.5104,1858.6412,2311.0000,2952.7567,3214.4507,3274.6591,3388.4620,3634.0000,3170.5610
2023-03-11,129,1078.9365,1251.7383,1642.2457,1810.1004,2283.9350,3054.0000,3261.5704,3336.0000,3424.0000,3554.7442,2987.0411
2023-03-11,129,1109.6491,1282.7422,1683.8580,1818.7367,2315.0748,3065.5493,3269.3003,3336.0000,3437.4335,3553.9182,2971.6124
2023-03-16,129,547.0000,797.4352,1136.9523,1216.8909,1672.3263,2361.0079,2564.7865,2780.0000,2700.3371,2574.2332,1913.6828
2023-03-16,129,596.0000,820.9794,1144.5869,1225.0587,1679.0000,2353.9646,2549.1087,2776.5721,2688.9695,2560.2862,1909.0000
2023-03-21,129,618.2887,757.1596,1180.9659,1161.3390,1796.9736,2890.0648,3104.0449,3184.0000,3222.1566,2782.9512,2039.0000
2023-03-21,129,682.0000,796.9931,1192.5052,1160.9571,1785.5702,2829.8643,3049.0022,3136.0000,3157.5360,2750.5807,2021.5252
2023-03-29,129,599.0000,717.0804,981.6355,826.0000,1390.0966,2511.0000,2833.0000,3122.4566,2981.6776,1827.0000,1331.5000
2023-03-29,129,648.0000,720.6667,973.7160,809.4481,1244.5737,2321.0000,2627.6014,2938.0000,2681.5266,1681.9591,1256.0000
2023-04-03,129,324.8244,465.0084,856.5079,681.4353,1406.6739,3016.0000,3493.0000,3722.6892,3650.0000,2218.4069,1418.3480
2023-04-03,129,402.6004,516.9349,885.5554,701.5025,1398.2532,2994.0000,3450.7343,3682.4296,3577.6733,2209.9573,1433.8905
2023-04-05,129,567.0000,693.3059,1049.4585,821.4457,1563.9266,3218.7661,3635.0485,3984.7600,3780.7687,2339.3804,1556.0765
2023-04-05,129,652.3858,753.3168,1093.0666,865.4190,1576.9989,3188.9566,3588.5366,3952.0000,3764.1446,2333.5498,1570.4920
2023-04-05,129,585.0000,717.4777,1101.1581,873.7603,1642.6372,3369.0000,3819.6381,4163.5869,3922.5780,2381.9704,1564.1144
2023-04-05,129,616.0000,725.1907,1093.3464,845.7891,1610.6230,3280.5278,3700.2740,4073.4069,3852.0141,2363.4937,1565.0000
2023-04-08,129,1996.8755,1936.0000,2060.5841,1748.8799,2410.2861,3649.4533,4034.0000,4153.9355,4089.0000,2182.1627,1638.4904
2023-04-08,129,1377.0000,1484.0000,1718.0000,1509.2572,2101.8585,3290.9988,3706.0000,3892.0000,3812.0000,2161.7471,1622.8898
2023-04-10,129,441.0000,489.3496,873.4229,668.7996,1466.2616,3228.4194,3714.6049,3996.0000,3909.0060,2225.8913,1378.0559
2023-04-10,129,498.4382,533.9772,896.3098,673.8620,1461.0000,3189.0538,3670.6533,3921.7889,3883.2603,2205.0221,1373.5453
2023-04-15,129,1566.0000,1634.0000,1722.0000,1486.0000,1956.5293,3194.5389,3677.0000,3836.0000,3746.4058,1530.0000,1062.0000
2023-04-18,129,259.0000,353.3906,641.7497,420.6133,1132.0000,2787.2435,3402.6281,3494.6002,3536.0000,1591.0000,905.3767
2023-04-18,129,340.0000,422.1432,681.0989,441.2114,1130.0000,2769.1397,3380.0815,3459.6455,3528.0000,1561.0000,924.0000
2023-04-23,129,-9999.0000,-9999.0000,-9999.0000,-9999.0000,-9999.0000,-9999.0000,-9999.0000,-9999.0000,-9999.0000,-9999.0000,-9999.0000
2023-04-23,129,-9999.0000,-9999.0000,-9999.0000,-9999.0000,-9999.0000,-9999.0000,-9999.0000,-9999.0000,-9999.0000,-9999.0000,-9999.0000
2023-04-30,129,-9999.0000,-9999.0000,-9999.0000,-9999.0000,-9999.0000,-9999.0000,-9999.0000,-9999.0000,-9999.0000,-9999.0000,-9999.0000
2023-04-30,129,-9999.0000,-9999.0000,-9999.0000,-9999.0000,-9999.0000,-9999.0000,-9999.0000,-9999.0000,-9999.0000,-9999.0000,-9999.0000
2023-05-05,129,179.0000,246.7500,440.7291,240.9684,768.9661,2744.0000,3672.0000,3704.4438,3784.4151,1315.9357,672.0000
2023-05-05,129,310.0000,364.6118,532.4604,313.4935,817.0000,2672.0000,3531.0000,3655.1523,3697.0000,1317.0690,689.1983
2023-05-13,129,-9999.0000,-9999.0000,-9999.0000,-9999.0000,-9999.0000,-9999.0000,-9999.0000,-9999.0000,-9999.0000,-9999.0000,-9999.0000
2023-05-13,129,-9999.0000,-9999.0000,-9999.0000,-9999.0000,-9999.0000,-9999.0000,-9999.0000,-9999.0000,-9999.0000,-9999.0000,-9999.0000
2023-05-15,129,275.0000,334.6967,520.4221,274.4822,820.9900,2701.8099,3769.0000,3795.2596,3884.0000,1206.1498,581.2713
2023-05-15,129,294.0000,348.2034,528.2239,280.1254,825.1256,2686.0000,3671.0000,3794.4361,3797.0000,1205.8192,580.4905
2023-05-18,129,-9999.0000,-9999.0000,-9999.0000,-9999.0000,-9999.0000,-9999.0000,-9999.0000,-9999.0000,-9999.0000,-9999.0000,-9999.0000
2023-05-18,129,-9999.0000,-9999.0000,-9999.0000,-9999.0000,-9999.0000,-9999.0000,-9999.0000,-9999.0000,-9999.0000,-9999.0000,-9999.0000
2023-05-23,129,124.0000,196.5544,437.8153,285.2784,793.6764,2524.0163,3519.0000,3608.0592,3806.8408,1280.7981,670.1448
2023-05-23,129,216.0000,268.1986,489.2525,325.3054,832.7937,2508.1631,3510.0000,3569.9466,3780.7498,1286.8060,669.0000
2023-05-25,129,153.0000,286.2671,525.4121,341.7070,912.6279,2757.0000,3861.0000,3992.0000,4186.0000,1466.8783,790.0000
2023-05-25,129,345.0000,420.0955,624.8379,417.2391,964.9486,2677.0000,3677.0000,3859.7265,3975.0000,1475.0000,797.8239
2023-05-28,129,-9999.0000,-9999.0000,-9999.0000,-9999.0000,-9999.0000,-9999.0000,-9999.0000,-9999.0000,-9999.0000,-9999.0000,-9999.0000
2023-05-28,129,-9999.0000,-9999.0000,-9999.0000,-9999.0000,-9999.0000,-9999.0000,-9999.0000,-9999.0000,-9999.0000,-9999.0000,-9999.0000
2023-05-30,129,1234.3028,1201.2491,1453.6710,1184.9195,1810.6374,3615.0000,4322.0000,4561.5111,4618.7620,1861.5043,1176.8842
2023-05-30,129,1249.0000,1224.5152,1489.0964,1201.5671,1817.3090,3571.2328,4268.2515,4464.9526,4540.3065,1866.3191,1174.0000
2023-06-02,129,64.0163,153.7260,449.6103,326.3807,955.0666,2548.0000,3342.0000,3484.7025,3774.9516,1453.0614,774.3046
2023-06-02,129,164.0000,224.4354,497.7217,361.6589,969.0000,2516.8958,3297.4701,3441.9485,3714.7847,1452.7601,761.6082
2023-06-04,129,242.0000,389.8210,689.1894,525.4481,1203.1657,2729.0000,3515.8355,3540.3774,3859.0000,1675.2735,945.0000
2023-06-04,129,296.5724,433.4233,717.1495,549.4634,1225.0000,2723.1997,3470.0000,3542.0898,3880.9518,1673.5152,961.2782
2023-06-07,129,40.0000,130.4127,406.1714,297.3925,941.8109,2280.2728,2922.9461,3112.1857,3275.0000,1356.2787,747.2566
2023-06-07,129,206.0000,312.4883,536.1153,398.3485,974.4775,2267.7440,2865.4533,3031.3090,3227.0000,1346.8707,753.6565
2023-06-09,129,570.7124,536.0000,861.3749,692.8475,1398.4577,2734.0000,3204.4543,3346.2310,3579.5447,1797.3990,996.1896
2023-06-09,129,651.0000,656.4772,934.9685,749.2442,1405.0250,2709.1107,3156.2834,3250.1619,3538.5515,1796.6367,997.7848
2023-06-12,129,0.0518,133.5882,498.1116,493.7665,1145.9342,2171.2327,2571.0889,2774.3349,2995.5740,1717.0000,987.5410
2023-06-12,129,134.0000,252.3764,580.8412,548.8293,1173.7062,2171.4107,2531.3904,2728.6562,2931.9284,1699.1364,984.7196
2023-06-14,129,1296.0000,970.0000,1516.0000,1576.0000,2112.0000,2984.0000,3349.0000,3848.0000,3535.0000,2657.0000,2131.0000
2023-06-14,129,-9999.0000,-9999.0000,-9999.0000,-9999.0000,-9999.0000,-9999.0000,-9999.0000,-9999.0000,-9999.0000,-9999.0000,-9999.0000
2023-06-17,129,246.4298,414.4752,693.0676,729.7666,1273.6823,2041.4623,2366.1799,2533.1677,2690.4125,1872.0932,1176.7573
2023-06-17,129,357.0000,496.4724,752.8741,762.0000,1289.0000,2028.9725,2340.4910,2514.6300,2668.2284,1867.1879,1193.6436
2023-06-19,129,301.2078,404.1684,795.9952,874.7464,1523.3325,2314.9163,2556.3689,2619.5512,2946.3302,2241.2263,1380.7301
2023-06-19,129,508.4691,609.5779,913.8583,932.7601,1501.6380,2219.0135,2476.1905,2524.5471,2836.0179,2194.5846,1368.7301
2023-06-22,129,-9999.0000,-9999.0000,-9999.0000,-9999.0000,-9999.0000,-9999.0000,-9999.0000,-9999.0000,-9999.0000,-9999.0000,-9999.0000
2023-06-24,129,413.1683,638.3777,976.6118,1092.8545,1637.2235,2308.0000,2616.3906,2690.7577,2938.0000,2644.1602,1716.3768
2023-06-24,129,436.3511,646.7500,981.7421,1092.6061,1641.8328,2324.4674,2629.9362,2697.4806,2967.0000,2643.0883,1723.6763
2023-06-27,129,321.2843,530.4300,908.9495,1085.3400,1664.6298,2396.2860,2772.8567,2854.4808,3147.4438,2707.3140,1699.3702
2023-06-27,129,369.6851,560.0259,921.1670,1088.0000,1661.6303,2381.0753,2738.8533,2838.7492,3122.5596,2699.8666,1690.4167
2023-06-29,129,402.9793,541.3791,993.4274,1194.8549,1704.6338,2571.1636,2800.3651,2891.1837,3164.0000,2701.8340,1659.9617
2023-06-29,129,537.0000,646.1503,1034.0000,1197.2533,1670.0000,2467.0449,2721.7061,2809.5238,3048.9107,2654.2941,1648.8314
2023-07-02,129,206.8155,414.2500,806.2645,993.6193,1488.5267,2266.8402,2513.8771,2443.7504,2772.6646,2410.0173,1484.7597
2023-07-02,129,536.0000,622.2382,912.2175,1012.9685,1448.2157,2172.6533,2396.9736,2354.6807,2617.9763,2328.9067,1457.4981
2023-07-04,129,356.0000,590.0000,932.5690,1097.1570,1613.2368,2404.8938,2707.1383,2707.5598,2940.1408,2627.6385,1668.5453
2023-07-04,129,477.0000,668.1259,962.0000,1088.0000,1578.6281,2331.6775,2642.5277,2643.8201,2851.1108,2587.0000,1653.7600
2023-07-07,129,408.9565,690.3515,1002.0000,1377.1368,1780.7915,2224.9137,2530.7600,2755.6551,2949.3010,3537.7522,2321.1832
2023-07-07,129,468.0000,726.4824,1018.3499,1376.7677,1769.1580,2217.5230,2515.8675,2730.3215,2929.9822,3508.3804,2313.6894
2023-07-09,129,505.0855,724.6862,1104.0000,1571.1240,2042.0702,2532.5757,2796.2216,2963.7320,3245.3726,3915.0000,2474.2560
2023-07-09,129,604.0000,786.2326,1122.0000,1531.1388,1989.8167,2480.0011,2738.6198,2890.0564,3172.7848,3833.0000,2449.2838
2023-07-12,129,-9999.0000,-9999.0000,-9999.0000,-9999.0000,-9999.0000,-9999.0000,-9999.0000,-9999.0000,-9999.0000,-9999.0000,-9999.0000
2023-07-14,129,486.6150,757.4483,1102.0000,1403.1486,1913.6284,2585.7392,2939.4560,3114.3439,3313.9452,3673.5536,2365.1562
2023-07-14,129,576.0000,806.2159,1120.0000,1376.7111,1860.6444,2533.1090,2883.8744,3066.2608,3252.7501,3604.2834,2329.2570
2023-07-17,129,296.4685,548.0541,864.3595,1056.8112,1574.1415,2368.5530,2740.9797,2867.0637,3115.1618,3237.5447,2004.0650
2023-07-17,129,446.3934,642.2799,916.0642,1077.8309,1549.6070,2317.0299,2681.0000,2801.4728,3054.9778,3177.0160,1989.3326
2023-07-19,129,-9999.0000,-9999.0000,-9999.0000,-9999.0000,-9999.0000,-9999.0000,-9999.0000,-9999.0000,-9999.0000,-9999.0000,-9999.0000
2023-07-22,129,-9999.0000,-9999.0000,-9999.0000,-9999.0000,-9999.0000,-9999.0000,-9999.0000,-9999.0000,-9999.0000,-9999.0000,-9999.0000
2023-07-22,129,-9999.0000,-9999.0000,-9999.0000,-9999.0000,-9999.0000,-9999.0000,-9999.0000,-9999.0000,-9999.0000,-9999.0000,-9999.0000
2023-07-27,129,448.0000,686.3820,1037.2750,1094.0000,1691.1279,2675.2136,3076.2556,3201.0053,3362.4073,3069.6270,2051.5936
2023-07-27,129,487.0000,710.0000,1052.9430,1098.0000,1669.4537,2661.0000,3051.4639,3193.9549,3347.5156,3053.7951,2067.5789
2023-07-29,129,600.0000,769.0960,1225.0432,1314.7408,1994.0000,3170.4576,3517.0304,3562.5629,3867.0625,3652.9255,2221.8751
2023-07-29,129,643.0000,788.4753,1228.0063,1306.3959,2004.0000,3162.8747,3502.5326,3539.0604,3850.5430,3642.0000,2214.0000
2023-08-03,129,-9999.0000,-9999.0000,-9999.0000,-9999.0000,-9999.0000,-9999.0000,-9999.0000,-9999.0000,-9999.0000,-9999.0000,-9999.0000
2023-08-06,129,361.0000,525.0550,881.3829,675.8486,1325.3010,2857.3726,3303.6106,3319.2606,3479.7669,2605.5400,1550.0000
2023-08-06,129,400.0000,549.6273,893.2298,684.2355,1335.0000,2868.2143,3331.0000,3317.0370,3479.5523,2594.0000,1545.0000
2023-08-08,129,500.0000,556.0000,987.4272,715.0079,1466.4306,3376.0000,3771.5026,3813.1048,4002.6749,2897.0000,1620.0781
2023-08-08,129,534.0000,579.3713,1012.1020,723.1043,1476.1739,3378.9494,3795.8274,3815.9092,4013.2574,2896.0000,1640.7792
2023-08-11,129,-9999.0000,-9999.0000,-9999.0000,-9999.0000,-9999.0000,-9999.0000,-9999.0000,-9999.0000,-9999.0000,-9999.0000,-9999.0000
2023-08-11,129,-9999.0000,-9999.0000,-9999.0000,-9999.0000,-9999.0000,-9999.0000,-9999.0000,-9999.0000,-9999.0000,-9999.0000,-9999.0000
2023-08-13,129,917.4060,1288.8993,1604.4064,2035.2187,2381.0426,2531.9546,2754.5479,2796.3465,2971.9420,3946.0785,3335.6806
2023-08-13,129,944.0000,1261.2149,1553.2439,1923.6464,2275.6326,2482.1249,2730.2033,2755.4280,2923.3385,3852.4850,3318.1417
2023-08-16,129,853.0000,1145.1111,1437.8253,1795.8596,2105.4975,2345.9869,2595.3605,2601.9868,2812.4682,3600.0000,3036.6036
2023-08-16,129,898.4626,1161.0375,1437.2404,1794.8786,2097.8571,2353.1727,2595.8511,2602.1344,2786.6085,3601.6287,3010.2568
2023-08-18,129,977.0000,1205.3430,1579.2377,1965.0946,2405.1365,2745.9703,2906.5885,2851.6125,3162.3815,3806.0437,3110.6498
2023-08-18,129,994.3610,1209.2466,1560.9050,1923.2540,2324.3249,2692.2796,2876.4384,2827.9583,3117.0008,3733.7158,3079.0890
2023-08-21,129,748.0000,949.0749,1294.0000,1570.5922,1978.0000,2433.4222,2652.1027,2699.7684,2876.0160,3419.7437,2709.1722
2023-08-21,129,781.0000,976.6174,1296.7089,1563.1841,1957.9123,2424.7196,2643.6734,2692.0000,2859.7591,3386.9988,2699.5431
2023-08-23,129,796.0000,1081.0467,1444.7567,1675.2888,2114.5030,2705.6286,3003.4510,3021.2867,3195.7960,3651.8129,3004.0460
2023-08-23,129,855.0000,1088.8004,1404.6957,1585.8869,2001.6149,2614.4923,2917.2303,2932.8367,3109.8677,3546.6798,2946.8366
2023-08-26,129,649.0000,864.7126,1209.2057,1289.5479,1753.2505,2577.0221,2897.7058,2917.2650,3078.7682,3186.4256,2539.8964
2023-08-26,129,702.0000,902.1430,1221.2029,1284.3926,1733.4186,2556.8575,2864.6839,2894.0000,3054.0000,3152.3658,2522.6871
2023-08-31,129,466.0000,566.0000,855.0000,689.4660,1157.0000,2248.0000,2522.0000,2473.1680,2649.0000,1777.0000,1044.4891
2023-08-31,129,635.0000,687.0000,916.6129,730.0000,1188.0000,2347.1087,2612.0000,2503.3182,2739.0000,1848.8140,1089.5813
2023-09-02,129,542.0000,726.2145,1068.0000,948.8453,1532.5222,2884.7822,3299.9392,3283.0480,3435.9088,2712.6493,1788.6933
2023-09-02,129,604.0000,766.0000,1078.0000,953.0728,1519.0000,2844.6047,3261.5826,3232.5951,3381.1802,2685.5175,1780.7120
2023-09-05,129,479.0000,650.6521,1032.4537,848.5535,1448.8337,3037.8719,3501.9581,3642.6785,3658.3971,2784.9365,1906.5196
2023-09-05,129,530.0000,685.4090,1056.5394,852.8645,1443.0000,3017.2106,3477.0000,3617.6191,3633.7477,2778.0000,1900.9799
2023-09-07,129,520.0000,624.7860,1069.0687,813.4710,1493.0000,3405.6558,3843.3929,3962.8568,4036.1506,2917.7036,1820.8255
2023-09-07,129,571.0000,661.4555,1077.3174,816.7532,1478.4469,3366.1990,3794.0594,3915.3258,3973.7983,2897.3552,1804.8742
2023-09-10,129,399.0000,506.2682,904.6729,629.4979,1264.0000,3278.5415,3834.9581,3906.6034,4022.5854,2529.2406,1436.5820
2023-09-10,129,473.0000,558.0000,926.1930,644.7899,1268.6131,3238.0000,3780.8251,3873.4545,3960.8673,2508.6671,1434.1434
2023-09-12,129,-9999.0000,-9999.0000,-9999.0000,-9999.0000,-9999.0000,-9999.0000,-9999.0000,-9999.0000,-9999.0000,-9999.0000,-9999.0000
2023-09-17,129,998.0000,978.4474,1430.0000,996.5365,1851.0000,4128.0000,4635.3448,4562.0443,4920.8348,3290.6978,1876.4945
2023-09-25,129,237.0000,376.3781,710.4481,405.7010,1065.0000,3002.6466,3697.8348,3785.7068,3932.5065,2156.1758,1116.5265
2023-09-25,129,283.0000,406.4555,728.0000,417.1400,1064.0000,3009.0000,3660.0000,3778.0000,3910.0000,2144.0405,1121.5886
2023-09-27,129,477.0000,540.3757,904.2448,609.0285,1283.0000,3273.0000,3823.0000,3945.5138,4102.0614,2370.2419,1285.7661
2023-09-27,129,547.0000,588.1755,930.0000,629.0373,1276.0000,3229.5369,3773.0000,3914.3463,4058.9189,2348.0778,1270.0000
2023-09-30,129,-9999.0000,-9999.0000,-9999.0000,-9999.0000,-9999.0000,-9999.0000,-9999.0000,-9999.0000,-9999.0000,-9999.0000,-9999.0000
2023-09-30,129,-9999.0000,-9999.0000,-9999.0000,-9999.0000,-9999.0000,-9999.0000,-9999.0000,-9999.0000,-9999.0000,-9999.0000,-9999.0000
2023-10-02,129,300.0000,466.2331,776.5037,545.1704,1261.6471,3204.3238,3911.0000,4006.0061,4202.3895,2477.2024,1307.9563
2023-10-02,129,478.0000,594.3772,854.6293,617.7870,1281.4822,3078.0000,3740.5388,3865.4204,4069.7471,2420.4722,1300.3461
2023-10-07,129,330.2288,390.2128,700.2550,548.9810,1236.3223,2982.1877,3483.1340,3668.0290,3830.0000,2452.4937,1315.3402
2023-10-07,129,401.0000,442.3127,732.2332,577.3318,1237.3478,2922.8520,3414.0797,3601.1675,3798.1142,2433.0021,1318.3117
2023-10-12,129,-9999.0000,-9999.0000,-9999.0000,-9999.0000,-9999.0000,-9999.0000,-9999.0000,-9999.0000,-9999.0000,-9999.0000,-9999.0000
2023-10-17,129,307.0000,368.4041,644.1539,541.4603,1134.5135,2646.3618,3092.7038,3380.4609,3460.1814,2419.2444,1379.5480
2023-10-17,129,335.0000,388.4860,656.1645,545.2436,1134.2649,2653.0227,3091.3262,3379.6287,3476.2379,2428.4250,1371.3608
2023-10-22,129,234.0399,374.5911,592.4105,513.0250,1065.0439,2282.7598,2721.4383,2909.3004,3051.9808,2213.6083,1299.0000
2023-10-22,129,258.0000,386.4593,600.1154,513.3336,1069.1650,2266.8017,2711.0000,2914.0000,3027.1372,2214.0295,1297.6995
2023-10-27,129,249.0000,334.5079,650.3707,498.6177,1153.0000,2501.5025,2840.8341,2972.8442,3225.3132,2269.7264,1279.0000
2023-10-27,129,285.0000,360.2407,662.0000,508.9471,1157.0000,2503.0000,2857.0000,2967.1426,3249.0000,2242.0000,1283.0000
2023-11-04,129,116.2843,314.2548,544.2438,452.5016,976.0999,2007.0000,2386.9942,2682.5000,2748.2929,1968.0000,1214.1241
2023-11-04,129,180.0000,362.4612,584.3411,472.2965,986.6398,2005.8422,2386.1841,2675.2872,2754.7476,1958.0000,1207.0000
2023-11-11,129,236.8973,422.2947,644.3758,608.3462,1148.8330,2073.6174,2405.2836,2706.2712,2769.2125,2141.0210,1327.0000
2023-11-11,129,262.0000,438.4193,652.2035,608.0000,1146.5999,2051.6793,2404.0690,2701.2704,2757.0000,2149.9995,1318.7051
2023-11-19,129,456.0000,548.0000,684.0000,746.0000,1068.5416,1387.0000,1581.0000,1668.4284,1842.0000,1811.0000,1260.9674
2023-11-19,129,395.0000,458.3187,618.3889,672.6846,986.0000,1368.2733,1578.5717,1683.2476,1838.0000,1627.0000,1153.4764
2023-11-24,129,-9999.0000,-9999.0000,-9999.0000,-9999.0000,-9999.0000,-9999.0000,-9999.0000,-9999.0000,-9999.0000,-9999.0000,-9999.0000
2023-11-26,129,368.0000,526.2222,716.3355,952.9011,1297.0000,1627.0000,1834.9105,2163.5535,2266.7104,2638.0000,1748.0000
2023-11-26,129,406.0000,552.1791,732.6688,958.0181,1298.7811,1606.0000,1833.8546,2154.8515,2246.0072,2601.0000,1719.0000
2023-11-29,129,291.0000,480.4385,672.3981,968.4394,1293.9851,1573.0000,1810.4891,2138.0000,2251.6443,2469.4481,1592.0000
2023-11-29,129,350.0000,518.0000,710.0000,984.0000,1296.0000,1574.0000,1804.4194,2122.2442,2212.1322,2468.0000,1577.5048
2023-12-09,129,638.0000,906.0000,1176.0000,1410.0000,1949.0000,2474.0000,2716.0000,2798.0000,2998.0000,2669.0000,1840.0000
2023-12-09,129,698.0000,913.0000,1156.0000,1390.0000,1883.0000,2241.0000,2430.0000,2786.0000,2760.0000,2406.0000,1677.0000
2023-12-14,129,-9999.0000,-9999.0000,-9999.0000,-9999.0000,-9999.0000,-9999.0000,-9999.0000,-9999.0000,-9999.0000,-9999.0000,-9999.0000
2023-12-14,129,-9999.0000,-9999.0000,-9999.0000,-9999.0000,-9999.0000,-9999.0000,-9999.0000,-9999.0000,-9999.0000,-9999.0000,-9999.0000
2023-12-16,129,388.0000,588.2511,810.0000,1221.1313,1472.6914,1683.0000,1834.7965,2114.2980,2174.0220,2681.6037,1906.0872
2023-12-16,129,446.0000,622.4574,832.1956,1224.6375,1505.3132,1682.3349,1845.6558,2132.2168,2188.0215,2687.0000,1913.9484
2023-12-19,129,303.0000,530.6308,732.7002,1104.7341,1371.0000,1508.0000,1688.4268,1932.0528,2004.9985,2505.5889,1750.4140
2023-12-19,129,363.0000,564.4250,749.0000,1110.0000,1360.0000,1497.0000,1668.3616,1917.6547,1994.4722,2497.6139,1744.4946
2023-12-24,129,-9999.0000,-9999.0000,-9999.0000,-9999.0000,-9999.0000,-9999.0000,-9999.0000,-9999.0000,-9999.0000,-9999.0000,-9999.0000
2023-12-24,129,1694.0000,1876.0000,1896.0000,2036.0000,2350.0000,2456.8377,2584.1028,2752.8202,2785.9256,2938.0000,2298.2313
2024-01-05,129,-9999.0000,-9999.0000,-9999.0000,-9999.0000,-9999.0000,-9999.0000,-9999.0000,-9999.0000,-9999.0000,-9999.0000,-9999.0000
2024-01-08,129,-9999.0000,-9999.0000,-9999.0000,-9999.0000,-9999.0000,-9999.0000,-9999.0000,-9999.0000,-9999.0000,-9999.0000,-9999.0000
2024-01-08,129,-9999.0000,-9999.0000,-9999.0000,-9999.0000,-9999.0000,-9999.0000,-9999.0000,-9999.0000,-9999.0000,-9999.0000,-9999.0000
2024-01-13,129,356.0000,634.0000,758.4688,1044.0000,1248.0000,1373.8607,1500.5108,1707.1513,1746.9369,2361.6946,1890.3517
2024-01-13,129,472.0000,708.1796,804.5769,1060.0000,1253.0000,1374.4415,1498.0000,1691.2224,1722.3570,2340.7859,1877.2529
2024-01-15,129,-9999.0000,-9999.0000,-9999.0000,-9999.0000,-9999.0000,-9999.0000,-9999.0000,-9999.0000,-9999.0000,-9999.0000,-9999.0000
2024-01-20,129,352.0000,632.0155,768.5121,1084.0000,1299.0000,1442.0536,1570.8696,1897.6085,1834.0000,2601.6156,2018.1601
2024-01-20,129,407.0000,672.1286,805.0000,1104.0000,1300.7635,1445.5188,1588.1921,1890.9210,1824.5084,2600.8117,2026.0071
2024-01-23,129,426.0000,695.0000,824.0000,1110.0000,1307.0000,1409.0000,1544.5991,1725.4647,1737.5090,2305.0582,1936.0000
2024-01-23,129,494.0000,736.0000,846.2945,1116.0000,1301.0000,1401.9715,1525.9162,1726.0000,1722.6401,2296.9604,1929.2081
2024-01-25,129,623.0000,813.1770,1057.6689,1368.0000,1612.5487,1760.9478,1860.1934,1981.3566,2047.0000,2438.5247,1798.3081
2024-01-25,129,786.0000,936.7472,1124.0000,1376.0000,1604.6646,1743.0000,1848.5880,1952.9381,2029.4896,2409.4265,1773.3522
2024-01-28,129,503.0000,684.0000,868.2392,1194.0000,1407.0000,1492.9330,1613.0635,1819.4192,1852.0000,2597.4772,2085.7266
2024-01-28,129,566.0000,722.1926,884.3024,1196.0000,1398.5015,1488.0000,1609.3809,1808.9093,1842.8251,2581.8409,2080.8991
2024-01-30,129,485.0000,798.4133,946.0049,1328.0000,1553.0000,1652.0000,1796.0000,2050.9267,2037.0000,2832.9561,2362.3296
2024-01-30,129,584.0000,848.2962,976.2641,1332.0000,1538.0000,1640.0000,1774.3094,2041.4377,2001.2148,2801.0000,2349.0085
2024-02-02,129,199.0000,400.0000,455.0000,616.0000,708.0158,732.5873,797.0000,865.0620,888.0689,1098.9866,912.3188
2024-02-02,129,269.0000,444.0000,481.0000,628.2592,714.0000,740.2384,802.4903,869.8125,888.3652,1093.0000,906.4785
2024-02-04,129,274.0000,522.0718,850.0000,1402.0000,1682.0000,1825.2683,1976.0000,2140.3435,2265.1911,3104.7440,2544.3676
2024-02-04,129,338.0000,586.0000,890.0000,1404.0000,1689.0000,1801.0000,1969.9946,2123.2226,2245.0000,3097.5285,2524.5002
2024-02-14,129,626.0000,738.1027,918.4754,1152.6150,1357.7243,1485.0107,1563.0000,1690.4410,1731.7023,2148.0000,1655.0000
2024-02-14,129,707.0000,792.0000,950.2250,1160.4086,1365.0000,1488.1505,1569.0257,1699.2416,1747.8786,2163.0000,1665.6699
2024-02-17,129,-9999.0000,-9999.0000,-9999.0000,-9999.0000,-9999.0000,-9999.0000,-9999.0000,-9999.0000,-9999.0000,-9999.0000,-9999.0000
2024-02-17,129,-9999.0000,-9999.0000,-9999.0000,-9999.0000,-9999.0000,-9999.0000,-9999.0000,-9999.0000,-9999.0000,-9999.0000,-9999.0000
2024-02-19,129,430.0000,722.0000,910.3595,1244.0000,1516.4026,1617.4997,1773.0000,1914.0000,2003.0000,2864.0000,2347.0000
2024-02-19,129,485.0000,754.2103,928.4705,1250.0000,1516.6966,1610.5866,1764.7632,1907.2926,1993.9396,2866.0000,2345.7434
2024-03-05,129,536.0000,698.0000,964.0014,1196.4383,1538.7589,1829.5090,1964.4708,2081.1131,2153.9945,2643.0000,2003.0000
2024-03-05,129,499.0000,674.3994,962.3011,1201.2874,1542.4118,1861.0000,1979.0000,2083.0493,2187.0000,2669.0000,2006.4627
2024-03-13,129,276.0000,604.7531,873.2409,1052.1167,1382.0000,1674.0000,1852.9744,1947.3687,2025.0000,2362.0000,1931.3916
2024-03-13,129,516.0000,748.4882,953.2312,1036.6967,1363.0000,1691.5928,1840.0000,1953.4083,1998.0000,2251.0000,1851.7508
2024-03-20,129,462.6900,736.3872,1032.0000,1205.2982,1656.9392,2151.0000,2326.0000,2472.0534,2516.0000,3004.0000,2352.6367
2024-03-20,129,688.0000,872.0000,1100.0000,1208.8361,1616.0000,2105.2940,2260.4051,2392.0000,2428.9992,2903.0000,2308.0000
2024-03-23,129,1096.2978,1162.0000,1364.0000,1408.9426,1828.9332,2233.5972,2389.9144,2465.3868,2541.8686,2664.6760,2214.0000
2024-03-23,129,1102.8075,1185.5915,1448.0000,1505.1358,1966.0000,2476.3154,2627.2797,2748.8113,2758.7511,2743.0000,2237.0000
2024-03-25,129,577.0000,736.7939,1076.8956,1249.5360,1692.2256,2298.4532,2454.0000,2700.1005,2673.8795,3157.9369,2481.0000
2024-03-25,129,622.0000,757.6546,1088.7356,1252.0000,1691.0000,2280.0000,2461.9306,2689.7143,2685.0000,3130.8956,2482.9072
2024-03-30,129,2050.0000,1996.0000,2322.0000,2196.0000,2892.7448,3574.3947,3807.0000,3619.9497,3826.0160,2733.9964,2013.4529
2024-04-02,129,396.0000,588.3173,858.0000,924.3336,1398.5040,2109.7631,2317.0588,2466.9435,2483.2067,2405.0000,1735.0000
2024-04-02,129,438.0228,612.2226,868.1473,929.5064,1400.6628,2133.0000,2328.0236,2468.0000,2521.0000,2378.0607,1718.0000
2024-04-04,129,515.0000,634.0000,981.2798,1060.0000,1605.3251,2457.0000,2641.2521,2778.0000,2827.8651,2861.0000,2076.5000
2024-04-04,129,610.5726,700.1603,1012.5898,1060.0000,1589.5435,2447.0000,2632.0000,2732.1273,2818.5471,2830.5301,2051.3528
2024-04-07,129,674.0000,792.0000,1128.3018,1161.0722,1732.7934,2644.5901,2852.5110,3003.4141,3042.7924,2755.3619,1997.0000
2024-04-07,129,810.0000,884.6667,1180.0000,1177.6088,1717.5371,2586.8233,2809.8511,2963.0000,3003.0845,2708.1870,1977.7916
2024-04-09,129,-9999.0000,-9999.0000,-9999.0000,-9999.0000,-9999.0000,-9999.0000,-9999.0000,-9999.0000,-9999.0000,-9999.0000,-9999.0000
2024-04-12,129,450.0000,658.4155,994.2855,961.0461,1530.6906,2517.0077,2787.2656,2916.1366,2954.1745,2727.0000,2075.2076
2024-04-12,129,553.0000,720.0000,1013.0695,973.2797,1510.2119,2470.9103,2730.2637,2861.1267,2924.8062,2672.0000,2030.0000
2024-04-14,129,586.4972,674.8347,1049.5592,980.0385,1634.5637,2860.7000,3103.0000,3236.0000,3315.8890,2849.7936,2022.0585
2024-04-14,129,658.0000,738.3629,1072.6189,985.8433,1605.4639,2808.9725,3067.0969,3154.3590,3244.2060,2827.0000,1983.0000
2024-04-17,129,432.3946,556.3081,918.0000,805.0140,1472.9714,2724.1545,3011.4940,3210.7047,3242.1955,2549.4474,1672.0000
2024-04-17,129,409.0000,530.6544,908.0000,797.6279,1491.0000,2774.0000,3091.7158,3281.8514,3289.0619,2559.0000,1681.0000
2024-04-27,129,-9999.0000,-9999.0000,-9999.0000,-9999.0000,-9999.0000,-9999.0000,-9999.0000,-9999.0000,-9999.0000,-9999.0000,-9999.0000
2024-04-29,129,364.0000,520.5451,902.3066,744.2897,1544.8320,2868.4072,3267.6890,3490.2701,3453.0000,2497.0000,1542.4073
2024-04-29,129,439.0000,584.5355,926.0000,765.2853,1536.0000,2784.0000,3177.7110,3426.8844,3388.7008,2437.1322,1525.0000
2024-05-04,129,-9999.0000,-9999.0000,-9999.0000,-9999.0000,-9999.0000,-9999.0000,-9999.0000,-9999.0000,-9999.0000,-9999.0000,-9999.0000
2024-05-04,129,-9999.0000,-9999.0000,-9999.0000,-9999.0000,-9999.0000,-9999.0000,-9999.0000,-9999.0000,-9999.0000,-9999.0000,-9999.0000
2024-05-14,129,-9999.0000,-9999.0000,-9999.0000,-9999.0000,-9999.0000,-9999.0000,-9999.0000,-9999.0000,-9999.0000,-9999.0000,-9999.0000
2024-05-14,129,-9999.0000,-9999.0000,-9999.0000,-9999.0000,-9999.0000,-9999.0000,-9999.0000,-9999.0000,-9999.0000,-9999.0000,-9999.0000
2024-05-17,129,105.5462,244.5393,757.9492,372.5291,1422.9834,3634.9836,4084.3060,4245.7080,4269.0000,1833.0322,896.6871
2024-05-17,129,236.0000,334.3969,805.4654,424.6905,1413.8180,3541.9217,3986.2946,4146.5931,4181.0000,1825.0000,890.3218
2024-05-22,129,-9999.0000,-9999.0000,-9999.0000,-9999.0000,-9999.0000,-9999.0000,-9999.0000,-9999.0000,-9999.0000,-9999.0000,-9999.0000
2024-05-22,129,-9999.0000,-9999.0000,-9999.0000,-9999.0000,-9999.0000,-9999.0000,-9999.0000,-9999.0000,-9999.0000,-9999.0000,-9999.0000
2024-05-24,129,345.8585,390.7434,869.4908,528.8910,1541.0000,3552.2068,3946.7155,4055.6948,4148.5092,2158.6521,1124.9538
2024-05-24,129,356.0000,410.3948,877.2281,536.5972,1546.0950,3564.9126,3949.5122,4054.3122,4133.1072,2144.0000,1116.3482
2024-05-27,129,-9999.0000,-9999.0000,-9999.0000,-9999.0000,-9999.0000,-9999.0000,-9999.0000,-9999.0000,-9999.0000,-9999.0000,-9999.0000
2024-06-01,129,57.6152,202.4466,581.2075,300.6871,1093.2280,2707.0000,3142.4188,3109.1226,3309.0000,1338.6541,684.6788
2024-06-01,129,285.0000,366.1397,677.7181,389.5563,1119.0000,2627.6160,3028.5128,3031.8877,3211.6410,1323.0000,682.2334
2024-06-03,129,-9999.0000,-9999.0000,-9999.0000,-9999.0000,-9999.0000,-9999.0000,-9999.0000,-9999.0000,-9999.0000,-9999.0000,-9999.0000
2024-06-06,129,924.0000,1169.2817,1564.8395,1785.5144,2605.9689,3132.8708,3515.4535,3747.6523,4071.0000,3867.9162,2396.8072
2024-06-06,129,987.0000,1176.5157,1532.0197,1745.7041,2467.3194,3006.0000,3394.0000,3626.1020,3949.0000,3803.7519,2340.7211
2024-06-16,129,649.0000,738.5800,1114.3280,1188.6167,1755.7951,2483.0472,2691.6006,2714.6126,2890.5191,3116.7705,2306.2482
2024-06-16,129,697.0000,817.1905,1145.0223,1211.2945,1747.0000,2461.6296,2652.9714,2698.6375,2861.0023,3101.7719,2290.5380
2024-06-18,129,1073.5161,1345.0324,1632.5743,1970.3478,2216.0000,2315.4967,2467.9625,2554.8895,2626.7659,3577.3358,3348.1510
2024-06-18,129,1090.0000,1356.4370,1644.1805,1979.6950,2216.6848,2307.1038,2476.4201,2554.4666,2619.8490,3577.0850,3349.1899
2024-06-26,129,1107.0000,1346.0819,1731.5271,2241.7500,2530.0000,2673.1739,2859.6916,2899.2357,3113.5516,4124.4241,3504.8713
2024-06-26,129,1109.0000,1378.1247,1771.2937,2289.2556,2602.8971,2738.5063,2914.7656,2954.1292,3177.5763,4169.7995,3530.0477
2024-06-28,129,1235.0000,1637.4191,2027.3747,2523.1571,2836.4602,2885.3628,3090.0949,3092.2725,3260.9491,4332.1158,3979.6150
2024-06-28,129,1209.0000,1546.5122,1898.5883,2322.7264,2659.0087,2782.0889,2994.6933,2971.7755,3154.9489,4228.0028,3913.6555
2024-07-06,129,1213.0000,1352.0000,1746.2768,1820.0000,2138.0000,2845.0000,3115.0000,3189.3956,3330.0000,3092.0000,2543.0000
2024-07-06,129,1168.0000,1306.0000,1708.0000,1774.0000,2197.8000,2844.2000,3099.0000,3050.0000,3217.0000,3077.0000,2458.0000
2024-07-08,129,1056.0000,1386.8305,1849.5025,1924.1343,2451.0500,3374.6677,3721.0667,3664.0000,3885.7653,3910.0000,3210.3022
2024-07-08,129,1034.0000,1409.5328,1915.5000,1987.4222,2516.5134,3440.7837,3785.8962,3740.0000,3936.8977,3955.6645,3246.9195
2024-07-11,129,834.0000,1123.2725,1610.3253,1636.0000,2235.8634,3201.2257,3526.3482,3476.7850,3705.4106,3587.6293,2900.1782
2024-07-11,129,842.0000,1140.6667,1594.2282,1610.8673,2196.7057,3166.2759,3488.6511,3440.0000,3673.0775,3580.0000,2885.0726
2024-07-13,129,1087.0000,1267.0059,1738.3323,1819.0000,2538.0073,3633.7885,3869.0000,3764.0000,4114.1051,3891.0762,2941.0000
2024-07-13,129,1086.0000,1265.4563,1730.5586,1811.8624,2498.0000,3606.2788,3837.7861,3744.0000,4068.7795,3888.0512,2940.4638
2024-07-16,129,755.0000,970.5272,1385.7880,1523.4237,2156.9306,3161.1593,3457.9269,3488.6938,3704.8411,3469.0000,2562.0106
2024-07-16,129,825.0000,1001.0737,1377.3561,1482.6597,2074.8471,3077.0642,3369.5443,3404.0000,3617.6785,3419.3867,2554.4856
2024-07-18,129,797.1260,1045.0135,1438.0000,1460.2635,2139.7969,3361.0222,3777.9430,3844.0000,4002.2252,3699.2747,2730.8078
2024-07-18,129,850.0000,1062.0000,1428.8000,1442.4205,2101.0000,3280.7311,3714.6095,3776.0000,3933.7432,3656.4009,2707.8335
2024-07-21,129,543.0000,693.4439,1061.2187,986.2146,1636.7408,3144.6310,3600.6008,3618.0880,3820.3338,3035.6341,2116.3987
2024-07-21,129,571.0000,721.3032,1073.5774,995.7425,1621.2199,3122.4945,3594.0000,3602.5885,3794.0000,3027.9636,2127.0000
2024-07-23,129,448.0000,496.0000,802.0000,579.0000,1210.0000,3102.0000,3473.0000,3452.0000,3577.0000,2211.0000,1156.9990
2024-07-23,129,506.0000,562.0000,830.0000,735.0000,1244.0000,2535.0000,2846.0000,2712.0000,3016.0000,2054.0000,1167.0000
2024-07-26,129,346.0000,374.1077,721.2419,500.1058,1185.7448,3478.0000,4040.3679,3961.9596,4214.2784,2620.5032,1512.7688
2024-07-26,129,550.0000,517.7096,793.4588,562.2458,1192.6551,3326.6404,3842.9707,3776.0000,4009.2079,2569.1703,1498.6154
2024-07-28,129,359.0000,397.1378,730.1584,434.7941,1188.7756,3907.9350,4795.0000,4730.7643,4938.0629,2837.4627,1564.8596
2024-07-28,129,523.0000,556.7118,817.4432,516.8572,1189.4131,3714.8578,4579.3219,4450.0973,4698.9767,2782.3637,1547.9249
2024-07-31,129,264.4168,361.1950,625.1324,396.2881,977.5638,3555.7598,4465.5399,4377.8068,4610.0000,2324.0000,1249.4907
2024-07-31,129,428.0000,482.4736,697.1967,465.3772,1000.6824,3411.2297,4323.1086,4208.3372,4458.7510,2289.2746,1237.2773
2024-08-05,129,-9999.0000,-9999.0000,-9999.0000,-9999.0000,-9999.0000,-9999.0000,-9999.0000,-9999.0000,-9999.0000,-9999.0000,-9999.0000
2024-08-05,129,-9999.0000,-9999.0000,-9999.0000,-9999.0000,-9999.0000,-9999.0000,-9999.0000,-9999.0000,-9999.0000,-9999.0000,-9999.0000
2024-08-07,129,198.0000,249.4911,450.1331,245.4175,765.2829,3606.0000,4996.0417,4854.7737,5081.5443,2273.2456,1129.4024
2024-08-07,129,377.0000,408.4753,557.4831,337.2457,822.5666,3388.4692,4643.5543,4579.1927,4769.0000,2243.1096,1120.7530
2024-08-10,129,226.0000,288.6462,445.0869,249.1300,689.0374,3321.0000,4566.0000,4548.6287,4726.9648,2035.1633,990.2528
2024-08-10,129,296.0000,332.4243,473.7813,273.0278,704.7014,3294.0000,4487.1685,4484.5685,4653.0688,2020.9132,993.2211
2024-08-12,129,300.0000,305.7847,505.3667,313.3940,793.8470,3611.0000,4755.2895,4722.7478,5003.0000,2216.6539,1077.6175
2024-08-12,129,352.0000,341.2067,534.1861,325.2275,797.0000,3594.0000,4651.9435,4693.0655,4857.7352,2212.7959,1073.1548
2024-08-12,129,301.0000,305.3239,512.8569,309.7589,786.9888,3652.2641,4840.5082,4773.5157,5005.3710,2235.5570,1081.4430
2024-08-12,129,360.0000,349.2667,544.5466,340.6650,813.5000,3605.4692,4744.9070,4728.0000,4901.5265,2218.1214,1074.8017
2024-08-15,129,186.0000,224.3860,417.0456,253.2748,709.0000,3477.0005,4817.5000,4681.6558,5000.7617,2028.9717,943.0000
2024-08-15,129,316.0000,314.3481,477.1979,304.7735,746.0000,3421.2400,4630.4521,4552.2482,4810.6478,2011.7736,946.0000
2024-08-17,129,-9999.0000,-9999.0000,-9999.0000,-9999.0000,-9999.0000,-9999.0000,-9999.0000,-9999.0000,-9999.0000,-9999.0000,-9999.0000
2024-08-17,129,-9999.0000,-9999.0000,-9999.0000,-9999.0000,-9999.0000,-9999.0000,-9999.0000,-9999.0000,-9999.0000,-9999.0000,-9999.0000
2024-08-20,129,-9999.0000,-9999.0000,-9999.0000,-9999.0000,-9999.0000,-9999.0000,-9999.0000,-9999.0000,-9999.0000,-9999.0000,-9999.0000
2024-08-20,129,-9999.0000,-9999.0000,-9999.0000,-9999.0000,-9999.0000,-9999.0000,-9999.0000,-9999.0000,-9999.0000,-9999.0000,-9999.0000
2024-08-22,129,106.0000,129.7349,385.5315,200.8509,717.3459,4229.6098,5634.8947,5554.2179,5811.2780,2243.7753,1010.2904
2024-08-22,129,417.0000,376.4412,556.8959,345.4288,816.4494,3859.3016,5127.7550,5131.0458,5326.9718,2188.3852,1010.2369
2024-08-25,129,234.0000,250.6843,397.2686,229.2092,635.1419,3506.0299,4900.0000,4872.4097,5098.7647,1946.0720,826.3848
2024-08-25,129,316.0000,314.4870,437.1080,257.5132,661.2565,3444.5727,4793.9778,4774.4422,5015.9711,1939.2360,824.7742
2024-08-27,129,345.0000,421.2993,568.6135,309.4010,778.5427,3832.8714,5595.7578,5494.8170,5815.0000,2203.5019,995.8795
2024-08-27,129,505.0000,534.0722,624.8882,397.3757,828.4578,3611.8044,5223.2785,5132.0000,5440.0000,2163.9445,1003.2008
2024-08-30,129,344.0000,396.2171,493.5043,301.0915,676.3047,3252.7187,4702.0000,4629.5907,4931.1539,1883.8833,842.8665
2024-08-30,129,371.0000,406.6441,492.9441,297.3554,677.5617,3278.5105,4723.7019,4677.1945,4971.1158,1883.4640,855.0000
2024-09-04,129,211.0000,241.0591,409.9084,250.3635,675.9239,3460.7135,4744.8847,4664.1684,4978.3832,1939.4886,851.9509
2024-09-04,129,340.5671,330.9858,473.1766,297.4673,710.6615,3364.7638,4659.0000,4534.0634,4889.4643,1925.4962,853.1386
2024-09-09,129,-9999.0000,-9999.0000,-9999.0000,-9999.0000,-9999.0000,-9999.0000,-9999.0000,-9999.0000,-9999.0000,-9999.0000,-9999.0000
2024-09-09,129,-9999.0000,-9999.0000,-9999.0000,-9999.0000,-9999.0000,-9999.0000,-9999.0000,-9999.0000,-9999.0000,-9999.0000,-9999.0000
2024-09-11,129,280.0015,257.6455,469.3425,221.2318,804.0000,4166.4623,5285.6800,5256.2324,5476.0029,2179.2231,946.6381
2024-09-11,129,355.0000,330.2875,517.1118,261.5910,825.0000,4069.5076,5201.0000,5112.0719,5400.7043,2163.0544,948.1274
2024-09-16,129,922.0000,917.1604,1141.2137,758.3846,1546.4983,4340.3956,5402.6617,5643.5418,5579.5030,2397.4206,1313.0000
2024-09-16,129,960.0000,945.9403,1162.0000,772.1949,1510.0000,4344.0000,5385.1591,5639.5827,5538.7143,2401.3820,1293.0000
2024-09-21,129,286.0000,313.2605,693.3344,371.6746,1364.8062,4126.8846,4811.1810,4888.0541,5059.5227,2059.1296,945.2207
2024-09-21,129,375.0000,385.2378,729.9034,405.7777,1365.5854,4019.9301,4660.4822,4743.4886,4934.7450,2035.9264,946.7143
2024-09-24,129,203.0000,280.1538,758.1371,481.2506,1817.7497,4326.5977,4832.4527,4981.3215,5080.7610,2091.0000,977.1528
2024-09-24,129,294.2040,337.1757,782.1311,501.6201,1805.5000,4220.6523,4776.9599,4887.3005,5010.2084,2073.7797,974.0610
2024-09-29,129,188.6070,396.0000,945.5052,801.1087,2168.0000,3386.9691,3748.0870,4106.1118,4171.5289,2091.0000,1163.1295
2024-09-29,129,211.0000,406.7707,952.2689,800.8971,2192.9700,3407.0000,3783.9422,4119.0260,4181.0888,2085.7393,1164.1439
2024-10-11,129,304.0057,396.1989,592.6587,769.4378,1116.0000,1500.4995,1667.8932,1814.0808,1946.4989,2001.4667,1485.3614
2024-10-11,129,304.3554,392.5517,584.6273,765.6586,1115.0000,1497.0000,1708.9670,1814.1647,1995.7311,1989.2000,1484.8180
2024-10-21,129,440.0000,508.3801,662.0000,788.1648,1044.7086,1348.2100,1498.4532,1595.1007,1715.6853,1996.0000,1511.0000
2024-10-21,129,526.8879,584.2474,730.4618,820.4993,1065.0000,1362.1334,1490.2177,1595.9331,1701.0658,1980.0000,1501.0000
2024-10-26,129,-9999.0000,-9999.0000,-9999.0000,-9999.0000,-9999.0000,-9999.0000,-9999.0000,-9999.0000,-9999.0000,-9999.0000,-9999.0000
2024-10-29,129,274.7446,452.3692,560.1920,642.3976,876.1866,1178.8492,1324.5169,1395.8858,1470.7597,1699.0000,1382.0000
2024-10-29,129,315.0000,472.3089,570.1607,644.3907,873.5620,1170.2684,1323.3557,1396.0000,1477.7842,1685.0000,1382.0000
2024-10-31,129,322.0000,420.2715,566.2727,642.2269,893.7554,1242.5340,1354.2556,1482.6635,1533.2043,1905.0000,1478.0318
2024-10-31,129,324.1346,412.2726,560.2716,636.7179,893.7359,1236.0734,1356.4772,1475.2508,1532.2917,1906.0000,1457.0000
2024-11-03,129,492.9807,580.0000,695.0000,746.6376,1002.9844,1330.3094,1466.9009,1571.2603,1628.3838,1917.0000,1493.6298
2024-11-03,129,506.0000,580.0912,692.2817,740.9462,977.2953,1316.3919,1454.0580,1562.7946,1622.0000,1890.2799,1469.6982
2024-11-05,129,326.7109,498.1508,596.1661,665.2457,901.4597,1305.8291,1450.2999,1618.1250,1621.8256,1900.6576,1509.0000
2024-11-05,129,288.9217,468.7125,564.1235,649.0814,897.3909,1299.8268,1451.0132,1618.3903,1615.0000,1910.8239,1517.0000
2024-11-08,129,349.0000,499.0000,570.4302,594.5065,800.7051,1081.1819,1193.8039,1268.7784,1306.6991,1317.9264,1082.0426
2024-11-08,129,428.0000,552.0000,604.2190,614.4131,812.2483,1094.0000,1202.6305,1274.2039,1313.4657,1318.0000,1078.4016
2024-11-10,129,331.0000,414.3386,560.7427,636.8843,909.6453,1324.4522,1468.6028,1651.9387,1636.2283,1853.0000,1416.0751
2024-11-10,129,355.0000,426.0821,566.0000,641.4374,897.6659,1337.3685,1460.1145,1643.3505,1628.3219,1840.0000,1422.7260
2024-11-13,129,300.6758,410.5138,548.7884,628.3661,888.9249,1300.5702,1453.0000,1619.8798,1617.4011,1804.6575,1349.6579
2024-11-13,129,344.3281,438.4239,578.3338,637.0498,888.9565,1305.8837,1443.7290,1610.4614,1612.3398,1793.0752,1362.0000
2024-11-15,129,495.0000,752.5141,964.1349,1117.8201,1508.0000,1920.3237,2095.0000,2331.9758,2332.5175,2754.3642,2161.3676
2024-11-15,129,530.0228,772.3142,976.1929,1116.0000,1512.7302,1912.9720,2090.0000,2330.6610,2318.0330,2751.0000,2152.7170
2024-11-18,129,771.0000,954.0000,1096.0000,1208.0000,1464.4516,1661.7001,1789.2443,1915.5581,1933.1373,2266.7056,2005.5242
2024-11-18,129,549.0000,824.2706,998.2536,1152.0000,1413.9011,1629.2121,1771.6024,1905.7098,1929.5256,2317.2844,2033.0000
2024-11-23,129,333.0000,488.3409,704.5581,841.3806,1119.0000,1353.6072,1460.0964,1693.8212,1635.3404,1873.3101,1380.9168
2024-11-23,129,369.0000,508.0000,712.2997,844.5876,1122.6902,1360.2945,1475.1012,1691.6243,1626.9550,1869.2893,1373.0000
2024-11-25,129,-9999.0000,-9999.0000,-9999.0000,-9999.0000,-9999.0000,-9999.0000,-9999.0000,-9999.0000,-9999.0000,-9999.0000,-9999.0000
2024-11-25,129,-9999.0000,-9999.0000,-9999.0000,-9999.0000,-9999.0000,-9999.0000,-9999.0000,-9999.0000,-9999.0000,-9999.0000,-9999.0000
2024-11-30,129,465.0000,598.0481,830.2472,985.3792,1305.0000,1604.9859,1723.8374,1908.6508,1872.7548,2257.5127,1801.8683
2024-11-30,129,491.0000,614.0257,836.0000,985.0833,1314.0000,1621.5852,1713.8155,1906.5957,1883.9060,2239.0000,1805.0000
2024-12-05,129,603.0000,830.3230,988.0000,1164.4751,1474.5990,1808.0000,1947.1979,2164.4115,2091.1880,2600.0000,2318.0000
2024-12-05,129,595.0000,826.2756,1004.1249,1173.1758,1488.1552,1825.6514,1939.2868,2172.0679,2089.9107,2599.0000,2317.2262
2024-12-13,129,450.0000,629.5352,882.1392,1089.0759,1427.0000,1803.3474,1930.4096,2100.6016,2097.3812,2475.0000,2017.9873
2024-12-13,129,603.0000,744.5005,948.3721,1116.4246,1432.5238,1797.3882,1919.0000,2081.6695,2067.9826,2437.9032,2000.0000
2024-12-13,129,548.0000,669.0244,934.4041,1137.0425,1494.5062,1890.9833,1979.8371,2195.9591,2162.8885,2542.8664,2079.0000
2024-12-13,129,680.0000,772.3286,992.0000,1169.1537,1510.0000,1892.3714,1954.4723,2178.5722,2148.9179,2537.0000,2074.0000
2024-12-15,129,394.0000,766.5578,950.3280,1141.0247,1452.0000,1868.2939,2011.8082,2185.7610,2172.8463,2513.3472,2076.1048
2024-12-15,129,635.0000,872.0000,1020.0641,1173.1605,1488.7190,1866.4344,1988.7220,2171.0112,2132.8507,2463.0000,2082.0000
2024-12-18,129,-9999.0000,-9999.0000,-9999.0000,-9999.0000,-9999.0000,-9999.0000,-9999.0000,-9999.0000,-9999.0000,-9999.0000,-9999.0000
2024-12-23,129,-9999.0000,-9999.0000,-9999.0000,-9999.0000,-9999.0000,-9999.0000,-9999.0000,-9999.0000,-9999.0000,-9999.0000,-9999.0000
2024-12-25,129,346.0000,570.6425,724.3815,849.2856,1150.5879,1514.1056,1614.0000,1830.1880,1761.9813,1888.8723,1358.0000
2024-12-25,129,397.0000,608.1303,750.3112,865.4215,1173.4498,1524.7214,1658.0000,1846.5921,1771.5247,1898.9349,1366.9939
2024-12-28,129,417.0000,678.0000,830.0829,957.2405,1256.5464,1596.3448,1738.0000,1892.0554,1850.0277,2001.7277,1689.0000
2024-12-28,129,437.0000,678.5070,826.4020,948.9701,1254.0000,1594.8480,1724.9071,1907.7609,1850.3909,2004.0000,1694.0000
2024-12-30,129,483.0000,594.1395,802.4513,980.9718,1314.0000,1712.3519,1818.0124,2007.9813,1979.5468,2213.4737,1764.0000
2024-12-30,129,552.0000,642.2536,834.2742,1004.7638,1332.0000,1722.2040,1832.3797,2009.0538,1980.5804,2213.0503,1771.0000
2025-01-04,129,-9999.0000,-9999.0000,-9999.0000,-9999.0000,-9999.0000,-9999.0000,-9999.0000,-9999.0000,-9999.0000,-9999.0000,-9999.0000
2025-01-12,129,404.0000,536.4835,734.4027,869.7417,1188.4652,1697.9802,1816.3416,2022.5837,1981.0035,2039.0000,1510.5035
2025-01-12,129,460.0000,576.2693,750.4140,877.0603,1188.0000,1716.6581,1818.1138,2026.3100,1965.5161,2006.2589,1509.0000
2025-01-14,129,676.3416,889.1216,1057.2539,1203.8353,1532.9012,2100.0608,2229.0000,2499.4210,2364.1339,2663.0000,2341.6945
2025-01-14,129,692.0000,897.1415,1061.1916,1195.2727,1537.3358,2099.9670,2224.5123,2506.8749,2364.4256,2651.7431,2304.4547
2025-01-17,129,568.0000,780.4385,981.0279,1137.0830,1458.1113,1963.5413,2090.3983,2339.9152,2243.9684,2424.0000,2186.9205
2025-01-17,129,636.0000,809.5897,993.8747,1132.5558,1457.0398,1946.6804,2076.9447,2331.5622,2225.9751,2429.2401,2186.5665
2025-02-03,129,586.0000,757.7491,968.5875,1035.6510,1428.9858,2163.1938,2318.0000,2503.4924,2449.0000,2442.9653,1956.9321
2025-02-03,129,562.8500,745.0827,964.8316,1028.2129,1440.4991,2164.8533,2310.6345,2519.2650,2472.0000,2428.5156,1953.0000
2025-02-06,129,522.0000,720.8558,944.9208,1043.6765,1438.6050,2107.5864,2259.2968,2470.8431,2398.9755,2374.0992,2012.0912
2025-02-06,129,588.0000,765.6673,968.7832,1050.0804,1442.0000,2094.9931,2242.4721,2472.9478,2402.0000,2354.0000,1994.5468
2025-02-08,129,679.0000,852.5000,1144.6689,1260.0079,1778.0273,2531.8028,2609.2238,2744.3537,2780.2470,2919.0000,2315.4956
2025-02-08,129,755.0000,861.0056,1152.4156,1259.3401,1770.3094,2509.0000,2602.0299,2727.4317,2761.6038,2884.2131,2312.6993
2025-02-16,129,945.0000,1036.0000,1400.0000,1516.4562,2005.3225,2617.0653,2813.0000,3094.0000,2974.0000,3021.9951,2402.7572
2025-02-16,129,918.0000,982.1591,1381.6256,1516.5030,2036.8264,2691.0000,2890.1188,3180.0000,3041.6769,3060.2195,2429.2164
2025-02-18,129,749.3111,789.5484,1122.8356,1233.7283,1833.0000,2547.9515,2679.0000,2967.0807,2852.5935,2913.0000,2268.4442
2025-02-18,129,823.0000,893.1216,1186.1213,1259.0379,1818.7185,2525.1634,2622.1195,2869.7697,2810.8598,2868.5308,2286.5329
2025-02-21,129,696.0000,765.5714,1107.5369,1227.0054,1813.6943,2491.5294,2605.7111,2790.1989,2765.0000,2855.0000,2242.3622
2025-02-21,129,921.4423,957.4965,1201.3863,1274.2748,1790.0000,2409.4955,2508.3062,2714.2313,2690.3804,2780.0000,2197.7500
2025-02-28,129,-9999.0000,-9999.0000,-9999.0000,-9999.0000,-9999.0000,-9999.0000,-9999.0000,-9999.0000,-9999.0000,-9999.0000,-9999.0000
2025-02-28,129,-9999.0000,-9999.0000,-9999.0000,-9999.0000,-9999.0000,-9999.0000,-9999.0000,-9999.0000,-9999.0000,-9999.0000,-9999.0000
2025-03-03,129,589.0000,632.6172,977.1819,1041.7182,1700.4749,2556.3730,2683.4845,2934.6269,2842.3872,2678.1077,1977.4486
2025-03-03,129,651.0000,701.0805,1014.8057,1065.8329,1698.0000,2540.5100,2675.5991,2903.8504,2844.0000,2640.9762,1975.3041
2025-03-05,129,670.0000,826.9631,1131.9423,1186.8403,1811.2857,2742.5204,2947.0000,3157.0387,3084.2128,2892.9606,2291.0000
2025-03-05,129,704.1316,850.9708,1139.8509,1186.4921,1805.7278,2715.9096,2913.4367,3141.4631,3058.6448,2893.6732,2298.0550
2025-03-08,129,757.0000,922.7700,1234.8131,1282.8812,1934.7148,2851.3906,3070.0599,3257.5983,3211.1368,2803.0000,2214.8192
2025-03-08,129,648.0000,812.2308,1187.1001,1250.4513,1945.4858,2970.5810,3185.5619,3366.5961,3337.3492,2860.7640,2251.1732
2025-03-10,129,-9999.0000,-9999.0000,-9999.0000,-9999.0000,-9999.0000,-9999.0000,-9999.0000,-9999.0000,-9999.0000,-9999.0000,-9999.0000
2025-03-10,129,-9999.0000,-9999.0000,-9999.0000,-9999.0000,-9999.0000,-9999.0000,-9999.0000,-9999.0000,-9999.0000,-9999.0000,-9999.0000
2025-03-18,129,391.0000,508.2324,852.0318,746.2548,1466.0000,2725.5091,2960.3429,3265.7738,3108.6996,2124.4362,1469.6910
2025-03-18,129,482.0000,570.1049,882.3923,771.9818,1456.6881,2689.9696,2926.0000,3226.2558,3069.1302,2103.5943,1466.4583
2025-03-20,129,544.0868,578.6800,980.0399,891.6653,1829.5190,3113.4425,3317.5091,3619.8569,3486.5856,2455.9581,1596.4985
2025-03-20,129,657.0000,656.9330,1005.7305,908.2173,1793.9269,3058.1870,3243.4440,3531.8044,3407.0000,2425.2189,1591.3130
2025-03-23,129,-9999.0000,-9999.0000,-9999.0000,-9999.0000,-9999.0000,-9999.0000,-9999.0000,-9999.0000,-9999.0000,-9999.0000,-9999.0000
2025-03-23,129,-9999.0000,-9999.0000,-9999.0000,-9999.0000,-9999.0000,-9999.0000,-9999.0000,-9999.0000,-9999.0000,-9999.0000,-9999.0000
2025-03-25,129,-9999.0000,-9999.0000,-9999.0000,-9999.0000,-9999.0000,-9999.0000,-9999.0000,-9999.0000,-9999.0000,-9999.0000,-9999.0000
2025-03-30,129,-9999.0000,-9999.0000,-9999.0000,-9999.0000,-9999.0000,-9999.0000,-9999.0000,-9999.0000,-9999.0000,-9999.0000,-9999.0000
2025-03-30,129,-9999.0000,-9999.0000,-9999.0000,-9999.0000,-9999.0000,-9999.0000,-9999.0000,-9999.0000,-9999.0000,-9999.0000,-9999.0000
2025-04-01,129,1602.0000,1520.6463,1780.3602,1514.5503,2300.9054,3808.2848,4125.8335,4320.0000,4269.9382,2562.6331,1742.2922
2025-04-02,129,415.0000,429.3209,859.8385,643.4609,1628.9908,3044.6454,3290.7909,3459.5233,3441.7808,2061.0000,1212.0816
2025-04-02,129,484.0000,485.7323,890.5242,666.9558,1648.0000,3030.3213,3282.7623,3450.8941,3435.9547,2038.3411,1205.7014
2025-04-04,129,474.3778,578.8912,970.9173,755.3127,1691.4599,3180.8129,3588.1875,3826.8554,3731.7257,2184.9774,1371.0000
2025-04-04,129,542.0000,619.4113,994.6828,772.0315,1674.0000,3141.8021,3537.0000,3761.8555,3676.4977,2185.1918,1365.2910
2025-04-04,129,382.0000,435.8851,868.2144,683.3609,1585.3804,3020.0077,3369.0671,3572.3020,3556.5333,2039.4600,1223.1408
2025-04-04,129,507.0000,515.7552,906.4317,707.9409,1589.2692,2955.6568,3299.8685,3499.3145,3482.5402,2043.2787,1240.2220
2025-04-07,129,735.0000,804.2739,1106.4346,850.6404,1500.5523,2426.0825,2732.0000,2933.1180,2807.9227,1564.0000,1115.3215
2025-04-11,129,498.0000,522.2500,988.5009,817.9546,1870.0855,3442.2688,3769.1154,3958.7737,3973.3829,2200.7032,1325.5036
2025-04-11,129,626.3017,621.5392,1037.2085,851.6858,1836.0000,3308.1333,3651.9688,3860.0000,3826.2414,2179.0367,1333.5064
2025-04-12,129,196.0000,277.7282,840.6844,699.1522,1900.2052,3332.5719,3630.0450,3891.4348,3855.0000,2114.4959,1239.4494
2025-04-12,129,536.0000,553.5079,973.2902,787.3141,1816.2458,3075.9831,3379.6279,3619.1514,3592.5681,2068.2894,1227.2357
2025-04-19,129,534.0000,506.6457,956.1567,675.7298,1810.5168,3315.5328,3564.8873,3749.9046,3771.4099,2021.0378,1162.7171
2025-04-19,129,521.1520,499.7666,955.3086,666.8125,1812.4862,3329.6479,3569.3862,3765.4753,3736.9254,2023.2193,1149.1989
2025-04-22,129,361.0682,362.5075,809.6642,610.2714,1642.7457,3114.6557,3420.1166,3543.2875,3618.2063,1932.0000,1124.5018
2025-04-22,129,440.0000,404.9158,834.7714,610.4779,1660.4059,3115.2397,3401.8413,3538.0255,3613.5000,1954.2749,1141.4893
2025-04-24,129,715.0000,731.5896,1131.0675,835.1151,1947.2851,3708.0000,4245.9970,4394.1732,4490.0000,2329.3470,1414.3440
2025-04-24,129,757.0000,764.8928,1146.0930,842.2143,1897.8546,3651.8956,4212.0000,4327.4456,4443.2117,2359.1649,1413.0465
2025-04-24,129,533.0276,531.5025,987.6174,805.8441,1827.2163,3515.5814,3882.5932,4003.3602,4155.2038,2174.0000,1283.6553
2025-04-24,129,703.0000,634.5479,1034.4466,824.4513,1817.0000,3443.5837,3812.2391,3894.1627,4084.4032,2167.7670,1303.0139
2025-04-27,129,325.8384,393.6667,771.3894,515.3980,1466.8646,2945.6956,3337.6723,3479.8589,3508.4308,1704.3467,1020.4572
2025-04-27,129,454.0000,501.5516,819.2163,554.2754,1444.0000,2811.5527,3203.0977,3383.2612,3406.5861,1696.0000,1011.9308
2025-04-29,129,483.0000,380.2001,827.6933,594.4731,1788.0000,3312.3798,3622.1429,3913.0296,3905.5148,2037.4343,1164.0000
2025-04-29,129,541.0000,490.7040,874.8114,636.2904,1739.7469,3184.6222,3491.3341,3768.5525,3747.4892,2003.4830,1184.0000
2025-05-01,129,819.0000,802.9424,1178.6383,1163.6348,2046.0000,3302.0000,3669.7852,3904.0000,4053.0000,3308.2256,2229.8569
2025-05-01,129,858.0000,850.3836,1194.8811,1154.0698,1994.7022,3230.0000,3599.0000,3817.1757,3980.4850,3244.0000,2215.8513
2025-05-02,129,767.0000,885.2752,1218.0599,1339.4850,1995.9098,2700.2473,2946.5801,3156.3036,3278.0000,3163.6279,2356.8556
2025-05-02,129,820.9844,917.2107,1242.3835,1338.6785,1997.9742,2703.0000,2948.3525,3145.4013,3316.2742,3178.9983,2366.2760
2025-05-04,129,1686.4454,1952.4400,2242.0000,2466.8557,2841.0645,3115.6399,3300.5273,3316.0000,3380.4963,3389.1821,3123.5673
2025-05-04,129,1756.0000,1988.8627,2245.0746,2475.0487,2829.3493,2961.0000,3138.6241,3162.4663,3228.1568,3354.2884,3059.1665
2025-05-04,129,1524.2105,1523.5090,1908.2744,2194.6111,2514.0000,2731.0097,2891.4270,2859.9568,3012.9651,3106.0008,2671.0000
2025-05-04,129,1501.6640,1485.0664,1797.7292,2034.8800,2345.7143,2621.0422,2779.7543,2754.0742,2908.0167,3010.6879,2629.8760
2025-05-09,129,1316.2633,1618.5929,2066.3565,2584.0490,2835.6306,3009.2247,3091.4316,3273.7656,3315.8269,4118.4622,3591.5032
2025-05-09,129,1328.0000,1634.7786,2067.1569,2600.0160,2834.7851,3005.3520,3098.9501,3273.8669,3307.2741,4102.4197,3552.0000
2025-05-11,129,1355.0175,1627.0362,2076.0051,2583.3597,2851.5192,3016.9706,3148.1355,3241.5080,3331.2427,4232.0284,3829.8563
2025-05-11,129,1351.0000,1603.5956,2034.7872,2514.2043,2779.7031,2977.2897,3121.1799,3219.4528,3300.6992,4187.3736,3801.6855
2025-05-12,129,1290.6182,1619.9509,2108.1653,2645.4738,2859.8575,2980.3743,3060.0688,3202.0445,3257.7272,4103.7434,3606.6744
2025-05-12,129,1296.2649,1596.1482,2058.3381,2535.2134,2746.4773,2921.4435,3019.6027,3169.7115,3202.0000,4070.9905,3594.2472
