2017-01-24,125,623.0000,826.3179,1048.8301,1400.5893,1673.4873,1836.5162,1965.2518,2199.2346,2212.8527,2948.1589,2266.1032
2017-04-11,125,1462.2681,1289.8470,1528.5556,1654.0000,2069.0000,2539.3335,2665.7692,2723.4960,2852.5545,3346.0000,2906.2713
2017-04-21,125,674.0000,1029.2053,1531.5455,2006.6885,2420.0000,2801.6839,2915.0210,3179.2258,3100.0000,3788.3442,3287.1429
2017-04-21,125,1315.0000,1394.5564,1730.9900,2120.7101,2470.5212,2814.0000,2915.3324,3196.1259,3115.4047,3800.2733,3268.3930
2017-04-24,125,-9999.0000,-9999.0000,-9999.0000,-9999.0000,-9999.0000,-9999.0000,-9999.0000,-9999.0000,-9999.0000,-9999.0000,-9999.0000
2017-05-01,125,1726.0000,1936.3628,2165.3772,2315.5175,2590.0000,3077.0000,3212.4582,3373.0000,3331.0000,3099.7979,2692.7794
2017-05-04,125,-9999.0000,-9999.0000,-9999.0000,-9999.0000,-9999.0000,-9999.0000,-9999.0000,-9999.0000,-9999.0000,-9999.0000,-9999.0000
2017-05-04,125,-9999.0000,-9999.0000,-9999.0000,-9999.0000,-9999.0000,-9999.0000,-9999.0000,-9999.0000,-9999.0000,-9999.0000,-9999.0000
2017-05-14,125,852.0000,1267.1971,1706.2510,2134.8528,2510.0000,2834.0593,2955.5044,3025.6967,3141.0643,3800.1493,3319.9411
2017-05-14,125,1282.0000,1517.0000,1847.2989,2234.3900,2569.3730,2876.0000,2996.5745,3059.4057,3181.6799,3813.0578,3368.7060
2017-05-21,125,-9999.0000,-9999.0000,-9999.0000,-9999.0000,-9999.0000,-9999.0000,-9999.0000,-9999.0000,-9999.0000,-9999.0000,-9999.0000
2017-05-21,125,-9999.0000,-9999.0000,-9999.0000,-9999.0000,-9999.0000,-9999.0000,-9999.0000,-9999.0000,-9999.0000,-9999.0000,-9999.0000
2017-05-24,125,1269.3853,1386.9648,1852.9773,2038.3772,2580.0600,3178.0000,3364.0000,3435.7751,3558.0000,3972.2518,3350.7127
2017-05-24,125,1107.0000,1362.2230,1740.5652,1900.2151,2404.5469,2997.0000,3232.9988,3251.5366,3421.3881,3813.7767,3252.5282
2017-05-31,125,1658.0000,1653.7612,1912.1319,1895.0000,2358.3920,3253.2467,3502.0000,3545.3333,3754.3886,3427.2690,2676.1010
2017-06-03,125,760.6228,922.9131,1282.9119,1271.9377,1811.2909,3163.2015,3554.4874,3560.6592,3724.0387,3133.3120,2234.3123
2017-06-03,125,798.0000,843.1940,1234.8810,1243.8137,1810.9171,3150.0162,3550.0000,3528.0065,3700.7955,3115.0000,2247.0866
2017-06-10,125,806.0000,858.3944,1194.3333,996.8256,1573.3741,3466.0000,3902.7389,3973.6387,3990.0873,2812.1966,1814.7208
2017-06-13,125,460.0000,459.9356,778.6617,535.4286,1116.3284,3205.0000,3882.1922,3831.2070,4005.8426,2473.1271,1464.5698
2017-06-13,125,517.0000,538.8961,819.0798,579.4142,1146.0844,3157.3565,3810.6042,3753.7106,3927.5599,2452.0792,1479.5495
2017-06-20,125,1.0000,147.9024,587.6459,380.6464,995.5488,3480.0771,4366.7436,4419.6266,4518.7525,2401.0000,1322.0927
2017-06-20,125,474.0000,411.6352,699.5310,386.0793,954.0252,3499.0000,4390.9657,4457.0711,4533.3358,2363.0000,1300.2859
2017-06-23,125,928.0000,844.1624,1042.6862,764.2527,1307.7855,3476.6491,4453.2652,4391.4158,4627.3695,2363.4432,1393.1051
2017-06-23,125,1000.0000,908.6200,1091.7680,771.6111,1324.1223,3574.7827,4568.0000,4502.3147,4741.0953,2362.4160,1384.9982
2017-07-03,125,112.1695,110.2250,339.4780,123.7468,643.1947,3063.5548,4292.5539,4233.4062,4460.1098,1779.2204,852.0968
2017-07-03,125,111.0000,113.2264,357.6231,163.5889,682.9945,3043.4660,4201.7675,4166.2627,4363.0475,1780.3107,852.0780
2017-07-08,125,362.0000,405.4540,576.9597,405.2559,834.2000,2763.9764,3943.1231,3926.3451,4154.6645,1706.9195,866.1797
2017-07-10,125,1.0000,1.0000,325.0744,177.9490,766.2775,3321.4080,4492.5786,4536.3998,4741.8348,1931.2760,923.0121
2017-07-10,125,75.0000,113.6184,389.1110,181.3001,732.0492,3318.7238,4520.0988,4519.2394,4726.5098,1907.9670,914.7153
2017-07-13,125,1.0000,1.0354,289.4926,157.3056,675.5828,2914.6972,4131.5325,4119.5434,4404.6841,1771.9486,828.4489
2017-07-13,125,12.2126,109.5694,361.5584,197.1889,683.7449,2886.9410,4073.3067,4057.7170,4372.1798,1761.7472,826.2156
2017-07-20,125,695.0000,635.9600,818.8849,619.5743,1122.2509,2918.6030,3790.9300,3788.2407,4115.2643,2137.3862,1122.0557
2017-07-20,125,590.0000,434.8582,635.6267,412.1800,968.6371,3123.6221,4148.9186,4177.1096,4497.7319,2121.4880,1098.0324
2017-07-23,125,536.0033,721.7921,901.3218,761.2832,1221.9671,2739.4159,3609.7091,3608.4929,3929.5154,1906.2163,1077.0000
2017-07-23,125,879.0000,876.1635,961.5070,745.3206,1205.0000,2828.4930,3753.8469,3751.2139,4091.0065,1923.6730,1073.4875
2017-07-30,125,-9999.0000,-9999.0000,-9999.0000,-9999.0000,-9999.0000,-9999.0000,-9999.0000,-9999.0000,-9999.0000,-9999.0000,-9999.0000
2017-08-02,125,133.0000,197.3332,404.9319,264.9489,717.0129,2597.8657,3547.2877,3576.4374,3896.2311,1867.2721,933.5953
2017-08-02,125,81.2804,209.8180,409.3885,267.4559,715.7041,2579.5676,3529.9879,3574.6323,3877.3105,1858.0606,930.0081
2017-08-09,125,63.0000,193.1866,533.6217,403.2948,979.7414,2850.3840,3607.3651,3655.8472,4005.5863,2158.0000,1139.1836
2017-08-09,125,160.0036,257.5799,569.3122,435.4062,979.4355,2805.9609,3527.4279,3559.6561,3879.7549,2130.2769,1109.5106
2017-08-12,125,-9999.0000,-9999.0000,-9999.0000,-9999.0000,-9999.0000,-9999.0000,-9999.0000,-9999.0000,-9999.0000,-9999.0000,-9999.0000
2017-08-12,125,-9999.0000,-9999.0000,-9999.0000,-9999.0000,-9999.0000,-9999.0000,-9999.0000,-9999.0000,-9999.0000,-9999.0000,-9999.0000
2017-08-19,125,-9999.0000,-9999.0000,-9999.0000,-9999.0000,-9999.0000,-9999.0000,-9999.0000,-9999.0000,-9999.0000,-9999.0000,-9999.0000
2017-08-22,125,195.0000,249.6396,465.9271,379.2990,884.0424,2218.2431,2790.3997,3047.6029,3207.2376,2034.2258,1074.7194
2017-08-22,125,188.1143,237.4829,449.5288,363.3213,874.5294,2216.0847,2788.5461,3062.7620,3210.0707,2018.7674,1077.4141
2017-08-29,125,82.9746,233.4411,509.3997,523.1881,1028.3466,2023.1614,2408.9924,2598.4813,2777.1564,2219.3959,1268.9077
2017-08-29,125,290.0281,361.3145,561.2423,532.3044,1001.4848,2019.9307,2395.8726,2584.4736,2738.4432,2178.2803,1252.3903
2017-09-08,125,173.0000,318.6575,521.4105,557.3973,1005.5821,1812.8357,2069.9375,2265.4535,2422.5185,2228.0474,1338.5357
2017-09-08,125,272.8599,294.5429,521.6084,573.5113,1005.5921,1798.2333,2059.0931,2218.3079,2389.0736,2195.5439,1322.6618
2017-09-18,125,292.0000,285.4758,457.3768,565.1531,924.8660,1557.8054,1783.4789,1976.0479,2076.0216,2308.7853,1505.8256
2017-09-18,125,173.0000,310.3448,541.8841,649.3889,977.6601,1587.8120,1778.0000,1959.2188,2046.0775,2235.4236,1473.5178
2017-09-21,125,358.0000,338.3791,425.5638,462.1440,744.8533,1233.0000,1411.0815,1560.0860,1624.4309,1867.9060,1212.9810
2017-09-21,125,409.0000,374.6922,449.2263,472.3964,753.3642,1244.4466,1421.3317,1559.6649,1639.3313,1860.8217,1204.8633
2017-09-28,125,351.0000,388.6347,552.1679,686.0274,997.6388,1420.9643,1578.8917,1720.4570,1827.2528,2164.9103,1459.0000
2017-09-28,125,643.0000,624.4769,713.2858,764.6040,1048.0000,1459.5429,1605.0758,1720.3012,1819.6562,2090.3357,1425.6460
2017-10-01,125,-9999.0000,-9999.0000,-9999.0000,-9999.0000,-9999.0000,-9999.0000,-9999.0000,-9999.0000,-9999.0000,-9999.0000,-9999.0000
2017-10-08,125,-9999.0000,-9999.0000,-9999.0000,-9999.0000,-9999.0000,-9999.0000,-9999.0000,-9999.0000,-9999.0000,-9999.0000,-9999.0000
2017-10-08,125,-9999.0000,-9999.0000,-9999.0000,-9999.0000,-9999.0000,-9999.0000,-9999.0000,-9999.0000,-9999.0000,-9999.0000,-9999.0000
2017-10-11,125,-9999.0000,-9999.0000,-9999.0000,-9999.0000,-9999.0000,-9999.0000,-9999.0000,-9999.0000,-9999.0000,-9999.0000,-9999.0000
2017-10-18,125,-9999.0000,-9999.0000,-9999.0000,-9999.0000,-9999.0000,-9999.0000,-9999.0000,-9999.0000,-9999.0000,-9999.0000,-9999.0000
2017-10-31,125,1286.0000,1561.6185,1725.4650,1978.7958,2372.5426,2693.4044,2904.1177,3192.5059,3240.6633,3802.0000,2851.4567
2017-10-31,125,1359.0000,1601.6668,1741.4068,1963.3463,2340.0736,2670.1330,2886.8814,3157.3825,3224.4152,3770.2881,2828.4266
2017-11-10,125,-9999.0000,-9999.0000,-9999.0000,-9999.0000,-9999.0000,-9999.0000,-9999.0000,-9999.0000,-9999.0000,-9999.0000,-9999.0000
2017-11-10,125,-9999.0000,-9999.0000,-9999.0000,-9999.0000,-9999.0000,-9999.0000,-9999.0000,-9999.0000,-9999.0000,-9999.0000,-9999.0000
2017-11-17,125,-9999.0000,-9999.0000,-9999.0000,-9999.0000,-9999.0000,-9999.0000,-9999.0000,-9999.0000,-9999.0000,-9999.0000,-9999.0000
2017-11-17,125,-9999.0000,-9999.0000,-9999.0000,-9999.0000,-9999.0000,-9999.0000,-9999.0000,-9999.0000,-9999.0000,-9999.0000,-9999.0000
2017-11-20,125,451.0000,706.0622,925.8491,1188.8361,1449.8227,1633.3073,1741.7529,1859.4380,1929.6314,2450.6063,1907.8404
2017-11-20,125,798.0000,868.8889,985.2819,1193.8299,1448.0000,1633.0879,1745.8505,1868.1211,1941.0000,2459.7473,1908.8508
2017-11-27,125,166.0000,521.0251,805.3039,1113.9898,1501.0050,1786.9824,1931.4601,2087.4965,2163.8697,2429.9950,1705.2257
2017-11-27,125,387.0000,610.4397,856.7778,1109.2223,1457.2929,1730.8065,1867.1946,2020.8236,2083.0601,2347.0000,1662.0000
2017-12-07,125,587.0000,798.6135,1041.4283,1273.9672,1649.7084,1987.1189,2099.3753,2235.3494,2300.7780,2524.0570,1852.1322
2017-12-17,125,11.0000,386.0000,628.5110,934.0656,1244.0000,1642.8457,1771.1362,1923.6915,1968.0000,2073.4743,1424.0000
2017-12-17,125,293.0000,504.2129,700.4542,938.0781,1234.0267,1589.2935,1707.2594,1858.9666,1884.5719,1989.5706,1365.2597
2017-12-20,125,275.0000,506.4857,700.6375,890.0286,1198.0405,1514.8142,1651.3514,1763.1975,1803.3000,1970.7515,1402.4985
2017-12-20,125,351.0000,542.2142,714.3625,894.0171,1208.0000,1533.0157,1650.6153,1769.4890,1794.6692,1977.5038,1406.5186
2017-12-22,125,-9999.0000,-9999.0000,-9999.0000,-9999.0000,-9999.0000,-9999.0000,-9999.0000,-9999.0000,-9999.0000,-9999.0000,-9999.0000
2017-12-25,125,997.0000,1205.0506,1325.8663,1364.3642,1566.6222,1709.2569,1797.9645,1866.4088,1862.0000,1845.9387,1547.7201
2017-12-25,125,752.5478,1006.2125,1208.7421,1313.0070,1546.4688,1744.7672,1867.7315,1939.0000,1939.6212,1867.3200,1505.0169
2018-01-06,125,-9999.0000,-9999.0000,-9999.0000,-9999.0000,-9999.0000,-9999.0000,-9999.0000,-9999.0000,-9999.0000,-9999.0000,-9999.0000
2018-01-11,125,208.0000,520.5000,778.0815,1002.7473,1162.0000,1420.4704,1609.0000,1664.3448,1756.0000,1764.0000,1400.0000
2018-01-11,125,573.9757,757.6472,921.3791,1041.1120,1238.5983,1473.7816,1618.2958,1661.2149,1733.7751,1717.9772,1430.0000
2018-01-14,125,176.0000,393.0000,791.0000,1147.0000,1499.0000,1975.0000,2164.0000,2452.0000,2383.0000,2655.0000,2089.0000
2018-01-14,125,325.0000,729.2477,961.0343,1149.8752,1364.5395,1645.7752,1811.5192,1947.7139,1973.3462,2097.9580,1781.1286
2018-01-19,125,-9999.0000,-9999.0000,-9999.0000,-9999.0000,-9999.0000,-9999.0000,-9999.0000,-9999.0000,-9999.0000,-9999.0000,-9999.0000
2018-01-19,125,-9999.0000,-9999.0000,-9999.0000,-9999.0000,-9999.0000,-9999.0000,-9999.0000,-9999.0000,-9999.0000,-9999.0000,-9999.0000
2018-01-21,125,134.0000,524.4714,804.2702,1149.5551,1509.1848,1946.0000,2130.3571,2299.6414,2313.9768,2564.5771,1881.5350
2018-01-21,125,363.0000,670.4424,874.3531,1144.6711,1450.6401,1858.4945,2013.2171,2179.4944,2205.6888,2434.4398,1812.0000
2018-02-08,125,-9999.0000,-9999.0000,-9999.0000,-9999.0000,-9999.0000,-9999.0000,-9999.0000,-9999.0000,-9999.0000,-9999.0000,-9999.0000
2018-02-10,125,264.0000,549.3140,786.1573,1072.0000,1497.9990,2003.8443,2171.3336,2341.0329,2364.9171,2426.3257,1789.5045
2018-02-10,125,306.0000,589.2238,848.0000,1069.2167,1472.0000,1965.6904,2114.6090,2139.2170,2323.6354,2361.6601,1739.0000
2018-02-13,125,1220.0000,1394.6174,1504.0000,1598.8302,1850.1318,2141.1061,2264.6152,2409.3562,2357.8050,1622.3398,1317.0000
2018-02-13,125,1252.0000,1390.5412,1520.5545,1608.6660,1856.9386,2170.3644,2292.9959,2450.4532,2382.1214,1610.0000,1306.6232
2018-02-25,125,1158.0000,1329.5547,1570.9336,1795.3961,2216.5565,2670.5482,2818.0000,2901.8563,2972.7892,3164.0000,2563.0000
2018-02-25,125,1227.0000,1353.0398,1579.4924,1804.0956,2218.2115,2673.4412,2821.1787,2908.2413,2981.5067,3131.0000,2505.5890
2018-02-28,125,1156.0000,1281.7900,1473.5397,1612.7543,1974.1838,2335.0000,2454.2233,2529.8564,2616.3629,3045.5213,2506.7502
2018-02-28,125,1238.0000,1333.6511,1505.2419,1627.4438,1977.7679,2341.4153,2460.6929,2529.1358,2621.8068,3032.0000,2515.0710
2018-03-12,125,-9999.0000,-9999.0000,-9999.0000,-9999.0000,-9999.0000,-9999.0000,-9999.0000,-9999.0000,-9999.0000,-9999.0000,-9999.0000
2018-03-20,125,-9999.0000,-9999.0000,-9999.0000,-9999.0000,-9999.0000,-9999.0000,-9999.0000,-9999.0000,-9999.0000,-9999.0000,-9999.0000
2018-03-20,125,-9999.0000,-9999.0000,-9999.0000,-9999.0000,-9999.0000,-9999.0000,-9999.0000,-9999.0000,-9999.0000,-9999.0000,-9999.0000
2018-03-22,125,597.0000,834.5625,1115.7647,1368.9822,1851.2971,2505.9159,2716.2027,2884.4245,2914.0088,3185.0000,2537.3429
2018-03-22,125,565.0000,828.1178,1105.9381,1351.3295,1794.2723,2409.8475,2595.9436,2761.5667,2792.6029,3058.5958,2491.0000
2018-03-25,125,825.0000,1019.5649,1220.8533,1379.5705,1827.6981,2427.0000,2619.3477,2659.1987,2812.8639,3018.3336,2518.3426
2018-03-25,125,863.0000,1044.2386,1235.8024,1377.7765,1828.8172,2429.6422,2633.9921,2658.5326,2795.4874,3026.2629,2485.4171
2018-03-27,125,1337.2681,1373.5689,1506.5577,1643.5640,2170.9523,2865.0000,3075.3648,3233.7335,3284.0148,3539.7167,2746.2586
2018-03-27,125,1381.0000,1361.4540,1500.1000,1625.8647,2148.3893,2841.9943,3042.5605,3203.9097,3260.2418,3461.5574,2710.8154
2018-03-30,125,-9999.0000,-9999.0000,-9999.0000,-9999.0000,-9999.0000,-9999.0000,-9999.0000,-9999.0000,-9999.0000,-9999.0000,-9999.0000
2018-03-30,125,-9999.0000,-9999.0000,-9999.0000,-9999.0000,-9999.0000,-9999.0000,-9999.0000,-9999.0000,-9999.0000,-9999.0000,-9999.0000
2018-04-01,125,646.0000,882.9444,1105.8677,1227.2609,1716.6898,2388.0311,2603.0105,2844.2411,2780.0000,2394.3738,1748.5792
2018-04-01,125,705.5620,930.7479,1121.7480,1219.7439,1689.0749,2362.0886,2573.3603,2787.2040,2707.5659,2373.8840,1724.9989
2018-04-06,125,513.0000,667.5302,1012.1062,1186.6673,1784.5870,2545.8171,2715.4295,2923.8380,2947.1607,2755.0000,2085.0000
2018-04-06,125,569.0000,725.8283,1018.9505,1161.9856,1722.7939,2428.2909,2596.6588,2805.1813,2819.0362,2683.6902,2068.5600
2018-04-11,125,1453.0000,1425.1484,1645.3687,1661.3519,2205.0378,2828.9982,3057.5219,3133.6796,3201.6523,2544.0000,1957.2499
2018-04-14,125,472.0000,642.4287,923.6042,978.0134,1587.7126,2308.8650,2554.9561,2698.7227,2741.2516,2395.9343,1835.7958
2018-04-14,125,511.0000,681.4695,940.6374,986.2831,1568.4570,2297.1750,2548.8815,2683.9643,2724.2299,2392.0938,1826.8094
2018-04-16,125,1247.0000,1309.9706,1589.2754,1565.6730,2039.0000,2798.0000,2989.9323,2990.7861,3105.3043,2323.7278,1664.5030
2018-04-16,125,1189.0000,1281.0170,1600.6052,1557.6452,2101.6699,2842.6505,3041.4606,3065.6685,3172.1306,2550.3330,1861.0000
2018-04-19,125,582.0000,659.1846,988.7873,1046.3068,1686.4055,2516.2263,2778.7630,2931.3207,2979.6304,2744.0029,2036.0519
2018-04-19,125,645.0000,699.8447,1003.6766,1047.4977,1686.0000,2490.8358,2747.6290,2899.7708,2939.4108,2741.5134,2024.1038
2018-04-21,125,660.0000,724.5032,1080.3168,1111.4568,1850.2339,2779.7034,3149.6048,3353.0000,3358.0000,3014.7948,2231.9506
2018-04-21,125,542.0000,714.8178,1067.9069,1095.0663,1785.9860,2635.9921,3010.7191,3204.3666,3188.3562,2907.1322,2182.0887
2018-04-24,125,961.0000,1177.5074,1364.2242,1258.7652,1834.2565,2666.3253,2984.4590,3004.0969,3130.6169,2713.0428,2057.1555
2018-04-24,125,1161.0000,1218.2164,1393.6709,1267.0316,1819.8283,2643.0000,2965.6980,2987.5671,3106.7120,2694.5211,2057.2163
2018-04-26,125,733.0000,739.9791,1115.9113,1097.2023,1863.8572,2932.6682,3216.9660,3291.0040,3435.9160,2934.7744,2039.1636
2018-04-26,125,626.0000,707.1317,1099.9247,1110.7834,1831.7196,2872.5637,3156.0371,3219.4032,3362.0000,2888.6101,2025.0086
2018-04-29,125,650.0000,707.6437,1043.6645,1030.8063,1730.0431,2722.8197,3012.0487,3067.2963,3251.7302,2713.2600,1863.5612
2018-04-29,125,717.5050,771.8678,1076.0040,1047.5971,1714.6545,2691.6259,2978.5361,3035.8224,3195.6404,2695.4869,1861.9527
2018-05-04,125,1132.0000,1305.4202,1513.4881,1405.6667,1979.0000,2854.3938,3203.9593,3266.9559,3357.3272,2227.6402,1562.7106
2018-05-04,125,1140.0000,1305.0287,1521.4619,1410.5202,1989.0008,2886.2984,3235.0194,3307.5517,3395.1138,2226.5177,1555.3822
2018-05-06,125,734.0000,781.6066,1085.8130,950.0774,1617.9659,2763.2799,3075.9342,3116.4053,3276.4464,2522.7593,1602.2159
2018-05-06,125,588.0000,690.0356,1046.2991,913.7267,1653.0000,2851.6406,3185.8097,3207.1859,3379.8942,2535.0452,1611.0000
2018-05-09,125,660.0000,683.2799,995.4996,916.2656,1580.6880,2811.7781,3122.5097,3212.1231,3333.0000,2422.1198,1595.8952
2018-05-09,125,576.0000,675.2016,1004.0784,931.4720,1579.2379,2786.3942,3081.7565,3174.3876,3299.0387,2406.3785,1579.9571
2018-05-11,125,994.0000,1067.1226,1427.3966,1289.3061,2198.6223,4003.8370,4601.0222,4675.4760,4909.0000,3559.3192,2309.6940
2018-05-11,125,1011.0000,1025.0000,1361.0000,1290.0000,1775.0000,3971.0000,4937.0000,5066.0000,5319.0000,3214.0000,2070.0000
2018-05-16,125,-9999.0000,-9999.0000,-9999.0000,-9999.0000,-9999.0000,-9999.0000,-9999.0000,-9999.0000,-9999.0000,-9999.0000,-9999.0000
2018-05-16,125,-9999.0000,-9999.0000,-9999.0000,-9999.0000,-9999.0000,-9999.0000,-9999.0000,-9999.0000,-9999.0000,-9999.0000,-9999.0000
2018-05-19,125,264.5019,331.7140,715.3380,676.2863,1467.8340,3027.0000,3379.0738,3515.6166,3637.0000,2423.4376,1468.5939
2018-05-19,125,404.0000,466.6449,788.2170,715.0403,1476.2400,2977.6301,3314.0304,3449.0924,3565.3609,2407.0034,1468.2989
2018-05-21,125,498.0000,586.7895,940.0759,843.0010,1685.7650,3393.7676,3872.0000,4042.1887,4098.4569,2757.2534,1736.2315
2018-05-21,125,467.0000,587.1112,931.7147,834.9854,1666.5175,3338.3436,3835.7761,3996.7500,4092.3053,2721.0000,1701.4489
2018-05-24,125,-9999.0000,-9999.0000,-9999.0000,-9999.0000,-9999.0000,-9999.0000,-9999.0000,-9999.0000,-9999.0000,-9999.0000,-9999.0000
2018-05-24,125,-9999.0000,-9999.0000,-9999.0000,-9999.0000,-9999.0000,-9999.0000,-9999.0000,-9999.0000,-9999.0000,-9999.0000,-9999.0000
2018-05-26,125,945.0000,1096.6095,1457.9184,1812.0000,2389.0000,2669.3634,2909.5542,3010.6831,3269.4542,3851.3592,3184.4720
2018-05-26,125,865.0000,1033.6802,1426.4223,1747.6895,2306.7534,2620.7375,2865.3655,2945.6166,3186.5352,3763.4260,3140.7900
2018-05-31,125,1193.0000,1472.5795,1732.5629,2043.4322,2417.8933,2681.3315,2930.5403,2973.4180,3125.1135,3483.2234,2988.0000
2018-05-31,125,1222.0000,1472.6986,1737.6675,2043.6180,2376.4757,2662.0000,2906.9197,2952.7066,3106.5745,3444.5901,2931.0349
2018-06-03,125,829.0000,1083.6642,1363.3345,1691.7636,2007.0000,2386.8107,2651.6310,2699.3109,2852.3165,3339.3157,2933.0396
2018-06-03,125,876.0000,1096.0000,1374.0000,1684.7078,2005.4164,2411.4971,2660.2958,2706.8810,2867.7325,3331.0000,2924.1086
2018-06-05,125,898.0000,1058.2104,1389.3670,1665.2000,2083.9964,2653.0000,2843.1260,2883.5228,3074.7961,3619.0025,3080.8094
2018-06-05,125,905.5178,1050.4190,1378.5511,1633.8903,2026.1927,2620.0000,2811.5174,2843.2274,3018.8701,3555.5044,3026.6661
2018-06-10,125,694.0000,934.0453,1200.8549,1393.7100,1819.4168,2419.4919,2706.0000,2708.0455,2883.0000,3500.9936,3005.0949
2018-06-10,125,591.0000,860.8237,1177.3636,1370.0000,1756.7434,2435.0000,2700.0000,2656.7431,2815.0000,3443.9433,2946.5974
2018-06-13,125,508.0000,844.0130,1187.0439,1290.7075,1757.0278,2613.0000,2906.0012,3002.0000,3091.0000,3307.5601,2771.2944
2018-06-13,125,737.0000,947.9798,1219.4648,1291.5530,1781.1368,2633.0000,2940.0724,3006.0000,3102.0000,3282.7283,2787.3071
2018-06-15,125,669.0000,827.6626,1218.5424,1364.0117,1946.2389,2894.0000,3125.0000,3223.0607,3419.0000,3364.9657,2555.0000
2018-06-15,125,708.0000,827.5462,1226.3157,1346.1126,1922.0072,2872.0000,3066.0000,3176.1780,3291.9994,3318.7134,2507.5977
2018-06-18,125,-9999.0000,-9999.0000,-9999.0000,-9999.0000,-9999.0000,-9999.0000,-9999.0000,-9999.0000,-9999.0000,-9999.0000,-9999.0000
2018-06-18,125,-9999.0000,-9999.0000,-9999.0000,-9999.0000,-9999.0000,-9999.0000,-9999.0000,-9999.0000,-9999.0000,-9999.0000,-9999.0000
2018-06-20,125,665.0000,890.6470,1277.0000,1479.3868,2022.4728,2965.6101,3397.0030,3495.1007,3545.0000,3652.5984,2887.2377
2018-06-20,125,520.0000,835.8350,1236.7861,1450.9932,1930.0000,2852.2013,3266.0000,3392.0342,3483.0000,3572.5394,2836.9609
2018-06-23,125,243.0000,553.8136,877.3545,1098.5854,1538.2581,2246.3419,2511.0000,2619.5719,2715.9836,2629.7142,1832.6285
2018-06-23,125,460.9326,665.6280,925.7104,1099.5249,1540.6314,2243.0691,2508.0000,2610.8449,2699.9378,2620.2826,1829.4547
2018-06-30,125,560.0000,800.8000,1154.9617,1147.5920,1780.4209,2935.0000,3350.9353,3451.1807,3544.0000,3500.0000,2525.5055
2018-06-30,125,595.0000,833.4873,1154.8337,1131.8037,1730.7813,2879.0000,3320.0000,3328.0000,3544.0000,3408.7452,2453.1256
2018-07-03,125,-9999.0000,-9999.0000,-9999.0000,-9999.0000,-9999.0000,-9999.0000,-9999.0000,-9999.0000,-9999.0000,-9999.0000,-9999.0000
2018-07-03,125,-9999.0000,-9999.0000,-9999.0000,-9999.0000,-9999.0000,-9999.0000,-9999.0000,-9999.0000,-9999.0000,-9999.0000,-9999.0000
2018-07-05,125,575.0000,613.5750,938.9143,773.9674,1417.7583,3295.0000,3854.0000,3764.6667,4108.0549,3171.0000,2025.1427
2018-07-05,125,410.0000,541.2814,907.2656,774.1885,1405.5003,3264.0000,3791.0000,3732.2689,4034.0000,3142.8217,1986.9988
2018-07-08,125,528.0000,565.3723,733.7041,634.7982,1045.6592,2443.5455,2764.5728,2790.2857,3010.8097,1857.0000,1168.5994
2018-07-10,125,-9999.0000,-9999.0000,-9999.0000,-9999.0000,-9999.0000,-9999.0000,-9999.0000,-9999.0000,-9999.0000,-9999.0000,-9999.0000
2018-07-13,125,30.0000,177.1398,501.6357,260.5764,900.4527,3433.0679,4374.0000,4283.1888,4500.8612,2456.6935,1283.9073
2018-07-13,125,288.0000,349.4567,592.8683,323.2556,925.0819,3316.0000,4278.1491,4166.2362,4429.4991,2423.5500,1293.9729
2018-07-15,125,501.0000,413.5922,692.8427,379.8667,1035.0226,3946.5967,4847.0000,4723.5527,5057.0000,2773.2461,1410.5013
2018-07-15,125,435.0000,424.9434,689.7043,380.0160,1027.7142,3877.0000,4789.0378,4710.0562,4996.0202,2739.2299,1395.1623
2018-07-18,125,301.0000,321.3292,536.9499,290.7465,851.1769,3676.0000,4786.0000,4758.0449,5019.9204,2458.3395,1202.9197
2018-07-18,125,353.0000,357.4990,557.5307,307.1753,859.2177,3623.4400,4744.4552,4707.8307,4931.0000,2449.7857,1204.4898
2018-07-20,125,443.0000,493.4069,672.9023,387.4061,962.7022,3784.7170,5149.0000,5155.6937,5353.4448,2779.9927,1353.1821
2018-07-20,125,246.0000,425.7255,650.2178,403.5286,955.3586,3771.8879,5046.8104,5080.8997,5251.0000,2743.0000,1340.6400
2018-07-23,125,-9999.0000,-9999.0000,-9999.0000,-9999.0000,-9999.0000,-9999.0000,-9999.0000,-9999.0000,-9999.0000,-9999.0000,-9999.0000
2018-07-23,125,-9999.0000,-9999.0000,-9999.0000,-9999.0000,-9999.0000,-9999.0000,-9999.0000,-9999.0000,-9999.0000,-9999.0000,-9999.0000
2018-07-25,125,376.0000,393.1726,593.8284,332.8609,868.0450,3989.0000,5257.4140,5267.4034,5523.0000,2626.7994,1266.6953
2018-07-25,125,301.0000,372.0433,604.5949,373.2370,881.5991,3834.5118,5078.0000,5093.5540,5304.4714,2587.1043,1260.1905
2018-07-28,125,387.0000,409.5239,585.5932,361.5682,849.6324,3550.0000,4876.3561,4818.9784,5128.7457,2298.8005,1100.4047
2018-07-28,125,385.0000,442.3817,633.4574,417.5705,881.4587,3435.0830,4699.6533,4659.7476,4917.6422,2281.8219,1107.3866
2018-07-30,125,258.4318,336.8910,504.4707,273.6650,773.7916,3450.9501,5041.0303,4996.4291,5270.1136,2420.5473,1148.3186
2018-07-30,125,206.0000,345.6034,541.9238,333.6153,797.9522,3348.0000,4774.9034,4744.6014,4998.0000,2378.1319,1131.4371
2018-08-02,125,90.0000,309.5381,557.9496,353.9676,868.2743,3252.4996,4525.2842,4454.1603,4780.6327,2147.6529,1084.8639
2018-08-02,125,246.0000,410.0000,629.3083,408.7490,892.4857,3147.2801,4394.9610,4326.4754,4646.2993,2129.5043,1090.5090
2018-08-04,125,335.0000,372.2639,586.4028,341.4930,874.4991,3562.4738,4663.6992,4662.6648,4899.0000,2320.8049,1107.4388
2018-08-04,125,202.0000,304.8885,565.1879,353.3562,881.0000,3530.8462,4567.0000,4582.4137,4843.1244,2291.2559,1097.4470
2018-08-07,125,204.0000,301.2687,553.6395,354.3105,872.0000,3210.1479,4178.5327,4198.5462,4508.2588,2068.4538,1001.0000
2018-08-07,125,222.0000,320.7139,569.5727,373.0880,897.0000,3177.6888,4137.4106,4181.6162,4449.4571,2066.4538,1009.9970
2018-08-09,125,448.0000,536.7908,720.4039,474.8206,1032.9694,3139.1555,4201.0000,4200.1525,4500.4736,2300.0583,1202.9741
2018-08-09,125,351.0000,517.7236,729.5423,509.9122,1030.0000,3050.7512,4071.0000,4053.7877,4324.6084,2241.5412,1180.1921
2018-08-12,125,124.0000,346.1653,626.1903,444.9289,1006.0000,2961.7928,3815.6415,3897.7262,4087.4347,2208.4552,1201.4194
2018-08-12,125,265.0000,430.0000,672.8635,466.4654,1020.2087,2903.0000,3768.7581,3846.6752,4057.0904,2188.0000,1186.9436
2018-08-14,125,739.0000,693.6667,949.0000,718.2388,1352.9060,3983.0000,4985.0000,4780.0000,5371.0000,2790.0000,1457.4720
2018-08-14,125,798.0000,809.0649,1022.2478,853.0692,1424.0000,3801.7730,4609.0000,4496.0000,4853.0000,2706.5062,1430.0000
2018-08-17,125,253.0000,301.4712,521.2402,331.7273,866.5086,3107.6873,3688.9755,3798.7873,3943.8891,1973.2945,1004.2553
2018-08-17,125,295.0000,297.9465,532.7456,363.7884,903.0000,3080.0000,3682.0000,3767.8748,3910.6712,1963.1052,1003.9577
2018-08-19,125,47.0000,333.1041,620.5098,453.0472,1020.8488,3236.6576,4040.5781,4088.0414,4244.9036,2232.5326,1193.7378
2018-08-19,125,273.0000,462.2884,693.2659,516.1604,1044.4306,3098.3634,3820.5699,3911.7762,4041.4817,2189.0000,1180.7225
2018-08-22,125,269.0000,424.7782,689.2638,546.4821,1061.3561,2827.0195,3497.1558,3590.8348,3719.9274,2021.5151,1149.9463
2018-08-22,125,346.0000,490.0295,724.9588,569.8269,1069.0000,2804.1361,3461.6627,3541.8932,3658.0112,2009.0000,1142.2960
2018-08-24,125,1208.0000,1074.0000,1164.0000,853.5633,1365.0000,3281.0000,3980.5173,3975.5461,4406.9020,2530.8273,1288.9742
2018-08-24,125,1040.0000,978.7449,1158.0000,893.0000,1431.0000,3500.5017,4152.5740,4149.2886,4611.0000,2596.9115,1367.0000
2018-08-27,125,321.0000,310.3148,514.5357,317.7485,868.9363,3082.3307,3638.6114,3864.6188,3895.3264,1857.3483,929.5088
2018-08-27,125,346.0000,332.5508,530.7390,325.2933,865.2246,3092.7361,3654.0000,3861.2581,3894.5859,1853.8565,929.3908
2018-08-29,125,445.0000,582.6339,791.0000,586.7324,1113.3460,3036.2032,3638.0000,3878.2497,3910.9955,2050.5371,1117.8753
2018-08-29,125,288.0000,516.5254,770.9185,600.8639,1109.8184,2963.2271,3622.2026,3815.8333,3832.3568,2021.2622,1105.4692
2018-09-01,125,351.0000,528.5193,794.4585,538.0000,1267.0000,3672.7531,4461.0000,4472.0000,4795.0000,2312.8970,1189.1757
2018-09-01,125,384.0000,562.5000,814.5750,538.0000,1270.0000,3589.0000,4447.0000,4453.9184,4710.9649,2337.0000,1189.5191
2018-09-03,125,1479.0000,959.0000,1348.0000,1240.0000,1828.0000,3731.0000,4191.0000,4228.0000,4474.0000,3006.0000,1822.0000
2018-09-03,125,-9999.0000,-9999.0000,-9999.0000,-9999.0000,-9999.0000,-9999.0000,-9999.0000,-9999.0000,-9999.0000,-9999.0000,-9999.0000
2018-09-06,125,-9999.0000,-9999.0000,-9999.0000,-9999.0000,-9999.0000,-9999.0000,-9999.0000,-9999.0000,-9999.0000,-9999.0000,-9999.0000
2018-09-06,125,921.0000,797.0000,1174.0000,1112.0000,1862.0000,3228.0000,3579.0000,4100.0000,3810.0000,2416.0000,1565.0000
2018-09-08,125,38.0000,322.7614,709.9055,501.3177,1252.0830,3047.5710,3590.9560,3732.5119,3894.7055,2065.5476,1104.6157
2018-09-08,125,132.5000,370.5060,729.2621,517.7766,1250.3849,2985.7797,3507.8813,3653.8085,3784.2205,2034.0231,1089.2508
2018-09-16,125,109.0000,322.2277,702.0565,609.3483,1348.3484,2485.3658,2808.0000,2904.9067,3129.6475,1982.3158,1118.4394
2018-09-16,125,526.0000,534.5023,786.6882,629.7742,1356.3692,2452.4654,2776.0000,2901.8436,3096.2805,1969.8448,1117.0000
2018-09-18,125,100.0000,405.0929,793.5456,723.5847,1508.3694,2518.6516,2902.9695,3029.5532,3228.2388,2231.7244,1378.1359
2018-09-18,125,267.0000,501.4479,837.4617,756.5012,1483.5722,2444.5198,2827.3316,2898.8383,3113.0000,2179.9394,1339.4622
2018-09-21,125,424.0000,517.5848,745.6193,699.9299,1339.0392,2123.1915,2412.3976,2587.5910,2766.0000,2092.4181,1314.5574
2018-09-21,125,360.7147,500.9667,749.4713,715.3859,1356.4101,2129.7162,2428.0000,2578.7704,2757.0000,2077.5267,1299.9146
2018-09-23,125,-9999.0000,-9999.0000,-9999.0000,-9999.0000,-9999.0000,-9999.0000,-9999.0000,-9999.0000,-9999.0000,-9999.0000,-9999.0000
2018-09-23,125,-9999.0000,-9999.0000,-9999.0000,-9999.0000,-9999.0000,-9999.0000,-9999.0000,-9999.0000,-9999.0000,-9999.0000,-9999.0000
2018-09-26,125,434.6885,465.4913,721.2896,724.0512,1308.0000,2123.5653,2376.0945,2647.5554,2744.2756,2133.1790,1285.3382
2018-09-26,125,488.0000,497.9791,741.6165,724.0359,1309.4704,2099.2833,2379.0000,2648.6545,2701.0000,2129.0576,1291.2572
2018-09-28,125,244.9601,441.2189,733.6530,812.2139,1427.5382,2168.0000,2486.0000,2690.5156,2842.0000,2340.2236,1466.8204
2018-09-28,125,410.6199,517.7246,757.8728,804.6103,1403.8742,2157.0000,2449.0000,2644.1534,2803.2547,2315.1711,1429.4668
2018-10-03,125,283.0000,429.9251,773.5145,875.1670,1466.7616,2223.0000,2428.5285,2628.8182,2819.0738,2300.4626,1421.5771
2018-10-03,125,564.7147,552.7607,806.2194,860.4362,1450.4401,2171.8418,2410.7158,2599.1434,2775.9041,2283.4072,1404.2585
2018-10-08,125,396.0000,746.2833,1082.0000,1139.4162,1809.8443,2499.0478,2856.0000,2996.4902,3235.7341,2935.2573,2010.8672
2018-10-08,125,634.0000,881.1022,1144.5458,1170.5375,1778.3160,2445.2685,2773.0364,2885.2163,3125.9141,2837.5250,1973.9575
2018-10-11,125,378.5302,541.9212,753.9014,780.6568,1261.7725,1836.0000,2059.0618,2161.6667,2333.0606,2019.7962,1431.0000
2018-10-11,125,325.0000,516.6034,733.1755,839.0000,1364.0000,1867.0213,2109.0000,2254.0000,2425.0000,2240.0000,1501.9857
2018-10-11,125,518.9832,726.1104,918.0000,939.0000,1410.0000,2001.0000,2235.0000,2348.0000,2530.0000,2171.0000,1457.0648
2018-10-11,125,599.0000,797.1672,933.3681,1032.6892,1525.0000,2106.0000,2356.3052,2522.8390,2690.7967,2289.0000,1521.0000
2018-10-13,125,510.0254,585.6633,836.9146,874.4485,1393.8752,2009.3433,2209.4707,2374.2453,2505.0000,2230.7026,1506.8276
2018-10-13,125,416.0000,497.6644,768.7392,826.5238,1360.7384,2000.0000,2204.8240,2376.7122,2497.5917,2210.7948,1502.1547
2018-10-18,125,553.0000,782.2844,1021.2775,1197.7831,1692.5000,2107.0000,2385.5054,2435.3794,2651.3865,2961.2377,2182.4584
2018-10-18,125,640.0000,832.1865,1038.0000,1192.8530,1656.9630,2083.0000,2329.9664,2372.9824,2587.3633,2890.0000,2133.7376
2018-10-21,125,667.0000,806.8205,876.2562,908.0000,1141.4623,1383.0000,1537.8883,1558.0000,1650.0000,1743.0000,1350.0000
2018-10-21,125,711.0000,812.7791,866.1848,877.3757,1052.7527,1238.0000,1313.9190,1338.0000,1418.8164,1451.6019,1072.0000
2018-10-23,125,556.4627,701.6985,1069.0698,1248.8092,1757.9900,2381.4565,2579.4245,2755.3271,2836.2038,3159.0000,2342.2061
2018-10-23,125,733.0000,837.4430,1120.7292,1256.8417,1704.0176,2266.5835,2451.8120,2627.9212,2731.0000,3036.9294,2280.0000
2018-10-31,125,360.0000,600.0000,897.4549,925.5694,1439.0000,2058.8648,2280.3892,2374.8915,2500.6539,2445.7543,1736.6249
2018-10-31,125,423.0000,644.5827,921.4244,936.6625,1440.8505,2053.5933,2249.5507,2358.1128,2498.2168,2437.0225,1729.2364
2018-11-05,125,-9999.0000,-9999.0000,-9999.0000,-9999.0000,-9999.0000,-9999.0000,-9999.0000,-9999.0000,-9999.0000,-9999.0000,-9999.0000
2018-11-05,125,-9999.0000,-9999.0000,-9999.0000,-9999.0000,-9999.0000,-9999.0000,-9999.0000,-9999.0000,-9999.0000,-9999.0000,-9999.0000
2018-11-12,125,-9999.0000,-9999.0000,-9999.0000,-9999.0000,-9999.0000,-9999.0000,-9999.0000,-9999.0000,-9999.0000,-9999.0000,-9999.0000
2018-11-12,125,-9999.0000,-9999.0000,-9999.0000,-9999.0000,-9999.0000,-9999.0000,-9999.0000,-9999.0000,-9999.0000,-9999.0000,-9999.0000
2018-11-15,125,482.0000,630.3226,985.2286,853.6300,1470.6705,2325.0119,2472.5792,2521.2513,2637.0000,2453.4763,1733.6752
2018-11-15,125,537.0000,664.2087,1001.2272,857.7527,1472.3610,2355.0000,2471.9941,2521.0577,2651.3971,2456.3004,1733.0000
2018-11-17,125,158.0000,457.6536,844.9078,747.3295,1489.7852,2552.1567,2743.2228,2789.8160,2840.2804,2688.0000,1965.7941
2018-11-17,125,498.0000,701.8819,973.9709,865.0037,1473.1548,2344.0000,2561.9549,2612.0079,2697.5000,2562.5524,1890.6018
2018-12-05,125,-9999.0000,-9999.0000,-9999.0000,-9999.0000,-9999.0000,-9999.0000,-9999.0000,-9999.0000,-9999.0000,-9999.0000,-9999.0000
2018-12-07,125,568.0000,802.5641,960.6109,984.8382,1325.7458,1650.2419,1814.4210,1858.4528,1967.0000,1881.0000,1284.0781
2018-12-12,125,190.0000,380.4013,716.9378,806.0444,1314.4973,1872.2689,2019.7069,2279.7653,2269.9697,2347.3278,1682.0132
2018-12-12,125,368.0000,500.6370,780.1385,833.2865,1297.9212,1839.0000,1993.0504,2198.9420,2194.0671,2245.1064,1626.8276
2018-12-15,125,407.0000,578.2301,806.8892,881.6366,1337.0000,1777.0000,1933.2011,2136.9792,2155.2674,2316.7439,1730.0536
2018-12-15,125,340.0000,514.3088,764.0000,841.9263,1326.0528,1823.0000,1940.0000,2152.4436,2186.4038,2335.0000,1755.1408
2018-12-27,125,709.0000,858.3198,952.1392,965.5056,1374.0000,1734.4600,1874.9271,2073.9446,2026.1027,2155.5562,1617.5824
2018-12-30,125,269.0000,517.0000,682.4489,741.8989,1201.2729,1589.0135,1731.9941,1889.6700,1932.4264,1710.0336,1181.0000
2018-12-30,125,316.0000,538.0000,700.1952,749.3413,1213.9944,1612.3403,1755.0000,1898.1132,1952.2338,1717.5565,1188.8200
2019-01-01,125,1441.0000,1428.0000,1732.0000,1998.0000,2477.5641,2960.3271,3132.0000,3378.0000,3470.0000,4203.0000,3378.5758
2019-01-04,125,1194.0000,1110.0000,1310.0000,1532.0000,1720.0000,1830.0000,1867.0000,1978.0000,2016.0000,2117.0000,1742.0000
2019-01-04,125,-9999.0000,-9999.0000,-9999.0000,-9999.0000,-9999.0000,-9999.0000,-9999.0000,-9999.0000,-9999.0000,-9999.0000,-9999.0000
2019-01-06,125,414.0000,718.8177,936.9165,1021.3860,1524.7991,1916.7021,2074.0000,2259.5048,2266.4032,2634.5213,2059.6134
2019-01-06,125,523.0000,771.0000,960.4566,1022.2412,1480.5000,1866.7813,2011.0000,2203.0037,2194.4264,2514.0000,2002.6574
2019-01-11,125,395.0000,576.5547,828.3948,1005.7154,1554.4480,1964.3227,2107.1847,2324.2439,2331.8852,2747.4701,2114.8240
2019-01-11,125,564.0000,691.0000,892.8279,1028.6335,1533.0000,1932.8102,2060.0156,2250.8132,2277.0000,2643.4198,2043.1924
2019-01-14,125,526.0000,692.1552,910.3584,1020.7812,1482.1303,1836.0000,1947.3215,2147.5275,2160.5826,2499.1716,1932.8027
2019-01-14,125,481.0000,644.4134,876.5603,997.2779,1478.3379,1862.0000,1979.0568,2154.8064,2205.6088,2515.2431,1913.5305
2019-01-16,125,494.0000,808.3174,1036.0000,1173.6272,1657.8074,2069.7605,2208.0000,2380.3204,2395.1794,2868.0492,2301.9105
2019-01-16,125,420.0000,732.7919,984.0963,1125.5583,1642.0000,2044.3790,2196.2050,2387.1207,2403.0000,2837.3058,2265.5460
2019-01-21,125,1334.0000,1350.0000,1600.0000,1741.2401,2193.5295,2543.0000,2645.0945,2832.7798,2842.2072,2531.6474,1985.0000
2019-01-24,125,661.0000,814.2615,1010.1245,1148.6379,1674.0000,2036.9809,2172.0610,2378.9430,2396.7627,2395.1648,1699.0000
2019-01-24,125,709.0000,844.2000,1028.0000,1152.5713,1669.7365,2041.0634,2196.9297,2388.2583,2402.8674,2396.2165,1692.9309
2019-01-29,125,-9999.0000,-9999.0000,-9999.0000,-9999.0000,-9999.0000,-9999.0000,-9999.0000,-9999.0000,-9999.0000,-9999.0000,-9999.0000
2019-01-29,125,-9999.0000,-9999.0000,-9999.0000,-9999.0000,-9999.0000,-9999.0000,-9999.0000,-9999.0000,-9999.0000,-9999.0000,-9999.0000
2019-01-31,125,563.0000,680.4172,918.2186,1093.1184,1646.3862,2106.0110,2243.0796,2434.8218,2492.0990,2915.5103,2203.5676
2019-01-31,125,540.0000,644.1286,886.4961,1060.3994,1632.2365,2091.2749,2244.0000,2426.4416,2448.0000,2849.8088,2164.8315
2019-02-03,125,-9999.0000,-9999.0000,-9999.0000,-9999.0000,-9999.0000,-9999.0000,-9999.0000,-9999.0000,-9999.0000,-9999.0000,-9999.0000
2019-02-05,125,166.0000,469.8042,745.3125,908.7861,1496.9344,2068.5282,2260.9797,2459.1129,2459.7315,2595.6323,1858.0251
2019-02-05,125,298.0000,550.3211,792.4637,914.2054,1465.0074,2020.3185,2179.2041,2403.1340,2390.0000,2559.0000,1846.6510
2019-02-08,125,316.0000,564.2430,766.0000,918.1780,1420.0000,1931.1011,2100.4120,2251.8506,2284.5348,2491.5277,1938.0414
2019-02-08,125,456.0000,660.3359,826.1429,953.3317,1418.0639,1889.4379,2059.2943,2219.2929,2253.0000,2459.1278,1915.6594
2019-02-13,125,141.0000,345.9287,669.2881,825.1666,1396.8669,1980.3659,2148.0000,2267.9199,2337.0000,2434.9062,1728.0000
2019-02-13,125,325.0000,480.4581,749.6354,873.9185,1400.0000,1939.7732,2089.7512,2228.2693,2305.9844,2411.9960,1725.0000
2019-02-15,125,351.0000,636.9808,890.5538,1061.3022,1614.2349,2253.2468,2434.0000,2642.3943,2626.1371,2856.0000,2139.6730
2019-02-15,125,469.0000,706.4624,918.7025,1064.0000,1582.7838,2181.3961,2354.6726,2554.9763,2546.0065,2789.2021,2101.2340
2019-02-18,125,1246.0000,1382.0000,1456.0000,1592.1601,1849.0000,2091.0000,2226.5309,2475.6284,2411.9495,2769.3236,2042.0000
2019-02-18,125,1356.0000,1449.3237,1529.0480,1588.5120,1921.7234,2359.0000,2547.7609,2766.0000,2706.5101,2686.0000,1949.0000
2019-02-23,125,390.0000,566.4622,774.4384,874.6959,1216.7117,1667.0000,1782.3135,1970.9181,1912.7881,1933.9483,1501.2095
2019-02-23,125,383.0000,554.3853,766.3665,865.4412,1194.4142,1649.4811,1769.4405,1995.1226,1912.9453,1928.5078,1468.0000
2019-02-25,125,428.0377,684.7401,905.5620,1096.5008,1585.8318,2245.0000,2469.0576,2596.3333,2636.2549,2876.0000,2280.0000
2019-02-25,125,487.0000,713.3197,913.5069,1084.3424,1557.0002,2180.5783,2394.6920,2530.9334,2571.0000,2813.9663,2229.0828
2019-02-28,125,309.0000,582.2559,833.4789,979.6609,1485.6201,2166.3657,2355.7302,2531.5828,2555.1724,2636.0000,2064.6720
2019-02-28,125,280.0000,549.6988,809.5475,963.5223,1485.4636,2163.4989,2371.5324,2554.1352,2586.2203,2635.0118,2066.9651
2019-03-02,125,830.0000,910.5074,1124.0000,1248.7879,1779.0000,2466.9229,2641.0000,2777.3529,2859.3708,2810.3706,2085.0636
2019-03-02,125,942.0000,986.4164,1158.0000,1245.6685,1742.5400,2360.5879,2547.6907,2668.3495,2741.6678,2724.9763,2037.0000
2019-03-05,125,-9999.0000,-9999.0000,-9999.0000,-9999.0000,-9999.0000,-9999.0000,-9999.0000,-9999.0000,-9999.0000,-9999.0000,-9999.0000
2019-03-05,125,-9999.0000,-9999.0000,-9999.0000,-9999.0000,-9999.0000,-9999.0000,-9999.0000,-9999.0000,-9999.0000,-9999.0000,-9999.0000
2019-03-12,125,366.3755,529.0819,813.4485,939.7072,1517.6262,2490.4364,2706.7413,2940.2420,2932.2059,2740.5032,1977.0000
2019-03-12,125,356.0000,502.1617,793.8059,914.1500,1497.2261,2485.0000,2698.7805,2922.4410,2922.8615,2707.2031,1963.2735
2019-03-15,125,477.0000,625.3676,881.7359,970.5865,1566.2211,2415.0000,2645.0688,2762.3164,2851.4232,2611.0431,1868.8490
2019-03-15,125,460.0000,605.7607,865.6457,956.8613,1573.3885,2445.2602,2683.1397,2787.7137,2896.4611,2618.0051,1868.0513
2019-03-20,125,404.0000,610.6226,849.3368,925.0954,1524.0000,2451.4736,2716.5431,2923.9418,2921.9054,2499.5832,1828.8554
2019-03-20,125,445.0000,632.2975,861.7301,929.8029,1529.2169,2449.6183,2714.4778,2912.4835,2931.3872,2491.7053,1824.0000
2019-03-22,125,446.2283,597.4901,913.0720,1019.3700,1701.3074,2778.0000,3044.1750,3259.4758,3274.3088,2805.3238,1985.0000
2019-03-22,125,496.0000,633.2054,925.5690,1019.5464,1677.0145,2736.0737,2980.0000,3188.5856,3226.9285,2780.1828,1954.2250
2019-03-25,125,799.0000,889.7501,1072.6475,1080.6610,1673.8608,2569.3470,2832.0000,2914.2815,3009.5497,2482.9730,1717.6691
2019-03-25,125,745.0000,849.4534,1048.9028,1064.9058,1689.1880,2626.9814,2896.0000,2987.2853,3091.7469,2492.7785,1715.6414
2019-03-27,125,-9999.0000,-9999.0000,-9999.0000,-9999.0000,-9999.0000,-9999.0000,-9999.0000,-9999.0000,-9999.0000,-9999.0000,-9999.0000
2019-03-27,125,-9999.0000,-9999.0000,-9999.0000,-9999.0000,-9999.0000,-9999.0000,-9999.0000,-9999.0000,-9999.0000,-9999.0000,-9999.0000
2019-03-30,125,561.0000,724.9096,940.8925,933.9869,1546.0058,2503.0000,2794.8527,2987.0813,2972.1375,2129.8998,1523.5417
2019-03-30,125,621.0000,769.8843,965.6948,949.2205,1549.8272,2481.4851,2778.5413,2964.4028,2949.0000,2118.7415,1515.0000
2019-04-01,125,567.0000,674.0852,971.7225,962.7679,1731.5526,2940.0568,3226.7718,3395.3419,3454.4825,2545.3383,1681.0000
2019-04-01,125,593.0000,697.6217,977.3191,963.8901,1705.3888,2876.4848,3143.0000,3315.4910,3369.5989,2509.1572,1657.0000
2019-04-06,125,646.0000,813.1557,1137.0989,978.0422,1889.0000,3529.4851,3941.1191,3977.0417,4068.0000,2460.0000,1474.0000
2019-04-06,125,638.0000,816.4329,1133.0905,981.2146,1714.2054,2879.0000,3160.0245,3250.0000,3304.0000,2324.0000,1413.3659
2019-04-16,125,450.0000,597.4291,869.6042,741.3136,1592.4498,2981.0000,3369.1764,3593.5367,3587.2592,2067.2231,1251.2523
2019-04-16,125,545.0000,668.6950,913.8472,774.2141,1581.5389,2917.3255,3276.3728,3490.6594,3481.3709,2043.7206,1228.4640
2019-04-19,125,270.0000,437.5234,741.7906,659.7419,1484.4250,2812.0053,3203.4994,3428.1105,3403.3781,1890.4085,1164.6912
2019-04-19,125,350.0000,501.0857,777.5580,683.3628,1489.9875,2788.2662,3154.0028,3394.6613,3386.5104,1884.4167,1148.1433
2019-04-21,125,1136.0000,1389.3944,1648.7188,1560.3783,2269.4105,3438.3528,3723.4612,3988.8013,3947.0000,2547.8029,1813.0565
2019-04-21,125,1435.0000,1416.8305,1665.0287,1572.4998,2204.8868,3295.0000,3588.3649,3837.5571,3795.8217,2484.0000,1801.6247
2019-04-24,125,-9999.0000,-9999.0000,-9999.0000,-9999.0000,-9999.0000,-9999.0000,-9999.0000,-9999.0000,-9999.0000,-9999.0000,-9999.0000
2019-05-01,125,461.0000,534.7863,852.5713,781.7261,1582.5826,2733.9631,3011.9029,3129.9777,3212.4158,2076.1357,1203.3748
2019-05-01,125,509.0000,554.2844,856.7787,773.1335,1561.4501,2677.2775,2938.0000,3074.8571,3171.2986,2032.7812,1186.3141
2019-05-06,125,-9999.0000,-9999.0000,-9999.0000,-9999.0000,-9999.0000,-9999.0000,-9999.0000,-9999.0000,-9999.0000,-9999.0000,-9999.0000
2019-05-06,125,-9999.0000,-9999.0000,-9999.0000,-9999.0000,-9999.0000,-9999.0000,-9999.0000,-9999.0000,-9999.0000,-9999.0000,-9999.0000
2019-05-09,125,-9999.0000,-9999.0000,-9999.0000,-9999.0000,-9999.0000,-9999.0000,-9999.0000,-9999.0000,-9999.0000,-9999.0000,-9999.0000
2019-05-16,125,-9999.0000,-9999.0000,-9999.0000,-9999.0000,-9999.0000,-9999.0000,-9999.0000,-9999.0000,-9999.0000,-9999.0000,-9999.0000
2019-05-16,125,-9999.0000,-9999.0000,-9999.0000,-9999.0000,-9999.0000,-9999.0000,-9999.0000,-9999.0000,-9999.0000,-9999.0000,-9999.0000
2019-05-24,125,827.0000,1219.4186,1616.7336,2011.0420,2321.5273,2501.2576,2642.0452,2698.1325,2819.3323,3769.1398,3288.1367
2019-05-24,125,896.0000,1209.3490,1570.9274,1922.9178,2218.4355,2429.5434,2573.5015,2650.6165,2773.0000,3672.0055,3223.9035
2019-05-26,125,1109.0000,1539.8662,1891.2891,2214.7784,2569.5072,2817.1129,3052.7499,3140.2565,3200.4894,3816.3730,3435.7788
2019-05-31,125,773.0000,988.2977,1347.0082,1703.4462,2052.2701,2421.5955,2585.4816,2692.9559,2803.8494,3361.7519,2562.2653
2019-05-31,125,838.9784,1002.7887,1338.5850,1619.4570,1987.3677,2372.0000,2538.7111,2629.2303,2763.4490,3255.7687,2534.8757
2019-06-03,125,855.0000,1236.4533,1674.1392,1909.0401,2354.1347,2746.1903,2906.8365,2946.7626,3098.7836,3732.7270,3175.4952
2019-06-03,125,931.0000,1244.2297,1626.6973,1844.0522,2274.0000,2676.4861,2852.2861,2891.3875,3034.2036,3652.5650,3129.2863
2019-06-05,125,-9999.0000,-9999.0000,-9999.0000,-9999.0000,-9999.0000,-9999.0000,-9999.0000,-9999.0000,-9999.0000,-9999.0000,-9999.0000
2019-06-05,125,-9999.0000,-9999.0000,-9999.0000,-9999.0000,-9999.0000,-9999.0000,-9999.0000,-9999.0000,-9999.0000,-9999.0000,-9999.0000
2019-06-13,125,747.0000,987.4210,1443.6812,1476.0000,2197.0537,2971.1071,3168.3072,3242.1381,3356.0335,3355.1824,2552.8924
2019-06-13,125,782.0000,996.8271,1456.7802,1476.5392,2187.7342,2970.8722,3189.2652,3243.1496,3379.7873,3354.4387,2572.3927
2019-06-15,125,-9999.0000,-9999.0000,-9999.0000,-9999.0000,-9999.0000,-9999.0000,-9999.0000,-9999.0000,-9999.0000,-9999.0000,-9999.0000
2019-06-15,125,-9999.0000,-9999.0000,-9999.0000,-9999.0000,-9999.0000,-9999.0000,-9999.0000,-9999.0000,-9999.0000,-9999.0000,-9999.0000
2019-06-18,125,580.0000,845.3555,1274.4311,1308.8820,1923.5986,2860.4671,3202.0000,3244.0628,3387.3035,3316.8798,2575.0000
2019-06-18,125,672.0000,898.9855,1283.3244,1306.6662,1909.3845,2795.5733,3120.1185,3153.6214,3299.5368,3274.0020,2548.0007
2019-06-20,125,929.3752,1018.6470,1339.1265,1419.1850,1908.0627,2700.0008,2914.0284,2955.8872,3162.8080,3483.1968,2730.6363
2019-06-20,125,962.7167,1042.9019,1346.1933,1418.9005,1908.3146,2690.6496,2914.9298,2930.5084,3146.4902,3468.6172,2715.8090
2019-06-23,125,558.0000,641.1307,941.9509,973.4420,1434.0577,2146.9078,2402.7940,2418.4959,2585.3592,2549.3534,1860.9949
2019-06-23,125,516.0000,605.8883,921.4297,949.2573,1429.6894,2160.9402,2427.7089,2450.5163,2611.6477,2561.9300,1858.1954
2019-06-25,125,818.0000,963.0533,1235.0044,1250.0214,1740.3846,2659.7480,3050.0348,3052.1310,3226.8221,3412.8556,2675.0451
2019-06-25,125,878.0000,1001.3013,1250.5961,1258.8368,1724.6515,2626.8385,3004.2490,2996.2638,3173.9427,3378.8243,2663.4761
2019-06-28,125,525.1678,692.0112,978.4639,986.2940,1450.8399,2508.2845,2931.7769,2954.2992,3115.0090,2988.4342,2298.0000
2019-06-28,125,658.4197,787.2523,1034.2421,1034.0061,1460.0068,2469.0841,2874.0182,2883.7814,3044.7298,2957.1549,2284.8100
2019-06-30,125,624.3903,692.2896,1035.3378,1045.4590,1553.2698,2867.6100,3276.0000,3395.3488,3466.2549,3163.7332,2292.4812
2019-06-30,125,661.3131,723.0921,1051.5639,1049.5617,1556.7113,2852.9485,3259.5940,3378.7016,3458.1782,3164.4826,2292.9882
2019-07-03,125,392.8554,499.9861,828.8363,835.6339,1323.7387,2653.3281,3145.6913,3116.1178,3369.6170,2858.6535,1955.9796
2019-07-03,125,630.0000,691.3435,938.8420,916.0197,1353.5585,2562.0368,3026.8963,2977.4429,3233.3260,2805.1137,1923.3679
2019-07-05,125,569.0000,699.1433,978.4695,923.4813,1428.9579,2782.0512,3377.0000,3394.7702,3540.1530,2928.8573,2050.4493
2019-07-05,125,634.7392,738.6672,1003.5670,940.1070,1434.5602,2761.8069,3340.0648,3362.5283,3505.8935,2931.2737,2028.5688
2019-07-08,125,939.0000,1049.3610,1244.7879,1146.2360,1565.6975,2717.2962,3234.0581,3242.1207,3378.0091,2541.8168,1841.3257
2019-07-10,125,464.6757,507.0993,827.9920,700.0810,1218.8457,3009.0000,3603.6187,3701.8617,3795.3291,2716.8924,1740.5396
2019-07-10,125,581.0000,603.8303,891.3656,764.4484,1258.5397,2933.0000,3514.0000,3617.5207,3698.8198,2697.1040,1732.5924
2019-07-13,125,623.0000,661.2337,881.1206,739.6665,1198.0348,2706.5490,3331.9200,3372.1076,3531.2016,2379.6287,1467.6074
2019-07-13,125,812.0000,817.3126,981.1272,827.3957,1245.3822,2610.0478,3189.4839,3236.2067,3387.3839,2346.0540,1457.6321
2019-07-20,125,526.0000,561.3624,835.1677,706.9571,1180.0823,2859.6479,3453.4627,3512.3471,3692.0000,2461.0976,1522.1188
2019-07-20,125,602.0000,621.5290,873.1766,746.7497,1204.0000,2824.0674,3412.3416,3441.8511,3621.0392,2459.6588,1506.1541
2019-07-23,125,357.0000,445.1545,739.5899,668.6103,1117.2486,2574.0027,3136.5155,3171.5747,3395.3315,2301.0738,1411.6579
2019-07-23,125,468.0000,529.6348,785.7161,699.4587,1137.3000,2538.7033,3108.4085,3116.6667,3341.0000,2283.6311,1421.1513
2019-07-25,125,653.0000,765.5818,981.7702,882.5868,1348.4565,2625.5166,3268.0000,3232.2743,3485.3713,2538.6573,1643.7231
2019-07-25,125,663.0000,769.9853,985.4365,883.3574,1350.2985,2633.9802,3282.6459,3250.6730,3505.3298,2545.9752,1646.0000
2019-07-30,125,280.0000,366.0874,709.7650,588.0541,1128.0000,2714.7705,3224.7765,3175.1031,3460.5683,2410.9951,1475.8207
2019-07-30,125,504.4793,537.5981,813.3103,674.6884,1171.0000,2626.7787,3085.3439,3063.4455,3332.5271,2380.9666,1485.9497
2019-08-04,125,304.0000,453.9057,741.1793,644.1629,1156.7084,2531.6863,3142.0000,3178.0266,3319.0318,2436.8375,1577.2454
2019-08-04,125,489.0000,598.0038,829.4467,708.9347,1169.5854,2459.7455,3012.0000,3064.6489,3209.1328,2403.5257,1554.4838
2019-08-09,125,311.0000,354.3230,665.4477,481.0108,1013.3825,2577.5437,3061.8657,3052.0117,3259.9399,2140.6393,1209.6324
2019-08-09,125,416.0000,440.3433,714.3447,521.5868,1029.4542,2537.9811,2993.6344,2987.8468,3194.1872,2123.0000,1209.4077
2019-08-12,125,-9999.0000,-9999.0000,-9999.0000,-9999.0000,-9999.0000,-9999.0000,-9999.0000,-9999.0000,-9999.0000,-9999.0000,-9999.0000
2019-08-14,125,293.0000,402.7421,653.6084,465.1805,957.5685,2469.4673,3114.1922,3174.7186,3301.0771,2068.0290,1203.4972
2019-08-14,125,357.0000,458.4595,688.4704,493.6616,969.6461,2434.7601,3064.9523,3142.9452,3254.1270,2060.3027,1202.2833
2019-08-17,125,198.0000,317.7424,584.8088,425.5334,896.2279,2386.6582,2997.5138,3079.8446,3207.9641,1980.5711,1165.2610
2019-08-17,125,279.0000,376.5147,620.3474,449.0098,913.0000,2370.0898,2980.7342,3049.5622,3193.6513,1963.6845,1156.7585
2019-08-19,125,360.0000,489.7253,785.3769,637.5033,1161.2535,2708.9807,3259.0326,3316.0203,3512.7391,2369.0000,1418.3741
2019-08-19,125,560.0000,637.2733,873.1352,697.4348,1185.0447,2643.1110,3145.8066,3202.7953,3403.1385,2329.8555,1416.5063
2019-08-24,125,1084.0000,1152.0000,1254.0000,1042.0000,1474.0000,2586.3220,3180.6888,3139.1514,3414.0742,2593.0236,1654.0000
2019-08-24,125,956.0000,1100.2553,1240.9979,1013.7969,1483.0000,2712.5541,3365.0000,3362.6032,3620.4095,2637.3259,1628.9332
2019-08-27,125,429.0000,545.8056,745.4029,641.2208,1085.4053,2126.4973,2610.2988,2635.0642,2852.9215,2165.9994,1380.4930
2019-08-27,125,475.0000,574.1819,765.4844,649.5909,1080.9047,2135.0000,2595.0941,2642.0383,2834.7612,2153.4052,1370.5101
2019-08-29,125,664.0000,686.6796,912.5580,797.6958,1276.4692,2410.0000,2785.0000,2811.2099,3091.7706,2433.0000,1488.9912
2019-08-29,125,476.0000,533.6182,825.0212,733.8393,1265.6265,2473.6231,2882.7978,2908.6527,3203.2641,2477.0412,1493.0000
2019-09-01,125,493.0000,588.5732,837.8826,825.5942,1284.0000,2190.0000,2577.4170,2620.9805,2909.3554,2410.0000,1485.0390
2019-09-01,125,521.0000,600.6023,842.1815,824.9535,1291.0000,2213.5623,2586.7321,2626.2612,2917.3953,2417.5546,1477.9395
2019-09-03,125,260.0000,430.7122,730.4771,721.0921,1274.3387,2299.4187,2715.2947,2874.4178,3006.5191,2297.5167,1369.2177
2019-09-03,125,351.0000,492.4112,762.5876,738.4137,1277.2919,2274.0195,2682.9614,2842.7162,2970.0000,2273.0000,1353.9763
2019-09-11,125,341.0000,422.5619,644.7312,618.5174,1034.2291,1947.1664,2263.4607,2374.8504,2505.0000,2009.5905,1213.9939
2019-09-11,125,372.0000,438.6486,654.7892,622.2059,1042.0000,1942.5936,2255.0000,2376.6027,2510.4895,2013.9403,1216.9032
2019-09-13,125,242.0000,397.6885,641.6820,666.7070,1121.4190,1978.6813,2339.8356,2482.5341,2581.8585,2300.7133,1492.9481
2019-09-13,125,298.0000,429.2948,661.7844,674.9821,1125.0174,1987.4547,2331.1967,2468.5468,2563.9199,2292.2974,1491.9722
2019-09-16,125,306.0000,437.6079,641.1171,603.4801,1004.0937,1826.8570,2163.6098,2258.5543,2393.7205,2018.2234,1348.2342
2019-09-16,125,364.0000,465.4524,653.7672,610.9044,994.1593,1845.0209,2146.5697,2259.1164,2396.2646,2010.5531,1330.5858
2019-09-18,125,-9999.0000,-9999.0000,-9999.0000,-9999.0000,-9999.0000,-9999.0000,-9999.0000,-9999.0000,-9999.0000,-9999.0000,-9999.0000
2019-09-18,125,-9999.0000,-9999.0000,-9999.0000,-9999.0000,-9999.0000,-9999.0000,-9999.0000,-9999.0000,-9999.0000,-9999.0000,-9999.0000
2019-09-21,125,208.0000,297.0111,541.9187,579.3415,985.8220,1786.2104,2099.7793,2292.2800,2372.7775,2106.8438,1341.4824
2019-09-21,125,303.0000,357.4330,577.7356,603.8618,998.8058,1786.7806,2068.5734,2285.2757,2347.8182,2107.2953,1346.5171
2019-09-28,125,1360.7732,1250.0000,1353.5259,1177.1417,1608.1658,2411.9289,2652.6417,2659.9119,2857.5647,2339.5237,1514.7482
2019-09-28,125,1311.0000,1210.0000,1324.7667,1152.9218,1538.0000,2348.0093,2603.9891,2625.9154,2836.3755,2307.5717,1458.5008
2019-10-01,125,-9999.0000,-9999.0000,-9999.0000,-9999.0000,-9999.0000,-9999.0000,-9999.0000,-9999.0000,-9999.0000,-9999.0000,-9999.0000
2019-10-01,125,-9999.0000,-9999.0000,-9999.0000,-9999.0000,-9999.0000,-9999.0000,-9999.0000,-9999.0000,-9999.0000,-9999.0000,-9999.0000
2019-10-08,125,-9999.0000,-9999.0000,-9999.0000,-9999.0000,-9999.0000,-9999.0000,-9999.0000,-9999.0000,-9999.0000,-9999.0000,-9999.0000
2019-10-08,125,-9999.0000,-9999.0000,-9999.0000,-9999.0000,-9999.0000,-9999.0000,-9999.0000,-9999.0000,-9999.0000,-9999.0000,-9999.0000
2019-10-11,125,266.0000,341.9256,542.0533,555.0164,965.6416,1642.6562,1868.0653,1987.8275,2126.1806,2002.0676,1322.7532
2019-10-11,125,356.0000,397.1721,577.7113,577.2761,965.1937,1633.9433,1864.0000,1987.7230,2096.6531,1981.2567,1315.3935
2019-10-16,125,222.8610,368.7203,537.3329,521.5770,902.0526,1540.3727,1789.1024,1930.6702,2019.6139,1885.0081,1292.9054
2019-10-16,125,282.0000,398.8133,554.3917,529.3095,913.1824,1541.5390,1796.4314,1930.5402,2025.8743,1883.0000,1297.4052
2019-10-21,125,-9999.0000,-9999.0000,-9999.0000,-9999.0000,-9999.0000,-9999.0000,-9999.0000,-9999.0000,-9999.0000,-9999.0000,-9999.0000
2019-10-21,125,-9999.0000,-9999.0000,-9999.0000,-9999.0000,-9999.0000,-9999.0000,-9999.0000,-9999.0000,-9999.0000,-9999.0000,-9999.0000
2019-10-23,125,490.0000,729.7994,1045.0532,1124.6260,1666.6933,2298.7150,2547.0349,2691.5894,2785.0000,3115.7537,2307.4166
2019-10-23,125,492.7753,741.3804,1048.8235,1125.0567,1664.0000,2291.5948,2516.7759,2682.4411,2787.4905,3121.7878,2302.0989
2019-10-26,125,446.0000,684.3839,969.7612,1044.1543,1513.6161,2074.3102,2267.2368,2453.8681,2515.2153,2822.7937,2195.3796
2019-10-26,125,437.0000,669.7573,961.2777,1032.9904,1513.5838,2082.0000,2299.8088,2475.3735,2539.6293,2832.9181,2212.0000
2019-10-28,125,-9999.0000,-9999.0000,-9999.0000,-9999.0000,-9999.0000,-9999.0000,-9999.0000,-9999.0000,-9999.0000,-9999.0000,-9999.0000
2019-10-31,125,-9999.0000,-9999.0000,-9999.0000,-9999.0000,-9999.0000,-9999.0000,-9999.0000,-9999.0000,-9999.0000,-9999.0000,-9999.0000
2019-11-07,125,189.0000,397.3924,913.7131,869.7846,1652.6267,2473.5685,2646.0480,2741.1868,2838.7271,2526.4824,1672.9195
2019-11-07,125,477.0000,610.5714,1004.6284,929.6083,1609.6444,2344.9927,2470.4993,2599.5675,2691.4752,2444.6272,1641.5342
2019-11-10,125,421.0000,598.6345,985.1683,949.7205,1605.0873,2250.8504,2388.2331,2534.9862,2608.0000,2432.8713,1647.0000
2019-11-10,125,446.0000,616.6717,993.1874,950.0226,1616.9764,2253.0909,2397.0000,2549.2895,2601.1992,2433.9961,1637.4724
2019-11-30,125,-9999.0000,-9999.0000,-9999.0000,-9999.0000,-9999.0000,-9999.0000,-9999.0000,-9999.0000,-9999.0000,-9999.0000,-9999.0000
2019-11-30,125,-9999.0000,-9999.0000,-9999.0000,-9999.0000,-9999.0000,-9999.0000,-9999.0000,-9999.0000,-9999.0000,-9999.0000,-9999.0000
2019-12-05,125,1406.0000,1482.0000,1722.0000,1934.0000,2258.0000,2522.0000,2682.9010,2880.0000,2948.0000,3502.1622,2876.0000
2019-12-05,125,1115.0000,1368.0000,1580.0000,1766.0000,2184.0000,2513.0000,2664.0000,2818.0000,2940.0000,3270.0000,2559.0000
2019-12-07,125,524.0000,718.8716,1073.2935,1472.7505,1952.8409,2240.7608,2412.6620,2596.0900,2722.3834,3475.0050,2475.0872
2019-12-07,125,709.0000,858.0000,1146.0000,1472.6027,1910.6034,2178.6441,2350.1552,2522.6239,2641.3917,3411.8141,2443.5424
2019-12-10,125,364.0000,580.4067,818.4179,1105.2507,1430.1419,1604.9514,1745.4314,1932.4134,1993.9814,2385.6513,1642.2117
2019-12-10,125,407.0000,600.4454,832.7278,1108.6260,1438.7465,1614.0591,1748.6353,1931.7731,1997.1860,2382.4513,1633.2150
2019-12-25,125,597.0000,901.3549,1096.7631,1384.2694,1553.7318,1653.0000,1772.6395,1906.4098,1915.9204,2190.5095,1796.3833
2019-12-25,125,626.0000,909.9134,1112.6993,1394.0000,1577.0000,1681.0256,1779.2904,1922.8794,1932.2848,2193.6416,1817.1734
2019-12-27,125,805.0000,1041.3447,1405.1781,1867.1984,2196.6898,2348.2167,2480.0000,2642.2831,2748.2223,3434.5312,2636.9505
2019-12-27,125,800.0000,1057.7590,1416.7641,1891.4314,2210.1071,2363.5908,2489.8371,2667.4963,2761.0221,3450.6284,2643.7020
2019-12-30,125,541.0000,760.3978,993.2040,1289.0710,1490.0000,1561.5820,1657.9223,1811.5920,1825.8679,2210.4777,1716.7280
2019-12-30,125,584.0000,781.7452,1009.1888,1289.1944,1492.5095,1566.1547,1669.6210,1826.8303,1828.4366,2203.6418,1705.6208
2020-01-01,125,163.0000,565.6888,796.8584,1208.8950,1428.6431,1494.0717,1639.0000,1802.8242,1793.7754,2201.1668,1692.3892
2020-01-01,125,481.0000,780.4446,932.3851,1241.1407,1434.2925,1501.5273,1626.0484,1779.6441,1773.6001,2141.7814,1668.5191
2020-01-04,125,380.4981,710.4287,930.4250,1277.3473,1488.6721,1570.3142,1694.0398,1826.3624,1843.1997,2170.1497,1786.0568
2020-01-04,125,498.0000,784.6026,974.2387,1288.9615,1490.1729,1588.9819,1702.2718,1843.2273,1845.2727,2139.0027,1778.3310
2020-01-06,125,-9999.0000,-9999.0000,-9999.0000,-9999.0000,-9999.0000,-9999.0000,-9999.0000,-9999.0000,-9999.0000,-9999.0000,-9999.0000
2020-01-09,125,725.0000,916.2821,1118.0000,1361.3574,1554.0000,1598.0000,1669.6150,1785.5084,1777.3702,2251.4096,1924.5453
2020-01-09,125,720.0000,906.6741,1104.0000,1356.8823,1534.1909,1590.4535,1661.4391,1781.5597,1772.8686,2259.0923,1920.0000
2020-01-11,125,127.0000,525.4544,753.0728,1144.7510,1378.1305,1441.1022,1556.8846,1706.3829,1715.0075,2332.0455,1948.4015
2020-01-11,125,485.0000,762.6994,906.2208,1181.4557,1380.9917,1448.1696,1553.0448,1691.3713,1689.2309,2251.8074,1900.4020
2020-01-14,125,563.0000,830.0186,993.0000,1240.8931,1437.0000,1516.5343,1614.5371,1739.2702,1740.4974,2171.7166,1889.5068
2020-01-14,125,498.0000,774.6315,953.1659,1221.1088,1433.7578,1521.5300,1622.4998,1747.4852,1747.1788,2180.3115,1909.3899
2020-01-16,125,-9999.0000,-9999.0000,-9999.0000,-9999.0000,-9999.0000,-9999.0000,-9999.0000,-9999.0000,-9999.0000,-9999.0000,-9999.0000
2020-01-16,125,-9999.0000,-9999.0000,-9999.0000,-9999.0000,-9999.0000,-9999.0000,-9999.0000,-9999.0000,-9999.0000,-9999.0000,-9999.0000
2020-01-19,125,-9999.0000,-9999.0000,-9999.0000,-9999.0000,-9999.0000,-9999.0000,-9999.0000,-9999.0000,-9999.0000,-9999.0000,-9999.0000
2020-01-21,125,566.0000,854.7374,1025.2694,1364.6995,1617.8013,1734.1060,1861.1258,2074.8493,2019.4854,2724.5369,2381.0601
2020-01-21,125,609.0000,878.7514,1041.5976,1368.7763,1620.8061,1740.5743,1850.0284,2066.0130,2011.7546,2717.0471,2380.1492
2020-01-24,125,462.0000,826.5939,1089.0716,1380.9834,1621.3691,1737.8422,1853.1272,1970.9499,1973.9405,2410.0442,2106.8167
2020-01-24,125,593.0000,904.3446,1132.9177,1389.2689,1625.0000,1748.8224,1857.3351,1980.4457,1982.3432,2394.3289,2099.2372
2020-01-29,125,-9999.0000,-9999.0000,-9999.0000,-9999.0000,-9999.0000,-9999.0000,-9999.0000,-9999.0000,-9999.0000,-9999.0000,-9999.0000
2020-01-29,125,-9999.0000,-9999.0000,-9999.0000,-9999.0000,-9999.0000,-9999.0000,-9999.0000,-9999.0000,-9999.0000,-9999.0000,-9999.0000
2020-01-31,125,1123.0000,1350.0000,1466.0000,1562.0000,1857.0000,1997.6203,2094.1910,2209.0581,2184.7189,2457.5605,2009.8884
2020-02-05,125,393.0000,614.2355,972.9655,1284.0390,1642.7910,1883.4918,1998.1317,2225.7522,2203.5813,2921.7268,2479.0000
2020-02-05,125,597.0000,753.5654,1040.7413,1288.7764,1617.4059,1846.0295,1963.4029,2178.9574,2156.7699,2852.9452,2434.5783
2020-02-08,125,800.3389,960.6881,1194.0000,1381.3895,1676.5237,1881.9302,1989.7927,2140.0949,2146.7460,2715.1010,2315.8113
2020-02-08,125,812.0000,966.3752,1200.3324,1384.7269,1681.7033,1897.5425,2000.5961,2155.4060,2146.8397,2739.1942,2322.9098
2020-02-13,125,993.0000,1212.0000,1397.0635,1532.3430,1860.5599,2089.4671,2224.8907,2357.8694,2357.1500,2898.7077,2597.6649
2020-02-13,125,994.0000,1208.0000,1408.8256,1553.5758,1897.5113,2136.5020,2277.8614,2404.4681,2394.3503,2937.7603,2619.7388
2020-02-15,125,859.0000,986.8451,1272.0000,1489.2459,1836.0000,2113.8365,2252.6607,2409.4831,2426.8852,2778.4736,2161.9037
2020-02-15,125,897.0000,1006.5636,1280.0000,1484.2496,1826.4543,2100.9837,2234.4137,2395.9468,2410.3393,2752.4981,2155.9626
2020-02-18,125,1552.0000,1538.0000,1658.0000,1708.0000,2036.3958,2377.2603,2492.9666,2548.6107,2617.1308,2906.4822,2314.0872
2020-02-18,125,1502.0000,1496.0000,1632.0000,1688.0000,2056.0000,2401.1667,2517.3479,2574.0000,2645.9717,2916.5108,2337.0535
2020-02-20,125,393.0000,701.5859,1020.7582,1250.3574,1617.0000,1905.3863,2062.0000,2242.8595,2227.0000,2742.1307,2291.7920
2020-02-20,125,416.0000,713.3594,1025.7104,1250.2759,1610.0248,1884.0265,2056.0000,2236.0504,2215.0000,2751.0000,2296.5095
2020-02-28,125,645.0000,869.1841,1248.5443,1404.8058,1854.0000,2293.0000,2436.0198,2709.2446,2620.8355,3145.9875,2596.0673
2020-02-28,125,644.0000,873.4157,1256.5395,1411.5049,1859.2586,2324.5141,2467.1668,2739.5336,2638.4838,3173.0624,2611.4260
2020-03-06,125,588.0000,701.3479,1009.6933,1129.1815,1585.4023,2139.2817,2274.2314,2410.6411,2450.6704,2227.6965,1491.2261
2020-03-06,125,534.0000,661.7131,989.5424,1121.1494,1593.2440,2149.6146,2300.4460,2434.4040,2485.2828,2244.5320,1499.4388
2020-03-09,125,-9999.0000,-9999.0000,-9999.0000,-9999.0000,-9999.0000,-9999.0000,-9999.0000,-9999.0000,-9999.0000,-9999.0000,-9999.0000
2020-03-11,125,1769.0000,1690.0000,1892.0000,1930.0000,2449.0000,3110.0000,3365.0000,3552.0000,3580.0000,3924.0000,3037.0000
2020-03-11,125,-9999.0000,-9999.0000,-9999.0000,-9999.0000,-9999.0000,-9999.0000,-9999.0000,-9999.0000,-9999.0000,-9999.0000,-9999.0000
2020-03-14,125,-9999.0000,-9999.0000,-9999.0000,-9999.0000,-9999.0000,-9999.0000,-9999.0000,-9999.0000,-9999.0000,-9999.0000,-9999.0000
2020-03-16,125,676.0000,852.1729,1330.5354,1394.3931,2045.6779,2885.5573,3042.9815,3297.8833,3201.0059,3268.0466,2531.7193
2020-03-16,125,798.0000,925.8699,1324.6976,1362.1536,1949.4949,2756.0000,2921.7713,3161.3824,3083.4503,3178.7796,2500.5169
2020-03-19,125,745.0000,876.9908,1256.4330,1274.3198,1925.3818,2724.2244,2892.1012,3036.4539,3052.8951,3044.5010,2346.5576
2020-03-19,125,779.0000,905.9862,1273.5467,1282.7276,1924.7981,2724.4808,2891.7208,3029.3381,3051.7127,3026.6248,2332.1485
2020-03-21,125,-9999.0000,-9999.0000,-9999.0000,-9999.0000,-9999.0000,-9999.0000,-9999.0000,-9999.0000,-9999.0000,-9999.0000,-9999.0000
2020-03-24,125,553.0000,705.3167,913.1650,890.6643,1301.8511,1901.3488,2053.2893,2227.5052,2126.5939,1836.0345,1491.5712
2020-03-24,125,449.8008,637.2225,877.9644,867.8132,1312.4906,1961.3953,2110.9039,2282.8446,2181.7504,1882.9568,1500.2868
2020-03-29,125,-9999.0000,-9999.0000,-9999.0000,-9999.0000,-9999.0000,-9999.0000,-9999.0000,-9999.0000,-9999.0000,-9999.0000,-9999.0000
2020-03-29,125,-9999.0000,-9999.0000,-9999.0000,-9999.0000,-9999.0000,-9999.0000,-9999.0000,-9999.0000,-9999.0000,-9999.0000,-9999.0000
2020-03-31,125,715.0000,954.1164,1379.6633,1418.4545,2220.0691,3200.9486,3434.6677,3803.7730,3593.0000,3274.8855,2551.2281
2020-03-31,125,713.7869,963.9784,1378.5118,1426.7302,2217.4902,3219.3196,3444.3204,3796.5070,3602.5957,3280.7430,2538.0213
2020-04-03,125,742.0000,923.8578,1274.6573,1299.9657,2020.3963,2891.5866,3107.1520,3348.5112,3249.2504,3004.2195,2403.1891
2020-04-03,125,764.0000,947.0590,1291.8572,1299.0251,2017.2764,2890.8792,3107.0263,3362.4935,3268.8663,3030.4114,2401.8633
2020-04-05,125,813.0000,907.6157,1331.8765,1355.3339,2108.6907,3097.9141,3306.2519,3572.3351,3481.2866,3188.4132,2413.8911
2020-04-05,125,824.0000,924.4278,1331.3727,1345.2900,2098.7370,3073.9113,3268.9290,3547.9581,3481.8743,3170.5975,2410.4626
2020-04-08,125,617.6276,754.0875,1195.1011,1226.5995,1874.9486,2899.2822,3154.1976,3492.1057,3344.6956,2900.5642,2133.0424
2020-04-08,125,665.9701,788.1362,1211.8902,1226.8745,1865.0000,2891.7148,3133.1003,3473.8136,3331.6471,2874.8857,2156.4946
2020-04-10,125,719.0000,922.7795,1339.1402,1338.1718,2041.3791,3077.9749,3340.4996,3609.6255,3522.8509,3105.0000,2390.0474
2020-04-10,125,758.0000,956.0792,1331.6708,1331.1984,2020.8405,3019.1652,3313.5220,3572.0762,3482.8652,3097.1702,2371.4494
2020-04-13,125,636.8305,827.1668,1234.5288,1243.2262,1922.5878,3004.2890,3309.6670,3540.2053,3486.6703,2908.1115,2220.6909
2020-04-13,125,716.6598,867.5032,1243.8517,1250.5362,1913.3580,2971.8739,3266.5405,3516.1699,3466.4509,2881.3755,2203.7631
2020-04-15,125,685.0000,787.2381,1225.9257,1250.8165,1941.2981,3066.9866,3340.4934,3627.1300,3512.0000,2928.5493,2172.8551
2020-04-15,125,724.0000,810.7489,1235.0193,1242.3534,1923.3987,3036.5090,3290.8847,3579.7368,3500.8908,2905.5484,2153.9785
2020-04-18,125,717.1918,843.7212,1179.0850,1211.7414,1793.4261,2722.0000,2995.0000,3148.5872,3170.5143,2509.9536,1843.7719
2020-04-18,125,780.0000,882.2927,1194.6642,1218.4266,1788.0000,2713.0583,2969.3706,3129.6970,3146.0000,2499.9648,1826.9303
2020-04-23,125,577.7643,747.5304,1057.8565,1107.2552,1676.7791,2717.5290,3044.0164,3323.7596,3255.0000,2604.1651,1943.0474
2020-04-23,125,658.0000,795.2760,1083.6541,1108.6859,1660.0000,2666.4896,3009.7665,3274.1578,3210.0000,2570.0000,1959.5314
2020-04-25,125,845.8614,883.2986,1218.4920,1203.1647,1858.3856,3051.6400,3377.4129,3536.8961,3596.5170,2780.9311,1975.5472
2020-04-25,125,882.2317,915.7061,1218.3880,1202.4925,1843.3959,3027.7012,3354.3583,3505.9043,3570.3821,2748.5112,1950.0318
2020-04-30,125,388.0000,589.9239,929.8212,828.8103,1528.4997,2709.0000,3130.9028,3146.8000,3341.0000,2107.4773,1324.8555
2020-04-30,125,-9999.0000,-9999.0000,-9999.0000,-9999.0000,-9999.0000,-9999.0000,-9999.0000,-9999.0000,-9999.0000,-9999.0000,-9999.0000
2020-05-03,125,264.0000,373.6891,649.5991,579.8958,1136.9872,2099.6428,2426.2596,2642.3371,2628.1466,1840.7935,1193.7298
2020-05-03,125,321.0000,417.4364,673.4778,595.5055,1142.0000,2084.6399,2433.4370,2619.2685,2618.9739,1833.0000,1192.8365
2020-05-08,125,349.0000,379.6748,707.6860,664.8635,1242.5286,2645.0000,3108.6341,3236.2991,3315.3875,2158.0000,1447.9709
2020-05-08,125,509.0000,522.4336,796.3949,729.5609,1266.3319,2571.9983,3019.0337,3143.7812,3228.4809,2115.9271,1448.1013
2020-05-10,125,1271.0000,1218.2568,1480.6781,1336.3344,2119.0000,3955.0000,4494.0310,4590.6744,4688.6023,2985.8204,2107.1329
2020-05-10,125,1351.0000,1147.0000,1400.0000,1152.7015,1966.0000,3965.0000,4629.0000,4764.0000,4893.0000,2785.0000,1898.0000
2020-05-15,125,725.9804,713.7664,977.9011,803.1314,1395.6735,2937.6238,3436.1926,3509.5493,3644.3120,2078.1450,1259.4856
2020-05-15,125,752.0000,737.3857,994.3998,811.0238,1411.7962,2947.2853,3443.0083,3541.8448,3692.4497,2105.3928,1251.5970
2020-05-23,125,709.6625,804.3788,1027.3166,802.5986,1364.2526,2810.3692,3482.6106,3510.0697,3675.2217,1915.0380,1256.8844
2020-05-25,125,402.0000,379.9020,684.3418,459.3820,1099.3820,2816.0000,3393.6172,3555.1755,3610.0000,1893.8211,1079.3269
2020-05-25,125,352.0000,349.4793,668.4344,435.8474,1100.4190,2853.6019,3428.4416,3573.4107,3652.1429,1901.1431,1094.8372
2020-05-28,125,-9999.0000,-9999.0000,-9999.0000,-9999.0000,-9999.0000,-9999.0000,-9999.0000,-9999.0000,-9999.0000,-9999.0000,-9999.0000
2020-05-28,125,-9999.0000,-9999.0000,-9999.0000,-9999.0000,-9999.0000,-9999.0000,-9999.0000,-9999.0000,-9999.0000,-9999.0000,-9999.0000
2020-05-30,125,342.0000,403.7392,723.6273,531.9686,1202.6652,2786.0000,3401.8519,3638.2326,3707.3656,2006.2515,1259.3361
2020-05-30,125,365.0319,451.2596,746.7849,555.8444,1212.1792,2780.7862,3380.0000,3609.2921,3628.6597,2005.0000,1270.0188
2020-06-02,125,258.4888,369.3153,666.7031,540.2545,1149.5801,2483.4066,3005.1014,3143.7458,3267.5391,1891.6859,1234.6742
2020-06-02,125,370.0000,473.2248,731.4047,587.4402,1185.3640,2426.0135,2916.0000,3093.6907,3225.6406,1885.5095,1244.7099
2020-06-04,125,-9999.0000,-9999.0000,-9999.0000,-9999.0000,-9999.0000,-9999.0000,-9999.0000,-9999.0000,-9999.0000,-9999.0000,-9999.0000
2020-06-04,125,-9999.0000,-9999.0000,-9999.0000,-9999.0000,-9999.0000,-9999.0000,-9999.0000,-9999.0000,-9999.0000,-9999.0000,-9999.0000
2020-06-07,125,622.0000,641.2283,914.0208,761.9849,1453.0513,2573.5420,2999.2218,3061.2778,3333.4955,1916.6080,1091.4153
2020-06-07,125,674.0000,665.5192,933.5498,772.8451,1481.7172,2643.3894,3081.1527,3125.6905,3414.0251,1932.1024,1100.0765
2020-06-12,125,215.0000,342.5045,613.7194,557.3144,1081.3802,2057.7196,2412.4213,2535.0271,2668.3482,1683.9237,1027.4132
2020-06-12,125,253.0000,369.7178,629.1210,569.0807,1089.5065,2076.3769,2402.9771,2533.4275,2667.6593,1681.0262,1030.7304
2020-06-14,125,514.6998,545.9550,849.5018,809.1546,1417.7006,2499.6126,2814.4915,2921.0648,3138.4581,2188.2014,1347.1983
2020-06-14,125,467.0000,496.9200,821.2122,792.9455,1421.2622,2521.9925,2842.8436,2966.4322,3176.0000,2202.7678,1348.2533
2020-06-17,125,278.0000,329.4916,625.0670,601.6839,1140.7078,2115.7422,2467.4409,2556.0952,2788.9369,2067.5050,1251.6744
2020-06-17,125,296.0000,345.6927,633.4567,605.2045,1145.7720,2116.5176,2450.5000,2546.6069,2795.7672,2068.6355,1259.5329
2020-06-19,125,331.0000,453.5087,734.1184,677.0521,1229.2564,2235.4380,2637.1032,2764.0299,2932.0797,2195.6171,1345.7953
2020-06-19,125,362.0000,477.6983,744.9015,685.0924,1233.1261,2244.8500,2620.2832,2763.5096,2948.2761,2196.8260,1349.1437
2020-06-22,125,237.0000,358.6290,613.2232,549.9217,1033.1812,1979.3434,2330.9092,2490.5832,2627.1780,2017.5608,1219.1156
2020-06-22,125,283.0000,392.7543,633.7961,560.7266,1037.4922,1993.0000,2342.6357,2490.5013,2635.0968,2014.6529,1225.9904
2020-06-24,125,-9999.0000,-9999.0000,-9999.0000,-9999.0000,-9999.0000,-9999.0000,-9999.0000,-9999.0000,-9999.0000,-9999.0000,-9999.0000
2020-06-27,125,224.1281,309.7189,624.9852,538.0087,1096.7071,2234.4782,2612.0311,2708.4750,2971.9971,2243.5081,1243.2298
2020-06-27,125,350.0000,405.3511,685.0892,585.1345,1120.4124,2212.6076,2589.5115,2682.9927,2921.1490,2226.2107,1243.5959
2020-06-29,125,382.4993,501.6985,797.3454,689.2673,1250.2522,2386.6091,2858.1010,2963.2529,3188.4287,2475.5395,1419.7780
2020-06-29,125,468.0094,565.2930,837.7110,713.4191,1257.9111,2371.1214,2818.5390,2931.0903,3149.9915,2459.9142,1421.6996
2020-07-02,125,-9999.0000,-9999.0000,-9999.0000,-9999.0000,-9999.0000,-9999.0000,-9999.0000,-9999.0000,-9999.0000,-9999.0000,-9999.0000
2020-07-02,125,-9999.0000,-9999.0000,-9999.0000,-9999.0000,-9999.0000,-9999.0000,-9999.0000,-9999.0000,-9999.0000,-9999.0000,-9999.0000
2020-07-04,125,-9999.0000,-9999.0000,-9999.0000,-9999.0000,-9999.0000,-9999.0000,-9999.0000,-9999.0000,-9999.0000,-9999.0000,-9999.0000
2020-07-04,125,-9999.0000,-9999.0000,-9999.0000,-9999.0000,-9999.0000,-9999.0000,-9999.0000,-9999.0000,-9999.0000,-9999.0000,-9999.0000
2020-07-07,125,332.0000,541.8500,977.0929,1083.7992,1705.4106,2670.1200,3052.4976,3321.1585,3458.2667,2938.7508,1721.1701
2020-07-07,125,384.0000,572.6328,989.6291,1075.1734,1698.3193,2670.5427,3034.0661,3304.2849,3442.3027,2927.0000,1715.5972
2020-07-09,125,412.0000,665.3834,1093.2058,1138.1404,1852.3232,2886.4871,3331.2271,3466.2105,3712.6795,3248.0000,1963.7651
2020-07-09,125,520.4449,733.9825,1113.4993,1138.8579,1811.3066,2806.2432,3260.8827,3378.9843,3618.4980,3210.6274,1962.0000
2020-07-12,125,276.5160,482.2424,869.2202,801.1969,1459.6557,2614.0000,3029.0286,3210.1026,3338.2802,2692.3230,1600.0000
2020-07-12,125,318.0000,510.3698,885.4059,809.5710,1459.1131,2604.3057,3019.0000,3204.7949,3329.9988,2699.3777,1595.6127
2020-07-14,125,484.4218,602.3955,1028.9724,952.5911,1689.9832,3008.3229,3357.0226,3537.0476,3721.0529,3027.0651,1730.4656
2020-07-14,125,504.2929,620.5496,1036.9726,957.4790,1690.1853,3009.9610,3360.5428,3528.6609,3713.9729,3009.4395,1730.3276
2020-07-17,125,236.0000,382.7047,801.4567,685.2968,1417.7970,2753.4917,3101.2697,3172.3166,3384.5948,2587.0340,1443.8430
2020-07-17,125,336.0000,454.5848,837.2628,710.0233,1413.2560,2704.6546,3060.2645,3132.4266,3338.0467,2563.1923,1449.4628
2020-07-19,125,289.5459,481.2192,905.1632,689.3245,1491.3307,2893.9279,3336.4477,3394.7014,3549.0000,2763.0500,1587.7288
2020-07-19,125,394.4883,549.8388,933.3631,717.1650,1482.4043,2837.5000,3285.6611,3315.5420,3481.8976,2733.6308,1579.4685
2020-07-22,125,-9999.0000,-9999.0000,-9999.0000,-9999.0000,-9999.0000,-9999.0000,-9999.0000,-9999.0000,-9999.0000,-9999.0000,-9999.0000
2020-07-22,125,-9999.0000,-9999.0000,-9999.0000,-9999.0000,-9999.0000,-9999.0000,-9999.0000,-9999.0000,-9999.0000,-9999.0000,-9999.0000
2020-07-27,125,390.4156,474.4140,822.2495,557.2727,1245.3086,2702.5097,3044.5220,3019.2824,3244.4154,2313.0000,1249.9167
2020-07-27,125,456.4560,518.3181,844.5138,577.2113,1249.7192,2669.6180,3026.2125,3002.4110,3218.0336,2297.0000,1253.5661
2020-07-29,125,582.9682,728.2247,1056.9373,844.9155,1558.4143,2665.0347,3066.5595,3051.0237,3301.0000,2669.0000,1538.4289
2020-07-29,125,658.0000,776.6384,1073.4309,861.2309,1545.1663,2630.0226,3042.7041,3002.5399,3252.2865,2652.0305,1536.6242
2020-08-01,125,460.0000,660.6827,885.4928,1144.8701,1587.7436,2060.6342,2420.1790,2459.5089,2742.1071,3026.0000,1965.4607
2020-08-01,125,554.0000,712.6352,913.3895,1140.9271,1563.5114,2057.2414,2387.3318,2435.5716,2724.8390,3016.0000,1939.7350
2020-08-06,125,411.0000,628.2859,881.5627,1323.0984,1650.9204,2020.8409,2294.9859,2425.0145,2748.3521,3461.0288,2281.5556
2020-08-06,125,473.0000,658.6914,897.5649,1314.8800,1635.3946,2028.7039,2309.0450,2423.2047,2735.0000,3441.6341,2276.2894
2020-08-08,125,462.0000,729.5193,953.6693,1394.2968,1700.0133,2025.4712,2330.9470,2499.8224,2725.0000,3632.5368,2548.1292
2020-08-08,125,558.0000,773.5712,973.7337,1355.6520,1657.3452,2027.2303,2332.2471,2498.1794,2705.1994,3585.5134,2532.8959
2020-08-11,125,-9999.0000,-9999.0000,-9999.0000,-9999.0000,-9999.0000,-9999.0000,-9999.0000,-9999.0000,-9999.0000,-9999.0000,-9999.0000
2020-08-11,125,-9999.0000,-9999.0000,-9999.0000,-9999.0000,-9999.0000,-9999.0000,-9999.0000,-9999.0000,-9999.0000,-9999.0000,-9999.0000
2020-08-13,125,396.0000,581.5266,853.6344,1275.4189,1585.1757,1851.0559,2057.3609,2136.0542,2442.9600,3681.0000,2555.0666
2020-08-13,125,563.0000,685.4341,913.7587,1249.4707,1557.2987,1873.6300,2085.2431,2152.2957,2454.3199,3592.5000,2508.2937
2020-08-16,125,386.0000,520.5890,721.2794,1025.4381,1269.1079,1520.2596,1716.2612,1800.9192,2025.1466,3187.7048,2268.6621
2020-08-16,125,446.0000,560.5240,741.4430,1028.8673,1265.2881,1533.4894,1732.3816,1813.6335,2039.1847,3165.0000,2251.8442
2020-08-21,125,433.0000,589.5977,737.6470,949.2879,1196.9877,1498.0000,1713.0780,1756.0943,1949.0180,3125.4906,2393.7317
2020-08-21,125,450.0000,597.2566,741.8564,953.6067,1202.4308,1483.0000,1697.3997,1763.4456,1929.5267,3141.3426,2386.1323
2020-08-23,125,472.0000,578.6988,789.2575,1064.8521,1353.5796,1587.3150,1756.2977,1830.5155,2058.4426,3491.9781,2556.4809
2020-08-23,125,563.0000,642.2105,829.2954,1065.2388,1357.7369,1620.7941,1786.9496,1860.2727,2092.3093,3452.3194,2531.0901
2020-08-26,125,622.0000,722.1986,901.5790,1112.9391,1389.3789,1673.1252,1875.1129,1962.5679,2153.9198,3108.9385,2245.0000
2020-08-26,125,626.0000,713.5709,893.2310,1116.6373,1389.8284,1658.4389,1872.5522,1946.4175,2161.2569,3133.2174,2257.9511
2020-08-28,125,666.0000,994.3231,1265.1429,1674.9910,1939.9604,1986.8493,2188.3217,2193.9678,2396.4271,3507.4172,3126.2803
2020-08-28,125,776.3429,1036.8205,1268.8422,1594.7503,1860.7051,1977.3194,2185.8670,2194.8933,2371.3709,3427.0956,3076.1166
2020-09-02,125,-9999.0000,-9999.0000,-9999.0000,-9999.0000,-9999.0000,-9999.0000,-9999.0000,-9999.0000,-9999.0000,-9999.0000,-9999.0000
2020-09-02,125,-9999.0000,-9999.0000,-9999.0000,-9999.0000,-9999.0000,-9999.0000,-9999.0000,-9999.0000,-9999.0000,-9999.0000,-9999.0000
2020-09-05,125,855.0000,1132.5487,1461.2119,1810.5579,2073.5707,2228.9024,2380.6413,2411.2190,2546.9368,3546.7004,3130.2722
2020-09-05,125,917.0000,1157.4391,1465.6419,1779.7307,2050.8247,2212.1577,2363.8701,2410.6056,2537.8621,3516.8772,3095.0000
2020-09-07,125,-9999.0000,-9999.0000,-9999.0000,-9999.0000,-9999.0000,-9999.0000,-9999.0000,-9999.0000,-9999.0000,-9999.0000,-9999.0000
2020-09-07,125,-9999.0000,-9999.0000,-9999.0000,-9999.0000,-9999.0000,-9999.0000,-9999.0000,-9999.0000,-9999.0000,-9999.0000,-9999.0000
2020-09-10,125,1274.0000,1512.5416,1756.9260,1930.5976,2245.7688,2505.1437,2697.7930,2684.2027,2828.2103,3236.2011,2900.6417
2020-09-10,125,1368.0000,1537.4065,1740.8577,1865.6019,2147.0000,2436.9006,2653.3602,2634.5054,2777.6243,3155.4060,2786.3661
2020-09-12,125,1015.0000,1296.4992,1658.5429,2019.6122,2325.1635,2492.7443,2614.0535,2676.4969,2804.7504,3828.9700,3394.9616
2020-09-12,125,1032.0000,1309.5747,1666.7716,2026.9602,2324.7731,2507.7314,2618.2046,2683.9056,2811.8226,3828.7190,3386.9664
2020-09-15,125,888.0000,1184.7190,1537.4956,1859.1310,2154.9335,2339.9994,2474.2326,2523.9272,2645.5182,3571.0463,3106.2451
2020-09-15,125,929.0000,1204.6965,1545.0954,1859.2572,2155.0489,2332.1176,2466.8748,2522.8452,2642.5844,3565.3232,3102.4394
2020-09-17,125,1381.1526,1637.1207,1923.9214,2066.3443,2420.5983,2714.0930,2940.0715,3003.2533,3098.7412,3467.7539,2906.4973
2020-09-17,125,1388.0000,1635.8808,1898.3921,2026.4120,2378.9045,2681.5876,2922.6114,2970.6704,3058.8523,3415.0000,2866.9900
2020-09-20,125,877.0000,1188.8199,1537.8453,1802.7640,2132.3182,2448.3466,2635.8696,2643.5121,2798.6927,3547.0417,3116.2613
2020-09-20,125,924.8945,1212.9763,1544.8153,1803.8169,2132.0899,2440.0655,2636.2375,2642.7279,2794.7836,3538.6534,3106.4081
2020-09-25,125,737.0000,893.4380,1177.0063,1281.9884,1638.0000,2139.5566,2275.1842,2322.3729,2449.9838,2592.2748,1777.3763
2020-09-25,125,799.0000,929.4846,1201.2662,1288.9412,1641.4882,2114.4300,2292.3288,2314.6252,2449.6174,2582.3201,1766.6178
2020-09-30,125,668.0000,854.4875,1108.0000,1117.3981,1533.7589,2059.0000,2212.1727,2258.9068,2340.3266,2402.9826,1819.6155
2020-09-30,125,731.0000,892.9166,1130.0000,1124.5423,1541.5468,2077.5615,2218.0170,2259.3120,2337.3545,2401.2411,1811.5068
2020-10-07,125,476.0000,688.7248,1044.8690,937.7416,1605.9745,2453.2973,2625.8267,2791.9730,2768.0000,2549.2114,1746.6214
2020-10-07,125,490.0000,693.5331,1052.9246,937.6383,1612.5179,2459.4036,2635.5241,2790.3040,2776.0000,2544.8052,1752.0000
2020-10-10,125,976.0000,1126.0000,1388.0000,1216.8811,1816.2453,2619.9682,2836.0915,2859.4266,2949.0000,2573.2472,1851.5304
2020-10-10,125,942.0000,1100.0000,1392.0000,1213.3270,1850.6855,2684.0000,2891.0169,2935.4556,3016.5497,2601.5368,1868.4881
2020-10-12,125,490.0000,612.5420,1024.9271,877.5680,1590.0000,2549.9294,2678.3964,2841.5484,2822.0759,2373.3037,1522.2114
2020-10-12,125,519.0000,626.2858,1033.3105,878.3750,1597.7285,2553.3976,2682.4538,2806.4879,2835.6595,2373.5169,1518.7929
2020-10-20,125,1278.0000,1396.0000,1620.0000,1382.0000,1994.5011,2756.1974,2930.6341,3002.6913,3035.7052,2264.9439,1597.0562
2020-10-22,125,-9999.0000,-9999.0000,-9999.0000,-9999.0000,-9999.0000,-9999.0000,-9999.0000,-9999.0000,-9999.0000,-9999.0000,-9999.0000
2020-10-25,125,401.0000,574.7070,1004.3493,774.0516,1598.0000,2665.5173,2843.5504,2857.1445,2940.2883,2222.6633,1366.4986
2020-10-25,125,486.0000,632.7319,1030.0000,785.2143,1590.2914,2641.0000,2761.8813,2823.0671,2940.1578,2206.2240,1356.6656
2020-10-30,125,-9999.0000,-9999.0000,-9999.0000,-9999.0000,-9999.0000,-9999.0000,-9999.0000,-9999.0000,-9999.0000,-9999.0000,-9999.0000
2020-11-04,125,612.0000,740.5750,1126.0000,874.1630,1668.5132,2764.0000,2932.8690,2918.8979,3043.4157,2209.4909,1357.5068
2020-11-04,125,695.0000,790.8660,1158.0000,897.6707,1684.2065,2771.4498,2932.9512,2932.4239,3074.0672,2213.5797,1354.0727
2020-11-06,125,144.9978,429.5694,938.4817,675.8843,1628.2130,2955.2018,3174.0000,3288.9341,3289.1243,2427.0000,1628.0597
2020-11-06,125,454.0000,652.5176,1044.0000,772.6973,1596.6367,2765.0241,2982.0203,3090.7940,3078.2012,2353.5700,1586.8387
2020-11-09,125,430.0000,650.7168,1050.0000,789.1501,1608.0000,2789.9088,3030.5504,3142.6089,3156.4553,2189.2374,1507.6038
2020-11-09,125,463.0000,670.2763,1062.0000,797.5650,1614.5255,2778.0929,3032.9466,3142.6087,3161.1073,2185.0000,1490.0000
2020-11-11,125,269.0000,429.6685,997.8160,732.0567,1742.1931,3121.4955,3316.1156,3509.6646,3419.2520,2429.1701,1561.4985
2020-11-11,125,540.0000,637.0749,1090.0000,819.6421,1702.5406,2969.3574,3109.8111,3288.6002,3272.4430,2360.7064,1537.1550
2020-11-19,125,266.4593,501.2297,914.7919,635.4676,1469.8100,2667.7507,2875.4589,3031.5282,3014.2186,1938.0000,1210.8569
2020-11-19,125,277.0000,497.3457,914.4334,627.8485,1470.0000,2693.0000,2899.5973,3048.4226,3046.2029,1937.6286,1211.3608
2020-11-21,125,173.0000,323.1751,866.9761,611.4027,1605.0962,3045.4351,3256.0000,3593.0918,3398.2345,2267.2461,1396.3523
2020-11-21,125,432.9412,521.4549,973.8016,715.5578,1593.4476,2917.4948,3098.7065,3414.3577,3253.5378,2220.4817,1384.9787
2020-11-24,125,480.6690,601.1077,981.0142,780.4727,1588.6827,2685.7160,2889.8013,3077.5601,3071.0000,2196.7512,1379.8257
2020-11-24,125,398.0000,529.2345,937.3501,731.1610,1589.6141,2752.0000,2947.8431,3127.7580,3148.0000,2226.1744,1386.5472
2020-11-26,125,361.0000,649.7523,1053.1179,859.1063,1770.4026,2922.0000,3187.0000,3397.1458,3395.0566,2306.0000,1469.8701
2020-11-26,125,596.0000,805.6694,1128.5897,924.2203,1728.0000,2782.3644,3028.7527,3235.5630,3236.1863,2268.2764,1433.0812
2020-11-29,125,329.0000,573.4851,953.6010,779.7868,1644.0000,2749.2356,2980.7017,3139.7125,3170.2086,2274.8458,1555.0885
2020-11-29,125,272.0000,521.7162,926.2343,747.2854,1653.7183,2780.6798,3013.1266,3191.5085,3221.9626,2296.1044,1554.5733
2020-12-01,125,-9999.0000,-9999.0000,-9999.0000,-9999.0000,-9999.0000,-9999.0000,-9999.0000,-9999.0000,-9999.0000,-9999.0000,-9999.0000
2020-12-01,125,-9999.0000,-9999.0000,-9999.0000,-9999.0000,-9999.0000,-9999.0000,-9999.0000,-9999.0000,-9999.0000,-9999.0000,-9999.0000
2020-12-19,125,453.0000,692.7468,995.0000,833.3544,1552.3349,2530.5644,2730.6196,2834.7242,2885.7825,1900.0000,1222.0000
2020-12-19,125,448.0000,686.5242,996.5216,833.5124,1572.7131,2573.1155,2779.0000,2873.9623,2937.3562,1912.0382,1221.7866
2020-12-26,125,-9999.0000,-9999.0000,-9999.0000,-9999.0000,-9999.0000,-9999.0000,-9999.0000,-9999.0000,-9999.0000,-9999.0000,-9999.0000
2020-12-26,125,-9999.0000,-9999.0000,-9999.0000,-9999.0000,-9999.0000,-9999.0000,-9999.0000,-9999.0000,-9999.0000,-9999.0000,-9999.0000
2020-12-31,125,312.9749,444.4416,862.8134,697.5378,1565.5669,2868.4364,3073.0000,3284.7306,3277.0205,2080.0000,1186.0319
2020-12-31,125,308.0000,444.5831,861.1250,693.5542,1570.4257,2925.6240,3099.7956,3315.6792,3299.2887,2092.5357,1197.3326
2021-01-03,125,206.5086,373.3403,785.2564,652.9995,1454.5443,2586.0000,2768.7756,2922.8344,2953.5689,1714.0629,952.8194
2021-01-03,125,317.0000,450.5418,828.5795,681.4285,1468.6499,2596.0088,2755.8275,2920.7572,2940.0673,1700.0000,945.1378
2021-01-08,125,176.3605,449.5216,789.0239,649.4247,1384.3506,2450.9890,2642.6602,2890.0361,2836.6499,1721.7950,1089.3266
2021-01-08,125,226.0000,477.6276,808.2898,657.7625,1390.4333,2469.0751,2667.8214,2906.8328,2842.7516,1717.4181,1085.4478
2021-01-13,125,260.0000,421.4548,780.6389,673.6830,1426.6468,2453.3714,2635.8525,2899.3666,2844.2694,1845.8627,1110.5880
2021-01-13,125,319.0000,450.2999,798.6207,685.1705,1434.7963,2470.0133,2661.2801,2899.7729,2857.0000,1845.3747,1106.5983
2021-01-18,125,-9999.0000,-9999.0000,-9999.0000,-9999.0000,-9999.0000,-9999.0000,-9999.0000,-9999.0000,-9999.0000,-9999.0000,-9999.0000
2021-02-09,125,-9999.0000,-9999.0000,-9999.0000,-9999.0000,-9999.0000,-9999.0000,-9999.0000,-9999.0000,-9999.0000,-9999.0000,-9999.0000
2021-02-14,125,62.0000,277.3000,593.9167,585.5994,1301.7378,2266.8897,2500.1010,2882.5317,2734.8594,2189.3225,1400.9268
2021-02-14,125,280.0000,445.3775,705.8304,666.2228,1314.0334,2202.0410,2427.0540,2795.6541,2651.9368,2154.7441,1389.2414
2021-02-17,125,994.0000,1068.0000,1138.0000,1058.0000,1525.0000,2113.7450,2313.0106,2473.8647,2509.9808,2063.0000,1397.6198
2021-02-17,125,988.0000,1062.0000,1136.0000,1058.0000,1539.0000,2149.4661,2342.1349,2497.2619,2545.0000,2066.1390,1401.4792
2021-02-22,125,-9999.0000,-9999.0000,-9999.0000,-9999.0000,-9999.0000,-9999.0000,-9999.0000,-9999.0000,-9999.0000,-9999.0000,-9999.0000
2021-02-24,125,499.0000,740.7173,1018.2987,1033.2345,1662.3235,2411.0000,2616.6704,2851.7120,2803.0000,2334.3424,1577.0000
2021-02-24,125,527.0000,760.8444,1022.7226,1032.6959,1658.5064,2407.0000,2605.7997,2842.9124,2806.3376,2328.6578,1572.5087
2021-02-27,125,604.0000,882.6618,1106.0000,1300.9291,1500.6413,1622.2252,1721.4412,1803.4928,1817.6849,2321.4174,2192.8760
2021-02-27,125,649.0000,908.4122,1124.0000,1304.0000,1508.1311,1633.4509,1737.4873,1818.4540,1828.7593,2321.9989,2192.6327
2021-03-01,125,522.7523,717.0019,1021.6673,1337.7932,1516.1223,1658.0649,1755.7138,1946.9756,1891.6597,2625.0000,2391.0000
2021-03-01,125,552.1892,733.5763,1025.0687,1337.2904,1516.3859,1658.4955,1747.5003,1946.6128,1891.1108,2629.0064,2381.2081
2021-03-04,125,1111.0000,1212.0000,1400.0000,1564.0000,1790.0568,1945.3108,2030.0731,2138.5163,2123.8995,2561.7872,2253.4734
2021-03-04,125,1232.0000,1286.0000,1450.0000,1580.0000,1798.6044,1965.4584,2045.2979,2146.3183,2133.5173,2549.5766,2240.7635
2021-03-06,125,573.0000,881.6861,1152.9001,1469.3553,1658.4970,1813.1593,1923.7591,2154.7985,2065.6895,2829.4512,2634.5733
2021-03-06,125,646.4139,925.6172,1177.4269,1469.4600,1652.6203,1809.8931,1928.6318,2137.8998,2060.4505,2817.2400,2627.5363
2021-03-09,125,734.0000,954.5135,1142.0000,1372.4822,1564.4044,1709.3767,1814.3552,1962.2847,1923.4208,2556.2034,2429.0934
2021-03-09,125,677.0000,913.7000,1116.7743,1372.9651,1574.0000,1721.7157,1824.7076,1979.0586,1940.7583,2582.3443,2442.7461
2021-03-16,125,574.3434,901.1479,1169.0452,1563.1517,1785.7582,1973.5805,2099.4947,2322.7603,2252.5111,2989.3306,2805.3480
2021-03-16,125,632.1210,934.0278,1184.4085,1546.9650,1776.8474,1972.9670,2089.9748,2306.2095,2244.3236,2971.9195,2788.1570
2021-03-19,125,520.0000,750.2100,966.1429,1252.5045,1475.0000,1680.6679,1802.9106,1971.1032,1948.1544,2506.0783,2289.6875
2021-03-19,125,582.0000,788.8000,984.6259,1257.0818,1476.7625,1689.4512,1803.1480,1970.7175,1948.1209,2507.0000,2291.3470
2021-03-21,125,-9999.0000,-9999.0000,-9999.0000,-9999.0000,-9999.0000,-9999.0000,-9999.0000,-9999.0000,-9999.0000,-9999.0000,-9999.0000
2021-03-21,125,-9999.0000,-9999.0000,-9999.0000,-9999.0000,-9999.0000,-9999.0000,-9999.0000,-9999.0000,-9999.0000,-9999.0000,-9999.0000
2021-03-24,125,649.0000,909.3709,1236.7106,1587.0716,1825.1188,2028.2401,2130.6207,2307.2387,2290.4819,2957.0451,2652.9335
2021-03-24,125,682.9754,933.4966,1244.9381,1587.1061,1825.3310,2026.0282,2139.2005,2299.3734,2290.6189,2946.0597,2650.6850
2021-03-26,125,976.0000,1236.9826,1484.9209,1755.1329,2029.2923,2252.8830,2387.9151,2539.1495,2524.9089,3210.8072,3022.0008
2021-03-26,125,1018.0000,1260.8760,1489.4214,1747.0911,2021.7452,2245.8862,2378.7975,2523.1238,2507.4012,3196.8200,3016.7071
2021-03-29,125,967.0000,1180.9097,1393.5309,1632.3600,1858.1728,2057.8517,2194.3269,2274.2597,2314.7981,2964.4594,2834.9056
2021-03-29,125,975.0000,1197.0369,1405.1498,1651.2406,1878.2985,2084.7273,2219.5620,2300.2027,2338.0442,2979.2109,2842.0172
2021-03-31,125,933.0263,1148.7701,1461.1365,1827.0941,2032.8511,2180.4932,2276.0647,2410.9554,2442.9209,3330.4832,3146.9034
2021-03-31,125,1006.9988,1172.7945,1453.3684,1779.0578,1985.7820,2141.8857,2236.4459,2370.8192,2403.2109,3283.8755,3116.5348
2021-04-03,125,822.0000,1045.3120,1333.1683,1691.0538,1885.4458,2061.3560,2170.7217,2338.6526,2339.5909,3203.3160,2996.4526
2021-04-03,125,884.6558,1072.7834,1344.8231,1683.6819,1874.3708,2050.6847,2170.3411,2322.8450,2330.5718,3179.0000,2978.0705
2021-04-05,125,940.4907,1265.3232,1553.3226,1923.8445,2128.2686,2281.3444,2411.3242,2601.9284,2546.8666,3490.6231,3416.7342
2021-04-05,125,959.0000,1273.3765,1561.4375,1930.9360,2133.5723,2281.7181,2412.2796,2601.5717,2547.3430,3489.6503,3416.5803
2021-04-08,125,795.0000,1108.8287,1396.9367,1786.9480,1953.0491,2137.7682,2259.5213,2515.1293,2430.8026,3315.5818,3258.1868
2021-04-08,125,847.0000,1136.9456,1405.4618,1786.0837,1952.8195,2137.2165,2260.2173,2507.5326,2421.3528,3314.0042,3256.9040
2021-04-10,125,1098.0785,1346.2622,1700.5790,2130.8525,2349.2728,2505.2296,2626.9828,2786.8007,2778.6093,3740.4135,3495.7182
2021-04-10,125,1140.0000,1356.2281,1685.2385,2082.7542,2296.7850,2465.1943,2582.5021,2746.1195,2741.9956,3692.1854,3462.7412
2021-04-15,125,975.0000,1137.1466,1284.4656,1520.6632,1741.9015,1957.0000,2082.0016,2213.4070,2205.1987,2324.0386,1885.1832
2021-04-15,125,1009.0000,1152.7742,1296.4063,1533.8151,1758.8699,1966.7275,2094.1580,2233.3403,2221.5315,2322.6409,1876.0000
2021-04-20,125,-9999.0000,-9999.0000,-9999.0000,-9999.0000,-9999.0000,-9999.0000,-9999.0000,-9999.0000,-9999.0000,-9999.0000,-9999.0000
2021-04-20,125,-9999.0000,-9999.0000,-9999.0000,-9999.0000,-9999.0000,-9999.0000,-9999.0000,-9999.0000,-9999.0000,-9999.0000,-9999.0000
2021-04-23,125,1034.0000,1395.0836,1809.6881,2214.1074,2523.8703,2744.5543,2882.0060,3019.5885,3026.6510,3668.9277,3316.9183
2021-04-23,125,1025.0000,1395.0080,1771.0220,2138.3743,2427.1875,2685.7352,2822.3546,2954.9813,2963.7220,3596.5720,3259.0519
2021-04-25,125,1194.0000,1612.7480,2011.3394,2363.5985,2668.9783,2914.0431,3104.9418,3241.5440,3233.0644,4066.0951,3880.4253
2021-04-25,125,1209.0000,1586.8213,1955.8185,2284.1031,2577.5399,2844.5106,3046.6981,3170.1476,3173.5143,4020.8417,3849.4104
2021-04-28,125,1041.7651,1347.2327,1673.6085,1938.4931,2213.1590,2394.7814,2545.6869,2619.9357,2660.2212,3112.1097,2853.0024
2021-04-28,125,1073.6090,1347.1368,1665.2064,1907.2058,2205.1200,2401.8909,2539.9682,2611.2938,2652.1288,3094.1768,2836.5477
2021-04-30,125,-9999.0000,-9999.0000,-9999.0000,-9999.0000,-9999.0000,-9999.0000,-9999.0000,-9999.0000,-9999.0000,-9999.0000,-9999.0000
2021-04-30,125,-9999.0000,-9999.0000,-9999.0000,-9999.0000,-9999.0000,-9999.0000,-9999.0000,-9999.0000,-9999.0000,-9999.0000,-9999.0000
2021-05-03,125,989.0000,1300.2126,1714.7115,2102.5158,2388.0384,2624.9892,2774.0000,2925.6173,2946.1318,3687.2930,3318.3982
2021-05-03,125,1008.0000,1307.8098,1715.0111,2075.9493,2377.0000,2600.8441,2754.6269,2906.0000,2929.0000,3674.4016,3319.9193
2021-05-05,125,-9999.0000,-9999.0000,-9999.0000,-9999.0000,-9999.0000,-9999.0000,-9999.0000,-9999.0000,-9999.0000,-9999.0000,-9999.0000
2021-05-05,125,-9999.0000,-9999.0000,-9999.0000,-9999.0000,-9999.0000,-9999.0000,-9999.0000,-9999.0000,-9999.0000,-9999.0000,-9999.0000
2021-05-08,125,531.0000,801.5248,1093.2062,1459.6895,1685.7160,1874.3178,2035.8134,2195.5024,2236.2225,2859.5789,2380.5275
2021-05-08,125,618.0000,849.0877,1109.0871,1435.0730,1658.3825,1864.9985,2028.0813,2186.9942,2220.1540,2821.7480,2366.0000
2021-05-10,125,1264.0000,1587.2481,2026.2960,2437.2719,2761.7591,2978.7465,3114.1391,3203.5228,3323.0592,4327.4083,3939.9268
2021-05-10,125,1288.0000,1562.0704,1980.1271,2355.5118,2691.2567,2930.1488,3066.4891,3145.9331,3272.0000,4262.5567,3924.7727
2021-05-13,125,977.0000,1124.0000,1365.4125,1561.2448,1813.6020,2025.4005,2166.1527,2213.6650,2301.2615,2187.7703,1755.3213
2021-05-13,125,946.0000,1102.0000,1360.7591,1572.3127,1817.4282,2041.8004,2181.7611,2235.4028,2325.3912,2204.4315,1740.0705
2021-05-15,125,745.0000,1005.0000,1258.0000,1362.0000,1677.0000,2123.0000,2244.0000,2502.0000,2296.0000,2612.0000,1848.0000
2021-05-15,125,-9999.0000,-9999.0000,-9999.0000,-9999.0000,-9999.0000,-9999.0000,-9999.0000,-9999.0000,-9999.0000,-9999.0000,-9999.0000
2021-05-18,125,713.7543,1028.5875,1377.9327,1706.5659,1987.0593,2246.0241,2421.4684,2548.4628,2587.8313,3175.2653,2822.7373
2021-05-18,125,745.5818,1044.8202,1378.5994,1691.3032,1969.8932,2244.8869,2416.3710,2532.1527,2571.8049,3177.9960,2807.3299
2021-05-20,125,882.8241,1131.3687,1547.6179,1890.3154,2250.9935,2531.9429,2666.7958,2819.5288,2835.8827,3496.2018,2953.0009
2021-05-20,125,912.7125,1130.6690,1514.4207,1850.4134,2212.2496,2505.0000,2641.7155,2786.3009,2811.2204,3448.5127,2905.3341
2021-05-23,125,1809.0000,1989.2972,2265.7808,2355.7426,2744.2188,3077.1361,3233.4503,3291.5618,3360.5779,3083.0896,2698.0491
2021-05-23,125,1850.0000,2040.9559,2337.4825,2410.0283,2808.0000,3178.6527,3344.7418,3402.9588,3469.0173,3123.3508,2709.1522
2021-05-25,125,1110.0000,1362.3596,1737.8501,1939.6966,2426.8296,2967.7531,3239.2614,3320.5014,3413.2619,3588.4119,2760.5974
2021-05-25,125,1128.6392,1362.6542,1739.6438,1931.5813,2418.3784,2951.3578,3218.8561,3302.9716,3399.2948,3592.9230,2762.4282
2021-05-28,125,673.0000,965.4466,1356.2779,1562.4411,1906.2437,2341.4887,2555.7631,2684.4266,2702.2214,3014.5409,2551.4107
2021-05-28,125,722.0000,981.8194,1331.9917,1523.0546,1868.3482,2318.0017,2516.1531,2653.1877,2667.4083,2969.6473,2550.8359
2021-05-30,125,1190.8711,1522.8039,2042.6819,2308.2915,2743.7074,3290.2812,3459.5856,3643.4716,3611.1656,4120.3381,3579.8560
2021-05-30,125,1206.0000,1498.0000,1985.9140,2232.2635,2674.2278,3245.9042,3410.1280,3591.7249,3569.8197,4074.7712,3560.5179
2021-06-02,125,688.0000,939.2272,1299.2795,1532.2567,1858.3511,2349.6414,2531.3615,2616.8013,2682.8536,3147.7596,2754.7138
2021-06-02,125,794.0000,987.8613,1307.2000,1506.7940,1829.6491,2333.2485,2507.4884,2595.6230,2666.8901,3100.3438,2725.2651
2021-06-04,125,967.0000,1268.6759,1520.4879,1636.2321,1973.4175,2489.2729,2752.4659,2778.1635,2866.0000,3018.2708,2730.9671
2021-06-04,125,944.0000,1272.8018,1537.1983,1659.0120,2009.9990,2525.8005,2789.3247,2810.5293,2891.3061,3061.7843,2736.4738
2021-06-07,125,962.0399,1076.8807,1309.1408,1345.5657,1713.9276,2430.7311,2711.3465,2694.6736,2805.6052,2580.4444,2059.0597
2021-06-07,125,955.0000,1072.5259,1312.0000,1352.9875,1730.1796,2457.5317,2741.3388,2728.6304,2853.1962,2596.8532,2051.5586
2021-06-09,125,852.2315,978.3839,1298.0958,1379.6862,1780.2588,2729.5749,2996.3073,3027.5890,3131.8112,3002.5706,2395.0000
2021-06-09,125,817.0000,947.2675,1298.4912,1386.4124,1792.9246,2788.7588,3058.6033,3083.8699,3187.4527,3036.0744,2397.0000
2021-06-12,125,353.3254,531.5687,868.1474,899.7588,1305.3946,2477.3111,2878.0963,2874.9355,2995.0806,2474.9132,1856.3674
2021-06-12,125,544.0000,661.2753,945.4149,947.0066,1324.0000,2434.8055,2812.9192,2820.2325,2949.1472,2440.9916,1844.1729
2021-06-14,125,529.4908,691.4259,970.7089,928.6503,1340.7327,2699.3281,3272.0000,3316.5453,3373.0660,2627.9138,1962.6565
2021-06-14,125,489.9393,658.4861,947.2589,915.8428,1348.7840,2738.9942,3307.6744,3363.9454,3408.0000,2650.9934,1987.8735
2021-06-17,125,130.8752,307.3395,585.8956,540.6802,938.0717,2556.0176,3261.5223,3251.2518,3348.1974,2203.5400,1546.1848
2021-06-17,125,426.6922,538.1885,755.6860,675.6183,1045.2290,2467.7183,3089.9440,3106.1372,3203.4578,2158.4219,1530.9642
2021-06-19,125,604.0000,665.2450,920.9269,835.8878,1213.0000,2669.3690,3234.3738,3146.7803,3355.1221,2169.9303,1451.3347
2021-06-19,125,627.0000,678.0384,925.8941,835.2771,1214.3896,2669.5108,3219.6708,3154.7752,3354.9392,2176.3008,1450.0923
2021-06-22,125,235.0000,307.8696,555.7467,483.9269,875.1900,2633.8822,3454.0000,3442.8383,3573.1076,2035.5945,1250.7244
2021-06-22,125,348.0000,398.2554,627.6255,540.1320,907.3343,2619.4008,3396.0000,3394.0000,3523.9070,2028.0000,1249.7000
2021-06-24,125,430.4908,555.6536,771.8049,684.0550,1060.2711,2685.5474,3609.4978,3539.2693,3708.0000,2220.8438,1428.2026
2021-06-24,125,450.5058,563.9746,780.0905,689.8042,1066.7072,2689.4091,3611.3908,3538.8474,3693.1867,2216.0000,1440.8984
2021-06-27,125,-9999.0000,-9999.0000,-9999.0000,-9999.0000,-9999.0000,-9999.0000,-9999.0000,-9999.0000,-9999.0000,-9999.0000,-9999.0000
2021-06-27,125,1192.0000,1261.2465,1377.1415,1216.8410,1589.5168,3022.0171,3867.1992,3866.2096,3973.6457,2205.8293,1573.1244
2021-06-29,125,362.0000,397.0053,651.4570,547.0643,947.2100,2795.2575,3666.0155,3595.9825,3793.0503,2033.8687,1203.2910
2021-06-29,125,365.0000,397.7284,643.3231,530.9888,939.0900,2805.1140,3696.5008,3618.3959,3792.0000,2036.9058,1211.2856
2021-07-02,125,271.0000,277.1562,497.4788,363.0352,732.1656,2626.2989,3579.0000,3581.3057,3747.4878,1769.7440,980.2913
2021-07-02,125,288.5153,285.9542,501.4694,362.1197,724.0790,2629.9813,3593.0000,3585.6736,3745.7966,1768.7945,986.7915
2021-07-04,125,772.5153,777.5506,913.5769,699.1577,1099.6190,2881.9676,4037.7342,3957.5229,4189.8753,2021.6825,1154.5400
2021-07-07,125,215.0000,265.4363,464.8989,306.3761,676.0392,2539.0000,3636.8447,3579.8521,3728.0000,1611.1926,843.5729
2021-07-07,125,282.0000,333.4900,513.7980,339.6962,699.7199,2499.0000,3556.4475,3539.8041,3676.1964,1602.3823,843.2539
2021-07-09,125,251.0000,195.6901,467.0659,322.8598,746.5133,2967.0000,4069.3172,4106.5600,4218.1514,1868.6203,999.2440
2021-07-09,125,331.0000,297.7771,539.2485,380.3666,796.4860,2914.3601,3963.1935,4014.0000,4109.0612,1865.9033,1001.7103
2021-07-12,125,157.0000,217.4716,501.3359,379.5546,793.6872,2794.0586,3923.4431,3869.3093,4101.8287,1812.8808,970.0827
2021-07-12,125,323.0000,353.9269,597.1991,459.0842,851.1516,2746.4271,3840.5958,3748.6324,3976.0000,1802.7300,965.8974
2021-07-14,125,-9999.0000,-9999.0000,-9999.0000,-9999.0000,-9999.0000,-9999.0000,-9999.0000,-9999.0000,-9999.0000,-9999.0000,-9999.0000
2021-07-19,125,921.0000,644.9881,787.0000,632.0000,1003.0000,2573.0000,3345.0000,3402.9013,3433.0000,1947.0000,1170.0000
2021-07-19,125,1179.0000,688.0000,836.0000,660.0000,1043.0000,2620.0000,3420.0000,3506.0000,3561.0000,2096.0000,1293.0000
2021-07-22,125,350.5939,360.9146,585.2884,411.4267,819.5746,2756.9331,3874.7602,3843.2458,4137.9653,1850.5111,947.2775
2021-07-22,125,413.0000,421.3734,621.1593,435.0189,836.2183,2737.4899,3849.0000,3794.6105,4100.3327,1843.7112,949.0156
2021-07-24,125,820.0000,876.7938,1013.1327,809.2587,1169.1858,2724.5231,3781.5670,3729.7769,3985.9322,2068.0948,1178.7612
2021-07-24,125,550.0000,665.7026,865.9245,675.2355,1092.3219,2889.3383,4106.0906,4050.7926,4322.8782,2108.4277,1179.2958
2021-07-29,125,323.0000,325.5898,565.4532,397.9158,801.6226,2782.5753,3698.5114,3682.8374,3892.8941,1922.5526,987.1739
2021-07-29,125,423.0000,422.2458,629.2610,449.8271,845.1025,2709.9960,3603.9299,3580.4200,3786.4894,1908.4843,987.2523
2021-08-01,125,1167.0000,735.0000,1090.9961,947.5000,1501.0000,3342.3433,4283.2923,4296.0000,4509.4348,2474.0000,1448.0000
2021-08-01,125,1234.0000,515.0000,801.0000,686.0000,1184.0000,3386.0000,4366.0000,4444.0000,4547.0000,2362.0000,1442.0000
2021-08-03,125,310.0000,405.4600,637.5434,469.4282,921.0000,2720.8576,3739.0476,3753.1149,3883.6349,2027.2843,1132.4996
2021-08-03,125,379.0000,457.9148,672.7887,501.2392,940.0000,2693.8760,3666.8495,3691.8228,3836.1541,2027.6912,1139.7652
2021-08-06,125,268.0000,378.6287,601.0908,437.7203,853.6478,2476.5968,3363.7352,3365.9202,3548.0057,1805.2554,1020.0000
2021-08-06,125,311.0000,404.4462,617.6374,445.1487,868.6948,2481.3035,3355.0861,3368.3675,3531.6720,1809.5302,1021.7941
2021-08-08,125,-9999.0000,-9999.0000,-9999.0000,-9999.0000,-9999.0000,-9999.0000,-9999.0000,-9999.0000,-9999.0000,-9999.0000,-9999.0000
2021-08-11,125,393.0000,461.6083,729.3810,621.9128,1089.9370,2404.7734,3043.9916,3016.0067,3282.6672,2012.5142,1185.4637
2021-08-11,125,447.0000,497.9130,749.5050,633.1602,1088.3556,2409.3047,3019.6142,3018.1108,3270.2959,2016.8205,1172.0000
2021-08-13,125,-9999.0000,-9999.0000,-9999.0000,-9999.0000,-9999.0000,-9999.0000,-9999.0000,-9999.0000,-9999.0000,-9999.0000,-9999.0000
2021-08-13,125,896.0000,937.0000,1136.0000,1130.0000,1548.0000,2300.0000,2703.0000,2698.9827,2865.0000,1942.0000,1350.0000
2021-08-16,125,351.0000,537.1239,797.5652,845.2972,1288.9739,2165.9028,2619.8045,2651.1519,2914.0406,2225.7156,1480.9140
2021-08-16,125,423.0000,581.9721,825.7444,857.2408,1297.9820,2145.4084,2629.0000,2643.4365,2907.0202,2225.0000,1469.5412
2021-08-18,125,362.0000,514.0264,845.4638,1009.6920,1501.4935,2329.0493,2682.4493,2860.0234,3014.0348,2576.0000,1718.5073
2021-08-18,125,469.0000,586.1093,885.5240,1018.5636,1477.8685,2315.5227,2643.6396,2819.5608,2968.1926,2553.5388,1710.0000
2021-08-21,125,428.0000,553.6902,801.2938,1034.5807,1442.0923,2053.0033,2386.2136,2475.1883,2736.0000,2470.0000,1588.0731
2021-08-21,125,565.0000,645.3762,852.8763,1037.4742,1425.0052,2026.8726,2347.3114,2450.5556,2697.5493,2432.8178,1575.0000
2021-08-26,125,360.0000,553.5828,789.6210,1093.2228,1485.4921,1971.3420,2305.6443,2435.3996,2659.9884,2486.7764,1678.3489
2021-08-26,125,374.0000,557.7647,789.3448,1093.1544,1486.2030,1979.6540,2307.8632,2443.0740,2660.4433,2482.0000,1685.5117
2021-08-28,125,-9999.0000,-9999.0000,-9999.0000,-9999.0000,-9999.0000,-9999.0000,-9999.0000,-9999.0000,-9999.0000,-9999.0000,-9999.0000
2021-08-28,125,-9999.0000,-9999.0000,-9999.0000,-9999.0000,-9999.0000,-9999.0000,-9999.0000,-9999.0000,-9999.0000,-9999.0000,-9999.0000
2021-08-31,125,1311.0000,945.0000,1130.0000,1368.0000,1849.0000,2399.0000,2750.0000,2780.0000,3130.0000,3154.0000,2265.0000
2021-08-31,125,-9999.0000,-9999.0000,-9999.0000,-9999.0000,-9999.0000,-9999.0000,-9999.0000,-9999.0000,-9999.0000,-9999.0000,-9999.0000
2021-09-02,125,274.0000,478.6190,704.6588,1004.9354,1318.8703,1709.2690,1987.2598,2181.2139,2289.6645,2669.4969,1949.3541
2021-09-02,125,389.0000,554.5861,756.4863,1013.6909,1324.3931,1730.1056,1976.8061,2181.2646,2295.0000,2640.0000,1935.0000
2021-09-05,125,221.0000,390.3333,573.5128,797.8783,1040.5417,1385.7016,1627.9419,1799.4899,1915.0778,2305.4641,1725.0698
2021-09-05,125,268.0000,418.7232,589.3884,801.6079,1047.0000,1406.0373,1636.8541,1799.7437,1912.6598,2293.0537,1717.0000
2021-09-07,125,498.3793,565.6000,828.7814,1138.2622,1443.9203,1946.8495,2196.1377,2340.1995,2552.9333,2828.0496,2034.3457
2021-09-07,125,616.0000,654.1175,885.3188,1154.5567,1437.0168,1940.8996,2212.4132,2341.7832,2519.2901,2804.2572,2030.0843
2021-09-10,125,849.0000,1369.5749,1882.0133,2662.6463,3176.7145,3532.0713,3844.2978,4155.7879,4347.5464,4490.4365,3084.6079
2021-09-10,125,915.0000,1379.0665,1850.1640,2600.2376,3123.8877,3469.3770,3771.4945,4082.3722,4266.1149,4430.4338,3058.0000
2021-09-12,125,896.0000,1458.1649,1947.0479,2710.5714,3239.4611,3484.6126,3834.1957,4066.9582,4307.3199,4779.1011,3484.9603
2021-09-12,125,958.7426,1440.8850,1875.5990,2581.8791,3083.5122,3339.6227,3699.8774,3930.8423,4154.6622,4679.7135,3442.9408
2021-09-20,125,556.0000,845.5859,1152.7052,1562.0468,1831.0000,1977.5438,2128.5594,2219.7796,2372.0432,3281.5005,2665.8308
2021-09-20,125,571.0000,862.0523,1168.7204,1579.3365,1841.1165,1989.4281,2145.0599,2219.7357,2379.1475,3287.0000,2677.9594
2021-09-22,125,1283.0000,1556.2235,1797.0530,2059.4075,2369.4916,2557.0212,2713.4121,2841.0004,2890.5829,3299.3508,2764.0900
2021-09-25,125,1283.1887,1489.0135,1716.0000,1986.9280,2289.7367,2554.1547,2804.6170,2852.9540,3020.4068,3995.6785,3338.1005
2021-09-25,125,1297.0000,1484.3314,1708.6967,1964.0000,2285.7027,2573.4876,2806.6420,2862.0000,3029.1012,4027.9707,3401.5465
2021-09-27,125,977.3210,1203.3780,1507.4575,1836.1237,2202.6532,2497.9078,2667.2954,2731.4352,2948.0106,4006.9256,3238.2337
2021-09-27,125,1041.0000,1233.7841,1514.8100,1834.3062,2191.0000,2492.1809,2657.6583,2716.7239,2939.5487,3972.5659,3237.9489
2021-09-30,125,504.0000,749.5843,1017.2402,1346.5456,1601.2232,1758.3281,1896.9337,2003.3243,2122.9648,3235.0281,2817.4395
2021-09-30,125,572.2833,785.4378,1041.2500,1355.0269,1602.4385,1758.2865,1893.6934,1996.1385,2107.6111,3211.9187,2797.4498
2021-10-02,125,1549.0000,1764.0000,1882.0000,1968.7526,2276.1493,2434.0000,2563.0000,2662.0000,2665.5215,2984.5310,2654.0440
2021-10-05,125,-9999.0000,-9999.0000,-9999.0000,-9999.0000,-9999.0000,-9999.0000,-9999.0000,-9999.0000,-9999.0000,-9999.0000,-9999.0000
2021-10-10,125,-9999.0000,-9999.0000,-9999.0000,-9999.0000,-9999.0000,-9999.0000,-9999.0000,-9999.0000,-9999.0000,-9999.0000,-9999.0000
2021-10-10,125,-9999.0000,-9999.0000,-9999.0000,-9999.0000,-9999.0000,-9999.0000,-9999.0000,-9999.0000,-9999.0000,-9999.0000,-9999.0000
2021-10-15,125,600.5773,921.3846,1176.9104,1434.7353,1701.0538,1957.0000,2117.5051,2308.6142,2333.3031,3138.5032,2770.3501
2021-10-15,125,698.5167,973.3154,1204.9737,1442.9167,1693.7615,1949.8148,2116.5155,2299.2078,2324.3352,3122.7864,2762.4547
2021-10-17,125,771.0000,953.2121,1227.3060,1499.1397,1796.4725,2081.5910,2226.9615,2434.7937,2457.1076,3428.2696,2891.4815
2021-10-17,125,777.0000,957.8778,1226.6271,1499.1782,1797.9849,2093.5167,2226.2202,2443.6916,2467.3790,3436.6038,2898.7069
2021-10-27,125,699.0000,869.2553,1155.2328,1354.8868,1717.5874,2086.0000,2224.1235,2394.6233,2449.3289,3306.9573,2757.3320
2021-10-27,125,689.0000,856.7738,1146.3171,1361.9696,1724.9270,2104.9996,2233.3073,2395.1591,2467.3828,3314.7076,2763.6530
2021-10-30,125,799.0000,914.6188,1106.8187,1244.1507,1563.0000,1852.7149,2003.0000,2049.6048,2142.0000,2648.4957,2099.2279
2021-10-30,125,825.0000,948.3812,1137.7623,1283.1328,1588.0000,1876.2477,2005.6378,2099.4231,2163.0000,2584.0000,2040.6912
2021-11-04,125,80.0000,382.5298,566.3423,658.2492,940.9618,1179.0442,1307.7929,1436.5221,1411.4008,1534.0000,1192.6857
2021-11-04,125,1.0000,272.0000,482.0000,600.7570,918.4769,1173.5647,1300.1997,1427.2966,1403.6648,1545.0000,1206.4318
2021-11-06,125,331.0000,573.0205,921.3103,1136.7151,1584.8331,2053.0487,2195.1298,2348.4222,2444.1824,3035.5160,2377.0978
2021-11-06,125,566.0000,737.6023,1017.3395,1172.6973,1577.5963,2020.1595,2154.9890,2290.6518,2364.0576,2940.7157,2337.3687
2021-11-11,125,576.0000,929.9320,1208.4714,1340.9718,1789.2306,2251.9594,2458.1129,2513.8925,2634.9245,3082.0381,2482.0000
2021-11-11,125,652.3566,973.6027,1229.2132,1344.8479,1777.9176,2235.0000,2443.1665,2490.0448,2602.5721,3066.8901,2465.5757
2021-11-19,125,614.0000,812.7968,1078.0000,1145.4536,1564.0000,2088.4888,2236.4044,2305.6575,2396.9122,2546.0000,1889.6848
2021-11-19,125,624.0000,812.5995,1072.4840,1144.0000,1563.0000,2104.0719,2244.6371,2322.3344,2411.6236,2545.3120,1888.0000
2021-11-24,125,279.0000,593.8687,850.0380,969.2124,1398.6993,1987.7959,2146.1904,2331.0254,2324.8188,2585.3293,2123.0000
2021-11-24,125,272.0000,569.4953,829.2804,957.6695,1385.4129,2002.7425,2140.5691,2339.2282,2329.3483,2602.5890,2118.0380
2021-11-29,125,244.0000,481.1234,848.8526,1027.6056,1538.4470,2219.8855,2405.9843,2587.4234,2610.4248,2685.6882,1976.6357
2021-11-29,125,280.2810,493.1288,849.8031,1027.4729,1541.0654,2234.9735,2405.3752,2597.0964,2620.9236,2685.7710,1977.1034
2021-12-01,125,218.0000,553.4552,849.4050,978.4631,1491.7388,2083.6208,2275.9692,2370.5804,2425.4825,2604.6082,1947.2787
2021-12-01,125,242.0000,569.4411,857.7714,978.9970,1492.2541,2072.9888,2254.5000,2364.2485,2412.3937,2595.9781,1941.8708
2021-12-06,125,100.0000,313.2277,649.6008,882.7442,1406.4499,2065.9935,2206.8830,2418.6767,2405.3744,2509.0000,1812.7174
2021-12-06,125,351.0000,509.6180,769.4613,937.6193,1401.6812,2018.8355,2148.3449,2338.3619,2347.8501,2441.2306,1786.3298
2021-12-14,125,-9999.0000,-9999.0000,-9999.0000,-9999.0000,-9999.0000,-9999.0000,-9999.0000,-9999.0000,-9999.0000,-9999.0000,-9999.0000
2021-12-14,125,-9999.0000,-9999.0000,-9999.0000,-9999.0000,-9999.0000,-9999.0000,-9999.0000,-9999.0000,-9999.0000,-9999.0000,-9999.0000
2021-12-16,125,142.0318,337.5204,669.4401,875.9270,1400.5533,1973.3458,2100.0000,2218.1397,2314.8001,2545.5147,1904.3705
2021-12-16,125,360.4843,505.4050,777.6832,931.4842,1413.1046,1939.7400,2061.4935,2177.9030,2269.3045,2530.2480,1898.0000
2021-12-29,125,-9999.0000,-9999.0000,-9999.0000,-9999.0000,-9999.0000,-9999.0000,-9999.0000,-9999.0000,-9999.0000,-9999.0000,-9999.0000
2021-12-31,125,-9999.0000,-9999.0000,-9999.0000,-9999.0000,-9999.0000,-9999.0000,-9999.0000,-9999.0000,-9999.0000,-9999.0000,-9999.0000
2021-12-31,125,-9999.0000,-9999.0000,-9999.0000,-9999.0000,-9999.0000,-9999.0000,-9999.0000,-9999.0000,-9999.0000,-9999.0000,-9999.0000
2022-01-08,125,220.0000,408.3282,652.8344,857.1819,1293.7745,1780.3179,1906.2755,2140.3180,2066.9077,2173.0716,1592.0000
2022-01-08,125,192.0000,369.3455,620.5886,837.1644,1285.6730,1781.1189,1932.3978,2155.8271,2086.0000,2172.6048,1592.0515
2022-01-13,125,-9999.0000,-9999.0000,-9999.0000,-9999.0000,-9999.0000,-9999.0000,-9999.0000,-9999.0000,-9999.0000,-9999.0000,-9999.0000
2022-01-13,125,-9999.0000,-9999.0000,-9999.0000,-9999.0000,-9999.0000,-9999.0000,-9999.0000,-9999.0000,-9999.0000,-9999.0000,-9999.0000
2022-01-15,125,204.0000,401.6103,741.6272,961.8035,1473.8467,1987.1284,2125.2922,2266.3256,2299.6458,2573.2917,1956.5047
2022-01-15,125,417.0000,561.4866,837.8511,1001.7431,1473.0038,1968.9492,2082.6914,2226.9827,2258.8644,2546.5642,1946.5173
2022-01-18,125,102.0000,342.7127,633.4254,865.1540,1373.4307,1820.1011,1970.3058,2155.5554,2147.9541,2353.0596,1747.0000
2022-01-18,125,241.0000,436.1873,690.7916,893.5567,1366.0759,1809.8351,1955.0126,2138.1462,2131.8225,2332.5811,1737.0965
2022-01-20,125,688.0000,914.3812,1024.0000,1208.4263,1678.0000,2113.8154,2294.4707,2435.8961,2450.2018,2526.0590,1900.9971
2022-01-20,125,670.0000,894.3937,1010.1039,1188.7612,1653.8445,2094.2036,2272.6518,2410.3294,2426.8306,2513.0205,1877.2761
2022-01-23,125,364.0000,654.8987,868.7133,1085.4973,1569.9050,2021.7079,2163.2245,2315.0649,2340.0045,2490.0338,2035.1132
2022-01-23,125,568.0000,786.3436,954.6425,1121.3388,1568.8420,2001.4366,2122.6391,2275.8617,2284.7330,2454.2094,2017.6357
2022-01-25,125,542.0300,568.4478,872.8561,1120.6111,1718.0310,2219.0867,2340.5952,2554.1200,2514.6890,2892.0140,2285.3832
2022-01-25,125,726.0000,824.1600,1040.0000,1204.9105,1722.7081,2186.1434,2307.8731,2474.3945,2484.8741,2835.1486,2250.7377
2022-01-28,125,428.0000,538.3752,820.6928,1084.9590,1593.0834,2053.3512,2180.5793,2411.4614,2355.8619,2661.0042,2093.9044
2022-01-28,125,566.0000,774.3198,974.3392,1153.0131,1590.3224,2024.6269,2153.8850,2339.8988,2321.8243,2628.5929,2074.0485
2022-01-30,125,481.0000,824.8894,996.8181,1205.2867,1705.5607,2160.3987,2313.9557,2499.6519,2491.3951,2817.0000,2314.0000
2022-01-30,125,556.0000,856.7002,1012.8533,1208.6585,1701.7742,2149.0000,2297.5060,2485.1002,2458.5848,2804.4132,2306.2541
2022-02-02,125,399.0000,602.4972,758.4579,996.1160,1129.2646,1179.5680,1267.9716,1386.9962,1372.5012,1973.4234,1941.3329
2022-02-02,125,478.0000,672.2772,802.1423,1014.4402,1129.3454,1187.8251,1267.0499,1388.1348,1361.8207,1973.3109,1934.3464
2022-02-07,125,632.0000,770.0000,940.0000,1166.0000,1300.4961,1361.1073,1436.0935,1579.0243,1538.8067,2280.8537,2117.0631
2022-02-07,125,678.0000,805.0000,976.3448,1180.0000,1302.3558,1364.4756,1435.5458,1578.0318,1546.8478,2281.3929,2108.7069
2022-02-09,125,440.0000,774.3829,994.5564,1337.6029,1488.3059,1556.0643,1650.5761,1842.6204,1772.9636,2657.6284,2564.6096
2022-02-09,125,688.0000,922.0000,1082.0000,1349.6988,1482.3272,1560.4907,1645.4498,1826.8079,1756.4941,2584.2568,2517.4738
2022-02-12,125,574.0000,806.5113,984.1842,1234.0000,1364.7984,1445.5835,1533.0046,1699.2583,1642.4626,2381.9666,2366.3464
2022-02-12,125,619.0000,834.1651,996.2444,1238.0000,1364.8066,1448.9769,1531.7816,1699.6887,1635.8238,2373.4351,2352.8146
2022-02-22,125,389.0000,636.1325,858.0000,1140.7078,1320.6519,1467.8347,1554.1698,1748.9623,1698.5367,2345.7397,2155.3033
2022-02-22,125,437.0000,666.2191,870.2965,1144.8917,1321.6467,1466.8599,1557.7351,1746.6303,1691.1711,2347.4196,2165.0000
2022-02-24,125,968.3492,1152.4912,1416.0000,1693.1310,1930.6543,2077.1478,2177.0251,2363.4729,2307.4984,2905.5106,2617.0000
2022-02-24,125,1114.0000,1252.0000,1468.0000,1697.6180,1917.0000,2061.3754,2164.4978,2330.5785,2291.4634,2893.0000,2601.7207
2022-02-27,125,790.0000,942.1635,1174.0000,1453.0954,1661.4661,1796.8490,1891.3019,2067.9781,2035.2330,2828.0870,2560.9004
2022-02-27,125,850.0000,972.4538,1190.0000,1460.7479,1649.7563,1797.3471,1883.0630,2066.9050,2028.7938,2811.0000,2556.1463
2022-03-01,125,894.0000,1137.2330,1356.9367,1669.2963,1884.8792,2044.9076,2161.4954,2403.2675,2301.4829,3165.9637,3019.9544
2022-03-01,125,891.0000,1136.8424,1361.2262,1681.4204,1897.6827,2054.2488,2162.2710,2411.0115,2299.8559,3165.0483,3012.1748
2022-03-04,125,766.6017,1018.0845,1245.3098,1553.5607,1748.0000,1909.1319,2009.7003,2227.4039,2146.8293,2901.3224,2770.2993
2022-03-04,125,838.0000,1058.0000,1265.7134,1553.7212,1744.3799,1901.3424,2009.6463,2217.4569,2137.9068,2889.4664,2770.5961
2022-03-06,125,1083.0000,1212.7840,1484.6589,1769.3727,2006.0432,2177.1841,2277.5234,2490.8026,2434.0047,3257.2918,3011.9527
2022-03-06,125,1099.0000,1229.2675,1493.4408,1772.3118,2002.5203,2174.0570,2276.5810,2490.6882,2433.1962,3249.5407,2994.3393
2022-03-09,125,792.4593,993.1297,1294.0000,1613.3462,1829.0015,1976.1962,2077.0098,2258.6405,2222.0655,3008.0000,2723.5879
2022-03-09,125,816.4968,1008.7210,1300.5723,1619.3360,1841.7444,1985.4053,2085.9871,2266.5106,2228.8026,3022.7096,2731.6942
2022-03-14,125,1341.0000,1505.2296,1802.7953,2090.5434,2361.8852,2564.0000,2705.0000,2885.5039,2832.0000,3433.1857,3217.0000
2022-03-14,125,1391.0000,1515.3747,1802.3381,2068.5000,2342.0000,2568.0000,2711.0000,2894.0000,2844.0000,3457.0000,3230.0000
2022-03-16,125,-9999.0000,-9999.0000,-9999.0000,-9999.0000,-9999.0000,-9999.0000,-9999.0000,-9999.0000,-9999.0000,-9999.0000,-9999.0000
2022-03-19,125,874.0000,1064.9361,1353.6685,1669.4917,1893.1193,2078.7094,2193.6075,2419.6523,2339.0000,3041.0698,2729.8536
2022-03-19,125,916.0000,1093.2402,1381.1018,1676.6564,1894.0000,2077.0000,2189.8824,2418.3604,2332.0347,3037.3673,2722.2223
2022-03-21,125,1005.0000,1272.9302,1549.0622,1869.4134,2081.9749,2293.8813,2420.3597,2699.6029,2565.9527,3305.2605,3107.5141
2022-03-21,125,1028.0000,1288.8496,1556.5667,1873.3539,2086.0060,2301.5428,2428.6869,2699.0927,2566.0317,3313.3393,3107.6576
2022-03-24,125,844.0000,1097.2500,1369.0018,1672.9781,1883.0000,2089.1451,2213.0000,2452.5081,2356.5716,3033.3910,2883.0350
2022-03-24,125,893.0000,1129.0418,1384.9763,1681.2625,1884.3558,2089.0363,2214.2566,2450.7829,2353.8896,3044.9878,2880.4823
2022-03-26,125,1310.0000,1406.0000,1641.4715,1880.8571,2118.6498,2336.6560,2445.7060,2640.2635,2590.3176,3358.5136,3051.1664
2022-03-26,125,1334.0000,1421.3452,1648.9033,1877.0814,2112.5554,2326.5986,2442.3666,2636.0000,2584.2313,3344.6126,3035.0893
2022-04-03,125,762.0000,981.0434,1277.2142,1602.0430,1848.6127,2077.4089,2200.0000,2394.6252,2365.4351,3024.0000,2803.4236
2022-04-03,125,743.0000,989.7888,1289.1516,1635.7755,1881.9399,2116.3591,2241.0653,2426.7498,2402.1103,3076.0000,2832.0000
2022-04-05,125,1388.5008,1496.7328,1780.8826,2075.1788,2349.5108,2602.3477,2722.3791,2843.7240,2852.3410,3685.6554,3379.5668
2022-04-05,125,1422.2473,1509.3858,1789.3289,2067.7004,2349.9784,2601.8603,2706.0967,2843.2901,2867.2876,3681.2544,3378.5348
2022-04-08,125,-9999.0000,-9999.0000,-9999.0000,-9999.0000,-9999.0000,-9999.0000,-9999.0000,-9999.0000,-9999.0000,-9999.0000,-9999.0000
2022-04-10,125,552.0000,740.3441,966.0000,1240.9356,1478.4985,1685.1508,1812.3255,1995.0952,1957.3337,2397.4996,1934.2780
2022-04-10,125,533.0000,728.0000,964.4232,1252.6722,1488.4894,1691.8875,1820.3325,2006.7716,1963.7955,2421.3139,1940.8322
2022-04-15,125,1150.0000,1296.2034,1576.8430,1882.8252,2080.0000,2217.2740,2308.0000,2435.3955,2442.2014,3267.2095,3072.2755
2022-04-15,125,1208.0000,1337.3747,1612.9470,1882.8123,2088.9617,2220.9029,2318.3137,2429.7901,2449.0000,3245.4724,3066.9282
2022-04-18,125,1306.0000,1528.1863,1842.5210,2163.4019,2340.8615,2409.6419,2509.3912,2674.3085,2641.0743,3354.7321,3139.9804
2022-04-18,125,1285.0000,1520.6971,1858.5291,2178.6802,2309.5341,2434.0817,2539.0000,2724.0000,2673.7997,3342.1173,3137.6344
2022-04-20,125,1243.0000,1619.6382,1995.4561,2435.9747,2667.9554,2812.2957,2979.9263,3186.3214,3140.6312,4300.0414,4261.8674
2022-04-20,125,1281.0000,1627.2945,1978.5300,2404.0067,2636.0986,2773.7398,2935.0000,3144.9043,3092.6722,4243.2187,4230.8424
2022-04-23,125,-9999.0000,-9999.0000,-9999.0000,-9999.0000,-9999.0000,-9999.0000,-9999.0000,-9999.0000,-9999.0000,-9999.0000,-9999.0000
2022-04-25,125,958.0000,1105.3333,1411.3822,1723.6076,1942.0000,2113.5734,2246.0000,2283.9883,2384.9193,2962.0000,2604.0000
2022-04-25,125,1018.0000,1085.1479,1347.7795,1595.2477,1809.0000,1972.9996,2079.0000,2114.8258,2187.4596,2677.4080,2312.2340
2022-04-28,125,1167.0000,1450.5952,1890.5754,2355.7033,2603.3501,2715.1503,2835.6049,2996.5292,2986.3044,3921.7409,3660.4636
2022-04-28,125,1196.4048,1442.9860,1859.5907,2299.5970,2538.9973,2669.1009,2787.4969,2955.1242,2939.2298,3890.0362,3652.7621
2022-04-30,125,1302.0000,1731.1266,2179.8170,2627.0947,2804.1402,2952.9952,3106.1278,3328.0000,3234.4233,4156.3296,4059.0913
2022-04-30,125,1316.0000,1666.3805,2074.6775,2467.5914,2708.0508,2866.5385,3012.9013,3212.0000,3148.9819,4082.2543,4027.2011
2022-05-03,125,1198.0000,1562.9041,1979.0017,2402.6584,2667.2630,2821.9960,2978.1951,3109.3531,3105.9184,3994.8962,3915.7453
2022-05-03,125,1232.0000,1594.4164,2019.2382,2458.0000,2707.3925,2856.5154,3006.2021,3144.0000,3140.8971,4026.7573,3922.6695
2022-05-08,125,-9999.0000,-9999.0000,-9999.0000,-9999.0000,-9999.0000,-9999.0000,-9999.0000,-9999.0000,-9999.0000,-9999.0000,-9999.0000
2022-05-10,125,1267.0000,1650.0000,2083.1356,2466.2355,2795.9307,3002.8697,3194.2521,3260.0000,3305.5349,4171.1537,4011.4128
2022-05-10,125,1283.0000,1626.9530,2035.0554,2378.3341,2725.9881,2936.3551,3130.0966,3196.0000,3246.2765,4123.6565,3979.8068
2022-05-13,125,1278.0000,1649.0713,1996.5879,2250.5972,2551.0000,2726.0000,2878.0655,2888.6714,2969.6639,3371.9477,3148.0996
2022-05-13,125,1256.0000,1637.0509,2010.6169,2259.3664,2512.9613,2746.0000,2914.3601,2972.9337,3013.8877,3363.7167,3108.5522
2022-05-15,125,1277.0000,1586.7318,2075.2976,2445.4664,2812.3970,3114.0169,3237.8209,3268.0000,3381.5364,4180.3444,3812.1479
2022-05-15,125,1287.0000,1553.7437,2001.6866,2354.3877,2713.8346,3032.0048,3160.5493,3188.0000,3305.3046,4114.7854,3794.7173
2022-05-18,125,1041.0000,1380.2421,1883.5459,2195.1888,2627.8933,3008.6410,3170.0000,3210.9920,3313.3425,3884.3605,3450.5556
2022-05-18,125,1111.0000,1370.7237,1803.0666,2059.8201,2461.2682,2850.4012,3007.0000,3065.5633,3153.4256,3756.7173,3396.0744
2022-05-20,125,1131.0000,1522.3211,2003.7493,2258.3272,2689.7638,3181.9713,3413.5850,3489.4072,3521.9687,4034.8766,3706.8745
2022-05-20,125,1160.0000,1490.3196,1923.1688,2163.7995,2597.2527,3072.6976,3308.6753,3377.9392,3426.8576,3976.8649,3675.2487
2022-05-25,125,-9999.0000,-9999.0000,-9999.0000,-9999.0000,-9999.0000,-9999.0000,-9999.0000,-9999.0000,-9999.0000,-9999.0000,-9999.0000
2022-05-25,125,-9999.0000,-9999.0000,-9999.0000,-9999.0000,-9999.0000,-9999.0000,-9999.0000,-9999.0000,-9999.0000,-9999.0000,-9999.0000
2022-06-02,125,-9999.0000,-9999.0000,-9999.0000,-9999.0000,-9999.0000,-9999.0000,-9999.0000,-9999.0000,-9999.0000,-9999.0000,-9999.0000
2022-06-02,125,-9999.0000,-9999.0000,-9999.0000,-9999.0000,-9999.0000,-9999.0000,-9999.0000,-9999.0000,-9999.0000,-9999.0000,-9999.0000
2022-06-04,125,880.9996,1036.7491,1513.2675,1584.8460,2101.4915,3128.5703,3368.8651,3352.0000,3492.0520,3105.5210,2413.0000
2022-06-04,125,972.3611,1053.2978,1404.5689,1440.7418,1874.2924,2770.5090,3006.4692,2985.1875,3149.9244,2945.9803,2341.2991
2022-06-07,125,-9999.0000,-9999.0000,-9999.0000,-9999.0000,-9999.0000,-9999.0000,-9999.0000,-9999.0000,-9999.0000,-9999.0000,-9999.0000
2022-06-07,125,-9999.0000,-9999.0000,-9999.0000,-9999.0000,-9999.0000,-9999.0000,-9999.0000,-9999.0000,-9999.0000,-9999.0000,-9999.0000
2022-06-12,125,430.0000,588.5366,893.6258,861.5002,1277.5515,2578.3098,3089.0000,3165.0379,3209.1341,2589.1848,1932.2461
2022-06-12,125,499.0000,636.7181,917.3587,881.7820,1286.3803,2564.2866,3065.0000,3144.0000,3185.0498,2572.3693,1929.3740
2022-06-14,125,422.0713,505.3340,857.2128,795.6976,1258.2956,2997.0710,3552.3315,3616.0000,3713.9085,2737.5313,1867.7411
2022-06-14,125,560.9518,620.7703,933.1190,860.7209,1299.4160,2916.0000,3461.6145,3508.0000,3613.0000,2723.5378,1876.3217
2022-06-17,125,997.0000,1016.9296,1282.0000,1198.0000,1605.7847,3036.2276,3621.4072,3608.0000,3746.9913,2562.0000,1804.2998
2022-06-19,125,458.0000,560.9281,801.8647,699.3273,1126.1967,2789.0000,3613.3009,3620.0000,3729.4849,2478.0233,1666.8405
2022-06-19,125,542.0000,640.8739,857.1835,747.5417,1137.7556,2748.3683,3537.9395,3536.0000,3673.8111,2468.4728,1657.0897
2022-06-24,125,261.6027,305.2910,624.7009,531.3798,987.6327,3037.7128,3908.0000,3985.2760,4037.0000,2338.8959,1395.0884
2022-06-24,125,227.0000,277.5437,595.5253,514.4863,963.5130,3066.9404,3937.0000,4040.9660,4076.8361,2347.7909,1402.1483
2022-06-27,125,106.0441,301.2451,693.5331,691.7216,1101.0653,2722.3687,3517.3006,3493.5259,3666.3184,2188.5578,1388.9081
2022-06-27,125,420.0062,553.5063,852.8740,813.2035,1181.4610,2606.2576,3322.7603,3296.0000,3465.1403,2147.3562,1388.2026
2022-06-29,125,-9999.0000,-9999.0000,-9999.0000,-9999.0000,-9999.0000,-9999.0000,-9999.0000,-9999.0000,-9999.0000,-9999.0000,-9999.0000
2022-06-29,125,-9999.0000,-9999.0000,-9999.0000,-9999.0000,-9999.0000,-9999.0000,-9999.0000,-9999.0000,-9999.0000,-9999.0000,-9999.0000
2022-07-02,125,326.9998,464.9665,721.2744,625.6951,1045.0000,2597.0000,3426.0000,3460.1526,3601.9704,2115.6612,1352.8854
2022-07-02,125,409.9072,529.9693,761.3074,651.5285,1073.4639,2573.0000,3395.0000,3416.0000,3573.0000,2108.2133,1354.0508
2022-07-04,125,469.0956,552.4550,914.6501,844.0983,1354.5058,3030.0984,3735.0000,3770.6520,3945.7177,2529.4958,1633.5941
2022-07-04,125,633.9970,697.7417,996.9820,915.0326,1383.0000,2912.0000,3565.4523,3608.0000,3798.0933,2482.6630,1626.8137
2022-07-07,125,-9999.0000,-9999.0000,-9999.0000,-9999.0000,-9999.0000,-9999.0000,-9999.0000,-9999.0000,-9999.0000,-9999.0000,-9999.0000
2022-07-07,125,-9999.0000,-9999.0000,-9999.0000,-9999.0000,-9999.0000,-9999.0000,-9999.0000,-9999.0000,-9999.0000,-9999.0000,-9999.0000
2022-07-09,125,497.0000,713.6223,985.4170,883.2893,1347.3453,2703.0000,3365.0000,3504.0000,3534.0503,2245.3321,1510.9551
2022-07-09,125,582.0000,773.1178,1009.4007,898.7912,1331.3651,2628.3157,3289.0000,3416.0000,3454.0693,2217.9987,1498.4455
2022-07-12,125,290.0000,465.1668,757.1420,724.2335,1204.9690,2576.4813,3257.5922,3313.6204,3481.4895,2260.7998,1522.9446
2022-07-12,125,419.0000,553.0895,813.4432,762.6473,1225.7576,2542.4875,3213.0000,3250.2059,3420.2786,2243.6545,1525.0141
2022-07-14,125,-9999.0000,-9999.0000,-9999.0000,-9999.0000,-9999.0000,-9999.0000,-9999.0000,-9999.0000,-9999.0000,-9999.0000,-9999.0000
2022-07-14,125,-9999.0000,-9999.0000,-9999.0000,-9999.0000,-9999.0000,-9999.0000,-9999.0000,-9999.0000,-9999.0000,-9999.0000,-9999.0000
2022-07-17,125,433.0000,565.2642,877.2167,882.9910,1386.6356,2566.6424,3102.1265,3153.8650,3361.5975,2436.9745,1618.2477
2022-07-17,125,544.4883,645.2917,921.1736,913.3333,1389.4811,2537.6403,3072.0000,3099.0368,3308.3395,2419.2903,1611.6530
2022-07-19,125,473.0000,689.2386,1036.6134,1091.9606,1626.3433,2762.5636,3342.2368,3460.0000,3573.0000,2779.2173,1955.0000
2022-07-19,125,612.5068,792.9730,1088.8542,1114.5650,1621.5262,2669.0000,3213.7972,3328.0000,3462.2515,2741.5182,1938.1290
2022-07-22,125,581.1388,761.5193,1028.9902,1090.8865,1560.7130,2468.9461,2962.0000,3019.6275,3213.7988,2597.7346,1860.1544
2022-07-22,125,609.0000,772.5804,1036.9215,1098.3879,1569.8142,2476.0000,2958.9854,3026.3040,3225.3486,2595.7300,1861.4401
2022-07-24,125,-9999.0000,-9999.0000,-9999.0000,-9999.0000,-9999.0000,-9999.0000,-9999.0000,-9999.0000,-9999.0000,-9999.0000,-9999.0000
2022-07-24,125,-9999.0000,-9999.0000,-9999.0000,-9999.0000,-9999.0000,-9999.0000,-9999.0000,-9999.0000,-9999.0000,-9999.0000,-9999.0000
2022-07-27,125,-9999.0000,-9999.0000,-9999.0000,-9999.0000,-9999.0000,-9999.0000,-9999.0000,-9999.0000,-9999.0000,-9999.0000,-9999.0000
2022-07-29,125,403.0000,661.5951,1020.9872,1170.5259,1740.1677,2594.0000,3035.6119,3097.7032,3321.7717,2921.0977,2100.1865
2022-07-29,125,512.0000,717.3976,1044.9340,1171.5896,1716.7429,2549.0000,2977.0000,3051.9398,3265.0000,2899.2540,2076.2887
2022-08-01,125,341.0000,529.0094,796.3070,898.5318,1274.4125,2020.8707,2331.3128,2419.8178,2578.6207,2419.7617,1861.3505
2022-08-01,125,404.1727,565.6354,821.2875,905.3338,1276.8638,2001.4454,2332.0493,2409.7957,2563.4348,2411.2146,1859.3915
2022-08-03,125,473.7334,628.5338,965.0320,1138.7541,1561.9994,2322.9932,2571.0362,2674.7466,2866.7182,2901.3280,2147.8169
2022-08-03,125,532.6408,653.4118,973.9826,1145.3105,1561.0000,2298.8938,2563.5099,2668.5398,2858.4325,2874.5015,2128.0000
2022-08-06,125,1246.0000,1262.0000,1509.1039,1612.0000,2101.0000,2691.0000,3012.0000,3099.0000,3371.0000,3632.0000,2889.0000
2022-08-06,125,-9999.0000,-9999.0000,-9999.0000,-9999.0000,-9999.0000,-9999.0000,-9999.0000,-9999.0000,-9999.0000,-9999.0000,-9999.0000
2022-08-08,125,544.0000,785.5571,1073.0269,1354.2100,1753.5456,2277.1513,2604.5331,2666.9572,2894.7845,3124.1018,2427.0793
2022-08-08,125,577.0000,793.4893,1076.8653,1354.6044,1754.0000,2275.1690,2605.3483,2683.0976,2907.0058,3133.9508,2433.7546
2022-08-11,125,387.0000,620.8342,897.0885,1211.0132,1525.7257,1995.9858,2275.7384,2420.1411,2548.2736,2756.4834,2106.6026
2022-08-11,125,482.0000,682.5410,928.9385,1212.7677,1524.9158,1988.0927,2249.8549,2402.9245,2531.4678,2720.8980,2101.6337
2022-08-16,125,275.0000,434.4186,686.3104,980.8098,1304.6145,1690.8386,1922.1446,1980.3392,2185.3990,2356.0065,1629.9545
2022-08-16,125,333.0000,474.6465,718.1098,989.5295,1309.0000,1699.1984,1926.5494,1970.3686,2183.5134,2345.9743,1620.5079
2022-08-21,125,300.0000,485.5677,692.8126,880.8683,1112.8639,1442.1376,1641.2057,1654.0093,1816.8417,2305.6497,2010.5285
2022-08-21,125,330.0000,505.1190,697.4245,880.4120,1117.5436,1443.0530,1637.3810,1668.7937,1811.6642,2313.2536,2008.6327
2022-08-23,125,-9999.0000,-9999.0000,-9999.0000,-9999.0000,-9999.0000,-9999.0000,-9999.0000,-9999.0000,-9999.0000,-9999.0000,-9999.0000
2022-08-23,125,-9999.0000,-9999.0000,-9999.0000,-9999.0000,-9999.0000,-9999.0000,-9999.0000,-9999.0000,-9999.0000,-9999.0000,-9999.0000
2022-08-26,125,496.0000,613.5073,816.6447,1017.1234,1260.4926,1603.9579,1784.8751,1786.9558,1993.1143,2529.5540,2084.8958
2022-08-26,125,553.0000,648.0000,840.5910,1025.2573,1272.7497,1604.6075,1798.3218,1786.1878,1976.4144,2526.0000,2083.4050
2022-08-28,125,588.0000,858.6139,972.4333,1122.4252,1333.2606,1511.0000,1723.6390,1779.3128,1858.0000,2134.0000,1684.8997
2022-08-28,125,609.0000,802.8135,898.5094,1017.5000,1241.0000,1424.0000,1636.4301,1644.0000,1788.4924,1999.0000,1568.7060
2022-08-31,125,-9999.0000,-9999.0000,-9999.0000,-9999.0000,-9999.0000,-9999.0000,-9999.0000,-9999.0000,-9999.0000,-9999.0000,-9999.0000
2022-08-31,125,-9999.0000,-9999.0000,-9999.0000,-9999.0000,-9999.0000,-9999.0000,-9999.0000,-9999.0000,-9999.0000,-9999.0000,-9999.0000
2022-09-02,125,1097.0000,1305.9900,1444.3505,1588.9592,1906.0000,2321.0425,2516.0481,2675.4558,2755.4876,3016.5365,2440.0000
2022-09-02,125,1149.0000,1340.8531,1464.9710,1581.5938,1879.0000,2283.6631,2475.9897,2642.6012,2714.0226,2990.0000,2413.2525
2022-09-05,125,-9999.0000,-9999.0000,-9999.0000,-9999.0000,-9999.0000,-9999.0000,-9999.0000,-9999.0000,-9999.0000,-9999.0000,-9999.0000
2022-09-07,125,-9999.0000,-9999.0000,-9999.0000,-9999.0000,-9999.0000,-9999.0000,-9999.0000,-9999.0000,-9999.0000,-9999.0000,-9999.0000
2022-09-07,125,-9999.0000,-9999.0000,-9999.0000,-9999.0000,-9999.0000,-9999.0000,-9999.0000,-9999.0000,-9999.0000,-9999.0000,-9999.0000
2022-09-10,125,538.2195,844.9686,1120.6080,1450.6581,1749.3721,2029.4132,2228.6262,2299.2703,2444.7398,3243.8159,2834.4502
2022-09-10,125,593.0000,869.9437,1133.2741,1450.8978,1744.7793,2019.5715,2226.3672,2291.2896,2441.7945,3239.0000,2834.8714
2022-09-12,125,668.0000,868.9442,1169.6649,1498.1663,1834.5710,2148.8258,2314.4128,2403.4712,2556.8884,3531.6813,3083.7048
2022-09-12,125,714.0000,888.6088,1177.1467,1483.7018,1817.3459,2137.5030,2298.8412,2394.5275,2541.3806,3509.2044,3085.3817
2022-09-15,125,630.0000,829.3291,1096.6773,1355.4048,1684.8271,2018.8280,2211.0049,2202.4676,2432.3656,3299.6270,2874.7730
2022-09-15,125,646.0000,837.4779,1097.1893,1354.8328,1688.3116,2028.3201,2211.3993,2210.7622,2443.7235,3309.3675,2876.2308
2022-09-20,125,474.0000,737.1894,989.2014,1259.2650,1537.3803,1947.6708,2123.0115,2308.3796,2341.0207,3114.6443,2770.6085
2022-09-20,125,539.0000,777.3892,1008.7756,1259.2771,1541.6196,1942.4499,2132.0000,2306.8648,2339.7792,3110.3208,2764.6411
2022-09-22,125,645.0000,821.2367,1100.9995,1371.7621,1698.4812,2155.5549,2329.0706,2490.9363,2570.3839,3420.3302,2884.6044
2022-09-22,125,709.0000,853.0125,1117.3773,1362.9947,1697.7940,2147.9945,2313.7882,2474.9881,2547.6145,3388.4997,2868.2048
2022-09-27,125,-9999.0000,-9999.0000,-9999.0000,-9999.0000,-9999.0000,-9999.0000,-9999.0000,-9999.0000,-9999.0000,-9999.0000,-9999.0000
2022-09-27,125,-9999.0000,-9999.0000,-9999.0000,-9999.0000,-9999.0000,-9999.0000,-9999.0000,-9999.0000,-9999.0000,-9999.0000,-9999.0000
2022-10-02,125,1211.0000,1190.0000,1248.0000,1208.0000,1816.0000,2465.0000,2602.0000,2352.0000,2844.0000,2977.0000,2133.0000
2022-10-02,125,-9999.0000,-9999.0000,-9999.0000,-9999.0000,-9999.0000,-9999.0000,-9999.0000,-9999.0000,-9999.0000,-9999.0000,-9999.0000
2022-10-05,125,1202.0000,1220.8472,1417.1550,1480.7317,1910.4506,2442.2538,2668.2929,2730.8503,2868.9422,3290.1730,2580.3204
2022-10-05,125,1233.0000,1256.7797,1437.4296,1497.5780,1921.0000,2474.4018,2690.6739,2755.1606,2882.8790,3298.1648,2571.6621
2022-10-07,125,701.0000,921.7392,1128.0000,1245.7292,1638.2501,2163.0000,2379.8380,2490.0641,2553.6919,3142.7225,2652.1943
2022-10-07,125,746.0000,948.2961,1144.0000,1244.8261,1641.0000,2154.0106,2362.5386,2481.8047,2549.1152,3137.7536,2650.2550
2022-10-10,125,-9999.0000,-9999.0000,-9999.0000,-9999.0000,-9999.0000,-9999.0000,-9999.0000,-9999.0000,-9999.0000,-9999.0000,-9999.0000
2022-10-10,125,-9999.0000,-9999.0000,-9999.0000,-9999.0000,-9999.0000,-9999.0000,-9999.0000,-9999.0000,-9999.0000,-9999.0000,-9999.0000
2022-10-12,125,-9999.0000,-9999.0000,-9999.0000,-9999.0000,-9999.0000,-9999.0000,-9999.0000,-9999.0000,-9999.0000,-9999.0000,-9999.0000
2022-10-15,125,219.0000,430.0000,745.0372,909.2258,1353.0949,1934.1525,2130.0063,2131.2058,2341.5049,2738.2828,2057.2106
2022-10-15,125,406.0000,570.6231,838.0053,949.4638,1362.2491,1910.3271,2100.9759,2075.5253,2283.8598,2682.9346,2051.2223
2022-10-17,125,853.0000,1024.0000,1222.0000,1244.0000,1716.0000,2329.6261,2590.3855,2633.7830,2763.1386,3117.0000,2498.5111
2022-10-17,125,1005.0000,1132.0000,1286.0000,1284.0000,1724.0000,2306.0059,2561.1860,2610.9197,2728.0000,3100.8680,2476.1712
2022-10-20,125,362.0000,660.0000,952.0000,1025.1322,1510.5384,2200.4869,2463.0000,2482.8939,2652.1638,2923.0000,2362.9846
2022-10-20,125,756.0000,918.5328,1108.0000,1108.0000,1520.6634,2116.0000,2350.8683,2386.7099,2524.3686,2802.0286,2299.0000
2022-10-25,125,-9999.0000,-9999.0000,-9999.0000,-9999.0000,-9999.0000,-9999.0000,-9999.0000,-9999.0000,-9999.0000,-9999.0000,-9999.0000
2022-10-25,125,-9999.0000,-9999.0000,-9999.0000,-9999.0000,-9999.0000,-9999.0000,-9999.0000,-9999.0000,-9999.0000,-9999.0000,-9999.0000
2022-10-27,125,529.0000,790.2537,1050.0000,953.3745,1494.3677,2407.0000,2667.9160,2721.6362,2846.0000,2725.5558,2019.0000
2022-10-27,125,746.0000,924.3455,1136.0000,1012.7205,1526.6565,2363.0000,2604.9281,2707.2846,2771.6826,2689.3139,1995.0000
2022-10-30,125,454.0000,672.6075,956.5676,864.5496,1402.3365,2335.0000,2595.1961,2652.3471,2778.5900,2568.5244,1925.0003
2022-10-30,125,533.0000,724.2659,982.3365,880.2056,1402.5798,2332.6819,2586.2390,2611.1014,2753.0000,2548.0000,1911.0000
2022-11-04,125,0.0000,46.0000,232.0000,200.0000,470.5930,933.3094,1045.5564,1060.8177,1148.1615,715.0000,410.0000
2022-11-04,125,0.0000,54.0000,233.0000,195.0000,467.0000,944.6518,1061.1965,1053.1476,1128.3264,716.7327,410.0000
2022-11-06,125,340.0000,550.2346,872.0000,700.8309,1356.3536,2555.0220,2844.2531,2999.7590,3038.1261,2502.8589,1657.0000
2022-11-06,125,361.0000,562.3503,880.4145,701.0648,1353.0000,2540.2681,2852.6200,2998.9161,3018.0000,2488.9513,1657.9605
2022-11-21,125,485.0000,514.2672,696.1298,536.0000,902.0000,1626.0000,1704.5972,1755.8014,1741.6203,939.5247,570.0000
2022-11-21,125,614.0000,610.1861,756.0000,584.1470,934.5993,1618.0780,1707.0000,1756.3355,1737.0000,932.8379,575.0000
2022-11-24,125,231.0000,406.7230,772.2057,606.1466,1322.2010,2563.7356,2819.9361,2968.4322,3044.4656,2081.0000,1252.9539
2022-11-24,125,286.0000,436.2006,786.2877,610.5060,1322.3566,2520.0000,2804.0000,2933.3544,3016.0000,2069.0000,1252.5783
2022-11-26,125,-9999.0000,-9999.0000,-9999.0000,-9999.0000,-9999.0000,-9999.0000,-9999.0000,-9999.0000,-9999.0000,-9999.0000,-9999.0000
2022-11-26,125,-9999.0000,-9999.0000,-9999.0000,-9999.0000,-9999.0000,-9999.0000,-9999.0000,-9999.0000,-9999.0000,-9999.0000,-9999.0000
2022-12-01,125,2346.0000,2137.9870,2208.3897,2321.6971,2613.3026,2644.7437,2686.0049,2795.6636,2779.1877,2904.0000,2738.5443
2022-12-06,125,-9999.0000,-9999.0000,-9999.0000,-9999.0000,-9999.0000,-9999.0000,-9999.0000,-9999.0000,-9999.0000,-9999.0000,-9999.0000
2023-01-10,125,494.0000,644.1620,920.4220,1069.1105,1398.9018,1765.4436,1866.2751,2026.7696,2002.5877,2076.5401,1482.0000
2023-01-10,125,526.0000,664.2539,932.3134,1072.6960,1400.7097,1770.1528,1865.3538,2026.4448,2010.0000,2072.7354,1483.0000
2023-01-20,125,-9999.0000,-9999.0000,-9999.0000,-9999.0000,-9999.0000,-9999.0000,-9999.0000,-9999.0000,-9999.0000,-9999.0000,-9999.0000
2023-01-20,125,-9999.0000,-9999.0000,-9999.0000,-9999.0000,-9999.0000,-9999.0000,-9999.0000,-9999.0000,-9999.0000,-9999.0000,-9999.0000
2023-01-25,125,552.0000,796.4463,1050.0000,1101.0800,1536.4324,2021.4435,2165.3992,2331.0455,2281.3088,2385.2665,1828.6930
2023-01-25,125,583.0000,810.2305,1058.0000,1100.9298,1539.0000,2021.0404,2160.5940,2322.5513,2277.1826,2376.1221,1817.1294
2023-01-28,125,1170.0000,1377.5024,1681.4921,1754.0000,2245.8609,2790.4091,2952.0000,3154.5623,3097.1818,3074.7802,2651.5874
2023-01-28,125,1188.0000,1380.5151,1677.1475,1736.4676,2213.0000,2762.0242,2936.1068,3124.0000,3070.3039,3041.9017,2613.5015
2023-01-30,125,-9999.0000,-9999.0000,-9999.0000,-9999.0000,-9999.0000,-9999.0000,-9999.0000,-9999.0000,-9999.0000,-9999.0000,-9999.0000
2023-01-30,125,1814.0000,1696.9542,2036.0000,2137.4574,2657.3492,3287.0000,3450.9941,3611.1481,3632.5465,3316.5667,2694.0000
2023-02-02,125,946.0000,1066.0000,1296.0000,1413.1525,1828.0000,2210.6177,2310.0327,2435.0551,2422.0645,2386.0000,1803.2059
2023-02-02,125,779.0000,896.3072,1176.0000,1345.0056,1811.0000,2213.6460,2322.0193,2459.5097,2445.0543,2435.3915,1820.0639
2023-02-04,125,-9999.0000,-9999.0000,-9999.0000,-9999.0000,-9999.0000,-9999.0000,-9999.0000,-9999.0000,-9999.0000,-9999.0000,-9999.0000
2023-02-04,125,-9999.0000,-9999.0000,-9999.0000,-9999.0000,-9999.0000,-9999.0000,-9999.0000,-9999.0000,-9999.0000,-9999.0000,-9999.0000
2023-02-07,125,734.0000,1004.8094,1300.4511,1461.3239,1870.2211,2325.4282,2460.9978,2707.9662,2587.7732,2833.5883,2563.9957
2023-02-07,125,772.6389,1009.5664,1305.3316,1462.0000,1877.2470,2325.3224,2462.1666,2722.1170,2600.9263,2832.0000,2546.0463
2023-02-09,125,996.2788,1145.0328,1469.4937,1649.2956,2109.0119,2594.4951,2710.5139,2945.4181,2856.8702,3185.7264,2732.1193
2023-02-09,125,1030.2278,1164.7874,1477.7460,1649.0049,2113.8431,2590.4846,2713.4518,2946.7083,2854.0759,3178.5631,2738.6300
2023-02-12,125,605.0000,812.9557,1060.9341,1184.9215,1574.3383,1963.0000,2061.5052,2203.3365,2180.3177,2242.0000,1762.9121
2023-02-12,125,597.0000,802.1295,1049.3145,1180.7098,1572.0000,1977.3376,2059.5439,2202.3702,2196.1784,2253.0800,1771.7262
2023-02-14,125,752.0000,1065.3092,1384.8932,1610.0000,2124.9162,2605.3563,2755.4579,2964.5240,2892.6525,3204.0530,2738.1429
2023-02-14,125,912.0000,1152.4859,1416.8096,1593.1669,2061.7510,2510.9967,2657.4567,2858.4645,2788.0776,3129.0074,2716.9648
2023-02-17,125,-9999.0000,-9999.0000,-9999.0000,-9999.0000,-9999.0000,-9999.0000,-9999.0000,-9999.0000,-9999.0000,-9999.0000,-9999.0000
2023-02-27,125,-9999.0000,-9999.0000,-9999.0000,-9999.0000,-9999.0000,-9999.0000,-9999.0000,-9999.0000,-9999.0000,-9999.0000,-9999.0000
2023-02-27,125,-9999.0000,-9999.0000,-9999.0000,-9999.0000,-9999.0000,-9999.0000,-9999.0000,-9999.0000,-9999.0000,-9999.0000,-9999.0000
2023-03-09,125,1042.0000,1192.5435,1476.6845,1436.5258,2008.8169,2956.7350,3211.0698,3321.8730,3340.0854,3012.8273,2411.8954
2023-03-09,125,742.0000,1009.6920,1345.0947,1340.0000,1945.6885,2964.2639,3242.3731,3354.8732,3401.9952,3075.5154,2436.8542
2023-03-11,125,868.7536,1085.2077,1428.3369,1372.1808,2040.3606,3249.3923,3482.2166,3577.3250,3624.9875,2993.0630,2232.0000
2023-03-11,125,905.7590,1116.4462,1460.7140,1389.0909,2034.9306,3248.3262,3481.5119,3562.5317,3621.3440,2985.1009,2221.0667
2023-03-16,125,413.0000,582.3290,928.0817,812.9218,1480.6248,2710.0965,2971.6718,3194.7996,3106.6385,2290.5877,1509.9552
2023-03-16,125,462.0000,614.4462,944.0000,821.1275,1480.3839,2697.2947,2970.4513,3177.4688,3088.6903,2290.0000,1516.9940
2023-03-21,125,488.0000,568.5156,977.4675,789.6339,1589.6024,3177.3331,3461.3461,3562.1293,3577.2385,2429.3466,1554.6480
2023-03-21,125,554.3949,618.2743,996.4632,801.5257,1585.4680,3130.0000,3405.0000,3506.9499,3532.9602,2413.0000,1565.0000
2023-03-29,125,326.6034,465.4094,817.3616,517.2285,1318.3269,3158.1089,3638.6228,3750.9356,3754.7041,1764.6676,995.1291
2023-03-29,125,378.0000,497.6812,833.1984,529.9296,1312.7677,3173.7278,3643.5541,3717.0646,3748.0338,1745.5378,1003.2377
2023-04-03,125,385.7095,489.4738,921.3637,612.0181,1507.9890,3468.8730,3891.3556,4179.3644,4074.2634,1955.7375,1131.2373
2023-04-03,125,458.2697,541.8149,948.8975,634.4332,1501.4184,3444.1979,3868.1512,4145.1088,4029.1144,1946.0430,1131.9902
2023-04-05,125,395.0000,544.5557,916.8431,603.6715,1427.1651,3217.2946,3686.0125,4017.4700,3834.8939,1794.7993,1092.9812
2023-04-05,125,494.9427,620.4632,957.4236,650.0890,1441.8253,3193.3260,3645.5297,3962.5379,3786.4547,1787.8248,1081.9020
2023-04-05,125,409.9593,577.7040,969.4165,652.0504,1499.2923,3349.4959,3836.8649,4153.7458,3963.5534,1841.4742,1089.2054
2023-04-05,125,450.0000,593.6135,969.2619,644.4466,1466.5290,3265.6587,3720.7341,4072.0000,3867.8947,1819.9339,1083.0521
2023-04-08,125,2118.3238,1982.0000,2162.0000,1784.0000,2602.9806,4030.0000,4357.4512,4472.0000,4384.1297,2065.8892,1545.9271
2023-04-08,125,1460.0000,1518.0000,1802.0000,1544.5405,2264.6309,3602.0000,3967.0000,4176.0000,4056.0000,2042.0000,1524.0431
2023-04-10,125,377.6660,441.4821,915.6506,579.6040,1627.7109,3708.5130,4130.0000,4417.7234,4324.4660,1995.2922,1117.2241
2023-04-10,125,425.0000,489.3562,932.9823,602.1112,1601.2168,3657.5335,4068.9405,4344.6755,4266.5707,1979.0000,1114.8202
2023-04-15,125,1647.0000,1724.0000,1874.0000,1630.0000,2196.0000,3147.0000,3441.0000,3580.0000,3505.0000,1551.0000,1105.0000
2023-04-18,125,269.4118,421.4761,865.7391,541.3043,1540.1179,3297.2030,3819.1224,3954.3964,4001.4773,1668.4838,913.6820
2023-04-18,125,342.0000,481.1775,897.5818,569.1300,1530.6826,3253.6193,3763.9915,3896.8681,3955.8125,1668.8729,914.0465
2023-04-23,125,-9999.0000,-9999.0000,-9999.0000,-9999.0000,-9999.0000,-9999.0000,-9999.0000,-9999.0000,-9999.0000,-9999.0000,-9999.0000
2023-04-23,125,-9999.0000,-9999.0000,-9999.0000,-9999.0000,-9999.0000,-9999.0000,-9999.0000,-9999.0000,-9999.0000,-9999.0000,-9999.0000
2023-04-30,125,-9999.0000,-9999.0000,-9999.0000,-9999.0000,-9999.0000,-9999.0000,-9999.0000,-9999.0000,-9999.0000,-9999.0000,-9999.0000
2023-04-30,125,-9999.0000,-9999.0000,-9999.0000,-9999.0000,-9999.0000,-9999.0000,-9999.0000,-9999.0000,-9999.0000,-9999.0000,-9999.0000
2023-05-05,125,225.9307,314.2245,545.1315,353.5179,947.7819,2565.2148,3148.1274,3282.4851,3320.9605,1434.2840,805.7660
2023-05-05,125,349.6303,420.6542,629.0889,412.9502,971.7186,2517.5994,3082.9526,3219.1445,3258.7579,1428.3527,804.6503
2023-05-13,125,-9999.0000,-9999.0000,-9999.0000,-9999.0000,-9999.0000,-9999.0000,-9999.0000,-9999.0000,-9999.0000,-9999.0000,-9999.0000
2023-05-13,125,-9999.0000,-9999.0000,-9999.0000,-9999.0000,-9999.0000,-9999.0000,-9999.0000,-9999.0000,-9999.0000,-9999.0000,-9999.0000
2023-05-15,125,304.2693,370.4893,556.8473,329.5904,857.9092,2515.0000,3211.5930,3307.3500,3362.5059,1178.6369,602.5599
2023-05-15,125,326.0000,384.6842,565.1954,337.5206,853.5492,2512.8326,3211.1294,3297.8149,3355.0859,1173.1795,597.5104
2023-05-18,125,482.0000,298.0000,497.0000,393.0000,892.0000,2465.0000,3259.0000,3356.0000,3433.0000,1304.0000,853.0000
2023-05-18,125,421.0000,253.0000,460.0000,354.0000,882.0000,2488.0000,3267.0000,3364.0000,3449.0000,1324.0000,870.0000
2023-05-23,125,190.6287,273.5724,517.3507,381.1062,874.9597,2372.0332,3037.4645,3123.0096,3267.8455,1420.6229,802.6303
2023-05-23,125,268.7858,333.8263,560.8764,417.2652,904.6855,2387.0434,3027.1576,3113.3392,3267.2730,1418.9150,805.7102
2023-05-25,125,217.6259,369.4033,609.6724,445.7727,1012.7434,2579.0675,3323.8420,3433.2524,3572.0234,1610.9906,932.0849
2023-05-25,125,395.0000,481.6940,692.9472,509.9038,1046.3800,2524.2951,3219.0029,3338.7710,3467.0548,1596.2704,938.2604
2023-05-28,125,-9999.0000,-9999.0000,-9999.0000,-9999.0000,-9999.0000,-9999.0000,-9999.0000,-9999.0000,-9999.0000,-9999.0000,-9999.0000
2023-05-28,125,-9999.0000,-9999.0000,-9999.0000,-9999.0000,-9999.0000,-9999.0000,-9999.0000,-9999.0000,-9999.0000,-9999.0000,-9999.0000
2023-05-30,125,2094.0000,1764.0000,1974.0000,1654.0000,2273.0000,3608.0000,4035.0000,4168.0000,4160.0000,1985.0000,1403.0000
2023-05-30,125,2053.0000,1958.0000,2056.0000,1624.0000,2263.0000,3764.0000,4146.0000,4256.0000,4386.0000,2157.0000,1469.0000
2023-06-02,125,128.0000,224.8257,533.0445,393.3889,993.1028,2419.7752,3010.0090,3062.8508,3316.6504,1540.0911,873.6526
2023-06-02,125,224.0000,293.3495,573.9531,425.2885,1005.4673,2419.7134,2979.1124,3046.7598,3283.1229,1547.6000,874.1154
2023-06-04,125,407.0000,485.1850,797.5745,633.8333,1286.1371,2679.7570,3305.6722,3320.0000,3598.5807,1725.0624,1025.0687
2023-06-04,125,428.0000,529.3758,832.9355,649.5755,1318.5351,2708.2984,3370.2960,3365.1432,3610.0283,1701.0334,1041.5000
2023-06-07,125,100.0000,200.4416,501.5634,354.3477,974.6784,2196.4479,2711.4425,2824.4246,2982.0973,1409.4119,825.9248
2023-06-07,125,252.0000,364.3125,612.0701,436.2274,999.0000,2187.3770,2662.6683,2775.1125,2914.7561,1410.3306,825.2744
2023-06-09,125,582.0000,564.3061,913.2099,713.1846,1416.6004,2683.8670,3079.6352,3125.4835,3354.6546,1840.5137,1078.4107
2023-06-09,125,655.0000,676.2776,972.2193,764.0000,1418.5062,2659.7466,3037.4241,3062.5330,3301.1654,1833.3827,1081.2598
2023-06-12,125,42.0000,189.7153,553.2473,533.1841,1156.0000,2072.5355,2407.8200,2533.8944,2725.2515,1717.8098,1074.1951
2023-06-12,125,179.0000,294.4106,629.6944,580.7350,1174.4722,2074.3991,2392.5235,2518.3603,2697.1969,1708.6832,1073.4103
2023-06-14,125,1238.0000,982.0000,1198.0000,1070.0000,1693.0000,2678.0000,3049.0000,3632.0000,3343.0000,2155.0000,1409.0000
2023-06-14,125,-9999.0000,-9999.0000,-9999.0000,-9999.0000,-9999.0000,-9999.0000,-9999.0000,-9999.0000,-9999.0000,-9999.0000,-9999.0000
2023-06-17,125,262.0000,430.6697,700.1374,764.0000,1269.5949,1955.0229,2264.3032,2439.8106,2567.2745,1836.2814,1251.6783
2023-06-17,125,365.0000,506.2973,756.0000,790.4838,1281.9000,1945.7019,2258.7523,2422.9033,2550.0273,1829.5435,1251.1864
2023-06-19,125,288.8723,389.2012,753.2121,898.6679,1458.6006,2118.6134,2388.9510,2487.9474,2728.4910,2106.2960,1355.4234
2023-06-19,125,490.0000,569.3692,861.1957,945.5353,1446.0915,2099.5416,2358.3498,2438.0177,2662.4791,2075.6575,1354.5524
2023-06-22,125,-9999.0000,-9999.0000,-9999.0000,-9999.0000,-9999.0000,-9999.0000,-9999.0000,-9999.0000,-9999.0000,-9999.0000,-9999.0000
2023-06-24,125,432.8434,678.4423,966.0000,1229.7845,1640.9791,2169.8783,2486.7223,2633.4126,2823.3628,2618.9009,1786.7606
2023-06-24,125,450.7506,684.0000,972.7022,1236.9777,1649.3431,2172.2091,2500.8881,2633.4318,2818.0644,2619.0591,1786.6362
2023-06-27,125,373.5173,630.3338,970.7158,1312.0000,1753.4054,2299.5556,2660.5154,2838.4915,3050.7245,2770.9187,1820.2562
2023-06-27,125,419.0000,658.1941,982.2084,1312.4286,1749.0641,2292.2255,2659.4753,2822.6268,3042.2317,2754.5567,1812.1098
2023-06-29,125,410.0000,600.0862,986.3043,1277.6407,1724.9808,2339.3757,2595.6841,2805.5662,2961.8037,2693.9002,1717.5214
2023-06-29,125,535.0000,694.3913,1026.0000,1268.8659,1688.0468,2313.9078,2556.7706,2730.9157,2900.2336,2650.6543,1705.2070
2023-07-02,125,217.0000,438.5956,792.0000,1001.0524,1432.4566,2004.3471,2217.3808,2291.9100,2502.6023,2356.6596,1513.2791
2023-07-02,125,529.0000,640.4216,896.2611,1021.9125,1414.8381,1955.0000,2170.9214,2243.7464,2418.0290,2289.8618,1490.0926
2023-07-04,125,364.9065,622.0000,924.4717,1108.8230,1536.9422,2116.5530,2419.5219,2523.7991,2651.2478,2557.5796,1684.2872
2023-07-04,125,482.0000,692.1363,958.3809,1106.0000,1514.0275,2097.0376,2395.3996,2483.3792,2629.3141,2517.1463,1668.0795
2023-07-07,125,434.0747,744.3692,1090.0000,1428.5586,1861.6367,2389.9652,2721.9892,2922.5436,3137.3267,3484.7382,2305.3503
2023-07-07,125,493.0000,776.0000,1104.0000,1427.2709,1849.3351,2373.0991,2704.5567,2914.1547,3113.2696,3461.0992,2293.5432
2023-07-09,125,514.5007,762.5092,1176.8559,1627.3147,2105.3866,2652.0944,2939.6982,3105.5610,3394.6842,3812.5277,2428.9990
2023-07-09,125,608.4955,814.0000,1184.0000,1578.8387,2049.5089,2597.5272,2882.9335,3034.0069,3316.0062,3754.6056,2404.0000
2023-07-12,125,-9999.0000,-9999.0000,-9999.0000,-9999.0000,-9999.0000,-9999.0000,-9999.0000,-9999.0000,-9999.0000,-9999.0000,-9999.0000
2023-07-14,125,474.1695,792.0000,1166.0000,1522.8464,2021.3393,2612.1078,2972.1572,3162.0441,3370.5994,3794.4777,2506.2892
2023-07-14,125,560.3074,836.0000,1172.0000,1499.3056,1973.0716,2556.6877,2908.3154,3091.7306,3296.6702,3729.6560,2492.2688
2023-07-17,125,334.0000,606.2285,948.7120,1235.0699,1725.5270,2385.4879,2739.7149,2892.0038,3123.6122,3357.3589,2172.7665
2023-07-17,125,481.0000,694.3120,990.0793,1233.5816,1697.9422,2345.7458,2690.6706,2834.4865,3065.5232,3299.8717,2154.4110
2023-07-19,125,-9999.0000,-9999.0000,-9999.0000,-9999.0000,-9999.0000,-9999.0000,-9999.0000,-9999.0000,-9999.0000,-9999.0000,-9999.0000
2023-07-22,125,-9999.0000,-9999.0000,-9999.0000,-9999.0000,-9999.0000,-9999.0000,-9999.0000,-9999.0000,-9999.0000,-9999.0000,-9999.0000
2023-07-22,125,-9999.0000,-9999.0000,-9999.0000,-9999.0000,-9999.0000,-9999.0000,-9999.0000,-9999.0000,-9999.0000,-9999.0000,-9999.0000
2023-07-27,125,572.0000,865.4612,1176.9041,1547.7126,1829.2925,2123.4953,2332.3887,2443.8641,2531.3302,3073.3653,2467.5230
2023-07-27,125,617.0000,889.5464,1188.5606,1539.5974,1821.0126,2116.8906,2324.1448,2435.7218,2532.1159,3057.6904,2451.6954
2023-07-29,125,1155.0000,1514.7353,1993.0966,2422.9540,2869.0472,3220.8244,3370.9106,3386.4759,3611.5739,4412.0335,3687.8448
2023-07-29,125,1186.7772,1506.5253,1969.8923,2391.5812,2818.3628,3185.1110,3345.4226,3363.3879,3579.5720,4387.0902,3690.2842
2023-08-03,125,-9999.0000,-9999.0000,-9999.0000,-9999.0000,-9999.0000,-9999.0000,-9999.0000,-9999.0000,-9999.0000,-9999.0000,-9999.0000
2023-08-06,125,476.5335,664.3427,1032.0000,960.8350,1509.8561,2500.2726,2792.9363,2810.8643,2952.9848,2793.4244,1971.3482
2023-08-06,125,511.0000,686.1111,1042.0000,965.3481,1505.5522,2501.0314,2796.2193,2811.1374,2946.6517,2785.4466,1962.4407
2023-08-08,125,770.2863,893.1348,1408.5575,1259.0669,2004.2680,3381.7287,3642.3841,3706.2522,3844.9477,3579.9933,2572.2887
2023-08-08,125,792.0000,912.8993,1428.4401,1266.8547,2006.3353,3385.2364,3656.6919,3706.7255,3851.8973,3588.7524,2578.7887
2023-08-11,125,-9999.0000,-9999.0000,-9999.0000,-9999.0000,-9999.0000,-9999.0000,-9999.0000,-9999.0000,-9999.0000,-9999.0000,-9999.0000
2023-08-11,125,-9999.0000,-9999.0000,-9999.0000,-9999.0000,-9999.0000,-9999.0000,-9999.0000,-9999.0000,-9999.0000,-9999.0000,-9999.0000
2023-08-13,125,492.5019,680.3966,1212.5937,824.6489,1692.0000,3469.6265,3954.6195,3896.6543,4075.2937,3097.5219,2001.6066
2023-08-13,125,598.0000,746.1560,1209.0318,848.7193,1666.0811,3357.2281,3843.1566,3777.5368,3954.9787,3066.2434,1995.8895
2023-08-16,125,498.0000,642.3361,1072.0000,697.2795,1458.2644,3241.5079,3761.0165,3690.0670,3908.5558,2729.5594,1693.9277
2023-08-16,125,541.0000,672.2576,1088.0000,705.4244,1466.3471,3237.6199,3756.6178,3689.2941,3900.6514,2713.2257,1688.9972
2023-08-18,125,471.0000,596.2336,1134.0000,688.6518,1582.4504,3837.3053,4298.8210,4130.4701,4497.8402,2981.4845,1691.0000
2023-08-18,125,576.0000,648.0000,1148.0000,708.7675,1572.5006,3725.0000,4180.7750,4065.6132,4378.1172,2944.7172,1689.4339
2023-08-21,125,382.0000,488.4175,948.1191,613.8010,1378.0892,3293.3604,3763.9271,3772.0143,3970.2422,2596.8863,1481.3503
2023-08-21,125,444.0000,530.5529,968.2361,629.1278,1377.5362,3269.0237,3747.5012,3738.4815,3945.9412,2582.2638,1477.7143
2023-08-23,125,391.0000,560.3508,1032.0000,649.1304,1445.5835,3401.3168,4019.5434,4002.6982,4188.2257,2716.0000,1588.7959
2023-08-23,125,532.0000,662.0000,1058.0000,697.1865,1429.8777,3254.0000,3843.1572,3827.1074,4020.5291,2662.1733,1565.4476
2023-08-26,125,343.0000,502.1562,938.0876,561.2559,1309.2996,3236.4778,3835.5377,3834.9893,4019.4770,2433.2027,1386.2122
2023-08-26,125,427.0000,558.1282,960.0000,581.1325,1308.8547,3189.0276,3770.3684,3785.2043,3990.3752,2429.0004,1387.0000
2023-08-31,125,331.0000,390.2847,793.0099,354.0000,991.0000,2824.4238,3262.0000,3112.0000,3306.0000,1388.6727,656.6147
2023-08-31,125,517.0000,532.0000,862.0000,424.0000,1062.0000,2881.0000,3313.0000,3303.5277,3434.0000,1442.0000,668.0000
2023-09-02,125,340.0000,479.0000,1016.0000,420.3434,1384.7563,3840.0000,4498.7255,4455.0591,4606.0000,2393.9285,1188.2563
2023-09-02,125,427.0000,539.0000,1034.0000,452.4259,1380.9435,3783.0000,4435.0000,4363.0097,4530.7760,2381.2261,1188.3728
2023-09-05,125,243.0000,391.0000,894.0000,372.2086,1229.0000,3644.3173,4297.8660,4482.6543,4450.8700,2201.2878,1138.4511
2023-09-05,125,309.0000,437.0000,916.1159,390.0000,1234.3881,3620.2127,4267.4486,4452.0000,4430.0974,2194.0138,1138.4217
2023-09-07,125,310.0000,378.4054,950.2820,394.3799,1312.6513,3971.6179,4533.1405,4682.7943,4730.7314,2372.6462,1185.0000
2023-09-07,125,372.0000,425.0000,964.1671,416.6798,1313.6061,3907.5332,4475.0223,4617.3324,4653.4875,2357.9638,1189.0000
2023-09-10,125,253.0000,354.0000,874.3013,402.4572,1256.3277,3652.0000,4265.8223,4395.6713,4464.0000,2216.0000,1114.0000
2023-09-10,125,339.0000,414.0000,898.3136,430.1713,1264.0000,3597.8277,4203.0173,4345.3537,4426.1133,2206.1117,1115.0000
2023-09-12,125,-9999.0000,-9999.0000,-9999.0000,-9999.0000,-9999.0000,-9999.0000,-9999.0000,-9999.0000,-9999.0000,-9999.0000,-9999.0000
2023-09-17,125,-9999.0000,-9999.0000,-9999.0000,-9999.0000,-9999.0000,-9999.0000,-9999.0000,-9999.0000,-9999.0000,-9999.0000,-9999.0000
2023-09-25,125,202.0000,364.0000,834.2081,376.3055,1202.4103,3256.9033,3869.0574,3944.7055,4107.1680,2114.3868,1111.0000
2023-09-25,125,250.0000,396.0000,852.2470,384.5290,1210.3539,3268.6612,3848.5797,3944.1239,4109.5980,2115.0000,1108.2924
2023-09-27,125,396.0000,491.0000,1018.3629,548.1564,1409.6337,3573.1165,4051.6609,4181.1239,4330.8838,2370.6686,1254.4660
2023-09-27,125,467.0000,542.0000,1044.0000,568.1505,1410.0387,3546.8214,4012.0066,4150.6146,4291.8666,2362.3587,1248.3946
2023-09-30,125,-9999.0000,-9999.0000,-9999.0000,-9999.0000,-9999.0000,-9999.0000,-9999.0000,-9999.0000,-9999.0000,-9999.0000,-9999.0000
2023-09-30,125,-9999.0000,-9999.0000,-9999.0000,-9999.0000,-9999.0000,-9999.0000,-9999.0000,-9999.0000,-9999.0000,-9999.0000,-9999.0000
2023-10-02,125,259.0000,446.3057,934.2000,501.4371,1401.5130,3451.1040,4071.0866,4121.6197,4331.9920,2406.6134,1248.9001
2023-10-02,125,446.0000,588.0000,1000.1745,580.5648,1421.5723,3308.0630,3897.6572,3971.5845,4182.7248,2374.0369,1245.0041
2023-10-07,125,284.8173,367.0000,888.1057,477.3851,1366.9916,3348.0000,3795.9674,3960.3377,4119.5476,2388.3736,1243.7286
2023-10-07,125,356.3797,420.4216,914.4599,505.4692,1373.0203,3284.7169,3734.5408,3908.9686,4069.6543,2363.5477,1241.8258
2023-10-12,125,-9999.0000,-9999.0000,-9999.0000,-9999.0000,-9999.0000,-9999.0000,-9999.0000,-9999.0000,-9999.0000,-9999.0000,-9999.0000
2023-10-17,125,282.4317,366.5474,840.2378,485.2045,1337.9115,3115.4789,3563.9463,3860.2984,3941.4934,2356.1704,1274.5117
2023-10-17,125,312.0000,386.2984,852.4585,497.0000,1337.7843,3101.0000,3543.1421,3861.5839,3928.9591,2347.5223,1276.6085
2023-10-22,125,230.0000,408.3172,828.0000,505.0608,1316.1190,2821.2600,3241.3534,3427.4165,3544.7009,2237.3785,1241.7001
2023-10-22,125,250.0000,417.0000,832.2406,508.5377,1314.5234,2803.0074,3256.5996,3429.5882,3532.0000,2233.0725,1241.6222
2023-10-27,125,245.0000,358.4450,885.1480,517.1996,1433.7993,3243.7743,3593.0618,3686.0335,3960.1786,2316.3043,1248.6093
2023-10-27,125,274.0000,381.0000,893.4373,525.6028,1436.6788,3240.9584,3570.6943,3685.3488,3956.9033,2318.4498,1250.5269
2023-11-04,125,119.0000,352.4686,745.1606,501.2512,1285.4501,2689.0000,3110.8252,3412.7267,3499.2081,2105.1153,1238.1147
2023-11-04,125,186.0000,398.4132,780.4380,525.2753,1290.9966,2677.0000,3095.0253,3409.8913,3477.8359,2098.2619,1233.4297
2023-11-11,125,248.0000,466.4562,856.9177,689.4481,1485.9862,2724.2521,3075.4653,3397.9822,3461.8549,2264.8473,1341.9822
2023-11-11,125,270.0000,478.3862,861.2861,689.5248,1488.4479,2700.3202,3063.5697,3398.8176,3448.5174,2260.9318,1341.2445
2023-11-19,125,246.0000,388.0000,600.3689,640.5211,1100.6403,1627.9772,1870.0000,2059.8865,2179.0000,1693.3600,1033.3203
2023-11-19,125,170.0000,289.0000,528.6094,586.2322,1081.1094,1626.0000,1858.9800,2090.4942,2200.0000,1706.1160,1037.1581
2023-11-24,125,-9999.0000,-9999.0000,-9999.0000,-9999.0000,-9999.0000,-9999.0000,-9999.0000,-9999.0000,-9999.0000,-9999.0000,-9999.0000
2023-11-26,125,392.0000,592.2918,845.5625,1156.8212,1613.9965,2011.1961,2291.9932,2683.6875,2804.8893,2804.2383,1866.9832
2023-11-26,125,431.0000,616.0000,864.8893,1160.8333,1609.3044,2012.3121,2283.9901,2684.5429,2780.9508,2795.0000,1866.3550
2023-11-29,125,302.0000,538.4369,785.3057,1165.5037,1601.6933,1906.5889,2203.0092,2615.4862,2720.0000,2605.9132,1697.9831
2023-11-29,125,355.0000,574.0000,829.3701,1180.8169,1601.2550,1909.9926,2196.4180,2616.3095,2701.5111,2599.0000,1694.2432
2023-12-09,125,495.0000,797.4084,1093.3612,1619.7260,2044.5231,2256.4069,2516.6292,2835.7836,3029.0030,2897.7805,1989.5393
2023-12-09,125,554.3778,833.0840,1116.6308,1627.1309,2035.0719,2251.3596,2504.6880,2818.7380,3000.6289,2894.4112,1981.1872
2023-12-14,125,-9999.0000,-9999.0000,-9999.0000,-9999.0000,-9999.0000,-9999.0000,-9999.0000,-9999.0000,-9999.0000,-9999.0000,-9999.0000
2023-12-14,125,1555.0000,1656.8760,1744.6714,2028.9197,2329.9085,2423.0000,2576.0000,2785.2931,2825.5880,2062.0000,1619.0000
2023-12-16,125,412.0000,674.0000,944.7897,1473.1906,1770.2798,1922.7635,2100.1634,2410.5581,2457.0823,2798.5972,1981.8448
2023-12-16,125,461.0000,706.0000,968.7325,1480.8686,1781.5541,1941.4125,2107.4594,2417.8104,2467.7879,2801.5543,1993.3472
2023-12-19,125,348.0000,630.3236,900.9769,1412.6667,1698.3626,1833.3411,2010.9948,2307.0335,2363.9091,2688.6381,1877.4585
2023-12-19,125,400.0000,660.3890,912.9516,1421.0138,1693.5575,1820.0000,2018.9741,2299.5506,2354.4743,2680.5380,1876.7469
2023-12-24,125,-9999.0000,-9999.0000,-9999.0000,-9999.0000,-9999.0000,-9999.0000,-9999.0000,-9999.0000,-9999.0000,-9999.0000,-9999.0000
2023-12-24,125,1679.0000,1840.0000,1938.0000,2216.0000,2532.0000,2649.4055,2797.8393,2962.0000,3001.2370,3006.0000,2328.3355
2024-01-05,125,-9999.0000,-9999.0000,-9999.0000,-9999.0000,-9999.0000,-9999.0000,-9999.0000,-9999.0000,-9999.0000,-9999.0000,-9999.0000
2024-01-08,125,-9999.0000,-9999.0000,-9999.0000,-9999.0000,-9999.0000,-9999.0000,-9999.0000,-9999.0000,-9999.0000,-9999.0000,-9999.0000
2024-01-08,125,-9999.0000,-9999.0000,-9999.0000,-9999.0000,-9999.0000,-9999.0000,-9999.0000,-9999.0000,-9999.0000,-9999.0000,-9999.0000
2024-01-13,125,361.0000,676.4070,838.5840,1245.8121,1422.2742,1509.5121,1628.1383,1865.2017,1825.4113,2492.0000,1989.6012
2024-01-13,125,475.0000,746.6146,880.0254,1249.3573,1417.4685,1501.6696,1621.7288,1844.9173,1817.2550,2464.7442,1977.2715
2024-01-15,125,-9999.0000,-9999.0000,-9999.0000,-9999.0000,-9999.0000,-9999.0000,-9999.0000,-9999.0000,-9999.0000,-9999.0000,-9999.0000
2024-01-20,125,439.0000,752.7168,922.0000,1368.7482,1542.5962,1651.0000,1773.7417,2100.8982,2009.7121,2562.6075,2045.9493
2024-01-20,125,489.0000,792.0000,962.1573,1384.0000,1552.3714,1644.9495,1781.6638,2100.0000,2011.0000,2555.9843,2041.1404
2024-01-23,125,484.0000,778.0000,954.1825,1337.0296,1501.3946,1582.6360,1685.3714,1897.8162,1884.9611,2425.6733,2010.0171
2024-01-23,125,550.0000,822.0000,974.2685,1337.4529,1497.1968,1578.0489,1684.6859,1893.1667,1880.7553,2414.2143,2005.7066
2024-01-25,125,629.0000,852.0000,1142.0000,1549.2134,1778.3296,1889.6478,1994.1033,2126.0000,2206.5072,2565.9608,1825.7954
2024-01-25,125,793.0000,978.0000,1204.0000,1550.0000,1752.9366,1865.5064,1969.6490,2077.5993,2168.6858,2537.1350,1801.9647
2024-01-28,125,548.0000,762.4488,970.1378,1365.7777,1552.6570,1620.8823,1725.0090,1945.7226,1953.5324,2637.5244,2093.2403
2024-01-28,125,612.0000,792.0000,982.2352,1356.3730,1546.2960,1617.2590,1717.9735,1936.1267,1941.7228,2629.2494,2085.0446
2024-01-30,125,541.0000,880.2009,1074.0000,1532.5084,1733.1436,1817.7755,1952.0000,2212.0233,2175.0000,2909.3296,2409.9863
2024-01-30,125,632.0000,932.2386,1100.0000,1532.9990,1713.5668,1796.6549,1932.6960,2189.3813,2136.9901,2873.4834,2389.3422
2024-02-02,125,191.0000,394.0000,454.4084,630.3276,713.0000,732.3698,788.0425,838.6647,863.0000,1036.2034,879.0000
2024-02-02,125,263.0000,437.0000,480.4759,640.1655,717.0000,740.5691,794.0000,842.5022,864.4251,1034.8299,873.0000
2024-02-04,125,332.0000,620.8691,989.5018,1616.9707,1881.6844,1974.5737,2113.4136,2290.7802,2361.7726,3172.6356,2545.5837
2024-02-04,125,405.0000,677.7052,1017.2133,1620.4699,1869.0000,1969.1687,2093.7219,2275.5618,2341.0000,3153.0799,2529.2518
2024-02-14,125,618.0000,756.0000,928.8336,1221.9930,1400.7720,1492.4850,1562.5713,1658.2907,1721.1605,2230.0000,1790.0000
2024-02-14,125,695.0000,802.0000,961.4343,1232.5199,1401.0299,1480.4154,1569.0259,1659.0527,1723.6921,2214.0595,1763.9420
2024-02-17,125,-9999.0000,-9999.0000,-9999.0000,-9999.0000,-9999.0000,-9999.0000,-9999.0000,-9999.0000,-9999.0000,-9999.0000,-9999.0000
2024-02-17,125,-9999.0000,-9999.0000,-9999.0000,-9999.0000,-9999.0000,-9999.0000,-9999.0000,-9999.0000,-9999.0000,-9999.0000,-9999.0000
2024-02-19,125,448.4735,760.0000,968.1246,1372.5040,1600.9858,1660.5462,1797.7067,1930.0911,1994.3515,2912.7698,2437.5010
2024-02-19,125,503.0000,788.4316,984.0000,1376.9647,1596.9078,1657.4545,1797.9025,1931.0488,1988.9594,2904.8055,2430.1226
2024-03-05,125,584.1665,756.0000,1016.0000,1332.8438,1600.7409,1755.1624,1868.9766,1994.6677,2059.8578,2784.2502,2237.7705
2024-03-05,125,556.0000,742.0000,1020.3668,1345.1255,1610.5805,1763.1945,1875.5223,2010.9056,2076.0294,2809.3968,2245.4791
2024-03-13,125,234.0000,464.0211,632.0000,828.2653,1001.0000,1201.8389,1316.6912,1314.3133,1442.1930,1760.0000,1458.0000
2024-03-13,125,476.0000,569.3399,677.7717,797.4017,974.0000,1124.4455,1220.6557,1235.3804,1330.8388,1512.6645,1315.8172
2024-03-20,125,539.0000,825.2665,1089.1180,1379.0312,1706.6543,1926.7024,2088.0336,2234.9120,2281.4385,3120.0000,2586.6004
2024-03-20,125,742.0000,944.0000,1148.0000,1356.4709,1666.5874,1899.5718,2050.7802,2195.0930,2220.5050,3025.1073,2538.5598
2024-03-23,125,1132.5335,1366.0000,1530.0000,1698.0000,2050.3846,2280.3302,2425.7591,2550.9621,2583.1992,3166.5285,2730.6651
2024-03-23,125,1157.0000,1436.9250,1656.0000,1835.5609,2206.3736,2515.8289,2679.8456,2839.7414,2822.4363,3253.9707,2764.1044
2024-03-25,125,644.5262,829.6910,1136.7008,1427.0399,1754.0455,2042.5917,2185.1699,2418.9245,2391.0124,3300.9436,2739.2329
2024-03-25,125,676.0535,853.4493,1144.7264,1427.3431,1745.5099,2036.5345,2184.3454,2418.5207,2387.9770,3289.4022,2740.3647
2024-03-30,125,1904.3052,2178.0000,2420.0000,2402.0000,2970.0000,3298.0487,3481.1750,3450.6544,3515.4270,2989.0000,2305.6830
2024-04-02,125,460.0000,657.1490,905.4270,1059.6497,1441.3982,1831.8422,1991.5106,2135.8809,2166.1407,2585.3286,2037.6683
2024-04-02,125,502.4133,677.4677,913.2262,1058.6285,1441.3675,1834.4113,1991.3223,2118.8354,2150.8525,2573.0846,2037.1910
2024-04-04,125,613.6129,749.2710,1073.1556,1242.3395,1708.7953,2168.3519,2294.5026,2435.3084,2504.1299,3108.2513,2426.6705
2024-04-04,125,707.0000,805.7310,1096.3980,1234.9260,1685.9680,2149.2007,2279.5148,2411.8804,2472.4239,3060.4771,2405.1927
2024-04-07,125,704.5322,849.5724,1173.0735,1274.6831,1771.3232,2306.8688,2454.8057,2611.1755,2647.8254,2916.8896,2258.6320
2024-04-07,125,816.0000,917.0796,1204.7421,1275.1317,1746.4693,2277.8943,2426.8782,2578.1514,2610.9701,2875.4013,2227.8743
2024-04-09,125,-9999.0000,-9999.0000,-9999.0000,-9999.0000,-9999.0000,-9999.0000,-9999.0000,-9999.0000,-9999.0000,-9999.0000,-9999.0000
2024-04-12,125,547.0000,749.0641,1077.0000,1107.7884,1626.9312,2284.2049,2469.9135,2594.8767,2647.6102,2925.2368,2330.2382
2024-04-12,125,646.3611,804.9052,1100.9231,1106.5121,1595.5373,2259.8315,2442.5076,2564.8009,2620.7500,2875.3113,2314.8708
2024-04-14,125,718.0000,804.8462,1194.5847,1178.3213,1794.4150,2619.8103,2791.3906,2902.0645,2984.9157,3171.2092,2377.0000
2024-04-14,125,774.0000,853.2931,1204.7411,1170.5358,1763.1180,2580.4022,2755.4640,2858.6997,2948.7003,3124.4595,2355.7365
2024-04-17,125,516.9669,632.9987,977.7187,946.8175,1549.0807,2419.1818,2601.5782,2775.4151,2809.4878,2657.5102,1892.0292
2024-04-17,125,497.0000,613.3805,969.1401,947.0263,1570.1612,2444.8340,2633.3725,2823.4372,2835.5254,2688.7833,1907.9063
2024-04-27,125,-9999.0000,-9999.0000,-9999.0000,-9999.0000,-9999.0000,-9999.0000,-9999.0000,-9999.0000,-9999.0000,-9999.0000,-9999.0000
2024-04-29,125,1086.0000,1425.7936,1835.6905,2251.3172,2540.8393,2691.3671,2839.5612,3030.6080,2983.1915,3820.1385,3530.0687
2024-04-29,125,1089.0000,1402.8189,1787.2561,2169.9534,2476.6093,2643.4957,2805.0588,2983.6076,2939.3113,3770.8500,3476.1110
2024-05-04,125,-9999.0000,-9999.0000,-9999.0000,-9999.0000,-9999.0000,-9999.0000,-9999.0000,-9999.0000,-9999.0000,-9999.0000,-9999.0000
2024-05-04,125,-9999.0000,-9999.0000,-9999.0000,-9999.0000,-9999.0000,-9999.0000,-9999.0000,-9999.0000,-9999.0000,-9999.0000,-9999.0000
2024-05-14,125,-9999.0000,-9999.0000,-9999.0000,-9999.0000,-9999.0000,-9999.0000,-9999.0000,-9999.0000,-9999.0000,-9999.0000,-9999.0000
2024-05-14,125,-9999.0000,-9999.0000,-9999.0000,-9999.0000,-9999.0000,-9999.0000,-9999.0000,-9999.0000,-9999.0000,-9999.0000,-9999.0000
2024-05-17,125,612.0000,821.8064,1152.6272,1546.4352,1797.5323,1930.9474,2066.7766,2167.6378,2258.1040,2637.6595,1886.3877
2024-05-17,125,688.0000,857.1109,1169.2092,1523.3370,1769.6422,1938.6250,2074.3089,2165.4243,2258.6000,2612.6265,1875.0000
2024-05-22,125,-9999.0000,-9999.0000,-9999.0000,-9999.0000,-9999.0000,-9999.0000,-9999.0000,-9999.0000,-9999.0000,-9999.0000,-9999.0000
2024-05-22,125,-9999.0000,-9999.0000,-9999.0000,-9999.0000,-9999.0000,-9999.0000,-9999.0000,-9999.0000,-9999.0000,-9999.0000,-9999.0000
2024-05-24,125,1037.0000,1274.4820,1730.5505,2025.7021,2464.9427,2832.3225,2954.9302,3032.0847,3173.3777,3675.0454,3021.0000
2024-05-24,125,1085.0356,1282.9598,1731.5439,2023.1926,2488.0000,2866.0000,2963.3063,3033.2908,3179.2731,3689.0000,3018.6261
2024-05-27,125,-9999.0000,-9999.0000,-9999.0000,-9999.0000,-9999.0000,-9999.0000,-9999.0000,-9999.0000,-9999.0000,-9999.0000,-9999.0000
2024-06-01,125,287.0000,441.4891,665.0827,715.2249,984.9535,1353.1356,1458.2854,1462.4842,1520.5711,1307.2124,1003.6288
2024-06-01,125,454.7831,561.7529,753.0290,746.9110,1026.8485,1432.5974,1559.7277,1543.1234,1593.9251,1301.8903,996.6169
2024-06-03,125,-9999.0000,-9999.0000,-9999.0000,-9999.0000,-9999.0000,-9999.0000,-9999.0000,-9999.0000,-9999.0000,-9999.0000,-9999.0000
2024-06-06,125,1110.5719,1308.1307,1865.7692,1752.9371,2548.7639,3662.4343,3923.3579,3896.0721,4082.1680,3643.5063,2791.5005
2024-06-06,125,1133.0000,1305.7297,1818.7587,1718.1451,2459.7318,3533.0000,3811.9933,3801.8591,3979.3712,3594.2865,2746.3741
2024-06-16,125,789.5167,1002.0071,1547.2995,1542.9513,2371.4962,3477.1755,3757.2284,3785.7959,3962.5321,3564.0000,2644.4544
2024-06-16,125,844.0000,1036.2374,1547.5096,1521.1288,2338.4620,3413.7766,3702.0257,3721.1911,3904.9439,3523.3163,2606.2580
2024-06-18,125,926.0000,1187.4299,1675.6972,1636.6367,2393.9442,3504.6245,3894.0619,4003.4355,4097.0340,3778.4936,2922.9389
2024-06-18,125,936.0000,1186.9692,1667.3349,1627.6667,2384.8763,3497.9026,3884.0000,4002.3745,4092.6411,3772.1195,2923.9626
2024-06-26,125,748.4476,850.9693,1267.1496,1238.6510,1859.2893,3173.3118,3560.3366,3559.1094,3836.3629,3339.8856,2327.8338
2024-06-26,125,732.2267,829.2832,1268.6424,1227.4729,1882.5032,3246.0286,3645.0232,3653.5531,3945.8903,3354.8867,2330.7469
2024-06-28,125,630.0000,858.9525,1258.4174,1217.5620,1777.8747,3003.3897,3451.2576,3434.1780,3661.8174,3272.4853,2481.4317
2024-06-28,125,754.9630,939.9063,1282.3035,1219.3515,1749.4776,2897.6241,3349.4514,3288.8044,3524.2608,3217.5231,2452.9786
2024-07-06,125,622.0000,653.0157,931.8121,764.3529,1265.9137,2921.7911,3453.0000,3429.9263,3648.0000,2533.4351,1573.2302
2024-07-06,125,645.0000,658.2524,940.3615,778.0861,1267.8877,2957.0000,3535.0000,3477.8174,3724.4985,2535.0577,1587.0887
2024-07-08,125,438.0000,603.3499,874.9460,723.7142,1174.2040,2956.6450,3778.7642,3688.7620,3952.0000,2505.9443,1595.3199
2024-07-08,125,390.0000,547.7370,835.3277,691.6720,1154.9110,2995.2154,3826.8862,3760.9990,4011.9885,2514.7736,1596.0844
2024-07-11,125,252.0000,387.1415,610.7803,459.9487,859.9765,2744.8343,3716.5000,3627.1426,3882.4270,2114.5127,1275.7566
2024-07-11,125,335.0000,443.6113,651.8272,490.9263,883.6241,2729.5977,3674.5953,3594.4465,3845.4664,2107.9731,1275.5646
2024-07-13,125,365.3766,451.0800,707.8924,523.2703,939.8324,3147.4728,4058.0000,3906.6943,4259.0715,2242.1472,1276.4669
2024-07-13,125,439.0000,482.2585,731.0990,539.7813,956.5996,3125.7374,4028.1072,3883.2619,4219.0542,2243.4156,1268.2564
2024-07-16,125,210.4431,267.7369,507.1856,362.2743,748.7009,2768.7962,3754.6003,3722.9879,3957.1583,1940.8119,1067.4447
2024-07-16,125,345.0000,378.8907,579.6680,426.6022,794.7897,2721.0909,3664.5534,3636.0000,3856.3802,1931.6229,1067.1504
2024-07-18,125,343.0000,442.4864,635.1516,475.4450,866.8062,2844.6304,3973.6917,3961.4339,4134.0000,2115.7401,1204.1028
2024-07-18,125,430.0000,506.8979,683.7064,515.1612,899.3819,2798.3054,3884.0000,3896.2294,4052.5477,2098.8454,1204.4559
2024-07-21,125,159.0000,283.7908,499.2984,324.3031,708.0303,2746.0000,3877.9644,3828.3541,4057.4585,1779.8560,963.8996
2024-07-21,125,220.0000,323.0470,523.2423,347.3824,721.7293,2733.2421,3846.0000,3817.6226,4033.9937,1780.0671,964.2257
2024-07-23,125,-9999.0000,-9999.0000,-9999.0000,-9999.0000,-9999.0000,-9999.0000,-9999.0000,-9999.0000,-9999.0000,-9999.0000,-9999.0000
2024-07-23,125,-9999.0000,-9999.0000,-9999.0000,-9999.0000,-9999.0000,-9999.0000,-9999.0000,-9999.0000,-9999.0000,-9999.0000,-9999.0000
2024-07-26,125,156.0000,253.7381,475.0507,315.3012,713.6136,2801.7346,3866.5223,3794.2535,4102.4698,1771.0217,885.2008
2024-07-26,125,385.0000,425.1643,596.9571,411.6652,785.2366,2717.0000,3718.0000,3640.0000,3928.4119,1755.7003,883.0040
2024-07-28,125,234.0000,307.7632,523.4682,347.2961,794.9133,2808.7970,4012.7317,3994.6325,4225.6978,1954.8187,995.7598
2024-07-28,125,423.0000,497.3917,666.7125,459.3889,851.9913,2737.2379,3864.9799,3802.6921,4060.0000,1931.2211,1003.5920
2024-07-31,125,227.0000,369.7777,601.0790,445.4746,853.1113,2629.1619,3648.0000,3618.7039,3848.9515,1828.5007,1012.4774
2024-07-31,125,395.0000,493.5968,684.7831,513.2086,898.3870,2580.8855,3545.8415,3515.0120,3737.3023,1814.5226,1010.4495
2024-08-05,125,-9999.0000,-9999.0000,-9999.0000,-9999.0000,-9999.0000,-9999.0000,-9999.0000,-9999.0000,-9999.0000,-9999.0000,-9999.0000
2024-08-05,125,-9999.0000,-9999.0000,-9999.0000,-9999.0000,-9999.0000,-9999.0000,-9999.0000,-9999.0000,-9999.0000,-9999.0000,-9999.0000
2024-08-07,125,271.0000,389.1358,654.0512,491.4188,981.2369,2617.4798,3555.1571,3546.5785,3779.0404,2102.6815,1194.6125
2024-08-07,125,439.0000,525.4364,741.4718,557.3292,1002.4926,2553.2816,3426.6460,3417.4705,3637.2394,2067.9577,1197.0000
2024-08-10,125,301.0000,429.6576,661.0031,533.2135,982.4249,2389.3771,3154.2278,3171.8083,3413.4935,2045.0109,1226.0000
2024-08-10,125,367.0000,473.2450,689.6891,545.9016,989.6122,2373.5206,3113.3131,3144.6518,3388.1343,2041.2324,1214.4139
2024-08-12,125,441.0000,505.4709,797.0765,689.1512,1221.4516,2626.0894,3196.6478,3288.7488,3522.8235,2387.4948,1465.0237
2024-08-12,125,492.0000,540.9338,825.3945,709.7259,1206.1450,2617.5782,3190.1448,3273.5562,3508.1453,2387.3635,1425.7593
2024-08-12,125,440.0000,514.1784,809.1290,696.6008,1222.0279,2674.5017,3265.9507,3328.3374,3556.4594,2418.9895,1467.9059
2024-08-12,125,506.0000,562.0052,849.0549,722.2077,1239.0000,2665.0000,3234.3479,3339.2609,3556.0425,2411.5931,1451.9579
2024-08-15,125,321.0000,425.6190,701.4245,693.0119,1168.4455,2260.2972,2753.5248,2859.1747,3103.0000,2290.0000,1409.6218
2024-08-15,125,428.0000,505.5709,744.8010,713.3289,1182.9430,2242.0000,2746.8275,2819.8095,3076.5145,2267.3066,1392.9162
2024-08-17,125,-9999.0000,-9999.0000,-9999.0000,-9999.0000,-9999.0000,-9999.0000,-9999.0000,-9999.0000,-9999.0000,-9999.0000,-9999.0000
2024-08-17,125,-9999.0000,-9999.0000,-9999.0000,-9999.0000,-9999.0000,-9999.0000,-9999.0000,-9999.0000,-9999.0000,-9999.0000,-9999.0000
2024-08-20,125,-9999.0000,-9999.0000,-9999.0000,-9999.0000,-9999.0000,-9999.0000,-9999.0000,-9999.0000,-9999.0000,-9999.0000,-9999.0000
2024-08-20,125,-9999.0000,-9999.0000,-9999.0000,-9999.0000,-9999.0000,-9999.0000,-9999.0000,-9999.0000,-9999.0000,-9999.0000,-9999.0000
2024-08-22,125,230.0020,354.4319,681.3805,700.6663,1191.0000,2219.9498,2619.2142,2698.5600,2933.0015,2365.6759,1468.9034
2024-08-22,125,498.0000,542.2011,796.5922,753.3743,1210.2921,2187.1106,2565.0476,2657.5487,2844.5381,2283.1200,1447.0000
2024-08-25,125,330.0000,408.5408,618.0075,584.5494,968.4309,1786.9050,2163.0315,2230.2170,2420.8989,2092.5140,1376.4427
2024-08-25,125,409.0000,464.4638,652.3637,605.0810,980.2167,1794.9285,2139.5245,2242.3276,2386.0807,2081.7619,1369.0000
2024-08-27,125,704.0000,780.0958,1017.2598,949.4421,1405.0000,2309.0000,2730.7145,2822.6571,2996.4112,2540.9166,1760.3535
2024-08-27,125,758.0000,800.0000,966.0000,913.0645,1314.0000,2148.5087,2541.8924,2620.5302,2827.3435,2477.5060,1719.0000
2024-08-30,125,431.0000,556.4448,712.4240,696.2685,1036.4970,1672.0000,2024.8981,2124.4929,2289.8591,2170.5139,1530.3460
2024-08-30,125,452.0000,566.1569,716.4858,696.0000,1038.0000,1690.1456,2027.5000,2122.2806,2281.0000,2176.8406,1540.0000
2024-09-04,125,302.0000,406.6832,610.1891,686.0047,1037.0251,1570.4476,1841.5781,1943.4863,2150.3615,2268.8066,1543.0000
2024-09-04,125,410.0000,482.0682,658.4385,706.0000,1049.0000,1586.2014,1852.2478,1943.4972,2160.2908,2244.5161,1529.8194
2024-09-09,125,-9999.0000,-9999.0000,-9999.0000,-9999.0000,-9999.0000,-9999.0000,-9999.0000,-9999.0000,-9999.0000,-9999.0000,-9999.0000
2024-09-09,125,-9999.0000,-9999.0000,-9999.0000,-9999.0000,-9999.0000,-9999.0000,-9999.0000,-9999.0000,-9999.0000,-9999.0000,-9999.0000
2024-09-11,125,373.0000,410.0000,606.2792,634.0000,986.5429,1609.1461,1798.6457,1863.4674,2012.3562,2189.1009,1492.5447
2024-09-11,125,435.0000,470.0000,640.6055,648.0000,986.5372,1602.8919,1797.8392,1879.0346,2026.9174,2181.0995,1490.4835
2024-09-16,125,965.0000,990.3813,1100.0000,1044.0000,1436.3337,2187.5726,2502.8423,2646.7782,2708.8692,2429.0000,1713.1086
2024-09-16,125,1000.0000,1020.4599,1124.0000,1056.0000,1430.2116,2172.6877,2499.3215,2645.8346,2677.0189,2424.0000,1705.6563
2024-09-21,125,378.0000,442.0000,630.0000,705.2778,1056.5263,1672.4834,1877.8016,1994.0325,2135.1971,2388.7535,1630.3545
2024-09-21,125,457.0000,503.0000,672.0000,726.3759,1068.0000,1677.0233,1878.5959,2008.0706,2120.3829,2362.2143,1617.4610
2024-09-24,125,221.0000,270.4450,414.4703,450.7526,742.5345,1226.4148,1401.5021,1481.0167,1623.6582,1641.3860,1066.1011
2024-09-24,125,309.0000,328.2654,452.2014,468.4423,753.4744,1244.1460,1428.1308,1479.0325,1622.1022,1630.2024,1063.0000
2024-09-29,125,167.0000,314.0000,454.4510,506.1977,804.3999,1347.3885,1581.4022,1734.9746,1811.5560,1939.8975,1374.5012
2024-09-29,125,187.0000,324.0000,456.2931,504.4587,802.0000,1346.0324,1581.9042,1749.2739,1815.0000,1945.6333,1372.8767
2024-10-11,125,537.0000,705.4792,1002.0000,1171.1875,1634.3599,2198.0000,2384.0000,2530.0000,2666.1716,3010.2918,2179.5452
2024-10-11,125,539.0000,704.7681,1004.9805,1171.0714,1638.3313,2198.4944,2390.0225,2532.9475,2663.0000,3013.5496,2171.4601
2024-10-21,125,588.0000,720.0000,1008.0000,1116.9751,1610.5455,2189.5159,2376.0000,2468.7894,2634.0457,2881.3566,2017.6342
2024-10-21,125,663.0000,780.0917,1054.0000,1129.6017,1607.0000,2177.4430,2357.3591,2449.1195,2608.6143,2853.1195,2016.6750
2024-10-26,125,-9999.0000,-9999.0000,-9999.0000,-9999.0000,-9999.0000,-9999.0000,-9999.0000,-9999.0000,-9999.0000,-9999.0000,-9999.0000
2024-10-29,125,395.0000,628.3432,900.3074,912.7693,1450.5364,2101.6096,2324.5022,2436.8071,2541.5882,2533.0014,1808.9763
2024-10-29,125,431.0000,648.0000,910.3549,916.6749,1448.2568,2115.6789,2323.1199,2427.6378,2546.8739,2537.8550,1816.0000
2024-10-31,125,458.0000,606.3191,925.0353,929.1446,1509.4379,2267.5140,2443.0221,2600.3695,2684.6949,2794.0000,1909.9392
2024-10-31,125,459.0000,606.0000,925.2978,928.0509,1510.4905,2290.2431,2454.0000,2611.5333,2705.7735,2814.0000,1922.7759
2024-11-03,125,662.0000,774.0000,1046.0000,1029.1410,1612.6233,2316.8924,2516.3225,2660.7857,2724.4847,2705.0000,1869.6083
2024-11-03,125,674.0000,780.1348,1054.0000,1029.0131,1604.2899,2296.9076,2491.5905,2659.4599,2720.9974,2698.4451,1841.9060
2024-11-05,125,447.0000,682.3325,960.0000,957.8247,1553.0000,2327.0000,2555.5649,2795.1924,2786.7192,2836.6535,1972.3538
2024-11-05,125,413.0000,656.6930,946.6071,949.3417,1565.6971,2331.7648,2570.0000,2821.0926,2794.0000,2846.0683,1979.9861
2024-11-08,125,561.0000,816.3652,1046.0000,1197.7910,1686.0830,2068.3264,2290.3283,2443.2500,2547.9031,2659.9120,2061.9886
2024-11-08,125,629.0000,858.0000,1064.0000,1201.3148,1673.5098,2060.3556,2283.4202,2426.7503,2530.8205,2650.2323,2053.7889
2024-11-10,125,611.0000,770.1937,990.7794,1277.6943,1452.4602,1531.1553,1619.7394,1778.4814,1763.8089,2517.3072,2276.3836
2024-11-10,125,628.3930,780.2411,994.2327,1277.8762,1448.4021,1531.4345,1611.6651,1779.7723,1764.2084,2513.9384,2260.2542
2024-11-13,125,637.0000,824.0000,1040.0000,1324.4924,1490.0000,1562.2628,1661.5441,1819.2503,1800.3244,2562.2983,2275.0900
2024-11-13,125,678.0000,852.1660,1070.0000,1333.0199,1490.5143,1562.7867,1650.8249,1811.7006,1794.4512,2544.9870,2269.3780
2024-11-15,125,716.3873,1024.7957,1237.3667,1571.5413,1753.4560,1809.6093,1931.3059,2106.3654,2075.0882,3009.0000,2914.8218
2024-11-15,125,751.0000,1036.7138,1245.7280,1570.3539,1757.0802,1809.9841,1923.8122,2098.9344,2075.4491,3010.4738,2900.8032
2024-11-18,125,1014.0000,1268.0000,1456.4955,1741.4500,1924.9384,1992.7787,2108.5944,2221.7625,2244.2931,2921.2545,2834.0046
2024-11-18,125,852.0000,1185.2945,1409.0300,1744.5391,1946.2810,1989.5088,2113.6726,2229.4062,2260.2847,2998.2628,2876.5025
2024-11-23,125,378.0000,570.1608,794.3062,1101.1025,1245.5529,1308.6647,1419.1700,1587.6823,1556.4968,1978.5067,1493.4321
2024-11-23,125,414.0000,588.0655,804.3875,1100.2989,1246.4273,1308.1203,1412.3188,1579.0370,1548.7106,1970.4749,1493.6969
2024-11-25,125,-9999.0000,-9999.0000,-9999.0000,-9999.0000,-9999.0000,-9999.0000,-9999.0000,-9999.0000,-9999.0000,-9999.0000,-9999.0000
2024-11-25,125,-9999.0000,-9999.0000,-9999.0000,-9999.0000,-9999.0000,-9999.0000,-9999.0000,-9999.0000,-9999.0000,-9999.0000,-9999.0000
2024-11-30,125,494.4214,668.2464,928.8417,1268.5002,1441.0000,1525.5039,1611.1569,1794.3078,1781.2178,2403.0029,1947.4941
2024-11-30,125,521.0000,684.0000,933.2553,1268.3899,1440.5654,1523.6058,1619.5511,1795.2356,1778.3329,2387.4269,1952.9162
2024-12-05,125,774.0000,1089.1253,1312.3318,1698.8571,1901.5737,1980.4084,2092.6832,2301.9147,2235.9236,3100.9806,2950.6345
2024-12-05,125,764.0000,1097.5813,1344.6958,1723.5344,1933.1434,1985.5308,2100.8837,2308.0019,2233.9830,3100.8804,2937.0451
2024-12-13,125,520.0000,753.8727,1060.9533,1417.8454,1650.0000,1757.1533,1853.5216,2018.6697,2033.9752,2746.8562,2340.1223
2024-12-13,125,660.0000,852.8632,1113.7100,1416.8798,1637.0000,1728.9208,1843.9851,2002.6189,2003.9127,2708.7651,2331.0000
2024-12-13,125,590.0000,796.7135,1116.0000,1477.0783,1701.3028,1837.6441,1904.6254,2106.6220,2102.9024,2840.8565,2435.0000
2024-12-13,125,718.0000,889.5462,1165.3717,1493.3625,1699.0000,1845.1970,1906.2921,2099.5724,2090.9723,2821.5381,2436.6518
2024-12-15,125,403.0000,806.4952,1024.0000,1353.4945,1560.7877,1668.3578,1795.3919,1939.6974,1947.8106,2627.6564,2210.7863
2024-12-15,125,640.0000,906.2379,1086.0000,1377.2594,1577.4652,1675.8745,1796.6514,1939.4042,1940.6004,2563.7363,2196.9533
2024-12-18,125,-9999.0000,-9999.0000,-9999.0000,-9999.0000,-9999.0000,-9999.0000,-9999.0000,-9999.0000,-9999.0000,-9999.0000,-9999.0000
2024-12-23,125,-9999.0000,-9999.0000,-9999.0000,-9999.0000,-9999.0000,-9999.0000,-9999.0000,-9999.0000,-9999.0000,-9999.0000,-9999.0000
2024-12-25,125,388.0000,670.0000,850.0000,1093.0544,1304.4585,1441.8857,1540.8659,1707.3995,1667.9100,1933.9947,1462.0000
2024-12-25,125,442.0000,706.0000,872.0000,1108.6059,1318.1793,1453.2414,1555.2967,1722.7783,1682.3590,1936.8519,1473.1411
2024-12-28,125,465.0000,716.7548,901.8064,1144.8833,1344.5679,1476.4482,1578.9950,1738.2047,1723.2501,2050.9947,1756.5794
2024-12-28,125,461.0000,710.0987,897.2000,1136.7433,1341.0190,1473.9111,1578.7895,1730.2144,1722.4959,2040.0000,1753.5566
2024-12-30,125,477.0000,633.0811,872.9425,1140.7027,1395.0000,1546.3599,1638.0000,1787.6224,1796.9674,2277.9671,1843.8503
2024-12-30,125,546.0000,685.3778,905.0563,1161.1327,1398.0000,1564.0019,1649.3966,1795.5481,1826.2172,2251.5227,1855.0000
2025-01-04,125,-9999.0000,-9999.0000,-9999.0000,-9999.0000,-9999.0000,-9999.0000,-9999.0000,-9999.0000,-9999.0000,-9999.0000,-9999.0000
2025-01-12,125,409.0000,564.3417,798.3563,1021.1636,1257.3723,1434.5758,1530.6493,1698.9500,1683.5967,2029.1345,1554.0000
2025-01-12,125,460.0000,598.2705,814.0000,1021.1875,1248.2958,1426.0632,1531.5209,1691.7207,1675.4740,2034.0000,1541.0058
2025-01-14,125,758.0000,1033.1643,1259.4418,1555.0328,1789.0553,1963.7437,2070.0000,2306.2541,2209.8979,2955.0985,2683.4846
2025-01-14,125,783.0000,1041.4241,1259.5442,1547.0043,1781.4245,1939.0000,2069.0948,2305.4661,2206.4566,2932.6249,2669.0000
2025-01-17,125,675.0000,981.1282,1236.4428,1547.5675,1760.6796,1898.4793,1996.4711,2236.1875,2139.0439,2812.6350,2693.4762
2025-01-17,125,740.0000,1009.4311,1241.2403,1539.0618,1749.4580,1885.4513,1981.0000,2226.7953,2122.9418,2797.0800,2682.8771
2025-02-03,125,629.0000,874.2331,1112.0000,1321.8442,1632.0000,1869.5680,1987.1891,2154.3568,2131.7026,2628.0000,2146.0000
2025-02-03,125,618.0000,864.3230,1106.0000,1321.1820,1640.9120,1870.2472,1993.3578,2171.6458,2139.8165,2649.3379,2165.5798
2025-02-06,125,608.0000,877.6713,1157.5492,1397.0894,1697.2684,1922.0362,2037.1113,2229.0537,2178.3380,2722.3205,2452.2703
2025-02-06,125,670.0000,916.9008,1169.4372,1401.4270,1685.9059,1909.6859,2027.6347,2218.9650,2163.8266,2695.0000,2441.0000
2025-02-08,125,870.6137,1088.6607,1461.1499,1755.7732,2124.6308,2397.0000,2468.0921,2610.5212,2651.5066,3403.4144,2931.0000
2025-02-08,125,896.0000,1101.3366,1461.3726,1739.0015,2104.3648,2369.7438,2444.5344,2601.8263,2635.2955,3378.0000,2899.8901
2025-02-16,125,923.0000,1110.0000,1456.0000,1692.8548,2033.0000,2341.3849,2504.6692,2718.0000,2674.0000,2937.7590,2345.5351
2025-02-16,125,913.1731,1096.9213,1461.6576,1716.8108,2069.2055,2411.0000,2573.5126,2786.9569,2734.2210,2962.0111,2353.2710
2025-02-18,125,870.9833,1044.3279,1433.6435,1746.7859,2105.4901,2462.0000,2548.1559,2820.0000,2723.5177,3318.0039,2804.0000
2025-02-18,125,959.0000,1124.0000,1483.8808,1730.9605,2091.1525,2403.3109,2490.0388,2754.8714,2683.9424,3276.1543,2788.0073
2025-02-21,125,906.9838,1108.5757,1531.0061,1835.0264,2194.5405,2516.5959,2595.4292,2811.0210,2772.2441,3411.9331,2891.3919
2025-02-21,125,1089.0000,1228.7613,1555.5041,1795.6366,2156.1582,2457.2174,2521.0526,2729.8265,2690.6159,3329.4451,2867.8288
2025-02-28,125,-9999.0000,-9999.0000,-9999.0000,-9999.0000,-9999.0000,-9999.0000,-9999.0000,-9999.0000,-9999.0000,-9999.0000,-9999.0000
2025-02-28,125,2138.0000,1990.0000,2180.0000,2190.0000,2617.0000,2997.0000,3068.0000,3188.0000,3162.0000,2844.0000,2198.0000
2025-03-03,125,661.3853,821.2249,1210.9509,1417.3315,1843.0000,2317.5751,2411.4903,2627.2432,2587.3429,2922.5105,2324.3650
2025-03-03,125,736.7570,877.4108,1243.2860,1419.4874,1854.3645,2301.0476,2394.2741,2621.2474,2569.6792,2922.8388,2331.0000
2025-03-05,125,761.0197,1032.6925,1395.6628,1572.4841,2020.5961,2557.3466,2723.0747,2947.8377,2874.6170,3203.2672,2710.5085
2025-03-05,125,802.7115,1053.5026,1400.8721,1561.9240,2012.0798,2542.6121,2697.9988,2940.6732,2851.7111,3203.3245,2717.3316
2025-03-08,125,860.0000,1117.6628,1488.7757,1603.1194,2092.2002,2766.0000,2964.7991,3122.5379,3091.8599,3097.4863,2603.0000
2025-03-08,125,748.0974,1059.3563,1492.0152,1619.0757,2138.7703,2862.6434,3061.1648,3210.8836,3179.4248,3179.5527,2635.7904
2025-03-10,125,-9999.0000,-9999.0000,-9999.0000,-9999.0000,-9999.0000,-9999.0000,-9999.0000,-9999.0000,-9999.0000,-9999.0000,-9999.0000
2025-03-10,125,-9999.0000,-9999.0000,-9999.0000,-9999.0000,-9999.0000,-9999.0000,-9999.0000,-9999.0000,-9999.0000,-9999.0000,-9999.0000
2025-03-18,125,313.0000,489.5273,829.4072,709.4094,1305.4613,2553.7572,2828.7548,3090.5356,2958.1502,2013.3033,1338.1724
2025-03-18,125,401.0000,545.3948,857.0989,729.5303,1309.1549,2534.0000,2803.4671,3050.5227,2923.4976,2003.0000,1333.7250
2025-03-20,125,494.5527,561.5683,971.0527,836.6104,1680.9266,3028.8621,3227.0969,3514.8731,3373.1549,2363.8213,1507.2105
2025-03-20,125,583.0000,629.0339,996.8466,859.2831,1652.9901,2956.4599,3163.4983,3433.4895,3298.4651,2349.0000,1490.3446
2025-03-23,125,-9999.0000,-9999.0000,-9999.0000,-9999.0000,-9999.0000,-9999.0000,-9999.0000,-9999.0000,-9999.0000,-9999.0000,-9999.0000
2025-03-23,125,-9999.0000,-9999.0000,-9999.0000,-9999.0000,-9999.0000,-9999.0000,-9999.0000,-9999.0000,-9999.0000,-9999.0000,-9999.0000
2025-03-25,125,-9999.0000,-9999.0000,-9999.0000,-9999.0000,-9999.0000,-9999.0000,-9999.0000,-9999.0000,-9999.0000,-9999.0000,-9999.0000
2025-03-30,125,-9999.0000,-9999.0000,-9999.0000,-9999.0000,-9999.0000,-9999.0000,-9999.0000,-9999.0000,-9999.0000,-9999.0000,-9999.0000
2025-03-30,125,-9999.0000,-9999.0000,-9999.0000,-9999.0000,-9999.0000,-9999.0000,-9999.0000,-9999.0000,-9999.0000,-9999.0000,-9999.0000
2025-04-01,125,1802.0000,1446.0000,1736.0000,1432.0000,2159.0000,3761.0000,4054.0000,4312.0000,4188.0000,2473.0000,1706.0000
2025-04-02,125,320.0000,382.3978,785.6080,541.5778,1465.3304,3026.7504,3282.1333,3441.8343,3419.2303,1843.2028,1025.2222
2025-04-02,125,383.0000,436.1464,813.6058,561.5641,1470.0319,3019.1397,3276.2965,3433.6902,3410.8813,1836.0026,1037.0000
2025-04-04,125,389.0000,526.1058,893.5327,618.1555,1496.4623,3228.7462,3628.3851,3848.7322,3747.4669,1954.8651,1147.6169
2025-04-04,125,450.0000,570.0000,916.9875,641.4119,1485.4891,3185.7304,3586.8300,3794.9951,3705.6992,1938.4809,1148.4421
2025-04-04,125,294.0000,388.3823,785.3712,556.4164,1401.3819,3091.7233,3425.5157,3619.4873,3569.5414,1828.0000,1061.7131
2025-04-04,125,405.0000,468.2946,824.4861,589.1934,1409.4532,3028.9931,3372.2191,3539.3425,3515.4572,1818.6911,1053.0000
2025-04-07,125,571.0000,661.4801,1009.5626,697.3343,1566.2004,3278.3834,3688.7716,3941.4006,3864.6080,1826.6460,1155.6089
2025-04-11,125,400.8256,461.1418,925.6193,633.3799,1666.5583,3492.9883,3836.7817,4027.0630,4011.5084,1937.9538,1108.5139
2025-04-11,125,535.0000,560.4563,973.4224,680.6709,1648.5796,3387.0000,3730.0621,3905.6654,3899.2320,1909.5017,1103.0000
2025-04-12,125,104.0000,221.2763,765.5392,507.8292,1702.0686,3395.9241,3725.0957,3947.1257,3934.8259,1865.6613,1033.7168
2025-04-12,125,457.0000,501.4577,901.8202,628.9146,1653.2033,3161.8355,3466.4408,3682.5786,3667.4749,1816.8462,1025.0000
2025-04-19,125,363.0000,408.4530,786.4221,445.8787,1473.3947,3265.0000,3646.4945,3761.3553,3810.2063,1688.8512,853.6232
2025-04-19,125,368.0000,402.3296,780.0323,433.6257,1469.4241,3277.9002,3645.2967,3785.2825,3801.1147,1677.5533,852.6361
2025-04-22,125,174.0000,248.4568,649.0432,377.7733,1313.5295,3146.5530,3531.9097,3594.5808,3723.0915,1609.2439,829.3936
2025-04-22,125,245.0000,298.1943,677.5590,401.6053,1321.4898,3113.9079,3498.5392,3586.4792,3702.0000,1601.5350,830.2734
2025-04-24,125,955.0000,936.0000,1268.0000,880.0000,1832.0000,4058.0000,4777.0000,4792.0000,4918.0000,2214.0000,1291.0000
2025-04-24,125,905.0000,924.0000,1278.0000,880.0000,1788.0000,4037.0000,4816.0000,4640.0000,4968.0000,2099.0000,1201.0000
2025-04-24,125,262.0000,289.8287,640.7281,337.1192,1162.5730,3064.5638,3589.7771,3607.8760,3759.0000,1330.1593,672.2358
2025-04-24,125,390.0000,414.8947,729.2057,413.1053,1178.0000,3069.8999,3558.0000,3606.5532,3758.0000,1343.0000,670.0317
2025-04-27,125,135.0000,270.3240,592.0006,310.0000,1080.0000,2897.1709,3444.0988,3515.8078,3628.3359,1377.7360,709.1728
2025-04-27,125,300.0000,392.5926,664.1825,374.3685,1094.2687,2811.8615,3348.2070,3416.8619,3508.7200,1361.6640,713.9794
2025-04-29,125,200.1401,268.4058,698.0000,361.1355,1420.9798,3404.1564,3865.5572,4081.3588,4073.8879,1633.9896,809.0000
2025-04-29,125,350.6400,392.5323,758.2310,424.4487,1405.2981,3275.9449,3700.2122,3937.3926,3931.7304,1614.6498,805.6703
2025-05-01,125,319.0000,364.2016,741.1599,424.3158,1281.2901,3269.0000,3772.2635,3914.7157,4006.7571,1657.1073,849.3993
2025-05-01,125,420.3063,448.3991,784.3050,473.4756,1285.8284,3202.0000,3689.6050,3825.7358,3919.0000,1646.3573,849.9109
2025-05-02,125,308.0000,356.2326,698.0000,409.4022,1318.0451,3095.0000,3517.1831,3649.8864,3771.2107,1556.0000,785.8007
2025-05-02,125,381.0000,406.4480,730.0575,429.4461,1329.5982,3086.6807,3517.3742,3649.9987,3781.6294,1565.0000,797.4948
2025-05-04,125,754.0000,1050.0000,1390.0000,1054.0000,1892.0000,3553.3504,4105.5614,4122.5513,4206.0000,1858.7647,1229.7914
2025-05-04,125,820.0000,1086.0000,1384.0000,1054.0000,1849.0000,3378.0518,3905.0000,3921.7074,4026.6653,1833.6776,1222.1399
2025-05-04,125,741.8809,846.0406,1221.2564,909.6929,1733.3809,3444.0000,3897.3632,3938.5591,4085.0848,1769.6801,1146.1678
2025-05-04,125,946.0000,976.4609,1260.0000,976.0000,1692.5162,3200.8700,3620.2663,3672.0000,3812.0000,1741.4434,1141.7910
2025-05-09,125,294.9646,323.0000,716.5811,414.1522,1434.4150,3188.8183,3593.3739,3750.2392,3818.0134,1609.3648,804.6881
2025-05-09,125,302.0395,324.2982,714.1243,408.5851,1429.1315,3160.4749,3569.6838,3769.2834,3811.7729,1604.9543,801.4065
2025-05-11,125,282.6538,360.2972,728.0000,477.5509,1297.5492,3017.8912,3467.7131,3610.3095,3724.5550,1645.4071,873.6109
2025-05-11,125,362.0000,410.3776,758.2628,500.5457,1302.2730,2986.0000,3424.4781,3577.5878,3681.4418,1637.5541,873.9385
2025-05-12,125,0.0893,96.6244,529.9269,318.0366,1284.0000,2945.4420,3371.9670,3575.5344,3677.0000,1621.4282,829.4696
2025-05-12,125,198.2065,222.5298,601.1955,380.9957,1313.0339,2898.1018,3317.5091,3539.6453,3612.3964,1621.7368,840.9867
