2017-04-03,336,374.0000,514.0000,642.7487,846.8000,1042.0000,1174.0000,1322.5000,1538.8148,1607.0000,2732.7500,2465.4218
2017-04-03,336,391.0000,520.3750,640.3333,846.2081,1050.7221,1170.0000,1314.0000,1531.8655,1597.4569,2739.0000,2474.0000
2017-04-26,336,-9999.0000,-9999.0000,-9999.0000,-9999.0000,-9999.0000,-9999.0000,-9999.0000,-9999.0000,-9999.0000,-9999.0000,-9999.0000
2017-04-26,336,-9999.0000,-9999.0000,-9999.0000,-9999.0000,-9999.0000,-9999.0000,-9999.0000,-9999.0000,-9999.0000,-9999.0000,-9999.0000
2017-05-06,336,-9999.0000,-9999.0000,-9999.0000,-9999.0000,-9999.0000,-9999.0000,-9999.0000,-9999.0000,-9999.0000,-9999.0000,-9999.0000
2017-05-13,336,-9999.0000,-9999.0000,-9999.0000,-9999.0000,-9999.0000,-9999.0000,-9999.0000,-9999.0000,-9999.0000,-9999.0000,-9999.0000
2017-05-13,336,-9999.0000,-9999.0000,-9999.0000,-9999.0000,-9999.0000,-9999.0000,-9999.0000,-9999.0000,-9999.0000,-9999.0000,-9999.0000
2017-05-26,336,661.0000,624.5714,812.3333,1090.6279,1402.1176,1700.6648,1915.5214,2083.2000,2260.0000,3372.7242,3328.5000
2017-05-26,336,506.0000,620.4000,811.0000,1085.5000,1404.0000,1701.0000,1925.0000,2082.3636,2249.2500,3371.0000,3343.0000
2017-06-02,336,354.0000,510.3333,845.4545,945.8333,1526.2500,2349.0000,2587.0431,2810.9998,2940.6208,3342.5000,2994.0000
2017-06-02,336,397.0000,536.6667,861.6000,957.1590,1517.3333,2349.0000,2597.5478,2810.9328,2941.0000,3356.5000,3011.5000
2017-06-05,336,-9999.0000,-9999.0000,-9999.0000,-9999.0000,-9999.0000,-9999.0000,-9999.0000,-9999.0000,-9999.0000,-9999.0000,-9999.0000
2017-06-05,336,-9999.0000,-9999.0000,-9999.0000,-9999.0000,-9999.0000,-9999.0000,-9999.0000,-9999.0000,-9999.0000,-9999.0000,-9999.0000
2017-07-05,336,476.0000,371.0000,773.0000,368.0000,1345.0000,5495.0000,6480.0000,6501.0000,6719.0000,2091.0000,920.0000
2017-07-05,336,-9999.0000,-9999.0000,-9999.0000,-9999.0000,-9999.0000,-9999.0000,-9999.0000,-9999.0000,-9999.0000,-9999.0000,-9999.0000
2017-08-04,336,-9999.0000,-9999.0000,-9999.0000,-9999.0000,-9999.0000,-9999.0000,-9999.0000,-9999.0000,-9999.0000,-9999.0000,-9999.0000
2017-08-04,336,-9999.0000,-9999.0000,-9999.0000,-9999.0000,-9999.0000,-9999.0000,-9999.0000,-9999.0000,-9999.0000,-9999.0000,-9999.0000
2017-08-14,336,105.0000,212.0000,614.5750,269.6828,1044.0000,4187.1107,5046.7143,5091.1705,5190.1337,1474.5000,605.5000
2017-08-21,336,-9999.0000,-9999.0000,-9999.0000,-9999.0000,-9999.0000,-9999.0000,-9999.0000,-9999.0000,-9999.0000,-9999.0000,-9999.0000
2017-08-21,336,-9999.0000,-9999.0000,-9999.0000,-9999.0000,-9999.0000,-9999.0000,-9999.0000,-9999.0000,-9999.0000,-9999.0000,-9999.0000
2017-08-31,336,-9999.0000,-9999.0000,-9999.0000,-9999.0000,-9999.0000,-9999.0000,-9999.0000,-9999.0000,-9999.0000,-9999.0000,-9999.0000
2017-08-31,336,-9999.0000,-9999.0000,-9999.0000,-9999.0000,-9999.0000,-9999.0000,-9999.0000,-9999.0000,-9999.0000,-9999.0000,-9999.0000
2017-09-03,336,-9999.0000,-9999.0000,-9999.0000,-9999.0000,-9999.0000,-9999.0000,-9999.0000,-9999.0000,-9999.0000,-9999.0000,-9999.0000
2017-09-03,336,-9999.0000,-9999.0000,-9999.0000,-9999.0000,-9999.0000,-9999.0000,-9999.0000,-9999.0000,-9999.0000,-9999.0000,-9999.0000
2017-09-10,336,341.0000,413.8320,984.6415,493.7413,1481.7500,4872.6535,5515.0000,5676.0000,5703.0000,1855.0000,903.0000
2017-09-10,336,309.0000,417.5714,993.3150,501.7576,1494.5000,4829.0000,5478.5000,5625.2500,5742.0000,1836.2946,930.0000
2017-09-13,336,-9999.0000,-9999.0000,-9999.0000,-9999.0000,-9999.0000,-9999.0000,-9999.0000,-9999.0000,-9999.0000,-9999.0000,-9999.0000
2017-09-13,336,-9999.0000,-9999.0000,-9999.0000,-9999.0000,-9999.0000,-9999.0000,-9999.0000,-9999.0000,-9999.0000,-9999.0000,-9999.0000
2017-09-20,336,-9999.0000,-9999.0000,-9999.0000,-9999.0000,-9999.0000,-9999.0000,-9999.0000,-9999.0000,-9999.0000,-9999.0000,-9999.0000
2017-09-23,336,272.0000,306.7368,692.3914,261.2692,1128.3381,4008.7500,4617.9980,4792.8448,4757.3333,1325.0000,556.1250
2017-09-23,336,273.0000,308.4520,694.3333,265.1964,1128.5000,4022.4000,4615.5714,4791.9369,4743.6000,1329.7500,564.5714
2017-10-03,336,-9999.0000,-9999.0000,-9999.0000,-9999.0000,-9999.0000,-9999.0000,-9999.0000,-9999.0000,-9999.0000,-9999.0000,-9999.0000
2017-10-03,336,-9999.0000,-9999.0000,-9999.0000,-9999.0000,-9999.0000,-9999.0000,-9999.0000,-9999.0000,-9999.0000,-9999.0000,-9999.0000
2017-10-20,336,-9999.0000,-9999.0000,-9999.0000,-9999.0000,-9999.0000,-9999.0000,-9999.0000,-9999.0000,-9999.0000,-9999.0000,-9999.0000
2017-10-20,336,-9999.0000,-9999.0000,-9999.0000,-9999.0000,-9999.0000,-9999.0000,-9999.0000,-9999.0000,-9999.0000,-9999.0000,-9999.0000
2017-10-30,336,-9999.0000,-9999.0000,-9999.0000,-9999.0000,-9999.0000,-9999.0000,-9999.0000,-9999.0000,-9999.0000,-9999.0000,-9999.0000
2017-10-30,336,-9999.0000,-9999.0000,-9999.0000,-9999.0000,-9999.0000,-9999.0000,-9999.0000,-9999.0000,-9999.0000,-9999.0000,-9999.0000
2017-11-02,336,1172.0000,566.6667,880.0000,532.7406,1360.0000,3698.0000,4245.0000,4390.3237,4558.0000,1822.0000,966.0000
2017-11-02,336,591.0000,562.0708,882.0000,534.2500,1369.0000,3680.0000,4179.0000,4390.2433,4539.0000,1824.0000,977.0000
2017-11-09,336,-9999.0000,-9999.0000,-9999.0000,-9999.0000,-9999.0000,-9999.0000,-9999.0000,-9999.0000,-9999.0000,-9999.0000,-9999.0000
2017-11-09,336,-9999.0000,-9999.0000,-9999.0000,-9999.0000,-9999.0000,-9999.0000,-9999.0000,-9999.0000,-9999.0000,-9999.0000,-9999.0000
2017-11-19,336,207.0000,325.6875,405.4549,533.6651,758.5000,916.5430,1020.5618,1195.5910,1250.0174,1350.5881,972.6343
2017-11-19,336,191.0000,329.7371,413.5747,537.5004,768.0000,933.0366,1034.6667,1203.5713,1259.5997,1350.6000,966.5000
2017-12-09,336,-9999.0000,-9999.0000,-9999.0000,-9999.0000,-9999.0000,-9999.0000,-9999.0000,-9999.0000,-9999.0000,-9999.0000,-9999.0000
2017-12-09,336,-9999.0000,-9999.0000,-9999.0000,-9999.0000,-9999.0000,-9999.0000,-9999.0000,-9999.0000,-9999.0000,-9999.0000,-9999.0000
2017-12-17,336,1.0000,488.0000,452.4189,564.2039,733.0000,810.9615,915.9385,1059.8345,1115.1077,1219.0000,930.7500
2017-12-17,336,1.0000,488.0000,454.6502,564.0000,740.5000,804.5000,925.6667,1059.5549,1117.0000,1221.0000,932.0000
2017-12-29,336,523.0000,533.0000,490.6471,597.7857,778.0458,875.7117,980.4220,1123.0107,1195.1666,1348.0000,1000.4839
2017-12-29,336,517.0000,530.0000,488.5000,597.7160,774.6667,876.5864,998.0000,1123.3125,1195.0000,1351.0000,999.0000
2018-01-01,336,-9999.0000,-9999.0000,-9999.0000,-9999.0000,-9999.0000,-9999.0000,-9999.0000,-9999.0000,-9999.0000,-9999.0000,-9999.0000
2018-01-01,336,-9999.0000,-9999.0000,-9999.0000,-9999.0000,-9999.0000,-9999.0000,-9999.0000,-9999.0000,-9999.0000,-9999.0000,-9999.0000
2018-01-08,336,619.0000,673.4883,738.7830,1051.4325,1353.6000,1529.6667,1668.0000,1880.1000,1970.7857,2721.0000,2489.0000
2018-01-08,336,627.0000,666.6405,730.6667,1043.4610,1349.0000,1513.6157,1668.3333,1883.5541,1993.1944,2702.0000,2435.2500
2018-01-16,336,-9999.0000,-9999.0000,-9999.0000,-9999.0000,-9999.0000,-9999.0000,-9999.0000,-9999.0000,-9999.0000,-9999.0000,-9999.0000
2018-01-16,336,-9999.0000,-9999.0000,-9999.0000,-9999.0000,-9999.0000,-9999.0000,-9999.0000,-9999.0000,-9999.0000,-9999.0000,-9999.0000
2018-01-21,336,1.0000,1.0000,1.0000,125.0000,166.6149,225.1972,273.4400,381.8182,405.1870,454.7993,339.0000
2018-01-21,336,1.0000,1.0000,2.0000,133.0000,166.7500,232.8778,276.3191,385.4802,409.3249,454.3191,346.3333
2018-02-02,336,-9999.0000,-9999.0000,-9999.0000,-9999.0000,-9999.0000,-9999.0000,-9999.0000,-9999.0000,-9999.0000,-9999.0000,-9999.0000
2018-02-02,336,-9999.0000,-9999.0000,-9999.0000,-9999.0000,-9999.0000,-9999.0000,-9999.0000,-9999.0000,-9999.0000,-9999.0000,-9999.0000
2018-02-05,336,-9999.0000,-9999.0000,-9999.0000,-9999.0000,-9999.0000,-9999.0000,-9999.0000,-9999.0000,-9999.0000,-9999.0000,-9999.0000
2018-02-05,336,-9999.0000,-9999.0000,-9999.0000,-9999.0000,-9999.0000,-9999.0000,-9999.0000,-9999.0000,-9999.0000,-9999.0000,-9999.0000
2018-02-07,336,359.0000,362.0000,498.0000,763.7000,1001.4361,1155.0000,1307.0000,1558.9000,1588.0000,2166.0000,1797.5089
2018-02-07,336,354.0000,357.0000,490.7500,763.7926,996.0000,1157.0000,1288.5000,1562.0714,1573.4286,2168.2500,1794.6210
2018-02-12,336,882.0000,1060.2117,1044.0000,1236.8000,1412.0000,1506.0000,1615.0000,1731.2727,1790.4958,786.3161,609.0000
2018-02-12,336,897.0000,1051.4615,1035.4791,1243.0000,1403.0124,1525.5000,1594.0000,1741.2000,1786.6667,797.0000,608.0000
2018-02-22,336,-9999.0000,-9999.0000,-9999.0000,-9999.0000,-9999.0000,-9999.0000,-9999.0000,-9999.0000,-9999.0000,-9999.0000,-9999.0000
2018-02-25,336,550.0000,677.0000,853.9684,1170.7270,1430.1770,1621.0000,1811.6667,1971.2000,2128.6667,3219.0000,3124.8203
2018-02-25,336,393.0000,673.9928,853.9059,1160.9598,1429.0000,1630.5000,1814.0000,1972.7240,2131.4019,3235.4363,3138.0000
2018-02-27,336,-9999.0000,-9999.0000,-9999.0000,-9999.0000,-9999.0000,-9999.0000,-9999.0000,-9999.0000,-9999.0000,-9999.0000,-9999.0000
2018-02-27,336,-9999.0000,-9999.0000,-9999.0000,-9999.0000,-9999.0000,-9999.0000,-9999.0000,-9999.0000,-9999.0000,-9999.0000,-9999.0000
2018-03-02,336,238.0000,417.3536,517.3170,785.2577,982.4640,1106.0000,1269.0000,1427.0376,1565.3333,2778.0000,2692.2883
2018-03-02,336,252.0000,413.6418,517.5684,785.7778,988.5000,1110.2500,1266.0000,1427.5882,1562.7500,2780.0000,2699.3333
2018-03-07,336,183.0000,326.0328,353.2222,481.7500,633.0000,714.4929,852.0000,901.0869,1044.5000,1674.0000,1344.0000
2018-03-07,336,194.0000,324.0856,353.9603,485.8355,621.0000,725.0000,820.1093,898.0000,1036.0000,1673.0000,1346.0000
2018-03-09,336,-9999.0000,-9999.0000,-9999.0000,-9999.0000,-9999.0000,-9999.0000,-9999.0000,-9999.0000,-9999.0000,-9999.0000,-9999.0000
2018-03-09,336,-9999.0000,-9999.0000,-9999.0000,-9999.0000,-9999.0000,-9999.0000,-9999.0000,-9999.0000,-9999.0000,-9999.0000,-9999.0000
2018-03-14,336,-9999.0000,-9999.0000,-9999.0000,-9999.0000,-9999.0000,-9999.0000,-9999.0000,-9999.0000,-9999.0000,-9999.0000,-9999.0000
2018-03-14,336,-9999.0000,-9999.0000,-9999.0000,-9999.0000,-9999.0000,-9999.0000,-9999.0000,-9999.0000,-9999.0000,-9999.0000,-9999.0000
2018-03-17,336,-9999.0000,-9999.0000,-9999.0000,-9999.0000,-9999.0000,-9999.0000,-9999.0000,-9999.0000,-9999.0000,-9999.0000,-9999.0000
2018-03-17,336,-9999.0000,-9999.0000,-9999.0000,-9999.0000,-9999.0000,-9999.0000,-9999.0000,-9999.0000,-9999.0000,-9999.0000,-9999.0000
2018-03-19,336,385.0000,466.4967,600.2000,826.0000,978.5000,1114.6667,1283.0000,1561.0096,1574.0000,2786.2292,2492.0000
2018-03-19,336,395.0000,466.0000,598.0000,824.0000,977.4192,1121.5000,1274.0000,1553.6667,1580.0000,2793.6389,2493.6667
2018-03-24,336,-9999.0000,-9999.0000,-9999.0000,-9999.0000,-9999.0000,-9999.0000,-9999.0000,-9999.0000,-9999.0000,-9999.0000,-9999.0000
2018-03-24,336,-9999.0000,-9999.0000,-9999.0000,-9999.0000,-9999.0000,-9999.0000,-9999.0000,-9999.0000,-9999.0000,-9999.0000,-9999.0000
2018-03-29,336,-9999.0000,-9999.0000,-9999.0000,-9999.0000,-9999.0000,-9999.0000,-9999.0000,-9999.0000,-9999.0000,-9999.0000,-9999.0000
2018-03-29,336,-9999.0000,-9999.0000,-9999.0000,-9999.0000,-9999.0000,-9999.0000,-9999.0000,-9999.0000,-9999.0000,-9999.0000,-9999.0000
2018-04-06,336,342.0000,460.6472,532.1846,681.4990,868.2943,1028.6667,1171.5000,1346.8245,1443.9857,2272.4426,1992.0000
2018-04-06,336,366.0000,460.7432,530.7129,677.1006,848.0000,1005.0000,1160.0000,1347.5839,1425.8445,2273.0000,1977.3333
2018-04-08,336,843.0000,764.5490,960.3244,1144.6000,1421.0000,1709.6667,1900.0000,2018.4245,2229.6415,3053.0000,2623.0000
2018-04-08,336,843.0000,760.6000,958.4000,1146.2731,1418.5000,1717.0000,1908.0000,2009.6639,2233.0109,3037.5281,2611.0000
2018-04-11,336,-9999.0000,-9999.0000,-9999.0000,-9999.0000,-9999.0000,-9999.0000,-9999.0000,-9999.0000,-9999.0000,-9999.0000,-9999.0000
2018-04-11,336,-9999.0000,-9999.0000,-9999.0000,-9999.0000,-9999.0000,-9999.0000,-9999.0000,-9999.0000,-9999.0000,-9999.0000,-9999.0000
2018-04-16,336,-9999.0000,-9999.0000,-9999.0000,-9999.0000,-9999.0000,-9999.0000,-9999.0000,-9999.0000,-9999.0000,-9999.0000,-9999.0000
2018-04-16,336,-9999.0000,-9999.0000,-9999.0000,-9999.0000,-9999.0000,-9999.0000,-9999.0000,-9999.0000,-9999.0000,-9999.0000,-9999.0000
2018-04-18,336,488.0000,585.0000,794.7143,969.0000,1248.4486,1514.5512,1692.4925,1867.5556,1994.0175,3115.0000,2860.0000
2018-04-18,336,486.0000,584.0000,790.7118,964.6791,1238.2478,1510.0000,1690.3333,1860.0068,1996.3333,3110.5000,2852.6609
2018-04-21,336,396.0000,437.0000,544.3866,744.6000,932.6000,1088.5000,1278.8874,1420.3750,1562.1427,2691.0000,2717.2724
2018-04-21,336,403.0000,436.0000,542.8618,742.4054,933.0000,1096.0000,1267.5000,1419.8182,1548.0000,2678.7059,2705.6667
2018-04-23,336,-9999.0000,-9999.0000,-9999.0000,-9999.0000,-9999.0000,-9999.0000,-9999.0000,-9999.0000,-9999.0000,-9999.0000,-9999.0000
2018-04-23,336,-9999.0000,-9999.0000,-9999.0000,-9999.0000,-9999.0000,-9999.0000,-9999.0000,-9999.0000,-9999.0000,-9999.0000,-9999.0000
2018-04-26,336,-9999.0000,-9999.0000,-9999.0000,-9999.0000,-9999.0000,-9999.0000,-9999.0000,-9999.0000,-9999.0000,-9999.0000,-9999.0000
2018-04-26,336,-9999.0000,-9999.0000,-9999.0000,-9999.0000,-9999.0000,-9999.0000,-9999.0000,-9999.0000,-9999.0000,-9999.0000,-9999.0000
2018-05-03,336,756.0000,978.1607,1113.2502,1419.8998,1675.3333,1943.0545,2170.6000,2519.5932,2538.8571,3605.3333,3387.0000
2018-05-03,336,769.0000,974.1428,1110.1150,1403.0882,1675.1272,1944.7989,2167.8043,2502.9352,2568.5000,3653.3061,3373.0000
2018-05-06,336,643.0000,869.2323,1006.4239,1355.3488,1580.7500,1811.2500,2022.6000,2297.3846,2370.0000,3743.0000,3825.0000
2018-05-06,336,666.0000,869.2500,1005.1869,1346.7784,1577.0000,1821.3663,2035.8000,2278.9091,2378.5000,3747.3138,3830.2500
2018-05-08,336,808.0000,889.9688,1098.1667,1451.7692,1714.3336,1960.0000,2194.3344,2412.0625,2546.0108,3922.3333,3893.7909
2018-05-08,336,813.2380,889.7683,1097.3153,1450.9060,1712.8375,1950.0000,2195.6473,2410.9369,2540.6667,3924.6667,3888.0000
2018-05-11,336,-9999.0000,-9999.0000,-9999.0000,-9999.0000,-9999.0000,-9999.0000,-9999.0000,-9999.0000,-9999.0000,-9999.0000,-9999.0000
2018-05-11,336,-9999.0000,-9999.0000,-9999.0000,-9999.0000,-9999.0000,-9999.0000,-9999.0000,-9999.0000,-9999.0000,-9999.0000,-9999.0000
2018-05-13,336,-9999.0000,-9999.0000,-9999.0000,-9999.0000,-9999.0000,-9999.0000,-9999.0000,-9999.0000,-9999.0000,-9999.0000,-9999.0000
2018-05-13,336,-9999.0000,-9999.0000,-9999.0000,-9999.0000,-9999.0000,-9999.0000,-9999.0000,-9999.0000,-9999.0000,-9999.0000,-9999.0000
2018-05-16,336,-9999.0000,-9999.0000,-9999.0000,-9999.0000,-9999.0000,-9999.0000,-9999.0000,-9999.0000,-9999.0000,-9999.0000,-9999.0000
2018-05-16,336,-9999.0000,-9999.0000,-9999.0000,-9999.0000,-9999.0000,-9999.0000,-9999.0000,-9999.0000,-9999.0000,-9999.0000,-9999.0000
2018-05-21,336,689.0000,802.5000,978.1623,1301.0000,1604.0000,1971.8495,2249.0000,2486.7500,2597.0130,3748.0000,3709.0000
2018-05-21,336,668.0000,797.7500,977.6000,1306.4286,1588.0000,1978.7308,2231.1429,2485.9883,2597.6758,3743.0000,3709.5000
2018-05-26,336,500.4999,722.0000,958.8333,1163.1111,1561.5000,2309.1429,2617.8062,2792.3114,2954.1954,3611.0000,3526.0000
2018-05-26,336,505.0000,724.6000,960.0000,1171.1429,1553.3333,2310.8000,2628.4986,2808.3767,2953.2425,3630.0000,3546.0000
2018-05-28,336,475.0000,606.6000,912.2626,1036.8333,1483.0000,2583.9254,2890.1969,3046.7273,3224.9312,3432.1319,3095.1184
2018-05-28,336,438.0000,606.7500,912.4710,1036.4000,1493.6674,2584.3333,2921.4000,3047.6530,3209.3333,3451.5000,3096.1152
2018-05-28,336,469.0000,600.8997,910.2941,1037.2727,1477.7925,2584.3968,2885.9668,3045.0000,3224.2874,3433.0000,3093.7680
2018-05-28,336,432.0000,604.3636,912.1694,1037.3333,1494.9897,2568.4063,2919.7143,3045.9992,3206.3333,3451.5000,3097.2723
2018-05-31,336,-9999.0000,-9999.0000,-9999.0000,-9999.0000,-9999.0000,-9999.0000,-9999.0000,-9999.0000,-9999.0000,-9999.0000,-9999.0000
2018-05-31,336,-9999.0000,-9999.0000,-9999.0000,-9999.0000,-9999.0000,-9999.0000,-9999.0000,-9999.0000,-9999.0000,-9999.0000,-9999.0000
2018-06-05,336,897.0000,996.7500,1256.0000,841.5456,1705.4314,4915.7778,5669.3333,6002.3030,5907.3333,3061.3333,1763.0000
2018-06-05,336,960.0000,987.0000,1260.0000,826.0000,1707.0000,4937.0000,5727.0000,5968.0000,5988.7143,3079.0000,1753.8848
2018-06-07,336,249.0000,332.1844,672.5526,397.8902,1028.3333,3494.3030,4058.0000,4214.0000,4213.0000,2179.6000,1152.0000
2018-06-07,336,237.0000,330.5294,672.1233,397.2375,1024.4000,3511.1051,4086.0000,4213.0296,4214.3333,2180.6667,1162.0000
2018-06-10,336,-9999.0000,-9999.0000,-9999.0000,-9999.0000,-9999.0000,-9999.0000,-9999.0000,-9999.0000,-9999.0000,-9999.0000,-9999.0000
2018-06-10,336,-9999.0000,-9999.0000,-9999.0000,-9999.0000,-9999.0000,-9999.0000,-9999.0000,-9999.0000,-9999.0000,-9999.0000,-9999.0000
2018-06-20,336,-9999.0000,-9999.0000,-9999.0000,-9999.0000,-9999.0000,-9999.0000,-9999.0000,-9999.0000,-9999.0000,-9999.0000,-9999.0000
2018-06-20,336,-9999.0000,-9999.0000,-9999.0000,-9999.0000,-9999.0000,-9999.0000,-9999.0000,-9999.0000,-9999.0000,-9999.0000,-9999.0000
2018-06-22,336,-9999.0000,-9999.0000,-9999.0000,-9999.0000,-9999.0000,-9999.0000,-9999.0000,-9999.0000,-9999.0000,-9999.0000,-9999.0000
2018-06-22,336,-9999.0000,-9999.0000,-9999.0000,-9999.0000,-9999.0000,-9999.0000,-9999.0000,-9999.0000,-9999.0000,-9999.0000,-9999.0000
2018-06-25,336,436.0000,532.0000,715.0000,369.0000,1075.0000,4169.0000,5676.0000,5268.0000,5611.0000,1735.0000,803.0000
2018-06-25,336,439.0000,530.0000,722.0000,368.0000,1083.0000,4193.0000,5745.0000,5312.0000,5661.0000,1787.0000,816.0000
2018-06-27,336,-9999.0000,-9999.0000,-9999.0000,-9999.0000,-9999.0000,-9999.0000,-9999.0000,-9999.0000,-9999.0000,-9999.0000,-9999.0000
2018-06-27,336,-9999.0000,-9999.0000,-9999.0000,-9999.0000,-9999.0000,-9999.0000,-9999.0000,-9999.0000,-9999.0000,-9999.0000,-9999.0000
2018-06-30,336,395.0000,370.5266,619.0000,325.8118,980.0000,4120.5731,5107.7836,5397.0279,5300.5000,2084.2733,965.2500
2018-06-30,336,396.0000,368.4139,614.5556,317.4973,976.6667,4104.5000,5093.3218,5416.6963,5286.0000,2096.3049,969.5000
2018-07-02,336,228.0000,342.5313,614.6154,329.4091,941.6000,3855.0000,4757.2217,5094.3333,4937.0000,2149.4873,1058.6279
2018-07-02,336,225.0000,338.4426,612.4694,329.1154,941.2589,3852.8218,4723.0000,5080.5000,4952.3459,2145.9622,1066.3333
2018-07-05,336,-9999.0000,-9999.0000,-9999.0000,-9999.0000,-9999.0000,-9999.0000,-9999.0000,-9999.0000,-9999.0000,-9999.0000,-9999.0000
2018-07-05,336,-9999.0000,-9999.0000,-9999.0000,-9999.0000,-9999.0000,-9999.0000,-9999.0000,-9999.0000,-9999.0000,-9999.0000,-9999.0000
2018-07-07,336,355.0000,384.8491,717.0691,459.5202,1108.2500,3857.0000,4618.1675,4816.0883,4902.5000,2308.1250,1226.5319
2018-07-07,336,354.0000,381.6250,716.5714,452.4701,1106.1250,3856.0000,4612.0000,4846.0000,4890.0000,2306.5000,1229.0000
2018-07-10,336,435.0000,462.2500,738.0000,475.3703,1173.6290,4089.0000,4916.0000,5035.3333,5213.0000,2169.7500,1088.3487
2018-07-10,336,432.0000,456.4941,734.0739,467.7213,1172.2303,4087.9863,4915.0000,5028.8000,5228.0000,2162.0000,1085.0000
2018-07-12,336,-9999.0000,-9999.0000,-9999.0000,-9999.0000,-9999.0000,-9999.0000,-9999.0000,-9999.0000,-9999.0000,-9999.0000,-9999.0000
2018-07-12,336,-9999.0000,-9999.0000,-9999.0000,-9999.0000,-9999.0000,-9999.0000,-9999.0000,-9999.0000,-9999.0000,-9999.0000,-9999.0000
2018-07-15,336,249.0000,344.7778,562.2857,379.9701,931.6667,2988.5648,3638.5000,3796.9168,3933.0000,2120.5824,1217.0000
2018-07-15,336,243.0000,334.2857,557.8447,371.0400,922.7057,2997.3333,3656.5112,3827.0000,3962.5018,2121.2000,1219.0000
2018-07-17,336,328.0000,388.7733,729.8889,530.9812,1163.5997,3391.0000,4025.1475,4137.8608,4315.4584,2412.0000,1396.4733
2018-07-17,336,298.0000,380.8926,724.7533,538.3662,1170.4270,3381.0000,4023.0000,4117.5000,4328.5000,2399.0000,1388.3333
2018-07-20,336,491.0000,420.1250,680.4545,577.2233,1029.5012,2404.0000,2843.0000,2982.9002,3043.0000,1733.3333,1013.6667
2018-07-20,336,411.0000,405.0000,744.0000,599.0000,1219.0000,3080.0000,3643.0000,4064.0000,3794.0000,2061.0000,1203.0000
2018-07-22,336,-9999.0000,-9999.0000,-9999.0000,-9999.0000,-9999.0000,-9999.0000,-9999.0000,-9999.0000,-9999.0000,-9999.0000,-9999.0000
2018-07-22,336,-9999.0000,-9999.0000,-9999.0000,-9999.0000,-9999.0000,-9999.0000,-9999.0000,-9999.0000,-9999.0000,-9999.0000,-9999.0000
2018-07-27,336,339.0000,397.8367,689.3659,548.0000,1123.0000,2917.4693,3397.0168,3526.7727,3810.5646,2420.0000,1523.5000
2018-07-27,336,330.0000,397.3070,692.9000,546.5154,1123.3496,2907.3055,3468.0000,3529.5236,3796.2641,2425.0000,1510.0000
2018-07-30,336,399.0000,425.8889,613.6118,482.3774,990.0000,2373.0000,2841.0000,2841.6667,3117.0000,1840.0000,1116.0000
2018-07-30,336,368.0000,425.8333,613.6000,483.3571,986.0301,2357.0000,2801.0000,2833.9824,3116.9114,1849.6869,1117.9786
2018-08-04,336,-9999.0000,-9999.0000,-9999.0000,-9999.0000,-9999.0000,-9999.0000,-9999.0000,-9999.0000,-9999.0000,-9999.0000,-9999.0000
2018-08-04,336,-9999.0000,-9999.0000,-9999.0000,-9999.0000,-9999.0000,-9999.0000,-9999.0000,-9999.0000,-9999.0000,-9999.0000,-9999.0000
2018-08-06,336,376.0000,362.8125,660.4000,615.2370,1155.9985,2588.7159,2983.2164,3128.6667,3352.5000,2541.0000,1737.5000
2018-08-06,336,374.0000,362.8862,659.1071,600.8988,1179.9574,2578.0000,2994.4460,3141.3333,3414.8651,2548.2624,1691.0000
2018-08-09,336,-9999.0000,-9999.0000,-9999.0000,-9999.0000,-9999.0000,-9999.0000,-9999.0000,-9999.0000,-9999.0000,-9999.0000,-9999.0000
2018-08-09,336,-9999.0000,-9999.0000,-9999.0000,-9999.0000,-9999.0000,-9999.0000,-9999.0000,-9999.0000,-9999.0000,-9999.0000,-9999.0000
2018-08-11,336,-9999.0000,-9999.0000,-9999.0000,-9999.0000,-9999.0000,-9999.0000,-9999.0000,-9999.0000,-9999.0000,-9999.0000,-9999.0000
2018-08-11,336,-9999.0000,-9999.0000,-9999.0000,-9999.0000,-9999.0000,-9999.0000,-9999.0000,-9999.0000,-9999.0000,-9999.0000,-9999.0000
2018-08-14,336,292.0000,420.8571,620.8426,505.5000,1040.0833,2049.5000,2442.2851,2535.3333,2699.0000,1822.4980,1088.9341
2018-08-14,336,293.0000,418.4667,618.4444,505.6667,1038.0000,2034.0000,2401.0000,2538.0000,2650.0000,1826.5000,1096.0000
2018-08-16,336,-9999.0000,-9999.0000,-9999.0000,-9999.0000,-9999.0000,-9999.0000,-9999.0000,-9999.0000,-9999.0000,-9999.0000,-9999.0000
2018-08-16,336,-9999.0000,-9999.0000,-9999.0000,-9999.0000,-9999.0000,-9999.0000,-9999.0000,-9999.0000,-9999.0000,-9999.0000,-9999.0000
2018-08-21,336,-9999.0000,-9999.0000,-9999.0000,-9999.0000,-9999.0000,-9999.0000,-9999.0000,-9999.0000,-9999.0000,-9999.0000,-9999.0000
2018-08-21,336,-9999.0000,-9999.0000,-9999.0000,-9999.0000,-9999.0000,-9999.0000,-9999.0000,-9999.0000,-9999.0000,-9999.0000,-9999.0000
2018-08-24,336,-9999.0000,-9999.0000,-9999.0000,-9999.0000,-9999.0000,-9999.0000,-9999.0000,-9999.0000,-9999.0000,-9999.0000,-9999.0000
2018-08-24,336,-9999.0000,-9999.0000,-9999.0000,-9999.0000,-9999.0000,-9999.0000,-9999.0000,-9999.0000,-9999.0000,-9999.0000,-9999.0000
2018-08-26,336,-9999.0000,-9999.0000,-9999.0000,-9999.0000,-9999.0000,-9999.0000,-9999.0000,-9999.0000,-9999.0000,-9999.0000,-9999.0000
2018-08-26,336,-9999.0000,-9999.0000,-9999.0000,-9999.0000,-9999.0000,-9999.0000,-9999.0000,-9999.0000,-9999.0000,-9999.0000,-9999.0000
2018-09-03,336,-9999.0000,-9999.0000,-9999.0000,-9999.0000,-9999.0000,-9999.0000,-9999.0000,-9999.0000,-9999.0000,-9999.0000,-9999.0000
2018-09-03,336,-9999.0000,-9999.0000,-9999.0000,-9999.0000,-9999.0000,-9999.0000,-9999.0000,-9999.0000,-9999.0000,-9999.0000,-9999.0000
2018-09-05,336,-9999.0000,-9999.0000,-9999.0000,-9999.0000,-9999.0000,-9999.0000,-9999.0000,-9999.0000,-9999.0000,-9999.0000,-9999.0000
2018-09-05,336,-9999.0000,-9999.0000,-9999.0000,-9999.0000,-9999.0000,-9999.0000,-9999.0000,-9999.0000,-9999.0000,-9999.0000,-9999.0000
2018-09-13,336,270.0000,368.2987,570.2857,409.0000,929.0000,2259.0000,2523.1842,2727.5556,2779.1687,1906.0000,1310.0000
2018-09-13,336,265.0000,372.0000,568.4444,409.0000,930.0000,2249.0000,2554.6389,2755.2000,2777.2779,1908.6667,1300.0000
2018-09-18,336,321.0000,364.7989,576.8143,504.4000,976.3333,2073.0000,2374.1799,2422.3333,2579.3284,2069.0542,1520.0000
2018-09-18,336,328.0000,364.8750,576.3501,509.5000,978.3403,2065.3750,2363.9762,2403.5000,2614.5584,2099.6219,1534.0000
2018-09-25,336,-9999.0000,-9999.0000,-9999.0000,-9999.0000,-9999.0000,-9999.0000,-9999.0000,-9999.0000,-9999.0000,-9999.0000,-9999.0000
2018-09-25,336,-9999.0000,-9999.0000,-9999.0000,-9999.0000,-9999.0000,-9999.0000,-9999.0000,-9999.0000,-9999.0000,-9999.0000,-9999.0000
2018-09-28,336,435.0000,418.4866,674.0000,485.4915,1126.0000,2448.5000,2744.0000,2795.0000,3000.8690,1991.4725,1285.0000
2018-09-28,336,425.0000,416.8000,668.8333,481.6002,1121.6000,2327.0000,2678.2495,2764.5000,2940.0000,1990.7835,1284.5000
2018-09-30,336,374.0000,514.2000,725.9000,560.6667,1106.0000,2310.7012,2642.2703,2863.6777,2845.0000,2146.5000,1426.0917
2018-09-30,336,352.0000,511.0000,724.8000,561.6667,1090.0000,2327.0000,2611.0000,2838.0000,2843.0000,2138.7208,1403.5000
2018-10-03,336,-9999.0000,-9999.0000,-9999.0000,-9999.0000,-9999.0000,-9999.0000,-9999.0000,-9999.0000,-9999.0000,-9999.0000,-9999.0000
2018-10-03,336,-9999.0000,-9999.0000,-9999.0000,-9999.0000,-9999.0000,-9999.0000,-9999.0000,-9999.0000,-9999.0000,-9999.0000,-9999.0000
2018-10-05,336,310.0000,326.1828,613.8182,454.6577,1029.2500,2364.0000,2663.0000,2727.2796,2908.0000,1928.5360,1229.5152
2018-10-05,336,313.0000,323.0000,610.4000,461.0000,1033.6939,2345.5000,2616.0000,2727.5000,2904.0000,1927.0000,1244.5000
2018-10-10,336,304.0000,490.3423,621.7500,750.0000,1037.6128,1322.1345,1504.5000,1719.8598,1848.4984,2190.0000,1895.7630
2018-10-10,336,292.0000,488.0000,621.5488,745.3225,1020.3790,1324.3333,1528.6000,1719.7143,1846.5000,2163.0000,1835.8000
2018-10-13,336,503.0000,706.2500,822.4964,925.0741,1208.0000,1541.5042,1770.4978,1896.0000,2056.4132,2430.0000,2113.0000
2018-10-13,336,508.0000,705.0000,821.0000,921.8113,1209.0000,1579.0000,1782.4050,1881.1041,2058.7500,2426.0000,2114.5000
2018-10-15,336,428.0000,490.1804,670.1250,837.4788,1105.5000,1367.2500,1556.6667,1638.7222,1882.2500,2558.6667,2174.0000
2018-10-15,336,439.0000,487.0000,672.4000,833.5000,1108.0000,1384.0000,1589.2500,1639.4097,1899.5000,2549.2211,2162.0000
2018-10-18,336,1485.0000,1138.0000,1166.0000,1092.0000,1379.0000,2534.0000,2859.0000,2798.0000,3199.0000,2193.0000,1605.0000
2018-10-18,336,1023.0000,987.0000,1108.0000,1062.0000,1434.0000,2534.0000,2867.0000,2834.0000,3190.0000,2259.0000,1658.0000
2018-10-20,336,-9999.0000,-9999.0000,-9999.0000,-9999.0000,-9999.0000,-9999.0000,-9999.0000,-9999.0000,-9999.0000,-9999.0000,-9999.0000
2018-10-20,336,-9999.0000,-9999.0000,-9999.0000,-9999.0000,-9999.0000,-9999.0000,-9999.0000,-9999.0000,-9999.0000,-9999.0000,-9999.0000
2018-10-28,336,217.0000,255.0000,348.8629,506.0000,653.8000,837.9948,968.4000,1157.9706,1208.6000,1754.0000,1419.0000
2018-10-28,336,220.0000,251.0000,344.0000,504.1578,654.0000,823.5605,953.1764,1167.3636,1209.1250,1756.3333,1417.0000
2018-11-02,336,457.0000,558.4000,619.0000,659.0000,948.0000,1348.0000,1424.0000,1572.6667,1771.0000,1821.0000,1352.0000
2018-11-02,336,521.0000,554.0000,633.5000,662.0000,976.0000,1413.0000,1591.0000,1618.0000,1847.0000,1881.0000,1337.0000
2018-11-04,336,370.0000,360.6398,489.9167,605.2667,786.0000,933.5000,1062.4292,1240.1411,1288.5853,1913.4359,1569.0000
2018-11-04,336,366.0000,352.5817,480.3007,605.7876,785.0000,935.6364,1078.1667,1230.2959,1302.3937,1901.0316,1566.6667
2018-11-07,336,199.0000,325.0000,484.8571,717.1333,932.3478,1091.0000,1238.5000,1383.4112,1543.0000,2429.6253,2277.0000
2018-11-07,336,210.0000,332.2541,492.0000,716.7500,930.2641,1094.7905,1254.8750,1382.1818,1543.6667,2425.0000,2274.0000
2018-11-09,336,-9999.0000,-9999.0000,-9999.0000,-9999.0000,-9999.0000,-9999.0000,-9999.0000,-9999.0000,-9999.0000,-9999.0000,-9999.0000
2018-11-09,336,-9999.0000,-9999.0000,-9999.0000,-9999.0000,-9999.0000,-9999.0000,-9999.0000,-9999.0000,-9999.0000,-9999.0000,-9999.0000
2018-11-17,336,253.0000,321.0000,424.6641,549.0000,725.0000,872.3407,981.8677,1176.8889,1221.8000,1813.3333,1593.5000
2018-11-17,336,255.0000,320.0000,422.2998,546.5100,725.0904,887.5000,1017.6667,1175.4737,1223.5000,1820.0000,1605.5000
2018-12-04,336,348.0000,338.0000,384.9973,482.0000,680.2358,823.1429,948.2156,1064.1061,1128.8770,1476.0000,1104.7783
2018-12-04,336,344.0000,338.0000,389.4164,482.2857,681.8433,824.1013,941.6706,1080.0000,1129.5000,1479.0000,1101.0000
2018-12-09,336,-9999.0000,-9999.0000,-9999.0000,-9999.0000,-9999.0000,-9999.0000,-9999.0000,-9999.0000,-9999.0000,-9999.0000,-9999.0000
2018-12-09,336,-9999.0000,-9999.0000,-9999.0000,-9999.0000,-9999.0000,-9999.0000,-9999.0000,-9999.0000,-9999.0000,-9999.0000,-9999.0000
2018-12-24,336,-9999.0000,-9999.0000,-9999.0000,-9999.0000,-9999.0000,-9999.0000,-9999.0000,-9999.0000,-9999.0000,-9999.0000,-9999.0000
2018-12-24,336,-9999.0000,-9999.0000,-9999.0000,-9999.0000,-9999.0000,-9999.0000,-9999.0000,-9999.0000,-9999.0000,-9999.0000,-9999.0000
2019-01-01,336,-9999.0000,-9999.0000,-9999.0000,-9999.0000,-9999.0000,-9999.0000,-9999.0000,-9999.0000,-9999.0000,-9999.0000,-9999.0000
2019-01-01,336,-9999.0000,-9999.0000,-9999.0000,-9999.0000,-9999.0000,-9999.0000,-9999.0000,-9999.0000,-9999.0000,-9999.0000,-9999.0000
2019-01-03,336,-9999.0000,-9999.0000,-9999.0000,-9999.0000,-9999.0000,-9999.0000,-9999.0000,-9999.0000,-9999.0000,-9999.0000,-9999.0000
2019-01-03,336,-9999.0000,-9999.0000,-9999.0000,-9999.0000,-9999.0000,-9999.0000,-9999.0000,-9999.0000,-9999.0000,-9999.0000,-9999.0000
2019-01-08,336,-9999.0000,-9999.0000,-9999.0000,-9999.0000,-9999.0000,-9999.0000,-9999.0000,-9999.0000,-9999.0000,-9999.0000,-9999.0000
2019-01-08,336,-9999.0000,-9999.0000,-9999.0000,-9999.0000,-9999.0000,-9999.0000,-9999.0000,-9999.0000,-9999.0000,-9999.0000,-9999.0000
2019-01-18,336,-9999.0000,-9999.0000,-9999.0000,-9999.0000,-9999.0000,-9999.0000,-9999.0000,-9999.0000,-9999.0000,-9999.0000,-9999.0000
2019-01-18,336,-9999.0000,-9999.0000,-9999.0000,-9999.0000,-9999.0000,-9999.0000,-9999.0000,-9999.0000,-9999.0000,-9999.0000,-9999.0000
2019-01-21,336,1039.0000,1078.0000,984.8064,1070.0000,1310.0000,1535.0000,1649.0000,1812.0000,1888.1978,1618.0000,1425.0000
2019-01-21,336,1081.0000,1068.0000,982.8766,1064.0000,1310.5000,1502.0000,1650.5044,1818.6667,1909.0000,1601.6667,1417.0000
2019-01-28,336,-9999.0000,-9999.0000,-9999.0000,-9999.0000,-9999.0000,-9999.0000,-9999.0000,-9999.0000,-9999.0000,-9999.0000,-9999.0000
2019-01-28,336,-9999.0000,-9999.0000,-9999.0000,-9999.0000,-9999.0000,-9999.0000,-9999.0000,-9999.0000,-9999.0000,-9999.0000,-9999.0000
2019-02-07,336,-9999.0000,-9999.0000,-9999.0000,-9999.0000,-9999.0000,-9999.0000,-9999.0000,-9999.0000,-9999.0000,-9999.0000,-9999.0000
2019-02-07,336,-9999.0000,-9999.0000,-9999.0000,-9999.0000,-9999.0000,-9999.0000,-9999.0000,-9999.0000,-9999.0000,-9999.0000,-9999.0000
2019-02-15,336,240.0000,321.0000,504.5322,612.4191,868.0000,1133.0000,1260.2653,1428.0000,1493.5355,1992.5000,1561.0000
2019-02-15,336,246.0000,316.4167,506.9035,608.0000,862.0000,1104.5000,1242.7001,1434.0052,1472.0000,1982.0000,1538.5000
2019-02-17,336,407.0000,445.0000,578.6640,700.2518,956.2617,1237.0000,1349.0638,1480.2769,1564.0000,1814.0000,1478.0000
2019-02-17,336,385.0000,440.3404,576.4286,698.5000,954.0000,1229.5000,1352.0000,1474.3981,1544.3531,1806.9932,1465.4217
2019-02-20,336,-9999.0000,-9999.0000,-9999.0000,-9999.0000,-9999.0000,-9999.0000,-9999.0000,-9999.0000,-9999.0000,-9999.0000,-9999.0000
2019-02-25,336,473.0000,524.0000,712.1768,790.7500,1126.0000,1450.4607,1609.0000,1850.6667,1856.0000,2365.0000,1916.0000
2019-02-25,336,477.0000,522.5547,708.8284,796.7991,1130.5000,1444.4680,1606.0761,1842.7741,1856.0000,2348.5000,1900.5000
2019-02-27,336,330.0000,512.5926,689.3096,772.6000,1128.0000,1462.0000,1594.3641,1843.0671,1862.0000,2556.4419,2238.0000
2019-02-27,336,330.0000,509.1415,684.0000,773.2857,1105.0000,1446.0000,1614.0000,1842.1667,1851.5203,2555.0068,2235.9347
2019-03-07,336,-9999.0000,-9999.0000,-9999.0000,-9999.0000,-9999.0000,-9999.0000,-9999.0000,-9999.0000,-9999.0000,-9999.0000,-9999.0000
2019-03-07,336,-9999.0000,-9999.0000,-9999.0000,-9999.0000,-9999.0000,-9999.0000,-9999.0000,-9999.0000,-9999.0000,-9999.0000,-9999.0000
2019-03-09,336,-9999.0000,-9999.0000,-9999.0000,-9999.0000,-9999.0000,-9999.0000,-9999.0000,-9999.0000,-9999.0000,-9999.0000,-9999.0000
2019-03-09,336,-9999.0000,-9999.0000,-9999.0000,-9999.0000,-9999.0000,-9999.0000,-9999.0000,-9999.0000,-9999.0000,-9999.0000,-9999.0000
2019-03-14,336,-9999.0000,-9999.0000,-9999.0000,-9999.0000,-9999.0000,-9999.0000,-9999.0000,-9999.0000,-9999.0000,-9999.0000,-9999.0000
2019-03-14,336,-9999.0000,-9999.0000,-9999.0000,-9999.0000,-9999.0000,-9999.0000,-9999.0000,-9999.0000,-9999.0000,-9999.0000,-9999.0000
2019-03-17,336,-9999.0000,-9999.0000,-9999.0000,-9999.0000,-9999.0000,-9999.0000,-9999.0000,-9999.0000,-9999.0000,-9999.0000,-9999.0000
2019-03-17,336,-9999.0000,-9999.0000,-9999.0000,-9999.0000,-9999.0000,-9999.0000,-9999.0000,-9999.0000,-9999.0000,-9999.0000,-9999.0000
2019-03-19,336,725.0000,752.2000,840.6966,946.4000,1248.6667,1474.9412,1658.0000,1891.5556,1954.0000,2495.0000,1966.0000
2019-03-19,336,670.0000,739.0000,828.0000,930.0000,1228.6667,1457.0000,1643.3333,1884.0000,1932.3333,2534.0000,1971.0000
2019-03-22,336,468.0000,566.5621,633.0000,709.4795,954.0000,1065.0000,1187.7158,1315.0239,1388.3208,1891.6658,1536.0000
2019-03-22,336,469.0000,566.1649,632.0000,709.0772,954.0666,1065.8000,1178.8181,1316.5045,1377.5347,1890.0513,1539.5644
2019-03-24,336,-9999.0000,-9999.0000,-9999.0000,-9999.0000,-9999.0000,-9999.0000,-9999.0000,-9999.0000,-9999.0000,-9999.0000,-9999.0000
2019-03-24,336,-9999.0000,-9999.0000,-9999.0000,-9999.0000,-9999.0000,-9999.0000,-9999.0000,-9999.0000,-9999.0000,-9999.0000,-9999.0000
2019-03-27,336,731.0000,766.0000,772.0000,818.0000,1076.0000,1280.0000,1406.0000,1592.0000,1608.0000,1821.0000,1369.0000
2019-03-27,336,-9999.0000,-9999.0000,-9999.0000,-9999.0000,-9999.0000,-9999.0000,-9999.0000,-9999.0000,-9999.0000,-9999.0000,-9999.0000
2019-03-29,336,632.0000,717.0000,756.3087,785.0000,1035.0000,1227.3853,1340.3784,1490.9476,1533.0149,2093.3333,1733.0000
2019-03-29,336,628.0000,716.0000,756.3636,784.5102,1032.3333,1221.5000,1340.0000,1491.3998,1533.0000,2105.5000,1707.6667
2019-04-01,336,410.0000,504.8285,636.6631,738.0000,1004.5000,1203.9941,1338.6554,1546.8000,1577.5000,2345.0000,2056.5025
2019-04-01,336,405.0000,509.2980,638.0000,737.0000,999.0000,1179.5000,1351.0000,1548.6667,1587.5000,2367.0000,2034.0000
2019-04-08,336,541.0000,632.6069,727.0000,809.5000,1088.5000,1289.7925,1427.2500,1586.2658,1659.4456,2516.5000,2233.8186
2019-04-08,336,529.0000,630.0000,728.1668,805.5408,1068.7073,1282.0000,1417.0000,1594.9961,1637.0000,2516.0000,2212.0000
2019-04-11,336,-9999.0000,-9999.0000,-9999.0000,-9999.0000,-9999.0000,-9999.0000,-9999.0000,-9999.0000,-9999.0000,-9999.0000,-9999.0000
2019-04-11,336,-9999.0000,-9999.0000,-9999.0000,-9999.0000,-9999.0000,-9999.0000,-9999.0000,-9999.0000,-9999.0000,-9999.0000,-9999.0000
2019-04-13,336,-9999.0000,-9999.0000,-9999.0000,-9999.0000,-9999.0000,-9999.0000,-9999.0000,-9999.0000,-9999.0000,-9999.0000,-9999.0000
2019-04-13,336,-9999.0000,-9999.0000,-9999.0000,-9999.0000,-9999.0000,-9999.0000,-9999.0000,-9999.0000,-9999.0000,-9999.0000,-9999.0000
2019-04-16,336,498.0000,509.0000,614.5457,862.4988,1063.0000,1227.7429,1405.5926,1603.0821,1681.0000,2877.7500,2970.5000
2019-04-16,336,487.0000,509.0000,612.2517,862.7338,1068.5105,1236.0190,1402.0000,1594.6496,1677.0000,2873.5000,2966.0742
2019-04-18,336,685.0000,733.0000,792.0000,996.2352,1216.4660,1449.0476,1630.0221,1802.9093,1874.6012,2809.0843,2864.9745
2019-04-18,336,679.0000,731.0000,793.0000,995.0000,1216.5000,1449.7500,1626.5000,1803.7346,1877.6667,2818.0000,2866.0000
2019-04-21,336,477.0000,578.0000,654.5026,888.9091,1044.6371,1218.5870,1406.0000,1643.0318,1675.7731,2916.5511,3139.5240
2019-04-21,336,479.0000,579.0000,654.4545,890.3401,1049.0000,1217.5000,1392.0000,1635.6219,1684.0000,2909.0000,3146.5635
2019-04-23,336,499.0000,556.8587,686.0000,922.0236,1147.0000,1365.7500,1560.8276,1794.4000,1875.0000,3049.0000,3066.7048
2019-04-23,336,511.0000,554.0000,684.4732,925.4772,1146.8151,1361.0000,1552.4592,1804.7567,1850.0000,3052.9137,3060.0000
2019-05-03,336,-9999.0000,-9999.0000,-9999.0000,-9999.0000,-9999.0000,-9999.0000,-9999.0000,-9999.0000,-9999.0000,-9999.0000,-9999.0000
2019-05-03,336,-9999.0000,-9999.0000,-9999.0000,-9999.0000,-9999.0000,-9999.0000,-9999.0000,-9999.0000,-9999.0000,-9999.0000,-9999.0000
2019-05-11,336,469.0000,579.0000,784.5729,842.1429,1341.4833,2252.5000,2538.5943,2820.5122,2885.0000,3185.0000,2805.5000
2019-05-11,336,490.0000,576.3634,780.8540,841.2500,1353.1720,2257.5000,2564.0000,2822.9377,2892.0000,3203.5294,2811.6667
2019-05-13,336,1091.0000,938.0000,1322.0000,1250.0000,1926.0000,3345.0000,3662.0000,4112.0000,4056.0000,3870.0000,3243.0000
2019-05-13,336,1060.0000,958.0000,1350.0000,1266.0000,2011.0000,3453.0000,3787.0000,4152.0000,4156.0000,3789.0000,3088.0000
2019-05-16,336,-9999.0000,-9999.0000,-9999.0000,-9999.0000,-9999.0000,-9999.0000,-9999.0000,-9999.0000,-9999.0000,-9999.0000,-9999.0000
2019-05-18,336,833.0000,910.0000,1152.0000,889.4152,1586.2587,3443.9739,4052.5789,4245.3524,4263.4259,2882.6667,2006.2500
2019-05-18,336,831.0000,908.2570,1150.0000,889.5581,1584.4170,3447.0000,4023.2000,4245.7030,4248.5000,2882.2500,2003.3333
2019-05-31,336,-9999.0000,-9999.0000,-9999.0000,-9999.0000,-9999.0000,-9999.0000,-9999.0000,-9999.0000,-9999.0000,-9999.0000,-9999.0000
2019-05-31,336,-9999.0000,-9999.0000,-9999.0000,-9999.0000,-9999.0000,-9999.0000,-9999.0000,-9999.0000,-9999.0000,-9999.0000,-9999.0000
2019-06-02,336,850.0000,885.0000,1194.0000,818.4737,1526.0000,4327.6671,5413.6667,5555.6299,5557.3325,2397.5000,1482.6219
2019-06-02,336,853.0000,885.0000,1194.0000,817.0434,1524.5000,4322.6667,5398.6715,5539.4467,5556.4949,2398.5000,1474.8571
2019-06-05,336,-9999.0000,-9999.0000,-9999.0000,-9999.0000,-9999.0000,-9999.0000,-9999.0000,-9999.0000,-9999.0000,-9999.0000,-9999.0000
2019-06-05,336,-9999.0000,-9999.0000,-9999.0000,-9999.0000,-9999.0000,-9999.0000,-9999.0000,-9999.0000,-9999.0000,-9999.0000,-9999.0000
2019-06-07,336,-9999.0000,-9999.0000,-9999.0000,-9999.0000,-9999.0000,-9999.0000,-9999.0000,-9999.0000,-9999.0000,-9999.0000,-9999.0000
2019-06-07,336,-9999.0000,-9999.0000,-9999.0000,-9999.0000,-9999.0000,-9999.0000,-9999.0000,-9999.0000,-9999.0000,-9999.0000,-9999.0000
2019-06-10,336,-9999.0000,-9999.0000,-9999.0000,-9999.0000,-9999.0000,-9999.0000,-9999.0000,-9999.0000,-9999.0000,-9999.0000,-9999.0000
2019-06-10,336,-9999.0000,-9999.0000,-9999.0000,-9999.0000,-9999.0000,-9999.0000,-9999.0000,-9999.0000,-9999.0000,-9999.0000,-9999.0000
2019-06-17,336,324.0000,402.2811,638.6250,285.6668,922.5000,3940.0434,5466.2500,5640.2857,5661.5000,1722.8323,795.1951
2019-06-17,336,323.0000,402.7434,638.6250,286.0000,923.0000,3939.3333,5485.3333,5640.4324,5661.5000,1724.0000,806.0000
2019-06-20,336,-9999.0000,-9999.0000,-9999.0000,-9999.0000,-9999.0000,-9999.0000,-9999.0000,-9999.0000,-9999.0000,-9999.0000,-9999.0000
2019-06-20,336,-9999.0000,-9999.0000,-9999.0000,-9999.0000,-9999.0000,-9999.0000,-9999.0000,-9999.0000,-9999.0000,-9999.0000,-9999.0000
2019-06-22,336,329.0000,313.0000,527.0000,255.0000,735.0000,2721.0000,3600.0000,4108.0000,3660.0000,1207.0000,577.0000
2019-06-22,336,326.0000,306.0000,554.0000,314.0000,800.0000,3044.0000,3993.0000,3817.0000,4146.0000,1448.0000,745.0000
2019-06-25,336,286.0000,310.8648,638.3333,378.1878,1040.8582,3418.0000,4424.6899,4451.6835,4736.0000,1753.6352,858.0000
2019-06-25,336,291.0000,310.6062,639.0000,378.0000,1069.0000,3410.2504,4419.7955,4457.3484,4740.6667,1758.0000,837.0702
2019-06-27,336,-9999.0000,-9999.0000,-9999.0000,-9999.0000,-9999.0000,-9999.0000,-9999.0000,-9999.0000,-9999.0000,-9999.0000,-9999.0000
2019-06-27,336,-9999.0000,-9999.0000,-9999.0000,-9999.0000,-9999.0000,-9999.0000,-9999.0000,-9999.0000,-9999.0000,-9999.0000,-9999.0000
2019-06-30,336,292.0000,310.7044,576.0000,444.6688,1064.0000,2590.0000,3354.0000,3072.6160,3652.0000,1231.0000,718.0000
2019-06-30,336,258.0000,302.6667,578.0000,458.0000,1125.0000,2637.0000,3441.0000,3205.3333,3775.0000,1324.0000,795.0000
2019-07-02,336,-9999.0000,-9999.0000,-9999.0000,-9999.0000,-9999.0000,-9999.0000,-9999.0000,-9999.0000,-9999.0000,-9999.0000,-9999.0000
2019-07-02,336,-9999.0000,-9999.0000,-9999.0000,-9999.0000,-9999.0000,-9999.0000,-9999.0000,-9999.0000,-9999.0000,-9999.0000,-9999.0000
2019-07-05,336,-9999.0000,-9999.0000,-9999.0000,-9999.0000,-9999.0000,-9999.0000,-9999.0000,-9999.0000,-9999.0000,-9999.0000,-9999.0000
2019-07-05,336,-9999.0000,-9999.0000,-9999.0000,-9999.0000,-9999.0000,-9999.0000,-9999.0000,-9999.0000,-9999.0000,-9999.0000,-9999.0000
2019-07-17,336,-9999.0000,-9999.0000,-9999.0000,-9999.0000,-9999.0000,-9999.0000,-9999.0000,-9999.0000,-9999.0000,-9999.0000,-9999.0000
2019-07-17,336,-9999.0000,-9999.0000,-9999.0000,-9999.0000,-9999.0000,-9999.0000,-9999.0000,-9999.0000,-9999.0000,-9999.0000,-9999.0000
2019-07-25,336,-9999.0000,-9999.0000,-9999.0000,-9999.0000,-9999.0000,-9999.0000,-9999.0000,-9999.0000,-9999.0000,-9999.0000,-9999.0000
2019-07-25,336,-9999.0000,-9999.0000,-9999.0000,-9999.0000,-9999.0000,-9999.0000,-9999.0000,-9999.0000,-9999.0000,-9999.0000,-9999.0000
2019-07-27,336,347.0000,556.2519,742.5000,1059.6098,1300.2075,1643.7780,1909.6667,2061.2925,2204.0000,2469.1123,1701.7500
2019-07-27,336,347.0000,554.8823,742.0000,1058.5710,1285.1194,1624.0490,1879.0000,2070.6187,2217.2610,2445.0000,1703.0000
2019-07-30,336,317.0000,488.4271,682.8808,1003.7175,1241.5126,1544.7328,1798.0153,1966.5944,2138.3333,2421.8374,1642.0000
2019-07-30,336,373.0000,525.0000,704.7500,1004.5000,1236.1964,1608.0000,1864.2500,2001.6341,2197.9978,2402.5568,1641.8333
2019-08-01,336,-9999.0000,-9999.0000,-9999.0000,-9999.0000,-9999.0000,-9999.0000,-9999.0000,-9999.0000,-9999.0000,-9999.0000,-9999.0000
2019-08-01,336,-9999.0000,-9999.0000,-9999.0000,-9999.0000,-9999.0000,-9999.0000,-9999.0000,-9999.0000,-9999.0000,-9999.0000,-9999.0000
2019-08-14,336,-9999.0000,-9999.0000,-9999.0000,-9999.0000,-9999.0000,-9999.0000,-9999.0000,-9999.0000,-9999.0000,-9999.0000,-9999.0000
2019-08-14,336,-9999.0000,-9999.0000,-9999.0000,-9999.0000,-9999.0000,-9999.0000,-9999.0000,-9999.0000,-9999.0000,-9999.0000,-9999.0000
2019-08-19,336,-9999.0000,-9999.0000,-9999.0000,-9999.0000,-9999.0000,-9999.0000,-9999.0000,-9999.0000,-9999.0000,-9999.0000,-9999.0000
2019-08-19,336,-9999.0000,-9999.0000,-9999.0000,-9999.0000,-9999.0000,-9999.0000,-9999.0000,-9999.0000,-9999.0000,-9999.0000,-9999.0000
2019-08-21,336,-9999.0000,-9999.0000,-9999.0000,-9999.0000,-9999.0000,-9999.0000,-9999.0000,-9999.0000,-9999.0000,-9999.0000,-9999.0000
2019-08-21,336,-9999.0000,-9999.0000,-9999.0000,-9999.0000,-9999.0000,-9999.0000,-9999.0000,-9999.0000,-9999.0000,-9999.0000,-9999.0000
2019-08-24,336,393.0000,430.7734,536.3774,711.0000,884.0000,1092.4165,1273.4000,1382.0667,1478.5714,2409.0000,2359.0000
2019-08-24,336,393.0000,428.4444,536.3199,709.7000,882.6667,1078.6364,1269.5000,1365.2917,1492.7500,2414.5000,2363.6000
2019-08-26,336,306.0000,482.5484,582.7221,769.4705,992.3333,1159.9923,1350.6011,1421.4545,1572.9001,2761.2830,2796.0000
2019-08-26,336,302.0000,482.7538,580.5000,769.5000,994.0000,1158.0000,1368.4000,1453.1980,1557.6154,2761.0000,2787.0000
2019-08-29,336,-9999.0000,-9999.0000,-9999.0000,-9999.0000,-9999.0000,-9999.0000,-9999.0000,-9999.0000,-9999.0000,-9999.0000,-9999.0000
2019-08-29,336,-9999.0000,-9999.0000,-9999.0000,-9999.0000,-9999.0000,-9999.0000,-9999.0000,-9999.0000,-9999.0000,-9999.0000,-9999.0000
2019-08-31,336,635.0000,652.0000,777.0000,914.2500,1183.0000,1563.1118,1767.1111,1914.1082,2043.9243,2793.6667,2691.7500
2019-08-31,336,622.0000,645.0000,773.0000,912.7273,1183.0000,1564.8000,1771.5714,1912.0160,2024.3333,2802.0000,2692.3213
2019-09-05,336,577.0000,702.5707,769.0000,945.0000,1216.6071,1494.4000,1701.0000,1868.9228,1992.2408,2768.0000,2370.4000
2019-09-05,336,613.0000,726.4933,785.0000,945.7500,1208.5528,1494.6606,1718.2500,1900.4217,2008.6667,2765.0000,2351.0000
2019-09-08,336,-9999.0000,-9999.0000,-9999.0000,-9999.0000,-9999.0000,-9999.0000,-9999.0000,-9999.0000,-9999.0000,-9999.0000,-9999.0000
2019-09-08,336,-9999.0000,-9999.0000,-9999.0000,-9999.0000,-9999.0000,-9999.0000,-9999.0000,-9999.0000,-9999.0000,-9999.0000,-9999.0000
2019-09-10,336,-9999.0000,-9999.0000,-9999.0000,-9999.0000,-9999.0000,-9999.0000,-9999.0000,-9999.0000,-9999.0000,-9999.0000,-9999.0000
2019-09-10,336,-9999.0000,-9999.0000,-9999.0000,-9999.0000,-9999.0000,-9999.0000,-9999.0000,-9999.0000,-9999.0000,-9999.0000,-9999.0000
2019-09-13,336,-9999.0000,-9999.0000,-9999.0000,-9999.0000,-9999.0000,-9999.0000,-9999.0000,-9999.0000,-9999.0000,-9999.0000,-9999.0000
2019-09-13,336,-9999.0000,-9999.0000,-9999.0000,-9999.0000,-9999.0000,-9999.0000,-9999.0000,-9999.0000,-9999.0000,-9999.0000,-9999.0000
2019-09-15,336,-9999.0000,-9999.0000,-9999.0000,-9999.0000,-9999.0000,-9999.0000,-9999.0000,-9999.0000,-9999.0000,-9999.0000,-9999.0000
2019-09-18,336,408.0000,536.6364,904.0000,506.4740,1330.6224,2617.0000,2811.5000,2951.5763,2953.0000,1663.0000,916.0000
2019-09-18,336,421.0000,534.4711,906.8000,504.6250,1333.0000,2635.0000,2816.5000,2952.6188,2971.4973,1661.0000,914.0000
2019-09-20,336,-9999.0000,-9999.0000,-9999.0000,-9999.0000,-9999.0000,-9999.0000,-9999.0000,-9999.0000,-9999.0000,-9999.0000,-9999.0000
2019-09-20,336,-9999.0000,-9999.0000,-9999.0000,-9999.0000,-9999.0000,-9999.0000,-9999.0000,-9999.0000,-9999.0000,-9999.0000,-9999.0000
2019-09-28,336,-9999.0000,-9999.0000,-9999.0000,-9999.0000,-9999.0000,-9999.0000,-9999.0000,-9999.0000,-9999.0000,-9999.0000,-9999.0000
2019-09-28,336,-9999.0000,-9999.0000,-9999.0000,-9999.0000,-9999.0000,-9999.0000,-9999.0000,-9999.0000,-9999.0000,-9999.0000,-9999.0000
2019-09-30,336,478.0000,542.0000,1114.0000,428.0000,1593.8889,5045.7373,5446.3325,5588.8169,5544.8060,1836.8000,760.0000
2019-09-30,336,485.0000,547.0000,1108.5000,431.0000,1593.6250,5033.1000,5431.8025,5576.7037,5546.3333,1832.4050,759.0000
2019-10-03,336,338.0000,406.5000,904.0000,312.0000,1343.0000,4228.0000,4699.0000,5166.7513,4677.4435,1327.0000,504.0000
2019-10-03,336,363.0000,433.0000,957.0000,335.0000,1450.5000,4690.0000,5020.0000,5620.0000,5038.0000,1464.0000,572.5000
2019-10-05,336,-9999.0000,-9999.0000,-9999.0000,-9999.0000,-9999.0000,-9999.0000,-9999.0000,-9999.0000,-9999.0000,-9999.0000,-9999.0000
2019-10-05,336,-9999.0000,-9999.0000,-9999.0000,-9999.0000,-9999.0000,-9999.0000,-9999.0000,-9999.0000,-9999.0000,-9999.0000,-9999.0000
2019-10-10,336,-9999.0000,-9999.0000,-9999.0000,-9999.0000,-9999.0000,-9999.0000,-9999.0000,-9999.0000,-9999.0000,-9999.0000,-9999.0000
2019-10-10,336,-9999.0000,-9999.0000,-9999.0000,-9999.0000,-9999.0000,-9999.0000,-9999.0000,-9999.0000,-9999.0000,-9999.0000,-9999.0000
2019-10-15,336,1004.0000,922.0000,1196.0000,744.2500,1453.0000,3606.0000,4043.0000,4214.6667,4088.2012,1692.0000,1290.0000
2019-10-15,336,967.0000,896.0000,1166.0000,690.0000,1410.0000,3744.0000,4219.0000,4208.0000,4222.0000,1620.0000,1049.0000
2019-10-28,336,-9999.0000,-9999.0000,-9999.0000,-9999.0000,-9999.0000,-9999.0000,-9999.0000,-9999.0000,-9999.0000,-9999.0000,-9999.0000
2019-10-28,336,-9999.0000,-9999.0000,-9999.0000,-9999.0000,-9999.0000,-9999.0000,-9999.0000,-9999.0000,-9999.0000,-9999.0000,-9999.0000
2019-10-30,336,238.0000,338.5592,892.6828,347.2150,1409.0000,4699.3333,5198.5556,5648.1379,5387.3333,1901.3810,883.4286
2019-10-30,336,240.0000,331.6461,891.2140,347.5029,1405.5000,4695.4101,5166.1667,5618.4865,5394.7273,1893.4495,876.0000
2019-11-19,336,258.0000,361.2580,936.2377,438.0151,1571.5000,4169.6071,4460.8016,4805.5089,4725.7800,1757.8387,820.6667
2019-11-19,336,253.0000,360.3752,938.0424,443.0175,1573.5000,4166.6667,4484.2857,4816.6569,4745.3333,1753.8876,818.2500
2019-11-22,336,-9999.0000,-9999.0000,-9999.0000,-9999.0000,-9999.0000,-9999.0000,-9999.0000,-9999.0000,-9999.0000,-9999.0000,-9999.0000
2019-11-22,336,-9999.0000,-9999.0000,-9999.0000,-9999.0000,-9999.0000,-9999.0000,-9999.0000,-9999.0000,-9999.0000,-9999.0000,-9999.0000
2019-11-24,336,-9999.0000,-9999.0000,-9999.0000,-9999.0000,-9999.0000,-9999.0000,-9999.0000,-9999.0000,-9999.0000,-9999.0000,-9999.0000
2019-11-24,336,-9999.0000,-9999.0000,-9999.0000,-9999.0000,-9999.0000,-9999.0000,-9999.0000,-9999.0000,-9999.0000,-9999.0000,-9999.0000
2019-11-29,336,-9999.0000,-9999.0000,-9999.0000,-9999.0000,-9999.0000,-9999.0000,-9999.0000,-9999.0000,-9999.0000,-9999.0000,-9999.0000
2019-11-29,336,-9999.0000,-9999.0000,-9999.0000,-9999.0000,-9999.0000,-9999.0000,-9999.0000,-9999.0000,-9999.0000,-9999.0000,-9999.0000
2019-12-02,336,428.0000,491.1746,970.1233,475.3908,1603.0000,4006.2500,4311.9167,4533.6842,4565.3333,1652.5000,801.7500
2019-12-02,336,425.0000,491.9579,970.8976,475.6995,1604.0000,4005.0000,4311.2351,4548.5714,4564.0000,1648.3611,802.0661
2019-12-04,336,-9999.0000,-9999.0000,-9999.0000,-9999.0000,-9999.0000,-9999.0000,-9999.0000,-9999.0000,-9999.0000,-9999.0000,-9999.0000
2019-12-04,336,-9999.0000,-9999.0000,-9999.0000,-9999.0000,-9999.0000,-9999.0000,-9999.0000,-9999.0000,-9999.0000,-9999.0000,-9999.0000
2019-12-09,336,-9999.0000,-9999.0000,-9999.0000,-9999.0000,-9999.0000,-9999.0000,-9999.0000,-9999.0000,-9999.0000,-9999.0000,-9999.0000
2019-12-09,336,-9999.0000,-9999.0000,-9999.0000,-9999.0000,-9999.0000,-9999.0000,-9999.0000,-9999.0000,-9999.0000,-9999.0000,-9999.0000
2019-12-12,336,526.0000,471.0000,523.0000,327.0000,581.0000,1064.0000,999.0000,1266.0000,979.0000,438.0000,236.0000
2019-12-12,336,525.0000,464.0000,505.0000,319.0000,652.0000,1127.0000,1113.0000,1356.0000,1099.0000,425.0000,220.0000
2019-12-14,336,-9999.0000,-9999.0000,-9999.0000,-9999.0000,-9999.0000,-9999.0000,-9999.0000,-9999.0000,-9999.0000,-9999.0000,-9999.0000
2019-12-14,336,-9999.0000,-9999.0000,-9999.0000,-9999.0000,-9999.0000,-9999.0000,-9999.0000,-9999.0000,-9999.0000,-9999.0000,-9999.0000
2019-12-27,336,509.0000,607.0000,860.6470,496.7500,1489.3333,3686.0000,4086.0000,4484.7975,4356.8209,1506.4087,745.0000
2019-12-27,336,506.0000,605.0000,860.5366,498.2851,1486.5000,3709.5000,4089.3333,4485.1212,4376.0000,1502.5000,745.9932
2020-01-18,336,-9999.0000,-9999.0000,-9999.0000,-9999.0000,-9999.0000,-9999.0000,-9999.0000,-9999.0000,-9999.0000,-9999.0000,-9999.0000
2020-01-18,336,-9999.0000,-9999.0000,-9999.0000,-9999.0000,-9999.0000,-9999.0000,-9999.0000,-9999.0000,-9999.0000,-9999.0000,-9999.0000
2020-01-21,336,553.0000,562.0000,830.0000,612.2953,1361.4645,2238.0000,2434.5000,2699.4346,2724.0000,1313.9763,701.6667
2020-01-21,336,550.0000,561.0000,830.3750,612.3085,1362.6667,2242.6667,2434.0000,2699.8182,2730.6667,1308.6667,702.0000
2020-02-05,336,127.0000,325.0000,596.3252,442.3391,1041.0000,1941.0000,2142.0000,2435.5556,2354.5000,1348.3892,765.5000
2020-02-05,336,122.0000,322.0000,594.4545,440.0000,1039.0000,1939.4034,2141.0000,2435.3547,2370.5000,1342.0000,761.0000
2020-02-07,336,-9999.0000,-9999.0000,-9999.0000,-9999.0000,-9999.0000,-9999.0000,-9999.0000,-9999.0000,-9999.0000,-9999.0000,-9999.0000
2020-02-07,336,-9999.0000,-9999.0000,-9999.0000,-9999.0000,-9999.0000,-9999.0000,-9999.0000,-9999.0000,-9999.0000,-9999.0000,-9999.0000
2020-02-12,336,-9999.0000,-9999.0000,-9999.0000,-9999.0000,-9999.0000,-9999.0000,-9999.0000,-9999.0000,-9999.0000,-9999.0000,-9999.0000
2020-02-12,336,-9999.0000,-9999.0000,-9999.0000,-9999.0000,-9999.0000,-9999.0000,-9999.0000,-9999.0000,-9999.0000,-9999.0000,-9999.0000
2020-02-17,336,-9999.0000,-9999.0000,-9999.0000,-9999.0000,-9999.0000,-9999.0000,-9999.0000,-9999.0000,-9999.0000,-9999.0000,-9999.0000
2020-02-17,336,-9999.0000,-9999.0000,-9999.0000,-9999.0000,-9999.0000,-9999.0000,-9999.0000,-9999.0000,-9999.0000,-9999.0000,-9999.0000
2020-02-25,336,-9999.0000,-9999.0000,-9999.0000,-9999.0000,-9999.0000,-9999.0000,-9999.0000,-9999.0000,-9999.0000,-9999.0000,-9999.0000
2020-02-25,336,-9999.0000,-9999.0000,-9999.0000,-9999.0000,-9999.0000,-9999.0000,-9999.0000,-9999.0000,-9999.0000,-9999.0000,-9999.0000
2020-03-01,336,876.0000,655.0000,735.0000,784.0000,1350.0000,1977.0000,2192.0000,2502.0000,2387.0000,2078.0000,1520.0000
2020-03-01,336,1104.0000,582.0000,788.0000,885.0000,1412.0000,2153.0000,2339.0000,2916.0000,2476.0000,2042.0000,1434.0000
2020-03-03,336,283.0000,404.5000,590.1667,397.6250,973.0000,2092.0000,2266.0000,2659.0000,2424.0000,1264.0000,620.0000
2020-03-03,336,280.0000,404.4003,593.7500,397.2857,991.0000,2111.0000,2269.4393,2708.2000,2428.1299,1291.0000,646.0000
2020-03-11,336,787.0000,630.0000,883.0000,653.0000,1283.0000,2628.0000,2849.0000,3208.0000,3198.0000,1840.0000,1052.0000
2020-03-11,336,1016.0000,623.0000,884.0000,651.0000,1270.0000,2325.0000,2664.0000,3228.0000,2884.0000,1895.0000,1105.0000
2020-03-13,336,-9999.0000,-9999.0000,-9999.0000,-9999.0000,-9999.0000,-9999.0000,-9999.0000,-9999.0000,-9999.0000,-9999.0000,-9999.0000
2020-03-13,336,-9999.0000,-9999.0000,-9999.0000,-9999.0000,-9999.0000,-9999.0000,-9999.0000,-9999.0000,-9999.0000,-9999.0000,-9999.0000
2020-03-16,336,-9999.0000,-9999.0000,-9999.0000,-9999.0000,-9999.0000,-9999.0000,-9999.0000,-9999.0000,-9999.0000,-9999.0000,-9999.0000
2020-03-16,336,-9999.0000,-9999.0000,-9999.0000,-9999.0000,-9999.0000,-9999.0000,-9999.0000,-9999.0000,-9999.0000,-9999.0000,-9999.0000
2020-03-21,336,-9999.0000,-9999.0000,-9999.0000,-9999.0000,-9999.0000,-9999.0000,-9999.0000,-9999.0000,-9999.0000,-9999.0000,-9999.0000
2020-03-21,336,-9999.0000,-9999.0000,-9999.0000,-9999.0000,-9999.0000,-9999.0000,-9999.0000,-9999.0000,-9999.0000,-9999.0000,-9999.0000
2020-03-23,336,277.0000,378.0189,644.9833,481.8176,1105.0000,2291.8095,2546.3333,2922.4459,2796.0000,1764.2500,1067.0000
2020-03-23,336,264.0000,378.0500,649.7069,486.0659,1105.1727,2268.0838,2548.2603,2914.5165,2795.8092,1772.3333,1080.1775
2020-03-26,336,333.0000,365.4840,396.9333,500.2727,634.0000,773.0000,916.0000,1060.0000,1076.0000,1685.0000,1636.6369
2020-03-26,336,342.5219,361.9466,393.1000,499.8973,634.1284,779.8000,908.3624,1050.2500,1076.0000,1692.0000,1621.5000
2020-03-28,336,414.0000,417.1250,505.5000,677.3995,849.4073,1003.7500,1155.2385,1368.5938,1384.6667,2307.5000,2257.3806
2020-03-28,336,408.0000,413.4545,501.2493,674.6667,845.9977,1005.4000,1147.6753,1366.3244,1376.0000,2307.6000,2251.0000
2020-03-31,336,296.0000,318.2309,412.7812,604.0000,766.0000,924.5000,1059.7376,1218.2108,1288.5000,2142.0000,2073.0000
2020-03-31,336,301.0000,316.7143,414.8413,602.4359,769.2115,915.2000,1060.5123,1228.0052,1283.6667,2145.0000,2072.0000
2020-04-05,336,330.0000,418.0000,484.2000,664.6667,824.6336,969.2754,1114.8301,1290.0712,1345.9958,2296.0000,2390.5000
2020-04-05,336,332.0000,418.0000,484.7442,664.1665,818.0000,969.2304,1105.0000,1290.7245,1339.0000,2290.0000,2386.3257
2020-04-07,336,668.0000,666.7796,803.7500,987.7836,1266.0000,1556.3333,1734.7463,1908.9000,2035.3240,2901.0000,2689.0000
2020-04-07,336,697.0000,652.5829,787.8000,978.4086,1266.3998,1492.3887,1707.5000,1899.0000,2014.0000,2915.2213,2694.0000
2020-04-12,336,616.0000,702.0000,754.0000,915.0000,1146.0000,1394.0000,1590.0000,1762.6491,1860.9958,3038.5000,3071.0000
2020-04-12,336,623.0000,706.0000,755.0000,913.0000,1149.0000,1400.5000,1580.0000,1763.0326,1861.5000,3033.0000,3086.2690
2020-04-15,336,355.0000,447.0000,536.0000,716.6000,904.4242,1117.3333,1292.5396,1474.8322,1540.1667,2486.5000,2509.0000
2020-04-15,336,355.0000,446.0000,535.0000,714.2500,898.0000,1122.8732,1298.0000,1474.3354,1537.5478,2494.4841,2509.5000
2020-04-17,336,471.0000,572.0000,701.0000,861.0000,1080.0000,1341.4780,1493.5000,1731.4568,1724.5257,2494.0000,2354.2000
2020-04-17,336,450.0000,571.0000,698.0000,856.8490,1084.2653,1349.3333,1494.0000,1731.7872,1710.2934,2489.7500,2345.0000
2020-04-20,336,351.0000,364.5714,470.5000,691.0000,861.3333,1016.3333,1178.0000,1355.2850,1427.2277,2453.2500,2453.5000
2020-04-20,336,347.0000,366.8571,470.6667,689.5000,854.5000,1020.3333,1171.0000,1362.5714,1419.5000,2446.0000,2441.5000
2020-04-22,336,396.0000,526.0000,618.4591,872.6616,1070.3629,1245.0000,1438.0371,1699.0144,1746.3898,3064.6799,3210.0000
2020-04-22,336,409.0000,525.0000,617.0000,872.0000,1064.0000,1243.0000,1425.5000,1699.2604,1736.7603,3058.3333,3210.0000
2020-04-25,336,-9999.0000,-9999.0000,-9999.0000,-9999.0000,-9999.0000,-9999.0000,-9999.0000,-9999.0000,-9999.0000,-9999.0000,-9999.0000
2020-04-25,336,-9999.0000,-9999.0000,-9999.0000,-9999.0000,-9999.0000,-9999.0000,-9999.0000,-9999.0000,-9999.0000,-9999.0000,-9999.0000
2020-04-27,336,710.0000,676.0000,807.0000,1022.3333,1278.0000,1538.4446,1727.0000,1923.4602,1994.0211,2957.4151,2972.2031
2020-04-27,336,703.0000,674.0000,806.0000,1021.0000,1274.5221,1534.7529,1724.8767,1924.0888,2002.0000,2955.0000,2968.0000
2020-04-30,336,-9999.0000,-9999.0000,-9999.0000,-9999.0000,-9999.0000,-9999.0000,-9999.0000,-9999.0000,-9999.0000,-9999.0000,-9999.0000
2020-04-30,336,-9999.0000,-9999.0000,-9999.0000,-9999.0000,-9999.0000,-9999.0000,-9999.0000,-9999.0000,-9999.0000,-9999.0000,-9999.0000
2020-05-02,336,-9999.0000,-9999.0000,-9999.0000,-9999.0000,-9999.0000,-9999.0000,-9999.0000,-9999.0000,-9999.0000,-9999.0000,-9999.0000
2020-05-02,336,-9999.0000,-9999.0000,-9999.0000,-9999.0000,-9999.0000,-9999.0000,-9999.0000,-9999.0000,-9999.0000,-9999.0000,-9999.0000
2020-05-05,336,606.0804,709.4967,816.8039,1142.0000,1361.2837,1577.1929,1779.0000,2060.1818,2115.5000,3283.3333,3425.0000
2020-05-05,336,615.0000,708.5053,817.8811,1137.3333,1353.0000,1589.5000,1789.8398,2058.9000,2115.0000,3301.5418,3444.0000
2020-05-07,336,601.0000,668.4545,824.4000,1140.8333,1373.5000,1579.6234,1787.0879,2067.0919,2109.7821,3476.5000,3495.7143
2020-05-07,336,578.0000,666.3571,824.4286,1140.0000,1376.6667,1590.2500,1785.3265,2067.5429,2110.0000,3475.3333,3523.6596
2020-05-10,336,758.0000,805.0000,966.0000,1289.4742,1573.3333,1833.0000,2069.0419,2218.5492,2435.6000,3573.3333,3515.5000
2020-05-10,336,755.0000,802.7930,968.0000,1289.3220,1576.0000,1836.5000,2069.5000,2219.4534,2424.6916,3565.0000,3506.5000
2020-05-17,336,-9999.0000,-9999.0000,-9999.0000,-9999.0000,-9999.0000,-9999.0000,-9999.0000,-9999.0000,-9999.0000,-9999.0000,-9999.0000
2020-05-17,336,-9999.0000,-9999.0000,-9999.0000,-9999.0000,-9999.0000,-9999.0000,-9999.0000,-9999.0000,-9999.0000,-9999.0000,-9999.0000
2020-05-20,336,889.0000,850.4205,916.1650,1168.8000,1421.4433,1652.5781,1864.0000,2003.5831,2213.3333,3492.0000,3480.1722
2020-05-20,336,890.0000,850.7758,921.0000,1168.7531,1425.6490,1654.0000,1873.9577,2010.0000,2218.3804,3499.6667,3526.0926
2020-05-27,336,1306.0000,1163.2972,1384.0000,1619.1161,2060.0000,2955.3400,3286.4848,3523.5000,3678.5000,4314.3333,3908.5714
2020-05-27,336,1234.0000,1155.5556,1372.0000,1605.3333,2048.0000,2906.0000,3234.3333,3498.8641,3649.0000,4331.5000,3929.0000
2020-05-30,336,677.0000,715.0000,885.0000,1073.0000,1441.0000,2122.5250,2419.1088,2653.3670,2771.8356,3418.0000,3235.0000
2020-05-30,336,680.0000,713.0000,882.8436,1073.0000,1438.0000,2124.1302,2419.2381,2650.0648,2779.2139,3413.0000,3218.0000
2020-06-01,336,479.0000,619.0000,795.0000,928.5000,1282.5000,2093.4000,2365.6179,2645.6856,2686.6391,3097.3821,2938.5000
2020-06-01,336,477.0000,619.0000,792.0000,928.6000,1284.0000,2095.0000,2365.0000,2645.7500,2674.1485,3094.3333,2946.7955
2020-06-06,336,-9999.0000,-9999.0000,-9999.0000,-9999.0000,-9999.0000,-9999.0000,-9999.0000,-9999.0000,-9999.0000,-9999.0000,-9999.0000
2020-06-06,336,-9999.0000,-9999.0000,-9999.0000,-9999.0000,-9999.0000,-9999.0000,-9999.0000,-9999.0000,-9999.0000,-9999.0000,-9999.0000
2020-06-19,336,-9999.0000,-9999.0000,-9999.0000,-9999.0000,-9999.0000,-9999.0000,-9999.0000,-9999.0000,-9999.0000,-9999.0000,-9999.0000
2020-06-19,336,-9999.0000,-9999.0000,-9999.0000,-9999.0000,-9999.0000,-9999.0000,-9999.0000,-9999.0000,-9999.0000,-9999.0000,-9999.0000
2020-06-24,336,272.0000,332.3750,610.5417,289.3111,950.0000,4157.2289,5208.7500,5288.2189,5274.0000,1885.0000,832.5000
2020-06-24,336,248.0000,314.2500,602.2857,277.2397,952.0000,4202.5000,5192.6787,5335.5979,5298.0000,1885.0000,834.2000
2020-06-26,336,340.0000,352.6348,708.3333,341.5950,1068.5000,4675.2277,5592.0000,5731.3780,5755.5000,2025.3333,851.8000
2020-06-26,336,337.0000,348.5000,708.5007,341.5926,1068.3333,4699.6667,5620.7500,5753.6637,5721.0000,2021.0000,860.7500
2020-07-01,336,317.0000,519.0000,805.0000,502.0000,1097.0000,4181.0000,4821.0000,4684.0000,4668.0000,1903.0000,827.0000
2020-07-01,336,313.0000,532.0000,803.0000,489.0000,1176.0000,3491.0000,4100.0000,4907.0000,4114.0000,1917.0000,924.0000
2020-07-04,336,-9999.0000,-9999.0000,-9999.0000,-9999.0000,-9999.0000,-9999.0000,-9999.0000,-9999.0000,-9999.0000,-9999.0000,-9999.0000
2020-07-04,336,-9999.0000,-9999.0000,-9999.0000,-9999.0000,-9999.0000,-9999.0000,-9999.0000,-9999.0000,-9999.0000,-9999.0000,-9999.0000
2020-07-06,336,-9999.0000,-9999.0000,-9999.0000,-9999.0000,-9999.0000,-9999.0000,-9999.0000,-9999.0000,-9999.0000,-9999.0000,-9999.0000
2020-07-06,336,-9999.0000,-9999.0000,-9999.0000,-9999.0000,-9999.0000,-9999.0000,-9999.0000,-9999.0000,-9999.0000,-9999.0000,-9999.0000
2020-07-11,336,-9999.0000,-9999.0000,-9999.0000,-9999.0000,-9999.0000,-9999.0000,-9999.0000,-9999.0000,-9999.0000,-9999.0000,-9999.0000
2020-07-11,336,-9999.0000,-9999.0000,-9999.0000,-9999.0000,-9999.0000,-9999.0000,-9999.0000,-9999.0000,-9999.0000,-9999.0000,-9999.0000
2020-07-21,336,-9999.0000,-9999.0000,-9999.0000,-9999.0000,-9999.0000,-9999.0000,-9999.0000,-9999.0000,-9999.0000,-9999.0000,-9999.0000
2020-07-21,336,-9999.0000,-9999.0000,-9999.0000,-9999.0000,-9999.0000,-9999.0000,-9999.0000,-9999.0000,-9999.0000,-9999.0000,-9999.0000
2020-07-24,336,-9999.0000,-9999.0000,-9999.0000,-9999.0000,-9999.0000,-9999.0000,-9999.0000,-9999.0000,-9999.0000,-9999.0000,-9999.0000
2020-07-24,336,-9999.0000,-9999.0000,-9999.0000,-9999.0000,-9999.0000,-9999.0000,-9999.0000,-9999.0000,-9999.0000,-9999.0000,-9999.0000
2020-07-26,336,543.0000,490.8285,928.5498,385.9184,1377.5000,5463.3333,6439.6667,6669.6429,6668.0000,2232.8370,941.7500
2020-07-26,336,535.0000,494.2957,928.7402,389.2471,1381.0000,5465.0000,6407.3333,6640.0126,6645.6667,2242.0000,944.0000
2020-07-31,336,257.0000,336.5269,735.0000,297.0376,1137.0000,4141.0000,4961.0000,5064.0000,5175.7500,1945.3333,861.7463
2020-07-31,336,256.0000,339.0000,734.6000,297.0421,1132.5000,4163.0000,4986.8482,5080.8889,5155.6667,1944.7500,857.5657
2020-08-05,336,260.0000,278.6000,684.2857,300.8333,1148.0000,3769.3581,4347.9832,4471.3550,4583.5000,1964.1771,971.5957
2020-08-05,336,273.0000,278.1818,684.0000,301.2500,1150.0000,3773.4514,4326.3285,4487.8889,4601.7423,1973.5055,965.0000
2020-08-08,336,396.0000,382.5000,712.6875,422.2562,1224.5000,3179.0000,3660.0000,3703.6965,3928.0000,1998.0000,1049.0000
2020-08-08,336,409.0000,378.2857,712.6000,421.1667,1222.7792,3173.3340,3660.0000,3684.9954,3943.3333,1996.5463,1034.6182
2020-08-10,336,309.0000,407.0000,753.1055,449.3409,1250.6667,3175.8762,3704.0000,3750.6250,3969.9567,2106.5588,1200.0000
2020-08-10,336,308.0000,406.2500,753.2500,446.3333,1249.0000,3178.3576,3687.9622,3750.8000,3979.7963,2121.4260,1205.9676
2020-08-13,336,414.0000,505.0000,727.0000,713.5100,1305.0000,2283.0000,2746.0000,2962.0000,3089.0000,2690.0000,2066.0000
2020-08-13,336,276.0000,439.0000,678.0000,724.0000,1249.0000,2352.0000,2785.0000,2922.0000,3194.0000,2562.0000,1786.0000
2020-08-18,336,869.0000,865.2667,1072.8657,835.5424,1580.0000,2890.0000,3318.0000,3453.0000,3706.0000,2208.0000,1297.8846
2020-08-18,336,893.0000,866.1818,1073.3645,834.7657,1576.6525,2930.5955,3339.7325,3444.6667,3707.0000,2238.0000,1324.0684
2020-08-23,336,-9999.0000,-9999.0000,-9999.0000,-9999.0000,-9999.0000,-9999.0000,-9999.0000,-9999.0000,-9999.0000,-9999.0000,-9999.0000
2020-08-23,336,-9999.0000,-9999.0000,-9999.0000,-9999.0000,-9999.0000,-9999.0000,-9999.0000,-9999.0000,-9999.0000,-9999.0000,-9999.0000
2020-08-25,336,-9999.0000,-9999.0000,-9999.0000,-9999.0000,-9999.0000,-9999.0000,-9999.0000,-9999.0000,-9999.0000,-9999.0000,-9999.0000
2020-08-25,336,-9999.0000,-9999.0000,-9999.0000,-9999.0000,-9999.0000,-9999.0000,-9999.0000,-9999.0000,-9999.0000,-9999.0000,-9999.0000
2020-08-28,336,-9999.0000,-9999.0000,-9999.0000,-9999.0000,-9999.0000,-9999.0000,-9999.0000,-9999.0000,-9999.0000,-9999.0000,-9999.0000
2020-08-28,336,-9999.0000,-9999.0000,-9999.0000,-9999.0000,-9999.0000,-9999.0000,-9999.0000,-9999.0000,-9999.0000,-9999.0000,-9999.0000
2020-09-02,336,333.0000,406.8000,654.6988,589.5000,1142.0000,1785.2500,2004.3609,2165.2192,2293.2260,2027.0000,1624.5000
2020-09-02,336,344.0000,410.2500,656.3828,589.3597,1153.2409,1763.8831,2000.5000,2184.2500,2275.0000,2019.6667,1606.0000
2020-09-04,336,724.0000,665.0000,758.0000,879.0000,1071.0000,1328.0000,1516.0000,1635.4255,1784.0000,2091.0000,1560.0000
2020-09-04,336,699.0000,671.0000,766.3333,898.4859,1095.0000,1391.0000,1569.0000,1675.4206,1791.0000,2101.0000,1577.0000
2020-09-07,336,-9999.0000,-9999.0000,-9999.0000,-9999.0000,-9999.0000,-9999.0000,-9999.0000,-9999.0000,-9999.0000,-9999.0000,-9999.0000
2020-09-07,336,-9999.0000,-9999.0000,-9999.0000,-9999.0000,-9999.0000,-9999.0000,-9999.0000,-9999.0000,-9999.0000,-9999.0000,-9999.0000
2020-09-14,336,396.0000,484.3333,672.4091,742.4271,1062.0000,1496.2000,1654.1991,1815.7368,1897.5995,2336.6638,2008.0000
2020-09-14,336,406.0000,484.2500,672.7110,741.5000,1063.0000,1493.0000,1669.0000,1800.3225,1905.0000,2338.0000,1988.6508
2020-09-17,336,-9999.0000,-9999.0000,-9999.0000,-9999.0000,-9999.0000,-9999.0000,-9999.0000,-9999.0000,-9999.0000,-9999.0000,-9999.0000
2020-09-17,336,1254.0000,1334.0000,1510.0000,1408.0000,1801.0000,2674.0000,2949.0000,3398.0000,3175.0000,2245.0000,1775.0000
2020-09-19,336,287.0000,478.4444,637.0000,757.1111,1011.0000,1415.1429,1592.6132,1831.6997,1847.8593,2363.6667,2107.5000
2020-09-19,336,292.0000,474.8000,636.5003,753.0571,1004.0000,1416.2500,1590.4085,1830.4667,1851.6667,2362.7500,2085.2645
2020-09-22,336,287.0000,458.0000,602.0780,734.1000,974.5000,1379.6667,1543.6600,1671.1240,1797.6667,2292.0476,2074.3982
2020-09-22,336,284.0000,455.0000,600.1721,738.3750,977.0000,1387.5000,1545.7020,1671.9101,1799.0000,2300.5000,2075.0000
2020-09-24,336,404.0000,477.0000,625.8380,716.5055,996.9314,1339.7500,1478.2000,1671.5238,1737.8615,2140.5002,1683.0000
2020-09-24,336,418.0000,480.3299,629.7474,721.0920,997.2675,1319.8571,1479.6250,1671.8889,1739.7641,2154.2000,1683.6667
2020-10-02,336,437.0000,427.0000,655.0000,580.0000,1000.0000,2265.0000,2601.0000,2630.0000,2773.0000,1384.0000,1104.0000
2020-10-02,336,-9999.0000,-9999.0000,-9999.0000,-9999.0000,-9999.0000,-9999.0000,-9999.0000,-9999.0000,-9999.0000,-9999.0000,-9999.0000
2020-10-07,336,-9999.0000,-9999.0000,-9999.0000,-9999.0000,-9999.0000,-9999.0000,-9999.0000,-9999.0000,-9999.0000,-9999.0000,-9999.0000
2020-10-07,336,-9999.0000,-9999.0000,-9999.0000,-9999.0000,-9999.0000,-9999.0000,-9999.0000,-9999.0000,-9999.0000,-9999.0000,-9999.0000
2020-10-17,336,629.0000,643.7247,723.5000,867.2776,1128.0000,1415.0000,1594.0000,1740.2222,1895.5000,2609.7500,2349.3333
2020-10-17,336,625.0000,644.2739,731.7919,875.4307,1125.0687,1423.0000,1574.3333,1736.0166,1880.0217,2612.9658,2365.0000
2020-10-29,336,-9999.0000,-9999.0000,-9999.0000,-9999.0000,-9999.0000,-9999.0000,-9999.0000,-9999.0000,-9999.0000,-9999.0000,-9999.0000
2020-10-29,336,-9999.0000,-9999.0000,-9999.0000,-9999.0000,-9999.0000,-9999.0000,-9999.0000,-9999.0000,-9999.0000,-9999.0000,-9999.0000
2020-11-01,336,-9999.0000,-9999.0000,-9999.0000,-9999.0000,-9999.0000,-9999.0000,-9999.0000,-9999.0000,-9999.0000,-9999.0000,-9999.0000
2020-11-01,336,-9999.0000,-9999.0000,-9999.0000,-9999.0000,-9999.0000,-9999.0000,-9999.0000,-9999.0000,-9999.0000,-9999.0000,-9999.0000
2020-11-03,336,273.0000,387.0315,611.4055,692.9243,1004.0000,1451.8560,1594.5000,1765.7000,1812.0000,2189.0000,1788.5839
2020-11-03,336,252.0000,379.2036,611.5208,692.4689,1002.7000,1443.6000,1565.0000,1752.8182,1782.3333,2177.0000,1784.6667
2020-11-06,336,534.0000,602.9975,819.4258,860.0000,1268.2000,1672.0000,1838.1552,1956.0000,2083.0000,2257.5852,1868.5000
2020-11-06,336,530.0000,595.8089,802.6441,851.8083,1253.4719,1691.0000,1859.2669,1947.0000,2093.0000,2249.5057,1851.0000
2020-11-08,336,142.0000,435.4212,627.0163,717.3382,1078.0533,1435.0000,1608.5000,1718.7354,1831.2427,2177.5000,1914.7525
2020-11-08,336,133.0000,426.6659,619.4465,707.9327,1067.5401,1449.0000,1605.0000,1719.2413,1832.2500,2185.9790,1884.0000
2020-11-13,336,1784.0000,1465.8049,1677.5098,1728.6667,2251.0000,2787.3394,2999.0000,3062.8577,3272.0000,2841.0000,2433.6667
2020-11-13,336,1737.0000,1451.2562,1666.0000,1717.2000,2230.3161,2818.0000,2971.7118,3016.3333,3245.2857,2829.0000,2437.0000
2020-11-18,336,398.0000,555.4076,659.6122,619.1698,944.3855,1418.0000,1511.0000,1654.2003,1721.3333,1975.5000,1530.0000
2020-11-18,336,394.0000,556.2238,660.3553,611.1748,939.0471,1396.0000,1524.8588,1670.0000,1672.4451,1993.3610,1514.9584
2020-11-23,336,339.0000,396.0777,547.7306,579.8124,939.1514,1377.6667,1492.3254,1623.1667,1705.0000,1764.0000,1352.6844
2020-11-23,336,334.0000,388.0236,547.4590,579.3647,924.0000,1413.0852,1494.0000,1625.2500,1709.2500,1765.8427,1349.9932
2020-12-16,336,-9999.0000,-9999.0000,-9999.0000,-9999.0000,-9999.0000,-9999.0000,-9999.0000,-9999.0000,-9999.0000,-9999.0000,-9999.0000
2020-12-16,336,-9999.0000,-9999.0000,-9999.0000,-9999.0000,-9999.0000,-9999.0000,-9999.0000,-9999.0000,-9999.0000,-9999.0000,-9999.0000
2020-12-28,336,-9999.0000,-9999.0000,-9999.0000,-9999.0000,-9999.0000,-9999.0000,-9999.0000,-9999.0000,-9999.0000,-9999.0000,-9999.0000
2020-12-28,336,-9999.0000,-9999.0000,-9999.0000,-9999.0000,-9999.0000,-9999.0000,-9999.0000,-9999.0000,-9999.0000,-9999.0000,-9999.0000
2021-01-12,336,349.0000,379.1873,459.5053,539.6551,773.0149,929.6667,1051.6667,1206.0504,1242.8018,1306.5844,894.6667
2021-01-12,336,348.0000,378.8384,466.6671,538.0375,766.0000,937.1600,1043.6860,1191.4367,1235.3020,1300.6667,893.9704
2021-01-22,336,-9999.0000,-9999.0000,-9999.0000,-9999.0000,-9999.0000,-9999.0000,-9999.0000,-9999.0000,-9999.0000,-9999.0000,-9999.0000
2021-01-22,336,-9999.0000,-9999.0000,-9999.0000,-9999.0000,-9999.0000,-9999.0000,-9999.0000,-9999.0000,-9999.0000,-9999.0000,-9999.0000
2021-01-25,336,274.0000,307.6363,379.5710,531.0688,760.5890,916.0357,1002.7917,1175.0301,1226.3994,1330.7358,930.3623
2021-01-25,336,272.0000,307.7198,379.4210,523.7959,765.4000,913.7500,1011.7832,1179.8890,1217.7500,1338.7991,929.4000
2021-01-30,336,-9999.0000,-9999.0000,-9999.0000,-9999.0000,-9999.0000,-9999.0000,-9999.0000,-9999.0000,-9999.0000,-9999.0000,-9999.0000
2021-01-30,336,-9999.0000,-9999.0000,-9999.0000,-9999.0000,-9999.0000,-9999.0000,-9999.0000,-9999.0000,-9999.0000,-9999.0000,-9999.0000
2021-02-09,336,-9999.0000,-9999.0000,-9999.0000,-9999.0000,-9999.0000,-9999.0000,-9999.0000,-9999.0000,-9999.0000,-9999.0000,-9999.0000
2021-02-09,336,-9999.0000,-9999.0000,-9999.0000,-9999.0000,-9999.0000,-9999.0000,-9999.0000,-9999.0000,-9999.0000,-9999.0000,-9999.0000
2021-02-11,336,8047.0000,7960.5611,8150.6667,8583.5000,9003.0000,9002.8000,8857.2672,9497.1333,8806.0000,2114.1653,2069.4383
2021-02-11,336,7954.0000,8010.6551,8169.4829,8632.3333,9018.4473,9050.5237,8886.7533,9528.5743,8836.5000,2125.8753,2068.4185
2021-02-14,336,8075.5000,8427.6364,8395.3440,8876.0000,9021.0000,8916.0000,8701.5000,9412.8921,8628.8776,853.9748,885.5000
2021-02-14,336,8081.0000,8437.0909,8400.7345,8882.3175,8999.6667,8903.0000,8745.3333,9422.1931,8604.5590,858.0000,883.0000
2021-02-19,336,193.0000,373.7599,445.7510,586.4286,788.0000,921.7500,1060.0000,1227.1896,1267.7200,1349.3855,970.0000
2021-02-19,336,198.0000,373.8033,443.4658,587.4929,785.3333,914.0000,1059.3333,1226.7239,1268.6667,1361.3333,979.3333
2021-02-26,336,-9999.0000,-9999.0000,-9999.0000,-9999.0000,-9999.0000,-9999.0000,-9999.0000,-9999.0000,-9999.0000,-9999.0000,-9999.0000
2021-02-26,336,-9999.0000,-9999.0000,-9999.0000,-9999.0000,-9999.0000,-9999.0000,-9999.0000,-9999.0000,-9999.0000,-9999.0000,-9999.0000
2021-03-01,336,-9999.0000,-9999.0000,-9999.0000,-9999.0000,-9999.0000,-9999.0000,-9999.0000,-9999.0000,-9999.0000,-9999.0000,-9999.0000
2021-03-01,336,-9999.0000,-9999.0000,-9999.0000,-9999.0000,-9999.0000,-9999.0000,-9999.0000,-9999.0000,-9999.0000,-9999.0000,-9999.0000
2021-03-08,336,-9999.0000,-9999.0000,-9999.0000,-9999.0000,-9999.0000,-9999.0000,-9999.0000,-9999.0000,-9999.0000,-9999.0000,-9999.0000
2021-03-08,336,-9999.0000,-9999.0000,-9999.0000,-9999.0000,-9999.0000,-9999.0000,-9999.0000,-9999.0000,-9999.0000,-9999.0000,-9999.0000
2021-03-13,336,-9999.0000,-9999.0000,-9999.0000,-9999.0000,-9999.0000,-9999.0000,-9999.0000,-9999.0000,-9999.0000,-9999.0000,-9999.0000
2021-03-13,336,-9999.0000,-9999.0000,-9999.0000,-9999.0000,-9999.0000,-9999.0000,-9999.0000,-9999.0000,-9999.0000,-9999.0000,-9999.0000
2021-03-16,336,-9999.0000,-9999.0000,-9999.0000,-9999.0000,-9999.0000,-9999.0000,-9999.0000,-9999.0000,-9999.0000,-9999.0000,-9999.0000
2021-03-16,336,-9999.0000,-9999.0000,-9999.0000,-9999.0000,-9999.0000,-9999.0000,-9999.0000,-9999.0000,-9999.0000,-9999.0000,-9999.0000
2021-03-23,336,1196.0000,939.7143,1027.5000,1099.0000,1438.5000,1674.0000,1892.0000,2123.0000,2204.0000,2958.0000,2285.0000
2021-03-23,336,1138.0000,938.6053,1028.4951,1091.1939,1434.4013,1693.0000,1857.0000,2100.5000,2200.0000,2956.7108,2308.0000
2021-03-26,336,457.0000,480.2297,596.3002,709.1025,970.3593,1130.4873,1269.0000,1411.1061,1507.3067,2116.8278,1692.5000
2021-03-26,336,443.0000,464.8283,586.3126,705.1077,957.0000,1115.6267,1259.2000,1411.1429,1489.7777,2123.7905,1703.0000
2021-03-31,336,485.0000,562.5688,664.2500,758.0000,1029.2577,1194.5000,1356.0000,1536.0000,1603.0000,2290.0000,1981.0000
2021-03-31,336,476.0000,562.8750,662.0000,753.2274,1017.0000,1215.0000,1348.0000,1538.5000,1585.5000,2274.5000,1984.8917
2021-04-05,336,554.0000,550.2000,646.6000,774.1413,1045.7715,1233.6926,1395.6597,1619.1050,1673.7527,2324.0000,1883.9730
2021-04-05,336,556.0000,550.3048,644.2500,773.6250,1037.6390,1226.9171,1402.9843,1619.4382,1677.5000,2331.1566,1885.8000
2021-04-12,336,630.0000,612.5543,680.6026,794.2763,1057.7124,1237.0000,1395.0000,1622.6728,1676.5000,2409.3381,1889.4361
2021-04-12,336,637.0000,612.5000,680.0000,794.2001,1056.6667,1225.0252,1398.0000,1618.8530,1681.3333,2393.0000,1885.6307
2021-04-15,336,892.0000,858.0790,942.0000,1097.0657,1389.5000,1581.7064,1746.6405,1980.5008,2034.4331,2780.4425,2362.8912
2021-04-15,336,896.0000,856.9672,936.8351,1094.0000,1368.0000,1588.0706,1769.0000,1987.7500,2045.0000,2771.9980,2339.0000
2021-04-17,336,519.0000,708.5468,814.2500,1010.1494,1283.0000,1512.5000,1717.3209,1939.9619,1987.0000,3138.8049,3051.2051
2021-04-17,336,542.0000,704.4928,809.0000,1002.5000,1269.6667,1514.0000,1700.0000,1922.4896,1989.0000,3137.5000,3045.0000
2021-04-20,336,535.0000,706.6618,803.0000,1026.0000,1245.0000,1442.7242,1602.3300,1842.0614,1890.6405,3067.0000,3081.9990
2021-04-20,336,569.0000,710.8000,804.1429,1026.0000,1242.5648,1448.0000,1629.2500,1834.2000,1908.6667,3052.0000,3058.3333
2021-04-27,336,560.0000,760.5000,869.0071,1121.3333,1361.3666,1547.5000,1724.7315,2003.7500,2036.6667,3395.3333,3395.0000
2021-04-27,336,545.0000,762.8841,865.4369,1120.9641,1358.0000,1558.0054,1740.3412,2011.8333,2043.0000,3403.6667,3387.3333
2021-05-07,336,584.0000,669.0000,705.5000,912.0000,1138.0000,1279.0000,1437.0000,1605.8000,1694.4980,2487.0000,2154.5000
2021-05-07,336,568.0000,644.7419,660.9969,857.5518,1035.2250,1163.7750,1330.0000,1532.4514,1559.0000,2334.0000,2069.0000
2021-05-12,336,596.0000,601.6482,677.1667,906.0000,1129.8866,1287.4175,1460.5000,1670.7898,1746.4002,2918.0000,2919.6667
2021-05-12,336,590.0000,600.7621,677.5604,905.8832,1133.5000,1282.7500,1465.5061,1669.4910,1752.4479,2917.0000,2919.8096
2021-05-20,336,-9999.0000,-9999.0000,-9999.0000,-9999.0000,-9999.0000,-9999.0000,-9999.0000,-9999.0000,-9999.0000,-9999.0000,-9999.0000
2021-05-20,336,-9999.0000,-9999.0000,-9999.0000,-9999.0000,-9999.0000,-9999.0000,-9999.0000,-9999.0000,-9999.0000,-9999.0000,-9999.0000
2021-05-30,336,661.0000,776.5000,924.0000,1249.5483,1481.0000,1681.0000,1886.0400,2076.0000,2196.5199,3491.0000,3661.4459
2021-05-30,336,634.1987,777.0000,926.5259,1248.7500,1467.0000,1682.0000,1885.0000,2082.7095,2197.5807,3508.0000,3650.9284
2021-06-01,336,756.0000,850.6000,1036.0000,1381.1493,1636.2500,1846.0000,2051.8230,2308.6725,2388.2921,3755.2482,3766.0118
2021-06-01,336,741.0000,850.4286,1038.0000,1380.6958,1626.3333,1849.5000,2040.0000,2307.0953,2379.0000,3755.0836,3779.5000
2021-06-04,336,406.0000,418.2079,509.3333,698.5714,889.0000,1051.2500,1210.2843,1320.7964,1462.1956,2187.2000,1800.0000
2021-06-04,336,409.0000,416.5709,505.4000,698.1429,901.3333,1058.1464,1212.2614,1320.6510,1468.1046,2174.5000,1787.0000
2021-06-09,336,-9999.0000,-9999.0000,-9999.0000,-9999.0000,-9999.0000,-9999.0000,-9999.0000,-9999.0000,-9999.0000,-9999.0000,-9999.0000
2021-06-09,336,-9999.0000,-9999.0000,-9999.0000,-9999.0000,-9999.0000,-9999.0000,-9999.0000,-9999.0000,-9999.0000,-9999.0000,-9999.0000
2021-06-11,336,1709.0000,1736.8571,1898.0000,1969.0771,2450.5000,3106.0000,3363.0000,3605.0000,3733.5000,3895.0000,3364.0373
2021-06-11,336,1685.0000,1728.9310,1901.6000,1954.5918,2447.0000,3068.6667,3338.5000,3572.1738,3708.7887,3827.9110,3334.0000
2021-06-14,336,687.0000,772.5000,1050.0000,1193.0000,1653.0000,2201.9519,2435.0000,2596.0000,2758.0000,3557.3810,3289.0000
2021-06-14,336,641.0000,766.6667,1049.0000,1180.6667,1652.0000,2213.1048,2435.4374,2596.0595,2777.8399,3557.0000,3309.0000
2021-06-16,336,562.0000,792.8333,1073.3333,1168.7500,1659.0000,2258.0143,2515.7483,2758.7446,2821.3333,3564.5000,3287.0000
2021-06-16,336,555.0000,789.5000,1082.0000,1170.0000,1644.0000,2268.6638,2533.0000,2744.8788,2848.7618,3541.5000,3317.0000
2021-06-19,336,-9999.0000,-9999.0000,-9999.0000,-9999.0000,-9999.0000,-9999.0000,-9999.0000,-9999.0000,-9999.0000,-9999.0000,-9999.0000
2021-06-19,336,-9999.0000,-9999.0000,-9999.0000,-9999.0000,-9999.0000,-9999.0000,-9999.0000,-9999.0000,-9999.0000,-9999.0000,-9999.0000
2021-06-21,336,-9999.0000,-9999.0000,-9999.0000,-9999.0000,-9999.0000,-9999.0000,-9999.0000,-9999.0000,-9999.0000,-9999.0000,-9999.0000
2021-06-21,336,-9999.0000,-9999.0000,-9999.0000,-9999.0000,-9999.0000,-9999.0000,-9999.0000,-9999.0000,-9999.0000,-9999.0000,-9999.0000
2021-06-26,336,-9999.0000,-9999.0000,-9999.0000,-9999.0000,-9999.0000,-9999.0000,-9999.0000,-9999.0000,-9999.0000,-9999.0000,-9999.0000
2021-06-26,336,-9999.0000,-9999.0000,-9999.0000,-9999.0000,-9999.0000,-9999.0000,-9999.0000,-9999.0000,-9999.0000,-9999.0000,-9999.0000
2021-07-04,336,651.0000,554.4997,725.1351,525.9334,969.0000,2577.6667,3161.3000,3163.5714,3352.0000,2150.0000,1412.5538
2021-07-04,336,645.0000,554.3871,724.3032,521.4001,969.0000,2584.2764,3172.9083,3146.0022,3345.5000,2156.4046,1410.2181
2021-07-09,336,-9999.0000,-9999.0000,-9999.0000,-9999.0000,-9999.0000,-9999.0000,-9999.0000,-9999.0000,-9999.0000,-9999.0000,-9999.0000
2021-07-09,336,-9999.0000,-9999.0000,-9999.0000,-9999.0000,-9999.0000,-9999.0000,-9999.0000,-9999.0000,-9999.0000,-9999.0000,-9999.0000
2021-07-21,336,-9999.0000,-9999.0000,-9999.0000,-9999.0000,-9999.0000,-9999.0000,-9999.0000,-9999.0000,-9999.0000,-9999.0000,-9999.0000
2021-07-21,336,-9999.0000,-9999.0000,-9999.0000,-9999.0000,-9999.0000,-9999.0000,-9999.0000,-9999.0000,-9999.0000,-9999.0000,-9999.0000
2021-07-26,336,263.0000,309.5504,465.5828,209.3171,568.6667,3030.6787,4557.0000,4503.5857,4614.0000,1501.0000,602.0000
2021-07-26,336,268.0000,310.4578,465.1667,209.3804,565.5000,2994.5000,4549.0000,4503.2857,4629.3118,1492.0000,601.2500
2021-07-29,336,-9999.0000,-9999.0000,-9999.0000,-9999.0000,-9999.0000,-9999.0000,-9999.0000,-9999.0000,-9999.0000,-9999.0000,-9999.0000
2021-07-29,336,-9999.0000,-9999.0000,-9999.0000,-9999.0000,-9999.0000,-9999.0000,-9999.0000,-9999.0000,-9999.0000,-9999.0000,-9999.0000
2021-07-31,336,-9999.0000,-9999.0000,-9999.0000,-9999.0000,-9999.0000,-9999.0000,-9999.0000,-9999.0000,-9999.0000,-9999.0000,-9999.0000
2021-07-31,336,-9999.0000,-9999.0000,-9999.0000,-9999.0000,-9999.0000,-9999.0000,-9999.0000,-9999.0000,-9999.0000,-9999.0000,-9999.0000
2021-08-03,336,-9999.0000,-9999.0000,-9999.0000,-9999.0000,-9999.0000,-9999.0000,-9999.0000,-9999.0000,-9999.0000,-9999.0000,-9999.0000
2021-08-03,336,-9999.0000,-9999.0000,-9999.0000,-9999.0000,-9999.0000,-9999.0000,-9999.0000,-9999.0000,-9999.0000,-9999.0000,-9999.0000
2021-08-05,336,-9999.0000,-9999.0000,-9999.0000,-9999.0000,-9999.0000,-9999.0000,-9999.0000,-9999.0000,-9999.0000,-9999.0000,-9999.0000
2021-08-05,336,-9999.0000,-9999.0000,-9999.0000,-9999.0000,-9999.0000,-9999.0000,-9999.0000,-9999.0000,-9999.0000,-9999.0000,-9999.0000
2021-08-08,336,-9999.0000,-9999.0000,-9999.0000,-9999.0000,-9999.0000,-9999.0000,-9999.0000,-9999.0000,-9999.0000,-9999.0000,-9999.0000
2021-08-08,336,-9999.0000,-9999.0000,-9999.0000,-9999.0000,-9999.0000,-9999.0000,-9999.0000,-9999.0000,-9999.0000,-9999.0000,-9999.0000
2021-08-10,336,-9999.0000,-9999.0000,-9999.0000,-9999.0000,-9999.0000,-9999.0000,-9999.0000,-9999.0000,-9999.0000,-9999.0000,-9999.0000
2021-08-10,336,-9999.0000,-9999.0000,-9999.0000,-9999.0000,-9999.0000,-9999.0000,-9999.0000,-9999.0000,-9999.0000,-9999.0000,-9999.0000
2021-08-15,336,-9999.0000,-9999.0000,-9999.0000,-9999.0000,-9999.0000,-9999.0000,-9999.0000,-9999.0000,-9999.0000,-9999.0000,-9999.0000
2021-08-15,336,-9999.0000,-9999.0000,-9999.0000,-9999.0000,-9999.0000,-9999.0000,-9999.0000,-9999.0000,-9999.0000,-9999.0000,-9999.0000
2021-08-23,336,213.0000,216.3919,426.3636,213.7979,588.4572,2841.9942,4105.1540,4325.0758,4262.0000,1392.3333,553.0000
2021-08-23,336,229.0000,222.2051,430.7500,218.0000,592.5000,2836.3406,4117.6208,4309.0000,4284.0000,1390.6667,557.0000
2021-08-25,336,-9999.0000,-9999.0000,-9999.0000,-9999.0000,-9999.0000,-9999.0000,-9999.0000,-9999.0000,-9999.0000,-9999.0000,-9999.0000
2021-08-25,336,-9999.0000,-9999.0000,-9999.0000,-9999.0000,-9999.0000,-9999.0000,-9999.0000,-9999.0000,-9999.0000,-9999.0000,-9999.0000
2021-08-30,336,-9999.0000,-9999.0000,-9999.0000,-9999.0000,-9999.0000,-9999.0000,-9999.0000,-9999.0000,-9999.0000,-9999.0000,-9999.0000
2021-08-30,336,-9999.0000,-9999.0000,-9999.0000,-9999.0000,-9999.0000,-9999.0000,-9999.0000,-9999.0000,-9999.0000,-9999.0000,-9999.0000
2021-09-02,336,-9999.0000,-9999.0000,-9999.0000,-9999.0000,-9999.0000,-9999.0000,-9999.0000,-9999.0000,-9999.0000,-9999.0000,-9999.0000
2021-09-02,336,-9999.0000,-9999.0000,-9999.0000,-9999.0000,-9999.0000,-9999.0000,-9999.0000,-9999.0000,-9999.0000,-9999.0000,-9999.0000
2021-09-04,336,277.0000,348.0000,508.0000,256.0000,611.0000,2162.0000,2745.0000,3045.0000,2769.0000,1042.0000,489.0000
2021-09-04,336,266.0000,337.0000,463.0000,242.0000,547.0000,1850.0000,2417.0000,2611.0000,2388.0000,880.0000,421.0000
2021-09-07,336,641.0000,644.7249,826.8571,604.1356,1020.6667,2726.3066,3658.5000,3641.9843,3814.0000,1559.0000,906.4290
2021-09-09,336,244.0000,264.3944,526.8482,273.4545,704.0000,2972.5000,4060.4242,4155.0000,4261.8198,1595.0000,699.6000
2021-09-09,336,245.0000,262.5000,523.0000,273.4783,697.4862,2982.0000,4060.5000,4153.3000,4268.3333,1596.7423,700.6000
2021-09-14,336,271.0000,356.5423,553.0000,301.5116,721.0000,2884.3959,3992.0000,4102.8333,4182.2883,1553.5000,693.5000
2021-09-14,336,259.0000,354.0000,554.2000,302.6206,728.0000,2882.3333,3988.3614,4104.9093,4171.9065,1549.0636,689.6667
2021-09-19,336,-9999.0000,-9999.0000,-9999.0000,-9999.0000,-9999.0000,-9999.0000,-9999.0000,-9999.0000,-9999.0000,-9999.0000,-9999.0000
2021-09-19,336,-9999.0000,-9999.0000,-9999.0000,-9999.0000,-9999.0000,-9999.0000,-9999.0000,-9999.0000,-9999.0000,-9999.0000,-9999.0000
2021-09-22,336,-9999.0000,-9999.0000,-9999.0000,-9999.0000,-9999.0000,-9999.0000,-9999.0000,-9999.0000,-9999.0000,-9999.0000,-9999.0000
2021-09-22,336,-9999.0000,-9999.0000,-9999.0000,-9999.0000,-9999.0000,-9999.0000,-9999.0000,-9999.0000,-9999.0000,-9999.0000,-9999.0000
2021-10-04,336,160.0000,308.0000,580.4170,422.0000,901.0000,2233.5000,2686.0000,2984.0000,2856.5000,1679.0000,1018.0000
2021-10-04,336,161.0000,300.0000,576.1520,409.5462,902.0531,2232.5000,2685.0000,2987.8755,2854.5000,1690.2065,1012.0000
2021-10-09,336,351.0000,358.5290,660.5000,501.1525,974.4980,2113.0000,2550.9814,2790.3008,2744.0000,1844.0000,1211.0000
2021-10-09,336,344.0000,354.5000,650.0000,493.3431,977.4719,2116.3333,2524.6104,2790.2000,2728.4889,1835.0000,1144.0000
2021-10-24,336,231.0000,473.0000,709.6322,729.2036,1150.3668,1612.7783,1770.6800,2005.3041,1995.8261,2121.0000,1581.9916
2021-10-24,336,225.0000,462.2275,709.5457,725.4034,1145.0000,1614.0000,1773.0000,1991.6154,1989.0000,2109.6751,1576.9676
2021-10-29,336,334.0000,466.1317,789.4877,798.3884,1280.7219,1813.5000,1979.8797,2123.5194,2197.0436,2409.3311,1878.1767
2021-10-29,336,313.0000,458.6203,780.8235,797.3120,1276.5000,1793.0000,1955.2836,2115.4818,2206.0000,2397.2949,1874.0000
2021-11-01,336,895.0000,585.0000,807.0000,906.0000,1160.0000,1726.0000,2011.0000,2270.0000,2440.0000,2140.0000,1857.0000
2021-11-01,336,-9999.0000,-9999.0000,-9999.0000,-9999.0000,-9999.0000,-9999.0000,-9999.0000,-9999.0000,-9999.0000,-9999.0000,-9999.0000
2021-11-21,336,226.0000,237.0000,304.0000,275.0000,455.0000,703.0000,766.5394,833.5892,858.0000,704.0000,468.5000
2021-11-21,336,224.0000,236.0000,302.0000,274.0000,449.0000,698.0000,759.0000,829.0000,854.0000,707.0000,466.0000
2021-11-23,336,-9999.0000,-9999.0000,-9999.0000,-9999.0000,-9999.0000,-9999.0000,-9999.0000,-9999.0000,-9999.0000,-9999.0000,-9999.0000
2021-11-23,336,-9999.0000,-9999.0000,-9999.0000,-9999.0000,-9999.0000,-9999.0000,-9999.0000,-9999.0000,-9999.0000,-9999.0000,-9999.0000
2021-12-08,336,255.0000,256.6028,354.4693,348.3269,689.0000,1165.4896,1305.0000,1402.6667,1442.4075,1172.5000,742.0000
2021-12-08,336,256.0000,255.0000,352.4489,346.2857,688.7011,1179.0000,1313.0000,1420.5082,1443.0000,1170.0000,746.0000
2021-12-11,336,363.0000,370.4037,492.6654,502.1985,988.0000,1597.0000,1731.0000,1882.8703,1944.0000,1521.2959,1010.0000
2021-12-11,336,366.0000,368.5141,492.2000,497.4111,984.5000,1578.8220,1707.0000,1882.8860,1952.5000,1513.0000,1008.0000
2021-12-21,336,544.0000,545.3098,661.7672,613.7254,1096.5796,1828.0909,2020.0000,2212.0115,2254.0000,1385.2289,961.7463
2021-12-21,336,542.6208,545.8918,657.3922,609.9973,1092.9580,1803.0000,1994.6034,2220.0000,2189.5000,1381.0000,949.1713
2021-12-26,336,525.0000,659.0000,709.4425,835.5000,1253.0000,1841.0000,2066.6762,2354.8000,2353.6873,2517.0000,2288.0000
2021-12-26,336,520.0000,653.2564,709.2500,826.1039,1264.8767,1850.0000,2059.6667,2347.4744,2355.2025,2521.5112,2242.0000
2021-12-28,336,-9999.0000,-9999.0000,-9999.0000,-9999.0000,-9999.0000,-9999.0000,-9999.0000,-9999.0000,-9999.0000,-9999.0000,-9999.0000
2021-12-28,336,-9999.0000,-9999.0000,-9999.0000,-9999.0000,-9999.0000,-9999.0000,-9999.0000,-9999.0000,-9999.0000,-9999.0000,-9999.0000
2022-01-02,336,-9999.0000,-9999.0000,-9999.0000,-9999.0000,-9999.0000,-9999.0000,-9999.0000,-9999.0000,-9999.0000,-9999.0000,-9999.0000
2022-01-02,336,-9999.0000,-9999.0000,-9999.0000,-9999.0000,-9999.0000,-9999.0000,-9999.0000,-9999.0000,-9999.0000,-9999.0000,-9999.0000
2022-01-05,336,327.0000,436.6666,430.1357,481.1667,828.7411,1380.0000,1605.0000,1739.2604,1775.0000,1478.7589,1016.5000
2022-01-05,336,343.0000,444.3405,438.2961,490.0000,834.5000,1392.0000,1575.0000,1758.2738,1750.0000,1479.0000,1020.0000
2022-01-07,336,-9999.0000,-9999.0000,-9999.0000,-9999.0000,-9999.0000,-9999.0000,-9999.0000,-9999.0000,-9999.0000,-9999.0000,-9999.0000
2022-01-07,336,-9999.0000,-9999.0000,-9999.0000,-9999.0000,-9999.0000,-9999.0000,-9999.0000,-9999.0000,-9999.0000,-9999.0000,-9999.0000
2022-01-10,336,431.0000,433.0000,522.4286,498.0000,896.6656,1487.0000,1684.3912,1819.5000,1859.5000,1366.3333,853.0000
2022-01-10,336,277.0000,294.3064,414.5712,412.3556,821.4201,1453.4457,1631.0000,1801.3014,1869.0000,1377.0000,843.0000
2022-01-20,336,-9999.0000,-9999.0000,-9999.0000,-9999.0000,-9999.0000,-9999.0000,-9999.0000,-9999.0000,-9999.0000,-9999.0000,-9999.0000
2022-01-20,336,-9999.0000,-9999.0000,-9999.0000,-9999.0000,-9999.0000,-9999.0000,-9999.0000,-9999.0000,-9999.0000,-9999.0000,-9999.0000
2022-01-30,336,-9999.0000,-9999.0000,-9999.0000,-9999.0000,-9999.0000,-9999.0000,-9999.0000,-9999.0000,-9999.0000,-9999.0000,-9999.0000
2022-01-30,336,-9999.0000,-9999.0000,-9999.0000,-9999.0000,-9999.0000,-9999.0000,-9999.0000,-9999.0000,-9999.0000,-9999.0000,-9999.0000
2022-02-19,336,-9999.0000,-9999.0000,-9999.0000,-9999.0000,-9999.0000,-9999.0000,-9999.0000,-9999.0000,-9999.0000,-9999.0000,-9999.0000
2022-02-19,336,-9999.0000,-9999.0000,-9999.0000,-9999.0000,-9999.0000,-9999.0000,-9999.0000,-9999.0000,-9999.0000,-9999.0000,-9999.0000
2022-02-24,336,-9999.0000,-9999.0000,-9999.0000,-9999.0000,-9999.0000,-9999.0000,-9999.0000,-9999.0000,-9999.0000,-9999.0000,-9999.0000
2022-02-24,336,-9999.0000,-9999.0000,-9999.0000,-9999.0000,-9999.0000,-9999.0000,-9999.0000,-9999.0000,-9999.0000,-9999.0000,-9999.0000
2022-02-26,336,652.0000,718.4583,897.6000,921.6667,1257.5224,1732.8406,1899.5850,2180.6006,2108.9184,2061.3711,1541.8671
2022-02-26,336,702.0000,741.0000,920.4000,949.5068,1274.0000,1742.0000,1914.6085,2218.4763,2130.7774,2068.0000,1557.2000
2022-03-01,336,-9999.0000,-9999.0000,-9999.0000,-9999.0000,-9999.0000,-9999.0000,-9999.0000,-9999.0000,-9999.0000,-9999.0000,-9999.0000
2022-03-01,336,-9999.0000,-9999.0000,-9999.0000,-9999.0000,-9999.0000,-9999.0000,-9999.0000,-9999.0000,-9999.0000,-9999.0000,-9999.0000
2022-03-03,336,289.0000,425.7806,601.2263,641.4316,1072.7500,1803.0373,2025.0000,2397.1481,2274.0000,2149.2712,1557.9974
2022-03-03,336,291.0000,425.3889,601.1315,641.1651,1065.8617,1817.0000,2001.0000,2388.6519,2268.2208,2146.5000,1562.6667
2022-03-06,336,352.0000,465.0755,642.1587,701.3333,1165.0000,1897.4516,2131.9762,2418.7696,2383.0000,2252.3333,1740.0000
2022-03-06,336,373.0000,469.5094,641.4962,700.8256,1155.0000,1878.0000,2062.0000,2427.3645,2346.8674,2227.0000,1748.0214
2022-03-08,336,334.0000,401.9079,629.4725,702.0000,1196.3333,1961.3196,2189.5000,2491.4167,2453.6923,2370.3342,1781.2994
2022-03-08,336,345.0000,401.5937,628.6667,701.7143,1182.4138,1925.5000,2146.5222,2481.8333,2417.5000,2354.2000,1782.0000
2022-03-11,336,464.0000,473.5714,697.0000,805.1203,1308.5000,2026.0000,2259.7166,2577.7500,2540.6381,2587.4094,2032.0000
2022-03-11,336,463.0000,477.9648,701.6143,813.5714,1301.2500,2013.9148,2227.8196,2578.5000,2539.5000,2593.9289,2038.0000
2022-03-13,336,-9999.0000,-9999.0000,-9999.0000,-9999.0000,-9999.0000,-9999.0000,-9999.0000,-9999.0000,-9999.0000,-9999.0000,-9999.0000
2022-03-13,336,-9999.0000,-9999.0000,-9999.0000,-9999.0000,-9999.0000,-9999.0000,-9999.0000,-9999.0000,-9999.0000,-9999.0000,-9999.0000
2022-03-18,336,451.0000,482.4595,709.2747,801.4279,1309.5000,1980.0000,2182.0000,2451.1667,2433.9701,2549.5000,1992.0000
2022-03-18,336,417.0000,472.5323,701.6791,796.7475,1305.5000,1989.5000,2198.5000,2458.8169,2469.5000,2545.4279,2005.0000
2022-03-21,336,520.0000,556.1514,764.0000,884.8069,1417.6667,1982.0000,2164.0000,2449.8805,2435.0000,2668.6800,2156.0000
2022-03-21,336,517.0000,552.4286,764.0000,884.6667,1417.7500,1978.5000,2163.0000,2444.9861,2457.0000,2650.4503,2185.5000
2022-03-23,336,477.0000,634.0000,852.0000,989.1806,1517.5000,1964.0000,2171.5000,2506.8631,2459.0000,2815.0000,2406.8166
2022-03-23,336,482.0000,634.0000,852.2000,993.1667,1513.5000,1995.0000,2172.0000,2508.5402,2467.6667,2809.2927,2407.0000
2022-03-26,336,436.0000,500.2156,532.1934,700.1436,878.5000,1029.9413,1148.7500,1290.5226,1380.0000,2356.7681,2485.6689
2022-03-26,336,437.0000,498.3282,530.4101,698.0000,872.0000,1017.0000,1144.5159,1290.8808,1370.0000,2368.6667,2465.6850
2022-03-28,336,-9999.0000,-9999.0000,-9999.0000,-9999.0000,-9999.0000,-9999.0000,-9999.0000,-9999.0000,-9999.0000,-9999.0000,-9999.0000
2022-04-10,336,606.0000,625.3828,757.0406,1012.5556,1235.0000,1392.0000,1579.0824,1794.4444,1901.2500,2599.0000,2191.0000
2022-04-10,336,595.0000,622.5222,750.2804,1009.6667,1227.0000,1413.5000,1569.8356,1795.2000,1906.7454,2595.0000,2179.0000
2022-04-17,336,705.0000,861.4570,1061.0000,1426.0000,1633.5000,1843.4286,2040.0000,2355.0000,2354.5000,3724.3333,3741.0000
2022-04-17,336,700.7345,853.5833,1057.1111,1421.5000,1632.0000,1823.0000,2026.5882,2347.3411,2357.0000,3707.5540,3689.0000
2022-04-20,336,637.0000,805.6667,1002.0000,1341.0000,1562.0000,1772.0000,1962.4210,2188.7765,2283.9524,3530.8119,3579.0000
2022-04-20,336,657.0000,805.3750,989.4675,1337.0909,1554.0000,1763.0000,1949.0000,2178.4073,2283.0000,3513.2983,3587.7500
2022-04-22,336,650.0000,885.5714,1032.7500,1365.0000,1580.7950,1812.0000,1990.0000,2259.3521,2324.0000,3645.0000,3819.0000
2022-04-22,336,652.0000,881.6667,1032.5000,1365.4286,1586.4842,1804.1992,2010.0404,2259.5256,2324.2683,3659.3728,3816.4046
2022-05-02,336,1055.0000,1130.0000,1282.0000,1504.0000,1855.0000,2447.0000,2730.0000,2762.0000,3070.0000,3376.0000,2995.0000
2022-05-02,336,1276.0000,1114.0000,1268.0000,1462.0000,1810.0000,2296.0000,2563.0000,2756.0000,2942.0000,3392.0000,2889.0000
2022-05-05,336,-9999.0000,-9999.0000,-9999.0000,-9999.0000,-9999.0000,-9999.0000,-9999.0000,-9999.0000,-9999.0000,-9999.0000,-9999.0000
2022-05-05,336,-9999.0000,-9999.0000,-9999.0000,-9999.0000,-9999.0000,-9999.0000,-9999.0000,-9999.0000,-9999.0000,-9999.0000,-9999.0000
2022-05-12,336,528.0000,692.0000,777.0989,886.0000,997.9446,1345.0000,1482.1308,1954.3333,1732.0000,2443.0000,2180.0000
2022-05-12,336,547.0000,736.0000,808.0000,1010.0000,1206.0000,1526.0000,1775.0000,2067.6667,2070.0000,2927.0000,2657.0000
2022-05-15,336,536.0000,644.6742,738.2771,968.6389,1193.7041,1516.0820,1750.8333,1927.6978,2055.8508,2979.5708,3110.0000
2022-05-15,336,543.0000,644.0289,738.1464,968.8520,1189.6000,1507.8571,1748.0000,1927.2594,2042.6667,2980.1250,3122.5300
2022-05-17,336,-9999.0000,-9999.0000,-9999.0000,-9999.0000,-9999.0000,-9999.0000,-9999.0000,-9999.0000,-9999.0000,-9999.0000,-9999.0000
2022-05-27,336,1073.0000,1184.0000,1368.0000,1678.0000,2066.0000,2653.0000,2996.0000,3265.0000,3436.0000,3963.0000,3478.0000
2022-05-27,336,1277.0000,1180.0000,1362.0000,1684.0000,2050.0000,2623.0000,3013.0000,3256.0000,3438.0000,3816.0000,3413.0000
2022-06-04,336,571.0000,706.0000,855.0000,1085.8000,1390.0000,1916.0000,2203.4995,2331.5000,2514.6667,3109.9975,3057.5000
2022-06-04,336,579.0000,708.3750,852.2859,1085.6667,1385.2500,1925.5105,2187.6797,2330.6027,2506.6094,3107.1289,3051.5000
2022-06-06,336,-9999.0000,-9999.0000,-9999.0000,-9999.0000,-9999.0000,-9999.0000,-9999.0000,-9999.0000,-9999.0000,-9999.0000,-9999.0000
2022-06-06,336,-9999.0000,-9999.0000,-9999.0000,-9999.0000,-9999.0000,-9999.0000,-9999.0000,-9999.0000,-9999.0000,-9999.0000,-9999.0000
2022-06-09,336,-9999.0000,-9999.0000,-9999.0000,-9999.0000,-9999.0000,-9999.0000,-9999.0000,-9999.0000,-9999.0000,-9999.0000,-9999.0000
2022-06-09,336,-9999.0000,-9999.0000,-9999.0000,-9999.0000,-9999.0000,-9999.0000,-9999.0000,-9999.0000,-9999.0000,-9999.0000,-9999.0000
2022-06-11,336,500.0000,606.0000,776.9974,730.0000,1135.0000,2437.0000,2946.5005,2967.0000,3309.0000,2172.0000,1727.0000
2022-06-11,336,490.0000,602.4283,774.0000,701.5060,1186.0000,2512.0000,2927.0000,2908.3333,3178.5740,2219.0000,1670.0000
2022-06-16,336,925.0000,626.0000,854.0000,752.0000,1295.0000,3097.0000,3535.0000,3688.0000,3838.0000,2496.0000,1758.0000
2022-06-16,336,966.0000,606.0000,846.0000,728.0000,1250.0000,3086.0000,3552.0000,3632.0000,3789.0000,2473.0000,1737.0000
2022-06-21,336,551.0000,562.1142,810.1977,577.5714,1168.0000,3821.0000,4596.6667,4787.0000,4785.3333,2401.5000,1517.0000
2022-06-21,336,544.0000,562.1763,812.6879,573.7780,1168.5000,3827.5000,4571.7067,4771.8571,4769.0000,2403.4737,1504.0000
2022-06-29,336,486.0000,464.3825,814.0000,421.3997,1300.5000,5383.0000,6597.7500,6644.5714,6795.4874,2658.0844,1197.2500
2022-06-29,336,467.0000,454.1936,808.1033,413.2381,1296.5000,5404.9961,6582.5000,6645.3333,6761.5741,2665.5000,1192.0000
2022-07-04,336,-9999.0000,-9999.0000,-9999.0000,-9999.0000,-9999.0000,-9999.0000,-9999.0000,-9999.0000,-9999.0000,-9999.0000,-9999.0000
2022-07-04,336,-9999.0000,-9999.0000,-9999.0000,-9999.0000,-9999.0000,-9999.0000,-9999.0000,-9999.0000,-9999.0000,-9999.0000,-9999.0000
2022-07-16,336,-9999.0000,-9999.0000,-9999.0000,-9999.0000,-9999.0000,-9999.0000,-9999.0000,-9999.0000,-9999.0000,-9999.0000,-9999.0000
2022-07-16,336,-9999.0000,-9999.0000,-9999.0000,-9999.0000,-9999.0000,-9999.0000,-9999.0000,-9999.0000,-9999.0000,-9999.0000,-9999.0000
2022-07-19,336,426.0000,420.4000,692.2559,410.7069,1066.1095,4204.8000,5287.5000,5336.3636,5476.2500,2001.9229,877.9763
2022-07-19,336,416.0000,416.5104,688.7692,411.7305,1061.4445,4200.0000,5302.3333,5335.3846,5507.0000,2001.6667,874.3055
2022-07-24,336,-9999.0000,-9999.0000,-9999.0000,-9999.0000,-9999.0000,-9999.0000,-9999.0000,-9999.0000,-9999.0000,-9999.0000,-9999.0000
2022-07-24,336,-9999.0000,-9999.0000,-9999.0000,-9999.0000,-9999.0000,-9999.0000,-9999.0000,-9999.0000,-9999.0000,-9999.0000,-9999.0000
2022-08-03,336,-9999.0000,-9999.0000,-9999.0000,-9999.0000,-9999.0000,-9999.0000,-9999.0000,-9999.0000,-9999.0000,-9999.0000,-9999.0000
2022-08-03,336,-9999.0000,-9999.0000,-9999.0000,-9999.0000,-9999.0000,-9999.0000,-9999.0000,-9999.0000,-9999.0000,-9999.0000,-9999.0000
2022-08-05,336,338.0000,345.2961,733.4613,322.4352,1154.1335,4422.5991,5142.6667,5366.7086,5333.2000,2087.7111,931.1341
2022-08-05,336,345.0000,349.8578,733.2846,323.6946,1155.3333,4423.8248,5143.7870,5333.5833,5321.6667,2078.0000,931.8941
2022-08-10,336,242.0000,349.2698,692.9286,314.9155,1138.6435,3835.5000,4555.0000,4647.4167,4715.2000,1990.7498,947.0000
2022-08-10,336,248.0000,345.1744,693.5217,322.6279,1138.0000,3825.8144,4550.1656,4647.7857,4713.6667,2004.0000,948.2000
2022-08-13,336,294.0000,365.6424,688.8421,379.0400,1173.0000,3162.4286,3670.9661,3846.0000,3949.6667,1894.2000,1036.7500
2022-08-13,336,292.0000,365.1481,689.4777,379.6751,1173.6667,3162.0000,3691.0000,3846.2426,3924.2016,1907.0000,1028.3333
2022-08-20,336,439.0000,520.8934,825.1586,530.8912,1307.1960,2920.8936,3369.0000,3540.0000,3611.0000,2157.0000,1332.0000
2022-08-20,336,445.0000,520.9597,820.8125,531.5620,1310.0000,2950.0000,3386.8768,3541.9909,3643.0000,2165.0000,1334.0000
2022-08-23,336,738.0000,838.3529,1026.0000,840.6031,1425.0000,2511.0000,2835.5000,2954.2510,3051.3333,1963.2628,1396.0214
2022-08-23,336,731.0000,840.5024,1024.0000,841.8627,1429.0000,2508.0000,2830.0000,2940.0000,3037.3333,1965.6386,1377.5000
2022-08-25,336,346.0000,366.1510,692.0909,568.8333,1224.4470,2248.6837,2474.6000,2615.5079,2775.7500,2252.1429,1603.0000
2022-08-25,336,346.0000,366.4000,690.3593,573.5714,1222.0000,2243.0000,2522.3333,2597.8995,2793.5000,2228.1276,1564.0000
2022-08-28,336,-9999.0000,-9999.0000,-9999.0000,-9999.0000,-9999.0000,-9999.0000,-9999.0000,-9999.0000,-9999.0000,-9999.0000,-9999.0000
2022-08-28,336,-9999.0000,-9999.0000,-9999.0000,-9999.0000,-9999.0000,-9999.0000,-9999.0000,-9999.0000,-9999.0000,-9999.0000,-9999.0000
2022-08-30,336,374.0000,505.5031,732.4286,729.6667,1260.5010,2013.0000,2283.0000,2502.7073,2582.0000,2435.4653,1895.0000
2022-08-30,336,380.0000,505.5294,730.5556,729.6346,1257.0000,2028.5000,2295.2796,2510.6667,2611.0000,2437.5000,1883.0000
2022-09-02,336,452.0000,536.0000,702.3879,801.4000,1195.0000,1683.3264,1931.9484,2066.9327,2252.5459,2442.3333,2036.4627
2022-09-02,336,458.0000,540.0000,706.0000,800.9167,1196.5000,1683.0174,1934.0565,2058.2921,2265.5000,2427.7500,2011.5000
2022-09-07,336,-9999.0000,-9999.0000,-9999.0000,-9999.0000,-9999.0000,-9999.0000,-9999.0000,-9999.0000,-9999.0000,-9999.0000,-9999.0000
2022-09-07,336,-9999.0000,-9999.0000,-9999.0000,-9999.0000,-9999.0000,-9999.0000,-9999.0000,-9999.0000,-9999.0000,-9999.0000,-9999.0000
2022-09-09,336,-9999.0000,-9999.0000,-9999.0000,-9999.0000,-9999.0000,-9999.0000,-9999.0000,-9999.0000,-9999.0000,-9999.0000,-9999.0000
2022-09-12,336,462.0000,557.1460,636.5833,781.6305,993.0000,1260.0064,1428.0000,1505.5000,1643.5000,2194.5000,1933.0000
2022-09-12,336,429.0000,533.5792,617.3861,776.8000,988.0000,1227.0863,1411.9761,1499.5608,1642.0000,2194.0000,1939.0000
2022-09-19,336,-9999.0000,-9999.0000,-9999.0000,-9999.0000,-9999.0000,-9999.0000,-9999.0000,-9999.0000,-9999.0000,-9999.0000,-9999.0000
2022-09-19,336,-9999.0000,-9999.0000,-9999.0000,-9999.0000,-9999.0000,-9999.0000,-9999.0000,-9999.0000,-9999.0000,-9999.0000,-9999.0000
2022-09-22,336,-9999.0000,-9999.0000,-9999.0000,-9999.0000,-9999.0000,-9999.0000,-9999.0000,-9999.0000,-9999.0000,-9999.0000,-9999.0000
2022-09-22,336,-9999.0000,-9999.0000,-9999.0000,-9999.0000,-9999.0000,-9999.0000,-9999.0000,-9999.0000,-9999.0000,-9999.0000,-9999.0000
2022-09-29,336,346.0000,510.6841,604.0000,745.1371,977.3813,1191.0003,1362.1667,1498.7067,1590.1429,2193.7378,1869.0614
2022-09-29,336,333.0000,509.0000,606.0000,744.6612,969.0000,1195.1970,1363.4973,1506.7500,1597.6667,2193.7445,1893.5371
2022-10-02,336,-9999.0000,-9999.0000,-9999.0000,-9999.0000,-9999.0000,-9999.0000,-9999.0000,-9999.0000,-9999.0000,-9999.0000,-9999.0000
2022-10-02,336,-9999.0000,-9999.0000,-9999.0000,-9999.0000,-9999.0000,-9999.0000,-9999.0000,-9999.0000,-9999.0000,-9999.0000,-9999.0000
2022-10-04,336,282.0000,352.5437,484.5000,581.0000,772.5021,985.1437,1095.7500,1212.7273,1290.5000,1782.0000,1477.0000
2022-10-04,336,273.0000,348.3636,480.3285,580.0000,781.8061,971.1596,1107.0000,1210.1538,1275.1250,1790.0000,1500.1250
2022-10-07,336,-9999.0000,-9999.0000,-9999.0000,-9999.0000,-9999.0000,-9999.0000,-9999.0000,-9999.0000,-9999.0000,-9999.0000,-9999.0000
2022-10-07,336,-9999.0000,-9999.0000,-9999.0000,-9999.0000,-9999.0000,-9999.0000,-9999.0000,-9999.0000,-9999.0000,-9999.0000,-9999.0000
2022-10-09,336,440.0000,662.0000,804.2343,972.9980,1261.3711,1573.6039,1767.8456,1989.6398,2056.7421,2763.0000,2601.0000
2022-10-09,336,413.0000,654.0000,801.5789,965.8783,1256.0000,1578.0000,1754.5000,1975.6875,2036.5055,2739.0000,2588.0000
2022-10-12,336,373.0000,577.2667,738.1073,893.0000,1178.0000,1465.1435,1641.5000,1830.0000,1905.5000,2569.0000,2471.8757
2022-10-12,336,364.5651,577.5390,733.7869,897.2500,1177.6943,1460.6525,1637.5000,1831.6471,1898.7802,2564.0000,2482.0000
2022-10-24,336,-9999.0000,-9999.0000,-9999.0000,-9999.0000,-9999.0000,-9999.0000,-9999.0000,-9999.0000,-9999.0000,-9999.0000,-9999.0000
2022-10-24,336,-9999.0000,-9999.0000,-9999.0000,-9999.0000,-9999.0000,-9999.0000,-9999.0000,-9999.0000,-9999.0000,-9999.0000,-9999.0000
2022-11-01,336,-9999.0000,-9999.0000,-9999.0000,-9999.0000,-9999.0000,-9999.0000,-9999.0000,-9999.0000,-9999.0000,-9999.0000,-9999.0000
2022-11-01,336,-9999.0000,-9999.0000,-9999.0000,-9999.0000,-9999.0000,-9999.0000,-9999.0000,-9999.0000,-9999.0000,-9999.0000,-9999.0000
2022-11-13,336,511.0000,490.7132,766.0000,901.3333,1308.5000,1641.6908,1806.2500,1966.6895,2103.1182,2394.0000,2089.4735
2022-11-13,336,531.0000,489.0000,763.4566,898.7143,1305.0000,1622.3333,1802.0000,1967.5191,2087.3333,2393.0000,2044.0000
2022-11-16,336,-9999.0000,-9999.0000,-9999.0000,-9999.0000,-9999.0000,-9999.0000,-9999.0000,-9999.0000,-9999.0000,-9999.0000,-9999.0000
2022-11-16,336,-9999.0000,-9999.0000,-9999.0000,-9999.0000,-9999.0000,-9999.0000,-9999.0000,-9999.0000,-9999.0000,-9999.0000,-9999.0000
2022-11-23,336,-9999.0000,-9999.0000,-9999.0000,-9999.0000,-9999.0000,-9999.0000,-9999.0000,-9999.0000,-9999.0000,-9999.0000,-9999.0000
2022-11-23,336,-9999.0000,-9999.0000,-9999.0000,-9999.0000,-9999.0000,-9999.0000,-9999.0000,-9999.0000,-9999.0000,-9999.0000,-9999.0000
2022-12-01,336,-9999.0000,-9999.0000,-9999.0000,-9999.0000,-9999.0000,-9999.0000,-9999.0000,-9999.0000,-9999.0000,-9999.0000,-9999.0000
2022-12-01,336,-9999.0000,-9999.0000,-9999.0000,-9999.0000,-9999.0000,-9999.0000,-9999.0000,-9999.0000,-9999.0000,-9999.0000,-9999.0000
2022-12-06,336,499.0000,478.0000,485.4642,568.9725,812.5000,936.2715,1029.6667,1157.6490,1255.3750,1705.7500,1348.5000
2022-12-06,336,502.0000,476.0000,481.7571,569.2503,809.0000,948.0000,1048.6000,1160.4138,1240.6667,1710.5000,1352.0000
2022-12-08,336,357.0000,480.4077,441.6914,508.0945,737.2905,872.3890,985.0278,1137.0779,1191.7778,1548.5862,1159.0000
2022-12-08,336,350.0000,472.2077,449.8000,509.6085,733.5000,867.4000,984.1701,1127.4632,1197.0000,1541.0000,1153.0000
2022-12-13,336,1468.0000,1430.0000,1385.7420,1432.1324,1721.3821,1893.7371,1991.7588,2232.3288,2199.8571,1908.2642,1642.6000
2022-12-13,336,1463.0000,1428.0000,1388.0000,1432.5662,1717.0000,1894.1804,1990.6780,2245.1614,2199.1734,1897.7466,1642.6996
2022-12-13,336,1382.0000,1354.0000,1317.0273,1409.1536,1696.7049,1830.2857,1959.9328,2215.0667,2183.4000,1956.3333,1684.8612
2022-12-13,336,1398.0000,1358.0000,1329.2000,1416.5961,1692.0000,1851.3333,1957.5714,2233.1429,2184.8000,1942.0000,1677.0000
2022-12-21,336,-9999.0000,-9999.0000,-9999.0000,-9999.0000,-9999.0000,-9999.0000,-9999.0000,-9999.0000,-9999.0000,-9999.0000,-9999.0000
2022-12-21,336,-9999.0000,-9999.0000,-9999.0000,-9999.0000,-9999.0000,-9999.0000,-9999.0000,-9999.0000,-9999.0000,-9999.0000,-9999.0000
2023-01-15,336,-9999.0000,-9999.0000,-9999.0000,-9999.0000,-9999.0000,-9999.0000,-9999.0000,-9999.0000,-9999.0000,-9999.0000,-9999.0000
2023-01-15,336,-9999.0000,-9999.0000,-9999.0000,-9999.0000,-9999.0000,-9999.0000,-9999.0000,-9999.0000,-9999.0000,-9999.0000,-9999.0000
2023-01-17,336,238.0000,392.3784,381.4224,468.6411,657.6667,786.1667,889.4993,1052.3333,1096.4995,1242.4000,893.5240
2023-01-17,336,238.0000,390.3188,382.4000,465.3499,661.6989,794.8333,892.2857,1050.6862,1090.5000,1257.4934,898.2414
2023-01-30,336,-9999.0000,-9999.0000,-9999.0000,-9999.0000,-9999.0000,-9999.0000,-9999.0000,-9999.0000,-9999.0000,-9999.0000,-9999.0000
2023-01-30,336,-9999.0000,-9999.0000,-9999.0000,-9999.0000,-9999.0000,-9999.0000,-9999.0000,-9999.0000,-9999.0000,-9999.0000,-9999.0000
2023-02-04,336,-9999.0000,-9999.0000,-9999.0000,-9999.0000,-9999.0000,-9999.0000,-9999.0000,-9999.0000,-9999.0000,-9999.0000,-9999.0000
2023-02-04,336,-9999.0000,-9999.0000,-9999.0000,-9999.0000,-9999.0000,-9999.0000,-9999.0000,-9999.0000,-9999.0000,-9999.0000,-9999.0000
2023-02-06,336,-9999.0000,-9999.0000,-9999.0000,-9999.0000,-9999.0000,-9999.0000,-9999.0000,-9999.0000,-9999.0000,-9999.0000,-9999.0000
2023-02-06,336,-9999.0000,-9999.0000,-9999.0000,-9999.0000,-9999.0000,-9999.0000,-9999.0000,-9999.0000,-9999.0000,-9999.0000,-9999.0000
2023-02-14,336,335.0000,374.1341,500.8000,604.7569,832.0000,988.2500,1107.7609,1258.8919,1320.0000,1933.8090,1560.0000
2023-02-14,336,333.0000,372.3316,500.7714,593.4337,841.0000,973.0653,1102.0000,1257.9885,1331.0000,1926.0000,1550.0000
2023-02-19,336,-9999.0000,-9999.0000,-9999.0000,-9999.0000,-9999.0000,-9999.0000,-9999.0000,-9999.0000,-9999.0000,-9999.0000,-9999.0000
2023-02-19,336,-9999.0000,-9999.0000,-9999.0000,-9999.0000,-9999.0000,-9999.0000,-9999.0000,-9999.0000,-9999.0000,-9999.0000,-9999.0000
2023-02-26,336,247.0000,422.1429,490.0000,557.3333,777.0000,962.5762,1094.0000,1272.2000,1291.0000,1761.0000,1445.0000
2023-02-26,336,272.0000,424.6667,506.0000,580.0935,812.0000,997.0000,1110.0000,1290.0000,1302.0000,1898.0000,1467.0000
2023-03-01,336,334.0000,428.4305,500.6681,560.0000,786.0000,950.0000,1085.0000,1236.2810,1299.8458,1778.7183,1441.0000
2023-03-01,336,337.0000,428.7712,498.1755,560.7498,784.0000,961.5000,1081.0000,1234.4245,1293.6667,1774.6807,1441.1644
2023-03-03,336,-9999.0000,-9999.0000,-9999.0000,-9999.0000,-9999.0000,-9999.0000,-9999.0000,-9999.0000,-9999.0000,-9999.0000,-9999.0000
2023-03-03,336,-9999.0000,-9999.0000,-9999.0000,-9999.0000,-9999.0000,-9999.0000,-9999.0000,-9999.0000,-9999.0000,-9999.0000,-9999.0000
2023-03-11,336,8126.0000,8228.0000,8035.6364,8214.6667,8452.3151,8216.9842,8056.2687,8372.5714,7828.8224,867.0000,871.0000
2023-03-11,336,7920.6981,8227.0000,8054.1192,8214.5455,8425.0000,8198.3323,8041.1066,8374.8363,7812.5223,866.0000,871.0000
2023-03-18,336,-9999.0000,-9999.0000,-9999.0000,-9999.0000,-9999.0000,-9999.0000,-9999.0000,-9999.0000,-9999.0000,-9999.0000,-9999.0000
2023-03-18,336,-9999.0000,-9999.0000,-9999.0000,-9999.0000,-9999.0000,-9999.0000,-9999.0000,-9999.0000,-9999.0000,-9999.0000,-9999.0000
2023-03-23,336,381.0000,396.0000,494.0000,574.0000,806.2500,972.0000,1123.2049,1267.8182,1341.0000,1881.0000,1389.0000
2023-03-23,336,362.0000,388.0000,488.4365,566.0000,811.0000,966.5159,1107.2500,1258.2857,1323.0000,1889.1363,1394.2611
2023-04-02,336,287.0000,330.0000,451.0000,540.0000,781.0000,948.7500,1082.9882,1260.3750,1308.0476,1849.2459,1397.2726
2023-04-02,336,290.0000,330.1998,450.3426,536.2000,790.5000,939.0000,1066.3333,1260.0000,1296.0629,1869.8750,1410.5000
2023-04-05,336,562.0000,573.1751,720.8208,861.1570,1171.0000,1411.6897,1579.0052,1761.6787,1851.0000,2600.6931,2291.0000
2023-04-05,336,541.0000,577.4860,724.5519,865.3333,1154.0000,1401.0000,1563.0000,1763.1429,1826.6719,2606.0000,2292.8312
2023-04-17,336,1161.0000,1112.0000,1232.0000,1224.0000,1583.0000,2119.0000,2569.0000,2853.0000,2597.0000,2634.0000,2371.0000
2023-04-17,336,1523.0000,1142.0000,1192.0000,1340.0000,1762.0000,2100.0000,2493.0000,2219.0000,2578.0000,3149.0000,2462.0000
2023-04-25,336,-9999.0000,-9999.0000,-9999.0000,-9999.0000,-9999.0000,-9999.0000,-9999.0000,-9999.0000,-9999.0000,-9999.0000,-9999.0000
2023-04-25,336,-9999.0000,-9999.0000,-9999.0000,-9999.0000,-9999.0000,-9999.0000,-9999.0000,-9999.0000,-9999.0000,-9999.0000,-9999.0000
2023-04-30,336,538.0000,642.0709,730.0000,977.6651,1174.2500,1346.6600,1532.3333,1684.8932,1800.0000,2860.5000,2978.3333
2023-04-30,336,532.0000,634.0000,722.2472,965.2000,1168.0000,1347.8750,1532.6026,1683.9030,1793.9233,2851.9506,2960.0000
2023-05-12,336,-9999.0000,-9999.0000,-9999.0000,-9999.0000,-9999.0000,-9999.0000,-9999.0000,-9999.0000,-9999.0000,-9999.0000,-9999.0000
2023-05-12,336,-9999.0000,-9999.0000,-9999.0000,-9999.0000,-9999.0000,-9999.0000,-9999.0000,-9999.0000,-9999.0000,-9999.0000,-9999.0000
2023-05-15,336,-9999.0000,-9999.0000,-9999.0000,-9999.0000,-9999.0000,-9999.0000,-9999.0000,-9999.0000,-9999.0000,-9999.0000,-9999.0000
2023-05-15,336,-9999.0000,-9999.0000,-9999.0000,-9999.0000,-9999.0000,-9999.0000,-9999.0000,-9999.0000,-9999.0000,-9999.0000,-9999.0000
2023-05-20,336,623.0000,750.1250,836.0000,980.8044,1236.0000,1504.4000,1678.0000,1802.7255,1933.0000,2378.0000,2260.0000
2023-05-20,336,652.0000,748.2000,836.0000,981.7500,1221.6152,1489.6667,1643.0000,1762.2479,1884.7496,2345.7796,2218.5000
2023-05-22,336,908.0000,929.0000,1157.3846,1328.7440,1777.3377,2307.6667,2532.9495,2646.9449,2870.8571,3787.7500,3578.7414
2023-05-22,336,911.0000,924.2857,1156.0000,1324.6303,1778.5000,2307.0759,2547.8065,2643.0698,2875.0000,3779.4818,3580.0997
2023-05-25,336,-9999.0000,-9999.0000,-9999.0000,-9999.0000,-9999.0000,-9999.0000,-9999.0000,-9999.0000,-9999.0000,-9999.0000,-9999.0000
2023-05-25,336,-9999.0000,-9999.0000,-9999.0000,-9999.0000,-9999.0000,-9999.0000,-9999.0000,-9999.0000,-9999.0000,-9999.0000,-9999.0000
2023-05-27,336,718.0000,894.0000,1108.9961,1289.2000,1696.7504,2169.6667,2419.6000,2652.5000,2723.2500,3619.7627,3575.7500
2023-05-27,336,709.0000,892.7612,1108.9091,1289.2393,1692.1214,2168.6667,2419.5000,2658.8592,2733.0000,3627.3333,3561.7147
2023-06-04,336,742.0000,872.0000,1117.4286,1369.0000,1740.5000,2147.1278,2370.0000,2569.5714,2684.0000,3554.0000,3410.0000
2023-06-04,336,745.0000,870.6154,1117.0909,1369.7500,1744.6667,2155.0000,2378.3664,2569.9985,2681.5000,3563.4000,3415.8000
2023-06-06,336,708.0000,968.3125,1193.8528,1444.8571,1843.0000,2251.1507,2466.2500,2690.8724,2772.2930,3659.2500,3608.8595
2023-06-06,336,726.0000,968.0000,1193.2500,1449.0203,1837.5000,2250.0356,2467.8333,2690.4615,2770.5370,3667.2500,3607.4000
2023-06-09,336,684.0000,884.2857,1136.8000,1325.2500,1757.0000,2309.2500,2554.2914,2676.2222,2829.0000,3411.0000,3283.8000
2023-06-09,336,696.0000,884.3101,1137.0336,1325.3846,1765.3333,2306.6104,2556.6667,2666.9524,2820.1372,3411.5000,3287.1429
2023-06-11,336,745.0000,853.1393,1188.5552,1284.8000,1808.3333,2659.3349,2883.5000,3036.3333,3173.0000,3339.0000,2953.6000
2023-06-11,336,730.0000,852.4001,1188.4360,1288.8571,1816.0000,2663.0000,2874.4000,3043.1765,3171.2500,3347.5000,2951.3333
2023-06-14,336,583.0000,716.2500,1077.3753,1069.1860,1698.0000,2685.0000,2941.0000,3074.8000,3204.0000,2835.2098,2395.6667
2023-06-14,336,585.0000,714.0000,1081.1969,1065.1176,1702.0000,2690.1739,2937.0000,3066.6278,3202.5000,2829.9985,2395.5000
2023-06-16,336,568.0000,758.1765,1108.0000,1005.0813,1685.5000,2925.8247,3241.7430,3417.1111,3493.0000,2721.5126,2258.6667
2023-06-16,336,572.0000,758.5556,1110.0000,1005.4168,1689.6000,2930.0000,3233.3455,3416.6000,3485.0000,2725.7394,2248.6193
2023-06-21,336,-9999.0000,-9999.0000,-9999.0000,-9999.0000,-9999.0000,-9999.0000,-9999.0000,-9999.0000,-9999.0000,-9999.0000,-9999.0000
2023-06-21,336,-9999.0000,-9999.0000,-9999.0000,-9999.0000,-9999.0000,-9999.0000,-9999.0000,-9999.0000,-9999.0000,-9999.0000,-9999.0000
2023-06-24,336,484.0000,478.4672,724.3333,553.2720,1129.3333,2577.3333,2939.3773,2929.1455,3115.0000,1666.5863,1083.7144
2023-06-24,336,482.0000,476.5644,722.2983,548.1127,1134.0000,2554.9855,2908.1688,2940.2574,3115.5000,1661.0000,1098.6266
2023-06-26,336,751.0000,806.5000,1012.7643,816.3007,1430.5000,3172.0000,3692.3661,3875.3333,3931.6667,2291.0000,1700.3721
2023-06-26,336,743.0000,806.3750,1012.9189,813.2283,1424.0000,3161.0000,3694.9453,3874.1339,3935.0000,2307.5000,1690.8898
2023-07-06,336,-9999.0000,-9999.0000,-9999.0000,-9999.0000,-9999.0000,-9999.0000,-9999.0000,-9999.0000,-9999.0000,-9999.0000,-9999.0000
2023-07-11,336,-9999.0000,-9999.0000,-9999.0000,-9999.0000,-9999.0000,-9999.0000,-9999.0000,-9999.0000,-9999.0000,-9999.0000,-9999.0000
2023-07-11,336,-9999.0000,-9999.0000,-9999.0000,-9999.0000,-9999.0000,-9999.0000,-9999.0000,-9999.0000,-9999.0000,-9999.0000,-9999.0000
2023-07-21,336,-9999.0000,-9999.0000,-9999.0000,-9999.0000,-9999.0000,-9999.0000,-9999.0000,-9999.0000,-9999.0000,-9999.0000,-9999.0000
2023-07-21,336,-9999.0000,-9999.0000,-9999.0000,-9999.0000,-9999.0000,-9999.0000,-9999.0000,-9999.0000,-9999.0000,-9999.0000,-9999.0000
2023-07-26,336,294.0000,321.0000,540.0000,230.0000,829.0000,3693.0000,4574.0000,4620.0000,4767.0000,1015.0000,397.0000
2023-07-26,336,289.0000,407.0000,599.0000,298.0000,823.0000,3406.0000,3943.0000,4991.0000,4315.0000,1166.0000,447.0000
2023-08-03,336,460.0000,387.0000,589.0000,301.0000,934.0000,4054.0000,5058.0000,5000.0000,5286.0000,1142.0000,447.0000
2023-08-08,336,605.0000,580.3128,720.0000,369.9308,913.5000,4184.9488,5336.5021,5477.8785,5532.2801,1123.5000,436.0000
2023-08-08,336,612.0000,586.2667,720.0000,369.7398,913.2000,4168.0000,5301.2000,5463.0657,5511.6000,1131.0000,443.0000
2023-08-20,336,293.0000,264.3377,553.2000,245.4599,829.4000,4025.2308,4934.0000,5047.9772,5143.2857,1306.2520,506.7288
2023-08-20,336,288.0000,262.3287,553.2069,245.3636,826.5000,4003.5714,4937.0000,5048.1333,5124.0276,1298.3333,505.4497
2023-08-23,336,536.0000,481.7778,697.0000,385.2221,1009.5000,4062.0000,5082.7500,4999.0000,5383.7143,1395.0000,571.0000
2023-08-23,336,533.0000,478.1250,689.6667,381.5000,988.5000,4053.0000,5115.0000,5015.4286,5401.4000,1398.5000,568.0000
2023-08-28,336,-9999.0000,-9999.0000,-9999.0000,-9999.0000,-9999.0000,-9999.0000,-9999.0000,-9999.0000,-9999.0000,-9999.0000,-9999.0000
2023-08-28,336,-9999.0000,-9999.0000,-9999.0000,-9999.0000,-9999.0000,-9999.0000,-9999.0000,-9999.0000,-9999.0000,-9999.0000,-9999.0000
2023-09-02,336,424.0000,380.4288,646.2658,297.0076,973.6667,4007.7143,4919.7143,4931.1947,5080.0000,1221.0000,459.5050
2023-09-02,336,414.0000,372.2180,642.3666,292.9634,973.0000,4008.0000,4907.7500,4933.4000,5078.1667,1218.0327,469.3474
2023-09-04,336,311.0000,372.2500,676.9231,313.4319,942.0000,3943.5000,4871.1111,5030.6785,5017.2001,1306.4224,539.3955
2023-09-04,336,309.0000,372.2133,677.3780,313.3333,942.0000,3944.2222,4887.3391,5032.5600,5003.5000,1308.0000,546.5085
2023-09-07,336,196.0000,294.0000,573.0633,261.6446,897.0000,3671.8998,4557.0000,4661.3355,4727.2922,1241.4975,522.4286
2023-09-07,336,194.0000,292.0721,569.5980,261.4667,893.5370,3658.0000,4551.5556,4662.3529,4711.0358,1243.8762,524.5648
2023-09-09,336,380.0000,370.6036,689.0029,340.9716,1013.7956,3879.5673,4645.7615,4743.8929,4870.4934,1402.7951,588.7561
2023-09-09,336,376.0000,370.5517,686.0949,345.1475,1018.7444,3877.9590,4647.0000,4726.8148,4873.8462,1411.4300,587.5100
2023-09-14,336,-9999.0000,-9999.0000,-9999.0000,-9999.0000,-9999.0000,-9999.0000,-9999.0000,-9999.0000,-9999.0000,-9999.0000,-9999.0000
2023-09-14,336,-9999.0000,-9999.0000,-9999.0000,-9999.0000,-9999.0000,-9999.0000,-9999.0000,-9999.0000,-9999.0000,-9999.0000,-9999.0000
2023-09-22,336,-9999.0000,-9999.0000,-9999.0000,-9999.0000,-9999.0000,-9999.0000,-9999.0000,-9999.0000,-9999.0000,-9999.0000,-9999.0000
2023-09-22,336,-9999.0000,-9999.0000,-9999.0000,-9999.0000,-9999.0000,-9999.0000,-9999.0000,-9999.0000,-9999.0000,-9999.0000,-9999.0000
2023-09-24,336,278.0000,414.7286,706.0000,365.5106,1028.8619,3607.0000,4263.5000,4375.2000,4375.2857,1186.0000,545.2456
2023-09-24,336,273.0000,412.4233,702.1151,361.1281,1033.0000,3594.5776,4265.6320,4375.8750,4376.7729,1189.3333,549.3333
2023-10-14,336,-9999.0000,-9999.0000,-9999.0000,-9999.0000,-9999.0000,-9999.0000,-9999.0000,-9999.0000,-9999.0000,-9999.0000,-9999.0000
2023-10-14,336,-9999.0000,-9999.0000,-9999.0000,-9999.0000,-9999.0000,-9999.0000,-9999.0000,-9999.0000,-9999.0000,-9999.0000,-9999.0000
2023-10-17,336,163.0000,308.0000,630.5000,301.5152,995.0000,3640.5000,4280.3333,4501.8000,4409.7500,1192.5000,581.0000
2023-10-17,336,160.0000,304.0000,626.0000,301.4054,988.5917,3641.1585,4246.8000,4501.4737,4408.3000,1191.0000,573.3333
2023-10-22,336,-9999.0000,-9999.0000,-9999.0000,-9999.0000,-9999.0000,-9999.0000,-9999.0000,-9999.0000,-9999.0000,-9999.0000,-9999.0000
2023-10-22,336,-9999.0000,-9999.0000,-9999.0000,-9999.0000,-9999.0000,-9999.0000,-9999.0000,-9999.0000,-9999.0000,-9999.0000,-9999.0000
2023-11-08,336,1321.0000,1298.0000,1442.0000,1378.0000,1837.6126,2292.2500,2419.6549,2627.3331,2612.6436,1896.5000,1450.6000
2023-11-08,336,1311.0000,1290.0000,1434.0000,1372.0000,1833.3917,2275.4375,2412.0702,2620.0933,2599.2948,1890.3597,1448.7620
2023-11-16,336,0.0000,203.0000,342.0000,382.0000,632.7155,867.0019,954.5211,1083.2162,1100.2457,914.2389,695.0000
2023-11-16,336,0.0000,201.0000,341.0000,382.0000,624.0773,868.4029,956.0269,1082.3535,1099.6176,910.0000,693.0000
2023-11-28,336,-9999.0000,-9999.0000,-9999.0000,-9999.0000,-9999.0000,-9999.0000,-9999.0000,-9999.0000,-9999.0000,-9999.0000,-9999.0000
2023-11-28,336,-9999.0000,-9999.0000,-9999.0000,-9999.0000,-9999.0000,-9999.0000,-9999.0000,-9999.0000,-9999.0000,-9999.0000,-9999.0000
2023-12-01,336,1333.0000,1248.0000,1216.0000,1306.0000,1623.0000,1862.0000,1921.0000,2160.0000,2166.0000,1080.0000,870.0000
2023-12-01,336,1583.0000,1246.0000,1190.0000,1310.0000,1614.0000,1788.0000,1960.0000,2200.0000,2198.0000,1094.0000,886.0000
2023-12-03,336,830.0000,901.5183,813.3333,801.0897,1068.3333,1259.2000,1380.5714,1563.4254,1602.9325,1419.9268,1029.1615
2023-12-03,336,815.0000,901.6470,808.9394,801.2202,1076.7359,1267.3319,1394.1773,1571.6665,1610.8604,1436.0000,1046.0000
2023-12-26,336,-9999.0000,-9999.0000,-9999.0000,-9999.0000,-9999.0000,-9999.0000,-9999.0000,-9999.0000,-9999.0000,-9999.0000,-9999.0000
2023-12-26,336,-9999.0000,-9999.0000,-9999.0000,-9999.0000,-9999.0000,-9999.0000,-9999.0000,-9999.0000,-9999.0000,-9999.0000,-9999.0000
2024-01-07,336,-9999.0000,-9999.0000,-9999.0000,-9999.0000,-9999.0000,-9999.0000,-9999.0000,-9999.0000,-9999.0000,-9999.0000,-9999.0000
2024-01-07,336,-9999.0000,-9999.0000,-9999.0000,-9999.0000,-9999.0000,-9999.0000,-9999.0000,-9999.0000,-9999.0000,-9999.0000,-9999.0000
2024-01-10,336,798.0000,778.3333,851.9000,1155.0033,1419.9874,1621.0000,1787.0000,2102.6756,2101.6000,2710.0000,2569.0000
2024-01-10,336,804.5000,779.5754,851.4090,1154.9142,1435.6168,1627.7460,1799.2000,2104.8266,2104.1683,2694.0000,2520.2500
2024-01-22,336,194.0000,394.0000,438.0000,480.0000,995.0000,1844.0000,2138.0000,1732.0000,2394.0000,1293.0000,797.0000
2024-01-27,336,669.0000,611.0000,657.4359,785.0000,981.4990,1107.2000,1239.2857,1430.6250,1482.7926,1603.6002,1161.4397
2024-01-27,336,667.0000,606.0000,657.0909,780.8000,985.0139,1112.0012,1244.1667,1415.0676,1493.3976,1604.0000,1165.5000
2024-02-01,336,-9999.0000,-9999.0000,-9999.0000,-9999.0000,-9999.0000,-9999.0000,-9999.0000,-9999.0000,-9999.0000,-9999.0000,-9999.0000
2024-02-01,336,-9999.0000,-9999.0000,-9999.0000,-9999.0000,-9999.0000,-9999.0000,-9999.0000,-9999.0000,-9999.0000,-9999.0000,-9999.0000
2024-03-02,336,-9999.0000,-9999.0000,-9999.0000,-9999.0000,-9999.0000,-9999.0000,-9999.0000,-9999.0000,-9999.0000,-9999.0000,-9999.0000
2024-03-02,336,-9999.0000,-9999.0000,-9999.0000,-9999.0000,-9999.0000,-9999.0000,-9999.0000,-9999.0000,-9999.0000,-9999.0000,-9999.0000
2024-04-06,336,-9999.0000,-9999.0000,-9999.0000,-9999.0000,-9999.0000,-9999.0000,-9999.0000,-9999.0000,-9999.0000,-9999.0000,-9999.0000
2024-04-06,336,-9999.0000,-9999.0000,-9999.0000,-9999.0000,-9999.0000,-9999.0000,-9999.0000,-9999.0000,-9999.0000,-9999.0000,-9999.0000
2024-04-14,336,530.0000,565.0000,620.0000,727.0000,1024.0000,1304.0000,1527.0000,1440.0000,1806.0000,2286.0000,2203.0000
2024-04-14,336,519.0000,575.0000,660.0000,794.0000,1044.0000,1365.0000,1597.0000,1538.0000,1776.0000,2366.0000,2313.0000
2024-04-21,336,-9999.0000,-9999.0000,-9999.0000,-9999.0000,-9999.0000,-9999.0000,-9999.0000,-9999.0000,-9999.0000,-9999.0000,-9999.0000
2024-04-24,336,-9999.0000,-9999.0000,-9999.0000,-9999.0000,-9999.0000,-9999.0000,-9999.0000,-9999.0000,-9999.0000,-9999.0000,-9999.0000
2024-04-24,336,-9999.0000,-9999.0000,-9999.0000,-9999.0000,-9999.0000,-9999.0000,-9999.0000,-9999.0000,-9999.0000,-9999.0000,-9999.0000
2024-04-26,336,-9999.0000,-9999.0000,-9999.0000,-9999.0000,-9999.0000,-9999.0000,-9999.0000,-9999.0000,-9999.0000,-9999.0000,-9999.0000
2024-04-26,336,-9999.0000,-9999.0000,-9999.0000,-9999.0000,-9999.0000,-9999.0000,-9999.0000,-9999.0000,-9999.0000,-9999.0000,-9999.0000
2024-04-29,336,613.0000,593.7091,761.6363,780.7500,1186.0000,1484.5000,1658.0000,1829.2000,1932.0000,2596.0000,2064.0000
2024-04-29,336,602.0000,589.3390,761.5292,781.2060,1206.0000,1490.0000,1662.0000,1847.6631,1944.0000,2610.0000,2105.0000
2024-05-01,336,549.0000,658.7425,810.5000,810.3509,1236.1230,1605.0000,1779.0000,1862.7778,1998.1203,2548.6667,2105.5000
2024-05-01,336,549.0000,658.6026,809.0000,812.9784,1242.0000,1586.0000,1771.0000,1867.0799,1978.3333,2537.4615,2098.3112
2024-05-06,336,642.0000,613.2505,821.6832,777.0942,1206.5876,1715.5086,1899.2975,2059.3530,2121.9829,2360.0000,1837.8448
2024-05-06,336,621.0000,613.3644,817.3744,772.9945,1219.0000,1722.0000,1889.0000,2068.0000,2124.2969,2355.4985,1846.0000
2024-05-09,336,905.0000,786.0868,860.8235,1060.3693,1314.0000,1500.3333,1675.3333,1819.0000,1986.7500,2852.0000,2777.0000
2024-05-09,336,892.6779,785.0667,857.0000,1057.3846,1309.0000,1499.6667,1682.0000,1816.5714,1987.5000,2867.0000,2803.0000
2024-05-11,336,408.0000,506.1449,588.3750,786.2214,982.0000,1163.4286,1331.7500,1514.8634,1604.3333,2756.4000,2900.0000
2024-05-11,336,405.0000,506.3161,588.2500,789.4203,990.0000,1169.0000,1331.4000,1515.8571,1597.5000,2740.0000,2891.5000
2024-05-14,336,438.0000,526.1333,614.1875,829.1765,1028.5000,1236.0320,1421.3333,1579.2727,1684.1429,2789.5000,2931.5000
2024-05-14,336,432.0000,526.4000,614.4375,829.1309,1032.0000,1236.5159,1412.3333,1578.7318,1698.0000,2793.6667,2934.3333
2024-05-16,336,-9999.0000,-9999.0000,-9999.0000,-9999.0000,-9999.0000,-9999.0000,-9999.0000,-9999.0000,-9999.0000,-9999.0000,-9999.0000
2024-05-16,336,-9999.0000,-9999.0000,-9999.0000,-9999.0000,-9999.0000,-9999.0000,-9999.0000,-9999.0000,-9999.0000,-9999.0000,-9999.0000
2024-05-19,336,597.0000,652.5000,798.4286,1105.0000,1341.0000,1524.4627,1730.9862,1866.8305,2035.9992,3305.0000,3399.8125
2024-05-19,336,594.3364,656.0000,798.3333,1101.0000,1350.6667,1530.5000,1729.0000,1867.1789,2045.3137,3299.0000,3411.3333
2024-05-21,336,746.0000,834.0000,896.0000,1082.0000,1320.0000,1598.5000,1804.0000,1829.0000,2053.1891,2697.9083,2825.0000
2024-05-21,336,751.0000,839.0000,897.0000,1076.0000,1317.0000,1586.0000,1822.0000,1874.9060,2111.0000,2753.0000,2874.0000
2024-05-26,336,-9999.0000,-9999.0000,-9999.0000,-9999.0000,-9999.0000,-9999.0000,-9999.0000,-9999.0000,-9999.0000,-9999.0000,-9999.0000
2024-05-26,336,-9999.0000,-9999.0000,-9999.0000,-9999.0000,-9999.0000,-9999.0000,-9999.0000,-9999.0000,-9999.0000,-9999.0000,-9999.0000
2024-05-31,336,-9999.0000,-9999.0000,-9999.0000,-9999.0000,-9999.0000,-9999.0000,-9999.0000,-9999.0000,-9999.0000,-9999.0000,-9999.0000
2024-05-31,336,-9999.0000,-9999.0000,-9999.0000,-9999.0000,-9999.0000,-9999.0000,-9999.0000,-9999.0000,-9999.0000,-9999.0000,-9999.0000
2024-06-05,336,1158.0000,893.1429,1016.8000,1208.4000,1631.0000,2403.0000,2738.0000,2656.0000,3076.4218,3282.0000,2678.0000
2024-06-05,336,1189.0000,880.5000,1010.0000,1176.0000,1577.0000,2443.1757,2721.5486,2632.0000,3124.5000,3246.0000,2622.8296
2024-06-15,336,-9999.0000,-9999.0000,-9999.0000,-9999.0000,-9999.0000,-9999.0000,-9999.0000,-9999.0000,-9999.0000,-9999.0000,-9999.0000
2024-06-15,336,-9999.0000,-9999.0000,-9999.0000,-9999.0000,-9999.0000,-9999.0000,-9999.0000,-9999.0000,-9999.0000,-9999.0000,-9999.0000
2024-06-23,336,639.0000,593.0000,739.0000,678.0000,1188.0000,2936.0000,3448.0000,3556.8178,3684.0000,2585.0000,1861.6564
2024-06-23,336,655.0000,584.0000,740.3484,673.1395,1181.0000,2941.0000,3451.5000,3560.0000,3690.0000,2549.0000,1820.0000
2024-06-25,336,413.0000,414.3750,634.0000,545.6291,1018.5600,2935.7500,3379.0000,3575.1068,3632.0000,2469.9113,1700.5000
2024-06-25,336,412.0000,410.3846,630.1702,540.8616,1017.6667,2919.0000,3383.0000,3575.0000,3641.4455,2474.5000,1706.0836
2024-07-08,336,496.0000,442.1818,722.3222,357.4903,1126.5000,5063.0000,6113.0000,6213.9615,6295.9851,2198.4994,900.2000
2024-07-08,336,479.0000,428.3102,714.2252,349.3403,1131.0000,5079.0637,6199.5000,6262.0000,6349.0000,2202.1362,900.9958
2024-07-10,336,-9999.0000,-9999.0000,-9999.0000,-9999.0000,-9999.0000,-9999.0000,-9999.0000,-9999.0000,-9999.0000,-9999.0000,-9999.0000
2024-07-10,336,-9999.0000,-9999.0000,-9999.0000,-9999.0000,-9999.0000,-9999.0000,-9999.0000,-9999.0000,-9999.0000,-9999.0000,-9999.0000
2024-07-15,336,1086.0000,698.0000,1012.6667,564.0000,1427.0000,5790.0000,6840.0000,7442.3333,7085.0000,2741.0000,1200.0000
2024-07-15,336,1146.0000,696.8921,1018.0000,577.6667,1426.0000,5891.7311,6936.0000,7403.5000,7119.0000,2738.2000,1206.1774
2024-07-20,336,288.0000,365.4905,626.0000,293.1287,976.2000,4483.0000,5612.4000,5639.2857,5712.6667,2049.5882,849.5835
2024-07-20,336,285.0000,365.4629,628.2871,293.6319,976.7552,4468.8786,5620.5371,5642.7143,5703.5000,2044.7325,853.0000
2024-07-28,336,777.0000,664.0000,930.0000,700.0000,1285.0000,3739.0000,4546.0000,4376.0000,4874.0000,2188.0000,1189.0000
2024-07-28,336,496.0000,534.0000,838.0000,585.0000,1272.0000,3629.0000,4281.0000,4764.0000,4688.0000,2186.0000,1227.0000
2024-07-30,336,430.0000,472.6667,684.0000,416.6667,990.0000,3477.0000,4287.0000,4465.0000,4465.0000,1874.0000,955.0000
2024-07-30,336,378.0000,456.5531,676.6667,412.0000,1012.0000,3529.9272,4384.0000,4492.0000,4491.0000,1849.6667,956.0000
2024-08-02,336,253.0000,326.2496,558.3462,277.1395,926.5000,3907.2586,4884.0357,4948.0000,5098.5000,1713.1206,766.0000
2024-08-02,336,247.0000,326.0716,556.3333,277.5269,926.0000,3924.5318,4907.0000,4968.0000,5091.5000,1713.9014,765.6667
2024-08-12,336,211.0000,274.3295,493.0455,261.4375,829.0000,3248.5000,4083.0000,4118.7542,4259.5098,1613.4978,813.7770
2024-08-12,336,209.0000,274.1667,494.4286,257.6220,826.3333,3245.2555,4072.0000,4119.4286,4236.0000,1618.2500,812.0000
2024-08-17,336,427.0000,416.5375,664.2857,385.1016,1054.9362,3676.5000,4427.6089,4595.3333,4694.0000,1858.0000,869.0000
2024-08-17,336,424.0000,416.6000,662.0000,384.6934,1050.0000,3671.0000,4379.0000,4601.3333,4670.1302,1855.0000,869.0000
2024-08-19,336,290.0000,380.5455,625.0000,341.3333,985.0000,3481.0000,4226.0000,4409.4000,4481.0000,1921.0000,987.0000
2024-08-19,336,290.0000,381.0701,624.9048,345.7325,986.0000,3475.0000,4239.0000,4390.0000,4439.1095,1918.0000,993.6667
2024-08-27,336,499.0000,472.1556,708.1811,493.2021,1130.2500,3013.6194,3527.8000,3622.0000,3780.0000,1842.0000,1017.0000
2024-08-27,336,503.0000,472.0625,708.3529,493.7935,1130.3333,3028.0000,3541.0000,3621.4504,3832.3333,1841.0113,1018.0000
2024-08-29,336,976.0000,874.7944,1012.0000,777.3333,1443.0000,3348.1769,3974.0000,3927.2641,4203.0000,2221.2899,1389.6667
2024-08-29,336,980.0000,875.0000,1012.5756,776.6667,1450.0000,3363.2174,3991.3333,3932.0000,4201.3333,2219.0000,1397.0000
2024-09-01,336,312.0000,384.1304,586.3077,385.0000,976.2471,2659.4271,3158.6954,3157.4604,3396.2475,1790.0000,1088.0000
2024-09-01,336,311.0000,380.6254,588.2941,385.7031,977.0000,2682.5000,3208.5000,3192.0000,3431.0000,1780.0000,1104.0000
2024-09-08,336,-9999.0000,-9999.0000,-9999.0000,-9999.0000,-9999.0000,-9999.0000,-9999.0000,-9999.0000,-9999.0000,-9999.0000,-9999.0000
2024-09-11,336,211.0000,281.0000,478.2462,286.2748,880.0000,2418.4326,2763.8166,2902.4000,3002.0000,1410.6656,744.5000
2024-09-11,336,220.0000,286.0000,484.0000,288.6530,880.6667,2406.5748,2799.0000,2941.0000,3061.0000,1402.5000,741.0000
2024-09-13,336,-9999.0000,-9999.0000,-9999.0000,-9999.0000,-9999.0000,-9999.0000,-9999.0000,-9999.0000,-9999.0000,-9999.0000,-9999.0000
2024-09-13,336,-9999.0000,-9999.0000,-9999.0000,-9999.0000,-9999.0000,-9999.0000,-9999.0000,-9999.0000,-9999.0000,-9999.0000,-9999.0000
2024-09-16,336,892.0000,708.0000,900.3232,646.5000,1440.6664,3033.5000,3415.0000,3535.7115,3767.9836,2187.0000,1317.0000
2024-09-16,336,897.0000,702.6667,903.0000,640.0000,1440.0000,3080.6667,3495.0000,3619.0000,3880.0000,2242.0000,1333.0000
2024-09-18,336,658.0000,789.6215,937.6524,733.0331,1373.3824,2758.5000,3142.0000,3321.0937,3390.0000,2266.0000,1467.5000
2024-09-18,336,674.0000,785.8190,937.6509,728.8889,1364.5000,2737.5784,3112.0000,3332.4286,3399.0000,2243.0000,1458.0000
2024-09-21,336,311.0000,396.1925,568.0353,473.8342,994.2047,1923.4393,2213.5000,2281.0000,2439.5000,1942.5000,1360.7711
2024-09-21,336,303.0000,388.3311,562.1695,465.5024,994.3967,1892.0000,2172.0000,2265.0000,2390.6520,1930.0000,1369.0000
2024-09-23,336,-9999.0000,-9999.0000,-9999.0000,-9999.0000,-9999.0000,-9999.0000,-9999.0000,-9999.0000,-9999.0000,-9999.0000,-9999.0000
2024-09-28,336,255.0000,344.1429,426.2803,418.7936,764.3806,1159.2931,1352.0000,1509.1667,1592.6667,1366.0000,906.6937
2024-09-28,336,253.0000,342.0000,424.2449,412.2116,762.0000,1157.7500,1342.1908,1495.7500,1578.0000,1350.5000,913.6085
2024-10-03,336,-9999.0000,-9999.0000,-9999.0000,-9999.0000,-9999.0000,-9999.0000,-9999.0000,-9999.0000,-9999.0000,-9999.0000,-9999.0000
2024-10-03,336,-9999.0000,-9999.0000,-9999.0000,-9999.0000,-9999.0000,-9999.0000,-9999.0000,-9999.0000,-9999.0000,-9999.0000,-9999.0000
2024-10-11,336,661.0000,736.0000,808.0000,850.0000,1184.0130,1782.7500,2087.6667,2244.6667,2359.7500,2153.0000,1778.0000
2024-10-11,336,661.0000,736.0000,804.4248,848.5645,1172.0000,1770.3333,2057.3333,2230.8889,2312.6114,2130.0000,1758.7667
2024-10-13,336,-9999.0000,-9999.0000,-9999.0000,-9999.0000,-9999.0000,-9999.0000,-9999.0000,-9999.0000,-9999.0000,-9999.0000,-9999.0000
2024-10-13,336,-9999.0000,-9999.0000,-9999.0000,-9999.0000,-9999.0000,-9999.0000,-9999.0000,-9999.0000,-9999.0000,-9999.0000,-9999.0000
2024-10-18,336,720.0000,904.7500,977.5823,1004.8750,1382.5000,2006.5788,2327.7610,2487.9524,2597.5000,2591.0000,2315.7191
2024-10-18,336,711.0000,897.5000,977.4832,1004.8750,1376.4444,2012.0000,2312.2100,2486.6976,2598.9822,2593.0000,2324.0000
2024-10-26,336,306.0000,387.6582,515.0814,707.3478,941.0033,1092.2199,1274.0000,1365.6000,1543.5000,2171.5000,1937.5000
2024-10-26,336,312.0000,387.8317,507.5515,707.8000,930.8167,1110.9662,1267.6998,1350.2123,1525.8333,2188.2467,1940.2413
2024-11-05,336,568.0000,570.9839,635.4043,779.3499,990.5000,1217.5102,1354.0000,1527.8915,1609.0169,2269.9599,2043.0000
2024-11-05,336,572.0000,570.8692,626.7141,772.0257,993.5000,1206.0000,1351.0000,1512.5981,1594.2500,2252.5000,2043.2500
2024-11-12,336,242.0000,307.0751,403.7211,523.5475,708.4769,856.5894,966.6271,1111.2727,1175.3948,1668.6667,1358.3333
2024-11-12,336,224.0000,283.5644,387.1214,524.0630,700.0000,855.3636,966.2727,1096.6727,1176.1429,1676.6667,1347.3606
2024-11-17,336,253.0000,411.6426,427.4513,507.2778,678.0304,822.0929,920.5000,1062.8033,1127.6667,1484.6194,1197.6667
2024-11-17,336,253.0000,410.6365,427.5908,506.9130,677.9749,822.9089,915.5000,1078.0766,1126.2857,1478.0000,1192.0000
2024-11-30,336,-9999.0000,-9999.0000,-9999.0000,-9999.0000,-9999.0000,-9999.0000,-9999.0000,-9999.0000,-9999.0000,-9999.0000,-9999.0000
2024-11-30,336,-9999.0000,-9999.0000,-9999.0000,-9999.0000,-9999.0000,-9999.0000,-9999.0000,-9999.0000,-9999.0000,-9999.0000,-9999.0000
2025-01-11,336,304.0000,263.0000,234.3644,247.0000,319.0000,362.0000,403.0000,453.4588,462.5075,352.0000,225.0000
2025-01-11,336,284.0000,244.0000,222.3383,238.0000,304.0000,354.6000,385.3333,445.7553,453.1667,348.0000,220.5000
2025-01-26,336,-9999.0000,-9999.0000,-9999.0000,-9999.0000,-9999.0000,-9999.0000,-9999.0000,-9999.0000,-9999.0000,-9999.0000,-9999.0000
2025-01-26,336,-9999.0000,-9999.0000,-9999.0000,-9999.0000,-9999.0000,-9999.0000,-9999.0000,-9999.0000,-9999.0000,-9999.0000,-9999.0000
2025-01-31,336,250.0000,334.6667,469.2701,600.3077,857.1604,1011.5326,1113.8571,1316.0621,1340.0000,1749.8000,1324.7836
2025-01-31,336,233.0000,320.6250,456.0000,596.2847,840.3714,1004.5191,1107.6851,1308.3102,1331.5088,1749.0000,1321.0000
2025-02-03,336,-9999.0000,-9999.0000,-9999.0000,-9999.0000,-9999.0000,-9999.0000,-9999.0000,-9999.0000,-9999.0000,-9999.0000,-9999.0000
2025-02-03,336,-9999.0000,-9999.0000,-9999.0000,-9999.0000,-9999.0000,-9999.0000,-9999.0000,-9999.0000,-9999.0000,-9999.0000,-9999.0000
2025-02-18,336,460.0000,588.5803,693.5000,852.8889,1089.2342,1300.4729,1426.5321,1683.5710,1668.9546,2329.0000,2092.4848
2025-02-18,336,441.0000,577.1419,677.7260,849.1702,1089.6000,1289.6344,1420.6667,1675.0619,1658.6831,2326.7500,2084.0000
2025-02-23,336,-9999.0000,-9999.0000,-9999.0000,-9999.0000,-9999.0000,-9999.0000,-9999.0000,-9999.0000,-9999.0000,-9999.0000,-9999.0000
2025-02-28,336,-9999.0000,-9999.0000,-9999.0000,-9999.0000,-9999.0000,-9999.0000,-9999.0000,-9999.0000,-9999.0000,-9999.0000,-9999.0000
2025-02-28,336,-9999.0000,-9999.0000,-9999.0000,-9999.0000,-9999.0000,-9999.0000,-9999.0000,-9999.0000,-9999.0000,-9999.0000,-9999.0000
2025-03-02,336,456.0000,505.2690,653.2493,773.0753,1073.0000,1281.0000,1401.1465,1643.4465,1670.2768,2368.3629,1972.5000
2025-03-02,336,467.0000,501.4855,653.3394,768.8032,1060.1302,1282.7282,1405.6526,1642.9510,1650.1739,2348.8824,1965.0000
2025-03-07,336,598.0000,740.0000,914.3224,1070.0000,1398.4766,1670.0000,1837.6601,2034.2761,2113.4482,3094.5000,3041.6712
2025-03-07,336,586.0000,738.3009,910.4720,1064.0000,1389.0000,1665.7872,1829.0000,2029.5556,2113.4349,3092.0000,3037.0000
2025-03-10,336,563.0000,744.2465,854.0000,1026.0000,1289.0000,1545.2500,1696.5000,1946.0000,1938.0000,2781.6883,2756.2500
2025-03-10,336,555.0000,738.6707,854.3024,1026.0000,1278.5000,1537.2500,1690.0000,1938.6667,1933.5685,2788.1237,2757.5000
2025-03-12,336,-9999.0000,-9999.0000,-9999.0000,-9999.0000,-9999.0000,-9999.0000,-9999.0000,-9999.0000,-9999.0000,-9999.0000,-9999.0000
2025-03-12,336,-9999.0000,-9999.0000,-9999.0000,-9999.0000,-9999.0000,-9999.0000,-9999.0000,-9999.0000,-9999.0000,-9999.0000,-9999.0000
2025-03-14,336,-9999.0000,-9999.0000,-9999.0000,-9999.0000,-9999.0000,-9999.0000,-9999.0000,-9999.0000,-9999.0000,-9999.0000,-9999.0000
2025-03-14,336,-9999.0000,-9999.0000,-9999.0000,-9999.0000,-9999.0000,-9999.0000,-9999.0000,-9999.0000,-9999.0000,-9999.0000,-9999.0000
2025-03-15,336,342.0000,367.0000,433.0000,497.0000,659.0000,772.0000,824.0000,935.0000,984.0000,1383.0000,1382.0000
2025-03-15,336,475.0000,362.0000,426.0000,498.0000,624.0000,746.0000,797.0000,912.0000,978.0000,1377.0000,1336.0000
2025-03-17,336,543.0000,736.8333,893.6443,1117.4557,1400.0000,1681.0000,1849.0000,2154.8205,2131.7500,3189.8448,3120.0000
2025-03-17,336,542.0000,737.3750,888.9286,1112.8611,1405.5204,1678.0000,1841.0000,2155.5051,2128.8962,3189.0000,3117.7500
2025-03-17,336,600.0000,701.0855,889.0000,1113.0000,1422.0000,1696.7500,1866.6002,2130.8520,2169.5960,3181.8671,3016.5000
2025-03-17,336,597.0000,698.0000,885.2315,1113.2727,1417.5000,1680.0000,1854.0000,2130.8233,2153.5000,3172.3597,3009.6525
2025-03-20,336,412.0000,470.6000,508.3000,688.6175,841.0000,966.2510,1112.0000,1243.6000,1352.5000,2405.5000,2572.0000
2025-03-20,336,404.0000,470.6823,504.3750,688.4000,846.1162,979.0000,1116.0000,1244.0000,1353.5000,2411.0000,2579.0000
2025-03-22,336,421.0000,450.1667,582.6354,840.0000,1050.3358,1218.0010,1384.6667,1593.4425,1697.5000,2912.0000,2956.8465
2025-03-22,336,420.0000,448.4654,580.4613,838.5072,1047.0000,1210.0000,1361.5000,1593.0000,1685.0000,2898.0000,2957.0000
2025-03-24,336,893.0000,629.5000,655.0000,881.3801,1020.0000,1010.0000,1168.0000,1406.0000,1457.0000,3014.0000,2844.0000
2025-03-24,336,-9999.0000,-9999.0000,-9999.0000,-9999.0000,-9999.0000,-9999.0000,-9999.0000,-9999.0000,-9999.0000,-9999.0000,-9999.0000
2025-03-25,336,-9999.0000,-9999.0000,-9999.0000,-9999.0000,-9999.0000,-9999.0000,-9999.0000,-9999.0000,-9999.0000,-9999.0000,-9999.0000
2025-03-25,336,-9999.0000,-9999.0000,-9999.0000,-9999.0000,-9999.0000,-9999.0000,-9999.0000,-9999.0000,-9999.0000,-9999.0000,-9999.0000
2025-03-27,336,799.0000,888.3696,946.7249,1176.6667,1406.3449,1601.0000,1794.3333,2060.3796,2082.0000,3042.9030,3071.0000
2025-03-27,336,792.0000,888.0000,949.4692,1180.7273,1401.0000,1614.0000,1781.6953,2059.0759,2085.5000,3050.5000,3080.5000
2025-03-27,336,843.0000,830.0000,929.4704,1157.3870,1381.5727,1595.0000,1762.8131,1979.5148,2066.0000,2964.0448,2899.0034
2025-03-27,336,847.0000,820.0000,921.3333,1156.0000,1384.3896,1585.4892,1742.6667,1980.6734,2042.0000,2966.0875,2907.8819
2025-04-01,336,538.0000,553.0000,693.0655,985.8535,1213.1781,1420.0000,1603.0000,1811.1156,1957.3580,3258.1574,3351.0000
2025-04-01,336,537.0000,553.3421,697.0074,990.3750,1220.6371,1434.9681,1630.4042,1818.0000,1957.0000,3264.0000,3349.0210
2025-04-03,336,522.0000,564.9297,697.6222,980.8571,1193.4655,1443.8186,1628.5000,1844.0030,1948.5882,3229.0000,3289.5373
2025-04-03,336,538.0000,561.6106,697.2798,977.2276,1193.5385,1419.4207,1604.3129,1834.8252,1955.5000,3221.3150,3273.0000
2025-04-04,336,505.0000,544.1759,689.4430,949.6667,1169.5782,1404.6658,1555.3021,1762.7355,1884.8614,3112.0000,3142.0000
2025-04-04,336,517.0000,540.1622,693.4000,953.0000,1173.0000,1400.0000,1562.0000,1761.8300,1891.0000,3120.0000,3169.0000
2025-04-06,336,454.0000,612.2893,716.9971,957.5023,1177.7232,1428.4902,1620.0000,1874.5923,1940.3627,3130.0000,3271.7115
2025-04-06,336,488.0000,608.3883,713.1512,953.2170,1169.7284,1427.5000,1607.0000,1867.4996,1939.5000,3142.0000,3285.4969
2025-04-06,336,461.0000,520.9229,664.7774,908.7500,1148.2410,1374.5020,1554.8681,1763.5000,1867.3368,3029.0000,3045.0000
2025-04-06,336,500.0000,517.0000,661.0254,913.3801,1138.4326,1363.5111,1556.1504,1763.1050,1858.7433,3032.0000,3060.1916
2025-04-09,336,1175.0000,1120.0000,1005.6667,1070.0000,1218.0000,1385.0000,1516.0000,1618.1555,1692.0000,2173.0000,2072.0000
2025-04-09,336,1167.0000,1184.0000,1162.0000,1306.0000,1555.0000,1790.0000,1975.0000,2084.0000,2294.0000,3139.0000,3143.0000
2025-04-11,336,614.0000,652.0000,778.0000,920.9397,1189.7572,1462.0000,1609.5000,1747.8624,1891.0000,2757.0000,2619.1439
2025-04-11,336,638.0000,650.1334,776.0249,921.1536,1192.5000,1470.0000,1613.0000,1744.3823,1876.0000,2738.3333,2642.0000
2025-04-14,336,-9999.0000,-9999.0000,-9999.0000,-9999.0000,-9999.0000,-9999.0000,-9999.0000,-9999.0000,-9999.0000,-9999.0000,-9999.0000
2025-04-14,336,-9999.0000,-9999.0000,-9999.0000,-9999.0000,-9999.0000,-9999.0000,-9999.0000,-9999.0000,-9999.0000,-9999.0000,-9999.0000
2025-04-19,336,424.0000,530.3333,700.4000,792.7563,1140.0000,1737.0000,1966.5000,2186.6272,2233.7064,2736.0000,2563.9616
2025-04-19,336,432.0000,528.4181,696.9480,794.0000,1149.0000,1744.6667,1981.5000,2179.1157,2225.0000,2714.0000,2536.0000
2025-04-26,336,310.0000,390.0000,572.1345,421.4306,880.8967,2044.5000,2356.0000,2521.8889,2502.0302,1834.6130,1286.0000
2025-04-26,336,328.0000,390.7143,572.2000,422.2509,876.8006,2068.2175,2372.3575,2520.7929,2516.0000,1851.9444,1291.1236
2025-04-26,336,341.0000,322.3572,534.5288,408.0000,882.5117,2021.0000,2300.0000,2450.0000,2484.0000,1808.0000,1257.0000
2025-04-26,336,341.0000,326.4828,538.0000,410.8100,879.0000,2038.0000,2313.6667,2451.2779,2484.8344,1817.8356,1268.6667
2025-04-29,336,436.0000,478.3182,706.0000,529.3844,1068.5000,2725.3333,3259.5000,3410.3557,3461.5000,2153.0000,1546.4001
2025-04-29,336,418.0000,478.1453,706.0000,529.0891,1070.4454,2737.7692,3289.4550,3409.6000,3466.3333,2146.1538,1531.5000
2025-05-01,336,400.0000,386.5000,674.0000,405.4000,1156.3333,3197.0000,3797.6112,3958.9393,3956.0000,2076.0000,1233.5000
2025-05-01,336,395.0000,386.2938,674.2676,405.7677,1156.0000,3210.0000,3850.6667,3958.8585,3979.5000,2081.8333,1235.3333
2025-05-03,336,-9999.0000,-9999.0000,-9999.0000,-9999.0000,-9999.0000,-9999.0000,-9999.0000,-9999.0000,-9999.0000,-9999.0000,-9999.0000
2025-05-03,336,-9999.0000,-9999.0000,-9999.0000,-9999.0000,-9999.0000,-9999.0000,-9999.0000,-9999.0000,-9999.0000,-9999.0000,-9999.0000
2025-05-09,336,520.0000,493.4752,692.3333,348.2504,939.5000,3269.0000,4198.0000,4899.6013,4404.0000,1611.6667,810.6656
2025-05-09,336,532.0000,497.5000,700.4000,353.8571,954.5000,3558.0000,4630.0000,5254.0000,4708.0000,1615.0000,859.0000
2025-05-11,336,385.0000,346.4323,656.5000,305.2184,1138.5000,3882.4531,4915.5210,5001.0317,5047.6364,1951.0000,966.8877
2025-05-11,336,397.0000,344.5554,656.4167,309.1349,1130.4838,3880.2000,4897.5000,5003.1344,5032.0000,1930.6856,982.0000
