2017-04-03,316,386.0000,506.5986,634.4954,837.2903,1057.0000,1218.0000,1364.5000,1554.3769,1644.2500,2818.0000,2534.6174
2017-04-03,316,402.0000,506.7102,636.4218,840.4286,1061.0000,1224.0000,1355.6667,1555.4656,1634.0000,2821.6667,2532.5000
2017-04-26,316,-9999.0000,-9999.0000,-9999.0000,-9999.0000,-9999.0000,-9999.0000,-9999.0000,-9999.0000,-9999.0000,-9999.0000,-9999.0000
2017-04-26,316,-9999.0000,-9999.0000,-9999.0000,-9999.0000,-9999.0000,-9999.0000,-9999.0000,-9999.0000,-9999.0000,-9999.0000,-9999.0000
2017-05-06,316,-9999.0000,-9999.0000,-9999.0000,-9999.0000,-9999.0000,-9999.0000,-9999.0000,-9999.0000,-9999.0000,-9999.0000,-9999.0000
2017-05-13,316,-9999.0000,-9999.0000,-9999.0000,-9999.0000,-9999.0000,-9999.0000,-9999.0000,-9999.0000,-9999.0000,-9999.0000,-9999.0000
2017-05-13,316,-9999.0000,-9999.0000,-9999.0000,-9999.0000,-9999.0000,-9999.0000,-9999.0000,-9999.0000,-9999.0000,-9999.0000,-9999.0000
2017-05-26,316,660.0000,640.4000,828.9239,1117.2500,1437.3632,1708.0000,1916.0000,2101.5000,2263.0000,3557.3333,3488.0000
2017-05-26,316,529.0000,634.4000,824.3342,1118.0000,1445.5514,1699.0000,1916.0000,2109.8750,2269.0000,3564.0000,3486.0000
2017-06-02,316,418.0000,568.7995,899.0000,1065.3995,1617.7497,2364.9455,2610.1016,2813.0000,2969.2083,3600.0000,3238.0000
2017-06-02,316,420.0000,594.8182,912.5000,1065.2000,1630.0000,2369.0000,2614.9966,2817.2259,2966.4882,3604.0000,3228.0000
2017-06-05,316,-9999.0000,-9999.0000,-9999.0000,-9999.0000,-9999.0000,-9999.0000,-9999.0000,-9999.0000,-9999.0000,-9999.0000,-9999.0000
2017-06-05,316,-9999.0000,-9999.0000,-9999.0000,-9999.0000,-9999.0000,-9999.0000,-9999.0000,-9999.0000,-9999.0000,-9999.0000,-9999.0000
2017-07-05,316,516.0000,465.0000,844.0000,446.0000,1405.0000,5194.0000,6069.0000,6194.0000,6295.0000,2383.0000,1147.0000
2017-07-05,316,-9999.0000,-9999.0000,-9999.0000,-9999.0000,-9999.0000,-9999.0000,-9999.0000,-9999.0000,-9999.0000,-9999.0000,-9999.0000
2017-08-04,316,-9999.0000,-9999.0000,-9999.0000,-9999.0000,-9999.0000,-9999.0000,-9999.0000,-9999.0000,-9999.0000,-9999.0000,-9999.0000
2017-08-04,316,-9999.0000,-9999.0000,-9999.0000,-9999.0000,-9999.0000,-9999.0000,-9999.0000,-9999.0000,-9999.0000,-9999.0000,-9999.0000
2017-08-14,316,107.0000,172.0000,566.3989,240.1208,990.2728,4102.2650,5029.5552,5062.9048,5141.7378,1462.0000,632.0000
2017-08-21,316,1335.0000,1285.0000,1491.0000,1032.0000,1725.0000,4523.0000,5321.0000,5578.0000,5651.0000,2192.0000,928.0000
2017-08-21,316,1332.0000,1294.0000,1506.0000,1015.0000,1689.0000,4559.0000,5375.0000,5573.0000,5675.0000,2165.0000,915.0000
2017-08-31,316,-9999.0000,-9999.0000,-9999.0000,-9999.0000,-9999.0000,-9999.0000,-9999.0000,-9999.0000,-9999.0000,-9999.0000,-9999.0000
2017-08-31,316,-9999.0000,-9999.0000,-9999.0000,-9999.0000,-9999.0000,-9999.0000,-9999.0000,-9999.0000,-9999.0000,-9999.0000,-9999.0000
2017-09-03,316,-9999.0000,-9999.0000,-9999.0000,-9999.0000,-9999.0000,-9999.0000,-9999.0000,-9999.0000,-9999.0000,-9999.0000,-9999.0000
2017-09-03,316,-9999.0000,-9999.0000,-9999.0000,-9999.0000,-9999.0000,-9999.0000,-9999.0000,-9999.0000,-9999.0000,-9999.0000,-9999.0000
2017-09-10,316,270.0000,347.2627,931.7273,475.9764,1435.0000,4716.7400,5414.8187,5733.9231,5586.6727,1923.1206,993.3576
2017-09-10,316,224.0000,331.2728,907.1111,443.1259,1430.2500,4766.0000,5398.0000,5828.0000,5553.0373,1892.0000,989.4868
2017-09-13,316,-9999.0000,-9999.0000,-9999.0000,-9999.0000,-9999.0000,-9999.0000,-9999.0000,-9999.0000,-9999.0000,-9999.0000,-9999.0000
2017-09-13,316,-9999.0000,-9999.0000,-9999.0000,-9999.0000,-9999.0000,-9999.0000,-9999.0000,-9999.0000,-9999.0000,-9999.0000,-9999.0000
2017-09-20,316,-9999.0000,-9999.0000,-9999.0000,-9999.0000,-9999.0000,-9999.0000,-9999.0000,-9999.0000,-9999.0000,-9999.0000,-9999.0000
2017-09-23,316,280.0000,299.0000,654.7419,260.5723,1080.0000,3962.6667,4586.5000,4744.0000,4728.0000,1337.0000,588.0000
2017-09-23,316,278.0000,302.0000,656.5236,260.2728,1077.0000,3929.4286,4583.6000,4758.5556,4724.2500,1341.0000,589.0000
2017-10-03,316,-9999.0000,-9999.0000,-9999.0000,-9999.0000,-9999.0000,-9999.0000,-9999.0000,-9999.0000,-9999.0000,-9999.0000,-9999.0000
2017-10-03,316,-9999.0000,-9999.0000,-9999.0000,-9999.0000,-9999.0000,-9999.0000,-9999.0000,-9999.0000,-9999.0000,-9999.0000,-9999.0000
2017-10-20,316,-9999.0000,-9999.0000,-9999.0000,-9999.0000,-9999.0000,-9999.0000,-9999.0000,-9999.0000,-9999.0000,-9999.0000,-9999.0000
2017-10-20,316,-9999.0000,-9999.0000,-9999.0000,-9999.0000,-9999.0000,-9999.0000,-9999.0000,-9999.0000,-9999.0000,-9999.0000,-9999.0000
2017-10-30,316,-9999.0000,-9999.0000,-9999.0000,-9999.0000,-9999.0000,-9999.0000,-9999.0000,-9999.0000,-9999.0000,-9999.0000,-9999.0000
2017-10-30,316,-9999.0000,-9999.0000,-9999.0000,-9999.0000,-9999.0000,-9999.0000,-9999.0000,-9999.0000,-9999.0000,-9999.0000,-9999.0000
2017-11-02,316,922.0000,853.3333,1125.9767,846.2500,1602.9270,3521.0000,4022.7879,4281.3525,4364.6000,2314.0000,1450.4965
2017-11-02,316,892.0000,877.4857,1142.0000,892.7500,1639.0000,3532.6432,3992.3892,4279.2022,4366.0000,2377.0000,1518.0000
2017-11-09,316,-9999.0000,-9999.0000,-9999.0000,-9999.0000,-9999.0000,-9999.0000,-9999.0000,-9999.0000,-9999.0000,-9999.0000,-9999.0000
2017-11-09,316,-9999.0000,-9999.0000,-9999.0000,-9999.0000,-9999.0000,-9999.0000,-9999.0000,-9999.0000,-9999.0000,-9999.0000,-9999.0000
2017-11-19,316,204.0000,333.0000,429.0000,549.0000,780.0000,961.4969,1065.1103,1242.2719,1301.0000,1420.0000,1014.6667
2017-11-19,316,190.0000,338.0000,438.0000,555.0000,795.0000,973.5325,1073.7157,1243.0471,1312.0000,1414.3333,1013.0000
2017-12-09,316,-9999.0000,-9999.0000,-9999.0000,-9999.0000,-9999.0000,-9999.0000,-9999.0000,-9999.0000,-9999.0000,-9999.0000,-9999.0000
2017-12-09,316,-9999.0000,-9999.0000,-9999.0000,-9999.0000,-9999.0000,-9999.0000,-9999.0000,-9999.0000,-9999.0000,-9999.0000,-9999.0000
2017-12-17,316,13.0000,510.0000,470.4436,584.2786,762.1937,849.1315,969.0000,1115.5725,1178.0000,1284.9235,984.5654
2017-12-17,316,1.0000,507.0000,468.3333,584.3428,764.3940,850.5617,976.0000,1117.5411,1185.0000,1285.0000,980.0000
2017-12-29,316,518.0000,595.0000,542.3333,643.0000,825.0000,933.6667,1025.3673,1205.3861,1217.8107,1382.5915,1016.0000
2017-12-29,316,514.0000,590.0000,540.1856,642.0000,830.5380,934.5428,1026.0000,1211.0401,1236.0000,1382.5000,1018.0000
2018-01-01,316,-9999.0000,-9999.0000,-9999.0000,-9999.0000,-9999.0000,-9999.0000,-9999.0000,-9999.0000,-9999.0000,-9999.0000,-9999.0000
2018-01-01,316,-9999.0000,-9999.0000,-9999.0000,-9999.0000,-9999.0000,-9999.0000,-9999.0000,-9999.0000,-9999.0000,-9999.0000,-9999.0000
2018-01-08,316,666.0000,722.4307,818.2304,1142.3333,1426.0000,1601.0349,1810.3333,2043.8450,2121.0134,3051.8094,2787.0000
2018-01-08,316,649.0000,714.5692,813.8416,1136.5229,1429.4692,1601.3333,1805.6894,2036.0496,2124.5000,3044.6996,2770.0608
2018-01-16,316,-9999.0000,-9999.0000,-9999.0000,-9999.0000,-9999.0000,-9999.0000,-9999.0000,-9999.0000,-9999.0000,-9999.0000,-9999.0000
2018-01-16,316,-9999.0000,-9999.0000,-9999.0000,-9999.0000,-9999.0000,-9999.0000,-9999.0000,-9999.0000,-9999.0000,-9999.0000,-9999.0000
2018-01-21,316,1.0000,1.0000,29.0000,177.0000,231.0000,299.0000,370.5228,458.5000,504.0000,590.0000,450.0000
2018-01-21,316,1.0000,1.0000,30.0000,177.0000,234.0000,302.5594,366.5000,458.4695,508.0000,588.0000,451.0000
2018-02-02,316,-9999.0000,-9999.0000,-9999.0000,-9999.0000,-9999.0000,-9999.0000,-9999.0000,-9999.0000,-9999.0000,-9999.0000,-9999.0000
2018-02-02,316,-9999.0000,-9999.0000,-9999.0000,-9999.0000,-9999.0000,-9999.0000,-9999.0000,-9999.0000,-9999.0000,-9999.0000,-9999.0000
2018-02-05,316,-9999.0000,-9999.0000,-9999.0000,-9999.0000,-9999.0000,-9999.0000,-9999.0000,-9999.0000,-9999.0000,-9999.0000,-9999.0000
2018-02-05,316,-9999.0000,-9999.0000,-9999.0000,-9999.0000,-9999.0000,-9999.0000,-9999.0000,-9999.0000,-9999.0000,-9999.0000,-9999.0000
2018-02-07,316,466.0000,448.4431,613.7779,901.1972,1172.5000,1361.0000,1525.2184,1827.0000,1822.0000,2582.0000,2182.0000
2018-02-07,316,444.0000,441.4177,613.5000,907.0000,1172.0000,1365.5000,1539.0000,1825.4000,1839.0000,2582.4654,2184.9308
2018-02-12,316,563.0000,733.6000,709.8973,847.0000,977.0000,1041.0000,1121.0000,1195.2857,1261.7778,638.9846,490.0000
2018-02-12,316,566.0000,753.4000,733.3333,873.0000,1015.0000,1084.5000,1155.6818,1242.5714,1296.8147,662.0000,518.0000
2018-02-22,316,-9999.0000,-9999.0000,-9999.0000,-9999.0000,-9999.0000,-9999.0000,-9999.0000,-9999.0000,-9999.0000,-9999.0000,-9999.0000
2018-02-25,316,548.0000,696.6000,884.0000,1197.7500,1479.0000,1657.0456,1842.0000,2013.3333,2163.0000,3356.5000,3249.1953
2018-02-25,316,403.0000,696.8004,887.0000,1197.4825,1482.5000,1652.6555,1833.0000,2005.3333,2154.5000,3349.7500,3253.6667
2018-02-27,316,-9999.0000,-9999.0000,-9999.0000,-9999.0000,-9999.0000,-9999.0000,-9999.0000,-9999.0000,-9999.0000,-9999.0000,-9999.0000
2018-02-27,316,-9999.0000,-9999.0000,-9999.0000,-9999.0000,-9999.0000,-9999.0000,-9999.0000,-9999.0000,-9999.0000,-9999.0000,-9999.0000
2018-03-02,316,474.0000,698.3530,870.6062,1229.9021,1521.7509,1689.5519,1880.4574,2089.2478,2254.0000,3644.2800,3556.1421
2018-03-02,316,483.0000,696.7208,870.5158,1225.8801,1518.1674,1684.9956,1890.0000,2085.2000,2256.0995,3641.0111,3553.3333
2018-03-07,316,375.0000,570.4257,666.6667,910.0000,1143.0000,1281.3333,1436.6667,1556.1402,1722.5000,2674.0000,2379.0402
2018-03-07,316,378.0000,568.4286,668.3445,910.5180,1149.2500,1285.5000,1442.3333,1555.7331,1711.0000,2662.0000,2392.9836
2018-03-09,316,-9999.0000,-9999.0000,-9999.0000,-9999.0000,-9999.0000,-9999.0000,-9999.0000,-9999.0000,-9999.0000,-9999.0000,-9999.0000
2018-03-09,316,-9999.0000,-9999.0000,-9999.0000,-9999.0000,-9999.0000,-9999.0000,-9999.0000,-9999.0000,-9999.0000,-9999.0000,-9999.0000
2018-03-14,316,-9999.0000,-9999.0000,-9999.0000,-9999.0000,-9999.0000,-9999.0000,-9999.0000,-9999.0000,-9999.0000,-9999.0000,-9999.0000
2018-03-14,316,-9999.0000,-9999.0000,-9999.0000,-9999.0000,-9999.0000,-9999.0000,-9999.0000,-9999.0000,-9999.0000,-9999.0000,-9999.0000
2018-03-17,316,-9999.0000,-9999.0000,-9999.0000,-9999.0000,-9999.0000,-9999.0000,-9999.0000,-9999.0000,-9999.0000,-9999.0000,-9999.0000
2018-03-17,316,-9999.0000,-9999.0000,-9999.0000,-9999.0000,-9999.0000,-9999.0000,-9999.0000,-9999.0000,-9999.0000,-9999.0000,-9999.0000
2018-03-19,316,620.0000,718.7143,921.4674,1244.9866,1478.0000,1687.0000,1897.0000,2284.7914,2241.7237,3614.0000,3464.4988
2018-03-19,316,614.0000,714.5225,921.4153,1241.0974,1486.6012,1696.0000,1895.0000,2281.4528,2244.8248,3625.5000,3475.0000
2018-03-24,316,-9999.0000,-9999.0000,-9999.0000,-9999.0000,-9999.0000,-9999.0000,-9999.0000,-9999.0000,-9999.0000,-9999.0000,-9999.0000
2018-03-24,316,-9999.0000,-9999.0000,-9999.0000,-9999.0000,-9999.0000,-9999.0000,-9999.0000,-9999.0000,-9999.0000,-9999.0000,-9999.0000
2018-03-29,316,-9999.0000,-9999.0000,-9999.0000,-9999.0000,-9999.0000,-9999.0000,-9999.0000,-9999.0000,-9999.0000,-9999.0000,-9999.0000
2018-03-29,316,-9999.0000,-9999.0000,-9999.0000,-9999.0000,-9999.0000,-9999.0000,-9999.0000,-9999.0000,-9999.0000,-9999.0000,-9999.0000
2018-04-06,316,495.0000,630.4009,760.3312,973.2000,1221.0000,1404.5006,1590.0000,1851.3842,1867.0000,2863.0000,2649.6535
2018-04-06,316,486.0000,628.5196,758.6667,972.9060,1218.0000,1413.6667,1582.0000,1844.4824,1862.0000,2845.2277,2671.0000
2018-04-08,316,858.0000,946.6411,1168.2350,1390.7183,1704.0000,1972.5000,2167.0000,2332.5000,2482.0000,3346.0000,3003.5000
2018-04-08,316,862.0000,944.4444,1166.7500,1390.3011,1697.0000,1989.7206,2174.6667,2329.1905,2488.2081,3332.0000,3013.3333
2018-04-11,316,-9999.0000,-9999.0000,-9999.0000,-9999.0000,-9999.0000,-9999.0000,-9999.0000,-9999.0000,-9999.0000,-9999.0000,-9999.0000
2018-04-11,316,-9999.0000,-9999.0000,-9999.0000,-9999.0000,-9999.0000,-9999.0000,-9999.0000,-9999.0000,-9999.0000,-9999.0000,-9999.0000
2018-04-16,316,-9999.0000,-9999.0000,-9999.0000,-9999.0000,-9999.0000,-9999.0000,-9999.0000,-9999.0000,-9999.0000,-9999.0000,-9999.0000
2018-04-16,316,-9999.0000,-9999.0000,-9999.0000,-9999.0000,-9999.0000,-9999.0000,-9999.0000,-9999.0000,-9999.0000,-9999.0000,-9999.0000
2018-04-18,316,632.0000,762.3294,1001.7500,1273.0000,1586.2016,1831.0000,2023.0000,2235.5000,2345.3333,3633.5035,3491.5996
2018-04-18,316,635.0000,758.2000,1000.6667,1265.6285,1598.6816,1845.0000,2028.0000,2226.9833,2363.0000,3637.0000,3491.4718
2018-04-21,316,436.0000,454.6000,573.7561,805.7294,1010.5859,1186.5000,1369.6667,1530.3187,1666.5000,2929.3673,2989.6667
2018-04-21,316,440.0000,452.2262,573.3219,809.3060,1010.5995,1177.2500,1370.0000,1530.8757,1673.5000,2937.0000,2985.3937
2018-04-23,316,-9999.0000,-9999.0000,-9999.0000,-9999.0000,-9999.0000,-9999.0000,-9999.0000,-9999.0000,-9999.0000,-9999.0000,-9999.0000
2018-04-23,316,-9999.0000,-9999.0000,-9999.0000,-9999.0000,-9999.0000,-9999.0000,-9999.0000,-9999.0000,-9999.0000,-9999.0000,-9999.0000
2018-04-26,316,-9999.0000,-9999.0000,-9999.0000,-9999.0000,-9999.0000,-9999.0000,-9999.0000,-9999.0000,-9999.0000,-9999.0000,-9999.0000
2018-04-26,316,-9999.0000,-9999.0000,-9999.0000,-9999.0000,-9999.0000,-9999.0000,-9999.0000,-9999.0000,-9999.0000,-9999.0000,-9999.0000
2018-05-03,316,815.0000,977.1512,1101.3333,1381.9969,1689.5000,1916.4690,2154.8667,2456.1429,2549.5167,3564.5000,3186.0000
2018-05-03,316,809.0000,977.0537,1101.6430,1381.0024,1670.6516,1938.0000,2156.3287,2469.4286,2547.0000,3556.7843,3168.0000
2018-05-06,316,693.0000,870.5000,1024.7246,1381.8744,1642.0000,1854.0000,2085.4148,2355.0732,2403.4529,3945.5000,4058.5000
2018-05-06,316,669.0000,868.3821,1022.7669,1377.1882,1628.5000,1854.0000,2083.9275,2347.9488,2413.0000,3934.5000,4050.9795
2018-05-08,316,833.0000,905.1000,1113.2000,1473.0000,1746.6667,1989.2760,2208.9913,2483.8889,2588.0000,4130.5977,4107.5000
2018-05-08,316,826.0000,901.7000,1113.1719,1472.8458,1750.4691,1979.0279,2210.5000,2483.5833,2569.5000,4131.9177,4108.0000
2018-05-11,316,960.0000,779.0000,969.0000,1273.0000,1604.0000,1941.0000,2194.0000,2470.0000,2589.0000,3682.0000,3148.0000
2018-05-11,316,795.0000,889.0000,1024.0000,1286.0000,1591.0000,1936.0000,2209.0000,2458.0000,2602.0000,3604.0000,3097.0000
2018-05-13,316,-9999.0000,-9999.0000,-9999.0000,-9999.0000,-9999.0000,-9999.0000,-9999.0000,-9999.0000,-9999.0000,-9999.0000,-9999.0000
2018-05-13,316,-9999.0000,-9999.0000,-9999.0000,-9999.0000,-9999.0000,-9999.0000,-9999.0000,-9999.0000,-9999.0000,-9999.0000,-9999.0000
2018-05-16,316,-9999.0000,-9999.0000,-9999.0000,-9999.0000,-9999.0000,-9999.0000,-9999.0000,-9999.0000,-9999.0000,-9999.0000,-9999.0000
2018-05-16,316,-9999.0000,-9999.0000,-9999.0000,-9999.0000,-9999.0000,-9999.0000,-9999.0000,-9999.0000,-9999.0000,-9999.0000,-9999.0000
2018-05-21,316,697.0000,773.5000,945.3377,1267.9510,1571.0000,1923.9577,2172.4985,2403.1826,2523.0000,3771.0000,3731.6667
2018-05-21,316,683.0000,769.4000,945.4151,1266.3357,1560.0000,1917.0631,2163.0590,2403.0648,2522.9566,3779.0000,3724.0000
2018-05-26,316,521.0000,732.8515,949.8019,1168.0000,1542.5000,2187.5086,2475.4046,2686.0000,2811.7972,3633.0000,3569.0000
2018-05-26,316,510.0000,728.1250,953.6216,1162.0000,1542.0000,2174.1133,2496.6667,2689.7958,2828.5829,3635.0000,3531.6667
2018-05-28,316,513.0000,617.5714,889.3683,1025.0000,1444.9697,2278.4867,2562.3886,2770.4608,2903.0000,3437.0000,3127.7500
2018-05-28,316,507.0000,613.6364,893.4274,1019.4000,1432.5000,2297.0000,2552.3333,2776.8000,2921.3706,3472.0000,3088.0000
2018-05-28,316,508.0000,613.7000,886.2500,1022.0026,1450.2388,2276.6922,2544.9931,2757.5777,2900.0000,3441.0000,3131.6667
2018-05-28,316,502.0000,613.1429,893.0833,1019.4000,1433.0000,2302.0000,2549.0000,2776.0000,2922.5000,3477.0000,3099.0000
2018-05-31,316,-9999.0000,-9999.0000,-9999.0000,-9999.0000,-9999.0000,-9999.0000,-9999.0000,-9999.0000,-9999.0000,-9999.0000,-9999.0000
2018-05-31,316,-9999.0000,-9999.0000,-9999.0000,-9999.0000,-9999.0000,-9999.0000,-9999.0000,-9999.0000,-9999.0000,-9999.0000,-9999.0000
2018-06-05,316,1221.0000,979.0000,1232.6667,937.0000,1701.0000,4516.0000,5331.0000,5682.0000,5612.0000,3403.0000,2356.0000
2018-06-05,316,1246.0000,991.0000,1248.8000,972.0000,1732.0000,4409.0000,5158.0000,5616.0000,5445.0000,3449.0000,2434.0000
2018-06-07,316,347.0000,389.0000,682.7500,577.1667,1118.0000,2811.0000,3239.9975,3365.0000,3410.7500,2585.3372,1889.0000
2018-06-07,316,347.0000,388.2500,683.0000,578.0000,1108.0000,2821.0000,3237.4247,3371.6351,3435.4742,2556.0000,1876.5247
2018-06-10,316,-9999.0000,-9999.0000,-9999.0000,-9999.0000,-9999.0000,-9999.0000,-9999.0000,-9999.0000,-9999.0000,-9999.0000,-9999.0000
2018-06-10,316,-9999.0000,-9999.0000,-9999.0000,-9999.0000,-9999.0000,-9999.0000,-9999.0000,-9999.0000,-9999.0000,-9999.0000,-9999.0000
2018-06-20,316,-9999.0000,-9999.0000,-9999.0000,-9999.0000,-9999.0000,-9999.0000,-9999.0000,-9999.0000,-9999.0000,-9999.0000,-9999.0000
2018-06-20,316,-9999.0000,-9999.0000,-9999.0000,-9999.0000,-9999.0000,-9999.0000,-9999.0000,-9999.0000,-9999.0000,-9999.0000,-9999.0000
2018-06-22,316,-9999.0000,-9999.0000,-9999.0000,-9999.0000,-9999.0000,-9999.0000,-9999.0000,-9999.0000,-9999.0000,-9999.0000,-9999.0000
2018-06-22,316,-9999.0000,-9999.0000,-9999.0000,-9999.0000,-9999.0000,-9999.0000,-9999.0000,-9999.0000,-9999.0000,-9999.0000,-9999.0000
2018-06-25,316,688.0000,621.8333,837.3333,497.6667,1226.3333,3847.0000,4717.9671,4618.3548,4910.7134,2215.1579,1214.5000
2018-06-25,316,621.0000,621.1429,827.0000,489.7500,1197.8086,3898.0843,4656.4708,4530.0000,4875.1138,2199.9474,1186.0000
2018-06-27,316,-9999.0000,-9999.0000,-9999.0000,-9999.0000,-9999.0000,-9999.0000,-9999.0000,-9999.0000,-9999.0000,-9999.0000,-9999.0000
2018-06-27,316,-9999.0000,-9999.0000,-9999.0000,-9999.0000,-9999.0000,-9999.0000,-9999.0000,-9999.0000,-9999.0000,-9999.0000,-9999.0000
2018-06-30,316,387.0000,334.3212,546.6923,325.2455,914.5033,3257.0000,3960.0000,4164.0000,4167.0000,1959.0000,1051.6687
2018-06-30,316,381.0000,330.7361,540.4622,317.5415,913.4783,3290.5000,3974.0000,4182.2230,4214.9803,1966.5000,1033.0000
2018-07-02,316,261.0000,336.3095,586.4349,369.8787,941.6334,3205.0000,3849.0000,4135.5000,4026.0000,2124.5000,1228.0000
2018-07-02,316,254.0000,332.4000,580.6486,366.1429,950.6060,3193.0000,3865.4381,4135.7661,4037.0000,2105.5000,1229.2334
2018-07-05,316,-9999.0000,-9999.0000,-9999.0000,-9999.0000,-9999.0000,-9999.0000,-9999.0000,-9999.0000,-9999.0000,-9999.0000,-9999.0000
2018-07-05,316,-9999.0000,-9999.0000,-9999.0000,-9999.0000,-9999.0000,-9999.0000,-9999.0000,-9999.0000,-9999.0000,-9999.0000,-9999.0000
2018-07-07,316,323.0000,382.5714,704.6124,493.1667,1165.0000,3348.0000,3870.0000,4042.0000,4168.5000,2237.5000,1309.4995
2018-07-07,316,324.0000,380.3795,702.3730,493.3026,1163.7599,3396.0000,3876.5000,4070.8571,4190.0000,2242.6726,1309.7898
2018-07-10,316,356.0000,398.7858,637.3333,424.6667,994.7419,2947.0000,3476.1703,3858.5000,3557.0000,1596.0000,793.0000
2018-07-10,316,344.0000,394.5714,633.8000,425.8854,1001.2758,3081.5000,3564.7046,3921.0000,3682.5000,1606.0000,817.9825
2018-07-12,316,-9999.0000,-9999.0000,-9999.0000,-9999.0000,-9999.0000,-9999.0000,-9999.0000,-9999.0000,-9999.0000,-9999.0000,-9999.0000
2018-07-12,316,-9999.0000,-9999.0000,-9999.0000,-9999.0000,-9999.0000,-9999.0000,-9999.0000,-9999.0000,-9999.0000,-9999.0000,-9999.0000
2018-07-15,316,257.0000,338.7166,576.3448,393.7057,1010.0608,2821.5000,3377.0000,3478.6719,3634.3082,2049.5000,1234.7500
2018-07-15,316,246.0000,324.4865,568.4214,381.6164,1009.9457,2827.8203,3396.3311,3495.2964,3619.6958,2043.0261,1227.7587
2018-07-17,316,290.0000,376.6405,737.8046,547.2697,1261.0000,3228.3333,3748.9274,3820.7126,4066.1989,2326.0000,1410.1469
2018-07-17,316,258.0000,368.4563,733.1909,548.6168,1253.0307,3227.0800,3751.7500,3809.4719,4059.0000,2315.8179,1402.5132
2018-07-20,316,459.0000,474.0000,710.6948,613.4614,1114.0000,2496.0000,2868.8687,3047.5885,3150.0000,1889.9448,1201.9497
2018-07-20,316,380.0000,466.0000,732.6000,622.9125,1185.0000,2717.0000,3204.0000,3258.6667,3459.3333,2000.8360,1248.0000
2018-07-22,316,-9999.0000,-9999.0000,-9999.0000,-9999.0000,-9999.0000,-9999.0000,-9999.0000,-9999.0000,-9999.0000,-9999.0000,-9999.0000
2018-07-22,316,-9999.0000,-9999.0000,-9999.0000,-9999.0000,-9999.0000,-9999.0000,-9999.0000,-9999.0000,-9999.0000,-9999.0000,-9999.0000
2018-07-27,316,375.0000,462.4545,766.7456,708.6253,1274.9969,2406.5062,2779.0165,2874.8303,3116.5216,2498.6505,1816.5000
2018-07-27,316,374.0000,466.4363,766.3333,707.6892,1285.4305,2403.2694,2780.4523,2881.6865,3133.1522,2482.0000,1817.7895
2018-07-30,316,380.0000,432.5000,578.6713,540.4000,917.1429,1571.0000,1833.0000,1819.2006,2037.5000,1508.2479,1083.7653
2018-07-30,316,389.0000,424.5000,581.0000,545.1448,908.0000,1576.0000,1853.2641,1802.7969,2034.9652,1548.2686,1088.2081
2018-08-04,316,-9999.0000,-9999.0000,-9999.0000,-9999.0000,-9999.0000,-9999.0000,-9999.0000,-9999.0000,-9999.0000,-9999.0000,-9999.0000
2018-08-04,316,-9999.0000,-9999.0000,-9999.0000,-9999.0000,-9999.0000,-9999.0000,-9999.0000,-9999.0000,-9999.0000,-9999.0000,-9999.0000
2018-08-06,316,369.0000,425.1483,689.9319,699.8182,1217.7817,2187.5000,2522.6349,2630.1688,2857.6952,2680.0000,2014.0000
2018-08-06,316,376.0000,425.0028,689.8129,700.7415,1210.0000,2179.6667,2481.8121,2630.9754,2843.0000,2661.8672,2021.6038
2018-08-09,316,-9999.0000,-9999.0000,-9999.0000,-9999.0000,-9999.0000,-9999.0000,-9999.0000,-9999.0000,-9999.0000,-9999.0000,-9999.0000
2018-08-09,316,-9999.0000,-9999.0000,-9999.0000,-9999.0000,-9999.0000,-9999.0000,-9999.0000,-9999.0000,-9999.0000,-9999.0000,-9999.0000
2018-08-11,316,-9999.0000,-9999.0000,-9999.0000,-9999.0000,-9999.0000,-9999.0000,-9999.0000,-9999.0000,-9999.0000,-9999.0000,-9999.0000
2018-08-11,316,-9999.0000,-9999.0000,-9999.0000,-9999.0000,-9999.0000,-9999.0000,-9999.0000,-9999.0000,-9999.0000,-9999.0000,-9999.0000
2018-08-14,316,307.0000,430.0000,534.1600,580.0000,882.4848,1397.3333,1623.0025,1659.4822,1883.6667,1849.0000,1285.5533
2018-08-14,316,311.0000,430.0000,534.5000,576.5000,878.4620,1419.2480,1641.5000,1672.8362,1900.6667,1843.0000,1289.0000
2018-08-16,316,-9999.0000,-9999.0000,-9999.0000,-9999.0000,-9999.0000,-9999.0000,-9999.0000,-9999.0000,-9999.0000,-9999.0000,-9999.0000
2018-08-16,316,-9999.0000,-9999.0000,-9999.0000,-9999.0000,-9999.0000,-9999.0000,-9999.0000,-9999.0000,-9999.0000,-9999.0000,-9999.0000
2018-08-21,316,653.0000,950.0000,1136.0000,1009.0000,1622.0000,3219.0000,3669.0000,3859.0000,4024.0000,3054.0000,2096.0000
2018-08-21,316,805.0000,1126.0000,1230.0000,1246.0000,1597.0000,2667.0000,3177.0000,3400.0000,3522.0000,3238.0000,2487.0000
2018-08-24,316,-9999.0000,-9999.0000,-9999.0000,-9999.0000,-9999.0000,-9999.0000,-9999.0000,-9999.0000,-9999.0000,-9999.0000,-9999.0000
2018-08-24,316,-9999.0000,-9999.0000,-9999.0000,-9999.0000,-9999.0000,-9999.0000,-9999.0000,-9999.0000,-9999.0000,-9999.0000,-9999.0000
2018-08-26,316,361.0000,440.0000,613.9992,717.0000,965.2857,1516.0000,1722.0000,1673.3333,2057.0000,2228.3874,1638.0000
2018-08-26,316,356.0000,436.0000,613.6667,706.0000,953.3333,1565.0000,1815.5000,1700.0000,2121.5000,2233.0000,1612.0000
2018-09-03,316,-9999.0000,-9999.0000,-9999.0000,-9999.0000,-9999.0000,-9999.0000,-9999.0000,-9999.0000,-9999.0000,-9999.0000,-9999.0000
2018-09-03,316,-9999.0000,-9999.0000,-9999.0000,-9999.0000,-9999.0000,-9999.0000,-9999.0000,-9999.0000,-9999.0000,-9999.0000,-9999.0000
2018-09-05,316,-9999.0000,-9999.0000,-9999.0000,-9999.0000,-9999.0000,-9999.0000,-9999.0000,-9999.0000,-9999.0000,-9999.0000,-9999.0000
2018-09-05,316,-9999.0000,-9999.0000,-9999.0000,-9999.0000,-9999.0000,-9999.0000,-9999.0000,-9999.0000,-9999.0000,-9999.0000,-9999.0000
2018-09-13,316,377.0000,496.0000,580.4976,773.0443,950.5033,1162.6667,1356.0000,1514.3333,1627.3800,2596.5000,2507.5000
2018-09-13,316,367.0000,494.0000,579.0000,772.7441,948.0000,1162.6667,1330.8000,1510.5217,1606.0000,2585.0000,2493.3333
2018-09-18,316,502.0000,572.5067,724.5000,937.5556,1166.7127,1420.2090,1595.7363,1706.6154,1882.2809,3033.8418,2980.1221
2018-09-18,316,495.0000,572.4978,724.6820,936.8996,1162.0000,1420.4000,1602.0000,1708.0000,1891.0000,3028.0000,2985.0564
2018-09-25,316,-9999.0000,-9999.0000,-9999.0000,-9999.0000,-9999.0000,-9999.0000,-9999.0000,-9999.0000,-9999.0000,-9999.0000,-9999.0000
2018-09-25,316,-9999.0000,-9999.0000,-9999.0000,-9999.0000,-9999.0000,-9999.0000,-9999.0000,-9999.0000,-9999.0000,-9999.0000,-9999.0000
2018-09-28,316,599.0000,665.5164,797.4464,1022.8750,1248.0000,1530.0000,1719.3977,1941.0210,2044.0000,3060.5000,2968.5709
2018-09-28,316,598.0000,664.9385,793.1394,1019.2657,1265.0000,1507.3175,1738.0000,1926.0000,2040.0000,3066.0000,2999.2391
2018-09-30,316,679.0000,861.5633,990.8539,1136.6667,1437.0000,1938.2500,2193.0000,2437.7727,2506.7200,3247.0000,3014.9216
2018-09-30,316,684.0000,854.5987,984.9666,1132.8000,1439.0000,1933.9204,2182.0000,2423.2060,2498.4692,3227.0000,3029.9753
2018-10-03,316,-9999.0000,-9999.0000,-9999.0000,-9999.0000,-9999.0000,-9999.0000,-9999.0000,-9999.0000,-9999.0000,-9999.0000,-9999.0000
2018-10-03,316,-9999.0000,-9999.0000,-9999.0000,-9999.0000,-9999.0000,-9999.0000,-9999.0000,-9999.0000,-9999.0000,-9999.0000,-9999.0000
2018-10-05,316,514.0000,531.0000,708.0000,944.4621,1188.5679,1445.3464,1640.0000,1784.5658,1963.3000,2937.0456,2789.7500
2018-10-05,316,471.0000,531.0000,702.3333,941.7200,1190.0000,1446.5202,1638.4933,1782.4318,1946.0000,2922.2740,2749.0000
2018-10-10,316,518.9446,700.1667,828.8292,1084.9827,1305.7627,1546.2500,1732.0826,1955.6137,2028.9752,3316.2639,3434.5714
2018-10-10,316,492.0000,696.0000,825.4498,1077.0000,1305.3333,1539.4000,1730.5000,1947.5564,2019.0334,3310.0000,3433.9249
2018-10-13,316,753.0000,952.2907,1081.0000,1281.3333,1558.0000,1867.7538,2108.7655,2244.9204,2403.5216,3308.6667,3300.0000
2018-10-13,316,734.0000,948.3029,1077.2063,1276.0000,1569.5000,1875.4843,2108.8505,2237.1184,2404.7713,3308.6667,3291.0000
2018-10-15,316,631.0000,700.0000,865.6083,1108.2891,1337.5714,1594.8925,1764.6864,1900.0369,2067.2191,3187.0000,3143.1845
2018-10-15,316,617.0000,702.4167,861.6167,1104.5193,1345.6721,1594.5055,1762.3912,1899.6568,2054.7532,3188.0000,3130.0836
2018-10-18,316,-9999.0000,-9999.0000,-9999.0000,-9999.0000,-9999.0000,-9999.0000,-9999.0000,-9999.0000,-9999.0000,-9999.0000,-9999.0000
2018-10-18,316,-9999.0000,-9999.0000,-9999.0000,-9999.0000,-9999.0000,-9999.0000,-9999.0000,-9999.0000,-9999.0000,-9999.0000,-9999.0000
2018-10-20,316,-9999.0000,-9999.0000,-9999.0000,-9999.0000,-9999.0000,-9999.0000,-9999.0000,-9999.0000,-9999.0000,-9999.0000,-9999.0000
2018-10-20,316,-9999.0000,-9999.0000,-9999.0000,-9999.0000,-9999.0000,-9999.0000,-9999.0000,-9999.0000,-9999.0000,-9999.0000,-9999.0000
2018-10-28,316,188.0000,236.6697,326.6254,450.5000,605.3723,758.9337,889.0000,1062.1999,1081.3333,1585.0000,1188.5000
2018-10-28,316,184.0000,231.0000,324.2000,448.5040,604.9764,763.3107,870.1694,1064.0400,1075.6667,1564.0000,1185.0000
2018-11-02,316,408.7158,542.7868,604.4021,733.1053,929.7401,1174.6000,1354.2230,1506.0000,1641.3333,2155.4000,1690.3333
2018-11-02,316,403.0000,540.6000,601.1726,734.0000,933.6667,1156.0000,1351.5376,1527.4758,1635.5000,2146.0000,1668.0000
2018-11-04,316,394.0000,380.8605,528.2986,642.0000,851.0000,1058.0000,1190.5039,1336.4311,1420.0219,2086.5705,1740.5000
2018-11-04,316,382.0000,372.2489,526.2056,634.3333,845.0000,1048.8734,1172.9300,1334.3307,1385.2953,2086.0000,1734.0000
2018-11-07,316,216.0000,331.0000,500.4000,696.6606,940.7265,1175.1817,1320.3570,1466.4000,1622.4324,2478.0000,2281.5000
2018-11-07,316,220.0000,338.3580,502.1365,702.0547,940.2341,1177.2305,1321.0302,1466.8739,1610.4406,2495.0000,2258.8721
2018-11-09,316,-9999.0000,-9999.0000,-9999.0000,-9999.0000,-9999.0000,-9999.0000,-9999.0000,-9999.0000,-9999.0000,-9999.0000,-9999.0000
2018-11-09,316,-9999.0000,-9999.0000,-9999.0000,-9999.0000,-9999.0000,-9999.0000,-9999.0000,-9999.0000,-9999.0000,-9999.0000,-9999.0000
2018-11-17,316,316.0000,368.7470,476.6839,602.0000,809.9212,1047.6127,1192.0319,1364.0000,1399.7842,1979.0000,1715.0000
2018-11-17,316,299.0000,368.7838,476.3585,601.0000,811.0000,1051.3483,1178.3720,1364.0909,1398.5698,1981.0000,1706.9971
2018-12-04,316,343.0000,364.2805,434.4940,512.6082,738.4574,984.2500,1078.6484,1226.9643,1287.5668,1568.0000,1185.0000
2018-12-04,316,332.0000,362.8263,433.0000,512.2840,737.5342,996.7811,1076.9550,1239.9091,1297.0000,1566.0000,1194.0033
2018-12-09,316,-9999.0000,-9999.0000,-9999.0000,-9999.0000,-9999.0000,-9999.0000,-9999.0000,-9999.0000,-9999.0000,-9999.0000,-9999.0000
2018-12-09,316,-9999.0000,-9999.0000,-9999.0000,-9999.0000,-9999.0000,-9999.0000,-9999.0000,-9999.0000,-9999.0000,-9999.0000,-9999.0000
2018-12-24,316,755.0000,684.9488,797.1429,821.8810,1243.0000,1915.2727,2084.0000,2371.6129,2372.0000,2437.0000,1825.6650
2018-12-24,316,762.0000,694.3077,801.7473,841.6000,1259.0000,1930.0000,2121.2730,2359.5000,2404.3333,2457.4054,1849.0000
2019-01-01,316,-9999.0000,-9999.0000,-9999.0000,-9999.0000,-9999.0000,-9999.0000,-9999.0000,-9999.0000,-9999.0000,-9999.0000,-9999.0000
2019-01-01,316,-9999.0000,-9999.0000,-9999.0000,-9999.0000,-9999.0000,-9999.0000,-9999.0000,-9999.0000,-9999.0000,-9999.0000,-9999.0000
2019-01-03,316,503.0000,430.0000,357.0000,244.0000,336.0000,415.0000,399.0000,467.0000,482.0000,508.0000,380.0000
2019-01-03,316,488.0000,422.0000,357.0000,282.0000,323.0000,354.0000,399.0000,451.0000,423.0000,506.0000,396.0000
2019-01-08,316,-9999.0000,-9999.0000,-9999.0000,-9999.0000,-9999.0000,-9999.0000,-9999.0000,-9999.0000,-9999.0000,-9999.0000,-9999.0000
2019-01-08,316,-9999.0000,-9999.0000,-9999.0000,-9999.0000,-9999.0000,-9999.0000,-9999.0000,-9999.0000,-9999.0000,-9999.0000,-9999.0000
2019-01-18,316,-9999.0000,-9999.0000,-9999.0000,-9999.0000,-9999.0000,-9999.0000,-9999.0000,-9999.0000,-9999.0000,-9999.0000,-9999.0000
2019-01-18,316,-9999.0000,-9999.0000,-9999.0000,-9999.0000,-9999.0000,-9999.0000,-9999.0000,-9999.0000,-9999.0000,-9999.0000,-9999.0000
2019-01-21,316,955.0000,994.0909,936.2085,1009.4444,1294.0000,1661.0000,1813.8865,1975.1505,2022.3602,1658.1644,1445.0000
2019-01-21,316,916.0000,985.0000,932.6368,1006.1667,1286.0000,1657.3484,1820.5000,1977.4321,2061.0000,1649.7133,1444.0000
2019-01-28,316,-9999.0000,-9999.0000,-9999.0000,-9999.0000,-9999.0000,-9999.0000,-9999.0000,-9999.0000,-9999.0000,-9999.0000,-9999.0000
2019-01-28,316,-9999.0000,-9999.0000,-9999.0000,-9999.0000,-9999.0000,-9999.0000,-9999.0000,-9999.0000,-9999.0000,-9999.0000,-9999.0000
2019-02-07,316,-9999.0000,-9999.0000,-9999.0000,-9999.0000,-9999.0000,-9999.0000,-9999.0000,-9999.0000,-9999.0000,-9999.0000,-9999.0000
2019-02-07,316,-9999.0000,-9999.0000,-9999.0000,-9999.0000,-9999.0000,-9999.0000,-9999.0000,-9999.0000,-9999.0000,-9999.0000,-9999.0000
2019-02-15,316,236.0000,322.4065,540.8225,605.1472,928.8000,1330.2600,1468.2500,1658.4806,1715.0000,2050.5000,1596.2417
2019-02-15,316,235.0000,318.6222,540.7962,605.8258,926.0000,1323.0000,1454.2289,1654.0000,1702.1418,2046.5948,1595.0000
2019-02-17,316,210.0000,518.3077,620.0000,665.1397,955.0000,1292.3185,1427.0000,1684.2196,1612.0000,1832.0000,1487.0000
2019-02-17,316,199.0000,510.7807,614.0000,665.1520,946.0000,1289.3333,1410.2224,1690.6614,1588.6667,1838.4867,1488.0000
2019-02-20,316,-9999.0000,-9999.0000,-9999.0000,-9999.0000,-9999.0000,-9999.0000,-9999.0000,-9999.0000,-9999.0000,-9999.0000,-9999.0000
2019-02-25,316,464.0000,557.0000,757.5720,837.3067,1212.0000,1651.3333,1827.0000,2075.1486,2091.5267,2538.0000,2132.0000
2019-02-25,316,456.0000,554.0000,762.5058,832.9256,1206.4918,1630.0000,1813.3653,2068.4000,2076.0151,2518.7450,2105.3031
2019-02-27,316,335.0000,581.8182,788.6000,901.0000,1278.0000,1706.7013,1884.4000,2182.9426,2171.0000,2923.0000,2675.5000
2019-02-27,316,328.0000,577.2500,781.2442,897.0000,1266.5082,1699.1481,1876.0000,2168.4189,2155.5000,2933.5000,2698.0000
2019-03-07,316,-9999.0000,-9999.0000,-9999.0000,-9999.0000,-9999.0000,-9999.0000,-9999.0000,-9999.0000,-9999.0000,-9999.0000,-9999.0000
2019-03-07,316,-9999.0000,-9999.0000,-9999.0000,-9999.0000,-9999.0000,-9999.0000,-9999.0000,-9999.0000,-9999.0000,-9999.0000,-9999.0000
2019-03-09,316,-9999.0000,-9999.0000,-9999.0000,-9999.0000,-9999.0000,-9999.0000,-9999.0000,-9999.0000,-9999.0000,-9999.0000,-9999.0000
2019-03-09,316,-9999.0000,-9999.0000,-9999.0000,-9999.0000,-9999.0000,-9999.0000,-9999.0000,-9999.0000,-9999.0000,-9999.0000,-9999.0000
2019-03-14,316,-9999.0000,-9999.0000,-9999.0000,-9999.0000,-9999.0000,-9999.0000,-9999.0000,-9999.0000,-9999.0000,-9999.0000,-9999.0000
2019-03-14,316,-9999.0000,-9999.0000,-9999.0000,-9999.0000,-9999.0000,-9999.0000,-9999.0000,-9999.0000,-9999.0000,-9999.0000,-9999.0000
2019-03-17,316,-9999.0000,-9999.0000,-9999.0000,-9999.0000,-9999.0000,-9999.0000,-9999.0000,-9999.0000,-9999.0000,-9999.0000,-9999.0000
2019-03-17,316,-9999.0000,-9999.0000,-9999.0000,-9999.0000,-9999.0000,-9999.0000,-9999.0000,-9999.0000,-9999.0000,-9999.0000,-9999.0000
2019-03-19,316,-9999.0000,-9999.0000,-9999.0000,-9999.0000,-9999.0000,-9999.0000,-9999.0000,-9999.0000,-9999.0000,-9999.0000,-9999.0000
2019-03-19,316,-9999.0000,-9999.0000,-9999.0000,-9999.0000,-9999.0000,-9999.0000,-9999.0000,-9999.0000,-9999.0000,-9999.0000,-9999.0000
2019-03-22,316,517.0000,622.0000,703.0000,816.2458,1061.0000,1190.0000,1330.6873,1457.5000,1553.0000,2209.5556,1893.5949
2019-03-22,316,510.0000,622.3226,702.4866,810.0000,1049.0000,1184.0000,1317.6667,1456.6262,1542.0000,2197.2500,1892.0000
2019-03-24,316,758.0000,846.6667,986.0000,1133.2587,1474.5000,1754.5000,1949.5000,2274.4000,2249.5000,3037.0000,2538.8796
2019-03-24,316,755.0000,846.8513,990.2500,1137.4219,1469.5000,1769.0000,1948.5000,2283.5000,2258.0000,3025.3333,2534.6608
2019-03-27,316,-9999.0000,-9999.0000,-9999.0000,-9999.0000,-9999.0000,-9999.0000,-9999.0000,-9999.0000,-9999.0000,-9999.0000,-9999.0000
2019-03-27,316,-9999.0000,-9999.0000,-9999.0000,-9999.0000,-9999.0000,-9999.0000,-9999.0000,-9999.0000,-9999.0000,-9999.0000,-9999.0000
2019-03-29,316,704.0000,810.9041,878.5169,953.5674,1246.0000,1493.0000,1678.3881,1857.7466,1905.0000,2716.1860,2488.0000
2019-03-29,316,706.0000,810.5515,878.6591,956.0000,1236.0000,1493.5082,1653.8332,1857.7334,1901.9836,2699.3682,2454.5000
2019-04-01,316,540.0000,708.0000,885.0000,1100.7022,1408.0000,1648.0000,1825.5000,2138.0000,2124.9533,3339.0000,3264.5874
2019-04-01,316,510.0000,704.7642,881.0380,1101.5968,1393.5520,1633.3333,1833.7500,2131.8695,2131.7493,3334.0000,3274.0000
2019-04-08,316,623.0000,758.5714,882.4534,1042.0000,1360.0000,1624.0000,1797.0569,2021.7500,2077.1076,3260.8241,3124.5000
2019-04-08,316,619.0000,757.0000,879.0000,1040.2566,1353.0000,1619.0000,1797.9506,2016.7500,2071.0000,3265.0000,3140.0028
2019-04-11,316,-9999.0000,-9999.0000,-9999.0000,-9999.0000,-9999.0000,-9999.0000,-9999.0000,-9999.0000,-9999.0000,-9999.0000,-9999.0000
2019-04-11,316,-9999.0000,-9999.0000,-9999.0000,-9999.0000,-9999.0000,-9999.0000,-9999.0000,-9999.0000,-9999.0000,-9999.0000,-9999.0000
2019-04-13,316,-9999.0000,-9999.0000,-9999.0000,-9999.0000,-9999.0000,-9999.0000,-9999.0000,-9999.0000,-9999.0000,-9999.0000,-9999.0000
2019-04-13,316,-9999.0000,-9999.0000,-9999.0000,-9999.0000,-9999.0000,-9999.0000,-9999.0000,-9999.0000,-9999.0000,-9999.0000,-9999.0000
2019-04-16,316,523.0000,547.0000,662.3767,940.7143,1158.4389,1347.0000,1537.3333,1740.3333,1860.8853,3168.5000,3283.0000
2019-04-16,316,528.0000,549.0000,660.2922,937.8000,1158.7804,1338.2416,1531.0000,1742.0000,1854.2682,3173.7500,3275.5000
2019-04-18,316,662.0000,791.0000,830.0000,1014.5363,1233.0000,1464.5000,1638.0000,1885.2727,1881.9993,2886.0000,2985.7298
2019-04-18,316,652.0000,789.0000,830.3653,1012.9696,1230.0000,1468.0000,1632.0000,1888.6000,1891.0000,2877.9154,2980.5972
2019-04-21,316,508.0000,618.7507,714.0000,989.5556,1166.0198,1349.4966,1543.0000,1826.7727,1851.4128,3277.0000,3527.0000
2019-04-21,316,512.0000,618.2816,714.2000,986.1787,1164.4100,1353.3062,1537.7858,1827.8000,1860.6775,3259.0000,3519.0000
2019-04-23,316,538.0000,602.8571,749.0000,1022.5000,1281.5606,1531.0000,1732.0000,2011.1429,2075.5746,3418.9618,3436.1181
2019-04-23,316,533.0000,602.5262,744.5878,1021.1902,1281.9631,1527.0000,1729.7157,2002.8994,2075.6415,3422.9222,3437.0000
2019-05-03,316,-9999.0000,-9999.0000,-9999.0000,-9999.0000,-9999.0000,-9999.0000,-9999.0000,-9999.0000,-9999.0000,-9999.0000,-9999.0000
2019-05-03,316,-9999.0000,-9999.0000,-9999.0000,-9999.0000,-9999.0000,-9999.0000,-9999.0000,-9999.0000,-9999.0000,-9999.0000,-9999.0000
2019-05-11,316,789.0000,938.0000,1044.0000,1013.0000,1355.0000,2022.0000,2204.0000,2658.0000,2348.0000,2358.0000,1867.0000
2019-05-11,316,798.0000,902.0000,1018.0000,1028.0000,1373.0000,2072.0000,2266.0000,2604.0000,2401.0000,2355.0000,1906.0000
2019-05-13,316,-9999.0000,-9999.0000,-9999.0000,-9999.0000,-9999.0000,-9999.0000,-9999.0000,-9999.0000,-9999.0000,-9999.0000,-9999.0000
2019-05-13,316,-9999.0000,-9999.0000,-9999.0000,-9999.0000,-9999.0000,-9999.0000,-9999.0000,-9999.0000,-9999.0000,-9999.0000,-9999.0000
2019-05-16,316,-9999.0000,-9999.0000,-9999.0000,-9999.0000,-9999.0000,-9999.0000,-9999.0000,-9999.0000,-9999.0000,-9999.0000,-9999.0000
2019-05-18,316,793.0000,976.3233,1188.0000,937.0000,1619.0000,3549.0303,4183.8735,4392.0837,4453.5000,3166.5000,2246.5000
2019-05-18,316,778.0000,974.5583,1186.0000,936.9927,1614.0000,3547.5805,4195.6713,4405.0946,4473.9407,3155.5000,2245.0000
2019-05-31,316,-9999.0000,-9999.0000,-9999.0000,-9999.0000,-9999.0000,-9999.0000,-9999.0000,-9999.0000,-9999.0000,-9999.0000,-9999.0000
2019-05-31,316,-9999.0000,-9999.0000,-9999.0000,-9999.0000,-9999.0000,-9999.0000,-9999.0000,-9999.0000,-9999.0000,-9999.0000,-9999.0000
2019-06-02,316,812.0000,803.0000,1114.0000,757.5000,1456.7556,4201.7500,5206.4772,5370.1753,5367.3333,2558.0000,1593.3333
2019-06-02,316,786.0000,808.4000,1114.0000,762.0822,1459.0000,4195.7500,5161.4700,5368.5560,5352.6667,2549.5000,1588.0000
2019-06-05,316,-9999.0000,-9999.0000,-9999.0000,-9999.0000,-9999.0000,-9999.0000,-9999.0000,-9999.0000,-9999.0000,-9999.0000,-9999.0000
2019-06-05,316,-9999.0000,-9999.0000,-9999.0000,-9999.0000,-9999.0000,-9999.0000,-9999.0000,-9999.0000,-9999.0000,-9999.0000,-9999.0000
2019-06-07,316,-9999.0000,-9999.0000,-9999.0000,-9999.0000,-9999.0000,-9999.0000,-9999.0000,-9999.0000,-9999.0000,-9999.0000,-9999.0000
2019-06-07,316,-9999.0000,-9999.0000,-9999.0000,-9999.0000,-9999.0000,-9999.0000,-9999.0000,-9999.0000,-9999.0000,-9999.0000,-9999.0000
2019-06-10,316,-9999.0000,-9999.0000,-9999.0000,-9999.0000,-9999.0000,-9999.0000,-9999.0000,-9999.0000,-9999.0000,-9999.0000,-9999.0000
2019-06-10,316,-9999.0000,-9999.0000,-9999.0000,-9999.0000,-9999.0000,-9999.0000,-9999.0000,-9999.0000,-9999.0000,-9999.0000,-9999.0000
2019-06-17,316,326.0000,426.1489,704.8258,333.5529,1023.0000,3961.6667,5281.0000,5460.5000,5444.0000,1880.4000,909.0000
2019-06-17,316,325.0000,428.6782,710.0038,332.9143,1030.5000,3974.9805,5289.4741,5445.5583,5445.0000,1909.8847,886.5000
2019-06-20,316,-9999.0000,-9999.0000,-9999.0000,-9999.0000,-9999.0000,-9999.0000,-9999.0000,-9999.0000,-9999.0000,-9999.0000,-9999.0000
2019-06-20,316,-9999.0000,-9999.0000,-9999.0000,-9999.0000,-9999.0000,-9999.0000,-9999.0000,-9999.0000,-9999.0000,-9999.0000,-9999.0000
2019-06-22,316,-9999.0000,-9999.0000,-9999.0000,-9999.0000,-9999.0000,-9999.0000,-9999.0000,-9999.0000,-9999.0000,-9999.0000,-9999.0000
2019-06-22,316,-9999.0000,-9999.0000,-9999.0000,-9999.0000,-9999.0000,-9999.0000,-9999.0000,-9999.0000,-9999.0000,-9999.0000,-9999.0000
2019-06-25,316,317.0000,362.6667,748.9725,497.0966,1256.0000,3469.0000,4316.2150,4385.4634,4642.0000,1982.0000,1013.4316
2019-06-25,316,313.0000,358.9947,744.7721,492.7553,1251.0000,3467.0795,4300.5716,4377.0241,4610.2017,1983.0000,993.3936
2019-06-27,316,-9999.0000,-9999.0000,-9999.0000,-9999.0000,-9999.0000,-9999.0000,-9999.0000,-9999.0000,-9999.0000,-9999.0000,-9999.0000
2019-06-27,316,-9999.0000,-9999.0000,-9999.0000,-9999.0000,-9999.0000,-9999.0000,-9999.0000,-9999.0000,-9999.0000,-9999.0000,-9999.0000
2019-06-30,316,-9999.0000,-9999.0000,-9999.0000,-9999.0000,-9999.0000,-9999.0000,-9999.0000,-9999.0000,-9999.0000,-9999.0000,-9999.0000
2019-06-30,316,-9999.0000,-9999.0000,-9999.0000,-9999.0000,-9999.0000,-9999.0000,-9999.0000,-9999.0000,-9999.0000,-9999.0000,-9999.0000
2019-07-02,316,-9999.0000,-9999.0000,-9999.0000,-9999.0000,-9999.0000,-9999.0000,-9999.0000,-9999.0000,-9999.0000,-9999.0000,-9999.0000
2019-07-02,316,-9999.0000,-9999.0000,-9999.0000,-9999.0000,-9999.0000,-9999.0000,-9999.0000,-9999.0000,-9999.0000,-9999.0000,-9999.0000
2019-07-05,316,-9999.0000,-9999.0000,-9999.0000,-9999.0000,-9999.0000,-9999.0000,-9999.0000,-9999.0000,-9999.0000,-9999.0000,-9999.0000
2019-07-05,316,-9999.0000,-9999.0000,-9999.0000,-9999.0000,-9999.0000,-9999.0000,-9999.0000,-9999.0000,-9999.0000,-9999.0000,-9999.0000
2019-07-17,316,-9999.0000,-9999.0000,-9999.0000,-9999.0000,-9999.0000,-9999.0000,-9999.0000,-9999.0000,-9999.0000,-9999.0000,-9999.0000
2019-07-17,316,-9999.0000,-9999.0000,-9999.0000,-9999.0000,-9999.0000,-9999.0000,-9999.0000,-9999.0000,-9999.0000,-9999.0000,-9999.0000
2019-07-25,316,-9999.0000,-9999.0000,-9999.0000,-9999.0000,-9999.0000,-9999.0000,-9999.0000,-9999.0000,-9999.0000,-9999.0000,-9999.0000
2019-07-25,316,-9999.0000,-9999.0000,-9999.0000,-9999.0000,-9999.0000,-9999.0000,-9999.0000,-9999.0000,-9999.0000,-9999.0000,-9999.0000
2019-07-27,316,337.0000,508.6956,662.4431,825.2500,1087.0000,1492.8000,1738.8000,1868.9857,1990.0266,2278.4848,1660.5000
2019-07-27,316,336.0000,507.0000,660.8385,817.3750,1090.4160,1511.6280,1738.4353,1866.8333,2002.4000,2279.0000,1642.6063
2019-07-30,316,338.0000,482.4351,652.6853,836.7603,1082.6246,1481.3937,1740.5294,1836.1117,2041.0000,2279.0000,1625.0000
2019-07-30,316,391.0000,520.7080,676.0000,830.5979,1093.4867,1512.0000,1785.5000,1877.5808,2062.0609,2264.5000,1605.5000
2019-08-01,316,-9999.0000,-9999.0000,-9999.0000,-9999.0000,-9999.0000,-9999.0000,-9999.0000,-9999.0000,-9999.0000,-9999.0000,-9999.0000
2019-08-01,316,-9999.0000,-9999.0000,-9999.0000,-9999.0000,-9999.0000,-9999.0000,-9999.0000,-9999.0000,-9999.0000,-9999.0000,-9999.0000
2019-08-14,316,-9999.0000,-9999.0000,-9999.0000,-9999.0000,-9999.0000,-9999.0000,-9999.0000,-9999.0000,-9999.0000,-9999.0000,-9999.0000
2019-08-14,316,-9999.0000,-9999.0000,-9999.0000,-9999.0000,-9999.0000,-9999.0000,-9999.0000,-9999.0000,-9999.0000,-9999.0000,-9999.0000
2019-08-19,316,-9999.0000,-9999.0000,-9999.0000,-9999.0000,-9999.0000,-9999.0000,-9999.0000,-9999.0000,-9999.0000,-9999.0000,-9999.0000
2019-08-19,316,-9999.0000,-9999.0000,-9999.0000,-9999.0000,-9999.0000,-9999.0000,-9999.0000,-9999.0000,-9999.0000,-9999.0000,-9999.0000
2019-08-21,316,-9999.0000,-9999.0000,-9999.0000,-9999.0000,-9999.0000,-9999.0000,-9999.0000,-9999.0000,-9999.0000,-9999.0000,-9999.0000
2019-08-21,316,-9999.0000,-9999.0000,-9999.0000,-9999.0000,-9999.0000,-9999.0000,-9999.0000,-9999.0000,-9999.0000,-9999.0000,-9999.0000
2019-08-24,316,390.0000,414.0000,518.2500,680.5225,860.2701,1076.5000,1253.0000,1366.0000,1480.0000,2398.5000,2344.0000
2019-08-24,316,385.0000,414.0000,518.0064,682.9062,858.7919,1077.0324,1238.3388,1366.7273,1479.0000,2397.0000,2357.0000
2019-08-26,316,311.0000,462.2924,556.2222,730.0616,946.8579,1110.2500,1297.5000,1382.8596,1512.2186,2705.6557,2732.0000
2019-08-26,316,302.0000,460.4118,554.3000,729.7387,940.2004,1110.7500,1318.8000,1382.7637,1527.0000,2696.0000,2732.1477
2019-08-29,316,-9999.0000,-9999.0000,-9999.0000,-9999.0000,-9999.0000,-9999.0000,-9999.0000,-9999.0000,-9999.0000,-9999.0000,-9999.0000
2019-08-29,316,-9999.0000,-9999.0000,-9999.0000,-9999.0000,-9999.0000,-9999.0000,-9999.0000,-9999.0000,-9999.0000,-9999.0000,-9999.0000
2019-08-31,316,659.0000,683.0000,816.0000,958.0918,1244.4353,1643.3716,1849.7240,2007.4706,2135.5883,2897.0000,2770.5000
2019-08-31,316,646.0000,675.0000,810.3236,957.1667,1242.6358,1635.0000,1849.4519,2007.8884,2138.3333,2893.0000,2773.0000
2019-09-05,316,512.0000,639.0000,714.4615,821.3862,1121.4882,1416.6000,1607.4340,1806.8889,1905.4516,2585.5611,2044.0000
2019-09-05,316,558.0000,669.0000,736.4117,829.5215,1128.3333,1450.6023,1638.1194,1837.7569,1913.4524,2553.7251,2029.2207
2019-09-08,316,770.0000,662.0000,918.0000,808.0000,1437.0000,2823.0000,3191.0000,3440.0000,3492.0000,2183.0000,1499.0000
2019-09-08,316,652.0000,652.0000,884.0000,816.0000,1383.0000,2576.0000,2983.0000,3198.0000,3366.0000,2186.0000,1533.0000
2019-09-10,316,-9999.0000,-9999.0000,-9999.0000,-9999.0000,-9999.0000,-9999.0000,-9999.0000,-9999.0000,-9999.0000,-9999.0000,-9999.0000
2019-09-10,316,-9999.0000,-9999.0000,-9999.0000,-9999.0000,-9999.0000,-9999.0000,-9999.0000,-9999.0000,-9999.0000,-9999.0000,-9999.0000
2019-09-13,316,-9999.0000,-9999.0000,-9999.0000,-9999.0000,-9999.0000,-9999.0000,-9999.0000,-9999.0000,-9999.0000,-9999.0000,-9999.0000
2019-09-13,316,-9999.0000,-9999.0000,-9999.0000,-9999.0000,-9999.0000,-9999.0000,-9999.0000,-9999.0000,-9999.0000,-9999.0000,-9999.0000
2019-09-15,316,-9999.0000,-9999.0000,-9999.0000,-9999.0000,-9999.0000,-9999.0000,-9999.0000,-9999.0000,-9999.0000,-9999.0000,-9999.0000
2019-09-18,316,400.0000,509.0000,866.0667,478.6200,1305.0000,2693.0000,2900.5836,3048.7059,3089.0000,1760.6667,1034.3333
2019-09-18,316,397.0000,506.0000,866.5587,480.5739,1300.4283,2698.0000,2913.0000,3045.1911,3091.5000,1760.0000,1028.6200
2019-09-20,316,-9999.0000,-9999.0000,-9999.0000,-9999.0000,-9999.0000,-9999.0000,-9999.0000,-9999.0000,-9999.0000,-9999.0000,-9999.0000
2019-09-20,316,-9999.0000,-9999.0000,-9999.0000,-9999.0000,-9999.0000,-9999.0000,-9999.0000,-9999.0000,-9999.0000,-9999.0000,-9999.0000
2019-09-28,316,-9999.0000,-9999.0000,-9999.0000,-9999.0000,-9999.0000,-9999.0000,-9999.0000,-9999.0000,-9999.0000,-9999.0000,-9999.0000
2019-09-28,316,-9999.0000,-9999.0000,-9999.0000,-9999.0000,-9999.0000,-9999.0000,-9999.0000,-9999.0000,-9999.0000,-9999.0000,-9999.0000
2019-09-30,316,489.0000,564.0000,1144.9289,452.4792,1633.3333,4985.1427,5356.8426,5484.7241,5463.0000,1865.5006,820.0000
2019-09-30,316,493.0000,567.0000,1140.7261,454.5235,1633.6667,4968.7143,5332.7500,5489.4000,5464.6667,1862.1056,818.3859
2019-10-03,316,457.0000,518.3449,1168.9000,445.4928,1907.5000,6031.3750,6612.0000,6732.8750,6770.0000,2137.6672,913.7798
2019-10-03,316,450.0000,518.5956,1165.4118,445.8514,1903.0000,6003.5714,6617.0000,6732.7059,6767.1667,2142.3333,914.9953
2019-10-05,316,-9999.0000,-9999.0000,-9999.0000,-9999.0000,-9999.0000,-9999.0000,-9999.0000,-9999.0000,-9999.0000,-9999.0000,-9999.0000
2019-10-05,316,-9999.0000,-9999.0000,-9999.0000,-9999.0000,-9999.0000,-9999.0000,-9999.0000,-9999.0000,-9999.0000,-9999.0000,-9999.0000
2019-10-10,316,-9999.0000,-9999.0000,-9999.0000,-9999.0000,-9999.0000,-9999.0000,-9999.0000,-9999.0000,-9999.0000,-9999.0000,-9999.0000
2019-10-10,316,-9999.0000,-9999.0000,-9999.0000,-9999.0000,-9999.0000,-9999.0000,-9999.0000,-9999.0000,-9999.0000,-9999.0000,-9999.0000
2019-10-15,316,-9999.0000,-9999.0000,-9999.0000,-9999.0000,-9999.0000,-9999.0000,-9999.0000,-9999.0000,-9999.0000,-9999.0000,-9999.0000
2019-10-15,316,-9999.0000,-9999.0000,-9999.0000,-9999.0000,-9999.0000,-9999.0000,-9999.0000,-9999.0000,-9999.0000,-9999.0000,-9999.0000
2019-10-28,316,204.0000,294.0000,449.7106,207.0000,611.8356,1829.5745,2034.8673,1934.5714,2063.7500,701.0000,379.0112
2019-10-28,316,195.0000,286.0000,437.2500,196.2063,594.6132,1729.0000,1924.0000,1826.4000,1932.0000,635.4219,334.0000
2019-10-30,316,266.0000,346.4081,904.8182,354.4553,1441.5188,4783.0000,5263.6250,5741.0558,5460.1429,1945.4366,914.4421
2019-10-30,316,259.0000,344.0867,904.9261,353.2329,1437.2500,4787.0988,5262.4000,5710.0621,5423.8131,1941.5000,913.5000
2019-11-19,316,262.0000,350.0000,901.2381,422.6173,1536.0000,4229.6782,4551.4286,4888.5078,4774.7224,1758.0000,849.0000
2019-11-19,316,257.0000,350.0000,906.1233,424.4901,1536.0000,4232.4216,4553.0673,4888.5436,4780.2500,1761.0000,850.0000
2019-11-22,316,-9999.0000,-9999.0000,-9999.0000,-9999.0000,-9999.0000,-9999.0000,-9999.0000,-9999.0000,-9999.0000,-9999.0000,-9999.0000
2019-11-22,316,-9999.0000,-9999.0000,-9999.0000,-9999.0000,-9999.0000,-9999.0000,-9999.0000,-9999.0000,-9999.0000,-9999.0000,-9999.0000
2019-11-24,316,-9999.0000,-9999.0000,-9999.0000,-9999.0000,-9999.0000,-9999.0000,-9999.0000,-9999.0000,-9999.0000,-9999.0000,-9999.0000
2019-11-24,316,-9999.0000,-9999.0000,-9999.0000,-9999.0000,-9999.0000,-9999.0000,-9999.0000,-9999.0000,-9999.0000,-9999.0000,-9999.0000
2019-11-29,316,-9999.0000,-9999.0000,-9999.0000,-9999.0000,-9999.0000,-9999.0000,-9999.0000,-9999.0000,-9999.0000,-9999.0000,-9999.0000
2019-11-29,316,-9999.0000,-9999.0000,-9999.0000,-9999.0000,-9999.0000,-9999.0000,-9999.0000,-9999.0000,-9999.0000,-9999.0000,-9999.0000
2019-12-02,316,432.0000,496.5769,969.2883,474.3505,1585.5000,4055.7143,4376.0000,4600.2232,4646.0757,1695.0000,865.7237
2019-12-02,316,434.0000,497.0000,965.7822,476.1250,1586.5000,4055.2000,4405.1422,4616.4885,4643.6667,1692.0000,858.4224
2019-12-04,316,-9999.0000,-9999.0000,-9999.0000,-9999.0000,-9999.0000,-9999.0000,-9999.0000,-9999.0000,-9999.0000,-9999.0000,-9999.0000
2019-12-04,316,-9999.0000,-9999.0000,-9999.0000,-9999.0000,-9999.0000,-9999.0000,-9999.0000,-9999.0000,-9999.0000,-9999.0000,-9999.0000
2019-12-09,316,-9999.0000,-9999.0000,-9999.0000,-9999.0000,-9999.0000,-9999.0000,-9999.0000,-9999.0000,-9999.0000,-9999.0000,-9999.0000
2019-12-09,316,-9999.0000,-9999.0000,-9999.0000,-9999.0000,-9999.0000,-9999.0000,-9999.0000,-9999.0000,-9999.0000,-9999.0000,-9999.0000
2019-12-12,316,517.0000,502.0000,619.0000,350.0000,828.0000,1868.3568,1927.7118,1996.0000,1932.0000,639.0000,298.0000
2019-12-12,316,511.0000,502.4000,612.7500,344.6986,828.0229,1819.0000,1926.6621,1994.6667,1921.0000,630.0000,281.0000
2019-12-14,316,-9999.0000,-9999.0000,-9999.0000,-9999.0000,-9999.0000,-9999.0000,-9999.0000,-9999.0000,-9999.0000,-9999.0000,-9999.0000
2019-12-14,316,-9999.0000,-9999.0000,-9999.0000,-9999.0000,-9999.0000,-9999.0000,-9999.0000,-9999.0000,-9999.0000,-9999.0000,-9999.0000
2019-12-27,316,504.0000,610.0000,846.7980,480.3082,1470.6000,3787.3333,4151.5683,4566.0128,4456.4000,1532.0000,764.0000
2019-12-27,316,512.0000,607.0000,846.7500,482.3434,1473.5000,3783.3333,4132.2500,4547.3564,4442.6544,1529.0000,764.7494
2020-01-18,316,-9999.0000,-9999.0000,-9999.0000,-9999.0000,-9999.0000,-9999.0000,-9999.0000,-9999.0000,-9999.0000,-9999.0000,-9999.0000
2020-01-18,316,-9999.0000,-9999.0000,-9999.0000,-9999.0000,-9999.0000,-9999.0000,-9999.0000,-9999.0000,-9999.0000,-9999.0000,-9999.0000
2020-01-21,316,597.0000,580.0000,854.5611,654.0000,1381.5000,2198.0000,2349.0000,2650.4797,2681.0000,1353.5000,757.6667
2020-01-21,316,595.0000,580.0000,850.3333,652.7168,1386.3333,2190.5000,2372.0000,2643.8571,2705.6667,1353.0000,765.4000
2020-02-05,316,142.0000,335.0000,598.5606,469.0000,1058.5000,1883.0000,2069.5000,2371.0098,2305.0000,1410.5000,820.9876
2020-02-05,316,131.0000,331.0000,594.3002,468.0000,1061.0000,1886.0000,2058.7204,2381.0000,2320.3333,1406.3333,820.0000
2020-02-07,316,-9999.0000,-9999.0000,-9999.0000,-9999.0000,-9999.0000,-9999.0000,-9999.0000,-9999.0000,-9999.0000,-9999.0000,-9999.0000
2020-02-07,316,-9999.0000,-9999.0000,-9999.0000,-9999.0000,-9999.0000,-9999.0000,-9999.0000,-9999.0000,-9999.0000,-9999.0000,-9999.0000
2020-02-12,316,-9999.0000,-9999.0000,-9999.0000,-9999.0000,-9999.0000,-9999.0000,-9999.0000,-9999.0000,-9999.0000,-9999.0000,-9999.0000
2020-02-12,316,-9999.0000,-9999.0000,-9999.0000,-9999.0000,-9999.0000,-9999.0000,-9999.0000,-9999.0000,-9999.0000,-9999.0000,-9999.0000
2020-02-17,316,-9999.0000,-9999.0000,-9999.0000,-9999.0000,-9999.0000,-9999.0000,-9999.0000,-9999.0000,-9999.0000,-9999.0000,-9999.0000
2020-02-17,316,-9999.0000,-9999.0000,-9999.0000,-9999.0000,-9999.0000,-9999.0000,-9999.0000,-9999.0000,-9999.0000,-9999.0000,-9999.0000
2020-02-25,316,-9999.0000,-9999.0000,-9999.0000,-9999.0000,-9999.0000,-9999.0000,-9999.0000,-9999.0000,-9999.0000,-9999.0000,-9999.0000
2020-02-25,316,-9999.0000,-9999.0000,-9999.0000,-9999.0000,-9999.0000,-9999.0000,-9999.0000,-9999.0000,-9999.0000,-9999.0000,-9999.0000
2020-03-01,316,-9999.0000,-9999.0000,-9999.0000,-9999.0000,-9999.0000,-9999.0000,-9999.0000,-9999.0000,-9999.0000,-9999.0000,-9999.0000
2020-03-01,316,-9999.0000,-9999.0000,-9999.0000,-9999.0000,-9999.0000,-9999.0000,-9999.0000,-9999.0000,-9999.0000,-9999.0000,-9999.0000
2020-03-03,316,341.0000,455.0000,636.6667,449.4444,1052.0000,2206.0000,2398.2444,2660.0778,2637.0000,1634.0000,902.0000
2020-03-03,316,352.0000,456.4077,640.7244,454.0020,1054.0000,2200.6145,2420.0000,2696.5000,2657.5000,1643.5632,917.0647
2020-03-11,316,789.0000,702.8000,976.2000,686.0000,1453.0000,3149.0000,3500.0000,3702.0000,3739.0000,2085.0000,1130.0000
2020-03-11,316,836.0000,702.3117,970.6125,690.5000,1447.0000,3160.0000,3502.0000,3698.4000,3742.0000,2084.0000,1124.5000
2020-03-13,316,-9999.0000,-9999.0000,-9999.0000,-9999.0000,-9999.0000,-9999.0000,-9999.0000,-9999.0000,-9999.0000,-9999.0000,-9999.0000
2020-03-13,316,-9999.0000,-9999.0000,-9999.0000,-9999.0000,-9999.0000,-9999.0000,-9999.0000,-9999.0000,-9999.0000,-9999.0000,-9999.0000
2020-03-16,316,-9999.0000,-9999.0000,-9999.0000,-9999.0000,-9999.0000,-9999.0000,-9999.0000,-9999.0000,-9999.0000,-9999.0000,-9999.0000
2020-03-16,316,-9999.0000,-9999.0000,-9999.0000,-9999.0000,-9999.0000,-9999.0000,-9999.0000,-9999.0000,-9999.0000,-9999.0000,-9999.0000
2020-03-21,316,-9999.0000,-9999.0000,-9999.0000,-9999.0000,-9999.0000,-9999.0000,-9999.0000,-9999.0000,-9999.0000,-9999.0000,-9999.0000
2020-03-21,316,-9999.0000,-9999.0000,-9999.0000,-9999.0000,-9999.0000,-9999.0000,-9999.0000,-9999.0000,-9999.0000,-9999.0000,-9999.0000
2020-03-23,316,354.0000,421.7500,710.6869,513.1856,1172.8806,2618.3795,2922.8436,3348.4266,3164.6186,2088.9218,1385.7237
2020-03-23,316,334.0000,421.4870,710.8889,513.1645,1169.5205,2619.9762,2905.8911,3340.0769,3163.6562,2098.2500,1380.6667
2020-03-26,316,461.0000,453.6424,509.5999,673.2934,841.0000,1036.3333,1192.0000,1396.0000,1426.0000,2448.7651,2522.2222
2020-03-26,316,446.0000,453.4619,513.7370,673.3098,828.6667,1037.3333,1204.5000,1387.3209,1427.3333,2452.5000,2523.0000
2020-03-28,316,569.0000,485.0000,595.6973,787.6768,1001.5000,1187.5000,1365.0000,1611.7143,1649.5000,2826.7898,2762.6441
2020-03-28,316,559.0000,480.8700,587.3796,787.5985,1003.6000,1181.5000,1371.0000,1604.5000,1649.0000,2824.3333,2763.7390
2020-03-31,316,380.0000,397.1241,518.5676,749.4000,955.0000,1135.0000,1292.0000,1506.0000,1570.0000,2645.0000,2600.9931
2020-03-31,316,383.0000,393.8622,517.8943,744.8610,945.5000,1129.0000,1302.0000,1515.1429,1587.5000,2654.0000,2597.0018
2020-04-05,316,396.0000,492.6537,584.5948,804.3333,986.0000,1152.0000,1318.0000,1547.2500,1601.0000,2758.0000,2832.0000
2020-04-05,316,393.0000,490.7422,584.4286,802.7500,978.9855,1154.0000,1327.0000,1556.0000,1600.0000,2746.2179,2833.7125
2020-04-07,316,796.0000,681.6794,830.0000,1040.0000,1316.0000,1601.0000,1820.9980,2061.0000,2109.0000,3172.0000,2996.0000
2020-04-07,316,633.0000,678.0078,825.0000,1038.0000,1313.0000,1607.0000,1825.0000,2065.0000,2120.0000,3172.0000,3006.0000
2020-04-12,316,632.0000,728.0000,794.0857,962.3616,1222.0000,1502.1006,1696.4755,1899.3743,1997.0000,3274.5000,3373.0000
2020-04-12,316,634.0000,730.0000,796.2222,962.6667,1219.0000,1511.0000,1702.5346,1908.1353,1989.2249,3277.0000,3361.5601
2020-04-15,316,388.0000,488.0000,594.2146,784.8333,995.0000,1258.0000,1430.0000,1653.3307,1710.5000,2769.2313,2868.5765
2020-04-15,316,385.0000,484.0000,590.1429,784.8000,996.0000,1261.2915,1435.0000,1652.6667,1710.0116,2773.2121,2866.6790
2020-04-17,316,468.0000,508.4324,654.5000,831.0000,1090.6483,1388.9346,1555.0000,1749.0436,1808.0000,2697.0000,2613.0000
2020-04-17,316,472.0000,504.8851,650.0020,829.2857,1085.0000,1391.0000,1557.0000,1745.5000,1804.0000,2691.0000,2602.6667
2020-04-20,316,430.0000,458.4671,602.8000,792.7296,1045.0000,1382.0000,1556.5000,1776.5714,1844.0000,2762.5000,2660.9583
2020-04-20,316,426.0000,456.6420,600.3962,793.7199,1042.5000,1385.0000,1560.0000,1780.8533,1851.0000,2761.6159,2663.0000
2020-04-22,316,417.0000,540.2000,668.7500,837.0000,1100.5232,1509.0000,1708.9544,1969.2000,1978.1275,2920.0000,2884.5000
2020-04-22,316,418.0000,536.3846,666.4321,837.6752,1098.0000,1509.0000,1709.0000,1969.1998,1974.0000,2913.0000,2876.5000
2020-04-25,316,-9999.0000,-9999.0000,-9999.0000,-9999.0000,-9999.0000,-9999.0000,-9999.0000,-9999.0000,-9999.0000,-9999.0000,-9999.0000
2020-04-25,316,-9999.0000,-9999.0000,-9999.0000,-9999.0000,-9999.0000,-9999.0000,-9999.0000,-9999.0000,-9999.0000,-9999.0000,-9999.0000
2020-04-27,316,701.0000,738.3579,864.9917,1080.0000,1360.4660,1646.0000,1841.0000,2105.3137,2141.3747,3217.4000,3201.0000
2020-04-27,316,705.0000,736.1114,863.0000,1080.0000,1364.0000,1649.6667,1842.0000,2097.8261,2151.0000,3218.6667,3193.0267
2020-04-30,316,-9999.0000,-9999.0000,-9999.0000,-9999.0000,-9999.0000,-9999.0000,-9999.0000,-9999.0000,-9999.0000,-9999.0000,-9999.0000
2020-04-30,316,-9999.0000,-9999.0000,-9999.0000,-9999.0000,-9999.0000,-9999.0000,-9999.0000,-9999.0000,-9999.0000,-9999.0000,-9999.0000
2020-05-02,316,-9999.0000,-9999.0000,-9999.0000,-9999.0000,-9999.0000,-9999.0000,-9999.0000,-9999.0000,-9999.0000,-9999.0000,-9999.0000
2020-05-02,316,-9999.0000,-9999.0000,-9999.0000,-9999.0000,-9999.0000,-9999.0000,-9999.0000,-9999.0000,-9999.0000,-9999.0000,-9999.0000
2020-05-05,316,722.0633,693.8000,800.3342,1094.0000,1316.0228,1581.0000,1844.0000,2034.7064,2140.4177,3142.0000,3147.0000
2020-05-05,316,720.0000,685.8462,794.1556,1077.2166,1308.4966,1589.0000,1808.0000,2024.9714,2139.9764,3153.3333,3120.0000
2020-05-07,316,528.0000,572.0000,723.0000,1009.4435,1249.2480,1490.0000,1675.2362,1915.8501,1996.0000,3392.5000,3417.0000
2020-05-07,316,523.0000,575.0000,724.0000,1010.0000,1258.0000,1468.0000,1656.0000,1923.3333,1988.5000,3389.7206,3426.6661
2020-05-10,316,726.0000,780.3525,920.8199,1196.7093,1493.5000,1755.0000,1993.7335,2163.7500,2371.6662,3577.0000,3565.1667
2020-05-10,316,719.0000,776.1146,922.0000,1192.6312,1501.0000,1750.5000,1988.6486,2164.7962,2348.3101,3573.3281,3571.0000
2020-05-17,316,1174.0000,1090.0000,1176.0000,1465.2905,1773.0000,2086.3333,2346.0000,2658.5000,2812.5000,4437.0000,4407.8523
2020-05-17,316,1148.0000,1084.0000,1172.0000,1464.0000,1776.4368,2082.8234,2331.2263,2665.5000,2787.0000,4432.5000,4403.6716
2020-05-20,316,849.0000,792.3333,853.6250,1072.7079,1318.0000,1480.2530,1688.1667,1830.3207,2020.5097,3208.0000,3126.1179
2020-05-20,316,856.0000,796.4822,854.3264,1072.0000,1302.0000,1483.0000,1688.0000,1847.5912,2024.0000,3222.3345,3164.4989
2020-05-27,316,-9999.0000,-9999.0000,-9999.0000,-9999.0000,-9999.0000,-9999.0000,-9999.0000,-9999.0000,-9999.0000,-9999.0000,-9999.0000
2020-05-27,316,-9999.0000,-9999.0000,-9999.0000,-9999.0000,-9999.0000,-9999.0000,-9999.0000,-9999.0000,-9999.0000,-9999.0000,-9999.0000
2020-05-30,316,762.0000,806.6989,964.5371,1241.1429,1553.0000,1964.4621,2235.3452,2467.0000,2626.1877,3833.3835,3783.3333
2020-05-30,316,767.0000,804.8889,966.7500,1248.7506,1562.6060,1964.3989,2234.5261,2467.9531,2629.0000,3835.6667,3796.3853
2020-06-01,316,572.0000,729.0000,885.0000,1154.0000,1440.3771,1846.5000,2097.5000,2384.4998,2444.9568,3640.0000,3702.0000
2020-06-01,316,585.0000,731.0000,886.5577,1152.0000,1442.2763,1845.4436,2102.0000,2385.3953,2426.7478,3634.0000,3686.0000
2020-06-06,316,-9999.0000,-9999.0000,-9999.0000,-9999.0000,-9999.0000,-9999.0000,-9999.0000,-9999.0000,-9999.0000,-9999.0000,-9999.0000
2020-06-06,316,-9999.0000,-9999.0000,-9999.0000,-9999.0000,-9999.0000,-9999.0000,-9999.0000,-9999.0000,-9999.0000,-9999.0000,-9999.0000
2020-06-19,316,-9999.0000,-9999.0000,-9999.0000,-9999.0000,-9999.0000,-9999.0000,-9999.0000,-9999.0000,-9999.0000,-9999.0000,-9999.0000
2020-06-19,316,-9999.0000,-9999.0000,-9999.0000,-9999.0000,-9999.0000,-9999.0000,-9999.0000,-9999.0000,-9999.0000,-9999.0000,-9999.0000
2020-06-24,316,279.0000,341.0638,549.0758,330.1000,836.4000,3037.2075,3674.0586,3766.4803,3828.9922,1979.5000,1222.0000
2020-06-24,316,273.0000,325.2639,537.5480,324.1667,838.0458,3042.0000,3720.1780,3798.0000,3865.0000,1979.6000,1209.8000
2020-06-26,316,348.0000,357.6284,617.6745,377.8981,933.4000,3333.4315,3991.0000,4136.6296,4105.0000,2204.2000,1282.3333
2020-06-26,316,349.0000,349.8202,613.5183,379.9173,933.6162,3319.0000,3910.8536,4137.0000,4085.5740,2212.5000,1265.5000
2020-07-01,316,359.0000,516.0192,785.6667,450.2145,1150.0000,4184.5000,5076.0000,4656.0000,5270.0000,2196.0000,1106.0000
2020-07-01,316,405.0000,544.5853,811.0000,462.3333,1174.0000,4068.5000,4858.0000,4658.2500,5300.0000,2190.0000,1107.0000
2020-07-04,316,-9999.0000,-9999.0000,-9999.0000,-9999.0000,-9999.0000,-9999.0000,-9999.0000,-9999.0000,-9999.0000,-9999.0000,-9999.0000
2020-07-04,316,-9999.0000,-9999.0000,-9999.0000,-9999.0000,-9999.0000,-9999.0000,-9999.0000,-9999.0000,-9999.0000,-9999.0000,-9999.0000
2020-07-06,316,-9999.0000,-9999.0000,-9999.0000,-9999.0000,-9999.0000,-9999.0000,-9999.0000,-9999.0000,-9999.0000,-9999.0000,-9999.0000
2020-07-06,316,-9999.0000,-9999.0000,-9999.0000,-9999.0000,-9999.0000,-9999.0000,-9999.0000,-9999.0000,-9999.0000,-9999.0000,-9999.0000
2020-07-11,316,-9999.0000,-9999.0000,-9999.0000,-9999.0000,-9999.0000,-9999.0000,-9999.0000,-9999.0000,-9999.0000,-9999.0000,-9999.0000
2020-07-11,316,986.0000,857.0000,1070.0000,811.0000,1409.0000,2905.0000,3515.0000,5080.0000,3760.0000,2773.0000,1992.0000
2020-07-21,316,-9999.0000,-9999.0000,-9999.0000,-9999.0000,-9999.0000,-9999.0000,-9999.0000,-9999.0000,-9999.0000,-9999.0000,-9999.0000
2020-07-21,316,-9999.0000,-9999.0000,-9999.0000,-9999.0000,-9999.0000,-9999.0000,-9999.0000,-9999.0000,-9999.0000,-9999.0000,-9999.0000
2020-07-24,316,-9999.0000,-9999.0000,-9999.0000,-9999.0000,-9999.0000,-9999.0000,-9999.0000,-9999.0000,-9999.0000,-9999.0000,-9999.0000
2020-07-24,316,-9999.0000,-9999.0000,-9999.0000,-9999.0000,-9999.0000,-9999.0000,-9999.0000,-9999.0000,-9999.0000,-9999.0000,-9999.0000
2020-07-26,316,600.0000,536.4402,945.6667,457.8504,1436.0000,5691.0000,6647.0000,7085.0000,6846.0000,2666.5000,1244.0000
2020-07-26,316,648.0000,540.1667,950.2817,461.5405,1438.0000,5624.5000,6603.5717,7090.6820,6809.3370,2658.0164,1264.0000
2020-07-31,316,299.0000,390.6478,733.0000,345.6127,1105.0000,4223.0000,5173.5000,5352.4628,5355.0000,2283.5613,1100.1667
2020-07-31,316,298.0000,390.3001,730.4634,345.7561,1108.0000,4229.7535,5257.0000,5336.8665,5395.6310,2291.6975,1106.0000
2020-08-05,316,240.0000,262.4135,626.3594,289.6667,1020.5020,3944.9975,4737.0565,4967.0000,4909.0000,2179.7519,1074.3257
2020-08-05,316,235.0000,261.3682,626.2607,289.2257,1026.4740,3944.7905,4692.2562,4968.6955,4889.3782,2180.0841,1093.1083
2020-08-08,316,387.0000,372.3353,677.0000,393.8035,1114.6667,3446.5000,4203.8045,4298.0000,4461.0000,2169.8498,1139.2500
2020-08-08,316,385.0000,372.6875,678.4000,393.3750,1113.3747,3448.3266,4202.0000,4309.3023,4454.0000,2172.0350,1138.2500
2020-08-10,316,304.0000,402.7737,714.2219,414.0689,1130.0000,3433.5061,4145.0000,4172.0000,4405.0000,2347.8000,1297.0000
2020-08-10,316,309.0000,402.4412,712.7143,413.3514,1133.5259,3470.0000,4185.3779,4198.4029,4450.5000,2347.5714,1299.3615
2020-08-13,316,277.0000,408.9784,688.5498,485.5000,1153.0000,3097.7925,3819.0000,3800.6465,4164.0000,2373.1667,1438.0000
2020-08-13,316,215.0000,354.3333,648.1378,461.3077,1125.0000,3054.8559,3767.0015,3797.7858,4100.0000,2369.7500,1443.3333
2020-08-18,316,1017.0000,934.6212,1188.0000,873.9218,1657.4421,3804.0000,4480.0000,4613.4867,4816.0000,2474.9113,1435.3333
2020-08-18,316,1012.0000,932.8082,1188.0000,876.6525,1657.0000,3779.0000,4379.8113,4612.2664,4744.3950,2491.6667,1443.6000
2020-08-23,316,-9999.0000,-9999.0000,-9999.0000,-9999.0000,-9999.0000,-9999.0000,-9999.0000,-9999.0000,-9999.0000,-9999.0000,-9999.0000
2020-08-23,316,-9999.0000,-9999.0000,-9999.0000,-9999.0000,-9999.0000,-9999.0000,-9999.0000,-9999.0000,-9999.0000,-9999.0000,-9999.0000
2020-08-25,316,-9999.0000,-9999.0000,-9999.0000,-9999.0000,-9999.0000,-9999.0000,-9999.0000,-9999.0000,-9999.0000,-9999.0000,-9999.0000
2020-08-25,316,-9999.0000,-9999.0000,-9999.0000,-9999.0000,-9999.0000,-9999.0000,-9999.0000,-9999.0000,-9999.0000,-9999.0000,-9999.0000
2020-08-28,316,-9999.0000,-9999.0000,-9999.0000,-9999.0000,-9999.0000,-9999.0000,-9999.0000,-9999.0000,-9999.0000,-9999.0000,-9999.0000
2020-08-28,316,-9999.0000,-9999.0000,-9999.0000,-9999.0000,-9999.0000,-9999.0000,-9999.0000,-9999.0000,-9999.0000,-9999.0000,-9999.0000
2020-09-02,316,258.0000,341.4823,633.2997,365.4677,1083.5894,2838.0000,3241.9905,3436.0000,3463.1398,2088.0000,1250.6667
2020-09-02,316,258.0000,341.8729,633.3636,365.2176,1081.5730,2741.8783,3169.0000,3412.3391,3396.0000,2073.0000,1221.6667
2020-09-04,316,819.0000,670.4592,972.7045,733.2676,1414.0000,3083.6125,3484.3277,3723.0000,3805.0000,2118.0000,1276.5000
2020-09-04,316,818.0000,668.6667,980.0000,734.8279,1400.0000,3162.0000,3538.0000,3749.0567,3768.0000,2122.0000,1272.7500
2020-09-07,316,-9999.0000,-9999.0000,-9999.0000,-9999.0000,-9999.0000,-9999.0000,-9999.0000,-9999.0000,-9999.0000,-9999.0000,-9999.0000
2020-09-07,316,-9999.0000,-9999.0000,-9999.0000,-9999.0000,-9999.0000,-9999.0000,-9999.0000,-9999.0000,-9999.0000,-9999.0000,-9999.0000
2020-09-14,316,372.0000,396.3674,680.1660,485.9725,1078.0000,2443.0000,2711.0000,2936.9176,2938.3858,2196.6114,1554.5000
2020-09-14,316,368.0000,394.2972,680.1811,480.2000,1082.4656,2417.0000,2757.6730,2935.2500,3019.2388,2190.4779,1565.0000
2020-09-17,316,1187.0000,1160.0000,1378.0000,1216.0000,1711.0000,2949.0000,3304.0000,3548.0000,3483.5000,2109.0000,1586.0000
2020-09-17,316,1154.0000,1144.0000,1372.0000,1188.0000,1715.0000,3026.0000,3379.0000,3666.0000,3613.0000,2100.0000,1582.0000
2020-09-19,316,225.0000,368.0000,632.3321,514.5000,1023.0000,2236.0000,2504.0000,2887.2256,2780.0000,2195.0000,1629.1111
2020-09-19,316,216.0000,372.5072,632.6053,510.6684,1027.0000,2284.0000,2549.0000,2906.0000,2825.0000,2145.5000,1652.0000
2020-09-22,316,279.0000,396.5648,636.4846,541.8000,1061.0000,2127.0000,2456.0000,2666.0000,2710.0000,2083.6667,1606.2471
2020-09-22,316,278.0000,394.3240,634.3750,529.5000,1054.0000,2131.0000,2438.7692,2695.0686,2697.0000,2093.6667,1606.5380
2020-09-24,316,219.0000,299.0000,503.0000,361.0000,781.0000,1325.0000,1523.0000,1900.0000,1669.0000,1218.0000,663.0000
2020-09-24,316,242.0000,299.0000,518.0000,350.0000,792.0000,1552.0000,1754.0000,2127.0000,1854.0000,1184.0000,698.0000
2020-10-02,316,46.0000,120.0000,232.0000,294.4467,500.0000,851.0000,1029.0000,980.0000,1224.8000,946.4980,808.0000
2020-10-02,316,114.0000,149.0000,254.0000,322.0000,544.0000,914.0000,1090.0000,1005.0000,1290.0000,1063.0000,951.0000
2020-10-07,316,-9999.0000,-9999.0000,-9999.0000,-9999.0000,-9999.0000,-9999.0000,-9999.0000,-9999.0000,-9999.0000,-9999.0000,-9999.0000
2020-10-07,316,-9999.0000,-9999.0000,-9999.0000,-9999.0000,-9999.0000,-9999.0000,-9999.0000,-9999.0000,-9999.0000,-9999.0000,-9999.0000
2020-10-17,316,772.0000,778.2857,869.5000,1025.3333,1264.0000,1588.0000,1810.3333,1992.5839,2096.9975,2688.0000,2275.0000
2020-10-17,316,744.0000,772.4738,865.6542,1022.4000,1265.7495,1620.5066,1794.5000,1954.6667,2081.5000,2671.0000,2226.0000
2020-10-29,316,-9999.0000,-9999.0000,-9999.0000,-9999.0000,-9999.0000,-9999.0000,-9999.0000,-9999.0000,-9999.0000,-9999.0000,-9999.0000
2020-10-29,316,-9999.0000,-9999.0000,-9999.0000,-9999.0000,-9999.0000,-9999.0000,-9999.0000,-9999.0000,-9999.0000,-9999.0000,-9999.0000
2020-11-01,316,-9999.0000,-9999.0000,-9999.0000,-9999.0000,-9999.0000,-9999.0000,-9999.0000,-9999.0000,-9999.0000,-9999.0000,-9999.0000
2020-11-01,316,-9999.0000,-9999.0000,-9999.0000,-9999.0000,-9999.0000,-9999.0000,-9999.0000,-9999.0000,-9999.0000,-9999.0000,-9999.0000
2020-11-03,316,291.0000,400.0116,586.1711,774.6000,972.5000,1228.7500,1396.7553,1627.2857,1676.0843,2279.0000,1933.0000
2020-11-03,316,284.0000,394.7876,582.7442,770.2800,977.0000,1227.1170,1400.3605,1620.7943,1668.9952,2270.0000,1931.0000
2020-11-06,316,528.0000,610.5743,782.5946,942.8000,1236.3817,1531.0099,1686.9966,1809.9814,1943.0059,2397.5000,2050.2000
2020-11-06,316,514.0000,604.2000,778.0000,943.0000,1222.5000,1521.5000,1671.8000,1810.0000,1945.2077,2380.6667,2057.4867
2020-11-08,316,178.0000,468.8031,624.3333,822.4654,1054.5471,1244.5377,1412.7680,1578.3333,1650.6667,2427.5000,2186.0000
2020-11-08,316,168.0000,462.6667,616.7791,817.2222,1039.0000,1243.3629,1426.5103,1563.2038,1659.0000,2417.9522,2186.0000
2020-11-13,316,993.0000,1306.0000,1421.0526,1485.3855,1837.3333,2097.6797,2214.8542,2603.2500,2470.3333,2767.0000,2376.0000
2020-11-13,316,989.0000,1300.0000,1416.0000,1476.8103,1835.0000,2083.5000,2202.5000,2588.1400,2470.9421,2762.0000,2382.0000
2020-11-18,316,-9999.0000,-9999.0000,-9999.0000,-9999.0000,-9999.0000,-9999.0000,-9999.0000,-9999.0000,-9999.0000,-9999.0000,-9999.0000
2020-11-18,316,-9999.0000,-9999.0000,-9999.0000,-9999.0000,-9999.0000,-9999.0000,-9999.0000,-9999.0000,-9999.0000,-9999.0000,-9999.0000
2020-11-23,316,365.0000,406.7533,513.0000,646.2500,856.4561,1053.5000,1191.1789,1331.5833,1403.5379,1870.0000,1489.0000
2020-11-23,316,357.0000,402.3398,512.9078,646.6559,856.0000,1051.5000,1173.1844,1334.5234,1402.5190,1864.4518,1485.5000
2020-12-16,316,-9999.0000,-9999.0000,-9999.0000,-9999.0000,-9999.0000,-9999.0000,-9999.0000,-9999.0000,-9999.0000,-9999.0000,-9999.0000
2020-12-16,316,-9999.0000,-9999.0000,-9999.0000,-9999.0000,-9999.0000,-9999.0000,-9999.0000,-9999.0000,-9999.0000,-9999.0000,-9999.0000
2020-12-28,316,-9999.0000,-9999.0000,-9999.0000,-9999.0000,-9999.0000,-9999.0000,-9999.0000,-9999.0000,-9999.0000,-9999.0000,-9999.0000
2020-12-28,316,-9999.0000,-9999.0000,-9999.0000,-9999.0000,-9999.0000,-9999.0000,-9999.0000,-9999.0000,-9999.0000,-9999.0000,-9999.0000
2021-01-12,316,369.0000,404.0000,490.2754,598.3503,809.9884,951.3168,1048.8718,1218.5265,1270.6618,1556.2216,1131.0000
2021-01-12,316,368.0000,404.3160,488.5000,600.2857,806.0000,950.6000,1050.0000,1226.9739,1253.9520,1562.5012,1133.0000
2021-01-22,316,-9999.0000,-9999.0000,-9999.0000,-9999.0000,-9999.0000,-9999.0000,-9999.0000,-9999.0000,-9999.0000,-9999.0000,-9999.0000
2021-01-22,316,-9999.0000,-9999.0000,-9999.0000,-9999.0000,-9999.0000,-9999.0000,-9999.0000,-9999.0000,-9999.0000,-9999.0000,-9999.0000
2021-01-25,316,305.0000,361.0000,422.4599,600.5000,826.5880,983.2848,1063.3680,1238.5293,1303.0000,1596.6667,1185.0000
2021-01-25,316,298.0000,360.0000,422.5714,598.0000,825.1667,980.8129,1080.3894,1255.1538,1302.3333,1598.0000,1193.9908
2021-01-30,316,-9999.0000,-9999.0000,-9999.0000,-9999.0000,-9999.0000,-9999.0000,-9999.0000,-9999.0000,-9999.0000,-9999.0000,-9999.0000
2021-01-30,316,-9999.0000,-9999.0000,-9999.0000,-9999.0000,-9999.0000,-9999.0000,-9999.0000,-9999.0000,-9999.0000,-9999.0000,-9999.0000
2021-02-09,316,-9999.0000,-9999.0000,-9999.0000,-9999.0000,-9999.0000,-9999.0000,-9999.0000,-9999.0000,-9999.0000,-9999.0000,-9999.0000
2021-02-09,316,-9999.0000,-9999.0000,-9999.0000,-9999.0000,-9999.0000,-9999.0000,-9999.0000,-9999.0000,-9999.0000,-9999.0000,-9999.0000
2021-02-11,316,7666.0000,7729.3333,7500.1111,7563.4966,7812.0000,7462.0000,7171.0000,7700.2500,6884.0000,589.4785,564.6090
2021-02-11,316,7470.0000,7697.1250,7471.8000,7500.5000,7695.0000,7441.6667,7128.5000,7632.5000,6819.0000,571.4390,550.0000
2021-02-14,316,9251.6677,9316.0882,9206.9533,9588.9876,9715.0000,9529.0623,9254.8026,9942.8736,9045.0000,758.8488,809.0000
2021-02-14,316,9269.0000,9299.0339,9205.5385,9605.1518,9701.0000,9520.0000,9268.3737,9942.4000,9027.6106,758.5122,805.0000
2021-02-19,316,262.0000,459.0000,562.0000,748.6635,962.0000,1102.0000,1226.0000,1404.6381,1461.5000,1896.6910,1539.0000
2021-02-19,316,260.0000,455.0000,560.6543,746.4298,962.6771,1098.0000,1226.0000,1404.9650,1456.6667,1902.0000,1542.5133
2021-02-26,316,-9999.0000,-9999.0000,-9999.0000,-9999.0000,-9999.0000,-9999.0000,-9999.0000,-9999.0000,-9999.0000,-9999.0000,-9999.0000
2021-02-26,316,-9999.0000,-9999.0000,-9999.0000,-9999.0000,-9999.0000,-9999.0000,-9999.0000,-9999.0000,-9999.0000,-9999.0000,-9999.0000
2021-03-01,316,-9999.0000,-9999.0000,-9999.0000,-9999.0000,-9999.0000,-9999.0000,-9999.0000,-9999.0000,-9999.0000,-9999.0000,-9999.0000
2021-03-01,316,-9999.0000,-9999.0000,-9999.0000,-9999.0000,-9999.0000,-9999.0000,-9999.0000,-9999.0000,-9999.0000,-9999.0000,-9999.0000
2021-03-08,316,-9999.0000,-9999.0000,-9999.0000,-9999.0000,-9999.0000,-9999.0000,-9999.0000,-9999.0000,-9999.0000,-9999.0000,-9999.0000
2021-03-08,316,-9999.0000,-9999.0000,-9999.0000,-9999.0000,-9999.0000,-9999.0000,-9999.0000,-9999.0000,-9999.0000,-9999.0000,-9999.0000
2021-03-13,316,-9999.0000,-9999.0000,-9999.0000,-9999.0000,-9999.0000,-9999.0000,-9999.0000,-9999.0000,-9999.0000,-9999.0000,-9999.0000
2021-03-13,316,-9999.0000,-9999.0000,-9999.0000,-9999.0000,-9999.0000,-9999.0000,-9999.0000,-9999.0000,-9999.0000,-9999.0000,-9999.0000
2021-03-16,316,-9999.0000,-9999.0000,-9999.0000,-9999.0000,-9999.0000,-9999.0000,-9999.0000,-9999.0000,-9999.0000,-9999.0000,-9999.0000
2021-03-16,316,-9999.0000,-9999.0000,-9999.0000,-9999.0000,-9999.0000,-9999.0000,-9999.0000,-9999.0000,-9999.0000,-9999.0000,-9999.0000
2021-03-23,316,-9999.0000,-9999.0000,-9999.0000,-9999.0000,-9999.0000,-9999.0000,-9999.0000,-9999.0000,-9999.0000,-9999.0000,-9999.0000
2021-03-23,316,-9999.0000,-9999.0000,-9999.0000,-9999.0000,-9999.0000,-9999.0000,-9999.0000,-9999.0000,-9999.0000,-9999.0000,-9999.0000
2021-03-26,316,587.0000,644.5522,784.8733,954.8333,1245.0000,1421.5000,1578.5000,1780.2857,1862.0000,2796.0000,2464.0000
2021-03-26,316,571.0000,632.4286,778.0000,952.6667,1244.5000,1422.5794,1586.0000,1776.2536,1877.5332,2789.0000,2462.0000
2021-03-31,316,681.0000,828.4000,974.4333,1209.5000,1497.3881,1728.5000,1913.5000,2197.6667,2224.6908,3500.0000,3464.0000
2021-03-31,316,662.0000,826.7253,974.2000,1204.4000,1497.5282,1732.5813,1918.0000,2188.8000,2233.0000,3512.5000,3468.9967
2021-04-05,316,676.0000,725.0000,816.5000,1065.1055,1284.3594,1468.0000,1642.0000,1916.8000,1956.0000,3036.0000,2656.3333
2021-04-05,316,687.0000,724.3333,816.2066,1065.0000,1286.5000,1466.0000,1641.4740,1922.0000,1949.0499,3031.0000,2658.0000
2021-04-12,316,530.0000,470.6633,476.0000,653.1667,781.2500,885.0000,1028.9269,1209.6667,1273.3495,2098.6463,1763.0000
2021-04-12,316,526.0000,470.5211,476.8000,654.7143,798.0000,892.8877,1035.0301,1211.0000,1267.3333,2102.9641,1758.0000
2021-04-15,316,755.0000,654.4713,706.1409,938.0000,1124.3829,1261.0000,1451.5000,1650.0579,1739.8631,2721.8725,2586.4392
2021-04-15,316,757.0000,650.6892,704.7500,937.5000,1120.7500,1272.0000,1459.0000,1650.6333,1758.4196,2717.0000,2588.6634
2021-04-17,316,438.0000,534.6255,581.8333,809.6667,997.2917,1161.0000,1327.0000,1539.5000,1586.7855,2865.0456,3012.9586
2021-04-17,316,420.0000,534.5000,581.7630,809.0000,989.6586,1162.5000,1330.0000,1531.6521,1597.3499,2866.0000,3009.6876
2021-04-20,316,458.0000,522.2727,577.0844,801.4444,953.8901,1087.0000,1256.0000,1450.9011,1513.7500,2736.6667,2972.0940
2021-04-20,316,454.2316,534.3333,582.3333,805.6323,963.0000,1105.7500,1269.0000,1451.2308,1514.0000,2733.0000,2952.6782
2021-04-27,316,460.0000,561.0000,628.3212,897.7323,1080.0000,1237.9544,1386.0000,1635.2193,1680.9380,3076.0000,3251.0000
2021-04-27,316,444.0000,560.6009,626.3398,889.2091,1077.5000,1244.0000,1396.5000,1642.0000,1675.0000,3072.0000,3257.0000
2021-05-07,316,-9999.0000,-9999.0000,-9999.0000,-9999.0000,-9999.0000,-9999.0000,-9999.0000,-9999.0000,-9999.0000,-9999.0000,-9999.0000
2021-05-07,316,-9999.0000,-9999.0000,-9999.0000,-9999.0000,-9999.0000,-9999.0000,-9999.0000,-9999.0000,-9999.0000,-9999.0000,-9999.0000
2021-05-12,316,469.0000,382.0000,422.0000,370.0000,478.0000,666.0000,719.0000,943.0000,798.0000,1007.0000,806.0000
2021-05-12,316,492.0000,382.0000,386.0000,359.0000,516.0000,672.0000,716.0000,793.0000,812.0000,950.0000,800.0000
2021-05-20,316,-9999.0000,-9999.0000,-9999.0000,-9999.0000,-9999.0000,-9999.0000,-9999.0000,-9999.0000,-9999.0000,-9999.0000,-9999.0000
2021-05-20,316,-9999.0000,-9999.0000,-9999.0000,-9999.0000,-9999.0000,-9999.0000,-9999.0000,-9999.0000,-9999.0000,-9999.0000,-9999.0000
2021-05-30,316,383.0000,361.9574,668.6667,315.5194,1034.0000,3270.5000,3910.3333,4024.6957,3993.1250,1843.3333,1032.5749
2021-05-30,316,376.0000,360.9903,666.0341,315.5063,1025.0631,3269.0000,3909.0000,4024.2500,3996.2000,1859.0000,1024.0000
2021-06-01,316,428.0000,333.4400,734.0000,331.9355,1153.5391,3849.4444,4552.0220,4790.8421,4679.6260,2093.6667,1159.0000
2021-06-01,316,387.0000,333.5333,738.5678,331.4483,1145.4193,3852.3333,4533.3333,4790.6667,4681.5981,2091.3333,1155.5000
2021-06-04,316,338.0000,326.2020,712.3340,277.6485,1165.5860,4093.6667,4874.9310,4888.5714,4996.0000,1827.0000,850.0000
2021-06-04,316,327.0000,324.6667,712.7987,277.4167,1163.0000,4073.7137,4884.5000,4888.3077,5001.6667,1828.6996,849.0000
2021-06-09,316,-9999.0000,-9999.0000,-9999.0000,-9999.0000,-9999.0000,-9999.0000,-9999.0000,-9999.0000,-9999.0000,-9999.0000,-9999.0000
2021-06-09,316,-9999.0000,-9999.0000,-9999.0000,-9999.0000,-9999.0000,-9999.0000,-9999.0000,-9999.0000,-9999.0000,-9999.0000,-9999.0000
2021-06-11,316,1518.0000,1416.8000,1718.0000,1252.0000,2085.5000,4990.0000,5828.0000,5988.0000,5992.3333,2592.4000,1714.0000
2021-06-11,316,1525.0000,1420.8557,1716.0000,1248.6667,2083.0000,4981.0000,5820.6412,5989.3750,5976.0000,2581.0000,1693.0000
2021-06-14,316,390.0000,325.7127,666.4000,291.8333,1107.0000,3923.0000,4937.5000,5028.0000,5083.3333,1661.0000,882.0000
2021-06-14,316,376.6171,321.3636,666.3640,299.7638,1105.6641,3927.0000,4919.7261,5028.5854,5055.0000,1676.0000,873.6667
2021-06-16,316,261.0000,321.3395,652.9691,275.7887,1069.9575,3800.1591,4792.0000,4985.6667,4970.1883,1558.8523,808.5649
2021-06-16,316,260.0000,317.4896,652.6749,275.2857,1065.3333,3766.8000,4777.0000,4998.5000,4931.3333,1562.5743,806.0000
2021-06-19,316,-9999.0000,-9999.0000,-9999.0000,-9999.0000,-9999.0000,-9999.0000,-9999.0000,-9999.0000,-9999.0000,-9999.0000,-9999.0000
2021-06-19,316,-9999.0000,-9999.0000,-9999.0000,-9999.0000,-9999.0000,-9999.0000,-9999.0000,-9999.0000,-9999.0000,-9999.0000,-9999.0000
2021-06-21,316,-9999.0000,-9999.0000,-9999.0000,-9999.0000,-9999.0000,-9999.0000,-9999.0000,-9999.0000,-9999.0000,-9999.0000,-9999.0000
2021-06-21,316,-9999.0000,-9999.0000,-9999.0000,-9999.0000,-9999.0000,-9999.0000,-9999.0000,-9999.0000,-9999.0000,-9999.0000,-9999.0000
2021-06-26,316,-9999.0000,-9999.0000,-9999.0000,-9999.0000,-9999.0000,-9999.0000,-9999.0000,-9999.0000,-9999.0000,-9999.0000,-9999.0000
2021-06-26,316,-9999.0000,-9999.0000,-9999.0000,-9999.0000,-9999.0000,-9999.0000,-9999.0000,-9999.0000,-9999.0000,-9999.0000,-9999.0000
2021-07-04,316,566.0000,468.8455,696.7960,381.8910,1078.1044,3405.0000,4358.0000,4340.6623,4599.0000,1217.5000,586.9951
2021-07-04,316,565.0000,466.3349,694.4293,385.7541,1074.8108,3389.5000,4342.1485,4372.0000,4609.9674,1226.7500,580.0000
2021-07-09,316,-9999.0000,-9999.0000,-9999.0000,-9999.0000,-9999.0000,-9999.0000,-9999.0000,-9999.0000,-9999.0000,-9999.0000,-9999.0000
2021-07-09,316,-9999.0000,-9999.0000,-9999.0000,-9999.0000,-9999.0000,-9999.0000,-9999.0000,-9999.0000,-9999.0000,-9999.0000,-9999.0000
2021-07-21,316,-9999.0000,-9999.0000,-9999.0000,-9999.0000,-9999.0000,-9999.0000,-9999.0000,-9999.0000,-9999.0000,-9999.0000,-9999.0000
2021-07-21,316,-9999.0000,-9999.0000,-9999.0000,-9999.0000,-9999.0000,-9999.0000,-9999.0000,-9999.0000,-9999.0000,-9999.0000,-9999.0000
2021-07-26,316,332.0000,528.8571,752.7547,1083.4294,1516.0000,1956.0000,2310.0000,2581.7500,2788.5000,1892.0000,1145.0000
2021-07-26,316,340.0000,528.2721,753.6527,1083.1674,1513.0000,1929.5000,2315.0000,2553.6000,2759.6848,1896.0000,1144.5776
2021-07-29,316,-9999.0000,-9999.0000,-9999.0000,-9999.0000,-9999.0000,-9999.0000,-9999.0000,-9999.0000,-9999.0000,-9999.0000,-9999.0000
2021-07-29,316,-9999.0000,-9999.0000,-9999.0000,-9999.0000,-9999.0000,-9999.0000,-9999.0000,-9999.0000,-9999.0000,-9999.0000,-9999.0000
2021-07-31,316,-9999.0000,-9999.0000,-9999.0000,-9999.0000,-9999.0000,-9999.0000,-9999.0000,-9999.0000,-9999.0000,-9999.0000,-9999.0000
2021-07-31,316,-9999.0000,-9999.0000,-9999.0000,-9999.0000,-9999.0000,-9999.0000,-9999.0000,-9999.0000,-9999.0000,-9999.0000,-9999.0000
2021-08-03,316,1567.0000,1388.0000,1576.0000,1912.0000,2308.0000,3158.0000,3654.0000,3780.0000,4307.0000,2960.0000,1879.0000
2021-08-03,316,1448.0000,1384.0000,1560.0000,1748.0000,2246.0000,3708.0000,4128.0000,4062.0000,4548.0000,3011.0000,1813.0000
2021-08-05,316,-9999.0000,-9999.0000,-9999.0000,-9999.0000,-9999.0000,-9999.0000,-9999.0000,-9999.0000,-9999.0000,-9999.0000,-9999.0000
2021-08-05,316,-9999.0000,-9999.0000,-9999.0000,-9999.0000,-9999.0000,-9999.0000,-9999.0000,-9999.0000,-9999.0000,-9999.0000,-9999.0000
2021-08-08,316,-9999.0000,-9999.0000,-9999.0000,-9999.0000,-9999.0000,-9999.0000,-9999.0000,-9999.0000,-9999.0000,-9999.0000,-9999.0000
2021-08-08,316,-9999.0000,-9999.0000,-9999.0000,-9999.0000,-9999.0000,-9999.0000,-9999.0000,-9999.0000,-9999.0000,-9999.0000,-9999.0000
2021-08-10,316,-9999.0000,-9999.0000,-9999.0000,-9999.0000,-9999.0000,-9999.0000,-9999.0000,-9999.0000,-9999.0000,-9999.0000,-9999.0000
2021-08-10,316,-9999.0000,-9999.0000,-9999.0000,-9999.0000,-9999.0000,-9999.0000,-9999.0000,-9999.0000,-9999.0000,-9999.0000,-9999.0000
2021-08-15,316,-9999.0000,-9999.0000,-9999.0000,-9999.0000,-9999.0000,-9999.0000,-9999.0000,-9999.0000,-9999.0000,-9999.0000,-9999.0000
2021-08-15,316,-9999.0000,-9999.0000,-9999.0000,-9999.0000,-9999.0000,-9999.0000,-9999.0000,-9999.0000,-9999.0000,-9999.0000,-9999.0000
2021-08-23,316,637.0000,1096.6667,1528.4009,2092.5000,2434.5000,2812.0000,3060.5000,3306.9941,3397.5000,3850.6667,2529.5000
2021-08-23,316,678.0000,1094.0000,1516.7953,2091.5000,2418.5000,2805.0000,3050.0000,3306.8000,3402.3202,3835.6667,2540.2000
2021-08-25,316,-9999.0000,-9999.0000,-9999.0000,-9999.0000,-9999.0000,-9999.0000,-9999.0000,-9999.0000,-9999.0000,-9999.0000,-9999.0000
2021-08-25,316,-9999.0000,-9999.0000,-9999.0000,-9999.0000,-9999.0000,-9999.0000,-9999.0000,-9999.0000,-9999.0000,-9999.0000,-9999.0000
2021-08-30,316,-9999.0000,-9999.0000,-9999.0000,-9999.0000,-9999.0000,-9999.0000,-9999.0000,-9999.0000,-9999.0000,-9999.0000,-9999.0000
2021-08-30,316,-9999.0000,-9999.0000,-9999.0000,-9999.0000,-9999.0000,-9999.0000,-9999.0000,-9999.0000,-9999.0000,-9999.0000,-9999.0000
2021-09-02,316,-9999.0000,-9999.0000,-9999.0000,-9999.0000,-9999.0000,-9999.0000,-9999.0000,-9999.0000,-9999.0000,-9999.0000,-9999.0000
2021-09-02,316,-9999.0000,-9999.0000,-9999.0000,-9999.0000,-9999.0000,-9999.0000,-9999.0000,-9999.0000,-9999.0000,-9999.0000,-9999.0000
2021-09-04,316,751.0000,1157.0000,1505.0000,1924.8000,2320.0000,2907.0000,3191.5000,3464.5000,3542.5061,4341.0000,3016.0000
2021-09-04,316,762.0000,1148.0000,1504.0000,1925.3333,2291.5479,2910.4672,3189.0000,3460.8591,3547.0000,4346.9679,3012.7540
2021-09-07,316,742.0000,1084.0000,1308.0000,1544.0000,1885.0000,2364.0000,2626.2934,2718.0000,2858.3333,3035.6667,2104.8000
2021-09-09,316,374.0000,434.2166,574.5761,737.6510,972.5000,1188.0000,1351.5714,1474.9992,1593.7500,2594.0000,2489.5000
2021-09-09,316,373.0000,430.2500,574.2246,737.0000,965.0000,1187.0000,1369.2000,1463.3333,1607.6250,2585.0000,2491.3333
2021-09-14,316,456.0000,619.0000,748.6207,953.8978,1234.3865,1514.5283,1725.2998,1866.2877,1989.3333,3003.5915,2851.4573
2021-09-14,316,464.0000,618.7778,747.0000,953.2915,1234.0000,1531.3333,1740.7258,1859.6000,1996.4653,3015.0000,2884.5000
2021-09-19,316,-9999.0000,-9999.0000,-9999.0000,-9999.0000,-9999.0000,-9999.0000,-9999.0000,-9999.0000,-9999.0000,-9999.0000,-9999.0000
2021-09-19,316,-9999.0000,-9999.0000,-9999.0000,-9999.0000,-9999.0000,-9999.0000,-9999.0000,-9999.0000,-9999.0000,-9999.0000,-9999.0000
2021-09-22,316,822.0000,835.0547,1099.4419,1042.1418,1640.7964,2436.7900,2666.3333,2823.0284,2946.8003,2979.7979,2476.2414
2021-09-22,316,782.0000,819.5566,1091.1617,1042.8584,1633.7381,2436.0273,2669.5893,2828.4000,2944.8317,2997.0000,2475.0000
2021-10-04,316,236.0000,464.0000,1101.2000,422.3825,1630.0000,4215.3333,4473.0000,4631.7143,4525.0000,1973.7500,901.0000
2021-10-04,316,240.0000,461.0000,1100.9412,422.4314,1624.5000,4203.0000,4472.2500,4632.2727,4506.0000,1973.5000,897.6644
2021-10-09,316,339.0000,416.2221,1004.6429,385.4623,1505.0000,4487.6667,4808.0000,5129.6000,4922.2500,1885.4602,835.2000
2021-10-09,316,331.0000,414.3773,1002.4167,385.3939,1497.5000,4490.7500,4824.5714,5127.7059,4908.2500,1886.9337,845.0000
2021-10-24,316,172.0000,358.5670,850.5346,310.6416,1341.6667,4765.0000,5391.7489,5775.7234,5451.6400,1921.0000,893.0000
2021-10-24,316,175.0000,356.7201,848.7985,308.8372,1341.7189,4773.0321,5362.1806,5777.4971,5423.8333,1922.6667,902.0623
2021-10-29,316,268.0000,356.6613,922.7000,369.8571,1436.7463,5003.0000,5520.5000,5710.8947,5639.5000,2128.0000,1045.9997
2021-10-29,316,254.0000,350.2700,918.2857,369.7241,1433.1412,4985.5000,5481.0000,5716.3684,5643.0000,2120.6667,1034.0000
2021-11-01,316,301.3731,421.3087,1024.0000,453.6250,1764.7273,5806.5000,6479.6000,6832.5000,6703.0000,2446.3322,1189.8386
2021-11-01,316,280.3910,417.7131,1021.4286,450.6104,1760.0000,5808.0000,6540.6667,6865.0909,6633.8000,2430.0000,1181.0000
2021-11-21,316,261.0000,268.0000,464.7774,213.0000,688.1226,2057.5000,2202.7500,2309.5362,2249.5000,781.2500,396.2500
2021-11-21,316,257.0000,268.0000,464.5000,213.0000,697.0000,2069.7500,2216.0000,2311.4415,2251.3333,781.8723,394.0000
2021-11-23,316,129.0000,280.0000,500.9654,182.6513,777.0000,2521.0000,2780.0000,2900.5000,2810.0000,958.0000,462.6667
2021-11-23,316,126.0000,280.5895,498.1667,182.6051,795.0000,2522.5000,2776.5976,2905.6125,2824.3333,959.0000,462.4160
2021-12-08,316,280.0000,315.0000,725.6585,314.0000,1296.9218,3895.5646,4218.3733,4326.7704,4295.0000,1557.0000,783.0000
2021-12-08,316,282.0000,315.0000,725.3125,315.0000,1302.3344,3909.5000,4229.0000,4344.9066,4329.5727,1561.0000,782.3333
2021-12-11,316,458.0000,480.2014,909.1667,398.3154,1640.0000,4515.0074,4891.3333,5108.8000,5095.6667,1367.0000,702.0000
2021-12-11,316,456.0000,476.7190,905.0000,398.8571,1641.6667,4501.6667,4895.0000,5110.7986,5126.0000,1366.0000,701.5000
2021-12-21,316,585.0000,611.0000,968.4485,504.8887,1621.4286,4201.3333,4582.5001,4916.8889,4841.3395,1140.2500,628.6667
2021-12-21,316,588.0000,613.0000,968.3135,506.5000,1621.0025,4211.0000,4601.3514,4916.2516,4808.7500,1142.0000,630.0000
2021-12-26,316,525.0000,617.0000,836.5000,493.7507,1462.0000,3797.3521,4201.2568,4600.0994,4516.8163,1293.2617,1025.5012
2021-12-26,316,491.0000,616.8333,834.6512,497.7500,1456.3333,3783.6000,4197.2761,4598.5576,4519.0998,1290.0000,1034.0000
2021-12-28,316,-9999.0000,-9999.0000,-9999.0000,-9999.0000,-9999.0000,-9999.0000,-9999.0000,-9999.0000,-9999.0000,-9999.0000,-9999.0000
2021-12-28,316,-9999.0000,-9999.0000,-9999.0000,-9999.0000,-9999.0000,-9999.0000,-9999.0000,-9999.0000,-9999.0000,-9999.0000,-9999.0000
2022-01-02,316,-9999.0000,-9999.0000,-9999.0000,-9999.0000,-9999.0000,-9999.0000,-9999.0000,-9999.0000,-9999.0000,-9999.0000,-9999.0000
2022-01-02,316,-9999.0000,-9999.0000,-9999.0000,-9999.0000,-9999.0000,-9999.0000,-9999.0000,-9999.0000,-9999.0000,-9999.0000,-9999.0000
2022-01-05,316,336.0000,482.0000,683.0000,440.3772,1282.7188,2632.3333,2917.2500,3223.9289,3237.6667,1458.5000,853.5623
2022-01-05,316,348.0000,489.0000,686.0000,444.0000,1288.6667,2647.0000,2903.5000,3224.1429,3237.6000,1460.6188,854.0000
2022-01-07,316,-9999.0000,-9999.0000,-9999.0000,-9999.0000,-9999.0000,-9999.0000,-9999.0000,-9999.0000,-9999.0000,-9999.0000,-9999.0000
2022-01-07,316,-9999.0000,-9999.0000,-9999.0000,-9999.0000,-9999.0000,-9999.0000,-9999.0000,-9999.0000,-9999.0000,-9999.0000,-9999.0000
2022-01-10,316,428.0000,457.0000,742.0000,446.6654,1344.0000,2585.0000,2812.0000,3109.5385,3141.8782,1162.0000,598.6563
2022-01-10,316,268.0000,318.0000,654.7581,356.8571,1313.6924,2614.3921,2870.7297,3159.8114,3228.3311,1161.0000,595.0000
2022-01-20,316,-9999.0000,-9999.0000,-9999.0000,-9999.0000,-9999.0000,-9999.0000,-9999.0000,-9999.0000,-9999.0000,-9999.0000,-9999.0000
2022-01-20,316,-9999.0000,-9999.0000,-9999.0000,-9999.0000,-9999.0000,-9999.0000,-9999.0000,-9999.0000,-9999.0000,-9999.0000,-9999.0000
2022-01-30,316,-9999.0000,-9999.0000,-9999.0000,-9999.0000,-9999.0000,-9999.0000,-9999.0000,-9999.0000,-9999.0000,-9999.0000,-9999.0000
2022-01-30,316,-9999.0000,-9999.0000,-9999.0000,-9999.0000,-9999.0000,-9999.0000,-9999.0000,-9999.0000,-9999.0000,-9999.0000,-9999.0000
2022-02-19,316,743.0000,648.0000,906.5000,696.0000,1372.0000,2565.0000,2778.0000,3106.4000,3061.0000,1824.5000,1080.0000
2022-02-19,316,759.0000,660.2191,910.2955,709.0000,1377.0000,2598.0000,2814.0000,3108.0000,3114.0000,1822.4906,1087.0000
2022-02-24,316,518.0000,569.4592,868.8836,701.0000,1382.4389,2643.0000,2913.5000,3173.6000,3190.0000,2093.0000,1394.0000
2022-02-24,316,504.0000,564.8101,865.0708,692.4000,1376.9898,2677.0000,2933.0000,3179.0000,3213.4065,2089.6667,1371.0000
2022-02-26,316,502.0000,575.0000,873.3333,740.7915,1287.0000,2236.0000,2412.0000,2738.5000,2724.0000,1875.0000,1179.0000
2022-02-26,316,553.0000,564.5000,880.0000,742.0000,1274.0000,2217.0000,2393.0000,2774.0000,2667.0000,1882.0000,1221.0000
2022-03-01,316,-9999.0000,-9999.0000,-9999.0000,-9999.0000,-9999.0000,-9999.0000,-9999.0000,-9999.0000,-9999.0000,-9999.0000,-9999.0000
2022-03-01,316,-9999.0000,-9999.0000,-9999.0000,-9999.0000,-9999.0000,-9999.0000,-9999.0000,-9999.0000,-9999.0000,-9999.0000,-9999.0000
2022-03-03,316,308.0000,444.0000,746.0000,573.6667,1232.0000,2426.0000,2651.3999,3018.5000,2913.5062,1952.5000,1243.0000
2022-03-03,316,309.0000,440.3838,748.1765,573.5381,1233.0000,2442.4761,2684.9836,3020.2500,2931.5133,1961.4588,1234.0000
2022-03-06,316,375.0000,482.4298,784.2000,636.6667,1325.8222,2427.8889,2684.0000,2996.0000,2933.0000,2074.0000,1412.0000
2022-03-06,316,391.0000,488.1667,786.0000,637.4000,1322.2687,2443.0000,2696.0000,2974.0000,2952.0000,2066.3333,1420.9782
2022-03-08,316,396.0000,413.4679,800.0000,646.0000,1370.0000,2517.5154,2764.0000,3083.0026,3004.5000,2283.3556,1555.0000
2022-03-08,316,399.0000,409.4461,798.1188,653.5000,1372.0000,2555.0000,2764.0000,3075.4141,3034.5260,2251.6667,1514.0000
2022-03-11,316,446.0000,449.4545,796.5556,705.1944,1405.0000,2403.0000,2652.3333,2976.6873,2941.5000,2316.5000,1627.5000
2022-03-11,316,435.0000,457.2573,800.0000,712.8750,1406.1171,2386.0000,2625.0000,2976.5000,2906.8219,2287.0000,1582.0000
2022-03-13,316,-9999.0000,-9999.0000,-9999.0000,-9999.0000,-9999.0000,-9999.0000,-9999.0000,-9999.0000,-9999.0000,-9999.0000,-9999.0000
2022-03-13,316,-9999.0000,-9999.0000,-9999.0000,-9999.0000,-9999.0000,-9999.0000,-9999.0000,-9999.0000,-9999.0000,-9999.0000,-9999.0000
2022-03-18,316,437.0000,428.3043,657.0834,625.0029,1090.3060,1765.0000,1953.7681,2171.3007,2205.0000,2138.0000,1556.5000
2022-03-18,316,439.0000,420.5433,654.6250,621.0275,1094.5000,1762.5306,1947.5000,2180.5855,2197.3638,2156.3344,1538.0000
2022-03-21,316,445.0000,436.8609,577.0000,660.6215,953.5000,1342.0000,1507.1964,1755.3333,1779.0000,2292.2000,2002.4799
2022-03-21,316,432.0000,438.4615,581.2902,660.8371,957.2242,1336.0000,1518.0000,1768.0000,1777.3377,2283.5000,2002.0000
2022-03-23,316,434.0000,521.1340,580.8657,773.3996,936.8308,1085.2500,1226.7835,1451.5866,1483.3210,2633.6148,2724.2108
2022-03-23,316,429.0000,520.9918,580.7355,773.6397,940.8280,1080.4542,1224.7254,1443.9000,1483.1960,2634.9012,2723.1699
2022-03-26,316,456.0000,514.2767,552.5253,733.5964,894.3333,1025.2000,1176.8579,1324.6395,1404.0000,2538.0000,2683.0514
2022-03-26,316,457.0000,512.2510,552.6198,734.4545,893.4875,1029.0000,1173.8059,1324.1880,1406.4107,2532.9951,2676.5045
2022-03-28,316,-9999.0000,-9999.0000,-9999.0000,-9999.0000,-9999.0000,-9999.0000,-9999.0000,-9999.0000,-9999.0000,-9999.0000,-9999.0000
2022-04-10,316,818.0000,817.7681,940.3802,1157.3333,1449.0291,1738.0000,1942.0000,2153.4206,2237.6989,2721.4938,2250.0000
2022-04-10,316,794.0000,793.0000,921.2500,1136.8309,1426.5000,1721.0000,1924.0000,2132.0000,2229.3103,2706.0000,2217.0000
2022-04-17,316,638.0000,740.1429,948.0000,1237.1429,1510.0000,1854.2500,2048.3575,2387.6659,2381.0000,3592.9401,3440.5000
2022-04-17,316,664.0000,736.3333,948.2500,1236.8528,1517.3214,1852.8423,2056.5000,2386.8750,2385.8297,3601.4959,3449.5000
2022-04-20,316,408.0000,439.0000,562.4040,804.0854,1010.4069,1194.3084,1348.6667,1557.3333,1648.7500,2913.0300,2990.0000
2022-04-20,316,407.0000,440.0000,560.3334,804.2857,1005.2500,1196.7500,1353.5000,1546.9231,1654.0000,2916.7997,2985.5000
2022-04-22,316,425.0000,550.0000,640.5000,882.2450,1088.7635,1268.3333,1461.8523,1691.7783,1756.9835,3129.5734,3297.5344
2022-04-22,316,425.0000,550.0000,638.5700,880.2000,1081.0728,1272.7521,1458.0000,1691.7673,1752.6930,3121.8684,3293.1150
2022-05-02,316,534.0000,641.0421,744.6133,994.3021,1225.2408,1476.6020,1666.0655,1947.5758,2002.6667,3430.0000,3513.0000
2022-05-02,316,520.0000,641.3478,741.0908,990.0503,1218.0000,1470.0000,1676.3916,1939.9740,2003.2023,3429.3936,3505.5000
2022-05-05,316,-9999.0000,-9999.0000,-9999.0000,-9999.0000,-9999.0000,-9999.0000,-9999.0000,-9999.0000,-9999.0000,-9999.0000,-9999.0000
2022-05-05,316,-9999.0000,-9999.0000,-9999.0000,-9999.0000,-9999.0000,-9999.0000,-9999.0000,-9999.0000,-9999.0000,-9999.0000,-9999.0000
2022-05-12,316,575.0000,634.0000,696.5000,945.3398,1130.0000,1291.6552,1470.0025,1652.9908,1827.0000,2954.0000,3018.0000
2022-05-12,316,600.0000,650.6667,718.0000,969.8501,1202.0000,1366.0000,1594.0000,1737.3333,1921.0000,3149.0000,3355.0000
2022-05-15,316,552.0000,644.0000,742.0000,1000.3342,1222.6723,1502.7127,1712.9802,1917.2342,2048.0000,3228.3979,3393.0000
2022-05-15,316,555.0000,646.0000,742.0000,1000.0000,1221.0000,1498.0000,1726.0000,1921.4286,2058.0000,3234.0000,3387.5000
2022-05-17,316,-9999.0000,-9999.0000,-9999.0000,-9999.0000,-9999.0000,-9999.0000,-9999.0000,-9999.0000,-9999.0000,-9999.0000,-9999.0000
2022-05-27,316,-9999.0000,-9999.0000,-9999.0000,-9999.0000,-9999.0000,-9999.0000,-9999.0000,-9999.0000,-9999.0000,-9999.0000,-9999.0000
2022-05-27,316,-9999.0000,-9999.0000,-9999.0000,-9999.0000,-9999.0000,-9999.0000,-9999.0000,-9999.0000,-9999.0000,-9999.0000,-9999.0000
2022-06-04,316,566.5806,668.1250,842.5741,1045.0815,1377.5965,1875.2834,2120.2500,2311.3323,2425.3333,3260.5000,3270.0309
2022-06-04,316,562.0000,668.3333,840.3226,1045.1611,1381.6667,1897.4108,2120.5000,2310.4021,2424.4103,3258.5000,3272.3689
2022-06-06,316,-9999.0000,-9999.0000,-9999.0000,-9999.0000,-9999.0000,-9999.0000,-9999.0000,-9999.0000,-9999.0000,-9999.0000,-9999.0000
2022-06-06,316,-9999.0000,-9999.0000,-9999.0000,-9999.0000,-9999.0000,-9999.0000,-9999.0000,-9999.0000,-9999.0000,-9999.0000,-9999.0000
2022-06-09,316,709.0000,612.6154,906.9162,765.3289,1417.2791,2568.5714,2834.0000,2967.0000,3097.9931,2580.0000,1769.2498
2022-06-09,316,711.0000,610.0000,907.8702,766.0000,1406.1609,2505.0000,2793.9419,2969.2000,3038.0000,2566.0116,1736.5000
2022-06-11,316,576.0000,636.1942,922.0000,749.2727,1414.3202,2953.8975,3307.6250,3525.9981,3560.1429,2907.5805,2391.8316
2022-06-11,316,581.0000,632.0000,920.0000,744.8586,1409.2740,2951.4347,3320.7218,3528.7249,3572.6667,2900.0000,2403.7500
2022-06-16,316,560.0000,433.0148,685.0000,539.1429,1081.0000,2959.0000,3335.0000,3447.3306,3547.0000,2311.3684,1598.0000
2022-06-16,316,559.0000,425.5867,681.5000,529.7143,1084.0909,2964.3394,3334.4021,3461.1429,3558.9844,2308.6667,1611.0000
2022-06-21,316,548.0000,529.4594,809.3412,545.6156,1174.4421,3907.0000,4708.0000,4935.2049,4867.1151,2350.7108,1429.0000
2022-06-21,316,531.0000,533.3410,809.1032,537.4286,1173.8626,3889.0000,4711.0000,4935.0079,4859.0000,2344.6667,1434.0000
2022-06-29,316,504.0000,496.3750,900.0000,436.9127,1415.0000,5559.7698,6706.0000,6789.5000,6888.1667,2730.0040,1245.7519
2022-06-29,316,485.0000,486.2651,894.0000,429.8547,1409.4603,5597.0000,6738.0000,6791.5789,6919.0000,2739.5000,1248.5000
2022-07-04,316,-9999.0000,-9999.0000,-9999.0000,-9999.0000,-9999.0000,-9999.0000,-9999.0000,-9999.0000,-9999.0000,-9999.0000,-9999.0000
2022-07-04,316,-9999.0000,-9999.0000,-9999.0000,-9999.0000,-9999.0000,-9999.0000,-9999.0000,-9999.0000,-9999.0000,-9999.0000,-9999.0000
2022-07-16,316,-9999.0000,-9999.0000,-9999.0000,-9999.0000,-9999.0000,-9999.0000,-9999.0000,-9999.0000,-9999.0000,-9999.0000,-9999.0000
2022-07-16,316,-9999.0000,-9999.0000,-9999.0000,-9999.0000,-9999.0000,-9999.0000,-9999.0000,-9999.0000,-9999.0000,-9999.0000,-9999.0000
2022-07-19,316,431.0000,466.0000,830.0000,457.2687,1301.8333,4736.0000,5896.0577,5928.3643,6117.2500,2214.2871,957.5224
2022-07-19,316,424.0000,460.0000,826.0000,453.5547,1302.3333,4779.0000,5880.5000,5925.0000,6121.2506,2217.7143,957.2972
2022-07-24,316,-9999.0000,-9999.0000,-9999.0000,-9999.0000,-9999.0000,-9999.0000,-9999.0000,-9999.0000,-9999.0000,-9999.0000,-9999.0000
2022-07-24,316,-9999.0000,-9999.0000,-9999.0000,-9999.0000,-9999.0000,-9999.0000,-9999.0000,-9999.0000,-9999.0000,-9999.0000,-9999.0000
2022-08-03,316,-9999.0000,-9999.0000,-9999.0000,-9999.0000,-9999.0000,-9999.0000,-9999.0000,-9999.0000,-9999.0000,-9999.0000,-9999.0000
2022-08-03,316,-9999.0000,-9999.0000,-9999.0000,-9999.0000,-9999.0000,-9999.0000,-9999.0000,-9999.0000,-9999.0000,-9999.0000,-9999.0000
2022-08-05,316,357.0000,380.6826,842.1111,345.3630,1298.5000,5194.5000,6027.5000,6223.7143,6216.0000,2306.6000,992.7500
2022-08-05,316,360.0000,384.0000,842.5543,348.7874,1305.0000,5160.5000,6003.1421,6218.2573,6216.0000,2315.0000,994.6004
2022-08-10,316,246.0000,350.4168,750.3447,301.5935,1202.0000,4616.0000,5555.3774,5638.9513,5689.8486,2157.4000,923.3272
2022-08-10,316,247.0000,348.0000,750.2595,301.0324,1201.0000,4612.4984,5523.2500,5649.4940,5748.5000,2166.0000,922.8571
2022-08-13,316,304.0000,373.8641,729.5929,347.3913,1203.1756,4007.5000,4740.0000,4969.3333,4952.5000,1989.6000,936.2500
2022-08-13,316,299.0000,377.2562,729.2496,347.6667,1210.5714,4019.0000,4774.5538,4952.0000,4998.0000,2008.8746,919.5714
2022-08-20,316,458.0000,521.7391,928.9729,427.0018,1395.5310,4388.0267,5111.1469,5307.0000,5354.0000,2261.2558,1046.3741
2022-08-20,316,443.0000,520.9087,932.8288,427.4615,1396.4269,4375.0000,5096.5305,5300.5446,5347.0000,2263.8571,1051.0000
2022-08-23,316,743.0000,690.7500,984.0258,709.5093,1414.5880,3315.0000,3888.0000,3910.1304,4055.0000,1940.5784,1173.0000
2022-08-23,316,747.0000,688.3529,984.0000,709.5460,1412.7996,3324.0000,3923.7854,3894.6667,4098.1566,1946.0176,1173.0000
2022-08-25,316,317.0000,308.4987,732.0203,363.0179,1212.7356,3497.0000,4013.0000,4036.5000,4180.0000,2059.3821,1066.0000
2022-08-25,316,315.0000,308.4979,732.4444,363.5969,1206.5224,3511.0000,4028.1931,4073.5000,4267.5000,2060.2500,1076.1243
2022-08-28,316,-9999.0000,-9999.0000,-9999.0000,-9999.0000,-9999.0000,-9999.0000,-9999.0000,-9999.0000,-9999.0000,-9999.0000,-9999.0000
2022-08-28,316,-9999.0000,-9999.0000,-9999.0000,-9999.0000,-9999.0000,-9999.0000,-9999.0000,-9999.0000,-9999.0000,-9999.0000,-9999.0000
2022-08-30,316,462.0000,508.6299,882.2913,578.0000,1372.0000,3271.5000,3637.0000,3948.0000,3996.0000,2391.0000,1510.0522
2022-08-30,316,475.0000,508.4994,874.3600,579.2000,1372.0000,3253.0000,3740.0000,3974.2500,3988.5000,2403.3333,1562.1413
2022-09-02,316,391.0000,446.1176,750.4019,496.9071,1216.0000,2715.0000,3156.0000,3269.6000,3404.5000,1938.0118,1254.6667
2022-09-02,316,385.0000,450.5833,754.1667,502.0000,1216.3496,2788.9382,3181.0000,3289.3333,3429.0000,1932.0000,1255.0000
2022-09-07,316,-9999.0000,-9999.0000,-9999.0000,-9999.0000,-9999.0000,-9999.0000,-9999.0000,-9999.0000,-9999.0000,-9999.0000,-9999.0000
2022-09-07,316,-9999.0000,-9999.0000,-9999.0000,-9999.0000,-9999.0000,-9999.0000,-9999.0000,-9999.0000,-9999.0000,-9999.0000,-9999.0000
2022-09-09,316,-9999.0000,-9999.0000,-9999.0000,-9999.0000,-9999.0000,-9999.0000,-9999.0000,-9999.0000,-9999.0000,-9999.0000,-9999.0000
2022-09-12,316,390.0000,464.8294,734.3333,512.6730,1161.3333,1928.2500,2268.0000,2216.6667,2442.0000,1767.0000,1277.0000
2022-09-12,316,359.0000,434.6000,720.0000,501.0000,1165.0000,1878.0000,2138.6667,2233.0000,2441.0000,1765.7500,1233.0000
2022-09-19,316,-9999.0000,-9999.0000,-9999.0000,-9999.0000,-9999.0000,-9999.0000,-9999.0000,-9999.0000,-9999.0000,-9999.0000,-9999.0000
2022-09-19,316,-9999.0000,-9999.0000,-9999.0000,-9999.0000,-9999.0000,-9999.0000,-9999.0000,-9999.0000,-9999.0000,-9999.0000,-9999.0000
2022-09-22,316,-9999.0000,-9999.0000,-9999.0000,-9999.0000,-9999.0000,-9999.0000,-9999.0000,-9999.0000,-9999.0000,-9999.0000,-9999.0000
2022-09-22,316,-9999.0000,-9999.0000,-9999.0000,-9999.0000,-9999.0000,-9999.0000,-9999.0000,-9999.0000,-9999.0000,-9999.0000,-9999.0000
2022-09-29,316,290.0000,364.9704,477.5754,552.6667,857.0000,1112.5000,1270.3333,1419.6667,1516.6667,1748.0000,1432.0000
2022-09-29,316,289.0000,357.5758,477.7343,554.0000,857.4978,1126.0000,1283.2500,1435.0000,1490.5000,1751.0000,1442.6411
2022-10-02,316,-9999.0000,-9999.0000,-9999.0000,-9999.0000,-9999.0000,-9999.0000,-9999.0000,-9999.0000,-9999.0000,-9999.0000,-9999.0000
2022-10-02,316,-9999.0000,-9999.0000,-9999.0000,-9999.0000,-9999.0000,-9999.0000,-9999.0000,-9999.0000,-9999.0000,-9999.0000,-9999.0000
2022-10-04,316,205.0000,220.4154,324.0000,420.2500,578.0000,706.0000,811.6667,907.2667,997.5000,1297.5000,1044.3643
2022-10-04,316,197.0000,216.3759,322.0000,418.0000,583.0000,707.0000,826.3333,906.6667,1003.2500,1319.0000,1072.0000
2022-10-07,316,-9999.0000,-9999.0000,-9999.0000,-9999.0000,-9999.0000,-9999.0000,-9999.0000,-9999.0000,-9999.0000,-9999.0000,-9999.0000
2022-10-07,316,-9999.0000,-9999.0000,-9999.0000,-9999.0000,-9999.0000,-9999.0000,-9999.0000,-9999.0000,-9999.0000,-9999.0000,-9999.0000
2022-10-09,316,320.0000,466.4286,560.2422,740.9961,939.0000,1155.0049,1316.0124,1517.1667,1603.5000,2339.5000,2083.0000
2022-10-09,316,315.0000,466.3333,558.3333,741.6250,944.6436,1150.0000,1307.0099,1514.7957,1615.0000,2346.7743,2067.0000
2022-10-12,316,258.0000,381.0000,485.5347,673.5556,853.0000,1044.0000,1177.0000,1331.2518,1462.0000,2155.5000,1971.5000
2022-10-12,316,260.0000,384.0000,485.0249,666.0000,842.0000,1020.0000,1188.9797,1322.6667,1428.0000,2172.5000,1963.5000
2022-10-24,316,-9999.0000,-9999.0000,-9999.0000,-9999.0000,-9999.0000,-9999.0000,-9999.0000,-9999.0000,-9999.0000,-9999.0000,-9999.0000
2022-10-24,316,-9999.0000,-9999.0000,-9999.0000,-9999.0000,-9999.0000,-9999.0000,-9999.0000,-9999.0000,-9999.0000,-9999.0000,-9999.0000
2022-11-01,316,-9999.0000,-9999.0000,-9999.0000,-9999.0000,-9999.0000,-9999.0000,-9999.0000,-9999.0000,-9999.0000,-9999.0000,-9999.0000
2022-11-01,316,-9999.0000,-9999.0000,-9999.0000,-9999.0000,-9999.0000,-9999.0000,-9999.0000,-9999.0000,-9999.0000,-9999.0000,-9999.0000
2022-11-13,316,414.0000,512.7500,757.0000,941.0000,1273.7500,1574.5450,1748.9034,2009.5837,2053.7033,2708.0000,2360.0000
2022-11-13,316,409.0000,508.0000,756.0000,941.6667,1284.5000,1575.8573,1739.8936,2009.2500,2039.1315,2700.0000,2370.0000
2022-11-16,316,-9999.0000,-9999.0000,-9999.0000,-9999.0000,-9999.0000,-9999.0000,-9999.0000,-9999.0000,-9999.0000,-9999.0000,-9999.0000
2022-11-16,316,-9999.0000,-9999.0000,-9999.0000,-9999.0000,-9999.0000,-9999.0000,-9999.0000,-9999.0000,-9999.0000,-9999.0000,-9999.0000
2022-11-23,316,-9999.0000,-9999.0000,-9999.0000,-9999.0000,-9999.0000,-9999.0000,-9999.0000,-9999.0000,-9999.0000,-9999.0000,-9999.0000
2022-11-23,316,-9999.0000,-9999.0000,-9999.0000,-9999.0000,-9999.0000,-9999.0000,-9999.0000,-9999.0000,-9999.0000,-9999.0000,-9999.0000
2022-12-01,316,-9999.0000,-9999.0000,-9999.0000,-9999.0000,-9999.0000,-9999.0000,-9999.0000,-9999.0000,-9999.0000,-9999.0000,-9999.0000
2022-12-01,316,-9999.0000,-9999.0000,-9999.0000,-9999.0000,-9999.0000,-9999.0000,-9999.0000,-9999.0000,-9999.0000,-9999.0000,-9999.0000
2022-12-06,316,500.0000,494.2890,489.3750,616.6000,825.3333,969.0718,1065.0000,1191.0000,1317.9482,1792.5072,1408.0000
2022-12-06,316,499.0000,492.6250,489.0068,616.3333,818.0000,970.0659,1062.6000,1206.0000,1303.4103,1790.3737,1402.0000
2022-12-08,316,367.0000,510.2087,469.4255,568.0000,804.5684,978.9494,1098.1725,1239.5833,1300.0317,1638.4185,1176.0000
2022-12-08,316,340.0000,504.2019,477.0317,570.0000,797.5000,964.9373,1099.4124,1238.1429,1317.5000,1646.0000,1187.0000
2022-12-13,316,1422.0000,1405.5926,1368.6753,1476.9156,1749.0000,1929.3333,2023.6667,2280.8822,2214.7215,1854.6010,1609.0941
2022-12-13,316,1407.0000,1404.0000,1368.0000,1477.2308,1758.0000,1920.0718,2025.7845,2281.8000,2253.1904,1849.5502,1621.0000
2022-12-13,316,1323.0000,1322.0000,1294.0000,1469.4292,1722.2556,1815.0185,1958.0000,2231.0055,2168.5000,1907.0000,1643.0000
2022-12-13,316,1321.0000,1336.0000,1305.5190,1472.9742,1713.5000,1827.5000,1958.0000,2233.3750,2198.0183,1897.0000,1642.0000
2022-12-21,316,-9999.0000,-9999.0000,-9999.0000,-9999.0000,-9999.0000,-9999.0000,-9999.0000,-9999.0000,-9999.0000,-9999.0000,-9999.0000
2022-12-21,316,-9999.0000,-9999.0000,-9999.0000,-9999.0000,-9999.0000,-9999.0000,-9999.0000,-9999.0000,-9999.0000,-9999.0000,-9999.0000
2023-01-15,316,-9999.0000,-9999.0000,-9999.0000,-9999.0000,-9999.0000,-9999.0000,-9999.0000,-9999.0000,-9999.0000,-9999.0000,-9999.0000
2023-01-15,316,-9999.0000,-9999.0000,-9999.0000,-9999.0000,-9999.0000,-9999.0000,-9999.0000,-9999.0000,-9999.0000,-9999.0000,-9999.0000
2023-01-17,316,266.0000,467.0000,496.4944,630.2439,836.3333,985.0000,1107.7500,1300.5859,1331.0941,1725.0000,1336.0000
2023-01-17,316,262.0000,466.0000,496.3333,628.2359,840.6667,1002.6667,1092.5000,1300.7442,1339.2322,1722.5000,1346.0000
2023-01-30,316,-9999.0000,-9999.0000,-9999.0000,-9999.0000,-9999.0000,-9999.0000,-9999.0000,-9999.0000,-9999.0000,-9999.0000,-9999.0000
2023-01-30,316,-9999.0000,-9999.0000,-9999.0000,-9999.0000,-9999.0000,-9999.0000,-9999.0000,-9999.0000,-9999.0000,-9999.0000,-9999.0000
2023-02-04,316,-9999.0000,-9999.0000,-9999.0000,-9999.0000,-9999.0000,-9999.0000,-9999.0000,-9999.0000,-9999.0000,-9999.0000,-9999.0000
2023-02-04,316,-9999.0000,-9999.0000,-9999.0000,-9999.0000,-9999.0000,-9999.0000,-9999.0000,-9999.0000,-9999.0000,-9999.0000,-9999.0000
2023-02-06,316,-9999.0000,-9999.0000,-9999.0000,-9999.0000,-9999.0000,-9999.0000,-9999.0000,-9999.0000,-9999.0000,-9999.0000,-9999.0000
2023-02-06,316,-9999.0000,-9999.0000,-9999.0000,-9999.0000,-9999.0000,-9999.0000,-9999.0000,-9999.0000,-9999.0000,-9999.0000,-9999.0000
2023-02-14,316,379.0000,446.0000,604.0000,726.0000,981.6412,1195.6667,1306.5000,1482.5000,1546.0000,2187.0000,1818.8819
2023-02-14,316,368.0000,446.0000,600.2222,727.0000,984.5000,1187.5000,1330.0000,1491.0000,1583.0000,2177.5000,1820.0000
2023-02-19,316,430.0000,409.0000,357.0000,308.0000,424.0000,638.0000,667.0000,781.0000,737.0000,695.0000,499.0000
2023-02-19,316,445.0000,410.0000,376.0000,307.0000,420.0000,612.0000,658.0000,789.0000,783.0000,696.0000,490.0000
2023-02-26,316,309.0000,520.2862,650.0000,749.7500,1059.0000,1338.4171,1484.2464,1706.6667,1721.8412,2316.5000,1859.0000
2023-02-26,316,314.0000,516.0000,648.8747,752.0000,1065.5000,1356.0000,1500.3333,1721.3333,1782.0000,2308.0691,1888.0000
2023-03-01,316,372.0000,510.0000,616.0000,706.0000,970.5304,1217.5000,1350.0000,1561.6667,1586.4297,2084.0000,1742.0000
2023-03-01,316,372.0000,510.0000,616.0000,708.0833,973.0000,1220.4370,1363.0000,1561.6000,1598.0000,2081.0000,1754.5000
2023-03-03,316,-9999.0000,-9999.0000,-9999.0000,-9999.0000,-9999.0000,-9999.0000,-9999.0000,-9999.0000,-9999.0000,-9999.0000,-9999.0000
2023-03-03,316,-9999.0000,-9999.0000,-9999.0000,-9999.0000,-9999.0000,-9999.0000,-9999.0000,-9999.0000,-9999.0000,-9999.0000,-9999.0000
2023-03-11,316,8509.0000,8757.6088,8549.8316,8690.7558,8920.8836,8680.1610,8503.8444,8836.1527,8232.1987,864.0000,882.3853
2023-03-11,316,8529.0000,8790.8195,8564.4484,8708.3506,8932.0000,8689.6667,8516.5000,8853.2061,8229.4967,863.0000,880.6667
2023-03-18,316,-9999.0000,-9999.0000,-9999.0000,-9999.0000,-9999.0000,-9999.0000,-9999.0000,-9999.0000,-9999.0000,-9999.0000,-9999.0000
2023-03-18,316,-9999.0000,-9999.0000,-9999.0000,-9999.0000,-9999.0000,-9999.0000,-9999.0000,-9999.0000,-9999.0000,-9999.0000,-9999.0000
2023-03-23,316,456.0000,504.0000,642.3436,742.0000,1034.0000,1299.8368,1460.0000,1650.4444,1714.3333,2218.0000,1653.6837
2023-03-23,316,442.0000,496.0000,638.3346,736.4000,1029.0000,1314.5000,1459.4000,1652.0000,1714.4000,2222.6502,1650.0000
2023-04-02,316,386.0000,428.0000,592.3333,708.4295,1004.5216,1313.7500,1460.4814,1699.7778,1706.7836,2213.5000,1718.0124
2023-04-02,316,366.0000,427.0000,592.1657,708.4000,1010.7500,1308.1667,1457.3333,1699.6250,1713.5000,2212.5000,1716.0000
2023-04-05,316,676.0000,740.3914,926.5000,1129.1426,1484.5000,1853.6889,2050.0000,2320.8000,2365.3571,3299.5075,3022.0000
2023-04-05,316,686.0000,742.0000,928.3333,1132.7500,1479.0000,1857.0666,2054.2214,2320.5620,2357.8180,3291.3292,3012.6667
2023-04-17,316,-9999.0000,-9999.0000,-9999.0000,-9999.0000,-9999.0000,-9999.0000,-9999.0000,-9999.0000,-9999.0000,-9999.0000,-9999.0000
2023-04-17,316,-9999.0000,-9999.0000,-9999.0000,-9999.0000,-9999.0000,-9999.0000,-9999.0000,-9999.0000,-9999.0000,-9999.0000,-9999.0000
2023-04-25,316,-9999.0000,-9999.0000,-9999.0000,-9999.0000,-9999.0000,-9999.0000,-9999.0000,-9999.0000,-9999.0000,-9999.0000,-9999.0000
2023-04-25,316,-9999.0000,-9999.0000,-9999.0000,-9999.0000,-9999.0000,-9999.0000,-9999.0000,-9999.0000,-9999.0000,-9999.0000,-9999.0000
2023-04-30,316,572.0000,654.0000,742.0000,990.6382,1203.0000,1393.0000,1566.0000,1747.3664,1857.5000,2981.0000,3116.0000
2023-04-30,316,566.0000,647.0000,738.3436,986.8000,1193.0000,1410.0000,1572.2220,1747.5845,1854.2163,2962.0000,3079.0000
2023-05-12,316,-9999.0000,-9999.0000,-9999.0000,-9999.0000,-9999.0000,-9999.0000,-9999.0000,-9999.0000,-9999.0000,-9999.0000,-9999.0000
2023-05-12,316,-9999.0000,-9999.0000,-9999.0000,-9999.0000,-9999.0000,-9999.0000,-9999.0000,-9999.0000,-9999.0000,-9999.0000,-9999.0000
2023-05-15,316,-9999.0000,-9999.0000,-9999.0000,-9999.0000,-9999.0000,-9999.0000,-9999.0000,-9999.0000,-9999.0000,-9999.0000,-9999.0000
2023-05-15,316,-9999.0000,-9999.0000,-9999.0000,-9999.0000,-9999.0000,-9999.0000,-9999.0000,-9999.0000,-9999.0000,-9999.0000,-9999.0000
2023-05-20,316,641.0000,786.0032,906.0000,1068.6667,1378.0000,1673.0000,1865.0000,2017.3333,2118.0000,2666.0000,2491.5000
2023-05-20,316,618.0000,737.6614,837.1008,981.5400,1242.0000,1499.0000,1635.5989,1848.7572,1849.9728,2492.7196,2290.0000
2023-05-22,316,928.0000,918.4000,1158.0000,1344.7273,1800.0000,2310.7816,2540.5000,2668.0737,2901.0000,3998.0000,3764.5611
2023-05-22,316,925.0000,914.0000,1156.0000,1345.0000,1809.0000,2320.7122,2557.6876,2676.5961,2918.0206,3989.3333,3766.0000
2023-05-25,316,-9999.0000,-9999.0000,-9999.0000,-9999.0000,-9999.0000,-9999.0000,-9999.0000,-9999.0000,-9999.0000,-9999.0000,-9999.0000
2023-05-25,316,-9999.0000,-9999.0000,-9999.0000,-9999.0000,-9999.0000,-9999.0000,-9999.0000,-9999.0000,-9999.0000,-9999.0000,-9999.0000
2023-05-27,316,746.0000,880.1763,1097.5000,1301.0769,1710.0000,2177.9040,2425.6667,2666.4000,2747.5000,3804.9310,3742.2500
2023-05-27,316,726.0000,878.3333,1096.4444,1301.0462,1712.5000,2181.0000,2417.6667,2667.1986,2771.9922,3808.5000,3741.3499
2023-06-04,316,742.0000,850.0000,1100.0000,1360.7500,1738.0000,2153.0000,2374.0000,2569.6923,2684.0000,3668.5000,3505.5000
2023-06-04,316,740.0000,852.3750,1096.0000,1356.2500,1748.7711,2159.0000,2375.0000,2568.8571,2692.0000,3669.6667,3503.0000
2023-06-06,316,735.0000,950.0000,1181.0000,1441.7442,1840.5062,2243.0000,2474.7509,2698.1818,2799.0000,3785.0000,3728.0000
2023-06-06,316,739.0000,950.5000,1180.5010,1445.6667,1837.9218,2256.9521,2482.3333,2699.3636,2803.7442,3795.0000,3728.0000
2023-06-09,316,704.0000,872.0000,1120.0000,1301.2000,1752.3333,2331.7924,2580.9696,2708.4000,2885.0000,3482.8279,3322.6201
2023-06-09,316,695.0000,872.0000,1118.0000,1305.0000,1758.0000,2331.7821,2594.6008,2707.5291,2883.3154,3473.0000,3327.0000
2023-06-11,316,781.0000,836.0000,1158.0000,1265.3342,1817.0000,2653.3765,2934.1329,3043.0185,3234.5012,3448.5000,3096.0000
2023-06-11,316,763.0000,830.1538,1158.0000,1274.0000,1821.3333,2670.1506,2889.0000,3053.1707,3196.0806,3448.0000,3112.3210
2023-06-14,316,583.0000,682.0278,996.0000,1052.0000,1609.2500,2530.7778,2776.5000,2907.0000,3067.8840,2946.0000,2550.0000
2023-06-14,316,591.0000,678.3137,994.6667,1053.2879,1605.3333,2523.6667,2764.5000,2914.6860,3050.5000,2957.3392,2551.0000
2023-06-16,316,585.0000,768.3577,1038.0000,1064.3338,1610.3060,2681.3117,2979.7500,3164.0000,3236.5000,2986.0000,2638.0000
2023-06-16,316,584.0000,766.2157,1036.0000,1057.2284,1613.0000,2676.6646,2976.0000,3163.8232,3235.3333,2998.0000,2649.0000
2023-06-21,316,-9999.0000,-9999.0000,-9999.0000,-9999.0000,-9999.0000,-9999.0000,-9999.0000,-9999.0000,-9999.0000,-9999.0000,-9999.0000
2023-06-21,316,-9999.0000,-9999.0000,-9999.0000,-9999.0000,-9999.0000,-9999.0000,-9999.0000,-9999.0000,-9999.0000,-9999.0000,-9999.0000
2023-06-24,316,366.0000,344.0000,504.0000,480.0000,839.0000,1977.0000,2420.0000,2108.0000,2613.0000,1718.0000,1195.0000
2023-06-24,316,351.0000,327.0000,501.0000,448.0000,893.0000,1809.0000,2170.0000,1954.0000,2394.0000,1741.0000,1273.0000
2023-06-26,316,724.0000,766.3069,938.1188,737.6022,1314.0000,2979.6667,3470.9087,3639.8338,3765.3333,2111.0000,1501.0000
2023-06-26,316,732.0000,766.2857,940.4000,734.0000,1309.0000,2981.7876,3482.3889,3655.6667,3748.5000,2155.5000,1525.7034
2023-07-06,316,-9999.0000,-9999.0000,-9999.0000,-9999.0000,-9999.0000,-9999.0000,-9999.0000,-9999.0000,-9999.0000,-9999.0000,-9999.0000
2023-07-11,316,-9999.0000,-9999.0000,-9999.0000,-9999.0000,-9999.0000,-9999.0000,-9999.0000,-9999.0000,-9999.0000,-9999.0000,-9999.0000
2023-07-11,316,-9999.0000,-9999.0000,-9999.0000,-9999.0000,-9999.0000,-9999.0000,-9999.0000,-9999.0000,-9999.0000,-9999.0000,-9999.0000
2023-07-21,316,-9999.0000,-9999.0000,-9999.0000,-9999.0000,-9999.0000,-9999.0000,-9999.0000,-9999.0000,-9999.0000,-9999.0000,-9999.0000
2023-07-21,316,-9999.0000,-9999.0000,-9999.0000,-9999.0000,-9999.0000,-9999.0000,-9999.0000,-9999.0000,-9999.0000,-9999.0000,-9999.0000
2023-07-26,316,250.0000,388.0000,605.0000,410.0000,771.0000,2726.0000,2898.0000,4177.0000,2904.0000,1122.0000,461.0000
2023-07-26,316,290.0000,494.0000,702.0000,514.0000,1104.0000,3828.0000,4665.0000,4204.0000,4794.0000,1865.0000,910.0000
2023-08-03,316,493.0000,446.2633,752.6667,348.2511,1134.0000,4857.2857,6004.5000,6008.5000,6193.8333,1468.2477,557.8000
2023-08-08,316,813.0000,712.6290,920.5588,483.1500,1208.5731,4786.8500,5961.6381,6101.8182,6107.1115,1528.0000,678.0000
2023-08-08,316,766.0000,714.6000,922.0000,482.2091,1202.4498,4756.9031,5951.0000,6104.0000,6107.6923,1537.0000,688.0000
2023-08-20,316,325.0000,332.2338,704.2500,313.1813,1028.0000,4365.0000,5227.5000,5353.2391,5386.9994,1557.5000,617.6667
2023-08-20,316,330.0000,332.0668,704.5789,309.3331,1030.4636,4364.8333,5226.0627,5332.6590,5395.6667,1554.3333,621.7518
2023-08-23,316,508.0000,466.3333,722.2056,377.3172,1061.5972,3829.0000,4659.0969,4724.8170,4943.0000,1402.0000,592.5000
2023-08-23,316,514.0000,466.3333,724.2500,374.2000,1050.5000,3802.3280,4695.0000,4722.7475,4968.0000,1418.9867,589.0000
2023-08-28,316,-9999.0000,-9999.0000,-9999.0000,-9999.0000,-9999.0000,-9999.0000,-9999.0000,-9999.0000,-9999.0000,-9999.0000,-9999.0000
2023-08-28,316,-9999.0000,-9999.0000,-9999.0000,-9999.0000,-9999.0000,-9999.0000,-9999.0000,-9999.0000,-9999.0000,-9999.0000,-9999.0000
2023-09-02,316,438.0000,418.0000,741.0000,342.0865,1120.9410,4237.7964,5082.7034,5093.8863,5212.5186,1390.0000,556.6667
2023-09-02,316,431.0000,410.0000,734.0000,338.5494,1121.0000,4253.0000,5084.0000,5109.2736,5233.3333,1392.3333,557.0000
2023-09-04,316,346.0000,431.0000,790.1214,370.5725,1094.6639,4178.0000,5019.6667,5188.0417,5125.0000,1510.0000,656.6667
2023-09-04,316,347.0000,430.3209,790.2512,370.1812,1093.0000,4172.0615,5012.4692,5178.6833,5130.0000,1506.0203,661.2500
2023-09-07,316,213.0000,323.0000,652.0000,298.6923,1028.2486,3818.5000,4657.6667,4776.8000,4804.0000,1402.3333,632.9835
2023-09-07,316,211.0000,322.0000,652.0000,298.2968,1025.0000,3826.0000,4643.5000,4779.0000,4795.2500,1402.3333,637.0000
2023-09-09,316,392.0000,402.5461,767.0000,392.1000,1151.0000,4097.6667,4862.0000,4923.7500,5005.3333,1582.0124,685.5000
2023-09-09,316,389.0000,400.6217,768.0000,390.5987,1149.0000,4096.0000,4844.0000,4923.2500,5013.0000,1578.0000,690.3243
2023-09-14,316,1039.0000,702.0000,1068.0000,606.8556,1427.0000,4797.5007,5735.0000,6215.0000,5953.0000,1966.0005,1041.0000
2023-09-14,316,845.0000,696.0000,1064.0000,604.0000,1431.0000,4752.0000,5769.0000,6214.8571,5920.0000,1963.0000,1009.0000
2023-09-22,316,-9999.0000,-9999.0000,-9999.0000,-9999.0000,-9999.0000,-9999.0000,-9999.0000,-9999.0000,-9999.0000,-9999.0000,-9999.0000
2023-09-22,316,-9999.0000,-9999.0000,-9999.0000,-9999.0000,-9999.0000,-9999.0000,-9999.0000,-9999.0000,-9999.0000,-9999.0000,-9999.0000
2023-09-24,316,283.0000,433.0000,750.1513,388.1342,1085.0000,3667.0000,4312.3333,4459.1167,4407.0000,1301.2479,617.0000
2023-09-24,316,275.0000,431.0000,746.1108,388.5769,1086.7322,3673.0000,4314.0000,4458.6324,4374.9737,1297.5000,617.4157
2023-10-14,316,-9999.0000,-9999.0000,-9999.0000,-9999.0000,-9999.0000,-9999.0000,-9999.0000,-9999.0000,-9999.0000,-9999.0000,-9999.0000
2023-10-14,316,-9999.0000,-9999.0000,-9999.0000,-9999.0000,-9999.0000,-9999.0000,-9999.0000,-9999.0000,-9999.0000,-9999.0000,-9999.0000
2023-10-17,316,175.0000,332.0000,670.0000,330.3893,1043.0000,3833.0000,4471.3333,4708.2932,4600.5000,1302.0000,652.0000
2023-10-17,316,173.0000,331.0000,670.0000,330.3574,1038.0000,3803.0098,4452.2500,4709.5486,4586.6486,1301.5000,654.0000
2023-10-22,316,-9999.0000,-9999.0000,-9999.0000,-9999.0000,-9999.0000,-9999.0000,-9999.0000,-9999.0000,-9999.0000,-9999.0000,-9999.0000
2023-10-22,316,-9999.0000,-9999.0000,-9999.0000,-9999.0000,-9999.0000,-9999.0000,-9999.0000,-9999.0000,-9999.0000,-9999.0000,-9999.0000
2023-11-08,316,1387.0000,1322.0000,1440.0000,1442.0000,1844.0000,2192.3433,2317.0000,2541.5000,2524.7483,1956.0000,1507.0000
2023-11-08,316,1375.0000,1318.0000,1430.0000,1438.0000,1839.0000,2194.5000,2304.6667,2533.1667,2526.3344,1955.0000,1500.0000
2023-11-16,316,0.0000,171.0000,268.0000,376.3750,545.0000,686.0000,774.3671,872.5040,933.0000,949.0000,774.6456
2023-11-16,316,0.0000,172.0000,269.0000,377.0000,541.0000,688.0000,772.4498,877.0000,926.7174,942.3912,769.0000
2023-11-28,316,-9999.0000,-9999.0000,-9999.0000,-9999.0000,-9999.0000,-9999.0000,-9999.0000,-9999.0000,-9999.0000,-9999.0000,-9999.0000
2023-11-28,316,-9999.0000,-9999.0000,-9999.0000,-9999.0000,-9999.0000,-9999.0000,-9999.0000,-9999.0000,-9999.0000,-9999.0000,-9999.0000
2023-12-01,316,-9999.0000,-9999.0000,-9999.0000,-9999.0000,-9999.0000,-9999.0000,-9999.0000,-9999.0000,-9999.0000,-9999.0000,-9999.0000
2023-12-01,316,-9999.0000,-9999.0000,-9999.0000,-9999.0000,-9999.0000,-9999.0000,-9999.0000,-9999.0000,-9999.0000,-9999.0000,-9999.0000
2023-12-03,316,824.0000,896.2885,762.5459,762.0000,909.0000,1022.0000,1101.0000,1213.0000,1246.8916,1067.7979,731.7445
2023-12-03,316,828.0000,896.7930,763.0000,760.7609,909.0000,1031.0000,1125.0000,1209.8661,1232.0000,1043.0000,732.4427
2023-12-26,316,-9999.0000,-9999.0000,-9999.0000,-9999.0000,-9999.0000,-9999.0000,-9999.0000,-9999.0000,-9999.0000,-9999.0000,-9999.0000
2023-12-26,316,-9999.0000,-9999.0000,-9999.0000,-9999.0000,-9999.0000,-9999.0000,-9999.0000,-9999.0000,-9999.0000,-9999.0000,-9999.0000
2024-01-07,316,-9999.0000,-9999.0000,-9999.0000,-9999.0000,-9999.0000,-9999.0000,-9999.0000,-9999.0000,-9999.0000,-9999.0000,-9999.0000
2024-01-07,316,-9999.0000,-9999.0000,-9999.0000,-9999.0000,-9999.0000,-9999.0000,-9999.0000,-9999.0000,-9999.0000,-9999.0000,-9999.0000
2024-01-10,316,811.0000,761.3333,862.0000,1178.0000,1471.0000,1669.2500,1855.0000,2188.0000,2214.0000,3145.0000,2981.4316
2024-01-10,316,784.0000,762.8926,859.9906,1173.3333,1465.0000,1661.0000,1830.0000,2179.4730,2212.0000,3155.4376,3002.5000
2024-01-22,316,-9999.0000,-9999.0000,-9999.0000,-9999.0000,-9999.0000,-9999.0000,-9999.0000,-9999.0000,-9999.0000,-9999.0000,-9999.0000
2024-01-27,316,750.0000,708.0000,768.0000,908.0000,1126.5000,1274.0000,1373.7500,1565.4311,1609.4000,2055.0000,1621.0000
2024-01-27,316,749.0000,708.0000,768.7544,910.0000,1132.0000,1266.5000,1372.0000,1569.6218,1613.5000,2050.6873,1617.0000
2024-02-01,316,639.0000,826.0000,890.5000,1086.0000,1347.0000,1561.0000,1763.0000,2001.0000,2073.0000,2583.0000,2117.0000
2024-02-01,316,635.0000,838.0000,910.0000,1100.0000,1380.0000,1644.0000,1805.0000,2018.0000,2171.0000,2590.0000,2130.0000
2024-03-02,316,-9999.0000,-9999.0000,-9999.0000,-9999.0000,-9999.0000,-9999.0000,-9999.0000,-9999.0000,-9999.0000,-9999.0000,-9999.0000
2024-03-02,316,-9999.0000,-9999.0000,-9999.0000,-9999.0000,-9999.0000,-9999.0000,-9999.0000,-9999.0000,-9999.0000,-9999.0000,-9999.0000
2024-04-06,316,-9999.0000,-9999.0000,-9999.0000,-9999.0000,-9999.0000,-9999.0000,-9999.0000,-9999.0000,-9999.0000,-9999.0000,-9999.0000
2024-04-06,316,-9999.0000,-9999.0000,-9999.0000,-9999.0000,-9999.0000,-9999.0000,-9999.0000,-9999.0000,-9999.0000,-9999.0000,-9999.0000
2024-04-14,316,706.0000,852.8571,1037.5556,1132.0000,1580.5000,1984.4772,2197.3333,2491.0000,2526.0000,3613.2500,3467.0000
2024-04-14,316,699.0000,856.1981,1037.6667,1133.0000,1578.0000,1985.6000,2196.0000,2489.6667,2520.0000,3612.0000,3467.8193
2024-04-21,316,-9999.0000,-9999.0000,-9999.0000,-9999.0000,-9999.0000,-9999.0000,-9999.0000,-9999.0000,-9999.0000,-9999.0000,-9999.0000
2024-04-24,316,-9999.0000,-9999.0000,-9999.0000,-9999.0000,-9999.0000,-9999.0000,-9999.0000,-9999.0000,-9999.0000,-9999.0000,-9999.0000
2024-04-24,316,-9999.0000,-9999.0000,-9999.0000,-9999.0000,-9999.0000,-9999.0000,-9999.0000,-9999.0000,-9999.0000,-9999.0000,-9999.0000
2024-04-26,316,783.0000,604.3183,600.2500,740.0000,918.0000,1020.0000,1104.0000,1361.0000,1312.0000,2361.0000,1978.0000
2024-04-26,316,779.0000,588.0000,588.0000,732.5028,889.0000,1011.0000,1081.0000,1321.0000,1213.8193,2320.6064,1939.9796
2024-04-29,316,721.0000,704.0000,778.0000,1004.0000,1286.0000,1410.0000,1576.0000,1786.0000,1896.0000,3109.0000,3160.0000
2024-04-29,316,783.0000,696.0000,788.0000,1002.0000,1268.0000,1437.0000,1595.0000,1748.0000,1923.0000,3087.0000,3133.0000
2024-05-01,316,588.0000,673.0828,737.2994,937.1297,1172.0186,1362.5865,1547.6667,1675.0000,1793.0000,2881.3333,2953.8093
2024-05-01,316,579.0000,676.2171,741.5729,937.0460,1177.8571,1364.3333,1548.3115,1683.9203,1795.6114,2873.3333,2949.0000
2024-05-06,316,639.0000,645.0000,778.0000,990.0000,1218.3571,1521.4588,1717.6667,1913.1538,2014.0472,2853.5000,2669.0000
2024-05-06,316,637.0000,646.0000,776.5813,990.3333,1215.0000,1513.8565,1713.4111,1917.5155,2015.0000,2841.5000,2688.0000
2024-05-09,316,1093.0000,1324.0000,1314.0000,1366.0000,1702.0000,2184.0000,2197.0000,2690.0000,2533.0000,3004.0000,2621.0000
2024-05-09,316,1155.0000,1242.0000,1248.0000,1296.0000,1638.0000,2094.0000,2256.0000,2600.0000,2550.0000,3071.0000,2701.0000
2024-05-11,316,490.0000,620.0000,722.1090,980.0000,1205.0000,1405.0000,1593.0000,1812.6053,1906.0000,3230.0000,3370.5000
2024-05-11,316,486.0000,618.2344,724.4286,976.6000,1206.3366,1410.4170,1597.0000,1810.5977,1917.2020,3225.0000,3386.5000
2024-05-14,316,444.0000,534.2308,624.9975,880.7370,1082.0000,1298.7779,1496.0000,1698.9004,1817.3210,3002.0111,3188.0402
2024-05-14,316,455.0000,532.0516,624.9756,880.7103,1086.0000,1315.1509,1507.5000,1691.4286,1828.7576,3016.0000,3162.0507
2024-05-16,316,-9999.0000,-9999.0000,-9999.0000,-9999.0000,-9999.0000,-9999.0000,-9999.0000,-9999.0000,-9999.0000,-9999.0000,-9999.0000
2024-05-16,316,-9999.0000,-9999.0000,-9999.0000,-9999.0000,-9999.0000,-9999.0000,-9999.0000,-9999.0000,-9999.0000,-9999.0000,-9999.0000
2024-05-19,316,589.0000,638.6501,792.0000,1088.8688,1339.0000,1580.1411,1782.0328,1931.7143,2122.6863,3446.0000,3459.0007
2024-05-19,316,607.0000,638.2500,792.0000,1085.2609,1339.0000,1571.3257,1783.5473,1938.7452,2131.3333,3443.0277,3445.2000
2024-05-21,316,-9999.0000,-9999.0000,-9999.0000,-9999.0000,-9999.0000,-9999.0000,-9999.0000,-9999.0000,-9999.0000,-9999.0000,-9999.0000
2024-05-21,316,-9999.0000,-9999.0000,-9999.0000,-9999.0000,-9999.0000,-9999.0000,-9999.0000,-9999.0000,-9999.0000,-9999.0000,-9999.0000
2024-05-26,316,-9999.0000,-9999.0000,-9999.0000,-9999.0000,-9999.0000,-9999.0000,-9999.0000,-9999.0000,-9999.0000,-9999.0000,-9999.0000
2024-05-26,316,-9999.0000,-9999.0000,-9999.0000,-9999.0000,-9999.0000,-9999.0000,-9999.0000,-9999.0000,-9999.0000,-9999.0000,-9999.0000
2024-05-31,316,-9999.0000,-9999.0000,-9999.0000,-9999.0000,-9999.0000,-9999.0000,-9999.0000,-9999.0000,-9999.0000,-9999.0000,-9999.0000
2024-05-31,316,-9999.0000,-9999.0000,-9999.0000,-9999.0000,-9999.0000,-9999.0000,-9999.0000,-9999.0000,-9999.0000,-9999.0000,-9999.0000
2024-06-05,316,1026.0000,978.2047,1112.0000,1442.6667,1778.0000,2196.0892,2470.6636,2709.7778,2903.0075,3883.0000,3688.5000
2024-06-05,316,1047.0000,980.0000,1114.0000,1443.0000,1778.6667,2195.0000,2490.8171,2709.6736,2917.5000,3894.0000,3688.7936
2024-06-15,316,-9999.0000,-9999.0000,-9999.0000,-9999.0000,-9999.0000,-9999.0000,-9999.0000,-9999.0000,-9999.0000,-9999.0000,-9999.0000
2024-06-15,316,-9999.0000,-9999.0000,-9999.0000,-9999.0000,-9999.0000,-9999.0000,-9999.0000,-9999.0000,-9999.0000,-9999.0000,-9999.0000
2024-06-23,316,499.0000,562.0000,686.0000,656.0000,928.0000,1818.0000,2148.0000,2310.0000,2241.0000,1659.0000,1303.0000
2024-06-23,316,534.0000,567.0000,687.0000,656.0000,849.0000,1709.0000,2018.0000,2332.0000,2052.0000,1438.0000,1138.0000
2024-06-25,316,561.0000,500.1879,717.4228,677.7500,1142.0000,2444.0000,2772.6498,2761.4627,3044.0000,2772.5000,2235.0851
2024-06-25,316,607.0000,501.2667,714.6000,684.5455,1146.6667,2441.2500,2740.0000,2758.2000,3014.0000,2789.0000,2245.9135
2024-07-08,316,562.0000,506.2778,808.0000,446.6986,1241.0737,4347.6429,5026.8761,5176.3296,5273.5000,2169.2500,1056.1919
2024-07-08,316,532.0000,492.3697,802.0000,436.6456,1240.9556,4330.0000,5067.6782,5191.9062,5249.0000,2173.6667,1064.0000
2024-07-10,316,-9999.0000,-9999.0000,-9999.0000,-9999.0000,-9999.0000,-9999.0000,-9999.0000,-9999.0000,-9999.0000,-9999.0000,-9999.0000
2024-07-10,316,-9999.0000,-9999.0000,-9999.0000,-9999.0000,-9999.0000,-9999.0000,-9999.0000,-9999.0000,-9999.0000,-9999.0000,-9999.0000
2024-07-15,316,-9999.0000,-9999.0000,-9999.0000,-9999.0000,-9999.0000,-9999.0000,-9999.0000,-9999.0000,-9999.0000,-9999.0000,-9999.0000
2024-07-15,316,-9999.0000,-9999.0000,-9999.0000,-9999.0000,-9999.0000,-9999.0000,-9999.0000,-9999.0000,-9999.0000,-9999.0000,-9999.0000
2024-07-20,316,346.0000,460.4284,806.0000,441.1579,1212.0000,4299.6667,5158.0000,5253.6263,5258.0714,2212.7998,1058.0000
2024-07-20,316,349.0000,460.5263,806.3917,441.7062,1209.8001,4314.7753,5168.0000,5238.8071,5279.0000,2221.0000,1061.5000
2024-07-28,316,606.0000,453.3333,869.6000,445.3333,1394.5000,4746.0000,5586.0000,5704.0000,5702.0000,2254.0000,1069.5000
2024-07-28,316,512.0000,449.3653,869.2000,437.0000,1394.6379,4791.0177,5636.0000,5736.0000,5849.0000,2259.7242,1070.0000
2024-07-30,316,359.0000,454.0625,809.3976,449.2000,1184.6036,4097.6667,4889.5000,4918.4000,5028.0000,2174.0000,1096.0463
2024-07-30,316,324.0000,466.5000,821.0291,450.2500,1177.0000,4102.0000,4924.0000,4919.0000,5053.0000,2173.0000,1090.6825
2024-08-02,316,295.0000,377.7772,705.2743,354.9852,1164.0000,3968.5000,4789.8105,4932.4497,4989.1146,2069.2222,1028.0000
2024-08-02,316,286.0000,373.3219,709.1481,355.3120,1164.0000,3982.0000,4822.6667,4919.6743,4977.0116,2054.8629,1028.2357
2024-08-12,316,270.0000,345.0727,689.6784,387.3108,1161.0005,3308.0000,3885.0000,4004.2463,4107.6020,2005.6198,1157.1157
2024-08-12,316,271.0000,342.3366,689.7290,386.2544,1162.2000,3260.0000,3877.0000,4038.0000,4081.0000,1995.0000,1147.0000
2024-08-17,316,456.0000,462.2500,816.1232,485.9406,1344.8620,3124.5057,3607.2888,3848.0000,3907.5335,2018.9869,1116.0000
2024-08-17,316,457.0000,462.4286,816.1515,489.5714,1338.3525,3173.3792,3600.7242,3862.8546,3909.7073,2013.0000,1101.0000
2024-08-19,316,368.0000,482.3355,830.1107,516.8291,1354.7368,3211.0000,3685.0000,3897.4000,4009.2564,2274.7572,1456.9568
2024-08-19,316,370.0000,486.6647,830.3333,517.6399,1354.9131,3224.0000,3768.0164,3927.6000,3913.8501,2291.0970,1476.5000
2024-08-27,316,535.0000,502.0000,642.5743,536.0000,889.0000,1667.1297,1815.0000,1868.5794,1949.0000,1137.6619,710.9980
2024-08-27,316,535.0000,500.0000,640.6535,530.8025,899.0000,1659.0000,1857.0000,1861.9048,1989.0564,1134.0000,715.0000
2024-08-29,316,1077.0000,944.0000,1158.0000,988.0000,1641.8296,2890.4550,3315.5915,3270.9795,3595.5000,2547.0000,1901.9980
2024-08-29,316,1069.0000,940.0000,1156.0000,990.3333,1646.0000,2867.6385,3304.9465,3273.0000,3571.0497,2548.2053,1917.5000
2024-09-01,316,412.0000,504.4208,730.3875,648.9128,1237.4872,2149.5000,2450.5000,2471.3333,2739.0000,2366.0000,1897.6649
2024-09-01,316,407.0000,502.1522,728.0000,645.3871,1229.3446,2136.1694,2453.2837,2486.0000,2740.0000,2379.0000,1894.6516
2024-09-08,316,-9999.0000,-9999.0000,-9999.0000,-9999.0000,-9999.0000,-9999.0000,-9999.0000,-9999.0000,-9999.0000,-9999.0000,-9999.0000
2024-09-11,316,256.0000,340.0000,502.7500,450.2577,900.0000,1592.2500,1772.0000,1862.2000,1991.0000,1427.0000,918.0043
2024-09-11,316,259.0000,346.0000,504.6684,454.5605,901.0000,1561.7240,1733.4877,1881.3483,1972.0000,1414.5000,913.0033
2024-09-13,316,-9999.0000,-9999.0000,-9999.0000,-9999.0000,-9999.0000,-9999.0000,-9999.0000,-9999.0000,-9999.0000,-9999.0000,-9999.0000
2024-09-13,316,-9999.0000,-9999.0000,-9999.0000,-9999.0000,-9999.0000,-9999.0000,-9999.0000,-9999.0000,-9999.0000,-9999.0000,-9999.0000
2024-09-16,316,801.0000,677.1529,793.0142,669.4565,1155.0000,1877.9029,2124.5099,2065.5825,2309.1452,1755.0000,1133.0000
2024-09-16,316,811.0000,678.2500,792.2178,661.6680,1161.2963,1901.6189,2129.8500,2061.0705,2381.5844,1752.5000,1146.9248
2024-09-18,316,709.0000,853.7244,1049.2331,997.3750,1529.0000,2569.3626,2886.6667,3080.7143,3189.0773,2852.5000,2247.0000
2024-09-18,316,716.5000,856.9279,1041.0760,989.2269,1537.5000,2550.0000,2935.6667,3076.2857,3192.2500,2836.2633,2242.3691
2024-09-21,316,401.0000,528.1667,726.0000,709.1988,1180.4263,1924.5000,2184.9552,2245.3351,2423.5833,2299.3333,1922.0000
2024-09-21,316,387.0000,520.0000,724.0000,705.4923,1182.0000,1930.9850,2187.0000,2247.5369,2416.0000,2325.0000,1891.0000
2024-09-23,316,-9999.0000,-9999.0000,-9999.0000,-9999.0000,-9999.0000,-9999.0000,-9999.0000,-9999.0000,-9999.0000,-9999.0000,-9999.0000
2024-09-28,316,359.0000,476.0000,536.1153,642.3750,885.0000,1174.6656,1401.5027,1509.8626,1626.0149,1758.8229,1330.0000
2024-09-28,316,357.0000,476.0000,536.0000,642.4208,885.0000,1174.0000,1384.0000,1510.0000,1613.5000,1766.0000,1333.0000
2024-10-03,316,-9999.0000,-9999.0000,-9999.0000,-9999.0000,-9999.0000,-9999.0000,-9999.0000,-9999.0000,-9999.0000,-9999.0000,-9999.0000
2024-10-03,316,-9999.0000,-9999.0000,-9999.0000,-9999.0000,-9999.0000,-9999.0000,-9999.0000,-9999.0000,-9999.0000,-9999.0000,-9999.0000
2024-10-11,316,828.0000,978.4022,1118.0000,1208.6667,1641.5000,2460.0000,2805.4824,3061.8833,3129.0791,2830.0000,2453.5000
2024-10-11,316,830.0000,978.0556,1120.0000,1208.8571,1633.0985,2454.3333,2792.9229,3062.0745,3127.0000,2832.0000,2443.6721
2024-10-13,316,-9999.0000,-9999.0000,-9999.0000,-9999.0000,-9999.0000,-9999.0000,-9999.0000,-9999.0000,-9999.0000,-9999.0000,-9999.0000
2024-10-13,316,-9999.0000,-9999.0000,-9999.0000,-9999.0000,-9999.0000,-9999.0000,-9999.0000,-9999.0000,-9999.0000,-9999.0000,-9999.0000
2024-10-18,316,674.0903,682.6788,814.0000,905.0984,1303.0000,1890.7500,2235.0000,2039.7143,2536.0855,2644.6667,2246.0000
2024-10-18,316,651.0000,686.0866,816.4000,905.5162,1305.3333,1909.9836,2248.0000,2055.8182,2570.1761,2651.0000,2258.3333
2024-10-26,316,298.0000,408.6667,604.0000,669.2655,1053.6142,1468.9702,1623.6667,1703.4993,1877.4685,2209.0741,1906.0000
2024-10-26,316,299.0000,406.8191,604.4240,668.2500,1038.0000,1443.8673,1640.0000,1703.0000,1864.4630,2203.3333,1876.0395
2024-11-05,316,591.0000,604.2000,748.5000,773.0921,1159.0000,1617.4998,1713.0000,1939.8060,2022.0000,2396.0000,2119.0000
2024-11-05,316,581.0000,598.2535,744.1663,769.0000,1165.0000,1588.5000,1725.0000,1938.5714,1993.7711,2398.0000,2122.5000
2024-11-12,316,237.0000,317.0000,522.0000,486.2179,857.5228,1291.0000,1443.6662,1590.6667,1607.0710,1667.0000,1190.0000
2024-11-12,316,221.0000,303.0000,512.7645,480.2500,877.0000,1288.5297,1414.5982,1604.1123,1605.7370,1678.0000,1205.7451
2024-11-17,316,259.0000,435.0000,546.4454,473.0000,840.0000,1308.0000,1434.0000,1613.4000,1588.8667,1545.7667,1075.0000
2024-11-17,316,252.0000,434.0000,546.0000,473.0000,843.0000,1319.7854,1459.0000,1596.5363,1624.7698,1549.6045,1066.3333
2024-11-30,316,1174.0000,970.0000,1007.0000,1036.0000,1545.0000,2258.0000,2461.0000,2498.0000,2909.0000,2404.0000,2016.0000
2024-11-30,316,1364.0000,938.0000,964.0000,1036.0000,1483.0000,2093.0000,2408.0000,2366.0000,2804.0000,2361.0000,2063.0000
2025-01-11,316,373.0000,354.5200,404.5000,348.0276,589.0000,803.2789,877.0000,929.6639,947.0000,557.0000,331.0000
2025-01-11,316,349.0000,340.1517,394.8000,338.4882,584.5000,796.0140,845.1454,931.0000,923.0000,552.0000,335.0000
2025-01-26,316,-9999.0000,-9999.0000,-9999.0000,-9999.0000,-9999.0000,-9999.0000,-9999.0000,-9999.0000,-9999.0000,-9999.0000,-9999.0000
2025-01-26,316,-9999.0000,-9999.0000,-9999.0000,-9999.0000,-9999.0000,-9999.0000,-9999.0000,-9999.0000,-9999.0000,-9999.0000,-9999.0000
2025-01-31,316,268.0000,370.0000,566.4769,680.5000,1041.0000,1258.0483,1369.9403,1586.3750,1585.6667,1732.5785,1226.0000
2025-01-31,316,251.0000,356.0000,554.1667,678.7183,1025.4000,1257.1552,1362.4502,1588.5000,1594.6689,1734.0000,1233.4679
2025-02-03,316,-9999.0000,-9999.0000,-9999.0000,-9999.0000,-9999.0000,-9999.0000,-9999.0000,-9999.0000,-9999.0000,-9999.0000,-9999.0000
2025-02-03,316,-9999.0000,-9999.0000,-9999.0000,-9999.0000,-9999.0000,-9999.0000,-9999.0000,-9999.0000,-9999.0000,-9999.0000,-9999.0000
2025-02-18,316,461.0000,624.2758,752.0000,924.6667,1205.4892,1416.8296,1563.0000,1844.8274,1804.0000,2366.5000,2044.5000
2025-02-18,316,449.0000,608.2500,742.0000,916.0000,1194.0000,1409.3729,1553.2500,1842.0000,1817.3333,2362.7769,2048.0000
2025-02-23,316,-9999.0000,-9999.0000,-9999.0000,-9999.0000,-9999.0000,-9999.0000,-9999.0000,-9999.0000,-9999.0000,-9999.0000,-9999.0000
2025-02-28,316,-9999.0000,-9999.0000,-9999.0000,-9999.0000,-9999.0000,-9999.0000,-9999.0000,-9999.0000,-9999.0000,-9999.0000,-9999.0000
2025-02-28,316,-9999.0000,-9999.0000,-9999.0000,-9999.0000,-9999.0000,-9999.0000,-9999.0000,-9999.0000,-9999.0000,-9999.0000,-9999.0000
2025-03-02,316,469.0000,532.2000,720.0000,849.0000,1176.5705,1373.0000,1526.1171,1797.6000,1786.9696,2466.0000,2048.0000
2025-03-02,316,458.0000,530.2500,718.3921,853.5000,1173.6954,1395.0000,1528.7584,1790.0000,1792.9248,2484.0000,2049.6038
2025-03-07,316,616.0000,784.0000,976.2906,1170.0000,1506.6611,1753.6267,1939.0000,2164.8000,2243.0000,3341.0000,3283.4007
2025-03-07,316,607.0000,782.6667,978.0000,1176.0000,1515.0000,1766.4669,1936.9602,2165.6667,2242.0000,3349.0000,3285.4725
2025-03-10,316,610.0000,822.0000,944.0000,1132.0000,1394.5000,1618.0000,1760.2892,2045.0000,2037.6667,2963.0000,2897.0000
2025-03-10,316,605.0000,818.2898,944.0000,1132.0000,1392.6271,1626.0000,1776.0000,2050.0000,2033.1559,2960.0000,2917.0000
2025-03-12,316,-9999.0000,-9999.0000,-9999.0000,-9999.0000,-9999.0000,-9999.0000,-9999.0000,-9999.0000,-9999.0000,-9999.0000,-9999.0000
2025-03-12,316,-9999.0000,-9999.0000,-9999.0000,-9999.0000,-9999.0000,-9999.0000,-9999.0000,-9999.0000,-9999.0000,-9999.0000,-9999.0000
2025-03-14,316,-9999.0000,-9999.0000,-9999.0000,-9999.0000,-9999.0000,-9999.0000,-9999.0000,-9999.0000,-9999.0000,-9999.0000,-9999.0000
2025-03-14,316,1385.0000,1284.0000,1434.0000,1620.0000,2004.0000,2328.0000,2508.0000,2872.0000,2915.0000,3765.0000,3308.0000
2025-03-15,316,-9999.0000,-9999.0000,-9999.0000,-9999.0000,-9999.0000,-9999.0000,-9999.0000,-9999.0000,-9999.0000,-9999.0000,-9999.0000
2025-03-15,316,-9999.0000,-9999.0000,-9999.0000,-9999.0000,-9999.0000,-9999.0000,-9999.0000,-9999.0000,-9999.0000,-9999.0000,-9999.0000
2025-03-17,316,571.0000,780.2500,956.0000,1224.7500,1513.7890,1741.0000,1906.0133,2252.2500,2241.0000,3501.0000,3448.0000
2025-03-17,316,561.0000,780.1534,954.3039,1222.0000,1514.0000,1753.0000,1913.0000,2249.0000,2252.0000,3494.0000,3437.7804
2025-03-17,316,662.0000,769.3510,964.8754,1221.7585,1510.0000,1754.5000,1934.0490,2237.2828,2263.0000,3394.0000,3192.0000
2025-03-17,316,678.0000,769.0208,965.6000,1221.7143,1526.0000,1763.0000,1942.0000,2237.0000,2273.6139,3387.0000,3194.4988
2025-03-20,316,658.0000,814.0000,942.0000,1170.0000,1443.0000,1652.2800,1808.9911,2028.9893,2105.5000,3281.7394,3288.0000
2025-03-20,316,638.0000,812.2500,938.2500,1176.8571,1445.0000,1657.5000,1817.0000,2032.6526,2122.5000,3282.0000,3293.0000
2025-03-22,316,631.0000,736.2000,942.3333,1196.8172,1498.9395,1733.0000,1885.0000,2157.5000,2193.6667,3402.3349,3237.4993
2025-03-22,316,619.0000,736.1115,944.0000,1201.3672,1500.2418,1738.2434,1887.0000,2149.3062,2196.0000,3393.5000,3234.0000
2025-03-24,316,-9999.0000,-9999.0000,-9999.0000,-9999.0000,-9999.0000,-9999.0000,-9999.0000,-9999.0000,-9999.0000,-9999.0000,-9999.0000
2025-03-24,316,-9999.0000,-9999.0000,-9999.0000,-9999.0000,-9999.0000,-9999.0000,-9999.0000,-9999.0000,-9999.0000,-9999.0000,-9999.0000
2025-03-25,316,1054.0000,946.4034,1128.6667,1377.0000,1765.0000,2054.0000,2217.5860,2409.3333,2587.0402,3786.6667,3518.0718
2025-03-25,316,999.0000,940.5100,1125.0000,1368.6667,1731.0000,2005.0000,2194.0000,2396.0000,2600.5714,3776.0000,3512.7206
2025-03-27,316,896.0000,1032.0000,1140.0000,1332.0000,1618.0000,1913.0000,2094.6667,2381.3619,2373.0000,3204.0000,3038.3194
2025-03-27,316,889.0000,1028.0000,1136.0000,1332.0000,1625.0000,1913.0000,2091.0000,2376.6560,2375.0000,3207.0000,3038.7786
2025-03-27,316,936.0000,979.0000,1120.0000,1312.0000,1610.0000,1866.4124,2049.7392,2293.0000,2338.1322,3128.6506,2893.3796
2025-03-27,316,924.0000,976.0000,1116.0000,1312.0000,1604.5000,1868.5090,2057.0000,2293.7586,2336.3314,3133.0000,2898.2214
2025-04-01,316,636.0000,724.1853,916.2183,1161.0000,1498.0000,1807.0000,1973.0000,2226.5000,2303.0000,3418.0000,3230.0000
2025-04-01,316,636.0000,720.0000,914.2517,1161.2128,1500.0000,1797.5410,1969.0000,2225.4000,2290.3333,3405.5051,3234.5608
2025-04-03,316,619.0000,710.6064,890.4895,1133.4446,1439.0000,1776.0000,1960.0000,2237.2096,2257.5000,3338.6667,3156.0000
2025-04-03,316,611.0000,708.4286,890.6177,1136.7471,1444.5011,1773.0000,1961.7704,2237.6851,2256.9353,3354.5000,3166.1895
2025-04-04,316,617.0000,688.2500,880.5000,1108.3415,1418.0000,1756.2230,1904.0000,2164.6640,2222.0000,3241.0000,3075.0000
2025-04-04,316,621.0000,690.4138,880.0000,1112.9156,1424.6667,1743.0000,1909.6439,2157.0000,2216.0000,3243.0000,3081.2789
2025-04-06,316,415.0000,530.4997,610.5705,874.2000,1073.4938,1254.5000,1437.0000,1721.6667,1741.0000,3103.0000,3257.0000
2025-04-06,316,413.0000,530.3108,610.3398,880.0000,1066.0369,1257.0355,1445.7584,1722.0000,1747.0000,3106.0000,3265.0000
2025-04-06,316,414.0000,442.3759,562.4000,825.2414,1013.7056,1194.0000,1369.0000,1604.3333,1682.0000,2953.2900,3014.0000
2025-04-06,316,412.0000,442.5209,560.2000,825.0287,1020.0000,1200.5088,1373.5714,1604.6667,1701.5724,2952.5000,3024.0000
2025-04-09,316,1598.0000,1379.9256,1346.6667,1571.3333,1845.5000,2038.0000,2288.0000,2523.0000,2691.6667,4075.0000,4098.0000
2025-04-09,316,1536.0000,1360.6472,1317.9540,1557.0000,1808.0000,2005.0000,2262.0000,2482.0000,2639.0000,4096.0000,4153.0000
2025-04-11,316,575.0000,566.1571,662.0000,876.0000,1078.3333,1261.5000,1414.0000,1549.4000,1713.6667,2825.7708,2862.0046
2025-04-11,316,573.0000,564.3571,662.0000,878.7500,1084.0000,1249.0000,1408.5000,1553.9500,1708.5000,2825.0000,2864.5000
2025-04-14,316,-9999.0000,-9999.0000,-9999.0000,-9999.0000,-9999.0000,-9999.0000,-9999.0000,-9999.0000,-9999.0000,-9999.0000,-9999.0000
2025-04-14,316,-9999.0000,-9999.0000,-9999.0000,-9999.0000,-9999.0000,-9999.0000,-9999.0000,-9999.0000,-9999.0000,-9999.0000,-9999.0000
2025-04-19,316,500.0000,646.4286,768.3333,1108.8571,1324.3363,1514.0000,1717.1035,1962.7996,2027.3960,3363.0000,3538.0000
2025-04-19,316,492.0000,646.2000,768.1667,1100.6667,1321.3333,1513.0000,1705.1605,1962.1429,2035.6303,3401.0000,3564.3333
2025-04-26,316,460.0000,506.0000,604.0000,762.0000,1020.0085,1338.0000,1501.0000,1681.5703,1750.0000,2617.5104,2437.0000
2025-04-26,316,458.0000,505.0000,606.6103,766.1581,1029.0000,1330.3333,1505.0319,1689.0000,1761.0000,2630.6060,2430.0000
2025-04-26,316,428.0000,444.0000,582.1358,754.2969,1012.5067,1290.0000,1456.0000,1638.0000,1742.0000,2553.0000,2312.0000
2025-04-26,316,435.0000,448.0000,584.5314,754.0000,1012.0000,1280.9012,1449.6139,1632.8847,1729.9472,2565.0000,2330.0000
2025-04-29,316,606.0000,714.0000,882.2898,1010.0000,1379.0000,1929.6667,2164.1194,2330.6000,2440.0000,3137.7500,2998.4592
2025-04-29,316,600.0000,714.0000,882.4444,1008.6667,1373.4407,1925.2816,2165.0000,2330.6622,2452.0899,3146.0000,2989.5000
2025-05-01,316,585.0000,625.0000,876.6421,916.0000,1428.7883,2193.6667,2436.0000,2642.6566,2718.0000,3164.6666,2767.0000
2025-05-01,316,580.0000,626.0000,874.0000,916.0753,1426.0521,2195.3693,2420.0233,2634.0162,2733.0000,3170.5780,2761.0000
2025-05-03,316,-9999.0000,-9999.0000,-9999.0000,-9999.0000,-9999.0000,-9999.0000,-9999.0000,-9999.0000,-9999.0000,-9999.0000,-9999.0000
2025-05-03,316,-9999.0000,-9999.0000,-9999.0000,-9999.0000,-9999.0000,-9999.0000,-9999.0000,-9999.0000,-9999.0000,-9999.0000,-9999.0000
2025-05-09,316,502.0000,420.7774,516.0000,329.5000,695.0000,1712.0822,2068.0000,2128.0000,2152.3952,1256.0000,763.0890
2025-05-09,316,471.0000,393.0000,538.0000,364.0000,847.0000,1687.0000,2076.0000,2420.0000,2185.0000,1535.0000,1136.0000
2025-05-11,316,442.0000,412.2000,748.0000,428.9242,1262.0000,3433.2229,4037.2767,4117.9954,4200.6667,2234.7500,1318.0000
2025-05-11,316,443.0000,412.0000,748.0000,429.3794,1262.0000,3431.4528,4037.9210,4119.6999,4200.4926,2243.5000,1316.9519
