2017-01-24,5,596.0000,741.4000,902.0000,1064.5530,1167.0000,1237.0000,1278.0000,1400.0000,1410.0000,1647.0000,1273.6582
2017-04-11,5,1448.0000,1312.0000,1675.3966,1569.0000,2243.0000,3246.0000,3464.4858,3524.9814,3619.0000,3164.0000,2585.4997
2017-04-21,5,738.0000,883.5805,1474.0000,1557.0000,2357.0000,3425.0000,3658.0050,3933.5000,3805.3131,3143.9915,2480.0000
2017-04-21,5,1173.0000,1205.0000,1654.2819,1562.9861,2431.0000,3475.0000,3716.5744,3987.3469,3861.0000,3093.9858,2566.0000
2017-04-24,5,-9999.0000,-9999.0000,-9999.0000,-9999.0000,-9999.0000,-9999.0000,-9999.0000,-9999.0000,-9999.0000,-9999.0000,-9999.0000
2017-05-01,5,1584.0000,1563.0000,1768.0000,1658.8521,2142.0000,2998.0000,3202.0000,3283.0000,3277.0000,2309.0000,1755.0000
2017-05-04,5,738.0000,967.0000,1227.2426,1028.2484,1796.0000,2948.0000,3185.0000,3363.0000,3208.0000,1946.0000,1145.0000
2017-05-04,5,710.0000,920.0000,1269.0000,967.0000,1846.0000,3341.0000,3762.0000,3670.0000,3936.0000,2029.0000,1139.0000
2017-05-14,5,311.0000,505.0000,972.4737,883.0000,1710.0000,2937.0000,3298.0000,3233.5781,3400.0000,2229.0000,1583.0000
2017-05-14,5,564.0000,668.0085,1050.0000,902.9457,1661.0000,3081.0000,3309.0000,3286.0000,3489.4275,2196.0000,1457.0000
2017-05-21,5,-9999.0000,-9999.0000,-9999.0000,-9999.0000,-9999.0000,-9999.0000,-9999.0000,-9999.0000,-9999.0000,-9999.0000,-9999.0000
2017-05-21,5,-9999.0000,-9999.0000,-9999.0000,-9999.0000,-9999.0000,-9999.0000,-9999.0000,-9999.0000,-9999.0000,-9999.0000,-9999.0000
2017-05-24,5,1399.0000,1628.9260,1994.5727,2279.4375,2716.4305,2890.2675,3004.2457,3018.3270,3153.0000,3481.5807,3095.0000
2017-05-24,5,1127.0000,1554.6408,1882.9807,2115.5704,2515.3030,2780.5254,2913.6561,2947.2192,3066.6367,3362.9783,3030.4092
2017-05-31,5,1783.0000,1981.0000,2193.0000,2351.0000,2605.0000,3047.0000,3278.0000,3293.0000,3436.0000,3058.0000,2558.0000
2017-06-03,5,1306.0000,1890.9584,2305.9103,2727.1720,3000.0383,3103.0000,3225.0000,3282.0000,3472.0000,3800.0000,3262.0000
2017-06-03,5,1468.0000,1795.4513,2235.5137,2682.9604,2986.6820,3085.0000,3248.0000,3285.3600,3470.0000,3786.0353,3257.7383
2017-06-10,5,1802.0000,2425.6583,2825.9970,3123.7898,3467.5816,3727.0000,3852.6811,3867.6346,4010.0000,4182.0000,3606.5045
2017-06-13,5,1409.0000,1989.0488,2455.7537,2777.4980,3133.0000,3466.0000,3591.0000,3601.4969,3772.0000,4110.4968,3462.0745
2017-06-13,5,1389.0000,1928.2362,2391.2312,2680.8056,2983.4839,3458.2417,3577.0000,3547.4247,3752.0071,4037.9737,3408.0000
2017-06-20,5,783.0000,1371.5029,1960.4982,2181.5889,2594.0000,3696.5239,3896.0000,3936.0000,4124.0000,3940.0000,3093.6507
2017-06-20,5,1223.0000,1708.5000,2154.0271,2264.4823,2633.3626,3768.0189,3957.0000,3942.7686,4127.0000,3893.0000,3057.0000
2017-06-23,5,2150.0000,1757.2859,2195.6667,2217.5560,2700.0000,3670.0000,3930.4650,3989.5531,4074.0000,3356.0000,2453.1671
2017-06-23,5,1987.0000,1852.0000,2251.6667,2243.3953,2670.0000,3762.0304,4034.0000,4060.3385,4169.0000,3356.0880,2410.5238
2017-07-03,5,920.0000,1282.5000,1630.9691,1772.4676,2251.2858,3045.0000,3285.2685,3290.0859,3535.0000,3381.5119,2599.0000
2017-07-03,5,831.0000,1219.8387,1568.3127,1729.0964,2227.6643,3045.2889,3296.0000,3240.5367,3529.0000,3355.0618,2616.0387
2017-07-08,5,682.0000,866.0000,1121.7215,1172.0000,1671.0000,2854.0000,3261.0000,3264.0000,3484.5838,3043.0000,2399.0000
2017-07-10,5,98.0000,389.0407,828.9094,788.0000,1416.0000,3204.0000,3586.0000,3486.1169,3864.0459,2936.0000,1939.0000
2017-07-10,5,431.0000,562.0000,930.2450,847.0000,1445.0000,3163.0000,3586.0000,3430.0595,3769.0000,2970.4898,1923.0000
2017-07-13,5,173.0000,382.0000,776.0000,746.1765,1328.0000,3172.0000,3655.0000,3508.2949,3900.0000,2834.8908,1860.6454
2017-07-13,5,326.0000,541.0000,875.8148,814.0000,1330.5975,3147.1935,3611.0000,3451.9275,3849.0800,2856.0000,1885.1161
2017-07-20,5,762.0000,773.5118,1037.8214,884.0400,1450.0000,3317.1112,3761.0000,3654.9391,3964.0000,2754.0000,1731.0000
2017-07-20,5,670.0000,683.0148,998.0000,791.0000,1395.0000,3635.5000,4105.5981,3974.9801,4297.0006,2891.5296,1779.3268
2017-07-23,5,238.0000,561.0000,814.8651,707.4170,1272.0000,3074.0124,3708.0000,3600.0000,3959.6280,2470.0177,1480.6948
2017-07-23,5,549.0000,673.9357,857.7482,680.0000,1212.0000,3192.0000,3849.4793,3718.3381,4086.0000,2508.0000,1475.0000
2017-07-30,5,-9999.0000,-9999.0000,-9999.0000,-9999.0000,-9999.0000,-9999.0000,-9999.0000,-9999.0000,-9999.0000,-9999.0000,-9999.0000
2017-08-02,5,203.0000,282.1219,484.1812,291.1951,816.0000,3181.9335,4149.0000,4097.0192,4378.5849,2179.0000,1176.0000
2017-08-02,5,165.0000,289.3748,489.1233,307.8802,802.0000,3163.0000,4105.0000,4043.0035,4366.0000,2161.3658,1162.0000
2017-08-09,5,67.0000,194.0000,474.7818,339.5782,897.0000,3210.7702,4062.4667,4107.8936,4371.0000,2204.5260,1189.0000
2017-08-09,5,208.0000,265.1897,523.0000,378.8689,929.0000,3181.0000,4020.0000,4007.5844,4324.0000,2193.3582,1165.5000
2017-08-12,5,-9999.0000,-9999.0000,-9999.0000,-9999.0000,-9999.0000,-9999.0000,-9999.0000,-9999.0000,-9999.0000,-9999.0000,-9999.0000
2017-08-12,5,-9999.0000,-9999.0000,-9999.0000,-9999.0000,-9999.0000,-9999.0000,-9999.0000,-9999.0000,-9999.0000,-9999.0000,-9999.0000
2017-08-19,5,-9999.0000,-9999.0000,-9999.0000,-9999.0000,-9999.0000,-9999.0000,-9999.0000,-9999.0000,-9999.0000,-9999.0000,-9999.0000
2017-08-22,5,193.0000,205.9131,397.3237,195.0696,761.1474,3158.0000,4062.0000,4244.0000,4371.0000,1959.0000,1011.0000
2017-08-22,5,209.0000,201.6072,381.4245,177.6764,770.0000,3155.0000,4051.0000,4266.3761,4321.0000,1948.3480,986.0436
2017-08-29,5,76.0000,194.0000,541.4673,317.1377,1043.0000,3163.0000,3797.0000,3973.1570,4117.0000,2047.0000,1056.0000
2017-08-29,5,287.0000,329.3118,597.4282,320.6400,1030.7071,3173.9343,3784.5196,3938.3467,4108.4241,2014.2180,1045.5206
2017-09-08,5,197.0000,333.8736,773.1531,610.9041,1476.0000,3077.0000,3451.0000,3622.4221,3808.0000,2221.3708,1241.2972
2017-09-08,5,280.0000,316.9947,773.1315,629.1470,1457.0000,3049.7312,3366.0000,3530.2334,3740.0000,2194.0030,1237.0682
2017-09-18,5,366.0000,361.9715,721.4580,730.7037,1474.2773,2597.0736,2878.0000,2936.7295,3141.8654,2314.4900,1505.0000
2017-09-18,5,218.0000,364.4206,761.5710,797.0000,1460.5773,2532.0000,2743.0000,2857.0000,3059.5364,2245.0000,1456.0000
2017-09-21,5,384.0000,401.5493,650.0494,649.6950,1261.0006,2103.0000,2310.1130,2324.9060,2531.4065,1913.0000,1289.0000
2017-09-21,5,430.0000,438.4523,677.0000,649.6460,1257.0000,2073.6443,2268.0000,2330.6785,2475.0000,1909.4995,1299.0000
2017-09-28,5,440.0000,517.9028,806.5628,870.0586,1388.7189,1946.0000,2130.0000,2196.5414,2353.0000,2097.5637,1498.0000
2017-09-28,5,725.0000,737.0000,920.4840,925.2553,1377.0000,1930.0000,2044.0000,2175.0000,2306.0000,2041.4871,1474.0000
2017-10-01,5,-9999.0000,-9999.0000,-9999.0000,-9999.0000,-9999.0000,-9999.0000,-9999.0000,-9999.0000,-9999.0000,-9999.0000,-9999.0000
2017-10-08,5,-9999.0000,-9999.0000,-9999.0000,-9999.0000,-9999.0000,-9999.0000,-9999.0000,-9999.0000,-9999.0000,-9999.0000,-9999.0000
2017-10-08,5,-9999.0000,-9999.0000,-9999.0000,-9999.0000,-9999.0000,-9999.0000,-9999.0000,-9999.0000,-9999.0000,-9999.0000,-9999.0000
2017-10-11,5,-9999.0000,-9999.0000,-9999.0000,-9999.0000,-9999.0000,-9999.0000,-9999.0000,-9999.0000,-9999.0000,-9999.0000,-9999.0000
2017-10-18,5,-9999.0000,-9999.0000,-9999.0000,-9999.0000,-9999.0000,-9999.0000,-9999.0000,-9999.0000,-9999.0000,-9999.0000,-9999.0000
2017-10-31,5,1354.0000,1517.3442,1689.7807,1906.3336,2165.3300,2309.0000,2406.0000,2573.7416,2608.4455,3325.2304,2898.0000
2017-10-31,5,1430.0000,1550.3333,1705.2081,1892.6036,2162.6943,2294.5452,2401.0000,2566.0000,2593.0000,3333.0000,2900.9905
2017-11-10,5,-9999.0000,-9999.0000,-9999.0000,-9999.0000,-9999.0000,-9999.0000,-9999.0000,-9999.0000,-9999.0000,-9999.0000,-9999.0000
2017-11-10,5,-9999.0000,-9999.0000,-9999.0000,-9999.0000,-9999.0000,-9999.0000,-9999.0000,-9999.0000,-9999.0000,-9999.0000,-9999.0000
2017-11-17,5,-9999.0000,-9999.0000,-9999.0000,-9999.0000,-9999.0000,-9999.0000,-9999.0000,-9999.0000,-9999.0000,-9999.0000,-9999.0000
2017-11-17,5,-9999.0000,-9999.0000,-9999.0000,-9999.0000,-9999.0000,-9999.0000,-9999.0000,-9999.0000,-9999.0000,-9999.0000,-9999.0000
2017-11-20,5,527.0000,820.0000,1058.0000,1230.3272,1449.0000,1545.5805,1591.0000,1733.4845,1716.0000,1997.0000,1585.1288
2017-11-20,5,895.0000,998.0000,1121.4654,1228.5508,1454.0000,1558.0000,1606.9753,1730.5000,1726.0000,2002.6837,1590.1041
2017-11-27,5,302.0000,673.8716,995.0158,1167.0000,1526.0000,1808.0000,1869.0000,2027.0699,2011.0000,2074.2075,1446.1639
2017-11-27,5,520.0000,775.0000,1033.0000,1162.8654,1513.0000,1713.0000,1826.3658,1979.0000,1930.0915,2007.0000,1402.0000
2017-12-07,5,631.0000,850.0000,1125.2892,1241.1539,1650.9784,1909.0000,1962.0000,2093.3651,2090.7732,1814.1225,1256.8681
2017-12-17,5,123.0000,565.9780,858.0000,1023.0000,1449.0000,1763.0000,1882.0000,2083.9864,2026.0000,1838.0000,1189.0000
2017-12-17,5,401.0000,669.0429,917.6544,1029.0000,1420.9551,1681.4327,1792.5224,2013.7880,1942.2921,1757.4838,1152.0000
2017-12-20,5,339.0000,573.0000,789.3333,915.0000,1230.4869,1502.0000,1577.0000,1773.0000,1737.5269,1624.4932,1102.4880
2017-12-20,5,390.0000,607.0000,804.0000,909.7597,1232.0017,1536.0000,1604.6611,1776.4950,1739.0000,1625.8393,1103.0000
2017-12-22,5,-9999.0000,-9999.0000,-9999.0000,-9999.0000,-9999.0000,-9999.0000,-9999.0000,-9999.0000,-9999.0000,-9999.0000,-9999.0000
2017-12-25,5,900.0000,1132.0000,1237.0000,1192.0000,1295.0000,1460.0000,1528.0000,1584.0000,1633.0000,943.0000,590.0000
2017-12-25,5,647.0000,956.0000,1146.0000,1170.0000,1387.0000,1577.0000,1620.0000,1690.0000,1659.0000,1004.0000,651.0000
2018-01-06,5,-9999.0000,-9999.0000,-9999.0000,-9999.0000,-9999.0000,-9999.0000,-9999.0000,-9999.0000,-9999.0000,-9999.0000,-9999.0000
2018-01-11,5,321.0000,872.1068,1113.9678,1128.8580,1418.2644,1899.0000,2096.1781,2245.7381,2238.1666,1900.5349,1341.0000
2018-01-11,5,511.0000,997.9297,1193.3512,1169.3442,1489.4594,1892.0000,2060.0000,2203.3754,2184.0000,1872.1441,1350.0000
2018-01-14,5,-9999.0000,-9999.0000,-9999.0000,-9999.0000,-9999.0000,-9999.0000,-9999.0000,-9999.0000,-9999.0000,-9999.0000,-9999.0000
2018-01-14,5,303.0000,616.0000,867.6654,893.0000,1234.0785,1762.6561,1922.0000,2107.7116,2060.8716,1921.7086,1538.9075
2018-01-19,5,-9999.0000,-9999.0000,-9999.0000,-9999.0000,-9999.0000,-9999.0000,-9999.0000,-9999.0000,-9999.0000,-9999.0000,-9999.0000
2018-01-19,5,-9999.0000,-9999.0000,-9999.0000,-9999.0000,-9999.0000,-9999.0000,-9999.0000,-9999.0000,-9999.0000,-9999.0000,-9999.0000
2018-01-21,5,141.0000,504.8685,837.4498,873.7778,1496.0000,2205.5045,2384.7060,2572.0000,2518.0000,2090.1788,1404.0000
2018-01-21,5,374.0000,652.4014,914.2687,913.7065,1454.0000,2109.0000,2243.4676,2452.3241,2402.0000,2023.0000,1366.0000
2018-02-08,5,-9999.0000,-9999.0000,-9999.0000,-9999.0000,-9999.0000,-9999.0000,-9999.0000,-9999.0000,-9999.0000,-9999.0000,-9999.0000
2018-02-10,5,177.0000,453.5110,754.1336,748.0000,1421.4833,2279.0000,2526.0000,2707.2334,2601.0000,1839.0000,1116.4688
2018-02-10,5,219.0000,509.4830,825.4000,764.0000,1433.0000,2244.0000,2505.0000,2468.5086,2594.0055,1789.3548,1094.0000
2018-02-13,5,1157.0000,1362.0000,1516.0000,1504.5558,1859.0000,2323.0000,2425.0000,2614.5692,2540.0000,1415.0000,1087.0000
2018-02-13,5,1192.0000,1362.0000,1527.0000,1508.0000,1884.0000,2394.0000,2530.9968,2701.0000,2596.0032,1414.0000,1068.0000
2018-02-25,5,955.0000,1170.2287,1436.3333,1385.0000,2002.4988,2900.4689,3115.5000,3173.2260,3222.1492,2405.0000,1746.0000
2018-02-25,5,1031.0000,1196.0000,1461.8000,1397.2398,2034.0000,2926.0000,3116.0000,3212.4024,3228.4803,2408.0000,1719.0000
2018-02-28,5,1157.0000,1328.9919,1554.0000,1530.5972,2052.0000,2824.0000,3045.0000,3114.4478,3223.0000,2890.2071,2155.0000
2018-02-28,5,1272.0000,1393.3002,1581.9881,1545.3333,2061.0000,2805.0000,3020.8111,3114.0163,3227.0000,2934.0000,2153.0000
2018-03-12,5,-9999.0000,-9999.0000,-9999.0000,-9999.0000,-9999.0000,-9999.0000,-9999.0000,-9999.0000,-9999.0000,-9999.0000,-9999.0000
2018-03-20,5,-9999.0000,-9999.0000,-9999.0000,-9999.0000,-9999.0000,-9999.0000,-9999.0000,-9999.0000,-9999.0000,-9999.0000,-9999.0000
2018-03-20,5,-9999.0000,-9999.0000,-9999.0000,-9999.0000,-9999.0000,-9999.0000,-9999.0000,-9999.0000,-9999.0000,-9999.0000,-9999.0000
2018-03-22,5,187.0000,393.7500,689.6667,562.2500,1232.0000,2655.0000,3091.4451,3235.2596,3201.0342,1872.0000,1133.0000
2018-03-22,5,240.0000,460.8610,757.9974,635.8571,1234.2553,2562.8768,2963.4890,3114.6416,3098.0083,1864.0000,1129.0244
2018-03-25,5,514.0000,677.5426,873.5000,725.0000,1295.0000,2473.1733,2858.1670,2890.9951,3010.4674,1771.3385,1122.3678
2018-03-25,5,571.0000,705.5958,885.7758,737.0000,1286.0000,2476.5876,2853.6104,2900.0320,3021.0498,1755.0194,1124.5554
2018-03-27,5,1531.0000,1437.6887,1553.2517,1417.0000,1945.8533,3044.1854,3357.2229,3524.2766,3491.6711,2292.0000,1465.0000
2018-03-27,5,1424.0000,1192.6169,1317.8135,1174.5000,1759.0000,2999.0000,3349.0000,3513.0000,3516.0000,2150.0000,1368.0000
2018-03-30,5,-9999.0000,-9999.0000,-9999.0000,-9999.0000,-9999.0000,-9999.0000,-9999.0000,-9999.0000,-9999.0000,-9999.0000,-9999.0000
2018-03-30,5,-9999.0000,-9999.0000,-9999.0000,-9999.0000,-9999.0000,-9999.0000,-9999.0000,-9999.0000,-9999.0000,-9999.0000,-9999.0000
2018-04-01,5,584.0000,361.2797,701.4615,547.8783,1285.0000,3008.4764,3580.0000,3894.5218,3725.2755,1870.0000,1185.0000
2018-04-01,5,556.0000,454.3399,753.8920,585.5000,1284.0000,2953.6949,3498.2467,3804.6285,3617.8744,1876.0000,1146.0000
2018-04-06,5,76.0000,130.0000,404.4051,210.2849,829.0000,2770.2388,3392.0000,3557.9140,3556.7968,1443.0000,752.0000
2018-04-06,5,206.0000,261.2008,498.4000,292.5000,879.0000,2653.2724,3250.8053,3418.0274,3407.0000,1447.0000,749.4291
2018-04-11,5,1586.0000,1556.3243,1670.9360,1476.6985,1926.0000,3117.0277,3683.0000,3754.0000,3738.0000,1976.0000,1420.0000
2018-04-14,5,103.0000,218.5070,397.6707,237.1106,700.5316,2304.0000,3021.3943,3158.9173,3193.2854,1102.4722,585.8029
2018-04-14,5,181.0000,276.6245,441.9601,261.9963,723.0000,2294.1009,3003.0000,3128.1181,3148.5207,1100.0063,569.2202
2018-04-16,5,-9999.0000,-9999.0000,-9999.0000,-9999.0000,-9999.0000,-9999.0000,-9999.0000,-9999.0000,-9999.0000,-9999.0000,-9999.0000
2018-04-16,5,-9999.0000,-9999.0000,-9999.0000,-9999.0000,-9999.0000,-9999.0000,-9999.0000,-9999.0000,-9999.0000,-9999.0000,-9999.0000
2018-04-19,5,139.0000,184.4103,377.9901,217.2500,651.0000,2309.0000,3074.4324,3235.5500,3290.5538,1142.5000,589.0000
2018-04-19,5,234.0000,256.3495,425.4390,254.2124,685.0168,2294.0000,3056.0000,3185.7694,3277.6196,1157.0000,597.9421
2018-04-21,5,242.0000,213.7001,405.5065,233.9895,712.7689,2502.0000,3398.8588,3613.0000,3591.0000,1352.9993,724.0000
2018-04-21,5,150.0000,293.6549,496.7500,341.4492,785.0000,2418.0000,3229.4778,3484.2692,3450.4225,1339.0000,725.6875
2018-04-24,5,871.0000,1049.0000,1132.8658,873.2063,1273.4891,2561.5640,3253.0065,3323.8335,3440.0000,1441.0000,817.3116
2018-04-24,5,1084.0000,1106.4218,1184.5899,926.6667,1330.4026,2569.5387,3244.9954,3305.8322,3441.0000,1437.8422,815.0000
2018-04-26,5,351.0000,377.0865,609.8507,393.7664,942.0000,2772.0000,3541.3590,3625.9195,3747.4833,1413.0000,784.0000
2018-04-26,5,283.0000,370.5972,633.1866,437.0244,958.4338,2717.9876,3466.0000,3546.6231,3679.0000,1403.0000,789.0171
2018-04-29,5,297.0000,361.1510,565.9139,413.6406,897.6155,2394.8989,3131.1158,3211.8112,3420.1395,1297.3536,721.9237
2018-04-29,5,430.0000,454.5897,629.3409,470.4101,913.3879,2368.0000,3118.2676,3162.2231,3364.5171,1281.0042,722.0000
2018-05-04,5,863.0000,986.0000,1132.1784,962.7239,1406.0000,2685.1061,3367.0000,3470.3140,3607.0000,1392.0000,925.0000
2018-05-04,5,875.0000,984.5920,1136.6726,966.5364,1419.0000,2722.8199,3411.0000,3499.8945,3648.0000,1393.0000,916.0898
2018-05-06,5,537.0000,558.6699,754.3646,572.1530,1034.5066,2437.5914,2984.0000,3035.3633,3252.0000,1366.0000,756.5269
2018-05-06,5,340.0000,434.3878,662.0000,501.0000,990.0000,2483.8271,3072.0000,3099.2646,3332.0000,1357.0000,738.5545
2018-05-09,5,457.0000,470.4153,614.5400,529.0505,914.5581,2132.8212,2741.8187,2860.9596,2993.0000,1293.6838,797.0000
2018-05-09,5,364.0000,476.5076,644.6523,566.4301,946.5720,2130.9026,2724.5000,2845.0000,3003.5000,1301.3793,808.0645
2018-05-11,5,651.0000,740.3771,925.1532,757.5925,1366.6412,3171.1250,4252.0000,4424.3658,4675.5057,2061.0469,1202.4641
2018-05-11,5,721.0000,769.2253,945.5155,765.7298,1361.0000,3134.0000,4205.0000,4409.0618,4639.0000,2037.3310,1186.1450
2018-05-16,5,-9999.0000,-9999.0000,-9999.0000,-9999.0000,-9999.0000,-9999.0000,-9999.0000,-9999.0000,-9999.0000,-9999.0000,-9999.0000
2018-05-16,5,-9999.0000,-9999.0000,-9999.0000,-9999.0000,-9999.0000,-9999.0000,-9999.0000,-9999.0000,-9999.0000,-9999.0000,-9999.0000
2018-05-19,5,68.0000,164.5268,405.7466,381.7806,826.1408,1997.5161,2557.0000,2790.2531,2913.0000,1345.0000,789.5508
2018-05-19,5,248.0000,320.4304,497.6481,441.1468,861.4552,2005.0000,2557.9933,2761.1576,2872.0000,1345.4989,806.5373
2018-05-21,5,377.0000,441.9945,650.0391,582.1783,1092.9744,2210.1081,2821.0424,3091.7386,3168.0000,1574.4551,1015.0000
2018-05-21,5,349.0000,449.2270,649.3861,582.4612,1078.4667,2221.9871,2723.0000,3032.0000,3106.0000,1581.5357,1013.7102
2018-05-24,5,-9999.0000,-9999.0000,-9999.0000,-9999.0000,-9999.0000,-9999.0000,-9999.0000,-9999.0000,-9999.0000,-9999.0000,-9999.0000
2018-05-24,5,-9999.0000,-9999.0000,-9999.0000,-9999.0000,-9999.0000,-9999.0000,-9999.0000,-9999.0000,-9999.0000,-9999.0000,-9999.0000
2018-05-26,5,344.0000,413.5822,697.5199,637.5869,1184.4662,2339.5512,2854.2526,3043.7778,3275.9677,1736.8629,1076.4044
2018-05-26,5,310.0000,430.2684,729.4470,673.5869,1211.0000,2304.0000,2840.6474,2994.0049,3224.5715,1709.0000,1065.3230
2018-05-31,5,763.0000,930.1457,1142.0000,1104.7546,1610.0000,2318.4991,2708.0748,2819.9084,2963.0000,1997.4016,1438.4674
2018-05-31,5,776.0000,920.5509,1130.0000,1093.1335,1582.3356,2314.0000,2696.0000,2809.6842,2957.2454,1987.0000,1410.1039
2018-06-03,5,428.0000,584.0000,797.8563,857.3556,1310.2577,1923.3054,2256.0000,2420.3073,2592.6327,1817.3492,1282.0000
2018-06-03,5,455.0000,604.3400,810.0371,865.3863,1316.5712,1933.0000,2262.3367,2428.0000,2604.7341,1829.4889,1290.5432
2018-06-05,5,525.0000,617.7936,885.5697,1041.1512,1521.4476,2138.1076,2388.2972,2503.1746,2721.0000,2182.0000,1461.6101
2018-06-05,5,534.0000,657.5863,906.1722,1044.0000,1510.1647,2124.2770,2357.6789,2471.2204,2707.2201,2140.0000,1450.0000
2018-06-10,5,470.0000,668.8070,902.0000,1077.2053,1482.0000,1914.2140,2162.5562,2265.5670,2428.2466,2254.0000,1533.0000
2018-06-10,5,373.0000,630.5104,894.0000,1081.4789,1474.0000,1899.9007,2163.1951,2244.1821,2402.4982,2226.0000,1521.2617
2018-06-13,5,375.0000,675.0000,939.0000,1164.8775,1538.4216,1971.7762,2227.5555,2315.0168,2498.6296,2321.4887,1600.6549
2018-06-13,5,578.0000,788.1125,988.5634,1176.6131,1544.9438,1978.2482,2246.0000,2331.8415,2509.0607,2322.0000,1598.0079
2018-06-15,5,564.0000,793.3063,1150.0000,1513.6894,1972.3981,2471.0000,2710.7166,2884.0534,3092.9517,3046.2558,2034.5403
2018-06-15,5,570.0000,801.4959,1148.1284,1506.7764,1945.8362,2456.9859,2696.6197,2870.6407,3065.4131,3022.0763,2011.6518
2018-06-18,5,484.0000,899.0000,1168.0000,1362.0000,1762.0000,2361.0000,2651.0000,2839.0000,2990.0000,2496.0000,1587.0000
2018-06-18,5,596.0000,912.0000,1180.0000,1348.0000,1753.0000,2334.0000,2645.0000,2798.0000,2917.0000,2473.0000,1586.0000
2018-06-20,5,537.0000,804.7846,1117.8657,1457.0657,1872.0000,2288.6359,2579.4309,2728.9436,2930.0000,2937.7515,1961.8418
2018-06-20,5,419.0000,777.1232,1105.0345,1420.4442,1841.6452,2269.9988,2540.7855,2698.7261,2861.0000,2879.0000,1946.7374
2018-06-23,5,282.0000,692.9153,1108.6751,1499.7941,2034.0000,2627.0000,2946.9685,3234.0402,3347.4793,3162.4584,2041.3172
2018-06-23,5,490.0000,797.0225,1152.0000,1489.9554,2011.0000,2590.0000,2914.3050,3228.0000,3341.0000,3138.8833,2036.2110
2018-06-30,5,534.0000,842.4657,1196.9958,1409.6415,2029.0000,2709.3746,3041.5508,3178.2057,3381.1045,3483.4686,2300.0000
2018-06-30,5,587.0000,877.0000,1201.3758,1377.7393,1971.0000,2664.9302,2984.8988,3121.1312,3323.0789,3425.0000,2260.0042
2018-07-03,5,-9999.0000,-9999.0000,-9999.0000,-9999.0000,-9999.0000,-9999.0000,-9999.0000,-9999.0000,-9999.0000,-9999.0000,-9999.0000
2018-07-03,5,-9999.0000,-9999.0000,-9999.0000,-9999.0000,-9999.0000,-9999.0000,-9999.0000,-9999.0000,-9999.0000,-9999.0000,-9999.0000
2018-07-05,5,846.0000,1188.9508,1643.5134,2232.0000,2779.0000,3202.4685,3493.7038,3637.4822,3998.4878,4553.3099,3107.2431
2018-07-05,5,745.0000,1101.9081,1604.3871,2210.1046,2746.6686,3180.4738,3470.5303,3617.4962,3969.0000,4521.5059,3087.0000
2018-07-08,5,737.0000,1021.4648,1330.5727,1617.1913,2037.6442,2475.0000,2704.0000,2850.4806,3006.3388,2749.8970,1850.8902
2018-07-10,5,-9999.0000,-9999.0000,-9999.0000,-9999.0000,-9999.0000,-9999.0000,-9999.0000,-9999.0000,-9999.0000,-9999.0000,-9999.0000
2018-07-13,5,350.0000,739.0000,1188.6635,1380.6667,1970.3977,2830.4884,3181.0000,3249.2867,3473.1264,3539.7813,2389.0000
2018-07-13,5,586.0000,840.9417,1201.3368,1346.5353,1938.7084,2779.0000,3117.0000,3189.3429,3402.3905,3484.0000,2394.4179
2018-07-15,5,744.0000,852.2670,1268.3677,1288.7028,1989.0000,3176.1792,3487.0000,3516.4135,3809.9857,3574.0000,2324.0000
2018-07-15,5,710.0000,866.0000,1273.3325,1275.7882,1970.1731,3163.0000,3473.7966,3490.7214,3796.0198,3561.0000,2300.0000
2018-07-18,5,520.0000,654.6376,1009.2847,915.4545,1557.1585,2946.3474,3318.0000,3396.2951,3586.0000,2985.4602,1859.9420
2018-07-18,5,579.0000,682.6667,1022.5080,929.7129,1554.0000,2929.0000,3301.9647,3384.7054,3542.6049,2998.4321,1865.0046
2018-07-20,5,629.0000,810.6217,1133.2237,1028.4858,1714.4694,3006.0000,3438.1168,3520.5642,3734.0000,3329.6198,2073.0324
2018-07-20,5,450.0000,735.0000,1104.0000,1036.6812,1697.8440,2984.5685,3455.0000,3482.0000,3721.9229,3300.8065,2068.0515
2018-07-23,5,-9999.0000,-9999.0000,-9999.0000,-9999.0000,-9999.0000,-9999.0000,-9999.0000,-9999.0000,-9999.0000,-9999.0000,-9999.0000
2018-07-23,5,-9999.0000,-9999.0000,-9999.0000,-9999.0000,-9999.0000,-9999.0000,-9999.0000,-9999.0000,-9999.0000,-9999.0000,-9999.0000
2018-07-25,5,552.0000,668.9933,1013.0697,882.0219,1561.1224,3116.0000,3484.4822,3564.5322,3781.0000,3046.4113,1830.9036
2018-07-25,5,455.0000,622.4597,990.5117,882.1147,1528.6784,3044.0000,3419.0000,3492.7265,3720.9592,2987.5506,1810.9952
2018-07-28,5,514.0000,612.3113,910.5168,757.7235,1381.6984,2943.0000,3396.7786,3402.4452,3643.0000,2684.0097,1589.0000
2018-07-28,5,500.0000,621.0000,918.6734,777.1633,1373.1618,2906.0000,3352.4342,3332.0000,3610.2758,2652.5843,1564.4230
2018-07-30,5,419.0000,600.7378,930.1327,754.3846,1438.7295,3070.0000,3609.0000,3609.8189,3854.6547,2893.0000,1699.0000
2018-07-30,5,340.0000,580.7880,918.3961,768.4130,1413.0367,2978.0000,3530.0000,3506.2021,3769.3392,2862.1958,1664.0000
2018-08-02,5,140.0000,465.0000,816.2876,680.3821,1268.0538,2741.0000,3270.0000,3236.0000,3517.2549,2358.0000,1368.4889
2018-08-02,5,295.0000,552.5489,860.0000,711.0000,1262.0000,2692.0000,3193.0000,3206.0000,3428.0000,2336.0000,1370.0000
2018-08-04,5,473.0000,574.6987,916.3041,725.6178,1408.4507,3246.0000,3680.0000,3724.0284,3953.0000,2670.4340,1462.7156
2018-08-04,5,323.0000,502.3739,888.6910,724.3769,1388.9800,3203.0000,3628.0000,3684.2276,3917.0000,2645.9422,1454.0296
2018-08-07,5,312.0000,460.8219,804.9105,673.8707,1315.0000,2956.0000,3424.0000,3460.6038,3736.0000,2460.9870,1362.0000
2018-08-07,5,340.0000,476.5161,814.1214,685.4840,1312.6108,2946.0000,3425.0000,3458.0000,3729.0000,2461.9937,1352.0000
2018-08-09,5,534.0000,673.0000,930.0000,745.0000,1386.5783,2973.3163,3589.0000,3625.1486,3877.0000,2680.0000,1498.2740
2018-08-09,5,431.0000,638.0000,917.0000,762.6331,1374.2739,2897.5287,3501.5201,3529.3333,3764.5281,2631.0000,1472.0000
2018-08-12,5,194.0000,448.0000,775.0000,656.3014,1250.0000,2746.7986,3317.7421,3396.0460,3606.2137,2433.0000,1369.3448
2018-08-12,5,336.0000,525.0000,810.0000,674.5042,1254.5178,2720.0442,3282.0000,3361.0000,3547.0000,2413.4527,1361.0091
2018-08-14,5,650.0000,863.0000,1138.0000,1021.0000,1706.0000,3299.0000,3742.0000,3796.0000,4145.0000,2743.0000,1610.0000
2018-08-14,5,726.0000,850.0000,1094.0000,981.0000,1610.0000,3200.0000,3650.0000,3586.0000,3991.0000,2509.0000,1449.0000
2018-08-17,5,336.0000,440.5559,744.2568,543.0000,1209.7461,3002.0000,3517.0000,3573.1573,3797.0271,2153.9645,1118.1449
2018-08-17,5,384.0000,430.4914,750.0000,552.7446,1217.3688,2962.0000,3464.5443,3548.9610,3745.0000,2149.4274,1118.5229
2018-08-19,5,104.0000,412.0000,780.6288,577.0000,1270.3474,3174.0000,3809.5722,3882.3230,4080.7120,2345.0000,1226.9231
2018-08-19,5,320.0000,536.0000,842.5689,628.4900,1263.0000,3045.3820,3668.0000,3731.6702,3905.0000,2289.7054,1214.4310
2018-08-22,5,368.0000,583.0000,894.0000,726.0000,1274.3426,2850.5092,3424.0000,3498.6655,3641.3392,2076.0000,1198.0918
2018-08-22,5,449.0000,642.0000,920.0000,739.0000,1274.3282,2835.0000,3397.0000,3460.7133,3594.3578,2069.0000,1192.6460
2018-08-24,5,-9999.0000,-9999.0000,-9999.0000,-9999.0000,-9999.0000,-9999.0000,-9999.0000,-9999.0000,-9999.0000,-9999.0000,-9999.0000
2018-08-24,5,-9999.0000,-9999.0000,-9999.0000,-9999.0000,-9999.0000,-9999.0000,-9999.0000,-9999.0000,-9999.0000,-9999.0000,-9999.0000
2018-08-27,5,404.0000,422.1353,710.0000,456.0000,1108.0000,2894.0786,3378.8442,3539.8861,3668.0000,1933.0000,994.0000
2018-08-27,5,442.0000,448.0633,726.8276,466.6233,1113.2506,2889.4991,3345.5921,3531.1017,3635.6114,1927.0000,994.0000
2018-08-29,5,544.0000,661.0000,932.2083,694.0000,1289.9525,2859.0000,3403.7402,3588.0000,3666.7355,2228.4867,1219.0000
2018-08-29,5,392.0000,595.0000,912.7032,702.0000,1289.0000,2813.0000,3338.1958,3528.0000,3611.0000,2205.0000,1204.0000
2018-09-01,5,-9999.0000,-9999.0000,-9999.0000,-9999.0000,-9999.0000,-9999.0000,-9999.0000,-9999.0000,-9999.0000,-9999.0000,-9999.0000
2018-09-01,5,-9999.0000,-9999.0000,-9999.0000,-9999.0000,-9999.0000,-9999.0000,-9999.0000,-9999.0000,-9999.0000,-9999.0000,-9999.0000
2018-09-03,5,-9999.0000,-9999.0000,-9999.0000,-9999.0000,-9999.0000,-9999.0000,-9999.0000,-9999.0000,-9999.0000,-9999.0000,-9999.0000
2018-09-03,5,-9999.0000,-9999.0000,-9999.0000,-9999.0000,-9999.0000,-9999.0000,-9999.0000,-9999.0000,-9999.0000,-9999.0000,-9999.0000
2018-09-06,5,543.0000,581.0000,966.0000,861.0000,1520.0000,3087.0000,3497.0000,3706.0000,3701.0000,2440.0000,1634.0000
2018-09-06,5,1052.0000,863.0000,1068.0000,914.0000,1519.0000,2921.0000,3355.0000,3562.0000,3592.0000,2403.0000,1624.0000
2018-09-08,5,76.0000,328.2973,662.0000,477.6640,1142.3014,2752.0000,3352.3646,3484.5000,3608.6410,2229.0000,1251.0000
2018-09-08,5,183.0000,385.0000,689.0000,498.1464,1142.0000,2755.0049,3310.9255,3397.5488,3546.0000,2195.9959,1196.5176
2018-09-16,5,354.0000,653.0087,953.4869,1322.8667,1644.3180,1855.0000,2090.4826,2201.8186,2443.0000,3547.0000,2516.0000
2018-09-16,5,764.0000,845.7874,1028.9790,1323.1866,1635.4557,1863.0000,2083.9133,2219.8794,2437.5258,3511.0000,2506.0000
2018-09-18,5,287.0000,698.0438,984.6693,1380.4211,1691.9876,1866.0000,2126.2261,2228.5463,2452.0000,3664.0000,2794.9713
2018-09-18,5,443.0000,766.7668,1013.0000,1352.9510,1674.8584,1860.3926,2103.0000,2188.0000,2406.0000,3602.9755,2708.0000
2018-09-21,5,685.0000,838.0000,1032.0000,1323.7872,1573.0000,1750.3347,1906.0000,1965.0763,2085.2788,2971.0064,2564.9030
2018-09-21,5,614.0000,804.0000,1029.9400,1317.3800,1590.0000,1745.5593,1908.0000,1968.0000,2084.0000,2971.5522,2580.1958
2018-09-23,5,-9999.0000,-9999.0000,-9999.0000,-9999.0000,-9999.0000,-9999.0000,-9999.0000,-9999.0000,-9999.0000,-9999.0000,-9999.0000
2018-09-23,5,-9999.0000,-9999.0000,-9999.0000,-9999.0000,-9999.0000,-9999.0000,-9999.0000,-9999.0000,-9999.0000,-9999.0000,-9999.0000
2018-09-26,5,812.0000,821.5315,1073.7383,1373.9425,1711.0000,2084.4271,2277.0000,2531.0000,2566.5362,3199.0000,2439.8667
2018-09-26,5,898.0000,859.1790,1092.5758,1389.8811,1721.6714,2080.6000,2272.0000,2514.9304,2551.0000,3178.0000,2442.0000
2018-09-28,5,671.0000,805.5353,1120.0711,1426.0000,1889.0000,2257.0000,2505.0000,2692.0000,2798.9673,3582.0000,2822.0000
2018-09-28,5,857.0000,924.8908,1152.0000,1410.0000,1858.0199,2242.0000,2484.0000,2665.4440,2744.0000,3556.4321,2763.0000
2018-10-03,5,540.0000,680.4042,1028.4400,1282.7798,1711.0000,2078.0000,2289.9829,2428.0000,2585.3810,2978.6612,2244.2987
2018-10-03,5,810.0000,817.5263,1081.3186,1282.5578,1689.3732,2073.9038,2237.3462,2386.3442,2539.1572,2938.8175,2194.0000
2018-10-08,5,873.0000,1132.6667,1428.5000,1602.7801,2004.0000,2481.0000,2793.0000,2842.0000,3014.0000,3309.0000,2636.4990
2018-10-08,5,1007.0000,1218.0000,1470.0000,1602.0000,1958.0000,2429.0000,2729.0829,2785.2003,2941.0000,3243.0000,2580.4991
2018-10-11,5,621.0000,732.0000,958.0000,1061.0000,1497.0000,2057.0000,2253.0000,2329.6667,2450.8146,2833.0000,2238.0000
2018-10-11,5,-9999.0000,-9999.0000,-9999.0000,-9999.0000,-9999.0000,-9999.0000,-9999.0000,-9999.0000,-9999.0000,-9999.0000,-9999.0000
2018-10-13,5,810.0000,772.5000,1001.6809,1113.2279,1528.0000,2270.4991,2462.0000,2608.0000,2686.0196,3057.0000,2239.0000
2018-10-13,5,779.0000,698.1872,955.7692,1066.0000,1540.0000,2296.0000,2488.4821,2619.1631,2714.6397,3068.0000,2285.0000
2018-10-18,5,646.0000,817.9854,992.0000,1042.5652,1494.0000,2195.0000,2411.0000,2450.4921,2588.0000,2770.0000,2051.0000
2018-10-18,5,745.0000,863.0000,1020.5252,1056.0000,1518.0000,2148.6352,2361.0194,2401.3523,2534.4834,2674.0000,2009.0000
2018-10-21,5,798.0000,826.1638,962.5254,937.2564,1307.3117,1880.0000,2088.0000,2193.3333,2238.0000,2362.5980,1778.0411
2018-10-21,5,855.0000,854.0000,979.0000,939.6032,1293.9465,1898.4841,2101.0402,2198.0000,2277.0000,2392.6842,1814.8652
2018-10-23,5,980.0000,787.8327,1106.0446,1112.4514,1627.4968,2643.0000,2867.0000,3058.7447,3049.0000,3045.0000,2161.6071
2018-10-23,5,1120.0000,917.4185,1169.9488,1158.0000,1642.9155,2539.0000,2741.0000,2929.0634,2951.0000,2953.0000,2169.7841
2018-10-31,5,443.0000,548.5862,780.7575,752.7407,1238.0479,2059.0000,2289.0435,2403.0483,2472.5872,2221.0661,1543.0000
2018-10-31,5,501.0000,593.4868,805.3253,766.6563,1237.0000,2052.9395,2290.4836,2396.0000,2462.0402,2204.8658,1528.0000
2018-11-05,5,-9999.0000,-9999.0000,-9999.0000,-9999.0000,-9999.0000,-9999.0000,-9999.0000,-9999.0000,-9999.0000,-9999.0000,-9999.0000
2018-11-05,5,-9999.0000,-9999.0000,-9999.0000,-9999.0000,-9999.0000,-9999.0000,-9999.0000,-9999.0000,-9999.0000,-9999.0000,-9999.0000
2018-11-12,5,1346.0000,1154.0000,1240.0000,1172.0000,1838.0000,2508.0000,2619.0000,2402.0000,2945.0000,2557.0000,1796.0000
2018-11-12,5,-9999.0000,-9999.0000,-9999.0000,-9999.0000,-9999.0000,-9999.0000,-9999.0000,-9999.0000,-9999.0000,-9999.0000,-9999.0000
2018-11-15,5,531.0000,588.2993,881.8523,757.8018,1326.0000,2269.4181,2497.0000,2649.4569,2684.6208,2286.0000,1526.0000
2018-11-15,5,569.0000,624.5000,897.8379,766.5176,1314.9455,2272.0000,2485.0000,2647.7603,2708.4982,2269.0000,1525.4961
2018-11-17,5,260.0000,433.2902,724.0000,649.8448,1283.0000,2427.0000,2693.2881,2966.9103,2891.0000,2557.0124,1746.5715
2018-11-17,5,566.0000,674.2951,885.0882,774.5494,1300.7180,2308.0000,2547.6410,2788.9499,2762.7815,2464.0000,1697.5467
2018-12-05,5,-9999.0000,-9999.0000,-9999.0000,-9999.0000,-9999.0000,-9999.0000,-9999.0000,-9999.0000,-9999.0000,-9999.0000,-9999.0000
2018-12-07,5,694.0000,834.0000,1036.0000,941.0000,1465.0000,2207.0000,2416.0000,2423.7490,2574.0000,1893.4877,1211.0000
2018-12-12,5,204.0000,372.5000,761.9000,790.4791,1433.3838,2232.4236,2422.7962,2773.7462,2677.0000,2442.0342,1612.9741
2018-12-12,5,373.0000,498.0000,817.2000,821.0000,1431.0000,2123.7956,2337.0000,2679.8715,2619.8568,2365.0000,1555.4955
2018-12-15,5,425.0000,574.4067,846.3333,889.4035,1457.7064,2056.8108,2220.0000,2535.8197,2524.0000,2486.0000,1715.0000
2018-12-15,5,376.0000,519.0000,801.9622,860.5065,1450.0000,2082.1264,2246.5000,2568.5287,2513.2652,2496.0000,1698.0000
2018-12-27,5,656.0000,802.3797,880.0000,862.0000,1292.0000,1815.0000,1958.2012,2148.8680,2084.4739,1925.0000,1259.0000
2018-12-30,5,295.0000,520.3467,708.0000,778.0000,1286.0000,1732.4825,1942.0100,2184.2475,2216.7410,1742.6943,1135.0000
2018-12-30,5,345.0000,540.3208,724.5749,785.5070,1304.9631,1766.9554,1927.2275,2180.7688,2213.2262,1747.0000,1127.0000
2019-01-01,5,1446.0000,1418.0000,1904.0000,2036.0000,2643.0000,3602.0000,3754.0000,4144.0000,4155.0000,3849.0000,3210.0000
2019-01-04,5,-9999.0000,-9999.0000,-9999.0000,-9999.0000,-9999.0000,-9999.0000,-9999.0000,-9999.0000,-9999.0000,-9999.0000,-9999.0000
2019-01-04,5,-9999.0000,-9999.0000,-9999.0000,-9999.0000,-9999.0000,-9999.0000,-9999.0000,-9999.0000,-9999.0000,-9999.0000,-9999.0000
2019-01-06,5,385.0000,654.3452,918.5049,973.0000,1525.5434,2013.9532,2256.3276,2437.9693,2459.1087,2601.0000,1853.0000
2019-01-06,5,503.0000,728.0000,948.5000,980.6033,1506.0123,1994.8151,2145.7558,2392.0000,2409.6672,2541.0000,1811.0000
2019-01-11,5,365.0000,498.3333,811.0000,924.9980,1565.9014,2340.0000,2544.0000,2643.9670,2751.0000,2530.0927,1754.9920
2019-01-11,5,533.0000,624.2696,878.7520,951.0000,1558.6033,2281.0000,2499.0006,2564.6946,2647.0000,2508.0000,1769.0000
2019-01-14,5,480.0000,625.0000,880.0000,958.5732,1491.0000,2019.1604,2163.9910,2314.6036,2381.0000,2490.4991,1766.0000
2019-01-14,5,430.0000,572.0000,848.8276,950.0000,1497.5867,2049.5003,2255.0000,2364.7840,2452.0018,2510.0000,1794.0000
2019-01-16,5,476.0000,766.3651,1008.9120,1158.0000,1673.9769,2106.1776,2259.0000,2551.2461,2556.0000,2940.9398,2269.0000
2019-01-16,5,396.0000,692.4880,956.3829,1117.3227,1662.8745,2074.3850,2278.5000,2568.0961,2534.9190,2927.0000,2239.0000
2019-01-21,5,1260.0000,1254.0000,1434.0000,1516.0000,1860.0000,2109.0000,2161.0000,2322.0000,2323.0000,2011.0000,1607.0000
2019-01-24,5,699.0000,796.4945,1030.0000,1130.0000,1698.0472,2356.5224,2543.0000,2639.0000,2768.0000,2312.0000,1560.0000
2019-01-24,5,752.0000,828.2323,1046.0000,1132.0000,1701.0000,2357.0000,2552.0000,2666.1019,2750.0000,2341.4460,1582.0000
2019-01-29,5,-9999.0000,-9999.0000,-9999.0000,-9999.0000,-9999.0000,-9999.0000,-9999.0000,-9999.0000,-9999.0000,-9999.0000,-9999.0000
2019-01-29,5,-9999.0000,-9999.0000,-9999.0000,-9999.0000,-9999.0000,-9999.0000,-9999.0000,-9999.0000,-9999.0000,-9999.0000,-9999.0000
2019-01-31,5,523.0000,604.9790,872.4156,1025.5111,1649.7990,2255.0000,2353.9553,2520.7872,2662.0000,2806.0000,2015.0000
2019-01-31,5,504.0000,572.1929,852.6751,1007.0000,1641.0000,2241.0000,2474.6660,2523.2595,2641.0569,2800.0000,2039.0000
2019-02-03,5,-9999.0000,-9999.0000,-9999.0000,-9999.0000,-9999.0000,-9999.0000,-9999.0000,-9999.0000,-9999.0000,-9999.0000,-9999.0000
2019-02-05,5,199.0000,466.5000,773.9537,925.5000,1557.0000,2052.3017,2256.0000,2514.0000,2500.9582,2677.0000,1916.0000
2019-02-05,5,326.0000,550.4097,821.7982,940.6607,1539.0000,2027.7899,2218.5818,2472.5577,2452.0092,2641.4994,1884.0000
2019-02-08,5,285.0000,532.6935,754.3991,909.3395,1453.1871,1916.5343,2055.2599,2310.5252,2332.0000,2656.0000,2044.0000
2019-02-08,5,436.0000,628.7072,816.1584,940.5930,1437.3264,1862.0000,2052.5677,2262.3501,2288.0000,2597.0000,2023.0000
2019-02-13,5,134.0000,313.1566,654.0388,798.0000,1443.0000,2232.0000,2346.0000,2347.9351,2486.9010,2466.3896,1710.0000
2019-02-13,5,323.0000,456.0000,733.9089,841.0000,1450.0849,2157.0000,2392.0000,2359.5200,2570.0000,2431.0000,1703.0000
2019-02-15,5,333.0000,578.6507,837.3785,1009.0999,1618.0000,2163.0000,2408.2162,2631.5935,2613.4199,2954.0000,2175.0000
2019-02-15,5,456.0000,659.0000,878.7255,1038.0000,1606.1180,2088.3897,2329.7661,2603.3890,2567.3341,2866.0000,2121.0000
2019-02-18,5,-9999.0000,-9999.0000,-9999.0000,-9999.0000,-9999.0000,-9999.0000,-9999.0000,-9999.0000,-9999.0000,-9999.0000,-9999.0000
2019-02-18,5,-9999.0000,-9999.0000,-9999.0000,-9999.0000,-9999.0000,-9999.0000,-9999.0000,-9999.0000,-9999.0000,-9999.0000,-9999.0000
2019-02-23,5,326.0000,470.3333,684.2801,746.3405,1156.0000,1800.0000,1929.0000,2052.6189,2074.0000,1741.9917,1278.0000
2019-02-23,5,340.0000,462.2726,678.0000,738.2536,1135.0000,1880.0000,2023.0000,2114.0000,2159.0000,1727.0000,1233.0000
2019-02-25,5,468.0000,666.5684,913.1269,1020.0000,1595.0000,2175.0000,2402.4589,2613.9834,2635.3330,3074.0000,2284.0000
2019-02-25,5,518.0000,697.0000,926.0000,1021.1721,1582.0000,2153.0773,2372.9720,2566.2500,2633.8839,2981.0000,2275.0000
2019-02-28,5,344.0000,534.2595,804.7719,896.3360,1460.5064,2143.0000,2414.0000,2534.4086,2583.0000,2687.0000,1983.0000
2019-02-28,5,323.0000,504.5802,789.0731,881.2540,1473.0128,2219.0000,2502.5702,2550.3675,2700.0000,2624.0000,1947.9609
2019-03-02,5,840.0000,866.5030,1096.0000,1136.0000,1722.4825,2501.0000,2730.5188,2778.0000,2872.0000,2712.0000,1915.0000
2019-03-02,5,972.0000,954.2958,1134.0000,1152.0000,1708.0000,2497.0000,2705.0000,2709.0502,2884.0000,2630.0000,1850.0000
2019-03-05,5,-9999.0000,-9999.0000,-9999.0000,-9999.0000,-9999.0000,-9999.0000,-9999.0000,-9999.0000,-9999.0000,-9999.0000,-9999.0000
2019-03-05,5,-9999.0000,-9999.0000,-9999.0000,-9999.0000,-9999.0000,-9999.0000,-9999.0000,-9999.0000,-9999.0000,-9999.0000,-9999.0000
2019-03-12,5,570.0000,815.0000,1177.0291,1296.0000,1691.0000,2560.0000,2760.8396,2743.9683,2904.1633,2559.0000,2073.0870
2019-03-12,5,562.0000,855.0000,1170.0000,1348.0000,1690.5270,2682.0000,2971.0000,2820.0000,3044.0000,2513.0000,2002.0000
2019-03-15,5,804.0000,985.6915,1241.5632,1477.0485,1690.3511,1816.3751,1896.5073,2008.1681,2025.0000,2611.0000,2371.7266
2019-03-15,5,819.0000,989.7021,1245.2634,1489.1916,1690.5086,1816.5190,1900.0145,2016.7752,2028.5082,2621.4863,2364.3103
2019-03-20,5,809.0000,1056.9833,1296.0000,1578.6282,1766.0000,1865.1896,1984.2456,2177.5907,2110.1193,2697.3550,2546.9642
2019-03-20,5,835.0000,1085.3003,1316.8134,1587.1997,1769.4773,1882.0370,2001.2792,2177.6296,2104.0000,2706.0000,2548.6849
2019-03-22,5,1118.0000,1378.3333,1730.9792,2051.1323,2268.5917,2405.4368,2496.0000,2720.0000,2649.0897,3299.4186,2996.5637
2019-03-22,5,1149.0000,1384.8268,1706.6004,2028.0000,2234.2587,2357.0000,2461.1569,2677.4329,2617.9610,3260.4903,2964.2119
2019-03-25,5,1184.0000,1345.0936,1553.3895,1762.8589,2001.0662,2169.9127,2269.9927,2369.7185,2388.5015,2938.0000,2661.1210
2019-03-25,5,1191.0000,1361.3092,1584.0000,1809.1987,2044.0000,2194.5484,2293.0000,2400.8751,2424.7370,2960.3827,2668.3009
2019-03-27,5,-9999.0000,-9999.0000,-9999.0000,-9999.0000,-9999.0000,-9999.0000,-9999.0000,-9999.0000,-9999.0000,-9999.0000,-9999.0000
2019-03-27,5,-9999.0000,-9999.0000,-9999.0000,-9999.0000,-9999.0000,-9999.0000,-9999.0000,-9999.0000,-9999.0000,-9999.0000,-9999.0000
2019-03-30,5,1283.0000,1528.9107,1802.0141,2099.4645,2338.1515,2546.3283,2680.0000,2865.8837,2826.2915,3172.8341,2986.0000
2019-03-30,5,1323.0000,1545.3624,1803.8705,2091.6146,2339.4206,2529.7031,2661.0000,2856.8025,2819.0000,3156.8275,2986.6575
2019-04-01,5,1475.0000,1699.5089,2084.3890,2445.0222,2778.0000,3029.0000,3108.0202,3306.6655,3293.5626,3913.8197,3563.8514
2019-04-01,5,1466.0000,1693.2593,2042.6494,2386.0441,2733.5428,2970.0449,3067.0000,3249.4127,3248.0000,3840.3845,3540.1412
2019-04-06,5,-9999.0000,-9999.0000,-9999.0000,-9999.0000,-9999.0000,-9999.0000,-9999.0000,-9999.0000,-9999.0000,-9999.0000,-9999.0000
2019-04-06,5,-9999.0000,-9999.0000,-9999.0000,-9999.0000,-9999.0000,-9999.0000,-9999.0000,-9999.0000,-9999.0000,-9999.0000,-9999.0000
2019-04-16,5,1176.0000,1459.0601,1811.1090,2053.4268,2483.2495,3033.4467,3224.0000,3416.5379,3353.0000,3557.5038,3171.0000
2019-04-16,5,1211.0000,1461.8670,1760.0000,1980.1955,2445.0000,2981.0480,3147.1722,3341.6398,3271.0000,3539.0000,3120.6494
2019-04-19,5,1134.0000,1440.7291,1793.0000,2004.0000,2428.9438,3028.0000,3179.1045,3370.0382,3292.0000,3438.0000,3083.7061
2019-04-19,5,1167.0000,1464.5217,1785.2680,1986.0000,2430.0000,2980.0272,3142.0000,3328.9890,3264.0000,3413.0000,3128.5891
2019-04-21,5,2293.0000,2361.0925,2568.4646,2587.3034,3059.0000,3726.0000,3880.0000,4086.0000,3960.2968,3285.0000,2766.0000
2019-04-21,5,2177.0000,2253.9510,2454.0000,2457.0022,2915.0000,3546.0000,3704.0000,3920.0000,3810.0000,3219.0000,2721.9460
2019-04-24,5,-9999.0000,-9999.0000,-9999.0000,-9999.0000,-9999.0000,-9999.0000,-9999.0000,-9999.0000,-9999.0000,-9999.0000,-9999.0000
2019-05-01,5,637.0000,688.2979,1040.0000,915.6145,1597.0616,2712.0000,2923.3544,3000.0000,3015.0000,2094.5908,1370.0342
2019-05-01,5,668.0000,705.0901,1036.6310,898.3175,1582.0000,2656.8983,2882.0000,2942.0000,2996.9988,2044.1386,1355.0000
2019-05-06,5,-9999.0000,-9999.0000,-9999.0000,-9999.0000,-9999.0000,-9999.0000,-9999.0000,-9999.0000,-9999.0000,-9999.0000,-9999.0000
2019-05-06,5,-9999.0000,-9999.0000,-9999.0000,-9999.0000,-9999.0000,-9999.0000,-9999.0000,-9999.0000,-9999.0000,-9999.0000,-9999.0000
2019-05-09,5,-9999.0000,-9999.0000,-9999.0000,-9999.0000,-9999.0000,-9999.0000,-9999.0000,-9999.0000,-9999.0000,-9999.0000,-9999.0000
2019-05-16,5,-9999.0000,-9999.0000,-9999.0000,-9999.0000,-9999.0000,-9999.0000,-9999.0000,-9999.0000,-9999.0000,-9999.0000,-9999.0000
2019-05-16,5,-9999.0000,-9999.0000,-9999.0000,-9999.0000,-9999.0000,-9999.0000,-9999.0000,-9999.0000,-9999.0000,-9999.0000,-9999.0000
2019-05-24,5,1041.0000,1226.0048,1605.4727,1828.2965,2270.4095,2512.4300,2619.9545,2634.2050,2771.0000,2973.0997,2360.0000
2019-05-24,5,1069.0000,1218.3084,1562.2295,1763.8632,2180.8750,2472.5122,2609.0000,2595.0259,2754.9566,2916.7876,2328.8348
2019-05-26,5,1425.0000,1644.6667,1996.0000,2179.7417,2669.0490,3001.6643,3172.6512,3228.7419,3300.0000,3360.7034,2843.0000
2019-05-31,5,873.0000,1042.7864,1466.7149,1572.0118,2123.0000,2555.2629,2678.4008,2771.4460,2808.2792,2690.0000,1852.3163
2019-05-31,5,919.0000,1064.1300,1428.5277,1499.2571,2060.1184,2523.5051,2642.7125,2727.7209,2772.3316,2640.2868,1845.0000
2019-06-03,5,1076.0000,1235.8350,1691.9538,1766.8815,2394.4084,2948.5304,3090.1688,3077.0000,3233.0000,3260.0073,2565.4336
2019-06-03,5,1099.0000,1245.0000,1658.2784,1728.8528,2322.7439,2833.5526,3054.0000,3032.0000,3205.7412,3203.0000,2536.0000
2019-06-05,5,-9999.0000,-9999.0000,-9999.0000,-9999.0000,-9999.0000,-9999.0000,-9999.0000,-9999.0000,-9999.0000,-9999.0000,-9999.0000
2019-06-05,5,-9999.0000,-9999.0000,-9999.0000,-9999.0000,-9999.0000,-9999.0000,-9999.0000,-9999.0000,-9999.0000,-9999.0000,-9999.0000
2019-06-13,5,1021.0000,1195.1254,1706.2573,1562.6049,2408.0000,3691.4864,3977.0671,4001.5599,4126.0000,3275.0000,2422.6434
2019-06-13,5,1066.0000,1211.3863,1715.0000,1581.1864,2392.0000,3677.5000,3941.0000,4005.5906,4110.2096,3246.0578,2388.9677
2019-06-15,5,1619.0000,1886.0000,2236.6684,2032.0000,2726.0874,3892.3511,4237.0000,4224.0000,4326.6119,3130.1978,2420.3528
2019-06-15,5,-9999.0000,-9999.0000,-9999.0000,-9999.0000,-9999.0000,-9999.0000,-9999.0000,-9999.0000,-9999.0000,-9999.0000,-9999.0000
2019-06-18,5,1245.0000,1657.8830,2035.8405,2409.7863,2661.5325,2714.0211,2878.4849,2886.2753,3017.4411,3930.8077,3893.8719
2019-06-18,5,1264.0000,1611.6373,1961.9325,2312.0000,2566.6604,2658.0000,2821.6266,2832.9897,2973.4988,3861.3322,3861.5996
2019-06-20,5,1505.0000,1803.7081,2196.8327,2588.6104,2884.4597,3028.2634,3148.3711,3146.4180,3341.4456,4275.5183,4011.8569
2019-06-20,5,1524.0000,1788.2327,2169.8306,2545.8991,2859.5996,3017.5201,3141.1660,3122.5205,3322.4890,4252.6390,3994.6327
2019-06-23,5,1141.0000,1435.3471,1745.3457,2067.7054,2337.3304,2454.4954,2577.9851,2570.8334,2716.0035,3220.4377,2832.4177
2019-06-23,5,1213.0000,1482.7292,1810.0393,2128.9431,2387.7545,2481.3917,2617.7833,2610.2848,2755.9983,3234.4032,2827.0527
2019-06-25,5,1423.0000,1848.3114,2227.1267,2632.9722,2946.9205,3048.5973,3253.7374,3265.0707,3413.9906,4393.0459,4242.9002
2019-06-25,5,1459.0000,1808.5647,2156.0309,2532.0830,2867.0447,2986.3917,3204.5670,3197.3274,3357.0000,4348.0000,4219.6720
2019-06-28,5,1326.0000,1827.1866,2211.3633,2578.0000,2828.1110,2910.0000,3089.6564,3098.4739,3225.6392,3980.7023,3846.5754
2019-06-28,5,1363.0000,1753.5799,2116.6719,2457.8767,2723.3967,2837.0000,3019.0000,3021.0801,3142.0063,3910.2464,3818.1243
2019-06-30,5,1634.0000,2114.3261,2571.3969,2968.6331,3241.0099,3387.0000,3500.8251,3602.0000,3658.0000,4375.2252,4038.1641
2019-06-30,5,1705.0000,2091.7062,2539.5851,2937.8332,3207.2710,3360.0000,3476.9064,3586.0000,3635.0000,4361.0636,4025.0627
2019-07-03,5,1447.0000,1962.3531,2394.0000,2728.7009,3038.6176,3142.0000,3276.5000,3241.1147,3451.0000,4067.7040,3673.9487
2019-07-03,5,1452.0000,1787.6667,2177.3821,2481.7588,2805.2624,2984.0000,3141.7076,3108.0000,3305.0619,3955.0915,3610.4994
2019-07-05,5,1432.0000,2003.0598,2411.9352,2706.6883,3084.0762,3270.2085,3480.0000,3504.8428,3606.6690,4314.3102,4075.1754
2019-07-05,5,1517.0000,1963.0000,2364.5983,2665.4561,3020.1929,3243.0000,3449.0374,3465.1304,3564.0643,4308.8156,4054.9588
2019-07-08,5,1637.0000,1886.0000,2177.0029,2284.8449,2645.4543,3040.0000,3262.6468,3232.0000,3361.0949,3335.0000,2970.7996
2019-07-10,5,1488.0000,1872.9736,2320.0000,2551.2975,2915.0000,3419.0000,3558.4422,3632.0000,3693.0000,4123.3830,3590.5724
2019-07-10,5,1493.0000,1780.4089,2227.6101,2442.0000,2787.8691,3316.0039,3476.0000,3544.0000,3618.0000,4042.8898,3544.1970
2019-07-13,5,1195.0000,1392.0000,1708.7224,1803.0000,2194.0000,2778.7574,2972.0000,2949.8331,3093.0000,3457.8900,2971.2302
2019-07-13,5,1245.0000,1385.2057,1648.8784,1740.2557,2117.6029,2693.0000,2885.0000,2876.0000,3020.0000,3365.0000,2967.0000
2019-07-20,5,1047.0000,1161.5201,1585.3514,1569.0120,2074.9386,3303.0000,3596.0000,3582.0000,3766.5444,3390.0000,2594.4921
2019-07-20,5,1074.0000,1179.0989,1568.9759,1545.9296,2059.0000,3250.0000,3535.0000,3516.4304,3694.0000,3387.5084,2629.0000
2019-07-23,5,816.0000,917.1644,1297.6795,1250.3297,1725.3947,2960.4746,3328.6752,3270.0000,3471.0000,2905.4792,2178.3610
2019-07-23,5,854.0000,947.7310,1291.3272,1242.9921,1717.0656,2904.0000,3260.6704,3210.0000,3402.0000,2872.5679,2160.0000
2019-07-25,5,925.0000,1054.0000,1360.0000,1256.4427,1722.4769,3021.0163,3549.0000,3449.1048,3669.0000,3063.0000,2290.0000
2019-07-25,5,924.0000,1064.7692,1368.0000,1266.0000,1732.0000,3024.4035,3556.8602,3460.0194,3669.0000,3069.0000,2325.0368
2019-07-30,5,601.0000,674.5452,1067.1352,866.0000,1458.0000,3401.0000,3931.0000,3836.5550,4097.9994,2802.6531,1858.4925
2019-07-30,5,751.0000,770.7579,1102.0000,889.5000,1447.0000,3230.0000,3754.0000,3658.0000,3916.0000,2738.5294,1838.0000
2019-08-04,5,465.0000,603.4940,922.8072,682.3281,1242.6425,3332.6351,4117.5608,4122.1493,4227.0000,2565.0000,1571.6068
2019-08-04,5,617.0000,705.2968,969.1452,733.5498,1261.0000,3162.6152,3923.7020,3924.1503,4018.0064,2506.0000,1596.0000
2019-08-09,5,375.0000,409.0000,717.7021,465.4689,985.3345,3089.2843,3785.3145,3760.6667,3929.0173,2251.0000,1228.3103
2019-08-09,5,464.0000,482.6421,766.0355,506.0721,1000.3141,3021.0663,3686.5361,3652.3905,3832.7156,2221.0000,1217.5842
2019-08-12,5,-9999.0000,-9999.0000,-9999.0000,-9999.0000,-9999.0000,-9999.0000,-9999.0000,-9999.0000,-9999.0000,-9999.0000,-9999.0000
2019-08-14,5,341.0000,466.9403,730.2021,469.2242,970.5183,3040.0000,3995.4836,4048.0000,4151.0000,2170.0000,1195.0000
2019-08-14,5,416.0000,514.7658,752.6995,493.0747,981.0000,2990.0000,3954.0000,3994.2002,4075.0000,2153.0000,1201.9893
2019-08-17,5,236.0000,366.4380,656.7258,425.4149,952.0000,2989.0000,3972.9560,4001.9545,4100.0000,2046.0265,1133.0000
2019-08-17,5,330.0000,422.6488,690.6171,444.5931,950.9416,2938.0000,3908.1122,3940.5937,4052.0900,2020.0000,1120.0000
2019-08-19,5,433.0000,513.9163,860.9674,622.1742,1202.0000,3489.0000,4401.3803,4384.0000,4596.0000,2424.4730,1368.8284
2019-08-19,5,621.0000,650.4586,933.0000,693.2065,1232.0000,3340.9663,4184.0000,4184.0000,4376.4714,2370.0397,1350.0000
2019-08-24,5,1124.0000,1184.0000,1302.0000,1064.0000,1518.0000,3093.0000,4032.0000,3980.9341,4287.0000,2499.0000,1464.3404
2019-08-24,5,981.0000,1086.0000,1250.0000,1010.2320,1506.0000,3232.4543,4267.0000,4208.0000,4515.0000,2563.0000,1476.4703
2019-08-27,5,430.0000,538.6773,761.0000,556.1923,1026.3302,2713.6070,3632.0000,3617.1217,3842.0000,2074.0000,1187.0000
2019-08-27,5,482.0000,568.3929,776.7143,562.5411,1014.1255,2704.0000,3608.0000,3602.0000,3836.0000,2066.4815,1190.0000
2019-08-29,5,664.0000,668.4595,904.8532,668.7395,1164.2833,2961.0000,3678.0000,3680.0000,4006.0646,2258.0000,1240.0000
2019-08-29,5,478.0000,507.0000,818.4758,577.6281,1128.3142,3100.0000,3895.0000,3876.0000,4224.3945,2314.0000,1240.0000
2019-09-01,5,460.0000,544.3333,804.6502,616.9499,1107.0000,2803.0000,3587.0000,3572.0000,3874.0000,2137.0000,1181.0000
2019-09-01,5,491.0000,560.6719,816.2714,612.4087,1108.7364,2800.1398,3574.0000,3592.8102,3895.0000,2133.4982,1181.8167
2019-09-03,5,244.0000,392.6043,690.8666,460.5937,996.0000,2789.5238,3596.0000,3720.0000,3811.0000,2038.3521,1093.0000
2019-09-03,5,336.0000,454.5515,724.2539,490.4610,1016.0000,2752.2036,3545.4580,3640.6413,3753.0000,2012.0000,1090.5118
2019-09-11,5,352.0000,415.0000,670.4275,496.0000,995.0000,2611.0000,3212.0000,3353.2649,3454.0000,1844.2087,968.7317
2019-09-11,5,389.0000,434.5344,680.2754,498.7216,1001.0000,2612.6606,3217.0000,3364.6677,3471.0000,1846.3813,971.0000
2019-09-13,5,245.0000,370.3703,646.7331,466.4780,1002.0000,2664.0000,3385.8909,3498.0000,3592.3563,2016.0000,1092.0000
2019-09-13,5,292.0000,410.1357,668.5942,484.3070,1012.0000,2650.3370,3348.6157,3460.5202,3588.5364,2013.0000,1094.0000
2019-09-16,5,312.0000,432.6828,672.3472,500.8904,982.0000,2493.8738,3150.0400,3237.1888,3394.0933,1896.5648,1056.3254
2019-09-16,5,360.0000,462.0000,688.1641,508.6022,986.0000,2490.6080,3141.8484,3233.4345,3388.0000,1892.6982,1059.0000
2019-09-18,5,-9999.0000,-9999.0000,-9999.0000,-9999.0000,-9999.0000,-9999.0000,-9999.0000,-9999.0000,-9999.0000,-9999.0000,-9999.0000
2019-09-18,5,-9999.0000,-9999.0000,-9999.0000,-9999.0000,-9999.0000,-9999.0000,-9999.0000,-9999.0000,-9999.0000,-9999.0000,-9999.0000
2019-09-21,5,230.0000,314.6527,589.6696,466.1520,942.5456,2546.0356,3161.0000,3429.2246,3480.7191,1949.6549,1081.0000
2019-09-21,5,312.0000,374.0695,624.3204,489.3375,966.4842,2532.0000,3128.0000,3408.5862,3441.0000,1941.6504,1082.3358
2019-09-28,5,1438.0000,1304.0000,1418.0000,1130.0000,1588.0000,2987.0000,3466.0000,3476.0000,3758.0000,2258.0000,1213.0000
2019-09-28,5,1366.0000,1260.0000,1390.0000,1104.0000,1522.0000,2905.0000,3416.4994,3450.0000,3734.4920,2236.3580,1172.4197
2019-10-01,5,-9999.0000,-9999.0000,-9999.0000,-9999.0000,-9999.0000,-9999.0000,-9999.0000,-9999.0000,-9999.0000,-9999.0000,-9999.0000
2019-10-01,5,-9999.0000,-9999.0000,-9999.0000,-9999.0000,-9999.0000,-9999.0000,-9999.0000,-9999.0000,-9999.0000,-9999.0000,-9999.0000
2019-10-08,5,-9999.0000,-9999.0000,-9999.0000,-9999.0000,-9999.0000,-9999.0000,-9999.0000,-9999.0000,-9999.0000,-9999.0000,-9999.0000
2019-10-08,5,-9999.0000,-9999.0000,-9999.0000,-9999.0000,-9999.0000,-9999.0000,-9999.0000,-9999.0000,-9999.0000,-9999.0000,-9999.0000
2019-10-11,5,236.0000,330.2921,578.6832,465.1470,916.6510,2162.0000,2655.0000,2776.5868,2953.4879,1922.6617,1077.0000
2019-10-11,5,317.0000,386.3724,608.8200,485.4019,932.8129,2167.0000,2631.0000,2765.0944,2921.0000,1910.7040,1076.7491
2019-10-16,5,227.0000,376.0000,588.2399,466.3125,914.3987,2073.1727,2560.0000,2706.6283,2844.9348,1850.0729,1100.6756
2019-10-16,5,283.0000,408.0000,608.5714,476.4700,918.5033,2064.0000,2539.0000,2697.2629,2845.3663,1850.3170,1098.5562
2019-10-21,5,-9999.0000,-9999.0000,-9999.0000,-9999.0000,-9999.0000,-9999.0000,-9999.0000,-9999.0000,-9999.0000,-9999.0000,-9999.0000
2019-10-21,5,-9999.0000,-9999.0000,-9999.0000,-9999.0000,-9999.0000,-9999.0000,-9999.0000,-9999.0000,-9999.0000,-9999.0000,-9999.0000
2019-10-23,5,310.0000,446.1438,634.6181,546.3431,968.0000,1992.5539,2421.4377,2576.0000,2681.9497,2057.9883,1265.3639
2019-10-23,5,337.0000,462.0368,640.5852,550.1764,970.4882,1987.0000,2410.0000,2580.0000,2693.0000,2053.0000,1264.5787
2019-10-26,5,365.0000,550.2802,752.1644,756.7188,1192.0000,1912.0000,2213.5709,2443.6268,2561.0000,2440.0000,1665.0000
2019-10-26,5,350.0000,532.7463,736.0000,737.8051,1179.0000,1925.7765,2256.0000,2475.8776,2567.0000,2458.0000,1660.0000
2019-10-28,5,-9999.0000,-9999.0000,-9999.0000,-9999.0000,-9999.0000,-9999.0000,-9999.0000,-9999.0000,-9999.0000,-9999.0000,-9999.0000
2019-10-31,5,-9999.0000,-9999.0000,-9999.0000,-9999.0000,-9999.0000,-9999.0000,-9999.0000,-9999.0000,-9999.0000,-9999.0000,-9999.0000
2019-11-07,5,55.0000,209.0000,510.3778,585.4222,1058.0830,1688.9742,1918.6713,2090.3172,2189.6440,2140.7948,1417.6040
2019-11-07,5,368.0000,454.2837,672.1972,688.8148,1104.2825,1674.1781,1873.0000,2034.8601,2125.0000,2076.3233,1397.0881
2019-11-10,5,311.0000,434.5146,644.6053,677.5202,1054.4862,1577.0000,1762.0000,1924.0392,1988.6124,2049.5053,1369.0057
2019-11-10,5,330.0000,450.5978,654.9023,681.4829,1066.0000,1603.0000,1770.5043,1924.9444,2008.0000,2049.3657,1374.3244
2019-11-30,5,-9999.0000,-9999.0000,-9999.0000,-9999.0000,-9999.0000,-9999.0000,-9999.0000,-9999.0000,-9999.0000,-9999.0000,-9999.0000
2019-11-30,5,-9999.0000,-9999.0000,-9999.0000,-9999.0000,-9999.0000,-9999.0000,-9999.0000,-9999.0000,-9999.0000,-9999.0000,-9999.0000
2019-12-05,5,896.0000,1136.0000,1208.0000,1154.0000,1364.0000,1533.0000,1636.0000,1798.0000,1748.0000,1693.0000,1377.0000
2019-12-05,5,779.0000,942.0000,1146.0000,1086.0000,1263.0000,1524.0000,1599.0000,1760.0000,1789.0000,1612.0000,1280.0000
2019-12-07,5,412.0000,539.0000,858.0000,1028.8626,1476.5411,1841.5198,1998.3166,2185.9515,2284.3796,2525.6998,1746.4968
2019-12-07,5,610.0000,697.0000,958.0000,1078.0000,1463.0000,1828.1129,1969.0322,2160.4427,2231.0000,2481.5590,1720.4994
2019-12-10,5,253.0000,437.0000,629.0000,750.2187,1048.7662,1307.0000,1438.0000,1601.4978,1665.0000,1865.0000,1257.0000
2019-12-10,5,285.0000,462.3674,646.8130,754.5568,1075.0000,1316.0000,1462.0000,1604.7021,1685.0000,1859.0000,1256.3928
2019-12-25,5,342.0000,558.3014,650.0000,746.6569,985.0000,1179.0000,1282.0000,1433.0000,1440.0000,1460.0000,1055.0000
2019-12-25,5,368.0000,574.0000,666.5254,754.8117,1002.0449,1202.4444,1324.0000,1459.2615,1466.0000,1470.0000,1061.0000
2019-12-27,5,522.0000,644.0000,849.0000,973.0000,1324.0000,1605.0000,1730.1032,1896.8667,2016.0000,2251.0000,1595.0000
2019-12-27,5,508.0000,616.0000,778.0000,933.1602,1246.0000,1528.0000,1670.0000,1787.6746,1902.0000,2191.0000,1512.0000
2019-12-30,5,318.0000,469.0000,612.2989,740.6974,988.7916,1178.0000,1268.0000,1402.2220,1410.0000,1738.2880,1258.3030
2019-12-30,5,365.0000,497.0000,628.3129,744.3407,988.0541,1169.2103,1262.0000,1409.5733,1432.5215,1733.0000,1249.0000
2020-01-01,5,1.0000,256.5530,424.8668,662.0000,933.0000,1129.3145,1272.0000,1458.8230,1470.9108,1878.0000,1331.0000
2020-01-01,5,286.0000,530.1493,623.0000,772.0000,1006.0000,1205.0000,1323.0000,1483.5315,1454.0000,1837.4706,1319.0000
2020-01-04,5,159.0000,440.0000,594.4044,792.3869,1064.0000,1270.4955,1416.0400,1572.4523,1584.0000,1850.0000,1378.8896
2020-01-04,5,292.0000,530.3476,673.0000,836.0000,1098.2039,1306.0681,1452.0000,1606.0000,1620.5387,1826.3779,1372.0000
2020-01-06,5,-9999.0000,-9999.0000,-9999.0000,-9999.0000,-9999.0000,-9999.0000,-9999.0000,-9999.0000,-9999.0000,-9999.0000,-9999.0000
2020-01-09,5,551.0000,710.4108,834.9947,932.5357,1160.3271,1342.0000,1433.0000,1533.1478,1533.0000,1830.0000,1377.0000
2020-01-09,5,539.0000,694.5752,810.4160,910.2841,1122.4682,1316.5000,1408.5360,1524.0000,1528.0000,1831.0000,1374.8237
2020-01-11,5,1.0000,250.4894,414.0000,665.2404,950.0000,1137.0000,1261.9786,1458.5990,1458.0000,1941.0619,1393.0000
2020-01-11,5,327.0000,544.6631,635.0000,786.5523,1034.8452,1205.1307,1329.0000,1485.0000,1481.0000,1886.3559,1370.0000
2020-01-14,5,398.0000,609.0000,688.5385,808.0000,1038.4533,1190.0000,1298.0000,1432.9655,1468.0000,1664.5204,1240.0000
2020-01-14,5,312.0000,538.0000,636.0969,774.4318,1012.7245,1195.0000,1325.0000,1428.7034,1477.0000,1674.6833,1244.5159
2020-01-16,5,-9999.0000,-9999.0000,-9999.0000,-9999.0000,-9999.0000,-9999.0000,-9999.0000,-9999.0000,-9999.0000,-9999.0000,-9999.0000
2020-01-16,5,-9999.0000,-9999.0000,-9999.0000,-9999.0000,-9999.0000,-9999.0000,-9999.0000,-9999.0000,-9999.0000,-9999.0000,-9999.0000
2020-01-19,5,-9999.0000,-9999.0000,-9999.0000,-9999.0000,-9999.0000,-9999.0000,-9999.0000,-9999.0000,-9999.0000,-9999.0000,-9999.0000
2020-01-21,5,379.0000,594.3797,688.6926,845.7847,1118.7892,1340.7871,1471.0000,1653.2731,1647.0000,2097.1484,1552.0000
2020-01-21,5,415.0000,622.1465,702.0000,849.5643,1109.0000,1325.4885,1471.0000,1653.2525,1635.0000,2097.0000,1549.3358
2020-01-24,5,455.0000,850.1330,1108.0000,1432.7500,1769.0000,1956.0000,2108.4700,2291.6646,2329.4619,2433.7424,1874.0000
2020-01-24,5,596.0000,930.5011,1149.8176,1448.9521,1767.0000,1978.9333,2125.9607,2298.0000,2332.0000,2413.0000,1885.0000
2020-01-29,5,-9999.0000,-9999.0000,-9999.0000,-9999.0000,-9999.0000,-9999.0000,-9999.0000,-9999.0000,-9999.0000,-9999.0000,-9999.0000
2020-01-29,5,-9999.0000,-9999.0000,-9999.0000,-9999.0000,-9999.0000,-9999.0000,-9999.0000,-9999.0000,-9999.0000,-9999.0000,-9999.0000
2020-01-31,5,1111.0000,1320.0000,1449.4460,1588.0000,1934.2993,2128.3378,2260.9615,2397.1395,2414.4704,2505.0000,1956.0000
2020-02-05,5,424.0000,673.9825,957.9022,1299.2607,1610.1024,1809.9867,1948.0000,2193.8317,2153.0000,2646.0000,2064.0000
2020-02-05,5,615.0000,809.6372,1024.6684,1315.6355,1591.0000,1797.1610,1934.6291,2138.5571,2125.0000,2589.0000,2028.0000
2020-02-08,5,753.0000,920.8481,1109.4806,1318.0000,1573.6156,1762.3449,1864.5020,2037.5533,2049.4032,2418.0000,1882.0000
2020-02-08,5,764.0000,930.1536,1113.3083,1320.9738,1568.9232,1775.0000,1887.0000,2041.7987,2053.9747,2413.0000,1894.8534
2020-02-13,5,1077.0000,1245.1795,1344.0000,1456.0000,1692.3634,1910.0000,2043.0000,2161.1652,2160.1040,2333.9048,1926.0000
2020-02-13,5,1083.0000,1250.0000,1360.5290,1482.0000,1741.9246,1976.3212,2105.9558,2216.8755,2216.0000,2378.6332,1947.0010
2020-02-15,5,935.0000,1093.1443,1345.6785,1587.1546,1938.4701,2258.0000,2386.4408,2556.1615,2580.9197,2767.0000,2088.0000
2020-02-15,5,988.0000,1116.6657,1360.8151,1582.0000,1932.1078,2239.0000,2373.0962,2544.8365,2583.0000,2713.5091,2060.4732
2020-02-18,5,1576.0000,1566.0000,1652.0000,1689.9173,2016.3276,2325.5029,2431.0000,2513.8361,2596.0129,2696.0000,2037.0000
2020-02-18,5,1503.0000,1516.0000,1622.0000,1674.0000,2028.9486,2353.0000,2477.0000,2544.3683,2621.5279,2717.8692,2067.0000
2020-02-20,5,340.0000,698.2154,925.4078,1171.4144,1444.6625,1713.4980,1859.0000,2050.8376,1988.0000,2245.6922,1761.0000
2020-02-20,5,372.0000,721.5208,937.0000,1169.2420,1445.0000,1721.3592,1855.0000,2045.7846,2004.0000,2245.6602,1771.0000
2020-02-28,5,541.0000,788.5349,1068.3855,1290.9641,1609.2420,1986.3226,2147.2928,2403.1200,2345.5348,2665.0000,2048.0000
2020-02-28,5,557.0000,794.0000,1072.8140,1301.3149,1621.0740,1992.0000,2165.4162,2419.0136,2354.5315,2700.0000,2060.0000
2020-03-06,5,558.0000,680.3864,952.7217,1109.0000,1586.0000,2036.0000,2185.0000,2331.3848,2386.0000,1734.3857,1049.0000
2020-03-06,5,520.0000,649.7366,937.2757,1098.0000,1596.6326,2066.8334,2219.0000,2362.4540,2438.0135,1742.5244,1049.0000
2020-03-09,5,-9999.0000,-9999.0000,-9999.0000,-9999.0000,-9999.0000,-9999.0000,-9999.0000,-9999.0000,-9999.0000,-9999.0000,-9999.0000
2020-03-11,5,-9999.0000,-9999.0000,-9999.0000,-9999.0000,-9999.0000,-9999.0000,-9999.0000,-9999.0000,-9999.0000,-9999.0000,-9999.0000
2020-03-11,5,-9999.0000,-9999.0000,-9999.0000,-9999.0000,-9999.0000,-9999.0000,-9999.0000,-9999.0000,-9999.0000,-9999.0000,-9999.0000
2020-03-14,5,-9999.0000,-9999.0000,-9999.0000,-9999.0000,-9999.0000,-9999.0000,-9999.0000,-9999.0000,-9999.0000,-9999.0000,-9999.0000
2020-03-16,5,717.0000,929.8054,1216.4709,1490.1088,1754.7901,1994.0000,2112.0000,2388.0000,2277.0000,2671.0000,2229.8956
2020-03-16,5,839.0000,993.0272,1237.6684,1452.4640,1734.7725,2015.0000,2085.4991,2339.5519,2264.6930,2642.0000,2201.2857
2020-03-19,5,792.0000,897.9067,1072.0000,1288.0000,1430.0000,1486.0000,1542.0000,1601.5460,1612.2444,2118.0000,1918.0000
2020-03-19,5,852.0000,932.4215,1092.5704,1294.0000,1416.0000,1488.0000,1545.0000,1616.0000,1621.0000,2110.0000,1928.9524
2020-03-21,5,-9999.0000,-9999.0000,-9999.0000,-9999.0000,-9999.0000,-9999.0000,-9999.0000,-9999.0000,-9999.0000,-9999.0000,-9999.0000
2020-03-24,5,872.0000,1101.1795,1249.3196,1465.4910,1570.0000,1615.0000,1676.0000,1825.0090,1733.9634,2152.0000,2129.0000
2020-03-24,5,859.0000,1108.5872,1261.3428,1516.0000,1602.0000,1605.6490,1672.8900,1824.0000,1730.4983,2192.0000,2173.0000
2020-03-29,5,-9999.0000,-9999.0000,-9999.0000,-9999.0000,-9999.0000,-9999.0000,-9999.0000,-9999.0000,-9999.0000,-9999.0000,-9999.0000
2020-03-29,5,-9999.0000,-9999.0000,-9999.0000,-9999.0000,-9999.0000,-9999.0000,-9999.0000,-9999.0000,-9999.0000,-9999.0000,-9999.0000
2020-03-31,5,1198.0000,1504.9381,1737.5535,2051.4122,2149.5338,2154.5144,2225.5287,2448.3981,2314.9587,2954.4288,2861.2977
2020-03-31,5,1218.0000,1521.0971,1740.9533,2058.8399,2156.5159,2160.7310,2226.7865,2446.0000,2312.7619,2950.0089,2856.3240
2020-04-03,5,909.0000,1145.0814,1360.2416,1656.4685,1805.6055,1866.0000,1951.0000,2092.1886,2044.3081,2718.6310,2675.4946
2020-04-03,5,935.0000,1168.4776,1372.7895,1664.9987,1808.9687,1868.9492,1955.0000,2096.0000,2043.0000,2721.6329,2675.0111
2020-04-05,5,1253.0000,1472.5490,1781.1512,2148.3376,2306.6664,2360.4641,2433.3193,2636.0000,2570.0000,3333.9975,3226.0000
2020-04-05,5,1276.0000,1476.5524,1772.4647,2138.9043,2297.2382,2349.3167,2432.2812,2630.0000,2562.6931,3333.6669,3220.7874
2020-04-08,5,1106.0000,1364.8948,1674.8195,2018.8874,2120.4911,2168.5628,2256.2565,2481.2099,2391.0000,3054.3313,2918.3528
2020-04-08,5,1142.0000,1376.2327,1681.9829,2011.2593,2113.0000,2172.4459,2248.7628,2476.4101,2377.0000,3044.4973,2911.0000
2020-04-10,5,1283.0000,1642.6244,1963.0168,2322.4572,2489.9607,2506.0000,2610.3375,2784.0000,2704.3345,3515.2835,3466.0362
2020-04-10,5,1298.0000,1636.2895,1937.8280,2283.5254,2459.8017,2492.3358,2590.1516,2764.0000,2692.4513,3497.7301,3458.3473
2020-04-13,5,1303.0000,1674.6518,1987.0220,2388.0269,2553.0964,2574.0000,2686.0000,2841.2209,2801.4266,3530.0000,3531.2339
2020-04-13,5,1340.0000,1672.7099,1972.6706,2346.0796,2522.0015,2566.4970,2673.7118,2841.0248,2793.1662,3519.0000,3497.5285
2020-04-15,5,1346.0000,1602.8587,1970.3716,2370.9195,2547.2704,2616.0000,2692.3386,2912.0000,2840.4893,3618.7612,3475.0992
2020-04-15,5,1368.0000,1595.2327,1945.7252,2330.8367,2507.5981,2581.0000,2680.0000,2896.0000,2822.3737,3603.7561,3459.6803
2020-04-18,5,1320.0000,1571.1634,1891.2847,2210.8663,2406.6314,2500.0000,2615.0000,2710.7513,2727.0000,3265.6003,3106.4296
2020-04-18,5,1357.0000,1580.4570,1888.6619,2195.9992,2376.4530,2494.0000,2610.4904,2706.0000,2724.0000,3250.3125,3077.3663
2020-04-23,5,1286.0000,1635.7872,1953.4391,2330.4784,2502.3207,2579.0000,2681.9159,2873.7689,2778.1053,3540.5125,3543.1481
2020-04-23,5,1306.0000,1621.2453,1925.5686,2274.1340,2452.7231,2537.4767,2649.6520,2841.6370,2758.3296,3498.4963,3506.8966
2020-04-25,5,1608.0000,1842.3103,2211.7045,2555.2328,2779.6721,2899.0000,2982.1166,3098.0000,3106.0000,3850.9739,3683.1958
2020-04-25,5,1619.0000,1834.9094,2178.4181,2522.5333,2755.0741,2879.0000,2957.6312,3068.0000,3089.3335,3843.5470,3672.9666
2020-04-30,5,1358.0000,1602.0000,1966.0000,2354.0000,2403.0000,2984.0000,3200.0000,3276.0000,3375.0000,3063.0000,2342.0000
2020-04-30,5,1172.0000,1328.0000,1638.0000,1730.0000,1983.0000,3221.0000,3705.0000,3562.0000,3864.0000,2910.0000,2023.0000
2020-05-03,5,1075.0000,1346.9767,1691.9252,2088.9460,2259.8706,2334.0000,2475.0000,2642.3239,2591.0000,3155.8489,2872.1707
2020-05-03,5,1094.0000,1362.5231,1676.8717,2067.0886,2267.2527,2346.4696,2474.5025,2627.7030,2595.6751,3171.2321,2903.9720
2020-05-08,5,2131.0000,2504.0921,2980.9536,3443.7138,3731.4752,3793.7797,3883.0000,4005.3598,3979.0000,4567.2924,4155.4283
2020-05-08,5,1967.0000,2296.7648,2760.6342,3193.1837,3476.7897,3604.6997,3709.6404,3858.0000,3849.3004,4458.1113,4088.1287
2020-05-10,5,2969.0000,3434.0453,3781.0315,4098.2972,4468.3460,4806.0000,5081.4085,5207.7226,5083.0000,5086.0000,4528.0000
2020-05-10,5,2674.0000,3193.8628,3620.5116,3982.0000,4424.5591,4711.0000,4967.9953,5068.0000,5041.0000,5581.4065,5041.0000
2020-05-15,5,1918.0000,1924.0000,2184.7407,2284.0000,2605.0000,2976.0000,3140.0000,3178.0000,3264.0000,3011.0000,2244.0000
2020-05-15,5,-9999.0000,-9999.0000,-9999.0000,-9999.0000,-9999.0000,-9999.0000,-9999.0000,-9999.0000,-9999.0000,-9999.0000,-9999.0000
2020-05-23,5,1913.0000,2218.9558,2642.1038,2882.2665,3275.2454,3689.3511,3925.5447,3936.9091,4041.5473,4228.0000,3833.0000
2020-05-25,5,1724.0000,1989.2460,2503.4634,2856.8326,3269.9750,3694.0000,3865.0015,4002.2494,3993.0000,4524.8306,3992.0046
2020-05-25,5,1794.0000,2059.7191,2567.1344,2931.5736,3322.9923,3764.0000,3912.9171,4044.5466,4045.3760,4571.4946,4008.1622
2020-05-28,5,-9999.0000,-9999.0000,-9999.0000,-9999.0000,-9999.0000,-9999.0000,-9999.0000,-9999.0000,-9999.0000,-9999.0000,-9999.0000
2020-05-28,5,-9999.0000,-9999.0000,-9999.0000,-9999.0000,-9999.0000,-9999.0000,-9999.0000,-9999.0000,-9999.0000,-9999.0000,-9999.0000
2020-05-30,5,1833.0000,2242.5000,2739.6131,3001.5673,3464.8464,3982.3232,4201.7363,4332.0000,4293.0000,4598.9982,4124.6699
2020-05-30,5,1825.0000,2179.8785,2685.1130,2934.6562,3396.9585,3941.0000,4154.5266,4272.0000,4240.6265,4565.6398,4088.0887
2020-06-02,5,1403.0000,1777.6649,2268.9903,2482.0000,2972.9938,3669.5472,3914.6608,3973.3581,4025.4596,4181.4706,3704.8557
2020-06-02,5,1411.0000,1738.7868,2194.9383,2388.0000,2876.1648,3565.6921,3824.0550,3885.5718,3932.9778,4140.1170,3694.6026
2020-06-04,5,-9999.0000,-9999.0000,-9999.0000,-9999.0000,-9999.0000,-9999.0000,-9999.0000,-9999.0000,-9999.0000,-9999.0000,-9999.0000
2020-06-04,5,-9999.0000,-9999.0000,-9999.0000,-9999.0000,-9999.0000,-9999.0000,-9999.0000,-9999.0000,-9999.0000,-9999.0000,-9999.0000
2020-06-07,5,1101.0000,1213.1734,1579.7665,1579.1839,2092.4114,3140.1352,3450.0000,3433.4599,3606.2287,3167.0000,2345.0000
2020-06-07,5,1185.0000,1265.7281,1617.8190,1611.0902,2124.0000,3204.0000,3527.0000,3466.9419,3669.6505,3180.0000,2346.6521
2020-06-12,5,528.0000,665.3680,941.4384,888.5669,1277.9821,2411.0000,2796.0000,2842.9182,2883.9201,2108.0000,1396.0000
2020-06-12,5,556.0000,688.5029,958.6546,894.0000,1274.0000,2409.2406,2791.0000,2835.6477,2873.0980,2096.7623,1406.2551
2020-06-14,5,711.0000,754.3286,1044.9861,917.0303,1378.0025,2938.0000,3397.2000,3363.5056,3491.3618,2422.0000,1533.0670
2020-06-14,5,683.0000,730.9552,1036.6532,906.0000,1377.0000,2969.0000,3434.8930,3436.0242,3564.6146,2432.6567,1540.0000
2020-06-17,5,1363.0000,1034.0000,1322.0000,1284.0000,1770.0000,2846.0000,3267.0000,3240.0000,3377.0000,2557.0000,1900.0000
2020-06-17,5,1382.0000,1093.5538,1408.0000,1380.0000,1815.0000,2887.0000,3287.0000,3277.2630,3401.0000,2573.0000,1891.0000
2020-06-19,5,455.0000,536.4722,762.4231,581.1697,994.1729,2916.9761,3826.8801,3860.3500,3892.5478,2118.0179,1212.1800
2020-06-19,5,484.0000,561.0000,780.8511,592.4574,996.3269,2909.0177,3828.3733,3828.0000,3876.3244,2106.4592,1210.4572
2020-06-22,5,282.0000,364.7667,542.4558,405.3814,730.0104,2506.4492,3505.6901,3516.4737,3597.0048,1741.0000,967.0000
2020-06-22,5,327.0000,399.0000,570.5000,421.4673,741.0000,2516.0000,3482.0000,3506.2388,3590.0000,1739.0000,954.8943
2020-06-24,5,-9999.0000,-9999.0000,-9999.0000,-9999.0000,-9999.0000,-9999.0000,-9999.0000,-9999.0000,-9999.0000,-9999.0000,-9999.0000
2020-06-27,5,240.0000,280.6310,473.5095,340.9110,650.0000,2806.5000,4166.4203,4131.5343,4320.0000,1803.0000,923.0000
2020-06-27,5,374.0000,382.6500,552.3452,404.7631,708.4808,2763.0000,4072.3617,4028.0000,4232.0000,1802.0000,930.8396
2020-06-29,5,362.0000,418.6667,578.2130,392.2517,723.0000,2912.0000,4498.0000,4483.0135,4647.0000,1896.5138,974.0000
2020-06-29,5,450.0000,490.4169,633.1179,445.0854,755.0000,2880.3752,4418.0000,4376.0000,4546.2048,1903.0000,988.5628
2020-07-02,5,-9999.0000,-9999.0000,-9999.0000,-9999.0000,-9999.0000,-9999.0000,-9999.0000,-9999.0000,-9999.0000,-9999.0000,-9999.0000
2020-07-02,5,-9999.0000,-9999.0000,-9999.0000,-9999.0000,-9999.0000,-9999.0000,-9999.0000,-9999.0000,-9999.0000,-9999.0000,-9999.0000
2020-07-04,5,560.0000,504.0000,725.0000,528.0000,921.0000,3167.0000,4605.0000,4524.0000,4820.0000,1942.0000,1086.0000
2020-07-04,5,725.0000,664.0000,846.0000,692.0000,1010.0000,2844.0000,3746.0000,3950.0000,3870.0000,1886.0000,1150.0000
2020-07-07,5,148.0000,186.5243,356.3096,213.9426,505.0000,2538.1886,3987.8536,4140.0790,4169.4529,1424.4944,646.0000
2020-07-07,5,207.0000,232.3140,390.4974,237.2469,529.0000,2536.7725,3945.0000,4108.0000,4112.0000,1424.7800,656.0000
2020-07-09,5,211.0000,288.4352,453.7781,277.1624,619.0000,2797.4272,4505.0000,4528.0000,4679.0000,1673.4478,811.0000
2020-07-09,5,349.0000,408.2443,550.2210,364.4260,694.0000,2733.0000,4349.7708,4384.0000,4530.0000,1672.9685,812.0000
2020-07-12,5,132.0000,222.7941,373.1309,229.6544,536.0000,2534.0000,4110.0000,4244.1921,4292.0000,1390.0000,664.6158
2020-07-12,5,178.0000,256.7096,398.0645,245.6145,552.0000,2530.4701,4076.0000,4218.2321,4279.0000,1396.0000,663.0000
2020-07-14,5,314.0000,320.1927,514.0194,349.6782,697.0000,2971.0000,4465.0125,4596.0000,4697.9003,1664.0000,800.0000
2020-07-14,5,344.0000,342.6054,521.7907,353.1101,695.0000,2971.0000,4455.0000,4580.0000,4678.4604,1671.0000,808.6647
2020-07-17,5,103.0000,154.7881,349.4389,217.2712,558.4290,2750.1059,4262.0000,4300.0000,4509.0257,1503.0000,691.0000
2020-07-17,5,216.0000,246.1384,412.4449,269.0242,606.4693,2713.0000,4161.5536,4216.0000,4409.0000,1502.2298,696.0000
2020-07-19,5,108.0000,202.8246,382.3450,226.6478,585.0000,2696.0105,4291.0000,4360.0000,4501.9609,1596.9521,749.0000
2020-07-19,5,234.0000,302.6282,457.0136,285.7993,634.2120,2662.6601,4185.0000,4240.0000,4380.9561,1592.8711,765.0000
2020-07-22,5,-9999.0000,-9999.0000,-9999.0000,-9999.0000,-9999.0000,-9999.0000,-9999.0000,-9999.0000,-9999.0000,-9999.0000,-9999.0000
2020-07-22,5,-9999.0000,-9999.0000,-9999.0000,-9999.0000,-9999.0000,-9999.0000,-9999.0000,-9999.0000,-9999.0000,-9999.0000,-9999.0000
2020-07-27,5,295.0000,326.4477,476.8543,328.7335,634.5269,2468.7315,3704.0000,3684.6452,3958.4516,1536.0000,717.0000
2020-07-27,5,367.0000,376.6512,514.1967,350.2586,658.8089,2446.0000,3664.0000,3652.9753,3920.9011,1522.0000,714.0000
2020-07-29,5,464.0000,520.5002,644.4159,456.0129,773.0000,2478.0200,3794.5432,3774.0000,4052.0000,1724.0000,860.6181
2020-07-29,5,546.0000,588.0000,692.1897,496.4349,810.4644,2460.0000,3748.0000,3702.0000,3970.4605,1724.0000,866.2618
2020-08-01,5,296.0000,372.2793,518.5365,364.4945,671.0000,2318.3414,3608.0000,3592.3199,3886.9921,1626.0000,826.0000
2020-08-01,5,386.0000,450.5911,576.1419,410.4115,715.0000,2297.0000,3547.0000,3536.0000,3822.0329,1630.2735,836.5651
2020-08-06,5,139.0000,194.4651,376.6664,246.6744,568.5539,2414.0000,3628.0000,3624.8395,3915.0000,1548.5328,715.0000
2020-08-06,5,197.0000,240.7873,406.1103,268.4729,580.9011,2410.0000,3606.5497,3596.0000,3897.0000,1544.3661,719.0000
2020-08-08,5,203.0000,304.3620,466.4191,322.5729,646.2454,2398.0000,3696.4429,3816.0000,3961.0000,1722.0000,854.0000
2020-08-08,5,323.0000,400.6173,538.7344,380.6000,693.0000,2378.6881,3617.0000,3726.0000,3875.0000,1715.0000,858.0000
2020-08-11,5,-9999.0000,-9999.0000,-9999.0000,-9999.0000,-9999.0000,-9999.0000,-9999.0000,-9999.0000,-9999.0000,-9999.0000,-9999.0000
2020-08-11,5,-9999.0000,-9999.0000,-9999.0000,-9999.0000,-9999.0000,-9999.0000,-9999.0000,-9999.0000,-9999.0000,-9999.0000,-9999.0000
2020-08-13,5,180.0000,242.7121,502.6839,357.5286,732.0000,2647.0000,3728.4696,3750.0000,4065.0000,1852.0000,926.5489
2020-08-13,5,374.0000,404.7756,616.8082,444.5673,805.0000,2594.3417,3631.0000,3632.0000,3940.4506,1836.6239,936.0000
2020-08-16,5,315.0000,354.3325,565.1244,437.5101,777.0000,2382.0000,3372.0000,3410.0000,3676.2452,1729.0000,909.0000
2020-08-16,5,397.0000,398.8824,596.6752,457.3874,799.0000,2379.0000,3348.0000,3393.2200,3657.0000,1730.0000,920.3595
2020-08-21,5,328.0000,434.5014,620.6242,477.9741,842.0000,2172.2210,3059.0000,3105.7500,3350.0000,1763.0000,989.0000
2020-08-21,5,344.0000,442.2342,622.4980,470.5040,840.9359,2182.0000,3072.0000,3117.3230,3370.0000,1764.0000,1006.0000
2020-08-23,5,361.0000,431.0000,700.4300,569.3333,1001.0687,2500.0000,3260.7708,3316.5602,3609.0000,2150.0000,1200.0000
2020-08-23,5,463.0000,505.0000,745.4708,608.9164,1037.0000,2486.4577,3212.0000,3265.3191,3534.0000,2114.9572,1204.5201
2020-08-26,5,589.0000,662.0000,860.1542,772.9316,1166.0000,2326.0000,2948.1049,3040.6823,3309.0000,2006.0000,1209.4634
2020-08-26,5,585.0000,650.7038,856.8836,757.0000,1154.2825,2346.0000,2998.0000,3075.0554,3354.0000,2024.9039,1213.3697
2020-08-28,5,223.0000,413.8393,669.0000,672.3378,1123.0000,2173.7813,2849.0000,2946.1531,3249.3725,2321.4889,1408.0000
2020-08-28,5,432.0000,560.6911,765.2313,737.5324,1145.1389,2153.0000,2769.0000,2888.7254,3161.0000,2278.6440,1409.8750
2020-09-02,5,-9999.0000,-9999.0000,-9999.0000,-9999.0000,-9999.0000,-9999.0000,-9999.0000,-9999.0000,-9999.0000,-9999.0000,-9999.0000
2020-09-02,5,-9999.0000,-9999.0000,-9999.0000,-9999.0000,-9999.0000,-9999.0000,-9999.0000,-9999.0000,-9999.0000,-9999.0000,-9999.0000
2020-09-05,5,337.0000,404.5685,572.3339,565.6388,866.3887,1561.0000,1898.0909,1962.3173,2158.0277,1702.0283,1033.6772
2020-09-05,5,407.0000,455.0000,604.4417,579.0000,882.0000,1578.0154,1907.0000,1969.0000,2149.0000,1704.0000,1038.0000
2020-09-07,5,-9999.0000,-9999.0000,-9999.0000,-9999.0000,-9999.0000,-9999.0000,-9999.0000,-9999.0000,-9999.0000,-9999.0000,-9999.0000
2020-09-07,5,-9999.0000,-9999.0000,-9999.0000,-9999.0000,-9999.0000,-9999.0000,-9999.0000,-9999.0000,-9999.0000,-9999.0000,-9999.0000
2020-09-10,5,943.0000,1021.0000,1136.0000,1066.0000,1400.0000,1925.9015,2217.4988,2209.9118,2395.0000,1954.0000,1459.0000
2020-09-10,5,1092.0000,1122.0000,1202.0000,1106.0000,1396.0000,1942.3143,2226.1071,2220.0000,2396.0000,1924.3477,1432.0000
2020-09-12,5,406.0000,462.1741,650.7196,728.5000,1018.0000,1613.0000,1868.0000,1970.2989,2145.0000,2133.0000,1437.0000
2020-09-12,5,405.0000,468.0000,654.6649,728.5518,1031.0000,1598.3696,1877.0000,1962.4917,2161.4332,2142.5481,1446.0000
2020-09-15,5,322.0000,422.1375,598.6492,713.8187,1004.0000,1474.0874,1749.7509,1837.6100,2035.0000,2117.0000,1387.0000
2020-09-15,5,353.0000,450.7963,611.0000,717.7630,1003.0000,1483.0000,1741.8569,1840.5136,2059.0128,2110.0000,1403.0000
2020-09-17,5,578.0000,714.0000,888.3382,997.9034,1329.0000,1777.0000,2076.3577,2203.0747,2380.0178,2474.8892,1670.0000
2020-09-17,5,666.0000,776.1646,926.0000,1013.4265,1331.0000,1776.3260,2100.5311,2187.3809,2386.2595,2432.5443,1676.9165
2020-09-20,5,894.0000,1322.0000,1736.1398,2387.1984,2906.5826,3251.2415,3630.0462,3844.3457,4127.0000,4424.6223,3067.8012
2020-09-20,5,931.0000,1348.5280,1736.6765,2376.4498,2915.0000,3235.2885,3627.4075,3827.0155,4130.1144,4424.9139,3066.9489
2020-09-25,5,934.0000,1273.1876,1651.7001,2139.5382,2524.0789,2705.2179,2939.0000,2985.2513,3233.0000,3531.5241,2533.0510
2020-09-25,5,990.0000,1308.8494,1665.0592,2121.6322,2496.5717,2701.0000,2926.5014,2977.4964,3220.5096,3514.1218,2521.7235
2020-09-30,5,845.0000,1137.1005,1405.5422,1754.6591,2051.8488,2225.0000,2405.0000,2501.3167,2614.0000,3655.2136,3052.2090
2020-09-30,5,905.0000,1168.4969,1424.8742,1762.7862,2051.9644,2220.0000,2406.0000,2496.8132,2617.0000,3628.5463,3036.2709
2020-10-07,5,741.0000,1077.0079,1345.1691,1746.3411,2046.5431,2189.0000,2390.4572,2565.3333,2624.0000,3698.8516,3009.1223
2020-10-07,5,769.0000,1093.0095,1353.3403,1747.5000,2048.0000,2207.0000,2388.6602,2564.0376,2639.0000,3700.1071,3020.4912
2020-10-10,5,1091.0000,1302.0000,1488.8611,1681.7898,1981.8016,2189.0000,2382.0000,2437.2006,2556.5231,3537.8522,2964.2523
2020-10-10,5,1076.0000,1298.0000,1497.2186,1717.3183,2021.4948,2231.0000,2428.6167,2498.0000,2623.0000,3594.0000,2986.6112
2020-10-12,5,743.0000,962.6535,1249.2587,1627.2749,1918.6853,2121.0000,2264.6625,2460.7612,2520.0000,3250.0984,2476.2704
2020-10-12,5,774.0000,973.3827,1266.0000,1634.3697,1922.0000,2132.0000,2274.0000,2452.3210,2513.0000,3247.0000,2457.9636
2020-10-20,5,1437.0000,1654.0000,1768.0000,1844.6973,2133.0335,2354.0000,2500.0000,2608.0000,2662.5478,3180.0000,2618.8227
2020-10-22,5,-9999.0000,-9999.0000,-9999.0000,-9999.0000,-9999.0000,-9999.0000,-9999.0000,-9999.0000,-9999.0000,-9999.0000,-9999.0000
2020-10-25,5,658.0000,906.3456,1192.7000,1467.0567,1776.6717,1904.0000,2045.0690,2121.0681,2272.0000,3228.9985,2506.6409
2020-10-25,5,744.0000,949.2253,1217.5046,1468.6501,1770.5568,1909.0004,2038.6463,2121.3891,2266.2925,3203.4518,2508.7171
2020-10-30,5,-9999.0000,-9999.0000,-9999.0000,-9999.0000,-9999.0000,-9999.0000,-9999.0000,-9999.0000,-9999.0000,-9999.0000,-9999.0000
2020-11-04,5,850.0000,1025.4212,1265.0929,1460.8659,1791.0000,1941.0000,2064.5126,2092.8647,2264.0000,3025.7822,2348.6715
2020-11-04,5,937.0000,1072.3854,1296.2722,1473.1962,1801.0000,1972.0000,2088.7667,2130.9315,2286.4882,3011.0000,2345.0314
2020-11-06,5,309.0000,613.6596,786.2130,1036.9425,1158.2371,1118.3155,1223.0000,1282.3956,1310.0000,1973.7437,1797.9641
2020-11-06,5,574.0000,791.0000,908.3607,1076.5911,1184.0000,1194.0000,1282.0951,1339.0446,1364.8977,1923.0000,1758.0249
2020-11-09,5,566.0000,785.0000,925.0217,1092.9484,1199.0000,1223.0000,1305.7375,1363.6960,1390.5000,1817.5168,1709.6313
2020-11-09,5,604.0000,810.6928,938.4143,1100.0000,1188.8487,1222.3732,1297.0000,1363.7086,1394.5682,1809.5579,1693.6089
2020-11-11,5,494.0000,693.2760,970.0687,1258.5359,1377.1558,1379.0000,1452.5604,1565.2192,1585.8472,2253.0005,2014.3356
2020-11-11,5,710.0000,844.9398,1061.2358,1276.4908,1385.0138,1422.0000,1490.5000,1592.2676,1616.0000,2199.0000,1988.2353
2020-11-19,5,465.0000,754.7125,933.1503,1121.5472,1214.4929,1243.0000,1315.0000,1403.5718,1402.3528,1728.5065,1477.4822
2020-11-19,5,486.0000,762.8587,937.5940,1121.4033,1212.0007,1239.0000,1316.6024,1412.9884,1402.0000,1730.0909,1486.0000
2020-11-21,5,560.0000,769.4102,1036.6476,1355.4413,1450.1152,1473.0000,1560.0000,1762.9695,1677.0000,2165.3466,1809.4742
2020-11-21,5,750.0000,898.6003,1113.6231,1362.8113,1457.9905,1500.5209,1585.0000,1780.0637,1694.0000,2109.0210,1770.0000
2020-11-24,5,762.0000,909.7273,1093.0011,1296.4728,1417.4933,1445.0000,1506.4492,1609.5000,1609.5338,2020.5912,1714.0000
2020-11-24,5,706.0000,861.6139,1060.5215,1291.6872,1399.0000,1430.0000,1480.9646,1595.2318,1598.0000,2026.8365,1689.0000
2020-11-26,5,638.0000,949.7404,1134.0000,1388.4515,1570.0827,1588.0000,1680.0000,1779.8794,1758.3226,2189.0951,1858.5048
2020-11-26,5,819.0000,1068.6713,1197.9243,1388.4100,1537.4974,1576.0449,1656.3470,1753.2735,1740.6227,2135.0000,1814.4970
2020-11-29,5,595.0000,868.4760,1056.3113,1276.6015,1421.6427,1473.0000,1542.2683,1634.7137,1650.0000,2099.0000,1929.0000
2020-11-29,5,539.0000,837.5588,1037.3227,1273.0350,1401.0000,1447.0000,1524.0000,1627.2286,1631.0000,2100.5303,1942.0922
2020-12-01,5,247.0000,222.2033,211.0000,179.0000,177.0000,166.0000,162.0000,160.0000,164.0000,127.0000,105.0000
2020-12-01,5,240.0000,212.5290,200.0000,163.0000,150.0000,145.0000,142.0000,147.0000,149.0000,121.0000,103.0000
2020-12-19,5,780.0000,1097.6439,1312.9288,1472.8721,1765.8620,1889.3196,2008.0000,2049.1800,2093.0000,2113.9497,1729.9379
2020-12-19,5,805.0000,1101.3410,1321.0000,1489.4191,1776.3766,1925.1888,2045.2486,2091.4257,2145.5483,2117.3994,1731.0000
2020-12-26,5,-9999.0000,-9999.0000,-9999.0000,-9999.0000,-9999.0000,-9999.0000,-9999.0000,-9999.0000,-9999.0000,-9999.0000,-9999.0000
2020-12-26,5,-9999.0000,-9999.0000,-9999.0000,-9999.0000,-9999.0000,-9999.0000,-9999.0000,-9999.0000,-9999.0000,-9999.0000,-9999.0000
2020-12-31,5,704.0000,904.4945,1227.4599,1424.8785,1819.8582,2164.7494,2272.8975,2452.2088,2442.4523,2126.0378,1444.0000
2020-12-31,5,720.0000,916.1364,1226.3774,1426.2054,1822.1819,2182.9029,2284.0000,2468.3196,2449.7699,2137.9841,1444.0000
2021-01-03,5,621.0000,873.3042,1216.5221,1402.8119,1782.0329,2078.0000,2176.7405,2299.2224,2314.0000,1966.1443,1337.6197
2021-01-03,5,732.0000,941.7848,1256.0000,1427.4736,1818.9445,2094.1795,2190.8675,2307.8795,2316.7855,1967.0000,1337.6558
2021-01-08,5,564.0000,910.3364,1201.5256,1345.9897,1706.0000,2012.0000,2125.9280,2316.2448,2257.4840,2038.3102,1565.5666
2021-01-08,5,620.0000,942.6000,1226.0000,1362.1022,1738.2975,2040.2621,2158.9901,2330.4655,2276.3037,2049.5693,1565.3555
2021-01-13,5,561.0000,777.5403,1036.9881,1209.9296,1544.9264,1841.5071,1934.0015,2121.1874,2087.0000,1747.0000,1202.4857
2021-01-13,5,628.0000,809.8625,1060.5501,1217.3496,1549.2572,1878.1079,1956.9588,2130.1196,2092.7970,1748.0000,1208.6377
2021-01-18,5,-9999.0000,-9999.0000,-9999.0000,-9999.0000,-9999.0000,-9999.0000,-9999.0000,-9999.0000,-9999.0000,-9999.0000,-9999.0000
2021-02-09,5,-9999.0000,-9999.0000,-9999.0000,-9999.0000,-9999.0000,-9999.0000,-9999.0000,-9999.0000,-9999.0000,-9999.0000,-9999.0000
2021-02-14,5,491.0000,797.6779,1100.9969,1283.3519,1675.0000,2115.0000,2272.8049,2578.6104,2415.0000,2282.6349,1597.0000
2021-02-14,5,651.0000,905.2641,1144.2805,1293.2309,1652.6490,2078.0000,2213.3854,2512.8166,2369.2999,2246.5984,1584.3174
2021-02-17,5,1124.0000,1250.0000,1318.0000,1372.2662,1653.4528,1953.8623,2076.0000,2185.4859,2188.3264,2090.4662,1574.4845
2021-02-17,5,1143.0000,1250.0000,1324.0000,1376.0000,1667.0000,1974.0000,2100.0000,2214.0000,2213.0000,2094.9813,1580.4970
2021-02-22,5,-9999.0000,-9999.0000,-9999.0000,-9999.0000,-9999.0000,-9999.0000,-9999.0000,-9999.0000,-9999.0000,-9999.0000,-9999.0000
2021-02-24,5,699.0000,1022.3285,1345.1534,1398.0000,1825.9381,2276.0000,2445.0000,2608.7965,2528.6105,2443.0000,1844.3617
2021-02-24,5,737.0000,1040.0000,1356.0000,1393.1526,1817.3416,2274.3575,2424.0000,2588.5180,2528.8995,2433.0000,1842.3195
2021-02-27,5,654.0000,948.7960,1277.5467,1272.7445,1741.1821,2284.6280,2461.0072,2564.3957,2562.5000,2402.0000,1874.4478
2021-02-27,5,703.0000,973.0000,1300.9383,1281.2402,1750.1570,2310.0969,2485.4087,2580.0000,2587.0000,2405.0000,1874.0000
2021-03-01,5,561.0000,761.8043,1202.7623,1211.1466,1798.4846,2579.3031,2772.1206,3032.9310,2925.3080,2737.4035,2025.8486
2021-03-01,5,597.0000,786.0111,1212.7619,1225.3812,1793.5572,2602.5226,2764.5115,3034.9423,2931.7484,2732.0000,2024.6058
2021-03-04,5,1117.0000,1222.0000,1509.0059,1421.2445,1968.0000,2765.4739,2965.5060,3098.2362,3093.4159,2614.5000,1864.5316
2021-03-04,5,1252.0000,1308.0000,1561.0604,1444.0000,1977.4522,2756.6539,2948.9596,3090.7932,3072.3246,2602.3441,1854.3279
2021-03-06,5,470.0000,757.7692,1153.0025,1072.7407,1705.5619,2678.0000,2905.4303,3195.7556,3035.6488,2601.5576,1877.0176
2021-03-06,5,558.0000,802.0000,1178.0000,1080.5916,1713.7701,2650.1351,2882.7005,3164.5688,2995.5014,2594.0219,1874.6319
2021-03-09,5,717.0000,914.2573,1212.8125,1137.4461,1750.4914,2660.3255,2890.9984,3096.9263,3010.3080,2553.5809,1941.0000
2021-03-09,5,656.0000,869.6665,1201.3828,1113.0125,1760.0000,2721.4526,2962.1214,3179.1423,3091.3998,2572.9588,1932.3005
2021-03-16,5,269.0000,513.3299,898.2043,785.5324,1517.1531,2764.7425,3075.7041,3339.8785,3169.1987,2365.3735,1580.6118
2021-03-16,5,358.0000,573.6373,929.2949,805.9419,1529.7176,2733.0753,3034.7806,3298.2619,3157.9787,2350.0000,1589.0000
2021-03-19,5,398.0000,580.3526,878.5010,756.2629,1426.0579,2595.0923,2893.9416,3097.9785,3000.0000,2053.0000,1379.0000
2021-03-19,5,459.0000,620.0000,897.6802,773.7500,1426.5119,2585.0036,2852.4382,3096.8467,3004.3595,2052.0000,1394.0000
2021-03-21,5,-9999.0000,-9999.0000,-9999.0000,-9999.0000,-9999.0000,-9999.0000,-9999.0000,-9999.0000,-9999.0000,-9999.0000,-9999.0000
2021-03-21,5,-9999.0000,-9999.0000,-9999.0000,-9999.0000,-9999.0000,-9999.0000,-9999.0000,-9999.0000,-9999.0000,-9999.0000,-9999.0000
2021-03-24,5,372.0000,570.5000,963.5230,909.0309,1659.0841,2873.0000,3187.9620,3396.9068,3346.0000,2464.0000,1758.0000
2021-03-24,5,430.0000,591.0000,980.9948,912.6145,1645.0075,2890.0000,3196.6884,3398.4493,3322.0000,2485.2851,1765.5553
2021-03-26,5,756.0000,942.0000,1192.3107,1145.0737,1719.0000,2642.0000,2907.9785,3065.5805,3044.3850,2641.9651,2048.0000
2021-03-26,5,818.0000,980.3784,1217.8589,1153.0851,1728.9041,2636.0033,2890.0755,3043.5273,3025.6398,2631.0000,2030.0000
2021-03-29,5,752.0000,904.0000,1150.0000,1041.2827,1595.0000,2553.7191,2852.1626,2933.0000,2971.7735,2303.0000,1750.0000
2021-03-29,5,748.0000,900.8306,1141.0691,1025.0000,1608.5067,2593.0000,2892.2125,2984.2998,3012.1668,2329.5201,1758.0000
2021-03-31,5,535.0000,670.3953,1037.4251,946.2640,1572.0000,2835.2814,3083.8046,3227.8737,3245.0000,2409.9817,1714.0000
2021-03-31,5,681.0000,762.5385,1093.2263,986.3140,1586.0000,2756.0111,3004.6209,3139.1421,3163.4833,2405.9517,1713.0473
2021-04-03,5,460.0000,578.0334,881.1362,777.5504,1358.3700,2523.5356,2829.0132,2977.1978,2974.0271,1933.0000,1319.0000
2021-04-03,5,531.0000,630.1466,905.0275,786.0000,1357.8093,2517.3138,2820.8988,2955.7865,2947.9816,1939.0000,1329.0000
2021-04-05,5,520.0000,718.3784,1041.0062,910.0000,1574.6620,2844.1526,3195.3296,3410.2505,3330.5324,2225.0000,1569.0000
2021-04-05,5,510.0000,724.0000,1048.0000,916.2172,1586.0000,2858.0659,3213.0000,3410.6061,3332.3592,2246.0000,1586.8617
2021-04-08,5,333.0000,522.9128,832.4980,713.4008,1338.0000,2578.9550,2924.7949,3204.0301,3084.0890,1900.0000,1343.0000
2021-04-08,5,391.0000,569.0537,853.6189,733.5666,1350.0000,2566.0777,2917.3269,3196.8098,3086.2172,1899.0000,1338.0000
2021-04-10,5,517.0000,629.2593,1005.2059,858.4231,1611.6495,3045.1528,3377.9462,3555.5283,3530.9733,2188.8514,1485.0000
2021-04-10,5,619.0000,705.5383,1048.9107,890.9502,1618.0662,2970.2247,3298.3907,3484.1010,3474.1955,2186.0000,1483.0000
2021-04-15,5,617.0000,840.5140,1002.0000,862.0000,1362.6704,2401.7709,2705.3689,2897.2012,2809.0000,1568.5000,1008.4921
2021-04-15,5,652.0000,854.3453,1016.1751,868.3729,1370.0277,2405.6846,2714.0000,2915.8331,2829.0000,1573.0000,1012.0000
2021-04-20,5,-9999.0000,-9999.0000,-9999.0000,-9999.0000,-9999.0000,-9999.0000,-9999.0000,-9999.0000,-9999.0000,-9999.0000,-9999.0000
2021-04-20,5,-9999.0000,-9999.0000,-9999.0000,-9999.0000,-9999.0000,-9999.0000,-9999.0000,-9999.0000,-9999.0000,-9999.0000,-9999.0000
2021-04-23,5,227.0000,333.5756,672.3333,555.3505,1231.0000,2551.0000,2910.4683,3069.5179,3088.0000,1622.0000,1000.0000
2021-04-23,5,397.0000,456.7987,756.5942,621.2478,1277.5249,2498.4543,2853.7934,3000.0000,3045.6361,1637.0000,1024.2735
2021-04-25,5,475.0000,613.8013,901.6628,729.9149,1381.2623,2666.6715,3085.4946,3264.6667,3285.9922,1836.4603,1209.0000
2021-04-25,5,601.0000,697.4875,949.5000,785.5000,1401.0000,2618.0000,3034.0000,3208.0000,3235.0000,1881.0211,1218.0000
2021-04-28,5,300.0000,476.0000,742.0000,650.7349,1181.0000,2313.0000,2764.5199,2868.0000,2957.8414,1628.0544,1117.0000
2021-04-28,5,371.0000,533.8781,777.6776,669.6534,1192.7300,2309.2680,2754.0000,2853.3324,2922.0574,1609.3114,1127.0000
2021-04-30,5,449.0000,400.0000,534.0000,386.0000,768.0000,1832.0000,2186.0000,2126.0000,2293.0000,894.0000,488.0000
2021-04-30,5,-9999.0000,-9999.0000,-9999.0000,-9999.0000,-9999.0000,-9999.0000,-9999.0000,-9999.0000,-9999.0000,-9999.0000,-9999.0000
2021-05-03,5,172.0000,234.7903,436.7467,317.5060,752.9355,2137.4736,2673.4117,2833.2319,2874.6187,1221.0000,689.0000
2021-05-03,5,238.0000,282.5967,468.4608,332.8178,794.4377,2133.5826,2657.9419,2827.2835,2859.8655,1233.1253,708.0000
2021-05-05,5,-9999.0000,-9999.0000,-9999.0000,-9999.0000,-9999.0000,-9999.0000,-9999.0000,-9999.0000,-9999.0000,-9999.0000,-9999.0000
2021-05-05,5,-9999.0000,-9999.0000,-9999.0000,-9999.0000,-9999.0000,-9999.0000,-9999.0000,-9999.0000,-9999.0000,-9999.0000,-9999.0000
2021-05-08,5,59.0000,176.6602,376.2076,220.9324,687.0000,2331.0000,3071.0000,3235.1406,3241.0000,1101.8503,612.0000
2021-05-08,5,196.0000,286.9987,458.0000,286.7456,738.2682,2300.1407,3001.0396,3162.7899,3200.0000,1100.0000,626.0000
2021-05-10,5,318.0000,354.5349,598.7508,394.3734,931.0000,2762.0162,3445.0000,3516.1686,3624.8797,1405.5932,770.0000
2021-05-10,5,422.0000,444.2696,664.1269,456.1913,975.0000,2726.0000,3387.0000,3451.2386,3589.9520,1377.2859,771.0000
2021-05-13,5,585.0000,651.0000,827.0000,675.0000,1103.0000,2481.4929,3089.9615,3129.4554,3216.0000,1072.2232,670.0000
2021-05-13,5,524.0000,606.0000,796.7371,646.6681,1078.0000,2527.0000,3135.0000,3182.0000,3270.0000,1067.0000,663.0000
2021-05-15,5,-9999.0000,-9999.0000,-9999.0000,-9999.0000,-9999.0000,-9999.0000,-9999.0000,-9999.0000,-9999.0000,-9999.0000,-9999.0000
2021-05-15,5,-9999.0000,-9999.0000,-9999.0000,-9999.0000,-9999.0000,-9999.0000,-9999.0000,-9999.0000,-9999.0000,-9999.0000,-9999.0000
2021-05-18,5,84.0000,195.0000,398.0000,212.5280,703.0000,2549.0000,3401.0000,3586.1169,3585.7234,1039.0000,537.0000
2021-05-18,5,160.0000,253.0000,438.6618,243.0000,727.0000,2525.0214,3384.0000,3547.3503,3557.0000,1034.9241,538.0000
2021-05-20,5,88.0000,148.0000,426.0000,206.2143,822.0000,2993.7981,3801.0000,4018.0000,4006.0000,1202.2922,586.0000
2021-05-20,5,199.0000,234.0000,486.5119,264.4218,851.0000,2950.0000,3747.0000,3948.0000,3927.0000,1192.0000,594.0000
2021-05-23,5,1224.0000,1246.0000,1396.0000,1182.0000,1656.0000,3029.0000,3661.9986,3714.0000,3824.0000,1466.9714,1024.0000
2021-05-23,5,1234.0000,1254.0000,1420.0000,1190.0000,1688.0000,3116.6495,3789.0000,3829.2662,3934.0034,1474.3234,1032.0000
2021-05-25,5,999.0000,813.0000,1154.0000,849.0000,1613.0000,3875.0000,4813.0000,4760.0000,4948.0000,2036.0000,1230.0000
2021-05-25,5,1033.0000,670.0000,1009.0000,765.0000,1574.0000,4348.0000,5428.0000,6200.0000,5769.0000,2218.0000,1242.0000
2021-05-28,5,62.0000,190.0000,438.3333,228.0000,786.0529,2653.0000,3503.0000,3692.8419,3724.0000,1100.5304,581.0000
2021-05-28,5,193.0000,290.0000,506.0000,290.0000,824.6167,2588.0000,3394.0000,3604.9835,3639.0000,1088.7042,579.0000
2021-05-30,5,104.0000,171.0000,506.2507,258.4806,951.0000,3068.9416,3892.0000,4147.3887,4160.8431,1325.0000,665.0000
2021-05-30,5,215.0000,261.0000,564.7798,318.6765,970.3311,3046.0000,3834.9723,4073.5868,4092.3883,1329.0000,677.0000
2021-06-02,5,17.0000,103.0000,404.2606,186.8150,841.5894,2781.0000,3658.0000,3917.3070,3976.0000,1278.3887,636.6655
2021-06-02,5,199.0000,253.0000,512.0000,288.7500,918.0000,2754.0000,3595.0000,3826.4683,3880.0000,1268.2968,644.3157
2021-06-04,5,456.0000,582.8388,800.6222,564.0000,1148.5515,2737.7362,3558.0000,3662.0000,3846.0000,1478.0000,860.0000
2021-06-04,5,394.0000,522.2573,760.3329,524.4280,1126.0000,2790.0000,3620.0000,3716.0000,3901.5006,1481.0000,859.0000
2021-06-07,5,1176.0000,948.0000,1144.0000,983.0000,1709.0000,3376.0000,4102.0000,4136.0000,4315.0000,2149.0000,1533.0000
2021-06-07,5,1456.0000,929.0000,1126.0000,988.0000,1691.0000,3146.0000,3842.0000,3824.0000,4133.0000,2061.0000,1501.0000
2021-06-09,5,437.0000,440.0000,692.0000,430.3767,1061.0000,2956.0000,3651.0000,3658.0000,3978.5972,1457.0000,736.0000
2021-06-09,5,340.0000,347.0000,622.0000,350.4408,1018.0000,2937.0000,3593.0000,3736.0000,3969.5018,1452.9488,729.0000
2021-06-12,5,45.0000,177.0000,496.9436,348.5550,980.4817,2750.0000,3429.8361,3546.0000,3843.0000,1432.0000,790.0000
2021-06-12,5,287.0000,369.0000,637.0000,468.4555,1050.0000,2696.0000,3309.0000,3426.0000,3737.4994,1440.4147,800.0000
2021-06-14,5,225.0000,356.7755,660.0000,506.6341,1212.3552,2960.0000,3665.0000,3840.0000,4122.5018,1693.0000,883.0000
2021-06-14,5,163.0000,302.4475,622.7736,464.0000,1190.0000,2940.0000,3642.0000,3852.0000,4077.4991,1692.0817,873.0000
2021-06-17,5,2.0000,37.0000,336.0454,323.0000,985.5322,2404.0000,3059.0000,3203.0000,3614.0000,1573.0000,845.0000
2021-06-17,5,235.0000,329.0000,554.0000,506.5229,1070.2859,2379.0000,2968.7951,3100.0000,3408.0000,1579.0000,868.0000
2021-06-19,5,466.0000,519.0000,780.0000,763.0000,1280.6921,2395.2348,2845.0000,2842.0000,3273.0000,1742.5508,1000.5024
2021-06-19,5,483.0000,531.0000,785.0000,766.5000,1274.0000,2402.0000,2827.0000,2852.0000,3267.2992,1744.5258,1002.4670
2021-06-22,5,118.0000,217.0000,476.3399,562.1099,1091.0000,2232.0000,2758.0000,2905.2000,3270.4912,1881.0000,1012.7334
2021-06-22,5,248.0000,320.0000,552.7951,613.2600,1120.0000,2208.0000,2663.0000,2878.0000,3196.0000,1881.0000,1017.0000
2021-06-24,5,320.0000,487.0000,720.3007,828.7337,1316.0000,2270.0000,2768.6762,2928.0000,3270.0000,2216.4991,1312.0000
2021-06-24,5,343.0000,499.0000,728.2099,829.6083,1325.5000,2232.3106,2713.1828,2918.0000,3303.0000,2232.4997,1316.0000
2021-06-27,5,-9999.0000,-9999.0000,-9999.0000,-9999.0000,-9999.0000,-9999.0000,-9999.0000,-9999.0000,-9999.0000,-9999.0000,-9999.0000
2021-06-27,5,1167.0000,1292.0000,1402.0000,1436.0000,1862.0000,2642.4997,3075.0020,3259.6469,3478.0000,2307.0000,1585.0000
2021-06-29,5,327.0000,448.0000,739.0000,925.3221,1407.0000,2302.0000,2667.2825,2865.6212,3203.6395,2422.0000,1384.9074
2021-06-29,5,342.0000,447.0000,734.5438,914.0000,1412.0000,2272.0000,2643.2569,2876.5278,3196.0000,2415.0000,1368.0000
2021-07-02,5,448.0000,697.0000,1082.9796,1388.7943,2035.2396,2930.3644,3398.3436,3705.4753,4062.3002,3508.0000,1988.2543
2021-07-02,5,465.0000,712.8261,1093.4907,1397.0871,2044.0000,2946.0000,3402.0000,3725.2504,4075.0000,3545.0000,2010.0000
2021-07-04,5,920.0000,1126.0000,1404.7448,1619.6229,2324.5000,3127.0000,3708.0708,3892.8121,4366.0000,3747.9600,2222.4773
2021-07-07,5,373.0000,649.0000,997.5518,1225.3051,1794.0096,2614.0000,3005.5167,3163.2854,3435.3601,3033.2032,1803.0000
2021-07-07,5,434.0000,697.6439,1013.4901,1208.0000,1778.6310,2584.8447,2971.5836,3140.2174,3403.4631,2993.0000,1788.0000
2021-07-09,5,401.0000,658.0000,1057.5423,1312.0000,1943.0000,2946.0000,3289.8415,3515.4516,3724.7239,3354.4516,1934.0000
2021-07-09,5,479.0000,717.4394,1096.0000,1299.0344,1923.0036,2913.4339,3242.4971,3450.7370,3682.3731,3286.0000,1936.0000
2021-07-12,5,302.0000,593.3437,985.7395,1179.9481,1754.0000,2652.6616,3011.6670,3123.0450,3454.1312,2955.4691,1694.0000
2021-07-12,5,436.0000,673.1258,1038.0000,1184.0000,1768.0000,2642.3457,2987.0401,3085.0487,3393.0000,2934.0000,1700.0000
2021-07-14,5,-9999.0000,-9999.0000,-9999.0000,-9999.0000,-9999.0000,-9999.0000,-9999.0000,-9999.0000,-9999.0000,-9999.0000,-9999.0000
2021-07-19,5,1359.0000,1304.0000,1522.0000,1472.0000,2418.0000,3838.0000,4397.0000,4524.0000,4828.0000,3826.0000,2879.0000
2021-07-19,5,1128.0000,1238.0000,1562.0000,1396.0000,2194.0000,3904.0000,4545.0000,4540.0000,4958.0000,3859.0000,2487.0000
2021-07-22,5,660.0000,700.5744,963.8509,1021.9773,1596.0000,2529.3560,2829.0000,2792.0000,3133.2115,2875.0000,1863.0000
2021-07-22,5,640.0000,711.0000,948.0000,1013.0000,1678.0000,2513.4247,2787.0078,2812.4777,3052.0000,2906.0000,1966.0000
2021-07-24,5,1066.0000,1149.1924,1356.0000,1396.0000,1859.0000,2665.9629,3057.0000,3017.7634,3270.0000,2878.0000,2055.0000
2021-07-24,5,915.0000,1074.0000,1409.0000,1410.8524,1990.0000,2787.0000,3171.7519,3146.0149,3420.0000,3039.0000,2149.0000
2021-07-29,5,693.0000,684.0000,929.5113,1016.0000,1577.0000,2626.0000,2863.0000,2873.0591,3099.7673,2905.0000,1995.0000
2021-07-29,5,676.0000,726.0000,960.0000,979.0000,1658.0012,2590.4959,2825.0000,2844.6728,3051.0000,2907.0000,2043.0000
2021-08-01,5,529.0000,651.6656,907.0000,906.0000,1232.0000,1864.0000,2104.0000,2034.0000,2250.8334,1779.5291,1118.0000
2021-08-01,5,432.0000,572.5484,853.8432,899.1404,1229.0000,1898.0000,2142.0000,2054.1151,2301.0000,1777.9485,1069.0000
2021-08-03,5,722.0000,726.0000,951.0000,969.0000,1571.0000,2588.6128,2939.4441,2947.3601,3152.9926,2796.0000,1944.0000
2021-08-03,5,660.0000,711.0000,955.0000,918.0000,1611.0000,2565.6741,2914.0493,2922.3901,3119.0000,2781.0000,1981.0000
2021-08-06,5,580.0000,746.0000,980.0131,1018.0000,1500.0000,2416.0000,2820.0000,2729.0000,2982.0000,2642.5021,1922.0000
2021-08-06,5,534.0000,730.5000,1001.0000,1050.0000,1531.9988,2404.0000,2789.0000,2734.0000,2992.4516,2623.0000,1943.0000
2021-08-08,5,-9999.0000,-9999.0000,-9999.0000,-9999.0000,-9999.0000,-9999.0000,-9999.0000,-9999.0000,-9999.0000,-9999.0000,-9999.0000
2021-08-11,5,650.0000,711.0000,939.6299,990.4915,1462.0000,2361.5266,2694.2212,2642.5086,2924.7322,2618.0000,1817.0000
2021-08-11,5,611.0000,710.0000,961.0224,979.4888,1514.0000,2374.0921,2656.0000,2633.8071,2849.4991,2688.0000,1846.0000
2021-08-13,5,-9999.0000,-9999.0000,-9999.0000,-9999.0000,-9999.0000,-9999.0000,-9999.0000,-9999.0000,-9999.0000,-9999.0000,-9999.0000
2021-08-13,5,982.0000,1064.0000,1246.0000,1202.0000,1742.0000,2382.0000,2680.0000,2624.7788,2824.0000,2253.0000,1656.0000
2021-08-16,5,610.0000,715.9340,1002.0000,987.2140,1451.0000,2358.3784,2701.0000,2653.4827,2919.0000,2544.0000,1801.0000
2021-08-16,5,590.0000,752.0000,1002.0000,985.0000,1523.0000,2349.2634,2677.0484,2652.8676,2868.0000,2591.0000,1862.0000
2021-08-18,5,709.0000,758.0000,997.0000,1207.5958,1554.0000,2661.9382,2882.0000,2990.0000,3112.0000,2923.0000,2033.0000
2021-08-18,5,649.0000,758.0000,1020.0000,1102.0000,1659.0000,2609.5315,2849.0000,2939.7766,3069.0018,2931.0024,2137.9976
2021-08-21,5,666.0000,769.0000,1019.5774,1098.0000,1519.0000,2385.7269,2645.5051,2667.0816,2908.7379,2709.0000,1898.0000
2021-08-21,5,691.0000,827.0000,1046.0000,1096.0000,1603.5030,2355.0000,2629.6490,2634.9071,2862.0000,2732.4982,1980.0000
2021-08-26,5,598.0000,694.0171,902.0000,944.0000,1381.0000,2380.0000,2674.0000,2732.5046,2912.5098,2557.0000,1788.0000
2021-08-26,5,535.0000,656.0000,897.5000,902.0000,1501.0012,2388.0000,2682.3483,2739.6744,2913.4187,2549.0000,1818.0000
2021-08-28,5,-9999.0000,-9999.0000,-9999.0000,-9999.0000,-9999.0000,-9999.0000,-9999.0000,-9999.0000,-9999.0000,-9999.0000,-9999.0000
2021-08-28,5,-9999.0000,-9999.0000,-9999.0000,-9999.0000,-9999.0000,-9999.0000,-9999.0000,-9999.0000,-9999.0000,-9999.0000,-9999.0000
2021-08-31,5,-9999.0000,-9999.0000,-9999.0000,-9999.0000,-9999.0000,-9999.0000,-9999.0000,-9999.0000,-9999.0000,-9999.0000,-9999.0000
2021-08-31,5,-9999.0000,-9999.0000,-9999.0000,-9999.0000,-9999.0000,-9999.0000,-9999.0000,-9999.0000,-9999.0000,-9999.0000,-9999.0000
2021-09-02,5,586.0000,582.0000,813.0000,771.0100,1410.0000,2642.0000,3047.0000,3122.6104,3269.0000,2604.0000,1745.0000
2021-09-02,5,568.0000,621.0000,837.0000,733.0000,1436.0000,2574.0000,2977.0000,3066.9137,3228.3945,2529.0000,1792.0000
2021-09-05,5,509.0000,547.9672,805.0000,772.4950,1329.0000,2394.3206,2739.0000,2860.4177,2977.4601,2416.0000,1680.0000
2021-09-05,5,485.0000,560.0000,791.0000,739.0000,1326.0000,2385.0000,2745.5310,2845.1912,2977.0000,2367.0000,1682.0000
2021-09-07,5,814.0000,910.0000,1139.7261,1090.0000,1673.0000,2861.0000,3187.0000,3325.1312,3469.4527,2843.0000,1951.0000
2021-09-07,5,770.0000,973.0111,1197.0435,1148.0000,1745.0000,2804.3925,3113.0627,3260.3038,3411.0000,2823.0000,2067.0000
2021-09-10,5,488.0000,610.9937,860.0000,965.0000,1379.0000,2243.0000,2581.0000,2662.0000,2833.0000,2493.0000,1738.0000
2021-09-10,5,501.0000,668.0000,885.0097,1008.0000,1473.0012,2224.9459,2550.0000,2653.3860,2835.0000,2539.0000,1859.0000
2021-09-12,5,668.0000,807.0000,992.0000,1121.7546,1556.0000,2301.0000,2691.0000,2769.2593,2933.0000,2648.0000,1988.0000
2021-09-12,5,668.0000,854.0000,1066.0000,1152.0000,1647.0000,2264.0000,2624.0000,2724.0000,2914.0000,2689.0000,2051.0000
2021-09-20,5,354.0000,431.0000,680.0000,662.0000,1146.0000,2309.0000,2535.0000,2714.0000,2794.0000,1996.0000,1243.0000
2021-09-20,5,346.0000,453.0000,676.6835,661.9051,1165.0000,2283.0000,2557.0000,2784.9934,2752.0000,2005.0000,1245.4628
2021-09-22,5,930.0000,1128.0000,1340.0000,1222.0000,1782.0000,2889.5306,3235.0000,3426.0000,3412.0000,2465.0000,1747.0000
2021-09-25,5,-9999.0000,-9999.0000,-9999.0000,-9999.0000,-9999.0000,-9999.0000,-9999.0000,-9999.0000,-9999.0000,-9999.0000,-9999.0000
2021-09-25,5,-9999.0000,-9999.0000,-9999.0000,-9999.0000,-9999.0000,-9999.0000,-9999.0000,-9999.0000,-9999.0000,-9999.0000,-9999.0000
2021-09-27,5,968.0000,978.0000,1056.0000,1046.0000,1183.0000,1474.0000,1529.0000,1406.0000,1523.0000,1216.0000,811.0000
2021-09-27,5,1001.0000,1021.0000,1136.0000,1118.0000,1252.0000,1465.0000,1531.0000,1402.0000,1540.0000,1347.0000,917.0000
2021-09-30,5,389.0000,387.2114,700.1139,630.0000,1216.0000,2603.0000,3115.0000,3255.5801,3444.4502,2215.0000,1405.0000
2021-09-30,5,400.0000,486.0000,711.0000,673.0000,1278.0000,2608.0000,3027.0000,3288.0000,3217.4219,2234.0000,1465.0000
2021-10-02,5,1506.0000,1566.0000,1696.0000,1534.0000,2050.0000,2874.0000,3145.0325,3272.0000,3277.0000,2348.0000,1840.0000
2021-10-05,5,-9999.0000,-9999.0000,-9999.0000,-9999.0000,-9999.0000,-9999.0000,-9999.0000,-9999.0000,-9999.0000,-9999.0000,-9999.0000
2021-10-10,5,-9999.0000,-9999.0000,-9999.0000,-9999.0000,-9999.0000,-9999.0000,-9999.0000,-9999.0000,-9999.0000,-9999.0000,-9999.0000
2021-10-10,5,-9999.0000,-9999.0000,-9999.0000,-9999.0000,-9999.0000,-9999.0000,-9999.0000,-9999.0000,-9999.0000,-9999.0000,-9999.0000
2021-10-15,5,537.0000,548.5733,828.0067,710.0096,1347.0000,2962.0000,3443.5721,3669.6927,3653.0000,2235.0000,1559.0000
2021-10-15,5,567.0000,637.0000,875.2814,766.0000,1426.0000,2934.0000,3383.0000,3604.0000,3616.0000,2307.0000,1495.0000
2021-10-17,5,747.0000,681.0000,954.0000,876.0586,1492.0036,3113.0000,3533.0000,3720.0000,3724.9981,2560.0000,1698.0000
2021-10-17,5,637.0000,698.0097,972.5243,898.0000,1595.0000,3115.7003,3561.0000,3708.0000,3736.0000,2643.0000,1762.0000
2021-10-27,5,622.0000,469.0000,722.8122,590.0000,1337.0000,3052.0000,3321.0000,3526.7357,3611.4224,2379.7531,1432.0000
2021-10-27,5,493.0000,467.4967,746.0000,574.0000,1311.0000,3075.7332,3378.9479,3557.4702,3611.8373,2463.0000,1424.0000
2021-10-30,5,905.0000,979.3866,1172.7309,1090.2093,1462.6377,2789.0000,3130.4779,3109.0000,3313.5044,2311.0000,1345.1634
2021-10-30,5,936.0000,1000.6855,1186.0000,1089.3333,1506.0000,2771.0000,2972.0000,3156.0000,3138.0000,2165.0000,1433.0447
2021-11-04,5,52.0000,218.6525,517.4639,304.0000,975.0000,2667.0000,3016.0000,3160.2584,3167.0000,1625.7502,919.0000
2021-11-04,5,1.0000,100.0000,439.0000,241.3254,976.0000,2741.0000,3138.9857,3235.5315,3277.0012,1641.0000,926.6258
2021-11-06,5,90.0000,109.5540,484.0000,243.9495,1056.5703,3418.0000,3809.0000,4022.2836,4069.7861,2205.2414,1121.6981
2021-11-06,5,323.0000,346.4816,629.4004,385.0129,1117.0559,3229.0000,3564.0000,3799.4386,3860.7255,2157.6934,1123.0000
2021-11-11,5,339.0000,502.0253,813.8634,549.5712,1321.4504,3404.8005,3941.0432,3941.9286,4083.0692,2401.9747,1308.9749
2021-11-11,5,395.0000,564.5267,849.2916,581.3831,1321.5292,3360.7734,3876.4894,3875.6762,4038.0707,2389.5304,1304.7917
2021-11-19,5,415.0000,525.0000,818.2857,573.1888,1290.0000,3225.8023,3579.0000,3642.1877,3739.0248,1998.0000,1100.6613
2021-11-19,5,429.0000,520.5140,818.4279,566.0122,1288.0000,3257.8775,3620.4813,3684.0640,3768.1093,2022.0000,1101.0000
2021-11-24,5,18.0000,210.3602,493.9866,261.1863,964.0000,3157.7842,3613.0000,3895.7049,3847.8245,1998.0000,1070.2180
2021-11-24,5,5.0000,182.0000,474.1888,233.8202,936.0000,3176.1514,3649.8181,3911.6936,3903.0000,1996.0000,1066.3319
2021-11-29,5,865.0000,1023.0000,1400.0000,1252.0000,1950.0000,3331.0000,3605.0000,3891.7779,3796.6887,2690.5012,2113.0000
2021-11-29,5,907.0000,1050.0000,1408.6303,1260.0000,1944.5131,3317.0289,3603.0433,3874.0341,3769.0000,2689.0000,2144.0000
2021-12-01,5,2.0000,228.4117,516.0000,312.0000,1064.0000,2967.1391,3466.4025,3639.5006,3688.6877,1881.0000,1010.4514
2021-12-01,5,17.0000,246.0000,522.0000,321.4664,1137.0000,3021.0000,3412.2242,3658.3106,3655.0375,1886.3649,1008.7229
2021-12-06,5,1.0000,24.5082,449.1493,225.8065,1165.5045,3435.0000,3733.4353,4107.9167,3979.6344,1965.6873,1033.0000
2021-12-06,5,129.0000,260.5508,584.0000,351.0000,1170.0000,3173.9976,3538.0388,3887.3973,3731.1089,1920.5870,1026.0000
2021-12-14,5,-9999.0000,-9999.0000,-9999.0000,-9999.0000,-9999.0000,-9999.0000,-9999.0000,-9999.0000,-9999.0000,-9999.0000,-9999.0000
2021-12-14,5,-9999.0000,-9999.0000,-9999.0000,-9999.0000,-9999.0000,-9999.0000,-9999.0000,-9999.0000,-9999.0000,-9999.0000,-9999.0000
2021-12-16,5,1.0000,46.1664,454.5000,288.0000,1124.0000,3006.9888,3372.5975,3537.4089,3604.0000,2027.0000,1090.4971
2021-12-16,5,120.0000,248.2271,569.5799,390.0000,1185.0000,3006.0000,3323.1421,3399.2474,3515.1359,1986.4994,1082.0000
2021-12-29,5,-9999.0000,-9999.0000,-9999.0000,-9999.0000,-9999.0000,-9999.0000,-9999.0000,-9999.0000,-9999.0000,-9999.0000,-9999.0000
2021-12-31,5,-9999.0000,-9999.0000,-9999.0000,-9999.0000,-9999.0000,-9999.0000,-9999.0000,-9999.0000,-9999.0000,-9999.0000,-9999.0000
2021-12-31,5,-9999.0000,-9999.0000,-9999.0000,-9999.0000,-9999.0000,-9999.0000,-9999.0000,-9999.0000,-9999.0000,-9999.0000,-9999.0000
2022-01-08,5,3.0000,142.0000,425.9578,342.0374,1023.0000,2444.0000,2737.0000,3021.0000,2971.0000,1786.3786,1016.0000
2022-01-08,5,1.0000,105.0000,401.0000,306.0000,1031.0000,2719.0000,2987.0000,3118.4350,3158.0000,1789.9723,1009.0000
2022-01-13,5,2084.0000,1969.0451,2024.0000,1796.0000,2433.0000,3646.0000,3894.0000,4099.6548,3988.0000,2688.0000,2090.0000
2022-01-13,5,2168.0000,1916.0000,2041.2108,1812.0000,2490.0000,3581.0000,3869.0000,4164.0000,4160.0000,2737.0000,2099.0000
2022-01-15,5,1.0000,114.0117,448.8696,397.0000,1076.0000,2329.0000,2643.0000,2735.1806,2900.0000,2094.4985,1214.0000
2022-01-15,5,172.0000,304.5000,569.0000,486.5890,1151.0000,2492.1264,2731.0000,2656.9903,2901.4997,2053.4991,1198.0000
2022-01-18,5,1.0000,65.0000,442.0116,348.6115,1097.0000,2482.0000,2763.0000,2952.0767,3024.0000,1813.0000,1005.0000
2022-01-18,5,20.0000,185.0000,493.8303,399.0000,1173.0000,2599.0000,2889.7483,2890.0000,3045.0000,1793.0000,986.0000
2022-01-20,5,484.0000,678.3972,834.0000,744.6501,1415.0000,2578.0000,2835.0000,2996.0000,3140.0000,1961.0000,1132.0000
2022-01-20,5,448.0000,658.7007,818.0000,725.0000,1420.3753,2607.0000,2907.9857,2980.0000,3110.0000,1965.0000,1122.3747
2022-01-23,5,108.0000,372.7347,614.0283,572.3485,1223.0000,2300.0000,2653.0000,2817.0000,2874.0000,1955.0000,1212.0000
2022-01-23,5,343.0000,542.0000,728.0000,656.3045,1298.0000,2350.0000,2636.0000,2726.9539,2867.0000,1909.4387,1195.0000
2022-01-25,5,208.0000,172.0123,540.6453,460.5163,1308.0000,2715.0000,3014.0000,3182.0261,3188.0000,2277.4985,1331.0000
2022-01-25,5,434.0000,504.3506,764.8162,642.1916,1384.0000,2673.8750,2872.0000,3034.4518,3207.9941,2204.5003,1304.0000
2022-01-28,5,124.0000,188.4307,525.4180,510.3249,1272.0000,2505.0000,2724.0000,3012.0000,3007.0000,2127.0000,1232.0000
2022-01-28,5,290.0000,492.5326,723.0000,668.6563,1335.0000,2477.0000,2779.0000,2892.0510,2986.5003,2061.0000,1217.0000
2022-01-30,5,193.0000,496.2801,640.6000,686.0000,1117.0000,1860.8833,2129.0000,2373.7954,2408.0000,2321.9658,1428.0000
2022-01-30,5,271.0000,544.0000,668.7392,702.1067,1157.0000,1939.6935,2212.0000,2356.0000,2517.0000,2326.0000,1431.0000
2022-02-02,5,247.0000,439.0000,578.0000,684.0000,974.0000,1361.0000,1509.0000,1747.8381,1772.0000,1893.4082,1292.0000
2022-02-02,5,334.0000,519.0000,632.3524,712.1596,973.0000,1366.0000,1518.5059,1714.3128,1745.0000,1811.0000,1286.5003
2022-02-07,5,474.0000,564.0000,732.0000,828.7395,1147.0000,1494.2907,1652.0000,1876.0088,1938.7200,2177.0000,1501.0449
2022-02-07,5,483.0000,596.2333,770.0000,848.5410,1163.0000,1505.6349,1665.0000,1864.8213,1925.0000,2146.0000,1508.8391
2022-02-09,5,179.0000,312.8000,481.5133,677.8558,1040.4607,1556.7733,1770.5215,2034.3252,2064.0000,2603.4765,1782.4769
2022-02-09,5,417.0000,541.5830,657.5640,785.9274,1111.0000,1575.0000,1747.0000,2003.0759,2008.0000,2538.7791,1745.6606
2022-02-12,5,383.0000,482.4207,629.6733,753.1152,1055.0000,1506.0000,1654.0000,1891.2322,1930.0000,2357.0000,1677.5358
2022-02-12,5,381.0000,509.1777,641.3384,757.0000,1060.9996,1497.9556,1652.6932,1890.5507,1912.0000,2355.0000,1680.6646
2022-02-22,5,208.0000,387.0000,550.0000,652.0000,959.0000,1389.2520,1529.2190,1778.7216,1791.0000,1951.0000,1366.4762
2022-02-22,5,242.0000,410.4802,574.0000,656.4620,960.0000,1385.0000,1537.3563,1776.0000,1760.0000,1916.0000,1373.0000
2022-02-24,5,805.0000,768.8140,978.0000,1086.0000,1445.5054,1965.0000,2092.0000,2274.8671,2282.5321,2375.0000,1764.3266
2022-02-24,5,904.0000,880.0000,1040.0000,1098.0000,1485.0000,1965.0000,2073.6269,2251.7900,2280.8432,2370.0000,1753.5891
2022-02-27,5,535.0000,606.0000,772.9497,825.4779,1160.0000,1698.0228,1828.0000,2027.9502,2014.0000,2250.0000,1575.0000
2022-02-27,5,600.0000,647.0000,804.9903,830.3128,1186.0000,1694.0000,1821.7840,2009.9323,1996.0000,2237.7234,1582.0000
2022-03-01,5,643.0000,722.0000,860.0000,930.0000,1286.0000,1860.0000,2049.0000,2346.0000,2249.0000,2537.8604,1810.0000
2022-03-01,5,591.0000,710.0000,838.0000,950.0000,1332.0000,1888.0000,2078.0759,2361.8082,2285.0000,2541.5234,1801.0000
2022-03-04,5,509.0000,660.6968,792.0000,893.0503,1279.0000,1833.0537,2019.0000,2252.0545,2174.6737,2344.2088,1712.0000
2022-03-04,5,537.0000,697.0000,841.0000,919.0000,1292.0000,1841.5000,2007.0000,2244.8755,2174.2802,2324.7776,1690.4941
2022-03-06,5,822.0000,872.0000,1058.0000,1124.0000,1479.0000,2064.0000,2237.0000,2507.9833,2429.0000,2630.0358,1882.0000
2022-03-06,5,771.0000,902.0000,1068.0000,1166.0000,1541.0000,2105.0000,2237.0000,2499.1765,2424.4537,2629.2895,1874.4904
2022-03-09,5,506.0000,587.0000,800.0000,930.0000,1306.0000,1863.0000,2056.0000,2274.9003,2252.5996,2430.0605,1729.0000
2022-03-09,5,480.0000,600.0000,802.0000,904.0000,1354.0000,1906.6338,2103.0000,2282.6993,2254.0000,2433.4696,1693.0000
2022-03-14,5,826.0000,882.0000,958.0000,946.4924,1152.0000,1378.0000,1524.5754,1676.0637,1571.9858,1449.0000,1138.0000
2022-03-14,5,764.0000,929.0000,997.5506,970.4881,1157.0000,1411.7105,1552.0000,1673.0632,1588.0000,1425.0000,1132.6533
2022-03-16,5,-9999.0000,-9999.0000,-9999.0000,-9999.0000,-9999.0000,-9999.0000,-9999.0000,-9999.0000,-9999.0000,-9999.0000,-9999.0000
2022-03-19,5,773.0000,892.0000,1108.0000,1340.8979,1541.0000,1694.0000,1793.0000,1984.4858,1944.0000,2576.0000,2269.3482
2022-03-19,5,818.0000,938.1158,1134.0000,1366.0000,1567.0000,1695.0000,1786.0000,1984.7650,1935.0000,2574.6907,2262.0000
2022-03-21,5,944.0000,1134.0000,1322.0000,1569.6466,1747.0000,1897.4875,1996.5107,2280.6379,2166.0000,2921.4308,2672.4739
2022-03-21,5,962.0000,1148.0000,1324.5140,1569.4846,1740.0000,1880.0000,2002.0000,2280.9390,2177.0000,2912.6888,2676.4974
2022-03-24,5,784.0000,974.0311,1165.1548,1428.7317,1589.2596,1722.4929,1824.0000,2032.7943,1968.3741,2679.0000,2546.4100
2022-03-24,5,832.0000,1006.3174,1188.0000,1440.6497,1589.0000,1727.0000,1844.3337,2041.2085,1976.4619,2687.0000,2546.1219
2022-03-26,5,1272.0000,1353.5952,1532.6078,1740.4994,1914.0000,2051.0000,2126.0000,2313.4223,2282.0000,3058.0000,2787.5998
2022-03-26,5,1300.0000,1369.4270,1537.2473,1736.7885,1913.4997,2041.0356,2120.0000,2314.0000,2272.7687,3044.4690,2795.2731
2022-04-03,5,546.0000,738.7505,902.1032,1136.8140,1288.0000,1420.0000,1515.0000,1676.0000,1664.0000,2086.0000,1776.0000
2022-04-03,5,538.0000,726.3114,894.0000,1136.5897,1292.8848,1411.0000,1506.4878,1669.3509,1662.0000,2101.0000,1779.0000
2022-04-05,5,2954.0000,2156.0000,2452.0000,2654.0000,3082.0000,3430.0000,3636.0000,3372.0000,3818.0000,3623.0000,3266.0000
2022-04-05,5,-9999.0000,-9999.0000,-9999.0000,-9999.0000,-9999.0000,-9999.0000,-9999.0000,-9999.0000,-9999.0000,-9999.0000,-9999.0000
2022-04-08,5,-9999.0000,-9999.0000,-9999.0000,-9999.0000,-9999.0000,-9999.0000,-9999.0000,-9999.0000,-9999.0000,-9999.0000,-9999.0000
2022-04-10,5,596.0000,780.0000,944.0000,1200.7898,1371.0000,1516.0000,1619.0000,1801.2838,1768.0000,2175.0000,1740.9657
2022-04-10,5,579.0000,770.6825,942.2542,1213.2744,1382.9612,1506.5699,1618.0000,1801.5306,1777.2227,2192.5331,1757.1807
2022-04-15,5,1198.0000,1435.2841,1763.8544,2130.1164,2347.4168,2445.0000,2549.0000,2724.0000,2739.0000,3579.8858,3368.0000
2022-04-15,5,1233.0000,1460.9799,1780.5000,2123.1812,2346.3068,2455.0000,2560.0947,2712.9155,2738.4938,3580.9445,3366.0000
2022-04-18,5,1344.0000,1578.5112,1882.6856,2194.8222,2372.6548,2430.5196,2533.0000,2717.0000,2689.0000,3316.0000,3027.7674
2022-04-18,5,1358.0000,1579.3673,1897.6363,2220.3573,2361.1923,2445.0000,2554.4809,2770.0000,2707.0000,3316.2457,3035.1872
2022-04-20,5,1073.0000,1317.1032,1513.4961,1731.6357,1866.0379,1967.0000,2079.0000,2196.9656,2140.5060,2597.5549,2318.0000
2022-04-20,5,1125.0000,1349.4548,1528.5707,1722.0000,1883.4387,1960.0000,2076.0000,2200.7250,2155.0000,2573.4676,2294.0000
2022-04-23,5,-9999.0000,-9999.0000,-9999.0000,-9999.0000,-9999.0000,-9999.0000,-9999.0000,-9999.0000,-9999.0000,-9999.0000,-9999.0000
2022-04-25,5,892.0000,924.0000,1154.0000,1422.0000,1657.2819,1816.0000,1925.6847,1976.0000,2093.6842,2331.2293,1808.0000
2022-04-25,5,918.0000,964.0000,1181.2949,1434.4699,1662.0000,1844.0000,1964.0000,1964.0000,2067.0000,2308.0000,1826.0000
2022-04-28,5,766.0000,880.8031,1136.6328,1458.2319,1649.4662,1753.4985,1868.2707,1995.6939,2018.5322,2569.5935,2115.3848
2022-04-28,5,828.0000,921.6692,1152.8838,1449.8259,1641.7984,1763.4575,1874.4453,1995.4397,2026.9829,2547.2448,2106.6973
2022-04-30,5,1344.0000,1698.5118,2067.4426,2451.9669,2693.1818,2810.7418,2960.3477,3192.0000,3120.3492,3907.4506,3574.3457
2022-04-30,5,1356.0000,1650.6827,1986.0000,2330.7648,2602.4696,2738.0095,2902.9976,3120.0000,3069.4842,3836.8736,3569.9172
2022-05-03,5,1307.0000,1651.4768,2004.0000,2390.3140,2673.5071,2824.0000,2966.5044,3112.0244,3129.9669,3820.7457,3563.3259
2022-05-03,5,1351.0000,1698.6250,2054.0000,2435.3290,2716.7419,2861.7061,2994.7114,3139.9549,3146.5191,3833.4263,3573.9493
2022-05-08,5,-9999.0000,-9999.0000,-9999.0000,-9999.0000,-9999.0000,-9999.0000,-9999.0000,-9999.0000,-9999.0000,-9999.0000,-9999.0000
2022-05-10,5,1384.0000,1757.5669,2154.2078,2467.9793,2854.0000,3040.0000,3213.5957,3314.9447,3358.0707,4061.0830,3737.7824
2022-05-10,5,1373.0000,1714.6200,2098.9680,2389.2563,2756.0635,2977.4814,3161.2614,3250.1038,3299.2472,4026.6881,3685.4769
2022-05-13,5,1317.0000,1626.1668,1930.1529,2155.0000,2476.7280,2646.7451,2829.4300,2824.0000,2938.0171,3162.3164,2825.3097
2022-05-13,5,1249.0000,1602.5273,1938.8181,2178.7265,2434.3739,2653.0000,2848.9163,2876.8544,2953.4665,3162.4201,2828.6776
2022-05-15,5,1466.0000,1761.8547,2193.7130,2499.8830,2916.0000,3237.0000,3362.0281,3400.0000,3524.2996,4120.4920,3620.7391
2022-05-15,5,1452.0000,1714.0000,2132.7660,2406.6526,2825.0860,3153.0000,3284.1407,3330.1514,3459.4402,4053.4015,3586.2325
2022-05-18,5,1155.0000,1530.8735,1975.5780,2181.5850,2630.5294,3051.0000,3197.0241,3243.1045,3340.4187,3698.7207,3163.6420
2022-05-18,5,1192.0000,1476.2275,1864.1573,2073.6247,2475.3411,2899.0000,3060.9206,3112.8640,3210.8131,3589.0000,3096.8269
2022-05-20,5,1256.0000,1699.5599,2138.2400,2361.3786,2794.9392,3313.0000,3561.2840,3641.2815,3674.9817,3985.4155,3509.3727
2022-05-20,5,1256.0000,1636.2703,2041.2546,2249.1082,2718.6590,3210.5158,3460.5225,3539.3092,3580.4696,3939.5366,3480.3868
2022-05-25,5,-9999.0000,-9999.0000,-9999.0000,-9999.0000,-9999.0000,-9999.0000,-9999.0000,-9999.0000,-9999.0000,-9999.0000,-9999.0000
2022-05-25,5,-9999.0000,-9999.0000,-9999.0000,-9999.0000,-9999.0000,-9999.0000,-9999.0000,-9999.0000,-9999.0000,-9999.0000,-9999.0000
2022-06-02,5,-9999.0000,-9999.0000,-9999.0000,-9999.0000,-9999.0000,-9999.0000,-9999.0000,-9999.0000,-9999.0000,-9999.0000,-9999.0000
2022-06-02,5,-9999.0000,-9999.0000,-9999.0000,-9999.0000,-9999.0000,-9999.0000,-9999.0000,-9999.0000,-9999.0000,-9999.0000,-9999.0000
2022-06-04,5,1241.0000,1442.4649,1828.6556,1933.1327,2330.7916,2936.3537,3097.7429,3066.7326,3223.0000,3020.0000,2495.0000
2022-06-04,5,1236.0000,1345.4570,1640.0000,1715.3333,2064.9051,2642.4938,2818.3592,2780.0000,2932.6673,2883.0000,2421.0000
2022-06-07,5,-9999.0000,-9999.0000,-9999.0000,-9999.0000,-9999.0000,-9999.0000,-9999.0000,-9999.0000,-9999.0000,-9999.0000,-9999.0000
2022-06-07,5,-9999.0000,-9999.0000,-9999.0000,-9999.0000,-9999.0000,-9999.0000,-9999.0000,-9999.0000,-9999.0000,-9999.0000,-9999.0000
2022-06-12,5,726.0000,996.5357,1314.4497,1402.9483,1778.8985,2657.0000,2977.0000,3065.8315,3110.0825,2968.0000,2461.0000
2022-06-12,5,762.0000,1017.0000,1339.7335,1426.1368,1787.3711,2626.0000,2951.0000,3051.1552,3090.1118,2963.8548,2482.9900
2022-06-14,5,834.0000,1026.0760,1410.0000,1476.7867,1926.0000,3066.0000,3414.0000,3464.0000,3568.0000,3285.0000,2548.3344
2022-06-14,5,883.0000,1073.2365,1435.0025,1483.8666,1906.2727,2990.0000,3321.4561,3384.0000,3482.8086,3246.0064,2552.0000
2022-06-17,5,1290.0000,1425.4833,1693.1436,1699.6697,2113.0000,3069.0000,3425.0000,3440.0000,3525.5516,2870.0000,2227.1518
2022-06-19,5,754.0000,954.7223,1267.1350,1274.4895,1716.0000,2880.3749,3394.0000,3426.6807,3529.8038,3017.6427,2323.0000
2022-06-19,5,794.0000,996.4909,1281.1327,1283.0000,1699.0000,2840.4733,3361.5424,3364.0000,3494.1174,2978.4224,2299.8716
2022-06-24,5,662.0000,800.5050,1146.4351,1148.0000,1620.0000,3109.0035,3635.0000,3728.0000,3788.5071,2851.0000,2019.7902
2022-06-24,5,661.0000,778.0309,1132.0000,1136.0000,1613.0000,3132.0000,3661.4643,3756.0000,3811.0000,2870.0000,2043.6162
2022-06-27,5,349.0000,627.1669,1017.3629,1084.9480,1489.0307,2600.0000,3102.0000,3112.5222,3258.0000,2502.0000,1791.0000
2022-06-27,5,603.0000,794.0516,1116.0000,1144.0000,1490.2111,2532.5580,3005.0000,2994.0000,3141.4697,2447.0000,1778.5615
2022-06-29,5,-9999.0000,-9999.0000,-9999.0000,-9999.0000,-9999.0000,-9999.0000,-9999.0000,-9999.0000,-9999.0000,-9999.0000,-9999.0000
2022-06-29,5,-9999.0000,-9999.0000,-9999.0000,-9999.0000,-9999.0000,-9999.0000,-9999.0000,-9999.0000,-9999.0000,-9999.0000,-9999.0000
2022-07-02,5,511.0000,717.5000,971.2913,980.0677,1353.5338,2555.0000,3148.7377,3165.9535,3306.0000,2429.0000,1748.0000
2022-07-02,5,596.0000,756.9286,1000.0000,989.3610,1370.0000,2537.0000,3132.0000,3132.0000,3289.0000,2408.0000,1773.0000
2022-07-04,5,693.0000,796.1798,1131.8566,1149.2620,1606.7297,2905.0000,3437.9967,3460.0000,3602.0000,2688.0000,1944.0000
2022-07-04,5,803.0000,896.5243,1189.4523,1179.0251,1645.0000,2828.3637,3341.5356,3364.0000,3500.0000,2668.1902,1983.0000
2022-07-07,5,-9999.0000,-9999.0000,-9999.0000,-9999.0000,-9999.0000,-9999.0000,-9999.0000,-9999.0000,-9999.0000,-9999.0000,-9999.0000
2022-07-07,5,-9999.0000,-9999.0000,-9999.0000,-9999.0000,-9999.0000,-9999.0000,-9999.0000,-9999.0000,-9999.0000,-9999.0000,-9999.0000
2022-07-09,5,493.0000,723.0274,1026.6218,947.8815,1421.5301,2884.7545,3536.0000,3648.0000,3672.4572,2413.0329,1661.0000
2022-07-09,5,563.0000,761.3561,1020.5730,938.9369,1394.0000,2796.0000,3436.0000,3532.0000,3585.0000,2396.0000,1664.0000
2022-07-12,5,410.0000,601.2373,877.4752,835.4537,1271.0000,2669.4196,3304.0000,3324.0000,3449.5872,2323.0000,1639.0000
2022-07-12,5,518.0000,657.1101,910.6486,872.8224,1305.0000,2633.0000,3262.0000,3280.0000,3403.0000,2312.0000,1643.1125
2022-07-14,5,-9999.0000,-9999.0000,-9999.0000,-9999.0000,-9999.0000,-9999.0000,-9999.0000,-9999.0000,-9999.0000,-9999.0000,-9999.0000
2022-07-14,5,-9999.0000,-9999.0000,-9999.0000,-9999.0000,-9999.0000,-9999.0000,-9999.0000,-9999.0000,-9999.0000,-9999.0000,-9999.0000
2022-07-17,5,518.0000,640.7532,954.5381,905.7399,1387.0000,2671.0000,3182.0000,3212.0000,3382.0000,2358.0000,1573.0000
2022-07-17,5,606.0000,701.1486,976.0000,921.4734,1382.0000,2636.1929,3139.0000,3164.0000,3328.5035,2320.0000,1556.1532
2022-07-19,5,539.0000,762.5217,1114.2005,1058.4392,1611.0000,2906.5508,3508.0000,3588.0000,3664.0000,2676.0000,1918.8214
2022-07-19,5,672.0000,845.6537,1138.1739,1092.0000,1586.0000,2816.0000,3378.0000,3456.0000,3569.0000,2645.0000,1917.9432
2022-07-22,5,638.0000,817.8084,1093.2659,1051.3717,1543.0000,2595.0000,3104.0000,3137.3817,3283.0000,2454.0000,1751.0000
2022-07-22,5,646.0000,828.9468,1088.8840,1049.4290,1516.0000,2596.0010,3108.9995,3144.0000,3287.0000,2448.4489,1762.0284
2022-07-24,5,-9999.0000,-9999.0000,-9999.0000,-9999.0000,-9999.0000,-9999.0000,-9999.0000,-9999.0000,-9999.0000,-9999.0000,-9999.0000
2022-07-24,5,-9999.0000,-9999.0000,-9999.0000,-9999.0000,-9999.0000,-9999.0000,-9999.0000,-9999.0000,-9999.0000,-9999.0000,-9999.0000
2022-07-27,5,-9999.0000,-9999.0000,-9999.0000,-9999.0000,-9999.0000,-9999.0000,-9999.0000,-9999.0000,-9999.0000,-9999.0000,-9999.0000
2022-07-29,5,555.0000,795.7815,1171.2090,1168.0000,1780.2802,2838.3784,3333.0000,3376.0000,3564.0000,2840.0000,2053.5306
2022-07-29,5,611.0000,834.4567,1179.9421,1178.5073,1776.5843,2785.0000,3280.4861,3328.0000,3494.0000,2809.4396,2028.0000
2022-08-01,5,440.0000,641.7496,960.8351,964.0897,1463.0000,2292.0000,2654.6505,2732.7228,2865.3073,2445.0000,1822.0000
2022-08-01,5,494.0000,681.4740,982.4167,974.0000,1469.0000,2292.0000,2648.0000,2732.5541,2868.7300,2401.9495,1815.0000
2022-08-03,5,615.0000,763.8034,1140.9070,1179.2291,1716.8068,2597.0000,2908.0000,3009.4733,3157.0000,2821.0000,1996.6032
2022-08-03,5,644.0000,787.0000,1147.5290,1188.1903,1731.0000,2593.0000,2888.0000,2996.6334,3140.7408,2803.0000,2028.7762
2022-08-06,5,-9999.0000,-9999.0000,-9999.0000,-9999.0000,-9999.0000,-9999.0000,-9999.0000,-9999.0000,-9999.0000,-9999.0000,-9999.0000
2022-08-06,5,-9999.0000,-9999.0000,-9999.0000,-9999.0000,-9999.0000,-9999.0000,-9999.0000,-9999.0000,-9999.0000,-9999.0000,-9999.0000
2022-08-08,5,706.0000,960.0000,1274.7876,1393.3190,1923.3968,2552.0000,2913.0825,2973.6989,3157.3006,3051.8334,2383.0000
2022-08-08,5,693.0000,960.0897,1283.3829,1402.5391,1922.0000,2548.7606,2912.6642,2984.8885,3148.0000,3051.1193,2382.3737
2022-08-11,5,526.0000,781.4911,1082.8659,1282.1331,1694.0000,2220.9840,2480.0000,2666.6021,2733.7964,2682.7828,2117.3749
2022-08-11,5,591.0000,825.3909,1104.0000,1290.5858,1684.0405,2214.0845,2473.5691,2645.2364,2718.6675,2652.4657,2062.0000
2022-08-16,5,398.0000,565.3657,837.6632,1075.2397,1441.0000,1825.6703,2033.4615,2100.5051,2278.5018,2316.0000,1644.5109
2022-08-16,5,447.0000,601.0094,861.7264,1092.9983,1445.0000,1830.0000,2036.6534,2105.7454,2290.0000,2314.1877,1653.1924
2022-08-21,5,443.0000,642.0000,881.0000,1076.8765,1370.0000,1642.8576,1869.0000,1930.3076,2066.6068,2456.0000,2083.5394
2022-08-21,5,448.0000,654.5253,872.8763,1064.5847,1344.0000,1678.0000,1843.6088,1939.4349,2037.0000,2468.8350,2092.3828
2022-08-23,5,-9999.0000,-9999.0000,-9999.0000,-9999.0000,-9999.0000,-9999.0000,-9999.0000,-9999.0000,-9999.0000,-9999.0000,-9999.0000
2022-08-23,5,-9999.0000,-9999.0000,-9999.0000,-9999.0000,-9999.0000,-9999.0000,-9999.0000,-9999.0000,-9999.0000,-9999.0000,-9999.0000
2022-08-26,5,622.0000,781.1765,1026.6667,1274.1761,1568.9628,1852.0000,2043.3256,2093.3409,2293.0000,2835.3516,2299.8007
2022-08-26,5,658.0000,806.0000,1042.0832,1274.3095,1587.0311,1867.0000,2057.4674,2090.0383,2276.0222,2815.0000,2243.5217
2022-08-28,5,421.0000,725.6667,873.4530,1027.0000,1244.0000,1462.0000,1660.0000,1636.6813,1793.0000,1813.8880,1377.6499
2022-08-28,5,487.0000,737.9454,881.0000,1024.0000,1242.0771,1425.2274,1626.8967,1618.3891,1738.6150,1795.4696,1389.4607
2022-08-31,5,-9999.0000,-9999.0000,-9999.0000,-9999.0000,-9999.0000,-9999.0000,-9999.0000,-9999.0000,-9999.0000,-9999.0000,-9999.0000
2022-08-31,5,-9999.0000,-9999.0000,-9999.0000,-9999.0000,-9999.0000,-9999.0000,-9999.0000,-9999.0000,-9999.0000,-9999.0000,-9999.0000
2022-09-02,5,1371.0000,1548.7445,1766.0000,1954.0595,2321.0000,2671.0000,2836.6986,3041.7364,3093.0000,3236.0000,2577.0000
2022-09-02,5,1395.0000,1556.6169,1760.4485,1930.7467,2257.5015,2602.0000,2776.1137,2984.5673,3041.4149,3197.4569,2542.0000
2022-09-05,5,-9999.0000,-9999.0000,-9999.0000,-9999.0000,-9999.0000,-9999.0000,-9999.0000,-9999.0000,-9999.0000,-9999.0000,-9999.0000
2022-09-07,5,-9999.0000,-9999.0000,-9999.0000,-9999.0000,-9999.0000,-9999.0000,-9999.0000,-9999.0000,-9999.0000,-9999.0000,-9999.0000
2022-09-07,5,-9999.0000,-9999.0000,-9999.0000,-9999.0000,-9999.0000,-9999.0000,-9999.0000,-9999.0000,-9999.0000,-9999.0000,-9999.0000
2022-09-10,5,553.0000,865.2029,1136.8112,1449.5884,1733.6623,1944.0000,2121.6754,2181.0699,2329.1841,3164.2554,2955.8502
2022-09-10,5,620.0000,897.3246,1152.7318,1441.7303,1721.4538,1947.0000,2128.5904,2181.4461,2326.0344,3163.4312,2940.0000
2022-09-12,5,739.0000,955.0000,1258.4963,1597.1371,1874.7677,2120.0000,2247.0000,2344.0000,2473.0000,3530.7729,3266.0300
2022-09-12,5,781.0000,969.1036,1260.8455,1570.0000,1861.2520,2109.0000,2257.5802,2341.8912,2477.9331,3513.0000,3251.1784
2022-09-15,5,701.0000,918.3712,1169.4139,1449.4653,1715.1144,1939.0000,2098.0430,2109.2870,2313.9828,3276.6766,3015.5119
2022-09-15,5,721.0000,929.0456,1185.5517,1457.5042,1731.8889,1945.0000,2097.7038,2104.7182,2308.8843,3259.8616,3011.1806
2022-09-20,5,556.0000,864.2678,1106.0000,1379.3418,1616.3597,1911.0000,2073.3250,2249.6198,2272.6251,3120.0000,2898.0156
2022-09-20,5,630.0000,880.0000,1121.5820,1371.1602,1629.3731,1912.0000,2069.6025,2258.3775,2267.0000,3116.9988,2880.0000
2022-09-22,5,763.0000,979.8460,1268.7680,1561.5438,1835.0000,2161.6774,2308.0000,2464.0000,2528.9359,3467.4363,3092.0000
2022-09-22,5,825.0000,1003.3623,1268.0000,1522.6174,1827.3228,2160.5679,2304.0000,2458.0000,2519.0000,3458.0420,3092.0000
2022-09-27,5,-9999.0000,-9999.0000,-9999.0000,-9999.0000,-9999.0000,-9999.0000,-9999.0000,-9999.0000,-9999.0000,-9999.0000,-9999.0000
2022-09-27,5,-9999.0000,-9999.0000,-9999.0000,-9999.0000,-9999.0000,-9999.0000,-9999.0000,-9999.0000,-9999.0000,-9999.0000,-9999.0000
2022-10-02,5,-9999.0000,-9999.0000,-9999.0000,-9999.0000,-9999.0000,-9999.0000,-9999.0000,-9999.0000,-9999.0000,-9999.0000,-9999.0000
2022-10-02,5,-9999.0000,-9999.0000,-9999.0000,-9999.0000,-9999.0000,-9999.0000,-9999.0000,-9999.0000,-9999.0000,-9999.0000,-9999.0000
2022-10-05,5,1834.0000,1829.9504,1988.4752,2002.4632,2426.0593,2972.0000,3231.0000,3276.0000,3411.0000,3442.9687,2717.6162
2022-10-05,5,1755.0000,1721.4710,1908.8267,1958.0000,2379.5419,2893.0162,3170.0000,3140.0000,3391.0000,3444.4430,2695.0000
2022-10-07,5,690.0000,962.6000,1149.6973,1218.0000,1608.3133,2154.5628,2392.7584,2510.0000,2544.0000,2925.0278,2412.1118
2022-10-07,5,740.0000,989.1612,1164.4734,1212.0000,1615.0000,2143.0000,2362.0000,2496.7173,2523.0000,2933.9190,2388.9620
2022-10-10,5,-9999.0000,-9999.0000,-9999.0000,-9999.0000,-9999.0000,-9999.0000,-9999.0000,-9999.0000,-9999.0000,-9999.0000,-9999.0000
2022-10-10,5,-9999.0000,-9999.0000,-9999.0000,-9999.0000,-9999.0000,-9999.0000,-9999.0000,-9999.0000,-9999.0000,-9999.0000,-9999.0000
2022-10-12,5,1984.0000,1974.0000,2036.0000,1974.0000,2352.0000,2696.0000,2770.0000,2886.0000,2868.0000,2511.0000,2130.4985
2022-10-15,5,210.0000,401.5355,677.0976,756.3287,1185.0000,1762.0000,1961.0000,1897.8355,2104.0000,2153.0546,1602.2897
2022-10-15,5,397.0000,533.2470,772.2055,818.0000,1188.7069,1744.0000,1910.8219,1877.4624,2056.0000,2111.0000,1639.0000
2022-10-17,5,1002.0000,1173.0169,1329.1276,1281.0000,1789.7383,2552.0000,2837.5512,2924.0000,2999.0000,2946.5850,2291.3214
2022-10-17,5,1166.0000,1277.6208,1396.3333,1332.6400,1794.4572,2530.0000,2836.3919,2888.7121,2970.2975,2922.0000,2254.2590
2022-10-20,5,406.0000,621.6172,869.2491,869.0000,1356.0000,2187.3893,2477.0000,2532.0000,2628.0399,2491.3697,1964.5113
2022-10-20,5,762.0000,878.4486,1040.9855,985.5289,1389.4896,2116.3357,2361.1481,2429.8545,2491.0000,2395.2525,1904.0550
2022-10-25,5,-9999.0000,-9999.0000,-9999.0000,-9999.0000,-9999.0000,-9999.0000,-9999.0000,-9999.0000,-9999.0000,-9999.0000,-9999.0000
2022-10-25,5,-9999.0000,-9999.0000,-9999.0000,-9999.0000,-9999.0000,-9999.0000,-9999.0000,-9999.0000,-9999.0000,-9999.0000,-9999.0000
2022-10-27,5,557.0000,762.2591,1016.1884,846.0000,1427.0000,2739.0000,3124.0000,3192.0000,3242.0000,2506.2514,1682.2473
2022-10-27,5,763.0000,902.0000,1101.0000,920.6667,1453.0000,2670.0000,3058.9308,3144.0000,3172.0000,2458.0000,1666.0000
2022-10-30,5,460.0000,636.2438,908.0216,757.0479,1326.0000,2642.6229,3053.0000,3146.3768,3201.2828,2310.4217,1573.3975
2022-10-30,5,540.0000,686.0000,937.3965,762.2500,1300.4547,2627.7473,3054.0000,3089.7074,3210.0000,2302.0000,1576.1565
2022-11-04,5,0.0000,100.0000,304.0000,198.5817,514.9458,1350.5326,1538.4817,1491.4522,1637.6453,763.0000,408.0000
2022-11-04,5,0.0000,112.0000,306.6554,194.4582,534.6321,1354.0000,1553.6908,1489.8827,1658.0183,762.5484,417.0000
2022-11-06,5,315.0000,513.4562,826.1226,548.3378,1221.0000,2921.0000,3388.6935,3540.9440,3538.4206,2117.2486,1267.0000
2022-11-06,5,346.0000,528.0000,842.0000,557.4121,1217.0000,2928.4519,3347.2755,3538.0971,3499.5885,2129.9764,1251.0000
2022-11-21,5,391.0000,400.0000,622.2460,374.2061,830.2852,2130.0000,2330.3427,2313.3014,2408.0000,935.0000,527.0000
2022-11-21,5,509.0000,501.0000,682.2364,428.1217,882.0000,2084.9079,2282.6772,2282.8743,2351.0000,939.3664,538.0000
2022-11-24,5,201.0000,326.7122,718.0218,397.0639,1187.0000,3300.7542,3783.0000,4037.4217,3992.3727,1741.3228,918.0000
2022-11-24,5,248.0000,360.5090,737.1778,404.5085,1207.0000,3321.4785,3786.5080,4024.0093,4008.0000,1738.0700,912.0000
2022-11-26,5,-9999.0000,-9999.0000,-9999.0000,-9999.0000,-9999.0000,-9999.0000,-9999.0000,-9999.0000,-9999.0000,-9999.0000,-9999.0000
2022-11-26,5,-9999.0000,-9999.0000,-9999.0000,-9999.0000,-9999.0000,-9999.0000,-9999.0000,-9999.0000,-9999.0000,-9999.0000,-9999.0000
2022-12-01,5,1248.0000,1642.0000,1698.0000,1358.0000,1926.0000,3186.3982,3364.1644,3699.7988,3516.6154,2113.0000,1484.0000
2022-12-06,5,-9999.0000,-9999.0000,-9999.0000,-9999.0000,-9999.0000,-9999.0000,-9999.0000,-9999.0000,-9999.0000,-9999.0000,-9999.0000
2023-01-10,5,506.0000,638.1069,885.2538,933.3034,1325.3621,1834.4960,1947.0000,2113.7784,2077.0000,1744.0000,1204.4692
2023-01-10,5,545.0000,657.0813,897.3902,937.8310,1326.3706,1854.2912,1948.0000,2123.3266,2093.1807,1746.5201,1209.0000
2023-01-20,5,-9999.0000,-9999.0000,-9999.0000,-9999.0000,-9999.0000,-9999.0000,-9999.0000,-9999.0000,-9999.0000,-9999.0000,-9999.0000
2023-01-20,5,-9999.0000,-9999.0000,-9999.0000,-9999.0000,-9999.0000,-9999.0000,-9999.0000,-9999.0000,-9999.0000,-9999.0000,-9999.0000
2023-01-25,5,586.0000,786.1609,1013.5146,993.6904,1448.5705,2018.0000,2158.0333,2331.1484,2276.4760,2001.6277,1482.0000
2023-01-25,5,610.0000,806.5100,1024.8869,997.6737,1454.0040,2037.4831,2189.0000,2330.9571,2297.4751,2002.5323,1478.0000
2023-01-28,5,1413.0000,1458.0000,1685.3418,1676.9903,2165.8214,2749.5464,2910.0000,3066.6444,3041.5272,2597.6071,2139.0000
2023-01-28,5,1429.0000,1456.0000,1692.1998,1669.3368,2150.0000,2736.0000,2913.1062,3060.4799,3037.8397,2589.0000,2130.0000
2023-01-30,5,-9999.0000,-9999.0000,-9999.0000,-9999.0000,-9999.0000,-9999.0000,-9999.0000,-9999.0000,-9999.0000,-9999.0000,-9999.0000
2023-01-30,5,-9999.0000,-9999.0000,-9999.0000,-9999.0000,-9999.0000,-9999.0000,-9999.0000,-9999.0000,-9999.0000,-9999.0000,-9999.0000
2023-02-02,5,953.0000,1022.3380,1200.0000,1213.6612,1601.4568,1942.1164,2040.6680,2165.2500,2120.0000,1783.0000,1228.4923
2023-02-02,5,785.0000,846.4272,1061.7234,1112.4994,1545.4797,1901.0000,2000.8588,2165.0159,2112.0000,1790.0000,1241.1855
2023-02-04,5,-9999.0000,-9999.0000,-9999.0000,-9999.0000,-9999.0000,-9999.0000,-9999.0000,-9999.0000,-9999.0000,-9999.0000,-9999.0000
2023-02-04,5,-9999.0000,-9999.0000,-9999.0000,-9999.0000,-9999.0000,-9999.0000,-9999.0000,-9999.0000,-9999.0000,-9999.0000,-9999.0000
2023-02-07,5,668.0000,828.0000,1056.5059,1134.0000,1485.0000,1926.0000,2025.2532,2273.0109,2149.9995,2120.0000,1786.5151
2023-02-07,5,690.0000,838.0000,1053.3018,1114.6667,1500.0000,1939.0076,2041.0000,2289.8233,2164.1045,2121.0000,1778.0000
2023-02-09,5,1008.0000,1116.4113,1380.2189,1482.9434,1867.5463,2256.8540,2386.3760,2569.3052,2505.6464,2705.5130,2253.4646
2023-02-09,5,1055.0000,1128.8934,1379.2699,1492.7895,1867.5303,2266.0944,2372.1403,2570.5918,2508.6945,2713.6009,2257.2356
2023-02-12,5,462.0000,513.9839,642.0000,664.9842,868.0000,1052.0000,1081.3666,1099.2682,1115.9179,1017.7201,829.0000
2023-02-12,5,459.0000,490.0000,610.5438,645.9391,859.2293,1027.0000,1083.3428,1074.0000,1096.0000,991.0000,809.4073
2023-02-14,5,766.0000,1011.3598,1268.0000,1410.0000,1831.0000,2254.5012,2400.0000,2555.4752,2522.8609,2667.9073,2262.0000
2023-02-14,5,917.0000,1104.0000,1317.0000,1436.4639,1808.0000,2197.4654,2332.0956,2483.7705,2450.0000,2623.0000,2220.3681
2023-02-17,5,-9999.0000,-9999.0000,-9999.0000,-9999.0000,-9999.0000,-9999.0000,-9999.0000,-9999.0000,-9999.0000,-9999.0000,-9999.0000
2023-02-27,5,-9999.0000,-9999.0000,-9999.0000,-9999.0000,-9999.0000,-9999.0000,-9999.0000,-9999.0000,-9999.0000,-9999.0000,-9999.0000
2023-02-27,5,-9999.0000,-9999.0000,-9999.0000,-9999.0000,-9999.0000,-9999.0000,-9999.0000,-9999.0000,-9999.0000,-9999.0000,-9999.0000
2023-03-09,5,-9999.0000,-9999.0000,-9999.0000,-9999.0000,-9999.0000,-9999.0000,-9999.0000,-9999.0000,-9999.0000,-9999.0000,-9999.0000
2023-03-09,5,909.0000,1278.0000,1468.0000,1576.0000,1985.0000,2435.0000,2629.0000,2768.0000,2719.0000,2883.0000,2391.0000
2023-03-11,5,928.0000,1153.2458,1389.2178,1581.7517,1853.4005,2115.7794,2211.5594,2313.5209,2331.7437,2725.3594,2434.1717
2023-03-11,5,970.0000,1176.4793,1422.0000,1593.5910,1862.3325,2130.2720,2216.8951,2314.4551,2341.0251,2721.4001,2412.2939
2023-03-16,5,545.0000,798.1323,996.2119,1204.8511,1421.9671,1673.4914,1796.5677,1957.2274,1929.2082,2070.0000,1633.0000
2023-03-16,5,603.0000,820.0717,1008.0816,1212.3825,1425.1992,1665.6357,1809.0000,1960.3123,1917.5020,2062.7020,1622.6316
2023-03-21,5,485.0000,628.3285,816.4801,998.3869,1162.0000,1304.4102,1380.9706,1458.6691,1496.6752,1854.7515,1520.6288
2023-03-21,5,545.0000,674.4314,844.7500,1004.0434,1170.6749,1322.8749,1399.0783,1483.1856,1511.0000,1850.0000,1527.0000
2023-03-29,5,624.0000,929.1028,1152.0753,1361.4792,1553.7189,1795.0000,1928.2401,2027.5715,2055.3342,2185.5182,1865.0000
2023-03-29,5,691.0000,958.0184,1169.4176,1368.3211,1578.4988,1813.6085,1948.3454,2025.6044,2052.5695,2190.0000,1852.0000
2023-04-03,5,821.0000,1212.1740,1523.3333,1771.4426,1995.4441,2274.5088,2396.0000,2550.8782,2518.3045,2741.0000,2388.6541
2023-04-03,5,907.0000,1234.3836,1531.0418,1764.6085,1993.2668,2276.0000,2390.3577,2554.5779,2514.0000,2738.4799,2386.7284
2023-04-05,5,1105.0000,1642.6773,1956.9906,2203.5314,2467.9293,2723.6004,2837.9750,3096.3516,2935.0541,3220.3760,2976.0000
2023-04-05,5,1138.0000,1635.1186,1929.0771,2161.8009,2426.9930,2706.8448,2837.9837,3090.1455,2935.1824,3170.0000,2951.0000
2023-04-05,5,1104.0000,1707.8288,2026.2768,2297.5408,2548.6130,2871.5392,2973.3103,3239.4278,3050.5101,3258.8080,2978.0000
2023-04-05,5,1095.0000,1665.9037,1995.9008,2233.1904,2442.7141,2763.9404,2885.5785,3158.6779,2985.6377,3171.0000,2912.0000
2023-04-08,5,2749.0000,2864.9886,2920.0000,2857.2797,3205.6376,3595.6216,3730.0209,3808.5000,3723.9153,2694.3569,2362.4685
2023-04-08,5,1907.0000,2164.9362,2404.0000,2452.6113,2777.5487,3241.8835,3444.4087,3595.6173,3493.4598,2636.4994,2326.0000
2023-04-10,5,1233.0000,1763.6090,2171.0160,2487.1737,2779.6756,3079.9561,3190.6138,3429.3039,3315.9602,3626.0000,3244.3949
2023-04-10,5,1289.0000,1746.7569,2139.1682,2425.6717,2730.3517,3062.0000,3158.4274,3413.1308,3303.5265,3588.0000,3207.7372
2023-04-15,5,1828.0000,1904.0000,1986.0000,1962.0000,2250.0000,2640.8000,2812.5716,2899.7576,2859.2421,1692.0000,1372.6719
2023-04-18,5,704.0000,1146.0000,1425.4880,1621.0000,1929.0000,2362.7386,2527.0000,2598.5003,2665.2537,2671.0000,2259.1808
2023-04-18,5,842.0000,1169.9671,1426.0000,1600.0000,1931.4055,2339.4589,2538.7190,2599.5376,2650.9681,2647.0000,2235.6544
2023-04-23,5,-9999.0000,-9999.0000,-9999.0000,-9999.0000,-9999.0000,-9999.0000,-9999.0000,-9999.0000,-9999.0000,-9999.0000,-9999.0000
2023-04-23,5,-9999.0000,-9999.0000,-9999.0000,-9999.0000,-9999.0000,-9999.0000,-9999.0000,-9999.0000,-9999.0000,-9999.0000,-9999.0000
2023-04-30,5,-9999.0000,-9999.0000,-9999.0000,-9999.0000,-9999.0000,-9999.0000,-9999.0000,-9999.0000,-9999.0000,-9999.0000,-9999.0000
2023-04-30,5,-9999.0000,-9999.0000,-9999.0000,-9999.0000,-9999.0000,-9999.0000,-9999.0000,-9999.0000,-9999.0000,-9999.0000,-9999.0000
2023-05-05,5,842.0000,1385.6955,1676.3636,1947.4739,2212.9157,2442.8415,2619.9353,2699.0743,2731.3382,3050.4958,2726.5820
2023-05-05,5,960.0000,1354.7339,1642.5800,1883.0059,2144.0000,2410.0129,2584.2541,2684.8031,2702.3674,2991.0000,2693.1196
2023-05-13,5,-9999.0000,-9999.0000,-9999.0000,-9999.0000,-9999.0000,-9999.0000,-9999.0000,-9999.0000,-9999.0000,-9999.0000,-9999.0000
2023-05-13,5,-9999.0000,-9999.0000,-9999.0000,-9999.0000,-9999.0000,-9999.0000,-9999.0000,-9999.0000,-9999.0000,-9999.0000,-9999.0000
2023-05-15,5,683.0000,997.1189,1229.7143,1402.9583,1669.0000,2010.5573,2205.3582,2250.6852,2314.2348,2261.0741,1733.6978
2023-05-15,5,703.0000,1006.0000,1234.0000,1401.6000,1670.0906,2011.2683,2186.9803,2236.0000,2308.5673,2262.0000,1729.4510
2023-05-18,5,863.0000,1260.9820,1536.9676,1578.0000,1951.0000,2531.0000,2848.0000,2952.4308,2973.0000,2420.0000,1897.0000
2023-05-18,5,1037.0000,1296.8084,1576.0000,1620.0000,1983.0000,2568.0000,2857.0000,2990.0000,2995.0000,2450.0000,1900.0000
2023-05-23,5,1088.0000,1684.9060,2119.1644,2296.6085,2737.7922,3197.0000,3444.0000,3442.7626,3570.7347,3545.5288,3029.9518
2023-05-23,5,1108.0000,1643.3272,2057.0000,2247.8416,2713.8576,3141.9308,3415.0000,3433.0851,3542.0000,3459.7858,3027.4453
2023-05-25,5,1232.0000,2054.4268,2518.5188,2742.0000,3237.6523,3710.4574,3992.6618,4008.0000,4073.3393,4119.0328,3620.0000
2023-05-25,5,1341.0000,1915.0559,2364.0516,2585.4209,3048.8867,3546.9687,3844.0000,3884.0000,3929.6130,4003.0310,3641.2226
2023-05-28,5,-9999.0000,-9999.0000,-9999.0000,-9999.0000,-9999.0000,-9999.0000,-9999.0000,-9999.0000,-9999.0000,-9999.0000,-9999.0000
2023-05-28,5,-9999.0000,-9999.0000,-9999.0000,-9999.0000,-9999.0000,-9999.0000,-9999.0000,-9999.0000,-9999.0000,-9999.0000,-9999.0000
2023-05-30,5,2902.0000,2920.0000,3100.0000,3176.2143,3487.0000,3981.0000,4165.0000,4260.0000,4224.0000,3324.0000,2886.0000
2023-05-30,5,2760.0000,2866.7847,3066.2473,3122.8552,3470.0606,3930.0000,4113.0338,4180.0000,4173.1388,3301.1924,2891.0000
2023-06-02,5,1060.0000,1708.0063,2091.3546,2488.0177,2707.6997,2834.6817,3009.9315,2979.1520,3165.4934,3676.6320,3397.7204
2023-06-02,5,1147.0000,1684.0000,2051.6662,2388.8990,2651.7031,2810.3454,2994.5715,2955.2916,3147.0055,3638.3861,3368.7132
2023-06-04,5,1327.0000,2050.2287,2362.5806,2664.1033,2907.4963,3226.7490,3566.2015,3529.3439,3715.4952,3701.8383,3363.0000
2023-06-04,5,1449.0000,2060.9156,2355.2354,2648.2187,2880.6836,3267.7906,3568.0000,3553.5431,3706.0000,3702.7969,3422.0000
2023-06-07,5,795.0000,1267.6949,1580.4956,1915.9969,2058.5889,2304.4848,2507.3439,2549.0160,2633.0487,2941.0000,2604.9881
2023-06-07,5,815.0000,1266.2334,1531.9919,1802.4000,1995.2735,2293.3971,2505.9264,2506.0000,2605.6293,2887.0000,2600.1510
2023-06-09,5,1292.0000,1796.0000,2178.7576,2499.8631,2757.9030,3197.1534,3428.9238,3441.6560,3617.0037,4010.0570,3573.5092
2023-06-09,5,1339.0000,1729.2000,2090.4070,2379.0930,2716.2570,3162.4991,3386.0284,3364.0000,3577.0000,3958.0000,3572.3838
2023-06-12,5,1134.0000,1787.0000,2165.7334,2469.3281,2726.7314,3037.3741,3202.6991,3243.5084,3331.7793,3522.9154,3123.4315
2023-06-12,5,1140.0000,1721.0272,2090.4152,2376.5709,2646.3087,2969.0000,3153.0000,3210.8355,3297.3147,3495.6316,3130.1544
2023-06-14,5,1766.0000,1920.0000,2188.0000,2184.0000,2690.0000,3276.0000,3589.0000,3696.0000,3665.0000,3012.0000,2502.0000
2023-06-14,5,1736.0000,1966.0000,2244.0000,2200.0000,2710.0000,3260.0000,3526.0000,3628.0000,3621.0000,2945.0000,2450.0000
2023-06-17,5,1142.0000,1851.7127,2250.7056,2519.0342,2874.8533,3393.6255,3646.0000,3755.3333,3769.4196,3858.6278,3562.0000
2023-06-17,5,1201.0000,1785.1981,2186.8404,2438.4679,2792.6789,3323.0467,3590.0000,3681.7013,3700.0326,3843.7770,3553.0000
2023-06-19,5,1329.0000,1894.5607,2388.4197,2599.5904,3061.1121,3724.0244,3924.0000,3908.0000,4088.0000,4069.7277,3476.7475
2023-06-19,5,1379.0000,1738.0465,2196.0763,2387.7660,2878.0000,3541.3351,3753.7245,3712.0000,3917.0049,3970.5000,3427.0000
2023-06-22,5,-9999.0000,-9999.0000,-9999.0000,-9999.0000,-9999.0000,-9999.0000,-9999.0000,-9999.0000,-9999.0000,-9999.0000,-9999.0000
2023-06-24,5,1256.0000,1826.0000,2262.2851,2473.9739,2971.2573,3674.5578,3981.4283,3984.0000,4092.1534,4103.0957,3564.2984
2023-06-24,5,1261.0000,1844.5994,2273.3405,2470.4003,2963.5262,3675.5005,3961.0393,3994.0952,4098.8028,4054.9871,3580.4980
2023-06-27,5,1140.0000,1752.4394,2153.3333,2343.4238,2820.9111,3790.0601,4185.0000,4250.0265,4359.0000,3958.3092,3289.5216
2023-06-27,5,1148.0000,1738.0000,2152.6999,2342.9803,2794.4818,3745.9595,4157.1431,4209.5868,4329.0000,3915.0000,3262.5621
2023-06-29,5,867.0000,1179.2185,1594.8388,1750.8052,2209.9072,3221.4995,3461.6676,3537.1196,3654.0000,3400.0926,2633.9006
2023-06-29,5,885.0000,1165.0000,1549.1429,1690.8452,2121.8641,3102.6972,3347.9843,3400.9793,3549.7193,3354.8054,2577.5723
2023-07-02,5,396.0000,616.7943,981.3572,970.8185,1485.2514,2761.3234,3085.0000,2976.8349,3243.1369,2507.7967,1684.0789
2023-07-02,5,649.0000,761.2473,1028.0000,1010.5406,1473.4440,2594.0000,2915.9527,2826.5758,3077.8276,2435.3033,1651.4646
2023-07-04,5,570.0000,900.4590,1275.5843,1220.5951,1801.0000,3339.0000,3819.3820,3795.4845,3938.3820,3091.1939,2194.0000
2023-07-04,5,667.0000,931.8051,1277.0680,1210.6133,1788.2643,3229.0000,3688.0000,3665.4043,3809.9771,3017.9821,2197.0830
2023-07-07,5,557.0000,795.1138,1107.0716,996.0000,1556.0356,3291.6044,3851.5059,3937.7153,3997.5352,2846.0000,1986.5231
2023-07-07,5,611.0000,827.5110,1122.7724,1010.0000,1573.0000,3259.9036,3801.3307,3905.7143,3964.3333,2810.0000,1996.4488
2023-07-09,5,630.0000,754.5681,1123.2912,997.1889,1657.6448,3858.9431,4411.3885,4403.7226,4565.3218,3166.0000,2053.4697
2023-07-09,5,690.0000,818.2143,1137.4647,1004.4606,1626.1928,3721.0000,4275.3814,4256.0000,4442.5487,3122.0000,2022.0000
2023-07-12,5,-9999.0000,-9999.0000,-9999.0000,-9999.0000,-9999.0000,-9999.0000,-9999.0000,-9999.0000,-9999.0000,-9999.0000,-9999.0000
2023-07-14,5,510.0000,587.3919,842.6405,680.0000,1276.9559,3645.0321,4617.7704,4668.0000,4736.4651,2825.7759,1731.3482
2023-07-14,5,553.0000,657.8442,894.0000,724.8966,1275.3550,3550.3587,4465.0000,4516.0000,4657.0000,2778.0000,1704.0000
2023-07-17,5,329.0000,362.6143,601.0986,467.1754,972.9835,3268.0000,4316.0000,4314.8000,4492.0000,2347.0000,1360.0000
2023-07-17,5,437.0000,491.0000,682.8603,539.2585,1017.2495,3172.0000,4146.5097,4137.9590,4344.0000,2320.9929,1359.0000
2023-07-19,5,-9999.0000,-9999.0000,-9999.0000,-9999.0000,-9999.0000,-9999.0000,-9999.0000,-9999.0000,-9999.0000,-9999.0000,-9999.0000
2023-07-22,5,-9999.0000,-9999.0000,-9999.0000,-9999.0000,-9999.0000,-9999.0000,-9999.0000,-9999.0000,-9999.0000,-9999.0000,-9999.0000
2023-07-22,5,-9999.0000,-9999.0000,-9999.0000,-9999.0000,-9999.0000,-9999.0000,-9999.0000,-9999.0000,-9999.0000,-9999.0000,-9999.0000
2023-07-27,5,199.0000,220.4607,405.3995,209.2301,682.8456,3500.0000,4937.7247,4979.9423,5093.5106,2101.3268,1016.8115
2023-07-27,5,258.0000,257.3235,433.4068,225.9593,697.8634,3465.0000,4820.0000,4960.7121,5032.9038,2094.4941,1018.8193
2023-07-29,5,275.0000,205.2679,485.4951,235.2952,860.3265,4422.9264,5878.9330,5817.9903,6052.0000,2594.0000,1236.0620
2023-07-29,5,365.0000,240.6950,504.9600,250.4551,858.2705,4358.0000,5774.0000,5734.8099,5944.0039,2588.9830,1238.2915
2023-08-03,5,-9999.0000,-9999.0000,-9999.0000,-9999.0000,-9999.0000,-9999.0000,-9999.0000,-9999.0000,-9999.0000,-9999.0000,-9999.0000
2023-08-06,5,221.0000,256.0049,428.2382,203.0000,713.5124,3997.0923,5740.6837,5769.8344,5940.2853,2306.1058,1091.3267
2023-08-06,5,272.0000,282.4753,446.5222,209.5482,721.3453,3955.0000,5722.0000,5749.9681,5894.0000,2290.7196,1085.4745
2023-08-08,5,319.0000,237.1250,458.3316,209.0000,798.6300,4635.3058,6340.1105,6470.0000,6628.9365,2572.6516,1193.1490
2023-08-08,5,368.0000,269.4154,489.1104,225.1625,805.5757,4602.2701,6327.0377,6439.4876,6580.5611,2572.6345,1189.5924
2023-08-11,5,-9999.0000,-9999.0000,-9999.0000,-9999.0000,-9999.0000,-9999.0000,-9999.0000,-9999.0000,-9999.0000,-9999.0000,-9999.0000
2023-08-11,5,-9999.0000,-9999.0000,-9999.0000,-9999.0000,-9999.0000,-9999.0000,-9999.0000,-9999.0000,-9999.0000,-9999.0000,-9999.0000
2023-08-13,5,224.0000,225.7115,357.1702,170.3333,628.9775,3666.6867,5594.5994,5554.0000,5806.0000,2208.8486,1009.7959
2023-08-13,5,353.0000,357.2872,461.1028,261.3593,693.0549,3550.0000,5319.5059,5331.9606,5577.7198,2186.0000,1018.4238
2023-08-16,5,322.0000,337.4761,433.2701,253.0049,620.6988,3188.0000,4846.0380,4841.5261,5148.9263,1853.0000,858.0000
2023-08-16,5,357.0000,374.2902,457.3665,272.3227,632.5462,3184.0000,4820.9423,4838.0000,5139.0000,1848.6601,856.0000
2023-08-18,5,264.0000,250.1921,401.4401,236.2407,633.7690,3769.8348,5337.0000,5155.5253,5731.9477,2116.0000,937.0000
2023-08-18,5,383.0000,329.6716,464.2238,285.5972,696.0000,3651.3431,5156.1764,5082.0049,5566.0000,2109.0000,942.0000
2023-08-21,5,227.0000,233.7280,396.0000,253.8937,677.0000,3069.5549,4394.7840,4476.6667,4720.0000,1820.0000,844.3299
2023-08-21,5,290.0000,285.3494,429.9806,273.1965,698.5440,3058.8634,4354.2922,4441.1588,4652.2713,1821.9855,840.6979
2023-08-23,5,245.0000,317.1451,485.4298,301.9322,796.4931,3184.9754,4543.0000,4651.1987,4872.2462,2017.3550,993.8985
2023-08-23,5,411.0000,457.6818,592.5989,397.4851,878.0000,3085.5082,4364.0410,4444.0000,4649.0000,1997.6531,994.7597
2023-08-26,5,267.0000,356.8471,546.1450,333.3617,891.0000,3124.9946,4273.0404,4320.7381,4587.9359,1932.6451,979.0000
2023-08-26,5,341.0000,416.9246,593.0167,369.5123,909.0000,3077.4806,4202.0380,4250.6544,4535.0000,1935.0000,993.0000
2023-08-31,5,237.0000,266.0000,369.0000,226.0000,476.0000,1398.0000,1684.0000,1645.0000,1699.0000,592.0000,267.0000
2023-08-31,5,444.0000,420.0000,454.0000,313.0000,548.0000,1519.0000,1825.0000,1730.0000,1805.0000,661.0000,298.0000
2023-09-02,5,285.0000,340.2733,556.7390,302.5748,973.0000,3433.4061,4365.6460,4409.8363,4626.0000,2044.0000,1003.0000
2023-09-02,5,370.0000,412.0000,602.1725,340.9546,976.9807,3414.0000,4363.5126,4288.0000,4547.9971,2031.0000,1004.0000
2023-09-05,5,232.0000,328.5212,580.5907,336.7674,1004.0000,3217.0000,3940.4103,4140.6284,4194.4169,1880.5137,983.0000
2023-09-05,5,293.0000,374.5948,610.4479,352.7973,1012.3480,3209.7160,3931.0552,4085.7970,4229.4893,1881.9495,982.5173
2023-09-07,5,296.0000,348.2099,681.3281,428.2515,1222.0000,3328.0000,3931.4657,4054.0000,4230.4946,2052.5167,1060.5326
2023-09-07,5,351.0000,393.9296,705.4438,453.9385,1211.0000,3313.0000,3892.0000,3970.0000,4187.0000,2048.9882,1050.0000
2023-09-10,5,256.0000,357.8323,733.1102,542.0000,1364.6634,3109.0000,3637.9763,3772.8156,3931.6002,1984.3146,1035.0000
2023-09-10,5,334.0000,412.1607,765.5535,565.3803,1367.0000,3061.0000,3605.0000,3761.8266,3868.5107,1977.4070,1042.0000
2023-09-12,5,-9999.0000,-9999.0000,-9999.0000,-9999.0000,-9999.0000,-9999.0000,-9999.0000,-9999.0000,-9999.0000,-9999.0000,-9999.0000
2023-09-17,5,-9999.0000,-9999.0000,-9999.0000,-9999.0000,-9999.0000,-9999.0000,-9999.0000,-9999.0000,-9999.0000,-9999.0000,-9999.0000
2023-09-25,5,257.0000,430.4628,585.2730,765.1707,1070.0000,1459.0000,1660.0000,1764.2980,1957.0000,2016.5634,1484.0000
2023-09-25,5,304.0000,462.1711,606.2513,772.0018,1078.5669,1425.8065,1651.1305,1763.1723,1943.7736,1998.1292,1479.0000
2023-09-27,5,507.0000,598.8275,809.1942,1001.4539,1319.0000,1768.0000,1960.3028,2083.3001,2281.0689,2301.4474,1649.5000
2023-09-27,5,568.0000,648.0000,841.4853,1009.5000,1339.0000,1757.0000,1956.8332,2089.9595,2258.0000,2285.3804,1648.0000
2023-09-30,5,-9999.0000,-9999.0000,-9999.0000,-9999.0000,-9999.0000,-9999.0000,-9999.0000,-9999.0000,-9999.0000,-9999.0000,-9999.0000
2023-09-30,5,-9999.0000,-9999.0000,-9999.0000,-9999.0000,-9999.0000,-9999.0000,-9999.0000,-9999.0000,-9999.0000,-9999.0000,-9999.0000
2023-10-02,5,372.0000,601.4441,752.2578,969.6089,1285.2712,1534.5298,1776.0000,1915.5195,2032.0000,2361.1784,1777.0467
2023-10-02,5,537.0000,718.5395,837.5512,1009.5912,1309.0000,1586.6798,1803.0000,1930.1339,2073.5868,2334.4233,1766.0000
2023-10-07,5,659.0000,1017.0040,1331.6658,1770.1212,2071.0000,2333.0000,2526.0000,2738.7823,2877.3866,3572.2563,2699.4329
2023-10-07,5,723.0000,1041.1801,1337.1584,1771.9704,2035.4863,2322.0000,2524.0000,2731.1073,2856.0000,3523.5008,2684.2282
2023-10-12,5,-9999.0000,-9999.0000,-9999.0000,-9999.0000,-9999.0000,-9999.0000,-9999.0000,-9999.0000,-9999.0000,-9999.0000,-9999.0000
2023-10-17,5,649.0000,981.4937,1232.0000,1619.2593,1835.8427,2044.9742,2222.5325,2492.6619,2534.0000,3404.4582,2709.1464
2023-10-17,5,701.0000,1001.7427,1244.8115,1619.0000,1844.4798,2052.9820,2237.7155,2491.1411,2542.0319,3403.0073,2714.7015
2023-10-22,5,496.0000,818.3830,945.4000,1202.0000,1397.2450,1528.0000,1682.3486,1802.0959,1891.5706,2757.1392,2307.6523
2023-10-22,5,528.0000,829.1632,949.1378,1192.9628,1393.8038,1533.5718,1676.5000,1795.8539,1875.0000,2746.6743,2291.6657
2023-10-27,5,453.0000,629.6628,786.4167,994.0743,1185.9837,1346.0323,1476.4590,1514.7557,1651.6721,2274.5087,1658.1801
2023-10-27,5,519.0000,649.2911,797.7935,997.7157,1185.9818,1355.0000,1460.0657,1514.6327,1654.2935,2270.3041,1677.1053
2023-11-04,5,383.0000,689.6050,837.2991,1041.0348,1265.5248,1435.0000,1572.2991,1690.8362,1742.7877,2316.5501,1910.0045
2023-11-04,5,474.0000,730.2500,876.6025,1057.0381,1268.6275,1425.5018,1552.3117,1686.0000,1716.8080,2298.6566,1906.1836
2023-11-11,5,486.0000,792.4658,937.7500,1113.2638,1397.6523,1588.3224,1699.0000,1851.6667,1868.0000,2482.0000,1987.2870
2023-11-11,5,548.0000,809.0315,945.7023,1121.2375,1389.3527,1559.0000,1681.1646,1851.7162,1860.8926,2484.0335,1980.1607
2023-11-19,5,586.0000,742.0000,862.0000,901.7718,1118.0000,1296.0000,1389.0000,1461.4835,1505.2439,1622.0000,1233.3450
2023-11-19,5,509.0000,681.0000,810.6954,861.2691,1088.0000,1270.0000,1372.0000,1449.5506,1486.0000,1634.0000,1228.9691
2023-11-24,5,-9999.0000,-9999.0000,-9999.0000,-9999.0000,-9999.0000,-9999.0000,-9999.0000,-9999.0000,-9999.0000,-9999.0000,-9999.0000
2023-11-26,5,533.0000,773.4010,1004.9360,1141.1679,1421.4098,1626.0000,1714.0000,1891.6277,1894.2219,2621.6104,2058.3052
2023-11-26,5,604.0000,805.5939,1014.0189,1148.9802,1425.6662,1629.1402,1717.9966,1899.1964,1890.2818,2627.3918,2062.3377
2023-11-29,5,440.0000,706.0000,921.3778,1077.2020,1362.0000,1516.6596,1626.0000,1836.3333,1839.0000,2490.5719,1937.0000
2023-11-29,5,530.0000,748.8927,961.0921,1093.2883,1361.9669,1546.9703,1637.3497,1832.5654,1813.0250,2491.9530,1941.7206
2023-12-09,5,481.0000,652.0000,805.5000,953.5952,1192.0000,1309.0000,1370.0000,1452.2512,1524.0000,1924.0000,1467.0000
2023-12-09,5,503.0000,680.7239,829.0000,961.2096,1201.0000,1334.0000,1423.0000,1459.5417,1579.0000,1979.0000,1466.0000
2023-12-14,5,-9999.0000,-9999.0000,-9999.0000,-9999.0000,-9999.0000,-9999.0000,-9999.0000,-9999.0000,-9999.0000,-9999.0000,-9999.0000
2023-12-14,5,2068.0000,2126.0000,2132.0000,2092.0000,2402.0000,2496.0000,2649.0000,2736.0000,2730.0000,2209.0000,1826.0000
2023-12-16,5,496.0000,672.3155,860.8131,1010.1714,1297.2770,1505.9324,1574.0000,1748.4138,1786.0000,2330.0000,1749.0000
2023-12-16,5,549.0000,702.5654,885.2320,1024.8319,1319.0000,1509.4735,1601.0000,1764.0000,1769.0000,2337.7597,1761.8864
2023-12-19,5,368.0000,574.5637,754.4058,901.2011,1166.5231,1339.0000,1438.0000,1585.0000,1592.7280,2125.2462,1545.5087
2023-12-19,5,436.0000,606.0000,769.4039,905.2915,1158.2789,1336.0000,1433.6045,1577.5475,1609.7318,2125.4227,1548.0000
2023-12-24,5,-9999.0000,-9999.0000,-9999.0000,-9999.0000,-9999.0000,-9999.0000,-9999.0000,-9999.0000,-9999.0000,-9999.0000,-9999.0000
2023-12-24,5,1737.0000,1772.0000,1820.0000,1869.8593,2194.0000,2325.0000,2425.3469,2454.0000,2536.0000,2648.8321,2161.0000
2024-01-05,5,-9999.0000,-9999.0000,-9999.0000,-9999.0000,-9999.0000,-9999.0000,-9999.0000,-9999.0000,-9999.0000,-9999.0000,-9999.0000
2024-01-08,5,-9999.0000,-9999.0000,-9999.0000,-9999.0000,-9999.0000,-9999.0000,-9999.0000,-9999.0000,-9999.0000,-9999.0000,-9999.0000
2024-01-08,5,-9999.0000,-9999.0000,-9999.0000,-9999.0000,-9999.0000,-9999.0000,-9999.0000,-9999.0000,-9999.0000,-9999.0000,-9999.0000
2024-01-13,5,391.0000,652.0000,782.3593,905.2703,1154.4880,1382.1045,1450.8216,1636.0065,1638.0000,1976.7548,1534.6508
2024-01-13,5,505.0000,728.0000,824.2377,932.8304,1169.5013,1383.0000,1476.0000,1635.8531,1628.0000,1965.0000,1540.0000
2024-01-15,5,-9999.0000,-9999.0000,-9999.0000,-9999.0000,-9999.0000,-9999.0000,-9999.0000,-9999.0000,-9999.0000,-9999.0000,-9999.0000
2024-01-20,5,392.0000,639.0000,758.0000,905.2856,1160.3710,1392.4880,1527.0000,1779.0853,1689.1471,1925.6944,1386.0000
2024-01-20,5,465.0000,678.1372,798.4297,928.8288,1184.5071,1429.0000,1552.3223,1780.2630,1693.0901,1911.0000,1369.0000
2024-01-23,5,420.0000,650.1233,782.5280,896.4381,1152.8571,1336.0000,1447.0000,1595.0170,1619.0000,1817.4267,1371.0000
2024-01-23,5,492.0000,696.1296,806.6096,909.4498,1156.3864,1349.0000,1446.3121,1594.8701,1592.0000,1801.4881,1373.0000
2024-01-25,5,571.0000,710.0000,943.0000,1097.3147,1402.0000,1637.5957,1733.3353,1795.0473,1861.0000,2066.3642,1388.5360
2024-01-25,5,751.0000,850.0000,1020.5809,1124.5771,1396.9560,1630.6904,1701.0000,1782.0000,1853.0000,2047.0000,1369.0000
2024-01-28,5,487.0000,658.0000,826.3172,972.1619,1246.0793,1418.0000,1505.0000,1659.5818,1682.0000,2169.0523,1660.0000
2024-01-28,5,556.0000,692.1394,842.0000,977.3810,1233.7900,1392.0000,1510.4572,1651.0024,1648.0000,2169.1037,1638.3321
2024-01-30,5,495.0000,726.6326,852.9053,1021.8232,1281.0000,1511.0000,1664.6619,1787.0494,1814.0000,2275.3010,1773.6173
2024-01-30,5,592.0000,784.0000,888.9074,1041.3600,1290.6456,1510.0000,1610.0000,1787.0974,1781.9975,2253.0000,1744.0000
2024-02-02,5,194.0000,345.0000,382.0000,438.4262,556.2409,638.0000,690.0000,706.0000,750.6576,844.3188,701.0000
2024-02-02,5,265.0000,392.0000,412.0000,451.0000,566.5066,656.1646,688.0000,710.3586,744.1889,840.4861,694.7473
2024-02-04,5,317.0000,450.0000,752.0000,1011.7949,1353.3283,1613.4547,1716.0000,1804.4239,1890.9726,2564.5735,2010.0000
2024-02-04,5,357.0000,513.6405,792.8979,1027.0056,1362.4987,1585.0000,1676.0000,1794.1244,1866.0000,2539.5358,2019.5045
2024-02-14,5,629.0000,728.0000,924.5992,1046.0000,1350.0000,1589.0000,1693.6583,1793.2202,1859.0000,2266.0000,1726.0000
2024-02-14,5,704.0000,780.1792,950.5000,1061.5667,1352.0000,1604.0000,1689.8021,1796.2038,1827.0000,2257.0024,1720.0000
2024-02-17,5,-9999.0000,-9999.0000,-9999.0000,-9999.0000,-9999.0000,-9999.0000,-9999.0000,-9999.0000,-9999.0000,-9999.0000,-9999.0000
2024-02-17,5,-9999.0000,-9999.0000,-9999.0000,-9999.0000,-9999.0000,-9999.0000,-9999.0000,-9999.0000,-9999.0000,-9999.0000,-9999.0000
2024-02-19,5,493.0000,753.8249,965.0187,1109.1138,1485.3886,1734.3353,1901.0000,1978.7321,2053.0000,2515.0000,1972.5580
2024-02-19,5,548.0000,785.8690,981.3282,1121.0844,1493.5345,1753.4845,1867.0000,1954.6059,2020.8726,2484.0000,1980.9471
2024-03-05,5,561.0000,722.0000,1014.1208,1084.2862,1529.3954,1976.6132,2091.0000,2188.6634,2240.4407,2225.5812,1582.2904
2024-03-05,5,547.0000,709.8159,1016.8814,1088.8608,1545.7336,1994.2640,2101.0686,2203.2937,2248.4454,2235.0000,1573.4404
2024-03-13,5,524.0000,830.2973,1080.9091,1096.0000,1563.6923,2031.0000,2191.0000,2353.0000,2296.0000,2219.0000,1731.4138
2024-03-13,5,630.0000,909.6346,1120.3351,1104.6066,1537.0000,2017.0000,2150.4770,2300.6722,2253.0000,2148.0594,1683.0000
2024-03-20,5,470.0000,736.8523,1053.0205,1052.6977,1664.0000,2340.2793,2515.9263,2640.0000,2663.0000,2574.5390,1892.0000
2024-03-20,5,688.0000,874.5096,1121.2272,1085.4571,1643.0000,2265.0000,2462.9629,2562.6695,2565.3557,2498.0000,1876.0000
2024-03-23,5,1155.0000,1134.0000,1296.0000,1297.0408,1782.7475,2195.4212,2324.0000,2316.0113,2442.0829,2058.5980,1693.0000
2024-03-23,5,1130.0000,1144.7746,1376.0000,1382.0000,1907.0000,2417.0171,2571.0000,2585.9468,2645.0053,2170.8425,1741.0000
2024-03-25,5,801.0000,929.7000,1180.9798,1393.8921,1582.0000,1725.0000,1803.0000,1976.4146,1902.6538,2387.0000,2116.0000
2024-03-25,5,821.0000,946.2849,1193.1507,1396.8963,1589.9989,1729.0000,1806.6178,1976.7876,1918.6033,2393.0000,2098.0403
2024-03-30,5,1941.0000,2092.0000,2276.0000,2264.0000,2692.0000,2915.0000,3051.0000,2984.0000,3037.7150,2325.0000,1786.0000
2024-04-02,5,511.0000,704.4006,866.2787,1029.0968,1231.0000,1364.0000,1438.4786,1540.6658,1536.4991,1660.5000,1310.5042
2024-04-02,5,545.0000,724.1272,876.3203,1032.6426,1240.0752,1365.2747,1439.0000,1536.0000,1537.0000,1655.0000,1308.3761
2024-04-04,5,688.0000,824.5928,1065.4490,1265.5534,1524.4505,1663.0000,1732.0000,1821.1322,1841.0000,2129.0000,1685.0000
2024-04-04,5,771.0000,873.3255,1092.0000,1256.6207,1514.6361,1689.9135,1750.5481,1842.0000,1847.0000,2107.0000,1669.6479
2024-04-07,5,904.0000,1048.6721,1301.2354,1449.6378,1757.0000,1973.0000,2054.3790,2140.2427,2162.3092,2273.4123,1829.0000
2024-04-07,5,989.0000,1101.4154,1324.0000,1434.0000,1741.0000,1976.0000,2067.0000,2154.7077,2160.9392,2240.0000,1789.0000
2024-04-09,5,-9999.0000,-9999.0000,-9999.0000,-9999.0000,-9999.0000,-9999.0000,-9999.0000,-9999.0000,-9999.0000,-9999.0000,-9999.0000
2024-04-12,5,909.0000,1171.4209,1473.8164,1616.6994,1966.0000,2217.0408,2357.6796,2427.7426,2450.4911,2682.8435,2411.5013
2024-04-12,5,955.0000,1176.0000,1456.0000,1579.4526,1922.4241,2212.0000,2336.0000,2418.4600,2437.8815,2641.0000,2365.0000
2024-04-14,5,1215.0000,1380.4615,1763.3043,1932.6071,2330.7158,2648.0000,2750.3273,2842.5509,2873.3843,3171.0000,2719.0000
2024-04-14,5,1215.0000,1356.6041,1705.2222,1859.0695,2252.3941,2609.0000,2711.0000,2810.8229,2858.9201,3131.0068,2688.0350
2024-04-17,5,732.0000,860.4291,1125.5000,1282.0000,1594.8472,1909.0000,2029.2387,2154.9467,2163.3430,2281.9249,1826.0000
2024-04-17,5,735.0000,876.9143,1145.3801,1307.4527,1609.5216,1898.4865,2018.9261,2138.7292,2154.5264,2296.6730,1868.0000
2024-04-27,5,-9999.0000,-9999.0000,-9999.0000,-9999.0000,-9999.0000,-9999.0000,-9999.0000,-9999.0000,-9999.0000,-9999.0000,-9999.0000
2024-04-29,5,708.0000,918.3854,1208.8974,1323.4690,1716.9808,2156.9814,2299.8034,2418.4519,2403.5672,2337.0352,1852.4851
2024-04-29,5,741.0000,936.5755,1220.9894,1322.9511,1705.0324,2130.1998,2283.9656,2411.2937,2385.2515,2314.0000,1864.7696
2024-05-04,5,-9999.0000,-9999.0000,-9999.0000,-9999.0000,-9999.0000,-9999.0000,-9999.0000,-9999.0000,-9999.0000,-9999.0000,-9999.0000
2024-05-04,5,-9999.0000,-9999.0000,-9999.0000,-9999.0000,-9999.0000,-9999.0000,-9999.0000,-9999.0000,-9999.0000,-9999.0000,-9999.0000
2024-05-14,5,-9999.0000,-9999.0000,-9999.0000,-9999.0000,-9999.0000,-9999.0000,-9999.0000,-9999.0000,-9999.0000,-9999.0000,-9999.0000
2024-05-14,5,-9999.0000,-9999.0000,-9999.0000,-9999.0000,-9999.0000,-9999.0000,-9999.0000,-9999.0000,-9999.0000,-9999.0000,-9999.0000
2024-05-17,5,1214.0000,1450.9878,1778.4620,2200.6847,2407.0000,2449.9543,2554.9720,2620.1727,2708.2377,2812.0000,2092.5428
2024-05-17,5,1196.0000,1432.9517,1739.9782,2130.6701,2339.9283,2433.4338,2533.1268,2602.3863,2707.1524,2779.5631,2074.8408
2024-05-22,5,-9999.0000,-9999.0000,-9999.0000,-9999.0000,-9999.0000,-9999.0000,-9999.0000,-9999.0000,-9999.0000,-9999.0000,-9999.0000
2024-05-22,5,-9999.0000,-9999.0000,-9999.0000,-9999.0000,-9999.0000,-9999.0000,-9999.0000,-9999.0000,-9999.0000,-9999.0000,-9999.0000
2024-05-24,5,1193.0000,1434.1508,1793.1478,2071.3333,2371.0424,2520.0000,2621.7058,2642.9251,2740.5356,3029.0235,2357.5297
2024-05-24,5,1227.0000,1441.6447,1802.4064,2054.3082,2364.2460,2529.9038,2617.0861,2635.1417,2746.6676,3019.3858,2354.6601
2024-05-27,5,-9999.0000,-9999.0000,-9999.0000,-9999.0000,-9999.0000,-9999.0000,-9999.0000,-9999.0000,-9999.0000,-9999.0000,-9999.0000
2024-06-01,5,1004.0000,1401.6114,1779.3676,1959.4317,2404.0000,2684.5045,2824.4028,2885.0000,2941.0941,3005.0000,2253.0495
2024-06-01,5,1066.0000,1346.7076,1681.0048,1832.9548,2254.0000,2601.5321,2752.3706,2833.9426,2890.7461,2914.0000,2210.9950
2024-06-03,5,-9999.0000,-9999.0000,-9999.0000,-9999.0000,-9999.0000,-9999.0000,-9999.0000,-9999.0000,-9999.0000,-9999.0000,-9999.0000
2024-06-06,5,1707.0000,2123.1027,2630.9891,2827.0000,3404.0000,3861.0000,4071.0000,4061.7395,4202.0000,4246.2790,3610.1267
2024-06-06,5,1731.0000,2058.0000,2534.0000,2757.5741,3245.0191,3727.0000,3938.0000,3936.0000,4098.1735,4180.9302,3543.2338
2024-06-16,5,1186.0000,1611.1258,2114.5000,2248.6667,2773.2829,3349.0000,3537.0000,3544.1977,3690.4656,3773.4717,3043.7441
2024-06-16,5,1281.0000,1572.0000,2077.0000,2153.2000,2723.1717,3281.0000,3490.0000,3499.0909,3640.0000,3754.3487,3033.0785
2024-06-18,5,1489.0000,2008.0000,2553.1257,2658.3133,3255.6208,3908.0443,4243.0000,4336.0000,4398.0000,4504.3488,3864.2621
2024-06-18,5,1560.0000,2010.0000,2538.2049,2643.1087,3238.6009,3906.0346,4234.6829,4312.0000,4385.3636,4489.1253,3866.9206
2024-06-26,5,-9999.0000,-9999.0000,-9999.0000,-9999.0000,-9999.0000,-9999.0000,-9999.0000,-9999.0000,-9999.0000,-9999.0000,-9999.0000
2024-06-26,5,-9999.0000,-9999.0000,-9999.0000,-9999.0000,-9999.0000,-9999.0000,-9999.0000,-9999.0000,-9999.0000,-9999.0000,-9999.0000
2024-06-28,5,1172.0000,1531.9580,1908.4029,2027.3333,2456.9834,3086.0000,3432.1364,3395.0739,3549.7185,3545.0023,3109.0000
2024-06-28,5,1151.0000,1460.1759,1795.6434,1899.0636,2378.0487,2984.0000,3336.0000,3264.0000,3447.0000,3503.0000,3060.0000
2024-07-06,5,862.0000,947.7840,1249.9318,1235.1355,1653.0000,2700.5895,3096.3794,3002.4548,3222.1008,2712.2859,1899.5873
2024-07-06,5,846.0000,969.0952,1275.0190,1235.9370,1698.9401,2724.8821,3094.8746,3031.3098,3240.7740,2694.8871,1924.0000
2024-07-08,5,794.0000,1073.4697,1411.9890,1401.9647,1813.0000,2908.3317,3491.0000,3426.3842,3614.9264,3009.0951,2281.3988
2024-07-08,5,757.0000,1059.0000,1409.2630,1392.0000,1840.6969,2949.9836,3525.4396,3473.2371,3640.2074,3099.2814,2344.0229
2024-07-11,5,706.0000,1002.9715,1342.0000,1318.3256,1725.3787,2954.5555,3588.4272,3514.2500,3720.9609,2828.9399,2201.0000
2024-07-11,5,739.0000,1027.4958,1328.0000,1317.2519,1709.0000,2934.0566,3568.5139,3480.0000,3693.8661,2903.0000,2294.0000
2024-07-13,5,909.0000,1098.4077,1484.0000,1479.4967,1832.7167,3398.0000,3954.5979,3832.0000,4138.2316,3053.5180,2213.3760
2024-07-13,5,887.0000,1114.0000,1443.0574,1448.0155,1866.5096,3388.0000,3921.0000,3812.0000,4096.2328,3188.0000,2295.6420
2024-07-16,5,678.0000,915.7402,1288.8321,1296.0000,1635.2351,3029.5426,3658.0000,3613.5705,3820.0000,2760.0000,2001.0000
2024-07-16,5,713.0000,954.6111,1272.0000,1266.5292,1732.0000,2982.0000,3585.0000,3544.0000,3747.0000,2788.4863,2027.0000
2024-07-18,5,824.0000,1086.0000,1381.9467,1420.0000,1796.3032,3160.0000,3908.0000,3888.0000,4023.0000,3003.0000,2339.0000
2024-07-18,5,802.0000,1098.6667,1404.7939,1399.5421,1912.0000,3112.6614,3842.0000,3836.0000,3954.2899,3065.0000,2376.9912
2024-07-21,5,569.0000,806.3574,1138.4987,1111.5282,1485.5538,2881.4411,3638.4437,3588.8010,3787.0000,2596.0000,1957.9713
2024-07-21,5,558.0000,803.7286,1148.2503,1074.8607,1517.0000,2875.0000,3613.0000,3572.0000,3772.0000,2561.0000,1902.0000
2024-07-23,5,907.0000,822.0000,1038.0000,944.0000,1342.0000,2489.0000,2903.0000,2834.0000,2994.0000,1932.0000,1230.0000
2024-07-23,5,894.0000,789.0000,952.0000,848.0000,1157.0000,2298.0000,2795.0000,2668.0000,2826.0000,1714.0000,1198.0000
2024-07-26,5,464.0000,651.9289,966.0000,951.6087,1308.9823,2885.0000,3616.0000,3537.1382,3801.9304,2467.2493,1677.0000
2024-07-26,5,623.0000,757.7217,1001.4884,931.3825,1392.0000,2822.0000,3511.0000,3440.0000,3693.0000,2462.0000,1731.0000
2024-07-28,5,599.0000,818.7996,1125.8152,1097.8590,1484.0000,3017.1369,3885.1548,3848.0000,4044.0000,2741.0124,1956.0000
2024-07-28,5,696.0000,882.4826,1146.9912,1083.2662,1544.0000,2955.0000,3771.0000,3696.0000,3906.0000,2698.5140,1921.7321
2024-07-31,5,498.0000,698.0000,1000.5476,961.7021,1370.0000,2799.0000,3577.5595,3520.6905,3728.8473,2361.0000,1692.0000
2024-07-31,5,608.0000,780.1714,1034.0000,954.9446,1413.0000,2741.0000,3502.0000,3444.0000,3653.0000,2371.3198,1680.0000
2024-08-05,5,-9999.0000,-9999.0000,-9999.0000,-9999.0000,-9999.0000,-9999.0000,-9999.0000,-9999.0000,-9999.0000,-9999.0000,-9999.0000
2024-08-05,5,-9999.0000,-9999.0000,-9999.0000,-9999.0000,-9999.0000,-9999.0000,-9999.0000,-9999.0000,-9999.0000,-9999.0000,-9999.0000
2024-08-07,5,503.0000,820.5000,1139.0000,1044.0000,1465.0000,2887.0000,3678.3448,3608.0000,3817.0000,2545.0000,1808.9536
2024-08-07,5,645.0000,842.9861,1108.0000,1003.1217,1451.1710,2819.0000,3561.6152,3496.0000,3699.0000,2473.0000,1845.0000
2024-08-10,5,505.0000,731.8675,1020.7049,946.1656,1363.0000,2720.6764,3465.0000,3420.5135,3636.5309,2413.0000,1698.0000
2024-08-10,5,544.0000,741.5403,1017.1366,940.0000,1421.0000,2716.0000,3430.2347,3388.0000,3580.0947,2406.0000,1760.0000
2024-08-12,5,648.0000,813.0000,1130.6811,1062.0000,1526.0000,3057.7919,3654.3825,3652.0000,3856.2246,2635.0000,1814.9805
2024-08-12,5,679.0000,811.7143,1153.5089,1063.7659,1570.3502,3050.0000,3649.0045,3632.0000,3853.0000,2633.0000,1797.0000
2024-08-12,5,657.0000,812.3669,1168.9053,1077.5171,1520.4310,3110.5426,3719.0000,3680.0000,3899.0000,2658.0000,1865.0000
2024-08-12,5,688.0000,842.5101,1187.6200,1079.4731,1645.0000,3076.4756,3672.0000,3660.0000,3875.0000,2665.0000,1818.9764
2024-08-15,5,510.0000,676.7685,1035.8221,957.0816,1448.0000,2809.0000,3414.0000,3376.2412,3598.8493,2384.0000,1634.1073
2024-08-15,5,580.0000,723.6110,1035.2308,955.2330,1450.8256,2774.7219,3362.5210,3332.0000,3541.9088,2403.7928,1668.7934
2024-08-17,5,-9999.0000,-9999.0000,-9999.0000,-9999.0000,-9999.0000,-9999.0000,-9999.0000,-9999.0000,-9999.0000,-9999.0000,-9999.0000
2024-08-17,5,-9999.0000,-9999.0000,-9999.0000,-9999.0000,-9999.0000,-9999.0000,-9999.0000,-9999.0000,-9999.0000,-9999.0000,-9999.0000
2024-08-20,5,-9999.0000,-9999.0000,-9999.0000,-9999.0000,-9999.0000,-9999.0000,-9999.0000,-9999.0000,-9999.0000,-9999.0000,-9999.0000
2024-08-20,5,-9999.0000,-9999.0000,-9999.0000,-9999.0000,-9999.0000,-9999.0000,-9999.0000,-9999.0000,-9999.0000,-9999.0000,-9999.0000
2024-08-22,5,309.0000,454.0000,861.0040,725.8074,1290.0000,2734.3180,3227.0000,3232.0000,3450.0984,2238.9839,1380.9985
2024-08-22,5,556.0000,624.0000,932.5600,771.8270,1313.3755,2652.1957,3118.0000,3140.0000,3333.6834,2201.4985,1423.0000
2024-08-25,5,458.0000,605.2205,924.7401,820.4676,1335.0000,2612.9800,3117.2738,3124.3262,3328.5338,2322.2232,1495.0000
2024-08-25,5,522.0000,648.0000,931.9197,810.5426,1320.0000,2609.5893,3089.0000,3100.0000,3317.0000,2323.5981,1494.0000
2024-08-27,5,814.0000,1043.3569,1372.6753,1171.5114,1813.4338,3165.6337,3788.4729,3788.0000,4003.0000,2693.9761,1828.6905
2024-08-27,5,859.0000,1016.3653,1276.0000,1121.6000,1640.6327,2852.9517,3448.5000,3456.0000,3668.0000,2612.8797,1778.6038
2024-08-30,5,579.0000,776.7943,1066.8455,979.4444,1490.4735,2541.0315,3038.1536,3033.8924,3269.2816,2420.0000,1703.0000
2024-08-30,5,593.0000,780.3086,1072.0000,970.1858,1491.1185,2557.7018,3046.6135,3040.9986,3294.0000,2435.1958,1718.4593
2024-09-04,5,500.0000,715.1642,1044.4087,1075.3026,1594.7222,2475.0000,2849.5505,2862.4153,3132.0000,2579.0000,1755.0000
2024-09-04,5,587.0000,758.0000,1067.3730,1067.1580,1605.5876,2458.4525,2807.0000,2832.8528,3090.4898,2562.7038,1746.6689
2024-09-09,5,-9999.0000,-9999.0000,-9999.0000,-9999.0000,-9999.0000,-9999.0000,-9999.0000,-9999.0000,-9999.0000,-9999.0000,-9999.0000
2024-09-09,5,-9999.0000,-9999.0000,-9999.0000,-9999.0000,-9999.0000,-9999.0000,-9999.0000,-9999.0000,-9999.0000,-9999.0000,-9999.0000
2024-09-11,5,451.0000,549.7962,809.3478,794.5194,1224.0000,1934.4969,2107.8478,2147.0421,2323.1127,2056.0000,1326.0000
2024-09-11,5,509.0000,590.0000,825.0169,814.0000,1226.0000,1914.0000,2124.0000,2163.8791,2299.8801,2040.6090,1301.0000
2024-09-16,5,1527.0000,1334.0000,1510.0000,1420.5066,1875.0000,2714.0000,3079.0000,3129.4826,3204.0000,2478.0000,1820.0000
2024-09-16,5,1378.0000,1324.0000,1488.6855,1390.0000,1856.0000,2677.0000,2995.0000,3098.2921,3216.0000,2479.0000,1781.0000
2024-09-21,5,427.0000,542.4990,772.0000,829.3250,1234.0000,1826.0000,2002.3458,2098.6967,2219.9502,2131.0000,1444.0000
2024-09-21,5,505.0000,589.4063,805.6759,832.9808,1250.3752,1826.0000,2016.0000,2114.5032,2228.0880,2132.2293,1445.3242
2024-09-24,5,326.0000,432.0000,628.8466,641.6036,1001.9333,1485.5910,1676.1344,1755.7766,1873.8204,1755.0000,1137.7198
2024-09-24,5,412.0000,480.3312,654.3465,661.6667,1034.4953,1512.0258,1708.0000,1771.3097,1891.1958,1742.1138,1129.4235
2024-09-29,5,219.0000,425.2833,612.9827,661.0737,993.0000,1449.0000,1659.0000,1824.8725,1868.4800,1885.0000,1372.0000
2024-09-29,5,242.0000,432.7822,612.8222,657.2651,997.7281,1485.5126,1694.0000,1837.1515,1903.0000,1894.0000,1389.6759
2024-10-11,5,565.0000,832.0000,1112.0000,1332.8134,1690.8816,2035.0000,2188.8814,2315.0576,2424.7920,2902.0000,2258.5643
2024-10-11,5,613.0000,837.6856,1120.0000,1331.8226,1693.0604,2039.0000,2189.9602,2316.5080,2421.4032,2915.0062,2267.4047
2024-10-21,5,635.0000,854.0181,1112.8636,1282.6717,1636.4740,1989.4053,2138.0000,2213.5965,2352.0000,2688.0000,2002.9463
2024-10-21,5,729.0000,901.7010,1152.8844,1293.5645,1642.7420,1978.3531,2129.0000,2197.9910,2338.0000,2684.1979,2028.0105
2024-10-26,5,-9999.0000,-9999.0000,-9999.0000,-9999.0000,-9999.0000,-9999.0000,-9999.0000,-9999.0000,-9999.0000,-9999.0000,-9999.0000
2024-10-29,5,415.0000,713.5285,948.9024,1041.3208,1420.0000,1809.3294,1994.0000,2072.1736,2157.9391,2222.3440,1723.2397
2024-10-29,5,478.0000,734.0597,957.8129,1041.5282,1413.8038,1809.0000,1994.0000,2061.0143,2153.0000,2213.1199,1701.0000
2024-10-31,5,483.0000,701.3520,1000.8334,1091.1954,1501.6037,1966.3359,2093.1539,2227.5640,2313.1121,2583.0000,1924.3990
2024-10-31,5,517.0000,705.2075,997.9322,1096.6469,1512.5893,1980.0000,2118.4056,2228.9068,2316.1536,2575.0000,1889.0000
2024-11-03,5,710.0000,893.5291,1129.6058,1184.9305,1624.8034,2063.0000,2217.0000,2309.0903,2390.5296,2553.0000,1916.0000
2024-11-03,5,742.0000,896.4206,1132.9069,1184.0000,1597.5222,2041.4439,2216.0000,2313.9683,2386.0000,2525.4406,1852.6303
2024-11-05,5,507.0000,824.5417,1077.6973,1163.6257,1593.5011,2030.5045,2192.5099,2371.6409,2374.4615,2691.0000,2118.9107
2024-11-05,5,513.0000,812.5000,1073.0347,1171.0405,1601.0000,2044.0000,2216.3357,2387.7994,2402.4238,2706.0000,2109.0000
2024-11-08,5,461.0000,680.4615,772.2154,910.1197,1000.5575,1040.0000,1117.3231,1187.5080,1185.3164,1426.0000,1295.0000
2024-11-08,5,542.0000,726.4847,796.4900,921.0000,1014.6147,1050.0696,1120.5214,1194.6795,1188.9974,1412.0000,1297.4390
2024-11-10,5,524.0000,684.0000,857.3489,1064.9653,1172.0000,1209.8895,1274.0000,1419.8965,1373.0000,1849.0000,1637.5531
2024-11-10,5,564.0000,698.0000,862.3255,1065.3461,1165.0000,1204.0000,1275.0000,1404.0734,1373.8200,1853.5220,1634.0000
2024-11-13,5,691.0000,981.5179,1176.9690,1435.1133,1576.8500,1604.7640,1664.1163,1809.8650,1774.0304,2373.4911,2213.0000
2024-11-13,5,771.0000,1012.5550,1217.2069,1450.0816,1573.5896,1601.0000,1660.5270,1795.0477,1764.0000,2370.6147,2195.4548
2024-11-15,5,826.0000,1225.1709,1436.4412,1700.0525,1827.9900,1833.0000,1905.5473,2059.6429,1998.4549,2667.3305,2633.7762
2024-11-15,5,880.0000,1244.9538,1443.8623,1707.9054,1825.9625,1837.6248,1917.5885,2058.7683,2000.8784,2675.7336,2643.8649
2024-11-18,5,1040.0000,1324.7789,1501.0000,1706.0000,1848.7284,1900.5186,1976.5410,2050.5995,2048.7993,2477.6650,2451.4738
2024-11-18,5,921.0000,1260.9980,1460.5439,1701.0000,1841.0000,1888.0000,1961.2195,2035.6744,2045.0000,2533.5025,2492.5325
2024-11-23,5,355.0000,504.7517,650.2975,825.8313,896.5522,924.0198,981.8415,1106.7793,1056.9748,1317.5475,1035.0000
2024-11-23,5,402.0000,530.0000,660.4980,828.9268,895.0000,917.5550,975.0000,1091.3669,1057.1251,1321.0000,1028.0885
2024-11-25,5,-9999.0000,-9999.0000,-9999.0000,-9999.0000,-9999.0000,-9999.0000,-9999.0000,-9999.0000,-9999.0000,-9999.0000,-9999.0000
2024-11-25,5,-9999.0000,-9999.0000,-9999.0000,-9999.0000,-9999.0000,-9999.0000,-9999.0000,-9999.0000,-9999.0000,-9999.0000,-9999.0000
2024-11-30,5,446.0000,576.0911,734.2789,928.7448,1015.0000,1040.0000,1088.0000,1218.7176,1177.7427,1501.8095,1252.3837
2024-11-30,5,477.0000,594.0861,744.3560,932.5561,1020.0000,1048.6700,1097.8667,1217.6388,1177.0686,1500.5099,1260.4087
2024-12-05,5,611.0000,841.1735,953.5705,1173.5875,1285.0000,1314.0000,1393.0000,1540.0616,1465.9734,1929.1303,1790.0000
2024-12-05,5,592.0000,845.6582,968.4170,1173.1611,1293.7382,1312.4822,1377.6135,1531.4464,1458.5998,1932.9315,1787.0000
2024-12-13,5,505.0000,713.5000,925.2500,1140.7170,1298.5508,1319.0000,1389.1215,1499.4219,1493.6760,1924.6505,1679.0000
2024-12-13,5,659.0000,812.8172,989.7500,1168.6481,1312.0000,1348.0000,1409.5177,1514.6481,1502.5304,1905.6982,1666.8857
2024-12-13,5,586.0000,756.8609,986.1667,1197.4448,1312.4848,1398.0000,1409.0808,1554.0770,1536.9683,1982.0000,1745.0000
2024-12-13,5,727.0000,853.3087,1041.2102,1221.2000,1334.8009,1426.6058,1433.0000,1571.4131,1549.4292,1978.0601,1741.5842
2024-12-15,5,398.0000,768.0000,905.3503,1088.9782,1205.9793,1248.0000,1317.4444,1442.3816,1394.4696,1837.0952,1649.6293
2024-12-15,5,639.0000,866.0000,972.7044,1125.2167,1264.3682,1312.0000,1379.0000,1466.9313,1438.5159,1812.0202,1640.5204
2024-12-18,5,-9999.0000,-9999.0000,-9999.0000,-9999.0000,-9999.0000,-9999.0000,-9999.0000,-9999.0000,-9999.0000,-9999.0000,-9999.0000
2024-12-23,5,-9999.0000,-9999.0000,-9999.0000,-9999.0000,-9999.0000,-9999.0000,-9999.0000,-9999.0000,-9999.0000,-9999.0000,-9999.0000
2024-12-25,5,436.0000,688.5141,808.7437,969.1076,1105.0000,1194.0000,1263.0000,1388.9475,1341.0000,1488.5734,1174.0000
2024-12-25,5,487.0000,726.6881,837.1727,985.6243,1122.1641,1210.0000,1268.6684,1404.2145,1341.0000,1490.6592,1174.4964
2024-12-28,5,599.0000,824.4056,904.4847,1002.0000,1137.0000,1235.0000,1301.0000,1400.0000,1365.3565,1446.0000,1279.0000
2024-12-28,5,595.0000,818.5905,892.0000,994.2092,1131.0000,1228.3845,1301.0000,1389.6438,1361.7239,1446.6128,1270.5793
2024-12-30,5,451.0000,574.3619,728.6478,889.1212,1052.4135,1159.0000,1204.1823,1300.7108,1297.7416,1504.2908,1213.0000
2024-12-30,5,526.0000,624.2911,762.5867,909.4395,1068.5013,1170.4170,1220.0000,1321.4930,1307.0000,1510.0000,1216.5412
2025-01-04,5,-9999.0000,-9999.0000,-9999.0000,-9999.0000,-9999.0000,-9999.0000,-9999.0000,-9999.0000,-9999.0000,-9999.0000,-9999.0000
2025-01-12,5,457.0000,604.0000,772.2320,921.5229,1081.9711,1152.0000,1222.4776,1325.5343,1304.3494,1530.0000,1200.0000
2025-01-12,5,512.0000,640.0000,790.0000,924.5014,1074.0000,1144.0000,1206.0183,1332.6290,1292.5037,1524.0000,1190.4524
2025-01-14,5,775.0000,972.9827,1149.2308,1314.4936,1476.0000,1566.0000,1623.0000,1838.0000,1738.0000,2135.0000,1931.0000
2025-01-14,5,754.0000,984.9091,1148.0000,1323.2630,1466.0000,1538.0000,1615.0000,1824.8616,1720.0000,2094.0000,1860.1712
2025-01-17,5,790.0000,1044.9941,1252.9759,1450.3077,1620.0000,1667.0000,1737.0000,1919.0000,1801.4807,2199.0000,2161.9995
2025-01-17,5,819.0000,1072.6667,1258.0000,1449.7448,1592.0000,1675.0000,1720.0000,1896.0000,1793.0000,2196.9392,2161.8783
2025-02-03,5,644.0000,870.6667,1025.2840,1165.0265,1349.4549,1447.0000,1524.0000,1641.2394,1588.0000,1843.0000,1554.0000
2025-02-03,5,633.0000,862.0000,1016.5908,1164.9737,1357.0381,1447.0000,1524.6061,1628.6557,1578.4976,1848.3639,1557.0000
2025-02-06,5,613.0000,812.6773,1005.6490,1169.1584,1345.0000,1451.0000,1525.0000,1648.6735,1594.0000,1847.0000,1667.0000
2025-02-06,5,670.0000,852.0176,1021.9971,1172.7761,1350.0000,1451.0000,1516.4384,1640.7133,1595.0000,1828.0000,1657.0000
2025-02-08,5,948.0000,1137.9122,1435.3655,1626.1613,1874.9608,1991.0000,2014.0783,2124.3448,2129.0000,2642.0000,2285.4848
2025-02-08,5,988.0000,1148.9623,1434.4801,1619.0036,1852.0000,1966.0000,1999.0000,2113.7288,2102.0000,2594.0000,2275.4467
2025-02-16,5,-9999.0000,-9999.0000,-9999.0000,-9999.0000,-9999.0000,-9999.0000,-9999.0000,-9999.0000,-9999.0000,-9999.0000,-9999.0000
2025-02-16,5,-9999.0000,-9999.0000,-9999.0000,-9999.0000,-9999.0000,-9999.0000,-9999.0000,-9999.0000,-9999.0000,-9999.0000,-9999.0000
2025-02-18,5,1046.0000,1155.0000,1460.0000,1754.0000,1998.0000,2198.9671,2208.0000,2451.7810,2385.4581,2834.1429,2403.0000
2025-02-18,5,1076.0000,1218.0000,1491.6370,1740.4431,1996.0000,2160.0000,2215.0000,2408.0741,2363.0000,2819.3136,2414.0000
2025-02-21,5,1110.0000,1346.6000,1706.0000,1981.5172,2259.0000,2431.0000,2474.0000,2645.3607,2616.5858,3168.0000,2768.3361
2025-02-21,5,1286.0000,1419.4021,1717.8866,1949.9271,2219.0000,2380.8418,2412.7344,2571.4956,2570.6864,3073.0000,2723.0000
2025-02-28,5,-9999.0000,-9999.0000,-9999.0000,-9999.0000,-9999.0000,-9999.0000,-9999.0000,-9999.0000,-9999.0000,-9999.0000,-9999.0000
2025-02-28,5,-9999.0000,-9999.0000,-9999.0000,-9999.0000,-9999.0000,-9999.0000,-9999.0000,-9999.0000,-9999.0000,-9999.0000,-9999.0000
2025-03-03,5,904.0000,1049.6379,1404.9940,1633.3976,1948.4545,2220.3253,2302.0000,2514.2526,2430.0997,2770.9072,2263.0000
2025-03-03,5,975.0000,1092.2204,1427.6849,1635.1225,1948.2743,2229.7215,2308.6986,2514.3717,2424.0000,2767.0000,2250.0000
2025-03-05,5,970.0000,1260.6606,1572.0909,1764.0000,2094.0000,2386.3351,2517.5294,2713.2574,2586.0493,2992.0000,2715.6827
2025-03-05,5,995.0000,1272.3542,1579.3602,1771.3333,2097.0000,2395.9009,2511.0000,2712.6351,2614.0000,3026.0000,2703.0000
2025-03-08,5,1226.0000,1442.2185,1770.0000,1974.0000,2331.0000,2699.0000,2848.0000,2996.9172,2944.1163,3107.2160,2711.0000
2025-03-08,5,1180.0000,1436.6997,1827.3333,2033.7288,2380.3283,2792.1283,2925.0991,3059.7944,3009.0000,3158.0000,2745.0000
2025-03-10,5,-9999.0000,-9999.0000,-9999.0000,-9999.0000,-9999.0000,-9999.0000,-9999.0000,-9999.0000,-9999.0000,-9999.0000,-9999.0000
2025-03-10,5,-9999.0000,-9999.0000,-9999.0000,-9999.0000,-9999.0000,-9999.0000,-9999.0000,-9999.0000,-9999.0000,-9999.0000,-9999.0000
2025-03-18,5,552.0000,752.0000,1049.2468,1076.4006,1453.0459,2138.5002,2333.1687,2548.0000,2417.0000,2031.0000,1532.4606
2025-03-18,5,617.0000,797.6016,1073.3532,1086.0000,1461.0408,2141.2704,2316.6091,2526.0000,2422.0000,2015.0000,1525.0000
2025-03-20,5,666.0000,789.4091,1134.0000,1148.0000,1678.0000,2420.9217,2570.5012,2806.0000,2687.0000,2306.0000,1617.1774
2025-03-20,5,749.0000,838.6967,1152.4938,1152.0000,1661.0983,2405.2620,2537.7433,2768.0000,2646.5738,2276.0000,1604.2733
2025-03-23,5,-9999.0000,-9999.0000,-9999.0000,-9999.0000,-9999.0000,-9999.0000,-9999.0000,-9999.0000,-9999.0000,-9999.0000,-9999.0000
2025-03-23,5,-9999.0000,-9999.0000,-9999.0000,-9999.0000,-9999.0000,-9999.0000,-9999.0000,-9999.0000,-9999.0000,-9999.0000,-9999.0000
2025-03-25,5,-9999.0000,-9999.0000,-9999.0000,-9999.0000,-9999.0000,-9999.0000,-9999.0000,-9999.0000,-9999.0000,-9999.0000,-9999.0000
2025-03-30,5,-9999.0000,-9999.0000,-9999.0000,-9999.0000,-9999.0000,-9999.0000,-9999.0000,-9999.0000,-9999.0000,-9999.0000,-9999.0000
2025-03-30,5,-9999.0000,-9999.0000,-9999.0000,-9999.0000,-9999.0000,-9999.0000,-9999.0000,-9999.0000,-9999.0000,-9999.0000,-9999.0000
2025-04-01,5,-9999.0000,-9999.0000,-9999.0000,-9999.0000,-9999.0000,-9999.0000,-9999.0000,-9999.0000,-9999.0000,-9999.0000,-9999.0000
2025-04-02,5,388.0000,482.2320,810.5967,700.5791,1265.0000,2285.9760,2485.0000,2612.6874,2590.2102,1734.0000,1079.0000
2025-04-02,5,462.0000,538.2623,838.0000,721.0000,1270.0000,2293.5260,2489.2371,2621.2041,2597.2337,1734.5159,1089.0000
2025-04-04,5,439.0000,590.0000,874.5000,741.0000,1270.0000,2432.0000,2773.6651,2909.8016,2838.0000,1792.0000,1167.0000
2025-04-04,5,499.0000,639.0000,902.4466,756.5160,1277.0000,2416.0137,2754.6334,2894.0000,2810.1286,1790.4901,1154.0000
2025-04-04,5,358.0000,464.3938,778.0000,676.7669,1189.0000,2301.0114,2585.0000,2688.3531,2683.0000,1694.0000,1088.0000
2025-04-04,5,459.0000,538.2833,822.0000,705.7652,1202.5281,2289.0000,2557.0000,2664.9783,2657.0902,1680.0000,1077.0000
2025-04-07,5,593.0000,682.2784,914.0000,714.0000,1273.4568,2414.0000,2645.0000,2854.8900,2705.4696,1565.0007,1009.6314
2025-04-11,5,469.0000,528.4775,916.7596,733.3402,1399.0000,2872.2042,3182.0000,3299.9818,3298.0000,1879.0000,1192.9989
2025-04-11,5,593.0000,620.0000,968.3084,773.0513,1429.4665,2838.0000,3110.0000,3265.9207,3236.7079,1862.4585,1181.0000
2025-04-12,5,205.0000,322.5110,765.1937,620.5835,1368.0000,2764.0968,3055.0000,3181.6667,3157.0000,1808.0000,1120.8620
2025-04-12,5,519.0000,576.0000,902.0000,729.1987,1421.4787,2685.5476,2932.6234,3067.2662,3050.0000,1781.7699,1129.0000
2025-04-19,5,366.0000,390.0000,670.0000,402.9239,1116.9139,2799.0000,3195.1668,3282.1769,3281.0000,1537.0000,791.0000
2025-04-19,5,374.0000,387.0000,664.0000,392.4943,1124.0000,2784.4915,3190.0000,3282.5486,3274.9039,1520.6108,778.0000
2025-04-22,5,149.0000,196.2140,494.3690,302.8471,908.3010,2534.5255,2968.5018,3019.3808,3108.6173,1371.0000,718.0000
2025-04-22,5,219.0000,251.0000,528.0000,324.5404,940.5006,2537.6943,2971.0000,3027.1784,3105.5201,1370.6190,720.7687
2025-04-24,5,-9999.0000,-9999.0000,-9999.0000,-9999.0000,-9999.0000,-9999.0000,-9999.0000,-9999.0000,-9999.0000,-9999.0000,-9999.0000
2025-04-24,5,-9999.0000,-9999.0000,-9999.0000,-9999.0000,-9999.0000,-9999.0000,-9999.0000,-9999.0000,-9999.0000,-9999.0000,-9999.0000
2025-04-24,5,505.0000,398.1944,678.5645,417.9676,1044.0000,3061.0000,3739.5282,3770.4941,3883.0000,1549.0000,833.0000
2025-04-24,5,591.0000,516.1148,760.0000,490.6660,1092.0000,3039.0000,3706.0000,3703.3180,3851.8728,1533.5464,834.0588
2025-04-27,5,132.0000,236.0000,452.5441,232.6600,754.3236,2474.5522,3156.9690,3210.4704,3257.9408,1176.6308,608.4629
2025-04-27,5,291.0000,361.0000,538.0000,306.7249,806.0000,2436.0000,3086.0000,3129.7660,3197.5192,1167.0000,614.0000
2025-04-29,5,165.0000,188.3968,486.5670,228.6858,976.5117,3021.4976,3612.5000,3784.0000,3763.4563,1391.0000,673.0000
2025-04-29,5,334.0000,328.0000,579.0000,314.5025,1018.0000,2943.0000,3498.5298,3672.3738,3651.5762,1383.0000,666.9240
2025-05-01,5,290.0000,284.4978,552.0000,296.5338,900.0000,2990.0000,3656.0000,3753.7895,3796.2947,1418.0000,721.0000
2025-05-01,5,394.0000,384.0000,620.0000,358.6667,928.0000,2944.4850,3571.2661,3699.1929,3740.9301,1423.0000,725.0000
2025-05-02,5,284.0000,290.0000,540.0000,290.3351,963.0000,2855.0000,3421.0634,3516.5992,3577.7990,1350.4029,685.0000
2025-05-02,5,353.0000,348.0000,580.8568,322.0000,982.0000,2862.0085,3429.4556,3515.0107,3584.0000,1355.0000,685.0000
2025-05-04,5,878.0000,1098.0000,1316.0000,1014.0000,1664.0000,3425.3957,4130.0000,4124.0000,4133.4501,1754.0000,1185.0000
2025-05-04,5,939.0000,1128.0000,1310.0000,1015.0000,1616.0000,3249.0000,3917.9128,3937.6320,3951.0000,1736.4994,1180.0000
2025-05-04,5,753.0000,862.0000,1158.0000,884.3995,1500.5604,3300.5326,3934.0000,3938.1051,4029.3896,1648.4391,1080.5292
2025-05-04,5,960.0000,988.0000,1206.0000,952.0000,1500.0000,3074.0000,3649.0000,3676.0000,3774.3745,1628.1465,1077.0000
2025-05-09,5,281.0000,265.0000,586.0000,272.3150,1124.0000,3257.2724,3881.0000,4048.9949,4053.1938,1390.1370,675.0000
2025-05-09,5,287.0000,273.0000,584.3739,268.1914,1115.0000,3248.0000,3853.3557,4041.5414,4037.3687,1390.0000,669.0000
2025-05-11,5,242.0000,280.2178,572.1453,304.0000,963.0000,3025.6179,3683.0000,3802.7653,3869.4864,1350.2423,680.5269
2025-05-11,5,334.0000,339.0000,610.0000,338.4479,978.4702,2996.4930,3635.6896,3777.0424,3802.0164,1352.0000,682.6249
2025-05-12,5,0.0000,11.0000,346.0000,108.4817,888.0000,2949.0826,3602.0000,3746.8511,3804.0000,1298.0493,628.0273
2025-05-12,5,165.0000,150.0000,448.1251,194.4025,964.0000,2920.9217,3530.0000,3706.0000,3732.9395,1314.1059,647.0000
