2017-04-03,250,637.0000,732.9978,893.6014,1089.4000,1348.0000,1549.1199,1712.0000,1905.3247,2029.0000,3109.0826,2781.0000
2017-04-03,250,597.0000,725.3333,893.7500,1088.0000,1358.5131,1546.0000,1717.2496,1922.5170,2020.2612,3115.0000,2772.0000
2017-04-26,250,-9999.0000,-9999.0000,-9999.0000,-9999.0000,-9999.0000,-9999.0000,-9999.0000,-9999.0000,-9999.0000,-9999.0000,-9999.0000
2017-04-26,250,-9999.0000,-9999.0000,-9999.0000,-9999.0000,-9999.0000,-9999.0000,-9999.0000,-9999.0000,-9999.0000,-9999.0000,-9999.0000
2017-05-06,250,-9999.0000,-9999.0000,-9999.0000,-9999.0000,-9999.0000,-9999.0000,-9999.0000,-9999.0000,-9999.0000,-9999.0000,-9999.0000
2017-05-13,250,932.7251,805.2121,784.9453,881.6000,1034.6676,1142.1924,1275.7942,1372.5036,1584.9704,2350.0000,1816.8688
2017-05-13,250,911.0000,780.2205,764.4556,867.0067,1027.5000,1122.0000,1263.0000,1371.5491,1592.0000,2345.6046,1813.0000
2017-05-26,250,872.0000,841.0000,993.3043,1187.7500,1461.0000,1763.3507,1929.9308,2099.3333,2246.3393,3323.5225,3135.0000
2017-05-26,250,684.0000,837.0000,989.7500,1196.0000,1473.5447,1740.8756,1945.4340,2093.0257,2235.5000,3305.0000,3133.1928
2017-06-02,250,-9999.0000,-9999.0000,-9999.0000,-9999.0000,-9999.0000,-9999.0000,-9999.0000,-9999.0000,-9999.0000,-9999.0000,-9999.0000
2017-06-02,250,-9999.0000,-9999.0000,-9999.0000,-9999.0000,-9999.0000,-9999.0000,-9999.0000,-9999.0000,-9999.0000,-9999.0000,-9999.0000
2017-06-05,250,801.0000,1112.7500,1389.6649,1594.5000,2159.0000,2861.4943,3174.8224,3383.2000,3642.6667,4397.6667,3761.0000
2017-06-05,250,743.0000,1117.3836,1384.7500,1588.0000,2116.9995,2868.4586,3159.6545,3375.6429,3619.4926,4323.0000,3733.4579
2017-07-05,250,797.0000,500.0000,962.0000,612.0000,1542.0000,4843.0000,5695.0000,5608.0000,5873.0000,2242.0000,1179.0000
2017-07-05,250,-9999.0000,-9999.0000,-9999.0000,-9999.0000,-9999.0000,-9999.0000,-9999.0000,-9999.0000,-9999.0000,-9999.0000,-9999.0000
2017-08-04,250,955.0000,513.0000,848.0000,485.0000,1471.0000,5208.0000,6490.0000,6230.0000,6580.0000,2495.0000,1267.0000
2017-08-04,250,1201.0000,482.0000,909.0000,466.0000,1462.0000,5072.0000,6121.0000,6216.0000,6334.0000,2211.0000,1226.0000
2017-08-14,250,35.0000,192.6554,610.1816,245.3302,1052.0000,4440.5881,5459.1126,5576.0615,5588.7798,1571.3351,632.5000
2017-08-21,250,-9999.0000,-9999.0000,-9999.0000,-9999.0000,-9999.0000,-9999.0000,-9999.0000,-9999.0000,-9999.0000,-9999.0000,-9999.0000
2017-08-21,250,-9999.0000,-9999.0000,-9999.0000,-9999.0000,-9999.0000,-9999.0000,-9999.0000,-9999.0000,-9999.0000,-9999.0000,-9999.0000
2017-08-31,250,-9999.0000,-9999.0000,-9999.0000,-9999.0000,-9999.0000,-9999.0000,-9999.0000,-9999.0000,-9999.0000,-9999.0000,-9999.0000
2017-08-31,250,-9999.0000,-9999.0000,-9999.0000,-9999.0000,-9999.0000,-9999.0000,-9999.0000,-9999.0000,-9999.0000,-9999.0000,-9999.0000
2017-09-03,250,382.0000,518.3514,936.4688,469.5663,1396.4984,5159.9629,6263.1493,6457.5147,6481.3351,1716.0000,691.6667
2017-09-03,250,382.0000,516.4454,932.4993,465.4867,1390.4347,5171.1628,6264.7640,6453.0000,6485.2056,1722.5000,691.5001
2017-09-10,250,1.0000,250.5000,718.5000,364.0000,1327.0000,4561.0000,5267.0000,4995.0000,5379.0000,1667.0000,718.0000
2017-09-10,250,1.0000,256.6913,754.5193,366.5193,1282.0000,4444.0000,5241.0000,5310.0000,5327.0000,1681.0000,724.0000
2017-09-13,250,-9999.0000,-9999.0000,-9999.0000,-9999.0000,-9999.0000,-9999.0000,-9999.0000,-9999.0000,-9999.0000,-9999.0000,-9999.0000
2017-09-13,250,-9999.0000,-9999.0000,-9999.0000,-9999.0000,-9999.0000,-9999.0000,-9999.0000,-9999.0000,-9999.0000,-9999.0000,-9999.0000
2017-09-20,250,-9999.0000,-9999.0000,-9999.0000,-9999.0000,-9999.0000,-9999.0000,-9999.0000,-9999.0000,-9999.0000,-9999.0000,-9999.0000
2017-09-23,250,291.0000,356.0000,700.5466,300.7143,1120.0000,4042.3338,4788.4990,5014.8571,4933.0000,1463.0000,642.0000
2017-09-23,250,284.0000,356.6907,698.5000,301.4490,1119.0000,4046.0000,4752.0000,5017.5000,4932.0000,1465.5000,638.0000
2017-10-03,250,-9999.0000,-9999.0000,-9999.0000,-9999.0000,-9999.0000,-9999.0000,-9999.0000,-9999.0000,-9999.0000,-9999.0000,-9999.0000
2017-10-03,250,-9999.0000,-9999.0000,-9999.0000,-9999.0000,-9999.0000,-9999.0000,-9999.0000,-9999.0000,-9999.0000,-9999.0000,-9999.0000
2017-10-20,250,213.0000,340.0000,736.0000,362.0000,1209.0000,4031.0000,4533.0000,5212.0000,4795.0000,1427.0000,602.0000
2017-10-20,250,196.0000,332.0000,731.0000,362.0000,1191.0000,3782.0000,4448.0000,5316.0000,4717.0000,1437.0000,618.0000
2017-10-30,250,-9999.0000,-9999.0000,-9999.0000,-9999.0000,-9999.0000,-9999.0000,-9999.0000,-9999.0000,-9999.0000,-9999.0000,-9999.0000
2017-10-30,250,-9999.0000,-9999.0000,-9999.0000,-9999.0000,-9999.0000,-9999.0000,-9999.0000,-9999.0000,-9999.0000,-9999.0000,-9999.0000
2017-11-02,250,436.0000,526.8038,785.8889,476.4450,1196.4878,3636.0449,4204.8208,4558.1063,4452.0000,1677.3564,852.0000
2017-11-02,250,425.0000,512.4934,777.1698,472.3333,1203.0000,3626.0000,4216.0298,4527.7710,4527.7147,1673.5000,850.5256
2017-11-09,250,-9999.0000,-9999.0000,-9999.0000,-9999.0000,-9999.0000,-9999.0000,-9999.0000,-9999.0000,-9999.0000,-9999.0000,-9999.0000
2017-11-09,250,-9999.0000,-9999.0000,-9999.0000,-9999.0000,-9999.0000,-9999.0000,-9999.0000,-9999.0000,-9999.0000,-9999.0000,-9999.0000
2017-11-19,250,235.0000,281.0000,324.4615,401.0000,553.8956,674.4000,757.6505,901.2343,947.6667,1032.0000,698.7524
2017-11-19,250,215.0000,289.0000,332.6452,411.0000,570.0000,689.4926,771.5020,903.4302,955.4000,1031.0000,697.0000
2017-12-09,250,-9999.0000,-9999.0000,-9999.0000,-9999.0000,-9999.0000,-9999.0000,-9999.0000,-9999.0000,-9999.0000,-9999.0000,-9999.0000
2017-12-09,250,-9999.0000,-9999.0000,-9999.0000,-9999.0000,-9999.0000,-9999.0000,-9999.0000,-9999.0000,-9999.0000,-9999.0000,-9999.0000
2017-12-17,250,1.0000,468.0000,413.0000,460.3333,626.7799,701.0000,805.5000,929.3524,980.0000,1043.0000,712.0000
2017-12-17,250,1.0000,469.0000,417.0000,460.5880,628.0000,709.0000,809.0262,925.7025,986.0000,1032.8314,710.0000
2017-12-29,250,395.0000,480.6028,457.0000,538.5700,750.3837,905.6667,1001.2125,1171.4444,1257.0000,1385.5420,944.5000
2017-12-29,250,395.0000,478.7401,452.6667,536.5000,756.4504,905.6159,1009.6846,1171.8571,1243.0000,1373.3478,933.0000
2018-01-01,250,-9999.0000,-9999.0000,-9999.0000,-9999.0000,-9999.0000,-9999.0000,-9999.0000,-9999.0000,-9999.0000,-9999.0000,-9999.0000
2018-01-01,250,-9999.0000,-9999.0000,-9999.0000,-9999.0000,-9999.0000,-9999.0000,-9999.0000,-9999.0000,-9999.0000,-9999.0000,-9999.0000
2018-01-08,250,852.0000,898.0000,948.7864,1193.5029,1524.0000,1761.0233,1941.0000,2178.6779,2304.0000,2932.6341,2498.2914
2018-01-08,250,838.0000,892.8571,945.1892,1198.8359,1512.0000,1763.0000,1938.0000,2154.9620,2293.5217,2940.3856,2508.6603
2018-01-16,250,-9999.0000,-9999.0000,-9999.0000,-9999.0000,-9999.0000,-9999.0000,-9999.0000,-9999.0000,-9999.0000,-9999.0000,-9999.0000
2018-01-16,250,-9999.0000,-9999.0000,-9999.0000,-9999.0000,-9999.0000,-9999.0000,-9999.0000,-9999.0000,-9999.0000,-9999.0000,-9999.0000
2018-01-21,250,1.0000,116.2541,220.0000,382.5000,576.0000,785.7002,901.0000,1098.7254,1160.0000,1332.7706,888.0000
2018-01-21,250,1.0000,118.0000,220.0000,386.8000,585.0000,793.8965,905.4402,1099.2028,1172.7504,1330.7500,885.0000
2018-02-02,250,-9999.0000,-9999.0000,-9999.0000,-9999.0000,-9999.0000,-9999.0000,-9999.0000,-9999.0000,-9999.0000,-9999.0000,-9999.0000
2018-02-02,250,-9999.0000,-9999.0000,-9999.0000,-9999.0000,-9999.0000,-9999.0000,-9999.0000,-9999.0000,-9999.0000,-9999.0000,-9999.0000
2018-02-05,250,-9999.0000,-9999.0000,-9999.0000,-9999.0000,-9999.0000,-9999.0000,-9999.0000,-9999.0000,-9999.0000,-9999.0000,-9999.0000
2018-02-05,250,-9999.0000,-9999.0000,-9999.0000,-9999.0000,-9999.0000,-9999.0000,-9999.0000,-9999.0000,-9999.0000,-9999.0000,-9999.0000
2018-02-07,250,497.0000,477.2119,621.2587,817.0010,1119.0000,1453.5000,1630.5000,1923.5212,1928.0000,2419.3865,1913.0000
2018-02-07,250,457.0000,461.5000,616.5568,810.1245,1118.1504,1437.0000,1612.0000,1924.8139,1906.5000,2425.6842,1929.9797
2018-02-12,250,-9999.0000,-9999.0000,-9999.0000,-9999.0000,-9999.0000,-9999.0000,-9999.0000,-9999.0000,-9999.0000,-9999.0000,-9999.0000
2018-02-12,250,-9999.0000,-9999.0000,-9999.0000,-9999.0000,-9999.0000,-9999.0000,-9999.0000,-9999.0000,-9999.0000,-9999.0000,-9999.0000
2018-02-22,250,-9999.0000,-9999.0000,-9999.0000,-9999.0000,-9999.0000,-9999.0000,-9999.0000,-9999.0000,-9999.0000,-9999.0000,-9999.0000
2018-02-25,250,594.0000,722.2500,873.5000,997.5000,1337.0000,1695.0000,1876.4943,2030.6000,2185.0000,2934.0293,2538.5000
2018-02-25,250,449.0000,713.8470,865.7016,997.7478,1330.0000,1697.0000,1874.0000,2022.2154,2173.0000,2935.0000,2535.0000
2018-02-27,250,-9999.0000,-9999.0000,-9999.0000,-9999.0000,-9999.0000,-9999.0000,-9999.0000,-9999.0000,-9999.0000,-9999.0000,-9999.0000
2018-02-27,250,-9999.0000,-9999.0000,-9999.0000,-9999.0000,-9999.0000,-9999.0000,-9999.0000,-9999.0000,-9999.0000,-9999.0000,-9999.0000
2018-03-02,250,600.0000,845.8986,985.5730,1221.0000,1549.0000,1884.0000,2059.0000,2265.5075,2409.6244,3389.5228,3051.9700
2018-03-02,250,619.0000,845.8050,985.0000,1217.5000,1550.0000,1893.8538,2070.0485,2268.8191,2405.6567,3386.0000,3053.8014
2018-03-07,250,240.0000,426.2046,494.1667,585.0927,860.5000,1153.7107,1286.8076,1385.8873,1522.0000,2063.0000,1557.0000
2018-03-07,250,257.0000,419.0000,496.3400,582.0013,871.0000,1151.0000,1282.3841,1382.6199,1524.0000,2057.0000,1545.5000
2018-03-09,250,-9999.0000,-9999.0000,-9999.0000,-9999.0000,-9999.0000,-9999.0000,-9999.0000,-9999.0000,-9999.0000,-9999.0000,-9999.0000
2018-03-09,250,-9999.0000,-9999.0000,-9999.0000,-9999.0000,-9999.0000,-9999.0000,-9999.0000,-9999.0000,-9999.0000,-9999.0000,-9999.0000
2018-03-14,250,-9999.0000,-9999.0000,-9999.0000,-9999.0000,-9999.0000,-9999.0000,-9999.0000,-9999.0000,-9999.0000,-9999.0000,-9999.0000
2018-03-14,250,-9999.0000,-9999.0000,-9999.0000,-9999.0000,-9999.0000,-9999.0000,-9999.0000,-9999.0000,-9999.0000,-9999.0000,-9999.0000
2018-03-17,250,827.0000,942.0000,1073.0000,1215.0000,1519.0000,1916.0000,2082.0000,2235.0000,2370.0000,2756.0000,2220.0000
2018-03-17,250,836.0000,874.0000,1027.0000,1190.0000,1526.0000,1887.0000,2111.0000,2245.0000,2386.0000,2814.0000,2274.0000
2018-03-19,250,668.0000,668.0000,857.7213,984.9322,1316.6409,1813.1098,2032.0000,2358.2975,2341.3728,3017.5228,2543.0000
2018-03-19,250,670.0000,668.2054,854.0000,989.5153,1306.2778,1808.0000,2025.3570,2352.9720,2333.0000,3013.8889,2533.0000
2018-03-24,250,-9999.0000,-9999.0000,-9999.0000,-9999.0000,-9999.0000,-9999.0000,-9999.0000,-9999.0000,-9999.0000,-9999.0000,-9999.0000
2018-03-24,250,-9999.0000,-9999.0000,-9999.0000,-9999.0000,-9999.0000,-9999.0000,-9999.0000,-9999.0000,-9999.0000,-9999.0000,-9999.0000
2018-03-29,250,-9999.0000,-9999.0000,-9999.0000,-9999.0000,-9999.0000,-9999.0000,-9999.0000,-9999.0000,-9999.0000,-9999.0000,-9999.0000
2018-03-29,250,-9999.0000,-9999.0000,-9999.0000,-9999.0000,-9999.0000,-9999.0000,-9999.0000,-9999.0000,-9999.0000,-9999.0000,-9999.0000
2018-04-06,250,313.0000,402.6955,548.0000,482.0000,896.0000,1502.1452,1669.2736,1869.5000,1850.1946,1712.2743,1140.5000
2018-04-06,250,316.0000,398.1125,546.0000,482.0000,892.0000,1513.8409,1666.0000,1860.8000,1855.0000,1704.0000,1147.0000
2018-04-08,250,581.0000,650.3455,840.5000,834.0000,1229.0000,1780.0000,1949.0000,2057.3680,2150.0262,1914.3598,1325.0000
2018-04-08,250,536.0000,644.6444,836.5994,838.0000,1224.0000,1749.4340,1924.0000,2044.7434,2128.0000,1910.0000,1328.8947
2018-04-11,250,-9999.0000,-9999.0000,-9999.0000,-9999.0000,-9999.0000,-9999.0000,-9999.0000,-9999.0000,-9999.0000,-9999.0000,-9999.0000
2018-04-11,250,-9999.0000,-9999.0000,-9999.0000,-9999.0000,-9999.0000,-9999.0000,-9999.0000,-9999.0000,-9999.0000,-9999.0000,-9999.0000
2018-04-16,250,-9999.0000,-9999.0000,-9999.0000,-9999.0000,-9999.0000,-9999.0000,-9999.0000,-9999.0000,-9999.0000,-9999.0000,-9999.0000
2018-04-16,250,-9999.0000,-9999.0000,-9999.0000,-9999.0000,-9999.0000,-9999.0000,-9999.0000,-9999.0000,-9999.0000,-9999.0000,-9999.0000
2018-04-18,250,517.0000,628.7500,861.2338,977.4358,1309.3010,1681.0000,1853.0000,2021.0000,2108.0000,2836.0000,2455.0000
2018-04-18,250,474.0000,625.9081,861.9904,977.5000,1290.0000,1656.0000,1849.0000,2017.3993,2113.1858,2779.0000,2459.0000
2018-04-21,250,486.3586,590.5000,704.8000,858.0000,1054.7464,1266.3325,1417.9852,1593.5000,1692.0000,2640.5124,2496.0000
2018-04-21,250,488.0000,588.6667,703.0000,856.4960,1052.7258,1261.5002,1414.0000,1595.0000,1685.0327,2624.0000,2493.6733
2018-04-23,250,-9999.0000,-9999.0000,-9999.0000,-9999.0000,-9999.0000,-9999.0000,-9999.0000,-9999.0000,-9999.0000,-9999.0000,-9999.0000
2018-04-23,250,-9999.0000,-9999.0000,-9999.0000,-9999.0000,-9999.0000,-9999.0000,-9999.0000,-9999.0000,-9999.0000,-9999.0000,-9999.0000
2018-04-26,250,-9999.0000,-9999.0000,-9999.0000,-9999.0000,-9999.0000,-9999.0000,-9999.0000,-9999.0000,-9999.0000,-9999.0000,-9999.0000
2018-04-26,250,-9999.0000,-9999.0000,-9999.0000,-9999.0000,-9999.0000,-9999.0000,-9999.0000,-9999.0000,-9999.0000,-9999.0000,-9999.0000
2018-05-03,250,-9999.0000,-9999.0000,-9999.0000,-9999.0000,-9999.0000,-9999.0000,-9999.0000,-9999.0000,-9999.0000,-9999.0000,-9999.0000
2018-05-03,250,-9999.0000,-9999.0000,-9999.0000,-9999.0000,-9999.0000,-9999.0000,-9999.0000,-9999.0000,-9999.0000,-9999.0000,-9999.0000
2018-05-06,250,742.0000,960.6651,1040.4885,1268.7398,1449.0000,1609.0000,1790.0000,2002.1341,2092.0000,3387.5009,3297.4953
2018-05-06,250,743.0000,966.3122,1044.4080,1270.9884,1447.0000,1608.5002,1789.7497,2002.5000,2103.0000,3373.0000,3290.8333
2018-05-08,250,960.0000,1032.8333,1173.3312,1421.6675,1634.0000,1828.0000,2004.0175,2186.4691,2322.0000,3615.0000,3455.0000
2018-05-08,250,956.0000,1033.4000,1174.3333,1429.5000,1625.5000,1833.0000,2021.2887,2188.7053,2327.0000,3587.7412,3444.0000
2018-05-11,250,1158.0000,1122.1655,1222.5000,1473.7500,1667.5743,1953.0000,2171.0000,2378.0000,2552.0000,3726.0000,3344.0000
2018-05-11,250,1020.0000,1204.9714,1256.0000,1474.5000,1681.0000,1956.0000,2179.0000,2387.0047,2590.0000,3698.1280,3366.0000
2018-05-13,250,892.0000,1161.2849,1316.3561,1576.8543,1840.0000,2054.0000,2260.1113,2380.0251,2596.3964,3789.0161,3720.0000
2018-05-13,250,891.0000,1165.6128,1318.4016,1577.8030,1853.5000,2065.0000,2285.0000,2373.0345,2584.6443,3778.0000,3717.9995
2018-05-16,250,-9999.0000,-9999.0000,-9999.0000,-9999.0000,-9999.0000,-9999.0000,-9999.0000,-9999.0000,-9999.0000,-9999.0000,-9999.0000
2018-05-16,250,-9999.0000,-9999.0000,-9999.0000,-9999.0000,-9999.0000,-9999.0000,-9999.0000,-9999.0000,-9999.0000,-9999.0000,-9999.0000
2018-05-21,250,896.0000,1034.5000,1184.0000,1433.9910,1657.0000,1978.0000,2197.0000,2388.2000,2499.0000,3500.6968,3272.0000
2018-05-21,250,898.0000,1039.0000,1181.4971,1428.2194,1665.0000,2004.2217,2179.2887,2394.4577,2539.0000,3506.0000,3274.0000
2018-05-26,250,677.0000,872.7850,1088.4000,1209.0000,1557.6611,2276.1924,2539.0000,2680.1090,2822.7886,3422.0000,3169.0000
2018-05-26,250,678.0000,870.8572,1088.0000,1211.5182,1561.0000,2299.1520,2547.0000,2682.5000,2824.5000,3436.0007,3163.0029
2018-05-28,250,634.0000,746.3281,1009.3333,1072.4000,1496.0000,2476.4053,2741.9622,2837.8521,3027.8641,3202.0000,2749.0000
2018-05-28,250,671.0000,742.0000,1004.9845,1081.1053,1513.0000,2499.5466,2780.3513,2841.5612,3084.0000,3204.0000,2760.0000
2018-05-31,250,-9999.0000,-9999.0000,-9999.0000,-9999.0000,-9999.0000,-9999.0000,-9999.0000,-9999.0000,-9999.0000,-9999.0000,-9999.0000
2018-05-31,250,-9999.0000,-9999.0000,-9999.0000,-9999.0000,-9999.0000,-9999.0000,-9999.0000,-9999.0000,-9999.0000,-9999.0000,-9999.0000
2018-06-05,250,-9999.0000,-9999.0000,-9999.0000,-9999.0000,-9999.0000,-9999.0000,-9999.0000,-9999.0000,-9999.0000,-9999.0000,-9999.0000
2018-06-05,250,-9999.0000,-9999.0000,-9999.0000,-9999.0000,-9999.0000,-9999.0000,-9999.0000,-9999.0000,-9999.0000,-9999.0000,-9999.0000
2018-06-07,250,320.4970,356.6948,688.3141,485.3470,1130.1551,3318.0000,3796.3852,3861.5098,3991.0000,2284.4915,1380.4320
2018-06-07,250,358.0000,353.4111,689.5337,481.7847,1128.7727,3294.0000,3801.0000,3860.8516,3973.0000,2285.0006,1363.9552
2018-06-10,250,-9999.0000,-9999.0000,-9999.0000,-9999.0000,-9999.0000,-9999.0000,-9999.0000,-9999.0000,-9999.0000,-9999.0000,-9999.0000
2018-06-10,250,-9999.0000,-9999.0000,-9999.0000,-9999.0000,-9999.0000,-9999.0000,-9999.0000,-9999.0000,-9999.0000,-9999.0000,-9999.0000
2018-06-20,250,902.0000,712.7500,989.0000,630.6667,1422.0000,5023.0000,6243.0000,6064.0000,6489.0000,2430.0000,1222.0000
2018-06-20,250,966.0000,716.0000,999.0000,625.0000,1433.0000,4970.0000,6251.0000,6372.0000,6438.0000,2438.0000,1239.0000
2018-06-22,250,386.0000,464.0000,774.4989,386.0000,1155.0000,4757.2730,5835.0000,6190.0000,5969.0000,2092.3394,966.0000
2018-06-22,250,383.0000,440.0000,762.8330,372.0000,1152.3213,4941.5089,6069.0178,6224.0000,6135.9971,2114.0000,968.2498
2018-06-25,250,1419.0000,792.0000,1126.0000,696.0000,1674.0000,5998.0000,7506.0000,7920.0000,7629.0000,3001.0000,1559.0000
2018-06-25,250,1367.0000,798.0000,1152.0000,698.0000,1694.0000,6168.0000,7586.0000,8112.0000,7723.0000,2995.0000,1576.0000
2018-06-27,250,802.0000,668.0000,993.0000,708.7912,1482.0000,4700.0164,5642.2554,5785.2552,5780.0000,2266.0000,1218.5000
2018-06-27,250,611.0000,697.0000,999.0000,706.0000,1455.0000,4679.0000,5515.0000,5648.2236,5674.1913,2268.0000,1223.0000
2018-06-30,250,348.5024,318.6059,576.3918,273.1851,953.0000,4209.0000,5242.0000,5574.9772,5432.0147,1997.2102,924.5672
2018-06-30,250,351.0000,314.5000,572.4315,269.4000,952.5000,4214.0000,5229.0000,5593.0000,5419.0000,1997.0000,916.0000
2018-07-02,250,250.0000,300.6892,599.0000,284.4444,976.6662,4320.0000,5348.0000,5733.7143,5545.0854,2241.6000,1050.0341
2018-07-02,250,240.0000,296.5000,600.5438,281.8889,980.7502,4328.5187,5409.0000,5733.9241,5599.0000,2234.0000,1052.6667
2018-07-05,250,-9999.0000,-9999.0000,-9999.0000,-9999.0000,-9999.0000,-9999.0000,-9999.0000,-9999.0000,-9999.0000,-9999.0000,-9999.0000
2018-07-05,250,-9999.0000,-9999.0000,-9999.0000,-9999.0000,-9999.0000,-9999.0000,-9999.0000,-9999.0000,-9999.0000,-9999.0000,-9999.0000
2018-07-07,250,502.0000,442.6667,848.5000,519.0000,1390.0000,5031.0000,6023.0000,6182.0000,6270.0000,2710.0000,1391.0000
2018-07-07,250,763.0000,448.2237,854.0000,529.5000,1409.5000,4940.4653,5952.8000,6152.5124,6215.0000,2737.5000,1438.6750
2018-07-10,250,384.5024,424.5527,759.0000,405.2102,1249.8060,4787.9836,5799.5853,5910.7679,6022.1661,2289.7500,1068.5990
2018-07-10,250,385.0000,424.3684,756.0918,405.1152,1248.4923,4786.4651,5785.8729,5913.0794,6072.2331,2285.0000,1075.2937
2018-07-12,250,268.0000,402.1421,741.0000,425.8424,1158.2531,4291.9476,5289.6667,5286.2343,5482.0000,2418.3598,1185.4000
2018-07-12,250,242.0000,390.5714,735.0000,416.9237,1158.0000,4296.0000,5289.0431,5304.4763,5491.0000,2421.0000,1187.8690
2018-07-15,250,238.6563,350.4309,650.0000,349.7910,1042.0000,3795.0000,4654.0000,4772.2672,4842.0000,2202.6299,1090.8858
2018-07-15,250,235.0000,336.1980,639.0000,337.6192,1040.0000,3832.4998,4630.4601,4789.2112,4851.0000,2209.5287,1083.2000
2018-07-17,250,-9999.0000,-9999.0000,-9999.0000,-9999.0000,-9999.0000,-9999.0000,-9999.0000,-9999.0000,-9999.0000,-9999.0000,-9999.0000
2018-07-17,250,-9999.0000,-9999.0000,-9999.0000,-9999.0000,-9999.0000,-9999.0000,-9999.0000,-9999.0000,-9999.0000,-9999.0000,-9999.0000
2018-07-20,250,521.0000,456.3333,803.0000,534.1672,1293.0012,3845.9921,4534.0000,4658.6667,4808.0000,2241.4416,1181.7910
2018-07-20,250,437.0000,454.1772,802.8978,534.2754,1286.6670,3858.5662,4497.1337,4666.0385,4803.5000,2241.0221,1186.5000
2018-07-22,250,-9999.0000,-9999.0000,-9999.0000,-9999.0000,-9999.0000,-9999.0000,-9999.0000,-9999.0000,-9999.0000,-9999.0000,-9999.0000
2018-07-22,250,-9999.0000,-9999.0000,-9999.0000,-9999.0000,-9999.0000,-9999.0000,-9999.0000,-9999.0000,-9999.0000,-9999.0000,-9999.0000
2018-07-27,250,298.0000,390.3251,797.0000,565.5743,1363.0189,3284.4499,3862.5171,3880.0107,4196.0000,2421.0548,1419.0828
2018-07-27,250,314.0000,392.4541,796.0000,560.3766,1367.0000,3275.5000,3845.0000,3889.5000,4197.0000,2414.0000,1417.2838
2018-07-30,250,-9999.0000,-9999.0000,-9999.0000,-9999.0000,-9999.0000,-9999.0000,-9999.0000,-9999.0000,-9999.0000,-9999.0000,-9999.0000
2018-07-30,250,-9999.0000,-9999.0000,-9999.0000,-9999.0000,-9999.0000,-9999.0000,-9999.0000,-9999.0000,-9999.0000,-9999.0000,-9999.0000
2018-08-04,250,-9999.0000,-9999.0000,-9999.0000,-9999.0000,-9999.0000,-9999.0000,-9999.0000,-9999.0000,-9999.0000,-9999.0000,-9999.0000
2018-08-04,250,-9999.0000,-9999.0000,-9999.0000,-9999.0000,-9999.0000,-9999.0000,-9999.0000,-9999.0000,-9999.0000,-9999.0000,-9999.0000
2018-08-06,250,367.0000,411.0000,748.5855,633.2500,1306.2500,2642.2078,3045.3333,3204.4000,3431.3533,2444.7164,1542.0000
2018-08-06,250,374.0000,406.3333,745.4286,625.6667,1309.0000,2617.6970,3027.0000,3191.1000,3399.0285,2428.0167,1534.0000
2018-08-09,250,758.0000,816.3032,1094.0000,993.7672,1613.7546,2882.0000,3291.3711,3380.0000,3684.5087,2273.8284,1434.0000
2018-08-09,250,780.0000,832.3987,1108.0000,1002.3837,1620.2500,2885.0000,3297.5080,3385.4740,3673.0000,2276.6798,1430.4224
2018-08-11,250,-9999.0000,-9999.0000,-9999.0000,-9999.0000,-9999.0000,-9999.0000,-9999.0000,-9999.0000,-9999.0000,-9999.0000,-9999.0000
2018-08-11,250,-9999.0000,-9999.0000,-9999.0000,-9999.0000,-9999.0000,-9999.0000,-9999.0000,-9999.0000,-9999.0000,-9999.0000,-9999.0000
2018-08-14,250,-9999.0000,-9999.0000,-9999.0000,-9999.0000,-9999.0000,-9999.0000,-9999.0000,-9999.0000,-9999.0000,-9999.0000,-9999.0000
2018-08-14,250,-9999.0000,-9999.0000,-9999.0000,-9999.0000,-9999.0000,-9999.0000,-9999.0000,-9999.0000,-9999.0000,-9999.0000,-9999.0000
2018-08-16,250,-9999.0000,-9999.0000,-9999.0000,-9999.0000,-9999.0000,-9999.0000,-9999.0000,-9999.0000,-9999.0000,-9999.0000,-9999.0000
2018-08-16,250,-9999.0000,-9999.0000,-9999.0000,-9999.0000,-9999.0000,-9999.0000,-9999.0000,-9999.0000,-9999.0000,-9999.0000,-9999.0000
2018-08-21,250,318.0000,476.0000,732.4286,620.4882,1160.4681,2362.0000,2726.2785,2743.1667,3036.0000,2274.2478,1484.6667
2018-08-21,250,507.0000,564.0000,762.6667,616.6667,1156.5000,2391.0000,2757.6015,2711.7627,3004.0000,2275.0000,1478.0000
2018-08-24,250,429.0000,617.0000,839.0000,702.2525,1265.8650,2450.3591,2839.0000,2984.7345,3093.0000,2172.0000,1265.6508
2018-08-24,250,421.0000,613.0000,836.7119,698.3339,1261.2130,2471.0000,2859.5000,2994.0000,3108.5000,2157.7662,1249.8262
2018-08-26,250,247.0000,389.4729,693.2087,580.7992,1126.3333,2332.0000,2647.0000,2810.6000,2935.8214,1972.4654,1185.0000
2018-08-26,250,260.0000,389.7951,693.2261,585.7243,1131.0000,2278.6737,2584.3468,2794.2705,2889.2471,1966.0000,1176.0000
2018-09-03,250,-9999.0000,-9999.0000,-9999.0000,-9999.0000,-9999.0000,-9999.0000,-9999.0000,-9999.0000,-9999.0000,-9999.0000,-9999.0000
2018-09-03,250,-9999.0000,-9999.0000,-9999.0000,-9999.0000,-9999.0000,-9999.0000,-9999.0000,-9999.0000,-9999.0000,-9999.0000,-9999.0000
2018-09-05,250,509.0000,728.0000,860.4286,1009.3636,1260.0000,1638.0768,1848.3333,1973.7500,2205.0000,3138.0000,2896.0000
2018-09-05,250,627.0000,722.5000,856.9000,1013.2729,1258.0000,1671.1660,1882.3513,1973.4554,2231.5571,3097.0000,2845.0000
2018-09-13,250,335.0000,381.0000,393.0000,334.0000,478.0000,1074.0000,1220.0000,1326.0000,1273.0000,867.0000,638.0000
2018-09-13,250,290.0000,373.0000,391.0000,349.0000,485.0000,926.0000,1086.0000,1318.0000,1174.0000,880.0000,601.0000
2018-09-18,250,481.0000,745.1250,885.0000,1056.4013,1262.0000,1573.0000,1743.0000,1834.8000,2029.5000,2850.5000,2573.0000
2018-09-18,250,533.0000,745.5007,881.2278,1053.7143,1260.3333,1529.9549,1719.6667,1827.5000,2025.5000,2866.4982,2594.4753
2018-09-25,250,-9999.0000,-9999.0000,-9999.0000,-9999.0000,-9999.0000,-9999.0000,-9999.0000,-9999.0000,-9999.0000,-9999.0000,-9999.0000
2018-09-25,250,-9999.0000,-9999.0000,-9999.0000,-9999.0000,-9999.0000,-9999.0000,-9999.0000,-9999.0000,-9999.0000,-9999.0000,-9999.0000
2018-09-28,250,534.6610,765.1429,882.7189,1041.3333,1272.8416,1593.5000,1805.5000,2023.0000,2135.6667,2788.0000,2308.0000
2018-09-28,250,582.0000,757.1111,880.3750,1037.0079,1255.0000,1574.1837,1809.0000,2008.0000,2133.0000,2778.0000,2349.0000
2018-09-30,250,575.0000,853.6518,953.6235,1122.0000,1321.3333,1652.5439,1834.0000,2043.0782,2169.6836,2987.0000,2840.0000
2018-09-30,250,618.0000,844.1667,949.4898,1121.4286,1316.6667,1642.0000,1830.6235,2023.2857,2182.1463,2981.0000,2808.0000
2018-10-03,250,-9999.0000,-9999.0000,-9999.0000,-9999.0000,-9999.0000,-9999.0000,-9999.0000,-9999.0000,-9999.0000,-9999.0000,-9999.0000
2018-10-03,250,-9999.0000,-9999.0000,-9999.0000,-9999.0000,-9999.0000,-9999.0000,-9999.0000,-9999.0000,-9999.0000,-9999.0000,-9999.0000
2018-10-05,250,345.0000,502.5000,634.5000,730.5000,916.2825,1168.0000,1323.2500,1432.4167,1548.6270,2017.5000,1676.0000
2018-10-05,250,364.0000,492.2500,630.7143,725.0000,918.0000,1153.7500,1303.0000,1419.3783,1552.0000,2011.0000,1658.0000
2018-10-10,250,565.0000,849.2553,970.2857,1084.3333,1310.0765,1669.5000,1894.9856,2055.4556,2197.4448,3037.0000,2891.6414
2018-10-10,250,594.0000,838.0000,961.2500,1077.2265,1301.0000,1706.7612,1891.1899,2039.4444,2186.9654,3027.0000,2890.6667
2018-10-13,250,568.0000,860.6091,1013.3435,1092.6253,1390.2492,1875.8167,2104.2519,2148.9531,2359.9963,2808.0000,2545.9127
2018-10-13,250,567.0000,849.0000,1013.4993,1081.2000,1387.0000,1860.0000,2083.5455,2147.0000,2321.5245,2796.0000,2546.5000
2018-10-15,250,-9999.0000,-9999.0000,-9999.0000,-9999.0000,-9999.0000,-9999.0000,-9999.0000,-9999.0000,-9999.0000,-9999.0000,-9999.0000
2018-10-15,250,-9999.0000,-9999.0000,-9999.0000,-9999.0000,-9999.0000,-9999.0000,-9999.0000,-9999.0000,-9999.0000,-9999.0000,-9999.0000
2018-10-18,250,-9999.0000,-9999.0000,-9999.0000,-9999.0000,-9999.0000,-9999.0000,-9999.0000,-9999.0000,-9999.0000,-9999.0000,-9999.0000
2018-10-18,250,-9999.0000,-9999.0000,-9999.0000,-9999.0000,-9999.0000,-9999.0000,-9999.0000,-9999.0000,-9999.0000,-9999.0000,-9999.0000
2018-10-20,250,-9999.0000,-9999.0000,-9999.0000,-9999.0000,-9999.0000,-9999.0000,-9999.0000,-9999.0000,-9999.0000,-9999.0000,-9999.0000
2018-10-20,250,-9999.0000,-9999.0000,-9999.0000,-9999.0000,-9999.0000,-9999.0000,-9999.0000,-9999.0000,-9999.0000,-9999.0000,-9999.0000
2018-10-28,250,209.0000,347.0000,526.2901,518.0000,874.0000,1591.8480,1783.7938,1884.0158,1992.0000,1767.0000,1252.0000
2018-10-28,250,191.0000,341.0000,518.0000,516.0712,863.0000,1659.0000,1821.0000,1895.0000,2023.0000,1758.2869,1227.0000
2018-11-02,250,201.0000,401.0000,570.0000,470.3961,888.4053,1832.0000,2050.5305,2012.0000,2177.5000,1637.0000,1053.0860
2018-11-02,250,186.0000,394.0000,558.2168,468.0000,868.3043,1796.0000,2011.3333,2034.4939,2184.0000,1654.3965,1051.0000
2018-11-04,250,460.0000,470.1667,681.1667,540.5000,995.0000,1769.0000,1942.0000,2068.6450,2174.0000,1551.0000,1014.2062
2018-11-04,250,433.0000,459.0000,672.6667,532.7358,986.0000,1761.0000,1924.0000,2086.4000,2133.1760,1592.0000,984.0000
2018-11-07,250,129.0000,303.0000,554.0098,504.0000,953.5919,1963.0000,2160.0000,1990.0000,2440.0000,1849.0000,1292.0000
2018-11-07,250,121.0000,308.8567,560.4000,505.0000,956.0000,1915.0000,2102.0000,2004.0000,2329.0000,1848.1220,1261.1414
2018-11-09,250,-9999.0000,-9999.0000,-9999.0000,-9999.0000,-9999.0000,-9999.0000,-9999.0000,-9999.0000,-9999.0000,-9999.0000,-9999.0000
2018-11-09,250,-9999.0000,-9999.0000,-9999.0000,-9999.0000,-9999.0000,-9999.0000,-9999.0000,-9999.0000,-9999.0000,-9999.0000,-9999.0000
2018-11-17,250,271.0000,404.8044,593.0000,502.0000,949.0000,1589.0000,1748.0000,1866.0000,1940.0000,1584.4993,1086.0000
2018-11-17,250,272.0000,404.0000,593.5000,504.2507,948.0000,1708.0000,1761.0000,1859.8000,2005.0000,1590.0000,1095.0000
2018-12-04,250,413.0000,442.9942,571.6204,637.9480,962.0386,1117.4990,1242.6349,1413.4853,1481.0000,1440.5000,1002.9980
2018-12-04,250,418.0000,446.0000,587.1653,637.0764,962.5004,1114.9186,1235.0612,1414.8987,1494.3554,1438.5000,996.5030
2018-12-09,250,-9999.0000,-9999.0000,-9999.0000,-9999.0000,-9999.0000,-9999.0000,-9999.0000,-9999.0000,-9999.0000,-9999.0000,-9999.0000
2018-12-09,250,-9999.0000,-9999.0000,-9999.0000,-9999.0000,-9999.0000,-9999.0000,-9999.0000,-9999.0000,-9999.0000,-9999.0000,-9999.0000
2018-12-24,250,588.0000,547.0000,574.1963,672.1691,835.0000,936.4838,1059.0000,1188.9582,1260.5374,1439.0000,1041.0000
2018-12-24,250,592.0000,548.0000,571.0000,673.6813,853.0516,929.0000,1044.0000,1202.2000,1274.0000,1436.5000,1033.0000
2019-01-01,250,-9999.0000,-9999.0000,-9999.0000,-9999.0000,-9999.0000,-9999.0000,-9999.0000,-9999.0000,-9999.0000,-9999.0000,-9999.0000
2019-01-01,250,-9999.0000,-9999.0000,-9999.0000,-9999.0000,-9999.0000,-9999.0000,-9999.0000,-9999.0000,-9999.0000,-9999.0000,-9999.0000
2019-01-03,250,-9999.0000,-9999.0000,-9999.0000,-9999.0000,-9999.0000,-9999.0000,-9999.0000,-9999.0000,-9999.0000,-9999.0000,-9999.0000
2019-01-03,250,-9999.0000,-9999.0000,-9999.0000,-9999.0000,-9999.0000,-9999.0000,-9999.0000,-9999.0000,-9999.0000,-9999.0000,-9999.0000
2019-01-08,250,-9999.0000,-9999.0000,-9999.0000,-9999.0000,-9999.0000,-9999.0000,-9999.0000,-9999.0000,-9999.0000,-9999.0000,-9999.0000
2019-01-08,250,-9999.0000,-9999.0000,-9999.0000,-9999.0000,-9999.0000,-9999.0000,-9999.0000,-9999.0000,-9999.0000,-9999.0000,-9999.0000
2019-01-18,250,475.0000,535.0000,476.6667,566.2485,748.0000,826.0000,915.0000,1066.0000,1130.0000,1224.5534,859.0000
2019-01-18,250,471.0000,534.0000,474.7314,564.5497,748.0000,826.0000,924.6396,1065.6045,1121.0000,1220.5820,868.0000
2019-01-21,250,713.0000,861.0000,846.6849,1053.1429,1259.0000,1349.0000,1487.0000,1665.8318,1752.7883,2045.0000,1783.0000
2019-01-21,250,703.0000,852.0000,837.0775,1052.0000,1247.0000,1350.7807,1477.0000,1676.6667,1762.0000,2055.0000,1776.0000
2019-01-28,250,-9999.0000,-9999.0000,-9999.0000,-9999.0000,-9999.0000,-9999.0000,-9999.0000,-9999.0000,-9999.0000,-9999.0000,-9999.0000
2019-01-28,250,-9999.0000,-9999.0000,-9999.0000,-9999.0000,-9999.0000,-9999.0000,-9999.0000,-9999.0000,-9999.0000,-9999.0000,-9999.0000
2019-02-07,250,-9999.0000,-9999.0000,-9999.0000,-9999.0000,-9999.0000,-9999.0000,-9999.0000,-9999.0000,-9999.0000,-9999.0000,-9999.0000
2019-02-07,250,-9999.0000,-9999.0000,-9999.0000,-9999.0000,-9999.0000,-9999.0000,-9999.0000,-9999.0000,-9999.0000,-9999.0000,-9999.0000
2019-02-15,250,215.0000,328.6532,472.0000,578.3333,754.0000,867.0000,973.0928,1152.0000,1224.8076,1770.0000,1371.0000
2019-02-15,250,196.0000,326.1762,469.0000,573.0000,753.0000,849.0000,961.9774,1144.0000,1194.9466,1737.8670,1362.3621
2019-02-17,250,402.0000,597.0000,654.8704,763.0000,961.0000,1082.5000,1190.3205,1417.0000,1412.6318,1932.0000,1561.3682
2019-02-17,250,386.0000,586.4352,652.0000,758.0000,946.4519,1076.0000,1180.0000,1409.8486,1415.0000,1922.7122,1536.1800
2019-02-20,250,-9999.0000,-9999.0000,-9999.0000,-9999.0000,-9999.0000,-9999.0000,-9999.0000,-9999.0000,-9999.0000,-9999.0000,-9999.0000
2019-02-25,250,588.0000,636.5023,754.4324,802.5910,1054.6667,1228.6550,1340.0000,1520.6667,1575.0000,2020.7651,1611.0000
2019-02-25,250,585.0000,628.4039,752.6000,802.5714,1048.0000,1226.0000,1334.0000,1521.6688,1558.6864,2017.0000,1603.0000
2019-02-27,250,328.0000,474.1776,590.3338,658.6667,887.0000,1037.0000,1192.5000,1372.0000,1431.0000,2222.0000,1854.2476
2019-02-27,250,317.0000,470.5473,586.7916,655.0000,880.5001,1042.4750,1166.5000,1364.0000,1419.0000,2205.9099,1825.0000
2019-03-07,250,-9999.0000,-9999.0000,-9999.0000,-9999.0000,-9999.0000,-9999.0000,-9999.0000,-9999.0000,-9999.0000,-9999.0000,-9999.0000
2019-03-07,250,-9999.0000,-9999.0000,-9999.0000,-9999.0000,-9999.0000,-9999.0000,-9999.0000,-9999.0000,-9999.0000,-9999.0000,-9999.0000
2019-03-09,250,-9999.0000,-9999.0000,-9999.0000,-9999.0000,-9999.0000,-9999.0000,-9999.0000,-9999.0000,-9999.0000,-9999.0000,-9999.0000
2019-03-09,250,-9999.0000,-9999.0000,-9999.0000,-9999.0000,-9999.0000,-9999.0000,-9999.0000,-9999.0000,-9999.0000,-9999.0000,-9999.0000
2019-03-14,250,-9999.0000,-9999.0000,-9999.0000,-9999.0000,-9999.0000,-9999.0000,-9999.0000,-9999.0000,-9999.0000,-9999.0000,-9999.0000
2019-03-14,250,-9999.0000,-9999.0000,-9999.0000,-9999.0000,-9999.0000,-9999.0000,-9999.0000,-9999.0000,-9999.0000,-9999.0000,-9999.0000
2019-03-17,250,-9999.0000,-9999.0000,-9999.0000,-9999.0000,-9999.0000,-9999.0000,-9999.0000,-9999.0000,-9999.0000,-9999.0000,-9999.0000
2019-03-17,250,-9999.0000,-9999.0000,-9999.0000,-9999.0000,-9999.0000,-9999.0000,-9999.0000,-9999.0000,-9999.0000,-9999.0000,-9999.0000
2019-03-19,250,-9999.0000,-9999.0000,-9999.0000,-9999.0000,-9999.0000,-9999.0000,-9999.0000,-9999.0000,-9999.0000,-9999.0000,-9999.0000
2019-03-19,250,-9999.0000,-9999.0000,-9999.0000,-9999.0000,-9999.0000,-9999.0000,-9999.0000,-9999.0000,-9999.0000,-9999.0000,-9999.0000
2019-03-22,250,472.0000,592.9214,649.0000,692.6667,908.0000,1074.0000,1192.0000,1324.0000,1420.6864,2011.0000,1560.0000
2019-03-22,250,462.0000,588.0000,644.0000,692.8571,902.5000,1057.7559,1177.6667,1324.0000,1415.0000,2010.7499,1548.1207
2019-03-24,250,-9999.0000,-9999.0000,-9999.0000,-9999.0000,-9999.0000,-9999.0000,-9999.0000,-9999.0000,-9999.0000,-9999.0000,-9999.0000
2019-03-24,250,-9999.0000,-9999.0000,-9999.0000,-9999.0000,-9999.0000,-9999.0000,-9999.0000,-9999.0000,-9999.0000,-9999.0000,-9999.0000
2019-03-27,250,-9999.0000,-9999.0000,-9999.0000,-9999.0000,-9999.0000,-9999.0000,-9999.0000,-9999.0000,-9999.0000,-9999.0000,-9999.0000
2019-03-27,250,-9999.0000,-9999.0000,-9999.0000,-9999.0000,-9999.0000,-9999.0000,-9999.0000,-9999.0000,-9999.0000,-9999.0000,-9999.0000
2019-03-29,250,660.0000,702.3309,744.9677,745.0000,1014.7658,1226.6496,1364.9987,1509.8462,1594.3333,2125.0000,1693.7520
2019-03-29,250,649.0000,702.4000,744.8523,744.1438,1010.5053,1229.3333,1357.8101,1521.0195,1595.0000,2122.0000,1682.0765
2019-04-01,250,469.0000,664.3333,830.0000,874.0118,1204.1179,1510.0000,1669.6667,1937.5000,1966.0000,2789.0000,2417.6970
2019-04-01,250,460.0000,665.2283,821.0000,869.4183,1190.0039,1493.6304,1658.0000,1938.3930,1944.1378,2794.6707,2426.1330
2019-04-08,250,662.0000,724.4205,801.0000,893.6408,1156.0000,1354.0015,1504.0000,1665.0000,1757.0000,2673.6384,2389.0192
2019-04-08,250,655.0000,727.0000,799.0000,881.3262,1159.0000,1349.5000,1492.5108,1661.1667,1746.6601,2669.9734,2479.0000
2019-04-11,250,828.0000,993.0000,1132.6614,1266.0000,1674.0000,1972.0000,2197.3877,2540.7828,2581.4381,4001.6819,3692.4989
2019-04-11,250,816.0000,992.2500,1141.0414,1269.4286,1687.0000,1947.0000,2188.0000,2532.0000,2565.0000,3995.0000,3699.5789
2019-04-13,250,-9999.0000,-9999.0000,-9999.0000,-9999.0000,-9999.0000,-9999.0000,-9999.0000,-9999.0000,-9999.0000,-9999.0000,-9999.0000
2019-04-13,250,-9999.0000,-9999.0000,-9999.0000,-9999.0000,-9999.0000,-9999.0000,-9999.0000,-9999.0000,-9999.0000,-9999.0000,-9999.0000
2019-04-16,250,664.0000,817.6451,950.4000,1113.5000,1388.0000,1578.0000,1759.0000,1986.0000,2042.0000,3089.0000,2977.5119
2019-04-16,250,693.0000,806.4742,938.5000,1114.0000,1380.0000,1589.0000,1769.0000,1995.6754,2052.0000,3087.0000,2982.0000
2019-04-18,250,1136.0000,1264.0000,1286.0000,1416.8581,1650.0456,1877.0000,2022.1843,2272.0000,2283.0000,3115.0000,3053.5000
2019-04-18,250,1129.0000,1258.0000,1280.0000,1412.5000,1653.0000,1865.0000,2030.0000,2273.1728,2282.0000,3106.2163,3053.7170
2019-04-21,250,672.0000,869.9351,965.6290,1173.1351,1329.5000,1517.0000,1684.0000,1970.8000,1988.4606,3234.0000,3228.0000
2019-04-21,250,668.0000,869.9233,961.4151,1168.0000,1343.0000,1500.0000,1682.0000,1963.5000,1968.5000,3230.0000,3227.0000
2019-04-23,250,796.0000,882.3527,1020.6711,1304.6547,1530.0000,1709.6440,1897.4549,2133.3492,2225.0000,3517.6667,3369.3333
2019-04-23,250,773.0000,880.7165,1018.2941,1301.8000,1526.5000,1713.5000,1893.9122,2137.4545,2224.0000,3512.0000,3376.0000
2019-05-03,250,-9999.0000,-9999.0000,-9999.0000,-9999.0000,-9999.0000,-9999.0000,-9999.0000,-9999.0000,-9999.0000,-9999.0000,-9999.0000
2019-05-03,250,-9999.0000,-9999.0000,-9999.0000,-9999.0000,-9999.0000,-9999.0000,-9999.0000,-9999.0000,-9999.0000,-9999.0000,-9999.0000
2019-05-11,250,619.0000,700.3864,718.7290,860.6632,1001.0000,1151.0000,1297.0043,1475.3333,1560.0000,2431.0000,2077.0000
2019-05-11,250,617.0000,700.0000,720.6452,854.8113,1007.0000,1154.2319,1301.0000,1475.4688,1558.4993,2431.0000,2080.0000
2019-05-13,250,1030.2560,1060.7205,1188.7743,1416.5714,1654.0000,1902.5000,2062.5000,2268.7334,2391.0000,3636.0000,3486.0000
2019-05-13,250,1008.7706,1053.1454,1188.9990,1410.6008,1645.0000,1876.0000,2041.5022,2259.8495,2389.0000,3627.0000,3475.0000
2019-05-16,250,-9999.0000,-9999.0000,-9999.0000,-9999.0000,-9999.0000,-9999.0000,-9999.0000,-9999.0000,-9999.0000,-9999.0000,-9999.0000
2019-05-18,250,673.0000,729.6983,802.3795,832.7500,1037.0000,1344.0000,1465.0000,1545.4110,1633.0000,2048.0000,1719.0000
2019-05-18,250,693.0000,729.8000,792.9462,825.1575,1039.0000,1352.6667,1472.0000,1530.7143,1613.0000,2004.9019,1711.0000
2019-05-31,250,848.0000,761.8383,1013.8924,594.8834,1349.5472,3581.0000,4322.0000,4525.6980,4538.1842,2400.9987,1448.0000
2019-05-31,250,836.0000,725.7733,1001.7130,563.2970,1354.5220,3758.0000,4503.5000,4622.0000,4594.6087,2429.5000,1448.6000
2019-06-02,250,852.6874,745.4041,1054.0000,714.5014,1457.0000,3802.0585,4567.0000,4677.5000,4748.0000,2389.4784,1496.0000
2019-06-02,250,879.0000,749.1488,1058.0000,721.1998,1449.2545,3787.0000,4561.0000,4659.3333,4730.0000,2397.0673,1521.6567
2019-06-05,250,-9999.0000,-9999.0000,-9999.0000,-9999.0000,-9999.0000,-9999.0000,-9999.0000,-9999.0000,-9999.0000,-9999.0000,-9999.0000
2019-06-05,250,-9999.0000,-9999.0000,-9999.0000,-9999.0000,-9999.0000,-9999.0000,-9999.0000,-9999.0000,-9999.0000,-9999.0000,-9999.0000
2019-06-07,250,600.0000,610.1919,970.5648,489.3096,1353.1745,4423.0000,5498.0000,5763.2500,5659.0000,2515.6880,1346.0000
2019-06-07,250,601.0000,608.2090,972.8571,485.7066,1352.2633,4491.6662,5526.0000,5798.0000,5675.0000,2502.2000,1354.5377
2019-06-10,250,725.0000,605.0000,984.0000,729.0000,1496.0000,4047.0000,4994.0000,5398.0000,5206.0000,2470.0000,1519.0000
2019-06-10,250,753.0000,589.2775,993.0000,737.0000,1506.0000,4038.0000,4914.0000,5420.0000,5099.0000,2494.0000,1502.0000
2019-06-17,250,361.0000,394.2996,688.8005,321.3502,1002.3008,3769.9101,4900.5513,5111.9430,5075.2374,1808.4990,888.0000
2019-06-17,250,361.0000,394.5368,688.3333,321.5556,1003.0000,3781.6547,4932.6263,5107.2500,5099.0000,1801.0000,897.0000
2019-06-20,250,-9999.0000,-9999.0000,-9999.0000,-9999.0000,-9999.0000,-9999.0000,-9999.0000,-9999.0000,-9999.0000,-9999.0000,-9999.0000
2019-06-20,250,-9999.0000,-9999.0000,-9999.0000,-9999.0000,-9999.0000,-9999.0000,-9999.0000,-9999.0000,-9999.0000,-9999.0000,-9999.0000
2019-06-22,250,428.0000,390.5465,692.4622,370.2939,1100.6915,3690.0000,4793.0000,5036.0000,5097.2128,1737.9987,827.0000
2019-06-22,250,427.0000,390.2488,694.0000,374.6791,1089.8838,3715.5000,4807.8413,5043.6000,5126.5000,1736.0000,842.0000
2019-06-25,250,303.0000,308.3885,590.2316,356.5949,978.0000,3195.8802,4291.8631,4376.0000,4628.2251,1593.9384,797.0000
2019-06-25,250,301.0000,308.1632,592.8333,357.4811,966.6269,3211.4734,4273.9091,4385.6000,4616.0000,1610.0000,802.0000
2019-06-27,250,-9999.0000,-9999.0000,-9999.0000,-9999.0000,-9999.0000,-9999.0000,-9999.0000,-9999.0000,-9999.0000,-9999.0000,-9999.0000
2019-06-27,250,-9999.0000,-9999.0000,-9999.0000,-9999.0000,-9999.0000,-9999.0000,-9999.0000,-9999.0000,-9999.0000,-9999.0000,-9999.0000
2019-06-30,250,-9999.0000,-9999.0000,-9999.0000,-9999.0000,-9999.0000,-9999.0000,-9999.0000,-9999.0000,-9999.0000,-9999.0000,-9999.0000
2019-06-30,250,-9999.0000,-9999.0000,-9999.0000,-9999.0000,-9999.0000,-9999.0000,-9999.0000,-9999.0000,-9999.0000,-9999.0000,-9999.0000
2019-07-02,250,-9999.0000,-9999.0000,-9999.0000,-9999.0000,-9999.0000,-9999.0000,-9999.0000,-9999.0000,-9999.0000,-9999.0000,-9999.0000
2019-07-02,250,-9999.0000,-9999.0000,-9999.0000,-9999.0000,-9999.0000,-9999.0000,-9999.0000,-9999.0000,-9999.0000,-9999.0000,-9999.0000
2019-07-05,250,-9999.0000,-9999.0000,-9999.0000,-9999.0000,-9999.0000,-9999.0000,-9999.0000,-9999.0000,-9999.0000,-9999.0000,-9999.0000
2019-07-05,250,-9999.0000,-9999.0000,-9999.0000,-9999.0000,-9999.0000,-9999.0000,-9999.0000,-9999.0000,-9999.0000,-9999.0000,-9999.0000
2019-07-17,250,-9999.0000,-9999.0000,-9999.0000,-9999.0000,-9999.0000,-9999.0000,-9999.0000,-9999.0000,-9999.0000,-9999.0000,-9999.0000
2019-07-17,250,-9999.0000,-9999.0000,-9999.0000,-9999.0000,-9999.0000,-9999.0000,-9999.0000,-9999.0000,-9999.0000,-9999.0000,-9999.0000
2019-07-25,250,-9999.0000,-9999.0000,-9999.0000,-9999.0000,-9999.0000,-9999.0000,-9999.0000,-9999.0000,-9999.0000,-9999.0000,-9999.0000
2019-07-25,250,-9999.0000,-9999.0000,-9999.0000,-9999.0000,-9999.0000,-9999.0000,-9999.0000,-9999.0000,-9999.0000,-9999.0000,-9999.0000
2019-07-27,250,420.0000,600.3333,921.0000,1144.0000,1646.0000,2443.0000,2884.0000,3002.7500,3342.0000,2109.6206,1297.7747
2019-07-27,250,412.0000,602.2073,918.0000,1145.2395,1661.0000,2454.5066,2858.0000,2983.8571,3315.0000,2114.0000,1308.5481
2019-07-30,250,343.0000,604.3333,899.0000,1266.4000,1665.0000,2280.8678,2652.3333,2883.0331,3174.1240,2305.0000,1425.3333
2019-07-30,250,397.0000,628.5087,916.0000,1252.3074,1676.0000,2308.3853,2678.8556,2903.6667,3173.7158,2293.0000,1438.0000
2019-08-01,250,-9999.0000,-9999.0000,-9999.0000,-9999.0000,-9999.0000,-9999.0000,-9999.0000,-9999.0000,-9999.0000,-9999.0000,-9999.0000
2019-08-01,250,-9999.0000,-9999.0000,-9999.0000,-9999.0000,-9999.0000,-9999.0000,-9999.0000,-9999.0000,-9999.0000,-9999.0000,-9999.0000
2019-08-14,250,536.0000,630.0625,844.2030,1137.3333,1410.0039,1941.7904,2216.7496,2392.8534,2661.5000,2336.0000,1545.5000
2019-08-14,250,526.0000,632.2150,844.0928,1137.2000,1427.0000,1911.5395,2210.4595,2392.9738,2647.5000,2340.0000,1537.3333
2019-08-19,250,-9999.0000,-9999.0000,-9999.0000,-9999.0000,-9999.0000,-9999.0000,-9999.0000,-9999.0000,-9999.0000,-9999.0000,-9999.0000
2019-08-19,250,-9999.0000,-9999.0000,-9999.0000,-9999.0000,-9999.0000,-9999.0000,-9999.0000,-9999.0000,-9999.0000,-9999.0000,-9999.0000
2019-08-21,250,883.0000,932.3333,1098.0000,1300.4444,1570.0000,2039.2066,2284.0342,2391.8422,2552.5889,2682.0000,1873.3333
2019-08-21,250,872.0000,935.0000,1100.0000,1296.0000,1576.0000,2025.6667,2247.0000,2392.3750,2549.3333,2701.8603,1876.6667
2019-08-24,250,509.0000,889.1429,1252.0000,1745.0000,2055.0000,2523.5000,2743.2684,2965.5000,3159.5000,3605.5000,2670.0000
2019-08-24,250,499.0000,889.0000,1253.4286,1731.0000,2052.4602,2494.0000,2745.0000,2965.0000,3153.0000,3597.5000,2660.0000
2019-08-26,250,546.0000,957.0000,1313.4469,1836.0000,2178.0000,2679.5000,2996.0000,3033.6614,3350.0316,3994.7316,3045.5000
2019-08-26,250,530.0000,961.6111,1316.0000,1835.4701,2176.0000,2681.2904,2978.0000,3049.0000,3349.8003,3977.4085,3058.0000
2019-08-29,250,989.0000,1192.0000,1385.4276,1651.0000,1932.0000,2464.0000,2768.0000,2841.3108,3097.5000,3292.4951,2547.0000
2019-08-29,250,992.0000,1186.0000,1389.4940,1644.0000,1928.0000,2470.0000,2753.3333,2841.1268,3130.0000,3244.0000,2547.0000
2019-08-31,250,615.0000,774.0000,976.1185,1179.7351,1450.0196,2008.7004,2251.3718,2357.9946,2565.0000,3021.0000,2641.0116
2019-08-31,250,606.0000,764.6425,969.5057,1178.8446,1442.0000,2030.0000,2264.7057,2359.5167,2572.7393,3052.3333,2658.5000
2019-09-05,250,-9999.0000,-9999.0000,-9999.0000,-9999.0000,-9999.0000,-9999.0000,-9999.0000,-9999.0000,-9999.0000,-9999.0000,-9999.0000
2019-09-05,250,-9999.0000,-9999.0000,-9999.0000,-9999.0000,-9999.0000,-9999.0000,-9999.0000,-9999.0000,-9999.0000,-9999.0000,-9999.0000
2019-09-08,250,-9999.0000,-9999.0000,-9999.0000,-9999.0000,-9999.0000,-9999.0000,-9999.0000,-9999.0000,-9999.0000,-9999.0000,-9999.0000
2019-09-08,250,-9999.0000,-9999.0000,-9999.0000,-9999.0000,-9999.0000,-9999.0000,-9999.0000,-9999.0000,-9999.0000,-9999.0000,-9999.0000
2019-09-10,250,941.0000,1027.9727,1140.6667,1323.6000,1574.0000,1837.0000,2040.8145,2213.7137,2426.5011,3223.5152,2790.0000
2019-09-10,250,959.0000,1042.1472,1131.1567,1329.6363,1574.8250,1878.1485,2060.0000,2199.3137,2422.3333,3210.0000,2808.5000
2019-09-13,250,-9999.0000,-9999.0000,-9999.0000,-9999.0000,-9999.0000,-9999.0000,-9999.0000,-9999.0000,-9999.0000,-9999.0000,-9999.0000
2019-09-13,250,-9999.0000,-9999.0000,-9999.0000,-9999.0000,-9999.0000,-9999.0000,-9999.0000,-9999.0000,-9999.0000,-9999.0000,-9999.0000
2019-09-15,250,-9999.0000,-9999.0000,-9999.0000,-9999.0000,-9999.0000,-9999.0000,-9999.0000,-9999.0000,-9999.0000,-9999.0000,-9999.0000
2019-09-18,250,-9999.0000,-9999.0000,-9999.0000,-9999.0000,-9999.0000,-9999.0000,-9999.0000,-9999.0000,-9999.0000,-9999.0000,-9999.0000
2019-09-18,250,-9999.0000,-9999.0000,-9999.0000,-9999.0000,-9999.0000,-9999.0000,-9999.0000,-9999.0000,-9999.0000,-9999.0000,-9999.0000
2019-09-20,250,662.0000,626.2643,726.6187,754.2500,1005.0000,1318.6792,1477.8547,1496.5191,1690.3640,1982.0000,1741.0000
2019-09-20,250,648.0000,624.9103,722.3168,752.2426,996.8634,1302.5840,1478.5688,1495.6772,1721.2356,1948.0000,1707.6248
2019-09-28,250,-9999.0000,-9999.0000,-9999.0000,-9999.0000,-9999.0000,-9999.0000,-9999.0000,-9999.0000,-9999.0000,-9999.0000,-9999.0000
2019-09-28,250,-9999.0000,-9999.0000,-9999.0000,-9999.0000,-9999.0000,-9999.0000,-9999.0000,-9999.0000,-9999.0000,-9999.0000,-9999.0000
2019-09-30,250,-9999.0000,-9999.0000,-9999.0000,-9999.0000,-9999.0000,-9999.0000,-9999.0000,-9999.0000,-9999.0000,-9999.0000,-9999.0000
2019-09-30,250,-9999.0000,-9999.0000,-9999.0000,-9999.0000,-9999.0000,-9999.0000,-9999.0000,-9999.0000,-9999.0000,-9999.0000,-9999.0000
2019-10-03,250,-9999.0000,-9999.0000,-9999.0000,-9999.0000,-9999.0000,-9999.0000,-9999.0000,-9999.0000,-9999.0000,-9999.0000,-9999.0000
2019-10-03,250,-9999.0000,-9999.0000,-9999.0000,-9999.0000,-9999.0000,-9999.0000,-9999.0000,-9999.0000,-9999.0000,-9999.0000,-9999.0000
2019-10-05,250,-9999.0000,-9999.0000,-9999.0000,-9999.0000,-9999.0000,-9999.0000,-9999.0000,-9999.0000,-9999.0000,-9999.0000,-9999.0000
2019-10-05,250,-9999.0000,-9999.0000,-9999.0000,-9999.0000,-9999.0000,-9999.0000,-9999.0000,-9999.0000,-9999.0000,-9999.0000,-9999.0000
2019-10-10,250,-9999.0000,-9999.0000,-9999.0000,-9999.0000,-9999.0000,-9999.0000,-9999.0000,-9999.0000,-9999.0000,-9999.0000,-9999.0000
2019-10-10,250,-9999.0000,-9999.0000,-9999.0000,-9999.0000,-9999.0000,-9999.0000,-9999.0000,-9999.0000,-9999.0000,-9999.0000,-9999.0000
2019-10-15,250,-9999.0000,-9999.0000,-9999.0000,-9999.0000,-9999.0000,-9999.0000,-9999.0000,-9999.0000,-9999.0000,-9999.0000,-9999.0000
2019-10-15,250,-9999.0000,-9999.0000,-9999.0000,-9999.0000,-9999.0000,-9999.0000,-9999.0000,-9999.0000,-9999.0000,-9999.0000,-9999.0000
2019-10-28,250,-9999.0000,-9999.0000,-9999.0000,-9999.0000,-9999.0000,-9999.0000,-9999.0000,-9999.0000,-9999.0000,-9999.0000,-9999.0000
2019-10-28,250,-9999.0000,-9999.0000,-9999.0000,-9999.0000,-9999.0000,-9999.0000,-9999.0000,-9999.0000,-9999.0000,-9999.0000,-9999.0000
2019-10-30,250,282.0000,295.0000,771.0000,320.3770,1261.0000,3861.9227,4442.0000,4812.8889,4552.0000,1813.5006,953.3333
2019-10-30,250,271.0000,290.0000,766.2219,318.8100,1263.0000,3781.0596,4313.0000,4810.4182,4452.0000,1814.3694,954.5000
2019-11-19,250,254.0000,312.0000,802.6304,378.0000,1412.0000,3715.0020,4057.6667,4345.5000,4222.0000,1675.0000,896.4980
2019-11-19,250,255.0000,310.0000,806.4587,381.0000,1409.0000,3634.0000,4014.0000,4341.0000,4190.0000,1690.3333,894.5000
2019-11-22,250,254.0000,390.2564,797.7405,446.3014,1444.3333,3589.0000,4082.6667,4079.1455,4306.0000,1741.5000,946.0000
2019-11-22,250,280.0000,390.1418,798.0802,445.0000,1430.0000,3557.7976,4046.0000,4078.8322,4340.0000,1745.0000,950.0000
2019-11-24,250,-9999.0000,-9999.0000,-9999.0000,-9999.0000,-9999.0000,-9999.0000,-9999.0000,-9999.0000,-9999.0000,-9999.0000,-9999.0000
2019-11-24,250,-9999.0000,-9999.0000,-9999.0000,-9999.0000,-9999.0000,-9999.0000,-9999.0000,-9999.0000,-9999.0000,-9999.0000,-9999.0000
2019-11-29,250,-9999.0000,-9999.0000,-9999.0000,-9999.0000,-9999.0000,-9999.0000,-9999.0000,-9999.0000,-9999.0000,-9999.0000,-9999.0000
2019-11-29,250,-9999.0000,-9999.0000,-9999.0000,-9999.0000,-9999.0000,-9999.0000,-9999.0000,-9999.0000,-9999.0000,-9999.0000,-9999.0000
2019-12-02,250,418.0000,480.0000,929.1120,471.0000,1500.0000,3475.0000,3831.0000,4180.8000,4016.0000,1528.0000,844.0000
2019-12-02,250,403.0000,481.0000,929.5544,469.0000,1504.4478,3500.0000,3841.4558,4199.0000,4045.0000,1530.7198,838.0000
2019-12-04,250,430.0000,583.0000,1007.0000,512.0000,1529.0000,3601.0000,4037.9651,4313.0000,4214.5000,1857.0000,1052.5000
2019-12-04,250,427.0000,584.0000,1001.2000,512.6031,1533.0000,3705.0000,4113.0000,4310.2500,4214.3355,1858.2506,1059.0000
2019-12-09,250,-9999.0000,-9999.0000,-9999.0000,-9999.0000,-9999.0000,-9999.0000,-9999.0000,-9999.0000,-9999.0000,-9999.0000,-9999.0000
2019-12-09,250,-9999.0000,-9999.0000,-9999.0000,-9999.0000,-9999.0000,-9999.0000,-9999.0000,-9999.0000,-9999.0000,-9999.0000,-9999.0000
2019-12-12,250,925.0000,863.0000,1007.0000,735.0000,1537.0000,2913.0000,3289.0000,3415.3333,3538.0000,1842.0000,1119.0000
2019-12-12,250,950.0000,878.0000,1015.0000,746.8097,1541.0000,2793.0000,3102.0000,3430.0000,3472.0000,1848.0000,1130.0000
2019-12-14,250,-9999.0000,-9999.0000,-9999.0000,-9999.0000,-9999.0000,-9999.0000,-9999.0000,-9999.0000,-9999.0000,-9999.0000,-9999.0000
2019-12-14,250,-9999.0000,-9999.0000,-9999.0000,-9999.0000,-9999.0000,-9999.0000,-9999.0000,-9999.0000,-9999.0000,-9999.0000,-9999.0000
2019-12-27,250,528.0000,562.0000,536.0000,476.0000,818.3486,1124.5000,1227.0000,1347.3750,1504.0000,1350.0000,820.0000
2019-12-27,250,532.0000,561.0000,531.0000,480.0000,813.0000,1108.0000,1428.0000,1244.0000,1606.0000,1356.0000,820.0000
2020-01-18,250,454.0000,419.0000,584.5167,450.0000,987.0000,1881.0000,2039.0000,2392.0157,2148.7487,1149.0000,684.0000
2020-01-18,250,456.0000,414.0000,476.0000,474.6736,777.0000,1044.4749,1173.4581,1326.0000,1374.0000,1199.0000,760.0000
2020-01-21,250,290.0000,341.0000,465.0000,465.0000,848.0000,1209.0000,1365.9851,1574.0000,1488.3309,1439.0000,952.0000
2020-01-21,250,290.0000,339.0000,469.5604,462.4726,856.0402,1355.0000,1571.0000,1532.0000,1734.0000,1427.0000,954.5000
2020-02-05,250,89.0000,266.0000,410.4168,409.0000,743.0000,1158.8800,1404.0000,1673.6954,1534.0000,1441.0000,936.0000
2020-02-05,250,85.0000,259.0000,415.0000,410.5939,736.0000,1332.0000,1323.0000,1552.3094,1692.0000,1424.4445,925.0000
2020-02-07,250,-9999.0000,-9999.0000,-9999.0000,-9999.0000,-9999.0000,-9999.0000,-9999.0000,-9999.0000,-9999.0000,-9999.0000,-9999.0000
2020-02-07,250,-9999.0000,-9999.0000,-9999.0000,-9999.0000,-9999.0000,-9999.0000,-9999.0000,-9999.0000,-9999.0000,-9999.0000,-9999.0000
2020-02-12,250,434.0000,564.0000,616.0000,760.3693,1005.2718,1235.4810,1377.1818,1605.2000,1684.5809,1991.0000,1426.4943
2020-02-12,250,422.0000,562.0000,618.5357,750.9399,1008.0000,1219.9122,1381.3103,1624.5683,1669.0000,1990.0000,1411.0000
2020-02-17,250,-9999.0000,-9999.0000,-9999.0000,-9999.0000,-9999.0000,-9999.0000,-9999.0000,-9999.0000,-9999.0000,-9999.0000,-9999.0000
2020-02-17,250,-9999.0000,-9999.0000,-9999.0000,-9999.0000,-9999.0000,-9999.0000,-9999.0000,-9999.0000,-9999.0000,-9999.0000,-9999.0000
2020-02-25,250,-9999.0000,-9999.0000,-9999.0000,-9999.0000,-9999.0000,-9999.0000,-9999.0000,-9999.0000,-9999.0000,-9999.0000,-9999.0000
2020-02-25,250,-9999.0000,-9999.0000,-9999.0000,-9999.0000,-9999.0000,-9999.0000,-9999.0000,-9999.0000,-9999.0000,-9999.0000,-9999.0000
2020-03-01,250,-9999.0000,-9999.0000,-9999.0000,-9999.0000,-9999.0000,-9999.0000,-9999.0000,-9999.0000,-9999.0000,-9999.0000,-9999.0000
2020-03-01,250,-9999.0000,-9999.0000,-9999.0000,-9999.0000,-9999.0000,-9999.0000,-9999.0000,-9999.0000,-9999.0000,-9999.0000,-9999.0000
2020-03-03,250,330.0000,392.0000,579.0000,356.0000,776.0000,1715.0000,1738.0000,3212.0000,1614.0000,1161.0000,563.0000
2020-03-03,250,358.0000,391.0000,543.0000,327.0000,744.0000,1447.0000,1407.0000,3076.0000,1404.0000,1241.0000,666.0000
2020-03-11,250,-9999.0000,-9999.0000,-9999.0000,-9999.0000,-9999.0000,-9999.0000,-9999.0000,-9999.0000,-9999.0000,-9999.0000,-9999.0000
2020-03-11,250,-9999.0000,-9999.0000,-9999.0000,-9999.0000,-9999.0000,-9999.0000,-9999.0000,-9999.0000,-9999.0000,-9999.0000,-9999.0000
2020-03-13,250,-9999.0000,-9999.0000,-9999.0000,-9999.0000,-9999.0000,-9999.0000,-9999.0000,-9999.0000,-9999.0000,-9999.0000,-9999.0000
2020-03-13,250,-9999.0000,-9999.0000,-9999.0000,-9999.0000,-9999.0000,-9999.0000,-9999.0000,-9999.0000,-9999.0000,-9999.0000,-9999.0000
2020-03-16,250,585.0000,750.0000,868.7156,911.0000,1330.5000,1930.3961,2100.1939,2281.4079,2355.0000,2352.0000,1829.0000
2020-03-16,250,592.0000,756.0000,869.0000,903.0000,1320.0000,1923.0000,2097.0000,2310.9971,2388.0000,2352.0000,1811.0000
2020-03-21,250,791.0000,717.5294,866.0000,766.6426,1336.0000,2444.0000,2812.0000,3230.0000,2946.0181,2083.0000,1454.2304
2020-03-21,250,801.0000,746.0055,888.0000,819.0000,1334.0000,2240.6915,2664.0000,2999.8636,2927.0000,2094.2385,1432.0000
2020-03-23,250,552.0000,759.0000,941.7365,1050.5497,1410.0000,2191.0000,2455.0000,2668.3549,2668.0000,3072.0000,2609.0000
2020-03-23,250,576.0000,764.4155,943.0000,1034.3084,1420.0000,2030.0000,2234.0000,2679.9445,2566.0000,3060.0000,2573.3831
2020-03-26,250,671.0000,886.0000,997.6594,1181.2932,1497.6385,1980.0000,2155.0000,2506.9254,2472.0000,3296.0000,2957.0000
2020-03-26,250,698.0000,881.7133,1011.0000,1156.0000,1468.3249,1986.4633,2154.0000,2510.0000,2509.0000,3290.6331,2855.3481
2020-03-28,250,782.0000,885.6717,1068.5245,1244.0000,1649.0000,2124.0237,2327.0000,2648.0000,2666.6825,3286.0000,2728.0000
2020-03-28,250,790.3694,882.0000,1065.2836,1233.4294,1645.0000,2115.0000,2292.5000,2662.6957,2641.0000,3228.0000,2815.0000
2020-03-31,250,595.0000,763.0000,970.8126,1163.0000,1538.0000,1971.4951,2162.0000,2507.0059,2507.0000,3056.0000,2562.0973
2020-03-31,250,617.0000,751.0000,964.4912,1168.2637,1549.0000,1945.0000,2132.0000,2498.7097,2434.0000,3012.0000,2649.0000
2020-04-05,250,652.0000,913.5592,1028.2744,1272.0000,1432.0000,1819.6667,1963.3504,2274.7936,2273.1436,3317.0000,3197.0000
2020-04-05,250,682.0000,938.0000,1041.0581,1293.5915,1452.0000,1826.6667,1963.0000,2290.3333,2278.3082,3313.0000,3149.0000
2020-04-07,250,1004.0000,834.5335,1028.6345,1192.0000,1637.4349,1946.1057,2168.8925,2391.0862,2572.4215,3698.0000,3353.0000
2020-04-07,250,932.0000,825.5236,1032.9980,1193.6007,1636.0000,1969.0000,2194.0000,2393.6661,2563.8419,3660.3822,3320.6062
2020-04-12,250,-9999.0000,-9999.0000,-9999.0000,-9999.0000,-9999.0000,-9999.0000,-9999.0000,-9999.0000,-9999.0000,-9999.0000,-9999.0000
2020-04-12,250,-9999.0000,-9999.0000,-9999.0000,-9999.0000,-9999.0000,-9999.0000,-9999.0000,-9999.0000,-9999.0000,-9999.0000,-9999.0000
2020-04-15,250,592.0000,735.0000,822.5565,1064.0000,1227.0000,1387.0000,1537.0000,1788.0000,1854.0000,3270.4719,3153.0000
2020-04-15,250,622.0000,733.3349,820.7500,1072.6675,1232.5121,1377.7113,1547.0000,1788.0000,1860.8657,3237.0000,3180.0000
2020-04-17,250,706.0000,724.3945,837.0866,1108.9881,1302.5394,1462.0000,1621.0515,1853.2500,1962.5463,3269.0000,3092.0000
2020-04-17,250,705.0000,722.2500,846.0000,1109.0000,1300.5000,1466.1504,1630.2311,1857.5645,1953.0000,3327.0000,3166.0000
2020-04-20,250,519.0000,628.9789,745.6671,997.0000,1191.0000,1365.9907,1537.2416,1793.2611,1853.7769,2956.0000,2815.0000
2020-04-20,250,542.0000,624.5456,753.6887,1001.7306,1200.7113,1353.7370,1528.0000,1793.4046,1845.8877,2953.0000,2802.3333
2020-04-22,250,588.0000,726.5769,813.0000,1076.8824,1250.0000,1400.0000,1597.9902,1845.2319,1913.4854,3209.3837,3265.7301
2020-04-22,250,584.0000,728.0000,810.5010,1081.4031,1244.0000,1410.0000,1593.1824,1844.7721,1914.6907,3216.0000,3290.4701
2020-04-25,250,-9999.0000,-9999.0000,-9999.0000,-9999.0000,-9999.0000,-9999.0000,-9999.0000,-9999.0000,-9999.0000,-9999.0000,-9999.0000
2020-04-25,250,-9999.0000,-9999.0000,-9999.0000,-9999.0000,-9999.0000,-9999.0000,-9999.0000,-9999.0000,-9999.0000,-9999.0000,-9999.0000
2020-04-27,250,735.0000,793.7629,898.0101,1144.4438,1332.7021,1513.3315,1699.0000,1901.5426,2004.6649,3288.0820,3260.0248
2020-04-27,250,735.0000,786.2520,897.9345,1141.7140,1329.7029,1521.0449,1700.0000,1897.1958,2011.0000,3274.5000,3238.4298
2020-04-30,250,355.0000,360.0000,372.4720,468.5000,553.0000,611.0000,704.0000,820.0407,916.0000,1376.0000,1025.0000
2020-04-30,250,359.0000,361.0000,370.5000,468.6458,553.0000,621.0000,706.0000,803.9955,910.0000,1383.0000,1006.0000
2020-05-02,250,752.0000,678.0000,598.3307,639.0000,790.0000,901.0000,993.0000,1078.0000,1200.0000,1614.0000,1142.0000
2020-05-02,250,755.0000,710.0000,634.0000,667.0000,820.0000,968.0000,1131.0000,1160.0000,1349.0000,1611.0000,1152.0000
2020-05-05,250,795.0000,977.1429,1069.6640,1333.1111,1505.0000,1681.6119,1862.0000,2137.3333,2193.5057,3502.5000,3521.1069
2020-05-05,250,810.0000,981.2396,1072.4531,1333.1279,1488.0000,1700.0000,1894.6391,2145.6667,2192.2116,3512.0000,3526.0000
2020-05-07,250,876.0000,965.1667,1081.3258,1323.5338,1518.0000,1714.0166,1897.0000,2076.6511,2184.5162,3345.0000,3271.8447
2020-05-07,250,919.0000,960.9480,1081.2013,1313.2000,1490.0000,1699.5000,1898.3532,2085.1584,2169.0000,3354.3333,3268.3333
2020-05-10,250,1157.0000,1277.0000,1338.0000,1429.1429,1640.5000,2007.0000,2168.0000,2364.5685,2427.5029,2689.0000,2450.0000
2020-05-10,250,1147.0000,1272.8460,1338.0000,1428.7273,1647.0000,1996.0000,2163.0000,2360.7963,2421.4897,2678.0000,2453.5112
2020-05-17,250,-9999.0000,-9999.0000,-9999.0000,-9999.0000,-9999.0000,-9999.0000,-9999.0000,-9999.0000,-9999.0000,-9999.0000,-9999.0000
2020-05-17,250,-9999.0000,-9999.0000,-9999.0000,-9999.0000,-9999.0000,-9999.0000,-9999.0000,-9999.0000,-9999.0000,-9999.0000,-9999.0000
2020-05-20,250,-9999.0000,-9999.0000,-9999.0000,-9999.0000,-9999.0000,-9999.0000,-9999.0000,-9999.0000,-9999.0000,-9999.0000,-9999.0000
2020-05-20,250,-9999.0000,-9999.0000,-9999.0000,-9999.0000,-9999.0000,-9999.0000,-9999.0000,-9999.0000,-9999.0000,-9999.0000,-9999.0000
2020-05-27,250,880.6821,1034.0000,1172.4603,1332.0000,1609.0000,2157.0000,2418.7850,2565.2445,2759.7059,3301.5000,3021.0000
2020-05-27,250,854.0000,1041.3582,1178.0000,1330.2854,1602.0000,2187.9997,2422.0000,2578.0000,2762.5000,3390.0000,3081.7181
2020-05-30,250,672.0000,941.5714,1128.9841,1258.0013,1580.0000,2339.0000,2633.5055,2824.3776,2997.6741,3305.0073,2858.4922
2020-05-30,250,643.0000,932.7500,1129.3506,1250.0160,1598.0000,2344.8621,2620.0000,2820.5714,2969.1857,3386.3989,2969.0000
2020-06-01,250,615.0000,865.0909,1036.3618,1114.5726,1441.5000,2239.0000,2519.6667,2741.8793,2796.0000,3131.9865,2914.2500
2020-06-01,250,620.0000,865.2546,1034.0000,1122.0000,1452.5030,2241.8087,2538.9032,2742.9542,2805.2500,3145.6667,2885.0000
2020-06-06,250,-9999.0000,-9999.0000,-9999.0000,-9999.0000,-9999.0000,-9999.0000,-9999.0000,-9999.0000,-9999.0000,-9999.0000,-9999.0000
2020-06-06,250,-9999.0000,-9999.0000,-9999.0000,-9999.0000,-9999.0000,-9999.0000,-9999.0000,-9999.0000,-9999.0000,-9999.0000,-9999.0000
2020-06-19,250,-9999.0000,-9999.0000,-9999.0000,-9999.0000,-9999.0000,-9999.0000,-9999.0000,-9999.0000,-9999.0000,-9999.0000,-9999.0000
2020-06-19,250,-9999.0000,-9999.0000,-9999.0000,-9999.0000,-9999.0000,-9999.0000,-9999.0000,-9999.0000,-9999.0000,-9999.0000,-9999.0000
2020-06-24,250,273.0000,372.2003,652.3835,340.4033,991.0000,4116.0059,5096.0105,5204.0131,5211.5040,2109.0000,1033.3333
2020-06-24,250,248.0000,358.6846,646.8316,334.8333,992.5000,4123.0000,5106.0000,5258.6667,5226.0000,2105.0000,1040.0000
2020-06-26,250,367.0000,381.0000,681.0000,392.5000,1085.0000,4243.8705,5189.6975,5208.5512,5367.2038,2153.3351,1061.2500
2020-06-26,250,353.0000,375.0000,678.1704,388.5000,1090.7189,4225.0697,5209.5000,5240.8230,5367.8189,2146.5000,1061.0000
2020-07-01,250,-9999.0000,-9999.0000,-9999.0000,-9999.0000,-9999.0000,-9999.0000,-9999.0000,-9999.0000,-9999.0000,-9999.0000,-9999.0000
2020-07-01,250,-9999.0000,-9999.0000,-9999.0000,-9999.0000,-9999.0000,-9999.0000,-9999.0000,-9999.0000,-9999.0000,-9999.0000,-9999.0000
2020-07-04,250,-9999.0000,-9999.0000,-9999.0000,-9999.0000,-9999.0000,-9999.0000,-9999.0000,-9999.0000,-9999.0000,-9999.0000,-9999.0000
2020-07-04,250,-9999.0000,-9999.0000,-9999.0000,-9999.0000,-9999.0000,-9999.0000,-9999.0000,-9999.0000,-9999.0000,-9999.0000,-9999.0000
2020-07-06,250,-9999.0000,-9999.0000,-9999.0000,-9999.0000,-9999.0000,-9999.0000,-9999.0000,-9999.0000,-9999.0000,-9999.0000,-9999.0000
2020-07-06,250,-9999.0000,-9999.0000,-9999.0000,-9999.0000,-9999.0000,-9999.0000,-9999.0000,-9999.0000,-9999.0000,-9999.0000,-9999.0000
2020-07-11,250,-9999.0000,-9999.0000,-9999.0000,-9999.0000,-9999.0000,-9999.0000,-9999.0000,-9999.0000,-9999.0000,-9999.0000,-9999.0000
2020-07-11,250,-9999.0000,-9999.0000,-9999.0000,-9999.0000,-9999.0000,-9999.0000,-9999.0000,-9999.0000,-9999.0000,-9999.0000,-9999.0000
2020-07-21,250,-9999.0000,-9999.0000,-9999.0000,-9999.0000,-9999.0000,-9999.0000,-9999.0000,-9999.0000,-9999.0000,-9999.0000,-9999.0000
2020-07-21,250,-9999.0000,-9999.0000,-9999.0000,-9999.0000,-9999.0000,-9999.0000,-9999.0000,-9999.0000,-9999.0000,-9999.0000,-9999.0000
2020-07-24,250,622.0000,630.6395,961.7050,525.0000,1430.0000,5532.0020,6941.0000,7260.0000,7154.0000,2794.6364,1302.0000
2020-07-24,250,654.0000,644.9966,973.6234,564.2931,1460.0000,5361.0000,6734.3609,7168.0000,6981.5000,2794.0000,1316.5000
2020-07-26,250,-9999.0000,-9999.0000,-9999.0000,-9999.0000,-9999.0000,-9999.0000,-9999.0000,-9999.0000,-9999.0000,-9999.0000,-9999.0000
2020-07-26,250,-9999.0000,-9999.0000,-9999.0000,-9999.0000,-9999.0000,-9999.0000,-9999.0000,-9999.0000,-9999.0000,-9999.0000,-9999.0000
2020-07-31,250,363.0000,421.0000,694.0000,394.5556,1070.0000,4106.6602,5136.0000,5193.8571,5335.0000,2218.0805,1094.3653
2020-07-31,250,362.0000,423.0000,694.0000,394.2308,1068.0000,4109.0000,5114.0000,5177.5000,5290.0000,2225.3099,1096.0000
2020-08-05,250,263.0000,254.5769,591.0000,281.5882,1060.3333,4139.5000,4953.3333,5048.3333,5207.0000,2161.2500,1004.5000
2020-08-05,250,262.0000,254.0000,590.4364,281.1794,1058.0000,4105.9995,4937.9995,5048.6000,5157.3351,2159.0000,1005.5000
2020-08-08,250,324.0000,333.0000,641.0000,333.2609,1104.0000,3931.0000,4709.0000,4795.0000,5015.6667,2157.3333,995.0183
2020-08-08,250,320.0000,332.3784,640.6089,333.4815,1102.7925,3892.9985,4674.0000,4793.3333,4964.0000,2155.2500,995.9911
2020-08-10,250,323.0000,373.0000,680.4487,349.4497,1130.0000,4006.6646,4956.0000,4931.3333,5181.0000,2313.5817,1112.3333
2020-08-10,250,326.0000,373.0000,680.0000,349.3158,1130.7018,3990.6683,4914.4436,4951.8575,5127.8995,2324.1815,1114.3333
2020-08-13,250,414.0000,506.0734,772.5000,538.4250,1150.1754,3265.5439,3974.9034,3973.8602,4266.5000,2060.0000,1085.0000
2020-08-13,250,421.0000,514.0000,776.7546,541.6925,1153.0000,3241.0000,3932.9753,3977.1111,4223.0000,2060.2993,1082.4881
2020-08-18,250,-9999.0000,-9999.0000,-9999.0000,-9999.0000,-9999.0000,-9999.0000,-9999.0000,-9999.0000,-9999.0000,-9999.0000,-9999.0000
2020-08-18,250,-9999.0000,-9999.0000,-9999.0000,-9999.0000,-9999.0000,-9999.0000,-9999.0000,-9999.0000,-9999.0000,-9999.0000,-9999.0000
2020-08-23,250,652.0000,600.3373,866.3899,584.7949,1260.3404,3364.0000,3877.0000,4136.0000,4019.5000,2069.0000,1288.9949
2020-08-23,250,640.0000,608.7500,872.3719,589.3600,1264.0000,3354.0000,3867.7156,4117.3187,4054.3333,2064.9451,1270.5225
2020-08-25,250,-9999.0000,-9999.0000,-9999.0000,-9999.0000,-9999.0000,-9999.0000,-9999.0000,-9999.0000,-9999.0000,-9999.0000,-9999.0000
2020-08-25,250,-9999.0000,-9999.0000,-9999.0000,-9999.0000,-9999.0000,-9999.0000,-9999.0000,-9999.0000,-9999.0000,-9999.0000,-9999.0000
2020-08-28,250,-9999.0000,-9999.0000,-9999.0000,-9999.0000,-9999.0000,-9999.0000,-9999.0000,-9999.0000,-9999.0000,-9999.0000,-9999.0000
2020-08-28,250,-9999.0000,-9999.0000,-9999.0000,-9999.0000,-9999.0000,-9999.0000,-9999.0000,-9999.0000,-9999.0000,-9999.0000,-9999.0000
2020-09-02,250,213.0000,300.3386,658.4832,309.5828,1110.5175,3270.3333,3769.5710,4038.0000,3991.0000,1936.4606,963.4180
2020-09-02,250,228.0000,302.7642,661.0000,309.2045,1114.0000,3269.8266,3757.0000,4026.0895,3985.0000,1944.5000,964.0000
2020-09-04,250,-9999.0000,-9999.0000,-9999.0000,-9999.0000,-9999.0000,-9999.0000,-9999.0000,-9999.0000,-9999.0000,-9999.0000,-9999.0000
2020-09-04,250,-9999.0000,-9999.0000,-9999.0000,-9999.0000,-9999.0000,-9999.0000,-9999.0000,-9999.0000,-9999.0000,-9999.0000,-9999.0000
2020-09-07,250,-9999.0000,-9999.0000,-9999.0000,-9999.0000,-9999.0000,-9999.0000,-9999.0000,-9999.0000,-9999.0000,-9999.0000,-9999.0000
2020-09-07,250,-9999.0000,-9999.0000,-9999.0000,-9999.0000,-9999.0000,-9999.0000,-9999.0000,-9999.0000,-9999.0000,-9999.0000,-9999.0000
2020-09-14,250,426.0000,380.2576,728.0000,404.1661,1188.5795,3014.0000,3409.0000,3482.6241,3706.0000,1993.7402,1041.5000
2020-09-14,250,443.0000,378.6244,728.0000,404.3333,1187.0000,3035.5000,3395.0000,3479.2500,3672.0000,1989.5000,1044.5000
2020-09-17,250,841.0000,848.0000,1116.0000,840.7763,1437.0000,2843.5000,3161.0000,3377.0000,3304.6667,1738.5620,1080.0000
2020-09-17,250,839.0000,840.0000,1108.0000,836.7198,1436.0000,2823.0000,3149.0000,3378.8000,3315.5000,1738.7077,1072.5000
2020-09-19,250,257.0000,328.4000,662.0000,373.6250,1082.0000,2651.0000,3012.5000,3284.2532,3274.0000,1925.1099,1154.6914
2020-09-19,250,273.0000,326.2634,662.0000,373.8838,1078.0000,2665.5000,3016.5000,3289.0034,3284.6259,1928.5000,1154.0000
2020-09-22,250,282.0000,386.1297,697.0000,418.4404,1117.0000,2564.5000,2903.0000,3078.7609,3131.0000,1897.3591,1082.0000
2020-09-22,250,284.0000,382.7505,695.0000,418.6468,1110.0000,2578.0000,2902.0000,3063.1314,3092.9989,1907.0000,1096.0000
2020-09-24,250,310.0000,313.0000,584.0000,379.0000,957.0000,2044.0000,2313.0000,2419.5347,2525.0000,1489.0000,831.0000
2020-09-24,250,341.0000,317.0000,584.9623,376.0000,962.0000,1920.0000,2167.0000,2282.0000,2254.0000,1441.0000,836.0000
2020-10-02,250,303.0000,446.6268,700.8723,464.3934,1093.6717,2149.0000,2417.0000,2635.3333,2701.0000,1721.0000,978.0000
2020-10-02,250,295.0000,444.2865,696.7500,462.6000,1092.3394,2165.0059,2444.0393,2630.2000,2693.9971,1712.1267,969.6795
2020-10-07,250,-9999.0000,-9999.0000,-9999.0000,-9999.0000,-9999.0000,-9999.0000,-9999.0000,-9999.0000,-9999.0000,-9999.0000,-9999.0000
2020-10-07,250,-9999.0000,-9999.0000,-9999.0000,-9999.0000,-9999.0000,-9999.0000,-9999.0000,-9999.0000,-9999.0000,-9999.0000,-9999.0000
2020-10-17,250,-9999.0000,-9999.0000,-9999.0000,-9999.0000,-9999.0000,-9999.0000,-9999.0000,-9999.0000,-9999.0000,-9999.0000,-9999.0000
2020-10-17,250,-9999.0000,-9999.0000,-9999.0000,-9999.0000,-9999.0000,-9999.0000,-9999.0000,-9999.0000,-9999.0000,-9999.0000,-9999.0000
2020-10-29,250,-9999.0000,-9999.0000,-9999.0000,-9999.0000,-9999.0000,-9999.0000,-9999.0000,-9999.0000,-9999.0000,-9999.0000,-9999.0000
2020-10-29,250,-9999.0000,-9999.0000,-9999.0000,-9999.0000,-9999.0000,-9999.0000,-9999.0000,-9999.0000,-9999.0000,-9999.0000,-9999.0000
2020-11-01,250,320.0000,510.1719,591.0000,570.3329,826.0000,1364.0000,1587.0000,1635.6000,1766.5000,1547.0000,974.0000
2020-11-01,250,370.0000,558.3160,644.0000,612.0000,870.0000,1382.3333,1624.9912,1750.4859,1832.5000,1595.0000,1002.3346
2020-11-03,250,265.0000,350.0000,535.0000,621.0000,874.3333,1320.4875,1510.0000,1639.7148,1755.0000,1868.5692,1348.4466
2020-11-03,250,252.0000,343.0000,528.3571,620.2002,878.6667,1307.0000,1479.0016,1640.2000,1733.0000,1858.4298,1338.3044
2020-11-06,250,100.0000,278.5000,440.2517,586.3564,793.2062,1063.5502,1227.0000,1365.8571,1496.1691,1947.0000,1595.0000
2020-11-06,250,93.0000,274.4629,436.8052,583.0000,794.0000,1069.0000,1240.4998,1369.2727,1496.0000,1944.5000,1584.0000
2020-11-08,250,207.0000,462.0000,600.7759,742.7989,958.0000,1287.0000,1444.6667,1576.8052,1707.0000,2192.0000,1906.6388
2020-11-08,250,203.0000,451.0000,596.4286,738.3750,959.0000,1289.6609,1467.5564,1575.6521,1714.0000,2184.9738,1931.9702
2020-11-13,250,613.0000,620.3333,769.0000,844.0000,1197.0000,1706.5000,1902.1308,1967.5376,2151.6667,2098.0000,1556.0000
2020-11-13,250,614.0000,622.7702,773.4833,846.2002,1209.5260,1673.0000,1885.5000,1965.1413,2147.6667,2090.0000,1562.9896
2020-11-18,250,-9999.0000,-9999.0000,-9999.0000,-9999.0000,-9999.0000,-9999.0000,-9999.0000,-9999.0000,-9999.0000,-9999.0000,-9999.0000
2020-11-18,250,-9999.0000,-9999.0000,-9999.0000,-9999.0000,-9999.0000,-9999.0000,-9999.0000,-9999.0000,-9999.0000,-9999.0000,-9999.0000
2020-11-23,250,366.0000,418.4915,526.6473,614.3797,853.0181,1188.3333,1333.4975,1460.8182,1595.2500,1678.8771,1209.6620
2020-11-23,250,365.0000,418.3418,524.7733,612.4143,857.0000,1185.0000,1337.0000,1463.7500,1609.5000,1677.0000,1210.0000
2020-12-16,250,-9999.0000,-9999.0000,-9999.0000,-9999.0000,-9999.0000,-9999.0000,-9999.0000,-9999.0000,-9999.0000,-9999.0000,-9999.0000
2020-12-16,250,-9999.0000,-9999.0000,-9999.0000,-9999.0000,-9999.0000,-9999.0000,-9999.0000,-9999.0000,-9999.0000,-9999.0000,-9999.0000
2020-12-28,250,-9999.0000,-9999.0000,-9999.0000,-9999.0000,-9999.0000,-9999.0000,-9999.0000,-9999.0000,-9999.0000,-9999.0000,-9999.0000
2020-12-28,250,-9999.0000,-9999.0000,-9999.0000,-9999.0000,-9999.0000,-9999.0000,-9999.0000,-9999.0000,-9999.0000,-9999.0000,-9999.0000
2021-01-12,250,421.0000,420.0000,467.0000,576.0000,700.0000,772.6543,858.3563,1026.2826,1091.0000,1270.0000,856.6504
2021-01-12,250,420.0000,421.0000,464.0000,572.0000,698.3334,773.0000,867.0000,1033.8203,1098.0000,1270.0000,857.0000
2021-01-22,250,468.0000,484.0000,533.0000,666.0000,806.3333,894.5000,998.0000,1150.0000,1208.3613,1476.7688,1070.6044
2021-01-22,250,470.0000,480.0000,531.0000,664.0000,809.0000,905.0000,1000.5000,1158.3160,1212.0000,1474.4438,1071.0000
2021-01-25,250,310.0000,376.0000,428.0000,598.0000,761.0000,837.0000,924.5000,1108.0000,1142.3333,1362.0029,964.6676
2021-01-25,250,312.0000,376.0000,426.0000,597.0000,765.0000,836.0000,925.0000,1108.3597,1146.0000,1362.6748,960.5000
2021-01-30,250,-9999.0000,-9999.0000,-9999.0000,-9999.0000,-9999.0000,-9999.0000,-9999.0000,-9999.0000,-9999.0000,-9999.0000,-9999.0000
2021-01-30,250,-9999.0000,-9999.0000,-9999.0000,-9999.0000,-9999.0000,-9999.0000,-9999.0000,-9999.0000,-9999.0000,-9999.0000,-9999.0000
2021-02-09,250,-9999.0000,-9999.0000,-9999.0000,-9999.0000,-9999.0000,-9999.0000,-9999.0000,-9999.0000,-9999.0000,-9999.0000,-9999.0000
2021-02-09,250,-9999.0000,-9999.0000,-9999.0000,-9999.0000,-9999.0000,-9999.0000,-9999.0000,-9999.0000,-9999.0000,-9999.0000,-9999.0000
2021-02-11,250,5223.0000,5420.7245,5525.4778,5929.8000,6135.5000,6130.0000,6082.0000,6611.5613,6200.0000,1069.0000,1018.2992
2021-02-11,250,5271.0000,5456.3173,5509.6994,5942.8750,6217.0000,6142.0000,6068.0000,6597.0000,6284.5000,1064.6667,1007.0000
2021-02-14,250,4697.0000,5002.0000,5091.0000,5512.9167,5734.0824,5684.0000,5670.0000,6351.6807,5848.0000,1489.5000,1433.0000
2021-02-14,250,4777.1847,5040.0000,5135.5000,5618.6667,5797.0000,5739.0413,5786.0000,6443.3333,6020.9287,1483.0000,1465.0000
2021-02-19,250,272.0000,482.6522,552.4006,736.6667,881.0000,960.0000,1090.6595,1260.9921,1326.3333,1783.0000,1342.0000
2021-02-19,250,268.0000,484.4871,552.8301,736.5000,870.3769,962.4998,1080.4032,1260.6667,1322.5000,1771.0000,1333.0000
2021-02-26,250,602.0000,763.0000,838.5908,994.5000,1205.4016,1354.3490,1512.7095,1754.0000,1791.0000,2497.0000,2036.0000
2021-02-26,250,592.0000,770.0000,843.0000,993.6667,1217.2907,1369.1779,1525.0000,1745.0000,1789.0000,2513.5000,2045.7098
2021-03-01,250,838.0000,890.0000,973.3475,1136.7919,1382.0000,1555.0000,1706.5248,1978.0000,2025.8299,2960.5119,2453.6011
2021-03-01,250,836.0000,893.3382,977.9844,1141.5782,1390.4950,1550.0000,1730.0244,1986.0000,2028.0000,2953.4037,2466.6667
2021-03-08,250,1050.0000,1182.0000,1272.0000,1384.0000,1696.8465,1958.6135,2118.0000,2402.0000,2401.0000,3041.0000,2670.2500
2021-03-08,250,1032.0000,1176.0000,1270.0000,1382.0000,1698.5869,1952.0000,2109.0000,2396.0000,2395.0000,3034.0000,2662.5584
2021-03-13,250,-9999.0000,-9999.0000,-9999.0000,-9999.0000,-9999.0000,-9999.0000,-9999.0000,-9999.0000,-9999.0000,-9999.0000,-9999.0000
2021-03-13,250,-9999.0000,-9999.0000,-9999.0000,-9999.0000,-9999.0000,-9999.0000,-9999.0000,-9999.0000,-9999.0000,-9999.0000,-9999.0000
2021-03-16,250,-9999.0000,-9999.0000,-9999.0000,-9999.0000,-9999.0000,-9999.0000,-9999.0000,-9999.0000,-9999.0000,-9999.0000,-9999.0000
2021-03-16,250,-9999.0000,-9999.0000,-9999.0000,-9999.0000,-9999.0000,-9999.0000,-9999.0000,-9999.0000,-9999.0000,-9999.0000,-9999.0000
2021-03-23,250,-9999.0000,-9999.0000,-9999.0000,-9999.0000,-9999.0000,-9999.0000,-9999.0000,-9999.0000,-9999.0000,-9999.0000,-9999.0000
2021-03-23,250,-9999.0000,-9999.0000,-9999.0000,-9999.0000,-9999.0000,-9999.0000,-9999.0000,-9999.0000,-9999.0000,-9999.0000,-9999.0000
2021-03-26,250,956.0000,926.0000,1130.0000,1246.0000,1575.0000,1799.0000,1978.0000,2148.0000,2292.0000,2707.0000,2245.0000
2021-03-26,250,969.0000,884.0000,1090.0000,1248.0000,1577.0000,1796.0000,1986.0000,2150.0000,2309.0000,2714.0000,2223.0000
2021-03-31,250,635.0000,776.6827,880.6558,1022.7500,1228.0000,1421.0000,1560.4772,1808.0000,1838.3536,2896.0000,2630.0000
2021-03-31,250,621.0000,776.5124,880.2033,1019.0000,1237.0000,1421.0000,1563.0000,1801.0000,1843.0000,2924.5002,2628.4478
2021-04-05,250,579.0000,662.3309,738.3728,893.0000,1104.0000,1275.0000,1436.5057,1702.0000,1753.0000,2581.0000,2058.9786
2021-04-05,250,586.0000,666.6016,738.0349,896.7463,1103.0000,1282.5220,1432.0000,1709.2115,1749.4996,2574.0000,2060.8266
2021-04-12,250,794.0000,730.6942,744.2589,902.2024,1086.5000,1219.0000,1388.0000,1587.2500,1725.0000,2321.5502,1722.9891
2021-04-12,250,808.0000,757.0000,775.0000,948.0000,1134.0000,1252.0000,1394.0000,1606.0000,1733.0000,2390.0000,1770.0000
2021-04-15,250,-9999.0000,-9999.0000,-9999.0000,-9999.0000,-9999.0000,-9999.0000,-9999.0000,-9999.0000,-9999.0000,-9999.0000,-9999.0000
2021-04-15,250,-9999.0000,-9999.0000,-9999.0000,-9999.0000,-9999.0000,-9999.0000,-9999.0000,-9999.0000,-9999.0000,-9999.0000,-9999.0000
2021-04-17,250,675.0000,747.0000,766.9485,938.6286,1107.0000,1262.0000,1397.7713,1565.4000,1633.5000,2657.5000,2668.0000
2021-04-17,250,673.0000,744.4391,764.6246,936.6000,1105.0000,1269.0000,1411.0000,1565.5714,1641.9991,2666.5000,2681.0000
2021-04-20,250,480.0000,606.0000,642.4127,818.7261,934.6555,1028.0000,1141.3333,1321.4286,1367.0000,2424.5581,2453.0000
2021-04-20,250,494.0000,613.0000,648.0000,818.5000,940.5676,1035.0000,1153.4503,1328.5000,1380.0000,2413.5000,2446.0000
2021-04-27,250,621.0000,740.7310,796.5943,1041.4286,1190.0000,1347.0000,1499.0000,1725.0000,1789.3333,3039.0000,3164.0000
2021-04-27,250,621.0000,738.8251,796.5000,1040.9919,1193.0000,1340.0000,1491.0000,1732.4275,1792.0000,3028.5000,3158.0000
2021-05-07,250,797.0000,767.0000,720.5000,850.0000,964.0000,1065.2682,1199.0000,1363.1574,1467.0000,2256.0000,1930.0000
2021-05-07,250,810.0000,772.0000,719.0000,857.9697,976.0000,1074.8921,1199.0000,1378.6448,1458.4503,2265.0000,1923.6667
2021-05-12,250,-9999.0000,-9999.0000,-9999.0000,-9999.0000,-9999.0000,-9999.0000,-9999.0000,-9999.0000,-9999.0000,-9999.0000,-9999.0000
2021-05-12,250,-9999.0000,-9999.0000,-9999.0000,-9999.0000,-9999.0000,-9999.0000,-9999.0000,-9999.0000,-9999.0000,-9999.0000,-9999.0000
2021-05-20,250,-9999.0000,-9999.0000,-9999.0000,-9999.0000,-9999.0000,-9999.0000,-9999.0000,-9999.0000,-9999.0000,-9999.0000,-9999.0000
2021-05-20,250,-9999.0000,-9999.0000,-9999.0000,-9999.0000,-9999.0000,-9999.0000,-9999.0000,-9999.0000,-9999.0000,-9999.0000,-9999.0000
2021-05-30,250,682.0000,809.4603,938.0000,1067.2038,1332.0000,1584.5938,1747.0000,1926.3804,2027.9036,3019.5049,2778.2483
2021-05-30,250,672.0000,809.9533,928.5508,1074.4783,1314.0000,1581.0000,1733.6235,1922.7140,2046.4180,3016.0000,2808.5025
2021-06-01,250,922.0000,973.2162,1161.3043,1312.9921,1660.0000,1977.0529,2180.4873,2376.6525,2515.7415,3538.2555,3305.6667
2021-06-01,250,933.0000,977.1429,1164.8803,1329.6013,1657.5000,1991.0000,2168.2139,2373.3136,2483.0000,3539.0000,3283.0000
2021-06-04,250,884.2282,991.0000,1152.7099,1260.0000,1628.0000,2040.2573,2200.7760,2294.8426,2518.2051,3318.0000,3012.6667
2021-06-04,250,918.0000,985.6990,1153.3333,1267.1663,1612.4780,2010.5000,2204.5000,2295.8579,2489.0292,3304.8350,3032.0000
2021-06-09,250,-9999.0000,-9999.0000,-9999.0000,-9999.0000,-9999.0000,-9999.0000,-9999.0000,-9999.0000,-9999.0000,-9999.0000,-9999.0000
2021-06-09,250,-9999.0000,-9999.0000,-9999.0000,-9999.0000,-9999.0000,-9999.0000,-9999.0000,-9999.0000,-9999.0000,-9999.0000,-9999.0000
2021-06-11,250,-9999.0000,-9999.0000,-9999.0000,-9999.0000,-9999.0000,-9999.0000,-9999.0000,-9999.0000,-9999.0000,-9999.0000,-9999.0000
2021-06-11,250,-9999.0000,-9999.0000,-9999.0000,-9999.0000,-9999.0000,-9999.0000,-9999.0000,-9999.0000,-9999.0000,-9999.0000,-9999.0000
2021-06-14,250,711.0000,917.6667,1145.1400,1242.2222,1616.4832,2219.6667,2410.0000,2519.3657,2733.0000,3079.0000,2749.3508
2021-06-14,250,698.0000,912.7669,1142.0000,1242.5000,1629.0000,2202.0005,2377.5754,2517.8996,2663.3333,3072.0000,2732.3819
2021-06-16,250,676.4091,941.1667,1177.3333,1226.3333,1642.6802,2451.7855,2688.0000,2808.6324,2952.5000,3169.0000,2875.3377
2021-06-16,250,669.0000,933.0127,1180.2569,1227.3333,1633.5000,2445.0000,2696.0000,2790.7834,2980.6667,3158.0000,2806.6263
2021-06-19,250,489.0000,661.0000,845.4000,777.3333,1186.0000,2215.3333,2467.0000,2506.0000,2696.0000,2209.0000,1746.0000
2021-06-19,250,481.0000,656.5000,846.6667,782.2273,1223.0000,2201.6667,2472.6667,2491.0000,2708.5000,2269.5022,1773.7833
2021-06-21,250,-9999.0000,-9999.0000,-9999.0000,-9999.0000,-9999.0000,-9999.0000,-9999.0000,-9999.0000,-9999.0000,-9999.0000,-9999.0000
2021-06-21,250,-9999.0000,-9999.0000,-9999.0000,-9999.0000,-9999.0000,-9999.0000,-9999.0000,-9999.0000,-9999.0000,-9999.0000,-9999.0000
2021-06-26,250,-9999.0000,-9999.0000,-9999.0000,-9999.0000,-9999.0000,-9999.0000,-9999.0000,-9999.0000,-9999.0000,-9999.0000,-9999.0000
2021-06-26,250,-9999.0000,-9999.0000,-9999.0000,-9999.0000,-9999.0000,-9999.0000,-9999.0000,-9999.0000,-9999.0000,-9999.0000,-9999.0000
2021-07-04,250,-9999.0000,-9999.0000,-9999.0000,-9999.0000,-9999.0000,-9999.0000,-9999.0000,-9999.0000,-9999.0000,-9999.0000,-9999.0000
2021-07-04,250,-9999.0000,-9999.0000,-9999.0000,-9999.0000,-9999.0000,-9999.0000,-9999.0000,-9999.0000,-9999.0000,-9999.0000,-9999.0000
2021-07-09,250,777.0000,823.0000,1002.0000,702.0000,1253.0000,3713.0000,4499.0000,4482.6667,4600.0000,1481.0000,824.0000
2021-07-09,250,768.0000,823.0000,1000.0000,704.6667,1256.0000,3713.9991,4468.0000,4481.3420,4577.0000,1479.0000,815.0000
2021-07-21,250,-9999.0000,-9999.0000,-9999.0000,-9999.0000,-9999.0000,-9999.0000,-9999.0000,-9999.0000,-9999.0000,-9999.0000,-9999.0000
2021-07-21,250,-9999.0000,-9999.0000,-9999.0000,-9999.0000,-9999.0000,-9999.0000,-9999.0000,-9999.0000,-9999.0000,-9999.0000,-9999.0000
2021-07-26,250,378.0000,559.0000,871.0000,665.0000,1328.0000,4542.0000,5542.0000,4808.0000,5642.0000,2323.0000,1123.0000
2021-07-26,250,368.0000,537.0000,848.0000,602.0000,1352.0000,4641.0000,5744.0000,4878.0000,5915.0000,2458.0000,1237.0000
2021-07-29,250,-9999.0000,-9999.0000,-9999.0000,-9999.0000,-9999.0000,-9999.0000,-9999.0000,-9999.0000,-9999.0000,-9999.0000,-9999.0000
2021-07-29,250,-9999.0000,-9999.0000,-9999.0000,-9999.0000,-9999.0000,-9999.0000,-9999.0000,-9999.0000,-9999.0000,-9999.0000,-9999.0000
2021-07-31,250,-9999.0000,-9999.0000,-9999.0000,-9999.0000,-9999.0000,-9999.0000,-9999.0000,-9999.0000,-9999.0000,-9999.0000,-9999.0000
2021-07-31,250,-9999.0000,-9999.0000,-9999.0000,-9999.0000,-9999.0000,-9999.0000,-9999.0000,-9999.0000,-9999.0000,-9999.0000,-9999.0000
2021-08-03,250,612.0000,577.0000,888.0000,448.5000,1281.0000,5275.0000,6453.0000,6644.0000,6701.0000,1915.0000,813.0000
2021-08-03,250,603.0000,576.4648,892.0000,450.2500,1265.0000,5334.0000,6544.0000,6693.9764,6779.0000,1914.0000,792.0000
2021-08-05,250,-9999.0000,-9999.0000,-9999.0000,-9999.0000,-9999.0000,-9999.0000,-9999.0000,-9999.0000,-9999.0000,-9999.0000,-9999.0000
2021-08-05,250,-9999.0000,-9999.0000,-9999.0000,-9999.0000,-9999.0000,-9999.0000,-9999.0000,-9999.0000,-9999.0000,-9999.0000,-9999.0000
2021-08-08,250,-9999.0000,-9999.0000,-9999.0000,-9999.0000,-9999.0000,-9999.0000,-9999.0000,-9999.0000,-9999.0000,-9999.0000,-9999.0000
2021-08-08,250,-9999.0000,-9999.0000,-9999.0000,-9999.0000,-9999.0000,-9999.0000,-9999.0000,-9999.0000,-9999.0000,-9999.0000,-9999.0000
2021-08-10,250,-9999.0000,-9999.0000,-9999.0000,-9999.0000,-9999.0000,-9999.0000,-9999.0000,-9999.0000,-9999.0000,-9999.0000,-9999.0000
2021-08-10,250,-9999.0000,-9999.0000,-9999.0000,-9999.0000,-9999.0000,-9999.0000,-9999.0000,-9999.0000,-9999.0000,-9999.0000,-9999.0000
2021-08-15,250,303.0000,368.8232,676.8083,317.4916,1002.0000,4390.4802,5531.2145,5544.6697,5674.2076,1723.0000,709.7500
2021-08-15,250,302.0000,368.3164,674.3491,317.3869,1001.0000,4394.3333,5524.6717,5545.5556,5669.5091,1731.0000,711.0000
2021-08-23,250,249.0000,290.0000,580.0000,265.4113,893.0000,4033.9418,4967.3333,5192.2607,5110.0121,1402.5000,545.6667
2021-08-23,250,256.0000,296.0000,580.6353,269.6672,891.0000,4037.0000,4953.5000,5173.8681,5126.4581,1401.5000,546.4983
2021-08-25,250,-9999.0000,-9999.0000,-9999.0000,-9999.0000,-9999.0000,-9999.0000,-9999.0000,-9999.0000,-9999.0000,-9999.0000,-9999.0000
2021-08-25,250,-9999.0000,-9999.0000,-9999.0000,-9999.0000,-9999.0000,-9999.0000,-9999.0000,-9999.0000,-9999.0000,-9999.0000,-9999.0000
2021-08-30,250,-9999.0000,-9999.0000,-9999.0000,-9999.0000,-9999.0000,-9999.0000,-9999.0000,-9999.0000,-9999.0000,-9999.0000,-9999.0000
2021-08-30,250,-9999.0000,-9999.0000,-9999.0000,-9999.0000,-9999.0000,-9999.0000,-9999.0000,-9999.0000,-9999.0000,-9999.0000,-9999.0000
2021-09-02,250,638.0000,574.4398,793.6517,410.7864,1085.8973,4428.5707,5496.5280,5733.3333,5668.5000,1589.4219,635.5000
2021-09-02,250,658.0000,589.5027,805.3340,419.0582,1082.5000,4359.9347,5406.8099,5685.2713,5636.7064,1590.8429,635.9921
2021-09-04,250,326.0000,392.6201,660.5245,317.4225,959.0000,4262.8612,5395.7500,5555.6250,5559.8724,1620.0029,665.0000
2021-09-04,250,323.0000,390.2629,656.3759,317.7424,948.5000,4249.3333,5411.6000,5557.2946,5573.8571,1610.0000,674.0000
2021-09-07,250,527.0000,653.0000,874.4318,568.3575,1134.3333,3675.0830,4584.0381,4549.5252,4728.2188,1644.0000,843.6667
2021-09-09,250,325.0000,334.8173,655.0000,329.5192,1034.0000,4149.6883,5063.5723,5107.8571,5287.0332,1682.5000,707.0010
2021-09-09,250,324.0000,332.0000,655.0000,329.0157,1028.0000,4155.1228,5096.5000,5109.7692,5284.0059,1674.0000,697.0000
2021-09-14,250,381.0000,464.0000,730.7500,378.0133,1038.5000,4341.3025,5526.8571,5541.5333,5637.6667,1612.6267,676.9987
2021-09-14,250,380.0000,464.7505,730.7017,377.8820,1034.0000,4341.3605,5496.0000,5528.2500,5657.5015,1611.6667,682.3333
2021-09-19,250,372.0000,346.4395,584.6626,289.6504,868.0000,3483.0546,4263.2815,4360.4752,4398.0000,1277.7519,522.7301
2021-09-19,250,382.0000,350.2061,588.2731,294.5975,873.0000,3512.6340,4258.0000,4354.3351,4373.2994,1272.5000,517.0000
2021-09-22,250,702.0000,706.6667,949.7500,566.5146,1286.0000,4660.7641,5745.0000,5965.4267,5962.5000,1784.0000,805.0000
2021-09-22,250,711.0000,698.0000,958.2489,561.7962,1309.7500,4694.6770,5751.6667,6037.4091,6002.3671,1816.2500,809.5000
2021-10-04,250,171.0000,288.0000,566.8582,286.6682,902.3333,3879.9546,4795.3434,4950.9091,4921.0000,1376.4003,613.0000
2021-10-04,250,168.0000,285.0000,564.5864,286.4545,896.3964,3895.6000,4797.0000,4969.0000,4853.0000,1379.0000,608.0000
2021-10-09,250,281.0000,290.6911,583.0000,312.4545,930.0000,3802.9849,4611.0000,4871.0769,4759.3591,1402.4990,623.0000
2021-10-09,250,280.0000,287.0000,582.3333,311.0000,924.0000,3782.0000,4582.0000,4855.5000,4756.0000,1389.9990,633.0000
2021-10-24,250,189.0000,306.5015,564.6477,306.5556,850.3446,3659.4000,4430.8475,4754.2603,4551.5000,1349.0000,664.5000
2021-10-24,250,191.0000,304.5161,560.3920,305.7603,853.0000,3674.3333,4466.3518,4749.9457,4544.5000,1370.0000,656.0000
2021-10-29,250,259.0000,271.0000,580.0000,345.8636,946.6228,3598.0000,4297.2500,4344.8073,4452.0020,1454.0000,751.0000
2021-10-29,250,262.0000,262.5386,579.0000,345.4547,941.0000,3587.7502,4300.0000,4328.6923,4434.6667,1455.0000,743.0000
2021-11-01,250,-9999.0000,-9999.0000,-9999.0000,-9999.0000,-9999.0000,-9999.0000,-9999.0000,-9999.0000,-9999.0000,-9999.0000,-9999.0000
2021-11-01,250,-9999.0000,-9999.0000,-9999.0000,-9999.0000,-9999.0000,-9999.0000,-9999.0000,-9999.0000,-9999.0000,-9999.0000,-9999.0000
2021-11-21,250,322.0000,415.0000,529.4790,594.1526,865.2264,1092.2439,1196.9038,1358.6284,1454.5439,1559.0000,1144.0000
2021-11-21,250,318.0000,418.0000,524.4558,592.1111,861.4000,1080.9608,1192.8017,1360.9543,1465.0000,1561.5000,1143.0000
2021-11-23,250,307.0000,437.0000,485.4365,562.0866,826.0159,1007.3922,1098.0000,1262.5842,1364.6801,1577.0000,1241.5000
2021-11-23,250,308.0000,438.4519,485.0985,562.1455,824.6667,986.6973,1096.7112,1263.0802,1360.0434,1585.0000,1253.4034
2021-12-08,250,653.0000,558.1667,581.5149,666.5551,937.0214,1108.6455,1196.1171,1326.2507,1451.7838,1357.2500,970.3457
2021-12-08,250,653.0000,558.5294,581.5403,666.6321,932.7382,1094.2073,1190.6776,1326.6561,1443.5223,1361.4985,969.0000
2021-12-11,250,238.0000,209.0000,161.7500,265.2500,370.4000,421.6307,471.5000,551.2174,616.0000,1036.0000,818.2231
2021-12-11,250,221.0000,208.0000,161.8571,261.2500,373.8333,407.2000,458.9913,566.6677,633.0000,1031.0000,819.0000
2021-12-21,250,487.0000,433.8279,353.3998,425.7500,538.9941,566.4555,663.0000,792.6195,854.5000,1102.0000,854.0000
2021-12-21,250,485.0000,429.7777,352.3333,421.3848,537.3333,577.0000,646.8675,792.6131,841.6638,1095.0000,858.3337
2021-12-26,250,672.0000,781.3076,729.3333,925.3602,1074.5000,1160.5000,1271.7500,1493.6000,1538.0000,2382.2646,2216.5000
2021-12-26,250,668.0000,780.4000,729.9291,924.1027,1056.0000,1173.0949,1270.3583,1494.7164,1539.8550,2368.5000,2243.0000
2021-12-28,250,-9999.0000,-9999.0000,-9999.0000,-9999.0000,-9999.0000,-9999.0000,-9999.0000,-9999.0000,-9999.0000,-9999.0000,-9999.0000
2021-12-28,250,-9999.0000,-9999.0000,-9999.0000,-9999.0000,-9999.0000,-9999.0000,-9999.0000,-9999.0000,-9999.0000,-9999.0000,-9999.0000
2022-01-02,250,-9999.0000,-9999.0000,-9999.0000,-9999.0000,-9999.0000,-9999.0000,-9999.0000,-9999.0000,-9999.0000,-9999.0000,-9999.0000
2022-01-02,250,-9999.0000,-9999.0000,-9999.0000,-9999.0000,-9999.0000,-9999.0000,-9999.0000,-9999.0000,-9999.0000,-9999.0000,-9999.0000
2022-01-05,250,371.0000,448.6667,364.7500,521.7416,661.0000,739.5000,843.0000,980.0502,1067.6409,1367.0000,1001.0000
2022-01-05,250,380.0000,460.6667,373.8411,525.9091,657.7093,747.9702,836.0805,979.1667,1042.0000,1366.6667,996.0000
2022-01-07,250,-9999.0000,-9999.0000,-9999.0000,-9999.0000,-9999.0000,-9999.0000,-9999.0000,-9999.0000,-9999.0000,-9999.0000,-9999.0000
2022-01-07,250,-9999.0000,-9999.0000,-9999.0000,-9999.0000,-9999.0000,-9999.0000,-9999.0000,-9999.0000,-9999.0000,-9999.0000,-9999.0000
2022-01-10,250,442.0000,436.0000,413.4838,529.1667,661.3333,729.8757,802.5009,924.0000,1011.8511,1178.0000,850.9146
2022-01-10,250,281.0000,298.5000,292.9989,445.2500,567.0000,620.3941,715.0000,844.0778,933.0000,1179.0000,845.0000
2022-01-20,250,-9999.0000,-9999.0000,-9999.0000,-9999.0000,-9999.0000,-9999.0000,-9999.0000,-9999.0000,-9999.0000,-9999.0000,-9999.0000
2022-01-20,250,-9999.0000,-9999.0000,-9999.0000,-9999.0000,-9999.0000,-9999.0000,-9999.0000,-9999.0000,-9999.0000,-9999.0000,-9999.0000
2022-01-30,250,472.0000,546.0000,638.4975,745.4982,892.6809,994.7230,1068.2540,1252.0000,1288.5000,1734.0000,1385.0000
2022-01-30,250,479.0000,546.7382,636.0000,753.5872,892.0000,995.0000,1065.0000,1252.9391,1305.6667,1734.5000,1386.3333
2022-02-19,250,-9999.0000,-9999.0000,-9999.0000,-9999.0000,-9999.0000,-9999.0000,-9999.0000,-9999.0000,-9999.0000,-9999.0000,-9999.0000
2022-02-19,250,-9999.0000,-9999.0000,-9999.0000,-9999.0000,-9999.0000,-9999.0000,-9999.0000,-9999.0000,-9999.0000,-9999.0000,-9999.0000
2022-02-24,250,-9999.0000,-9999.0000,-9999.0000,-9999.0000,-9999.0000,-9999.0000,-9999.0000,-9999.0000,-9999.0000,-9999.0000,-9999.0000
2022-02-24,250,-9999.0000,-9999.0000,-9999.0000,-9999.0000,-9999.0000,-9999.0000,-9999.0000,-9999.0000,-9999.0000,-9999.0000,-9999.0000
2022-02-26,250,603.0000,650.0000,722.4987,893.7297,1048.9485,1125.6667,1252.0000,1459.0383,1507.4589,1929.8997,1444.7922
2022-02-26,250,588.0000,644.0000,722.0000,888.3168,1045.5000,1125.5234,1252.0000,1460.0000,1515.0000,1925.3513,1447.0000
2022-03-01,250,641.0000,758.0000,880.0000,1076.0000,1264.0000,1412.5000,1512.0000,1764.3002,1818.0000,2405.0829,1996.2860
2022-03-01,250,631.0000,757.2788,884.5714,1088.4799,1258.5000,1396.0000,1526.0000,1761.1079,1834.1810,2404.2762,1959.0000
2022-03-03,250,575.0000,744.7143,817.3333,1024.6667,1176.0000,1337.0765,1477.6667,1737.7500,1744.6099,2404.0000,2050.4646
2022-03-03,250,565.0000,744.5020,817.9831,1029.4785,1189.9565,1347.7442,1468.0000,1738.4574,1748.0000,2408.8729,2081.2583
2022-03-06,250,644.0000,908.0000,1013.1113,1243.9451,1406.6229,1561.0000,1684.1565,1972.5000,1964.0000,2764.7667,2470.0000
2022-03-06,250,651.0000,908.0000,1019.3511,1237.0000,1407.0000,1564.7081,1695.0000,1962.8126,1995.8366,2786.0000,2500.0000
2022-03-08,250,711.0000,868.9961,1010.2857,1251.0451,1468.6249,1599.0000,1750.1751,1990.5815,2035.4286,2911.0000,2587.0000
2022-03-08,250,728.0000,873.0000,1018.0000,1260.1752,1454.0354,1600.0000,1771.0000,1996.0000,2053.0000,2893.0000,2538.5000
2022-03-11,250,822.0000,1121.3325,1292.8000,1579.1067,1748.0000,1885.0000,2036.8456,2361.9944,2332.0000,3393.0000,3212.4228
2022-03-11,250,827.0000,1124.6684,1284.0000,1563.9413,1758.9367,1883.3839,2028.9610,2362.7368,2346.8519,3393.4365,3210.6303
2022-03-13,250,-9999.0000,-9999.0000,-9999.0000,-9999.0000,-9999.0000,-9999.0000,-9999.0000,-9999.0000,-9999.0000,-9999.0000,-9999.0000
2022-03-13,250,-9999.0000,-9999.0000,-9999.0000,-9999.0000,-9999.0000,-9999.0000,-9999.0000,-9999.0000,-9999.0000,-9999.0000,-9999.0000
2022-03-18,250,925.0000,1064.4057,1212.7858,1449.0433,1657.0000,1828.4434,1988.0000,2186.7500,2284.5331,3350.5000,3085.1924
2022-03-18,250,905.0000,1064.4200,1206.0000,1440.6667,1662.0000,1826.0000,1982.0000,2178.7861,2291.7360,3374.0000,3143.0000
2022-03-21,250,602.0000,690.4995,766.6000,918.3333,1073.5000,1193.3333,1317.3333,1505.7778,1561.7240,2289.0000,1913.0000
2022-03-21,250,592.0000,688.0000,766.0000,914.0909,1076.0000,1193.4909,1314.0516,1515.2000,1578.0000,2276.0000,1926.0000
2022-03-23,250,954.0000,1192.9110,1293.0692,1525.2031,1702.0000,1840.0000,2008.0000,2275.0000,2293.0000,3467.7158,3473.0000
2022-03-23,250,948.0000,1188.9568,1294.0000,1524.8000,1698.9366,1845.9038,2004.0000,2274.8889,2300.3333,3474.0000,3450.0000
2022-03-26,250,904.0000,1149.3409,1216.0000,1421.6928,1606.6145,1752.2788,1895.0000,2099.0000,2170.4606,3401.9957,3370.4891
2022-03-26,250,910.0000,1137.0614,1212.0000,1425.2013,1601.3263,1749.8198,1893.2758,2092.0000,2173.0000,3371.0000,3353.0000
2022-03-28,250,-9999.0000,-9999.0000,-9999.0000,-9999.0000,-9999.0000,-9999.0000,-9999.0000,-9999.0000,-9999.0000,-9999.0000,-9999.0000
2022-04-10,250,-9999.0000,-9999.0000,-9999.0000,-9999.0000,-9999.0000,-9999.0000,-9999.0000,-9999.0000,-9999.0000,-9999.0000,-9999.0000
2022-04-10,250,588.0000,587.0000,636.2156,749.2222,908.0000,1037.1454,1175.0000,1330.5628,1445.0000,1989.4775,1531.0000
2022-04-17,250,916.0000,1036.8889,1169.0000,1379.4197,1612.8839,1827.0000,2008.1535,2249.5000,2316.0000,3538.0000,3371.0000
2022-04-17,250,924.5035,1037.1711,1170.3350,1386.6667,1595.5225,1824.4631,1999.0000,2243.0000,2288.0000,3531.0000,3372.0000
2022-04-20,250,833.0000,1020.0000,1161.4975,1355.7786,1570.3713,1796.9689,1962.7380,2181.6568,2274.4775,3392.0000,3242.3333
2022-04-20,250,857.0000,1025.3333,1160.0000,1354.6263,1566.0000,1793.0000,1970.5000,2186.4000,2253.8879,3402.0000,3246.0000
2022-04-22,250,935.0000,1129.1573,1237.5897,1435.5609,1653.4413,1873.4606,2062.0000,2278.2772,2358.0000,3601.1753,3576.0000
2022-04-22,250,941.0000,1126.0000,1225.5765,1433.9370,1665.0000,1897.0000,2078.2699,2285.5000,2370.0000,3630.0000,3604.2749
2022-05-02,250,621.0000,702.1585,754.5393,950.4136,1110.1895,1268.5000,1423.0000,1611.5634,1708.0000,2843.0000,2907.2668
2022-05-02,250,635.0000,694.2662,752.6667,948.8706,1110.2288,1259.0000,1425.0577,1610.3560,1698.0154,2820.0000,2909.0000
2022-05-05,250,-9999.0000,-9999.0000,-9999.0000,-9999.0000,-9999.0000,-9999.0000,-9999.0000,-9999.0000,-9999.0000,-9999.0000,-9999.0000
2022-05-05,250,-9999.0000,-9999.0000,-9999.0000,-9999.0000,-9999.0000,-9999.0000,-9999.0000,-9999.0000,-9999.0000,-9999.0000,-9999.0000
2022-05-12,250,1315.0000,1340.3428,1332.0000,1526.0000,1714.0000,1911.0000,2157.0000,2354.8234,2472.0000,3737.0000,3775.0000
2022-05-12,250,1330.0000,1332.3333,1324.0000,1521.0000,1706.0000,1900.0000,2138.0000,2374.9309,2499.0000,3734.0000,3722.0000
2022-05-15,250,1014.0000,1158.0000,1216.0000,1388.0000,1601.0000,1876.2278,2070.0000,2281.4457,2344.0000,3228.0000,3142.0000
2022-05-15,250,1013.0000,1156.0000,1210.0000,1384.0000,1599.0000,1878.0684,2069.8571,2286.0000,2346.3333,3209.4331,3139.0000
2022-05-17,250,-9999.0000,-9999.0000,-9999.0000,-9999.0000,-9999.0000,-9999.0000,-9999.0000,-9999.0000,-9999.0000,-9999.0000,-9999.0000
2022-05-27,250,-9999.0000,-9999.0000,-9999.0000,-9999.0000,-9999.0000,-9999.0000,-9999.0000,-9999.0000,-9999.0000,-9999.0000,-9999.0000
2022-05-27,250,-9999.0000,-9999.0000,-9999.0000,-9999.0000,-9999.0000,-9999.0000,-9999.0000,-9999.0000,-9999.0000,-9999.0000,-9999.0000
2022-06-04,250,506.0000,600.0000,648.0000,686.0000,852.0000,1124.0000,1260.0000,1306.0000,1398.0000,1538.0000,1359.0000
2022-06-04,250,487.0000,590.3325,636.0000,670.0000,828.0000,1088.0000,1209.0000,1277.3333,1321.0000,1468.0000,1317.0000
2022-06-06,250,-9999.0000,-9999.0000,-9999.0000,-9999.0000,-9999.0000,-9999.0000,-9999.0000,-9999.0000,-9999.0000,-9999.0000,-9999.0000
2022-06-06,250,-9999.0000,-9999.0000,-9999.0000,-9999.0000,-9999.0000,-9999.0000,-9999.0000,-9999.0000,-9999.0000,-9999.0000,-9999.0000
2022-06-09,250,-9999.0000,-9999.0000,-9999.0000,-9999.0000,-9999.0000,-9999.0000,-9999.0000,-9999.0000,-9999.0000,-9999.0000,-9999.0000
2022-06-09,250,-9999.0000,-9999.0000,-9999.0000,-9999.0000,-9999.0000,-9999.0000,-9999.0000,-9999.0000,-9999.0000,-9999.0000,-9999.0000
2022-06-11,250,658.0000,700.6695,924.1643,793.5000,1308.9549,2819.9882,3155.4613,3364.3333,3424.5146,2628.4720,1971.5000
2022-06-11,250,682.0000,696.9705,928.5565,792.7981,1310.0000,2834.9227,3185.0000,3363.4000,3424.7050,2636.0000,1991.3949
2022-06-16,250,587.0000,522.5000,742.0000,605.0000,1133.0000,3022.5000,3503.0000,3586.0711,3739.5069,2386.0000,1664.4867
2022-06-16,250,599.0000,518.0000,742.0000,601.6662,1141.3777,3024.0000,3482.4993,3608.6517,3750.0000,2386.5015,1709.3006
2022-06-21,250,516.0000,530.2083,750.3195,538.4126,1071.0000,3489.3108,4171.6466,4473.4302,4340.5000,2233.5783,1433.0000
2022-06-21,250,521.0000,530.5162,752.3819,536.0000,1072.6667,3491.0000,4214.0000,4474.2883,4355.6589,2225.0000,1417.0000
2022-06-29,250,-9999.0000,-9999.0000,-9999.0000,-9999.0000,-9999.0000,-9999.0000,-9999.0000,-9999.0000,-9999.0000,-9999.0000,-9999.0000
2022-06-29,250,-9999.0000,-9999.0000,-9999.0000,-9999.0000,-9999.0000,-9999.0000,-9999.0000,-9999.0000,-9999.0000,-9999.0000,-9999.0000
2022-07-04,250,-9999.0000,-9999.0000,-9999.0000,-9999.0000,-9999.0000,-9999.0000,-9999.0000,-9999.0000,-9999.0000,-9999.0000,-9999.0000
2022-07-04,250,-9999.0000,-9999.0000,-9999.0000,-9999.0000,-9999.0000,-9999.0000,-9999.0000,-9999.0000,-9999.0000,-9999.0000,-9999.0000
2022-07-16,250,553.0000,496.0000,794.0881,416.5982,1216.2864,5421.0000,6711.0000,6955.3333,6928.0000,2386.3333,1044.4943
2022-07-16,250,546.0000,492.1821,792.0000,413.6335,1214.2500,5404.0000,6681.0000,6970.2000,6956.0000,2396.2000,1041.0499
2022-07-19,250,377.0000,389.0000,640.0000,372.2857,976.5638,4136.0000,5334.0000,5428.5714,5515.5000,1977.0000,847.0000
2022-07-19,250,370.0000,382.8331,636.1491,369.4397,972.6569,4143.0000,5307.6737,5461.5061,5542.0000,1980.5000,845.4911
2022-07-24,250,269.0000,328.4262,606.1330,272.3626,961.3827,4617.5000,5981.0000,5910.2857,6164.0000,2084.4410,880.0000
2022-07-24,250,273.0000,325.7118,606.3314,268.9567,963.0000,4619.5000,5958.5000,5908.6667,6136.5000,2079.0000,876.2500
2022-08-03,250,213.0000,292.0051,583.0000,264.4794,942.6667,4307.3333,5481.5000,5472.0000,5673.5000,1995.0000,832.3333
2022-08-03,250,213.0000,290.1499,582.2052,261.4092,944.4679,4308.0044,5478.0000,5472.0000,5663.0000,1992.0000,834.3333
2022-08-05,250,-9999.0000,-9999.0000,-9999.0000,-9999.0000,-9999.0000,-9999.0000,-9999.0000,-9999.0000,-9999.0000,-9999.0000,-9999.0000
2022-08-05,250,-9999.0000,-9999.0000,-9999.0000,-9999.0000,-9999.0000,-9999.0000,-9999.0000,-9999.0000,-9999.0000,-9999.0000,-9999.0000
2022-08-10,250,273.0000,312.3957,630.0000,274.4680,1030.0000,4323.0059,5428.5000,5461.1223,5663.0000,2041.0000,895.0000
2022-08-10,250,273.0000,314.0000,632.6326,273.9184,1029.4273,4335.0000,5424.0000,5447.0928,5628.0000,2036.5635,896.7443
2022-08-13,250,284.0000,349.5177,644.9864,323.5332,1035.8703,3842.6667,4735.0000,4940.0000,4988.8099,1932.3188,867.5000
2022-08-13,250,283.0000,350.4674,641.6688,317.1618,1037.3549,3852.8914,4756.0000,4939.3131,5011.0000,1928.9065,861.8745
2022-08-20,250,425.0000,452.7975,813.6099,401.4533,1290.3333,4251.8582,5096.0000,5219.9306,5373.0000,2152.0000,995.2540
2022-08-20,250,413.0000,450.3949,814.0000,394.1847,1286.0000,4261.5253,5115.0000,5205.7196,5339.0000,2155.0000,993.0000
2022-08-23,250,-9999.0000,-9999.0000,-9999.0000,-9999.0000,-9999.0000,-9999.0000,-9999.0000,-9999.0000,-9999.0000,-9999.0000,-9999.0000
2022-08-23,250,-9999.0000,-9999.0000,-9999.0000,-9999.0000,-9999.0000,-9999.0000,-9999.0000,-9999.0000,-9999.0000,-9999.0000,-9999.0000
2022-08-25,250,284.0000,306.6468,686.6076,357.3520,1217.9582,3642.0884,4230.0000,4308.4000,4530.0000,2049.4043,1010.1965
2022-08-25,250,290.0000,304.3168,686.8285,358.5000,1217.7160,3611.0000,4232.9964,4313.6732,4534.2194,2044.5000,1008.7580
2022-08-28,250,-9999.0000,-9999.0000,-9999.0000,-9999.0000,-9999.0000,-9999.0000,-9999.0000,-9999.0000,-9999.0000,-9999.0000,-9999.0000
2022-08-28,250,-9999.0000,-9999.0000,-9999.0000,-9999.0000,-9999.0000,-9999.0000,-9999.0000,-9999.0000,-9999.0000,-9999.0000,-9999.0000
2022-08-30,250,319.0000,396.3000,734.4000,401.3571,1218.2843,3465.0000,4073.1392,4297.0000,4315.0000,2003.6161,1060.5000
2022-08-30,250,325.0000,392.5534,734.0000,398.4286,1221.8510,3466.5113,4059.5000,4285.2500,4352.0000,2006.6835,1044.6638
2022-09-02,250,300.0000,440.3974,758.1373,474.4909,1247.0000,3102.0000,3573.0000,3833.3333,3899.5397,1941.0000,1053.0000
2022-09-02,250,307.0000,445.7125,760.4008,477.5635,1244.0000,3065.0000,3604.0000,3808.0000,3919.0000,1941.0000,1049.5000
2022-09-07,250,885.0000,826.1340,1060.6705,758.3542,1536.4627,3158.0000,3562.0000,3608.0000,3981.0284,1879.0000,1033.0000
2022-09-07,250,895.0000,820.9341,1049.3333,749.6667,1540.0000,3121.0000,3567.0000,3571.9604,3911.0000,1873.0000,1040.0000
2022-09-09,250,792.0000,894.0000,1234.0000,902.0000,1801.0000,3654.0000,4247.0000,4288.0000,4535.0000,2347.0000,1473.0000
2022-09-12,250,336.0000,511.0000,768.2778,566.2021,1206.0000,2483.7050,2828.9961,2872.9822,3113.0000,1868.3432,1133.7938
2022-09-12,250,297.0000,484.4645,750.3627,554.5000,1207.0000,2482.3333,2779.0000,2888.1600,3092.2974,1877.0000,1134.3426
2022-09-19,250,-9999.0000,-9999.0000,-9999.0000,-9999.0000,-9999.0000,-9999.0000,-9999.0000,-9999.0000,-9999.0000,-9999.0000,-9999.0000
2022-09-19,250,-9999.0000,-9999.0000,-9999.0000,-9999.0000,-9999.0000,-9999.0000,-9999.0000,-9999.0000,-9999.0000,-9999.0000,-9999.0000
2022-09-22,250,321.0000,448.0000,568.2870,576.3004,908.5000,1366.6667,1608.5000,1733.3333,1848.5000,1696.5000,1195.0000
2022-09-22,250,316.0000,448.4611,568.0000,574.2148,909.0000,1370.0023,1561.3333,1734.6667,1816.0596,1692.5000,1188.8750
2022-09-29,250,175.0000,330.0000,406.5188,470.1618,652.6667,962.9098,1109.5000,1253.4682,1303.0000,1301.0000,953.0000
2022-09-29,250,176.0000,325.0000,402.0000,468.6667,655.0000,965.9086,1130.2178,1253.0904,1297.0000,1299.0000,958.1147
2022-10-02,250,-9999.0000,-9999.0000,-9999.0000,-9999.0000,-9999.0000,-9999.0000,-9999.0000,-9999.0000,-9999.0000,-9999.0000,-9999.0000
2022-10-02,250,-9999.0000,-9999.0000,-9999.0000,-9999.0000,-9999.0000,-9999.0000,-9999.0000,-9999.0000,-9999.0000,-9999.0000,-9999.0000
2022-10-04,250,547.0000,556.8333,718.0000,789.2500,1092.0181,1797.0000,2060.3142,2090.5356,2351.0000,1969.8522,1401.0000
2022-10-04,250,550.0000,544.3127,706.0000,773.3810,1073.5345,1748.8810,2055.0211,1992.6636,2298.0000,1952.0000,1399.0000
2022-10-07,250,752.0000,1156.0000,1228.0000,1226.0000,1528.0000,1985.0000,2191.0000,2568.0000,2465.0000,2523.0000,2092.0000
2022-10-07,250,744.0000,1150.0000,1232.0000,1220.0000,1530.0000,2003.0000,2185.0000,2571.0000,2461.0000,2528.0000,2052.0000
2022-10-09,250,465.0000,658.0000,790.1000,909.4308,1168.3325,1624.0000,1867.2500,2007.4930,2131.5000,2449.0000,2072.5000
2022-10-09,250,447.0000,650.6568,786.1899,905.0000,1167.0000,1613.5000,1845.2500,2024.5455,2130.5000,2456.0000,2061.5000
2022-10-12,250,240.0000,540.6228,692.0000,809.9017,1052.6805,1474.0000,1669.2500,1896.1538,1920.0000,2338.9184,1924.5000
2022-10-12,250,250.0000,540.1429,690.5446,809.0000,1049.0000,1490.0000,1671.3333,1879.1429,1926.5000,2339.1023,1926.0000
2022-10-24,250,-9999.0000,-9999.0000,-9999.0000,-9999.0000,-9999.0000,-9999.0000,-9999.0000,-9999.0000,-9999.0000,-9999.0000,-9999.0000
2022-10-24,250,-9999.0000,-9999.0000,-9999.0000,-9999.0000,-9999.0000,-9999.0000,-9999.0000,-9999.0000,-9999.0000,-9999.0000,-9999.0000
2022-11-01,250,-9999.0000,-9999.0000,-9999.0000,-9999.0000,-9999.0000,-9999.0000,-9999.0000,-9999.0000,-9999.0000,-9999.0000,-9999.0000
2022-11-01,250,-9999.0000,-9999.0000,-9999.0000,-9999.0000,-9999.0000,-9999.0000,-9999.0000,-9999.0000,-9999.0000,-9999.0000,-9999.0000
2022-11-13,250,799.0000,670.0000,826.6400,894.0000,1229.0000,1658.0885,1844.3516,1925.1527,2116.6136,2088.0000,1621.5000
2022-11-13,250,799.0000,666.0000,826.0000,888.4961,1224.5000,1686.0000,1868.2146,1932.3408,2117.3168,2089.0000,1618.5000
2022-11-16,250,530.0000,547.0000,598.0000,584.0000,834.0000,1429.0000,1644.0000,1824.0000,1907.0000,1161.0000,774.0000
2022-11-16,250,480.0000,506.0000,542.0000,568.0000,842.0000,1598.0000,1856.0000,1502.0000,2132.0000,1176.0000,760.0000
2022-11-23,250,-9999.0000,-9999.0000,-9999.0000,-9999.0000,-9999.0000,-9999.0000,-9999.0000,-9999.0000,-9999.0000,-9999.0000,-9999.0000
2022-11-23,250,-9999.0000,-9999.0000,-9999.0000,-9999.0000,-9999.0000,-9999.0000,-9999.0000,-9999.0000,-9999.0000,-9999.0000,-9999.0000
2022-12-01,250,-9999.0000,-9999.0000,-9999.0000,-9999.0000,-9999.0000,-9999.0000,-9999.0000,-9999.0000,-9999.0000,-9999.0000,-9999.0000
2022-12-01,250,-9999.0000,-9999.0000,-9999.0000,-9999.0000,-9999.0000,-9999.0000,-9999.0000,-9999.0000,-9999.0000,-9999.0000,-9999.0000
2022-12-06,250,446.0000,418.0000,368.5526,364.3359,497.0000,627.0000,662.0000,760.2500,738.3333,815.0000,657.0000
2022-12-06,250,452.0000,414.5682,368.2500,366.7524,496.0000,616.0000,656.5000,757.3333,741.5000,810.0000,654.0000
2022-12-08,250,-9999.0000,-9999.0000,-9999.0000,-9999.0000,-9999.0000,-9999.0000,-9999.0000,-9999.0000,-9999.0000,-9999.0000,-9999.0000
2022-12-08,250,-9999.0000,-9999.0000,-9999.0000,-9999.0000,-9999.0000,-9999.0000,-9999.0000,-9999.0000,-9999.0000,-9999.0000,-9999.0000
2022-12-13,250,-9999.0000,-9999.0000,-9999.0000,-9999.0000,-9999.0000,-9999.0000,-9999.0000,-9999.0000,-9999.0000,-9999.0000,-9999.0000
2022-12-13,250,-9999.0000,-9999.0000,-9999.0000,-9999.0000,-9999.0000,-9999.0000,-9999.0000,-9999.0000,-9999.0000,-9999.0000,-9999.0000
2022-12-13,250,1602.0000,1578.0000,1524.5935,1677.5696,1896.0000,2037.7516,2146.0013,2429.2000,2393.0000,1888.0000,1693.0000
2022-12-13,250,1596.0000,1578.0000,1533.2359,1669.0177,1897.0000,2052.5000,2144.0000,2418.7282,2386.0000,1902.0000,1707.0000
2022-12-21,250,-9999.0000,-9999.0000,-9999.0000,-9999.0000,-9999.0000,-9999.0000,-9999.0000,-9999.0000,-9999.0000,-9999.0000,-9999.0000
2022-12-21,250,-9999.0000,-9999.0000,-9999.0000,-9999.0000,-9999.0000,-9999.0000,-9999.0000,-9999.0000,-9999.0000,-9999.0000,-9999.0000
2023-01-15,250,-9999.0000,-9999.0000,-9999.0000,-9999.0000,-9999.0000,-9999.0000,-9999.0000,-9999.0000,-9999.0000,-9999.0000,-9999.0000
2023-01-15,250,-9999.0000,-9999.0000,-9999.0000,-9999.0000,-9999.0000,-9999.0000,-9999.0000,-9999.0000,-9999.0000,-9999.0000,-9999.0000
2023-01-17,250,360.0000,482.6644,514.0000,602.0000,846.5000,1069.5119,1170.3405,1379.2500,1394.8040,1609.6458,1181.1634
2023-01-17,250,358.0000,482.5446,516.1818,602.0000,845.2500,1072.0000,1174.0000,1389.0560,1393.0000,1611.0000,1190.0000
2023-01-30,250,-9999.0000,-9999.0000,-9999.0000,-9999.0000,-9999.0000,-9999.0000,-9999.0000,-9999.0000,-9999.0000,-9999.0000,-9999.0000
2023-01-30,250,-9999.0000,-9999.0000,-9999.0000,-9999.0000,-9999.0000,-9999.0000,-9999.0000,-9999.0000,-9999.0000,-9999.0000,-9999.0000
2023-02-04,250,-9999.0000,-9999.0000,-9999.0000,-9999.0000,-9999.0000,-9999.0000,-9999.0000,-9999.0000,-9999.0000,-9999.0000,-9999.0000
2023-02-04,250,-9999.0000,-9999.0000,-9999.0000,-9999.0000,-9999.0000,-9999.0000,-9999.0000,-9999.0000,-9999.0000,-9999.0000,-9999.0000
2023-02-06,250,-9999.0000,-9999.0000,-9999.0000,-9999.0000,-9999.0000,-9999.0000,-9999.0000,-9999.0000,-9999.0000,-9999.0000,-9999.0000
2023-02-06,250,-9999.0000,-9999.0000,-9999.0000,-9999.0000,-9999.0000,-9999.0000,-9999.0000,-9999.0000,-9999.0000,-9999.0000,-9999.0000
2023-02-14,250,396.0000,476.3743,612.2578,700.0000,954.0000,1160.6543,1260.4591,1459.0326,1519.0000,1981.2702,1561.0000
2023-02-14,250,395.0000,474.8003,612.0000,700.3307,952.0000,1157.5000,1249.5301,1465.0000,1509.3333,1977.0000,1558.0000
2023-02-19,250,-9999.0000,-9999.0000,-9999.0000,-9999.0000,-9999.0000,-9999.0000,-9999.0000,-9999.0000,-9999.0000,-9999.0000,-9999.0000
2023-02-19,250,-9999.0000,-9999.0000,-9999.0000,-9999.0000,-9999.0000,-9999.0000,-9999.0000,-9999.0000,-9999.0000,-9999.0000,-9999.0000
2023-02-26,250,309.0000,414.0000,522.2222,576.0000,812.9958,1108.6501,1217.0000,1440.9528,1457.0000,1788.0000,1354.0000
2023-02-26,250,310.0000,412.0000,516.1741,576.0000,816.0000,1100.0000,1218.0000,1443.4652,1464.0000,1785.0000,1356.5000
2023-03-01,250,333.0000,482.2857,568.0000,628.0000,866.0000,1114.6163,1254.0000,1474.0079,1477.3333,1909.6423,1485.0000
2023-03-01,250,329.0000,480.3654,566.0000,626.0000,863.0000,1137.3333,1245.4978,1473.7367,1489.5000,1914.8912,1477.5000
2023-03-03,250,-9999.0000,-9999.0000,-9999.0000,-9999.0000,-9999.0000,-9999.0000,-9999.0000,-9999.0000,-9999.0000,-9999.0000,-9999.0000
2023-03-03,250,-9999.0000,-9999.0000,-9999.0000,-9999.0000,-9999.0000,-9999.0000,-9999.0000,-9999.0000,-9999.0000,-9999.0000,-9999.0000
2023-03-11,250,7422.0000,7980.0000,7978.0000,8200.0000,8272.4454,8173.0000,7997.0000,8456.0105,7791.0000,959.0000,938.3752
2023-03-11,250,7456.0000,7983.7409,7982.6940,8173.4301,8238.0000,8111.7397,7990.5000,8427.2000,7721.0000,958.0000,930.2537
2023-03-18,250,-9999.0000,-9999.0000,-9999.0000,-9999.0000,-9999.0000,-9999.0000,-9999.0000,-9999.0000,-9999.0000,-9999.0000,-9999.0000
2023-03-18,250,-9999.0000,-9999.0000,-9999.0000,-9999.0000,-9999.0000,-9999.0000,-9999.0000,-9999.0000,-9999.0000,-9999.0000,-9999.0000
2023-03-23,250,-9999.0000,-9999.0000,-9999.0000,-9999.0000,-9999.0000,-9999.0000,-9999.0000,-9999.0000,-9999.0000,-9999.0000,-9999.0000
2023-03-23,250,-9999.0000,-9999.0000,-9999.0000,-9999.0000,-9999.0000,-9999.0000,-9999.0000,-9999.0000,-9999.0000,-9999.0000,-9999.0000
2023-04-02,250,390.0000,414.3787,562.5041,588.4063,918.0000,1281.0000,1426.0000,1627.3196,1637.3351,1851.0000,1328.3333
2023-04-02,250,391.0000,414.0000,562.4335,592.1042,920.5289,1284.8720,1428.6110,1628.2500,1653.0000,1846.0000,1320.2392
2023-04-05,250,928.0000,930.0000,1082.0000,1178.0000,1577.0000,2028.0000,2206.0000,2518.0000,2566.0000,3139.0000,2603.0000
2023-04-05,250,923.0000,912.5000,1076.0000,1169.3333,1551.0000,2027.0000,2205.0000,2514.0000,2566.0000,3130.0000,2601.0000
2023-04-17,250,-9999.0000,-9999.0000,-9999.0000,-9999.0000,-9999.0000,-9999.0000,-9999.0000,-9999.0000,-9999.0000,-9999.0000,-9999.0000
2023-04-17,250,-9999.0000,-9999.0000,-9999.0000,-9999.0000,-9999.0000,-9999.0000,-9999.0000,-9999.0000,-9999.0000,-9999.0000,-9999.0000
2023-04-25,250,-9999.0000,-9999.0000,-9999.0000,-9999.0000,-9999.0000,-9999.0000,-9999.0000,-9999.0000,-9999.0000,-9999.0000,-9999.0000
2023-04-25,250,-9999.0000,-9999.0000,-9999.0000,-9999.0000,-9999.0000,-9999.0000,-9999.0000,-9999.0000,-9999.0000,-9999.0000,-9999.0000
2023-04-30,250,934.0000,1132.0000,1212.5164,1421.4534,1621.0000,1756.0000,1878.0000,2067.0383,2160.0000,3315.4645,3277.3333
2023-04-30,250,926.0000,1132.0000,1205.1359,1416.0826,1627.0000,1739.0000,1869.0000,2074.6667,2161.5000,3307.5015,3242.7606
2023-05-12,250,845.0000,760.3160,932.2085,946.0000,1281.0000,1774.0000,1939.0000,2052.5000,2189.9729,2577.0000,1993.4702
2023-05-12,250,827.0000,760.6667,920.7500,933.2966,1274.0000,1721.0000,1891.0413,2029.0000,2209.0000,2542.0000,1954.0007
2023-05-15,250,930.0000,698.0000,942.0000,918.0000,1440.0000,2395.0000,2669.0000,3000.0000,2952.0000,2453.0000,1981.0000
2023-05-15,250,905.0000,850.0000,1070.0000,1032.0000,1446.0000,2229.0000,2458.0000,2587.0000,2651.0000,2458.0000,2027.0000
2023-05-20,250,-9999.0000,-9999.0000,-9999.0000,-9999.0000,-9999.0000,-9999.0000,-9999.0000,-9999.0000,-9999.0000,-9999.0000,-9999.0000
2023-05-20,250,-9999.0000,-9999.0000,-9999.0000,-9999.0000,-9999.0000,-9999.0000,-9999.0000,-9999.0000,-9999.0000,-9999.0000,-9999.0000
2023-05-22,250,-9999.0000,-9999.0000,-9999.0000,-9999.0000,-9999.0000,-9999.0000,-9999.0000,-9999.0000,-9999.0000,-9999.0000,-9999.0000
2023-05-22,250,-9999.0000,-9999.0000,-9999.0000,-9999.0000,-9999.0000,-9999.0000,-9999.0000,-9999.0000,-9999.0000,-9999.0000,-9999.0000
2023-05-25,250,800.0000,646.1667,996.3842,585.0000,1464.0000,4183.8631,4843.5000,5003.3135,5101.0000,2450.0000,1444.5000
2023-05-25,250,783.0000,648.0000,994.4676,584.5756,1465.0000,4170.5000,4858.0000,5029.8182,5073.0000,2443.5034,1426.0000
2023-05-27,250,584.0000,537.2232,810.0000,489.1409,1149.0000,3388.0000,4078.0000,4279.4286,4196.0000,2012.0000,1171.0000
2023-05-27,250,578.0000,533.8376,806.6979,481.6667,1152.3294,3384.5056,4095.0000,4297.8000,4231.6667,2016.0000,1176.0000
2023-06-04,250,473.0000,404.5707,656.3249,374.1538,1019.0000,3399.5000,4317.5280,4582.8571,4535.8008,1828.0000,952.0000
2023-06-04,250,471.0000,402.5400,656.5281,377.2308,1023.0000,3393.0000,4342.0000,4584.0000,4550.3362,1817.0000,946.0000
2023-06-06,250,471.0000,444.0000,690.3333,385.9000,1022.4466,3444.0000,4439.5000,4708.8000,4617.1636,1859.0013,980.0000
2023-06-06,250,490.0000,438.4169,688.1247,382.0000,1024.0000,3435.9701,4452.0000,4725.6667,4665.4498,1848.5000,955.0000
2023-06-09,250,451.0000,448.2500,636.4286,369.1000,939.0000,3251.0000,4339.6970,4533.6013,4537.0000,1746.0000,872.0000
2023-06-09,250,454.0000,446.4978,636.1111,373.7504,938.5000,3280.0000,4355.0000,4536.0079,4603.0000,1755.0000,877.0000
2023-06-11,250,480.0000,388.6667,604.5000,369.7500,955.0000,3359.0000,4456.0000,4649.0000,4757.5000,1845.0000,946.0000
2023-06-11,250,480.0000,374.5714,600.4286,362.5000,943.0000,3374.0000,4515.0000,4667.3394,4811.8965,1851.0000,922.5745
2023-06-14,250,298.0000,262.2000,470.6000,277.7500,785.4000,3114.0000,4307.1576,4566.0000,4627.5000,1641.0000,815.0000
2023-06-14,250,296.0000,262.3750,470.0000,272.8000,786.0106,3117.0962,4281.5034,4548.0000,4660.0000,1629.4869,795.0000
2023-06-16,250,598.0000,592.9807,740.5543,525.5000,1004.4720,3166.0000,4342.4555,4615.4000,4628.1659,1878.0000,1075.6597
2023-06-16,250,601.0000,589.2000,737.9032,520.6182,1010.7080,3181.1924,4357.6460,4615.0762,4644.3104,1893.0000,1083.0621
2023-06-21,250,568.0000,502.0000,716.0000,448.3333,1069.0000,3770.4006,5096.0000,5268.6667,5545.0000,1872.0000,852.0000
2023-06-21,250,576.0000,501.6250,713.8881,445.3999,1068.0000,3761.5409,5064.5982,5255.8298,5504.0000,1908.3333,860.9985
2023-06-24,250,-9999.0000,-9999.0000,-9999.0000,-9999.0000,-9999.0000,-9999.0000,-9999.0000,-9999.0000,-9999.0000,-9999.0000,-9999.0000
2023-06-24,250,-9999.0000,-9999.0000,-9999.0000,-9999.0000,-9999.0000,-9999.0000,-9999.0000,-9999.0000,-9999.0000,-9999.0000,-9999.0000
2023-06-26,250,554.0000,508.4286,624.3333,413.6250,846.0000,3124.3333,4456.0000,4698.6020,4803.5197,1760.0000,880.0000
2023-06-26,250,565.0000,508.3772,622.7835,413.2000,842.6667,3123.7185,4442.0573,4689.1667,4813.3391,1752.5000,878.5000
2023-07-06,250,-9999.0000,-9999.0000,-9999.0000,-9999.0000,-9999.0000,-9999.0000,-9999.0000,-9999.0000,-9999.0000,-9999.0000,-9999.0000
2023-07-11,250,307.0000,300.5773,552.0000,368.3333,926.0000,2877.4857,3781.7648,3826.0000,4153.0000,1682.5000,801.0608
2023-07-11,250,311.0000,300.1254,548.5403,368.0000,934.3333,2854.0000,3794.4358,3826.4019,4163.0000,1701.0000,802.0000
2023-07-21,250,-9999.0000,-9999.0000,-9999.0000,-9999.0000,-9999.0000,-9999.0000,-9999.0000,-9999.0000,-9999.0000,-9999.0000,-9999.0000
2023-07-21,250,-9999.0000,-9999.0000,-9999.0000,-9999.0000,-9999.0000,-9999.0000,-9999.0000,-9999.0000,-9999.0000,-9999.0000,-9999.0000
2023-07-26,250,-9999.0000,-9999.0000,-9999.0000,-9999.0000,-9999.0000,-9999.0000,-9999.0000,-9999.0000,-9999.0000,-9999.0000,-9999.0000
2023-07-26,250,-9999.0000,-9999.0000,-9999.0000,-9999.0000,-9999.0000,-9999.0000,-9999.0000,-9999.0000,-9999.0000,-9999.0000,-9999.0000
2023-08-03,250,-9999.0000,-9999.0000,-9999.0000,-9999.0000,-9999.0000,-9999.0000,-9999.0000,-9999.0000,-9999.0000,-9999.0000,-9999.0000
2023-08-08,250,507.0000,590.0000,702.6250,765.8571,1056.2934,1670.0000,2003.4913,2100.0000,2288.3333,1639.0000,960.1404
2023-08-08,250,512.0000,594.0000,702.0000,760.6250,1050.4970,1725.0000,2071.5000,2101.5000,2343.2500,1633.0000,954.6223
2023-08-20,250,293.0000,368.0000,564.1104,661.1250,942.5000,1417.6667,1689.5000,1765.0000,1969.4881,1936.0000,1235.6626
2023-08-20,250,293.0000,366.2848,562.0000,661.0000,941.0000,1431.0000,1658.0000,1753.2500,1954.0000,1921.6667,1235.9431
2023-08-23,250,-9999.0000,-9999.0000,-9999.0000,-9999.0000,-9999.0000,-9999.0000,-9999.0000,-9999.0000,-9999.0000,-9999.0000,-9999.0000
2023-08-23,250,-9999.0000,-9999.0000,-9999.0000,-9999.0000,-9999.0000,-9999.0000,-9999.0000,-9999.0000,-9999.0000,-9999.0000,-9999.0000
2023-08-28,250,516.0000,893.0000,1260.6667,1466.6667,2033.5000,2883.0000,3255.6667,3480.5762,3718.6544,3481.5000,2330.0000
2023-08-28,250,529.0000,896.6000,1268.6667,1475.3333,2004.0523,2920.7507,3224.3333,3475.5556,3706.0000,3433.5550,2305.0000
2023-09-02,250,-9999.0000,-9999.0000,-9999.0000,-9999.0000,-9999.0000,-9999.0000,-9999.0000,-9999.0000,-9999.0000,-9999.0000,-9999.0000
2023-09-02,250,-9999.0000,-9999.0000,-9999.0000,-9999.0000,-9999.0000,-9999.0000,-9999.0000,-9999.0000,-9999.0000,-9999.0000,-9999.0000
2023-09-04,250,398.0000,626.0000,712.0000,873.2000,1032.0000,1302.5000,1527.0000,1655.3077,1793.0000,2491.2928,2341.0000
2023-09-04,250,432.0000,624.0000,710.0000,873.8750,1036.6741,1305.8111,1573.0005,1657.4326,1827.9009,2497.0000,2372.4996
2023-09-07,250,287.0000,560.3564,645.0000,801.7500,958.6163,1185.5000,1370.0000,1493.8571,1650.0000,2357.2401,2121.2874
2023-09-07,250,323.0000,562.1001,644.0000,802.1667,954.3823,1176.5000,1413.6667,1494.8754,1625.0000,2353.6654,2160.0000
2023-09-09,250,479.0000,628.4545,750.2222,901.7998,1112.5000,1386.0000,1562.0000,1656.0000,1827.3333,2549.0000,2275.6567
2023-09-09,250,498.0000,624.0000,746.6195,901.0000,1106.7148,1380.3333,1561.7186,1655.1893,1836.5000,2561.0000,2281.9243
2023-09-14,250,547.0000,620.2222,652.1111,777.2859,933.7500,1144.0000,1293.0000,1424.7907,1584.0893,2204.8154,1963.3644
2023-09-14,250,535.0000,618.1429,652.2425,772.8953,929.0000,1148.1208,1293.4444,1424.0709,1546.6620,2204.1606,2003.0000
2023-09-22,250,-9999.0000,-9999.0000,-9999.0000,-9999.0000,-9999.0000,-9999.0000,-9999.0000,-9999.0000,-9999.0000,-9999.0000,-9999.0000
2023-09-22,250,-9999.0000,-9999.0000,-9999.0000,-9999.0000,-9999.0000,-9999.0000,-9999.0000,-9999.0000,-9999.0000,-9999.0000,-9999.0000
2023-09-24,250,348.0000,438.0000,504.7273,568.0000,751.0000,1000.4812,1134.6929,1263.2694,1355.2906,1689.7934,1266.2335
2023-09-24,250,332.0000,437.0000,504.4540,568.0000,752.6631,985.3736,1161.1569,1262.2748,1358.8934,1699.0000,1270.6782
2023-10-14,250,-9999.0000,-9999.0000,-9999.0000,-9999.0000,-9999.0000,-9999.0000,-9999.0000,-9999.0000,-9999.0000,-9999.0000,-9999.0000
2023-10-14,250,-9999.0000,-9999.0000,-9999.0000,-9999.0000,-9999.0000,-9999.0000,-9999.0000,-9999.0000,-9999.0000,-9999.0000,-9999.0000
2023-10-17,250,153.0000,314.2470,808.0000,284.1429,1280.6667,4089.0000,4672.0000,4918.1538,4705.0000,2069.3333,1054.0293
2023-10-17,250,159.0000,312.3571,806.3320,282.4011,1282.5000,4134.0000,4627.0000,4905.0909,4664.5789,2065.6447,1053.4000
2023-10-22,250,-9999.0000,-9999.0000,-9999.0000,-9999.0000,-9999.0000,-9999.0000,-9999.0000,-9999.0000,-9999.0000,-9999.0000,-9999.0000
2023-10-22,250,-9999.0000,-9999.0000,-9999.0000,-9999.0000,-9999.0000,-9999.0000,-9999.0000,-9999.0000,-9999.0000,-9999.0000,-9999.0000
2023-11-08,250,127.0000,240.6315,748.0000,295.0000,1187.0000,3806.0000,4403.0000,5124.0000,4454.2785,1838.0000,961.0000
2023-11-08,250,97.0000,218.0000,698.0000,262.5435,1036.5516,3508.0048,4153.5000,4614.7515,4138.4401,1682.0000,860.0000
2023-11-16,250,0.0000,124.0000,466.0000,209.0000,781.0000,2842.5000,3418.5000,3542.3756,3398.0000,1162.4443,632.3383
2023-11-16,250,0.0000,119.0000,462.0000,210.0000,778.0000,2838.0000,3400.9987,3558.0565,3400.0000,1164.4506,630.8197
2023-11-28,250,739.0000,490.0000,616.0000,505.0000,860.0000,1664.0000,1853.0000,2132.0000,2061.0000,1229.0000,964.0000
2023-11-28,250,652.0000,497.0000,669.0000,489.0000,912.0000,1964.0000,2214.0000,2588.0000,2396.0000,1265.0000,998.0000
2023-12-01,250,-9999.0000,-9999.0000,-9999.0000,-9999.0000,-9999.0000,-9999.0000,-9999.0000,-9999.0000,-9999.0000,-9999.0000,-9999.0000
2023-12-01,250,-9999.0000,-9999.0000,-9999.0000,-9999.0000,-9999.0000,-9999.0000,-9999.0000,-9999.0000,-9999.0000,-9999.0000,-9999.0000
2023-12-03,250,974.0000,988.0000,1124.9091,696.4940,1532.0000,4253.5000,5040.5000,5296.8000,5167.5000,1766.2266,986.6667
2023-12-03,250,966.0000,992.3995,1125.0000,698.0000,1531.0000,4235.9971,4972.9774,5295.4444,5127.3383,1743.0000,987.5000
2023-12-26,250,-9999.0000,-9999.0000,-9999.0000,-9999.0000,-9999.0000,-9999.0000,-9999.0000,-9999.0000,-9999.0000,-9999.0000,-9999.0000
2023-12-26,250,-9999.0000,-9999.0000,-9999.0000,-9999.0000,-9999.0000,-9999.0000,-9999.0000,-9999.0000,-9999.0000,-9999.0000,-9999.0000
2024-01-07,250,-9999.0000,-9999.0000,-9999.0000,-9999.0000,-9999.0000,-9999.0000,-9999.0000,-9999.0000,-9999.0000,-9999.0000,-9999.0000
2024-01-07,250,-9999.0000,-9999.0000,-9999.0000,-9999.0000,-9999.0000,-9999.0000,-9999.0000,-9999.0000,-9999.0000,-9999.0000,-9999.0000
2024-01-10,250,1028.0000,1093.5000,1376.5269,1136.9758,2082.0000,3929.0000,4373.5000,4888.6667,4634.6702,1547.0000,1148.6970
2024-01-10,250,1022.0000,1089.0000,1372.8047,1128.7895,2089.0000,3926.0000,4375.0000,4867.5556,4690.0000,1553.0000,1141.7470
2024-01-22,250,-9999.0000,-9999.0000,-9999.0000,-9999.0000,-9999.0000,-9999.0000,-9999.0000,-9999.0000,-9999.0000,-9999.0000,-9999.0000
2024-01-27,250,563.0000,802.2857,1324.5000,1422.0000,2394.0000,3244.0000,3445.0000,3813.8889,3784.3333,1938.5010,1107.0000
2024-01-27,250,544.0000,800.0000,1328.5000,1416.2857,2420.2000,3272.0000,3513.6667,3812.2500,3811.5000,1942.0000,1106.0000
2024-02-01,250,434.0000,833.6667,1348.2519,1522.2500,2287.0000,3015.6667,3237.1979,3660.0000,3510.3196,1917.0000,1098.0000
2024-02-01,250,403.0000,832.5000,1339.4000,1523.1577,2329.1498,2993.0000,3225.0000,3650.8266,3531.0000,1913.6799,1098.0000
2024-03-02,250,538.0000,680.0000,928.5000,932.7544,1442.0000,2184.0000,2391.0000,2504.6667,2609.0000,2018.0000,1448.0000
2024-03-02,250,530.0000,684.0000,950.0000,976.5000,1469.0000,2214.0000,2400.0000,2514.0000,2648.0000,2097.0000,1478.0000
2024-04-06,250,573.0000,620.0000,758.0000,938.6758,1174.0000,1375.0000,1528.0070,1691.9479,1854.0000,2340.0000,1801.0000
2024-04-06,250,570.0000,612.1690,756.0000,938.3333,1170.8222,1356.4051,1533.3755,1684.5085,1848.4928,2348.0000,1805.5995
2024-04-14,250,-9999.0000,-9999.0000,-9999.0000,-9999.0000,-9999.0000,-9999.0000,-9999.0000,-9999.0000,-9999.0000,-9999.0000,-9999.0000
2024-04-14,250,-9999.0000,-9999.0000,-9999.0000,-9999.0000,-9999.0000,-9999.0000,-9999.0000,-9999.0000,-9999.0000,-9999.0000,-9999.0000
2024-04-21,250,896.0000,890.3373,886.0000,1030.0000,1226.2803,1381.6198,1554.2098,1786.4616,1883.1667,2447.0000,1840.0000
2024-04-24,250,-9999.0000,-9999.0000,-9999.0000,-9999.0000,-9999.0000,-9999.0000,-9999.0000,-9999.0000,-9999.0000,-9999.0000,-9999.0000
2024-04-24,250,-9999.0000,-9999.0000,-9999.0000,-9999.0000,-9999.0000,-9999.0000,-9999.0000,-9999.0000,-9999.0000,-9999.0000,-9999.0000
2024-04-26,250,1382.0000,954.0000,1002.0000,1184.0000,1452.0000,1516.0000,1706.0000,2001.0000,2060.0000,2670.0000,1946.0000
2024-04-26,250,1127.0000,947.0000,1002.0000,1186.0000,1426.0000,1489.0000,1699.0000,2002.0000,2109.0000,2605.0000,1898.0000
2024-04-29,250,938.0000,1040.8571,1134.0000,1368.0000,1598.0000,1757.0010,1916.5981,2119.0000,2267.6667,3283.9235,3004.6667
2024-04-29,250,941.0000,1041.1111,1132.0000,1365.6000,1595.0000,1755.0000,1908.1691,2120.7692,2268.0000,3267.2541,2992.0000
2024-05-01,250,699.0000,878.6667,996.0000,1229.1111,1469.5010,1681.0000,1882.9961,2051.4000,2259.8000,3411.0000,3213.0000
2024-05-01,250,700.0000,882.0000,996.2500,1221.2000,1469.6667,1684.6667,1906.8000,2051.4545,2234.6667,3421.5030,3217.5000
2024-05-06,250,688.0000,758.5000,892.3333,1080.4476,1330.0000,1584.0000,1763.3900,1958.7564,2103.5346,2832.6998,2315.3333
2024-05-06,250,665.0000,756.0000,892.7494,1077.4286,1326.0000,1579.8000,1769.4198,1956.2857,2088.1250,2813.3954,2307.0000
2024-05-09,250,-9999.0000,-9999.0000,-9999.0000,-9999.0000,-9999.0000,-9999.0000,-9999.0000,-9999.0000,-9999.0000,-9999.0000,-9999.0000
2024-05-09,250,-9999.0000,-9999.0000,-9999.0000,-9999.0000,-9999.0000,-9999.0000,-9999.0000,-9999.0000,-9999.0000,-9999.0000,-9999.0000
2024-05-11,250,602.0000,669.4286,750.5714,948.7500,1123.0000,1314.0000,1507.5224,1650.9647,1787.2871,2867.0000,2804.7500
2024-05-11,250,610.0000,669.4000,750.4000,944.5556,1121.8000,1315.0000,1485.0000,1650.6357,1770.0000,2860.0000,2774.0062
2024-05-14,250,572.0000,745.1298,824.0000,1032.5183,1194.5000,1377.0000,1553.9030,1717.8711,1818.8135,2803.0000,2766.0000
2024-05-14,250,594.0000,737.5233,828.0000,1033.0000,1180.4998,1378.2093,1558.4058,1716.1489,1799.9441,2803.0000,2778.0000
2024-05-16,250,1184.0015,1200.7669,1280.0000,1445.2944,1705.0000,1980.9217,2185.2500,2314.8752,2456.4016,3104.0000,2918.0000
2024-05-16,250,1149.0000,1201.0411,1284.0000,1453.0000,1703.0000,1994.1145,2182.8897,2323.8303,2457.5602,3103.0000,2932.5000
2024-05-19,250,689.0000,825.1644,917.0494,1132.6883,1288.5228,1557.7402,1736.6667,1864.2412,2069.0000,3062.0000,2856.4234
2024-05-19,250,675.0000,817.0000,909.5051,1116.0000,1298.5000,1524.0000,1735.0000,1864.5387,2059.2496,3063.0000,2872.0000
2024-05-21,250,744.6541,877.4630,945.2000,1136.5256,1312.6597,1594.9152,1785.0110,1913.0430,2073.0208,2880.5000,2660.0000
2024-05-21,250,742.0000,872.2857,944.0000,1129.4683,1310.0000,1580.6614,1806.0000,1910.0000,2072.7372,2869.0319,2667.0000
2024-05-26,250,-9999.0000,-9999.0000,-9999.0000,-9999.0000,-9999.0000,-9999.0000,-9999.0000,-9999.0000,-9999.0000,-9999.0000,-9999.0000
2024-05-26,250,-9999.0000,-9999.0000,-9999.0000,-9999.0000,-9999.0000,-9999.0000,-9999.0000,-9999.0000,-9999.0000,-9999.0000,-9999.0000
2024-05-31,250,-9999.0000,-9999.0000,-9999.0000,-9999.0000,-9999.0000,-9999.0000,-9999.0000,-9999.0000,-9999.0000,-9999.0000,-9999.0000
2024-05-31,250,-9999.0000,-9999.0000,-9999.0000,-9999.0000,-9999.0000,-9999.0000,-9999.0000,-9999.0000,-9999.0000,-9999.0000,-9999.0000
2024-06-05,250,707.0000,992.0000,1106.0000,1202.0000,1491.0000,2348.0000,2652.0000,2744.0000,2978.0000,2525.0000,2138.0000
2024-06-05,250,753.0000,962.0000,1090.0000,1161.0000,1434.0000,2453.0000,2894.0000,3020.8977,3198.0000,2378.0000,1930.0000
2024-06-15,250,-9999.0000,-9999.0000,-9999.0000,-9999.0000,-9999.0000,-9999.0000,-9999.0000,-9999.0000,-9999.0000,-9999.0000,-9999.0000
2024-06-15,250,-9999.0000,-9999.0000,-9999.0000,-9999.0000,-9999.0000,-9999.0000,-9999.0000,-9999.0000,-9999.0000,-9999.0000,-9999.0000
2024-06-23,250,-9999.0000,-9999.0000,-9999.0000,-9999.0000,-9999.0000,-9999.0000,-9999.0000,-9999.0000,-9999.0000,-9999.0000,-9999.0000
2024-06-23,250,-9999.0000,-9999.0000,-9999.0000,-9999.0000,-9999.0000,-9999.0000,-9999.0000,-9999.0000,-9999.0000,-9999.0000,-9999.0000
2024-06-25,250,-9999.0000,-9999.0000,-9999.0000,-9999.0000,-9999.0000,-9999.0000,-9999.0000,-9999.0000,-9999.0000,-9999.0000,-9999.0000
2024-06-25,250,-9999.0000,-9999.0000,-9999.0000,-9999.0000,-9999.0000,-9999.0000,-9999.0000,-9999.0000,-9999.0000,-9999.0000,-9999.0000
2024-07-08,250,-9999.0000,-9999.0000,-9999.0000,-9999.0000,-9999.0000,-9999.0000,-9999.0000,-9999.0000,-9999.0000,-9999.0000,-9999.0000
2024-07-08,250,-9999.0000,-9999.0000,-9999.0000,-9999.0000,-9999.0000,-9999.0000,-9999.0000,-9999.0000,-9999.0000,-9999.0000,-9999.0000
2024-07-10,250,695.0000,963.0000,1234.0000,924.0000,1751.0000,4720.0000,5775.0000,5352.0000,5713.0000,2764.0000,1495.0000
2024-07-10,250,721.0000,952.0000,1204.0000,904.0000,1779.0000,4549.0000,5348.0000,5832.0000,5326.0000,2789.0000,1541.0000
2024-07-15,250,687.0000,613.2905,997.5665,542.0000,1524.6841,5479.0000,6498.0000,6455.7286,6676.0000,2668.4449,1222.0000
2024-07-15,250,704.0000,616.9239,996.5175,540.6667,1520.9262,5367.2758,6378.0000,6417.0000,6635.0000,2661.4854,1229.2772
2024-07-20,250,353.0000,429.3415,777.2148,386.9159,1179.5000,4664.1419,5768.1904,5730.4000,5824.0000,2363.5835,1100.0000
2024-07-20,250,347.0000,429.1541,781.0779,385.5789,1178.6014,4644.0000,5669.0015,5733.3010,5818.0000,2360.3425,1107.0000
2024-07-28,250,1046.0000,829.0000,1049.0000,596.2319,1376.0000,5072.0000,6176.0000,5876.0000,6197.6667,1920.0000,843.5773
2024-07-28,250,1035.0000,829.0000,1058.0000,595.8408,1385.0000,4887.0000,5881.0000,5944.0000,6240.0000,1905.0000,836.0000
2024-07-30,250,352.0000,417.1612,769.0640,387.6149,1171.9282,4701.0000,5833.9248,5768.0000,5966.4990,2358.7217,1093.1441
2024-07-30,250,333.0000,409.5321,764.9995,371.0864,1172.1058,4730.2410,5848.9627,5795.4604,5961.4732,2357.5673,1090.8571
2024-08-02,250,248.0000,361.5591,693.5699,331.8846,1107.7921,4571.0000,5608.2136,5752.4444,5778.0000,2296.4444,1052.5000
2024-08-02,250,244.0000,361.5762,693.3138,332.0606,1106.5352,4585.0000,5606.4087,5750.6667,5753.6439,2293.4000,1043.5000
2024-08-12,250,245.0000,326.1912,622.2928,309.1612,997.8135,4101.1415,5058.7676,5143.2084,5219.5272,2153.3333,1003.1779
2024-08-12,250,237.0000,326.4133,622.3750,308.8895,1001.0000,4102.7851,5063.1480,5142.6255,5194.7692,2148.3462,996.0000
2024-08-17,250,433.0000,444.2137,772.1000,393.2134,1217.7286,4217.7148,5012.0000,5174.5000,5224.0000,2068.7010,930.0000
2024-08-17,250,439.0000,446.3195,772.2034,393.2304,1224.6667,4213.0000,5001.0000,5157.6000,5201.0000,2075.5000,932.0000
2024-08-19,250,1278.0000,1352.0000,1576.0000,1178.0000,1952.0000,4747.0000,5713.0000,5351.0000,5847.0000,2824.0000,1711.0000
2024-08-19,250,1194.0000,1406.0000,1578.0000,1060.0000,1994.0000,4661.0000,5538.0000,5404.0000,5689.0000,2904.0000,1705.0000
2024-08-27,250,436.0000,480.5556,776.3071,444.8638,1216.3301,3641.5000,4253.0000,4384.8000,4522.0000,1949.0000,946.0000
2024-08-27,250,428.0000,478.2693,774.4876,446.4491,1213.0000,3656.3333,4260.0000,4387.0059,4520.0000,1953.0000,949.0000
2024-08-29,250,530.0000,538.0000,838.1707,525.2857,1241.0000,3499.5000,4153.0251,4165.7310,4327.0000,2038.5000,1130.0000
2024-08-29,250,519.0000,538.0601,838.3248,524.5831,1244.6671,3475.6654,4149.8861,4149.7419,4280.0000,2043.3333,1125.0000
2024-09-01,250,332.0000,412.4220,708.3290,381.5000,1134.6692,3411.0000,4022.0000,4057.0180,4266.0000,2002.3156,1018.0000
2024-09-01,250,315.0000,412.1046,706.0000,380.7143,1130.7397,3406.0000,4010.3333,4052.1036,4247.1859,1995.6667,1018.5000
2024-09-08,250,-9999.0000,-9999.0000,-9999.0000,-9999.0000,-9999.0000,-9999.0000,-9999.0000,-9999.0000,-9999.0000,-9999.0000,-9999.0000
2024-09-11,250,171.0000,292.0000,612.0000,292.3249,1052.0000,3118.0000,3582.3068,3766.9639,3839.0000,1596.5000,748.6667
2024-09-11,250,173.0000,298.3586,616.1367,296.2261,1052.5000,3052.0000,3525.0020,3750.2222,3769.5000,1593.0000,746.6667
2024-09-13,250,-9999.0000,-9999.0000,-9999.0000,-9999.0000,-9999.0000,-9999.0000,-9999.0000,-9999.0000,-9999.0000,-9999.0000,-9999.0000
2024-09-13,250,-9999.0000,-9999.0000,-9999.0000,-9999.0000,-9999.0000,-9999.0000,-9999.0000,-9999.0000,-9999.0000,-9999.0000,-9999.0000
2024-09-16,250,-9999.0000,-9999.0000,-9999.0000,-9999.0000,-9999.0000,-9999.0000,-9999.0000,-9999.0000,-9999.0000,-9999.0000,-9999.0000
2024-09-16,250,-9999.0000,-9999.0000,-9999.0000,-9999.0000,-9999.0000,-9999.0000,-9999.0000,-9999.0000,-9999.0000,-9999.0000,-9999.0000
2024-09-18,250,917.0000,878.0000,1098.0000,676.0000,1491.0000,3299.0000,3774.4708,3828.4520,4041.6667,2081.0000,1129.0000
2024-09-18,250,890.0000,860.0000,1082.0000,670.0000,1475.0000,3317.7036,3765.0000,3849.5455,4025.0000,2101.0000,1124.0000
2024-09-21,250,337.0000,468.0000,720.0000,483.0000,1169.1083,2551.0000,2900.8243,3017.6000,3192.3333,1937.0000,1114.0000
2024-09-21,250,325.0000,458.3392,714.2585,476.0000,1170.4869,2535.0000,2870.0000,3000.8000,3146.4077,1946.0000,1113.0000
2024-09-23,250,-9999.0000,-9999.0000,-9999.0000,-9999.0000,-9999.0000,-9999.0000,-9999.0000,-9999.0000,-9999.0000,-9999.0000,-9999.0000
2024-09-28,250,388.0000,422.0000,564.5000,460.3057,985.5000,1765.5000,2054.0000,2198.3333,2348.0000,1510.0000,916.3298
2024-09-28,250,389.0000,420.3376,560.0000,458.5276,985.0000,1802.4988,2023.7023,2197.7143,2354.6081,1508.5225,911.0000
2024-10-03,250,-9999.0000,-9999.0000,-9999.0000,-9999.0000,-9999.0000,-9999.0000,-9999.0000,-9999.0000,-9999.0000,-9999.0000,-9999.0000
2024-10-03,250,-9999.0000,-9999.0000,-9999.0000,-9999.0000,-9999.0000,-9999.0000,-9999.0000,-9999.0000,-9999.0000,-9999.0000,-9999.0000
2024-10-11,250,-9999.0000,-9999.0000,-9999.0000,-9999.0000,-9999.0000,-9999.0000,-9999.0000,-9999.0000,-9999.0000,-9999.0000,-9999.0000
2024-10-11,250,-9999.0000,-9999.0000,-9999.0000,-9999.0000,-9999.0000,-9999.0000,-9999.0000,-9999.0000,-9999.0000,-9999.0000,-9999.0000
2024-10-13,250,-9999.0000,-9999.0000,-9999.0000,-9999.0000,-9999.0000,-9999.0000,-9999.0000,-9999.0000,-9999.0000,-9999.0000,-9999.0000
2024-10-13,250,-9999.0000,-9999.0000,-9999.0000,-9999.0000,-9999.0000,-9999.0000,-9999.0000,-9999.0000,-9999.0000,-9999.0000,-9999.0000
2024-10-18,250,391.0000,542.0000,688.0000,770.3141,1112.6667,1574.6000,1843.0000,1897.7778,2140.2879,2390.5628,1803.5000
2024-10-18,250,393.0000,542.0000,687.0000,770.0000,1116.2493,1593.0000,1848.3333,1893.7273,2150.0941,2389.9751,1803.2977
2024-10-26,250,252.0000,376.0000,566.0000,614.2916,951.0000,1433.3333,1590.7500,1688.4000,1833.0000,1717.5000,1185.2764
2024-10-26,250,246.0000,374.0000,564.0000,614.2542,951.0000,1429.8822,1590.6924,1688.3701,1832.0000,1716.0000,1184.6000
2024-11-05,250,-9999.0000,-9999.0000,-9999.0000,-9999.0000,-9999.0000,-9999.0000,-9999.0000,-9999.0000,-9999.0000,-9999.0000,-9999.0000
2024-11-05,250,-9999.0000,-9999.0000,-9999.0000,-9999.0000,-9999.0000,-9999.0000,-9999.0000,-9999.0000,-9999.0000,-9999.0000,-9999.0000
2024-11-12,250,754.0000,724.7521,852.2637,842.3990,1193.4316,1856.0000,2058.7553,2199.6474,2296.4000,1836.0000,1512.6667
2024-11-12,250,743.0000,713.2824,849.6000,834.0000,1184.4750,1856.8266,2061.6424,2200.0581,2298.8345,1845.0000,1516.2694
2024-11-17,250,276.0000,364.0000,348.3991,410.7725,537.5389,742.3434,899.0000,984.7825,1126.0000,1242.0000,874.0000
2024-11-17,250,271.0000,363.0000,354.0000,412.1570,531.0000,742.0000,913.0000,999.7143,1128.3333,1252.0718,869.6667
2024-11-30,250,542.0000,609.8099,634.0000,668.3333,896.0000,1397.6788,1654.4028,1683.7576,1943.0000,1645.1951,1209.0000
2024-11-30,250,554.0000,613.6106,637.3038,672.5389,920.0000,1400.0000,1645.0327,1685.0107,1879.6667,1642.2243,1230.0000
2025-01-11,250,555.0000,508.8610,552.8000,568.7757,833.5000,1134.0000,1232.0000,1362.4737,1488.0059,1277.0000,852.0000
2025-01-11,250,533.0000,490.4843,542.0000,558.0000,833.2319,1133.0000,1256.0000,1357.0000,1507.0000,1240.4731,843.0000
2025-01-26,250,-9999.0000,-9999.0000,-9999.0000,-9999.0000,-9999.0000,-9999.0000,-9999.0000,-9999.0000,-9999.0000,-9999.0000,-9999.0000
2025-01-26,250,-9999.0000,-9999.0000,-9999.0000,-9999.0000,-9999.0000,-9999.0000,-9999.0000,-9999.0000,-9999.0000,-9999.0000,-9999.0000
2025-01-31,250,243.0000,322.2500,470.1975,498.4381,765.0000,1095.0000,1204.2000,1396.1495,1419.7500,1410.0000,912.8989
2025-01-31,250,229.0000,312.6250,460.2628,493.0000,764.7500,1092.5000,1203.6000,1395.1342,1415.0000,1402.0578,903.0000
2025-02-03,250,-9999.0000,-9999.0000,-9999.0000,-9999.0000,-9999.0000,-9999.0000,-9999.0000,-9999.0000,-9999.0000,-9999.0000,-9999.0000
2025-02-03,250,-9999.0000,-9999.0000,-9999.0000,-9999.0000,-9999.0000,-9999.0000,-9999.0000,-9999.0000,-9999.0000,-9999.0000,-9999.0000
2025-02-18,250,424.0000,628.6667,753.6028,829.7284,1083.0000,1459.2132,1570.5000,1891.6000,1844.0000,2164.3652,1729.5000
2025-02-18,250,403.0000,621.4926,745.3377,817.2500,1089.5000,1442.4993,1579.5000,1888.7876,1846.0000,2162.0000,1740.3077
2025-02-23,250,-9999.0000,-9999.0000,-9999.0000,-9999.0000,-9999.0000,-9999.0000,-9999.0000,-9999.0000,-9999.0000,-9999.0000,-9999.0000
2025-02-28,250,-9999.0000,-9999.0000,-9999.0000,-9999.0000,-9999.0000,-9999.0000,-9999.0000,-9999.0000,-9999.0000,-9999.0000,-9999.0000
2025-02-28,250,-9999.0000,-9999.0000,-9999.0000,-9999.0000,-9999.0000,-9999.0000,-9999.0000,-9999.0000,-9999.0000,-9999.0000,-9999.0000
2025-03-02,250,349.0000,366.5507,530.0000,509.0909,833.6000,1243.6105,1362.5041,1578.0035,1588.0000,1671.0000,1130.6866
2025-03-02,250,348.0000,366.5000,530.0000,512.7468,841.7606,1235.5000,1355.5000,1579.3006,1577.5000,1670.7853,1129.0000
2025-03-07,250,564.0000,666.0000,820.8726,844.2279,1175.0000,1649.8141,1833.5771,2003.0909,2072.7549,2474.4854,2051.5000
2025-03-07,250,564.0000,664.0000,812.9157,841.7615,1185.2380,1652.4882,1828.0000,2009.9380,2074.1378,2475.3322,2050.0000
2025-03-10,250,1034.0000,1120.4503,1208.6667,1198.0000,1522.1524,2024.0000,2192.1701,2475.2199,2419.6667,2738.0000,2265.5000
2025-03-10,250,1042.0000,1112.5884,1204.7994,1192.0000,1521.0000,2014.0000,2185.0000,2475.3333,2410.2094,2738.0000,2275.1595
2025-03-12,250,-9999.0000,-9999.0000,-9999.0000,-9999.0000,-9999.0000,-9999.0000,-9999.0000,-9999.0000,-9999.0000,-9999.0000,-9999.0000
2025-03-12,250,-9999.0000,-9999.0000,-9999.0000,-9999.0000,-9999.0000,-9999.0000,-9999.0000,-9999.0000,-9999.0000,-9999.0000,-9999.0000
2025-03-14,250,-9999.0000,-9999.0000,-9999.0000,-9999.0000,-9999.0000,-9999.0000,-9999.0000,-9999.0000,-9999.0000,-9999.0000,-9999.0000
2025-03-14,250,-9999.0000,-9999.0000,-9999.0000,-9999.0000,-9999.0000,-9999.0000,-9999.0000,-9999.0000,-9999.0000,-9999.0000,-9999.0000
2025-03-15,250,-9999.0000,-9999.0000,-9999.0000,-9999.0000,-9999.0000,-9999.0000,-9999.0000,-9999.0000,-9999.0000,-9999.0000,-9999.0000
2025-03-15,250,-9999.0000,-9999.0000,-9999.0000,-9999.0000,-9999.0000,-9999.0000,-9999.0000,-9999.0000,-9999.0000,-9999.0000,-9999.0000
2025-03-17,250,741.0000,801.5682,996.9149,980.8637,1426.0000,2215.0000,2450.5228,2787.6233,2739.0900,2987.5668,2596.0000
2025-03-17,250,737.0000,800.7868,993.2464,978.0000,1415.0000,2172.3256,2428.0000,2777.5000,2683.1165,2997.5005,2577.0000
2025-03-17,250,693.0000,866.0000,1105.5000,1120.0000,1585.4161,2396.4561,2688.0000,2977.3333,2987.0000,3212.0000,2630.0000
2025-03-17,250,691.0000,866.0000,1100.0827,1116.0000,1582.0000,2388.3333,2686.2593,2979.0000,2986.3333,3218.0000,2657.0000
2025-03-20,250,589.0000,737.1645,909.0903,876.6957,1271.0000,1961.7751,2134.0000,2370.1769,2357.0000,2645.4935,2238.0000
2025-03-20,250,592.0000,737.6551,909.6952,873.0304,1274.0000,1930.0000,2116.5373,2370.0000,2338.0000,2662.0000,2226.0000
2025-03-22,250,624.0000,681.2504,921.2926,880.1403,1393.3333,2122.6667,2338.7286,2650.8555,2595.5276,2744.0000,2220.0000
2025-03-22,250,628.0000,681.4200,921.5000,882.3333,1387.0000,2125.0000,2318.0000,2660.0000,2578.0000,2725.0000,2226.2246
2025-03-24,250,-9999.0000,-9999.0000,-9999.0000,-9999.0000,-9999.0000,-9999.0000,-9999.0000,-9999.0000,-9999.0000,-9999.0000,-9999.0000
2025-03-24,250,-9999.0000,-9999.0000,-9999.0000,-9999.0000,-9999.0000,-9999.0000,-9999.0000,-9999.0000,-9999.0000,-9999.0000,-9999.0000
2025-03-25,250,-9999.0000,-9999.0000,-9999.0000,-9999.0000,-9999.0000,-9999.0000,-9999.0000,-9999.0000,-9999.0000,-9999.0000,-9999.0000
2025-03-25,250,-9999.0000,-9999.0000,-9999.0000,-9999.0000,-9999.0000,-9999.0000,-9999.0000,-9999.0000,-9999.0000,-9999.0000,-9999.0000
2025-03-27,250,891.0000,908.0000,1085.1429,1008.4050,1419.0000,2268.0000,2536.0000,2908.0000,2757.0000,2596.0000,2128.0000
2025-03-27,250,868.0000,905.0000,1080.3916,1005.6000,1408.3810,2272.0000,2525.3557,2915.5000,2758.0000,2590.0000,2113.0000
2025-03-27,250,924.0000,932.4602,1108.0000,1036.0000,1444.5225,2203.0000,2415.0000,2758.0000,2637.9544,2430.0000,1958.0000
2025-03-27,250,907.0000,924.4217,1100.0000,1030.0000,1444.5000,2203.5113,2412.0000,2774.0000,2667.9549,2433.0000,1975.0000
2025-04-01,250,563.0000,553.1250,824.7913,696.5972,1300.6309,2393.0000,2670.0000,3034.6667,2935.0000,2531.0000,1893.0000
2025-04-01,250,515.0000,548.0000,825.1729,693.6678,1301.6667,2397.0000,2682.0000,3027.6667,2903.0000,2515.9683,1906.3066
2025-04-03,250,560.0000,522.2500,805.2862,664.6746,1210.1183,2476.0000,2794.0000,3114.3950,3004.0000,2518.0000,1880.0000
2025-04-03,250,531.0000,517.5000,804.7030,660.5000,1208.0000,2427.4365,2788.5000,3128.7500,2985.0000,2523.0000,1904.0000
2025-04-04,250,450.0000,474.5000,749.6667,604.7140,1197.0000,2412.0000,2696.0000,2976.0000,2900.0000,2361.5839,1695.0000
2025-04-04,250,454.0000,474.2667,753.0000,605.5823,1193.4317,2375.0000,2638.0000,2980.6667,2880.5000,2358.0000,1723.4489
2025-04-06,250,505.0000,526.0000,766.0000,620.8000,1130.0000,2416.9825,2793.0000,3095.7458,3043.0000,2388.0000,1760.0000
2025-04-06,250,500.0000,530.6667,764.0000,620.8555,1123.0000,2395.0000,2764.0000,3108.7113,2960.0000,2388.7407,1802.0000
2025-04-06,250,420.0000,436.0000,688.8000,564.6667,1076.3330,2338.0000,2676.0000,2964.4038,2854.0000,2237.0000,1644.4316
2025-04-06,250,418.0000,432.6667,688.5000,557.1443,1076.6557,2313.0000,2636.0000,2970.6447,2848.0000,2240.0000,1680.1400
2025-04-09,250,1520.0000,1392.0000,1494.0000,1490.0000,1891.0000,2617.0000,2951.0000,3240.0000,3191.0000,3591.0000,3264.0000
2025-04-09,250,1597.0000,1372.0000,1454.0000,1462.0000,1888.0000,2580.0000,2900.0000,3208.0000,3196.0000,3517.0000,3248.0000
2025-04-11,250,617.0000,588.1486,856.7434,680.5000,1353.0000,2564.0000,2852.0179,3084.5000,3097.0000,2366.9419,1642.3333
2025-04-11,250,610.0000,584.3750,856.9871,680.0464,1340.4298,2567.0000,2819.0000,3082.3767,3092.0000,2355.0000,1719.0000
2025-04-14,250,804.0000,734.0000,990.3405,688.2529,1465.4829,3002.9441,3375.0000,3666.4000,3593.0000,2242.4316,1406.0000
2025-04-14,250,819.0000,734.5000,992.0000,694.1693,1460.3895,3044.3580,3435.0000,3685.1429,3595.5000,2229.0000,1427.8670
2025-04-19,250,271.0000,320.3710,526.0000,317.2792,768.9884,1829.0000,2102.0000,2214.0000,2280.0000,1416.0000,782.0000
2025-04-19,250,274.0000,324.1554,520.6667,313.2406,746.8042,1699.0000,2012.0000,2282.0000,2143.0000,1410.0000,763.4343
2025-04-26,250,388.0000,378.0000,516.0000,328.4293,736.0000,2235.0000,2760.5000,2936.3131,2900.4316,1369.4829,756.9415
2025-04-26,250,402.0000,378.5556,517.0000,324.4838,733.0000,2221.5000,2759.0000,2934.4881,2907.8462,1340.0000,753.3532
2025-04-26,250,308.0000,296.1667,468.3826,286.5714,740.0000,2293.0000,2829.0000,2985.4965,3035.0000,1300.0000,685.6667
2025-04-26,250,329.0000,302.2802,470.0995,293.9632,740.5000,2310.0000,2834.0000,2966.3333,2999.0000,1290.3333,691.0000
2025-04-29,250,582.3147,556.0000,664.0000,516.6220,888.5620,2265.0000,2925.0000,3061.1111,3077.2500,1696.0000,1162.0000
2025-04-29,250,618.0000,552.6445,662.0000,517.1232,873.0000,2281.9278,2921.0000,3059.4324,3069.2500,1670.0000,1159.0000
2025-05-01,250,475.0000,333.1250,509.1429,333.1978,861.0000,2492.5000,3175.0000,3367.8311,3377.3333,1598.0000,986.5000
2025-05-01,250,490.0000,329.1771,505.2857,333.7696,842.2537,2483.8865,3162.0000,3368.0009,3366.0000,1554.0000,998.6443
2025-05-03,250,-9999.0000,-9999.0000,-9999.0000,-9999.0000,-9999.0000,-9999.0000,-9999.0000,-9999.0000,-9999.0000,-9999.0000,-9999.0000
2025-05-03,250,1332.0000,1472.0000,1326.0000,1216.0000,1740.0000,2753.0000,3258.0000,3736.0000,3652.0000,3130.0000,2642.0000
2025-05-09,250,586.0000,418.0000,553.5029,338.0000,788.0000,2557.0000,3177.0000,3668.0000,3359.0000,1439.0000,763.0000
2025-05-09,250,574.0000,416.0000,548.0000,338.0000,789.0000,2532.0000,3141.0000,3796.0000,3364.0000,1415.0000,750.0000
2025-05-11,250,404.0000,273.2000,514.0000,301.4167,902.0000,2706.0000,3479.9441,3687.3750,3686.2795,1481.0000,897.9315
2025-05-11,250,402.0000,273.9936,513.1107,297.2007,905.5000,2706.0346,3498.2500,3688.5053,3676.3791,1476.0000,904.3298
