2017-01-24,91,653.0000,894.0000,1193.1051,1464.5426,1675.0000,1802.4969,1902.0000,2068.9759,2050.0000,2781.0000,2312.0000
2017-04-11,91,1204.0000,996.9894,1209.0000,1019.7500,1674.1415,3169.9559,3507.0000,3596.1441,3665.8979,2608.0000,1884.2966
2017-04-21,91,102.0000,345.5000,829.7708,771.1894,1575.0000,3258.5091,3710.3960,3971.3436,3874.6010,2420.9032,1673.0000
2017-04-21,91,695.0000,647.0000,977.9066,813.5105,1566.0000,3348.7778,3787.0000,4059.9840,3953.0000,2427.0850,1643.6279
2017-04-24,91,-9999.0000,-9999.0000,-9999.0000,-9999.0000,-9999.0000,-9999.0000,-9999.0000,-9999.0000,-9999.0000,-9999.0000,-9999.0000
2017-05-01,91,1367.0000,1319.0000,1485.0000,1286.0000,1810.0000,3133.0000,3557.0000,3684.2721,3675.0000,2200.0000,1570.0000
2017-05-04,91,-9999.0000,-9999.0000,-9999.0000,-9999.0000,-9999.0000,-9999.0000,-9999.0000,-9999.0000,-9999.0000,-9999.0000,-9999.0000
2017-05-04,91,-9999.0000,-9999.0000,-9999.0000,-9999.0000,-9999.0000,-9999.0000,-9999.0000,-9999.0000,-9999.0000,-9999.0000,-9999.0000
2017-05-14,91,1.0000,70.0000,421.4519,361.5022,948.8676,2576.3655,3133.0000,3165.7427,3293.8649,1637.9096,981.0899
2017-05-14,91,171.0000,201.5074,473.1244,350.0000,935.0000,2630.8579,3193.5777,3241.5040,3380.6384,1637.0000,973.6733
2017-05-21,91,-9999.0000,-9999.0000,-9999.0000,-9999.0000,-9999.0000,-9999.0000,-9999.0000,-9999.0000,-9999.0000,-9999.0000,-9999.0000
2017-05-21,91,-9999.0000,-9999.0000,-9999.0000,-9999.0000,-9999.0000,-9999.0000,-9999.0000,-9999.0000,-9999.0000,-9999.0000,-9999.0000
2017-05-24,91,304.0000,344.5000,649.5050,589.2500,1205.3918,2510.3356,2989.4516,3083.7938,3291.6242,1876.4023,1181.0000
2017-05-24,91,478.0000,558.5000,789.8264,689.3756,1237.0460,2410.0000,2812.0000,2930.2448,3103.0000,1826.6371,1175.0000
2017-05-31,91,1193.0000,1178.2938,1382.6626,1286.1296,1845.0000,2851.8916,3216.7208,3306.6896,3612.9114,2663.0522,1843.4086
2017-06-03,91,319.0000,439.0000,706.7987,786.0173,1307.0000,2219.0000,2613.4504,2659.7201,2946.5000,2149.8687,1445.0070
2017-06-03,91,352.0000,384.5000,684.4318,777.8184,1324.4526,2227.2399,2608.0000,2643.3591,2940.0000,2132.0165,1442.4450
2017-06-10,91,893.0000,1046.6658,1244.5508,1316.7542,1754.4402,2507.0000,2756.0000,2893.2925,3051.2223,2376.0000,1689.0000
2017-06-13,91,358.0000,516.0000,776.7257,1029.9427,1444.8167,1955.7719,2171.3852,2273.6039,2534.0000,2397.0801,1706.9786
2017-06-13,91,446.0000,588.6234,823.0000,1032.9930,1444.0000,1949.2326,2177.4353,2277.4376,2507.8727,2377.6743,1685.0000
2017-06-20,91,153.0000,512.4644,920.6840,1408.8361,1834.4516,2220.5013,2444.6708,2571.8598,2804.4214,2972.9378,2130.6198
2017-06-20,91,611.0000,800.0000,1052.3333,1469.4708,1818.3583,2203.5761,2430.0000,2574.2804,2811.5560,2968.9517,2118.6326
2017-06-23,91,512.0000,761.0000,1062.3846,1526.2439,1916.0000,2258.3357,2531.7612,2642.9984,2954.3970,2993.4525,2082.0177
2017-06-23,91,603.0000,821.0000,1101.9086,1549.0109,1934.0000,2306.2717,2571.1324,2683.8340,2991.0000,2996.5430,2074.1918
2017-07-03,91,426.0000,656.3724,924.6194,1189.0188,1570.5489,2043.6889,2216.4850,2323.4549,2501.0438,2590.0000,1792.0000
2017-07-03,91,390.0000,617.0000,903.0000,1166.1298,1556.6348,2050.7694,2246.6241,2324.5112,2510.0445,2567.0000,1797.1784
2017-07-08,91,588.0000,909.5700,1245.6000,1643.4674,2109.0000,2594.0000,2925.5274,3050.0000,3305.0000,3675.0000,2592.9996
2017-07-10,91,378.0000,937.3466,1498.9727,2115.7107,2693.5805,3214.6834,3405.5565,3529.3329,3801.1898,4037.0000,2746.5848
2017-07-10,91,735.0000,1137.9521,1612.2500,2163.0349,2723.7304,3225.0000,3422.0000,3534.0000,3805.3921,4019.8067,2724.0307
2017-07-13,91,287.0000,713.8837,1172.7504,1602.0728,2131.0998,2608.0000,2809.7960,2867.2571,3124.5508,3714.7636,2635.7868
2017-07-13,91,476.0000,805.9261,1196.8466,1596.1293,2109.3484,2593.3837,2793.0000,2844.4289,3098.4571,3675.9258,2610.2902
2017-07-20,91,833.0000,1016.2543,1320.4566,1501.2275,2012.0000,2731.0000,2965.9903,2981.7095,3255.0000,3370.2830,2331.5166
2017-07-20,91,914.0000,1140.7114,1481.0140,1731.6218,2292.0000,3017.7471,3219.0000,3252.3069,3541.0794,3578.6503,2409.4937
2017-07-23,91,356.6662,713.0000,1069.1690,1293.2000,1837.2230,2573.6111,2829.4714,2858.4993,3154.0000,3219.7896,2152.8015
2017-07-23,91,698.0000,887.0000,1174.8707,1371.8216,1908.9018,2684.4777,2937.0000,2961.5526,3266.6633,3301.9265,2183.0000
2017-07-30,91,-9999.0000,-9999.0000,-9999.0000,-9999.0000,-9999.0000,-9999.0000,-9999.0000,-9999.0000,-9999.0000,-9999.0000,-9999.0000
2017-08-02,91,477.0000,654.9471,924.5144,1021.4410,1512.0000,2459.0000,2716.0000,2747.0000,2992.9702,2840.4719,1885.8065
2017-08-02,91,447.0000,656.6459,912.6467,1009.2764,1498.0000,2458.5051,2741.4850,2737.2125,3002.5692,2828.4158,1871.0000
2017-08-09,91,403.0000,650.2454,996.5013,1185.2182,1711.0000,2578.1500,2813.9592,2845.8163,3152.0000,3118.0000,2069.6526
2017-08-09,91,515.0000,676.4046,1000.6922,1173.4920,1690.3339,2544.5520,2782.0000,2789.8432,3077.3337,3065.5250,2022.2842
2017-08-12,91,125.0000,144.0000,217.0000,145.0000,349.0000,828.0000,933.0000,898.0000,1011.0000,525.0000,294.0000
2017-08-12,91,1.0000,70.0000,169.0000,125.0000,334.0000,855.0000,957.0000,924.0000,1020.0000,518.0000,281.0000
2017-08-19,91,-9999.0000,-9999.0000,-9999.0000,-9999.0000,-9999.0000,-9999.0000,-9999.0000,-9999.0000,-9999.0000,-9999.0000,-9999.0000
2017-08-22,91,395.0000,504.3991,742.3704,761.2858,1260.0000,2435.2393,2738.7260,2875.0882,3004.2363,2480.9747,1560.0000
2017-08-22,91,394.0000,502.3513,737.4545,748.6667,1250.0000,2442.4818,2761.0421,2891.6154,3010.7663,2481.8216,1568.6915
2017-08-29,91,528.0000,826.0079,1181.3920,1433.7307,2081.9473,2756.0000,3024.7068,3225.6339,3432.0000,3562.3522,2330.7476
2017-08-29,91,749.0000,961.4538,1253.7359,1449.9820,2077.9736,2760.3762,3001.0000,3213.1520,3424.0000,3531.1202,2298.9776
2017-09-08,91,445.0000,694.5175,948.4750,1152.8214,1641.1734,2240.0000,2417.4178,2489.1670,2707.0000,3249.9421,2283.0744
2017-09-08,91,546.0000,636.4960,926.2066,1133.4186,1612.0136,2198.0000,2373.0000,2457.0820,2657.0000,3196.0332,2257.0000
2017-09-18,91,493.0000,562.4138,826.4867,833.3511,1444.6915,2398.0000,2574.0000,2624.0000,2814.0000,2873.0194,1965.5560
2017-09-18,91,305.0000,502.6357,818.2833,858.4591,1404.0000,2281.0000,2452.9281,2506.5000,2681.5326,2780.7194,1925.0000
2017-09-21,91,482.0000,514.6136,694.6686,664.8168,1183.0000,1956.0000,2143.0000,2218.8197,2313.4380,2347.0000,1604.5145
2017-09-21,91,519.0000,550.5680,712.6409,676.1528,1183.0000,1950.0000,2126.0000,2219.2997,2301.0000,2340.9939,1602.4755
2017-09-28,91,492.0000,540.0936,790.0000,757.1448,1368.4331,2318.0197,2484.0000,2602.7500,2706.3751,2417.7275,1589.4920
2017-09-28,91,748.0000,738.3852,902.2402,818.7998,1354.0000,2197.5030,2389.0000,2476.9922,2561.2625,2322.0000,1547.0000
2017-10-01,91,-9999.0000,-9999.0000,-9999.0000,-9999.0000,-9999.0000,-9999.0000,-9999.0000,-9999.0000,-9999.0000,-9999.0000,-9999.0000
2017-10-08,91,-9999.0000,-9999.0000,-9999.0000,-9999.0000,-9999.0000,-9999.0000,-9999.0000,-9999.0000,-9999.0000,-9999.0000,-9999.0000
2017-10-08,91,-9999.0000,-9999.0000,-9999.0000,-9999.0000,-9999.0000,-9999.0000,-9999.0000,-9999.0000,-9999.0000,-9999.0000,-9999.0000
2017-10-11,91,-9999.0000,-9999.0000,-9999.0000,-9999.0000,-9999.0000,-9999.0000,-9999.0000,-9999.0000,-9999.0000,-9999.0000,-9999.0000
2017-10-18,91,-9999.0000,-9999.0000,-9999.0000,-9999.0000,-9999.0000,-9999.0000,-9999.0000,-9999.0000,-9999.0000,-9999.0000,-9999.0000
2017-10-31,91,1284.0000,1051.0000,1180.0000,1026.0000,1587.0000,2216.0000,2384.0000,2680.0000,2608.0000,2278.0000,1593.0000
2017-10-31,91,1458.0000,1167.0000,1248.0000,1150.0000,1553.0000,2140.0000,2309.0000,2638.0000,2525.0000,2223.0000,1602.0000
2017-11-10,91,-9999.0000,-9999.0000,-9999.0000,-9999.0000,-9999.0000,-9999.0000,-9999.0000,-9999.0000,-9999.0000,-9999.0000,-9999.0000
2017-11-10,91,-9999.0000,-9999.0000,-9999.0000,-9999.0000,-9999.0000,-9999.0000,-9999.0000,-9999.0000,-9999.0000,-9999.0000,-9999.0000
2017-11-17,91,1.0000,59.0000,222.0000,188.0000,601.0000,1092.0000,1155.0000,1298.0000,1301.0000,1028.0000,684.0000
2017-11-17,91,302.0000,318.7422,380.5253,326.6383,616.0000,1037.0000,1126.7550,1177.0000,1261.9492,1028.0000,650.0000
2017-11-20,91,191.0000,398.3147,624.6980,669.8407,1245.0000,1946.3401,2129.1701,2372.7478,2386.0117,2136.4586,1367.0000
2017-11-20,91,540.0000,558.8148,681.6154,662.2960,1242.0000,1950.0000,2151.0000,2379.4699,2406.0000,2143.0000,1369.0000
2017-11-27,91,1.0000,314.3855,592.0000,708.7049,1321.0000,2051.8588,2244.4539,2483.0000,2531.1505,2328.5283,1484.0000
2017-11-27,91,234.0000,418.6999,654.5000,734.5193,1294.0000,1964.0000,2133.0000,2395.8181,2398.9622,2240.4859,1436.4729
2017-12-07,91,504.0000,730.0000,990.3721,1220.2399,1469.0000,1629.0004,1684.9706,1731.0000,1768.4973,2066.4516,1616.0000
2017-12-17,91,1.0000,404.0000,660.7027,993.8072,1164.0127,1306.8979,1387.0000,1491.3659,1507.0402,1800.0000,1321.0000
2017-12-17,91,272.0000,511.0000,725.2497,993.8163,1151.0000,1283.0000,1349.0886,1459.7102,1467.3009,1706.0000,1268.3286
2017-12-20,91,242.0000,488.7183,684.6667,912.9419,1073.0000,1173.6243,1245.0000,1314.3250,1352.9728,1631.0000,1205.0000
2017-12-20,91,302.0000,522.4933,694.6028,909.6441,1068.0000,1173.0214,1251.5668,1323.5915,1336.7165,1616.5002,1194.5022
2017-12-22,91,-9999.0000,-9999.0000,-9999.0000,-9999.0000,-9999.0000,-9999.0000,-9999.0000,-9999.0000,-9999.0000,-9999.0000,-9999.0000
2017-12-25,91,943.0000,1194.5459,1339.0000,1385.0000,1541.0000,1671.0000,1717.0000,1771.0000,1757.0000,1629.4305,1336.9105
2017-12-25,91,731.0000,971.0000,1198.6079,1318.1947,1482.4858,1653.4933,1744.0000,1794.4458,1815.0000,1633.0000,1298.0000
2018-01-06,91,-9999.0000,-9999.0000,-9999.0000,-9999.0000,-9999.0000,-9999.0000,-9999.0000,-9999.0000,-9999.0000,-9999.0000,-9999.0000
2018-01-11,91,-9999.0000,-9999.0000,-9999.0000,-9999.0000,-9999.0000,-9999.0000,-9999.0000,-9999.0000,-9999.0000,-9999.0000,-9999.0000
2018-01-11,91,3.0000,320.0000,402.0000,486.0000,530.0000,617.0000,687.0000,718.0000,717.0000,773.0000,577.0000
2018-01-14,91,-9999.0000,-9999.0000,-9999.0000,-9999.0000,-9999.0000,-9999.0000,-9999.0000,-9999.0000,-9999.0000,-9999.0000,-9999.0000
2018-01-14,91,-9999.0000,-9999.0000,-9999.0000,-9999.0000,-9999.0000,-9999.0000,-9999.0000,-9999.0000,-9999.0000,-9999.0000,-9999.0000
2018-01-19,91,-9999.0000,-9999.0000,-9999.0000,-9999.0000,-9999.0000,-9999.0000,-9999.0000,-9999.0000,-9999.0000,-9999.0000,-9999.0000
2018-01-19,91,-9999.0000,-9999.0000,-9999.0000,-9999.0000,-9999.0000,-9999.0000,-9999.0000,-9999.0000,-9999.0000,-9999.0000,-9999.0000
2018-01-21,91,93.0000,539.0000,861.8532,1237.1540,1445.1557,1612.0000,1709.5280,1841.2760,1831.0000,2316.5223,1858.0000
2018-01-21,91,318.0000,672.5769,930.5714,1225.3256,1402.0000,1554.5097,1645.3696,1777.3424,1741.0000,2209.0000,1789.0000
2018-02-08,91,-9999.0000,-9999.0000,-9999.0000,-9999.0000,-9999.0000,-9999.0000,-9999.0000,-9999.0000,-9999.0000,-9999.0000,-9999.0000
2018-02-10,91,240.0000,589.4302,852.4397,1203.6436,1417.0000,1619.0000,1715.7965,1852.2699,1833.0000,2238.0000,1764.0000
2018-02-10,91,272.0000,629.0000,925.7754,1198.1528,1405.8191,1583.0000,1684.0000,1682.6387,1778.8502,2174.0000,1718.0307
2018-02-13,91,-9999.0000,-9999.0000,-9999.0000,-9999.0000,-9999.0000,-9999.0000,-9999.0000,-9999.0000,-9999.0000,-9999.0000,-9999.0000
2018-02-13,91,1046.0000,1251.0000,1406.8644,1540.5414,1704.0000,1908.0000,1996.0000,2153.8118,2093.1705,1486.9539,1240.0000
2018-02-25,91,1208.0000,1644.4097,2004.0574,2300.8123,2515.0000,2682.2303,2773.4106,2826.8502,2898.3376,3330.6715,3066.0000
2018-02-25,91,1331.0000,1691.7789,2043.8296,2323.0362,2495.0000,2668.0000,2796.3491,2836.7348,2894.6460,3298.4331,3044.6073
2018-02-28,91,1722.0000,1974.0000,2299.0000,2591.0000,2850.0000,2992.0000,3106.0000,3270.0000,3293.0000,4046.0000,3552.0000
2018-02-28,91,1877.0000,2100.8963,2301.7431,2380.4970,2588.0000,2753.5096,2862.0000,2945.2090,2986.6967,3428.9768,2929.0000
2018-03-12,91,-9999.0000,-9999.0000,-9999.0000,-9999.0000,-9999.0000,-9999.0000,-9999.0000,-9999.0000,-9999.0000,-9999.0000,-9999.0000
2018-03-20,91,-9999.0000,-9999.0000,-9999.0000,-9999.0000,-9999.0000,-9999.0000,-9999.0000,-9999.0000,-9999.0000,-9999.0000,-9999.0000
2018-03-20,91,-9999.0000,-9999.0000,-9999.0000,-9999.0000,-9999.0000,-9999.0000,-9999.0000,-9999.0000,-9999.0000,-9999.0000,-9999.0000
2018-03-22,91,714.0000,1129.0000,1559.3821,1925.1283,2202.0000,2339.9982,2477.0000,2619.2152,2577.8434,3162.8454,2728.4407
2018-03-22,91,644.0000,1084.5543,1480.6250,1821.0178,1995.0000,2247.0000,2322.7150,2492.8008,2464.0000,3019.4968,2654.1473
2018-03-25,91,904.0000,1237.2726,1548.5254,1795.7734,2068.0000,2248.5076,2393.4571,2387.0000,2491.0000,3136.0000,2838.0000
2018-03-25,91,937.0000,1252.1062,1562.5420,1795.0000,2013.0000,2249.6649,2354.1345,2393.9510,2498.7867,3076.1304,2791.2217
2018-03-27,91,1273.0000,1442.1726,1683.3347,1956.0505,2243.0000,2500.0372,2617.0000,2763.0862,2756.9189,3468.0000,3034.1110
2018-03-27,91,1282.0000,1433.4971,1666.8819,1939.7152,2185.0000,2477.0000,2582.0000,2754.0968,2726.0000,3404.6591,3019.0000
2018-03-30,91,-9999.0000,-9999.0000,-9999.0000,-9999.0000,-9999.0000,-9999.0000,-9999.0000,-9999.0000,-9999.0000,-9999.0000,-9999.0000
2018-03-30,91,-9999.0000,-9999.0000,-9999.0000,-9999.0000,-9999.0000,-9999.0000,-9999.0000,-9999.0000,-9999.0000,-9999.0000,-9999.0000
2018-04-01,91,621.0000,1129.4940,1358.5000,1500.0000,1784.0000,2057.9222,2148.0040,2378.2315,2229.0000,2329.4291,1788.0000
2018-04-01,91,735.0000,1178.2500,1373.5000,1512.0000,1762.4704,2006.0000,2092.4482,2324.3189,2171.1097,2272.4035,1733.0000
2018-04-06,91,580.0000,955.1327,1402.8348,1756.5449,2028.2952,2251.0000,2350.1111,2507.3777,2456.7955,2982.0000,2474.1900
2018-04-06,91,662.0000,964.0000,1354.3942,1667.9909,1905.0000,2168.0000,2260.0000,2425.0886,2400.0000,2885.4322,2409.0000
2018-04-11,91,1018.0000,1329.3333,1657.5714,1857.0000,2141.3679,2446.6615,2630.0000,2716.2902,2729.0101,2844.0000,2389.4557
2018-04-14,91,560.0000,947.6541,1325.0196,1570.4347,1845.0000,2150.6289,2308.0000,2484.0000,2435.0000,2714.5086,2329.8458
2018-04-14,91,613.0000,978.6998,1323.7057,1547.6085,1810.6030,2147.0000,2292.1731,2458.3054,2408.4755,2658.0591,2298.9881
2018-04-16,91,-9999.0000,-9999.0000,-9999.0000,-9999.0000,-9999.0000,-9999.0000,-9999.0000,-9999.0000,-9999.0000,-9999.0000,-9999.0000
2018-04-16,91,-9999.0000,-9999.0000,-9999.0000,-9999.0000,-9999.0000,-9999.0000,-9999.0000,-9999.0000,-9999.0000,-9999.0000,-9999.0000
2018-04-19,91,712.0000,1194.4248,1663.0000,1927.1773,2196.9854,2529.6287,2716.2170,2859.9783,2808.0000,3194.3402,2778.4979
2018-04-19,91,767.0000,1211.0789,1635.8514,1883.3005,2137.7920,2514.0000,2645.2486,2827.0629,2750.0000,3155.5460,2731.2165
2018-04-21,91,799.0000,1346.9971,1819.4055,2087.2811,2418.9984,2791.0000,2973.0358,3203.4339,3026.6153,3402.7517,3077.0000
2018-04-21,91,668.0000,1218.5000,1683.6087,1932.9890,2241.6803,2596.0000,2782.0000,3028.2281,2884.0000,3280.0000,2963.9857
2018-04-24,91,967.0000,1313.1310,1541.6840,1698.6530,1957.8416,2212.8759,2409.6065,2443.3651,2501.3094,3148.0000,3115.0000
2018-04-24,91,1138.0000,1332.7765,1542.4723,1669.2999,1931.0000,2218.4004,2396.3307,2444.4547,2504.6207,3097.7328,3095.0000
2018-04-26,91,1035.0000,1381.7391,1747.6630,2067.2253,2323.7469,2515.0000,2613.0944,2673.2069,2758.5172,3531.1870,3305.1619
2018-04-26,91,955.0000,1289.7302,1685.4747,2003.6788,2269.5644,2466.3526,2574.3968,2617.0000,2716.5902,3478.6936,3266.0000
2018-04-29,91,962.0000,1301.4251,1657.4603,1930.9194,2164.0859,2349.3204,2490.2398,2516.5907,2637.5139,3258.5396,3012.8265
2018-04-29,91,1027.0000,1317.3373,1637.4417,1891.6147,2124.9510,2325.2412,2456.0000,2497.3807,2605.1270,3219.1400,2990.0479
2018-05-04,91,1068.0000,1292.4364,1570.3400,1748.9947,2049.0000,2305.0000,2489.0636,2514.8151,2593.8693,2586.0574,2121.7891
2018-05-04,91,1100.0000,1302.6134,1586.4540,1764.9770,2052.0000,2329.1168,2515.0000,2538.2006,2618.1042,2586.0000,2117.5735
2018-05-06,91,1081.0000,1324.6085,1748.3784,2028.4733,2323.0016,2643.0000,2770.6920,2732.0000,2878.0630,3546.8543,3222.9374
2018-05-06,91,1030.0000,1372.1933,1827.7719,2163.1469,2470.1389,2748.4586,2853.6080,2820.2110,3010.0946,3638.0000,3292.3667
2018-05-09,91,1182.0000,1553.7131,1948.2523,2243.2473,2528.8174,2793.5160,2938.0000,2977.5246,3058.2489,3475.6741,3149.4079
2018-05-09,91,1165.0000,1502.3465,1914.3543,2194.6678,2497.5109,2773.6012,2917.7411,2949.0153,3026.0699,3448.7027,3123.0000
2018-05-11,91,-9999.0000,-9999.0000,-9999.0000,-9999.0000,-9999.0000,-9999.0000,-9999.0000,-9999.0000,-9999.0000,-9999.0000,-9999.0000
2018-05-11,91,-9999.0000,-9999.0000,-9999.0000,-9999.0000,-9999.0000,-9999.0000,-9999.0000,-9999.0000,-9999.0000,-9999.0000,-9999.0000
2018-05-16,91,-9999.0000,-9999.0000,-9999.0000,-9999.0000,-9999.0000,-9999.0000,-9999.0000,-9999.0000,-9999.0000,-9999.0000,-9999.0000
2018-05-16,91,-9999.0000,-9999.0000,-9999.0000,-9999.0000,-9999.0000,-9999.0000,-9999.0000,-9999.0000,-9999.0000,-9999.0000,-9999.0000
2018-05-19,91,898.0000,1363.9605,1907.3471,2253.2096,2596.1077,2948.6613,3096.0000,3156.1250,3234.4398,3910.7156,3543.4464
2018-05-19,91,1020.0000,1405.1074,1877.3512,2179.3930,2536.2768,2878.5030,3031.0000,3097.2857,3170.6698,3868.4374,3517.0000
2018-05-21,91,996.0000,1492.6493,1932.1956,2163.0000,2507.0547,2932.0000,3140.0000,3186.0988,3242.0048,3655.0000,3273.7759
2018-05-21,91,1086.0000,1483.2000,1908.5214,2155.6000,2492.4989,2914.0325,3113.0000,3170.9620,3196.0000,3638.0866,3222.0000
2018-05-24,91,1204.0000,1190.0000,1558.0000,1522.0000,1681.0000,2798.0000,3458.0000,3632.0000,3575.0000,2583.0000,1938.0000
2018-05-24,91,-9999.0000,-9999.0000,-9999.0000,-9999.0000,-9999.0000,-9999.0000,-9999.0000,-9999.0000,-9999.0000,-9999.0000,-9999.0000
2018-05-26,91,1064.0000,1387.1198,1915.8580,2083.4401,2514.2385,3381.6379,3588.4988,3605.3258,3739.7186,3937.9353,3334.6752
2018-05-26,91,946.0000,1290.8398,1826.5000,1998.0000,2421.9995,3255.0000,3473.6550,3493.4940,3620.9962,3850.8874,3291.9832
2018-05-31,91,1056.0000,1300.0000,1600.0000,1592.0000,2009.7801,3027.0000,3449.0000,3417.1238,3512.0000,3058.9171,2451.4461
2018-05-31,91,1088.0000,1292.8824,1604.7511,1581.9476,1997.6408,3014.5271,3441.5428,3416.9535,3513.0000,3029.6961,2410.0000
2018-06-03,91,684.0000,908.4869,1202.0000,1116.5899,1527.0000,2892.9841,3446.4525,3465.3148,3581.0000,2739.9162,1983.0000
2018-06-03,91,702.0000,927.0000,1214.0000,1120.9903,1543.0000,2915.0000,3482.5170,3480.4063,3614.0000,2741.0000,1990.0000
2018-06-05,91,680.0000,754.4910,1097.0000,977.7275,1462.6806,3286.0000,3842.0000,3827.7124,3990.0167,2724.3953,1780.2343
2018-06-05,91,648.0000,772.4749,1089.3610,977.6144,1445.3592,3201.9985,3740.0000,3730.0000,3868.9866,2677.6771,1754.0000
2018-06-10,91,455.0000,538.7863,790.6903,588.8474,1047.0000,2973.0000,3854.0000,3829.5000,3927.0000,2194.5205,1294.0000
2018-06-10,91,344.0000,506.6315,786.2493,613.3037,1048.0000,2882.4920,3721.0000,3705.0325,3817.0000,2139.0000,1286.5223
2018-06-13,91,239.0000,434.0740,692.4028,509.8249,920.0000,3077.0000,4253.0000,4240.0000,4387.6962,2020.9998,1123.7369
2018-06-13,91,448.0000,550.4415,742.3125,521.4792,932.6571,3053.0000,4205.0000,4211.0458,4340.0000,2011.7082,1117.6521
2018-06-15,91,262.3980,296.3887,590.3899,373.6100,842.5437,3708.2076,5052.0000,5124.0000,5212.0052,2244.0012,1147.6939
2018-06-15,91,298.0000,304.8170,589.7334,373.8898,832.0000,3669.4799,5021.0000,5081.9814,5140.7049,2212.5000,1132.9128
2018-06-18,91,-9999.0000,-9999.0000,-9999.0000,-9999.0000,-9999.0000,-9999.0000,-9999.0000,-9999.0000,-9999.0000,-9999.0000,-9999.0000
2018-06-18,91,-9999.0000,-9999.0000,-9999.0000,-9999.0000,-9999.0000,-9999.0000,-9999.0000,-9999.0000,-9999.0000,-9999.0000,-9999.0000
2018-06-20,91,292.0000,285.1524,493.8828,299.4442,700.9136,3074.0240,4715.0000,4714.5465,4811.7114,1962.9952,1010.2886
2018-06-20,91,156.0000,313.8701,545.4984,369.5926,748.1115,2936.0000,4424.9776,4473.6572,4551.0000,1922.4422,996.6874
2018-06-23,91,1.0000,134.6282,357.5554,213.7288,563.6505,2669.0652,4018.4941,4156.2763,4147.5748,1516.3045,724.2896
2018-06-23,91,196.0000,270.5321,433.0643,253.4859,593.5190,2627.0000,3931.5840,4086.0000,4082.0000,1508.2519,724.3508
2018-06-30,91,229.0000,296.3529,445.2248,265.4509,642.9827,2937.3188,4733.0000,4771.3381,4866.1460,1740.5287,819.4547
2018-06-30,91,286.0000,392.4971,525.7500,329.7342,684.3895,2836.0000,4510.0000,4561.3449,4664.7078,1715.0000,811.8981
2018-07-03,91,706.0000,812.2223,960.8315,780.6667,1103.0000,2509.7697,3634.0442,3602.0000,3810.0000,1658.5052,969.8996
2018-07-03,91,779.0000,862.3803,1001.9094,805.0000,1131.0000,2558.0000,3698.0000,3649.5254,3857.7656,1673.8802,973.1818
2018-07-05,91,373.0000,360.5047,532.7751,365.2086,731.4903,2961.9531,4498.0482,4537.8190,4782.0000,1707.5386,789.0436
2018-07-05,91,213.0000,288.4945,512.8693,372.4634,737.6481,2933.0000,4449.5806,4473.4001,4712.0000,1692.3193,784.7384
2018-07-08,91,152.0000,206.0000,344.7443,250.3120,493.2552,1890.0000,2854.0000,2857.1687,2972.9475,1017.4351,554.7028
2018-07-10,91,-9999.0000,-9999.0000,-9999.0000,-9999.0000,-9999.0000,-9999.0000,-9999.0000,-9999.0000,-9999.0000,-9999.0000,-9999.0000
2018-07-13,91,1.0000,134.4316,337.3133,221.2889,561.3857,2453.9580,3856.8272,3933.6102,4087.0000,1489.5000,698.3094
2018-07-13,91,237.0000,306.5060,438.3386,280.5410,605.5991,2402.2558,3718.4739,3804.6655,3957.0000,1482.6137,698.3946
2018-07-15,91,480.0000,384.2216,554.3366,366.2500,733.5219,2719.0000,3908.1423,3948.7073,4203.0000,1705.6227,815.0000
2018-07-15,91,405.0000,392.0000,550.2584,364.4244,730.2524,2707.0000,3892.0000,3917.2452,4184.9019,1697.3384,801.0000
2018-07-18,91,285.0000,310.4000,466.0000,325.5079,662.2590,2400.6741,3542.0000,3661.8094,3808.0000,1585.6702,781.4598
2018-07-18,91,332.0000,346.4387,487.0000,338.8998,681.2987,2393.0000,3530.0526,3641.1517,3806.0000,1587.0000,777.9280
2018-07-20,91,435.0000,514.6123,661.6712,473.9065,844.0000,2468.0061,3584.6994,3681.1960,3872.0000,1818.7733,917.8592
2018-07-20,91,256.0000,446.6307,641.7775,481.7762,849.3251,2442.6984,3570.0059,3620.0000,3829.1198,1801.7912,906.7621
2018-07-23,91,-9999.0000,-9999.0000,-9999.0000,-9999.0000,-9999.0000,-9999.0000,-9999.0000,-9999.0000,-9999.0000,-9999.0000,-9999.0000
2018-07-23,91,-9999.0000,-9999.0000,-9999.0000,-9999.0000,-9999.0000,-9999.0000,-9999.0000,-9999.0000,-9999.0000,-9999.0000,-9999.0000
2018-07-25,91,422.0000,492.5712,728.0000,589.8147,1019.0000,2514.5471,3238.0000,3346.9854,3566.0000,2066.4255,1171.9948
2018-07-25,91,353.0000,464.5573,726.8059,608.0000,1016.4512,2452.0000,3148.0000,3228.8361,3465.0000,2028.7010,1151.0000
2018-07-28,91,413.0000,507.0000,732.2837,661.4519,1086.3222,2244.0000,2838.1793,2909.0603,3202.0115,2084.7499,1222.3213
2018-07-28,91,411.0000,527.0000,761.0000,690.5005,1104.0000,2219.0000,2793.0804,2850.0000,3135.0000,2045.3418,1228.3137
2018-07-30,91,367.0000,548.2500,786.0000,785.3333,1254.0000,2283.0000,2876.4982,2964.2668,3252.7648,2488.0000,1534.0000
2018-07-30,91,300.0000,527.0000,788.3084,789.5000,1240.0000,2229.0000,2800.7946,2873.0969,3157.8234,2444.0000,1511.0000
2018-08-02,91,246.0000,544.4444,852.4607,970.1560,1447.0000,2132.8442,2610.3068,2697.1889,3046.0000,2502.5808,1563.0000
2018-08-02,91,388.0000,634.0000,900.4764,986.2761,1415.0000,2132.3619,2606.0000,2685.2000,3003.0000,2459.0000,1530.0000
2018-08-04,91,474.0000,628.4300,894.5000,1104.0000,1588.5112,2309.0000,2683.0000,2856.3837,3134.4930,2914.0000,1777.0000
2018-08-04,91,329.0000,554.3580,866.2495,1093.5888,1575.0000,2282.0000,2636.7550,2812.5737,3096.0000,2827.0000,1736.0689
2018-08-07,91,298.0000,499.0000,768.3455,1097.0825,1526.3094,1985.5133,2322.5388,2493.7243,2799.0000,2725.8671,1665.6536
2018-08-07,91,326.0000,512.0000,778.3923,1105.4956,1511.0000,1982.4862,2316.0000,2485.3463,2785.0000,2698.3681,1654.0000
2018-08-09,91,508.0000,705.0000,917.0000,1252.5896,1674.0000,2114.3112,2521.0000,2688.9636,2982.1975,3159.0000,2073.6425
2018-08-09,91,414.0000,664.0000,901.0000,1218.0000,1626.0000,2070.3482,2477.4406,2618.0000,2893.0000,3095.0000,2042.0000
2018-08-12,91,141.0000,434.0000,708.5244,1081.5283,1424.5715,1784.7382,2117.4001,2301.7507,2557.2555,2833.4522,1833.1649
2018-08-12,91,290.0000,514.0000,744.0000,1076.6205,1420.4519,1781.6210,2113.7639,2293.3559,2542.2774,2809.0000,1838.0000
2018-08-14,91,316.0000,511.0000,805.0000,1193.0573,1584.0000,2011.0143,2299.8535,2442.2353,2756.6695,3037.4932,1918.0000
2018-08-14,91,367.0000,543.0000,819.0000,1189.0422,1566.5079,1993.8965,2269.5183,2410.6147,2725.4935,2989.1359,1895.0000
2018-08-17,91,324.0000,445.0000,644.0000,840.5000,1092.0000,1373.4140,1540.2096,1618.5993,1778.3111,2281.6199,1597.7609
2018-08-17,91,372.0000,435.0000,651.0000,846.4279,1094.0000,1380.5956,1551.0000,1627.3942,1780.8964,2274.0000,1586.1450
2018-08-19,91,124.0000,488.0000,744.0000,1009.0000,1283.0000,1539.3227,1748.5147,1826.8940,1960.0000,2678.0000,2032.0000
2018-08-19,91,337.0000,590.0000,799.0000,996.4827,1260.0000,1552.8753,1746.0000,1820.5000,1964.7849,2599.0000,1977.0000
2018-08-22,91,237.0000,524.0000,723.0000,916.3703,1149.0000,1449.7140,1677.0414,1771.2281,1901.0000,2387.0000,1739.0000
2018-08-22,91,325.0000,581.0000,758.0000,922.5540,1161.0000,1467.0000,1690.9156,1787.9649,1907.8248,2371.0000,1734.1748
2018-08-24,91,-9999.0000,-9999.0000,-9999.0000,-9999.0000,-9999.0000,-9999.0000,-9999.0000,-9999.0000,-9999.0000,-9999.0000,-9999.0000
2018-08-24,91,-9999.0000,-9999.0000,-9999.0000,-9999.0000,-9999.0000,-9999.0000,-9999.0000,-9999.0000,-9999.0000,-9999.0000,-9999.0000
2018-08-27,91,368.0000,406.0000,528.0000,655.0000,842.0000,1120.0735,1273.7305,1381.9346,1453.6514,2026.5727,1473.9671
2018-08-27,91,400.0000,430.0000,542.0000,658.6844,850.0000,1124.4741,1276.0163,1379.4515,1462.0000,2014.4539,1466.0723
2018-08-29,91,613.0000,764.0000,877.0000,922.7377,1158.6111,1491.7951,1667.4328,1771.2900,1810.3337,2170.6289,1684.0000
2018-08-29,91,449.0000,695.0000,852.0000,921.0000,1144.0000,1469.4522,1668.4694,1754.2935,1793.0000,2131.0000,1656.7902
2018-09-01,91,503.0000,645.0000,734.9483,793.0000,1023.0000,1356.9172,1558.3034,1608.1626,1718.5779,2134.0000,1611.0000
2018-09-01,91,551.0000,696.0000,772.0758,807.0000,1028.0000,1379.8496,1595.8990,1620.6117,1736.1358,2116.4755,1600.4737
2018-09-03,91,803.0000,837.3735,990.0000,1026.0000,1285.0000,1756.0000,1964.0000,1907.0000,2155.4717,2364.0012,1768.5460
2018-09-03,91,-9999.0000,-9999.0000,-9999.0000,-9999.0000,-9999.0000,-9999.0000,-9999.0000,-9999.0000,-9999.0000,-9999.0000,-9999.0000
2018-09-06,91,122.0000,315.0000,518.4747,608.0000,834.3327,1176.7928,1347.0698,1336.8712,1497.3454,2025.5304,1561.5220
2018-09-06,91,557.0000,599.0000,688.0000,677.0000,900.9817,1276.3838,1442.5982,1402.5818,1546.6234,1979.0000,1536.0000
2018-09-08,91,38.0000,313.0000,484.4962,605.0000,814.6351,1100.0000,1272.0271,1363.9585,1405.2371,2132.4993,1729.4249
2018-09-08,91,145.0000,367.0000,516.1028,615.0000,822.0000,1107.2522,1286.2631,1365.3995,1415.9407,2090.9495,1693.3825
2018-09-16,91,71.0000,254.0000,420.0000,501.0000,670.3489,929.8556,1074.9380,1084.0020,1206.5770,1869.0000,1464.0029
2018-09-16,91,491.0000,465.0000,508.0000,518.0000,696.3934,966.0000,1073.6034,1105.5719,1202.3459,1862.4563,1452.0000
2018-09-18,91,602.0000,1097.1670,1449.7040,1938.7511,2357.5860,2607.0000,2886.0000,2952.5998,3201.8200,4187.7063,3123.5089
2018-09-18,91,707.0000,1108.6693,1422.0000,1848.0000,2271.0000,2513.0000,2794.5435,2856.8488,3084.5000,4083.2027,3034.5191
2018-09-21,91,729.0000,1000.9393,1257.4003,1650.3525,1961.9895,2176.0000,2414.5103,2523.3894,2718.5221,3803.3638,2915.6494
2018-09-21,91,655.0000,966.4682,1249.4868,1643.8585,1951.0000,2166.6662,2395.0000,2514.3821,2701.0592,3779.8420,2898.9282
2018-09-23,91,-9999.0000,-9999.0000,-9999.0000,-9999.0000,-9999.0000,-9999.0000,-9999.0000,-9999.0000,-9999.0000,-9999.0000,-9999.0000
2018-09-23,91,-9999.0000,-9999.0000,-9999.0000,-9999.0000,-9999.0000,-9999.0000,-9999.0000,-9999.0000,-9999.0000,-9999.0000,-9999.0000
2018-09-26,91,801.0000,1024.2167,1296.2929,1708.0605,1965.9946,2161.7267,2341.9475,2612.9950,2639.0000,3635.1693,2803.8862
2018-09-26,91,851.0000,1048.6521,1308.0509,1707.6889,1957.3054,2158.0000,2341.3194,2601.0347,2628.5510,3627.0575,2803.5181
2018-09-28,91,614.0000,1028.6725,1356.8559,1832.7791,2141.7241,2294.0369,2508.9787,2714.9005,2821.5086,4052.6057,3225.0000
2018-09-28,91,776.0000,1089.2729,1361.2688,1803.1602,2105.4899,2257.3490,2477.9333,2665.4167,2781.1423,3988.0488,3189.1444
2018-10-03,91,606.0000,961.4227,1345.0861,1850.6411,2164.2310,2369.9313,2541.9234,2736.0000,2881.8239,3954.2709,3035.0754
2018-10-03,91,898.0000,1093.2697,1389.5193,1851.3485,2157.8215,2356.0000,2525.4778,2721.4836,2853.0567,3915.1827,3002.3155
2018-10-08,91,1075.0000,1432.0000,1748.0000,2008.0000,2382.0000,2686.0000,2951.0000,3068.0000,3206.0000,3635.0000,3024.0000
2018-10-08,91,1260.0000,1522.0000,1764.0000,1932.0065,2287.0000,2572.0000,2820.0000,2924.0000,3050.0000,3455.0000,2936.5833
2018-10-11,91,622.3924,921.9464,1169.0282,1498.2423,1742.6676,1934.0000,2096.8268,2204.2192,2325.1899,3418.2288,2859.5839
2018-10-11,91,599.0000,917.1693,1169.4327,1521.7284,1761.5305,1949.5718,2125.0000,2235.3566,2346.3438,3460.2175,2883.9257
2018-10-11,91,638.1670,933.9525,1177.2857,1506.3028,1749.0000,1943.0000,2104.0000,2205.6526,2329.4978,3428.8210,2868.9242
2018-10-11,91,706.0000,985.1120,1208.6196,1515.2499,1761.5767,1958.5656,2125.0000,2234.3563,2344.7635,3445.2148,2891.0000
2018-10-13,91,766.1369,969.4627,1237.2050,1587.7743,1861.0000,2097.0000,2225.0531,2380.3857,2481.0862,3617.8120,2914.8722
2018-10-13,91,689.0000,929.1920,1221.2249,1603.7676,1878.0000,2093.6462,2241.5000,2392.0000,2507.0000,3645.0649,2892.1998
2018-10-18,91,633.0000,858.0000,1076.0000,1320.0000,1504.9414,1575.0000,1701.0000,1683.5517,1771.0000,2463.0000,2156.0000
2018-10-18,91,710.0000,897.0000,1090.0000,1302.0000,1483.0000,1553.5043,1676.0000,1666.7158,1738.6561,2410.0000,2118.0000
2018-10-21,91,938.0000,1136.0000,1294.0000,1437.5869,1637.2453,1754.0000,1867.4794,1908.5310,1970.7150,2825.1137,2728.7605
2018-10-21,91,969.0000,1160.0000,1308.0000,1424.5674,1641.7747,1770.9735,1884.9542,1914.3726,1988.5048,2822.0000,2731.5626
2018-10-23,91,783.0000,1067.6783,1459.6799,1794.6543,1980.7986,2153.7635,2260.6056,2365.0975,2384.4627,3171.1328,2796.0000
2018-10-23,91,933.0000,1128.6991,1450.1966,1714.3333,1885.4885,2076.7519,2164.0000,2270.0000,2297.7850,3062.0000,2730.7437
2018-10-31,91,451.0000,720.3816,1004.6091,1256.8183,1442.1128,1589.0000,1705.0962,1768.8000,1816.4758,2382.0000,2037.8693
2018-10-31,91,510.0000,752.4532,1020.7442,1256.0000,1442.4168,1609.5518,1724.4968,1769.6038,1835.0000,2395.0000,2026.9833
2018-11-05,91,-9999.0000,-9999.0000,-9999.0000,-9999.0000,-9999.0000,-9999.0000,-9999.0000,-9999.0000,-9999.0000,-9999.0000,-9999.0000
2018-11-05,91,-9999.0000,-9999.0000,-9999.0000,-9999.0000,-9999.0000,-9999.0000,-9999.0000,-9999.0000,-9999.0000,-9999.0000,-9999.0000
2018-11-12,91,907.0000,1021.4941,1261.3289,1332.7500,1652.3712,1901.0000,1972.6720,1896.0000,2077.0000,2462.0000,2018.0000
2018-11-12,91,983.0000,1100.0000,1369.0800,1472.0000,1765.0000,1966.0000,2043.0543,2027.0000,2139.0000,2666.3232,2186.0000
2018-11-15,91,708.0000,994.6217,1363.5179,1547.2217,1766.0000,1914.0483,2012.9964,2125.9614,2155.4667,2706.1962,2333.6433
2018-11-15,91,724.0000,1021.9140,1368.9267,1555.3878,1762.3334,1921.4394,2021.7862,2126.0000,2106.9079,2692.0000,2338.0652
2018-11-17,91,631.0000,1257.5000,1682.4417,2033.3726,2288.0000,2469.0000,2573.0000,2778.6919,2689.6427,3462.0000,3258.6967
2018-11-17,91,865.0000,1324.3793,1649.4721,1898.7203,2124.0000,2294.0000,2381.6872,2586.8116,2499.0000,3262.0886,3169.1750
2018-12-05,91,-9999.0000,-9999.0000,-9999.0000,-9999.0000,-9999.0000,-9999.0000,-9999.0000,-9999.0000,-9999.0000,-9999.0000,-9999.0000
2018-12-07,91,799.0000,1162.0000,1396.2432,1550.0000,1784.0000,1917.0000,2031.0000,2113.7843,2145.5060,2438.0000,2029.0000
2018-12-12,91,301.0000,550.6939,913.7329,1178.0000,1397.9852,1581.2578,1688.4525,1865.3976,1801.0000,2250.0000,1733.0000
2018-12-12,91,465.0000,648.3707,945.2379,1172.7919,1375.0000,1551.0000,1641.1752,1829.3333,1754.1099,2179.0000,1688.4776
2018-12-15,91,536.0000,765.7743,1029.0075,1268.9880,1471.0000,1657.0501,1734.2087,1941.4178,1869.4448,2471.0000,2053.3168
2018-12-15,91,465.0000,721.7522,1003.2277,1251.0687,1468.0000,1657.5220,1732.3539,1952.0000,1868.0000,2479.0000,2049.5928
2018-12-27,91,1336.0000,1516.0000,1672.7308,1868.2382,2126.0000,2351.0000,2519.0000,2714.0000,2654.0000,3259.0000,2788.0000
2018-12-30,91,402.0000,645.6618,825.2037,1009.6627,1224.4711,1362.0000,1475.0000,1579.8715,1553.0000,1832.0000,1507.0000
2018-12-30,91,441.0000,673.2508,838.4195,1013.5623,1240.5281,1365.7152,1464.0000,1579.6101,1577.6422,1820.0000,1521.0000
2019-01-01,91,927.0000,1074.0000,1414.0000,1652.0000,1907.0000,2110.0000,2290.0000,2332.0000,2497.0000,3007.0000,2646.0000
2019-01-04,91,-9999.0000,-9999.0000,-9999.0000,-9999.0000,-9999.0000,-9999.0000,-9999.0000,-9999.0000,-9999.0000,-9999.0000,-9999.0000
2019-01-04,91,-9999.0000,-9999.0000,-9999.0000,-9999.0000,-9999.0000,-9999.0000,-9999.0000,-9999.0000,-9999.0000,-9999.0000,-9999.0000
2019-01-06,91,570.0000,943.0000,1232.7854,1466.0000,1672.0000,1800.0000,1885.0000,2104.0000,2026.3548,2744.0000,2552.0000
2019-01-06,91,667.0000,981.9949,1217.5000,1432.7354,1638.4498,1764.0000,1841.3892,2050.0000,1974.0000,2656.0000,2494.0000
2019-01-11,91,642.0000,938.2531,1273.6500,1636.8435,1885.2050,2060.0000,2169.0000,2332.0000,2310.5566,3081.3864,2794.0000
2019-01-11,91,791.0000,1005.0507,1289.3200,1594.0000,1830.0000,1994.0000,2088.0000,2256.0000,2208.0000,2980.0000,2742.3583
2019-01-14,91,687.0000,912.3455,1177.1714,1433.0787,1608.9048,1745.5776,1822.0000,1997.0000,1960.0000,2684.0000,2390.0000
2019-01-14,91,648.0000,886.6847,1157.4457,1433.7720,1627.0000,1754.5072,1844.6403,2014.0000,1966.0000,2697.5195,2434.0000
2019-01-16,91,683.0000,1094.0000,1398.0000,1659.8830,1890.0164,2013.1451,2113.0283,2300.2414,2234.1983,3072.0000,2889.5163
2019-01-16,91,617.0000,1041.6111,1368.6480,1654.0000,1873.0000,1996.0000,2125.9839,2308.5769,2241.0579,3077.9634,2874.3768
2019-01-21,91,-9999.0000,-9999.0000,-9999.0000,-9999.0000,-9999.0000,-9999.0000,-9999.0000,-9999.0000,-9999.0000,-9999.0000,-9999.0000
2019-01-24,91,727.0000,907.0000,1170.0000,1477.0879,1693.0000,1821.5440,1937.4937,2068.8226,2056.0000,2496.0000,2043.0000
2019-01-24,91,757.0000,926.5723,1180.0000,1466.0000,1678.0000,1825.0000,1919.0000,2052.0000,2047.0000,2493.0000,2012.0000
2019-01-29,91,-9999.0000,-9999.0000,-9999.0000,-9999.0000,-9999.0000,-9999.0000,-9999.0000,-9999.0000,-9999.0000,-9999.0000,-9999.0000
2019-01-29,91,671.0000,998.3986,1232.4662,1469.4308,1692.0000,1840.0000,1950.0000,2115.9421,2053.0000,1989.6165,1638.0000
2019-01-31,91,767.0000,1110.0000,1457.7143,1850.2230,2109.0000,2253.9407,2332.7096,2509.0000,2507.0000,3285.8933,2968.1005
2019-01-31,91,772.0000,1089.7371,1466.0000,1852.3750,2105.8903,2257.4997,2350.0000,2474.5387,2499.8236,3252.7724,2979.3924
2019-02-03,91,-9999.0000,-9999.0000,-9999.0000,-9999.0000,-9999.0000,-9999.0000,-9999.0000,-9999.0000,-9999.0000,-9999.0000,-9999.0000
2019-02-05,91,307.0000,717.7660,1092.9721,1476.4899,1706.3542,1864.0000,1981.3136,2180.7349,2110.0000,2612.7481,2101.3689
2019-02-05,91,428.0000,786.0000,1117.1422,1466.0000,1663.0000,1837.5815,1942.0000,2128.0000,2065.0000,2554.4842,2062.0000
2019-02-08,91,544.0971,896.1115,1234.0000,1578.8958,1786.0000,1940.3637,2053.5234,2233.4607,2182.0226,2856.5000,2667.9335
2019-02-08,91,638.0000,957.2500,1245.5492,1554.6579,1775.0000,1913.0000,2030.0000,2188.0000,2150.0000,2805.2221,2660.5119
2019-02-13,91,332.8756,645.9827,1064.0000,1426.0000,1640.0000,1828.9929,1926.0000,2040.0000,2069.2088,2748.0000,2266.2358
2019-02-13,91,487.0000,738.0923,1110.0000,1416.5136,1630.0000,1801.0000,1882.1855,2020.0000,2021.0000,2702.2074,2271.0000
2019-02-15,91,635.0000,1058.0000,1474.0000,1816.0000,2069.4825,2222.0000,2352.0000,2593.9639,2509.7019,3355.1781,3021.7469
2019-02-15,91,702.0000,1092.4708,1446.0000,1762.9759,2001.3964,2164.5275,2290.6071,2525.3863,2450.1755,3241.0000,2986.0000
2019-02-18,91,-9999.0000,-9999.0000,-9999.0000,-9999.0000,-9999.0000,-9999.0000,-9999.0000,-9999.0000,-9999.0000,-9999.0000,-9999.0000
2019-02-18,91,-9999.0000,-9999.0000,-9999.0000,-9999.0000,-9999.0000,-9999.0000,-9999.0000,-9999.0000,-9999.0000,-9999.0000,-9999.0000
2019-02-23,91,613.0000,1048.5215,1434.7386,1715.0945,1841.0000,1997.4797,2092.7013,2259.6645,2238.4514,2689.8782,2486.0000
2019-02-23,91,604.0000,1049.2674,1449.5654,1722.3349,1851.0000,2044.0000,2150.0000,2272.0078,2259.0000,2707.0000,2498.0000
2019-02-25,91,842.0000,1458.6913,1865.9631,2267.2658,2511.0000,2671.0000,2797.0000,2947.8750,2880.0000,3830.0000,3801.5067
2019-02-25,91,954.0000,1460.0000,1851.0038,2202.9001,2437.0000,2620.0000,2706.8700,2867.0000,2828.8920,3755.2032,3713.0000
2019-02-28,91,711.0000,1338.9613,1779.0000,2160.0000,2339.0000,2510.0000,2622.5223,2803.7991,2724.0000,3594.2902,3483.0000
2019-02-28,91,758.0000,1362.4812,1813.2725,2188.5459,2362.5054,2528.0845,2635.4998,2834.0000,2765.0000,3580.3000,3520.0000
2019-03-02,91,1083.0000,1369.0268,1726.0000,2027.4312,2307.0249,2540.7708,2642.0000,2789.0372,2791.0000,3505.4828,3249.0000
2019-03-02,91,1184.0000,1396.1579,1692.7813,1953.2514,2213.4998,2452.1686,2554.0000,2674.0000,2692.0000,3405.1905,3186.0000
2019-03-05,91,-9999.0000,-9999.0000,-9999.0000,-9999.0000,-9999.0000,-9999.0000,-9999.0000,-9999.0000,-9999.0000,-9999.0000,-9999.0000
2019-03-05,91,-9999.0000,-9999.0000,-9999.0000,-9999.0000,-9999.0000,-9999.0000,-9999.0000,-9999.0000,-9999.0000,-9999.0000,-9999.0000
2019-03-12,91,805.0000,1324.0000,1787.0423,2178.4000,2377.4875,2630.0000,2756.1764,2985.4066,2868.0000,3627.0000,3347.4010
2019-03-12,91,801.0000,1336.4653,1794.7184,2179.5170,2387.5920,2623.0000,2769.1451,2980.0000,2892.0000,3580.2766,3299.8596
2019-03-15,91,802.0000,1211.3151,1603.1556,1938.8784,2180.0000,2428.0000,2547.6203,2653.7240,2672.0000,3393.0000,3140.0000
2019-03-15,91,803.0000,1235.4801,1634.9607,1969.3333,2209.0000,2464.3032,2564.5573,2706.0000,2694.0000,3411.0000,3155.5929
2019-03-20,91,876.0000,1547.2763,2003.4693,2409.1449,2715.3206,2938.0000,3077.0000,3343.0000,3218.4044,3941.1443,3880.4997
2019-03-20,91,947.0000,1579.3626,2013.8659,2411.0782,2692.0000,2920.0000,3041.9542,3353.4732,3186.5379,3956.0000,3891.5017
2019-03-22,91,1063.0000,1762.5646,2330.0000,2789.2112,2981.5187,3242.9789,3353.6336,3603.8279,3475.5868,4218.0000,3928.0000
2019-03-22,91,1087.0000,1754.3484,2292.0000,2732.0000,2931.7991,3173.0000,3286.0129,3528.7540,3413.4247,4177.0000,3900.6048
2019-03-25,91,1156.0000,1572.0000,1938.6236,2258.0000,2529.0027,2797.7177,2932.6914,3060.8442,3068.6978,3851.0077,3616.0000
2019-03-25,91,1131.0000,1624.9921,2011.3641,2347.4975,2631.0000,2885.7319,3022.0000,3165.2230,3165.5504,3874.3408,3644.0000
2019-03-27,91,-9999.0000,-9999.0000,-9999.0000,-9999.0000,-9999.0000,-9999.0000,-9999.0000,-9999.0000,-9999.0000,-9999.0000,-9999.0000
2019-03-27,91,-9999.0000,-9999.0000,-9999.0000,-9999.0000,-9999.0000,-9999.0000,-9999.0000,-9999.0000,-9999.0000,-9999.0000,-9999.0000
2019-03-30,91,846.0000,1356.0000,1649.1626,1893.9275,2173.5880,2429.1920,2560.8062,2753.3804,2661.9618,2938.7136,2827.0000
2019-03-30,91,920.0000,1368.5225,1658.0000,1890.0000,2157.3601,2426.5376,2546.1521,2741.1560,2634.0000,2922.6067,2815.0000
2019-04-01,91,1082.0000,1635.2500,2145.9895,2503.8920,2788.5683,3177.6839,3313.9436,3497.3333,3425.0000,4068.0000,3738.0000
2019-04-01,91,1064.0000,1618.5460,2075.9421,2446.0000,2754.0000,3113.0000,3253.0000,3417.1972,3384.4252,3995.0158,3702.0047
2019-04-06,91,654.0000,880.7846,1144.7629,1282.4420,1554.0000,1899.4728,2049.4528,2109.0184,2115.0688,2076.6055,1610.4119
2019-04-06,91,645.0000,886.0000,1156.9976,1300.6238,1558.0000,1923.5072,2077.0745,2114.1490,2137.1271,2056.5443,1593.0000
2019-04-16,91,918.0000,1484.5876,1955.0204,2234.9676,2625.5007,3217.0318,3457.0247,3633.2649,3544.3684,3809.9050,3467.5146
2019-04-16,91,938.0000,1435.4491,1856.0000,2130.7471,2519.0000,3100.0000,3315.0000,3504.8283,3421.3629,3717.3548,3399.4859
2019-04-19,91,814.0000,1362.2035,1820.0000,2053.6217,2466.1459,3061.8758,3261.0000,3467.6628,3360.9254,3522.5383,3270.9927
2019-04-19,91,814.0000,1356.7469,1781.4916,2017.8665,2418.2707,3010.0000,3234.3999,3418.0000,3324.4489,3514.0892,3274.1427
2019-04-21,91,1507.0000,1938.0000,2308.0000,2409.0000,2859.5203,3536.0000,3737.7276,3948.6497,3877.3864,3493.5642,2995.4726
2019-04-21,91,1490.0000,1864.0000,2210.0000,2289.3333,2716.9862,3372.6309,3589.4830,3785.6052,3709.4970,3405.0254,2961.6538
2019-04-24,91,-9999.0000,-9999.0000,-9999.0000,-9999.0000,-9999.0000,-9999.0000,-9999.0000,-9999.0000,-9999.0000,-9999.0000,-9999.0000
2019-05-01,91,636.0000,829.0000,1205.4710,1262.0000,1731.0000,2540.0000,2737.0000,2802.8586,2842.0000,2453.5486,1758.7846
2019-05-01,91,672.0000,849.0879,1197.0387,1250.6735,1708.1337,2515.0000,2694.0000,2753.6346,2801.0000,2406.4566,1748.5000
2019-05-06,91,1032.0000,1168.6180,1516.7715,1522.5435,2109.2504,3015.0000,3290.9900,3517.5692,3429.3365,2508.7677,1686.0000
2019-05-06,91,1035.0000,1201.1651,1528.4000,1523.2095,2094.6538,2989.0000,3290.0000,3482.3616,3388.4022,2501.2338,1685.0592
2019-05-09,91,-9999.0000,-9999.0000,-9999.0000,-9999.0000,-9999.0000,-9999.0000,-9999.0000,-9999.0000,-9999.0000,-9999.0000,-9999.0000
2019-05-16,91,-9999.0000,-9999.0000,-9999.0000,-9999.0000,-9999.0000,-9999.0000,-9999.0000,-9999.0000,-9999.0000,-9999.0000,-9999.0000
2019-05-16,91,-9999.0000,-9999.0000,-9999.0000,-9999.0000,-9999.0000,-9999.0000,-9999.0000,-9999.0000,-9999.0000,-9999.0000,-9999.0000
2019-05-24,91,448.0000,701.0585,1123.2072,1226.3077,1772.0664,2563.0000,2797.0000,2862.0000,2949.9297,2509.4360,1838.0000
2019-05-24,91,575.0000,774.2984,1128.7704,1203.5816,1734.3566,2482.0000,2687.0000,2787.7027,2859.5185,2478.0000,1801.0000
2019-05-26,91,814.0000,1077.5882,1436.7328,1483.0897,2061.9806,2889.0000,3148.2864,3333.3725,3299.8981,2773.1085,2139.0000
2019-05-31,91,415.0000,648.0000,1105.3254,1179.9762,1829.5808,2749.0000,2965.0362,2983.9600,3107.3799,2489.0000,1595.0000
2019-05-31,91,544.0000,714.2077,1109.5779,1171.0000,1742.0000,2655.0000,2834.3248,2872.1194,3011.0000,2438.0953,1577.3794
2019-06-03,91,566.0000,777.0000,1164.2077,1251.3597,1827.5010,2672.0000,2900.6193,2948.6788,3065.4604,2571.0000,1794.0000
2019-06-03,91,653.0000,833.3333,1184.6667,1235.0000,1757.9557,2590.0000,2809.0000,2882.7317,2985.0000,2523.0000,1781.0000
2019-06-05,91,-9999.0000,-9999.0000,-9999.0000,-9999.0000,-9999.0000,-9999.0000,-9999.0000,-9999.0000,-9999.0000,-9999.0000,-9999.0000
2019-06-05,91,-9999.0000,-9999.0000,-9999.0000,-9999.0000,-9999.0000,-9999.0000,-9999.0000,-9999.0000,-9999.0000,-9999.0000,-9999.0000
2019-06-13,91,955.0000,1365.0133,1756.0513,2123.5428,2429.6889,2647.0000,2796.3151,2844.7741,2990.0000,3657.7869,3356.0000
2019-06-13,91,1003.0000,1372.9576,1757.1068,2122.1702,2411.0000,2643.0000,2785.0000,2856.8246,2984.0000,3680.6387,3372.3119
2019-06-15,91,-9999.0000,-9999.0000,-9999.0000,-9999.0000,-9999.0000,-9999.0000,-9999.0000,-9999.0000,-9999.0000,-9999.0000,-9999.0000
2019-06-15,91,-9999.0000,-9999.0000,-9999.0000,-9999.0000,-9999.0000,-9999.0000,-9999.0000,-9999.0000,-9999.0000,-9999.0000,-9999.0000
2019-06-18,91,942.0000,1490.1619,1898.4547,2306.4498,2581.2042,2712.0000,2921.0422,2950.7478,3093.3513,3931.3157,3740.5211
2019-06-18,91,983.0000,1434.5563,1819.2523,2187.7304,2460.0000,2620.0000,2836.9115,2868.0000,3008.0000,3856.0000,3704.4650
2019-06-20,91,1184.0000,1544.4396,1938.1448,2322.0263,2658.0000,2889.9316,3056.0000,3073.2641,3288.6715,4116.9150,3703.0246
2019-06-20,91,1208.0000,1537.7746,1925.1371,2291.0413,2629.7433,2862.2844,3037.0000,3033.9472,3253.7326,4092.0088,3681.4869
2019-06-23,91,697.0000,968.5000,1372.5201,1707.1822,2009.0000,2274.1761,2433.2433,2434.2000,2605.7786,3315.5745,2858.5034
2019-06-23,91,685.0000,977.0551,1400.9697,1760.9248,2065.3251,2319.0000,2480.4330,2474.0000,2652.0000,3355.6508,2883.8337
2019-06-25,91,990.0000,1400.7990,1798.0000,2124.1830,2473.5847,2766.0000,2993.5863,2973.5243,3136.0000,4115.5220,3866.3327
2019-06-25,91,1046.0000,1389.3143,1749.3315,2049.9679,2400.9495,2699.0000,2933.9414,2900.8969,3066.7020,4043.9472,3834.4689
2019-06-28,91,830.0000,1312.4282,1758.0000,2059.5419,2379.1275,2713.6112,2921.2936,2933.5902,3061.1505,3836.1410,3608.7240
2019-06-28,91,914.0000,1294.0000,1692.5929,1962.8142,2283.0000,2626.1343,2841.7160,2845.0612,2970.3309,3763.7741,3562.0102
2019-06-30,91,1023.0000,1426.5430,1915.8937,2202.6187,2579.8888,3059.0000,3203.4890,3292.9954,3366.7313,4036.4006,3547.5466
2019-06-30,91,1039.0000,1417.5434,1908.0358,2179.2434,2559.0000,3026.8664,3189.0000,3270.0000,3336.0000,4012.7933,3530.6629
2019-07-03,91,786.0000,1208.8967,1698.7064,1908.5248,2365.7436,2970.3137,3166.0437,3129.8176,3338.0000,3737.9250,3149.0000
2019-07-03,91,901.0000,1184.4926,1604.4634,1763.3045,2198.0075,2775.0000,2981.6633,2944.6176,3150.5039,3609.3999,3088.0000
2019-07-05,91,934.0000,1284.3193,1748.7699,1875.7081,2409.0000,3077.3671,3342.0000,3386.4575,3487.0000,3930.6381,3401.1857
2019-07-05,91,927.0000,1284.8629,1720.9296,1852.4941,2379.0000,3029.7857,3287.0000,3339.8472,3436.0000,3910.0423,3403.9913
2019-07-08,91,1188.0000,1466.0000,1809.1393,1877.1744,2348.3077,2974.0000,3229.0000,3240.7704,3361.7979,3335.0000,2825.0000
2019-07-10,91,932.0000,1245.2620,1731.2666,1906.6094,2493.2791,3296.0000,3497.0309,3595.8635,3662.0000,3898.3798,3201.4504
2019-07-10,91,962.0000,1238.0000,1689.0000,1841.9302,2388.4559,3181.0000,3381.5179,3492.7143,3566.0000,3831.0000,3177.5505
2019-07-13,91,869.0000,1092.0000,1477.1987,1619.3117,2156.8294,3006.0000,3269.9751,3296.6466,3460.6746,3562.6989,2847.0000
2019-07-13,91,976.0000,1126.0000,1448.8710,1547.2019,2034.0000,2865.3069,3109.3511,3152.9506,3317.3254,3455.0000,2789.3477
2019-07-20,91,724.0000,827.0000,1180.0000,1171.5083,1753.0000,3197.0000,3478.0000,3550.0000,3689.0000,3341.5722,2409.0000
2019-07-20,91,793.0000,849.0000,1193.9807,1154.2939,1727.0000,3132.0759,3436.5987,3435.0272,3603.0000,3334.0000,2415.0000
2019-07-23,91,490.0000,590.0974,905.5221,872.6117,1410.0000,2928.0000,3336.0000,3316.6667,3551.0000,2907.3553,2021.0000
2019-07-23,91,594.0000,645.5010,928.4070,876.3126,1390.0000,2866.6511,3275.0000,3242.0000,3469.4049,2883.0000,2019.5800
2019-07-25,91,699.0000,794.2471,1021.4036,924.2129,1420.0000,3036.0000,3631.0000,3570.0000,3805.0586,3085.7006,2121.0000
2019-07-25,91,716.0000,798.5000,1028.9922,926.7343,1417.0000,3070.3002,3643.0000,3585.0000,3811.0000,3090.0000,2121.6311
2019-07-30,91,388.0000,385.5386,698.1429,572.0000,1158.5422,3436.5155,3991.1285,3850.9286,4195.0000,2794.5475,1723.8509
2019-07-30,91,543.0000,533.0000,788.3756,635.4017,1153.4904,3168.0000,3712.0000,3607.6515,3924.3478,2756.0000,1727.0000
2019-08-04,91,335.0000,425.3517,673.0874,531.7349,1044.0000,3097.0000,3843.5871,3862.7818,3999.0000,2628.0000,1607.0000
2019-08-04,91,504.0000,565.2239,749.9543,593.7004,1053.0681,2902.0000,3622.0000,3638.0021,3770.1002,2579.0000,1587.8344
2019-08-09,91,309.0000,298.1557,572.2178,341.2560,982.4197,3679.0000,4391.3862,4355.2242,4643.0000,2493.4170,1258.3472
2019-08-09,91,404.0000,392.7794,624.3369,389.5631,994.5845,3488.0000,4290.3122,4244.6412,4463.0000,2457.7709,1265.8214
2019-08-12,91,-9999.0000,-9999.0000,-9999.0000,-9999.0000,-9999.0000,-9999.0000,-9999.0000,-9999.0000,-9999.0000,-9999.0000,-9999.0000
2019-08-14,91,279.0000,344.6270,521.5530,324.6564,825.9759,3251.0906,4293.0000,4341.2252,4459.0000,2230.0000,1154.6091
2019-08-14,91,338.0000,400.7917,560.9212,360.7162,843.0000,3198.4206,4179.0000,4263.0787,4386.3277,2232.5327,1153.7632
2019-08-17,91,169.0000,268.4028,461.6848,292.6712,769.4144,3053.7278,4053.7777,4116.0000,4232.7406,1994.5051,1044.8505
2019-08-17,91,253.0000,328.8076,505.2471,325.3226,777.0000,2974.1757,3946.9538,4040.8476,4154.9852,1977.6074,1037.4487
2019-08-19,91,373.0000,453.7528,701.6635,514.2819,1053.7965,3293.0402,4179.4380,4176.6629,4376.4585,2243.0000,1230.8345
2019-08-19,91,553.0000,588.7385,784.7363,585.7102,1081.7358,3136.0000,3890.8958,3915.0000,4121.0000,2197.3720,1225.3552
2019-08-24,91,1265.0000,1128.0000,1228.0000,971.0000,1415.0000,3228.0000,4229.0000,4196.0000,4469.0000,2552.0000,1456.0000
2019-08-24,91,1281.0000,1152.0000,1318.0000,1025.0000,1582.0000,3343.0000,4251.1460,4241.1492,4494.6389,2726.0764,1629.1755
2019-08-27,91,397.0000,512.6056,711.0000,509.0714,1014.0000,2730.0773,3460.0000,3473.3651,3676.1651,2114.0297,1245.3813
2019-08-27,91,443.0000,542.2071,722.4676,513.3163,1002.0000,2739.0000,3514.4693,3474.2704,3711.0000,2100.5832,1251.7820
2019-08-29,91,638.0000,676.8087,913.0000,681.2827,1272.0000,3063.0000,3618.0000,3627.0628,3913.3503,2403.0000,1369.5126
2019-08-29,91,430.0000,520.0556,833.0000,604.5000,1247.0000,3282.4755,3897.0000,3891.0137,4205.5509,2478.7323,1416.9639
2019-09-01,91,499.0000,616.3787,918.7692,773.3129,1431.0000,2794.0000,3227.4189,3263.0000,3544.4534,2512.7052,1524.0000
2019-09-01,91,526.0000,628.7242,936.2761,777.9905,1449.6038,2832.0000,3305.0000,3267.8277,3616.0000,2500.6103,1518.0000
2019-09-03,91,301.0000,497.0000,842.2693,741.8320,1415.0000,2699.0000,3178.0000,3320.0000,3494.0000,2541.0000,1626.1476
2019-09-03,91,387.0000,552.4544,868.3288,749.5290,1365.6689,2670.0000,3095.0000,3252.0000,3407.0000,2520.0000,1632.0000
2019-09-11,91,395.0000,502.0000,758.2605,785.6667,1222.0000,1891.0000,2124.0000,2263.8935,2363.0000,2259.0000,1579.6482
2019-09-11,91,429.0000,520.5306,766.7330,793.1388,1233.0000,1949.9051,2168.0000,2248.4281,2433.4695,2269.0000,1570.0000
2019-09-13,91,313.0000,542.5645,825.0803,908.2731,1359.0000,2004.2339,2334.6861,2410.4570,2504.0000,2573.5000,1899.6884
2019-09-13,91,398.0000,568.0000,838.3284,915.0000,1344.0000,2032.4867,2334.0000,2358.2438,2578.7545,2569.0000,1896.0000
2019-09-16,91,387.0000,580.3333,836.5000,881.0000,1304.0000,1931.0000,2200.0589,2183.6789,2371.0000,2322.0000,1839.0000
2019-09-16,91,445.0000,598.6986,849.0000,886.1981,1300.6870,1923.9377,2186.0000,2181.1179,2373.4021,2322.4778,1804.6865
2019-09-18,91,-9999.0000,-9999.0000,-9999.0000,-9999.0000,-9999.0000,-9999.0000,-9999.0000,-9999.0000,-9999.0000,-9999.0000,-9999.0000
2019-09-18,91,-9999.0000,-9999.0000,-9999.0000,-9999.0000,-9999.0000,-9999.0000,-9999.0000,-9999.0000,-9999.0000,-9999.0000,-9999.0000
2019-09-21,91,294.0000,488.2725,796.4688,925.0970,1337.7400,1853.0000,2063.0000,2201.3960,2292.6691,2405.0000,1813.0000
2019-09-21,91,394.0000,538.6393,821.0000,934.2339,1326.0000,1865.8005,2061.0000,2188.0000,2283.5243,2407.0000,1805.0000
2019-09-28,91,1275.0000,1194.0000,1318.0000,1236.0000,1605.9457,2058.9327,2197.5201,2156.4113,2370.9060,2321.1188,1714.0950
2019-09-28,91,1239.0000,1160.0000,1296.0000,1218.0000,1536.4593,1996.8288,2153.8682,2122.8944,2337.2166,2295.0000,1652.0000
2019-10-01,91,-9999.0000,-9999.0000,-9999.0000,-9999.0000,-9999.0000,-9999.0000,-9999.0000,-9999.0000,-9999.0000,-9999.0000,-9999.0000
2019-10-01,91,-9999.0000,-9999.0000,-9999.0000,-9999.0000,-9999.0000,-9999.0000,-9999.0000,-9999.0000,-9999.0000,-9999.0000,-9999.0000
2019-10-08,91,-9999.0000,-9999.0000,-9999.0000,-9999.0000,-9999.0000,-9999.0000,-9999.0000,-9999.0000,-9999.0000,-9999.0000,-9999.0000
2019-10-08,91,-9999.0000,-9999.0000,-9999.0000,-9999.0000,-9999.0000,-9999.0000,-9999.0000,-9999.0000,-9999.0000,-9999.0000,-9999.0000
2019-10-11,91,337.0000,448.3325,658.5075,742.0980,1052.0000,1404.4170,1537.6595,1604.6207,1740.1194,2105.4060,1652.8166
2019-10-11,91,406.0000,498.2426,690.5259,756.0000,1052.0000,1411.0000,1546.9052,1602.5772,1733.2937,2086.9806,1645.0000
2019-10-16,91,274.0000,451.0000,622.2445,656.6009,966.6733,1331.2871,1499.0531,1597.0731,1673.7073,1918.5044,1550.5868
2019-10-16,91,321.0000,482.0000,639.0000,664.0000,979.0000,1338.8191,1499.3294,1596.4727,1675.0000,1902.0000,1541.0000
2019-10-21,91,-9999.0000,-9999.0000,-9999.0000,-9999.0000,-9999.0000,-9999.0000,-9999.0000,-9999.0000,-9999.0000,-9999.0000,-9999.0000
2019-10-21,91,-9999.0000,-9999.0000,-9999.0000,-9999.0000,-9999.0000,-9999.0000,-9999.0000,-9999.0000,-9999.0000,-9999.0000,-9999.0000
2019-10-23,91,372.0000,543.0000,719.0000,704.7300,1066.5006,1540.6736,1708.6234,1826.5227,1875.0000,2104.4537,1638.0978
2019-10-23,91,396.0000,556.0000,726.8920,704.5287,1077.3700,1521.5348,1689.6338,1817.1592,1870.0000,2107.0000,1634.0000
2019-10-26,91,466.0000,728.0000,962.2851,1089.5007,1448.4142,1853.0000,2030.6660,2189.2553,2257.9749,2773.7464,2309.9778
2019-10-26,91,461.0000,722.0000,952.0158,1086.0000,1456.0000,1860.8419,2045.5952,2200.0000,2273.2863,2789.0000,2305.0000
2019-10-28,91,-9999.0000,-9999.0000,-9999.0000,-9999.0000,-9999.0000,-9999.0000,-9999.0000,-9999.0000,-9999.0000,-9999.0000,-9999.0000
2019-10-31,91,-9999.0000,-9999.0000,-9999.0000,-9999.0000,-9999.0000,-9999.0000,-9999.0000,-9999.0000,-9999.0000,-9999.0000,-9999.0000
2019-11-07,91,402.0000,776.6705,1232.0000,1648.0000,1880.5784,1980.0000,2068.4593,2202.0391,2244.4811,2864.4144,2253.9682
2019-11-07,91,669.0000,909.8038,1265.6399,1585.0000,1801.0891,1907.1454,2000.8269,2122.7210,2157.6728,2758.2664,2208.9661
2019-11-10,91,554.0000,862.7995,1204.4073,1521.0599,1710.4133,1810.7664,1914.6701,2035.2822,2052.6770,2660.9486,2125.3548
2019-11-10,91,603.0000,878.4937,1213.4976,1521.4463,1716.0000,1817.9813,1916.0362,2034.6607,2059.3917,2655.0000,2109.7970
2019-11-30,91,-9999.0000,-9999.0000,-9999.0000,-9999.0000,-9999.0000,-9999.0000,-9999.0000,-9999.0000,-9999.0000,-9999.0000,-9999.0000
2019-11-30,91,-9999.0000,-9999.0000,-9999.0000,-9999.0000,-9999.0000,-9999.0000,-9999.0000,-9999.0000,-9999.0000,-9999.0000,-9999.0000
2019-12-05,91,4229.0000,1688.0000,2138.0000,2438.0000,2895.0000,3581.0000,4022.0000,3737.0000,4542.0000,3827.0000,3833.0000
2019-12-05,91,-9999.0000,-9999.0000,-9999.0000,-9999.0000,-9999.0000,-9999.0000,-9999.0000,-9999.0000,-9999.0000,-9999.0000,-9999.0000
2019-12-07,91,549.0000,805.4356,1341.0000,1444.6712,2074.5349,2771.1123,2907.5221,3044.3057,3059.0635,2951.0000,2189.5650
2019-12-07,91,725.0000,941.0000,1384.8667,1445.3655,2013.5718,2661.5906,2789.7583,2931.1860,2932.9247,2903.0000,2166.0000
2019-12-10,91,396.0000,666.7986,1066.0000,1097.4263,1578.0000,2093.5472,2197.0000,2346.5162,2314.6407,2277.3687,1680.5832
2019-12-10,91,450.0000,686.0000,1072.0000,1101.0468,1576.0000,2095.0000,2188.0369,2340.1859,2307.0000,2276.4785,1685.0000
2019-12-25,91,464.0000,790.4970,1121.2436,1033.4226,1530.0020,2201.1688,2357.0000,2508.1489,2460.9467,1734.6556,1232.0000
2019-12-25,91,508.0000,810.2419,1129.1696,1041.5442,1565.0000,2226.0000,2377.2047,2521.9932,2476.9036,1745.2514,1236.0000
2019-12-27,91,-9999.0000,-9999.0000,-9999.0000,-9999.0000,-9999.0000,-9999.0000,-9999.0000,-9999.0000,-9999.0000,-9999.0000,-9999.0000
2019-12-27,91,-9999.0000,-9999.0000,-9999.0000,-9999.0000,-9999.0000,-9999.0000,-9999.0000,-9999.0000,-9999.0000,-9999.0000,-9999.0000
2019-12-30,91,418.0000,624.3739,984.3806,932.8338,1526.0000,2228.9804,2348.5144,2509.7514,2459.0000,2128.0000,1485.0000
2019-12-30,91,471.0000,648.4167,998.2137,938.0000,1512.4857,2228.7690,2345.3087,2514.4201,2461.9467,2119.0000,1464.0000
2020-01-01,91,42.0000,432.0000,833.6181,838.0760,1487.0000,2314.8519,2468.0000,2658.1157,2580.4980,2193.0000,1514.5091
2020-01-01,91,383.0000,664.0000,964.4469,917.6682,1481.0000,2204.0000,2352.0000,2532.2930,2459.0000,2141.4004,1488.0000
2020-01-04,91,317.0000,624.3479,972.3685,982.1438,1652.0000,2370.0181,2539.2093,2699.5932,2642.0218,2182.6209,1614.4525
2020-01-04,91,440.0000,708.2011,1023.0000,1010.0000,1638.5384,2336.8515,2496.0000,2658.0748,2605.2863,2161.3714,1606.0000
2020-01-06,91,343.0000,412.0000,536.5000,498.0000,745.0000,1019.0000,1073.0000,1140.0000,1113.0000,965.0000,697.0000
2020-01-09,91,537.0000,730.0000,1038.0000,1058.0000,1610.3542,2165.3085,2292.0000,2413.5158,2392.6962,2249.3585,1673.0000
2020-01-09,91,516.0000,709.0000,1020.7792,1050.0000,1594.9325,2169.9433,2293.5054,2429.5801,2398.0000,2254.6833,1662.0000
2020-01-11,91,24.0000,391.0000,740.7692,818.0727,1511.0000,2225.3084,2405.4326,2564.8954,2491.0000,2296.0000,1633.0000
2020-01-11,91,415.0000,653.0000,890.4669,906.4914,1485.0000,2105.0237,2258.9738,2417.0007,2364.9132,2208.8854,1604.4592
2020-01-14,91,485.0000,714.0000,962.8180,972.6241,1544.1879,2104.8700,2257.5994,2394.2002,2384.0000,2045.6952,1522.0000
2020-01-14,91,423.0000,661.0000,922.0000,940.9008,1546.4954,2145.4299,2296.9831,2427.2729,2419.0000,2076.0000,1530.8770
2020-01-16,91,-9999.0000,-9999.0000,-9999.0000,-9999.0000,-9999.0000,-9999.0000,-9999.0000,-9999.0000,-9999.0000,-9999.0000,-9999.0000
2020-01-16,91,-9999.0000,-9999.0000,-9999.0000,-9999.0000,-9999.0000,-9999.0000,-9999.0000,-9999.0000,-9999.0000,-9999.0000,-9999.0000
2020-01-19,91,-9999.0000,-9999.0000,-9999.0000,-9999.0000,-9999.0000,-9999.0000,-9999.0000,-9999.0000,-9999.0000,-9999.0000,-9999.0000
2020-01-21,91,476.0000,730.7646,988.0000,1062.0000,1675.0000,2376.0671,2522.0071,2736.0000,2638.0939,2562.0000,1952.0000
2020-01-21,91,505.0000,754.6203,998.6659,1064.0000,1686.4302,2360.0000,2496.0000,2728.9172,2634.0788,2560.9062,1933.0000
2020-01-24,91,345.0000,680.4013,1012.3934,1094.0000,1686.6724,2235.0000,2421.6425,2523.0673,2545.4216,2336.9204,1800.0000
2020-01-24,91,485.0000,754.8766,1058.0000,1114.0000,1660.4821,2209.6783,2401.0000,2509.3480,2517.0000,2316.0000,1785.0000
2020-01-29,91,-9999.0000,-9999.0000,-9999.0000,-9999.0000,-9999.0000,-9999.0000,-9999.0000,-9999.0000,-9999.0000,-9999.0000,-9999.0000
2020-01-29,91,-9999.0000,-9999.0000,-9999.0000,-9999.0000,-9999.0000,-9999.0000,-9999.0000,-9999.0000,-9999.0000,-9999.0000,-9999.0000
2020-01-31,91,780.0000,1024.0000,1252.0000,1230.0000,1766.0000,2317.0015,2465.4198,2602.0000,2588.8821,2322.1324,1716.3000
2020-02-05,91,194.0000,402.7181,844.4753,866.7650,1545.0000,2432.9032,2614.0000,2866.3413,2763.0000,2674.0636,1957.0000
2020-02-05,91,428.0000,568.4856,921.0000,910.6809,1521.0000,2328.0000,2489.0000,2730.0000,2645.4412,2613.4070,1922.0429
2020-02-08,91,639.0000,761.0000,1040.0000,1026.0000,1552.0000,2246.0000,2411.0000,2590.6066,2543.0000,2486.4796,1847.0000
2020-02-08,91,642.0000,759.0000,1040.0000,1022.3915,1552.0000,2261.8359,2437.0596,2614.0000,2570.0000,2504.0000,1863.0000
2020-02-13,91,1238.0000,1437.0000,1648.0000,1604.9735,2165.0000,2851.0000,3070.0000,3276.3333,3295.0000,3055.0000,2493.0000
2020-02-13,91,1201.0000,1408.0000,1622.0000,1570.0000,2089.4736,2820.0000,3048.0000,3274.0000,3253.0000,3035.0000,2394.0000
2020-02-15,91,582.0000,706.0000,1102.0000,1064.0000,1708.0000,2682.0000,2864.6813,3033.2514,3031.0000,2626.3257,1820.5481
2020-02-15,91,623.0000,736.0000,1118.0000,1062.0000,1706.0000,2652.0000,2851.0000,3017.1836,3003.0000,2609.6941,1814.1268
2020-02-18,91,1857.0000,1821.7114,1882.0000,1786.0000,2268.0000,2899.0020,3081.0224,3188.0000,3241.9980,2952.0000,2049.0000
2020-02-18,91,1841.0000,1784.0682,1864.0000,1772.0000,2247.0000,2941.0000,3105.8648,3216.7163,3273.0000,3005.4617,2117.0000
2020-02-20,91,272.0000,562.3884,1032.9239,966.0892,1702.0000,2954.7115,3267.1653,3526.0000,3404.0321,2963.0000,2169.4772
2020-02-20,91,299.0000,578.2206,1033.3582,966.2215,1710.7953,2978.7335,3286.5450,3537.9093,3420.9820,2949.9713,2168.0000
2020-02-28,91,401.0000,592.3298,1005.2771,932.4586,1588.7845,2818.8761,3100.1388,3418.6297,3267.9101,2704.3308,1930.0000
2020-02-28,91,388.0000,581.0000,1005.4461,927.0000,1596.5040,2872.0000,3153.5020,3492.1838,3309.5573,2730.0095,1932.5906
2020-03-06,91,417.0000,520.3597,930.1657,742.3007,1514.8291,2908.3372,3153.0000,3251.6514,3259.5000,1923.0000,1054.9164
2020-03-06,91,352.0000,474.3241,908.6041,728.8477,1529.0000,2977.0000,3203.1436,3315.4851,3312.0000,1926.1409,1053.0000
2020-03-09,91,-9999.0000,-9999.0000,-9999.0000,-9999.0000,-9999.0000,-9999.0000,-9999.0000,-9999.0000,-9999.0000,-9999.0000,-9999.0000
2020-03-11,91,1323.0000,1178.0000,1480.0000,1310.0000,2140.0000,3606.0000,4029.0000,4074.0000,4202.0000,3048.0000,1898.0000
2020-03-11,91,-9999.0000,-9999.0000,-9999.0000,-9999.0000,-9999.0000,-9999.0000,-9999.0000,-9999.0000,-9999.0000,-9999.0000,-9999.0000
2020-03-14,91,-9999.0000,-9999.0000,-9999.0000,-9999.0000,-9999.0000,-9999.0000,-9999.0000,-9999.0000,-9999.0000,-9999.0000,-9999.0000
2020-03-16,91,298.0000,418.0560,897.0000,690.0000,1561.0000,3316.0000,3659.9639,3914.3506,3793.0000,2452.0000,1465.0260
2020-03-16,91,502.0000,576.4463,960.3106,753.4481,1527.0000,3101.3948,3413.0000,3673.1488,3571.0000,2403.0000,1441.9389
2020-03-19,91,452.0000,532.4703,904.6208,713.4592,1521.9908,3040.7074,3376.5010,3516.2235,3548.9976,2293.2710,1349.0107
2020-03-19,91,505.0000,572.7493,926.5714,729.2226,1530.0000,3033.0886,3381.0000,3507.9390,3543.0000,2290.0883,1344.0000
2020-03-21,91,-9999.0000,-9999.0000,-9999.0000,-9999.0000,-9999.0000,-9999.0000,-9999.0000,-9999.0000,-9999.0000,-9999.0000,-9999.0000
2020-03-24,91,351.0000,472.0000,698.0000,548.4479,1132.0000,2192.0000,2485.0000,2648.0000,2630.0000,1670.0000,1082.0298
2020-03-24,91,205.0000,364.0000,642.9604,490.3572,1144.0000,2311.0000,2622.1945,2802.9082,2777.7143,1701.3423,1089.0085
2020-03-29,91,-9999.0000,-9999.0000,-9999.0000,-9999.0000,-9999.0000,-9999.0000,-9999.0000,-9999.0000,-9999.0000,-9999.0000,-9999.0000
2020-03-29,91,-9999.0000,-9999.0000,-9999.0000,-9999.0000,-9999.0000,-9999.0000,-9999.0000,-9999.0000,-9999.0000,-9999.0000,-9999.0000
2020-03-31,91,386.0000,565.2028,991.0000,854.0689,1814.0683,3433.0000,3827.6924,4242.1480,4058.4433,2588.4617,1632.4815
2020-03-31,91,387.0000,581.2615,1005.3705,859.2150,1820.7330,3424.0000,3825.4648,4242.2297,4060.0000,2591.0000,1638.9225
2020-04-03,91,525.0000,649.7464,973.7310,868.6719,1750.0000,3124.0000,3506.0000,3791.0000,3748.9975,2389.0499,1545.0000
2020-04-03,91,535.0000,673.1859,989.7816,873.5000,1758.0000,3161.4001,3545.0000,3808.0000,3781.6450,2393.3277,1544.7060
2020-04-05,91,571.0000,637.0942,1032.3139,921.1756,1860.5680,3394.4203,3746.5346,4036.1339,3970.4149,2554.4759,1581.4888
2020-04-05,91,585.0000,653.1427,1041.9102,926.1812,1858.0000,3373.6702,3715.0000,3996.0000,3957.0000,2538.7484,1582.5075
2020-04-08,91,393.0000,505.8181,966.0000,845.1680,1736.0000,3213.6042,3569.0000,3971.6121,3844.4065,2344.0000,1441.0000
2020-04-08,91,427.0000,545.6810,980.9503,857.5674,1731.0000,3185.3767,3553.3242,3920.9836,3823.0000,2335.0000,1429.4592
2020-04-10,91,510.0000,685.6078,1108.0000,948.9378,1869.3883,3346.1747,3724.0402,4036.4961,3995.6486,2544.2506,1596.0000
2020-04-10,91,559.0000,721.1522,1117.0368,956.5309,1848.4410,3285.5814,3669.4737,3961.3722,3929.9995,2509.0000,1593.0000
2020-04-13,91,435.0000,604.9034,1021.2111,873.6556,1772.0000,3228.0000,3637.0000,3899.2481,3931.0000,2318.5090,1477.0000
2020-04-13,91,505.0000,657.9583,1049.0328,886.0391,1764.0000,3192.0000,3605.8870,3861.1797,3869.0000,2298.0000,1475.0000
2020-04-15,91,482.0000,586.1653,1056.5194,906.1667,1793.0000,3267.6696,3613.6014,3914.2071,3891.6913,2349.9558,1464.6981
2020-04-15,91,530.0000,617.6940,1064.1797,913.4326,1783.0000,3217.1677,3550.3636,3864.0000,3844.0000,2330.4632,1453.0868
2020-04-18,91,528.8431,658.0000,1037.2000,942.3333,1705.8987,2878.0000,3205.4528,3374.0000,3481.5902,2100.0000,1362.0000
2020-04-18,91,623.0000,716.7117,1068.3521,969.6887,1708.0000,2865.4557,3189.0000,3352.6043,3462.3960,2108.0000,1354.4666
2020-04-23,91,451.0000,601.2580,961.5920,905.3078,1632.6619,2831.0000,3209.0090,3514.0000,3517.0000,2218.0000,1464.0000
2020-04-23,91,546.0000,660.5238,990.2611,921.3497,1616.2027,2760.0000,3148.0000,3437.5692,3446.2317,2167.0000,1461.0000
2020-04-25,91,795.0000,836.4497,1205.0268,1097.1313,1853.3738,3089.5523,3444.0000,3649.0685,3770.3690,2354.0000,1507.0000
2020-04-25,91,842.0000,863.0000,1213.4438,1100.6344,1845.0000,3077.0000,3407.0000,3597.6717,3730.0075,2342.6503,1502.0000
2020-04-30,91,-9999.0000,-9999.0000,-9999.0000,-9999.0000,-9999.0000,-9999.0000,-9999.0000,-9999.0000,-9999.0000,-9999.0000,-9999.0000
2020-04-30,91,-9999.0000,-9999.0000,-9999.0000,-9999.0000,-9999.0000,-9999.0000,-9999.0000,-9999.0000,-9999.0000,-9999.0000,-9999.0000
2020-05-03,91,210.0000,318.6075,568.0000,509.3937,1029.4480,2070.5003,2426.6167,2621.3344,2653.8987,1654.0000,1060.4665
2020-05-03,91,291.0000,362.1694,594.2973,529.5451,1025.1952,2063.0000,2401.8530,2603.2334,2633.6345,1640.0000,1048.0000
2020-05-08,91,247.0000,341.7986,654.0000,595.2222,1136.8221,2462.0000,2892.0000,3010.5043,3115.0000,1868.0000,1249.3525
2020-05-08,91,433.0000,482.2651,741.1291,665.8531,1161.0000,2378.4723,2797.0000,2908.0000,3016.5097,1840.0000,1243.0000
2020-05-10,91,810.0000,1526.0000,1614.0000,1390.0000,1845.0000,3001.0000,3389.0000,3592.0000,3664.0000,2524.0000,1635.0000
2020-05-10,91,-9999.0000,-9999.0000,-9999.0000,-9999.0000,-9999.0000,-9999.0000,-9999.0000,-9999.0000,-9999.0000,-9999.0000,-9999.0000
2020-05-15,91,694.0000,686.3803,896.5392,753.3101,1249.3998,2540.0000,2953.3032,2964.4548,3194.0672,1769.0000,1068.9909
2020-05-15,91,708.0000,698.3123,906.8804,756.5706,1262.0892,2555.0000,2986.2015,2985.4306,3213.8189,1773.8791,1077.4940
2020-05-23,91,827.0000,926.4876,1136.0000,1017.3815,1505.4800,2600.7196,3098.5020,3168.0000,3326.7991,2035.7270,1480.7239
2020-05-25,91,396.0000,414.6140,684.9727,586.1563,1140.5351,2449.5138,2897.0000,3051.2555,3166.5073,1874.0000,1197.2558
2020-05-25,91,407.0000,394.4951,669.5007,568.7006,1141.5937,2488.0000,2944.0000,3090.6883,3202.7166,1883.0000,1198.3532
2020-05-28,91,-9999.0000,-9999.0000,-9999.0000,-9999.0000,-9999.0000,-9999.0000,-9999.0000,-9999.0000,-9999.0000,-9999.0000,-9999.0000
2020-05-28,91,-9999.0000,-9999.0000,-9999.0000,-9999.0000,-9999.0000,-9999.0000,-9999.0000,-9999.0000,-9999.0000,-9999.0000,-9999.0000
2020-05-30,91,357.0000,488.0000,757.6401,709.2539,1293.4262,2439.0000,2895.0000,3109.1832,3192.0000,2097.6128,1410.0000
2020-05-30,91,430.0000,530.6497,781.8683,729.5508,1301.0000,2409.0000,2884.0000,3075.5698,3179.0000,2080.0000,1395.4300
2020-06-02,91,304.0000,444.2296,698.0000,718.3886,1237.5410,2125.0000,2538.0751,2699.0688,2866.1157,2053.6298,1420.2150
2020-06-02,91,419.0000,532.6233,760.7128,753.4410,1249.1600,2102.0000,2515.0000,2667.7043,2822.5902,2035.0849,1403.9241
2020-06-04,91,-9999.0000,-9999.0000,-9999.0000,-9999.0000,-9999.0000,-9999.0000,-9999.0000,-9999.0000,-9999.0000,-9999.0000,-9999.0000
2020-06-04,91,-9999.0000,-9999.0000,-9999.0000,-9999.0000,-9999.0000,-9999.0000,-9999.0000,-9999.0000,-9999.0000,-9999.0000,-9999.0000
2020-06-07,91,-9999.0000,-9999.0000,-9999.0000,-9999.0000,-9999.0000,-9999.0000,-9999.0000,-9999.0000,-9999.0000,-9999.0000,-9999.0000
2020-06-07,91,-9999.0000,-9999.0000,-9999.0000,-9999.0000,-9999.0000,-9999.0000,-9999.0000,-9999.0000,-9999.0000,-9999.0000,-9999.0000
2020-06-12,91,261.0000,414.0000,659.0000,704.7020,1170.2205,1750.2419,2003.0000,2147.7918,2254.0000,1801.5129,1200.4787
2020-06-12,91,305.0000,439.0000,676.0000,716.3363,1178.0000,1762.0000,2010.0000,2139.4680,2243.0000,1804.5741,1203.0000
2020-06-14,91,538.0000,614.6958,898.3778,984.9035,1501.7836,2148.4170,2389.9985,2491.0159,2676.0000,2261.0000,1467.8353
2020-06-14,91,494.0000,580.5508,884.3450,985.4435,1534.6949,2169.5956,2409.0000,2523.4104,2714.3917,2276.0126,1485.2318
2020-06-17,91,349.0000,493.7104,760.0000,882.3303,1326.0000,1870.0000,2117.7284,2226.8350,2396.0000,2193.0771,1466.4439
2020-06-17,91,400.0000,514.4480,774.0793,896.8681,1333.0000,1868.0000,2097.0000,2235.9984,2389.0933,2192.6224,1457.2472
2020-06-19,91,409.0000,586.4115,836.3896,985.7950,1432.1653,1947.5137,2188.3185,2354.0995,2489.5471,2296.9328,1584.1139
2020-06-19,91,445.0000,604.5258,846.7967,985.2090,1430.3257,1927.0000,2209.0000,2363.3333,2450.0000,2302.0000,1576.0000
2020-06-22,91,315.0000,512.6052,760.6204,902.6086,1280.0000,1784.0000,2035.4726,2164.9914,2301.0000,2231.0000,1550.0000
2020-06-22,91,369.0000,540.8078,774.3159,905.1581,1282.0000,1769.0048,2015.0000,2164.3473,2277.0278,2225.9267,1549.3078
2020-06-24,91,-9999.0000,-9999.0000,-9999.0000,-9999.0000,-9999.0000,-9999.0000,-9999.0000,-9999.0000,-9999.0000,-9999.0000,-9999.0000
2020-06-27,91,362.0000,537.0000,854.6718,1004.4383,1431.0000,2042.0000,2304.4970,2395.4538,2612.2928,2481.0000,1593.2453
2020-06-27,91,468.0000,605.0000,888.2178,1016.5005,1417.0000,2024.1729,2298.5313,2362.5920,2575.0000,2448.7254,1586.0000
2020-06-29,91,500.0000,707.0000,986.0000,1092.0000,1538.4607,2201.3792,2524.2912,2592.9036,2786.6382,2714.5162,1802.5871
2020-06-29,91,568.0000,745.0000,1001.0000,1086.0000,1521.0000,2208.0000,2508.0000,2564.8219,2787.0000,2692.0000,1806.7821
2020-07-02,91,-9999.0000,-9999.0000,-9999.0000,-9999.0000,-9999.0000,-9999.0000,-9999.0000,-9999.0000,-9999.0000,-9999.0000,-9999.0000
2020-07-02,91,-9999.0000,-9999.0000,-9999.0000,-9999.0000,-9999.0000,-9999.0000,-9999.0000,-9999.0000,-9999.0000,-9999.0000,-9999.0000
2020-07-04,91,-9999.0000,-9999.0000,-9999.0000,-9999.0000,-9999.0000,-9999.0000,-9999.0000,-9999.0000,-9999.0000,-9999.0000,-9999.0000
2020-07-04,91,-9999.0000,-9999.0000,-9999.0000,-9999.0000,-9999.0000,-9999.0000,-9999.0000,-9999.0000,-9999.0000,-9999.0000,-9999.0000
2020-07-07,91,380.0000,602.5626,982.0000,1189.8036,1726.0000,2456.0000,2750.7045,3014.3728,3137.4597,3090.3402,1881.8220
2020-07-07,91,430.0000,630.6616,992.5302,1181.0713,1714.0000,2434.0000,2720.9907,2989.2599,3105.0000,3081.7125,1881.0000
2020-07-09,91,496.0000,770.6562,1142.0000,1365.8407,1970.0950,2726.0000,3072.0000,3196.4643,3413.0000,3484.5550,2203.0000
2020-07-09,91,584.0000,808.1951,1138.0000,1317.1219,1889.5040,2646.0000,2992.0000,3108.0000,3327.0000,3412.4737,2170.0159
2020-07-12,91,370.0000,570.5216,908.7462,1029.5000,1596.6878,2425.9367,2733.0000,2931.5974,3041.5082,2953.6452,1873.0000
2020-07-12,91,411.0000,594.2788,922.4032,1029.1512,1594.0077,2423.0000,2723.0000,2922.7407,3054.6643,2936.9970,1877.0000
2020-07-14,91,597.0000,698.3084,1074.0000,1180.6778,1846.0000,2798.5263,3098.0000,3266.0000,3432.4834,3294.0000,2002.5840
2020-07-14,91,628.0000,716.6986,1082.0000,1185.1556,1833.2469,2815.0000,3098.0000,3256.0000,3412.0000,3272.0000,1988.0000
2020-07-17,91,368.0000,484.4198,848.4864,889.3681,1558.0000,2538.0000,2824.0275,2909.2533,3115.0000,2859.7027,1724.0000
2020-07-17,91,458.0000,536.2483,872.4755,889.5916,1535.0000,2485.4100,2774.8198,2864.9328,3061.0000,2824.9718,1710.0000
2020-07-19,91,408.0000,557.3700,909.0646,875.4615,1533.0000,2529.0000,2845.0000,2896.8385,3047.0000,2972.5573,1898.7632
2020-07-19,91,493.0000,606.7496,922.3748,876.5019,1500.0000,2477.3649,2785.0000,2827.8816,2978.2922,2930.1222,1897.6526
2020-07-22,91,-9999.0000,-9999.0000,-9999.0000,-9999.0000,-9999.0000,-9999.0000,-9999.0000,-9999.0000,-9999.0000,-9999.0000,-9999.0000
2020-07-22,91,-9999.0000,-9999.0000,-9999.0000,-9999.0000,-9999.0000,-9999.0000,-9999.0000,-9999.0000,-9999.0000,-9999.0000,-9999.0000
2020-07-27,91,473.0000,504.5806,792.5181,677.5829,1272.9839,2265.4635,2536.7094,2530.0000,2734.0000,2563.0000,1607.0000
2020-07-27,91,530.0000,544.6581,810.5077,681.4133,1274.0000,2249.0000,2513.0000,2516.3996,2701.5335,2537.0186,1583.0000
2020-07-29,91,614.0000,702.6796,946.3137,800.9315,1405.0000,2357.6217,2715.4661,2688.0000,2899.6993,2772.8180,1804.7295
2020-07-29,91,681.0000,748.5390,965.0000,813.1587,1385.0000,2324.7107,2676.5656,2657.8183,2869.0279,2762.8581,1766.2811
2020-08-01,91,460.0000,578.8319,821.0000,793.1252,1314.0000,2098.4930,2401.5824,2434.9297,2635.0723,2788.9203,1819.0000
2020-08-01,91,542.0000,634.2953,846.2289,806.0241,1308.3100,2087.0000,2409.0043,2402.5546,2601.3250,2757.4699,1815.0000
2020-08-06,91,378.0000,444.7822,794.3342,694.0000,1382.5050,2494.0621,2776.0000,2773.5090,3017.0972,2737.0000,1680.0000
2020-08-06,91,434.0000,478.1315,813.0000,702.3473,1379.0000,2486.5030,2789.5286,2764.5887,3010.9657,2719.0000,1675.5333
2020-08-08,91,405.0000,522.2431,827.0000,729.7821,1364.2419,2414.0000,2739.6951,2834.6667,2955.0000,2733.5483,1714.9975
2020-08-08,91,494.0000,588.5778,856.3816,736.5786,1334.4751,2341.5223,2675.0000,2763.6703,2885.0000,2712.0000,1709.0000
2020-08-11,91,728.0000,834.4326,984.0000,874.0000,1303.5000,2077.0000,2475.1978,2334.0000,2723.0000,2451.0000,1586.0000
2020-08-11,91,560.0000,709.0000,857.8279,694.0097,1096.8742,1835.8088,2117.5060,2038.6516,2235.0047,1718.0000,1083.0000
2020-08-13,91,393.0000,480.2296,832.4368,789.0601,1416.0000,2488.7699,2752.0000,2777.8785,3042.0000,2835.5505,1699.0153
2020-08-13,91,560.0000,590.4919,886.2037,809.9123,1394.3581,2413.0000,2707.0000,2708.5532,2948.0000,2748.0000,1666.2500
2020-08-16,91,355.0000,433.0000,705.0000,670.2003,1199.0000,2121.3860,2409.5645,2417.0000,2638.0000,2513.8587,1534.5520
2020-08-16,91,418.0000,471.0000,727.0000,680.5131,1202.1501,2117.0000,2381.0000,2410.7227,2616.0000,2492.0000,1537.0780
2020-08-21,91,412.0000,540.0000,747.0000,706.3703,1176.0000,2004.0000,2345.5009,2321.3377,2537.5359,2473.2921,1614.6262
2020-08-21,91,434.0000,548.0000,755.0000,702.3178,1178.0000,2030.0000,2348.5492,2333.4977,2550.5499,2485.5661,1606.4758
2020-08-23,91,502.0000,575.0000,847.0000,814.2861,1353.0000,2256.4772,2529.0000,2540.6131,2783.0000,2750.0771,1703.0000
2020-08-23,91,588.0000,632.0000,877.0000,822.4248,1339.0000,2253.5518,2510.3303,2497.3037,2754.0000,2725.9630,1681.7515
2020-08-26,91,718.0000,793.0000,1016.0000,1011.0000,1530.0000,2303.0000,2583.0000,2609.2400,2849.0000,2632.4679,1676.4563
2020-08-26,91,724.0000,788.0000,1015.0000,1016.0000,1542.0000,2334.5274,2625.9935,2641.2331,2877.0000,2654.0000,1692.0000
2020-08-28,91,335.0000,568.6340,842.4310,929.0427,1478.0000,2204.0000,2518.0000,2553.8307,2814.0000,3035.0000,1940.0000
2020-08-28,91,515.0000,678.1198,890.5926,936.5667,1434.5203,2134.0000,2472.8855,2481.1671,2721.0000,2957.4632,1925.9790
2020-09-02,91,-9999.0000,-9999.0000,-9999.0000,-9999.0000,-9999.0000,-9999.0000,-9999.0000,-9999.0000,-9999.0000,-9999.0000,-9999.0000
2020-09-02,91,-9999.0000,-9999.0000,-9999.0000,-9999.0000,-9999.0000,-9999.0000,-9999.0000,-9999.0000,-9999.0000,-9999.0000,-9999.0000
2020-09-05,91,465.0000,500.4085,754.7864,673.2251,1233.0000,2124.3562,2365.0516,2414.3674,2584.2704,2368.0000,1469.5000
2020-09-05,91,539.0000,552.4905,780.2489,687.0000,1239.0000,2108.0980,2362.0000,2400.5618,2577.0000,2345.4519,1469.0000
2020-09-07,91,-9999.0000,-9999.0000,-9999.0000,-9999.0000,-9999.0000,-9999.0000,-9999.0000,-9999.0000,-9999.0000,-9999.0000,-9999.0000
2020-09-07,91,-9999.0000,-9999.0000,-9999.0000,-9999.0000,-9999.0000,-9999.0000,-9999.0000,-9999.0000,-9999.0000,-9999.0000,-9999.0000
2020-09-10,91,1065.0000,1412.0000,1612.0000,1712.9499,2001.0000,2283.0000,2472.3067,2448.5710,2559.0000,2758.5243,2568.0000
2020-09-10,91,1203.0000,1450.0000,1610.0000,1665.0409,1906.0000,2222.0000,2431.0000,2405.7057,2520.0000,2680.4895,2464.5037
2020-09-12,91,806.0000,1228.5010,1580.6667,1890.0000,2101.0000,2273.0000,2373.0000,2385.3191,2510.4726,3332.0000,3085.2238
2020-09-12,91,823.0000,1236.5661,1588.9142,1897.1430,2109.4968,2276.4627,2390.0000,2392.4311,2517.0000,3338.0000,3076.0000
2020-09-15,91,691.0000,1108.6667,1444.4194,1722.3564,1905.9980,2089.0000,2213.0000,2200.9096,2325.4963,3049.0000,2802.0000
2020-09-15,91,726.0000,1136.0000,1457.5350,1731.2200,1904.9289,2089.3201,2193.4993,2197.4750,2333.8019,3049.0000,2795.0000
2020-09-17,91,846.0000,1356.6800,1685.2927,1970.3230,2223.0000,2393.0000,2577.3561,2576.6648,2706.0000,3500.0000,3370.0462
2020-09-17,91,925.0000,1356.0000,1660.1416,1921.3351,2174.0000,2353.0000,2537.0609,2536.0000,2676.3564,3453.0000,3355.0000
2020-09-20,91,726.0000,1152.5138,1465.5087,1708.4615,1915.0000,2091.0000,2253.0000,2244.9324,2373.0000,3056.0000,2933.1267
2020-09-20,91,786.0000,1172.5949,1468.0000,1716.6036,1911.0000,2100.4586,2253.0000,2254.0000,2382.6643,3059.0000,2917.5758
2020-09-25,91,562.0000,850.3289,1218.0000,1477.0180,1680.0000,1908.7281,2068.9974,2012.2191,2197.0000,2609.0944,1992.0000
2020-09-25,91,628.0000,886.3364,1234.0000,1473.5269,1679.0000,1938.9073,2089.0000,2018.5910,2228.0000,2609.3023,1999.0000
2020-09-30,91,673.0000,966.0169,1252.8929,1451.6861,1661.4288,1953.0000,2115.0000,2101.8009,2205.0000,2484.0000,2082.0000
2020-09-30,91,719.0000,1000.7405,1272.9222,1450.1791,1662.1396,1949.0000,2125.0000,2105.2000,2214.0000,2492.0000,2094.2230
2020-10-07,91,513.0000,882.0102,1213.4481,1416.6667,1701.8706,1985.5385,2139.1165,2210.7784,2259.9897,2603.0000,2132.8333
2020-10-07,91,515.0000,885.4270,1224.0000,1418.6667,1705.2525,1987.0000,2155.4243,2211.9509,2271.0000,2607.0000,2138.6412
2020-10-10,91,1031.0000,1281.6627,1532.5096,1618.8708,1900.0000,2298.4534,2492.0000,2491.0000,2587.0000,2807.0000,2525.0000
2020-10-10,91,989.0000,1277.0000,1548.7747,1634.5125,1943.0000,2365.0000,2574.0000,2568.5982,2665.5193,2805.2329,2491.3679
2020-10-12,91,554.0000,825.2454,1166.0000,1362.6534,1624.0000,1926.3077,2075.0000,2113.3471,2170.3224,2355.0000,1753.5822
2020-10-12,91,573.0000,836.9671,1173.0000,1370.6736,1622.4544,1933.0000,2071.0000,2122.4536,2171.9655,2361.6710,1766.3498
2020-10-20,91,1230.0000,1432.0000,1600.0000,1592.0000,1919.0000,2276.0000,2412.0000,2452.7661,2484.0000,2265.7218,1845.5006
2020-10-22,91,-9999.0000,-9999.0000,-9999.0000,-9999.0000,-9999.0000,-9999.0000,-9999.0000,-9999.0000,-9999.0000,-9999.0000,-9999.0000
2020-10-25,91,517.0000,866.0000,1256.0000,1402.5924,1708.2483,2046.3255,2163.6615,2155.9268,2300.0000,2436.9207,1849.0000
2020-10-25,91,587.0000,909.8404,1278.0000,1388.6839,1706.6896,2042.0000,2160.0000,2155.7835,2283.3086,2421.0000,1860.0000
2020-10-30,91,-9999.0000,-9999.0000,-9999.0000,-9999.0000,-9999.0000,-9999.0000,-9999.0000,-9999.0000,-9999.0000,-9999.0000,-9999.0000
2020-11-04,91,764.0000,999.0000,1328.3941,1433.2225,1808.7446,2169.9401,2298.4533,2251.9661,2430.0241,2590.4951,2042.3497
2020-11-04,91,848.0000,1046.0000,1345.1462,1441.3333,1808.0000,2200.0000,2313.3088,2274.0407,2457.9866,2581.0000,2018.0000
2020-11-06,91,353.0000,908.0463,1403.5417,1572.0000,2045.9963,2523.0000,2717.9681,2812.9941,2809.1713,3079.0000,2650.7150
2020-11-06,91,598.0000,1032.7210,1411.9620,1524.8000,1922.8134,2370.0000,2545.1374,2643.8961,2655.0000,2956.0153,2556.5693
2020-11-09,91,553.0000,934.2055,1306.8102,1409.4785,1805.0710,2232.0000,2414.3057,2507.3468,2552.0348,2584.8869,2286.0000
2020-11-09,91,586.0000,957.5020,1324.0000,1420.6667,1810.4755,2257.4967,2441.0000,2520.9442,2574.0000,2581.1801,2271.0000
2020-11-11,91,474.0000,908.4789,1435.3758,1653.0000,2106.4501,2572.8327,2711.0000,2874.9449,2868.4955,3050.0000,2537.0000
2020-11-11,91,693.0000,1035.8684,1458.5166,1594.5629,1998.0000,2441.5994,2542.4736,2715.8017,2736.0000,2966.0000,2532.0000
2020-11-19,91,395.0000,757.0000,1152.0000,1217.3612,1602.0000,2001.9634,2133.0000,2251.3404,2266.0000,2277.0000,1832.0000
2020-11-19,91,403.0000,766.0000,1145.3227,1232.0000,1618.0000,2013.5042,2157.1259,2250.4418,2279.0000,2293.9699,1869.0000
2020-11-21,91,456.0000,868.1783,1394.7601,1593.0288,1978.8199,2550.8486,2687.0000,3001.6910,2837.2872,2938.9365,2356.6580
2020-11-21,91,634.0000,977.0398,1428.0000,1564.4708,1904.9126,2416.5987,2573.0000,2865.4407,2728.0000,2858.0000,2307.0160
2020-11-24,91,648.0000,1005.3998,1386.6938,1552.0000,1906.5000,2289.5504,2413.0000,2587.2869,2597.5340,2834.0000,2354.9781
2020-11-24,91,602.0000,962.3961,1363.2997,1552.0000,1928.5274,2331.0000,2475.0000,2634.7486,2658.0000,2860.8998,2362.7005
2020-11-26,91,549.0000,969.0000,1347.7240,1560.7578,1969.0000,2379.0000,2583.0000,2762.1215,2714.3557,2873.0000,2384.0000
2020-11-26,91,745.0000,1085.0808,1384.0000,1521.3576,1892.9130,2297.4297,2468.0000,2648.0000,2605.5704,2789.0886,2342.0000
2020-11-29,91,535.0000,937.7967,1262.0000,1426.0000,1793.0000,2154.5576,2293.5892,2419.7924,2435.0000,2686.0000,2439.0000
2020-11-29,91,487.0000,908.3333,1266.4599,1435.8304,1816.4819,2185.5580,2322.0950,2450.9038,2460.6740,2721.2288,2443.9184
2020-12-01,91,-9999.0000,-9999.0000,-9999.0000,-9999.0000,-9999.0000,-9999.0000,-9999.0000,-9999.0000,-9999.0000,-9999.0000,-9999.0000
2020-12-01,91,61.0000,180.0000,229.0000,192.0000,199.0000,294.0000,312.0000,327.0000,288.0000,231.0000,156.0000
2020-12-19,91,567.0000,893.7407,1177.3551,1321.1115,1661.0000,1972.0000,2101.0000,2147.4051,2212.0000,2243.0000,1838.4820
2020-12-19,91,567.0000,889.0229,1176.9397,1329.1941,1676.4668,2022.0000,2125.5075,2153.7137,2241.0000,2262.0000,1848.9651
2020-12-26,91,-9999.0000,-9999.0000,-9999.0000,-9999.0000,-9999.0000,-9999.0000,-9999.0000,-9999.0000,-9999.0000,-9999.0000,-9999.0000
2020-12-26,91,-9999.0000,-9999.0000,-9999.0000,-9999.0000,-9999.0000,-9999.0000,-9999.0000,-9999.0000,-9999.0000,-9999.0000,-9999.0000
2020-12-31,91,538.9006,841.4776,1276.0000,1483.7007,1874.4796,2349.8143,2493.9543,2601.2548,2645.5234,2446.5197,1721.0000
2020-12-31,91,551.0000,861.9634,1284.0000,1499.3333,1880.8760,2382.0000,2501.9940,2630.0000,2674.0000,2462.0000,1718.0000
2021-01-03,91,435.0000,809.0379,1218.0000,1426.4615,1771.0000,2157.7805,2291.0000,2371.7579,2415.0000,1976.0000,1326.6965
2021-01-03,91,545.0000,878.0000,1244.2564,1450.6516,1787.0000,2166.1002,2295.0000,2355.1704,2405.0000,1975.0000,1310.0000
2021-01-08,91,354.5285,813.8700,1181.3899,1361.0000,1684.9590,2066.0000,2185.3440,2322.1694,2301.0000,2125.0000,1699.0000
2021-01-08,91,403.0000,834.0632,1188.0000,1368.0000,1688.5182,2073.0000,2193.0626,2338.6990,2300.0000,2128.5698,1698.0000
2021-01-13,91,450.0000,780.5079,1166.0000,1373.2289,1669.0000,2091.0000,2191.0000,2356.6000,2325.0000,2205.6412,1555.0000
2021-01-13,91,517.0000,809.7633,1172.7533,1363.4887,1690.9612,2088.9504,2202.5308,2338.4321,2349.5000,2208.0000,1570.0000
2021-01-18,91,-9999.0000,-9999.0000,-9999.0000,-9999.0000,-9999.0000,-9999.0000,-9999.0000,-9999.0000,-9999.0000,-9999.0000,-9999.0000
2021-02-09,91,-9999.0000,-9999.0000,-9999.0000,-9999.0000,-9999.0000,-9999.0000,-9999.0000,-9999.0000,-9999.0000,-9999.0000,-9999.0000
2021-02-14,91,350.4630,754.9767,1099.1585,1402.3706,1688.3967,2146.0403,2281.0000,2596.1755,2465.0000,2474.9842,1746.0000
2021-02-14,91,526.0000,865.7681,1148.7934,1394.1434,1671.0000,2078.9450,2249.9777,2513.3155,2389.0000,2449.0000,1723.0000
2021-02-17,91,1081.0000,1246.0000,1393.1038,1554.0000,1804.7778,2080.9872,2234.0000,2321.2693,2376.0000,2576.9010,2071.0000
2021-02-17,91,1098.0000,1246.0000,1396.7311,1553.1728,1818.0000,2106.6113,2262.1915,2345.5000,2385.5110,2580.9510,2074.0000
2021-02-22,91,-9999.0000,-9999.0000,-9999.0000,-9999.0000,-9999.0000,-9999.0000,-9999.0000,-9999.0000,-9999.0000,-9999.0000,-9999.0000
2021-02-24,91,655.0000,1049.0377,1412.6036,1611.1631,1941.2724,2288.0000,2436.9463,2621.4463,2562.2025,2772.2790,2286.3612
2021-02-24,91,673.0000,1068.8230,1437.0693,1605.0156,1939.0000,2289.0000,2433.0000,2604.0000,2571.0000,2757.8452,2265.9997
2021-02-27,91,650.0000,1030.0000,1400.0000,1564.1566,1922.0508,2284.7931,2428.0000,2541.1250,2558.0000,2750.0000,2356.5468
2021-02-27,91,678.0000,1060.0000,1417.2331,1571.4286,1937.5063,2294.0000,2453.0000,2562.0000,2572.0000,2750.0000,2354.6608
2021-03-01,91,515.0000,882.8984,1369.7475,1654.0000,2010.8049,2474.0000,2649.6860,2920.0000,2810.0000,3091.0000,2500.0000
2021-03-01,91,540.0000,916.8929,1386.7276,1657.4431,2019.0000,2499.0000,2662.4936,2916.0000,2826.0000,3086.0000,2492.2481
2021-03-04,91,1184.0000,1382.0000,1677.0040,1836.5000,2208.4532,2598.5586,2746.0000,2900.5335,2910.4796,3104.7168,2541.0000
2021-03-04,91,1316.0000,1465.4626,1724.9441,1857.1435,2222.2240,2604.4845,2740.0000,2897.2500,2885.0000,3097.0000,2549.0455
2021-03-06,91,500.0000,877.9949,1201.6416,1529.9438,1719.0000,1963.8287,2082.0000,2290.4538,2240.0000,2880.0000,2656.0000
2021-03-06,91,571.0000,921.0704,1224.6573,1522.9387,1708.0000,1964.9005,2092.2976,2276.6667,2223.0000,2870.0000,2652.0000
2021-03-09,91,762.0000,1026.0000,1253.5385,1489.4747,1668.7970,1857.0000,1972.2199,2108.0272,2084.0000,2664.4766,2563.0000
2021-03-09,91,727.0000,1008.9724,1245.3889,1506.0000,1699.0000,1901.5297,2012.4933,2154.9780,2125.0000,2709.0000,2607.0000
2021-03-16,91,603.0000,1040.6934,1378.8472,1780.5873,2020.5015,2233.9732,2354.0268,2578.3371,2493.1494,3246.0000,3077.0000
2021-03-16,91,640.0000,1065.3915,1368.7711,1763.7632,1995.0000,2210.5027,2340.3421,2546.1312,2459.0615,3212.6071,3092.1823
2021-03-19,91,528.0000,793.0000,1062.0000,1389.2912,1600.0000,1856.5108,1981.0487,2131.6116,2090.9916,2661.0000,2423.0000
2021-03-19,91,576.0000,828.3333,1081.1624,1392.6667,1606.3358,1851.0000,1981.4425,2130.4233,2096.0000,2641.0000,2429.5416
2021-03-21,91,-9999.0000,-9999.0000,-9999.0000,-9999.0000,-9999.0000,-9999.0000,-9999.0000,-9999.0000,-9999.0000,-9999.0000,-9999.0000
2021-03-21,91,-9999.0000,-9999.0000,-9999.0000,-9999.0000,-9999.0000,-9999.0000,-9999.0000,-9999.0000,-9999.0000,-9999.0000,-9999.0000
2021-03-24,91,747.0000,1195.5804,1616.7034,2024.7385,2222.0000,2459.4725,2562.0604,2746.2840,2712.2439,3380.4295,3100.8137
2021-03-24,91,778.0000,1220.9912,1626.0000,2034.0000,2236.8355,2453.0000,2572.5216,2745.5031,2704.0000,3391.0000,3105.9850
2021-03-26,91,1027.0000,1404.9332,1722.8712,2035.3926,2306.0000,2563.0000,2707.0000,2874.7051,2839.0000,3575.0000,3415.0000
2021-03-26,91,1074.0000,1412.0000,1716.7121,2018.3141,2291.0000,2553.4920,2678.9596,2843.0146,2802.0000,3545.5493,3417.0000
2021-03-29,91,976.0000,1273.1171,1556.6939,1818.7273,2084.0000,2356.5161,2500.3341,2578.4175,2618.0000,3181.0000,3074.0781
2021-03-29,91,989.0000,1296.0000,1589.0980,1859.4613,2145.9142,2409.5270,2555.0000,2634.0037,2677.0313,3205.0000,3089.0529
2021-03-31,91,949.0000,1353.9921,1755.3668,2139.2312,2357.4925,2612.6761,2731.3882,2843.4951,2852.7871,3572.1165,3330.0292
2021-03-31,91,1000.0000,1344.6667,1699.0059,2041.4985,2262.6537,2513.3814,2619.0110,2745.2232,2762.5702,3513.0693,3266.2051
2021-04-03,91,799.0000,1140.6702,1500.0000,1818.3333,2053.9808,2330.9362,2466.9545,2610.3514,2602.8496,3241.0000,2989.0000
2021-04-03,91,869.0000,1172.9931,1510.0000,1817.7308,2046.0266,2325.1891,2443.2870,2595.4334,2595.8961,3228.0000,2979.5496
2021-04-05,91,902.0000,1338.0000,1698.0000,2019.2432,2252.5204,2530.5690,2660.8170,2850.0000,2780.4516,3482.0924,3370.9544
2021-04-05,91,913.0000,1349.5900,1708.6667,2034.9005,2257.9383,2529.6945,2660.1881,2862.0000,2789.3579,3493.5890,3370.7331
2021-04-08,91,761.0000,1157.1937,1466.0000,1836.3428,1999.0000,2233.6086,2354.0024,2602.9577,2526.0950,3310.5647,3266.0000
2021-04-08,91,821.0000,1177.2724,1470.0000,1826.3530,1968.5108,2218.0000,2352.0000,2596.3238,2513.4492,3271.0000,3283.6931
2021-04-10,91,1059.0000,1428.9113,1795.5021,2202.6667,2409.5990,2612.4099,2726.0000,2874.0000,2886.0000,3732.5683,3515.5969
2021-04-10,91,1108.0000,1417.2517,1765.3333,2138.8732,2341.2659,2538.2583,2652.9797,2813.5273,2826.9040,3679.0000,3498.7155
2021-04-15,91,835.0000,1036.7908,1293.0020,1588.2337,1823.0000,2019.0000,2154.0817,2280.0000,2272.0000,2535.0000,2028.4036
2021-04-15,91,858.0000,1052.8517,1300.8121,1597.1193,1827.0000,2037.0807,2157.5596,2286.0000,2278.3542,2547.0000,2036.4849
2021-04-20,91,-9999.0000,-9999.0000,-9999.0000,-9999.0000,-9999.0000,-9999.0000,-9999.0000,-9999.0000,-9999.0000,-9999.0000,-9999.0000
2021-04-20,91,-9999.0000,-9999.0000,-9999.0000,-9999.0000,-9999.0000,-9999.0000,-9999.0000,-9999.0000,-9999.0000,-9999.0000,-9999.0000
2021-04-23,91,840.0000,1122.9363,1579.0580,1891.0145,2251.6699,2441.0000,2559.0000,2666.3316,2694.9935,3403.0000,2902.1092
2021-04-23,91,896.0000,1138.6507,1546.0466,1816.0000,2149.0000,2379.0000,2507.0000,2621.0626,2636.0000,3327.0000,2904.0000
2021-04-25,91,999.0000,1340.0000,1763.9196,2027.5763,2388.7663,2637.0000,2771.0000,2898.0752,2872.0000,3739.3768,3419.0000
2021-04-25,91,1039.0000,1333.8198,1716.6667,1954.9391,2297.0000,2535.0000,2721.4903,2841.2706,2820.9190,3648.0000,3395.0000
2021-04-28,91,894.0000,1193.8055,1499.0824,1794.8479,2086.6828,2298.5647,2475.0000,2498.4956,2561.3270,3208.5475,3095.0000
2021-04-28,91,927.0000,1208.8347,1499.0503,1777.2836,2046.3854,2272.0000,2433.0000,2498.7137,2553.4660,3188.0000,3069.0000
2021-04-30,91,-9999.0000,-9999.0000,-9999.0000,-9999.0000,-9999.0000,-9999.0000,-9999.0000,-9999.0000,-9999.0000,-9999.0000,-9999.0000
2021-04-30,91,-9999.0000,-9999.0000,-9999.0000,-9999.0000,-9999.0000,-9999.0000,-9999.0000,-9999.0000,-9999.0000,-9999.0000,-9999.0000
2021-05-03,91,862.0000,1306.0000,1754.4282,2116.0000,2369.9972,2622.0000,2732.1062,2898.0000,2869.0000,3626.9971,3341.6948
2021-05-03,91,907.0000,1308.8246,1754.3353,2073.4286,2363.1576,2586.2258,2721.0000,2873.3439,2840.0000,3610.0000,3324.0000
2021-05-05,91,-9999.0000,-9999.0000,-9999.0000,-9999.0000,-9999.0000,-9999.0000,-9999.0000,-9999.0000,-9999.0000,-9999.0000,-9999.0000
2021-05-05,91,-9999.0000,-9999.0000,-9999.0000,-9999.0000,-9999.0000,-9999.0000,-9999.0000,-9999.0000,-9999.0000,-9999.0000,-9999.0000
2021-05-08,91,517.0000,850.5000,1196.6640,1528.0000,1761.9268,2029.4902,2181.1082,2308.0901,2332.8224,2850.0000,2363.0707
2021-05-08,91,606.0000,884.5000,1204.0000,1484.0000,1714.4551,1989.9120,2152.5062,2264.7511,2304.5053,2802.2781,2343.0000
2021-05-10,91,1070.0000,1387.6310,1836.8505,2182.0000,2491.6712,2780.4669,2913.0000,2973.0000,3086.0000,3804.1676,3388.1122
2021-05-10,91,1051.0000,1371.5092,1797.0778,2114.0000,2438.0000,2717.6782,2850.0000,2916.9441,3002.4554,3762.5786,3355.5370
2021-05-13,91,982.0000,1160.0000,1444.0000,1614.0000,1870.6749,2125.8401,2245.2388,2269.4018,2349.0070,2198.6674,1765.3058
2021-05-13,91,949.0000,1138.0000,1448.0000,1616.6667,1883.0000,2143.0000,2281.0000,2297.3333,2389.0000,2208.5065,1758.7130
2021-05-15,91,1015.0000,1393.4793,1797.5867,2076.6327,2457.0000,2810.4988,3020.0000,3106.7854,3153.0000,3741.0716,3128.4580
2021-05-15,91,1038.0000,1436.0000,1851.3224,2140.7642,2524.8898,2868.0000,3079.0000,3170.4784,3201.0000,3777.9003,3151.0000
2021-05-18,91,598.0000,953.4839,1360.9841,1627.3055,1930.0000,2215.0000,2387.0356,2484.2247,2505.3856,3028.0211,2604.0000
2021-05-18,91,666.0000,978.0000,1350.0000,1602.3094,1897.7092,2200.0000,2357.0000,2466.6667,2479.0000,2981.4515,2562.8210
2021-05-20,91,781.0000,1147.4322,1619.3711,1931.0000,2282.5559,2616.0000,2748.0283,2891.0000,2918.0000,3428.9292,2862.9308
2021-05-20,91,853.0000,1138.6724,1586.8345,1875.0166,2227.0000,2578.5199,2715.5913,2827.1891,2860.5446,3397.0000,2848.0000
2021-05-23,91,1552.0000,1728.0000,2062.0000,2147.6932,2529.0000,2921.4726,3060.0000,3115.0000,3195.0000,2861.2293,2427.6420
2021-05-23,91,1620.0000,1772.2045,2113.3173,2187.0227,2590.0000,2997.2579,3143.0000,3200.0000,3281.4859,2892.7074,2439.0000
2021-05-25,91,1251.0000,1392.0000,1764.0000,1746.0000,2334.0000,3046.0000,3275.0000,3396.0000,3416.0000,3199.0000,2185.0000
2021-05-25,91,-9999.0000,-9999.0000,-9999.0000,-9999.0000,-9999.0000,-9999.0000,-9999.0000,-9999.0000,-9999.0000,-9999.0000,-9999.0000
2021-05-28,91,558.0000,877.1665,1273.0876,1426.0000,1770.0873,2238.0000,2399.0000,2500.3219,2510.0000,2697.0000,2154.0000
2021-05-28,91,642.0000,896.7133,1261.2199,1395.0000,1725.5006,2213.7623,2373.3030,2467.0405,2484.0401,2668.4910,2153.5007
2021-05-30,91,907.0000,1282.9527,1835.0839,2010.0000,2420.0000,3157.0000,3303.0000,3460.6066,3425.0000,3626.4056,2994.7227
2021-05-30,91,957.0000,1275.6495,1787.0207,1959.6229,2392.0000,3082.9285,3223.0000,3403.3004,3364.0694,3610.1489,3012.0000
2021-06-02,91,791.0000,1301.3727,1857.3149,2011.2123,2477.0000,3253.0596,3444.9239,3523.5000,3554.8953,3646.0000,3041.0000
2021-06-02,91,889.0000,1283.5000,1785.0737,1918.0000,2347.3010,3132.6171,3323.0000,3427.7886,3461.0000,3586.8214,3003.6603
2021-06-04,91,1316.0000,1298.8889,1737.4984,1835.4009,2217.0000,2852.3155,3089.4995,3082.0000,3177.0000,2996.2059,2526.0746
2021-06-04,91,1322.0000,1315.3333,1778.1250,1888.0000,2309.0000,2930.0000,3168.0000,3153.1764,3240.5083,3041.4078,2522.7227
2021-06-07,91,1081.0000,1305.0559,1656.7943,1668.3994,2142.0000,2870.0000,3142.9005,3084.8576,3234.0000,2941.5702,2360.0000
2021-06-07,91,1100.0000,1324.0000,1688.0000,1699.0536,2169.0000,2917.0000,3190.0283,3145.3333,3282.5083,2979.0000,2396.7316
2021-06-09,91,1101.0000,1378.0000,1808.6066,1850.0579,2333.0000,3300.5255,3536.1026,3570.0000,3693.6247,3458.4178,2739.8229
2021-06-09,91,1134.0000,1403.3203,1858.6667,1914.0000,2442.2113,3437.0528,3664.7671,3685.2555,3807.0000,3531.0000,2741.1648
2021-06-12,91,590.0000,950.0000,1450.2711,1529.0039,2044.0000,3170.2544,3493.0000,3513.0000,3660.0000,3243.4935,2397.0000
2021-06-12,91,720.0000,988.5009,1426.5611,1466.0000,1941.5865,3033.4528,3349.9683,3373.3066,3529.0000,3160.0000,2366.0000
2021-06-14,91,683.0000,996.1109,1402.8937,1443.3241,1898.0000,3152.1832,3606.5055,3685.4532,3736.5255,3301.0000,2524.4643
2021-06-14,91,672.0000,987.1827,1418.9699,1448.5951,1942.0000,3233.6031,3694.0000,3774.0000,3834.0000,3342.0000,2514.9517
2021-06-17,91,321.0000,659.2827,1093.2426,1093.4333,1577.0000,3076.7805,3630.3390,3681.2385,3788.0000,2915.0088,2090.4913
2021-06-17,91,545.0000,772.0000,1114.0000,1084.2999,1530.5355,2872.0000,3378.4970,3441.1601,3530.3184,2814.0000,2054.0000
2021-06-19,91,806.0000,912.6667,1273.0134,1196.3351,1643.0000,3073.0000,3521.5797,3488.0000,3720.5583,2722.0000,1860.7461
2021-06-19,91,829.0000,930.0000,1276.9401,1193.8682,1647.0000,3075.0000,3528.0000,3493.2216,3722.0000,2729.1034,1856.5026
2021-06-22,91,462.0000,534.5754,891.7232,810.6139,1280.0000,3043.0000,3682.0000,3701.3234,3833.0000,2510.0000,1585.0000
2021-06-22,91,571.0000,606.0366,932.1784,829.3687,1294.0000,2982.0000,3593.0000,3625.2000,3746.0997,2493.0000,1593.0000
2021-06-24,91,583.0000,708.5438,1034.5014,891.4347,1392.0000,3097.4481,3836.0000,3813.0738,3964.4939,2613.6328,1711.0000
2021-06-24,91,623.0000,717.9364,1043.4187,892.2268,1393.2881,3092.7399,3826.2987,3813.0000,3982.0000,2618.3566,1705.0000
2021-06-27,91,-9999.0000,-9999.0000,-9999.0000,-9999.0000,-9999.0000,-9999.0000,-9999.0000,-9999.0000,-9999.0000,-9999.0000,-9999.0000
2021-06-27,91,1417.0000,1456.0000,1656.0000,1404.0000,1904.0000,3348.0000,4016.0000,4014.0000,4118.0000,2522.0000,1858.0000
2021-06-29,91,523.0000,513.6944,917.4862,725.3669,1288.2483,3314.0000,3957.0000,3941.4286,4122.0000,2411.5282,1453.0279
2021-06-29,91,516.0000,512.8365,914.2500,714.8066,1289.7461,3329.0000,3976.0000,3961.8458,4149.0000,2426.6199,1450.0000
2021-07-02,91,402.0000,413.6326,774.0317,602.9472,1141.0324,3056.5161,3754.0000,3811.5444,3941.0000,2228.3713,1325.2635
2021-07-02,91,446.0000,421.7073,777.3535,595.8199,1159.0000,3061.9866,3768.0000,3817.6981,3953.0000,2243.8504,1357.1667
2021-07-04,91,760.0000,777.6486,997.0128,745.4096,1265.4112,2977.0000,3746.0000,3674.0067,3927.0000,2186.0000,1338.2647
2021-07-07,91,287.0000,357.7908,678.0236,444.8800,982.8165,2839.0000,3619.6140,3603.2358,3741.0000,1971.2731,1148.2432
2021-07-07,91,375.0000,413.2370,706.2599,473.0553,985.3623,2800.0000,3540.5037,3536.9385,3676.5060,1956.4785,1154.7877
2021-07-09,91,314.4400,309.5662,685.0871,452.6522,1029.7148,3309.0000,4101.0000,4162.3575,4221.5594,2158.2223,1205.0000
2021-07-09,91,434.0000,389.8304,725.7079,499.5916,1054.4963,3220.0000,3972.0059,4040.2504,4116.7436,2142.6878,1218.4166
2021-07-12,91,130.0000,138.7396,445.2832,352.9616,748.0000,2338.0000,3010.0004,2939.9435,3148.9490,1554.2084,885.5169
2021-07-12,91,289.0000,274.5261,534.2632,421.6810,794.8343,2293.2391,2947.7296,2865.3596,3059.7215,1545.0202,885.0049
2021-07-14,91,-9999.0000,-9999.0000,-9999.0000,-9999.0000,-9999.0000,-9999.0000,-9999.0000,-9999.0000,-9999.0000,-9999.0000,-9999.0000
2021-07-19,91,-9999.0000,-9999.0000,-9999.0000,-9999.0000,-9999.0000,-9999.0000,-9999.0000,-9999.0000,-9999.0000,-9999.0000,-9999.0000
2021-07-19,91,-9999.0000,-9999.0000,-9999.0000,-9999.0000,-9999.0000,-9999.0000,-9999.0000,-9999.0000,-9999.0000,-9999.0000,-9999.0000
2021-07-22,91,391.0000,438.5052,710.3917,540.7500,1008.0000,2791.0000,3626.4998,3626.6600,3919.0000,2121.6875,1165.1103
2021-07-22,91,458.0000,496.6975,744.5189,565.7196,1009.0000,2772.5432,3600.0000,3584.4985,3876.0000,2109.0000,1173.2132
2021-07-24,91,840.0000,904.0000,1084.0000,886.0000,1284.9423,2708.0000,3511.0000,3504.6223,3730.0000,2265.0000,1389.0000
2021-07-24,91,603.0000,719.0000,987.0000,805.9152,1274.3459,2920.0000,3841.6740,3820.0000,4073.0000,2346.3298,1408.0000
2021-07-29,91,373.0000,414.6429,724.8379,572.3355,1056.7662,2722.0000,3333.3177,3326.0000,3553.5513,2168.5496,1237.5297
2021-07-29,91,469.0000,496.0014,770.3684,610.8127,1066.5156,2659.0000,3247.0000,3240.5591,3468.1467,2152.5286,1234.0000
2021-08-01,91,290.0000,405.0000,619.0000,537.0000,884.0000,1832.0000,2195.0000,2146.0000,2414.0000,1487.0000,939.0000
2021-08-01,91,206.0000,384.3306,594.0000,453.6038,821.0567,1812.9646,2218.0000,2186.0000,2344.0000,1293.7516,775.0000
2021-08-03,91,431.0000,594.4198,904.4554,824.8420,1317.0000,2689.4853,3277.0000,3316.0000,3484.8555,2440.8568,1564.0000
2021-08-03,91,479.0000,630.7011,926.0000,825.6577,1318.0000,2632.5380,3228.0000,3270.0000,3447.0000,2438.3779,1570.3238
2021-08-06,91,345.0000,506.5291,796.6583,729.2758,1194.0000,2366.8263,2893.0000,2934.4532,3130.0000,2201.0000,1421.2971
2021-08-06,91,377.0000,528.8619,810.8037,720.0000,1206.6431,2385.3669,2921.0000,2929.4909,3130.0000,2201.0000,1413.0000
2021-08-08,91,-9999.0000,-9999.0000,-9999.0000,-9999.0000,-9999.0000,-9999.0000,-9999.0000,-9999.0000,-9999.0000,-9999.0000,-9999.0000
2021-08-11,91,464.0000,590.9427,922.3932,1009.2391,1497.9966,2305.4763,2661.9677,2701.0960,2941.9223,2521.0000,1645.4168
2021-08-11,91,503.0000,625.0000,935.0000,1009.3333,1493.0000,2285.1443,2649.4266,2692.0000,2922.0000,2522.0000,1649.7190
2021-08-13,91,536.0000,861.0000,1134.0000,1266.0000,1753.0000,2415.0000,2819.0000,2908.0000,3112.0000,2428.0000,1672.0000
2021-08-13,91,735.0000,950.0000,1178.0000,1312.0000,1731.0000,2335.0000,2721.5502,2776.6738,2988.0000,2515.0000,1758.9797
2021-08-16,91,398.0000,622.5000,906.5000,1164.6667,1537.5045,2056.0000,2399.0000,2469.0000,2719.0000,2752.0000,1952.5297
2021-08-16,91,461.0000,666.5000,926.4288,1166.0000,1541.0000,2059.0000,2410.5370,2468.0000,2729.9077,2730.0000,1946.9705
2021-08-18,91,415.0000,613.7613,973.3681,1355.2248,1782.0000,2309.4933,2544.9885,2776.0000,2928.9866,3097.5149,2129.7562
2021-08-18,91,509.0000,666.7500,990.3184,1330.7334,1725.0140,2269.9967,2501.3689,2728.0000,2880.5865,3040.5010,2109.3309
2021-08-21,91,462.0000,628.0000,917.2350,1289.5544,1666.0006,2070.2882,2349.5156,2496.9352,2716.0000,2945.5516,1998.0000
2021-08-21,91,582.0000,708.5000,952.0000,1261.2525,1622.5080,2036.0000,2302.0874,2442.0000,2670.0000,2894.3028,1968.0000
2021-08-26,91,385.0000,612.6699,873.8289,1261.5210,1597.4765,1963.0000,2252.0000,2434.1430,2616.0000,2920.9615,2078.1055
2021-08-26,91,392.0000,620.7204,877.4979,1278.0000,1612.6098,1977.0499,2270.6669,2437.2273,2633.4970,2929.6131,2071.0000
2021-08-28,91,-9999.0000,-9999.0000,-9999.0000,-9999.0000,-9999.0000,-9999.0000,-9999.0000,-9999.0000,-9999.0000,-9999.0000,-9999.0000
2021-08-28,91,-9999.0000,-9999.0000,-9999.0000,-9999.0000,-9999.0000,-9999.0000,-9999.0000,-9999.0000,-9999.0000,-9999.0000,-9999.0000
2021-08-31,91,1050.0000,976.0000,1276.0000,1308.0000,1669.0000,2481.0000,2685.0000,2578.0000,2935.0000,2162.0000,1503.0000
2021-08-31,91,1072.0000,1152.0000,1470.0000,1826.0000,2210.0000,2678.0000,2901.0000,3064.0000,3201.0000,2930.0000,2011.0000
2021-09-02,91,632.0000,1188.0000,1635.3173,2379.2597,2800.4994,3026.0000,3347.0000,3683.5006,3787.6082,4582.7059,3369.3326
2021-09-02,91,727.0000,1190.0000,1595.7103,2283.2837,2685.3468,2940.0000,3265.5508,3586.4123,3686.0000,4485.6591,3353.2254
2021-09-05,91,518.0000,969.8993,1354.0000,1953.6944,2281.5000,2545.4710,2793.0000,3077.3333,3185.9819,4035.2041,3083.6902
2021-09-05,91,573.0000,993.3590,1361.1707,1955.2253,2273.0000,2531.0000,2800.0000,3072.8504,3187.0000,3983.0000,3079.0000
2021-09-07,91,643.0000,1077.4854,1544.6667,2251.0000,2621.9988,2932.9656,3182.4216,3492.9901,3661.6999,4488.2078,3307.0085
2021-09-07,91,745.0000,1098.0000,1512.3135,2155.1827,2537.0000,2853.5663,3098.5245,3388.0000,3536.2872,4397.0000,3257.0000
2021-09-10,91,509.0000,897.4789,1310.0000,1922.2150,2257.4645,2556.0000,2801.0000,3060.9793,3207.0000,3976.8198,2924.3736
2021-09-10,91,594.0000,938.1356,1308.4708,1892.5000,2213.2023,2523.0000,2767.0000,3020.0000,3154.3404,3954.7291,2892.5251
2021-09-12,91,599.0000,1002.2795,1361.6455,1914.9852,2291.1799,2545.9165,2826.4962,3012.0000,3180.0000,4220.0000,3245.0000
2021-09-12,91,679.0000,1029.1774,1353.3250,1842.4467,2209.4352,2462.0000,2756.1170,2924.0000,3109.0000,4115.4697,3211.8463
2021-09-20,91,510.0000,786.5027,1132.0000,1504.5032,1701.4897,1781.0000,1896.0000,1957.1286,2055.0000,2829.1141,2354.9504
2021-09-20,91,536.0000,802.6737,1142.0000,1520.8576,1714.3149,1792.2730,1909.0000,1969.2358,2067.0000,2840.4498,2354.0000
2021-09-22,91,-9999.0000,-9999.0000,-9999.0000,-9999.0000,-9999.0000,-9999.0000,-9999.0000,-9999.0000,-9999.0000,-9999.0000,-9999.0000
2021-09-25,91,1956.0000,2144.0000,2372.0000,2570.0000,2912.0000,3149.0000,3356.0000,3420.0000,3569.0000,4351.0000,3966.0000
2021-09-25,91,-9999.0000,-9999.0000,-9999.0000,-9999.0000,-9999.0000,-9999.0000,-9999.0000,-9999.0000,-9999.0000,-9999.0000,-9999.0000
2021-09-27,91,1038.0000,1178.0000,1504.0000,1752.0000,2084.3016,2341.0436,2478.3285,2468.3609,2660.7353,3369.6346,2682.9830
2021-09-27,91,1096.0000,1216.0000,1520.0000,1749.2616,2078.3508,2330.6437,2469.9680,2457.4172,2638.4761,3348.5301,2675.0000
2021-09-30,91,598.0000,1049.0200,1467.7269,1762.8088,2062.0713,2293.3589,2408.0000,2493.5773,2552.0000,3459.5816,3147.0000
2021-09-30,91,731.0000,1073.4286,1491.6454,1755.0600,2041.0000,2289.5065,2401.7448,2481.2162,2542.6667,3449.0000,3139.3894
2021-10-02,91,1516.0000,1860.0000,2050.0000,2088.0000,2414.4817,2624.6690,2740.0000,2834.0000,2796.5700,2917.0000,2643.0000
2021-10-05,91,-9999.0000,-9999.0000,-9999.0000,-9999.0000,-9999.0000,-9999.0000,-9999.0000,-9999.0000,-9999.0000,-9999.0000,-9999.0000
2021-10-10,91,-9999.0000,-9999.0000,-9999.0000,-9999.0000,-9999.0000,-9999.0000,-9999.0000,-9999.0000,-9999.0000,-9999.0000,-9999.0000
2021-10-10,91,-9999.0000,-9999.0000,-9999.0000,-9999.0000,-9999.0000,-9999.0000,-9999.0000,-9999.0000,-9999.0000,-9999.0000,-9999.0000
2021-10-15,91,762.0000,1125.5785,1532.7132,1600.0000,2009.9596,2482.0000,2637.6592,2817.8235,2764.5175,2984.4516,2627.3858
2021-10-15,91,858.0000,1169.6456,1529.2000,1595.0088,1990.5500,2470.0133,2617.0007,2776.0000,2745.9451,2973.0005,2613.0154
2021-10-17,91,827.0000,1129.1419,1618.0645,1721.8633,2226.9280,2835.0000,2964.4158,3172.5357,3122.0000,3509.0792,2983.0000
2021-10-17,91,875.0000,1141.2766,1634.8813,1740.2430,2221.2942,2840.9866,2965.1558,3172.3564,3125.0564,3525.2548,2954.4313
2021-10-27,91,754.0000,1005.6882,1505.0614,1481.7051,2109.0000,2844.0000,2993.4888,3130.8221,3142.0000,3253.3934,2674.4824
2021-10-27,91,755.0000,1001.7588,1522.2857,1499.3846,2136.0000,2894.0000,3034.0000,3179.6360,3181.7684,3276.0000,2684.0273
2021-10-30,91,813.0000,945.0000,1282.0000,1273.0000,1685.1745,2248.0000,2411.0000,2555.0000,2517.9073,2461.0000,1842.0000
2021-10-30,91,875.0000,1006.0508,1338.2474,1330.0024,1852.0000,2404.0000,2547.0000,2681.3333,2692.0000,2586.0000,2040.0000
2021-11-04,91,4.0000,209.0000,492.2726,436.5771,777.0000,1227.0000,1300.0000,1397.3333,1370.0000,1091.0000,802.3839
2021-11-04,91,1.0000,87.0000,412.6933,358.3458,744.0000,1218.4758,1320.0000,1394.0000,1368.5172,1099.0000,808.4994
2021-11-06,91,320.2628,518.1805,1136.6667,1042.4342,1868.0000,2839.0000,2948.7717,3052.0000,3106.2809,2852.0000,2111.0000
2021-11-06,91,552.0000,688.8781,1200.3586,1066.1396,1818.0760,2673.0000,2807.0000,2914.0000,2948.4650,2752.4395,2045.1661
2021-11-11,91,703.0000,977.1741,1492.6579,1403.9067,2120.0000,2844.6449,3037.0000,3083.1123,3172.0000,3011.0000,2481.0000
2021-11-11,91,778.0000,1028.1264,1513.3333,1400.7074,2121.3472,2811.7912,2993.4886,3029.8750,3107.8642,3025.0000,2491.0000
2021-11-19,91,645.0000,820.4463,1261.0738,1172.8084,1802.0000,2408.0000,2556.5933,2660.0000,2713.3726,2477.9065,1786.0000
2021-11-19,91,653.0000,818.0000,1268.0000,1168.0000,1811.0000,2437.8319,2598.0000,2659.6811,2728.0000,2485.0590,1788.8663
2021-11-24,91,339.0000,597.5581,944.5050,1041.3333,1605.0751,2210.4983,2374.8344,2610.0031,2579.0000,2620.0000,2193.8875
2021-11-24,91,321.0000,584.9530,937.7629,1040.6291,1602.1003,2200.0000,2406.0000,2621.0000,2580.0719,2620.3636,2182.0000
2021-11-29,91,162.0000,501.9586,960.7771,1152.4498,1697.0000,2157.3275,2328.0344,2565.0438,2562.8181,2645.0000,1940.1484
2021-11-29,91,235.0000,522.7650,968.4397,1161.6655,1696.0000,2178.1672,2352.0155,2569.2847,2569.6166,2648.3635,1932.5412
2021-12-01,91,149.0000,506.0000,810.5000,1042.0000,1523.0000,1793.4520,2008.0000,2163.9764,2228.5213,2288.8653,1662.0000
2021-12-01,91,188.0000,522.3020,824.5000,1052.8147,1527.0000,1793.8961,2013.9687,2186.7317,2244.3963,2293.0000,1674.0000
2021-12-06,91,101.0000,412.3425,792.3528,1224.4306,1613.4086,1854.0000,2029.3375,2267.6988,2270.0000,2512.2924,1846.0000
2021-12-06,91,374.0000,588.2500,886.0000,1240.6048,1589.0000,1824.0000,1984.4529,2203.5605,2197.0000,2451.0000,1818.0000
2021-12-14,91,-9999.0000,-9999.0000,-9999.0000,-9999.0000,-9999.0000,-9999.0000,-9999.0000,-9999.0000,-9999.0000,-9999.0000,-9999.0000
2021-12-14,91,-9999.0000,-9999.0000,-9999.0000,-9999.0000,-9999.0000,-9999.0000,-9999.0000,-9999.0000,-9999.0000,-9999.0000,-9999.0000
2021-12-16,91,100.0000,410.1772,780.4481,1161.2609,1465.0000,1646.3234,1744.0000,1882.6403,1964.9540,2418.0000,1908.0000
2021-12-16,91,341.0000,566.6220,868.7759,1182.0000,1447.0000,1637.0000,1732.4334,1860.7103,1926.0000,2380.0000,1882.0000
2021-12-29,91,-9999.0000,-9999.0000,-9999.0000,-9999.0000,-9999.0000,-9999.0000,-9999.0000,-9999.0000,-9999.0000,-9999.0000,-9999.0000
2021-12-31,91,-9999.0000,-9999.0000,-9999.0000,-9999.0000,-9999.0000,-9999.0000,-9999.0000,-9999.0000,-9999.0000,-9999.0000,-9999.0000
2021-12-31,91,-9999.0000,-9999.0000,-9999.0000,-9999.0000,-9999.0000,-9999.0000,-9999.0000,-9999.0000,-9999.0000,-9999.0000,-9999.0000
2022-01-08,91,280.0000,586.6188,863.0000,1240.4297,1475.0000,1644.0000,1751.0000,1955.7429,1903.0000,2238.0000,1713.0000
2022-01-08,91,261.0000,554.2071,830.7182,1225.1591,1461.0000,1641.0000,1755.0000,1952.8521,1908.0000,2233.0000,1709.0000
2022-01-13,91,-9999.0000,-9999.0000,-9999.0000,-9999.0000,-9999.0000,-9999.0000,-9999.0000,-9999.0000,-9999.0000,-9999.0000,-9999.0000
2022-01-13,91,-9999.0000,-9999.0000,-9999.0000,-9999.0000,-9999.0000,-9999.0000,-9999.0000,-9999.0000,-9999.0000,-9999.0000,-9999.0000
2022-01-15,91,251.0000,529.7817,918.2520,1252.0000,1540.9958,1709.0000,1812.3535,1938.0000,1972.0000,2451.0000,1881.9923
2022-01-15,91,435.0000,664.7271,985.5124,1260.9711,1522.2865,1680.5000,1780.6403,1917.3794,1941.9962,2397.0000,1881.0000
2022-01-18,91,152.0000,472.4949,834.5458,1180.9881,1434.3882,1590.5139,1696.0059,1836.1883,1836.9906,2348.4409,1845.0000
2022-01-18,91,284.0000,558.5679,876.8148,1180.8997,1421.0000,1570.0000,1670.6623,1819.1892,1824.2917,2319.0000,1829.5179
2022-01-20,91,745.0000,1022.6667,1182.0000,1422.0000,1722.0000,1954.0000,2077.0000,2193.1969,2201.0000,2609.0000,2168.0000
2022-01-20,91,733.0000,1008.7965,1172.0000,1408.0000,1707.0000,1930.0000,2076.5511,2176.8716,2195.0000,2602.5985,2159.0000
2022-01-23,91,466.0000,793.3386,1081.0000,1354.0000,1646.5914,1844.0000,1999.0000,2108.7915,2133.0000,2495.0000,2163.6827
2022-01-23,91,632.0000,910.2017,1133.0300,1356.4038,1641.6826,1845.0000,1958.0479,2070.0000,2098.5093,2453.9849,2189.5296
2022-01-25,91,626.0000,788.5105,1189.0040,1539.4307,1880.0000,2052.0000,2142.0000,2300.7080,2314.0000,3049.5009,2634.7926
2022-01-25,91,805.0000,984.4731,1272.5671,1532.6014,1844.0000,2017.2723,2084.0000,2233.0049,2236.0000,2961.0000,2605.0000
2022-01-28,91,537.0000,728.6863,1081.4864,1425.3089,1708.3583,1893.0000,1995.0000,2172.7172,2133.3359,2830.0000,2458.0000
2022-01-28,91,644.0000,918.3778,1173.1041,1433.4109,1684.4179,1857.1873,1951.0000,2121.0718,2116.4640,2750.0000,2415.0000
2022-01-30,91,516.0000,905.7014,1144.5397,1404.5756,1717.0000,1921.7088,2043.0000,2201.9376,2175.0000,2840.9566,2552.7933
2022-01-30,91,599.0000,940.9447,1161.4534,1426.0000,1698.6951,1905.9505,2025.0000,2186.5490,2176.8316,2825.0000,2528.0000
2022-02-02,91,548.0000,844.0000,1100.7418,1354.0000,1606.4960,1760.0000,1873.0000,1995.3165,2008.4571,2577.0559,2413.5695
2022-02-02,91,608.0000,900.3087,1124.0000,1344.0000,1589.0000,1757.6080,1849.0000,1980.9614,1990.0000,2552.0000,2391.0000
2022-02-07,91,748.0000,974.0000,1237.1084,1484.5898,1740.0000,1929.2743,2027.0000,2185.5832,2167.0000,2897.2003,2605.4410
2022-02-07,91,787.0000,1008.4408,1280.0000,1497.2440,1730.0000,1932.5000,2024.6486,2185.5128,2149.3407,2866.0000,2600.0000
2022-02-09,91,532.0000,913.4970,1249.3245,1571.0116,1867.0000,2094.0000,2214.0000,2458.7267,2386.0000,3134.6893,2886.4535
2022-02-09,91,727.0000,1024.6566,1269.2429,1524.9759,1781.4634,2019.0000,2151.0000,2364.7646,2302.4547,3028.0000,2811.3480
2022-02-12,91,663.0000,944.0000,1201.4540,1456.0000,1693.2093,1925.1378,2047.0000,2245.1433,2197.5009,2905.2324,2812.0000
2022-02-12,91,681.0000,972.0000,1213.2988,1460.7696,1693.7268,1929.4835,2056.0000,2241.4316,2191.0000,2910.0000,2800.0000
2022-02-22,91,478.0000,762.0000,1070.0000,1321.2887,1607.0000,1873.5220,2018.0000,2217.6667,2161.5098,2748.6592,2469.0000
2022-02-22,91,509.0000,788.6697,1082.0000,1324.3963,1609.0000,1850.4640,2001.7913,2209.5986,2152.5253,2757.6627,2469.5285
2022-02-24,91,952.0000,1152.0000,1476.3727,1714.0000,2064.5431,2348.3529,2458.0137,2670.0000,2632.0000,3205.9753,2793.0000
2022-02-24,91,1109.0000,1270.0000,1554.0000,1744.0000,2084.0000,2389.6296,2493.0000,2676.0000,2649.0000,3208.4940,2804.5866
2022-02-27,91,800.0000,1020.8664,1312.0000,1572.0000,1862.5213,2142.0828,2258.4516,2461.0421,2426.0000,3150.0000,2834.7188
2022-02-27,91,857.0000,1050.0000,1325.4824,1578.0000,1853.0262,2119.0000,2234.0000,2453.5865,2421.0000,3129.9516,2824.0000
2022-03-01,91,885.0000,1184.8000,1456.1010,1741.0333,2045.5114,2362.0000,2515.0000,2774.0000,2669.4408,3440.5858,3210.0000
2022-03-01,91,891.0000,1188.4666,1476.0920,1765.0370,2068.4836,2394.0000,2519.0000,2801.5292,2689.6706,3467.0000,3234.8404
2022-03-04,91,763.0000,1109.8279,1400.6662,1705.0000,1961.0109,2277.0000,2416.0000,2669.0000,2594.0000,3290.0000,3107.6256
2022-03-04,91,846.0000,1142.0000,1410.0000,1692.5976,1944.8253,2268.0000,2386.0000,2648.0000,2567.0000,3254.3285,3084.0000
2022-03-06,91,1018.0000,1238.0000,1549.2520,1838.0000,2109.3738,2443.0000,2578.6893,2812.7888,2786.0000,3577.5285,3267.7004
2022-03-06,91,1045.0000,1250.0000,1565.7443,1837.6618,2125.5676,2462.0000,2587.0000,2821.6377,2783.0000,3586.0000,3289.0000
2022-03-09,91,791.0000,1104.6667,1456.5290,1777.4643,2072.9411,2393.9411,2517.0000,2724.5773,2677.3401,3409.9358,3058.0000
2022-03-09,91,841.0000,1116.7820,1465.2489,1786.0000,2080.0000,2398.0000,2533.5196,2736.0000,2703.0000,3419.0000,3058.8228
2022-03-14,91,1383.0000,1507.6024,1828.0000,2093.2655,2469.5000,2885.0000,3083.0000,3201.0000,3308.0000,3757.5806,3313.0000
2022-03-14,91,1385.0000,1536.6667,1848.6100,2101.2319,2470.0000,2890.0000,3082.0000,3208.0000,3332.0000,3704.0000,3286.0000
2022-03-16,91,-9999.0000,-9999.0000,-9999.0000,-9999.0000,-9999.0000,-9999.0000,-9999.0000,-9999.0000,-9999.0000,-9999.0000,-9999.0000
2022-03-19,91,832.0000,1136.4057,1476.2970,1788.0000,2065.5393,2429.0520,2583.0000,2829.3390,2751.0000,3357.4525,2984.0000
2022-03-19,91,906.0000,1164.0000,1505.0249,1805.3333,2071.0000,2406.5475,2586.0000,2824.0000,2744.0000,3359.0000,2977.9727
2022-03-21,91,948.0000,1316.7406,1621.1192,1936.7716,2190.0000,2573.0000,2731.0000,3052.9752,2917.0000,3545.7162,3282.4982
2022-03-21,91,979.0000,1332.9800,1642.0000,1937.0366,2185.0000,2561.0000,2729.0000,3050.0000,2913.5261,3537.3777,3267.0000
2022-03-24,91,796.0000,1152.8965,1469.7122,1765.4078,2019.0000,2410.0000,2577.0000,2841.3592,2762.0000,3340.0000,3106.2748
2022-03-24,91,856.0000,1180.0000,1477.4209,1760.8703,2023.0000,2405.0000,2567.0000,2828.0000,2741.4878,3325.0150,3107.8215
2022-03-26,91,1222.0000,1392.0000,1653.7030,1893.6000,2162.3720,2520.9972,2685.3213,2916.7739,2890.0000,3561.3366,3163.4979
2022-03-26,91,1253.0000,1412.0000,1660.0000,1892.0000,2160.4812,2529.0000,2683.0000,2912.0000,2869.4592,3545.5653,3164.2892
2022-04-03,91,674.0000,1074.0000,1429.0000,1675.1780,2037.5796,2511.0000,2665.3898,2880.0000,2836.3809,3218.5781,2923.0000
2022-04-03,91,677.0000,1094.0000,1454.0000,1715.5802,2100.8738,2574.0000,2738.8995,2941.2211,2897.3966,3283.0971,2960.0000
2022-04-05,91,1195.0000,1404.8006,1764.8065,1932.9282,2456.8192,3150.0000,3338.7366,3527.6657,3520.0000,3627.0000,3032.1885
2022-04-05,91,1213.0000,1432.8259,1776.7141,1938.9629,2459.7675,3179.8050,3358.0000,3527.9654,3556.0000,3612.0000,3016.9072
2022-04-08,91,-9999.0000,-9999.0000,-9999.0000,-9999.0000,-9999.0000,-9999.0000,-9999.0000,-9999.0000,-9999.0000,-9999.0000,-9999.0000
2022-04-10,91,549.0000,838.0000,1140.0000,1365.5936,1705.3066,2181.5952,2361.5250,2562.8625,2515.1133,2693.0000,2138.0000
2022-04-10,91,536.0000,836.0000,1150.0000,1389.0000,1736.0000,2218.6904,2394.0000,2598.0000,2550.6784,2719.0000,2133.0000
2022-04-15,91,935.0000,1313.5000,1696.0000,1842.3371,2265.6029,2869.9670,3027.5162,3176.0000,3156.6076,3179.5103,2731.2441
2022-04-15,91,1008.0000,1342.0000,1709.5179,1828.6782,2257.3267,2853.0000,3007.0000,3136.0000,3145.9336,3176.4785,2705.2155
2022-04-18,91,701.0000,1136.5035,1548.9921,1722.4000,2177.6602,2802.0396,2970.5350,3181.3822,3139.0000,3092.5371,2589.0298
2022-04-18,91,726.0000,1141.0000,1560.0000,1740.0400,2174.0000,2835.0000,3009.8664,3260.0000,3168.0000,3093.4799,2583.0000
2022-04-20,91,840.0000,1268.0000,1609.6854,1761.9531,2233.0000,2939.9454,3158.0000,3362.4986,3323.1308,3098.0000,2683.5009
2022-04-20,91,906.0000,1296.5220,1609.5930,1749.1512,2195.4807,2871.0000,3116.3855,3284.0000,3253.0000,3084.0000,2656.0000
2022-04-23,91,-9999.0000,-9999.0000,-9999.0000,-9999.0000,-9999.0000,-9999.0000,-9999.0000,-9999.0000,-9999.0000,-9999.0000,-9999.0000
2022-04-25,91,718.0000,886.0000,1240.0000,1340.0000,1878.0000,2634.0000,2813.8702,2883.2859,2957.0000,2713.8323,2027.2727
2022-04-25,91,750.0000,896.2608,1224.5688,1290.0000,1840.7048,2583.0000,2753.5035,2835.2912,2901.0000,2613.2772,1893.0000
2022-04-28,91,591.0000,969.2500,1390.0000,1523.0000,2116.4504,2940.5073,3133.5235,3285.0222,3282.8627,3008.0000,2420.2064
2022-04-28,91,662.0000,992.0000,1385.0000,1490.9743,2073.1628,2870.0063,3064.9844,3220.0000,3227.0000,2967.0000,2406.0000
2022-04-30,91,713.0000,1156.9911,1598.0000,1692.6667,2244.9698,3130.0097,3361.0000,3609.4851,3489.7450,3138.4522,2627.4959
2022-04-30,91,778.0000,1162.0000,1544.5000,1626.6672,2161.3506,3001.7504,3234.4566,3444.0000,3368.0000,3083.0000,2613.4726
2022-05-03,91,618.0000,1028.6764,1428.0000,1522.4513,2161.3108,3081.5533,3331.0000,3476.0000,3492.2031,3010.9818,2531.0000
2022-05-03,91,610.0000,1045.0000,1464.0000,1560.6675,2200.0000,3148.9907,3404.2529,3544.0000,3548.3393,3052.0000,2540.2367
2022-05-08,91,-9999.0000,-9999.0000,-9999.0000,-9999.0000,-9999.0000,-9999.0000,-9999.0000,-9999.0000,-9999.0000,-9999.0000,-9999.0000
2022-05-10,91,1034.0000,1460.5000,1861.0000,2234.5758,2526.2431,2720.3349,2901.9708,2972.0000,3012.7911,3867.0759,3731.7514
2022-05-10,91,1037.0000,1432.7406,1808.0000,2155.3333,2442.1647,2654.0000,2841.3405,2909.3749,2962.2017,3812.0676,3698.4138
2022-05-13,91,1057.0000,1440.0000,1753.3300,2018.2857,2300.0195,2515.0000,2693.0004,2728.8514,2799.0000,3243.0000,3099.4318
2022-05-13,91,1061.0000,1461.4195,1802.0000,2076.0457,2261.8490,2529.0000,2741.0000,2818.0000,2843.0000,3237.8848,3029.0000
2022-05-15,91,1090.0000,1474.0000,1916.0000,2316.4028,2611.7035,2816.4943,2928.5412,2964.8771,3084.4673,3916.0709,3610.8188
2022-05-15,91,1105.0000,1420.9993,1825.1787,2187.4955,2489.7816,2725.0000,2853.6004,2888.8966,3009.2379,3834.8111,3562.4388
2022-05-18,91,915.0000,1355.1249,1769.8925,2209.9419,2480.0000,2623.0000,2753.5063,2801.9247,2883.8292,3725.7172,3496.0000
2022-05-18,91,1000.0000,1300.9563,1649.3839,2010.6683,2285.0626,2480.0000,2614.0000,2685.2653,2772.0000,3572.0000,3419.0000
2022-05-20,91,1158.0000,1667.1165,2050.2396,2498.3333,2717.4590,2832.0000,3010.5039,3088.4534,3134.0487,4082.5676,4010.6980
2022-05-20,91,1112.0000,1566.0000,1920.6680,2316.0000,2568.6867,2720.0000,2909.8759,2977.4172,3036.7043,3987.4707,3948.0712
2022-05-25,91,-9999.0000,-9999.0000,-9999.0000,-9999.0000,-9999.0000,-9999.0000,-9999.0000,-9999.0000,-9999.0000,-9999.0000,-9999.0000
2022-05-25,91,-9999.0000,-9999.0000,-9999.0000,-9999.0000,-9999.0000,-9999.0000,-9999.0000,-9999.0000,-9999.0000,-9999.0000,-9999.0000
2022-06-02,91,-9999.0000,-9999.0000,-9999.0000,-9999.0000,-9999.0000,-9999.0000,-9999.0000,-9999.0000,-9999.0000,-9999.0000,-9999.0000
2022-06-02,91,-9999.0000,-9999.0000,-9999.0000,-9999.0000,-9999.0000,-9999.0000,-9999.0000,-9999.0000,-9999.0000,-9999.0000,-9999.0000
2022-06-04,91,1342.0000,1744.5247,2212.6667,2539.2000,2835.3677,3136.0000,3251.0000,3272.0000,3346.6282,3667.0000,3240.6405
2022-06-04,91,1293.0000,1544.0000,1917.7303,2163.4975,2470.0000,2767.0000,2910.5358,2910.0000,3027.0000,3462.0000,3105.4017
2022-06-07,91,-9999.0000,-9999.0000,-9999.0000,-9999.0000,-9999.0000,-9999.0000,-9999.0000,-9999.0000,-9999.0000,-9999.0000,-9999.0000
2022-06-07,91,-9999.0000,-9999.0000,-9999.0000,-9999.0000,-9999.0000,-9999.0000,-9999.0000,-9999.0000,-9999.0000,-9999.0000,-9999.0000
2022-06-12,91,905.0000,1330.0000,1812.0203,2099.1421,2452.0000,2893.4964,3083.0000,3164.3135,3196.0000,3834.1192,3594.4583
2022-06-12,91,899.0000,1334.0000,1794.0465,2057.6000,2410.0000,2852.0000,3032.0000,3120.0000,3156.6480,3793.5408,3608.8918
2022-06-14,91,1076.0000,1428.0000,1987.9445,2220.0890,2677.0043,3365.6539,3532.9260,3572.0000,3678.0000,4122.5000,3556.5839
2022-06-14,91,1053.0000,1384.0000,1907.5000,2106.0000,2537.4968,3221.0361,3386.5164,3436.0000,3554.5501,4045.0000,3530.0745
2022-06-17,91,1240.0000,1512.0000,1969.1493,2010.8044,2545.5449,3397.6055,3632.0000,3608.0000,3748.6310,3501.0000,2830.1783
2022-06-19,91,933.0000,1306.0000,1804.1287,1907.0000,2469.3410,3274.6937,3552.0000,3564.0000,3702.0000,3860.9577,3327.0000
2022-06-19,91,926.0000,1293.7334,1753.0515,1851.3645,2399.0000,3196.0000,3493.0000,3464.0000,3624.9433,3824.9241,3298.0758
2022-06-24,91,1036.0000,1404.0000,1914.1217,2218.7048,2829.6443,3592.0000,3828.5250,3892.0000,4026.0000,4060.7217,3289.6334
2022-06-24,91,1081.0000,1433.0628,1952.6667,2259.0000,2872.6328,3651.0000,3886.0515,3952.0000,4069.0000,4101.2331,3322.6146
2022-06-27,91,708.0000,1136.8973,1628.8937,1930.5105,2391.0000,2966.0000,3190.0000,3208.0000,3402.6794,3447.0000,2760.6268
2022-06-27,91,832.0000,1145.3397,1552.4919,1797.2804,2218.0000,2758.0000,2997.0000,3008.0000,3181.0000,3313.0000,2693.0000
2022-06-29,91,-9999.0000,-9999.0000,-9999.0000,-9999.0000,-9999.0000,-9999.0000,-9999.0000,-9999.0000,-9999.0000,-9999.0000,-9999.0000
2022-06-29,91,-9999.0000,-9999.0000,-9999.0000,-9999.0000,-9999.0000,-9999.0000,-9999.0000,-9999.0000,-9999.0000,-9999.0000,-9999.0000
2022-07-02,91,704.0000,1001.1240,1394.0000,1562.0000,2074.7152,2924.5424,3230.0000,3300.0000,3440.0000,3533.2274,2900.0000
2022-07-02,91,757.0000,1023.0000,1377.0119,1542.0000,2026.5000,2854.3442,3181.2930,3244.0000,3392.0000,3481.4921,2860.4489
2022-07-04,91,964.0000,1172.4503,1613.3841,1741.8794,2286.0000,3277.3011,3581.0000,3608.0000,3814.0000,3668.0668,2805.4715
2022-07-04,91,1037.0000,1174.0000,1544.9326,1672.4734,2164.0000,3100.5170,3401.3635,3444.0000,3640.0000,3597.0000,2742.6300
2022-07-07,91,1330.0000,1012.0000,1270.0000,1162.0000,1802.0000,3327.0000,3646.0000,3688.0000,3848.0000,2990.0000,2070.0000
2022-07-07,91,-9999.0000,-9999.0000,-9999.0000,-9999.0000,-9999.0000,-9999.0000,-9999.0000,-9999.0000,-9999.0000,-9999.0000,-9999.0000
2022-07-09,91,831.0000,905.9410,1306.0000,1338.7152,1883.0000,3209.0000,3594.4698,3792.0000,3734.0000,3316.7892,2497.0000
2022-07-09,91,875.0000,932.9309,1288.3827,1316.5026,1847.0000,3093.3892,3474.6921,3657.5737,3627.0000,3269.0867,2482.0000
2022-07-12,91,480.0000,617.6504,945.8571,930.3794,1461.0829,2969.9876,3460.8328,3515.8538,3625.0000,2953.0000,2129.0894
2022-07-12,91,553.0000,681.7938,973.9533,947.8252,1449.0000,2910.0000,3379.6147,3433.9142,3533.6044,2928.0000,2139.6306
2022-07-14,91,-9999.0000,-9999.0000,-9999.0000,-9999.0000,-9999.0000,-9999.0000,-9999.0000,-9999.0000,-9999.0000,-9999.0000,-9999.0000
2022-07-14,91,-9999.0000,-9999.0000,-9999.0000,-9999.0000,-9999.0000,-9999.0000,-9999.0000,-9999.0000,-9999.0000,-9999.0000,-9999.0000
2022-07-17,91,532.0000,618.5832,933.3017,899.3449,1445.2529,3014.0772,3514.5832,3554.8000,3693.0000,2874.0000,1937.5475
2022-07-17,91,620.0000,686.6315,964.9841,914.8270,1430.5162,2939.0000,3426.0071,3473.7081,3618.0000,2849.3005,1904.3300
2022-07-19,91,583.0000,741.2786,1078.0000,1092.3391,1625.6483,3025.2747,3579.0000,3650.0227,3736.0000,3110.5978,2260.1983
2022-07-19,91,692.0000,825.0431,1100.0000,1097.9323,1569.2718,2870.1607,3413.1584,3459.0387,3584.0000,3053.5686,2257.8146
2022-07-22,91,677.0000,819.0000,1084.1610,1048.9758,1569.0000,2716.4917,3250.3968,3273.4348,3443.0000,2866.0000,2116.0000
2022-07-22,91,695.0000,830.0000,1092.6149,1048.7915,1582.0345,2736.6485,3237.5020,3300.0000,3436.9723,2881.8832,2122.5000
2022-07-24,91,-9999.0000,-9999.0000,-9999.0000,-9999.0000,-9999.0000,-9999.0000,-9999.0000,-9999.0000,-9999.0000,-9999.0000,-9999.0000
2022-07-24,91,-9999.0000,-9999.0000,-9999.0000,-9999.0000,-9999.0000,-9999.0000,-9999.0000,-9999.0000,-9999.0000,-9999.0000,-9999.0000
2022-07-27,91,-9999.0000,-9999.0000,-9999.0000,-9999.0000,-9999.0000,-9999.0000,-9999.0000,-9999.0000,-9999.0000,-9999.0000,-9999.0000
2022-07-29,91,544.0000,733.4051,1101.2489,1104.3984,1780.6886,2915.0000,3372.5115,3408.7397,3613.0000,3188.0000,2317.5099
2022-07-29,91,620.0000,781.1845,1116.6837,1108.7469,1738.9723,2852.4737,3296.0000,3336.0000,3523.0000,3171.0225,2283.0000
2022-08-01,91,497.0000,632.0000,969.7484,954.2642,1524.2298,2537.1768,2938.0000,2985.4740,3157.0000,2784.0000,2117.5383
2022-08-01,91,539.0000,662.0000,982.3073,961.6646,1532.3659,2512.7244,2889.0000,2972.1872,3129.0000,2773.2696,2137.0845
2022-08-03,91,639.0000,729.9495,1148.0000,1155.0750,1817.2371,2808.0000,3113.6254,3200.6389,3370.1871,3212.9537,2349.0000
2022-08-03,91,682.0000,748.9078,1148.5351,1171.4396,1788.3593,2772.0000,3072.3430,3162.7893,3322.6034,3189.0000,2339.7301
2022-08-06,91,-9999.0000,-9999.0000,-9999.0000,-9999.0000,-9999.0000,-9999.0000,-9999.0000,-9999.0000,-9999.0000,-9999.0000,-9999.0000
2022-08-06,91,-9999.0000,-9999.0000,-9999.0000,-9999.0000,-9999.0000,-9999.0000,-9999.0000,-9999.0000,-9999.0000,-9999.0000,-9999.0000
2022-08-08,91,710.0000,957.7521,1336.0000,1483.5269,2060.5114,2817.2920,3193.7863,3226.4821,3457.0000,3637.6484,2930.5142
2022-08-08,91,740.0000,956.6782,1354.0000,1489.6081,2093.5053,2806.3708,3164.0000,3241.3491,3457.5893,3617.7424,2929.9078
2022-08-11,91,580.0000,816.9708,1185.0039,1389.3043,1874.9903,2488.0000,2780.0000,2973.3959,3049.6657,3227.1993,2596.0000
2022-08-11,91,661.0000,852.9195,1196.7794,1372.0000,1849.5000,2448.0000,2732.0000,2921.0775,2989.0000,3198.0000,2582.0000
2022-08-16,91,426.0000,596.5000,957.9417,1187.2252,1665.0000,2220.0000,2481.0189,2563.0000,2765.6583,2926.0000,2159.0000
2022-08-16,91,475.0000,630.2555,986.3353,1185.1050,1666.0118,2207.0000,2449.4777,2553.1351,2735.0000,2923.0000,2149.0434
2022-08-21,91,488.0000,712.7380,1036.6967,1168.5520,1549.6497,2089.3049,2313.4851,2328.9180,2479.0000,2845.9537,2513.9545
2022-08-21,91,533.0000,733.2884,1041.4118,1172.8537,1569.1951,2090.3296,2331.0000,2334.0000,2490.0000,2837.2528,2481.0000
2022-08-23,91,-9999.0000,-9999.0000,-9999.0000,-9999.0000,-9999.0000,-9999.0000,-9999.0000,-9999.0000,-9999.0000,-9999.0000,-9999.0000
2022-08-23,91,-9999.0000,-9999.0000,-9999.0000,-9999.0000,-9999.0000,-9999.0000,-9999.0000,-9999.0000,-9999.0000,-9999.0000,-9999.0000
2022-08-26,91,606.5592,794.0000,1085.0874,1252.0000,1603.0000,2118.0000,2327.0000,2326.0000,2508.8717,2931.0000,2480.0000
2022-08-26,91,680.0000,816.2481,1092.7907,1245.3721,1614.1833,2113.1615,2322.0595,2321.2384,2504.0000,2931.0000,2452.0000
2022-08-28,91,1188.0000,1280.0000,1617.3298,1802.9126,2206.4422,2913.5530,3282.0000,3202.3139,3489.0000,3472.8351,2666.4777
2022-08-28,91,1262.0000,1291.0000,1621.3488,1795.2077,2206.0000,2862.0000,3239.0000,3184.0000,3422.5455,3477.0000,2690.0000
2022-08-31,91,-9999.0000,-9999.0000,-9999.0000,-9999.0000,-9999.0000,-9999.0000,-9999.0000,-9999.0000,-9999.0000,-9999.0000,-9999.0000
2022-08-31,91,-9999.0000,-9999.0000,-9999.0000,-9999.0000,-9999.0000,-9999.0000,-9999.0000,-9999.0000,-9999.0000,-9999.0000,-9999.0000
2022-09-02,91,1546.0000,1540.8729,1797.0893,1897.3333,2324.0000,2910.0000,3084.0000,3168.0000,3283.0000,3281.3862,2645.3221
2022-09-02,91,1578.0000,1550.0000,1788.6667,1872.0000,2270.0000,2850.6416,3026.0000,3112.0000,3237.4044,3250.0000,2608.5030
2022-09-05,91,-9999.0000,-9999.0000,-9999.0000,-9999.0000,-9999.0000,-9999.0000,-9999.0000,-9999.0000,-9999.0000,-9999.0000,-9999.0000
2022-09-07,91,-9999.0000,-9999.0000,-9999.0000,-9999.0000,-9999.0000,-9999.0000,-9999.0000,-9999.0000,-9999.0000,-9999.0000,-9999.0000
2022-09-07,91,-9999.0000,-9999.0000,-9999.0000,-9999.0000,-9999.0000,-9999.0000,-9999.0000,-9999.0000,-9999.0000,-9999.0000,-9999.0000
2022-09-10,91,376.0000,592.2855,850.0000,973.1944,1309.0000,1825.0000,2046.0000,2077.9961,2212.0000,2478.0000,2041.0000
2022-09-10,91,436.0000,622.0000,868.2975,982.3377,1308.1874,1829.0000,2045.0000,2076.7699,2217.4366,2467.0000,2043.7313
2022-09-12,91,862.0000,972.4356,1241.0864,1340.0000,1710.0000,2358.1464,2554.5496,2613.0000,2729.0000,2896.0000,2244.0000
2022-09-12,91,901.0000,1032.0000,1296.0000,1410.0000,1744.0000,2357.9027,2536.8239,2612.2008,2709.6125,2878.0000,2211.7583
2022-09-15,91,618.0000,825.6788,1121.4475,1242.0000,1586.0000,2172.0000,2393.2770,2365.3688,2593.3766,2896.2467,2451.0000
2022-09-15,91,646.0000,824.8222,1116.0000,1245.1298,1583.0000,2198.0000,2409.0000,2385.2310,2614.0000,2923.0000,2460.5376
2022-09-20,91,437.0000,709.3153,1004.0000,1146.6748,1458.0393,2064.5373,2293.0000,2473.5245,2489.3253,2704.0000,2388.6719
2022-09-20,91,523.0000,757.6816,1017.7159,1144.7250,1472.0000,2069.0000,2290.0000,2460.0000,2472.3665,2691.0616,2366.0000
2022-09-22,91,666.0000,813.6880,1140.0000,1273.3333,1660.2504,2325.0000,2524.0000,2692.0000,2733.0000,2993.5919,2500.0000
2022-09-22,91,711.0000,849.4729,1160.8884,1280.9855,1636.7663,2318.2617,2508.8228,2662.0000,2701.7528,2964.5315,2511.0000
2022-09-27,91,-9999.0000,-9999.0000,-9999.0000,-9999.0000,-9999.0000,-9999.0000,-9999.0000,-9999.0000,-9999.0000,-9999.0000,-9999.0000
2022-09-27,91,-9999.0000,-9999.0000,-9999.0000,-9999.0000,-9999.0000,-9999.0000,-9999.0000,-9999.0000,-9999.0000,-9999.0000,-9999.0000
2022-10-02,91,998.0000,1086.0000,1396.8333,1498.0000,1937.0000,2789.3731,3026.0000,3045.0000,3241.0000,3248.0000,2451.9866
2022-10-02,91,-9999.0000,-9999.0000,-9999.0000,-9999.0000,-9999.0000,-9999.0000,-9999.0000,-9999.0000,-9999.0000,-9999.0000,-9999.0000
2022-10-05,91,1241.0000,1200.3539,1409.0000,1360.7828,1812.0000,2462.0000,2716.3191,2699.6207,2848.0000,2573.0000,1905.0000
2022-10-05,91,1302.0000,1237.5631,1460.5461,1394.0000,1841.0000,2565.0000,2752.0000,2752.0000,2913.0000,2622.8577,1946.0000
2022-10-07,91,550.0000,748.0851,1026.0000,1050.3389,1539.0000,2205.0000,2446.3633,2572.9565,2605.0633,2652.2187,2097.0000
2022-10-07,91,599.0000,769.0643,1032.5825,1067.1056,1553.0000,2189.2772,2432.0000,2548.0000,2589.9960,2651.0000,2097.4011
2022-10-10,91,-9999.0000,-9999.0000,-9999.0000,-9999.0000,-9999.0000,-9999.0000,-9999.0000,-9999.0000,-9999.0000,-9999.0000,-9999.0000
2022-10-10,91,-9999.0000,-9999.0000,-9999.0000,-9999.0000,-9999.0000,-9999.0000,-9999.0000,-9999.0000,-9999.0000,-9999.0000,-9999.0000
2022-10-12,91,-9999.0000,-9999.0000,-9999.0000,-9999.0000,-9999.0000,-9999.0000,-9999.0000,-9999.0000,-9999.0000,-9999.0000,-9999.0000
2022-10-15,91,203.0000,401.1769,693.0143,752.7592,1186.0000,1749.5060,1924.0000,1875.7149,2057.5498,1885.0000,1412.0000
2022-10-15,91,402.0000,536.7682,785.1434,805.7659,1193.0000,1734.1403,1882.0000,1848.6334,2019.0000,1845.0000,1409.8470
2022-10-17,91,837.0000,1044.0000,1214.0000,1166.0000,1689.0000,2379.0000,2626.5121,2688.0000,2750.4168,2706.7964,2174.0000
2022-10-17,91,963.0000,1113.6134,1257.0515,1196.0000,1682.0000,2361.3144,2607.0000,2656.8313,2726.0000,2660.0000,2139.5299
2022-10-20,91,293.0000,609.5053,936.9103,985.5089,1569.0000,2289.8761,2538.8552,2588.0786,2755.1644,2649.8827,2126.0000
2022-10-20,91,687.0000,868.0539,1074.0000,1053.1972,1528.0000,2159.0000,2394.0000,2457.1572,2555.9000,2522.0992,2052.2484
2022-10-25,91,-9999.0000,-9999.0000,-9999.0000,-9999.0000,-9999.0000,-9999.0000,-9999.0000,-9999.0000,-9999.0000,-9999.0000,-9999.0000
2022-10-25,91,-9999.0000,-9999.0000,-9999.0000,-9999.0000,-9999.0000,-9999.0000,-9999.0000,-9999.0000,-9999.0000,-9999.0000,-9999.0000
2022-10-27,91,440.0000,764.7293,1052.7445,1106.5390,1624.7048,2215.0000,2451.4217,2514.9770,2620.6556,2919.0000,2355.3358
2022-10-27,91,621.0000,836.6773,1085.0812,1129.6667,1636.6996,2179.6272,2413.3494,2497.7339,2578.2719,2874.0000,2359.0000
2022-10-30,91,515.0000,781.1357,1048.8536,1092.7809,1570.0000,2146.6157,2348.6722,2386.2857,2500.4701,2673.0000,2276.0000
2022-10-30,91,592.0000,832.7621,1077.5000,1097.3333,1578.0000,2109.9873,2324.5014,2370.9733,2460.6822,2637.6649,2268.0000
2022-11-04,91,0.0000,0.0000,122.0000,163.0000,296.0000,459.0000,506.0000,526.3529,556.3358,426.0000,286.0000
2022-11-04,91,0.0000,0.0000,125.0000,160.0000,296.0000,459.0000,502.5728,521.0000,553.0000,425.0000,286.0000
2022-11-06,91,475.0000,746.0000,1032.7431,1052.5574,1588.9547,2209.9866,2380.5807,2539.3593,2536.5166,2710.0376,2066.9982
2022-11-06,91,494.0000,754.5000,1032.6389,1060.8703,1596.7452,2208.9955,2385.3920,2540.5266,2533.0000,2709.0006,2073.4557
2022-11-21,91,-9999.0000,-9999.0000,-9999.0000,-9999.0000,-9999.0000,-9999.0000,-9999.0000,-9999.0000,-9999.0000,-9999.0000,-9999.0000
2022-11-21,91,506.0000,526.0000,604.0000,498.0000,708.0000,982.0000,1010.0000,1042.0000,1024.3462,689.0000,463.0000
2022-11-24,91,448.0000,698.0000,996.9009,1252.9581,1446.0000,1556.3638,1644.5069,1746.1127,1755.1312,2093.6874,1588.0000
2022-11-24,91,487.0000,724.1305,1012.5000,1256.0000,1444.0000,1548.7170,1643.1076,1739.2085,1748.4955,2100.8050,1586.2329
2022-11-26,91,-9999.0000,-9999.0000,-9999.0000,-9999.0000,-9999.0000,-9999.0000,-9999.0000,-9999.0000,-9999.0000,-9999.0000,-9999.0000
2022-11-26,91,-9999.0000,-9999.0000,-9999.0000,-9999.0000,-9999.0000,-9999.0000,-9999.0000,-9999.0000,-9999.0000,-9999.0000,-9999.0000
2022-12-01,91,1676.0000,1769.0069,1924.5000,2065.6856,2277.0736,2401.1765,2459.4179,2627.4122,2562.0707,2863.0000,2704.0000
2022-12-06,91,-9999.0000,-9999.0000,-9999.0000,-9999.0000,-9999.0000,-9999.0000,-9999.0000,-9999.0000,-9999.0000,-9999.0000,-9999.0000
2023-01-10,91,486.0000,703.0000,1028.8439,1164.0000,1497.9930,1817.8224,1916.3273,2066.6881,2032.5462,2085.6382,1483.0000
2023-01-10,91,534.0000,722.6636,1038.0000,1172.6786,1497.0000,1813.2579,1898.1708,2069.2000,2037.0000,2085.0000,1482.0302
2023-01-20,91,-9999.0000,-9999.0000,-9999.0000,-9999.0000,-9999.0000,-9999.0000,-9999.0000,-9999.0000,-9999.0000,-9999.0000,-9999.0000
2023-01-20,91,-9999.0000,-9999.0000,-9999.0000,-9999.0000,-9999.0000,-9999.0000,-9999.0000,-9999.0000,-9999.0000,-9999.0000,-9999.0000
2023-01-25,91,603.0000,900.5576,1201.6600,1358.0000,1710.6531,2013.6608,2146.7932,2307.3418,2253.0991,2570.4350,2101.0131
2023-01-25,91,604.0000,918.5514,1208.0000,1349.3907,1710.0000,2028.2254,2162.3733,2292.9613,2257.9430,2558.0000,2088.4498
2023-01-28,91,1047.0000,1332.0000,1548.4111,1589.4660,1853.5045,2156.0000,2266.0000,2437.2830,2387.0000,2380.0000,1810.0000
2023-01-28,91,1055.0000,1277.9885,1461.5660,1464.0000,1758.2583,2076.0000,2177.0000,2354.1253,2295.0000,2220.0000,1650.0000
2023-01-30,91,-9999.0000,-9999.0000,-9999.0000,-9999.0000,-9999.0000,-9999.0000,-9999.0000,-9999.0000,-9999.0000,-9999.0000,-9999.0000
2023-01-30,91,-9999.0000,-9999.0000,-9999.0000,-9999.0000,-9999.0000,-9999.0000,-9999.0000,-9999.0000,-9999.0000,-9999.0000,-9999.0000
2023-02-02,91,969.0000,1120.0000,1372.0000,1526.0000,1865.0000,2156.4171,2269.0000,2393.4399,2379.0000,2510.0000,1963.0000
2023-02-02,91,800.0000,958.0000,1266.0000,1469.2725,1866.0000,2177.0000,2281.5405,2424.0000,2405.9251,2572.4557,2006.0000
2023-02-04,91,-9999.0000,-9999.0000,-9999.0000,-9999.0000,-9999.0000,-9999.0000,-9999.0000,-9999.0000,-9999.0000,-9999.0000,-9999.0000
2023-02-04,91,-9999.0000,-9999.0000,-9999.0000,-9999.0000,-9999.0000,-9999.0000,-9999.0000,-9999.0000,-9999.0000,-9999.0000,-9999.0000
2023-02-07,91,710.0000,1028.9592,1357.0564,1577.5879,1866.0000,2161.6497,2289.0000,2529.7972,2416.0000,2872.0000,2708.1327
2023-02-07,91,687.0000,1041.1937,1365.6057,1569.9748,1866.0000,2170.0000,2290.0000,2544.6211,2405.4455,2876.7218,2724.0237
2023-02-09,91,945.0000,1148.6762,1506.5060,1721.8633,2059.4589,2396.1479,2527.0000,2776.7137,2663.0000,3185.0000,2822.0000
2023-02-09,91,906.0000,1160.9883,1498.1118,1730.0436,2057.3262,2377.0000,2504.0000,2774.0000,2642.4831,3195.7553,2838.0000
2023-02-12,91,680.0000,926.1285,1290.7804,1563.3333,1921.3742,2193.4596,2334.1852,2441.9568,2478.0000,3080.0000,2620.4772
2023-02-12,91,613.0000,921.2130,1288.9079,1568.7859,1933.0000,2224.0000,2350.0000,2481.3421,2487.0000,3076.0000,2628.0000
2023-02-14,91,655.0000,969.0341,1323.0092,1594.2285,1950.0000,2274.0000,2420.0000,2609.5043,2564.5422,3109.0000,2713.0000
2023-02-14,91,772.0000,1070.0000,1340.0000,1571.1193,1893.0000,2194.0000,2315.0000,2524.6986,2462.2709,2971.0000,2628.0000
2023-02-17,91,-9999.0000,-9999.0000,-9999.0000,-9999.0000,-9999.0000,-9999.0000,-9999.0000,-9999.0000,-9999.0000,-9999.0000,-9999.0000
2023-02-27,91,-9999.0000,-9999.0000,-9999.0000,-9999.0000,-9999.0000,-9999.0000,-9999.0000,-9999.0000,-9999.0000,-9999.0000,-9999.0000
2023-02-27,91,-9999.0000,-9999.0000,-9999.0000,-9999.0000,-9999.0000,-9999.0000,-9999.0000,-9999.0000,-9999.0000,-9999.0000,-9999.0000
2023-03-09,91,966.0000,1184.3551,1533.2481,1653.0851,2152.0000,2803.0000,3009.0000,3112.0000,3154.9286,3286.0018,2855.0000
2023-03-09,91,632.0000,996.4893,1396.0000,1552.8070,2074.0000,2794.1978,3025.4819,3112.0000,3185.1056,3361.6770,2897.0647
2023-03-11,91,909.0000,1072.5355,1472.3287,1596.0000,2133.4920,2905.4001,3081.5721,3160.0000,3228.0000,3235.4537,2674.5339
2023-03-11,91,904.0000,1101.4386,1488.4729,1597.0000,2138.0000,2906.0000,3069.5179,3144.0000,3211.0000,3253.0000,2694.0000
2023-03-16,91,499.0000,726.0000,1088.5923,1120.8095,1644.4875,2422.0000,2597.9771,2797.5020,2713.5640,2465.4994,1827.0000
2023-03-16,91,539.0000,752.3965,1106.0000,1128.7617,1644.5235,2404.0000,2566.8805,2770.2320,2685.0000,2451.0000,1813.4993
2023-03-21,91,612.0000,749.0710,1209.5568,1176.5149,1865.2102,2872.9063,3065.7877,3172.0000,3169.7635,2728.8027,2001.8309
2023-03-21,91,654.0000,785.0000,1217.1604,1168.5811,1832.9276,2833.6450,3019.0000,3112.0000,3129.2500,2706.0118,2005.0126
2023-03-29,91,540.0000,716.2090,1125.0241,957.5647,1748.0000,3003.5472,3267.2992,3428.6130,3403.0411,2330.0000,1591.0000
2023-03-29,91,593.0000,746.2921,1140.8262,961.6381,1744.4844,3012.6813,3277.5925,3432.0000,3409.4812,2332.4940,1584.3929
2023-04-03,91,396.0000,566.0000,1068.7381,865.7345,1770.4188,3316.8594,3586.5602,3865.5060,3747.4013,2380.0000,1564.5471
2023-04-03,91,490.0000,614.6667,1085.1799,878.3293,1758.0000,3277.3641,3556.0000,3825.4434,3700.5493,2381.3109,1570.6702
2023-04-05,91,604.0000,794.2645,1261.3888,1032.0000,1974.2931,3569.8571,3883.0000,4273.9259,4026.4803,2534.1899,1743.0000
2023-04-05,91,685.0000,843.0000,1277.4246,1041.4042,1957.0000,3496.0000,3812.0000,4193.8708,3970.5329,2529.5641,1725.0000
2023-04-05,91,613.0000,818.7515,1310.0000,1077.5016,2045.4380,3700.6226,4024.0000,4394.8740,4147.0905,2600.0000,1771.0000
2023-04-05,91,646.0000,824.2279,1296.9980,1064.0000,1991.0000,3604.8418,3939.0000,4314.2842,4069.2266,2561.6016,1753.0000
2023-04-08,91,1865.0000,1854.0000,2144.0000,1828.0000,2788.1292,4099.7143,4379.0000,4540.0000,4462.0000,2554.7468,1876.0000
2023-04-08,91,1291.0000,1424.0000,1782.0000,1578.0000,2427.0000,3685.0000,3992.6748,4244.0000,4154.0000,2512.3530,1842.0000
2023-04-10,91,549.0000,676.2417,1205.2470,1001.4722,2080.3411,3676.4667,3944.9116,4265.8044,4128.7276,2578.4472,1672.0000
2023-04-10,91,612.0000,708.0354,1218.0000,1005.0296,2056.9790,3634.0000,3909.0000,4188.0000,4101.2490,2576.0000,1661.0000
2023-04-15,91,-9999.0000,-9999.0000,-9999.0000,-9999.0000,-9999.0000,-9999.0000,-9999.0000,-9999.0000,-9999.0000,-9999.0000,-9999.0000
2023-04-18,91,767.0000,1029.1508,1380.0000,1162.0000,1969.0000,3153.9003,3457.0000,3580.4676,3625.4795,2284.5110,1494.5192
2023-04-18,91,766.0000,1058.0000,1388.0000,1170.0000,1952.5067,3118.4963,3429.4693,3532.0000,3593.0000,2269.0000,1496.6834
2023-04-23,91,-9999.0000,-9999.0000,-9999.0000,-9999.0000,-9999.0000,-9999.0000,-9999.0000,-9999.0000,-9999.0000,-9999.0000,-9999.0000
2023-04-23,91,-9999.0000,-9999.0000,-9999.0000,-9999.0000,-9999.0000,-9999.0000,-9999.0000,-9999.0000,-9999.0000,-9999.0000,-9999.0000
2023-04-30,91,-9999.0000,-9999.0000,-9999.0000,-9999.0000,-9999.0000,-9999.0000,-9999.0000,-9999.0000,-9999.0000,-9999.0000,-9999.0000
2023-04-30,91,-9999.0000,-9999.0000,-9999.0000,-9999.0000,-9999.0000,-9999.0000,-9999.0000,-9999.0000,-9999.0000,-9999.0000,-9999.0000
2023-05-05,91,398.0000,564.0000,932.2273,846.0402,1592.8998,2718.4493,3058.0000,3155.0786,3230.0000,2200.0000,1437.5496
2023-05-05,91,508.0000,636.1944,969.2690,858.0000,1551.0000,2644.9209,2958.0118,3053.7317,3149.2757,2181.0000,1428.9454
2023-05-13,91,-9999.0000,-9999.0000,-9999.0000,-9999.0000,-9999.0000,-9999.0000,-9999.0000,-9999.0000,-9999.0000,-9999.0000,-9999.0000
2023-05-13,91,-9999.0000,-9999.0000,-9999.0000,-9999.0000,-9999.0000,-9999.0000,-9999.0000,-9999.0000,-9999.0000,-9999.0000,-9999.0000
2023-05-15,91,422.0000,541.0000,826.5707,700.9858,1313.0000,2293.5247,2577.0000,2643.0247,2741.0016,1728.6401,1036.0000
2023-05-15,91,442.0000,554.0000,830.3314,704.1643,1312.0000,2284.0000,2560.4530,2641.5149,2731.3554,1732.6662,1022.4525
2023-05-18,91,-9999.0000,-9999.0000,-9999.0000,-9999.0000,-9999.0000,-9999.0000,-9999.0000,-9999.0000,-9999.0000,-9999.0000,-9999.0000
2023-05-18,91,-9999.0000,-9999.0000,-9999.0000,-9999.0000,-9999.0000,-9999.0000,-9999.0000,-9999.0000,-9999.0000,-9999.0000,-9999.0000
2023-05-23,91,319.0000,460.1973,808.4348,777.2757,1364.9388,2329.5093,2651.9610,2731.5771,2890.8124,2063.0000,1346.3676
2023-05-23,91,410.0000,514.6892,844.0000,796.6667,1380.0000,2346.0410,2658.9593,2755.4589,2904.0000,2066.3156,1345.0000
2023-05-25,91,382.0000,588.1203,939.0000,881.2250,1555.0000,2618.7390,2989.4380,3066.0172,3227.5026,2317.0511,1564.0000
2023-05-25,91,533.0000,666.0617,973.0000,893.5294,1521.0000,2510.0000,2890.2144,2965.0494,3089.6993,2276.0000,1550.5475
2023-05-28,91,-9999.0000,-9999.0000,-9999.0000,-9999.0000,-9999.0000,-9999.0000,-9999.0000,-9999.0000,-9999.0000,-9999.0000,-9999.0000
2023-05-28,91,-9999.0000,-9999.0000,-9999.0000,-9999.0000,-9999.0000,-9999.0000,-9999.0000,-9999.0000,-9999.0000,-9999.0000,-9999.0000
2023-05-30,91,770.0000,821.0000,1282.0000,1165.3936,1925.0000,3192.0000,3533.0000,3688.0000,3835.7168,2666.0000,1758.2200
2023-05-30,91,772.0000,854.2249,1300.0000,1176.9958,1912.6733,3172.4830,3502.0000,3641.9016,3795.9435,2658.0000,1755.0000
2023-06-02,91,301.0000,430.0000,830.0050,809.0753,1488.9866,2461.2956,2779.8435,2859.7259,3082.2708,2352.4976,1570.0000
2023-06-02,91,380.0000,482.1117,860.0083,825.2714,1481.2591,2462.0681,2763.0000,2834.1614,3056.4963,2341.2395,1548.0000
2023-06-04,91,627.0000,820.9140,1189.0508,1096.5525,1760.8087,2682.3245,3074.0000,3092.0000,3285.0000,2250.2483,1512.0000
2023-06-04,91,767.0000,868.3338,1244.8662,1161.0000,1837.0000,2723.0000,3085.0000,3113.7863,3302.0000,2302.5807,1551.0000
2023-06-07,91,201.0000,312.2851,656.1241,592.1323,1206.4720,2067.5393,2343.0000,2441.2623,2586.4103,1925.0000,1272.7824
2023-06-07,91,363.0000,466.5225,740.0000,657.5564,1209.0000,2034.0000,2331.1438,2394.1513,2545.9640,1909.0000,1273.0000
2023-06-09,91,664.0000,670.0000,1052.0000,964.9980,1629.7647,2626.0368,2885.4421,3001.7478,3160.2538,2633.5071,1787.3874
2023-06-09,91,732.0000,764.0000,1090.0000,978.9189,1612.1452,2580.8183,2859.0000,2900.5508,3122.0857,2614.2903,1781.3394
2023-06-12,91,218.0000,347.0000,772.3333,744.3607,1414.4907,2331.0454,2596.0000,2732.5398,2865.0856,2440.0000,1641.9206
2023-06-12,91,311.0000,434.4279,826.4504,780.6667,1411.0000,2297.0000,2568.0000,2698.7540,2819.6502,2414.4489,1624.0000
2023-06-14,91,921.0000,952.0000,1302.0000,1282.0000,1922.0000,2907.0000,3243.0000,3100.0000,3499.0000,2768.0000,1962.0000
2023-06-14,91,989.0000,986.0000,1372.0000,1256.0000,1950.0000,2961.0000,3304.0000,3384.0000,3592.0000,2788.0000,1974.0000
2023-06-17,91,366.0000,514.0159,850.0000,784.9420,1386.0000,2290.0000,2619.0000,2769.0000,2858.0000,2378.8848,1644.2925
2023-06-17,91,449.0000,578.0000,894.0000,797.7179,1384.0000,2268.4673,2564.0000,2722.2553,2805.0000,2353.0000,1641.7350
2023-06-19,91,450.0000,544.0000,964.3861,877.6163,1558.0936,2573.0000,2805.0000,2903.7930,3075.3394,2603.3333,1722.9513
2023-06-19,91,622.0000,696.2226,1030.0000,916.5038,1527.0000,2481.0000,2709.0000,2768.0000,2964.4735,2538.5042,1698.8771
2023-06-22,91,-9999.0000,-9999.0000,-9999.0000,-9999.0000,-9999.0000,-9999.0000,-9999.0000,-9999.0000,-9999.0000,-9999.0000,-9999.0000
2023-06-24,91,450.0000,612.4092,962.0000,880.9630,1495.0000,2533.0000,2862.0000,2955.3671,3127.0000,2680.0000,1788.4885
2023-06-24,91,455.0000,620.5237,966.0000,881.0643,1496.5380,2532.8381,2869.0000,2970.8847,3117.0645,2690.0415,1769.8629
2023-06-27,91,339.0000,498.6622,918.0000,808.8462,1562.0000,2747.7358,3132.0000,3275.7626,3477.8590,2720.0000,1695.0000
2023-06-27,91,373.0000,526.1212,932.1521,820.8788,1554.4530,2720.0000,3129.0000,3274.8429,3436.0000,2717.0000,1698.0000
2023-06-29,91,365.0000,464.4404,932.1817,789.6523,1547.0000,2803.8683,3074.0255,3232.0000,3378.2536,2605.7384,1540.9772
2023-06-29,91,492.0000,572.0000,968.0000,824.2651,1518.4420,2719.0000,2980.0000,3100.0000,3265.0000,2565.5533,1533.0000
2023-07-02,91,162.0000,321.0000,756.0000,612.3162,1364.0000,2592.8472,2892.2161,2867.1547,3129.6758,2288.2898,1293.4826
2023-07-02,91,497.0000,548.0000,856.0000,694.2029,1328.0000,2421.1350,2709.0000,2657.6340,2924.0000,2204.6606,1276.4723
2023-07-04,91,286.0000,461.0000,872.0000,680.1679,1415.0000,2701.5000,3083.6128,3074.8401,3292.4577,2445.3542,1436.0000
2023-07-04,91,414.0000,552.0000,903.0000,710.0000,1390.0000,2618.0000,2990.0000,2964.1487,3202.4008,2393.2282,1425.9109
2023-07-07,91,402.0000,582.5218,886.0000,852.0000,1428.0000,2289.0000,2594.0298,2740.8449,2908.4702,2758.0000,1829.6312
2023-07-07,91,455.0000,622.3690,902.0740,861.1088,1426.0000,2284.0000,2608.0000,2731.2582,2906.0000,2744.0000,1812.0000
2023-07-09,91,501.0000,612.0000,980.0000,1016.0000,1658.0000,2610.3584,2850.0000,2956.4504,3164.0706,3073.6099,1961.3081
2023-07-09,91,597.0000,684.0000,1006.1251,1013.6711,1621.0000,2563.0000,2787.0000,2875.0000,3127.0000,3025.0000,1917.0000
2023-07-12,91,-9999.0000,-9999.0000,-9999.0000,-9999.0000,-9999.0000,-9999.0000,-9999.0000,-9999.0000,-9999.0000,-9999.0000,-9999.0000
2023-07-14,91,439.0000,600.0000,950.2840,913.2000,1512.5000,2591.0000,2978.1804,3065.2523,3252.4997,2955.7631,1884.7353
2023-07-14,91,539.0000,662.0000,970.1829,925.0864,1481.0000,2532.0000,2927.0000,3008.6370,3174.4568,2922.1593,1869.5000
2023-07-17,91,283.0000,456.3551,778.0000,720.0000,1302.5525,2385.5246,2745.4768,2829.8213,3025.0000,2654.5000,1648.0345
2023-07-17,91,428.0000,560.0000,835.0000,756.0000,1294.6404,2326.0000,2691.0000,2756.5318,2940.4560,2606.4123,1637.5058
2023-07-19,91,-9999.0000,-9999.0000,-9999.0000,-9999.0000,-9999.0000,-9999.0000,-9999.0000,-9999.0000,-9999.0000,-9999.0000,-9999.0000
2023-07-22,91,1186.0000,1384.0000,1700.8402,1944.0000,2617.0000,3248.0000,3657.4328,3797.6876,4210.0000,4341.1006,2772.0000
2023-07-22,91,1199.0000,1396.7847,1721.0662,1948.0000,2626.0000,3295.0000,3702.0000,3850.3809,4243.0000,4320.0000,2756.6179
2023-07-27,91,482.5047,702.2459,1006.0000,1221.0677,1646.7428,2173.3757,2425.9433,2578.3652,2674.8772,3124.3819,2363.7147
2023-07-27,91,511.0000,726.7422,1016.0000,1216.7500,1651.0000,2168.4315,2418.1992,2576.8448,2681.2731,3105.7117,2364.4105
2023-07-29,91,635.0000,729.7536,1105.5000,1275.1112,1801.0000,2509.0000,2723.5000,2730.6870,2987.0895,3419.9149,2484.9108
2023-07-29,91,683.0000,752.8058,1116.7820,1274.5714,1805.0425,2514.5000,2722.9912,2746.8994,2995.4411,3405.0000,2493.3756
2023-08-03,91,-9999.0000,-9999.0000,-9999.0000,-9999.0000,-9999.0000,-9999.0000,-9999.0000,-9999.0000,-9999.0000,-9999.0000,-9999.0000
2023-08-06,91,432.0000,550.1667,880.1965,714.2446,1302.0000,2553.1841,2892.0000,2922.8718,3053.0000,2688.3133,1773.5627
2023-08-06,91,471.0000,572.0000,894.0000,717.4579,1308.0000,2564.0000,2915.7242,2939.5908,3067.8867,2693.6469,1772.0000
2023-08-08,91,620.0000,626.0000,1044.0000,832.0000,1561.7117,3104.0000,3422.8406,3483.2014,3609.7057,3212.9183,2059.5773
2023-08-08,91,648.0000,648.0000,1066.0000,841.3040,1560.5132,3088.0000,3404.6010,3473.2357,3613.0000,3203.0000,2057.6739
2023-08-11,91,-9999.0000,-9999.0000,-9999.0000,-9999.0000,-9999.0000,-9999.0000,-9999.0000,-9999.0000,-9999.0000,-9999.0000,-9999.0000
2023-08-11,91,-9999.0000,-9999.0000,-9999.0000,-9999.0000,-9999.0000,-9999.0000,-9999.0000,-9999.0000,-9999.0000,-9999.0000,-9999.0000
2023-08-13,91,475.0000,598.0000,974.2929,734.3033,1465.8100,2953.4328,3378.1542,3364.0000,3568.5311,2940.3815,1829.0618
2023-08-13,91,575.0000,660.0000,986.4309,749.2436,1432.4186,2836.0000,3255.0000,3248.0000,3442.0424,2880.0000,1822.4055
2023-08-16,91,513.0000,621.0000,928.1605,714.2368,1356.2910,2670.6550,3091.0000,3050.0000,3265.9381,2701.3566,1700.0000
2023-08-16,91,555.0000,647.0000,938.2207,722.2730,1358.7070,2658.5086,3074.5000,3041.3524,3265.4785,2690.5030,1697.0000
2023-08-18,91,535.0000,610.2268,1018.1370,792.0000,1563.0000,3138.0000,3490.2223,3384.0000,3746.0000,3086.0000,1837.9495
2023-08-18,91,628.0000,659.0000,1032.0000,800.0000,1539.0000,3049.0000,3394.1953,3336.0000,3641.0000,3040.0000,1829.3757
2023-08-21,91,437.0000,510.0000,870.3489,724.7287,1372.0000,2626.6851,2968.5634,2989.1725,3208.0000,2778.1213,1694.7871
2023-08-21,91,499.0000,548.0000,888.2924,736.3542,1371.0000,2602.0000,2942.0000,2962.0000,3180.0927,2764.9219,1686.0000
2023-08-23,91,888.0000,1338.0000,1670.0000,2049.9977,2369.8336,2544.9987,2785.4361,2801.0012,2985.0000,4067.5518,3832.4382
2023-08-23,91,966.0000,1305.6715,1593.2000,1923.1592,2222.0000,2454.2267,2705.0000,2712.2766,2889.9484,3944.0000,3760.0000
2023-08-26,91,819.0000,1208.4489,1528.9297,1920.8361,2196.1684,2408.9967,2638.4259,2645.0496,2844.9491,3841.0000,3572.0000
2023-08-26,91,864.0000,1221.4544,1512.3574,1881.4250,2144.4420,2384.0000,2617.0000,2630.0000,2819.0000,3782.4563,3540.0755
2023-08-31,91,673.0000,932.6343,1262.0000,1572.0000,1853.1136,2097.0000,2272.0000,2291.5770,2470.5067,3106.4474,2388.0000
2023-08-31,91,808.0000,990.3033,1258.0000,1525.4084,1798.0000,2100.8756,2284.0000,2293.2052,2476.4247,3045.0000,2366.0000
2023-09-02,91,807.0000,1220.4289,1579.8942,1954.8182,2253.1143,2537.0118,2753.0747,2757.2801,2894.4758,3789.6893,3384.0000
2023-09-02,91,830.0000,1229.2911,1556.0000,1909.5626,2217.9995,2507.0000,2721.0000,2720.8323,2858.0626,3763.7812,3353.0000
2023-09-05,91,788.0000,1209.2249,1572.3467,1891.0000,2178.9970,2571.0000,2762.0000,2901.2875,2914.9341,3675.4963,3433.5352
2023-09-05,91,823.0000,1224.5000,1576.9566,1882.3617,2148.4423,2557.7500,2756.3046,2897.4112,2899.0000,3661.0000,3434.6990
2023-09-07,91,935.0000,1277.2364,1698.0000,2026.5000,2331.5908,2773.0000,2925.3467,3051.2057,3127.0000,3899.5690,3429.9951
2023-09-07,91,939.0000,1278.0000,1675.0249,1987.0044,2299.5951,2752.9574,2904.0000,3020.8083,3098.0025,3869.0139,3416.0776
2023-09-10,91,797.2069,1133.2776,1532.0026,1786.0110,2144.4940,2595.0000,2782.0000,2865.0567,2946.0000,3561.0608,3085.5407
2023-09-10,91,847.0000,1144.0000,1522.0000,1755.9648,2121.0000,2558.7659,2741.4812,2841.6614,2929.0000,3524.3884,3051.0000
2023-09-12,91,-9999.0000,-9999.0000,-9999.0000,-9999.0000,-9999.0000,-9999.0000,-9999.0000,-9999.0000,-9999.0000,-9999.0000,-9999.0000
2023-09-17,91,1256.0000,1389.2203,1732.0000,1836.0000,2284.5499,3049.0366,3280.0000,3218.4284,3507.5676,3939.9650,3195.0874
2023-09-25,91,681.0000,1149.0465,1524.4259,1907.9605,2153.1357,2303.0000,2481.3506,2541.1856,2629.7659,3649.0245,3582.9351
2023-09-25,91,773.0000,1172.3069,1528.9627,1916.4580,2138.0000,2294.0000,2469.6997,2533.1330,2628.0000,3642.0000,3572.0000
2023-09-27,91,977.0000,1324.2693,1722.6593,2059.4557,2322.8028,2564.5385,2700.0000,2800.9471,2864.8261,3618.7639,3315.0159
2023-09-27,91,1060.0000,1345.1192,1737.6790,2043.6388,2293.0000,2538.0000,2684.5850,2776.8700,2846.7889,3602.0000,3284.0000
2023-09-30,91,-9999.0000,-9999.0000,-9999.0000,-9999.0000,-9999.0000,-9999.0000,-9999.0000,-9999.0000,-9999.0000,-9999.0000,-9999.0000
2023-09-30,91,-9999.0000,-9999.0000,-9999.0000,-9999.0000,-9999.0000,-9999.0000,-9999.0000,-9999.0000,-9999.0000,-9999.0000,-9999.0000
2023-10-02,91,937.0000,1378.8027,1756.0000,2122.5000,2459.0599,2637.0000,2841.0000,2877.5645,2992.0000,4085.3985,3884.4757
2023-10-02,91,1011.0000,1376.7886,1697.4682,2026.6241,2345.5018,2534.0000,2743.0000,2796.9952,2901.7269,3964.9943,3796.0753
2023-10-07,91,937.0000,1316.5726,1722.0000,2083.1874,2356.6594,2597.0010,2738.7185,2844.6800,2916.5832,3951.0000,3637.2622
2023-10-07,91,1005.0000,1316.9749,1710.0000,2050.1394,2321.0000,2560.0000,2702.0000,2821.0467,2885.0000,3916.3056,3604.0580
2023-10-12,91,-9999.0000,-9999.0000,-9999.0000,-9999.0000,-9999.0000,-9999.0000,-9999.0000,-9999.0000,-9999.0000,-9999.0000,-9999.0000
2023-10-17,91,971.0000,1346.6549,1762.6444,2104.0000,2390.0000,2694.0000,2824.0000,3050.0000,3020.0000,3954.5839,3620.5047
2023-10-17,91,1025.0000,1356.7886,1762.4264,2099.5625,2395.0000,2674.0000,2809.6550,3042.0000,3017.6747,3930.8038,3629.0000
2023-10-22,91,552.0000,846.3575,1153.3350,1412.0000,1704.6400,1968.3483,2121.0177,2232.8372,2272.4695,2987.0000,2539.6280
2023-10-22,91,566.0000,858.0000,1152.6472,1409.0000,1707.0000,1968.5158,2125.0000,2236.8172,2276.3295,2989.2547,2513.2396
2023-10-27,91,538.0000,745.0217,1105.2226,1323.1808,1657.0623,1973.6432,2090.0356,2122.5957,2267.6070,2671.0000,1964.7052
2023-10-27,91,586.0000,758.2342,1108.4978,1324.8641,1651.0000,1969.0000,2092.7869,2117.3281,2264.6401,2652.0000,1950.0000
2023-11-04,91,386.0000,662.0000,957.4215,1170.0000,1460.0000,1761.6073,1905.0000,2054.3889,2065.7592,2393.4951,1864.0000
2023-11-04,91,445.0000,708.0000,996.5211,1182.0000,1454.7208,1773.7150,1910.0000,2054.0000,2062.3800,2382.1626,1854.0000
2023-11-11,91,523.0000,809.2500,1081.3462,1299.8462,1639.0000,1926.3382,2061.0000,2225.3200,2219.5068,2557.5948,1947.9378
2023-11-11,91,554.0000,821.0000,1093.2000,1300.5724,1639.0000,1925.0000,2065.6308,2233.0182,2216.0000,2540.2755,1941.4329
2023-11-19,91,467.0000,646.3892,893.6752,998.0000,1266.0000,1477.6989,1570.0000,1598.5089,1680.0000,1747.5100,1357.7752
2023-11-19,91,434.0000,580.6154,853.0636,974.0355,1256.0000,1470.0000,1568.0000,1600.6410,1680.0000,1779.0000,1359.0000
2023-11-24,91,1304.0000,1560.8306,1825.1978,2004.8000,2416.8480,2774.3548,2980.4898,3182.1339,3209.0000,3758.2985,3205.0000
2023-11-26,91,721.0000,988.2534,1370.2536,1642.0000,1947.4017,2206.0000,2306.2143,2533.3280,2492.4627,3098.0000,2586.5554
2023-11-26,91,757.0000,997.2017,1379.3089,1642.5136,1925.0000,2213.4522,2312.0000,2530.0000,2474.0000,3093.0000,2590.0000
2023-11-29,91,514.0000,777.5090,1140.1726,1389.5431,1704.0000,1925.0000,2057.2431,2265.0835,2222.1552,2739.0000,2194.0000
2023-11-29,91,557.0000,813.5805,1168.7320,1388.6667,1696.0000,1932.5457,2053.0000,2253.1436,2219.0000,2742.0000,2196.0268
2023-12-09,91,-9999.0000,-9999.0000,-9999.0000,-9999.0000,-9999.0000,-9999.0000,-9999.0000,-9999.0000,-9999.0000,-9999.0000,-9999.0000
2023-12-09,91,-9999.0000,-9999.0000,-9999.0000,-9999.0000,-9999.0000,-9999.0000,-9999.0000,-9999.0000,-9999.0000,-9999.0000,-9999.0000
2023-12-14,91,-9999.0000,-9999.0000,-9999.0000,-9999.0000,-9999.0000,-9999.0000,-9999.0000,-9999.0000,-9999.0000,-9999.0000,-9999.0000
2023-12-14,91,-9999.0000,-9999.0000,-9999.0000,-9999.0000,-9999.0000,-9999.0000,-9999.0000,-9999.0000,-9999.0000,-9999.0000,-9999.0000
2023-12-16,91,520.0000,712.0000,1009.4643,1249.1087,1570.0000,1798.0000,1877.4768,2040.6667,2050.0000,2353.0000,1753.0000
2023-12-16,91,571.0000,736.0000,1028.0000,1257.0000,1586.5242,1807.0000,1875.0000,2053.7014,2050.5000,2367.0000,1770.0000
2023-12-19,91,411.0000,596.7490,877.2692,1093.3368,1386.0000,1576.0387,1697.2596,1827.2936,1851.0000,2209.0000,1659.0000
2023-12-19,91,450.0000,628.0000,888.2626,1096.8656,1377.0000,1575.0000,1694.5000,1825.6392,1830.1555,2188.0000,1644.7950
2023-12-24,91,-9999.0000,-9999.0000,-9999.0000,-9999.0000,-9999.0000,-9999.0000,-9999.0000,-9999.0000,-9999.0000,-9999.0000,-9999.0000
2023-12-24,91,1846.0000,2088.0000,2140.0000,2160.0000,2481.0000,2612.0000,2702.2317,2832.8056,2764.0000,2932.0000,2636.0000
2024-01-05,91,-9999.0000,-9999.0000,-9999.0000,-9999.0000,-9999.0000,-9999.0000,-9999.0000,-9999.0000,-9999.0000,-9999.0000,-9999.0000
2024-01-08,91,-9999.0000,-9999.0000,-9999.0000,-9999.0000,-9999.0000,-9999.0000,-9999.0000,-9999.0000,-9999.0000,-9999.0000,-9999.0000
2024-01-08,91,-9999.0000,-9999.0000,-9999.0000,-9999.0000,-9999.0000,-9999.0000,-9999.0000,-9999.0000,-9999.0000,-9999.0000,-9999.0000
2024-01-13,91,489.0000,788.0000,1033.3145,1229.5159,1522.0000,1753.0000,1854.2133,2025.5000,1993.3852,2141.0000,1700.8393
2024-01-13,91,596.0000,852.1825,1060.0000,1233.0893,1518.0000,1733.0000,1833.0000,2001.2326,1976.0000,2128.0000,1702.4064
2024-01-15,91,-9999.0000,-9999.0000,-9999.0000,-9999.0000,-9999.0000,-9999.0000,-9999.0000,-9999.0000,-9999.0000,-9999.0000,-9999.0000
2024-01-20,91,460.0000,730.0000,946.2909,1176.5100,1442.0000,1720.0000,1813.0000,2061.1794,1982.0000,2227.0000,1668.9429
2024-01-20,91,514.0000,770.1774,986.0000,1201.3205,1454.7739,1713.0000,1815.0000,2061.3655,1972.8840,2218.0673,1665.4501
2024-01-23,91,487.0000,750.2215,974.2721,1153.3466,1422.9277,1615.0000,1693.5698,1856.9257,1825.4690,2053.5629,1625.6701
2024-01-23,91,542.0000,788.0000,990.3564,1156.0000,1420.6741,1600.5212,1691.0000,1849.5226,1821.2064,2044.0000,1616.2524
2024-01-25,91,613.0000,741.0000,1036.0000,1252.1786,1547.0000,1752.4326,1836.5426,1897.2284,1960.8757,2204.7635,1576.4529
2024-01-25,91,773.0000,862.5508,1098.0000,1268.0000,1540.0000,1728.6990,1805.0000,1865.9940,1960.4420,2182.0000,1552.0000
2024-01-28,91,527.0000,678.3786,933.1876,1136.9462,1416.0000,1625.0000,1723.0000,1852.7493,1864.5079,2296.0000,1796.0000
2024-01-28,91,568.0000,708.3136,950.0000,1138.0000,1419.0000,1626.0000,1721.6968,1858.4956,1853.4944,2298.0000,1807.0000
2024-01-30,91,477.0000,728.9980,949.5184,1174.0000,1471.0000,1712.5422,1830.5996,2002.0000,1938.7350,2410.8155,1971.6687
2024-01-30,91,571.0000,788.3911,977.2509,1180.0000,1473.6060,1693.0000,1822.0000,1981.5000,1955.0000,2410.0000,1961.3692
2024-02-02,91,281.0000,466.0000,612.3311,713.5502,930.0000,1060.0000,1118.0000,1178.4177,1179.0000,1337.2382,1073.0000
2024-02-02,91,336.0000,510.2005,638.6667,729.5619,936.0000,1057.0000,1115.0000,1172.9297,1179.0000,1338.0000,1073.6663
2024-02-04,91,345.0000,541.0806,993.0082,1361.2887,1745.4191,1983.0000,2095.0000,2211.3511,2246.5642,2892.6337,2433.3740
2024-02-04,91,382.0000,592.7263,1016.0000,1368.0164,1734.7111,1983.0000,2070.5245,2188.7163,2245.3369,2882.4566,2437.0070
2024-02-14,91,603.0000,694.0000,888.7692,961.0761,1204.0000,1426.0000,1486.3113,1499.0192,1559.0000,1554.7367,1117.0000
2024-02-14,91,698.0000,748.4444,921.6667,973.8738,1230.0000,1416.0000,1460.9530,1492.0165,1522.5590,1553.0000,1145.0000
2024-02-17,91,-9999.0000,-9999.0000,-9999.0000,-9999.0000,-9999.0000,-9999.0000,-9999.0000,-9999.0000,-9999.0000,-9999.0000,-9999.0000
2024-02-17,91,-9999.0000,-9999.0000,-9999.0000,-9999.0000,-9999.0000,-9999.0000,-9999.0000,-9999.0000,-9999.0000,-9999.0000,-9999.0000
2024-02-19,91,452.0000,744.9269,1080.1297,1232.4629,1702.3202,2060.5408,2206.0000,2306.0000,2345.3792,2638.0000,2030.0000
2024-02-19,91,509.0000,776.6667,1088.3941,1233.3333,1702.0000,2065.0000,2200.8981,2300.7585,2338.0000,2628.2592,2023.0000
2024-03-05,91,547.0000,726.4546,1121.5087,1189.3732,1729.4073,2221.5684,2346.0000,2424.7275,2474.0000,2337.2116,1585.7681
2024-03-05,91,522.0000,710.3307,1128.9592,1189.1272,1736.7629,2257.6119,2380.9762,2448.8742,2502.0000,2349.0000,1588.0000
2024-03-13,91,621.0000,902.0000,1202.0000,1190.0000,1595.0000,2111.0000,2340.0000,2568.0000,2413.0000,2131.0000,1817.0000
2024-03-13,91,743.0000,946.0000,1168.0000,1114.0000,1485.0000,1914.0000,2041.0000,2044.0000,2149.0000,1949.0000,1596.0000
2024-03-20,91,488.0000,765.0185,1188.8526,1233.6205,1886.0000,2589.0397,2768.0000,2889.5779,2880.6944,2697.8246,1961.0000
2024-03-20,91,676.0000,885.3702,1221.0408,1221.2985,1793.9123,2420.0000,2588.0000,2724.0000,2726.6900,2605.0000,1906.7441
2024-03-23,91,837.0000,982.3342,1252.0000,1222.0000,1753.0000,2284.0000,2410.7606,2458.0000,2487.0000,2161.0000,1722.8160
2024-03-23,91,837.0000,968.4529,1316.5805,1299.3107,1881.5999,2497.3677,2634.0000,2738.4033,2707.0000,2228.9702,1743.0000
2024-03-25,91,597.0000,796.3670,1251.5557,1324.6543,1929.5130,2676.0000,2879.0000,3091.0608,3006.0000,2882.1897,2163.4190
2024-03-25,91,637.0000,824.0000,1256.0000,1323.0674,1930.5002,2656.0000,2826.1070,3072.5399,2990.0000,2860.0000,2129.5178
2024-03-30,91,2494.0000,2648.0000,2876.0000,2536.0000,3314.0000,3841.0000,3968.9710,3876.0000,3892.7526,2489.0000,1774.0408
2024-04-02,91,400.0000,620.3426,972.0000,908.7015,1586.6726,2316.1281,2483.2615,2612.0000,2596.9946,2074.8021,1354.0000
2024-04-02,91,437.0000,644.0000,990.0000,916.8970,1582.0000,2317.9698,2491.1234,2610.4536,2605.2621,2069.0000,1353.6394
2024-04-04,91,506.0000,641.3684,1069.0489,1037.3339,1754.5080,2575.0000,2729.3582,2834.0262,2886.0374,2419.0000,1566.0000
2024-04-04,91,577.0000,705.3762,1084.3583,1036.5547,1729.3548,2513.5810,2678.0000,2756.5000,2801.5479,2369.4884,1570.5550
2024-04-07,91,985.0000,1097.0409,1424.0110,1348.0000,2032.5484,2868.1581,3052.2858,3154.1484,3164.9595,2377.0000,1674.0000
2024-04-07,91,1097.0000,1182.0000,1466.0000,1372.8867,2038.0861,2842.0000,3022.4788,3124.0000,3135.0000,2365.0000,1664.5207
2024-04-09,91,-9999.0000,-9999.0000,-9999.0000,-9999.0000,-9999.0000,-9999.0000,-9999.0000,-9999.0000,-9999.0000,-9999.0000,-9999.0000
2024-04-12,91,466.0000,708.8779,1104.3203,1032.0000,1726.0000,2672.0000,2926.0000,3042.6590,3084.0000,2517.9804,1817.0000
2024-04-12,91,557.0000,760.9509,1117.0282,1032.8082,1708.0000,2610.0000,2850.4534,2964.0000,3001.5764,2505.0000,1806.6562
2024-04-14,91,618.0000,757.2723,1213.5556,1138.1791,1893.0000,2991.0000,3202.4803,3330.9435,3386.0950,2783.0000,1912.0000
2024-04-14,91,671.0000,808.3508,1216.0000,1126.0000,1871.0000,2903.0000,3126.0874,3232.0000,3341.4015,2765.3385,1917.2034
2024-04-17,91,469.0000,640.3627,1028.0000,957.0254,1702.6380,2651.0000,2870.2190,3059.8719,3068.6402,2399.0000,1541.7449
2024-04-17,91,477.0000,646.0000,1060.0000,985.9229,1754.0000,2761.1825,2979.2518,3170.6934,3179.1242,2448.0000,1568.0000
2024-04-27,91,-9999.0000,-9999.0000,-9999.0000,-9999.0000,-9999.0000,-9999.0000,-9999.0000,-9999.0000,-9999.0000,-9999.0000,-9999.0000
2024-04-29,91,422.5774,593.2958,961.0278,910.0000,1661.2522,2665.3359,2924.0000,3106.8918,3080.5478,2330.4350,1471.0000
2024-04-29,91,451.0000,637.5671,972.5440,909.8330,1638.0000,2604.1804,2872.0000,3034.2766,3034.0000,2285.2780,1437.0000
2024-05-04,91,-9999.0000,-9999.0000,-9999.0000,-9999.0000,-9999.0000,-9999.0000,-9999.0000,-9999.0000,-9999.0000,-9999.0000,-9999.0000
2024-05-04,91,-9999.0000,-9999.0000,-9999.0000,-9999.0000,-9999.0000,-9999.0000,-9999.0000,-9999.0000,-9999.0000,-9999.0000,-9999.0000
2024-05-14,91,-9999.0000,-9999.0000,-9999.0000,-9999.0000,-9999.0000,-9999.0000,-9999.0000,-9999.0000,-9999.0000,-9999.0000,-9999.0000
2024-05-14,91,-9999.0000,-9999.0000,-9999.0000,-9999.0000,-9999.0000,-9999.0000,-9999.0000,-9999.0000,-9999.0000,-9999.0000,-9999.0000
2024-05-17,91,151.0000,300.4801,770.2906,530.6799,1478.6501,2901.0427,3146.0788,3225.8130,3326.0000,1920.4723,966.0000
2024-05-17,91,273.0000,379.0000,806.5000,565.5471,1463.0000,2854.0000,3112.4222,3187.3579,3352.1482,1902.7303,966.0000
2024-05-22,91,-9999.0000,-9999.0000,-9999.0000,-9999.0000,-9999.0000,-9999.0000,-9999.0000,-9999.0000,-9999.0000,-9999.0000,-9999.0000
2024-05-22,91,-9999.0000,-9999.0000,-9999.0000,-9999.0000,-9999.0000,-9999.0000,-9999.0000,-9999.0000,-9999.0000,-9999.0000,-9999.0000
2024-05-24,91,345.0000,424.0666,878.0000,621.0016,1612.4820,3308.1229,3626.0000,3607.9716,3781.9328,2286.7367,1200.4316
2024-05-24,91,374.0000,442.8172,888.0075,633.3835,1622.0000,3299.3397,3609.1673,3607.2408,3810.3765,2282.3414,1202.0000
2024-05-27,91,-9999.0000,-9999.0000,-9999.0000,-9999.0000,-9999.0000,-9999.0000,-9999.0000,-9999.0000,-9999.0000,-9999.0000,-9999.0000
2024-06-01,91,48.0000,160.0000,478.5806,242.3852,929.7800,2358.5734,2649.9934,2516.5000,2739.5678,1216.9634,628.0000
2024-06-01,91,256.0000,318.0000,574.0000,328.0000,959.0000,2295.8211,2599.5326,2489.5227,2673.0000,1208.0000,634.0000
2024-06-03,91,-9999.0000,-9999.0000,-9999.0000,-9999.0000,-9999.0000,-9999.0000,-9999.0000,-9999.0000,-9999.0000,-9999.0000,-9999.0000
2024-06-06,91,642.0000,764.0000,1160.0000,1184.8971,2054.4953,2975.0000,3251.5276,3417.1198,3659.4153,3005.0000,1794.0000
2024-06-06,91,708.0000,814.0000,1172.0000,1184.8591,1997.3945,2906.4353,3203.9930,3368.2169,3619.0000,2987.0000,1749.4918
2024-06-16,91,1072.3139,1354.1964,1818.5403,2226.5711,2521.5238,2684.7919,2811.4798,2851.2392,2978.6086,3893.0000,3433.2115
2024-06-16,91,1015.0000,1345.7220,1777.7812,2154.0290,2461.0000,2641.2398,2766.0000,2810.6957,2942.0000,3827.2507,3394.0000
2024-06-18,91,1169.0000,1532.9906,1872.6667,2267.3830,2484.7728,2580.4848,2764.7299,2851.9876,2907.6400,4004.5037,3957.1430
2024-06-18,91,1155.0000,1542.0000,1876.6667,2276.0614,2490.0283,2581.5773,2765.6582,2859.1119,2913.0242,4005.1611,3953.9874
2024-06-26,91,892.0000,1025.3333,1420.6800,1834.2777,2097.4753,2381.4563,2558.0000,2583.0845,2752.5207,3566.0000,2970.9671
2024-06-26,91,767.0000,1036.0000,1460.6667,1882.3125,2172.3460,2419.0000,2595.9968,2643.3702,2802.0000,3621.0881,3015.0000
2024-06-28,91,1215.0000,1658.4666,2124.6649,2582.9698,2891.9634,3021.0000,3227.1516,3209.6944,3371.9084,4450.7500,4232.7238
2024-06-28,91,1184.0000,1549.0000,1954.7287,2339.1536,2673.0157,2872.7640,3096.4245,3060.7876,3229.5255,4324.3016,4154.8563
2024-07-06,91,1857.0000,1628.0000,2154.0000,2298.0000,2974.0000,3774.0000,4108.0000,3820.0000,4310.0000,4091.0000,2976.0000
2024-07-06,91,-9999.0000,-9999.0000,-9999.0000,-9999.0000,-9999.0000,-9999.0000,-9999.0000,-9999.0000,-9999.0000,-9999.0000,-9999.0000
2024-07-08,91,850.0000,1132.4540,1600.6746,1537.6112,2092.8531,3482.4589,3976.0000,3836.0000,4101.4971,3593.0000,2788.3016
2024-07-08,91,775.0000,1144.6561,1643.6152,1579.2308,2154.0000,3582.4891,4053.3601,3937.6094,4171.6513,3620.8574,2797.0000
2024-07-11,91,479.0000,641.0000,1053.5577,771.2409,1429.0000,3568.0000,4330.0000,4217.8842,4492.0000,2778.7314,1757.4850
2024-07-11,91,513.0000,685.0000,1076.0000,798.4377,1429.0000,3539.0000,4274.4922,4164.0000,4378.0323,2769.4941,1754.0753
2024-07-13,91,569.0000,642.0000,1080.0000,677.7681,1384.0058,4355.1925,5187.0000,4940.0000,5334.6099,2758.3163,1428.0860
2024-07-13,91,609.0000,662.0000,1086.0000,693.0000,1394.0000,4281.0000,5146.0000,4904.7679,5242.0493,2769.0018,1443.0000
2024-07-16,91,318.0000,402.2372,814.0000,400.0000,1068.0000,4026.9399,5156.0967,5043.9014,5266.0000,2237.6247,1078.0000
2024-07-16,91,447.0000,484.3481,850.0000,450.1783,1084.0000,3887.0000,4946.8074,4842.7382,5079.0000,2229.6254,1074.1142
2024-07-18,91,430.0000,524.3143,898.2603,446.3659,1106.0000,4175.0000,5570.7431,5511.3769,5639.7091,2373.9642,1136.9855
2024-07-18,91,500.0000,576.2740,922.0000,480.6396,1120.0000,4044.9734,5380.6538,5398.7043,5466.7336,2353.6129,1125.2522
2024-07-21,91,240.0000,368.0000,747.0000,322.0049,957.0000,4036.4702,5526.8342,5444.2422,5655.4310,2097.0000,985.0000
2024-07-21,91,300.0000,403.0000,770.0000,340.2490,962.2995,3994.3815,5459.0000,5396.9376,5576.4758,2090.5000,980.0000
2024-07-23,91,-9999.0000,-9999.0000,-9999.0000,-9999.0000,-9999.0000,-9999.0000,-9999.0000,-9999.0000,-9999.0000,-9999.0000,-9999.0000
2024-07-23,91,-9999.0000,-9999.0000,-9999.0000,-9999.0000,-9999.0000,-9999.0000,-9999.0000,-9999.0000,-9999.0000,-9999.0000,-9999.0000
2024-07-26,91,230.0000,299.0000,648.0000,290.2816,862.0000,4023.0000,5703.0000,5576.1082,5893.6922,2108.2928,951.0000
2024-07-26,91,418.0000,447.0000,727.0000,376.4082,906.6875,3779.0000,5309.0012,5204.0000,5507.6338,2071.0000,948.6532
2024-07-28,91,284.0000,370.0000,720.0000,298.2525,923.0000,4102.6919,6136.5123,6131.2460,6310.2778,2266.3015,1022.0563
2024-07-28,91,457.0000,529.0000,806.0000,404.3638,960.0000,3883.3965,5749.0999,5641.2193,5895.3008,2226.6160,1018.2401
2024-07-31,91,257.0000,402.0000,730.0000,398.2523,945.0000,3634.0000,5299.3585,5307.5367,5489.2986,2009.0000,968.5893
2024-07-31,91,405.0000,512.0000,789.0000,460.3492,974.3472,3477.4299,5059.5033,5027.0222,5238.4093,1982.0000,968.0000
2024-08-05,91,-9999.0000,-9999.0000,-9999.0000,-9999.0000,-9999.0000,-9999.0000,-9999.0000,-9999.0000,-9999.0000,-9999.0000,-9999.0000
2024-08-05,91,-9999.0000,-9999.0000,-9999.0000,-9999.0000,-9999.0000,-9999.0000,-9999.0000,-9999.0000,-9999.0000,-9999.0000,-9999.0000
2024-08-07,91,252.0000,408.4322,782.0000,457.7528,1106.0000,3529.0000,4911.0000,4995.6797,5215.0000,2221.5031,1085.0023
2024-08-07,91,423.0000,534.0000,836.0000,522.0000,1114.0000,3335.0000,4579.0000,4676.5422,4870.1010,2174.0452,1081.0000
2024-08-10,91,320.0000,456.0000,758.0000,522.3333,1110.6812,2980.1651,3987.7694,4089.6409,4356.0000,2108.6825,1111.0000
2024-08-10,91,384.0000,495.0000,778.0000,536.0000,1111.0000,2934.0000,3923.2932,4053.8831,4303.0000,2101.4000,1105.0000
2024-08-12,91,407.0000,510.0000,850.0000,646.4757,1259.0000,3029.5905,3781.1500,3880.0000,4155.0000,2344.4073,1250.4502
2024-08-12,91,444.0000,542.0000,866.0000,652.5055,1262.0000,2969.0000,3708.0000,3848.0000,4130.0881,2339.0000,1250.0000
2024-08-12,91,412.0000,525.0000,868.0000,654.0000,1272.0000,3122.0987,3917.0000,3984.5943,4266.4010,2374.0000,1261.0000
2024-08-12,91,447.0000,549.0000,882.0000,658.5005,1272.5054,3037.4189,3779.8005,3915.1440,4184.0000,2337.9596,1242.0000
2024-08-15,91,317.0000,436.0000,754.2207,650.0000,1220.3006,2569.0000,3210.0000,3331.2388,3631.0000,2277.0000,1268.1506
2024-08-15,91,420.0000,502.0000,788.0000,672.0000,1224.0000,2540.6451,3156.0832,3264.0000,3581.1129,2245.0000,1256.3532
2024-08-17,91,-9999.0000,-9999.0000,-9999.0000,-9999.0000,-9999.0000,-9999.0000,-9999.0000,-9999.0000,-9999.0000,-9999.0000,-9999.0000
2024-08-17,91,-9999.0000,-9999.0000,-9999.0000,-9999.0000,-9999.0000,-9999.0000,-9999.0000,-9999.0000,-9999.0000,-9999.0000,-9999.0000
2024-08-20,91,-9999.0000,-9999.0000,-9999.0000,-9999.0000,-9999.0000,-9999.0000,-9999.0000,-9999.0000,-9999.0000,-9999.0000,-9999.0000
2024-08-20,91,-9999.0000,-9999.0000,-9999.0000,-9999.0000,-9999.0000,-9999.0000,-9999.0000,-9999.0000,-9999.0000,-9999.0000,-9999.0000
2024-08-22,91,252.0000,347.0000,738.5162,584.0000,1224.0000,3010.0000,3619.0000,3664.0000,3964.0000,2382.2557,1265.5529
2024-08-22,91,519.0000,542.0000,840.0000,658.3730,1228.5875,2814.5687,3352.0000,3452.0000,3690.4501,2308.0472,1252.5426
2024-08-25,91,301.0000,363.0000,604.0000,479.0000,960.6454,2408.0000,2960.0000,3045.1918,3297.8468,2144.9372,1147.0000
2024-08-25,91,385.0000,419.0000,637.0000,500.0000,969.0000,2383.0000,2928.0000,3016.7782,3264.0000,2125.6071,1145.0000
2024-08-27,91,414.0000,561.0000,800.0000,610.1745,1134.5580,2629.1125,3374.5813,3464.0000,3756.0000,2458.3481,1365.3109
2024-08-27,91,582.0000,664.0000,834.0000,658.0000,1144.0000,2556.0000,3267.0000,3344.0000,3630.0000,2421.5824,1363.0000
2024-08-30,91,420.0000,517.0000,688.0000,580.0000,996.6116,2076.3750,2654.9739,2733.5913,3001.0000,2153.0083,1276.3840
2024-08-30,91,437.0000,528.0000,696.0000,579.0000,994.2127,2089.0000,2665.4769,2745.0634,3013.0000,2157.5263,1279.0000
2024-09-04,91,296.0000,396.0000,628.0000,624.2712,1050.0000,1977.8963,2408.0000,2513.0159,2827.0000,2309.0589,1369.6762
2024-09-04,91,409.0000,474.0000,674.0000,654.3564,1058.8806,1980.5807,2413.1895,2481.1918,2786.0000,2298.2026,1356.5725
2024-09-09,91,-9999.0000,-9999.0000,-9999.0000,-9999.0000,-9999.0000,-9999.0000,-9999.0000,-9999.0000,-9999.0000,-9999.0000,-9999.0000
2024-09-09,91,-9999.0000,-9999.0000,-9999.0000,-9999.0000,-9999.0000,-9999.0000,-9999.0000,-9999.0000,-9999.0000,-9999.0000,-9999.0000
2024-09-11,91,363.0000,370.0000,623.0000,504.0000,1019.0000,2473.5280,2943.0000,3029.5763,3250.4630,2317.6016,1250.3970
2024-09-11,91,429.0000,434.0000,661.0000,530.0000,1026.0000,2444.0000,2901.0731,2968.0000,3211.0000,2308.3452,1246.1646
2024-09-16,91,-9999.0000,-9999.0000,-9999.0000,-9999.0000,-9999.0000,-9999.0000,-9999.0000,-9999.0000,-9999.0000,-9999.0000,-9999.0000
2024-09-16,91,-9999.0000,-9999.0000,-9999.0000,-9999.0000,-9999.0000,-9999.0000,-9999.0000,-9999.0000,-9999.0000,-9999.0000,-9999.0000
2024-09-21,91,328.0000,366.0000,599.0000,498.0000,982.3641,2485.8465,2974.0000,3120.0000,3349.0616,2253.0000,1197.7070
2024-09-21,91,415.0000,432.0000,642.0000,527.0000,997.0000,2436.4490,2913.0000,3065.9282,3277.5922,2236.6431,1193.3912
2024-09-24,91,240.0000,306.0000,540.0000,450.0000,952.0000,2411.0000,2932.0000,3073.6697,3295.0000,2112.2233,1100.5067
2024-09-24,91,329.0000,360.0000,572.0000,469.0000,956.0000,2392.4650,2900.5380,3052.4306,3273.6483,2095.0000,1094.5552
2024-09-29,91,145.0000,289.0000,478.0000,416.0000,830.0000,2078.3399,2596.0000,2861.3548,2969.3076,1988.7621,1128.9005
2024-09-29,91,170.0000,298.0000,480.0000,414.0000,830.2590,2076.8014,2600.0000,2873.3575,2964.0000,1989.4897,1120.8373
2024-10-11,91,246.0000,308.1956,516.4800,468.3004,897.8782,2026.0000,2429.3635,2620.3813,2807.0000,2113.3090,1161.2408
2024-10-11,91,248.0000,304.0000,508.1646,464.3240,900.9962,2058.0000,2436.4917,2619.1916,2806.4550,2117.3466,1161.3722
2024-10-21,91,354.0000,424.0000,594.1899,606.0000,976.5067,1808.0000,2108.3407,2225.0000,2419.7719,2112.2483,1244.4933
2024-10-21,91,461.0000,512.0000,666.2400,646.0000,1002.0000,1774.0000,2070.0000,2198.0000,2377.3331,2080.9742,1238.3309
2024-10-26,91,-9999.0000,-9999.0000,-9999.0000,-9999.0000,-9999.0000,-9999.0000,-9999.0000,-9999.0000,-9999.0000,-9999.0000,-9999.0000
2024-10-29,91,214.0000,367.0000,478.4195,514.2422,822.1569,1448.9901,1739.0000,1835.9238,2003.3967,1906.0118,1258.4834
2024-10-29,91,249.0000,388.0000,488.3033,516.0964,821.4982,1444.6568,1723.6667,1842.7291,1988.9891,1900.6463,1254.3500
2024-10-31,91,226.0000,298.0000,442.5873,504.1697,821.7266,1475.0000,1722.1179,1883.0728,2029.2822,2133.0000,1336.6551
2024-10-31,91,225.0000,291.0000,438.1475,493.0000,816.8199,1477.0000,1699.5819,1891.9712,2017.7423,2141.0000,1336.0000
2024-11-03,91,400.0000,468.2987,578.0000,622.6814,936.7736,1481.4313,1733.8517,1891.3523,2019.8761,2161.0000,1388.0000
2024-11-03,91,424.0000,472.6308,578.4299,618.3097,916.9605,1475.1129,1738.2157,1874.4185,2027.8956,2142.0000,1354.6660
2024-11-05,91,257.0000,396.3805,476.5954,558.0000,841.5560,1410.3548,1701.0000,1923.2087,2011.2025,2210.3711,1428.0000
2024-11-05,91,214.0000,360.0000,444.3519,534.4879,842.3080,1409.0362,1701.3340,1940.7336,2021.1941,2228.0299,1433.5096
2024-11-08,91,307.0000,458.3167,526.1179,580.7337,846.3169,1289.0596,1534.8494,1700.0164,1811.0000,1801.5154,1209.0000
2024-11-08,91,379.0000,510.3967,562.4253,596.1415,857.6717,1301.0000,1538.5104,1696.5714,1789.0000,1794.4938,1212.0000
2024-11-10,91,250.0000,304.0178,438.9574,562.3469,844.2248,1371.5288,1595.7375,1866.6450,1954.6291,2211.0000,1405.4929
2024-11-10,91,269.0000,318.5817,444.8046,560.0000,845.5959,1370.4324,1588.0282,1850.9981,1938.5902,2197.0000,1391.0000
2024-11-13,91,222.0000,312.3432,424.5741,553.4597,828.4836,1275.2985,1508.8047,1731.4124,1844.0000,2132.3161,1324.7517
2024-11-13,91,264.0000,340.3906,450.5597,564.4000,826.5315,1277.1752,1501.0000,1723.8634,1837.8453,2122.3054,1320.3785
2024-11-15,91,247.0000,448.2212,530.3736,698.0000,1013.8164,1392.0000,1642.7310,1980.1678,2019.0000,2377.0000,1590.0000
2024-11-15,91,287.0000,470.4286,548.1317,704.4817,1018.5074,1392.0000,1650.0000,1986.3773,2013.0000,2381.0000,1592.0000
2024-11-18,91,809.0000,1046.0000,1192.0000,1516.0000,1914.0000,2173.8048,2449.5703,2762.6667,2837.0000,3129.0000,2358.0000
2024-11-18,91,620.0000,942.2764,1118.0000,1509.8933,1965.0000,2233.0000,2533.4455,2840.4561,2968.4183,3233.5889,2408.7109
2024-11-23,91,358.0000,510.0000,736.0000,986.4328,1084.3932,1155.0553,1252.0324,1378.9400,1362.9703,1728.0000,1285.0000
2024-11-23,91,391.0000,531.0000,745.0000,988.0000,1084.4581,1156.0472,1249.8882,1378.8570,1345.2147,1724.9102,1289.6348
2024-11-25,91,-9999.0000,-9999.0000,-9999.0000,-9999.0000,-9999.0000,-9999.0000,-9999.0000,-9999.0000,-9999.0000,-9999.0000,-9999.0000
2024-11-25,91,-9999.0000,-9999.0000,-9999.0000,-9999.0000,-9999.0000,-9999.0000,-9999.0000,-9999.0000,-9999.0000,-9999.0000,-9999.0000
2024-11-30,91,491.0000,620.4181,880.0000,1168.8291,1309.0000,1370.7173,1451.4269,1586.5966,1579.5258,2190.0000,1816.8212
2024-11-30,91,515.0000,636.4481,886.0000,1169.3333,1297.6715,1363.7147,1451.8580,1577.8085,1571.0000,2174.0000,1809.6875
2024-12-05,91,723.0000,1030.0000,1236.5869,1561.4527,1713.0000,1793.0000,1907.0000,2050.9152,1997.7928,2829.5630,2705.0000
2024-12-05,91,719.0000,1036.8858,1268.0367,1580.8413,1734.0000,1817.2994,1912.8941,2059.3172,2010.5901,2809.9156,2717.8711
2024-12-13,91,535.0000,722.0000,1001.3909,1332.9921,1505.9068,1572.7849,1665.4573,1780.0888,1783.0000,2532.0000,2156.0000
2024-12-13,91,668.0000,822.0000,1056.0000,1337.1829,1517.4650,1571.9681,1675.5296,1770.7597,1776.0000,2501.5675,2155.7647
2024-12-13,91,616.0000,756.8742,1057.2179,1388.9427,1548.0000,1651.8778,1718.5204,1835.4358,1859.4526,2562.6422,2229.5234
2024-12-13,91,740.0000,852.0000,1118.0000,1393.3325,1550.0000,1642.3501,1713.0119,1835.3289,1863.0000,2547.2496,2244.0000
2024-12-15,91,468.0000,838.4893,1066.0000,1380.0000,1550.3364,1598.0000,1708.8109,1841.7427,1844.6204,2555.0000,2248.0000
2024-12-15,91,678.0000,936.0000,1122.0000,1394.0000,1562.5593,1619.0000,1715.0000,1843.6898,1845.0000,2505.0000,2244.3975
2024-12-18,91,-9999.0000,-9999.0000,-9999.0000,-9999.0000,-9999.0000,-9999.0000,-9999.0000,-9999.0000,-9999.0000,-9999.0000,-9999.0000
2024-12-23,91,-9999.0000,-9999.0000,-9999.0000,-9999.0000,-9999.0000,-9999.0000,-9999.0000,-9999.0000,-9999.0000,-9999.0000,-9999.0000
2024-12-25,91,395.0000,669.0000,842.4719,1100.5330,1230.0000,1281.5887,1369.5255,1499.8217,1458.4606,1866.0000,1448.5339
2024-12-25,91,452.0000,704.0000,863.0000,1118.0000,1239.0000,1285.1924,1385.9760,1506.6340,1469.9941,1862.5000,1455.0000
2024-12-28,91,424.0000,666.4419,862.5471,1141.3575,1254.4582,1323.5469,1424.6308,1501.1611,1526.1283,2018.0000,1810.0000
2024-12-28,91,442.0000,676.4000,860.0000,1129.6280,1249.0083,1314.4828,1416.0000,1499.2044,1541.9499,2020.0000,1828.0000
2024-12-30,91,527.0000,668.0289,912.9358,1233.0061,1385.9749,1449.0000,1531.6360,1652.1721,1671.0000,2327.0000,1962.0693
2024-12-30,91,590.0000,716.3295,941.4509,1237.9400,1389.7941,1462.0000,1541.6303,1674.0377,1662.0000,2335.0000,1993.0000
2025-01-04,91,-9999.0000,-9999.0000,-9999.0000,-9999.0000,-9999.0000,-9999.0000,-9999.0000,-9999.0000,-9999.0000,-9999.0000,-9999.0000
2025-01-12,91,467.0000,646.0000,888.5437,1172.5910,1334.0000,1384.5021,1483.6669,1659.9943,1595.4452,2238.2405,1820.0000
2025-01-12,91,503.0000,674.9778,905.3020,1168.6667,1320.0000,1385.0000,1493.0000,1666.5380,1606.0000,2239.0000,1804.0000
2025-01-14,91,902.0000,1250.6711,1550.0000,1923.6871,2041.0000,2159.0000,2292.0441,2496.4038,2403.0000,3283.4955,3149.0036
2025-01-14,91,867.0000,1256.7265,1534.0000,1904.0000,2046.0000,2140.5139,2251.0000,2518.0000,2361.5880,3273.9254,3070.0000
2025-01-17,91,795.0000,1189.3691,1513.0000,1844.0000,2035.1062,2100.2598,2205.0000,2390.0000,2322.0000,3178.5037,3122.0000
2025-01-17,91,779.0000,1213.0200,1501.0000,1844.4545,1971.0000,2090.7972,2211.0000,2416.0000,2339.0000,3144.0000,3097.4517
2025-02-03,91,790.0000,1134.0000,1482.9231,1868.0000,2035.4551,2077.0000,2199.0000,2386.0000,2290.0000,3187.1857,2957.0000
2025-02-03,91,773.0000,1140.0000,1485.0000,1886.0000,2037.6452,2093.0000,2202.0000,2400.0000,2312.0000,3210.0000,2989.0000
2025-02-06,91,762.0000,1116.9884,1484.0000,1851.0279,2003.9836,2072.0000,2184.0000,2372.8893,2288.0000,3106.0000,3033.0000
2025-02-06,91,779.0000,1148.0000,1497.5486,1850.5000,1979.3583,2056.0000,2159.0000,2363.4205,2276.0000,3099.6338,3035.6240
2025-02-08,91,975.0000,1395.0729,1857.0000,2260.2688,2455.0000,2565.3585,2602.9462,2754.5246,2764.5059,3835.0570,3486.0000
2025-02-08,91,1023.0000,1386.6667,1859.9141,2242.7577,2429.0000,2538.4302,2569.0000,2740.5643,2728.4748,3775.0000,3468.8901
2025-02-16,91,940.0000,1138.0000,1478.0000,1768.0000,2120.0000,2287.0000,2452.0000,2690.0000,2646.0000,2964.0000,2605.0000
2025-02-16,91,866.0000,1136.0000,1490.0000,1802.0000,1988.0000,2295.0000,2418.0000,2754.0000,2595.0000,2851.0000,2403.0000
2025-02-18,91,1027.0000,1434.7716,1914.0000,2378.1596,2505.0000,2669.0000,2746.0000,3075.6558,2927.0000,3796.4771,3479.0000
2025-02-18,91,1093.0000,1475.1346,1906.0000,2300.0000,2466.0000,2580.7630,2667.0000,2978.1348,2807.0000,3764.9205,3471.0000
2025-02-21,91,889.0000,1290.5024,1785.2668,2197.5788,2361.0000,2525.1951,2577.0000,2786.9690,2691.0000,3623.0000,3271.6859
2025-02-21,91,1074.0000,1372.0000,1777.0000,2113.9600,2285.5951,2411.4789,2476.0489,2700.3538,2613.5301,3587.9447,3281.9785
2025-02-28,91,-9999.0000,-9999.0000,-9999.0000,-9999.0000,-9999.0000,-9999.0000,-9999.0000,-9999.0000,-9999.0000,-9999.0000,-9999.0000
2025-02-28,91,-9999.0000,-9999.0000,-9999.0000,-9999.0000,-9999.0000,-9999.0000,-9999.0000,-9999.0000,-9999.0000,-9999.0000,-9999.0000
2025-03-03,91,859.0000,1122.3268,1601.6023,1990.3077,2198.0000,2339.0000,2409.0000,2657.5114,2571.5045,3411.7208,3036.0000
2025-03-03,91,861.0000,1166.0000,1594.8565,1943.2370,2196.0000,2398.6675,2451.0000,2660.6708,2592.0000,3439.0000,3044.0000
2025-03-05,91,976.0000,1466.6846,1909.2946,2307.1140,2501.0000,2620.0000,2733.0000,3004.5123,2907.0000,3858.0000,3709.5465
2025-03-05,91,996.0000,1475.1253,1898.1401,2286.0000,2463.0000,2610.0000,2735.0000,3002.0529,2869.4763,3796.2181,3665.0000
2025-03-08,91,1088.0000,1595.8205,2020.0000,2386.4062,2603.7119,2731.5112,2858.0000,3028.0000,2969.0931,3732.5286,3591.0000
2025-03-08,91,1041.0000,1616.7193,2120.0000,2526.0000,2734.0000,2841.0000,3000.0000,3130.2137,3089.0000,3792.0000,3644.5042
2025-03-10,91,-9999.0000,-9999.0000,-9999.0000,-9999.0000,-9999.0000,-9999.0000,-9999.0000,-9999.0000,-9999.0000,-9999.0000,-9999.0000
2025-03-10,91,-9999.0000,-9999.0000,-9999.0000,-9999.0000,-9999.0000,-9999.0000,-9999.0000,-9999.0000,-9999.0000,-9999.0000,-9999.0000
2025-03-18,91,688.0000,1019.4891,1436.5000,1786.0000,1956.3467,2220.5470,2336.0000,2532.8144,2465.7302,2942.0000,2641.0000
2025-03-18,91,706.0000,1045.0200,1443.7025,1779.1262,1936.5056,2197.0000,2321.0000,2513.6345,2427.5000,2905.0000,2594.0000
2025-03-20,91,927.0000,1203.0000,1690.4858,2076.2227,2283.0000,2594.3083,2691.0005,2908.3943,2834.3024,3469.3698,2947.0000
2025-03-20,91,922.0000,1211.4350,1645.2665,1995.7500,2228.4264,2546.0000,2594.1776,2843.6557,2743.0000,3325.0000,2835.0000
2025-03-23,91,-9999.0000,-9999.0000,-9999.0000,-9999.0000,-9999.0000,-9999.0000,-9999.0000,-9999.0000,-9999.0000,-9999.0000,-9999.0000
2025-03-23,91,-9999.0000,-9999.0000,-9999.0000,-9999.0000,-9999.0000,-9999.0000,-9999.0000,-9999.0000,-9999.0000,-9999.0000,-9999.0000
2025-03-25,91,-9999.0000,-9999.0000,-9999.0000,-9999.0000,-9999.0000,-9999.0000,-9999.0000,-9999.0000,-9999.0000,-9999.0000,-9999.0000
2025-03-30,91,-9999.0000,-9999.0000,-9999.0000,-9999.0000,-9999.0000,-9999.0000,-9999.0000,-9999.0000,-9999.0000,-9999.0000,-9999.0000
2025-03-30,91,-9999.0000,-9999.0000,-9999.0000,-9999.0000,-9999.0000,-9999.0000,-9999.0000,-9999.0000,-9999.0000,-9999.0000,-9999.0000
2025-04-01,91,-9999.0000,-9999.0000,-9999.0000,-9999.0000,-9999.0000,-9999.0000,-9999.0000,-9999.0000,-9999.0000,-9999.0000,-9999.0000
2025-04-02,91,838.0000,1275.0664,1788.0000,2071.1796,2355.0000,2795.0000,2845.8950,3030.2369,3002.6159,3430.2542,3023.0000
2025-04-02,91,862.0000,1282.0492,1796.1219,2069.1867,2373.0000,2727.0000,2845.0000,2995.6676,2978.2723,3419.5000,3059.0000
2025-04-04,91,931.0000,1475.4383,1954.8767,2274.7308,2581.4987,2973.5157,3155.6642,3330.5061,3232.0000,3689.4875,3400.0000
2025-04-04,91,963.0000,1483.4534,1947.0603,2261.9921,2526.0000,2923.0000,3053.5930,3296.0965,3186.3802,3670.0000,3374.0000
2025-04-04,91,843.0000,1330.8340,1835.5000,2203.2478,2483.3235,2825.0000,2994.2419,3150.1765,3107.4668,3498.0000,3030.7388
2025-04-04,91,898.0000,1354.7799,1826.5466,2150.0534,2443.0000,2774.0000,2933.0000,3092.0309,3019.0000,3436.0000,3057.0000
2025-04-07,91,1314.0000,1674.0000,2080.0000,2216.0000,2452.0000,2952.0000,3139.0000,3440.0000,3273.0000,3063.0000,2649.0000
2025-04-11,91,858.0000,1197.1568,1553.7018,1886.0000,2116.4279,2389.6248,2515.3753,2601.2689,2626.6158,3282.4548,2988.0199
2025-04-11,91,929.0000,1205.1975,1537.7559,1836.6429,2052.5027,2350.0886,2458.0000,2546.8790,2597.0000,3220.3649,2967.0000
2025-04-12,91,640.0000,1056.9763,1453.8375,1811.6795,2008.1906,2243.6176,2339.5090,2434.7075,2485.0000,3130.4724,2819.2659
2025-04-12,91,832.0000,1108.0000,1425.2429,1675.0120,1892.5443,2177.0000,2263.0000,2363.5496,2395.0000,3014.0538,2753.0000
2025-04-19,91,888.4416,1172.0000,1601.3810,1909.7990,2214.0037,2628.0000,2737.0000,2802.3359,2909.0000,3279.0000,2774.5575
2025-04-19,91,856.0000,1171.2169,1596.9430,1894.5000,2235.9397,2598.0000,2731.0000,2841.8390,2844.1396,3251.0753,2750.0000
2025-04-22,91,746.0000,1228.0000,1722.0000,1990.9020,2306.0000,2736.0000,2857.2904,2918.0000,2955.9952,3307.9073,2809.0785
2025-04-22,91,809.0000,1244.9653,1715.0000,1975.3333,2289.2856,2760.0000,2863.0000,2897.4600,2986.7203,3308.2056,2859.0353
2025-04-24,91,1022.0000,1643.5688,2129.1697,2407.4132,2741.4045,3202.3562,3406.0936,3493.9397,3507.0000,3818.7786,3419.9375
2025-04-24,91,1069.0000,1642.0000,2115.7900,2376.0000,2677.6424,3168.0000,3387.2834,3432.0000,3483.2931,3838.0000,3459.0000
2025-04-24,91,982.0000,1474.6454,1996.5917,2281.3066,2611.7350,3110.4820,3290.5783,3329.0119,3441.0000,3701.0628,3229.4776
2025-04-24,91,983.0000,1457.0000,1954.0000,2214.8535,2554.4586,3064.0000,3277.3697,3240.7316,3401.0720,3687.0000,3238.9164
2025-04-27,91,626.0000,1195.7132,1633.4891,1904.0000,2179.0000,2645.0000,2836.0000,2897.8389,2920.9044,3186.5497,2822.6761
2025-04-27,91,730.0000,1193.9338,1587.3423,1832.9834,2082.1240,2572.0000,2789.4886,2836.0000,2884.0000,3114.6129,2823.0000
2025-04-29,91,808.0000,1500.1265,2058.8980,2344.6712,2665.0000,3211.0825,3307.1362,3476.8078,3428.5105,3707.0000,3207.9261
2025-04-29,91,925.0000,1441.9013,1921.4352,2196.6224,2517.5796,3052.0000,3153.0000,3330.5239,3320.4525,3629.9655,3186.4484
2025-05-01,91,864.5370,1466.9458,1980.9961,2262.1429,2631.0000,3129.9336,3292.4768,3362.6667,3423.0000,3701.0000,3303.6009
2025-05-01,91,944.0000,1440.3547,1899.1153,2173.0270,2539.4734,3060.0000,3222.0000,3288.0000,3348.0000,3630.0000,3284.0000
2025-05-02,91,797.0000,1332.5241,1834.2936,2074.0231,2443.5037,3005.7836,3158.0000,3216.9519,3296.0000,3580.0000,3106.0000
2025-05-02,91,908.0000,1338.4543,1821.0406,2051.8325,2431.0000,3019.0000,3149.0000,3209.8625,3297.9896,3554.9119,3149.0000
2025-05-04,91,1324.0000,1954.4177,2393.3172,2417.6954,2950.0000,3620.3247,3908.5695,3858.6667,3894.0000,3296.0000,2877.0130
2025-05-04,91,1410.0000,1955.1268,2379.6193,2393.5937,2882.0000,3444.8927,3708.3653,3676.0000,3711.0000,3274.0000,2867.0000
2025-05-04,91,738.0000,1418.4363,1947.6871,2082.4313,2533.0609,3157.5295,3358.4612,3284.7422,3450.7124,3140.0000,2692.0000
2025-05-04,91,918.0000,1384.0000,1834.2176,1939.5891,2355.0000,2974.0000,3195.2852,3136.0000,3299.6497,3026.0000,2626.3674
2025-05-09,91,770.0000,1267.8870,1794.0000,1925.1784,2421.0304,3255.0000,3372.8249,3540.7695,3547.7549,3452.4194,2808.0000
2025-05-09,91,787.0000,1276.0000,1794.7224,1938.1985,2440.4560,3251.4459,3408.0000,3536.0000,3554.0000,3427.0000,2804.8957
2025-05-11,91,765.0000,1272.5075,1806.0000,1957.0000,2443.0000,3321.7282,3531.4621,3562.1795,3634.3584,3502.0000,2943.0000
2025-05-11,91,800.0000,1266.5454,1777.5256,1907.3319,2370.6370,3243.0000,3462.0000,3507.3684,3603.0868,3477.0000,2931.8813
2025-05-12,91,587.0000,1211.3333,1842.0000,1945.0246,2516.0241,3450.9001,3627.8210,3732.4346,3764.0000,3512.9840,2850.9460
2025-05-12,91,699.0000,1217.0855,1785.3799,1891.2283,2408.0000,3337.0000,3540.3453,3673.4891,3673.0000,3459.1896,2789.0087
