2017-01-24,51,632.0000,792.0000,968.1131,1168.0000,1453.0000,1590.0000,1692.4159,1858.2909,1860.0000,2342.0000,1761.6928
2017-04-11,51,1752.3161,1593.2729,1813.4202,2052.2651,2309.7451,2496.6105,2587.9893,2653.8791,2738.5622,3490.6320,3283.0340
2017-04-21,51,1064.0000,1466.8966,2029.2313,2595.3067,2852.5050,3021.2877,3137.6213,3389.5252,3295.0000,3996.4190,3664.9994
2017-04-21,51,1698.0000,1883.6331,2275.9360,2725.7232,2922.9302,3089.4032,3197.2508,3441.7284,3331.7570,4019.5372,3651.3029
2017-04-24,51,-9999.0000,-9999.0000,-9999.0000,-9999.0000,-9999.0000,-9999.0000,-9999.0000,-9999.0000,-9999.0000,-9999.0000,-9999.0000
2017-05-01,51,-9999.0000,-9999.0000,-9999.0000,-9999.0000,-9999.0000,-9999.0000,-9999.0000,-9999.0000,-9999.0000,-9999.0000,-9999.0000
2017-05-04,51,-9999.0000,-9999.0000,-9999.0000,-9999.0000,-9999.0000,-9999.0000,-9999.0000,-9999.0000,-9999.0000,-9999.0000,-9999.0000
2017-05-04,51,-9999.0000,-9999.0000,-9999.0000,-9999.0000,-9999.0000,-9999.0000,-9999.0000,-9999.0000,-9999.0000,-9999.0000,-9999.0000
2017-05-14,51,789.0000,1145.4756,1635.9935,1901.8561,2377.0000,2597.5548,2695.0000,2715.7611,2844.9648,3444.0000,2867.0415
2017-05-14,51,1102.0000,1354.4649,1780.0000,1994.2498,2450.6233,2635.5749,2723.0026,2779.3224,2886.0000,3457.0000,2867.5837
2017-05-21,51,-9999.0000,-9999.0000,-9999.0000,-9999.0000,-9999.0000,-9999.0000,-9999.0000,-9999.0000,-9999.0000,-9999.0000,-9999.0000
2017-05-21,51,-9999.0000,-9999.0000,-9999.0000,-9999.0000,-9999.0000,-9999.0000,-9999.0000,-9999.0000,-9999.0000,-9999.0000,-9999.0000
2017-05-24,51,1817.0000,1953.0449,2515.7596,2774.5275,3282.0000,3822.3980,4009.9226,4012.5000,4129.9023,4524.1757,3875.0000
2017-05-24,51,1436.0000,1803.3761,2269.0227,2507.1906,2996.3663,3524.0000,3715.4541,3748.1374,3867.4178,4318.2653,3757.9065
2017-05-31,51,1872.0000,1990.3405,2197.8925,2141.5261,2561.4919,3363.0000,3611.0000,3621.5954,3763.1705,3553.4521,2814.2221
2017-06-03,51,1105.0000,1322.1781,1741.0324,1811.5095,2271.0000,3475.8638,3884.8404,3827.0796,4010.7309,3496.0000,2682.0000
2017-06-03,51,1126.0000,1236.2877,1675.5340,1755.1604,2250.5045,3445.0282,3859.1971,3792.5359,3979.3963,3467.2535,2677.0000
2017-06-10,51,1065.0000,1198.3929,1417.1277,1321.5109,1707.7362,3145.0000,3649.0466,3694.1404,3766.0000,2749.4227,1932.4979
2017-06-13,51,545.0000,588.9872,824.9489,731.8370,1154.0000,2882.6058,3618.0000,3554.8949,3757.3730,2408.3693,1597.7779
2017-06-13,51,608.0000,657.2225,873.5203,771.0066,1185.8824,2851.8602,3547.5616,3467.2128,3690.0753,2394.4087,1605.5502
2017-06-20,51,63.0000,261.0788,614.2154,571.6680,1011.7375,3045.6906,3948.1055,3931.3078,4113.2153,2259.8711,1378.5464
2017-06-20,51,558.0000,534.0902,732.1104,595.5104,1002.8548,3050.0297,3970.5464,3954.2218,4122.6441,2249.5837,1355.3062
2017-06-23,51,281.9583,369.4368,613.5122,523.1723,898.5667,2908.5397,4018.5384,3890.9457,4163.2508,2066.9749,1218.2284
2017-06-23,51,396.0000,421.2640,627.0539,515.5138,899.0814,2957.5392,4058.4999,3948.0918,4228.4359,2083.5690,1229.2283
2017-07-03,51,89.9361,85.8811,238.1513,117.6764,436.0538,2588.7582,3891.2378,3850.0884,4045.4473,1514.4995,746.7877
2017-07-03,51,64.0000,85.8737,265.5314,147.1477,482.9187,2569.0000,3825.0000,3779.5692,3937.9171,1506.5670,747.5079
2017-07-08,51,338.0000,402.5480,537.5234,405.7996,716.2674,2389.5912,3633.7712,3586.8672,3812.0000,1514.6824,803.0799
2017-07-10,51,1.0000,1.0000,269.7060,189.4531,606.2255,2823.0000,3971.0574,3963.5820,4175.0000,1660.0000,760.7761
2017-07-10,51,95.0000,133.2344,332.8596,197.2512,586.8341,2813.0000,4010.0025,3963.9951,4194.2796,1628.9906,756.2250
2017-07-13,51,1.0000,1.0205,237.3915,173.4212,545.5972,2538.3109,3777.8983,3724.7702,4022.0000,1577.2378,747.0000
2017-07-13,51,23.0000,121.5665,313.3807,213.3121,570.2321,2516.9749,3739.2669,3682.0188,3964.9350,1562.6117,747.5898
2017-07-20,51,596.0000,636.0000,817.1810,645.0000,1024.0000,2564.0000,3300.0000,3278.0000,3535.0000,1745.0000,970.0000
2017-07-20,51,466.0000,504.3108,691.4519,491.7467,879.0000,2714.0000,3517.2105,3495.9507,3725.3305,1788.0000,939.4390
2017-07-23,51,1.0000,225.7562,458.1861,361.4980,736.0000,2461.6993,3533.4110,3481.7175,3802.8339,1677.4983,836.0000
2017-07-23,51,271.0000,298.3320,453.4193,309.4219,661.6211,2537.7150,3684.1792,3627.9590,3981.1949,1691.3782,835.4130
2017-07-30,51,-9999.0000,-9999.0000,-9999.0000,-9999.0000,-9999.0000,-9999.0000,-9999.0000,-9999.0000,-9999.0000,-9999.0000,-9999.0000
2017-08-02,51,185.0000,261.1780,441.4327,317.7794,681.4837,2433.7902,3474.1269,3436.4884,3755.7766,1669.2376,850.3419
2017-08-02,51,137.0000,273.4472,441.5918,317.3076,677.3532,2440.0264,3467.3748,3427.6336,3737.0000,1668.1870,850.4139
2017-08-09,51,150.5312,317.9035,633.2967,546.8024,1044.0456,2755.8987,3596.0621,3570.5334,3908.0837,2010.3462,1084.4292
2017-08-09,51,259.0000,372.5919,661.7861,562.3877,1034.0000,2708.0003,3542.5436,3484.1601,3803.9561,1970.7763,1074.3116
2017-08-12,51,75.0000,172.0000,257.0000,226.0000,402.0000,1109.0000,1444.0000,1438.0000,1508.0000,659.0000,334.0000
2017-08-12,51,1.0000,154.0000,297.0000,304.0000,548.0000,1506.0000,1805.0000,1580.0000,1932.0000,833.0000,443.0000
2017-08-19,51,-9999.0000,-9999.0000,-9999.0000,-9999.0000,-9999.0000,-9999.0000,-9999.0000,-9999.0000,-9999.0000,-9999.0000,-9999.0000
2017-08-22,51,299.0000,413.2682,609.5358,656.6060,1052.4845,2137.9626,2653.6674,2818.8670,3025.4491,2013.1534,1194.5044
2017-08-22,51,295.0000,405.3118,601.5031,644.8329,1034.0000,2148.5668,2669.0000,2827.6148,3044.3455,2020.5055,1194.3637
2017-08-29,51,114.3191,294.5923,525.5796,709.4687,1076.7475,1771.9796,2072.0399,2170.9763,2381.1031,2090.3677,1274.9866
2017-08-29,51,329.0000,426.7465,578.4020,725.7734,1056.7594,1749.7166,2037.0742,2156.9186,2370.9900,2066.4423,1266.1173
2017-09-08,51,188.0000,366.0000,524.5437,701.5575,1032.5753,1542.8558,1732.4170,1803.5560,2028.0000,2075.2945,1353.6020
2017-09-08,51,279.0000,324.5246,516.5592,708.2000,1030.3110,1531.6792,1725.0000,1787.2854,1991.0265,2043.0000,1333.2028
2017-09-18,51,293.0000,344.4832,469.1292,618.5525,902.1201,1240.5775,1386.0121,1447.8616,1578.3059,2002.4996,1437.9828
2017-09-18,51,152.0000,328.6225,526.7130,669.7259,933.6477,1282.0000,1421.5718,1466.2819,1594.1826,1939.0000,1406.7448
2017-09-21,51,338.0000,358.5744,414.5042,486.4793,705.9412,987.1807,1095.6541,1139.7066,1241.2823,1569.6408,1141.6626
2017-09-21,51,391.0000,392.3975,436.8004,494.2762,712.9411,994.5175,1107.8844,1139.1023,1241.9332,1565.6360,1136.5047
2017-09-28,51,510.0000,572.2744,704.3702,828.7601,1090.2361,1331.7744,1461.0435,1548.4301,1627.1542,1996.4735,1443.0000
2017-09-28,51,756.0000,765.0000,832.5110,876.5000,1122.7214,1373.3196,1476.7126,1571.7055,1627.2471,1934.5010,1419.0000
2017-10-01,51,-9999.0000,-9999.0000,-9999.0000,-9999.0000,-9999.0000,-9999.0000,-9999.0000,-9999.0000,-9999.0000,-9999.0000,-9999.0000
2017-10-08,51,-9999.0000,-9999.0000,-9999.0000,-9999.0000,-9999.0000,-9999.0000,-9999.0000,-9999.0000,-9999.0000,-9999.0000,-9999.0000
2017-10-08,51,-9999.0000,-9999.0000,-9999.0000,-9999.0000,-9999.0000,-9999.0000,-9999.0000,-9999.0000,-9999.0000,-9999.0000,-9999.0000
2017-10-11,51,-9999.0000,-9999.0000,-9999.0000,-9999.0000,-9999.0000,-9999.0000,-9999.0000,-9999.0000,-9999.0000,-9999.0000,-9999.0000
2017-10-18,51,-9999.0000,-9999.0000,-9999.0000,-9999.0000,-9999.0000,-9999.0000,-9999.0000,-9999.0000,-9999.0000,-9999.0000,-9999.0000
2017-10-31,51,1362.0000,1292.4930,1402.3333,1578.0828,1852.0000,2130.0000,2294.0000,2378.0000,2499.0000,2938.0000,2277.5244
2017-10-31,51,1495.0000,1360.0000,1448.0000,1577.0000,1871.0000,2142.5209,2308.2541,2398.1995,2508.0263,2905.0000,2246.5113
2017-11-10,51,-9999.0000,-9999.0000,-9999.0000,-9999.0000,-9999.0000,-9999.0000,-9999.0000,-9999.0000,-9999.0000,-9999.0000,-9999.0000
2017-11-10,51,-9999.0000,-9999.0000,-9999.0000,-9999.0000,-9999.0000,-9999.0000,-9999.0000,-9999.0000,-9999.0000,-9999.0000,-9999.0000
2017-11-17,51,-9999.0000,-9999.0000,-9999.0000,-9999.0000,-9999.0000,-9999.0000,-9999.0000,-9999.0000,-9999.0000,-9999.0000,-9999.0000
2017-11-17,51,738.0000,740.0000,845.2388,773.0000,1103.0000,1494.0000,1576.0000,1665.9568,1700.0000,1549.0000,1217.0000
2017-11-20,51,488.3435,709.7484,936.5566,1181.0000,1486.5163,1707.9152,1835.2484,2010.6423,2016.0000,2401.8279,1869.0000
2017-11-20,51,830.0000,877.0262,998.7252,1185.3088,1466.5847,1725.1956,1842.5111,2019.7437,2035.0000,2405.3130,1876.0000
2017-11-27,51,74.0000,424.0000,705.3314,946.3333,1317.0000,1594.8521,1722.0000,1959.0054,1964.0000,1988.0000,1288.9555
2017-11-27,51,313.0000,522.5996,756.2515,953.1479,1293.2674,1557.0000,1677.0000,1896.4442,1908.0000,1917.0000,1250.0000
2017-12-07,51,552.0000,770.5186,1048.4713,1264.5778,1680.9441,1947.2748,2093.0000,2250.1972,2273.4899,2397.0000,1672.0487
2017-12-17,51,1.0000,306.2526,548.3071,812.9961,1177.7181,1486.0000,1613.0000,1830.3422,1851.7527,1699.4340,1095.0000
2017-12-17,51,228.0000,430.3501,622.7775,838.3373,1173.3335,1454.0000,1556.3424,1784.2359,1797.4962,1634.9107,1053.4266
2017-12-20,51,242.0000,486.2312,690.4757,888.0000,1173.3450,1427.0694,1522.0000,1719.6078,1729.9163,1796.7240,1232.4928
2017-12-20,51,308.0000,524.5000,704.1748,890.4143,1191.0000,1416.0000,1555.9065,1718.8511,1761.0000,1800.0000,1248.0000
2017-12-22,51,-9999.0000,-9999.0000,-9999.0000,-9999.0000,-9999.0000,-9999.0000,-9999.0000,-9999.0000,-9999.0000,-9999.0000,-9999.0000
2017-12-25,51,930.0000,1164.0000,1270.3023,1324.6024,1514.0000,1636.0000,1732.5088,1819.3231,1821.0000,1618.4032,1273.5993
2017-12-25,51,663.0000,936.6177,1120.6929,1244.6549,1457.2608,1620.0000,1742.0000,1851.2744,1867.9991,1627.0451,1244.9583
2018-01-06,51,-9999.0000,-9999.0000,-9999.0000,-9999.0000,-9999.0000,-9999.0000,-9999.0000,-9999.0000,-9999.0000,-9999.0000,-9999.0000
2018-01-11,51,-9999.0000,-9999.0000,-9999.0000,-9999.0000,-9999.0000,-9999.0000,-9999.0000,-9999.0000,-9999.0000,-9999.0000,-9999.0000
2018-01-11,51,1.0000,220.0000,337.0000,403.0000,581.0000,801.0000,880.0000,900.0000,910.0000,719.0000,472.0000
2018-01-14,51,254.0000,495.0000,852.0000,1112.0000,1634.0000,2306.0000,2489.0000,2774.0000,2789.0000,2661.0000,2037.0000
2018-01-14,51,349.0000,677.1947,965.6667,1254.0000,1586.6996,1923.0000,2122.4879,2275.3329,2343.0000,2401.0661,2043.0678
2018-01-19,51,-9999.0000,-9999.0000,-9999.0000,-9999.0000,-9999.0000,-9999.0000,-9999.0000,-9999.0000,-9999.0000,-9999.0000,-9999.0000
2018-01-19,51,-9999.0000,-9999.0000,-9999.0000,-9999.0000,-9999.0000,-9999.0000,-9999.0000,-9999.0000,-9999.0000,-9999.0000,-9999.0000
2018-01-21,51,74.0000,420.6209,682.0000,944.7143,1388.0000,1794.1254,1966.0746,2174.4315,2177.5391,2196.3493,1538.0000
2018-01-21,51,316.0000,580.1727,776.2370,969.6652,1352.0000,1697.0000,1862.0000,2074.3485,2085.0000,2075.7674,1498.0065
2018-02-08,51,-9999.0000,-9999.0000,-9999.0000,-9999.0000,-9999.0000,-9999.0000,-9999.0000,-9999.0000,-9999.0000,-9999.0000,-9999.0000
2018-02-10,51,219.0000,508.3788,738.1227,993.6144,1448.5180,1858.0000,2049.4474,2263.6925,2243.0000,2107.6035,1476.8617
2018-02-10,51,265.0000,554.1757,812.5930,988.5860,1444.0611,1843.1490,1994.0000,2067.0000,2210.8094,2052.3419,1447.0000
2018-02-13,51,1064.0000,1241.0000,1400.0000,1452.0000,1741.0000,2123.0000,2274.0000,2398.0000,2400.0000,1433.0000,1119.0000
2018-02-13,51,1111.0000,1286.0000,1424.0000,1520.6861,1772.0000,2084.0000,2218.1070,2378.0461,2321.5394,1446.0000,1151.0000
2018-02-25,51,1048.0000,1249.3468,1496.7363,1693.5958,2140.4041,2560.0000,2719.0000,2833.5671,2916.0000,3028.6573,2430.4808
2018-02-25,51,1097.0000,1273.9120,1516.6619,1721.4975,2154.0000,2583.0000,2742.0000,2843.4596,2941.0000,3037.4384,2405.3116
2018-02-28,51,1385.0000,1578.7623,1770.7500,1897.8440,2218.4693,2545.0000,2680.9672,2780.0000,2868.7522,3344.4191,2709.5251
2018-02-28,51,1568.0000,1678.1131,1841.1349,1933.4900,2249.0061,2632.0000,2766.0000,2861.5113,2964.0000,3336.1321,2704.0000
2018-03-12,51,-9999.0000,-9999.0000,-9999.0000,-9999.0000,-9999.0000,-9999.0000,-9999.0000,-9999.0000,-9999.0000,-9999.0000,-9999.0000
2018-03-20,51,-9999.0000,-9999.0000,-9999.0000,-9999.0000,-9999.0000,-9999.0000,-9999.0000,-9999.0000,-9999.0000,-9999.0000,-9999.0000
2018-03-20,51,-9999.0000,-9999.0000,-9999.0000,-9999.0000,-9999.0000,-9999.0000,-9999.0000,-9999.0000,-9999.0000,-9999.0000,-9999.0000
2018-03-22,51,578.0000,853.7994,1142.6684,1370.4194,1861.0000,2412.0000,2561.0000,2754.5394,2805.0000,2975.0000,2259.0000
2018-03-22,51,532.0000,843.0000,1129.0000,1341.3854,1790.7613,2294.0000,2468.6178,2634.7692,2697.8597,2869.0706,2238.0026
2018-03-25,51,810.0000,1026.7599,1220.4792,1353.6145,1794.0000,2213.4525,2388.5667,2458.9765,2588.0844,2828.0000,2276.0546
2018-03-25,51,856.0000,1050.7189,1236.3307,1361.5758,1800.2021,2231.0000,2409.0000,2469.0000,2610.5183,2841.5196,2293.0000
2018-03-27,51,1298.0000,1295.0000,1442.0467,1569.2360,2068.4995,2620.4819,2814.5101,2996.4945,3050.3824,3266.0000,2505.9956
2018-03-27,51,1268.0000,1284.5835,1436.4307,1554.2354,2054.5148,2610.0000,2785.0000,2970.7500,3019.0658,3228.4626,2466.0000
2018-03-30,51,-9999.0000,-9999.0000,-9999.0000,-9999.0000,-9999.0000,-9999.0000,-9999.0000,-9999.0000,-9999.0000,-9999.0000,-9999.0000
2018-03-30,51,-9999.0000,-9999.0000,-9999.0000,-9999.0000,-9999.0000,-9999.0000,-9999.0000,-9999.0000,-9999.0000,-9999.0000,-9999.0000
2018-04-01,51,633.0000,930.0000,1225.0000,1300.0000,1999.0000,2690.0000,2915.0000,3180.6649,3024.0000,2316.0000,1588.0000
2018-04-01,51,746.0000,1080.8308,1270.8044,1306.0031,1912.0000,2488.0000,2686.3818,2913.4512,2813.2837,2277.3924,1587.0000
2018-04-06,51,536.0000,693.2907,1048.5763,1193.5956,1886.2746,2619.0000,2820.1368,3044.9466,3046.6842,2756.2295,1929.5091
2018-04-06,51,584.0000,737.9199,1052.6418,1169.7881,1804.9348,2512.0000,2722.1819,2909.3333,2919.0000,2667.0000,1889.4122
2018-04-11,51,1126.0000,1249.0550,1498.2287,1517.4881,2130.6762,2766.0106,3036.0499,3123.5304,3206.9508,2623.0000,1932.0000
2018-04-14,51,450.0000,653.8788,948.5671,1004.9361,1640.5982,2365.9499,2564.6841,2747.9718,2775.0000,2237.9990,1579.0000
2018-04-14,51,498.0000,694.7435,968.4126,1014.3361,1629.0197,2347.0000,2586.0000,2730.8243,2797.2956,2213.5881,1578.2505
2018-04-16,51,-9999.0000,-9999.0000,-9999.0000,-9999.0000,-9999.0000,-9999.0000,-9999.0000,-9999.0000,-9999.0000,-9999.0000,-9999.0000
2018-04-16,51,-9999.0000,-9999.0000,-9999.0000,-9999.0000,-9999.0000,-9999.0000,-9999.0000,-9999.0000,-9999.0000,-9999.0000,-9999.0000
2018-04-19,51,548.0000,689.1879,1073.7135,1081.3412,1811.0000,2541.0887,2765.0144,2955.7366,2995.1502,2573.6216,1818.3878
2018-04-19,51,596.0000,737.2990,1080.7916,1081.5200,1785.4154,2525.0000,2735.0000,2914.6783,2958.0000,2538.8202,1806.7138
2018-04-21,51,639.0000,818.0000,1201.6644,1227.2337,1997.8365,2795.0000,3040.3000,3275.9053,3275.0950,2885.2622,2146.9530
2018-04-21,51,478.0000,778.0180,1157.5212,1187.2401,1889.4781,2632.5236,2891.5395,3121.7978,3108.7503,2790.0000,2085.5088
2018-04-24,51,919.0000,1162.3661,1402.0000,1309.3596,1941.9789,2646.4515,2917.5062,2995.4558,3105.1888,2748.0000,2025.0128
2018-04-24,51,1086.0000,1206.4321,1414.0000,1308.8014,1911.0000,2600.6841,2876.5134,2956.5424,3068.6544,2684.6621,2030.0000
2018-04-26,51,683.0000,844.9390,1282.1981,1283.8206,2086.0000,2992.0000,3203.1634,3307.2221,3443.4472,2922.6452,2035.9403
2018-04-26,51,604.0000,806.0000,1249.6541,1273.5956,2042.3880,2925.0000,3140.6631,3217.6846,3380.8423,2884.2272,2008.0000
2018-04-29,51,658.0000,841.7120,1237.2837,1269.0127,1968.6903,2804.9721,3057.2067,3139.9266,3326.3519,2748.2865,1907.4773
2018-04-29,51,740.0000,880.9386,1249.7729,1260.6413,1941.0377,2745.6672,3021.0515,3091.9155,3256.0000,2725.6122,1892.5290
2018-05-04,51,1103.0000,1326.7000,1578.7610,1508.9562,2104.5573,2818.0000,3129.8321,3176.6185,3300.2972,2242.0000,1550.2508
2018-05-04,51,1103.0000,1330.5484,1590.7883,1517.6030,2113.6909,2837.1558,3157.4333,3206.5000,3325.0000,2236.0000,1546.0000
2018-05-06,51,743.0000,878.2828,1230.9016,1224.0000,1873.8329,2788.0000,3044.0648,3067.0563,3276.2972,2779.4211,1884.9624
2018-05-06,51,612.0000,818.5648,1222.5318,1245.2974,1945.5512,2901.5000,3158.0191,3173.2430,3387.0859,2818.8332,1895.0000
2018-05-09,51,869.0000,981.4246,1313.6905,1358.3920,1991.0000,2864.7093,3124.6466,3196.3992,3345.0000,2667.6218,1858.3823
2018-05-09,51,794.4666,950.5634,1297.4844,1345.5541,1965.2802,2824.4993,3089.4228,3162.1471,3317.0020,2632.8671,1849.2765
2018-05-11,51,872.0000,1162.0000,1445.0000,1384.0000,2109.0000,3166.0000,3631.0000,3643.0000,3815.0000,2723.0000,1831.0000
2018-05-11,51,-9999.0000,-9999.0000,-9999.0000,-9999.0000,-9999.0000,-9999.0000,-9999.0000,-9999.0000,-9999.0000,-9999.0000,-9999.0000
2018-05-16,51,-9999.0000,-9999.0000,-9999.0000,-9999.0000,-9999.0000,-9999.0000,-9999.0000,-9999.0000,-9999.0000,-9999.0000,-9999.0000
2018-05-16,51,-9999.0000,-9999.0000,-9999.0000,-9999.0000,-9999.0000,-9999.0000,-9999.0000,-9999.0000,-9999.0000,-9999.0000,-9999.0000
2018-05-19,51,515.0000,636.4825,1075.0386,1179.3778,1882.6822,3033.5066,3370.0000,3467.1667,3671.0000,2899.7625,1924.4160
2018-05-19,51,536.1822,738.0000,1105.5170,1173.4000,1850.0409,2960.7610,3305.9466,3395.3458,3592.0000,2859.2963,1898.9536
2018-05-21,51,660.0000,850.2992,1235.2985,1291.3891,1988.0000,3214.2069,3588.6796,3755.2968,3860.2554,3028.0553,2052.4166
2018-05-21,51,598.0000,860.2301,1235.7857,1265.0000,1965.0000,3175.0000,3569.0000,3741.4961,3827.0000,2984.3411,2018.3507
2018-05-24,51,-9999.0000,-9999.0000,-9999.0000,-9999.0000,-9999.0000,-9999.0000,-9999.0000,-9999.0000,-9999.0000,-9999.0000,-9999.0000
2018-05-24,51,-9999.0000,-9999.0000,-9999.0000,-9999.0000,-9999.0000,-9999.0000,-9999.0000,-9999.0000,-9999.0000,-9999.0000,-9999.0000
2018-05-26,51,712.2232,803.4887,1243.8670,1251.7042,2000.0000,3357.0000,3689.0000,3777.7286,4002.0000,3124.9789,2019.9622
2018-05-26,51,601.0000,764.8333,1204.3246,1227.7574,1933.4872,3248.9537,3609.7212,3666.0932,3860.0000,3057.0000,2002.8670
2018-05-31,51,1376.0000,1716.6887,1997.5866,2280.6256,2621.9714,2782.6656,2996.0000,2994.0000,3144.5740,3706.3211,3396.9714
2018-05-31,51,1407.0000,1728.2828,2009.5388,2290.7890,2609.6290,2770.4997,2980.4887,2988.7869,3128.0000,3666.6775,3331.8489
2018-06-03,51,1151.0000,1576.0758,1880.6345,2218.9814,2494.4658,2656.6251,2876.7085,2921.3397,3061.1338,3797.4262,3481.1609
2018-06-03,51,1227.0000,1580.9528,1893.2220,2234.4442,2501.3286,2676.0000,2901.3244,2940.9147,3081.2598,3796.8253,3500.1366
2018-06-05,51,1351.0000,1685.5660,2085.0458,2513.9281,2841.5976,3005.1402,3157.5255,3177.0109,3370.0000,4211.1979,3785.8894
2018-06-05,51,1409.0000,1649.3611,2025.3186,2426.3594,2765.0302,2941.3262,3104.2610,3104.9079,3301.6470,4130.0044,3713.3453
2018-06-10,51,1298.0000,1794.2834,2193.6667,2619.4437,2938.4668,3048.4129,3276.1833,3330.3835,3466.9914,4375.0000,4088.0465
2018-06-10,51,1125.0000,1652.5199,2076.0000,2498.9938,2833.0000,2979.6765,3218.2243,3221.5000,3372.0577,4299.1618,4039.3381
2018-06-13,51,1208.0000,1704.7761,2147.2146,2588.7685,2937.1030,3116.4780,3338.6231,3363.9924,3508.1437,4339.7473,4104.7370
2018-06-13,51,1318.0000,1780.7683,2165.2011,2554.4745,2868.0705,3100.5889,3323.6091,3340.8185,3503.0000,4330.8424,4120.3922
2018-06-15,51,1665.4798,2128.6667,2642.1338,3129.0630,3533.0000,3793.4822,3922.0211,4003.8819,4145.0574,5072.0000,4589.3040
2018-06-15,51,1546.0000,2106.8060,2627.7191,3112.5909,3533.0000,3754.1082,3891.3126,3970.3513,4114.9285,5016.9749,4531.0000
2018-06-18,51,-9999.0000,-9999.0000,-9999.0000,-9999.0000,-9999.0000,-9999.0000,-9999.0000,-9999.0000,-9999.0000,-9999.0000,-9999.0000
2018-06-18,51,-9999.0000,-9999.0000,-9999.0000,-9999.0000,-9999.0000,-9999.0000,-9999.0000,-9999.0000,-9999.0000,-9999.0000,-9999.0000
2018-06-20,51,1464.0000,2050.9419,2490.0000,2938.7137,3338.0000,3450.7226,3666.0476,3704.5274,3828.1288,4740.0000,4329.6631
2018-06-20,51,1193.0000,1827.4510,2308.0000,2730.3532,3148.1483,3276.7868,3498.4922,3544.0000,3664.9175,4598.0000,4262.9531
2018-06-23,51,504.5202,877.0000,1224.0000,1561.0000,1832.4796,2102.3725,2265.3458,2387.5357,2441.5724,2837.7093,2205.4958
2018-06-23,51,687.0000,964.5194,1250.0000,1538.0000,1815.0000,2093.6139,2256.9219,2380.2672,2433.3939,2816.0000,2194.5021
2018-06-30,51,1260.0000,1747.7040,2210.3196,2426.3869,3010.0000,3691.4599,3955.4502,3970.6975,4126.6766,4501.0000,3811.9848
2018-06-30,51,1266.0000,1636.4213,2083.0828,2282.0000,2888.0000,3532.5086,3811.5823,3818.4269,3964.8091,4420.0000,3794.0000
2018-07-03,51,1431.0000,1672.9901,1956.8539,1936.0000,2370.0000,3047.0000,3352.0000,3284.0000,3464.9061,3121.5005,2498.0000
2018-07-03,51,1489.2731,1694.0000,1953.4382,1880.9480,2317.0000,3091.0000,3422.0370,3332.9245,3533.4910,3117.8626,2458.0000
2018-07-05,51,1226.0000,1482.7727,1976.0000,2055.3798,2670.0000,3882.5815,4130.8934,4098.6112,4338.3973,4212.0000,3323.0000
2018-07-05,51,1073.0000,1393.2469,1905.0000,2006.2699,2711.0000,3826.9701,4091.4941,4058.8545,4284.6182,4174.0000,3259.6669
2018-07-08,51,449.0000,537.1337,756.3238,717.9453,1061.0000,1818.0000,1980.6614,2043.0073,2073.8488,1624.8729,1174.0000
2018-07-10,51,-9999.0000,-9999.0000,-9999.0000,-9999.0000,-9999.0000,-9999.0000,-9999.0000,-9999.0000,-9999.0000,-9999.0000,-9999.0000
2018-07-13,51,318.0000,588.4456,1027.4545,908.9290,1573.0000,3373.3781,3878.0000,3908.5134,4016.9323,2929.7961,2034.0000
2018-07-13,51,563.0000,731.0599,1060.7454,909.1611,1546.0000,3250.8569,3748.0000,3794.2675,3890.1810,2921.3297,1995.0000
2018-07-15,51,713.0000,700.4282,1059.5314,844.0000,1527.0000,3752.0000,4277.1915,4259.2145,4491.7746,3091.0029,1934.0000
2018-07-15,51,645.0000,706.6957,1051.5089,844.1267,1548.1623,3731.0000,4278.0000,4248.1145,4437.0000,3033.0000,1924.3326
2018-07-18,51,494.0000,548.0231,844.6988,658.0252,1281.9885,3588.4224,4358.5572,4355.5000,4568.9850,2689.3261,1634.5287
2018-07-18,51,514.0000,589.1171,859.3878,666.9160,1290.9071,3553.9910,4216.9412,4327.9280,4414.7200,2695.0000,1624.0000
2018-07-20,51,593.0000,684.5138,946.0000,725.5385,1336.9030,3740.0000,4697.7719,4646.3879,4859.0000,2892.6857,1680.8246
2018-07-20,51,405.0000,611.8434,898.0387,724.0249,1290.1491,3675.8798,4603.0000,4566.6667,4754.0000,2866.0000,1695.0000
2018-07-23,51,-9999.0000,-9999.0000,-9999.0000,-9999.0000,-9999.0000,-9999.0000,-9999.0000,-9999.0000,-9999.0000,-9999.0000,-9999.0000
2018-07-23,51,-9999.0000,-9999.0000,-9999.0000,-9999.0000,-9999.0000,-9999.0000,-9999.0000,-9999.0000,-9999.0000,-9999.0000,-9999.0000
2018-07-25,51,486.0000,515.6732,754.5000,540.8484,1115.9994,3871.0000,4821.9490,4792.2008,5048.6799,2644.0000,1444.0000
2018-07-25,51,381.0000,485.2491,747.9952,556.9906,1122.2717,3689.9598,4641.9232,4630.0718,4876.0000,2597.0000,1427.0000
2018-07-28,51,415.0000,461.6176,672.7008,458.4238,996.4436,3484.2988,4554.5296,4539.0176,4805.1138,2310.2792,1237.9971
2018-07-28,51,415.0000,489.9964,712.8580,509.0268,1009.7288,3370.8542,4407.8707,4357.8265,4648.0000,2282.2516,1229.5249
2018-07-30,51,338.0000,450.7770,667.4775,468.7600,995.4710,3547.9307,4793.0741,4706.3596,5018.1077,2474.7555,1341.0000
2018-07-30,51,282.0000,443.8594,681.6319,500.2035,1018.8652,3396.7869,4621.0000,4528.0000,4789.9431,2428.4898,1317.3786
2018-08-02,51,173.0000,418.7751,674.8793,508.2411,1017.2990,3425.7598,4691.0000,4564.9957,4953.4234,2295.0000,1227.0000
2018-08-02,51,315.0000,517.4481,741.8010,553.6249,1032.0000,3339.6710,4564.0641,4390.0075,4794.0377,2274.3387,1224.0000
2018-08-04,51,389.0000,427.6974,650.0000,442.9284,990.0510,3689.0000,4775.1065,4708.9565,4999.5112,2387.0000,1208.0000
2018-08-04,51,244.0000,363.3554,628.4060,459.4005,961.7628,3611.7988,4681.5801,4628.0983,4952.7368,2353.5027,1180.5292
2018-08-07,51,228.0000,305.7162,529.2984,387.2218,850.0000,3331.4507,4470.0000,4472.0822,4709.8971,2079.0000,1046.0005
2018-08-07,51,255.0000,333.6127,556.4335,394.6657,868.0000,3300.0000,4424.0000,4405.3389,4665.7520,2061.3207,1028.4683
2018-08-09,51,473.0000,536.6439,682.0232,482.3475,954.0398,3241.4803,4517.4026,4441.8694,4758.4544,2220.9374,1177.0000
2018-08-09,51,360.0000,514.0221,688.7069,506.2437,966.0000,3114.8453,4314.0000,4258.5689,4537.7647,2171.2871,1157.2198
2018-08-12,51,146.0000,313.5167,539.7209,411.6433,841.2490,3014.0099,4179.0237,4165.2046,4386.0000,1954.3714,1051.9846
2018-08-12,51,262.0000,402.0000,588.7707,436.9924,845.0000,2960.9827,4092.0000,4101.2395,4289.7739,1921.0000,1045.0000
2018-08-14,51,292.0000,320.8559,565.2103,364.7648,908.7268,4029.1198,5303.0000,5203.2906,5654.5789,2445.5139,1134.6722
2018-08-14,51,322.0000,365.6676,593.6204,377.4130,933.6539,3980.0000,5227.0088,5126.4821,5511.5545,2419.0000,1121.2082
2018-08-17,51,274.0000,289.4829,464.6322,292.7649,753.0474,3099.4279,4124.0222,4166.2739,4326.5323,1813.0000,852.0412
2018-08-17,51,315.0000,281.9109,476.3664,309.7398,761.8149,3075.9569,4104.8498,4118.4388,4313.5493,1804.7190,853.1947
2018-08-19,51,57.0000,293.4855,533.4545,379.0440,859.6478,3313.0000,4492.7419,4472.0000,4662.9059,2027.8015,1003.8326
2018-08-19,51,264.0000,433.5789,621.0000,442.5425,897.9436,3144.9405,4246.2134,4240.7111,4445.5799,1979.6234,983.0000
2018-08-22,51,200.0000,373.6354,592.8621,438.3255,892.5376,3019.2212,4078.1472,4055.8846,4245.0000,1827.9581,978.2390
2018-08-22,51,266.0000,436.7604,633.7655,462.3336,901.2031,2989.7611,4018.4981,3960.6586,4188.0000,1811.9796,977.5882
2018-08-24,51,1446.0000,1338.0000,1346.0000,969.0000,1448.0000,3758.0000,4814.0000,4752.0000,5231.0000,2664.0000,1235.0000
2018-08-24,51,1273.0000,1236.0000,1328.0000,960.0000,1423.0000,3848.0000,4989.0000,4896.0000,5451.0000,2669.0000,1231.0000
2018-08-27,51,314.0000,278.3972,445.3630,225.6337,736.4978,3260.3470,4211.9580,4407.3763,4456.1934,1844.9021,825.0115
2018-08-27,51,341.0000,302.4524,457.6212,234.1654,738.5287,3270.1741,4178.4138,4375.9377,4418.0406,1847.0000,821.6901
2018-08-29,51,574.0000,645.4611,797.6620,561.1899,1034.9700,3109.3243,4019.9077,4135.8442,4226.6608,1946.1731,989.0691
2018-08-29,51,411.0000,580.1646,777.2213,573.7821,1017.4542,3060.3707,3934.0000,4020.2989,4117.0000,1917.7607,980.8991
2018-09-01,51,415.0000,534.4832,744.9067,429.8784,1109.6855,4076.0127,5175.7733,5110.0415,5441.7793,2265.7003,1057.2367
2018-09-01,51,460.0000,592.4255,782.0039,457.7218,1126.5306,4030.0000,5171.3882,5030.9689,5363.5000,2253.0000,1054.3802
2018-09-03,51,-9999.0000,-9999.0000,-9999.0000,-9999.0000,-9999.0000,-9999.0000,-9999.0000,-9999.0000,-9999.0000,-9999.0000,-9999.0000
2018-09-03,51,-9999.0000,-9999.0000,-9999.0000,-9999.0000,-9999.0000,-9999.0000,-9999.0000,-9999.0000,-9999.0000,-9999.0000,-9999.0000
2018-09-06,51,176.0000,328.5064,706.3786,449.5105,1209.0030,3882.8154,4659.0000,4678.8651,4897.0000,2093.3484,1017.1651
2018-09-06,51,580.0000,612.2060,849.0000,542.2133,1229.0000,3662.0000,4420.1843,4422.0627,4628.9546,2053.4253,1014.0579
2018-09-08,51,24.0000,261.3246,632.9070,342.8694,1113.3027,3626.0155,4516.0823,4442.2671,4682.1751,2057.4081,986.0000
2018-09-08,51,126.0000,318.3618,658.5063,366.1158,1103.0000,3539.3389,4364.4739,4340.0000,4589.5948,2018.5287,978.8857
2018-09-16,51,112.0000,324.6807,844.0000,584.3025,1538.0000,3283.0223,3685.5161,3699.5114,4003.0813,1962.1231,1000.0000
2018-09-16,51,527.0000,530.6022,912.7338,601.8320,1542.4411,3234.7554,3649.0000,3660.8300,3967.0000,1945.1410,997.0000
2018-09-18,51,112.0000,417.0000,944.3987,725.0512,1759.0000,3138.0380,3591.0000,3620.0000,3908.5865,2173.0803,1217.3171
2018-09-18,51,279.0000,506.6239,974.0000,746.1614,1693.1048,3021.0000,3463.0000,3474.0000,3753.9979,2126.5446,1185.2533
2018-09-21,51,423.0000,532.5584,886.1755,777.9354,1575.0000,2433.0000,2787.0000,2915.0688,3156.0000,2109.8052,1277.1628
2018-09-21,51,362.0000,514.8629,884.0230,782.8091,1557.7181,2417.1597,2781.1733,2889.8770,3122.2635,2094.0000,1276.5945
2018-09-23,51,-9999.0000,-9999.0000,-9999.0000,-9999.0000,-9999.0000,-9999.0000,-9999.0000,-9999.0000,-9999.0000,-9999.0000,-9999.0000
2018-09-23,51,-9999.0000,-9999.0000,-9999.0000,-9999.0000,-9999.0000,-9999.0000,-9999.0000,-9999.0000,-9999.0000,-9999.0000,-9999.0000
2018-09-26,51,436.0000,472.6642,724.2397,753.4312,1333.0000,2117.7679,2369.0000,2676.5072,2741.0000,2215.0000,1360.0000
2018-09-26,51,485.0000,506.7252,744.3583,761.5030,1336.0000,2107.0000,2363.0000,2667.8290,2725.4515,2208.8973,1364.0000
2018-09-28,51,256.0000,466.5569,761.1382,858.0000,1486.6562,2196.0000,2505.4096,2745.6851,2872.4599,2484.0000,1609.0000
2018-09-28,51,414.0000,542.5380,782.3537,841.9793,1468.8148,2167.0000,2453.0000,2689.7619,2829.3818,2457.0000,1589.0000
2018-10-03,51,261.0000,420.7533,760.4659,869.5377,1472.3424,2161.0000,2399.0000,2601.8339,2749.0120,2306.5000,1464.4668
2018-10-03,51,532.0000,547.0000,796.2936,845.7006,1458.2989,2137.6885,2369.0000,2577.2136,2725.0000,2285.2022,1454.0000
2018-10-08,51,391.0000,569.0000,918.2882,1165.0109,1778.4510,2453.0000,2799.0000,2898.9375,3141.9094,2823.0000,2016.0000
2018-10-08,51,715.0000,762.2790,1030.0000,1204.9075,1746.0000,2384.0000,2714.0000,2794.1910,3013.6976,2730.4501,1975.0000
2018-10-11,51,369.0000,536.3508,736.3101,765.5060,1242.0000,1802.9358,2026.8147,2147.6600,2265.0280,1924.6854,1392.7692
2018-10-11,51,322.0000,494.4921,704.7467,749.0896,1240.0000,1817.7701,2041.7626,2161.0836,2283.0826,1936.0000,1396.3126
2018-10-11,51,442.0000,578.4848,766.9309,789.2981,1261.0000,1820.4885,2044.4546,2146.3769,2281.7000,1924.8988,1392.4617
2018-10-11,51,494.9994,622.5235,796.3690,813.8098,1284.4646,1832.5776,2059.7292,2176.9734,2300.3037,1940.7593,1410.0790
2018-10-13,51,511.0000,582.0000,822.2523,861.7972,1368.4796,1993.3562,2176.5332,2339.4438,2440.4778,2093.0000,1425.0000
2018-10-13,51,412.0000,496.4421,766.6063,817.2364,1352.4688,1994.5000,2194.0000,2338.8252,2461.0059,2087.0000,1414.8719
2018-10-18,51,619.0000,822.2190,950.6732,1140.9828,1320.0000,1331.5705,1457.0774,1475.1496,1557.6199,2074.7839,1747.0000
2018-10-18,51,693.0000,868.5434,976.2560,1140.6842,1282.3441,1324.4985,1451.5505,1459.2684,1540.2746,2023.0000,1691.0000
2018-10-21,51,930.0000,1146.0000,1296.0000,1464.8996,1627.0000,1696.0000,1828.7112,1881.4273,1943.0000,2766.4751,2604.0000
2018-10-21,51,983.0000,1164.0000,1306.0000,1460.8139,1634.0000,1723.0000,1843.0000,1900.0662,1969.1522,2742.6576,2604.9969
2018-10-23,51,898.0000,1161.2776,1485.3342,1813.7743,1973.0000,2060.4442,2131.0000,2258.6423,2265.8346,2948.0000,2613.0000
2018-10-23,51,1050.0000,1213.4753,1477.4723,1724.9975,1889.0000,1976.0000,2048.8893,2172.3569,2179.9381,2833.0000,2533.7341
2018-10-31,51,473.0000,714.3544,882.5502,1109.3129,1230.0000,1258.3108,1364.4527,1418.8459,1475.3420,1889.6541,1574.3120
2018-10-31,51,536.0000,748.3295,906.6728,1113.0395,1244.4503,1277.9995,1362.6958,1433.9157,1475.2649,1897.0000,1574.0409
2018-11-05,51,-9999.0000,-9999.0000,-9999.0000,-9999.0000,-9999.0000,-9999.0000,-9999.0000,-9999.0000,-9999.0000,-9999.0000,-9999.0000
2018-11-05,51,-9999.0000,-9999.0000,-9999.0000,-9999.0000,-9999.0000,-9999.0000,-9999.0000,-9999.0000,-9999.0000,-9999.0000,-9999.0000
2018-11-12,51,994.4582,1091.2547,1331.6903,1361.8541,1756.0325,1898.0489,1974.4783,1939.0000,2080.0000,2423.1940,1874.6009
2018-11-12,51,1021.0000,1116.5543,1381.6873,1412.0000,1864.0000,2057.9114,2124.3232,2125.0097,2252.7864,2569.9660,2036.6806
2018-11-15,51,624.0000,814.2011,1101.0930,1125.1694,1454.0000,1682.8749,1753.6486,1842.1852,1819.7048,2229.0139,1773.3645
2018-11-15,51,674.0000,844.3525,1117.2689,1128.5420,1443.0000,1670.0000,1727.0000,1837.8291,1842.6326,2213.0000,1761.5015
2018-11-17,51,539.0000,941.4300,1165.4592,1481.5900,1664.6892,1704.8930,1803.4763,1947.3996,1891.7259,2700.8380,2604.0365
2018-11-17,51,816.0000,1084.7624,1237.4547,1467.2869,1614.7452,1658.9474,1749.0210,1883.0998,1835.7879,2569.9113,2497.7206
2018-12-05,51,-9999.0000,-9999.0000,-9999.0000,-9999.0000,-9999.0000,-9999.0000,-9999.0000,-9999.0000,-9999.0000,-9999.0000,-9999.0000
2018-12-07,51,799.0000,1088.0000,1248.0000,1368.8590,1575.0000,1625.6701,1716.6235,1770.4389,1819.6205,1996.0052,1576.0000
2018-12-12,51,314.0000,512.2805,761.4965,984.8974,1163.0000,1291.6389,1347.5042,1571.0942,1482.0000,1724.3428,1274.0000
2018-12-12,51,471.0000,618.5500,825.8448,994.2101,1171.0000,1297.8533,1349.0000,1546.7221,1482.2052,1691.0000,1246.7333
2018-12-15,51,462.0000,624.9149,800.2644,945.6362,1142.0000,1242.8098,1309.6376,1451.6199,1404.0000,1713.2536,1337.0000
2018-12-15,51,404.0000,568.3532,756.2264,921.8155,1122.3063,1235.9141,1297.7771,1451.4599,1398.9858,1733.0000,1343.0000
2018-12-27,51,747.0000,915.8141,965.4305,970.5048,1204.0000,1354.0000,1404.0000,1534.0000,1498.0000,1655.2450,1266.3116
2018-12-30,51,359.0000,582.7016,706.2301,761.6395,1002.3309,1170.3171,1233.9675,1331.4868,1307.7017,1264.0615,964.0000
2018-12-30,51,401.0000,607.0000,718.9004,764.4105,1020.5021,1179.8533,1237.0000,1339.0980,1306.8865,1270.2860,974.0000
2019-01-01,51,907.0000,930.0000,1184.0000,1282.0000,1644.0000,1873.0000,1970.0000,2149.0000,2136.0000,2455.0000,1914.0000
2019-01-04,51,-9999.0000,-9999.0000,-9999.0000,-9999.0000,-9999.0000,-9999.0000,-9999.0000,-9999.0000,-9999.0000,-9999.0000,-9999.0000
2019-01-04,51,-9999.0000,-9999.0000,-9999.0000,-9999.0000,-9999.0000,-9999.0000,-9999.0000,-9999.0000,-9999.0000,-9999.0000,-9999.0000
2019-01-06,51,458.0000,716.5260,901.0000,990.0281,1250.3601,1404.6906,1475.4873,1611.7612,1560.4936,1839.0000,1481.0760
2019-01-06,51,565.0000,776.5786,926.5986,995.0000,1233.0000,1394.6925,1468.0658,1578.9523,1551.0000,1796.7765,1454.0000
2019-01-11,51,787.0000,913.6715,1136.4022,1338.0000,1697.0000,1915.6264,2029.0000,2180.0000,2178.0036,2597.6963,2107.4371
2019-01-11,51,948.0000,1004.0000,1160.5420,1332.0224,1644.0000,1859.5954,1938.0000,2132.7692,2091.9967,2490.0000,1985.5000
2019-01-14,51,582.0000,724.5891,918.3835,1022.7986,1285.0000,1453.7857,1512.7080,1635.0911,1605.1170,1980.4513,1597.4995
2019-01-14,51,539.0000,680.2288,890.5686,1004.5248,1284.5206,1465.4284,1529.6723,1626.9108,1619.4581,1987.0000,1610.3386
2019-01-16,51,609.0000,926.5057,1164.7426,1281.2530,1588.0000,1785.6917,1885.4583,2019.5864,1961.6619,2409.0985,2128.0000
2019-01-16,51,536.0000,860.1760,1116.8000,1252.6303,1578.2727,1764.2300,1876.5740,2002.7610,1961.0160,2410.2899,2105.7213
2019-01-21,51,1376.0000,1280.0000,1470.0000,1540.0000,1807.0000,1964.0000,2034.4365,2081.0630,2110.9923,1812.6355,1577.0000
2019-01-24,51,664.0000,756.0000,937.0000,1058.0000,1352.5788,1572.4703,1640.0000,1747.3839,1734.7249,1917.0000,1468.0000
2019-01-24,51,692.0000,780.2895,948.3338,1060.0000,1348.6937,1569.0000,1635.3597,1747.4052,1737.6239,1917.0000,1462.0000
2019-01-29,51,635.0000,838.0000,1022.0000,1144.0000,1434.0000,1630.0000,1735.0000,1811.0000,1817.0000,1702.0000,1349.0000
2019-01-29,51,538.0000,804.0000,1001.0000,1116.0000,1383.0000,1596.0000,1694.4866,1836.6851,1775.0000,1607.0000,1290.0007
2019-01-31,51,636.0000,752.7407,1005.4308,1176.8392,1517.6871,1795.9401,1892.9683,2026.4239,1998.3160,2380.4864,1955.9922
2019-01-31,51,613.0000,726.3522,980.9830,1152.7250,1493.4438,1787.6778,1877.1323,2010.3611,1987.8225,2372.7614,1938.9135
2019-02-03,51,-9999.0000,-9999.0000,-9999.0000,-9999.0000,-9999.0000,-9999.0000,-9999.0000,-9999.0000,-9999.0000,-9999.0000,-9999.0000
2019-02-05,51,253.0000,558.3072,820.7520,1029.2737,1360.3749,1708.9570,1830.5475,2001.2977,1937.5046,2070.0000,1521.0000
2019-02-05,51,379.0000,638.8159,864.7541,1032.6702,1367.0000,1689.6286,1794.0000,1964.9983,1906.6968,2046.0163,1521.0000
2019-02-08,51,400.0000,658.4108,866.3596,1037.1349,1356.3878,1660.4705,1770.4708,1897.0975,1873.6619,2118.0000,1762.1634
2019-02-08,51,535.0000,746.4178,916.5580,1056.6754,1373.0000,1653.7261,1760.9232,1889.1983,1860.0000,2075.0000,1756.0000
2019-02-13,51,203.0000,416.6142,738.5526,885.5953,1258.0000,1620.4227,1742.0000,1829.5456,1850.8918,2029.0000,1496.0000
2019-02-13,51,389.0000,546.8109,814.4186,918.7884,1264.0000,1620.0000,1735.0000,1820.9577,1840.4525,2005.0000,1482.0000
2019-02-15,51,471.0000,754.6552,1056.7429,1188.9456,1586.0000,2022.0000,2153.4411,2313.7422,2253.5564,2495.0000,1981.5216
2019-02-15,51,576.0000,812.8520,1074.0000,1184.9304,1568.0000,1977.5157,2106.6717,2265.1614,2213.3798,2451.0000,1954.9729
2019-02-18,51,-9999.0000,-9999.0000,-9999.0000,-9999.0000,-9999.0000,-9999.0000,-9999.0000,-9999.0000,-9999.0000,-9999.0000,-9999.0000
2019-02-18,51,-9999.0000,-9999.0000,-9999.0000,-9999.0000,-9999.0000,-9999.0000,-9999.0000,-9999.0000,-9999.0000,-9999.0000,-9999.0000
2019-02-23,51,394.0000,618.3031,908.0000,964.4387,1283.0000,1713.0000,1805.0000,1973.4934,1884.0000,1908.6171,1558.0000
2019-02-23,51,381.0000,612.0000,908.4337,958.5579,1268.6046,1714.0000,1814.6021,1992.8322,1904.5944,1907.0000,1540.0915
2019-02-25,51,677.0000,969.2550,1281.1192,1333.7593,1791.0000,2359.0000,2555.0000,2676.8320,2624.0000,2757.0841,2283.0000
2019-02-25,51,718.0000,984.5509,1276.6772,1316.6926,1762.0000,2330.1905,2476.0000,2618.0000,2571.0000,2705.0000,2246.0131
2019-02-28,51,520.0000,826.8624,1193.5331,1208.6350,1671.0000,2396.0000,2597.0000,2764.7414,2696.7374,2610.0000,2165.0000
2019-02-28,51,493.0000,813.5575,1189.1949,1213.4052,1688.5149,2429.0000,2616.6300,2806.0000,2722.0000,2622.0000,2166.0000
2019-03-02,51,1002.0000,1118.0000,1426.0000,1422.0000,1928.5482,2728.0000,2909.0000,3038.0000,3028.0000,2799.0000,2150.6354
2019-03-02,51,1098.0000,1172.0000,1428.0000,1396.0000,1878.4890,2628.3968,2795.0000,2912.0000,2902.3418,2729.0000,2104.6671
2019-03-05,51,-9999.0000,-9999.0000,-9999.0000,-9999.0000,-9999.0000,-9999.0000,-9999.0000,-9999.0000,-9999.0000,-9999.0000,-9999.0000
2019-03-05,51,-9999.0000,-9999.0000,-9999.0000,-9999.0000,-9999.0000,-9999.0000,-9999.0000,-9999.0000,-9999.0000,-9999.0000,-9999.0000
2019-03-12,51,444.0000,601.7891,1032.2426,860.9518,1536.5806,3114.0075,3436.2433,3672.9139,3537.9048,2513.0000,1693.5068
2019-03-12,51,440.0000,585.4660,1025.4358,845.2749,1530.7252,3113.3409,3436.0000,3666.1056,3523.0000,2496.0000,1679.0000
2019-03-15,51,495.0000,618.5176,990.3155,805.9007,1486.0000,3026.5000,3369.6730,3483.6590,3475.0000,2320.0000,1512.4065
2019-03-15,51,482.0000,604.8439,984.3333,792.8026,1494.5976,3078.0000,3429.3701,3538.0341,3534.0000,2330.4997,1506.6996
2019-03-20,51,300.0000,481.6499,824.9863,585.9639,1268.0000,2925.0166,3358.4460,3581.0976,3472.0767,2006.9873,1269.7106
2019-03-20,51,348.0000,508.5587,838.3875,593.5578,1268.0000,2925.0000,3363.1952,3580.1995,3464.7507,2002.6693,1273.3351
2019-03-22,51,374.5229,493.7806,945.0399,667.7071,1476.0517,3573.8418,4019.0000,4266.4875,4122.8581,2393.6406,1441.6206
2019-03-22,51,430.0000,529.1032,957.7028,681.5015,1464.7647,3500.8085,3939.4653,4168.6190,4038.0000,2352.3535,1425.0000
2019-03-25,51,703.0000,748.8596,996.6583,736.8543,1374.0000,3137.0624,3635.9199,3747.7409,3770.6313,2037.1038,1172.0403
2019-03-25,51,655.0000,702.5065,976.5165,705.9905,1382.6717,3257.5039,3765.6743,3882.0000,3898.2875,2057.1174,1177.1897
2019-03-27,51,-9999.0000,-9999.0000,-9999.0000,-9999.0000,-9999.0000,-9999.0000,-9999.0000,-9999.0000,-9999.0000,-9999.0000,-9999.0000
2019-03-27,51,-9999.0000,-9999.0000,-9999.0000,-9999.0000,-9999.0000,-9999.0000,-9999.0000,-9999.0000,-9999.0000,-9999.0000,-9999.0000
2019-03-30,51,446.0113,537.8499,781.0539,545.0870,1136.0000,2913.9885,3460.1681,3667.6128,3561.0737,1617.8601,993.0482
2019-03-30,51,519.0000,581.3798,812.7070,565.3066,1142.5562,2880.4988,3433.0000,3627.9489,3538.4150,1608.0020,989.5118
2019-04-01,51,424.5822,469.3956,805.2195,483.0289,1236.8482,3672.9050,4345.7816,4521.0592,4474.6862,1986.1495,1044.0403
2019-04-01,51,478.0000,500.9549,813.3746,497.4537,1229.4962,3588.6769,4229.0000,4417.6000,4365.9846,1952.0000,1030.0442
2019-04-06,51,755.0000,995.0000,1252.0000,1070.0000,1761.0000,3200.0000,3579.0000,3566.0000,3675.0000,2108.0000,1348.0000
2019-04-06,51,578.0000,778.0000,1066.1673,778.0000,1456.0000,3204.0000,3794.1554,3840.9032,3809.0000,1681.0000,940.0000
2019-04-16,51,306.0000,388.9988,593.3452,329.1075,892.5195,3048.0000,3902.5187,4145.8762,4057.0000,1344.3601,637.4842
2019-04-16,51,419.0000,477.9664,649.7397,381.6430,917.2457,2944.5183,3773.3217,3987.2047,3928.9636,1329.4133,629.1045
2019-04-19,51,116.4885,222.0811,429.9730,219.4856,752.0000,2768.7280,3610.0000,3869.0000,3810.8034,1148.2872,594.0112
2019-04-19,51,214.0000,293.2101,477.7504,257.7521,777.0226,2740.0000,3566.5730,3794.6869,3749.7698,1147.6731,595.9035
2019-04-21,51,627.0000,816.5604,1024.9120,764.7407,1305.0000,3359.0000,4113.8512,4376.0000,4333.5299,1721.9774,1014.0199
2019-04-21,51,768.0000,893.7212,1069.1589,809.9831,1304.5093,3202.0000,3928.3889,4176.0000,4137.4249,1689.5277,1001.3387
2019-04-24,51,-9999.0000,-9999.0000,-9999.0000,-9999.0000,-9999.0000,-9999.0000,-9999.0000,-9999.0000,-9999.0000,-9999.0000,-9999.0000
2019-05-01,51,310.0000,311.0000,486.2071,272.5893,712.7825,2761.0000,3656.0000,3811.3676,3820.8692,1125.0000,510.6805
2019-05-01,51,351.0000,343.0000,504.6740,290.5788,716.4690,2708.2037,3588.0000,3739.0178,3747.5527,1110.1101,504.5910
2019-05-06,51,263.0000,341.9076,521.9683,275.4701,852.0000,3554.0000,5021.4703,5296.3429,5193.0000,1333.0000,645.8185
2019-05-06,51,285.0000,349.7687,529.1810,273.7212,857.5703,3540.0000,5015.0000,5286.8631,5188.5438,1337.0000,643.0000
2019-05-09,51,-9999.0000,-9999.0000,-9999.0000,-9999.0000,-9999.0000,-9999.0000,-9999.0000,-9999.0000,-9999.0000,-9999.0000,-9999.0000
2019-05-16,51,-9999.0000,-9999.0000,-9999.0000,-9999.0000,-9999.0000,-9999.0000,-9999.0000,-9999.0000,-9999.0000,-9999.0000,-9999.0000
2019-05-16,51,-9999.0000,-9999.0000,-9999.0000,-9999.0000,-9999.0000,-9999.0000,-9999.0000,-9999.0000,-9999.0000,-9999.0000,-9999.0000
2019-05-24,51,58.0000,108.4328,320.5425,178.3370,661.6976,2292.0000,3107.1509,3267.2254,3428.0000,1059.4912,516.5358
2019-05-24,51,268.0000,284.6384,450.8132,282.3755,729.6699,2234.0000,3006.0000,3130.8842,3297.6563,1065.7634,521.9475
2019-05-26,51,462.0000,560.2919,752.7165,593.6227,1133.7336,2533.0000,3245.4118,3473.5889,3553.0308,1490.3927,900.0541
2019-05-31,51,139.0000,182.4142,461.9415,385.8214,977.7119,2172.0238,2648.0000,2908.1115,3084.0000,1370.8817,744.0000
2019-05-31,51,317.0000,328.0191,561.1843,453.6458,1001.7747,2106.0246,2578.0000,2787.2184,2961.0000,1361.8660,748.8112
2019-06-03,51,280.4506,328.4371,513.3062,473.6240,905.6908,1650.0000,2011.5617,2147.9579,2372.0286,1325.7070,770.0249
2019-06-03,51,426.0000,448.1895,604.6134,529.7391,945.0000,1649.2454,1998.6286,2129.5737,2346.3819,1315.3177,771.8968
2019-06-05,51,-9999.0000,-9999.0000,-9999.0000,-9999.0000,-9999.0000,-9999.0000,-9999.0000,-9999.0000,-9999.0000,-9999.0000,-9999.0000
2019-06-05,51,-9999.0000,-9999.0000,-9999.0000,-9999.0000,-9999.0000,-9999.0000,-9999.0000,-9999.0000,-9999.0000,-9999.0000,-9999.0000
2019-06-13,51,264.7073,345.7333,549.1982,669.2598,1065.2701,1608.1547,1884.7770,2028.8222,2210.6428,1661.8693,1045.9595
2019-06-13,51,290.0000,364.7446,561.2828,669.1298,1064.3438,1621.2990,1884.1428,2041.3613,2227.9310,1657.3814,1043.9904
2019-06-15,51,-9999.0000,-9999.0000,-9999.0000,-9999.0000,-9999.0000,-9999.0000,-9999.0000,-9999.0000,-9999.0000,-9999.0000,-9999.0000
2019-06-15,51,-9999.0000,-9999.0000,-9999.0000,-9999.0000,-9999.0000,-9999.0000,-9999.0000,-9999.0000,-9999.0000,-9999.0000,-9999.0000
2019-06-18,51,134.0363,329.8212,546.3656,773.6958,1136.0321,1584.7360,1883.3109,2013.0000,2243.1502,1915.9489,1283.8376
2019-06-18,51,286.4589,438.6333,625.5791,809.8046,1157.4738,1588.5387,1877.0376,2010.5596,2218.1896,1897.6716,1282.3105
2019-06-20,51,607.0000,666.7386,864.8672,1049.3997,1417.6192,1883.6525,2130.0201,2219.0229,2497.3918,2225.8142,1429.1451
2019-06-20,51,656.0000,694.6213,882.3749,1057.6973,1421.0163,1885.0000,2112.0000,2227.9673,2491.8860,2211.0055,1419.4945
2019-06-23,51,323.0000,420.0000,624.7608,826.8404,1142.6175,1546.9829,1770.9883,1850.1874,2056.0000,1907.3610,1245.5912
2019-06-23,51,262.0290,366.6373,584.6950,810.2000,1132.6402,1531.6664,1763.6598,1850.0000,2073.0000,1918.3608,1241.2890
2019-06-25,51,604.0000,746.7445,916.5710,1110.0000,1441.6937,1830.0000,2108.1337,2171.7293,2378.0008,2459.0823,1692.0594
2019-06-25,51,688.0000,800.0000,950.3658,1114.0000,1437.1361,1819.6618,2084.6562,2146.7874,2364.5994,2436.0316,1683.3911
2019-06-28,51,364.3106,562.7497,784.5501,1026.0000,1344.7701,1713.7300,1972.8944,2067.8550,2275.2045,2409.9319,1683.5757
2019-06-28,51,499.0000,656.0000,844.5974,1040.0000,1345.9752,1708.9146,1946.7413,2052.4911,2227.6587,2382.0034,1667.5517
2019-06-30,51,488.7707,626.2802,913.3539,1205.3556,1574.0374,2020.4603,2251.5591,2445.0189,2595.4931,2737.0000,1801.4855
2019-06-30,51,524.4658,652.7930,926.4876,1200.8519,1569.0000,2010.8001,2226.4886,2427.5011,2593.9319,2730.7135,1797.8828
2019-07-03,51,346.0000,532.3184,829.7034,1133.2695,1517.5211,1923.5608,2187.9410,2289.5382,2572.2881,2673.8158,1717.0146
2019-07-03,51,579.0000,696.0000,926.5327,1134.0000,1485.4061,1908.0521,2163.2177,2227.7729,2502.0879,2610.0000,1697.6545
2019-07-05,51,512.0000,754.7240,1060.0000,1461.4961,1940.0000,2396.0000,2764.0000,3018.5303,3262.6196,3645.0000,2305.0000
2019-07-05,51,569.0000,786.5601,1074.0000,1454.0000,1924.0000,2380.2348,2747.0000,2978.2313,3241.0000,3633.0000,2297.5459
2019-07-08,51,905.0000,1084.0000,1300.0000,1544.0000,1954.0000,2365.4395,2673.3506,2832.4539,3060.9608,3044.0000,2081.7682
2019-07-10,51,420.0000,588.4169,932.4229,1337.5363,1815.0000,2325.4059,2613.8879,2875.5171,3105.0642,3452.7424,2173.4055
2019-07-10,51,529.0000,664.0000,968.4053,1328.3580,1783.0000,2281.4294,2570.4788,2819.7927,3042.3385,3392.3405,2149.2777
2019-07-13,51,513.0000,644.2956,902.4020,1197.1273,1649.2678,2153.0176,2437.6366,2620.4821,2880.0000,3128.0357,1951.0000
2019-07-13,51,709.0000,782.3520,978.1486,1193.3813,1614.0000,2110.0671,2388.1595,2546.4764,2800.7049,3050.0000,1939.0000
2019-07-20,51,560.0000,658.5488,949.9175,1217.5270,1700.0000,2285.9426,2564.5881,2746.7011,2993.5397,3296.7326,2065.5377
2019-07-20,51,627.0000,705.0000,968.4062,1213.5571,1678.0000,2265.7783,2541.0000,2708.0962,2948.9564,3273.3378,2054.4990
2019-07-23,51,380.0000,518.5820,797.3598,1057.8941,1496.4052,2032.0000,2314.9452,2458.9430,2727.0000,3041.9316,1858.0000
2019-07-23,51,483.0000,584.4399,834.8132,1060.0000,1480.3515,2013.9253,2305.2638,2427.1026,2698.5515,3013.0000,1850.0000
2019-07-25,51,646.0000,790.7640,1002.2864,1181.2632,1637.4793,2189.6466,2558.4339,2684.6289,2939.0000,3265.0053,2057.9056
2019-07-25,51,661.0000,794.0095,1004.4935,1180.9201,1642.0000,2189.5531,2561.1804,2682.4439,2944.0000,3281.0000,2060.5807
2019-07-30,51,363.0000,497.1540,802.0359,969.0000,1475.0000,2196.5412,2428.0000,2483.1011,2755.4949,3036.5007,1953.0000
2019-07-30,51,551.0000,630.4663,878.4477,993.4089,1446.2862,2158.9977,2388.9699,2425.5765,2672.5358,2974.0000,1929.4858
2019-08-04,51,369.0000,572.7595,821.7633,953.0653,1430.0000,2241.3847,2540.6578,2680.0000,2831.0000,3017.0024,1928.0000
2019-08-04,51,537.0000,680.5415,884.6936,960.7729,1398.7140,2169.0000,2478.0000,2586.0713,2718.5471,2930.2687,1897.5014
2019-08-09,51,405.0000,502.4375,791.0000,789.5870,1336.5253,2353.3686,2587.5479,2634.1455,2844.9676,2685.0000,1617.7456
2019-08-09,51,499.0000,568.6196,824.2427,802.6977,1318.0000,2333.9381,2554.0000,2594.8269,2780.0000,2644.9928,1578.0000
2019-08-12,51,-9999.0000,-9999.0000,-9999.0000,-9999.0000,-9999.0000,-9999.0000,-9999.0000,-9999.0000,-9999.0000,-9999.0000,-9999.0000
2019-08-14,51,365.0000,510.5094,766.6320,658.6693,1232.5322,2491.0357,2853.9295,2934.1634,3044.3683,2461.4676,1429.0000
2019-08-14,51,428.0000,553.0000,790.4444,672.9561,1223.0000,2459.9775,2813.0000,2921.2417,3020.7268,2423.0000,1414.1971
2019-08-17,51,252.0000,400.4507,664.0982,546.4851,1104.0000,2388.9835,2726.9550,2790.0223,2938.5572,2176.4542,1243.0000
2019-08-17,51,330.0000,452.5177,696.4706,562.0000,1110.0000,2355.6256,2706.4825,2774.4365,2923.0000,2153.9114,1237.6329
2019-08-19,51,432.0000,510.7418,821.0000,694.6435,1332.3648,2794.7970,3109.6576,3141.6732,3367.6718,2456.9068,1354.6097
2019-08-19,51,602.0000,641.0000,892.6658,747.0000,1314.3640,2668.7845,2983.9909,3016.2783,3222.2591,2397.0000,1341.0000
2019-08-24,51,-9999.0000,-9999.0000,-9999.0000,-9999.0000,-9999.0000,-9999.0000,-9999.0000,-9999.0000,-9999.0000,-9999.0000,-9999.0000
2019-08-24,51,1499.0000,1562.0000,1802.0000,2117.1389,2605.0000,3014.0000,3439.0000,3472.0000,3816.0000,4067.0000,2835.0000
2019-08-27,51,670.0000,978.3503,1266.0000,1691.6396,2090.0328,2400.4177,2696.4340,2797.5229,3053.0000,3842.8590,2758.0000
2019-08-27,51,707.0000,996.2623,1272.0000,1689.9519,2073.8195,2390.0000,2696.9961,2789.3371,3037.3863,3837.3647,2755.0055
2019-08-29,51,862.0000,1028.0000,1320.0000,1677.0913,2092.0000,2546.0000,2792.4835,2854.0000,3178.0000,3966.0000,2721.9821
2019-08-29,51,737.0000,984.6973,1340.0000,1795.1595,2258.0000,2670.6989,2914.0000,2989.1646,3334.0000,4125.4958,2788.1198
2019-09-01,51,686.0000,912.6146,1232.0000,1600.7093,2029.1057,2514.3429,2801.7853,2862.0000,3184.0000,3817.0000,2577.5278
2019-09-01,51,706.0000,928.7326,1238.0000,1604.8622,2048.0000,2528.3945,2810.0281,2876.8044,3198.0267,3828.0000,2577.0000
2019-09-03,51,493.0000,808.1375,1138.0000,1488.8259,1949.0000,2531.0000,2810.3776,3009.4246,3173.1419,3730.5755,2594.4090
2019-09-03,51,557.0000,842.7168,1144.0000,1466.0000,1915.0000,2486.5592,2780.8241,2952.3930,3113.3319,3687.0000,2587.1314
2019-09-11,51,532.0000,698.0000,976.0000,1080.9671,1546.4756,2318.0000,2556.0000,2644.6062,2795.9343,2994.4872,2071.0000
2019-09-11,51,566.0000,716.5462,987.0000,1084.9632,1556.0000,2320.5128,2564.4135,2633.2225,2795.4776,2981.4739,2057.1601
2019-09-13,51,418.0000,654.5050,944.1685,1013.5508,1533.6355,2454.0276,2745.2747,2795.3024,2971.3541,3130.0000,2189.4750
2019-09-13,51,464.0000,680.4044,954.2992,1018.0715,1526.0000,2417.9818,2719.0000,2787.4454,2932.0112,3107.0000,2162.0000
2019-09-16,51,453.0000,647.0000,914.0000,898.3437,1418.2447,2442.1204,2765.2610,2787.2420,2962.0000,2781.2857,1902.4970
2019-09-16,51,496.0000,672.4953,929.0000,901.5951,1421.0000,2420.0000,2749.6000,2786.5453,2938.4741,2778.0000,1892.6438
2019-09-18,51,-9999.0000,-9999.0000,-9999.0000,-9999.0000,-9999.0000,-9999.0000,-9999.0000,-9999.0000,-9999.0000,-9999.0000,-9999.0000
2019-09-18,51,-9999.0000,-9999.0000,-9999.0000,-9999.0000,-9999.0000,-9999.0000,-9999.0000,-9999.0000,-9999.0000,-9999.0000,-9999.0000
2019-09-21,51,643.0000,932.3916,1216.0000,1553.4574,1738.0056,1867.7277,1994.0084,2173.7201,2203.5543,3046.2217,2602.9830
2019-09-21,51,718.0000,964.6239,1228.0000,1544.5460,1732.2925,1867.9616,1995.3214,2160.4205,2195.7751,3029.4547,2602.8638
2019-09-28,51,1452.0000,1450.0000,1546.0000,1522.0000,1711.0000,1955.0000,2019.5485,1936.9257,2054.7337,1714.6715,1189.0000
2019-09-28,51,1407.0000,1416.0000,1520.0000,1504.2898,1647.0000,1900.7358,1986.3249,1917.2066,2039.0000,1683.1939,1143.0000
2019-10-01,51,-9999.0000,-9999.0000,-9999.0000,-9999.0000,-9999.0000,-9999.0000,-9999.0000,-9999.0000,-9999.0000,-9999.0000,-9999.0000
2019-10-01,51,-9999.0000,-9999.0000,-9999.0000,-9999.0000,-9999.0000,-9999.0000,-9999.0000,-9999.0000,-9999.0000,-9999.0000,-9999.0000
2019-10-08,51,-9999.0000,-9999.0000,-9999.0000,-9999.0000,-9999.0000,-9999.0000,-9999.0000,-9999.0000,-9999.0000,-9999.0000,-9999.0000
2019-10-08,51,-9999.0000,-9999.0000,-9999.0000,-9999.0000,-9999.0000,-9999.0000,-9999.0000,-9999.0000,-9999.0000,-9999.0000,-9999.0000
2019-10-11,51,693.0000,1001.9301,1316.3329,1539.2694,1817.3084,2113.0859,2246.0000,2323.1607,2419.3683,2956.3420,2476.4972
2019-10-11,51,762.0000,1037.3972,1325.4063,1532.9074,1809.8141,2108.7425,2244.6982,2306.1716,2414.1239,2950.0000,2466.6275
2019-10-16,51,467.0000,728.5517,968.6419,1086.0000,1384.0000,1732.1353,1880.9947,1964.1224,2041.4679,2333.4702,1917.2973
2019-10-16,51,511.0000,758.5842,980.4928,1090.0000,1386.6546,1740.1498,1889.0000,1962.3183,2044.1571,2324.9541,1912.0020
2019-10-21,51,-9999.0000,-9999.0000,-9999.0000,-9999.0000,-9999.0000,-9999.0000,-9999.0000,-9999.0000,-9999.0000,-9999.0000,-9999.0000
2019-10-21,51,-9999.0000,-9999.0000,-9999.0000,-9999.0000,-9999.0000,-9999.0000,-9999.0000,-9999.0000,-9999.0000,-9999.0000,-9999.0000
2019-10-23,51,727.0000,1040.9650,1372.3451,1408.6667,1869.5384,2458.5493,2636.2352,2764.7924,2775.0000,3024.0000,2514.7748
2019-10-23,51,726.0000,1052.5131,1372.7712,1418.8486,1873.0005,2476.9501,2645.3518,2764.0000,2776.0000,3025.2349,2508.6577
2019-10-26,51,660.5228,940.5648,1256.4947,1262.0000,1724.2663,2345.0000,2549.0000,2688.6550,2673.0000,2701.2214,2257.9970
2019-10-26,51,641.0000,949.0000,1268.7751,1277.6468,1740.0000,2378.9733,2581.3470,2730.2491,2714.9636,2709.9588,2238.0000
2019-10-28,51,-9999.0000,-9999.0000,-9999.0000,-9999.0000,-9999.0000,-9999.0000,-9999.0000,-9999.0000,-9999.0000,-9999.0000,-9999.0000
2019-10-31,51,-9999.0000,-9999.0000,-9999.0000,-9999.0000,-9999.0000,-9999.0000,-9999.0000,-9999.0000,-9999.0000,-9999.0000,-9999.0000
2019-11-07,51,222.0000,398.8356,865.0000,767.0000,1443.0000,2474.3088,2641.0000,2852.6775,2793.1600,2149.3390,1395.0000
2019-11-07,51,490.0000,612.3214,964.8266,838.4167,1420.7266,2397.0000,2450.0000,2684.3168,2670.2710,2089.5383,1376.0000
2019-11-10,51,417.0000,576.6119,940.3588,801.2630,1412.0000,2390.4681,2611.0000,2760.8169,2739.0000,2012.0000,1306.4607
2019-11-10,51,438.0000,594.3586,950.7004,796.7932,1418.4807,2382.9338,2621.0000,2791.1721,2708.0681,2009.0420,1305.8507
2019-11-30,51,-9999.0000,-9999.0000,-9999.0000,-9999.0000,-9999.0000,-9999.0000,-9999.0000,-9999.0000,-9999.0000,-9999.0000,-9999.0000
2019-11-30,51,-9999.0000,-9999.0000,-9999.0000,-9999.0000,-9999.0000,-9999.0000,-9999.0000,-9999.0000,-9999.0000,-9999.0000,-9999.0000
2019-12-05,51,-9999.0000,-9999.0000,-9999.0000,-9999.0000,-9999.0000,-9999.0000,-9999.0000,-9999.0000,-9999.0000,-9999.0000,-9999.0000
2019-12-05,51,-9999.0000,-9999.0000,-9999.0000,-9999.0000,-9999.0000,-9999.0000,-9999.0000,-9999.0000,-9999.0000,-9999.0000,-9999.0000
2019-12-07,51,403.0000,570.0177,1080.3686,893.0503,1805.8009,3147.5637,3323.0000,3608.6016,3522.0000,2415.0000,1470.0000
2019-12-07,51,594.0000,731.0000,1150.0000,941.5156,1762.4190,3002.0000,3240.5278,3416.7527,3396.8253,2373.5423,1459.0000
2019-12-10,51,340.0000,524.0000,926.2436,742.6095,1456.7368,2473.0000,2715.0000,2938.6075,2877.2978,1974.0000,1220.0000
2019-12-10,51,380.0000,544.7021,940.7917,746.8122,1456.0065,2494.0000,2695.5164,2948.5161,2891.5118,1973.0000,1214.5593
2019-12-25,51,422.0000,677.0000,980.2394,818.8070,1479.0000,2445.0000,2665.0040,2885.0000,2809.0000,1720.4607,1114.0000
2019-12-25,51,467.0000,686.0000,992.4683,813.9947,1494.7143,2450.0000,2696.0000,2868.7469,2835.3638,1733.0000,1109.6953
2019-12-27,51,-9999.0000,-9999.0000,-9999.0000,-9999.0000,-9999.0000,-9999.0000,-9999.0000,-9999.0000,-9999.0000,-9999.0000,-9999.0000
2019-12-27,51,-9999.0000,-9999.0000,-9999.0000,-9999.0000,-9999.0000,-9999.0000,-9999.0000,-9999.0000,-9999.0000,-9999.0000,-9999.0000
2019-12-30,51,386.0000,532.7099,866.3267,737.2341,1439.0000,2462.0000,2589.0000,2852.0000,2704.0000,1850.0000,1130.3613
2019-12-30,51,426.0000,556.6160,878.3537,745.4154,1426.5182,2437.6325,2572.9887,2872.0698,2740.0000,1848.9818,1124.4742
2020-01-01,51,11.0000,336.3333,728.0526,621.2122,1430.0000,2555.8218,2821.0000,3082.2313,2920.3292,1976.0000,1204.6323
2020-01-01,51,366.0000,594.4804,877.0000,741.3795,1436.4298,2379.6164,2604.1230,2939.3484,2778.0000,1925.4424,1196.0000
2020-01-04,51,329.0000,588.6250,916.1683,837.2163,1606.0000,2645.1840,2914.3894,3126.3392,3014.0000,1950.0553,1313.0000
2020-01-04,51,444.0000,672.8450,966.1476,878.0000,1595.0000,2581.0000,2834.0000,3060.0000,2919.6923,1927.0000,1300.7322
2020-01-06,51,409.0000,273.4342,456.9778,352.2667,807.0000,1529.0000,1603.0000,1632.0000,1648.0000,933.0000,636.0000
2020-01-09,51,533.0000,676.4572,972.0000,910.5456,1548.5255,2353.0020,2537.0000,2647.0892,2587.0000,1976.9448,1353.4846
2020-01-09,51,513.0000,652.2693,953.0000,892.6160,1542.0000,2363.8540,2479.0000,2675.2142,2613.0000,1985.6658,1341.2530
2020-01-11,51,16.0000,322.0000,674.5871,645.9151,1458.5349,2540.5220,2785.1275,2981.3324,2841.1847,2034.2428,1289.5116
2020-01-11,51,394.0000,598.3878,840.4309,764.0000,1450.9228,2350.0000,2600.5615,2823.4923,2655.0000,1977.9727,1260.0000
2020-01-14,51,467.0000,676.7434,908.2617,850.0000,1498.0000,2286.0000,2472.0000,2743.0445,2659.5101,1790.0640,1188.7026
2020-01-14,51,400.0000,614.0000,867.0000,816.5919,1498.2067,2355.8367,2545.0000,2778.5977,2682.0000,1801.2689,1185.6904
2020-01-16,51,-9999.0000,-9999.0000,-9999.0000,-9999.0000,-9999.0000,-9999.0000,-9999.0000,-9999.0000,-9999.0000,-9999.0000,-9999.0000
2020-01-16,51,-9999.0000,-9999.0000,-9999.0000,-9999.0000,-9999.0000,-9999.0000,-9999.0000,-9999.0000,-9999.0000,-9999.0000,-9999.0000
2020-01-19,51,-9999.0000,-9999.0000,-9999.0000,-9999.0000,-9999.0000,-9999.0000,-9999.0000,-9999.0000,-9999.0000,-9999.0000,-9999.0000
2020-01-21,51,416.0000,622.7314,880.0000,845.0000,1561.0000,2449.0000,2724.0000,2951.3113,2800.8798,2177.2712,1501.0000
2020-01-21,51,456.0000,642.3695,891.0000,847.0000,1561.0000,2453.0054,2661.0000,3001.6221,2789.0000,2181.1952,1486.0000
2020-01-24,51,322.0000,606.5767,942.4112,926.8280,1633.0000,2461.2301,2628.0000,2836.8774,2804.0000,1984.0000,1392.4715
2020-01-24,51,460.0000,691.0000,992.3460,952.3333,1625.3387,2435.4037,2626.8869,2775.8458,2735.0000,1978.0000,1391.0000
2020-01-29,51,-9999.0000,-9999.0000,-9999.0000,-9999.0000,-9999.0000,-9999.0000,-9999.0000,-9999.0000,-9999.0000,-9999.0000,-9999.0000
2020-01-29,51,-9999.0000,-9999.0000,-9999.0000,-9999.0000,-9999.0000,-9999.0000,-9999.0000,-9999.0000,-9999.0000,-9999.0000,-9999.0000
2020-01-31,51,840.0000,1028.0000,1248.0000,1184.0000,1804.8087,2508.0000,2730.0000,2932.3723,2908.7886,2196.0000,1489.0302
2020-02-05,51,179.0000,306.6667,720.8365,709.0000,1510.4909,2553.6841,2712.4949,3079.8294,2910.0000,2305.0134,1568.0000
2020-02-05,51,425.0000,487.0000,816.3529,780.0000,1506.0000,2456.0000,2658.0000,2938.7627,2800.0000,2254.3921,1550.6025
2020-02-08,51,649.0000,727.0000,984.3655,940.0000,1561.0000,2323.0000,2496.4836,2744.0000,2709.0000,2172.6623,1514.0000
2020-02-08,51,664.0000,720.0000,978.4753,932.8330,1568.0000,2362.4867,2516.4871,2770.2078,2745.2059,2181.8634,1524.7995
2020-02-13,51,1112.0000,1308.0000,1382.0000,1346.0000,1797.0000,2284.0000,2454.0000,2593.0000,2589.0000,2104.0000,1696.0000
2020-02-13,51,997.0000,1066.0000,1122.0000,1023.0000,1364.0000,1787.0000,1890.0000,2020.0000,1951.0000,1303.0000,997.0000
2020-02-15,51,576.0000,662.5206,1006.6418,974.0000,1721.0000,2666.0000,2881.2917,3110.4826,3097.7043,2375.0000,1581.0000
2020-02-15,51,636.0000,692.5000,1020.4882,978.7207,1713.0000,2652.8586,2856.0000,3098.7770,3061.0000,2366.0038,1566.4573
2020-02-18,51,1533.0000,1492.8268,1610.0000,1524.8146,2051.0000,2705.8074,2888.2024,2995.3604,3093.0000,2433.4184,1632.0000
2020-02-18,51,1492.0000,1453.3016,1588.0000,1505.5533,2064.4230,2716.0203,2914.0000,3027.8733,3114.0246,2440.5758,1643.0000
2020-02-20,51,299.0000,517.9404,929.0000,918.3532,1784.0000,2906.4006,3161.7479,3511.0000,3370.4465,2718.0000,1890.0000
2020-02-20,51,331.0000,531.0000,932.0000,909.7390,1784.3122,2924.0000,3157.0000,3512.7520,3379.0000,2694.0000,1894.0000
2020-02-28,51,404.0000,529.0000,861.5679,877.6670,1614.1598,2595.0000,2808.5108,3194.0000,3060.0000,2411.0000,1652.3066
2020-02-28,51,410.0000,504.2626,845.4058,853.4754,1620.6381,2658.0000,2880.0920,3250.1345,3125.1020,2419.0000,1668.2261
2020-03-06,51,435.0000,502.6684,860.6772,773.8482,1643.0000,2749.4943,2964.7793,3146.2403,3161.2425,1868.3642,1094.0000
2020-03-06,51,394.0000,454.3593,842.7264,745.3672,1648.3954,2803.8579,3018.3224,3209.1521,3226.0201,1864.0000,1070.2349
2020-03-09,51,-9999.0000,-9999.0000,-9999.0000,-9999.0000,-9999.0000,-9999.0000,-9999.0000,-9999.0000,-9999.0000,-9999.0000,-9999.0000
2020-03-11,51,1531.0000,1358.0000,1668.2030,1656.0000,2528.0000,3772.0000,4171.0000,4328.0000,4367.0000,3337.0000,2297.0000
2020-03-11,51,1633.0000,1348.0000,1640.0000,1560.0000,2483.0000,3836.0000,4182.0000,4328.0000,4366.0000,3163.0000,2200.0000
2020-03-14,51,-9999.0000,-9999.0000,-9999.0000,-9999.0000,-9999.0000,-9999.0000,-9999.0000,-9999.0000,-9999.0000,-9999.0000,-9999.0000
2020-03-16,51,417.0000,517.3417,905.6477,860.1091,1794.6287,3097.9305,3377.4946,3673.0485,3595.9617,2470.4750,1581.9801
2020-03-16,51,615.0000,650.0000,964.7470,901.7213,1730.5000,2913.0020,3172.0000,3482.2774,3402.1884,2409.0867,1565.2688
2020-03-19,51,607.0000,670.3351,945.0731,925.0071,1734.3761,2796.5994,3043.0000,3229.0000,3276.4897,2352.9964,1547.0000
2020-03-19,51,651.0000,706.5881,966.0000,934.2289,1738.0000,2786.9922,3026.0000,3232.7986,3266.0522,2347.0000,1542.0000
2020-03-21,51,-9999.0000,-9999.0000,-9999.0000,-9999.0000,-9999.0000,-9999.0000,-9999.0000,-9999.0000,-9999.0000,-9999.0000,-9999.0000
2020-03-24,51,460.0000,569.0000,753.0257,692.6869,1315.0000,2159.0000,2366.0000,2627.0222,2533.0000,1630.0000,1144.0845
2020-03-24,51,332.0000,480.9290,705.3767,650.4739,1338.0000,2271.0000,2477.0000,2764.4866,2650.3948,1656.0192,1135.0000
2020-03-29,51,-9999.0000,-9999.0000,-9999.0000,-9999.0000,-9999.0000,-9999.0000,-9999.0000,-9999.0000,-9999.0000,-9999.0000,-9999.0000
2020-03-29,51,-9999.0000,-9999.0000,-9999.0000,-9999.0000,-9999.0000,-9999.0000,-9999.0000,-9999.0000,-9999.0000,-9999.0000,-9999.0000
2020-03-31,51,555.0000,704.8960,1085.3071,1122.4577,2074.2453,3275.5352,3577.0360,3994.3917,3861.4507,2702.1828,1869.0000
2020-03-31,51,536.0000,725.9481,1094.0000,1124.1522,2073.0505,3287.0000,3587.1637,4011.2012,3870.6295,2704.6375,1849.2009
2020-04-03,51,653.0000,797.0000,1105.0000,1136.8721,1984.8009,3010.5128,3323.0394,3617.7592,3602.4910,2594.2701,1798.0000
2020-04-03,51,670.0000,809.8383,1112.9044,1140.9660,1992.0000,3029.0007,3341.6299,3635.4028,3621.0000,2602.7894,1782.7634
2020-04-05,51,714.0000,798.0000,1165.1757,1236.3175,2092.4858,3210.9632,3489.0000,3810.0661,3780.1132,2825.5519,1886.0000
2020-04-05,51,723.0000,813.9369,1168.0000,1219.1183,2085.4939,3194.6627,3472.0000,3795.5565,3769.4666,2805.4600,1886.2186
2020-04-08,51,534.0000,668.9427,1094.0000,1139.5773,1971.0000,3051.3673,3373.5230,3787.5194,3676.6570,2652.0000,1754.0000
2020-04-08,51,577.0000,704.9559,1113.2153,1139.6197,1948.9584,3040.5106,3340.0000,3747.3922,3645.8481,2644.5443,1754.0693
2020-04-10,51,660.0000,836.7810,1209.3264,1250.6316,2110.4680,3246.2814,3570.0000,3906.0614,3900.0000,2864.0961,1958.8945
2020-04-10,51,697.0000,865.6387,1222.0000,1250.7503,2080.7173,3206.0000,3520.0000,3844.5676,3826.0000,2850.3678,1945.0229
2020-04-13,51,589.0000,770.6708,1161.3986,1180.0000,2077.6196,3227.2891,3595.7598,3884.3113,3907.9107,2714.0000,1840.5397
2020-04-13,51,627.0000,809.5502,1169.5380,1180.3375,2059.0000,3192.0000,3540.9255,3836.7412,3854.0000,2705.7338,1816.6690
2020-04-15,51,655.0000,765.8000,1204.0000,1234.4440,2113.9976,3283.7401,3611.3350,3940.0000,3922.8819,2865.2669,1891.0000
2020-04-15,51,678.0000,797.9212,1217.4457,1234.2559,2093.2644,3242.0000,3544.8786,3892.2369,3868.9702,2842.4726,1901.5011
2020-04-18,51,680.0000,821.4016,1193.5767,1242.0000,2000.9939,2945.0098,3226.1489,3441.3605,3509.5844,2520.9953,1686.5414
2020-04-18,51,739.0000,869.1475,1216.3140,1253.1486,1998.6074,2926.0000,3208.0000,3414.0000,3489.0000,2520.7425,1671.0000
2020-04-23,51,1007.0000,1472.0000,1825.1217,2235.2324,2468.8636,2640.6977,2797.0464,3041.7680,2984.7548,3797.4267,3636.9922
2020-04-23,51,1012.9995,1465.3979,1798.0000,2180.3456,2410.1430,2588.6184,2746.6195,2985.1263,2946.0380,3747.7682,3619.6297
2020-04-25,51,1307.0000,1656.0000,2036.5853,2435.4779,2728.0000,2922.0000,3065.3363,3220.8068,3268.0000,4075.5957,3724.0951
2020-04-25,51,1285.0000,1649.1730,2016.8728,2402.1986,2705.5136,2896.3555,3037.5308,3189.2122,3233.8967,4052.0000,3699.6700
2020-04-30,51,-9999.0000,-9999.0000,-9999.0000,-9999.0000,-9999.0000,-9999.0000,-9999.0000,-9999.0000,-9999.0000,-9999.0000,-9999.0000
2020-04-30,51,-9999.0000,-9999.0000,-9999.0000,-9999.0000,-9999.0000,-9999.0000,-9999.0000,-9999.0000,-9999.0000,-9999.0000,-9999.0000
2020-05-03,51,787.0000,1216.7442,1562.3277,2011.0112,2226.2526,2405.9866,2573.3187,2792.8814,2781.2491,3439.0000,3079.0000
2020-05-03,51,817.0000,1225.0568,1562.7837,1985.6671,2217.0000,2393.0997,2566.0000,2774.0000,2759.0000,3436.3283,3106.1828
2020-05-08,51,1234.0000,1920.4670,2379.0540,2856.0204,3065.4744,3202.0136,3359.0000,3526.0165,3531.0000,4211.6899,3779.8727
2020-05-08,51,1196.0000,1803.1390,2228.0136,2661.1740,2916.0779,3070.4282,3201.5022,3388.0000,3393.0000,4093.0000,3699.8983
2020-05-10,51,1935.0000,2410.9935,2752.9781,3067.5844,3482.8746,3733.0000,3984.0000,4112.0000,4151.0000,4599.0000,4106.0000
2020-05-10,51,1833.0000,2171.1422,2514.0000,2885.2469,3243.0000,3498.0000,3780.0000,3874.0000,3984.0000,4509.0000,4026.0000
2020-05-15,51,1109.0000,1308.0000,1612.7183,1906.6780,2201.8470,2437.4548,2561.0000,2600.9451,2746.9762,3358.3556,2749.0000
2020-05-15,51,1133.0000,1328.7500,1637.0814,1925.4008,2216.3821,2428.4253,2573.4679,2610.8979,2757.4697,3364.0000,2766.0000
2020-05-23,51,1536.0000,1960.4638,2345.8918,2594.6717,2970.8907,3294.4578,3525.0000,3558.0000,3676.0000,4091.5429,3779.6692
2020-05-25,51,1325.0000,1762.9036,2242.6064,2646.7373,2990.0000,3385.7539,3528.5217,3685.1319,3738.0748,4395.0000,3910.3280
2020-05-25,51,1368.0000,1810.1395,2298.8514,2694.7121,3080.0000,3445.5061,3586.0303,3737.2648,3770.4470,4428.3826,3898.2599
2020-05-28,51,-9999.0000,-9999.0000,-9999.0000,-9999.0000,-9999.0000,-9999.0000,-9999.0000,-9999.0000,-9999.0000,-9999.0000,-9999.0000
2020-05-28,51,-9999.0000,-9999.0000,-9999.0000,-9999.0000,-9999.0000,-9999.0000,-9999.0000,-9999.0000,-9999.0000,-9999.0000,-9999.0000
2020-05-30,51,1276.0000,1770.0000,2259.2555,2566.6506,3001.0000,3533.5840,3745.0187,3916.9373,3910.0000,4363.0000,3923.7173
2020-05-30,51,1190.0000,1760.8386,2222.0000,2519.0000,2943.0000,3485.3085,3701.8749,3858.0000,3859.0000,4329.5597,3862.4808
2020-06-02,51,1034.0000,1464.0000,1921.0000,2182.0000,2611.0000,3232.8744,3477.3228,3560.8055,3620.9684,3925.0000,3495.0000
2020-06-02,51,1005.0000,1460.7360,1874.4995,2106.0668,2538.0000,3145.9625,3388.9099,3480.9521,3536.3707,3834.0000,3432.7606
2020-06-04,51,-9999.0000,-9999.0000,-9999.0000,-9999.0000,-9999.0000,-9999.0000,-9999.0000,-9999.0000,-9999.0000,-9999.0000,-9999.0000
2020-06-04,51,-9999.0000,-9999.0000,-9999.0000,-9999.0000,-9999.0000,-9999.0000,-9999.0000,-9999.0000,-9999.0000,-9999.0000,-9999.0000
2020-06-07,51,-9999.0000,-9999.0000,-9999.0000,-9999.0000,-9999.0000,-9999.0000,-9999.0000,-9999.0000,-9999.0000,-9999.0000,-9999.0000
2020-06-07,51,-9999.0000,-9999.0000,-9999.0000,-9999.0000,-9999.0000,-9999.0000,-9999.0000,-9999.0000,-9999.0000,-9999.0000,-9999.0000
2020-06-12,51,505.0000,673.7586,1008.4983,977.0000,1470.6323,2548.0000,2889.0960,2892.8737,2992.0000,2318.8103,1576.0000
2020-06-12,51,504.0000,689.5802,1021.9937,970.2219,1508.0000,2553.0000,2884.0000,2888.0000,2952.0000,2321.7968,1582.0000
2020-06-14,51,804.0000,853.4959,1227.2480,1115.0000,1789.6108,3230.5235,3573.9633,3564.4149,3743.0000,2841.9842,1895.0000
2020-06-14,51,729.0000,828.9961,1243.2484,1101.0776,1790.0000,3314.7381,3673.4090,3673.5179,3844.0000,2853.0000,1908.0000
2020-06-17,51,606.4798,617.1689,1001.7842,835.5053,1550.0000,3100.5702,3602.0000,3575.8272,3770.0000,2612.8957,1690.0000
2020-06-17,51,583.0000,637.2286,1006.5767,853.5815,1545.0000,3099.4753,3618.4907,3558.0000,3771.9964,2627.0000,1694.0000
2020-06-19,51,687.0000,717.8056,1101.3333,843.7566,1661.0000,3489.3379,4112.6398,4152.6703,4219.7268,2773.0000,1792.0000
2020-06-19,51,644.0000,714.3619,1106.5893,845.1717,1676.0000,3475.6468,4090.7024,4134.0504,4190.0000,2754.9843,1804.0000
2020-06-22,51,430.6809,469.5066,802.2191,586.8621,1235.4351,3050.0000,3730.0000,3767.7088,3835.0000,2272.0000,1450.0000
2020-06-22,51,475.0000,493.2582,811.4386,587.3711,1223.0000,3051.6227,3730.0081,3742.0000,3808.4041,2279.0000,1483.9058
2020-06-24,51,-9999.0000,-9999.0000,-9999.0000,-9999.0000,-9999.0000,-9999.0000,-9999.0000,-9999.0000,-9999.0000,-9999.0000,-9999.0000
2020-06-27,51,445.0000,467.7628,814.0000,651.2264,1234.9821,3391.0000,4274.2158,4229.9348,4424.1582,2557.0000,1544.0000
2020-06-27,51,508.0000,540.2525,845.4120,674.3188,1232.0000,3267.6385,4146.7315,4105.4902,4306.5658,2443.4366,1480.0000
2020-06-29,51,563.0000,571.2045,882.5127,628.1155,1217.0000,3435.4130,4522.4041,4473.4487,4648.2316,2459.5404,1496.0000
2020-06-29,51,593.0000,627.2439,899.3947,650.1210,1252.9086,3347.1441,4412.0759,4354.1482,4524.0000,2542.0000,1552.3020
2020-07-02,51,-9999.0000,-9999.0000,-9999.0000,-9999.0000,-9999.0000,-9999.0000,-9999.0000,-9999.0000,-9999.0000,-9999.0000,-9999.0000
2020-07-02,51,-9999.0000,-9999.0000,-9999.0000,-9999.0000,-9999.0000,-9999.0000,-9999.0000,-9999.0000,-9999.0000,-9999.0000,-9999.0000
2020-07-04,51,615.0000,612.6093,862.2750,694.0000,1108.0000,2881.0000,3709.0000,3676.0000,3854.0000,1899.0000,1229.0000
2020-07-04,51,842.0000,819.4268,1020.0000,841.4852,1191.0000,2744.9558,3525.5847,3495.2144,3663.0000,1970.2908,1317.5184
2020-07-07,51,244.0000,273.4206,561.2348,356.4615,869.3296,3082.0796,4069.7053,4230.4209,4243.2721,1909.0000,1007.0000
2020-07-07,51,301.0000,312.8295,589.8507,376.7070,870.0336,3043.0000,4026.0000,4214.1851,4203.2786,1907.5347,1018.0000
2020-07-09,51,354.0000,401.2739,690.0337,428.0299,1014.0000,3348.6013,4645.8940,4618.2937,4778.2418,2148.9483,1146.0431
2020-07-09,51,458.5276,497.5878,744.8956,484.6583,1032.0000,3195.0000,4466.4038,4427.2204,4577.4753,2116.0000,1180.4167
2020-07-12,51,217.0000,286.3011,533.7917,329.6171,828.5170,2958.0000,4092.2815,4257.3975,4276.4924,1806.0216,944.3678
2020-07-12,51,255.0000,318.2901,557.2790,337.3499,833.0000,2945.4530,4083.0000,4234.5373,4243.6041,1803.6373,960.0000
2020-07-14,51,431.0000,413.3168,705.8852,469.8044,1009.9947,3325.2634,4393.9831,4465.4167,4603.7221,2094.5154,1115.9078
2020-07-14,51,451.0000,432.7142,714.0368,477.5346,1018.0000,3314.4696,4362.1960,4464.7789,4585.6510,2089.0000,1124.6415
2020-07-17,51,180.0000,225.0723,517.5476,322.0705,856.9261,3127.0000,4221.0281,4235.4302,4403.0000,1812.8309,899.9740
2020-07-17,51,289.0000,302.2795,573.2278,365.7267,878.0000,3046.5606,4115.1839,4140.0000,4315.0517,1788.2446,893.3445
2020-07-19,51,217.0000,277.5739,558.1186,322.6586,877.4184,3153.5431,4340.4554,4401.3591,4515.0000,1848.0000,922.5058
2020-07-19,51,322.0000,362.6000,613.8571,365.5959,885.5934,3065.0187,4218.8723,4257.3728,4386.5041,1843.6684,906.8117
2020-07-22,51,-9999.0000,-9999.0000,-9999.0000,-9999.0000,-9999.0000,-9999.0000,-9999.0000,-9999.0000,-9999.0000,-9999.0000,-9999.0000
2020-07-22,51,-9999.0000,-9999.0000,-9999.0000,-9999.0000,-9999.0000,-9999.0000,-9999.0000,-9999.0000,-9999.0000,-9999.0000,-9999.0000
2020-07-27,51,356.0000,376.0000,606.3361,390.1466,868.1769,2749.9433,3634.9993,3611.1743,3878.0000,1779.7549,874.8205
2020-07-27,51,422.0000,425.0000,632.6667,412.2053,884.5142,2721.0367,3613.0000,3572.3814,3849.8018,1780.8912,889.0000
2020-07-29,51,506.0000,568.9476,765.4414,509.9960,1006.3959,2765.0000,3799.0000,3770.7811,4015.0000,1956.9747,996.7198
2020-07-29,51,587.0000,628.0000,799.0000,542.0697,1001.1588,2726.1293,3727.0000,3690.8942,3934.0714,1938.2670,995.6028
2020-08-01,51,330.0000,413.4082,625.3074,420.1327,878.9655,2590.0059,3561.0000,3531.5204,3805.6892,1804.0000,940.0000
2020-08-01,51,425.0000,484.0000,669.2146,452.4000,881.5000,2537.4977,3492.5133,3465.4603,3715.0000,1796.5384,947.0482
2020-08-06,51,175.0000,240.3850,514.1757,302.7868,812.0000,2833.0005,3780.2951,3699.6667,4021.5721,1788.0000,856.8404
2020-08-06,51,238.0000,281.0000,540.8000,320.7420,817.7219,2814.4685,3730.3318,3682.7117,3997.4136,1788.5467,854.3252
2020-08-08,51,237.0000,332.6122,581.3658,353.0039,853.4023,2729.0000,3699.5156,3810.9083,3909.6606,1884.8523,934.1942
2020-08-08,51,357.0000,424.6417,638.6132,397.5762,869.5296,2661.7361,3589.1713,3682.0474,3789.2719,1865.0494,932.6226
2020-08-11,51,-9999.0000,-9999.0000,-9999.0000,-9999.0000,-9999.0000,-9999.0000,-9999.0000,-9999.0000,-9999.0000,-9999.0000,-9999.0000
2020-08-11,51,-9999.0000,-9999.0000,-9999.0000,-9999.0000,-9999.0000,-9999.0000,-9999.0000,-9999.0000,-9999.0000,-9999.0000,-9999.0000
2020-08-13,51,210.0000,266.1981,589.6403,366.3478,907.0000,2956.0000,3818.9841,3810.5034,4083.0971,1956.0000,964.0000
2020-08-13,51,405.0000,419.0000,683.0000,444.8143,945.0784,2843.1410,3674.0000,3633.9226,3906.0000,1946.2648,960.8682
2020-08-16,51,223.0000,278.6494,546.4008,349.5329,829.0000,2570.8337,3372.9980,3372.0420,3604.3882,1777.7191,877.7623
2020-08-16,51,294.0000,322.1011,566.6654,364.3561,842.5205,2556.3501,3316.5133,3339.6113,3572.0000,1776.0000,878.2658
2020-08-21,51,339.0000,426.2253,641.1695,430.2081,889.0000,2400.0000,3153.0000,3163.2465,3378.9658,1738.0000,922.0000
2020-08-21,51,348.0000,432.9256,646.8296,421.6648,902.0000,2418.0026,3187.5756,3162.6216,3382.5324,1737.0000,924.2724
2020-08-23,51,405.0000,444.3806,744.3747,521.6591,1064.8526,2747.4414,3382.0000,3363.5727,3644.3570,2064.6689,1076.5516
2020-08-23,51,498.0000,514.1815,782.4457,557.4124,1078.0000,2699.4268,3312.0000,3297.2380,3570.7630,2057.0000,1083.0000
2020-08-26,51,605.0000,674.0585,914.2390,725.4510,1246.1637,2635.1031,3253.4603,3266.9514,3497.7474,1950.0000,1104.3199
2020-08-26,51,593.0000,662.0000,908.2167,717.9463,1232.2017,2691.1914,3299.6943,3307.9470,3549.0000,1970.3679,1122.0525
2020-08-28,51,192.0000,349.4335,657.4548,515.7139,1104.5400,2553.0000,3261.5095,3286.3640,3517.0319,2113.9435,1155.8339
2020-08-28,51,400.0000,504.1189,744.4740,582.8327,1117.0000,2464.0069,3113.0000,3144.4777,3397.0000,2084.5634,1149.4168
2020-09-02,51,-9999.0000,-9999.0000,-9999.0000,-9999.0000,-9999.0000,-9999.0000,-9999.0000,-9999.0000,-9999.0000,-9999.0000,-9999.0000
2020-09-02,51,-9999.0000,-9999.0000,-9999.0000,-9999.0000,-9999.0000,-9999.0000,-9999.0000,-9999.0000,-9999.0000,-9999.0000,-9999.0000
2020-09-05,51,331.0000,393.0000,614.0000,512.5497,952.3159,1987.5297,2388.9878,2356.7379,2619.4071,1705.5133,908.0000
2020-09-05,51,407.0000,444.0000,640.0000,530.3791,964.6367,1979.9223,2374.3964,2362.0085,2599.0980,1678.0231,909.7255
2020-09-07,51,-9999.0000,-9999.0000,-9999.0000,-9999.0000,-9999.0000,-9999.0000,-9999.0000,-9999.0000,-9999.0000,-9999.0000,-9999.0000
2020-09-07,51,-9999.0000,-9999.0000,-9999.0000,-9999.0000,-9999.0000,-9999.0000,-9999.0000,-9999.0000,-9999.0000,-9999.0000,-9999.0000
2020-09-10,51,819.0000,942.9038,1098.0000,949.4147,1382.5183,2203.8801,2556.0414,2568.2653,2761.9263,1834.0000,1225.7656
2020-09-10,51,983.0000,1056.0000,1168.0000,993.0000,1372.5584,2157.4782,2505.6949,2521.1087,2676.3629,1809.4598,1188.6874
2020-09-12,51,373.0000,422.6469,660.8212,618.8209,1046.0000,1944.0000,2247.6846,2310.5427,2537.7008,2002.4621,1202.0000
2020-09-12,51,384.0000,428.4320,658.3716,616.9077,1053.2572,1946.0197,2264.6552,2315.3916,2517.0685,1997.7384,1196.5479
2020-09-15,51,286.0000,364.4764,570.0000,558.3735,939.0000,1722.2422,2042.5794,2088.8928,2312.4158,1865.8071,1113.0000
2020-09-15,51,320.0000,385.0000,584.3763,564.5875,941.8142,1726.7981,2022.5308,2072.1771,2296.9532,1862.2914,1118.5021
2020-09-17,51,463.0000,589.3901,773.0497,737.8013,1156.0000,1933.0000,2305.0000,2405.0243,2588.0944,2177.0212,1389.0956
2020-09-17,51,552.0000,650.2323,814.0994,765.0512,1157.9440,1898.0293,2260.0383,2364.1367,2512.0000,2157.2558,1381.5000
2020-09-20,51,561.0000,957.4633,1294.0000,1611.5534,2128.9929,2681.0613,3011.0000,3177.0000,3440.0000,3419.1387,2357.0000
2020-09-20,51,607.0000,973.6659,1296.3807,1611.0000,2124.0000,2673.7948,3024.6899,3165.6633,3434.0000,3425.0000,2365.0000
2020-09-25,51,579.0000,922.0000,1248.0000,1514.0301,1930.3582,2385.6632,2611.9491,2666.4494,2884.1284,2959.0000,2042.0456
2020-09-25,51,632.0000,948.8965,1252.5025,1490.1928,1926.6102,2385.5812,2594.9608,2652.3101,2859.2778,2964.0000,2059.1130
2020-09-30,51,626.0000,902.7484,1134.0000,1296.5155,1661.3043,2057.9848,2241.0548,2329.9368,2442.4448,2923.0000,2330.5044
2020-09-30,51,681.0000,937.0000,1154.0000,1305.2595,1672.0000,2065.7315,2245.1362,2325.3923,2442.0000,2919.0000,2338.9956
2020-10-07,51,457.0000,754.6667,994.6535,1172.0000,1612.5042,2065.9252,2253.0932,2427.7550,2473.8596,2977.0000,2278.1898
2020-10-07,51,452.0000,760.6293,995.0000,1185.0418,1614.0000,2070.5368,2265.2181,2433.8624,2485.5490,3000.9356,2283.3539
2020-10-10,51,924.0000,1104.0000,1254.0000,1288.7170,1657.0000,2090.3315,2275.0000,2349.0920,2454.2719,2779.0000,2169.5021
2020-10-10,51,881.0000,1076.0000,1248.0000,1301.0677,1690.0000,2138.5229,2333.0000,2409.2106,2517.0000,2802.0000,2189.2893
2020-10-12,51,458.0000,658.6458,932.1359,1085.1111,1514.0105,2050.5124,2209.5467,2402.8456,2427.0000,2538.4997,1765.0000
2020-10-12,51,479.0000,673.3640,933.4836,1082.0000,1498.5453,2057.1744,2212.7038,2394.0190,2434.6814,2532.0000,1763.0000
2020-10-20,51,1222.0000,1404.0000,1528.0000,1514.0000,1880.6975,2270.0000,2436.5220,2553.1083,2588.6667,2517.3477,1928.0000
2020-10-22,51,-9999.0000,-9999.0000,-9999.0000,-9999.0000,-9999.0000,-9999.0000,-9999.0000,-9999.0000,-9999.0000,-9999.0000,-9999.0000
2020-10-25,51,432.0000,654.5815,938.0000,1033.3609,1482.0000,1968.5684,2113.6581,2219.0000,2341.9993,2556.6326,1812.7103
2020-10-25,51,510.0000,707.0000,968.0900,1029.3333,1484.0000,1956.0000,2105.5151,2211.2135,2320.0115,2558.6672,1801.0177
2020-10-30,51,-9999.0000,-9999.0000,-9999.0000,-9999.0000,-9999.0000,-9999.0000,-9999.0000,-9999.0000,-9999.0000,-9999.0000,-9999.0000
2020-11-04,51,673.0000,836.0000,1078.0000,1108.0000,1585.0000,2070.0000,2237.0000,2269.9576,2433.4621,2624.5088,1852.4754
2020-11-04,51,758.0000,878.8197,1108.0000,1125.1068,1588.5374,2090.0866,2243.0000,2293.3071,2447.0000,2602.0000,1862.2887
2020-11-06,51,260.0000,674.2214,984.4569,1236.9764,1729.0000,2122.0194,2337.0586,2509.6982,2598.0668,3205.6893,2429.3478
2020-11-06,51,536.0000,846.4400,1074.0000,1252.7512,1674.2376,2034.4685,2221.7865,2397.7230,2464.0000,3109.6104,2376.0000
2020-11-09,51,556.0000,836.4279,1092.0000,1277.9691,1696.5416,2082.0000,2276.0000,2466.1955,2533.4791,2802.3408,2113.2385
2020-11-09,51,583.0000,858.0000,1108.0000,1281.6368,1695.0000,2074.0000,2288.4182,2466.0000,2540.4933,2803.0000,2112.0000
2020-11-11,51,416.0000,670.2481,1050.0000,1321.1525,1808.0000,2276.9139,2458.0000,2690.3912,2737.6865,3141.4179,2241.0000
2020-11-11,51,650.0000,828.5000,1130.0000,1321.3784,1754.0000,2190.2400,2357.3038,2568.6579,2629.6114,3042.5002,2214.2370
2020-11-19,51,405.0000,716.4115,1018.0000,1152.6606,1570.5062,2025.0000,2204.7716,2425.1021,2425.0000,2618.3267,1942.0024
2020-11-19,51,410.0000,722.1873,1020.3292,1152.0123,1574.0000,2037.5400,2237.1981,2436.6555,2466.4783,2621.3695,1950.6816
2020-11-21,51,338.0000,585.2995,965.8028,1196.4594,1685.7155,2236.6911,2434.0000,2803.6397,2700.6481,3072.6225,2204.0000
2020-11-21,51,554.0000,744.4721,1052.0000,1224.0046,1656.9565,2164.9444,2349.1247,2688.9605,2604.0000,2977.9684,2150.9825
2020-11-24,51,612.0000,808.0000,1084.0000,1272.8243,1686.2768,2086.0991,2255.0000,2453.7954,2514.5490,2957.3388,2129.6418
2020-11-24,51,538.0000,748.7637,1048.0000,1256.0000,1696.4997,2106.0000,2283.0000,2492.8806,2553.0000,2992.0000,2145.0000
2020-11-26,51,557.0000,905.0000,1180.0000,1444.6216,1917.2511,2334.2750,2557.0000,2793.0748,2825.0000,3054.0000,2184.0000
2020-11-26,51,748.0000,1028.0000,1240.0000,1456.7795,1874.4819,2252.4423,2457.9393,2689.0361,2692.9393,2989.6531,2157.9655
2020-11-29,51,472.0000,794.0000,1066.0000,1293.9380,1740.6509,2157.4534,2361.0000,2571.0062,2628.0000,3062.6534,2329.9911
2020-11-29,51,420.0000,754.4359,1038.0000,1284.5911,1752.5168,2182.0000,2376.0070,2602.3667,2649.0000,3099.0000,2345.6016
2020-12-01,51,-9999.0000,-9999.0000,-9999.0000,-9999.0000,-9999.0000,-9999.0000,-9999.0000,-9999.0000,-9999.0000,-9999.0000,-9999.0000
2020-12-01,51,-9999.0000,-9999.0000,-9999.0000,-9999.0000,-9999.0000,-9999.0000,-9999.0000,-9999.0000,-9999.0000,-9999.0000,-9999.0000
2020-12-19,51,598.0000,882.4221,1108.0000,1254.0000,1653.0000,2069.0000,2233.0000,2370.5355,2435.0000,2447.0000,1870.0000
2020-12-19,51,606.0000,885.0000,1106.0000,1260.0000,1672.0000,2086.0000,2277.3960,2397.2230,2490.0000,2465.1106,1885.1780
2020-12-26,51,-9999.0000,-9999.0000,-9999.0000,-9999.0000,-9999.0000,-9999.0000,-9999.0000,-9999.0000,-9999.0000,-9999.0000,-9999.0000
2020-12-26,51,-9999.0000,-9999.0000,-9999.0000,-9999.0000,-9999.0000,-9999.0000,-9999.0000,-9999.0000,-9999.0000,-9999.0000,-9999.0000
2020-12-31,51,385.0000,552.7641,858.3767,1057.6748,1532.4833,2237.0000,2407.0000,2664.6572,2685.0000,1956.0000,1108.0000
2020-12-31,51,396.0000,550.2382,860.6403,1057.2293,1538.7063,2230.0000,2438.1892,2666.3397,2708.4740,1933.0000,1099.0000
2021-01-03,51,258.0000,452.4559,744.0751,910.6240,1351.0000,1913.0000,2107.0000,2275.8726,2319.0000,1521.0000,848.0000
2021-01-03,51,362.0000,520.5316,788.3388,932.0053,1386.5702,1950.0003,2132.9191,2273.9608,2326.0000,1522.0000,850.6655
2021-01-08,51,282.0000,586.3772,838.7884,988.3829,1394.6182,1906.0000,2082.0000,2315.1272,2281.0000,1862.3878,1306.0000
2021-01-08,51,329.0000,612.0036,856.7161,999.0000,1409.0000,1925.7279,2090.8533,2324.1286,2292.5341,1860.9908,1316.0000
2021-01-13,51,442.0000,648.0000,922.0000,1133.8594,1513.0000,2017.5830,2165.0000,2411.9075,2398.0000,2358.0000,1613.4970
2021-01-13,51,484.0000,676.6352,933.0000,1142.0000,1520.0634,2022.0078,2186.0000,2420.2152,2388.0000,2375.0000,1624.9804
2021-01-18,51,-9999.0000,-9999.0000,-9999.0000,-9999.0000,-9999.0000,-9999.0000,-9999.0000,-9999.0000,-9999.0000,-9999.0000,-9999.0000
2021-02-09,51,-9999.0000,-9999.0000,-9999.0000,-9999.0000,-9999.0000,-9999.0000,-9999.0000,-9999.0000,-9999.0000,-9999.0000,-9999.0000
2021-02-14,51,322.0000,624.7485,902.5040,1193.5000,1615.0000,2120.0000,2336.0000,2706.4979,2578.3886,2884.6238,2137.8723
2021-02-14,51,513.0000,758.0000,972.3811,1217.2623,1602.5829,2080.5318,2261.2678,2619.7588,2485.0000,2841.5786,2120.4356
2021-02-17,51,1130.0000,1272.0000,1362.0000,1488.0000,1793.0000,2126.0000,2311.0000,2464.4929,2495.0000,2675.0000,2053.3439
2021-02-17,51,1132.0000,1272.0000,1362.0000,1484.0000,1802.0000,2144.0000,2334.5041,2482.0000,2530.0000,2670.0000,2045.0000
2021-02-22,51,-9999.0000,-9999.0000,-9999.0000,-9999.0000,-9999.0000,-9999.0000,-9999.0000,-9999.0000,-9999.0000,-9999.0000,-9999.0000
2021-02-24,51,683.0000,976.5105,1268.0000,1453.8949,1868.4542,2299.0000,2501.0000,2720.8422,2676.8294,2960.5456,2285.0000
2021-02-24,51,696.0000,994.7053,1274.0000,1449.0795,1862.5475,2304.0000,2492.3641,2708.7110,2678.0000,2956.0000,2274.2463
2021-02-27,51,655.0000,924.5881,1208.0000,1372.4190,1796.0000,2240.0000,2428.0000,2585.1221,2611.0000,2872.0000,2268.0183
2021-02-27,51,692.0000,954.8977,1224.0000,1384.0000,1800.2822,2248.9150,2443.0000,2608.5948,2625.4877,2868.3126,2265.1235
2021-03-01,51,515.0000,653.5705,1024.9352,1284.9951,1798.3837,2440.0000,2635.0000,2962.0000,2888.0000,3206.0000,2338.2585
2021-03-01,51,514.4899,673.7261,1028.7680,1288.9330,1802.4785,2430.0000,2630.5766,2952.7734,2885.5041,3193.1421,2348.0000
2021-03-04,51,1208.0000,1304.0000,1508.0000,1641.6731,2087.0000,2587.0000,2752.4626,2956.4322,2970.0000,3068.1334,2261.0000
2021-03-04,51,1320.0000,1384.0000,1552.0000,1654.0000,2096.0000,2591.0000,2764.0000,2944.4462,2956.0000,3066.5143,2244.9779
2021-03-06,51,514.0000,749.1771,1057.6089,1280.8000,1810.9164,2473.0000,2672.6000,3029.6046,2921.0000,3198.0000,2401.6523
2021-03-06,51,566.0000,802.0682,1080.6458,1284.0000,1802.0827,2438.3541,2632.9332,2977.3023,2882.5113,3172.8838,2401.4038
2021-03-09,51,713.0000,893.0000,1112.0000,1288.0000,1761.0000,2302.5499,2512.5021,2753.0022,2724.6250,2974.0000,2306.5112
2021-03-09,51,647.0000,849.3910,1086.0000,1288.4400,1795.0000,2369.4734,2587.0000,2836.0000,2807.0000,3025.8624,2316.4887
2021-03-16,51,474.0000,693.4455,981.7363,1228.9197,1820.6225,2538.4403,2766.4068,3120.4611,3028.0000,3143.0000,2333.5677
2021-03-16,51,515.0000,738.1471,1001.9821,1229.4304,1808.6984,2522.0000,2744.0000,3077.0534,2981.0000,3127.0000,2312.0000
2021-03-19,51,479.0000,664.0000,828.0000,1078.0000,1248.0000,1408.0000,1535.0000,1681.7929,1677.3682,2089.6814,1751.0000
2021-03-19,51,534.0000,699.0000,846.0000,1084.0000,1258.0000,1412.0446,1542.0000,1683.6510,1657.9964,2074.0000,1755.0000
2021-03-21,51,-9999.0000,-9999.0000,-9999.0000,-9999.0000,-9999.0000,-9999.0000,-9999.0000,-9999.0000,-9999.0000,-9999.0000,-9999.0000
2021-03-21,51,-9999.0000,-9999.0000,-9999.0000,-9999.0000,-9999.0000,-9999.0000,-9999.0000,-9999.0000,-9999.0000,-9999.0000,-9999.0000
2021-03-24,51,811.0000,1125.5799,1454.0000,1835.0278,2029.0000,2176.9715,2297.6227,2481.6189,2439.0000,3156.0000,2765.4150
2021-03-24,51,871.0000,1144.8189,1461.3707,1843.2015,2040.5470,2173.0000,2289.0000,2480.8596,2443.0000,3156.0000,2776.7603
2021-03-26,51,1104.0000,1429.2142,1676.3254,1988.7614,2233.2105,2392.3382,2525.4580,2674.0000,2656.0000,3446.2286,3193.8134
2021-03-26,51,1160.0000,1436.8127,1680.9223,1968.9757,2214.0000,2361.0000,2509.3174,2652.0475,2632.0000,3441.4988,3185.8919
2021-03-29,51,1064.0000,1349.4419,1576.8656,1841.5635,2066.6700,2227.0000,2368.9946,2458.1588,2493.1577,3114.0000,2892.5050
2021-03-29,51,1094.0000,1373.4789,1609.6774,1881.6708,2106.3972,2258.3634,2403.0000,2496.8957,2528.0000,3136.9764,2905.8728
2021-03-31,51,1064.5202,1382.0000,1730.0000,2090.8432,2324.0000,2534.3141,2654.5632,2769.0831,2802.6137,3489.2071,3100.5796
2021-03-31,51,1126.0000,1372.0000,1681.8120,2011.3516,2232.9809,2445.9088,2561.2513,2696.3408,2726.2286,3429.5780,3074.2154
2021-04-03,51,899.0000,1205.2576,1517.1217,1851.2054,2077.8965,2284.0000,2425.1629,2586.6783,2586.6811,3184.1889,2843.0253
2021-04-03,51,968.0000,1225.0226,1512.6468,1827.5576,2064.0000,2270.2609,2413.4980,2574.0000,2572.0000,3169.5213,2836.1064
2021-04-05,51,967.0000,1400.8571,1705.2515,2052.2682,2274.0277,2509.6651,2645.6511,2840.6250,2777.9488,3456.7199,3192.7832
2021-04-05,51,1042.0000,1412.8970,1716.6288,2059.7079,2274.3691,2501.7410,2650.2669,2845.2833,2778.4577,3453.0237,3186.1449
2021-04-08,51,810.0000,1221.5721,1508.9789,1866.4976,2048.9705,2269.7981,2405.3030,2666.4170,2568.5847,3157.4946,2948.1269
2021-04-08,51,922.0000,1245.4757,1516.5910,1866.5206,2053.4831,2265.9939,2401.1252,2662.0000,2565.2069,3161.3868,2957.3973
2021-04-10,51,1087.0000,1474.1170,1836.1426,2219.9069,2483.0000,2701.5745,2825.3128,3009.9470,2993.8891,3610.0373,3185.6211
2021-04-10,51,1220.0000,1465.2944,1793.3307,2147.3316,2410.2581,2632.9888,2757.5085,2944.9604,2929.0000,3546.0000,3153.0000
2021-04-15,51,822.0000,1000.7798,1166.0000,1412.6921,1654.4808,1970.8916,2115.6685,2219.3298,2259.2187,2233.4145,1728.7939
2021-04-15,51,834.0000,1014.7526,1170.0000,1412.2886,1655.0000,1957.3373,2101.0000,2236.8754,2244.9337,2232.0000,1724.6507
2021-04-20,51,-9999.0000,-9999.0000,-9999.0000,-9999.0000,-9999.0000,-9999.0000,-9999.0000,-9999.0000,-9999.0000,-9999.0000,-9999.0000
2021-04-20,51,-9999.0000,-9999.0000,-9999.0000,-9999.0000,-9999.0000,-9999.0000,-9999.0000,-9999.0000,-9999.0000,-9999.0000,-9999.0000
2021-04-23,51,1091.0000,1531.6695,1920.5511,2272.8959,2645.8398,2929.3177,3073.7150,3234.9127,3236.3860,3675.2476,3236.1078
2021-04-23,51,1084.0000,1489.7388,1866.5799,2186.6939,2524.9900,2829.0717,2969.9694,3130.2383,3139.5771,3604.3761,3171.0000
2021-04-25,51,1135.0000,1641.5476,2050.0052,2356.5892,2733.0000,3071.0000,3268.5000,3436.1430,3409.9561,4020.6240,3653.7859
2021-04-25,51,1192.0000,1603.2175,1979.4345,2251.3686,2628.5479,2972.8928,3166.3438,3331.0191,3312.0000,3947.1555,3601.0000
2021-04-28,51,1032.0000,1554.8126,1954.3943,2219.0368,2618.5295,2934.4024,3112.4735,3212.6523,3256.8774,3583.0000,3291.0000
2021-04-28,51,1186.0000,1555.1811,1922.0000,2178.0159,2560.0000,2898.4669,3077.4905,3164.8280,3219.0000,3562.9040,3290.9420
2021-04-30,51,-9999.0000,-9999.0000,-9999.0000,-9999.0000,-9999.0000,-9999.0000,-9999.0000,-9999.0000,-9999.0000,-9999.0000,-9999.0000
2021-04-30,51,-9999.0000,-9999.0000,-9999.0000,-9999.0000,-9999.0000,-9999.0000,-9999.0000,-9999.0000,-9999.0000,-9999.0000,-9999.0000
2021-05-03,51,816.0000,1178.0000,1578.4332,1827.6423,2227.9975,2664.0000,2849.0000,3008.9758,3028.0000,3307.2140,2790.0512
2021-05-03,51,904.0000,1193.3333,1573.0564,1818.4000,2213.3149,2641.6592,2828.0000,2988.8539,2992.0000,3304.6420,2805.0000
2021-05-05,51,-9999.0000,-9999.0000,-9999.0000,-9999.0000,-9999.0000,-9999.0000,-9999.0000,-9999.0000,-9999.0000,-9999.0000,-9999.0000
2021-05-05,51,-9999.0000,-9999.0000,-9999.0000,-9999.0000,-9999.0000,-9999.0000,-9999.0000,-9999.0000,-9999.0000,-9999.0000,-9999.0000
2021-05-08,51,483.0000,813.6392,1136.8158,1347.6057,1735.0000,2226.0000,2427.4988,2532.0165,2612.4937,2621.1244,2020.4534
2021-05-08,51,606.0000,854.5000,1144.5413,1328.3997,1690.0000,2179.0000,2402.6116,2490.2183,2568.0000,2601.2127,2016.4887
2021-05-10,51,1076.0000,1475.5445,1923.0252,2186.4173,2731.3862,3217.3868,3404.0000,3481.9234,3621.5052,3923.2689,3338.0000
2021-05-10,51,1162.0000,1433.2587,1873.5535,2114.0000,2636.1797,3137.5913,3331.0000,3403.1698,3550.2004,3859.4985,3308.6019
2021-05-13,51,1003.0000,1130.0000,1396.0000,1444.7193,1860.3799,2337.2534,2508.7077,2520.8955,2626.0000,1978.5012,1460.6186
2021-05-13,51,978.8946,1102.0000,1388.0000,1444.0000,1862.7226,2356.0000,2525.5434,2548.0000,2652.0927,1984.5000,1450.0000
2021-05-15,51,813.0000,1125.1905,1496.0000,1539.4902,2249.0000,3174.1644,3463.8114,3482.4168,3659.4985,3286.0000,2298.8644
2021-05-15,51,801.0000,1140.7856,1556.5385,1565.0000,2330.4885,3260.9246,3575.0537,3580.0000,3786.4105,3347.4265,2310.0000
2021-05-18,51,503.0000,776.4451,1144.7750,1186.8174,1733.0240,2554.8503,2772.3295,2884.1958,2916.1646,2514.4621,1795.9113
2021-05-18,51,578.0000,798.2428,1152.3829,1173.4433,1717.6455,2513.2722,2753.4445,2864.5642,2891.3386,2502.8532,1815.0000
2021-05-20,51,554.0000,761.0788,1217.6000,1195.7140,1901.0701,2938.0242,3132.4603,3227.8261,3273.7722,2659.4103,1798.5502
2021-05-20,51,640.0000,785.2629,1208.8617,1185.8149,1860.0000,2868.0000,3074.8994,3174.0000,3228.0000,2636.0328,1771.9477
2021-05-23,51,1498.0000,1516.7015,1866.0000,1708.1764,2362.0000,3325.2782,3549.4199,3596.7512,3695.0000,2439.0000,1814.8266
2021-05-23,51,1499.0000,1544.6667,1908.0000,1738.6002,2410.0000,3422.1710,3661.4504,3705.2971,3802.1266,2453.0000,1805.7566
2021-05-25,51,-9999.0000,-9999.0000,-9999.0000,-9999.0000,-9999.0000,-9999.0000,-9999.0000,-9999.0000,-9999.0000,-9999.0000,-9999.0000
2021-05-25,51,-9999.0000,-9999.0000,-9999.0000,-9999.0000,-9999.0000,-9999.0000,-9999.0000,-9999.0000,-9999.0000,-9999.0000,-9999.0000
2021-05-28,51,418.0000,622.0361,1042.0000,875.5576,1636.0000,2781.5410,3082.5880,3203.2292,3210.0000,2160.9860,1380.0000
2021-05-28,51,518.0000,672.9425,1049.3609,886.3507,1605.0393,2706.0000,2989.1988,3130.5733,3126.1886,2124.6404,1372.4539
2021-05-30,51,948.0000,1370.9001,1723.3473,2091.2000,2309.5391,2586.5722,2712.6133,2858.6642,2882.5518,3439.0000,3091.2159
2021-05-30,51,1018.0000,1363.1493,1682.9748,2025.6849,2265.1260,2571.5559,2683.8704,2820.1876,2852.0045,3403.6478,3069.0000
2021-06-02,51,909.0000,1417.4531,1794.9482,2219.3041,2482.7348,2639.0000,2789.1672,2914.9527,2980.1397,3750.0420,3385.0585
2021-06-02,51,1035.0000,1387.5368,1739.0105,2123.5630,2385.3831,2574.9079,2732.7171,2858.9341,2930.0056,3666.5440,3331.8496
2021-06-04,51,1415.0000,1676.8545,1936.3447,2150.0000,2466.0211,2650.1166,2842.0000,2889.4090,2961.3470,3217.5055,2923.2615
2021-06-04,51,1425.0000,1739.3502,2000.6827,2227.1168,2548.9334,2708.5120,2908.6939,2940.8645,3012.2186,3270.8746,2939.2273
2021-06-07,51,1208.0000,1338.0000,1564.0000,1814.0000,2100.9499,2278.0000,2466.0000,2465.8125,2620.6990,2826.9911,2281.5205
2021-06-07,51,1215.0000,1364.0000,1592.0000,1849.5768,2133.7019,2309.2573,2488.5258,2498.3108,2650.2389,2843.9798,2294.4631
2021-06-09,51,1428.0000,1842.5074,2305.9366,2763.0613,3155.0864,3406.5224,3594.0000,3681.0665,3833.0000,4608.5031,4068.7393
2021-06-09,51,1442.6431,1929.1365,2425.6282,2915.6661,3328.0000,3560.0000,3700.0000,3785.9658,3949.7181,4707.3269,4148.0000
2021-06-12,51,1389.9544,1795.4529,2323.8392,2695.4952,3157.9420,3538.0000,3745.7096,3809.8137,3949.0000,4344.0000,3704.0000
2021-06-12,51,1322.3774,1713.3200,2202.3919,2520.0000,2968.0000,3381.0000,3593.0000,3653.2960,3795.0000,4251.4988,3677.3368
2021-06-14,51,1279.0000,1722.0000,2208.0000,2482.8724,2959.0000,3546.0000,3793.6816,3920.0000,3954.3065,4442.5071,3931.0974
2021-06-14,51,1253.0000,1770.4486,2274.4269,2554.3024,3066.0000,3622.0000,3880.0000,3992.9089,4047.0000,4490.5529,3961.2365
2021-06-17,51,1015.0000,1459.6357,2006.0000,2201.0349,2770.9754,3605.1146,3875.7302,3915.2037,4005.7301,4091.9649,3402.3831
2021-06-17,51,1038.0000,1418.1402,1875.7032,2011.8290,2555.0000,3331.0891,3611.0000,3658.0000,3764.1181,3922.2786,3354.0000
2021-06-19,51,1215.0000,1462.0000,1953.7015,2011.1585,2569.7236,3428.9796,3652.6738,3596.2081,3845.5557,3754.6209,3021.0000
2021-06-19,51,1211.0000,1468.7919,1955.1830,2009.7147,2595.0000,3429.5293,3645.4358,3592.9098,3837.0344,3741.0000,3015.0000
2021-06-22,51,973.0000,1251.4757,1769.7853,1875.0785,2441.7895,3426.0000,3695.0000,3730.7538,3887.0000,3682.7570,2925.0744
2021-06-22,51,996.0000,1259.3341,1730.9430,1850.9322,2393.0000,3355.0000,3604.0000,3651.7093,3816.8125,3661.5184,2896.0000
2021-06-24,51,1079.0000,1440.9879,1890.0775,1970.0403,2523.0000,3519.0000,3865.0000,3849.2237,4028.5444,3838.0000,3130.0000
2021-06-24,51,1068.0000,1441.2432,1899.8579,1978.8862,2528.9258,3509.0000,3854.0000,3848.8042,4035.0000,3858.0000,3161.0000
2021-06-27,51,-9999.0000,-9999.0000,-9999.0000,-9999.0000,-9999.0000,-9999.0000,-9999.0000,-9999.0000,-9999.0000,-9999.0000,-9999.0000
2021-06-27,51,1627.0000,1780.7770,2136.6632,2132.5924,2689.5946,3539.0000,3825.5954,3893.2263,3991.0000,3260.0000,2626.4294
2021-06-29,51,1126.0000,1378.5000,1872.8462,2024.8549,2685.0000,3603.0000,3814.0000,3825.0000,4048.7089,3877.3827,3003.0000
2021-06-29,51,1095.0000,1396.0000,1888.0000,2026.0000,2712.0000,3610.6755,3850.9206,3846.0000,4077.0000,3869.0000,3031.0000
2021-07-02,51,953.0000,1217.6632,1650.7730,1859.9976,2448.0000,3329.5517,3618.0000,3697.3316,3873.4673,3699.0000,2843.5493
2021-07-02,51,962.0000,1226.6131,1666.9349,1866.7604,2458.0000,3337.0000,3634.0000,3716.9901,3880.0000,3702.0000,2840.0000
2021-07-04,51,977.0000,1120.5508,1333.0826,1354.0000,1752.3506,2378.3375,2675.3104,2626.2799,2805.0870,2389.2372,1642.0000
2021-07-07,51,625.0000,818.2654,1165.6968,1244.9399,1806.0608,2665.5000,2967.0000,3001.4072,3166.4353,3106.4989,2344.0000
2021-07-07,51,655.0000,849.5454,1177.6258,1242.8005,1776.9421,2634.1983,2937.0000,2977.7611,3133.9286,3090.4718,2337.9419
2021-07-09,51,773.0000,885.0775,1324.7716,1356.2981,2053.1947,3359.0000,3643.9970,3793.6572,3937.4808,3669.0086,2610.0000
2021-07-09,51,822.0000,906.3291,1312.9349,1338.8862,1996.0000,3285.4861,3558.0000,3693.1682,3810.0000,3618.2454,2587.0000
2021-07-12,51,509.0000,605.9506,1005.8637,1012.4312,1554.0000,2851.0000,3248.7420,3218.6591,3452.5088,2764.3785,1888.0780
2021-07-12,51,597.0000,691.0000,1036.1246,1018.0000,1548.0000,2780.0000,3134.0000,3131.1531,3340.0000,2696.5479,1857.7663
2021-07-14,51,-9999.0000,-9999.0000,-9999.0000,-9999.0000,-9999.0000,-9999.0000,-9999.0000,-9999.0000,-9999.0000,-9999.0000,-9999.0000
2021-07-19,51,-9999.0000,-9999.0000,-9999.0000,-9999.0000,-9999.0000,-9999.0000,-9999.0000,-9999.0000,-9999.0000,-9999.0000,-9999.0000
2021-07-19,51,-9999.0000,-9999.0000,-9999.0000,-9999.0000,-9999.0000,-9999.0000,-9999.0000,-9999.0000,-9999.0000,-9999.0000,-9999.0000
2021-07-22,51,432.5165,459.4475,732.8790,553.0000,1166.0000,3593.9893,4420.9507,4400.6521,4705.3522,2675.7531,1516.5792
2021-07-22,51,497.0000,516.3238,762.6891,579.0000,1163.1333,3547.1725,4406.4112,4342.1744,4660.6355,2659.0262,1509.5886
2021-07-24,51,854.0000,905.9201,1057.2530,850.8933,1332.6208,3363.7625,4245.7412,4241.3143,4471.4688,2747.7883,1636.2260
2021-07-24,51,619.0000,709.2549,940.0031,762.5511,1314.1309,3667.0000,4759.1088,4709.0508,4957.0000,2858.9897,1677.3054
2021-07-29,51,345.0000,339.5976,579.0449,411.5227,947.2463,3725.4791,4662.0000,4640.0000,4817.5143,2571.4789,1381.0325
2021-07-29,51,453.0000,427.4350,634.5503,459.1403,954.7720,3542.0208,4501.0000,4467.8587,4638.0000,2545.5989,1364.9426
2021-08-01,51,826.0000,568.7542,866.5113,680.3053,1314.9546,4488.0000,5811.0000,5836.0000,6010.0000,3101.0000,1685.0000
2021-08-01,51,795.0000,538.8418,867.2515,683.0000,1329.5691,4615.0000,6004.1461,5998.1068,6167.6095,3116.5889,1690.7400
2021-08-03,51,334.0000,388.5853,579.7012,411.0009,924.0482,3596.0000,4926.0000,4939.0769,5095.0000,2484.3508,1348.9562
2021-08-03,51,405.0000,442.9339,612.6199,444.0000,930.5551,3510.0000,4805.0000,4838.7352,5010.2495,2443.3251,1346.6113
2021-08-06,51,259.0000,329.3995,499.1558,339.7495,764.3633,3316.7005,4611.0000,4666.0000,4795.0000,2203.9712,1170.3766
2021-08-06,51,284.5342,353.7478,506.9901,348.7587,779.5712,3315.0000,4597.1774,4656.0000,4826.5327,2203.5015,1170.4529
2021-08-08,51,-9999.0000,-9999.0000,-9999.0000,-9999.0000,-9999.0000,-9999.0000,-9999.0000,-9999.0000,-9999.0000,-9999.0000,-9999.0000
2021-08-11,51,355.0000,348.0718,498.7772,380.0071,773.6480,3018.0000,4231.5540,4210.7554,4465.0000,1990.0000,1011.5432
2021-08-11,51,411.0000,393.2738,524.5369,387.7610,773.2679,3008.9615,4212.4196,4199.9729,4444.2862,1997.9083,1010.5854
2021-08-13,51,-9999.0000,-9999.0000,-9999.0000,-9999.0000,-9999.0000,-9999.0000,-9999.0000,-9999.0000,-9999.0000,-9999.0000,-9999.0000
2021-08-13,51,607.0000,672.7116,755.8563,611.1863,948.5113,2905.1687,4091.0000,4040.0000,4275.5431,1874.6521,1064.0000
2021-08-16,51,287.0000,387.5385,547.2754,427.6470,829.3176,2976.6520,4186.0000,4147.6697,4400.0000,1986.6841,1067.0121
2021-08-16,51,349.0000,436.9133,588.3340,443.9249,851.8676,2938.0021,4153.4731,4118.4069,4349.0000,1976.3701,1066.4931
2021-08-18,51,266.0000,276.1782,516.3426,348.1937,852.0000,3564.6980,4660.2654,4787.0868,4901.0000,2276.2652,1186.0657
2021-08-18,51,386.0000,379.5322,579.4708,403.5358,910.4370,3454.0000,4505.1735,4644.7032,4727.9868,2243.0000,1174.0217
2021-08-21,51,353.0000,384.4338,571.7043,412.3820,894.0059,3080.0000,4146.6218,4136.9135,4393.8113,1986.0000,1050.8624
2021-08-21,51,505.0000,497.4341,649.7251,467.3041,929.4943,2982.0000,3963.2552,3971.8727,4235.0000,1965.0000,1053.0886
2021-08-26,51,295.0000,400.8299,619.3807,437.0000,996.1809,3076.2943,4028.0464,4100.4318,4283.0000,2013.4084,1132.0193
2021-08-26,51,316.0000,397.5789,611.4940,427.7967,997.7286,3092.1837,4048.0000,4096.3309,4291.9978,2014.2899,1128.0127
2021-08-28,51,-9999.0000,-9999.0000,-9999.0000,-9999.0000,-9999.0000,-9999.0000,-9999.0000,-9999.0000,-9999.0000,-9999.0000,-9999.0000
2021-08-28,51,-9999.0000,-9999.0000,-9999.0000,-9999.0000,-9999.0000,-9999.0000,-9999.0000,-9999.0000,-9999.0000,-9999.0000,-9999.0000
2021-08-31,51,-9999.0000,-9999.0000,-9999.0000,-9999.0000,-9999.0000,-9999.0000,-9999.0000,-9999.0000,-9999.0000,-9999.0000,-9999.0000
2021-08-31,51,-9999.0000,-9999.0000,-9999.0000,-9999.0000,-9999.0000,-9999.0000,-9999.0000,-9999.0000,-9999.0000,-9999.0000,-9999.0000
2021-09-02,51,249.0000,365.0645,643.0070,434.2057,1110.0186,3128.0000,3813.3085,4005.1806,4101.0000,2067.5025,1154.1071
2021-09-02,51,365.0000,449.2175,693.6667,476.3041,1132.0173,3025.0000,3700.9251,3892.5553,3954.3333,2044.2975,1150.1414
2021-09-05,51,246.0000,398.3098,752.4968,490.6707,1279.0000,3096.0000,3643.1612,3847.7083,3897.9400,2010.2448,1147.0000
2021-09-05,51,297.0000,422.2450,766.1944,497.1204,1276.0000,3074.7789,3641.9946,3811.0975,3930.0420,1995.0549,1137.4442
2021-09-07,51,322.0000,414.1800,965.6667,667.4663,1697.0000,3805.0000,4260.0000,4469.7246,4663.0000,2393.7635,1290.5376
2021-09-07,51,459.0000,517.8575,1001.6587,707.0000,1681.6460,3666.9643,4130.0000,4342.2834,4487.8400,2381.0000,1311.0000
2021-09-10,51,235.0000,377.2087,969.1722,827.3094,1813.3032,3252.0000,3609.0000,3845.0000,3942.0000,2226.1328,1244.0000
2021-09-10,51,333.0000,441.2623,981.8349,851.7185,1788.4279,3172.0000,3558.0000,3766.0956,3874.0000,2212.8862,1242.1323
2021-09-12,51,389.0000,589.6365,1121.4463,1098.4352,2033.1569,3067.7003,3450.0000,3623.2527,3834.0000,2537.9038,1533.7377
2021-09-12,51,506.0000,665.6730,1129.4171,1092.3310,1981.0000,2948.3815,3326.9583,3509.3063,3698.0000,2498.3992,1527.0000
2021-09-20,51,215.0000,336.1987,593.5318,765.9664,1129.5929,1497.7251,1691.6386,1783.1601,1940.9340,1956.8586,1371.5939
2021-09-20,51,233.0000,342.4976,597.0254,765.9329,1128.0000,1499.0295,1677.4496,1782.3400,1944.0000,1948.2798,1362.4491
2021-09-22,51,-9999.0000,-9999.0000,-9999.0000,-9999.0000,-9999.0000,-9999.0000,-9999.0000,-9999.0000,-9999.0000,-9999.0000,-9999.0000
2021-09-25,51,998.0000,1114.8018,1234.1806,1346.6079,1669.4653,2064.0000,2299.0258,2394.4522,2529.6496,2602.3949,2076.2392
2021-09-25,51,1044.0000,1155.8423,1274.8618,1370.4691,1706.6460,2104.0000,2365.0881,2443.5665,2588.0305,2604.4506,2080.0000
2021-09-27,51,773.0000,746.2766,881.0400,937.2500,1253.4783,1611.2761,1770.4478,1768.2683,1922.0000,1670.0000,1149.2740
2021-09-27,51,841.0000,790.0000,913.7009,953.0340,1258.0000,1625.0045,1798.0911,1748.1898,1940.6860,1668.2244,1131.0000
2021-09-30,51,363.0000,602.1677,869.4803,1200.5580,1481.0111,1723.6122,1906.8288,2036.5881,2181.5066,2828.2344,2314.8636
2021-09-30,51,424.0000,641.6288,885.3317,1200.6860,1457.7498,1722.3150,1892.0806,2018.4200,2172.4882,2814.0033,2300.2060
2021-10-02,51,1387.0000,1578.0000,1678.0000,1730.0000,2068.0000,2246.0000,2381.0000,2546.0000,2494.0000,2652.0000,2340.0000
2021-10-05,51,-9999.0000,-9999.0000,-9999.0000,-9999.0000,-9999.0000,-9999.0000,-9999.0000,-9999.0000,-9999.0000,-9999.0000,-9999.0000
2021-10-10,51,-9999.0000,-9999.0000,-9999.0000,-9999.0000,-9999.0000,-9999.0000,-9999.0000,-9999.0000,-9999.0000,-9999.0000,-9999.0000
2021-10-10,51,-9999.0000,-9999.0000,-9999.0000,-9999.0000,-9999.0000,-9999.0000,-9999.0000,-9999.0000,-9999.0000,-9999.0000,-9999.0000
2021-10-15,51,558.0000,842.7138,1020.4312,1214.0000,1340.0552,1412.5270,1523.8326,1651.0606,1651.4622,2157.5890,2009.8517
2021-10-15,51,654.0000,894.1907,1052.0000,1222.0000,1340.7007,1426.2049,1532.6643,1657.8247,1646.0000,2154.3162,2005.7517
2021-10-17,51,803.0000,996.6962,1238.0000,1500.2970,1649.1299,1720.7011,1811.8447,1954.0484,1970.1024,2783.0000,2481.4507
2021-10-17,51,809.0000,998.5590,1236.0000,1496.9252,1653.0159,1722.0908,1810.8443,1947.1513,1964.6208,2761.0000,2497.4777
2021-10-27,51,868.0000,1144.7528,1449.0262,1788.4072,1984.9575,2050.0000,2137.6422,2265.0889,2305.0299,3233.1875,3057.3384
2021-10-27,51,877.0000,1141.2077,1453.0524,1800.9231,1997.1443,2049.2580,2144.9594,2269.1913,2309.0000,3240.7372,3062.0220
2021-10-30,51,1202.0000,1400.0000,1716.0000,2122.0000,2413.0000,2518.0000,2666.0000,2722.0000,2889.0000,4076.0000,3627.0000
2021-10-30,51,1246.0000,1454.0000,1750.0000,2108.0000,2342.3219,2434.8307,2569.0000,2730.3776,2782.0000,3980.0000,3743.0000
2021-11-04,51,140.0000,416.3773,572.3182,770.5000,878.0162,922.0427,988.4253,1028.3973,1068.0000,1294.0000,1073.6399
2021-11-04,51,31.0000,318.0000,496.0000,724.0000,840.6108,882.8517,963.7464,995.6738,1052.8140,1302.0000,1077.6872
2021-11-06,51,462.0000,709.3930,1021.5328,1370.5322,1537.0391,1565.8162,1643.0429,1763.2899,1811.6157,2411.5062,1906.0000
2021-11-06,51,673.0000,842.8394,1090.0000,1366.0000,1521.0000,1576.0000,1646.0000,1738.1270,1783.0000,2308.0119,1877.0000
2021-11-11,51,732.0000,1085.4168,1336.8918,1576.7178,1782.5000,1827.5786,1962.8409,1972.0322,2042.6312,2506.5684,2124.0000
2021-11-11,51,800.0000,1126.0000,1360.7442,1576.7343,1766.6446,1811.2636,1944.0000,1962.8772,2019.5136,2509.0047,2109.4917
2021-11-19,51,708.0000,912.1549,1184.0000,1280.0000,1553.0000,1797.7157,1885.0000,1955.3318,2005.0000,2189.0000,1632.0000
2021-11-19,51,725.0000,906.7749,1184.0000,1276.8813,1546.0000,1793.0000,1899.5347,1971.2343,2011.1183,2194.0000,1654.5484
2021-11-24,51,304.0000,620.5000,901.0000,965.3787,1322.4863,1706.6127,1811.6041,1962.3263,1897.1544,1984.0000,1615.0000
2021-11-24,51,291.0000,604.2683,888.2685,954.3386,1286.6879,1699.8422,1796.1769,1963.6759,1906.4706,1965.0000,1580.0000
2021-11-29,51,182.3106,508.7302,925.3347,976.4042,1546.0000,2116.5850,2266.0000,2450.6057,2424.4609,2276.7103,1666.0000
2021-11-29,51,228.0000,518.2022,933.0000,974.3346,1533.0000,2123.8589,2278.0000,2450.5460,2419.0000,2276.0000,1644.7805
2021-12-01,51,160.0000,494.2688,818.6000,800.1281,1296.3445,1851.8881,2032.1000,2114.7738,2131.2254,1863.0000,1262.0000
2021-12-01,51,187.0000,510.0000,824.5219,800.3487,1286.4511,1849.0000,2018.7848,2116.4808,2129.8203,1845.5305,1252.5499
2021-12-06,51,65.0000,292.1799,694.6804,732.0000,1310.3185,2053.0000,2181.4830,2371.8140,2331.9036,1973.4227,1297.0000
2021-12-06,51,323.0000,484.4472,806.8333,798.8257,1311.0000,1969.5285,2122.7782,2293.1226,2220.3333,1927.0000,1276.9980
2021-12-14,51,-9999.0000,-9999.0000,-9999.0000,-9999.0000,-9999.0000,-9999.0000,-9999.0000,-9999.0000,-9999.0000,-9999.0000,-9999.0000
2021-12-14,51,-9999.0000,-9999.0000,-9999.0000,-9999.0000,-9999.0000,-9999.0000,-9999.0000,-9999.0000,-9999.0000,-9999.0000,-9999.0000
2021-12-16,51,50.0000,234.6367,612.7720,602.6635,1204.4488,2044.7885,2152.0000,2258.7128,2282.7643,1877.0000,1224.3536
2021-12-16,51,268.0000,412.5458,727.0000,678.5131,1218.0000,1993.6359,2130.7565,2202.3698,2243.4863,1855.0000,1217.0000
2021-12-29,51,-9999.0000,-9999.0000,-9999.0000,-9999.0000,-9999.0000,-9999.0000,-9999.0000,-9999.0000,-9999.0000,-9999.0000,-9999.0000
2021-12-31,51,-9999.0000,-9999.0000,-9999.0000,-9999.0000,-9999.0000,-9999.0000,-9999.0000,-9999.0000,-9999.0000,-9999.0000,-9999.0000
2021-12-31,51,-9999.0000,-9999.0000,-9999.0000,-9999.0000,-9999.0000,-9999.0000,-9999.0000,-9999.0000,-9999.0000,-9999.0000,-9999.0000
2022-01-08,51,132.0000,314.0000,641.0000,584.4022,1192.2266,2292.8554,2534.0073,2757.3883,2637.9927,1701.4863,1025.6878
2022-01-08,51,98.0000,267.0000,604.1622,556.2214,1184.6151,2335.0000,2572.5470,2796.8077,2692.3494,1708.6218,1024.5922
2022-01-13,51,-9999.0000,-9999.0000,-9999.0000,-9999.0000,-9999.0000,-9999.0000,-9999.0000,-9999.0000,-9999.0000,-9999.0000,-9999.0000
2022-01-13,51,-9999.0000,-9999.0000,-9999.0000,-9999.0000,-9999.0000,-9999.0000,-9999.0000,-9999.0000,-9999.0000,-9999.0000,-9999.0000
2022-01-15,51,174.0000,354.6014,736.2985,785.0000,1330.5421,2001.0360,2148.9786,2285.3957,2290.4019,1876.8952,1210.0000
2022-01-15,51,392.0000,518.6879,830.1297,838.1359,1334.5758,1961.0404,2104.3571,2244.3061,2249.0000,1866.1422,1208.0464
2022-01-18,51,71.0000,278.3289,620.4985,668.4145,1208.1995,1869.3564,2021.0000,2181.6109,2141.5239,1757.4866,1152.0943
2022-01-18,51,210.0000,376.7633,672.6199,698.1566,1194.0039,1829.8002,1993.3048,2155.0206,2113.6003,1741.0000,1128.3388
2022-01-20,51,664.0000,870.0000,1010.0000,1008.2367,1499.0000,2104.8363,2296.9876,2413.7215,2401.3401,1954.0948,1324.6495
2022-01-20,51,652.0000,853.0000,995.0000,988.0000,1476.0000,2085.5970,2276.5069,2388.2772,2377.5847,1940.0000,1306.0000
2022-01-23,51,304.0000,560.2312,815.0000,852.3035,1356.0000,1984.7567,2164.2491,2293.7602,2280.5629,1801.9532,1257.0000
2022-01-23,51,511.0000,701.0000,902.0000,904.3047,1370.2850,1963.8001,2114.2803,2241.7385,2226.9170,1777.0177,1253.0000
2022-01-25,51,485.0000,482.2908,870.5000,934.2571,1518.0000,2157.3034,2296.0000,2466.8376,2435.0000,2325.9061,1661.0000
2022-01-25,51,674.0000,750.0083,1032.0000,1036.0000,1532.5143,2133.0000,2260.7984,2394.6803,2396.5847,2297.0000,1669.7162
2022-01-28,51,408.0000,500.4173,848.1914,946.0000,1465.0000,2000.4890,2145.8243,2353.5933,2265.3215,2197.6336,1598.0000
2022-01-28,51,549.0000,744.0000,990.0000,1028.0000,1462.5053,1978.2362,2116.5409,2285.3561,2237.3618,2184.0000,1593.4985
2022-01-30,51,443.0000,777.0000,996.0673,1064.0000,1523.0000,2017.0000,2178.0000,2320.6385,2309.0000,2250.5493,1729.1439
2022-01-30,51,516.0000,814.0000,1016.0000,1076.0000,1528.4199,2026.7295,2181.0592,2320.3333,2297.7566,2257.0632,1741.6496
2022-02-02,51,429.0000,652.0000,896.0000,956.0000,1360.1706,1819.0000,1970.5484,2113.6000,2090.3113,2025.0000,1628.4563
2022-02-02,51,508.0000,716.0000,930.0000,972.0000,1354.0273,1808.3323,1953.9880,2088.2698,2068.0000,2012.0000,1618.5965
2022-02-07,51,641.0000,792.0000,1046.0000,1090.0000,1500.9888,2054.4549,2192.2915,2373.7424,2324.0962,2329.6669,1789.5140
2022-02-07,51,693.0000,828.0000,1082.0000,1110.0000,1520.2032,2069.0000,2209.5114,2381.1701,2337.3253,2337.4589,1796.8701
2022-02-09,51,406.0000,736.1887,1066.0000,1152.0000,1651.0000,2328.5236,2529.8627,2777.3408,2660.4544,2593.4842,2058.0000
2022-02-09,51,643.0000,882.0000,1128.0000,1174.0000,1604.4666,2227.0000,2406.2357,2648.0000,2530.0435,2517.7437,2028.6795
2022-02-12,51,634.0000,888.0000,1172.8451,1266.0000,1682.0000,2215.0000,2370.1540,2609.9104,2512.5903,2607.0000,2262.1497
2022-02-12,51,654.0000,920.7500,1184.0000,1260.6306,1679.0000,2205.1699,2366.3202,2600.7920,2507.4825,2596.0000,2250.5910
2022-02-22,51,340.0000,562.0000,872.0000,852.0000,1334.0000,2118.0346,2325.3538,2541.6480,2469.5640,2045.0654,1481.3200
2022-02-22,51,381.0000,588.0000,884.2589,854.2530,1336.4169,2120.7115,2313.2247,2540.8848,2457.2979,2041.0000,1473.9778
2022-02-24,51,735.0000,842.0000,1186.0000,1088.0000,1676.6537,2602.0000,2796.5553,3001.2961,2962.4694,2389.5870,1683.0000
2022-02-24,51,919.0000,992.0000,1288.0000,1148.0000,1712.3027,2629.7457,2825.4165,3000.0000,2994.3868,2394.5820,1670.0000
2022-02-27,51,566.0000,669.0000,968.0000,847.0000,1430.0000,2472.4679,2684.9591,2908.8076,2849.0000,2213.0000,1476.9348
2022-02-27,51,638.0000,703.0000,982.0000,854.3409,1434.4662,2451.0000,2658.0264,2897.0771,2817.2310,2202.9524,1467.0000
2022-03-01,51,654.0000,819.0000,1110.0000,972.3705,1602.4995,2825.0000,3089.6634,3400.0000,3233.8156,2533.6378,1791.0000
2022-03-01,51,642.0000,808.4125,1106.0000,965.0000,1604.3158,2849.6256,3113.3325,3432.0000,3264.4705,2540.0000,1785.6634
2022-03-04,51,547.0000,748.3808,1084.0000,930.0000,1632.0000,3021.0000,3348.7168,3652.1223,3499.0000,2518.5140,1801.4985
2022-03-04,51,638.0000,798.0000,1108.0000,946.3718,1626.4909,2984.0000,3320.8250,3632.0000,3472.9041,2511.0000,1799.0000
2022-03-06,51,815.0000,892.7913,1224.0000,1060.0000,1755.0000,3229.0000,3530.2770,3834.1559,3713.0000,2802.9231,1950.0000
2022-03-06,51,827.0000,906.1394,1230.0000,1062.0000,1754.4887,3229.0068,3525.0910,3835.3344,3716.1204,2802.0000,1948.3325
2022-03-09,51,543.0000,688.0000,1082.0000,930.0000,1678.0000,3297.4326,3665.0000,3923.6095,3817.5167,2629.2448,1749.1943
2022-03-09,51,558.0000,702.0012,1086.0000,930.0000,1688.0000,3346.0000,3707.9416,3968.9516,3853.0000,2641.4957,1754.0111
2022-03-14,51,1206.0000,1256.0000,1628.0000,1489.0000,2269.0000,3720.0000,4133.0000,4396.0103,4313.5158,3303.0000,2452.7994
2022-03-14,51,1302.0000,1302.0000,1666.0000,1516.0000,2306.6143,3776.0000,4189.0000,4441.6465,4336.7151,3312.4472,2459.9901
2022-03-16,51,-9999.0000,-9999.0000,-9999.0000,-9999.0000,-9999.0000,-9999.0000,-9999.0000,-9999.0000,-9999.0000,-9999.0000,-9999.0000
2022-03-19,51,559.0000,656.2713,998.1543,829.0814,1514.3935,3312.5410,3780.4396,4130.8857,3955.0000,2457.3905,1543.0000
2022-03-19,51,601.0000,682.2476,1024.0000,833.7673,1520.0000,3300.8939,3784.9774,4122.3599,3948.8008,2448.0000,1533.5912
2022-03-21,51,646.0000,790.2024,1096.0000,873.2423,1565.0000,3444.0000,3987.0000,4418.0541,4187.4120,2542.0102,1588.9174
2022-03-21,51,680.0000,810.2204,1112.0000,881.1366,1581.4985,3452.7628,4013.0979,4426.7400,4204.9770,2557.6661,1602.5484
2022-03-24,51,485.0000,624.3103,926.4678,689.3352,1388.8313,3365.0000,3980.4699,4354.3429,4172.9859,2273.7197,1364.1606
2022-03-24,51,541.0000,662.0000,946.3493,709.1854,1397.6364,3373.6540,3972.6010,4344.3206,4170.3548,2277.2631,1369.6183
2022-03-26,51,1036.0000,1016.0000,1228.0000,962.2334,1571.0000,3350.4605,3872.9931,4208.8963,4107.0000,2432.0000,1412.4508
2022-03-26,51,1070.0000,1036.0000,1234.0000,968.0000,1577.0000,3337.6744,3881.2300,4187.1495,4083.7821,2429.0000,1410.0624
2022-04-03,51,316.0000,405.0000,664.0000,388.2010,1050.2889,3036.0000,3643.0000,3889.9243,3770.9364,1641.8125,846.4693
2022-04-03,51,270.0000,368.0000,642.4013,356.6873,1049.8690,3133.9945,3764.0000,4009.4746,3886.0000,1657.4848,845.3522
2022-04-05,51,852.0000,778.0000,1028.0000,668.8648,1429.3558,3858.7951,4495.0000,4688.4622,4674.7397,2099.1789,1020.4980
2022-04-05,51,878.0000,804.5330,1042.0000,677.1797,1429.9522,3833.5246,4470.4096,4643.2553,4659.0000,2092.2779,1019.8013
2022-04-08,51,-9999.0000,-9999.0000,-9999.0000,-9999.0000,-9999.0000,-9999.0000,-9999.0000,-9999.0000,-9999.0000,-9999.0000,-9999.0000
2022-04-10,51,265.0000,343.0000,588.0000,292.5152,941.2518,3250.1462,4051.9929,4409.4030,4211.7412,1453.5523,674.4735
2022-04-10,51,225.0000,306.5193,568.0000,265.0689,946.5578,3340.0000,4163.0000,4508.0000,4291.7249,1466.2423,675.0000
2022-04-15,51,454.0000,478.2917,744.3728,433.4197,1078.2219,3410.4357,4137.2561,4329.7248,4268.6382,1515.0000,787.3832
2022-04-15,51,531.0000,564.6928,814.0000,485.4534,1101.2065,3381.0394,4101.0545,4251.5454,4234.0000,1506.0110,784.9959
2022-04-18,51,215.0000,286.0000,554.0000,309.1459,893.3683,3125.1598,3946.6628,4194.9537,4107.9353,1283.4410,667.0976
2022-04-18,51,224.0000,226.5070,510.0184,273.8472,896.4193,3149.5090,3987.4816,4299.0921,4145.0005,1282.7311,667.3999
2022-04-20,51,455.0000,538.2909,769.2781,486.3304,1077.3935,3198.0000,4010.9552,4309.8282,4174.5442,1434.1264,741.1413
2022-04-20,51,559.0000,616.1433,820.0932,525.0634,1106.0000,3131.0000,3931.8531,4219.7977,4132.0408,1428.0000,746.0000
2022-04-23,51,-9999.0000,-9999.0000,-9999.0000,-9999.0000,-9999.0000,-9999.0000,-9999.0000,-9999.0000,-9999.0000,-9999.0000,-9999.0000
2022-04-25,51,-9999.0000,-9999.0000,-9999.0000,-9999.0000,-9999.0000,-9999.0000,-9999.0000,-9999.0000,-9999.0000,-9999.0000,-9999.0000
2022-04-25,51,500.0000,442.0000,632.1971,342.3628,880.0000,2768.0000,3429.1557,3507.0723,3519.0000,1021.0000,460.0000
2022-04-28,51,130.0000,166.2036,386.3417,176.0965,706.9113,2885.0000,3718.4541,3897.8584,3886.7441,1024.0000,458.6970
2022-04-28,51,244.6541,261.0000,450.8008,226.3092,750.5238,2824.0000,3626.2080,3810.2184,3817.7935,1026.6623,466.6152
2022-04-30,51,233.6719,298.5508,532.0000,277.1705,843.2205,3060.0000,4033.0000,4329.2150,4157.0000,1179.3879,576.8508
2022-04-30,51,379.0000,456.0000,642.0000,382.5981,889.9393,2946.0000,3861.0000,4106.4569,4004.0000,1181.6889,587.4418
2022-05-03,51,159.0000,240.5372,422.3157,210.3783,709.1143,2796.5349,3730.4413,3937.0000,3950.0000,955.0649,489.8900
2022-05-03,51,124.3459,198.1117,386.5056,173.6804,693.5828,2842.0000,3788.5904,4010.6425,4009.0000,949.2654,484.3993
2022-05-08,51,-9999.0000,-9999.0000,-9999.0000,-9999.0000,-9999.0000,-9999.0000,-9999.0000,-9999.0000,-9999.0000,-9999.0000,-9999.0000
2022-05-10,51,261.6866,340.0902,504.0000,272.2003,754.8095,2793.9434,3835.0000,3980.0000,4039.0000,1099.9330,538.9452
2022-05-10,51,375.0000,442.0000,580.4773,340.6717,795.0000,2718.6212,3728.0000,3856.0000,3919.0000,1099.9474,546.8977
2022-05-13,51,502.5816,465.6590,613.2737,457.3873,874.1927,2453.5375,3429.0271,3500.1209,3630.0000,1203.3068,795.2025
2022-05-13,51,508.9375,429.6066,600.9906,449.3970,914.8229,2486.6725,3457.1637,3604.0000,3649.0401,1203.9156,796.9408
2022-05-15,51,190.0380,216.4911,405.6877,229.5840,668.0044,2701.3438,3684.0000,3788.0000,3956.0000,1123.2787,545.6603
2022-05-15,51,328.7887,333.0000,490.1305,305.8687,720.6318,2642.3553,3582.0000,3660.0000,3841.0000,1123.2139,553.9193
2022-05-18,51,0.0000,0.0318,177.0597,77.1619,476.6404,2233.6685,3135.0000,3263.0000,3441.7367,1027.7244,491.1876
2022-05-18,51,260.0000,278.0779,400.2815,261.2225,620.9310,2156.9780,2949.0000,3088.4493,3259.0000,1019.3366,507.8886
2022-05-20,51,201.1004,266.0000,416.9321,254.4628,691.8692,2425.0399,3412.0000,3604.0000,3706.0000,1186.5104,603.2471
2022-05-20,51,367.0000,430.6880,544.0744,369.4527,762.0000,2369.8470,3284.0000,3468.0000,3587.0000,1186.0342,609.6658
2022-05-25,51,-9999.0000,-9999.0000,-9999.0000,-9999.0000,-9999.0000,-9999.0000,-9999.0000,-9999.0000,-9999.0000,-9999.0000,-9999.0000
2022-05-25,51,-9999.0000,-9999.0000,-9999.0000,-9999.0000,-9999.0000,-9999.0000,-9999.0000,-9999.0000,-9999.0000,-9999.0000,-9999.0000
2022-06-02,51,-9999.0000,-9999.0000,-9999.0000,-9999.0000,-9999.0000,-9999.0000,-9999.0000,-9999.0000,-9999.0000,-9999.0000,-9999.0000
2022-06-02,51,-9999.0000,-9999.0000,-9999.0000,-9999.0000,-9999.0000,-9999.0000,-9999.0000,-9999.0000,-9999.0000,-9999.0000,-9999.0000
2022-06-04,51,249.0000,296.3763,618.0000,592.8489,1137.5925,2066.8156,2458.7260,2498.2628,2725.2064,1426.3952,864.6974
2022-06-04,51,576.7441,574.1116,778.0000,698.0000,1129.5718,1918.0000,2253.0000,2289.3530,2510.0000,1386.5986,851.8196
2022-06-07,51,-9999.0000,-9999.0000,-9999.0000,-9999.0000,-9999.0000,-9999.0000,-9999.0000,-9999.0000,-9999.0000,-9999.0000,-9999.0000
2022-06-07,51,-9999.0000,-9999.0000,-9999.0000,-9999.0000,-9999.0000,-9999.0000,-9999.0000,-9999.0000,-9999.0000,-9999.0000,-9999.0000
2022-06-12,51,217.0000,376.0000,554.2507,688.6419,1046.0000,1389.2562,1593.5331,1731.8956,1820.1340,1491.1103,1035.7201
2022-06-12,51,298.0000,428.0000,590.3953,708.5141,1050.9918,1402.2937,1611.2060,1738.1284,1827.9508,1490.1830,1035.3962
2022-06-14,51,328.0000,454.1086,716.4790,960.6169,1364.3622,1698.3756,1893.5475,2033.5022,2211.9953,1915.5967,1276.6809
2022-06-14,51,458.0000,552.0000,782.3511,980.0000,1358.0000,1698.6491,1882.3897,2027.3508,2170.5509,1890.0000,1266.2503
2022-06-17,51,793.0000,890.0000,1084.0000,1270.0000,1596.0000,1876.6997,2065.4719,2170.5209,2322.9398,2113.0299,1497.6915
2022-06-19,51,443.0000,630.0000,826.2221,1124.6938,1437.0000,1658.3823,1883.7894,2011.8621,2179.9695,2286.3283,1581.0658
2022-06-19,51,514.0000,688.0000,862.3311,1128.0000,1428.0467,1658.9773,1899.7461,1994.3899,2162.8460,2266.5729,1569.2905
2022-06-24,51,477.0000,672.1583,970.4572,1464.0000,1777.0000,2003.9660,2211.1752,2371.6512,2578.4395,2738.0284,1768.6966
2022-06-24,51,456.0000,662.0000,968.0403,1478.0000,1797.3465,2020.1033,2228.1713,2385.7485,2593.1162,2752.7095,1778.7186
2022-06-27,51,301.0000,606.5683,956.3131,1390.0000,1670.4735,1906.9629,2124.1781,2228.0734,2452.7282,2529.1508,1654.3009
2022-06-27,51,542.0000,756.0000,1038.0000,1366.0000,1628.6765,1881.3956,2092.6575,2171.1710,2370.4000,2445.1002,1634.3326
2022-06-29,51,-9999.0000,-9999.0000,-9999.0000,-9999.0000,-9999.0000,-9999.0000,-9999.0000,-9999.0000,-9999.0000,-9999.0000,-9999.0000
2022-06-29,51,-9999.0000,-9999.0000,-9999.0000,-9999.0000,-9999.0000,-9999.0000,-9999.0000,-9999.0000,-9999.0000,-9999.0000,-9999.0000
2022-07-02,51,436.0000,808.3190,1182.0000,1837.4928,2204.6360,2470.6892,2810.4326,3052.9954,3349.0000,3955.0000,2489.7411
2022-07-02,51,520.0000,844.0000,1194.0000,1814.0000,2194.0089,2444.0000,2782.3707,3021.3539,3312.3872,3921.3020,2481.0000
2022-07-04,51,646.7495,968.2569,1410.0000,2113.1874,2517.0000,2805.0021,3118.0000,3360.0000,3681.0425,4281.0618,2628.0000
2022-07-04,51,771.0000,1018.2135,1394.0000,2004.9891,2390.4618,2690.0588,2993.1357,3228.0000,3529.2156,4168.9670,2593.0000
2022-07-07,51,-9999.0000,-9999.0000,-9999.0000,-9999.0000,-9999.0000,-9999.0000,-9999.0000,-9999.0000,-9999.0000,-9999.0000,-9999.0000
2022-07-07,51,-9999.0000,-9999.0000,-9999.0000,-9999.0000,-9999.0000,-9999.0000,-9999.0000,-9999.0000,-9999.0000,-9999.0000,-9999.0000
2022-07-09,51,979.0000,1246.0000,1629.6667,2081.0980,2420.8733,2665.0106,2932.9941,3200.0000,3289.3671,3753.5053,2613.0807
2022-07-09,51,998.0000,1242.0000,1588.0000,2001.3333,2325.5646,2582.3957,2854.4250,3116.0000,3231.0000,3694.0314,2570.7325
2022-07-12,51,442.0000,818.1509,1172.0000,1841.2732,2185.5200,2412.0000,2741.4016,2937.5539,3218.0000,4009.3586,2569.6997
2022-07-12,51,542.0000,866.2215,1186.0000,1793.4973,2137.9343,2373.5992,2697.1396,2877.5193,3158.2390,3952.4300,2549.5113
2022-07-14,51,-9999.0000,-9999.0000,-9999.0000,-9999.0000,-9999.0000,-9999.0000,-9999.0000,-9999.0000,-9999.0000,-9999.0000,-9999.0000
2022-07-14,51,-9999.0000,-9999.0000,-9999.0000,-9999.0000,-9999.0000,-9999.0000,-9999.0000,-9999.0000,-9999.0000,-9999.0000,-9999.0000
2022-07-17,51,524.0000,803.0000,1164.0000,1778.0000,2141.7609,2386.6480,2673.0000,2854.0381,3158.0000,4041.2440,2476.9626
2022-07-17,51,623.0000,854.0000,1180.0000,1741.4215,2097.0280,2345.6732,2629.1731,2800.0000,3085.4032,3988.6827,2456.7197
2022-07-19,51,552.0000,924.1966,1310.0000,2012.6924,2369.9633,2585.6672,2917.0000,3168.0000,3413.0332,4394.5826,2794.0000
2022-07-19,51,666.0000,974.0000,1302.0000,1893.5831,2244.0000,2497.5549,2825.0738,3040.9025,3281.9327,4269.1516,2752.5507
2022-07-22,51,655.0000,933.0000,1214.0000,1765.2865,2095.0000,2321.5318,2629.3869,2821.6281,3077.2447,4052.8213,2577.6551
2022-07-22,51,677.0000,942.0000,1218.0000,1772.7338,2096.3762,2321.2831,2642.4182,2829.2047,3098.5479,4057.9671,2575.0000
2022-07-24,51,1518.0000,1509.5234,1862.0000,2492.6667,2930.0000,3291.1623,3658.9409,3808.0000,4295.0000,5347.4311,3300.0000
2022-07-24,51,1459.0000,1501.4162,1804.0000,2376.0000,2806.0000,3124.0000,3492.4528,3608.0000,4098.0000,5249.0000,3232.0000
2022-07-27,51,-9999.0000,-9999.0000,-9999.0000,-9999.0000,-9999.0000,-9999.0000,-9999.0000,-9999.0000,-9999.0000,-9999.0000,-9999.0000
2022-07-29,51,541.0000,896.4356,1238.0000,1869.3419,2249.9961,2437.8996,2781.2559,2952.7590,3241.9056,4332.3504,2786.3715
2022-07-29,51,622.0000,926.0000,1236.0000,1816.0000,2177.0000,2401.5000,2717.0000,2889.4729,3170.4618,4265.4979,2752.3907
2022-08-01,51,428.0000,661.0000,862.0000,1216.0000,1440.6430,1603.1429,1788.1284,1890.6466,2043.9124,3441.5133,2522.0124
2022-08-01,51,480.0000,692.0000,881.0000,1220.0000,1444.0000,1613.6849,1803.7375,1899.5991,2053.0434,3434.5318,2517.3245
2022-08-03,51,523.0000,690.0000,930.0000,1338.0000,1592.6653,1786.6255,1963.2410,2081.5033,2259.0030,3849.6673,2656.9729
2022-08-03,51,562.0000,714.0000,943.0000,1334.0000,1586.2381,1789.4447,1960.5371,2075.1695,2257.8272,3834.0000,2653.7097
2022-08-06,51,-9999.0000,-9999.0000,-9999.0000,-9999.0000,-9999.0000,-9999.0000,-9999.0000,-9999.0000,-9999.0000,-9999.0000,-9999.0000
2022-08-06,51,-9999.0000,-9999.0000,-9999.0000,-9999.0000,-9999.0000,-9999.0000,-9999.0000,-9999.0000,-9999.0000,-9999.0000,-9999.0000
2022-08-08,51,582.0000,826.0000,1024.0000,1434.0000,1722.7164,1892.0119,2147.6745,2251.3593,2475.2994,4221.9256,2988.8558
2022-08-08,51,607.0000,835.0000,1028.0000,1444.0000,1726.0000,1899.5325,2156.1913,2266.7711,2492.2233,4230.4317,2997.4364
2022-08-11,51,434.0000,672.0000,872.0000,1294.0000,1524.6616,1709.5233,1923.0354,2100.5370,2234.7418,3704.5909,2549.5076
2022-08-11,51,521.0000,726.0000,907.0000,1288.0000,1514.1654,1717.4836,1922.7656,2098.2243,2228.1182,3665.8801,2537.8915
2022-08-16,51,433.0000,620.0000,834.0000,1228.0000,1492.0000,1692.9798,1893.2860,1993.6365,2211.8197,3584.8970,2373.0307
2022-08-16,51,485.0000,654.0000,858.0000,1236.0000,1489.0000,1690.1632,1881.2954,1989.7089,2209.4393,3556.9204,2362.6481
2022-08-21,51,390.0000,589.0000,750.0000,1010.0000,1226.0000,1419.0513,1602.4605,1691.8143,1826.2995,3297.7987,2477.6955
2022-08-21,51,423.0000,606.0000,754.0000,1010.1933,1232.8733,1427.2790,1611.9429,1699.7089,1844.9218,3303.0000,2473.0571
2022-08-23,51,-9999.0000,-9999.0000,-9999.0000,-9999.0000,-9999.0000,-9999.0000,-9999.0000,-9999.0000,-9999.0000,-9999.0000,-9999.0000
2022-08-23,51,-9999.0000,-9999.0000,-9999.0000,-9999.0000,-9999.0000,-9999.0000,-9999.0000,-9999.0000,-9999.0000,-9999.0000,-9999.0000
2022-08-26,51,480.0000,603.0000,760.2369,1000.0000,1240.3606,1497.3340,1674.8610,1738.8009,1925.0000,3380.8627,2361.6476
2022-08-26,51,536.0000,640.0000,784.0000,1008.2125,1247.0000,1504.5357,1683.1663,1746.8341,1931.5641,3373.0000,2357.6715
2022-08-28,51,929.0000,915.7967,1090.7844,1353.9681,1674.7658,2187.7481,2569.9578,2539.9972,2852.3031,3745.0000,2561.0000
2022-08-28,51,939.0000,938.4798,1115.7488,1377.6503,1688.0000,2176.0000,2534.0000,2499.6482,2801.0477,3719.0000,2534.0000
2022-08-31,51,-9999.0000,-9999.0000,-9999.0000,-9999.0000,-9999.0000,-9999.0000,-9999.0000,-9999.0000,-9999.0000,-9999.0000,-9999.0000
2022-08-31,51,-9999.0000,-9999.0000,-9999.0000,-9999.0000,-9999.0000,-9999.0000,-9999.0000,-9999.0000,-9999.0000,-9999.0000,-9999.0000
2022-09-02,51,1868.0000,1056.0000,1180.0000,1388.0000,1936.0000,2672.0000,2904.0000,2774.0000,3095.0000,3006.0000,2180.0000
2022-09-02,51,2043.0000,1098.0000,1248.2514,1464.7711,1960.0000,2620.0000,2840.0000,2688.6688,3022.0000,2942.0000,2104.0000
2022-09-05,51,-9999.0000,-9999.0000,-9999.0000,-9999.0000,-9999.0000,-9999.0000,-9999.0000,-9999.0000,-9999.0000,-9999.0000,-9999.0000
2022-09-07,51,-9999.0000,-9999.0000,-9999.0000,-9999.0000,-9999.0000,-9999.0000,-9999.0000,-9999.0000,-9999.0000,-9999.0000,-9999.0000
2022-09-07,51,-9999.0000,-9999.0000,-9999.0000,-9999.0000,-9999.0000,-9999.0000,-9999.0000,-9999.0000,-9999.0000,-9999.0000,-9999.0000
2022-09-10,51,349.0000,516.0000,680.0000,768.0000,1085.0000,1581.0000,1771.0296,1843.0467,1970.9728,2924.4995,2065.0000
2022-09-10,51,399.0000,552.0000,702.0000,780.3288,1092.0000,1581.0000,1778.1782,1844.7144,1990.0978,2913.0000,2037.4616
2022-09-12,51,504.0000,574.0873,776.4940,825.7954,1195.0000,1910.0000,2075.8989,2161.3012,2325.0311,3002.0973,1995.0000
2022-09-12,51,553.0000,614.2500,802.5207,837.0870,1198.0000,1907.7079,2102.0000,2157.0637,2323.0000,2980.7087,1989.6435
2022-09-15,51,437.0000,532.1794,742.0000,742.0000,1141.3897,1942.0000,2180.9398,2198.0000,2400.4905,2892.0000,1832.0000
2022-09-15,51,439.0000,526.2132,734.1715,732.5230,1136.0000,1959.0000,2196.1156,2180.1007,2434.0000,2892.0000,1853.5000
2022-09-20,51,251.0000,414.0000,666.2219,560.0000,1076.0000,2192.6360,2472.0000,2659.5934,2672.0000,2525.2208,1603.0000
2022-09-20,51,315.0000,458.0000,692.4285,574.2862,1075.0000,2194.8909,2474.6277,2667.5972,2645.0000,2521.0000,1581.0000
2022-09-22,51,390.0000,468.2268,772.6428,609.2878,1216.9299,2500.0000,2802.4543,2935.6062,2978.8916,2660.0000,1563.0000
2022-09-22,51,464.0000,522.0000,802.0000,634.0000,1222.0000,2490.5713,2754.9022,2921.4097,2987.0000,2660.0000,1562.9832
2022-09-27,51,-9999.0000,-9999.0000,-9999.0000,-9999.0000,-9999.0000,-9999.0000,-9999.0000,-9999.0000,-9999.0000,-9999.0000,-9999.0000
2022-09-27,51,-9999.0000,-9999.0000,-9999.0000,-9999.0000,-9999.0000,-9999.0000,-9999.0000,-9999.0000,-9999.0000,-9999.0000,-9999.0000
2022-10-02,51,743.0000,766.2010,1133.2110,713.2911,1637.1153,3921.1501,4287.0000,4295.3520,4481.0000,2854.0000,1435.0605
2022-10-02,51,-9999.0000,-9999.0000,-9999.0000,-9999.0000,-9999.0000,-9999.0000,-9999.0000,-9999.0000,-9999.0000,-9999.0000,-9999.0000
2022-10-05,51,1300.0000,1086.0000,1426.0000,1072.3511,1940.5118,3561.1109,3939.5425,3958.7314,4119.0000,2800.7197,1825.0000
2022-10-05,51,1118.0000,921.2328,1237.8854,829.3826,1656.0000,3612.0000,4001.0000,4004.0882,4190.0000,2453.9604,1371.8102
2022-10-07,51,440.0000,564.1067,888.0000,554.0000,1321.7195,3187.3840,3578.0000,3685.4490,3721.7038,2241.0000,1189.0524
2022-10-07,51,492.0000,598.0000,906.2275,572.4395,1320.0000,3133.0000,3548.2612,3667.6245,3689.0450,2240.7828,1190.5814
2022-10-10,51,-9999.0000,-9999.0000,-9999.0000,-9999.0000,-9999.0000,-9999.0000,-9999.0000,-9999.0000,-9999.0000,-9999.0000,-9999.0000
2022-10-10,51,-9999.0000,-9999.0000,-9999.0000,-9999.0000,-9999.0000,-9999.0000,-9999.0000,-9999.0000,-9999.0000,-9999.0000,-9999.0000
2022-10-12,51,-9999.0000,-9999.0000,-9999.0000,-9999.0000,-9999.0000,-9999.0000,-9999.0000,-9999.0000,-9999.0000,-9999.0000,-9999.0000
2022-10-15,51,0.0000,97.0396,442.2315,209.4118,889.7861,2414.2447,2697.0000,2630.8138,2768.0000,1340.2072,627.8256
2022-10-15,51,194.7892,270.5988,560.1606,305.3795,928.2630,2331.3711,2563.4858,2522.1295,2644.3333,1325.2772,625.7759
2022-10-17,51,779.0000,1050.0000,1236.0000,864.1970,1554.9923,3248.0000,3717.7744,3777.2131,3868.9698,2188.9545,1203.3514
2022-10-17,51,939.0000,1158.0000,1296.0000,914.2707,1574.0000,3190.0000,3635.1595,3713.8745,3794.3557,2184.4626,1189.8644
2022-10-20,51,152.0000,386.0000,762.3423,480.5586,1294.5591,3250.0000,3747.0000,3802.1926,3940.5318,2065.1095,1098.9766
2022-10-20,51,597.0000,702.0000,948.0000,656.2905,1328.2652,2939.1777,3381.0667,3463.3634,3548.7130,2001.4891,1096.9264
2022-10-25,51,-9999.0000,-9999.0000,-9999.0000,-9999.0000,-9999.0000,-9999.0000,-9999.0000,-9999.0000,-9999.0000,-9999.0000,-9999.0000
2022-10-25,51,-9999.0000,-9999.0000,-9999.0000,-9999.0000,-9999.0000,-9999.0000,-9999.0000,-9999.0000,-9999.0000,-9999.0000,-9999.0000
2022-10-27,51,232.2505,446.0000,752.8191,454.4500,1185.0000,3188.0140,3718.9643,3796.6364,3889.8053,1978.2632,1006.9485
2022-10-27,51,451.0000,567.0000,826.0000,524.1350,1218.4539,3099.0123,3623.9771,3730.6004,3793.1125,1956.4990,1001.0000
2022-10-30,51,272.0000,459.0000,736.1215,474.6266,1154.4988,2948.9108,3458.0000,3526.7167,3594.3806,1810.0000,940.3003
2022-10-30,51,360.0000,516.0000,764.0000,494.3222,1160.0000,2906.4405,3427.3592,3443.1586,3571.4433,1782.0000,938.8203
2022-11-04,51,0.0000,0.0000,60.0000,18.0000,221.0000,750.4896,882.8547,878.2215,925.3555,320.0000,158.0000
2022-11-04,51,0.0000,0.0000,62.0000,14.0000,218.0000,758.7520,877.7055,876.9733,920.4363,320.0000,161.0000
2022-11-06,51,205.0000,374.4210,662.0000,356.2265,1080.1718,3113.9850,3609.8184,3795.5260,3823.0000,1848.3005,905.0664
2022-11-06,51,227.0000,386.6072,668.1997,360.8872,1084.0000,3093.0000,3600.0000,3800.3099,3800.9275,1866.0000,906.7092
2022-11-21,51,316.0000,306.0000,422.0000,280.0000,539.0000,1173.0000,1253.8506,1324.0000,1318.0000,544.0000,270.0000
2022-11-21,51,444.0000,414.0000,490.0000,340.0000,585.0000,1185.5098,1276.6070,1324.0000,1325.0000,551.0000,282.0000
2022-11-24,51,124.0000,245.0000,520.1553,334.5320,970.3739,2554.4443,2939.0149,3127.9096,3180.0000,1557.2189,756.6355
2022-11-24,51,178.6606,278.0000,536.3740,338.4009,970.4344,2547.1479,2917.9625,3092.4127,3145.0000,1545.0890,754.2851
2022-11-26,51,-9999.0000,-9999.0000,-9999.0000,-9999.0000,-9999.0000,-9999.0000,-9999.0000,-9999.0000,-9999.0000,-9999.0000,-9999.0000
2022-11-26,51,-9999.0000,-9999.0000,-9999.0000,-9999.0000,-9999.0000,-9999.0000,-9999.0000,-9999.0000,-9999.0000,-9999.0000,-9999.0000
2022-12-01,51,2036.5070,1820.0000,1942.0000,1801.6444,2393.2635,3373.3260,3590.0000,3787.9535,3796.5484,2605.9476,1945.2855
2022-12-06,51,-9999.0000,-9999.0000,-9999.0000,-9999.0000,-9999.0000,-9999.0000,-9999.0000,-9999.0000,-9999.0000,-9999.0000,-9999.0000
2023-01-10,51,221.0000,300.0000,510.5723,448.3976,897.9019,1696.0000,1900.0381,2122.8479,2133.0100,1505.2013,829.2201
2023-01-10,51,252.0000,320.0000,520.3478,452.6195,910.0000,1723.0000,1924.6496,2132.1816,2150.0000,1522.0000,836.0000
2023-01-20,51,-9999.0000,-9999.0000,-9999.0000,-9999.0000,-9999.0000,-9999.0000,-9999.0000,-9999.0000,-9999.0000,-9999.0000,-9999.0000
2023-01-20,51,-9999.0000,-9999.0000,-9999.0000,-9999.0000,-9999.0000,-9999.0000,-9999.0000,-9999.0000,-9999.0000,-9999.0000,-9999.0000
2023-01-25,51,328.0000,489.0000,636.2733,584.4682,1030.0857,1697.0000,1930.0000,2147.0000,2130.0000,2130.4759,1356.2621
2023-01-25,51,354.0000,504.0000,642.1088,590.0000,1033.5523,1699.0000,1930.0000,2139.3565,2144.0000,2124.4171,1358.0000
2023-01-28,51,-9999.0000,-9999.0000,-9999.0000,-9999.0000,-9999.0000,-9999.0000,-9999.0000,-9999.0000,-9999.0000,-9999.0000,-9999.0000
2023-01-28,51,649.0000,705.0000,725.0000,580.0000,806.0000,1252.0000,1343.0000,1522.0000,1436.0000,812.0000,566.0000
2023-01-30,51,-9999.0000,-9999.0000,-9999.0000,-9999.0000,-9999.0000,-9999.0000,-9999.0000,-9999.0000,-9999.0000,-9999.0000,-9999.0000
2023-01-30,51,-9999.0000,-9999.0000,-9999.0000,-9999.0000,-9999.0000,-9999.0000,-9999.0000,-9999.0000,-9999.0000,-9999.0000,-9999.0000
2023-02-02,51,823.0000,884.0000,1044.0000,1036.0000,1469.0000,2044.0000,2200.7467,2379.5675,2411.6002,2042.0000,1189.8322
2023-02-02,51,640.0000,682.3051,888.0947,914.3133,1420.0000,2050.2622,2227.0000,2411.3244,2456.0000,2072.4684,1200.0000
2023-02-04,51,-9999.0000,-9999.0000,-9999.0000,-9999.0000,-9999.0000,-9999.0000,-9999.0000,-9999.0000,-9999.0000,-9999.0000,-9999.0000
2023-02-04,51,-9999.0000,-9999.0000,-9999.0000,-9999.0000,-9999.0000,-9999.0000,-9999.0000,-9999.0000,-9999.0000,-9999.0000,-9999.0000
2023-02-07,51,277.0000,439.0000,586.1625,618.0000,1001.3295,1581.3868,1763.4985,2044.7775,1992.0000,2101.4021,1406.2533
2023-02-07,51,312.9660,432.6250,576.5443,606.3166,1017.5587,1593.0000,1777.0000,2066.4271,2012.6831,2098.0956,1413.5367
2023-02-09,51,496.4737,558.2055,718.0893,773.5493,1137.3195,1672.0000,1844.5325,2090.0000,2092.4646,2426.0610,1565.5009
2023-02-09,51,550.0000,580.1471,730.2563,780.6935,1147.0000,1684.3979,1846.0000,2107.1721,2106.4884,2424.5338,1574.0000
2023-02-12,51,310.0175,422.5402,612.2168,716.0962,1166.0000,1675.8088,1900.0000,2084.0000,2177.0000,2505.5856,1578.2786
2023-02-12,51,292.0000,392.6047,580.1816,696.1874,1153.9231,1682.0000,1917.1479,2115.3930,2217.0000,2526.3840,1581.2815
2023-02-14,51,267.0000,464.3104,616.0000,760.0000,1179.0000,1677.0948,1892.0925,2138.5685,2159.0000,2550.6218,1654.0419
2023-02-14,51,523.0000,648.0000,744.4091,832.4990,1213.9495,1659.1598,1857.4765,2091.2011,2117.2568,2488.0000,1636.9778
2023-02-17,51,-9999.0000,-9999.0000,-9999.0000,-9999.0000,-9999.0000,-9999.0000,-9999.0000,-9999.0000,-9999.0000,-9999.0000,-9999.0000
2023-02-27,51,-9999.0000,-9999.0000,-9999.0000,-9999.0000,-9999.0000,-9999.0000,-9999.0000,-9999.0000,-9999.0000,-9999.0000,-9999.0000
2023-02-27,51,-9999.0000,-9999.0000,-9999.0000,-9999.0000,-9999.0000,-9999.0000,-9999.0000,-9999.0000,-9999.0000,-9999.0000,-9999.0000
2023-03-09,51,872.0000,1013.5474,1201.1573,1380.7920,1834.0000,2389.8499,2644.4178,2820.0199,2920.0000,3285.8094,2324.0000
2023-03-09,51,583.0000,845.3375,1081.0383,1284.0000,1770.4942,2385.0000,2642.7203,2824.0000,2964.5789,3350.4454,2338.5472
2023-03-11,51,684.0000,806.0000,1050.0000,1240.0000,1754.6901,2421.9050,2632.4975,2789.2444,2933.4857,3167.0000,2091.0000
2023-03-11,51,715.0000,833.0000,1078.0000,1248.0000,1756.6302,2412.9179,2612.9401,2785.1150,2917.0000,3162.0000,2091.0000
2023-03-16,51,464.0000,688.1698,920.2769,1072.0000,1578.0000,2273.4838,2520.0000,2787.4159,2754.0000,3009.0055,2070.0000
2023-03-16,51,505.0000,714.1491,939.0000,1084.0000,1582.5209,2278.1238,2510.0000,2786.5000,2758.0158,3010.1506,2065.0000
2023-03-21,51,523.0000,630.6503,915.0000,1034.0000,1632.0000,2435.9992,2646.0000,2778.5614,2898.4530,3038.0000,2004.0000
2023-03-21,51,589.0000,676.0000,938.0000,1038.0000,1619.0000,2397.5318,2600.0000,2754.8152,2861.3819,3005.0000,1993.4620
2023-03-29,51,505.0000,702.1892,966.0000,1009.9473,1650.0000,2524.4039,2811.0000,3002.3391,3072.4798,2795.0000,1889.7321
2023-03-29,51,547.0000,734.3455,986.2836,1022.2515,1661.0000,2545.2895,2820.7380,3018.8142,3061.3835,2801.0000,1899.3062
2023-04-03,51,329.0000,486.3006,808.0000,829.1308,1481.0000,2448.3809,2681.0000,2967.0000,2954.9852,2571.0000,1669.1661
2023-04-03,51,411.0000,540.0000,838.0000,844.8860,1485.0000,2442.3510,2687.0000,2947.0806,2940.0650,2572.0000,1679.0000
2023-04-05,51,557.0000,718.2626,993.0000,992.2793,1661.0000,2646.5883,2939.8958,3273.9063,3188.0000,2718.0067,1796.0000
2023-04-05,51,624.0000,774.2105,1024.0000,1012.9308,1644.6729,2629.7507,2921.8152,3240.3236,3154.6615,2705.6778,1804.0000
2023-04-05,51,565.0000,738.5159,1030.0000,1037.1307,1714.0000,2780.0000,3058.0000,3400.0000,3299.5197,2756.0000,1816.0849
2023-04-05,51,584.0000,744.2750,1020.3066,1012.8427,1677.0000,2706.9570,2995.9149,3321.3553,3235.4922,2722.0000,1796.0000
2023-04-08,51,1901.0000,1882.0000,1986.0000,1846.0000,2519.0000,3388.0000,3643.0000,3792.0000,3799.0000,2634.4420,1899.0000
2023-04-08,51,1322.0000,1440.0000,1656.0000,1588.0000,2195.0000,3057.5306,3357.0220,3576.0000,3560.0000,2597.8889,1874.2307
2023-04-10,51,453.0000,570.5067,886.0000,924.5876,1632.4819,2732.0000,3001.2500,3264.0000,3291.2199,2757.1831,1749.0000
2023-04-10,51,513.0000,612.0000,904.0799,937.3333,1626.4322,2674.0000,2963.0089,3226.2125,3252.6069,2742.4339,1741.0000
2023-04-15,51,1674.0000,1794.0000,1894.0000,1740.0000,2239.0000,3068.0000,3337.0000,3500.0000,3458.0000,1968.0000,1416.0000
2023-04-18,51,699.0000,972.7465,1209.0253,1108.6926,1734.6194,2788.0000,3132.0000,3299.4876,3356.8298,2513.3129,1652.9211
2023-04-18,51,743.0000,996.5327,1217.3275,1113.8233,1721.5328,2760.0000,3107.9393,3250.0530,3332.7884,2501.2402,1646.5421
2023-04-23,51,-9999.0000,-9999.0000,-9999.0000,-9999.0000,-9999.0000,-9999.0000,-9999.0000,-9999.0000,-9999.0000,-9999.0000,-9999.0000
2023-04-23,51,-9999.0000,-9999.0000,-9999.0000,-9999.0000,-9999.0000,-9999.0000,-9999.0000,-9999.0000,-9999.0000,-9999.0000,-9999.0000
2023-04-30,51,-9999.0000,-9999.0000,-9999.0000,-9999.0000,-9999.0000,-9999.0000,-9999.0000,-9999.0000,-9999.0000,-9999.0000,-9999.0000
2023-04-30,51,-9999.0000,-9999.0000,-9999.0000,-9999.0000,-9999.0000,-9999.0000,-9999.0000,-9999.0000,-9999.0000,-9999.0000,-9999.0000
2023-05-05,51,332.0000,506.0000,812.5000,713.7580,1433.0000,2937.4326,3340.7241,3477.7991,3550.0000,2371.5293,1473.0000
2023-05-05,51,440.0000,592.4930,866.1815,741.8150,1420.5176,2866.9389,3266.3487,3382.1875,3463.0000,2339.6338,1471.0000
2023-05-13,51,-9999.0000,-9999.0000,-9999.0000,-9999.0000,-9999.0000,-9999.0000,-9999.0000,-9999.0000,-9999.0000,-9999.0000,-9999.0000
2023-05-13,51,-9999.0000,-9999.0000,-9999.0000,-9999.0000,-9999.0000,-9999.0000,-9999.0000,-9999.0000,-9999.0000,-9999.0000,-9999.0000
2023-05-15,51,398.0000,532.2189,828.0000,641.1422,1374.2562,2921.7792,3349.3652,3480.7538,3573.5937,2137.4452,1265.0000
2023-05-15,51,411.0000,544.1667,838.2448,646.2133,1368.3586,2927.0000,3358.1258,3477.4932,3580.9518,2140.0000,1281.0000
2023-05-18,51,-9999.0000,-9999.0000,-9999.0000,-9999.0000,-9999.0000,-9999.0000,-9999.0000,-9999.0000,-9999.0000,-9999.0000,-9999.0000
2023-05-18,51,-9999.0000,-9999.0000,-9999.0000,-9999.0000,-9999.0000,-9999.0000,-9999.0000,-9999.0000,-9999.0000,-9999.0000,-9999.0000
2023-05-23,51,247.0000,376.2904,738.0000,593.0217,1320.1102,2936.0000,3380.3812,3478.4512,3628.0144,2154.0000,1258.5552
2023-05-23,51,334.0000,436.2297,772.0941,613.6984,1325.4404,2940.9823,3394.0000,3447.6930,3637.5630,2144.6640,1257.5261
2023-05-25,51,270.0000,462.1979,798.7716,632.9117,1417.1463,3192.0000,3733.7421,3832.8715,3954.3044,2365.9335,1390.0000
2023-05-25,51,437.0000,564.0798,852.2273,678.1385,1398.5020,3037.2677,3564.0000,3670.8191,3781.1234,2316.0000,1383.0000
2023-05-28,51,-9999.0000,-9999.0000,-9999.0000,-9999.0000,-9999.0000,-9999.0000,-9999.0000,-9999.0000,-9999.0000,-9999.0000,-9999.0000
2023-05-28,51,-9999.0000,-9999.0000,-9999.0000,-9999.0000,-9999.0000,-9999.0000,-9999.0000,-9999.0000,-9999.0000,-9999.0000,-9999.0000
2023-05-30,51,1048.0000,897.4257,1314.0000,1084.7779,1921.4988,3962.6207,4442.9529,4645.2884,4689.0000,2549.1036,1512.5882
2023-05-30,51,1052.0000,937.4255,1338.0000,1097.5349,1913.3053,3932.1686,4403.0000,4567.9042,4672.5473,2541.5931,1518.5442
2023-06-02,51,255.0000,329.7878,709.3635,592.8191,1388.0000,3130.2714,3566.0000,3669.5613,3923.5356,2380.5303,1324.2540
2023-06-02,51,335.0000,389.6827,740.8712,616.0174,1388.7713,3043.4204,3544.0000,3618.7298,3860.5079,2347.6877,1324.9961
2023-06-04,51,489.0000,738.6094,1010.1828,868.1366,1486.0000,2639.0000,3100.0000,3060.0000,3237.0269,1932.1667,1190.0470
2023-06-04,51,577.0000,788.1608,1027.1550,889.7878,1488.4361,2649.3907,3048.0000,3031.1084,3205.5240,1920.3066,1186.9590
2023-06-07,51,205.0000,284.5440,648.4805,515.8182,1285.0064,2934.0000,3453.0000,3621.0256,3724.0934,2161.0000,1264.0000
2023-06-07,51,341.0000,440.5493,737.4375,588.1379,1277.0173,2865.6649,3354.6665,3443.3661,3612.0511,2126.0434,1259.2540
2023-06-09,51,627.0000,596.1959,950.5644,765.4078,1541.5561,3294.1254,3720.0000,3813.2774,4004.0000,2556.5205,1435.7087
2023-06-09,51,698.0000,702.1901,1004.5163,809.4693,1544.6349,3244.4777,3666.3547,3685.8754,3963.5155,2549.5385,1457.0000
2023-06-12,51,263.0000,226.2481,633.5990,523.4265,1293.0938,3029.3779,3483.7836,3608.1140,3732.9777,2308.0089,1339.3234
2023-06-12,51,346.5936,325.4066,701.2839,578.5011,1306.9412,2963.3248,3381.0000,3524.3829,3652.7434,2291.4697,1332.2874
2023-06-14,51,1280.0000,1328.0000,1722.0000,1698.0000,2238.0000,2949.0000,3293.0000,3572.0000,3576.0000,2813.0000,1988.0000
2023-06-14,51,-9999.0000,-9999.0000,-9999.0000,-9999.0000,-9999.0000,-9999.0000,-9999.0000,-9999.0000,-9999.0000,-9999.0000,-9999.0000
2023-06-17,51,681.0000,916.8679,1224.7864,1602.2618,2115.9964,2579.0000,2900.8949,3219.9824,3404.0000,3814.0707,2586.9338
2023-06-17,51,730.1812,953.0000,1249.3329,1587.1793,2082.5638,2524.0000,2860.5076,3162.2197,3339.0000,3779.1301,2587.7965
2023-06-19,51,1003.0000,1300.0662,1650.3675,2123.8222,2459.8676,2590.2812,2764.9533,2883.0370,3133.0000,4108.1326,3331.2290
2023-06-19,51,1060.0000,1290.8819,1594.5826,1979.2460,2323.6418,2484.9061,2660.6419,2750.0000,3001.0448,3987.0910,3288.9027
2023-06-22,51,-9999.0000,-9999.0000,-9999.0000,-9999.0000,-9999.0000,-9999.0000,-9999.0000,-9999.0000,-9999.0000,-9999.0000,-9999.0000
2023-06-24,51,947.0000,1275.1692,1612.8419,2043.6530,2427.4947,2640.0000,2872.3180,2978.0000,3158.0510,4203.8153,3545.8135
2023-06-24,51,965.0000,1291.9709,1626.2740,2058.7560,2428.1892,2645.0000,2881.9024,2989.3840,3160.3192,4204.6582,3533.7766
2023-06-27,51,852.0000,1211.5845,1571.5591,2034.4418,2405.0920,2748.7361,3033.6208,3153.9825,3375.0000,4172.7743,3338.4645
2023-06-27,51,902.0000,1225.9826,1571.2144,2003.0141,2387.4171,2733.6506,3021.4755,3138.1429,3333.8952,4139.4192,3312.6571
2023-06-29,51,821.7007,1064.3333,1492.4423,1891.3419,2314.0719,2809.0541,2996.9402,3144.5372,3277.0000,3995.0000,3167.0000
2023-06-29,51,882.0000,1065.2757,1445.1493,1787.4549,2205.1322,2705.4551,2893.3583,3018.6784,3169.4980,3892.1433,3124.9971
2023-07-02,51,446.0000,640.4688,1004.4671,1204.9906,1722.0000,2373.3320,2572.2763,2577.4931,2819.8441,3030.0000,2212.0735
2023-07-02,51,684.0000,782.7442,1052.0000,1164.5891,1632.4635,2249.0000,2449.9908,2451.4509,2657.8568,2918.3821,2155.9425
2023-07-04,51,701.0000,907.2844,1307.8942,1394.3601,1995.5313,2920.0000,3213.5713,3234.9082,3392.2981,3482.2275,2693.1117
2023-07-04,51,728.0000,936.8295,1277.1791,1354.5000,1931.7993,2800.5950,3089.2702,3120.0000,3281.2750,3394.7217,2647.0000
2023-07-07,51,653.0000,836.8925,1195.2559,1171.0000,1755.0000,2875.0000,3162.4487,3256.0000,3351.0000,3105.1093,2371.2483
2023-07-07,51,710.0000,869.2394,1209.0482,1171.5459,1732.0167,2846.8363,3141.2429,3228.0000,3320.1012,3093.5358,2355.7566
2023-07-09,51,803.0000,929.4950,1355.0305,1347.9055,2038.0000,3230.6695,3494.4748,3538.0099,3741.6547,3548.1274,2555.0181
2023-07-09,51,869.0000,957.6526,1346.3949,1315.2202,1963.9905,3120.0000,3380.0000,3419.0388,3635.0000,3475.5433,2533.0000
2023-07-12,51,-9999.0000,-9999.0000,-9999.0000,-9999.0000,-9999.0000,-9999.0000,-9999.0000,-9999.0000,-9999.0000,-9999.0000,-9999.0000
2023-07-14,51,741.4772,1004.8264,1400.0000,1418.0132,2034.4874,3115.1551,3482.0000,3562.0538,3730.5681,3621.0000,2626.2008
2023-07-14,51,810.0000,1028.3527,1390.0000,1387.4493,1984.0000,3010.8392,3387.0090,3464.0000,3618.7200,3557.5607,2628.6661
2023-07-17,51,565.0000,780.0000,1161.6547,1172.4896,1763.0000,2829.5075,3194.2910,3245.1379,3435.4016,3212.0000,2297.0000
2023-07-17,51,646.8369,833.2358,1164.9921,1154.2766,1700.0000,2732.8623,3083.4208,3122.6526,3316.6861,3140.7529,2276.0000
2023-07-19,51,-9999.0000,-9999.0000,-9999.0000,-9999.0000,-9999.0000,-9999.0000,-9999.0000,-9999.0000,-9999.0000,-9999.0000,-9999.0000
2023-07-22,51,1398.0000,1140.0000,1484.0000,1236.0000,2076.0000,3534.0000,4035.0000,4372.0000,4450.0000,3320.0000,1979.0000
2023-07-22,51,1603.0000,1172.0000,1538.0000,1208.0000,2014.0000,3870.0000,4565.0000,4492.0000,4772.0000,3370.0000,1914.0000
2023-07-27,51,370.4498,488.5000,794.1731,630.3923,1177.4761,2725.5113,3176.0000,3217.7239,3352.0000,2327.0000,1459.0000
2023-07-27,51,397.0000,516.3893,808.0000,642.0207,1195.0000,2700.0000,3134.0000,3201.9681,3324.4303,2302.8784,1433.4623
2023-07-29,51,563.0000,570.0000,996.7713,761.9535,1461.0000,3601.5542,4141.0000,4051.3447,4347.2534,2863.0000,1730.5834
2023-07-29,51,545.0000,596.8488,1000.4840,773.0523,1443.4028,3581.5605,4098.0000,4028.0000,4276.7628,2855.0000,1714.5049
2023-08-03,51,-9999.0000,-9999.0000,-9999.0000,-9999.0000,-9999.0000,-9999.0000,-9999.0000,-9999.0000,-9999.0000,-9999.0000,-9999.0000
2023-08-06,51,253.0000,368.2294,684.0000,342.3987,968.0000,3433.8622,4307.0000,4292.1455,4465.5024,1985.0150,985.3288
2023-08-06,51,301.0000,388.6346,694.4215,346.3091,980.0000,3430.1690,4293.0000,4273.7767,4384.0000,1980.0000,983.0000
2023-08-08,51,400.0220,390.3435,786.0000,388.3479,1126.0000,4024.9323,4862.0000,4944.0000,5017.0942,2242.0000,1089.2876
2023-08-08,51,433.0000,416.1176,806.7028,400.5247,1145.4699,4053.9887,4881.9868,4937.7143,5028.9430,2252.0000,1092.8669
2023-08-11,51,-9999.0000,-9999.0000,-9999.0000,-9999.0000,-9999.0000,-9999.0000,-9999.0000,-9999.0000,-9999.0000,-9999.0000,-9999.0000
2023-08-11,51,-9999.0000,-9999.0000,-9999.0000,-9999.0000,-9999.0000,-9999.0000,-9999.0000,-9999.0000,-9999.0000,-9999.0000,-9999.0000
2023-08-13,51,318.0000,406.0512,729.7202,379.3281,1100.7690,3754.7639,4885.5411,4835.1546,5030.0000,2179.9295,1050.9146
2023-08-13,51,436.0000,501.2043,781.4290,435.5428,1100.2579,3596.1579,4645.7343,4633.3301,4834.0110,2156.2310,1059.7105
2023-08-16,51,405.0000,490.2736,725.6849,437.6597,1009.2717,3239.0000,4212.5659,4146.0774,4411.3760,1956.0524,979.6786
2023-08-16,51,442.0000,518.0000,744.3997,449.9016,1022.1253,3218.9662,4169.3158,4140.0000,4399.0000,1955.4932,987.1158
2023-08-18,51,368.0000,440.4749,781.5191,465.6259,1150.4589,3748.2226,4603.8705,4454.5667,4924.0695,2276.8198,1092.5575
2023-08-18,51,485.0000,502.1299,805.9195,493.3877,1163.0000,3619.6744,4459.7760,4362.9419,4754.4593,2228.3985,1084.3753
2023-08-21,51,292.0000,356.6453,642.2605,416.7634,1003.0000,3027.5573,3787.5019,3796.2108,4059.9034,1978.3274,979.3327
2023-08-21,51,359.0000,404.7283,668.3213,436.9790,1009.4826,2996.8123,3747.8928,3772.0000,4018.8616,1970.6137,971.8219
2023-08-23,51,314.7073,448.6326,741.3764,480.5143,1112.6187,3136.6459,3995.6502,4018.1543,4260.4043,2172.3875,1124.0109
2023-08-23,51,472.0451,564.1247,802.3878,541.4158,1123.0000,2973.9932,3799.0000,3810.6597,4055.0000,2139.3199,1112.4882
2023-08-26,51,289.0000,416.6544,666.5756,444.9109,985.2434,2795.3972,3578.2389,3604.7955,3884.6481,1954.0000,1012.3217
2023-08-26,51,374.0000,476.2557,704.5353,473.3976,1005.0000,2770.3096,3526.0000,3545.3784,3818.0000,1948.5859,1010.3202
2023-08-31,51,408.0000,476.0000,798.6261,449.6632,1130.0000,3079.0874,3691.2175,3765.6667,3941.8447,1963.4827,883.3839
2023-08-31,51,587.0000,604.4602,856.0824,513.6465,1135.0000,2971.5544,3543.3725,3634.1923,3810.8307,1932.5634,874.5397
2023-09-02,51,311.0000,422.4227,710.0800,385.8722,1042.1612,3325.7520,4240.0000,4196.9461,4386.2385,1997.8150,932.0000
2023-09-02,51,401.0000,486.4489,744.1468,420.4835,1044.0000,3266.0900,4164.0805,4113.3802,4316.0056,1989.3348,929.9488
2023-09-05,51,223.0000,338.3216,602.1453,334.1599,883.0000,3060.6314,3927.0000,4107.6215,4132.6527,1765.4630,857.0000
2023-09-05,51,292.0000,384.7080,628.2199,353.7579,885.1542,3038.0108,3869.1377,4065.4224,4092.6802,1771.2970,867.0015
2023-09-07,51,288.0000,338.5419,656.1754,364.9937,960.0000,3369.0000,4168.0000,4300.0000,4400.0000,1960.0000,911.0000
2023-09-07,51,353.0000,380.2155,680.2495,389.4173,961.3914,3324.2035,4104.0000,4240.7702,4328.8741,1947.8454,910.0000
2023-09-10,51,241.0000,328.0000,618.0000,380.2293,930.4364,3100.0000,3949.0000,4075.2344,4212.0091,1826.7186,856.0000
2023-09-10,51,331.0000,386.0000,653.0000,402.5312,937.4629,3048.8064,3882.6028,4036.0000,4148.0000,1820.9961,859.8668
2023-09-12,51,-9999.0000,-9999.0000,-9999.0000,-9999.0000,-9999.0000,-9999.0000,-9999.0000,-9999.0000,-9999.0000,-9999.0000,-9999.0000
2023-09-17,51,846.0000,730.1897,1026.0000,670.0000,1341.7483,3876.0000,4768.0000,4673.3506,5040.0000,2355.5386,1170.0881
2023-09-25,51,210.0000,350.0000,624.0000,368.1197,928.0000,2843.5976,3675.0000,3762.2961,3938.0000,1771.0000,892.0000
2023-09-25,51,258.0000,382.0000,640.0000,378.2158,933.2835,2850.0000,3674.0000,3770.1074,3921.9819,1777.3597,884.8758
2023-09-27,51,445.0000,494.0000,796.7526,544.5731,1114.4909,3006.0000,3644.4000,3792.7234,3940.9819,1905.9867,1004.7498
2023-09-27,51,518.0000,546.0000,828.0000,566.0000,1116.4776,2933.6906,3602.0860,3753.6452,3880.4697,1910.0000,996.3807
2023-09-30,51,-9999.0000,-9999.0000,-9999.0000,-9999.0000,-9999.0000,-9999.0000,-9999.0000,-9999.0000,-9999.0000,-9999.0000,-9999.0000
2023-09-30,51,-9999.0000,-9999.0000,-9999.0000,-9999.0000,-9999.0000,-9999.0000,-9999.0000,-9999.0000,-9999.0000,-9999.0000,-9999.0000
2023-10-02,51,477.0000,757.2121,1009.8756,1138.8095,1691.0000,2347.4946,2660.0000,2787.2151,2952.9552,3234.8483,2343.0000
2023-10-02,51,625.0000,850.0000,1052.0000,1145.5775,1660.0000,2300.2049,2577.3113,2730.0114,2885.0000,3192.0000,2328.9961
2023-10-07,51,543.0000,724.4444,995.0000,1212.7669,1640.9980,2113.5577,2315.8964,2506.8258,2643.0335,3297.5936,2416.0000
2023-10-07,51,601.0000,758.1397,1004.5126,1220.7359,1645.6744,2106.7099,2315.5184,2491.1199,2628.0080,3260.5103,2425.0000
2023-10-12,51,-9999.0000,-9999.0000,-9999.0000,-9999.0000,-9999.0000,-9999.0000,-9999.0000,-9999.0000,-9999.0000,-9999.0000,-9999.0000
2023-10-17,51,551.0000,688.6193,960.1718,1145.1962,1562.0000,2096.8203,2309.7277,2585.2884,2639.0000,3254.4991,2404.5320
2023-10-17,51,578.0000,706.0000,969.0000,1148.8177,1558.1449,2106.0000,2317.0006,2574.0000,2642.0000,3262.2856,2425.0000
2023-10-22,51,412.0000,606.1825,818.0000,888.3692,1332.7677,1865.5815,2066.1220,2227.5471,2297.8531,2633.6685,1901.7032
2023-10-22,51,428.0000,615.0000,822.0000,888.2827,1330.0000,1857.7992,2059.0478,2217.9618,2283.4271,2622.0000,1901.7207
2023-10-27,51,366.0000,472.0000,780.1810,750.2319,1294.0000,2043.0460,2227.8483,2315.9305,2486.3409,2336.0000,1454.4352
2023-10-27,51,391.0000,494.0000,790.3530,762.3586,1303.0000,2059.8848,2242.6968,2315.0745,2486.3504,2356.5002,1458.8075
2023-11-04,51,245.0000,444.3927,726.3060,641.1114,1193.0000,2081.0000,2315.7425,2499.9211,2516.3886,2096.4945,1371.0000
2023-11-04,51,303.0000,484.3383,764.0000,657.1527,1196.4551,2074.4724,2302.0000,2500.2255,2505.7947,2088.0000,1366.6615
2023-11-11,51,346.0000,534.4055,832.4039,697.4415,1348.8706,2389.5385,2610.4821,2794.7772,2806.0000,2214.0000,1370.0000
2023-11-11,51,364.0000,544.1852,838.2617,697.3436,1344.3551,2377.6290,2609.0000,2810.8356,2803.2442,2204.0000,1367.0000
2023-11-19,51,449.0000,504.6246,690.2021,618.1855,1010.0000,1514.5336,1658.2231,1748.3945,1823.0000,1396.0000,948.0000
2023-11-19,51,376.0000,424.4731,634.0000,570.0000,1004.5027,1520.0000,1669.2356,1770.8593,1840.6141,1405.0959,948.6701
2023-11-24,51,1291.0000,1489.0262,1628.0000,1532.7534,2064.0000,2762.3445,3026.4020,3363.0000,3316.6687,2881.0000,1925.0000
2023-11-26,51,386.0000,480.2813,680.3787,822.0000,1076.4997,1372.0000,1475.0000,1587.4109,1652.0000,1960.9032,1480.9281
2023-11-26,51,419.0000,504.3515,694.1902,830.2028,1089.0000,1370.7105,1479.0000,1603.1670,1673.9849,1963.0000,1481.5366
2023-11-29,51,301.0000,462.0000,626.0000,840.3132,992.6835,1080.6805,1163.7381,1316.3791,1298.2450,1741.0000,1377.0000
2023-11-29,51,348.0000,504.0000,666.0000,854.6153,997.8067,1080.9723,1163.9311,1322.4824,1298.6921,1741.3504,1387.0000
2023-12-09,51,-9999.0000,-9999.0000,-9999.0000,-9999.0000,-9999.0000,-9999.0000,-9999.0000,-9999.0000,-9999.0000,-9999.0000,-9999.0000
2023-12-09,51,-9999.0000,-9999.0000,-9999.0000,-9999.0000,-9999.0000,-9999.0000,-9999.0000,-9999.0000,-9999.0000,-9999.0000,-9999.0000
2023-12-14,51,-9999.0000,-9999.0000,-9999.0000,-9999.0000,-9999.0000,-9999.0000,-9999.0000,-9999.0000,-9999.0000,-9999.0000,-9999.0000
2023-12-14,51,-9999.0000,-9999.0000,-9999.0000,-9999.0000,-9999.0000,-9999.0000,-9999.0000,-9999.0000,-9999.0000,-9999.0000,-9999.0000
2023-12-16,51,483.0000,636.3030,836.9698,1093.7444,1285.0000,1389.7488,1482.0434,1635.7219,1644.1036,1907.8568,1427.0000
2023-12-16,51,527.0000,668.2605,854.3026,1104.6256,1306.4737,1401.8967,1497.9610,1637.2597,1634.8651,1908.1483,1425.2506
2023-12-19,51,361.0000,530.0000,710.2771,921.3368,1121.9880,1213.9145,1298.1168,1427.8895,1428.4266,1725.0643,1272.0000
2023-12-19,51,418.0000,566.4749,728.0000,926.4676,1117.6417,1213.8759,1300.6580,1426.1288,1427.7068,1706.4754,1269.4205
2023-12-24,51,-9999.0000,-9999.0000,-9999.0000,-9999.0000,-9999.0000,-9999.0000,-9999.0000,-9999.0000,-9999.0000,-9999.0000,-9999.0000
2023-12-24,51,1757.0000,1952.0000,1970.0000,2016.0000,2321.0000,2437.0000,2552.0000,2624.0000,2630.0000,2641.0000,2230.0000
2024-01-05,51,-9999.0000,-9999.0000,-9999.0000,-9999.0000,-9999.0000,-9999.0000,-9999.0000,-9999.0000,-9999.0000,-9999.0000,-9999.0000
2024-01-08,51,-9999.0000,-9999.0000,-9999.0000,-9999.0000,-9999.0000,-9999.0000,-9999.0000,-9999.0000,-9999.0000,-9999.0000,-9999.0000
2024-01-08,51,-9999.0000,-9999.0000,-9999.0000,-9999.0000,-9999.0000,-9999.0000,-9999.0000,-9999.0000,-9999.0000,-9999.0000,-9999.0000
2024-01-13,51,472.0000,734.4338,924.0000,1094.0000,1376.5181,1606.3856,1713.8751,1885.7468,1848.3619,1884.0000,1529.6356
2024-01-13,51,564.0000,798.4655,958.3220,1100.0000,1372.0000,1593.0000,1701.1679,1860.8948,1822.3321,1877.9022,1509.0520
2024-01-15,51,-9999.0000,-9999.0000,-9999.0000,-9999.0000,-9999.0000,-9999.0000,-9999.0000,-9999.0000,-9999.0000,-9999.0000,-9999.0000
2024-01-20,51,419.0000,688.4744,848.4958,1064.5600,1334.2922,1576.0000,1697.5086,1964.5276,1858.0156,1917.0000,1381.9147
2024-01-20,51,483.0000,724.2361,886.0000,1076.9847,1336.0000,1581.6326,1700.5848,1960.9740,1848.5715,1907.0000,1376.0000
2024-01-23,51,457.0000,680.0357,848.5674,980.0000,1252.0507,1460.5124,1557.6927,1704.6737,1673.8614,1657.0000,1245.5964
2024-01-23,51,512.0000,720.0000,870.3156,988.0000,1256.4964,1460.7033,1561.5423,1709.0881,1669.2350,1644.0000,1238.0886
2024-01-25,51,619.0000,716.0000,966.0000,1114.0000,1430.5658,1634.5241,1734.0000,1797.4121,1853.4988,1865.4797,1273.7919
2024-01-25,51,782.0000,848.0000,1036.0000,1144.0000,1430.0010,1626.5015,1725.9741,1781.3231,1836.6009,1838.6421,1254.0000
2024-01-28,51,478.0000,594.3079,778.0000,921.0774,1197.6997,1405.2787,1488.0546,1642.9319,1612.5955,1811.4156,1329.5938
2024-01-28,51,523.0000,626.0000,792.0000,921.1985,1197.8580,1399.0000,1490.0000,1634.8117,1610.0277,1787.1956,1322.0000
2024-01-30,51,442.0000,680.2920,840.5488,1013.2986,1297.2951,1532.4584,1646.1737,1826.5584,1761.0000,2018.8091,1567.0000
2024-01-30,51,527.0000,736.2640,874.5440,1029.0626,1305.0039,1529.6399,1640.7441,1811.2449,1757.3263,1979.0000,1549.0000
2024-02-02,51,207.0000,386.0000,466.2446,552.4970,704.0544,812.3741,868.7957,897.2886,916.0000,918.5393,736.6328
2024-02-02,51,278.0000,432.0000,494.2363,562.1294,714.1560,818.3147,874.3466,901.9785,921.1547,910.2704,726.5113
2024-02-04,51,284.0000,488.5313,852.1756,1149.2160,1560.8390,1848.0000,1953.7827,2068.5771,2094.5544,2466.0000,1985.3736
2024-02-04,51,340.0000,548.0000,882.0000,1152.5105,1548.9795,1841.5311,1932.6659,2042.0722,2077.5129,2441.5747,1965.3960
2024-02-14,51,796.0000,869.4339,1118.0000,1238.0000,1636.0000,1977.0000,2091.0712,2187.0625,2265.0000,2461.0000,1826.0000
2024-02-14,51,886.0000,958.2778,1180.7589,1288.5342,1658.0000,1995.4341,2099.3339,2251.4694,2314.0000,2354.9980,1762.2222
2024-02-17,51,-9999.0000,-9999.0000,-9999.0000,-9999.0000,-9999.0000,-9999.0000,-9999.0000,-9999.0000,-9999.0000,-9999.0000,-9999.0000
2024-02-17,51,-9999.0000,-9999.0000,-9999.0000,-9999.0000,-9999.0000,-9999.0000,-9999.0000,-9999.0000,-9999.0000,-9999.0000,-9999.0000
2024-02-19,51,440.0000,720.0000,1026.0000,1105.9881,1620.0000,2121.4529,2293.5866,2376.6373,2410.0000,2392.0000,1718.0000
2024-02-19,51,493.0000,746.5225,1036.0000,1108.8733,1616.0000,2110.0364,2289.3990,2360.8201,2394.9977,2388.0000,1719.0000
2024-03-05,51,503.0000,626.0000,1036.0000,906.0000,1609.0000,2709.6425,2896.0000,2984.7953,3022.0000,2181.0000,1346.7464
2024-03-05,51,455.0000,600.2335,1040.0000,897.0681,1630.0000,2771.0000,2934.4828,3038.0000,3066.9574,2201.6031,1341.0000
2024-03-13,51,169.0000,342.0000,650.0000,475.0000,1075.0000,2185.0000,2468.0000,2356.0780,2534.0000,1412.0000,919.0000
2024-03-13,51,368.0000,501.3358,734.2442,566.0000,1056.4704,1750.5814,1930.4375,1931.2000,2036.0000,1335.0000,938.6915
2024-03-20,51,273.0000,473.2452,917.7095,616.3408,1555.0000,3186.0000,3522.0012,3682.4289,3629.0000,2092.0000,1187.2714
2024-03-20,51,544.0000,666.4668,1000.3039,714.3333,1523.0000,2954.0000,3281.4098,3417.9756,3378.0188,2033.0000,1172.6597
2024-03-23,51,768.0000,794.4732,1106.0000,821.1473,1564.0000,2878.2457,3140.3787,3243.2542,3243.6219,1790.2377,1159.0000
2024-03-23,51,730.0000,736.6399,1142.0000,837.3190,1676.4696,3153.0000,3459.0290,3611.1159,3516.5335,1838.0000,1171.0000
2024-03-25,51,358.0000,421.3544,889.7270,569.6905,1521.3365,3315.0000,3643.2288,3914.0530,3803.0653,2078.2508,1162.9425
2024-03-25,51,403.0000,449.0876,901.2863,581.0000,1513.9424,3314.6939,3625.1772,3891.5641,3787.9877,2117.0263,1162.0000
2024-03-30,51,1559.0000,1700.0000,2088.0000,1590.0000,2553.3179,4428.6934,4911.0000,4658.8977,4770.0000,2145.0000,1309.5691
2024-04-02,51,175.0000,276.3811,616.0000,257.6878,1074.0000,3425.7205,4077.9221,4201.4467,4178.9578,1514.5090,717.4304
2024-04-02,51,230.0000,297.0000,624.7067,261.2996,1066.7886,3403.0000,4066.1872,4196.0000,4155.0000,1516.4987,721.0000
2024-04-04,51,222.5205,228.5596,624.9656,237.0680,1123.0000,3837.7473,4519.0000,4586.4981,4619.6604,1674.7560,744.5220
2024-04-04,51,350.0000,340.0000,689.4401,301.8699,1138.2790,3740.0000,4333.0000,4419.6077,4459.0000,1662.0000,757.6335
2024-04-07,51,512.0000,577.1635,876.4056,521.0741,1288.0000,3829.0000,4613.4486,4722.0588,4714.3184,1600.0000,829.3751
2024-04-07,51,675.0000,708.9674,961.2357,588.7034,1323.0000,3729.0000,4467.3626,4578.0000,4588.8735,1599.0000,834.0000
2024-04-09,51,-9999.0000,-9999.0000,-9999.0000,-9999.0000,-9999.0000,-9999.0000,-9999.0000,-9999.0000,-9999.0000,-9999.0000,-9999.0000
2024-04-12,51,186.4212,294.6144,604.0000,253.7217,1007.0000,3585.4733,4513.0000,4658.1920,4697.0000,1490.5915,698.6292
2024-04-12,51,319.0000,390.3316,660.4489,309.4448,1031.0000,3453.4721,4330.0633,4508.0000,4555.0000,1482.0000,700.0000
2024-04-14,51,324.0000,310.3018,681.4030,293.4769,1134.0428,4014.7119,4873.3402,5046.5272,5086.5216,1699.8127,748.0000
2024-04-14,51,424.0000,416.6645,740.0270,353.4227,1151.0000,3854.0000,4726.3697,4833.2702,4956.4824,1694.7316,752.5962
2024-04-17,51,231.0000,278.2931,620.2929,260.4535,1082.5579,3844.5023,4787.7037,5047.0411,5097.0000,1577.9900,718.2615
2024-04-17,51,192.0000,230.6894,596.0000,224.2830,1100.0000,3995.4298,4967.4591,5240.2978,5253.8192,1594.0291,717.5836
2024-04-27,51,-9999.0000,-9999.0000,-9999.0000,-9999.0000,-9999.0000,-9999.0000,-9999.0000,-9999.0000,-9999.0000,-9999.0000,-9999.0000
2024-04-29,51,182.0000,268.1973,614.5849,270.2606,1158.3338,3682.6998,4637.0010,4968.1331,4905.4788,1602.8430,733.3683
2024-04-29,51,264.0000,348.7626,664.4061,318.3805,1154.6279,3576.4941,4485.4853,4808.7093,4795.2572,1585.8479,729.5335
2024-05-04,51,-9999.0000,-9999.0000,-9999.0000,-9999.0000,-9999.0000,-9999.0000,-9999.0000,-9999.0000,-9999.0000,-9999.0000,-9999.0000
2024-05-04,51,-9999.0000,-9999.0000,-9999.0000,-9999.0000,-9999.0000,-9999.0000,-9999.0000,-9999.0000,-9999.0000,-9999.0000,-9999.0000
2024-05-14,51,-9999.0000,-9999.0000,-9999.0000,-9999.0000,-9999.0000,-9999.0000,-9999.0000,-9999.0000,-9999.0000,-9999.0000,-9999.0000
2024-05-14,51,-9999.0000,-9999.0000,-9999.0000,-9999.0000,-9999.0000,-9999.0000,-9999.0000,-9999.0000,-9999.0000,-9999.0000,-9999.0000
2024-05-17,51,17.0000,122.6552,541.2454,250.2599,1200.9016,3286.0000,3954.0000,4112.7592,4282.0000,1469.2510,690.4464
2024-05-17,51,152.0000,222.3075,597.2792,302.0012,1212.4754,3229.0000,3841.0039,3992.0000,4160.0000,1461.0441,688.6135
2024-05-22,51,-9999.0000,-9999.0000,-9999.0000,-9999.0000,-9999.0000,-9999.0000,-9999.0000,-9999.0000,-9999.0000,-9999.0000,-9999.0000
2024-05-22,51,-9999.0000,-9999.0000,-9999.0000,-9999.0000,-9999.0000,-9999.0000,-9999.0000,-9999.0000,-9999.0000,-9999.0000,-9999.0000
2024-05-24,51,267.0000,306.6804,674.3333,469.2515,1317.4833,2880.0000,3282.0000,3465.6818,3675.2034,1789.2965,913.0000
2024-05-24,51,281.0000,324.3531,684.0000,477.1721,1322.4094,2875.0000,3339.0000,3460.0000,3713.0000,1782.0000,912.0000
2024-05-27,51,-9999.0000,-9999.0000,-9999.0000,-9999.0000,-9999.0000,-9999.0000,-9999.0000,-9999.0000,-9999.0000,-9999.0000,-9999.0000
2024-06-01,51,55.0000,180.2939,458.5353,372.3601,1033.0000,2134.0000,2511.0000,2658.5391,2840.0000,1434.0000,740.5416
2024-06-01,51,267.0000,338.3924,564.6265,441.2925,1056.6788,2092.0561,2450.6309,2594.4866,2762.7493,1399.0000,726.4997
2024-06-03,51,-9999.0000,-9999.0000,-9999.0000,-9999.0000,-9999.0000,-9999.0000,-9999.0000,-9999.0000,-9999.0000,-9999.0000,-9999.0000
2024-06-06,51,457.0000,474.3029,802.2839,711.1490,1409.3362,2569.3021,2929.0000,3099.2422,3356.9573,2035.0826,1132.0000
2024-06-06,51,546.0000,530.1598,816.1406,717.2129,1362.5487,2482.8378,2868.0534,3019.0883,3267.1366,2019.5383,1117.5287
2024-06-16,51,220.2635,278.3970,676.9557,544.7892,1281.6865,2745.2104,3162.0000,3290.6056,3522.6425,2131.3030,1099.3421
2024-06-16,51,320.7015,372.4251,736.1773,588.4961,1292.6918,2712.1503,3104.3702,3241.5385,3481.0000,2104.5449,1094.5020
2024-06-18,51,426.0000,530.2440,876.0000,692.9451,1397.0000,2859.0000,3309.2391,3515.3398,3665.0334,2336.0000,1266.8333
2024-06-18,51,444.7133,534.2955,880.2244,693.1583,1398.7909,2850.3706,3312.9497,3530.7700,3662.7945,2340.5062,1272.0000
2024-06-26,51,479.0000,618.5279,980.0000,791.0000,1339.0000,2850.0000,3290.0000,3329.0000,3569.0000,2092.8394,1098.0000
2024-06-26,51,486.0000,694.0000,1074.0000,852.0000,1566.0000,3086.0000,3523.0000,3516.0000,3886.0000,2334.0000,1272.0000
2024-06-28,51,316.0000,452.1112,890.0940,569.4592,1383.0000,3257.0000,3837.0000,3921.3333,4162.0000,2453.0000,1252.2703
2024-06-28,51,505.0000,602.4894,954.3397,649.0015,1376.5574,3110.0000,3671.0000,3689.5222,3985.0000,2412.0039,1233.5864
2024-07-06,51,643.0000,635.2896,1068.3472,701.1084,1555.8088,3567.0000,4122.0634,4052.6539,4456.4708,2477.8820,1233.5647
2024-07-06,51,585.0000,651.3493,1083.1674,709.2400,1579.6016,3570.0000,4124.0000,4099.6370,4454.0000,2483.5231,1242.7393
2024-07-08,51,477.0000,708.3301,1072.0000,965.0659,1650.2699,2835.0000,3265.6276,3329.4332,3676.4709,2931.0000,1658.5447
2024-07-08,51,440.0000,666.1792,1062.0000,949.1888,1670.0000,2861.3782,3323.4334,3400.7362,3716.4561,2961.7239,1669.5675
2024-07-11,51,310.5263,506.2763,864.4516,777.0602,1440.0000,2586.0000,3030.0000,3061.0000,3376.4523,2628.9080,1494.0574
2024-07-11,51,388.0000,556.3838,886.0000,792.8178,1428.8161,2581.0000,3020.8283,3018.4344,3358.4273,2626.0000,1497.1970
2024-07-13,51,481.0000,616.0000,998.3902,879.5209,1578.0927,2970.9565,3335.0000,3288.1659,3706.5044,2842.0052,1551.0000
2024-07-13,51,536.0000,642.2971,1010.5600,877.1809,1570.5959,2923.2424,3330.0000,3251.6118,3670.0000,2829.5088,1565.0052
2024-07-16,51,300.5502,412.0000,788.6146,629.2132,1309.0000,2628.7302,3020.0000,3100.0000,3398.0000,2473.0000,1309.3470
2024-07-16,51,418.5070,494.0000,826.4161,661.0000,1304.0000,2588.0000,2947.3559,3019.1327,3293.0000,2429.3051,1300.3569
2024-07-18,51,456.0000,622.1602,965.6154,821.3931,1516.0000,2826.8709,3300.0000,3386.1566,3642.8201,2902.5115,1643.8816
2024-07-18,51,554.0000,668.2545,981.3022,837.0932,1507.0000,2756.0000,3224.0000,3328.2530,3555.5668,2876.0159,1641.0662
2024-07-21,51,476.5165,852.5000,1196.6047,1580.0000,2055.0000,2696.0000,3109.9637,3249.8995,3582.0000,3659.4823,2301.3317
2024-07-21,51,543.0000,873.8488,1205.4486,1553.9789,2034.5108,2682.0857,3083.4636,3241.5468,3566.0000,3646.0112,2303.0000
2024-07-23,51,-9999.0000,-9999.0000,-9999.0000,-9999.0000,-9999.0000,-9999.0000,-9999.0000,-9999.0000,-9999.0000,-9999.0000,-9999.0000
2024-07-23,51,-9999.0000,-9999.0000,-9999.0000,-9999.0000,-9999.0000,-9999.0000,-9999.0000,-9999.0000,-9999.0000,-9999.0000,-9999.0000
2024-07-26,51,464.0000,724.3272,1073.1495,1387.5360,1904.5487,2472.9875,2761.8831,2829.7025,3168.9078,3676.2899,2357.0000
2024-07-26,51,608.0000,794.5183,1088.0000,1333.2814,1829.3421,2385.4655,2673.6089,2741.5521,3065.5400,3563.0000,2323.7714
2024-07-28,51,532.0000,814.0000,1178.0000,1443.0449,1988.4882,2637.0917,3009.0186,3099.3795,3397.6824,3875.6667,2508.7617
2024-07-28,51,647.0000,878.0000,1174.0000,1360.5835,1896.3103,2567.0000,2939.2605,2986.8586,3281.7407,3752.0000,2468.9087
2024-07-31,51,429.0000,686.0271,1020.2719,1133.5938,1664.6324,2498.0394,2882.5174,2922.6107,3186.4985,3224.4995,2069.0000
2024-07-31,51,555.0000,760.0000,1050.0000,1117.9880,1634.0000,2445.5780,2830.0000,2858.6841,3101.2189,3150.5000,2054.0000
2024-08-05,51,-9999.0000,-9999.0000,-9999.0000,-9999.0000,-9999.0000,-9999.0000,-9999.0000,-9999.0000,-9999.0000,-9999.0000,-9999.0000
2024-08-05,51,-9999.0000,-9999.0000,-9999.0000,-9999.0000,-9999.0000,-9999.0000,-9999.0000,-9999.0000,-9999.0000,-9999.0000,-9999.0000
2024-08-07,51,385.0000,606.3253,958.1293,932.5471,1536.8257,2686.0000,3099.6359,3140.0000,3363.6665,3081.7703,1902.0000
2024-08-07,51,534.0000,696.0000,984.0000,933.6561,1492.2914,2578.0000,2987.5807,3024.0000,3241.4912,3013.0974,1878.9912
2024-08-10,51,409.0000,592.0000,890.0000,876.4683,1419.0000,2521.6425,2941.3597,2963.0000,3201.0000,2975.0000,1860.5394
2024-08-10,51,459.0000,628.0000,904.0000,880.0000,1415.0000,2500.0000,2899.0000,2939.7949,3182.0000,2944.7280,1853.0000
2024-08-12,51,478.0000,620.0000,960.0000,945.9125,1542.7656,2739.0000,3068.0257,3137.9782,3388.4761,3178.0000,1914.4643
2024-08-12,51,519.0000,647.0000,976.0000,953.1949,1540.6240,2726.0000,3051.0000,3122.0000,3362.0000,3185.3894,1911.0000
2024-08-12,51,485.0000,632.0000,984.0000,957.9775,1570.0000,2821.0105,3153.4096,3201.9974,3458.2536,3226.5907,1926.0000
2024-08-12,51,527.0000,654.0000,992.0000,952.6667,1545.0000,2757.4551,3101.0000,3177.2676,3419.6739,3178.5265,1904.0000
2024-08-15,51,381.0000,540.0000,862.0000,874.1718,1446.0000,2585.0000,2937.0000,2997.5935,3274.0000,2934.2535,1725.5964
2024-08-15,51,482.0000,600.0000,890.0000,888.5514,1436.5113,2547.0000,2882.0000,2954.7674,3212.0000,2901.9467,1716.0000
2024-08-17,51,-9999.0000,-9999.0000,-9999.0000,-9999.0000,-9999.0000,-9999.0000,-9999.0000,-9999.0000,-9999.0000,-9999.0000,-9999.0000
2024-08-17,51,-9999.0000,-9999.0000,-9999.0000,-9999.0000,-9999.0000,-9999.0000,-9999.0000,-9999.0000,-9999.0000,-9999.0000,-9999.0000
2024-08-20,51,-9999.0000,-9999.0000,-9999.0000,-9999.0000,-9999.0000,-9999.0000,-9999.0000,-9999.0000,-9999.0000,-9999.0000,-9999.0000
2024-08-20,51,-9999.0000,-9999.0000,-9999.0000,-9999.0000,-9999.0000,-9999.0000,-9999.0000,-9999.0000,-9999.0000,-9999.0000,-9999.0000
2024-08-22,51,558.0000,774.2368,1142.0000,1320.5953,1939.0000,2689.0605,3013.0000,3121.8193,3459.5293,3813.0000,2385.0000
2024-08-22,51,741.0000,870.0490,1166.0000,1277.6395,1825.4026,2586.0000,2882.0000,2995.7610,3287.0000,3674.0000,2349.5098
2024-08-25,51,532.0000,684.0000,956.2183,1161.2151,1641.6537,2292.0503,2581.1274,2680.5204,2938.6024,3443.4606,2225.5773
2024-08-25,51,595.0000,720.0000,974.3663,1152.3751,1625.0478,2269.7481,2563.0000,2660.7867,2917.4124,3428.8053,2205.0000
2024-08-27,51,625.0000,864.8706,1158.0000,1284.4041,1808.7195,2536.6316,2898.9000,2987.5690,3265.4673,3709.0000,2441.3343
2024-08-27,51,736.0000,900.4988,1120.0000,1232.0000,1733.4556,2476.6348,2849.4236,2914.3677,3180.4822,3599.0000,2412.0196
2024-08-30,51,558.0000,728.0000,958.3681,1068.7900,1529.5299,2180.7761,2515.0911,2561.9759,2803.6417,3247.0000,2222.0000
2024-08-30,51,584.0000,742.0000,968.3188,1073.3179,1536.0000,2194.4066,2524.0074,2577.6635,2813.0707,3253.3622,2229.2395
2024-09-04,51,765.0000,1013.0762,1284.2577,1681.5696,1933.5745,1994.2298,2146.1072,2177.3252,2364.6195,3313.9744,2872.8177
2024-09-04,51,846.0000,1040.0000,1284.4936,1653.3900,1901.0232,1981.4950,2138.6867,2163.4634,2346.6680,3277.1173,2852.1637
2024-09-09,51,-9999.0000,-9999.0000,-9999.0000,-9999.0000,-9999.0000,-9999.0000,-9999.0000,-9999.0000,-9999.0000,-9999.0000,-9999.0000
2024-09-09,51,-9999.0000,-9999.0000,-9999.0000,-9999.0000,-9999.0000,-9999.0000,-9999.0000,-9999.0000,-9999.0000,-9999.0000,-9999.0000
2024-09-11,51,864.0000,1072.3636,1365.2837,1786.3451,2060.4945,2140.9080,2264.9447,2328.9173,2498.1380,3418.9441,2804.2307
2024-09-11,51,904.0000,1085.3281,1356.3539,1747.7314,2032.0000,2123.2842,2260.3859,2315.0656,2484.3373,3378.6388,2797.5621
2024-09-16,51,1483.0000,1628.0000,1812.0000,1920.0000,2309.0000,2834.0000,3113.0000,3244.0000,3240.0000,2999.0000,2357.0000
2024-09-16,51,1522.0000,1654.0000,1830.0000,1932.0000,2305.0000,2807.0000,3084.0000,3180.0000,3248.0000,3008.0000,2377.5000
2024-09-21,51,1014.0000,1289.3263,1664.4094,1948.0000,2375.0000,2758.0000,2916.0000,2977.4541,3123.5986,3788.1368,3161.7344
2024-09-21,51,1059.0000,1298.6130,1650.0772,1923.7939,2330.1425,2714.0000,2844.8938,2939.9875,3073.8221,3742.0000,3146.9639
2024-09-24,51,551.0000,698.0000,902.0000,1213.0954,1410.4693,1475.8400,1591.1579,1649.9585,1769.9306,2454.0000,1973.7377
2024-09-24,51,621.0000,736.4272,920.1385,1208.7416,1412.2307,1477.6812,1593.0000,1651.0310,1768.1730,2434.0000,1960.5447
2024-09-29,51,850.0000,1157.7148,1440.5178,1809.9684,2000.8411,2098.9596,2212.1039,2372.2044,2381.7150,3210.6924,3045.8847
2024-09-29,51,869.6003,1184.4456,1449.1065,1817.7039,2009.3616,2100.6816,2218.7369,2371.4763,2387.1476,3212.7649,3044.2134
2024-10-11,51,708.0000,841.2346,1132.6954,1411.3866,1697.1222,1858.0094,1957.7151,2035.7527,2133.0000,2518.0000,1899.0000
2024-10-11,51,722.2735,845.8354,1128.9925,1411.3266,1701.8565,1853.0829,1962.0964,2034.3609,2133.8312,2517.0152,1898.0000
2024-10-21,51,756.0000,878.6224,1197.1145,1289.7097,1737.3620,2014.4669,2128.0000,2138.4365,2278.0000,2413.3206,1764.6182
2024-10-21,51,826.0000,938.2032,1249.0810,1305.1988,1728.0000,1996.0000,2100.8879,2122.3344,2244.0000,2393.4306,1761.7496
2024-10-26,51,-9999.0000,-9999.0000,-9999.0000,-9999.0000,-9999.0000,-9999.0000,-9999.0000,-9999.0000,-9999.0000,-9999.0000,-9999.0000
2024-10-29,51,560.5527,764.0000,1093.0415,1046.0000,1596.0000,2033.0000,2157.0000,2204.2079,2285.0000,2145.0000,1561.3728
2024-10-29,51,590.5411,782.6667,1096.1622,1049.1016,1597.4446,2029.0000,2198.0000,2194.5932,2272.0000,2149.0000,1562.0518
2024-10-31,51,610.0000,712.2064,1101.0692,1036.0000,1632.8873,2169.0000,2265.9912,2347.3038,2412.7185,2325.0000,1624.0000
2024-10-31,51,616.6125,710.0000,1101.0033,1036.4881,1637.3887,2182.0236,2291.6593,2356.6667,2432.5574,2330.5475,1629.7229
2024-11-03,51,760.0000,866.0000,1204.8030,1121.0000,1708.5332,2233.6068,2365.5924,2435.9068,2491.0000,2314.0000,1650.0000
2024-11-03,51,772.0000,866.2782,1201.3501,1113.0710,1686.0000,2220.6127,2349.2354,2419.8991,2484.0000,2308.6262,1637.7276
2024-11-05,51,609.0000,808.0000,1149.0817,1056.7858,1685.2632,2309.6052,2480.6575,2651.8555,2582.5067,2388.6500,1706.7819
2024-11-05,51,585.0000,790.1584,1148.3484,1052.0000,1705.4877,2359.0000,2518.0000,2674.0000,2610.9436,2397.9979,1716.5121
2024-11-08,51,553.0000,730.1703,1018.1914,869.6903,1432.7254,2017.1301,2140.3716,2259.3474,2222.0513,1747.4830,1259.8341
2024-11-08,51,612.0000,772.2227,1036.0000,885.4673,1439.0000,2018.0000,2125.0000,2225.5602,2212.0000,1745.9227,1260.3433
2024-11-10,51,592.0000,674.4013,1084.8538,933.3601,1640.5520,2467.8942,2611.0000,2829.7982,2732.4342,2245.2813,1537.1089
2024-11-10,51,616.6059,684.0000,1088.0000,932.8387,1637.8594,2476.9278,2609.8901,2834.0000,2721.9700,2229.3051,1541.7036
2024-11-13,51,584.0000,685.7125,1065.5830,973.0389,1645.0904,2450.9251,2641.1223,2803.8776,2722.6093,2249.9464,1573.6295
2024-11-13,51,626.2689,716.8222,1097.7173,972.4578,1642.9629,2460.0000,2600.0000,2787.9713,2701.9479,2221.2449,1568.3871
2024-11-15,51,645.0000,825.2929,1200.5744,1062.0000,1788.7669,2731.0000,2905.0000,3113.3780,3029.3792,2419.9659,1764.5004
2024-11-15,51,673.0000,849.1168,1216.8824,1073.2598,1795.1187,2747.0000,2920.0000,3116.0000,3009.9921,2412.9344,1773.0552
2024-11-18,51,848.0000,1016.0000,1318.0000,1165.5257,1814.3555,2608.0000,2780.7244,2914.8960,2866.0000,2073.7538,1529.2903
2024-11-18,51,650.0000,904.0000,1246.0000,1105.0661,1824.0000,2691.3692,2886.0000,2984.7578,2954.0000,2117.0000,1551.0000
2024-11-23,51,375.0000,478.3202,860.1705,672.5720,1368.0000,2378.9174,2547.2388,2824.3923,2669.0000,1598.2711,909.6486
2024-11-23,51,411.0000,504.5060,864.1572,672.4362,1364.0000,2387.3635,2556.0563,2811.9517,2660.9594,1593.6534,913.5081
2024-11-25,51,-9999.0000,-9999.0000,-9999.0000,-9999.0000,-9999.0000,-9999.0000,-9999.0000,-9999.0000,-9999.0000,-9999.0000,-9999.0000
2024-11-25,51,-9999.0000,-9999.0000,-9999.0000,-9999.0000,-9999.0000,-9999.0000,-9999.0000,-9999.0000,-9999.0000,-9999.0000,-9999.0000
2024-11-30,51,441.0000,500.4030,858.0000,657.3242,1363.0000,2589.4995,2771.0000,3017.5855,2923.4939,1728.9822,1021.7157
2024-11-30,51,469.0000,522.0000,870.4834,677.6759,1364.7367,2594.6910,2786.7656,3029.4438,2879.0000,1734.0000,1024.5682
2024-12-05,51,506.0000,664.0000,920.1755,750.0000,1417.4782,2697.4674,2932.2981,3202.3284,2998.0000,1905.1981,1235.6268
2024-12-05,51,491.0000,652.2075,937.2375,749.0103,1421.2134,2754.0581,2939.4948,3241.9868,3052.0000,1906.7466,1236.9938
2024-12-13,51,382.0000,500.7495,852.3948,680.5126,1436.9086,2909.4063,3100.0000,3272.4052,3211.0069,1715.0603,1027.3007
2024-12-13,51,552.0000,618.0000,922.0000,733.5166,1436.3937,2820.0000,3027.0000,3224.7578,3131.9867,1701.1588,1030.0000
2024-12-13,51,472.0000,534.2867,918.0183,717.2142,1592.0000,3037.9960,3156.0000,3387.3738,3276.0000,1787.0524,1068.8509
2024-12-13,51,618.0000,644.1069,978.1429,765.7639,1593.6742,2977.0000,3091.0000,3344.4346,3183.0000,1771.5459,1057.3645
2024-12-15,51,365.0000,662.0000,954.3039,760.9669,1468.0000,2948.2756,3223.0000,3353.3905,3301.0000,1802.3018,1083.9213
2024-12-15,51,608.0000,770.1891,1016.0000,817.1380,1490.3884,2850.5507,3092.1737,3265.5102,3187.4752,1779.1964,1092.5969
2024-12-18,51,-9999.0000,-9999.0000,-9999.0000,-9999.0000,-9999.0000,-9999.0000,-9999.0000,-9999.0000,-9999.0000,-9999.0000,-9999.0000
2024-12-23,51,-9999.0000,-9999.0000,-9999.0000,-9999.0000,-9999.0000,-9999.0000,-9999.0000,-9999.0000,-9999.0000,-9999.0000,-9999.0000
2024-12-25,51,405.0000,598.0000,816.4459,705.2963,1327.0000,2681.0000,2920.3881,3186.2280,3026.5627,1571.0000,892.9024
2024-12-25,51,451.0000,636.2100,840.1886,717.1252,1340.6235,2694.2050,2918.0000,3194.6526,3022.0000,1571.0000,905.0428
2024-12-28,51,432.0000,634.0000,864.0000,758.2714,1354.3980,2481.4310,2692.0000,2874.5000,2791.0000,1530.3214,1021.9110
2024-12-28,51,457.0000,636.3661,856.1453,750.1587,1348.6256,2472.0000,2691.6938,2865.5481,2795.3701,1525.0605,1010.0000
2024-12-30,51,461.0000,540.3592,795.0000,737.5995,1349.0000,2523.3083,2684.5086,2875.0000,2810.0000,1610.4193,984.0000
2024-12-30,51,539.0000,590.0000,825.0000,752.7085,1360.7494,2498.9035,2665.3391,2876.4068,2836.1588,1612.4984,988.7631
2025-01-04,51,-9999.0000,-9999.0000,-9999.0000,-9999.0000,-9999.0000,-9999.0000,-9999.0000,-9999.0000,-9999.0000,-9999.0000,-9999.0000
2025-01-12,51,464.0000,584.2393,854.6688,862.6244,1405.0000,2194.9702,2364.0000,2595.7500,2507.0000,1701.8694,1093.8328
2025-01-12,51,518.0000,618.0000,870.2915,866.3275,1398.0000,2174.2416,2326.0000,2576.5000,2467.5003,1693.0000,1085.5223
2025-01-14,51,645.0000,872.0000,1080.0000,1122.0000,1580.5003,2273.9836,2435.5306,2707.9726,2570.0777,2235.1532,1651.8254
2025-01-14,51,667.0000,876.0000,1078.0000,1126.0000,1584.0000,2248.1398,2408.0000,2690.5000,2548.0000,2228.6522,1652.8297
2025-01-17,51,578.0000,818.3557,1064.0000,1144.0000,1613.9997,2185.9428,2332.0000,2612.5000,2485.3774,2233.2148,1819.9567
2025-01-17,51,637.0000,850.0000,1074.0000,1146.0000,1605.0063,2169.0929,2309.4126,2587.2459,2471.0000,2226.1104,1805.2973
2025-02-03,51,620.0000,792.0000,1026.0000,1028.7974,1540.0000,2339.0000,2513.0000,2720.8625,2626.0000,2139.0687,1514.2818
2025-02-03,51,601.0000,780.1538,1020.0000,1021.2134,1545.2721,2360.5291,2521.9020,2739.6560,2653.0000,2146.6195,1517.4211
2025-02-06,51,526.7429,716.6224,968.0000,982.3720,1473.0650,2196.9449,2365.0337,2579.2311,2489.5434,1987.7727,1505.6795
2025-02-06,51,592.0000,755.0000,982.1122,990.1331,1469.6564,2181.0876,2352.9946,2555.6129,2461.0000,1989.5716,1510.5904
2025-02-08,51,708.0000,836.0000,1172.3116,1193.3516,1832.4756,2625.0804,2732.0000,2864.8377,2878.0000,2517.3567,1828.1492
2025-02-08,51,759.0000,853.3056,1173.1839,1180.5295,1817.3401,2620.0000,2714.0000,2852.3731,2850.4971,2482.7662,1810.9042
2025-02-16,51,1116.0000,1264.6753,1640.0000,1656.0000,2178.6485,2934.2379,3136.0000,3418.9451,3245.8365,2647.0000,2036.0000
2025-02-16,51,1132.0000,1246.0000,1642.0000,1678.0000,2213.0000,3014.0000,3228.9109,3500.0000,3326.0000,2670.0000,2049.9985
2025-02-18,51,760.4409,809.1817,1160.4333,1208.6873,1844.3290,2659.3879,2792.0030,3090.6503,2955.0000,2490.8567,1729.0675
2025-02-18,51,852.0000,909.1274,1221.2148,1228.7375,1817.8410,2600.6207,2708.5000,2989.5010,2893.0903,2444.0532,1742.0000
2025-02-21,51,733.0000,821.8307,1186.0000,1273.1881,1877.9439,2706.0000,2825.0000,3026.3768,2984.4780,2610.8650,1860.0336
2025-02-21,51,960.0000,997.9149,1269.0085,1309.2224,1850.9351,2594.0564,2733.0000,2922.0000,2878.0065,2565.0000,1857.5013
2025-02-28,51,-9999.0000,-9999.0000,-9999.0000,-9999.0000,-9999.0000,-9999.0000,-9999.0000,-9999.0000,-9999.0000,-9999.0000,-9999.0000
2025-02-28,51,-9999.0000,-9999.0000,-9999.0000,-9999.0000,-9999.0000,-9999.0000,-9999.0000,-9999.0000,-9999.0000,-9999.0000,-9999.0000
2025-03-03,51,603.0000,644.6471,1020.5855,973.6957,1718.6975,2893.0629,3066.0000,3329.9917,3209.4544,2300.0483,1523.6994
2025-03-03,51,660.0000,704.4097,1054.0000,989.0860,1712.1486,2869.7301,3043.2848,3298.7079,3211.4611,2308.8444,1530.3225
2025-03-05,51,651.0000,793.6015,1128.6272,1034.7487,1745.4958,3170.0346,3458.5666,3707.1255,3593.0000,2459.8751,1731.9611
2025-03-05,51,702.0000,814.0000,1144.8050,1044.5943,1740.5103,3139.9934,3433.9373,3688.9878,3538.7942,2450.6685,1715.9901
2025-03-08,51,773.0000,913.8167,1249.1545,1133.3236,1851.0000,3369.0000,3707.1147,3913.7893,3821.9393,2371.6876,1715.9118
2025-03-08,51,614.0000,813.0166,1212.6763,1092.6811,1873.7944,3563.5903,3931.6227,4099.0917,4018.8133,2420.3302,1706.8264
2025-03-10,51,-9999.0000,-9999.0000,-9999.0000,-9999.0000,-9999.0000,-9999.0000,-9999.0000,-9999.0000,-9999.0000,-9999.0000,-9999.0000
2025-03-10,51,-9999.0000,-9999.0000,-9999.0000,-9999.0000,-9999.0000,-9999.0000,-9999.0000,-9999.0000,-9999.0000,-9999.0000,-9999.0000
2025-03-18,51,295.0000,416.1711,749.0000,485.2731,1261.0000,3295.0000,3699.7584,4034.9602,3812.6434,1540.0164,865.6355
2025-03-18,51,404.0000,475.0000,786.1269,513.2584,1265.7108,3235.9505,3638.5459,3985.9901,3763.4501,1536.3993,856.6141
2025-03-20,51,451.0000,444.0488,852.1588,557.0305,1636.7492,3806.0000,4121.5414,4465.1768,4232.0000,1769.2365,904.8416
2025-03-20,51,562.0000,526.0000,886.0000,592.9750,1617.5731,3683.0000,4017.0000,4321.3700,4124.6709,1756.3087,907.5098
2025-03-23,51,-9999.0000,-9999.0000,-9999.0000,-9999.0000,-9999.0000,-9999.0000,-9999.0000,-9999.0000,-9999.0000,-9999.0000,-9999.0000
2025-03-23,51,-9999.0000,-9999.0000,-9999.0000,-9999.0000,-9999.0000,-9999.0000,-9999.0000,-9999.0000,-9999.0000,-9999.0000,-9999.0000
2025-03-25,51,-9999.0000,-9999.0000,-9999.0000,-9999.0000,-9999.0000,-9999.0000,-9999.0000,-9999.0000,-9999.0000,-9999.0000,-9999.0000
2025-03-30,51,-9999.0000,-9999.0000,-9999.0000,-9999.0000,-9999.0000,-9999.0000,-9999.0000,-9999.0000,-9999.0000,-9999.0000,-9999.0000
2025-03-30,51,-9999.0000,-9999.0000,-9999.0000,-9999.0000,-9999.0000,-9999.0000,-9999.0000,-9999.0000,-9999.0000,-9999.0000,-9999.0000
2025-04-01,51,1562.0000,1428.0000,1730.0000,1324.0000,2174.4587,4385.0000,4797.3519,5000.0000,4873.0000,2089.9534,1315.0000
2025-04-02,51,326.0000,358.3909,820.0000,486.0000,1517.9272,3680.0000,4068.2130,4231.7093,4131.6528,1542.5670,747.1808
2025-04-02,51,381.0000,410.4433,850.0000,513.4682,1517.5858,3675.0000,4008.0000,4214.1660,4123.5226,1548.2373,748.1355
2025-04-04,51,358.0000,510.3171,1036.0000,697.2472,1606.2581,3906.5539,4425.0000,4681.1455,4541.0000,1650.1093,850.9379
2025-04-04,51,423.0000,558.1491,1050.0000,708.8528,1593.2046,3847.0000,4353.7681,4581.3100,4468.7663,1636.8602,844.2533
2025-04-04,51,289.0000,370.1875,914.6059,605.9678,1510.0000,3772.0000,4224.0000,4420.6301,4368.0000,1540.4536,793.7969
2025-04-04,51,380.0000,454.2942,948.4011,637.2272,1500.9612,3672.0000,4135.0000,4325.8548,4237.0646,1531.7459,778.8324
2025-04-07,51,922.0000,1089.3333,1436.1576,1128.3622,1750.0592,3086.4714,3382.0000,3706.0138,3448.0000,1661.0013,1204.6174
2025-04-11,51,398.0000,538.1588,1340.8473,1028.5859,2023.0000,4355.0000,4789.0000,4995.6116,4963.3274,1812.0295,971.0846
2025-04-11,51,516.0000,626.0000,1345.1127,1041.1998,1981.6036,4166.4557,4565.2577,4788.0112,4725.0000,1785.0000,972.4690
2025-04-12,51,141.0000,262.2074,1220.4319,906.1966,2077.1053,4411.9980,4791.9887,5031.3465,4920.0000,1723.9492,892.0007
2025-04-12,51,458.0000,544.2547,1245.6976,954.2965,1952.0000,3930.4898,4305.0000,4566.1213,4476.3350,1701.8471,899.1735
2025-04-19,51,414.0000,495.0000,1116.5235,708.0000,1816.7424,4314.6676,4737.4813,4885.7486,4917.4836,1606.4118,778.0460
2025-04-19,51,407.0000,490.2774,1121.4710,705.5648,1825.0000,4332.0000,4756.1728,4936.5255,4914.6520,1601.6706,777.6633
2025-04-22,51,243.0000,321.0000,852.1582,494.4885,1586.7971,4148.8127,4699.0224,4752.0000,4812.3531,1457.7872,697.2552
2025-04-22,51,300.0000,368.1500,880.1458,514.1045,1590.0530,4120.0000,4652.1744,4721.2477,4772.2785,1473.0000,705.4637
2025-04-24,51,533.0000,622.3148,1082.0000,600.4886,1677.0021,4684.5200,5571.5473,5636.0000,5701.0111,1589.2297,780.4886
2025-04-24,51,583.0000,660.0769,1100.0000,620.7896,1666.4063,4570.1306,5466.9482,5513.3866,5604.0000,1587.0000,781.2838
2025-04-24,51,396.0000,451.4057,949.6438,529.4918,1605.7030,4539.0000,5324.5484,5324.0000,5501.0000,1534.6712,756.0202
2025-04-24,51,530.0000,557.7543,1001.4389,589.1026,1609.6968,4437.5128,5156.6594,5136.0000,5374.0000,1548.9908,757.3158
2025-04-27,51,225.0000,371.0000,806.3595,398.5496,1352.2280,4020.9993,4754.0000,4843.3049,4893.0000,1241.6925,625.6374
2025-04-27,51,385.0000,484.0000,858.0000,458.3619,1338.4729,3811.2569,4517.0118,4626.5853,4670.0000,1238.0000,629.0266
2025-04-29,51,276.0000,340.4503,886.0000,412.3782,1709.3009,4522.1078,5083.0316,5290.6709,5220.1821,1403.4055,659.4351
2025-04-29,51,415.0000,454.5200,924.0000,477.2531,1652.9760,4235.8009,4796.4549,5001.6009,4962.0000,1388.0000,658.0010
2025-05-01,51,376.0000,430.3224,928.3876,469.2048,1529.5420,4323.5234,4937.0000,5051.0351,5119.0000,1404.3078,690.0648
2025-05-01,51,480.0000,508.2521,957.1735,513.6737,1517.2414,4175.0000,4807.0000,4884.0000,4971.1348,1404.1908,688.5101
2025-05-02,51,392.0000,442.0000,916.0563,466.2437,1645.7694,4193.5834,4740.5411,4842.5837,4931.0218,1341.0088,637.0956
2025-05-02,51,462.0000,488.0000,938.2967,486.3982,1649.7385,4172.9922,4724.9941,4817.6040,4907.8380,1347.6781,641.4126
2025-05-04,51,963.0000,1044.0000,1562.0000,1088.0000,2133.2642,4470.0000,5138.7165,5124.0000,5146.4773,1747.3362,1189.2148
2025-05-04,51,1017.0000,1080.0000,1548.0000,1088.6667,2088.0000,4301.5113,4933.6777,4905.9262,4973.6182,1738.0000,1180.8976
2025-05-04,51,395.0000,416.8147,1018.0000,609.0000,1661.5512,4166.0859,4770.7732,4754.9968,4902.6331,1419.2092,866.9275
2025-05-04,51,670.0000,632.0000,1090.0000,714.0000,1634.4203,3830.2070,4404.9294,4401.4139,4543.0000,1411.7827,867.1235
2025-05-09,51,385.1054,414.0000,924.0270,428.4751,1813.3262,4459.3065,4946.0000,5096.0000,5114.0834,1403.4345,683.5832
2025-05-09,51,388.0000,418.4952,924.5461,424.2801,1810.0000,4450.0350,4938.8774,5090.0704,5098.9855,1402.6519,674.6412
2025-05-11,51,374.0000,427.0000,892.5711,465.6208,1601.8877,4198.0000,4739.9166,4808.0000,4915.4932,1388.7354,684.9219
2025-05-11,51,437.0000,472.3832,912.3164,488.3780,1593.1346,4103.0000,4653.8366,4730.5467,4817.1699,1388.1173,691.1467
2025-05-12,51,114.0000,188.4378,765.4014,309.4871,1749.9599,4403.7834,4914.3565,5066.4439,5103.0000,1355.3578,642.7102
2025-05-12,51,292.0000,304.3148,821.6991,373.6004,1728.5649,4228.9980,4729.0010,4930.0515,4924.8078,1361.8988,658.1202
