2017-01-24,38,525.0000,740.4379,961.8824,1165.2025,1473.0000,1796.4099,1925.2881,2053.4316,2183.0000,2435.0000,1745.0000
2017-04-11,38,2126.4939,2019.4563,2379.8336,2712.8817,2972.9898,3301.8511,3455.0000,3571.5822,3651.0000,4329.5858,3993.1412
2017-04-21,38,1196.0000,1704.5000,2327.6113,2908.0000,3110.4699,3427.0000,3562.4704,3907.1508,3738.6269,4296.6874,3927.4187
2017-04-21,38,1873.0000,2157.0000,2616.9367,3110.0559,3223.0000,3491.0000,3625.0000,4011.0992,3831.0000,4391.9683,3940.4724
2017-04-24,38,-9999.0000,-9999.0000,-9999.0000,-9999.0000,-9999.0000,-9999.0000,-9999.0000,-9999.0000,-9999.0000,-9999.0000,-9999.0000
2017-05-01,38,1673.0000,1660.6645,1877.0000,1980.9082,2211.0000,2638.7937,2806.9239,2921.3625,2916.6874,2424.4848,1933.0000
2017-05-04,38,-9999.0000,-9999.0000,-9999.0000,-9999.0000,-9999.0000,-9999.0000,-9999.0000,-9999.0000,-9999.0000,-9999.0000,-9999.0000
2017-05-04,38,-9999.0000,-9999.0000,-9999.0000,-9999.0000,-9999.0000,-9999.0000,-9999.0000,-9999.0000,-9999.0000,-9999.0000,-9999.0000
2017-05-14,38,464.0000,837.6054,1323.1001,1514.7995,1955.0010,2351.0000,2501.2715,2523.3085,2636.3536,2708.9258,2075.5000
2017-05-14,38,858.0000,1107.7014,1506.4327,1660.7639,2045.0160,2412.1379,2540.3612,2570.7756,2684.6655,2725.0000,2095.0000
2017-05-21,38,-9999.0000,-9999.0000,-9999.0000,-9999.0000,-9999.0000,-9999.0000,-9999.0000,-9999.0000,-9999.0000,-9999.0000,-9999.0000
2017-05-21,38,-9999.0000,-9999.0000,-9999.0000,-9999.0000,-9999.0000,-9999.0000,-9999.0000,-9999.0000,-9999.0000,-9999.0000,-9999.0000
2017-05-24,38,1386.0000,1611.0095,2163.8630,2421.1794,2908.0000,3398.5100,3603.0034,3705.7771,3805.0000,3997.3768,3352.9000
2017-05-24,38,1312.0000,1689.1841,2156.2997,2390.9174,2793.6855,3320.4511,3529.9485,3602.5254,3722.8612,3847.3053,3288.3842
2017-05-31,38,2064.0000,2045.3829,2357.8730,2371.1486,2874.1325,3713.8711,3981.0000,3981.0622,4193.0000,3738.7914,2874.1479
2017-06-03,38,1117.0313,1459.9123,1916.8333,2070.9401,2594.0753,3546.7729,3867.0000,3882.8075,4042.9526,3805.5280,3009.0000
2017-06-03,38,1362.0000,1563.2515,2086.9539,2244.9016,2723.0000,3704.0000,4026.1722,4019.9301,4192.9775,3780.8165,2996.6991
2017-06-10,38,1266.0000,1315.0000,1674.9699,1667.8126,2077.2500,3550.0000,4011.5969,4147.5088,4171.5998,3162.0000,2234.8690
2017-06-13,38,789.0000,925.4632,1258.2440,1251.9754,1722.0707,3252.7590,3858.2250,3931.0922,4091.6907,3088.0000,2169.0000
2017-06-13,38,800.0000,1003.0000,1337.6337,1290.4964,1756.9277,3346.0000,4003.6025,4012.7288,4195.4875,3095.0000,2152.6388
2017-06-20,38,242.0000,492.4858,915.5056,909.3597,1474.4790,3380.0000,4211.1026,4298.3349,4427.6376,2917.6220,1941.2683
2017-06-20,38,642.0000,745.5434,1021.6126,932.5295,1419.0646,3418.2403,4308.6256,4379.9265,4531.3320,2922.0525,1932.0000
2017-06-23,38,1263.0000,1357.1287,1513.6940,1379.4234,1773.6326,3243.0000,4066.3577,4053.4455,4304.0000,2595.0000,1718.3373
2017-06-23,38,1398.0000,1556.7980,1666.8046,1459.4218,1826.6041,3454.1472,4368.0000,4317.0000,4596.8287,2604.0000,1714.6241
2017-07-03,38,328.0000,257.9060,427.4651,283.2043,650.3487,2648.5120,3785.6704,3851.6068,3989.3594,1811.5855,970.5025
2017-07-03,38,178.0000,202.9205,395.1341,266.4296,642.5150,2693.0000,3843.0359,3915.5795,4035.5470,1802.4415,961.8360
2017-07-08,38,414.0000,464.9286,618.5006,515.1208,847.0000,2540.0000,3753.8314,3793.2883,3963.1655,1850.5264,1093.0000
2017-07-10,38,1.0000,1.0660,298.9582,219.2340,683.0928,2918.0000,4089.4953,4133.0161,4280.6429,1883.0000,980.0000
2017-07-10,38,113.0000,125.4249,364.1500,219.8829,657.0044,2974.0000,4171.3867,4203.0944,4363.8787,1882.0000,955.4858
2017-07-13,38,1.0000,109.4183,379.5115,316.1450,721.9432,2605.4851,3803.2466,3820.4098,4049.5333,1834.3232,963.8212
2017-07-13,38,57.0000,152.3721,378.3696,282.8785,706.0000,2651.0000,3885.4350,3900.1216,4124.2400,1821.0000,955.5407
2017-07-20,38,613.0000,661.2985,850.7983,698.3839,1132.2629,3000.7811,4043.3804,4035.2982,4347.8619,2168.0000,1189.0988
2017-07-20,38,445.0000,501.1581,715.0275,522.1751,997.4991,3301.9416,4548.6294,4531.2620,4873.8457,2226.1272,1186.0017
2017-07-23,38,166.0000,409.4849,656.3848,580.0000,1001.0000,2541.2117,3476.5914,3493.5352,3797.6954,1938.9773,1067.0000
2017-07-23,38,410.0000,448.6854,626.4296,500.0158,922.2157,2666.5316,3712.9415,3726.2978,4048.3906,1944.0000,1074.5756
2017-07-30,38,-9999.0000,-9999.0000,-9999.0000,-9999.0000,-9999.0000,-9999.0000,-9999.0000,-9999.0000,-9999.0000,-9999.0000,-9999.0000
2017-08-02,38,403.0000,409.3783,602.9651,526.4335,907.0132,2338.3366,3132.3665,3237.0406,3465.5066,2004.0000,1171.1276
2017-08-02,38,199.0000,324.5988,507.4796,440.0000,868.2888,2401.2152,3267.0000,3322.7699,3587.0000,2010.5298,1168.0000
2017-08-09,38,310.0000,403.6224,738.6428,779.0874,1260.0000,2650.3774,3314.1064,3396.2500,3669.9594,2401.3277,1487.0000
2017-08-09,38,320.0000,441.7316,756.8006,772.8294,1209.0000,2666.0000,3314.1617,3373.1341,3645.0000,2361.5484,1443.0000
2017-08-12,38,84.0000,96.5882,139.0000,114.5666,230.3956,662.0000,876.0000,880.3398,964.0000,435.0000,240.2569
2017-08-12,38,1.0000,74.0000,180.0000,245.0000,397.0000,709.0000,844.0000,847.0000,940.0000,603.0000,359.0000
2017-08-19,38,-9999.0000,-9999.0000,-9999.0000,-9999.0000,-9999.0000,-9999.0000,-9999.0000,-9999.0000,-9999.0000,-9999.0000,-9999.0000
2017-08-22,38,425.0000,489.3520,699.2616,724.0600,1076.4336,2104.3495,2601.0000,2802.4766,2972.7915,2243.9670,1448.4652
2017-08-22,38,336.0000,426.5154,627.6066,683.5828,1050.0000,2148.6198,2651.7134,2871.0000,3009.5421,2238.4038,1435.0010
2017-08-29,38,182.0000,317.3937,565.4088,682.9377,1036.8277,1883.0000,2213.0932,2412.7231,2516.9791,2186.1824,1428.5629
2017-08-29,38,340.1689,445.2805,608.8829,682.2627,1013.3735,1885.0000,2226.3959,2402.5210,2532.1227,2155.4975,1402.8305
2017-09-08,38,241.0000,373.9344,557.4626,635.5057,977.9218,1716.7437,1969.8205,2083.3364,2233.0000,2050.2367,1350.0000
2017-09-08,38,315.0000,349.6856,561.0971,651.3871,964.0024,1729.0000,1995.1213,2099.6222,2243.3705,2018.8661,1330.3219
2017-09-18,38,435.0000,385.5306,562.1968,619.7944,939.0869,1599.0000,1786.2458,1895.9547,2027.0000,1995.9899,1388.5187
2017-09-18,38,248.0000,390.0152,625.3853,693.5476,985.9524,1629.5355,1828.4995,1926.0000,2021.8972,1941.5711,1348.0000
2017-09-21,38,373.0000,369.4855,458.0754,476.0467,708.2622,1242.3829,1451.3986,1528.3726,1652.5360,1570.1427,1083.4149
2017-09-21,38,404.0000,397.1758,473.4850,481.0186,730.2915,1248.0000,1452.6758,1560.0448,1643.7275,1580.6553,1085.7428
2017-09-28,38,284.0000,405.1815,585.4344,659.2259,954.7223,1493.6165,1664.0000,1764.2381,1891.3189,1973.5885,1364.0927
2017-09-28,38,587.0000,637.8350,737.5663,742.2177,1019.9301,1541.8216,1731.9607,1795.1839,1897.0000,1915.0018,1345.0451
2017-10-01,38,-9999.0000,-9999.0000,-9999.0000,-9999.0000,-9999.0000,-9999.0000,-9999.0000,-9999.0000,-9999.0000,-9999.0000,-9999.0000
2017-10-08,38,-9999.0000,-9999.0000,-9999.0000,-9999.0000,-9999.0000,-9999.0000,-9999.0000,-9999.0000,-9999.0000,-9999.0000,-9999.0000
2017-10-08,38,-9999.0000,-9999.0000,-9999.0000,-9999.0000,-9999.0000,-9999.0000,-9999.0000,-9999.0000,-9999.0000,-9999.0000,-9999.0000
2017-10-11,38,-9999.0000,-9999.0000,-9999.0000,-9999.0000,-9999.0000,-9999.0000,-9999.0000,-9999.0000,-9999.0000,-9999.0000,-9999.0000
2017-10-18,38,-9999.0000,-9999.0000,-9999.0000,-9999.0000,-9999.0000,-9999.0000,-9999.0000,-9999.0000,-9999.0000,-9999.0000,-9999.0000
2017-10-31,38,746.0000,969.8508,1097.0000,1220.7934,1584.0000,2070.2215,2229.9832,2569.7582,2513.0000,2837.0000,2065.7081
2017-10-31,38,815.0000,1049.1869,1164.8361,1246.1524,1603.0000,2104.3065,2267.1109,2550.9039,2504.6654,2821.0000,2057.3528
2017-11-10,38,305.0000,250.4747,418.0000,517.3686,740.0000,1073.5353,1176.0000,1307.9148,1322.8076,1186.3200,765.0000
2017-11-10,38,356.0000,404.0000,464.5828,501.0000,713.0000,1068.0000,1179.8892,1305.3391,1328.0000,1211.2753,758.4229
2017-11-17,38,-9999.0000,-9999.0000,-9999.0000,-9999.0000,-9999.0000,-9999.0000,-9999.0000,-9999.0000,-9999.0000,-9999.0000,-9999.0000
2017-11-17,38,-9999.0000,-9999.0000,-9999.0000,-9999.0000,-9999.0000,-9999.0000,-9999.0000,-9999.0000,-9999.0000,-9999.0000,-9999.0000
2017-11-20,38,257.0000,577.6329,802.5373,986.0000,1268.0000,1642.4892,1795.6345,1860.0992,1963.0000,2114.6104,1551.0000
2017-11-20,38,612.0000,737.6379,853.3244,981.1951,1249.3933,1635.0000,1768.4878,1876.8299,1994.4724,2115.3680,1533.6786
2017-11-27,38,1.0000,393.3529,673.2363,865.5088,1254.8632,1809.1030,1961.4917,2118.7048,2222.0000,1972.0000,1245.1782
2017-11-27,38,278.0000,493.6673,732.5368,884.7374,1242.5410,1716.5849,1876.1331,2040.0823,2148.5946,1884.9967,1196.4079
2017-12-07,38,441.0000,672.4391,941.9625,1105.2414,1552.4994,2067.3029,2203.8969,2296.2522,2428.0807,2156.0110,1420.4834
2017-12-17,38,1.0000,299.0000,561.9813,752.8923,1205.8352,1809.0000,1972.8312,2184.8445,2253.3008,1725.2525,1065.0000
2017-12-17,38,195.0000,424.7681,637.5499,785.5848,1177.0974,1729.7005,1892.6906,2088.1887,2112.1797,1656.0000,1021.4645
2017-12-20,38,173.0000,433.0693,645.2509,781.4442,1153.1180,1612.3324,1792.0000,1972.8007,2017.0000,1766.0000,1149.4712
2017-12-20,38,247.0000,466.2071,653.1214,789.1293,1161.0000,1636.0000,1794.3474,1971.2238,2027.0000,1758.0000,1153.5467
2017-12-22,38,-9999.0000,-9999.0000,-9999.0000,-9999.0000,-9999.0000,-9999.0000,-9999.0000,-9999.0000,-9999.0000,-9999.0000,-9999.0000
2017-12-25,38,1215.0000,1408.6954,1574.4311,1596.0459,1938.6446,2287.0000,2426.0000,2562.0137,2601.0000,2070.4343,1401.0000
2017-12-25,38,997.0000,1270.9021,1514.3761,1585.1358,1928.2183,2358.0246,2541.3538,2721.9636,2741.0377,2116.6116,1393.9876
2018-01-06,38,-9999.0000,-9999.0000,-9999.0000,-9999.0000,-9999.0000,-9999.0000,-9999.0000,-9999.0000,-9999.0000,-9999.0000,-9999.0000
2018-01-11,38,321.0000,954.2890,1209.8037,1246.0432,1593.9810,2291.3881,2620.7201,2803.0860,2858.5873,2388.0000,1657.3119
2018-01-11,38,626.0000,1121.6434,1313.8348,1310.3769,1658.0000,2257.5246,2514.0000,2741.0441,2762.8061,2348.6254,1681.0000
2018-01-14,38,487.0000,777.9448,1012.6924,1121.4252,1476.9527,1936.0000,2109.9011,2262.8478,2278.0000,2012.6042,1721.7447
2018-01-14,38,438.5469,837.8527,1045.8901,1125.7232,1397.3073,1853.4054,2040.9353,2213.0993,2212.0000,1955.0000,1630.5411
2018-01-19,38,-9999.0000,-9999.0000,-9999.0000,-9999.0000,-9999.0000,-9999.0000,-9999.0000,-9999.0000,-9999.0000,-9999.0000,-9999.0000
2018-01-19,38,-9999.0000,-9999.0000,-9999.0000,-9999.0000,-9999.0000,-9999.0000,-9999.0000,-9999.0000,-9999.0000,-9999.0000,-9999.0000
2018-01-21,38,14.0000,358.0000,558.2717,841.4404,1043.8020,1203.0162,1287.8990,1367.2977,1397.1461,1611.9149,1218.3515
2018-01-21,38,274.0000,532.8252,674.7538,889.8452,1065.0000,1219.5863,1308.2836,1366.6635,1416.0004,1536.0000,1177.0712
2018-02-08,38,-9999.0000,-9999.0000,-9999.0000,-9999.0000,-9999.0000,-9999.0000,-9999.0000,-9999.0000,-9999.0000,-9999.0000,-9999.0000
2018-02-10,38,243.0000,557.2829,745.3758,1065.0646,1297.3515,1476.2364,1597.9800,1676.6286,1703.0000,1857.0000,1437.0179
2018-02-10,38,306.0000,621.2412,841.1421,1086.0067,1284.0000,1458.7388,1547.6435,1554.5036,1669.1111,1803.0000,1393.3555
2018-02-13,38,1216.0000,1364.1657,1459.0000,1556.5077,1722.0000,1878.0000,1969.8103,2080.3058,2026.7355,1288.0000,1094.0000
2018-02-13,38,1237.0000,1395.0000,1492.0000,1592.2411,1731.0000,1918.0000,2017.4676,2153.7320,2088.0000,1319.0000,1107.0000
2018-02-25,38,1399.0000,1694.0909,2003.3810,2264.4531,2461.0000,2633.5191,2735.0000,2866.1883,2891.0000,3004.0950,2656.8272
2018-02-25,38,1444.0000,1740.1529,2050.6086,2308.5200,2456.0000,2665.0000,2771.0452,2875.1691,2875.8351,2981.0000,2658.7517
2018-02-28,38,1344.0000,1641.4161,1909.3428,2140.1220,2342.0000,2477.9376,2557.0000,2641.9671,2680.7021,3157.6403,2866.0333
2018-02-28,38,1454.0000,1689.3173,1940.5080,2155.1222,2356.0000,2481.4252,2577.4819,2657.3838,2694.0000,3155.9767,2840.0000
2018-03-12,38,-9999.0000,-9999.0000,-9999.0000,-9999.0000,-9999.0000,-9999.0000,-9999.0000,-9999.0000,-9999.0000,-9999.0000,-9999.0000
2018-03-20,38,-9999.0000,-9999.0000,-9999.0000,-9999.0000,-9999.0000,-9999.0000,-9999.0000,-9999.0000,-9999.0000,-9999.0000,-9999.0000
2018-03-20,38,-9999.0000,-9999.0000,-9999.0000,-9999.0000,-9999.0000,-9999.0000,-9999.0000,-9999.0000,-9999.0000,-9999.0000,-9999.0000
2018-03-22,38,737.0000,1154.0609,1484.8240,1816.8565,2038.0000,2228.7687,2346.4414,2529.6040,2480.0000,2896.0000,2454.0000
2018-03-22,38,682.0000,1099.8539,1452.9160,1757.5837,1951.0000,2156.0000,2275.0000,2441.3333,2431.0000,2808.0000,2494.6823
2018-03-25,38,929.0000,1264.0000,1547.1778,1785.0000,2019.7755,2218.0000,2366.0000,2370.6621,2506.0000,2888.0000,2595.9778
2018-03-25,38,964.0000,1273.3290,1546.9343,1787.1284,2033.6468,2225.9532,2370.9590,2386.6023,2520.0000,2875.3343,2609.6660
2018-03-27,38,1745.0000,1773.3463,1974.1250,2170.1573,2512.0000,2831.0000,2958.0000,3121.6040,3126.3768,3666.4088,3160.0000
2018-03-27,38,1733.0000,1781.3333,1977.5951,2172.0000,2508.0000,2805.0000,2941.0000,3129.7418,3116.8645,3571.9906,3075.0000
2018-03-30,38,-9999.0000,-9999.0000,-9999.0000,-9999.0000,-9999.0000,-9999.0000,-9999.0000,-9999.0000,-9999.0000,-9999.0000,-9999.0000
2018-03-30,38,-9999.0000,-9999.0000,-9999.0000,-9999.0000,-9999.0000,-9999.0000,-9999.0000,-9999.0000,-9999.0000,-9999.0000,-9999.0000
2018-04-01,38,861.0000,1130.1167,1451.3236,1706.8781,2009.3080,2274.1957,2425.4062,2589.0144,2555.0000,2577.1257,2057.6229
2018-04-01,38,950.0000,1139.0660,1427.1156,1675.4661,1956.0000,2237.7937,2401.7585,2555.1804,2522.2640,2550.0000,2030.3685
2018-04-06,38,617.0000,870.5296,1233.2283,1500.3153,1750.0000,2009.3272,2139.0000,2267.9600,2273.3236,2450.3745,1896.6604
2018-04-06,38,700.0000,917.1660,1233.0587,1466.9182,1695.0000,1978.1782,2109.5018,2218.9532,2222.0495,2389.7228,1867.0000
2018-04-11,38,1893.0000,1881.1487,2089.1307,2133.6374,2462.0000,2714.0000,2869.4716,2880.6738,2921.0000,2573.0000,2086.0000
2018-04-14,38,600.0000,901.5972,1197.2881,1387.2161,1660.7325,2001.0000,2170.3787,2276.5285,2264.0000,2318.1722,1886.9347
2018-04-14,38,668.5061,925.1116,1210.2109,1372.0198,1660.8789,2009.8743,2170.4170,2267.8379,2272.0000,2308.8180,1878.0000
2018-04-16,38,1278.0000,1458.3737,1800.6174,1861.9252,2240.4493,2692.3628,2834.0303,2825.4699,2921.7794,2639.0000,2068.0000
2018-04-16,38,1227.0000,1446.3562,1794.2531,1846.3589,2196.3101,2639.0000,2773.0000,2800.3411,2880.9329,2606.0000,2044.4170
2018-04-19,38,934.0000,1252.5989,1700.2071,1890.8849,2240.0000,2742.6397,2940.8454,3073.9574,3027.2563,3089.1898,2587.5709
2018-04-19,38,923.0000,1244.3333,1676.0288,1860.2037,2202.4949,2693.0000,2868.5806,3042.4123,2997.0000,3053.0000,2617.0596
2018-04-21,38,1051.0000,1484.8977,1971.0232,2150.6032,2629.0000,3219.0000,3476.0113,3700.5291,3589.7455,3590.0000,3148.0000
2018-04-21,38,907.0000,1371.4286,1859.4462,2070.5364,2499.1215,3091.0000,3346.8257,3556.0157,3442.3975,3467.0000,3092.5690
2018-04-24,38,1344.0000,1610.2378,1909.8352,1923.1242,2419.8948,3073.4941,3365.6336,3372.5484,3455.0000,3428.7029,3059.3566
2018-04-24,38,1448.0000,1650.2991,1916.9585,1899.2109,2368.0000,3045.9697,3346.0141,3356.9293,3465.4802,3355.6569,3078.4340
2018-04-26,38,1196.0000,1466.8969,1914.6811,2105.5557,2522.4904,3252.0000,3471.0000,3562.0147,3595.4251,3512.0000,3043.1456
2018-04-26,38,1099.0000,1386.6244,1859.5714,2056.2073,2480.0000,3218.0000,3449.2753,3500.5552,3580.0000,3474.1430,3002.6174
2018-04-29,38,1057.0000,1355.7787,1730.8499,1938.9711,2291.6614,3018.2870,3258.5305,3338.6911,3421.0000,3193.0000,2766.0000
2018-04-29,38,1086.0000,1355.5481,1722.9715,1899.2394,2291.4866,3007.0000,3276.0258,3313.7331,3411.7529,3190.0000,2751.0000
2018-05-04,38,1218.0000,1442.5000,1632.9435,1581.7925,1938.1597,2528.0000,2769.4922,2779.7500,2858.4439,2011.0000,1500.0000
2018-05-04,38,1223.0000,1475.0000,1669.0868,1609.5766,1973.0000,2571.0000,2837.4510,2836.4046,2905.0000,2024.5320,1521.0000
2018-05-06,38,842.0000,978.2399,1305.0404,1264.5000,1710.0000,2589.6961,2812.8374,2798.0000,2956.1928,2321.1705,1644.2745
2018-05-06,38,730.0987,928.0337,1285.0388,1253.2288,1722.0000,2702.4590,2922.6364,2898.6879,3062.0066,2353.4960,1633.5659
2018-05-09,38,922.0000,1188.6659,1541.0000,1626.8509,2014.0000,2749.0663,3014.5692,3083.5021,3187.0000,2807.0000,2345.3728
2018-05-09,38,835.0000,1158.4180,1534.2465,1626.6645,2017.0000,2757.9452,3003.0000,3075.0074,3142.0000,2801.0000,2340.0000
2018-05-11,38,-9999.0000,-9999.0000,-9999.0000,-9999.0000,-9999.0000,-9999.0000,-9999.0000,-9999.0000,-9999.0000,-9999.0000,-9999.0000
2018-05-11,38,-9999.0000,-9999.0000,-9999.0000,-9999.0000,-9999.0000,-9999.0000,-9999.0000,-9999.0000,-9999.0000,-9999.0000,-9999.0000
2018-05-16,38,-9999.0000,-9999.0000,-9999.0000,-9999.0000,-9999.0000,-9999.0000,-9999.0000,-9999.0000,-9999.0000,-9999.0000,-9999.0000
2018-05-16,38,-9999.0000,-9999.0000,-9999.0000,-9999.0000,-9999.0000,-9999.0000,-9999.0000,-9999.0000,-9999.0000,-9999.0000,-9999.0000
2018-05-19,38,1060.0000,1442.5988,1931.0203,2279.4684,2581.0000,3030.9884,3254.0000,3355.3075,3429.4896,3579.0721,3114.5833
2018-05-19,38,1140.0000,1468.3670,1924.0000,2232.1048,2531.1560,2999.0000,3247.0000,3337.9602,3397.2100,3592.0000,3113.3517
2018-05-21,38,1496.0000,2137.0000,2662.0326,3013.9167,3318.1803,3822.4505,4137.0000,4236.0244,4304.5163,4584.8340,4276.5315
2018-05-21,38,1537.0000,2123.3010,2633.4899,2983.3726,3288.3000,3812.9905,4128.0000,4211.7199,4293.9787,4507.0000,4298.1610
2018-05-24,38,-9999.0000,-9999.0000,-9999.0000,-9999.0000,-9999.0000,-9999.0000,-9999.0000,-9999.0000,-9999.0000,-9999.0000,-9999.0000
2018-05-24,38,-9999.0000,-9999.0000,-9999.0000,-9999.0000,-9999.0000,-9999.0000,-9999.0000,-9999.0000,-9999.0000,-9999.0000,-9999.0000
2018-05-26,38,1512.0000,1955.9911,2549.4906,2807.8711,3207.1467,3861.9980,4099.0000,4121.8857,4287.0000,4488.0416,3898.7630
2018-05-26,38,1432.0000,1827.8268,2426.6846,2696.8053,3066.8019,3779.0000,4004.4649,4036.0182,4185.5639,4372.5106,3834.0000
2018-05-31,38,1441.0000,1830.0000,2185.2738,2467.1048,2755.7582,3081.8048,3371.0000,3340.8848,3505.7315,3817.8984,3597.2557
2018-05-31,38,1457.0000,1828.9723,2186.0836,2467.2651,2766.0678,3084.0000,3372.7530,3353.1910,3517.1086,3813.0285,3558.0174
2018-06-03,38,1227.0000,1642.6263,2035.6991,2379.4293,2613.0000,2901.8243,3171.0000,3205.1489,3317.9195,3781.1284,3600.0000
2018-06-03,38,1265.0000,1656.8487,2059.3290,2395.4280,2636.9403,2929.2754,3217.4967,3228.3400,3369.5989,3782.0000,3613.2717
2018-06-05,38,1425.5579,1812.2795,2282.9271,2678.7178,3006.3944,3338.0904,3516.7049,3523.6413,3728.0000,4244.0010,3926.1363
2018-06-05,38,1433.6423,1778.9097,2227.2511,2610.6463,2912.0000,3301.3037,3510.0217,3483.9608,3692.4669,4177.4859,3851.0654
2018-06-10,38,1020.0000,1346.6318,1720.9677,1978.4090,2278.0000,2685.1393,2970.8761,2930.4838,3108.3800,3236.7157,2666.0000
2018-06-10,38,885.0000,1248.5585,1659.1779,1923.3478,2214.0000,2657.0251,2954.3636,2883.9550,3082.7277,3187.9473,2646.0000
2018-06-13,38,1185.0000,1562.8645,2058.9627,2340.1197,2716.0154,3206.5880,3525.4938,3557.1420,3703.0000,3802.8646,3316.0000
2018-06-13,38,1343.0000,1658.9112,2092.0000,2327.3178,2676.1707,3224.0000,3564.9021,3550.0000,3710.1980,3777.5704,3335.0000
2018-06-15,38,788.2793,937.2851,1141.3221,1194.8884,1332.7603,1522.0010,1599.0000,1584.7286,1634.0000,1549.1270,1249.0000
2018-06-15,38,819.0000,969.1348,1152.9960,1218.9445,1324.0000,1525.2898,1592.1155,1597.6372,1630.4095,1534.5211,1244.0000
2018-06-18,38,-9999.0000,-9999.0000,-9999.0000,-9999.0000,-9999.0000,-9999.0000,-9999.0000,-9999.0000,-9999.0000,-9999.0000,-9999.0000
2018-06-18,38,1901.0000,2070.0000,2446.0000,2552.0000,2945.0000,3544.0000,3789.0000,3852.0000,3924.0000,3561.0000,2865.0000
2018-06-20,38,1577.0000,2265.0000,2854.8741,3154.0152,3603.9243,4108.6361,4425.6212,4442.8896,4561.7432,4819.5848,4311.6048
2018-06-20,38,1475.0000,2044.7702,2630.0000,2965.2934,3363.4333,3952.9971,4286.2101,4308.0000,4408.6291,4714.1317,4252.0000
2018-06-23,38,555.0000,925.8313,1337.7496,1570.3579,1908.0000,2473.8596,2716.6433,2826.7247,2859.0069,2736.0000,2080.5038
2018-06-23,38,750.0000,1020.2870,1368.4645,1555.2352,1883.0000,2466.5264,2721.0000,2826.9173,2874.6349,2721.2862,2081.1785
2018-06-30,38,1132.0000,1505.0211,2027.8585,2075.5435,2777.0097,3932.6327,4363.5514,4400.6773,4524.1452,4163.8067,3357.0000
2018-06-30,38,1117.5569,1451.6078,1937.9443,1978.0450,2644.7142,3820.2956,4234.9807,4272.0170,4404.3814,4076.0000,3285.2208
2018-07-03,38,1265.0000,1450.0000,1732.9613,1649.5399,2092.7669,3229.9632,3743.0000,3691.2231,3882.0788,2880.6288,2150.0034
2018-07-03,38,1320.0000,1532.5272,1813.0273,1697.4880,2141.3359,3312.4824,3834.0000,3770.8330,3961.8375,2891.0000,2177.0000
2018-07-05,38,996.0000,1147.1986,1612.0271,1555.5726,2243.3983,4131.7786,4643.9478,4642.1327,4915.9198,3784.0000,2653.6106
2018-07-05,38,871.0000,1066.1303,1573.0111,1554.1071,2234.0000,4125.0000,4636.4257,4646.1149,4867.3890,3771.0146,2647.0000
2018-07-08,38,629.0000,746.2742,1036.5399,865.3430,1416.6467,3117.0000,3646.0000,3624.2202,3818.7292,2249.2585,1382.2052
2018-07-10,38,-9999.0000,-9999.0000,-9999.0000,-9999.0000,-9999.0000,-9999.0000,-9999.0000,-9999.0000,-9999.0000,-9999.0000,-9999.0000
2018-07-13,38,171.0000,387.9835,763.9552,587.0279,1235.4212,3697.0000,4559.0000,4650.9268,4711.7768,2653.0000,1564.0000
2018-07-13,38,407.0000,520.8669,810.2888,603.7668,1235.8585,3603.9076,4476.6863,4562.5236,4595.0000,2633.0000,1564.1368
2018-07-15,38,631.0000,582.1235,900.2381,642.9281,1314.1984,4138.0000,5034.0000,5068.0000,5271.0000,2939.2469,1653.7163
2018-07-15,38,552.0000,573.0853,883.6134,626.0145,1314.0000,4162.0000,4998.3529,5044.2310,5258.0070,2906.0000,1618.4337
2018-07-18,38,417.0000,442.2214,700.0670,500.1186,1075.8867,3756.0000,4805.7206,5044.8034,5036.4902,2530.9079,1387.4444
2018-07-18,38,448.0000,466.8044,708.6398,499.8841,1092.4801,3764.0413,4842.0000,5015.8126,5066.2893,2521.0674,1380.0714
2018-07-20,38,548.0000,611.3942,817.1273,588.5236,1172.5656,3931.0000,5260.0000,5379.4587,5500.0000,2842.0000,1530.9645
2018-07-20,38,353.0000,539.4255,802.7497,579.2085,1179.4406,3872.9776,5176.0000,5301.2727,5378.0000,2802.7938,1515.3281
2018-07-23,38,-9999.0000,-9999.0000,-9999.0000,-9999.0000,-9999.0000,-9999.0000,-9999.0000,-9999.0000,-9999.0000,-9999.0000,-9999.0000
2018-07-23,38,-9999.0000,-9999.0000,-9999.0000,-9999.0000,-9999.0000,-9999.0000,-9999.0000,-9999.0000,-9999.0000,-9999.0000,-9999.0000
2018-07-25,38,483.0000,475.1614,692.8993,466.5818,1034.9159,4004.0000,5242.3791,5397.2872,5510.8779,2657.0000,1395.1661
2018-07-25,38,380.0000,435.9419,691.4916,492.0821,1050.7660,3838.0000,5081.3955,5225.2420,5367.0000,2600.0000,1372.7812
2018-07-28,38,424.5332,429.9440,620.8370,428.0254,922.1489,3552.5316,4927.0000,4963.8647,5190.9625,2316.0364,1187.8010
2018-07-28,38,397.0000,457.0000,651.2544,468.2411,957.0000,3445.0000,4739.0582,4837.8969,4994.3763,2290.5725,1171.5502
2018-07-30,38,340.5705,381.7372,539.6203,363.1397,892.8042,3635.5819,5242.0000,5299.5915,5483.9077,2523.9602,1292.6581
2018-07-30,38,247.0000,363.7535,571.4849,403.9195,930.6177,3508.5076,5023.0000,5093.0203,5246.5535,2482.0024,1289.0000
2018-08-02,38,175.0000,211.4431,443.4690,315.1258,761.8699,3452.0000,5102.4842,5132.4950,5388.1828,2192.9598,1098.7938
2018-08-02,38,177.0000,316.0617,515.2487,364.1817,804.6925,3405.1067,5012.0000,4998.9414,5288.4850,2194.4973,1097.6962
2018-08-04,38,365.0000,360.4766,538.8402,352.6640,857.5562,3687.0000,5027.5251,5158.0039,5315.3635,2385.0000,1170.2742
2018-08-04,38,212.0000,289.3549,513.2654,355.4992,861.2655,3628.6327,4930.0000,5044.8942,5251.8282,2357.5467,1163.8286
2018-08-07,38,183.0000,251.0191,451.7257,308.4146,772.2536,3266.9292,4651.4887,4723.5207,4995.0000,2073.2311,987.2659
2018-08-07,38,212.0000,259.1554,450.3461,323.5571,756.3326,3249.3985,4607.0000,4706.1821,4915.8268,2067.4632,988.0893
2018-08-09,38,464.0000,482.4247,595.3346,418.6871,883.9306,3270.0000,4846.0000,4833.7288,5164.1949,2286.1758,1153.5511
2018-08-09,38,348.0000,470.3059,611.2863,451.3253,883.4236,3172.5814,4652.0000,4692.0000,4918.0000,2254.0000,1148.7180
2018-08-12,38,87.0000,260.9503,451.8284,331.4326,732.6975,3044.2241,4437.6375,4570.9007,4726.0000,1948.3995,986.0259
2018-08-12,38,230.0000,341.0073,499.8852,347.8042,740.6282,3036.3610,4418.0000,4533.0439,4696.0285,1939.7084,964.6368
2018-08-14,38,878.0000,904.0000,1156.0000,996.0000,1558.0000,4018.0000,5084.0000,5045.0031,5446.0000,2689.0000,1499.0000
2018-08-14,38,934.0000,875.6066,1082.0000,931.4653,1528.4439,3985.6005,5036.6871,5018.0000,5481.0000,2636.0000,1449.0000
2018-08-17,38,246.0000,264.9952,435.4762,267.2951,732.1249,3262.0000,4517.6650,4676.0000,4785.4531,1924.5417,907.1607
2018-08-17,38,286.0000,257.6435,435.5000,291.6177,731.9968,3230.0269,4420.0000,4661.6659,4711.9387,1914.3865,896.5504
2018-08-19,38,33.0000,251.4092,490.9662,339.7500,841.8850,3337.2574,4760.9941,4902.2857,5046.8317,2193.0093,1098.9370
2018-08-19,38,249.0000,404.9748,588.1030,409.7401,884.8376,3194.4881,4554.4012,4672.0000,4788.0000,2131.8075,1075.1143
2018-08-22,38,237.0000,441.5373,643.6174,514.9102,923.1232,3007.0000,4127.0000,4246.9803,4392.7324,1948.0304,1060.9743
2018-08-22,38,328.0000,506.0696,684.3314,539.1076,941.4983,2988.1635,4123.8458,4208.0000,4393.2461,1946.4836,1061.7159
2018-08-24,38,-9999.0000,-9999.0000,-9999.0000,-9999.0000,-9999.0000,-9999.0000,-9999.0000,-9999.0000,-9999.0000,-9999.0000,-9999.0000
2018-08-24,38,-9999.0000,-9999.0000,-9999.0000,-9999.0000,-9999.0000,-9999.0000,-9999.0000,-9999.0000,-9999.0000,-9999.0000,-9999.0000
2018-08-27,38,328.0000,280.8380,444.1425,245.0414,752.8145,3368.0000,4422.4140,4709.4960,4659.0000,1944.3523,897.9699
2018-08-27,38,346.0000,296.9152,451.2983,250.9746,758.0000,3357.0000,4420.0000,4729.1512,4691.0000,1949.0014,896.0000
2018-08-29,38,477.0000,601.1310,772.8383,547.9218,1059.3349,3247.0000,4295.0000,4580.1004,4621.0000,2160.6357,1131.8505
2018-08-29,38,318.0000,525.0193,741.1308,555.8189,1065.3937,3201.9380,4254.4123,4488.0000,4520.1777,2133.0650,1114.2205
2018-09-01,38,488.0000,505.3273,661.8868,421.0517,970.0476,3125.3711,4000.0000,3973.8841,4254.0000,1798.0000,958.9872
2018-09-01,38,526.0000,544.6046,685.8028,437.8858,973.0082,3126.4113,3924.0966,3894.8966,4168.0000,1735.0000,956.0000
2018-09-03,38,499.0000,509.5448,788.1427,491.9753,1243.5018,4092.0000,4946.0000,5075.7265,5275.3943,2453.0000,1177.8820
2018-09-03,38,519.0000,421.2549,731.8782,420.2854,1232.0000,4188.4907,5183.0000,5252.0000,5510.5207,2455.0000,1172.1329
2018-09-06,38,47.0000,212.6194,611.5704,410.9149,1233.7985,3471.0000,4187.0799,4343.3991,4554.4243,2087.0000,1033.3452
2018-09-06,38,446.0000,512.9793,772.6794,514.0500,1250.0000,3299.0000,4010.3105,4120.0000,4365.0000,2043.7387,1018.5886
2018-09-08,38,32.0000,258.5447,650.2934,394.4628,1280.7066,3454.0000,4221.1318,4354.7688,4525.0000,2150.9437,1109.6611
2018-09-08,38,128.0000,306.9745,667.0066,412.3767,1267.0000,3402.0000,4129.0000,4278.3134,4368.1567,2113.2381,1083.4383
2018-09-16,38,159.0000,361.2341,859.0645,802.6756,1640.9183,2685.0000,3058.0431,3203.4431,3416.8101,2133.3378,1219.6725
2018-09-16,38,564.0000,561.1283,924.6123,811.9020,1631.0000,2649.6191,2987.5785,3186.7740,3378.9013,2124.0081,1219.1814
2018-09-18,38,153.0000,437.0964,883.2155,914.7102,1709.4941,2531.1256,2945.9515,3090.5876,3299.0000,2418.9361,1546.8078
2018-09-18,38,291.0000,526.3313,915.0783,923.4462,1681.7409,2466.0000,2870.7899,2994.9011,3227.4079,2356.3533,1506.4397
2018-09-21,38,503.0000,550.3487,786.8305,860.5551,1410.0000,2029.4483,2335.0000,2499.4542,2673.0000,2305.3573,1587.0000
2018-09-21,38,381.0000,529.7973,787.3192,867.4824,1405.0000,2001.6193,2321.1598,2506.5073,2666.0000,2293.4041,1570.0000
2018-09-23,38,-9999.0000,-9999.0000,-9999.0000,-9999.0000,-9999.0000,-9999.0000,-9999.0000,-9999.0000,-9999.0000,-9999.0000,-9999.0000
2018-09-23,38,-9999.0000,-9999.0000,-9999.0000,-9999.0000,-9999.0000,-9999.0000,-9999.0000,-9999.0000,-9999.0000,-9999.0000,-9999.0000
2018-09-26,38,548.0000,522.8485,738.8491,884.1704,1322.5215,1899.0000,2174.5534,2499.7954,2548.9680,2334.3960,1579.5149
2018-09-26,38,533.0000,555.9724,755.8428,890.3619,1331.2650,1907.3358,2194.6546,2498.8216,2564.8575,2324.1903,1580.9817
2018-09-28,38,352.0000,516.2081,764.6067,987.4521,1451.0343,2016.5718,2300.0000,2546.7852,2676.0000,2586.4129,1838.0000
2018-09-28,38,463.0000,579.9130,779.9894,970.3939,1440.5148,1984.4938,2275.5138,2523.1653,2660.5902,2538.7526,1796.4274
2018-10-03,38,367.0000,473.1742,765.4545,987.5997,1430.8839,1964.0000,2189.0000,2386.9278,2551.0000,2378.5861,1650.0807
2018-10-03,38,571.0000,597.6195,795.0290,971.0497,1412.9854,1948.6801,2197.7317,2370.1927,2538.0000,2378.6173,1641.8584
2018-10-08,38,833.0000,954.1327,1198.0000,1281.5401,1640.0000,2076.0000,2333.0000,2418.4623,2565.2926,2469.2406,2085.0000
2018-10-08,38,952.0000,1064.9469,1246.0000,1300.7056,1652.0000,2045.7851,2285.6865,2332.0081,2502.0000,2389.0000,2079.0000
2018-10-11,38,469.0000,585.9175,738.8036,868.1639,1194.0337,1589.4568,1812.4408,1897.8465,2030.0246,2038.4594,1561.9908
2018-10-11,38,-9999.0000,-9999.0000,-9999.0000,-9999.0000,-9999.0000,-9999.0000,-9999.0000,-9999.0000,-9999.0000,-9999.0000,-9999.0000
2018-10-13,38,755.0000,882.1579,1197.8378,1377.5149,1769.3381,2304.0000,2508.1936,2771.6781,2803.8950,2764.2423,1979.3206
2018-10-13,38,593.0000,821.6662,1156.4029,1377.7826,1803.2319,2326.0308,2515.0000,2790.6859,2819.0000,2754.9170,1948.0000
2018-10-18,38,695.0000,866.0374,1072.7667,1306.4724,1648.0000,2028.8947,2261.0000,2300.0576,2484.0000,2708.2891,1988.0000
2018-10-18,38,670.0000,912.5619,1088.0000,1289.4636,1622.0000,1976.0000,2229.0000,2266.2458,2461.0309,2667.0000,1988.0221
2018-10-21,38,759.0000,854.7883,1001.3629,1096.4802,1361.9990,1706.9126,1898.1334,2009.2066,2089.7657,2542.0000,2053.3297
2018-10-21,38,709.0000,874.4975,1013.1715,1093.6349,1348.5501,1706.6614,1898.3433,2007.4426,2124.5387,2510.0000,2052.4550
2018-10-23,38,681.0000,796.9018,1098.6928,1297.9406,1641.0000,2094.5785,2258.0000,2454.4456,2530.3282,2947.1384,2242.0519
2018-10-23,38,743.0000,901.9834,1145.2900,1299.2362,1593.8960,2028.0000,2215.0000,2359.1852,2454.3050,2828.7751,2174.3854
2018-10-31,38,457.0000,662.2922,865.4468,947.7447,1296.9660,1723.9678,1890.5572,2010.8609,2116.4095,2301.0051,1738.0000
2018-10-31,38,452.0000,693.9002,881.5178,941.3273,1285.7887,1720.0391,1899.4339,2010.0527,2110.2439,2293.0000,1732.0000
2018-11-05,38,-9999.0000,-9999.0000,-9999.0000,-9999.0000,-9999.0000,-9999.0000,-9999.0000,-9999.0000,-9999.0000,-9999.0000,-9999.0000
2018-11-05,38,-9999.0000,-9999.0000,-9999.0000,-9999.0000,-9999.0000,-9999.0000,-9999.0000,-9999.0000,-9999.0000,-9999.0000,-9999.0000
2018-11-12,38,-9999.0000,-9999.0000,-9999.0000,-9999.0000,-9999.0000,-9999.0000,-9999.0000,-9999.0000,-9999.0000,-9999.0000,-9999.0000
2018-11-12,38,-9999.0000,-9999.0000,-9999.0000,-9999.0000,-9999.0000,-9999.0000,-9999.0000,-9999.0000,-9999.0000,-9999.0000,-9999.0000
2018-11-15,38,556.0000,667.0000,937.8034,829.0000,1301.3104,2004.0929,2178.6589,2374.6238,2350.1098,2258.7819,1575.0000
2018-11-15,38,562.0000,686.6142,945.2646,832.5235,1302.7121,1995.9027,2197.4574,2356.8840,2345.6200,2251.4775,1566.1743
2018-11-17,38,287.0000,498.2254,786.3957,708.5383,1305.0000,2209.2249,2449.7333,2711.7119,2597.0000,2502.0000,1771.3157
2018-11-17,38,524.0000,721.1513,917.8514,810.1086,1301.2656,2074.9096,2289.9245,2537.2328,2410.9111,2396.0000,1698.0000
2018-12-05,38,-9999.0000,-9999.0000,-9999.0000,-9999.0000,-9999.0000,-9999.0000,-9999.0000,-9999.0000,-9999.0000,-9999.0000,-9999.0000
2018-12-07,38,660.0000,896.2767,1016.0000,890.2433,1205.2673,1742.0000,1890.9183,1962.3137,1979.5149,1400.0000,936.5837
2018-12-12,38,206.0000,328.8848,685.8987,594.7787,1190.0000,2214.5468,2396.0000,2852.1725,2609.0000,1929.0000,1165.0000
2018-12-12,38,323.0000,456.3645,749.5279,653.4088,1176.9235,2123.6950,2344.0176,2729.2070,2550.7169,1862.0000,1133.5018
2018-12-15,38,431.0000,517.3838,766.6245,692.6141,1191.0000,2042.0000,2264.9717,2613.8981,2422.1706,1937.6093,1226.2236
2018-12-15,38,304.0000,441.2120,713.5102,649.6745,1185.5894,2083.0000,2308.0000,2645.9339,2520.3576,1955.6794,1242.4391
2018-12-27,38,727.0000,740.5658,709.7195,573.9742,810.3427,1306.0000,1421.4492,1476.3117,1415.0000,849.0000,564.4581
2018-12-30,38,331.0000,514.4563,705.3060,601.1862,1112.0000,1941.4531,2164.7874,2439.2451,2340.0991,1390.1983,885.9670
2018-12-30,38,313.0000,532.3030,713.3590,613.0360,1117.5396,1941.0000,2188.3813,2452.6785,2356.5611,1395.0000,890.0000
2019-01-01,38,-9999.0000,-9999.0000,-9999.0000,-9999.0000,-9999.0000,-9999.0000,-9999.0000,-9999.0000,-9999.0000,-9999.0000,-9999.0000
2019-01-04,38,343.0000,433.1551,637.7394,625.5994,898.0000,1394.0000,1500.2688,1674.2026,1575.0000,1201.4349,850.1122
2019-01-04,38,228.0000,355.0000,581.2583,582.8640,865.3951,1378.0677,1498.8092,1690.6557,1579.7595,1196.6796,853.5872
2019-01-06,38,389.0000,596.0195,833.6693,746.6739,1288.0804,2133.3408,2394.0000,2706.2433,2549.3854,2003.9574,1296.0000
2019-01-06,38,460.0000,666.3395,862.2751,764.6476,1281.6407,2076.0000,2310.1361,2615.2286,2439.9289,1954.9542,1252.5005
2019-01-11,38,360.0000,433.5045,629.0077,792.9915,1082.2782,1541.0000,1722.0000,1748.6081,1794.0000,1807.0000,1307.5366
2019-01-11,38,466.0000,560.6589,705.2411,829.2808,1094.0000,1483.4735,1649.1675,1706.9586,1735.0239,1752.0000,1266.0000
2019-01-14,38,458.0000,538.8558,669.6306,809.5703,916.6020,1001.3732,1068.1731,1130.9488,1153.0000,1434.9921,1122.8621
2019-01-14,38,351.0000,474.0000,617.3581,777.7338,900.0000,987.8191,1051.4784,1109.8574,1157.0000,1442.3622,1130.5705
2019-01-16,38,424.0000,660.9215,829.8065,993.8485,1117.5554,1226.5027,1305.0000,1395.5613,1395.0000,1747.4397,1458.0000
2019-01-16,38,270.0000,577.7261,761.3971,941.2730,1067.0000,1163.9446,1257.0000,1355.5015,1358.0000,1706.0048,1434.0000
2019-01-21,38,627.0000,982.3316,1058.0000,1156.0000,1307.0000,1384.0000,1400.0000,1624.0000,1498.0000,1429.0000,1115.0000
2019-01-24,38,855.0000,836.1946,950.5475,1113.3152,1261.1054,1337.8835,1416.0000,1491.4190,1500.0247,1611.0000,1275.0000
2019-01-24,38,807.0000,860.5162,953.1289,1116.8659,1257.2266,1354.0000,1415.0000,1490.6588,1516.6021,1604.0000,1282.4565
2019-01-29,38,-9999.0000,-9999.0000,-9999.0000,-9999.0000,-9999.0000,-9999.0000,-9999.0000,-9999.0000,-9999.0000,-9999.0000,-9999.0000
2019-01-29,38,-9999.0000,-9999.0000,-9999.0000,-9999.0000,-9999.0000,-9999.0000,-9999.0000,-9999.0000,-9999.0000,-9999.0000,-9999.0000
2019-01-31,38,528.0000,608.1722,789.0911,1013.7331,1164.0000,1297.9097,1356.2049,1443.7182,1459.4352,1835.8918,1490.0000
2019-01-31,38,442.0000,570.2529,749.6266,989.2298,1137.0000,1241.8626,1309.8775,1418.3291,1426.0000,1811.0213,1466.0000
2019-02-03,38,-9999.0000,-9999.0000,-9999.0000,-9999.0000,-9999.0000,-9999.0000,-9999.0000,-9999.0000,-9999.0000,-9999.0000,-9999.0000
2019-02-05,38,309.0000,570.3416,781.3985,1085.4513,1257.0193,1417.6092,1514.4595,1643.4970,1604.8367,1866.0358,1428.7780
2019-02-05,38,368.0000,649.2715,817.4647,1093.1749,1252.6640,1396.2136,1475.8252,1620.2663,1577.6167,1842.5224,1426.0000
2019-02-08,38,366.0000,582.0227,741.7429,973.7514,1120.0000,1230.0503,1309.6977,1395.7654,1403.3070,1654.4544,1413.3001
2019-02-08,38,460.0000,677.5138,801.2298,1001.2180,1140.9399,1245.5530,1336.0000,1417.4693,1420.0000,1648.4617,1392.9927
2019-02-13,38,217.0000,405.0462,665.6081,909.3442,1052.6444,1154.7413,1246.0000,1312.7929,1354.1912,1683.2591,1289.0000
2019-02-13,38,356.0000,532.4428,746.3446,953.9806,1084.0000,1205.1524,1290.9292,1354.0099,1401.1805,1677.0000,1301.2175
2019-02-15,38,407.0000,688.7492,918.2306,1184.9102,1341.4744,1481.7570,1563.0478,1708.2880,1699.1798,2067.0000,1657.0220
2019-02-15,38,472.0000,753.5785,948.6942,1188.8617,1333.8959,1466.4012,1579.4651,1691.0244,1666.7187,2025.4189,1644.6088
2019-02-18,38,1251.0000,1393.1707,1494.0000,1549.3421,1692.0000,1773.1164,1845.8996,1963.0341,1904.0000,1964.5362,1657.0000
2019-02-18,38,1297.0000,1425.0000,1516.0000,1566.0000,1717.0000,1822.5802,1881.2197,2003.2940,1965.2203,1960.1563,1631.0000
2019-02-23,38,463.0000,661.6016,908.6667,1096.3893,1202.9155,1288.0000,1359.0000,1523.6016,1457.0000,1814.0000,1572.4998
2019-02-23,38,396.0000,645.1754,897.2579,1085.0159,1180.0000,1284.9571,1333.4530,1521.2749,1457.6383,1801.3576,1566.5610
2019-02-25,38,676.0000,1001.7648,1265.9578,1506.2298,1669.2220,1750.0000,1850.0000,1995.4598,1954.0000,2474.5070,2230.0280
2019-02-25,38,679.0000,1006.0035,1249.6364,1475.3664,1619.0000,1735.0000,1814.3158,1963.5287,1921.5000,2406.0308,2185.5332
2019-02-28,38,602.0000,921.7997,1212.9079,1444.0000,1573.0000,1675.0000,1769.3646,1922.9959,1864.3440,2353.3429,2198.4922
2019-02-28,38,530.0000,905.3858,1213.1807,1436.5548,1566.4741,1691.0000,1769.0000,1938.1574,1876.6046,2368.0386,2200.4983
2019-03-02,38,1070.0000,1192.5000,1461.0301,1669.5678,1857.0431,2012.0514,2090.0000,2219.3185,2206.0000,2629.4925,2296.0000
2019-03-02,38,1119.0000,1237.1137,1465.1584,1628.6667,1822.0000,1967.0000,2032.7330,2162.3730,2141.0000,2575.0000,2277.0000
2019-03-05,38,-9999.0000,-9999.0000,-9999.0000,-9999.0000,-9999.0000,-9999.0000,-9999.0000,-9999.0000,-9999.0000,-9999.0000,-9999.0000
2019-03-05,38,-9999.0000,-9999.0000,-9999.0000,-9999.0000,-9999.0000,-9999.0000,-9999.0000,-9999.0000,-9999.0000,-9999.0000,-9999.0000
2019-03-12,38,919.0000,1188.1750,1570.0000,1844.3400,2026.3452,2173.3467,2261.1773,2522.8619,2388.2579,2907.6361,2628.4862
2019-03-12,38,855.0000,1163.8652,1555.5521,1832.7291,2003.8649,2164.3341,2245.0000,2515.1347,2368.0000,2891.1820,2570.9415
2019-03-15,38,900.0000,1136.4359,1465.5105,1691.4296,1884.4982,1997.3728,2088.5724,2219.3172,2194.8707,2703.0000,2406.0000
2019-03-15,38,856.0000,1133.1539,1466.1710,1698.2740,1890.0767,2029.0549,2081.0908,2236.0000,2225.8838,2708.3731,2403.5022
2019-03-20,38,786.0000,1089.0074,1404.2167,1667.8936,1790.0000,1965.0000,2081.0000,2282.4156,2180.3888,2658.0000,2466.0000
2019-03-20,38,766.0000,1100.8486,1402.4836,1668.5000,1788.0000,1967.0000,2093.5843,2298.8972,2178.0193,2662.9306,2453.0000
2019-03-22,38,1159.0000,1467.4818,1907.5130,2251.5294,2417.0699,2554.7790,2667.0000,2929.9870,2820.0913,3385.2382,3065.9205
2019-03-22,38,1111.0000,1459.0802,1866.7108,2212.1110,2377.5518,2529.0000,2636.7504,2898.5739,2772.4990,3353.0291,3049.0000
2019-03-25,38,1218.0000,1417.4746,1685.0000,1913.9739,2121.0000,2279.0000,2395.0000,2501.0798,2504.7356,3011.4008,2726.0000
2019-03-25,38,1179.0000,1432.6908,1721.5700,1961.5988,2165.0213,2332.4902,2426.3107,2563.0692,2545.3148,3037.0000,2734.3905
2019-03-27,38,-9999.0000,-9999.0000,-9999.0000,-9999.0000,-9999.0000,-9999.0000,-9999.0000,-9999.0000,-9999.0000,-9999.0000,-9999.0000
2019-03-27,38,-9999.0000,-9999.0000,-9999.0000,-9999.0000,-9999.0000,-9999.0000,-9999.0000,-9999.0000,-9999.0000,-9999.0000,-9999.0000
2019-03-30,38,1081.0000,1410.0000,1698.0000,1987.9407,2115.3593,2298.2405,2433.3907,2629.5870,2548.0000,2839.0000,2715.3063
2019-03-30,38,1080.0000,1417.4654,1699.1902,1962.0000,2112.0000,2285.6825,2431.0000,2620.9018,2549.0109,2823.0000,2675.8688
2019-04-01,38,1460.0041,1824.6962,2281.8691,2682.2523,2892.9633,3093.0000,3186.6783,3411.9868,3341.6108,3963.7725,3602.5405
2019-04-01,38,1397.9700,1771.5412,2211.5000,2599.7411,2801.0000,3011.7266,3115.8898,3353.0499,3256.3625,3932.5365,3639.4629
2019-04-06,38,1339.0000,1442.0000,1676.0000,1772.2707,2070.2303,2412.0000,2570.0000,2579.1409,2614.0000,2427.0851,1880.0000
2019-04-06,38,1330.0000,1412.4838,1634.9291,1707.0803,2068.9992,2365.5368,2515.1959,2521.9592,2553.4542,2402.3949,1845.0000
2019-04-16,38,1146.9938,1484.1574,1891.3439,2154.0000,2438.0000,2724.5012,2910.0000,3153.7050,3054.0000,3440.4912,3111.9313
2019-04-16,38,1092.0000,1449.6368,1828.0303,2068.0583,2350.4083,2700.8075,2878.0000,3089.9270,2993.2081,3379.6186,3029.8886
2019-04-19,38,1237.0000,1636.5059,2058.7156,2325.1038,2629.5363,2949.0000,3100.7385,3330.6978,3227.0000,3536.0000,3324.7763
2019-04-19,38,1179.0000,1612.5000,2025.3618,2277.5431,2588.0000,2902.3969,3074.4820,3307.4383,3200.9119,3556.0000,3335.4733
2019-04-21,38,1743.0000,1978.2121,2429.6462,2680.2212,2999.0000,3449.6447,3605.4646,3866.2819,3744.6318,3843.0000,3363.6568
2019-04-21,38,1606.0000,1899.8433,2300.5468,2534.0000,2873.0000,3325.0000,3500.9503,3755.8214,3642.0000,3744.4653,3315.0000
2019-04-24,38,-9999.0000,-9999.0000,-9999.0000,-9999.0000,-9999.0000,-9999.0000,-9999.0000,-9999.0000,-9999.0000,-9999.0000,-9999.0000
2019-05-01,38,757.0000,865.2010,1201.8856,1250.3115,1676.1134,2285.0000,2470.0000,2547.2593,2596.8039,2298.1665,1673.5858
2019-05-01,38,726.0000,857.2500,1188.1098,1240.6321,1642.0868,2265.0000,2449.7019,2523.8688,2604.0000,2269.0000,1643.0000
2019-05-06,38,697.0000,861.5535,1109.1235,1187.1944,1601.1233,2251.0000,2490.6812,2658.0000,2565.1742,1856.0000,1272.8628
2019-05-06,38,648.0000,865.9495,1109.0544,1171.8076,1583.0000,2286.5911,2508.6581,2647.9448,2578.1508,1846.0000,1268.5347
2019-05-09,38,-9999.0000,-9999.0000,-9999.0000,-9999.0000,-9999.0000,-9999.0000,-9999.0000,-9999.0000,-9999.0000,-9999.0000,-9999.0000
2019-05-16,38,1029.0000,950.3991,1248.4366,1182.0000,1675.0000,2508.0000,2824.6248,2820.0000,2860.0000,1845.0000,1416.0000
2019-05-16,38,1073.0000,971.0000,1222.0000,1130.0000,1581.2045,2341.0000,2632.0000,2677.0932,2737.0000,1798.0000,1364.0000
2019-05-24,38,539.0000,587.3853,1059.2655,868.1796,1621.0000,3039.0000,3356.6894,3387.3636,3496.0000,2251.5520,1475.6124
2019-05-24,38,587.0000,681.7159,1075.4161,889.5175,1600.4745,2949.0000,3276.0000,3307.4083,3404.0000,2210.9931,1449.0000
2019-05-26,38,853.0000,971.9662,1395.9091,1189.0898,2008.0000,3445.0735,3857.8005,4011.6284,3949.0927,2604.0000,1883.4541
2019-05-31,38,377.0000,373.0244,793.2888,522.1867,1290.0000,2804.2340,3111.8092,3143.4172,3202.3476,1558.0000,834.0010
2019-05-31,38,413.0000,483.0000,845.5994,581.1974,1290.9287,2754.4792,3032.0000,3081.0074,3129.9982,1544.0000,839.0000
2019-06-03,38,551.0000,577.1913,1012.6090,756.2660,1629.5960,3248.0000,3673.8240,3729.9134,3836.6954,2107.3062,1282.0000
2019-06-03,38,580.0000,649.8692,1037.0953,780.6173,1610.6052,3181.0861,3596.0000,3626.5491,3796.0122,2090.1550,1284.0000
2019-06-05,38,-9999.0000,-9999.0000,-9999.0000,-9999.0000,-9999.0000,-9999.0000,-9999.0000,-9999.0000,-9999.0000,-9999.0000,-9999.0000
2019-06-05,38,-9999.0000,-9999.0000,-9999.0000,-9999.0000,-9999.0000,-9999.0000,-9999.0000,-9999.0000,-9999.0000,-9999.0000,-9999.0000
2019-06-13,38,1182.0000,1490.6075,1907.3260,2250.3375,2499.7067,2843.4415,3050.5239,3129.4366,3243.8080,3486.0000,3065.0000
2019-06-13,38,1131.0000,1484.1888,1890.0663,2235.2893,2500.6378,2866.0087,3092.7873,3153.8847,3266.6939,3480.5180,3067.0098
2019-06-15,38,-9999.0000,-9999.0000,-9999.0000,-9999.0000,-9999.0000,-9999.0000,-9999.0000,-9999.0000,-9999.0000,-9999.0000,-9999.0000
2019-06-15,38,-9999.0000,-9999.0000,-9999.0000,-9999.0000,-9999.0000,-9999.0000,-9999.0000,-9999.0000,-9999.0000,-9999.0000,-9999.0000
2019-06-18,38,1054.0000,1458.9870,1889.0444,2233.6606,2512.5178,2817.3329,3070.6817,3098.0331,3219.0000,3559.0000,3313.0000
2019-06-18,38,1017.0000,1426.6890,1826.1335,2139.5500,2428.5245,2756.5121,3025.2520,3050.0000,3177.6979,3498.0000,3289.8493
2019-06-20,38,1366.0018,1594.0714,2041.1360,2353.0965,2722.5131,3146.1524,3341.9527,3352.7669,3566.0000,3892.4258,3417.3103
2019-06-20,38,1319.0000,1579.4569,2010.6117,2323.9441,2684.5279,3158.0000,3366.0847,3349.3071,3561.3466,3901.0000,3386.9852
2019-06-23,38,776.0000,889.3756,1201.0247,1409.3802,1722.3016,2185.4820,2390.5416,2372.6426,2580.6472,2525.9221,1918.1693
2019-06-23,38,707.0000,869.0022,1197.0838,1426.5587,1725.2507,2201.5549,2443.3278,2419.0637,2618.5884,2546.0000,1892.0000
2019-06-25,38,1244.0019,1529.2651,1955.0676,2233.8345,2618.4122,3137.5314,3476.9028,3481.6662,3664.6129,4182.7013,3787.0000
2019-06-25,38,1180.0000,1508.7220,1890.4746,2164.2398,2563.8439,3101.5996,3431.0000,3420.3496,3603.0000,4132.9250,3754.0000
2019-06-28,38,1035.0000,1337.0395,1763.4648,1954.6139,2300.0000,3012.5638,3353.7172,3376.8405,3532.7198,3640.9969,3235.8644
2019-06-28,38,991.0000,1328.3364,1716.2423,1898.1220,2228.6687,2924.4886,3282.0829,3300.0000,3440.5012,3606.0832,3211.2956
2019-06-30,38,1126.0000,1386.9829,1865.7543,2076.0000,2476.4710,3410.0617,3724.8226,3869.2187,3905.0000,3859.0240,3203.9456
2019-06-30,38,1091.0000,1386.7214,1851.1553,2051.5579,2450.0000,3393.0000,3700.0000,3849.3453,3894.0250,3855.0000,3186.5678
2019-07-03,38,904.0000,1068.5015,1493.5984,1595.6667,2004.1500,3081.6891,3502.0367,3493.2546,3708.4788,3312.7778,2605.0000
2019-07-03,38,913.9655,1105.0446,1466.0000,1546.1810,1939.0000,2956.4356,3357.4812,3340.0164,3575.0000,3242.0409,2547.4128
2019-07-05,38,929.0000,1129.3710,1497.6540,1548.9886,1976.0000,3146.4479,3676.6453,3728.0000,3849.6506,3407.0000,2651.0000
2019-07-05,38,874.0000,1140.8993,1488.0000,1538.5287,1965.8559,3154.3716,3679.0000,3704.8995,3832.1328,3394.8695,2659.9797
2019-07-08,38,1228.0000,1396.0000,1588.0000,1516.4344,1885.4307,2898.5020,3364.8636,3382.0000,3464.7005,2519.0000,1957.3324
2019-07-10,38,708.0000,749.6462,1107.8283,1027.3574,1469.4333,3325.3527,3940.3320,4073.8250,4122.0000,2830.0256,1907.0000
2019-07-10,38,704.0000,801.2864,1125.3747,1051.3492,1482.5677,3248.7019,3858.0000,3980.8145,4042.0000,2798.1240,1890.3109
2019-07-13,38,947.0000,825.2940,1073.2126,955.1974,1371.0000,2957.0246,3618.0000,3642.9832,3820.1012,2422.8857,1590.0000
2019-07-13,38,926.0000,941.0000,1136.4978,1009.3998,1398.0000,2860.0000,3464.0000,3517.1028,3685.7673,2399.0000,1562.5777
2019-07-20,38,677.0000,577.8627,825.7269,682.5981,1091.4306,3074.3627,3949.6380,3987.4010,4147.5677,2307.6981,1389.0000
2019-07-20,38,645.5092,629.5201,860.0000,707.6536,1116.0000,3067.0000,3914.0672,3923.0000,4099.4197,2298.4983,1380.1197
2019-07-23,38,460.0000,389.4945,625.6610,498.4652,875.3627,2757.2567,3708.1781,3730.6649,3915.8978,2004.1069,1163.1698
2019-07-23,38,463.0000,466.0000,674.6091,546.8111,915.9527,2717.4410,3649.2582,3636.0618,3844.6876,1982.5263,1156.0000
2019-07-25,38,719.0000,685.4627,846.2403,659.5476,1034.9730,2734.4519,3829.3806,3794.0313,4025.9530,2107.4032,1270.0067
2019-07-25,38,630.0864,681.8777,829.0518,658.9873,1012.9422,2758.3313,3878.0000,3812.1543,4058.6300,2114.4218,1243.3394
2019-07-30,38,392.0000,245.5055,507.0221,348.0441,779.6908,2953.5190,4033.0000,4002.0000,4260.9975,1872.0000,1007.0000
2019-07-30,38,473.0000,437.2065,641.1911,467.5525,859.4224,2877.1704,3851.0620,3826.0000,4067.0000,1867.7976,996.0000
2019-08-04,38,349.0000,304.9180,500.9987,348.1584,754.8081,2753.8714,3953.5493,4056.0647,4147.9633,1875.9773,982.5221
2019-08-04,38,422.0000,469.7784,621.3346,449.6063,836.1018,2674.2929,3806.0000,3873.6754,3964.7612,1841.5290,977.3685
2019-08-09,38,366.5332,289.2785,505.9431,354.8300,763.3302,2703.0000,3643.6463,3636.5203,3835.0064,1801.6698,898.8780
2019-08-09,38,397.0000,381.3683,568.6121,410.7935,795.5597,2661.8243,3569.6160,3562.5000,3761.3584,1793.0228,892.3896
2019-08-12,38,-9999.0000,-9999.0000,-9999.0000,-9999.0000,-9999.0000,-9999.0000,-9999.0000,-9999.0000,-9999.0000,-9999.0000,-9999.0000
2019-08-14,38,349.0000,373.0057,529.8231,396.3763,771.4114,2574.0558,3726.0000,3811.0213,3913.0000,1850.5239,964.1170
2019-08-14,38,361.0000,413.5416,565.3786,420.7774,803.8721,2557.6059,3678.0000,3762.4722,3856.0000,1842.0000,963.6564
2019-08-17,38,226.5293,265.4493,453.3552,329.4415,683.9576,2505.9628,3616.0000,3724.1765,3845.0000,1682.0040,878.0579
2019-08-17,38,245.4880,320.9555,493.4912,355.3873,700.2278,2489.0286,3595.9517,3682.9697,3812.1248,1684.6977,865.2301
2019-08-19,38,725.0000,585.8580,833.1795,684.6331,1122.4613,2968.0000,3883.0000,3955.4231,4133.0700,2100.4206,1227.2214
2019-08-19,38,731.0000,709.7918,909.4849,745.5127,1146.5442,2898.0000,3770.0873,3827.3791,4003.6379,2076.0301,1204.7064
2019-08-24,38,1345.0000,1224.5659,1265.2557,1024.4483,1369.0324,2685.0000,3605.4435,3585.2515,3801.5370,2078.1942,1268.3068
2019-08-24,38,1183.0000,1136.9531,1192.8543,963.0816,1329.8131,2800.9893,3804.3141,3803.7213,4027.7703,2116.5773,1276.0000
2019-08-27,38,486.0000,489.0863,644.8988,498.3570,849.2022,2433.5839,3439.0000,3483.0659,3691.9200,1797.8633,987.0571
2019-08-27,38,443.0000,513.6694,649.6885,498.6321,839.0000,2437.3540,3435.5300,3488.4832,3682.3708,1801.0929,979.9522
2019-08-29,38,740.0000,622.0353,801.8519,635.1873,1019.6559,2713.7084,3561.0000,3585.3368,3860.5513,2001.5165,1067.5446
2019-08-29,38,401.5979,421.0723,651.0659,522.9519,937.8533,2860.3539,3777.0000,3826.2885,4107.8089,2045.2418,1077.0883
2019-09-01,38,564.0000,505.1765,685.3653,579.1499,938.0000,2362.0000,3115.3199,3164.2368,3387.0000,1786.2775,962.2685
2019-09-01,38,460.0000,505.1846,681.4759,571.8290,938.1558,2380.2677,3137.9828,3187.2840,3427.7043,1773.6421,958.3262
2019-09-03,38,256.0000,337.7592,546.3805,460.4426,856.2149,2455.0000,3304.5667,3481.7088,3538.6090,1787.0000,947.5761
2019-09-03,38,278.0000,397.8088,589.9675,484.4165,878.0000,2437.5134,3246.0000,3436.3265,3476.6252,1779.4068,941.5811
2019-09-11,38,378.0000,377.9040,573.3483,458.6433,838.2094,2213.0628,2788.0161,2923.9200,3027.5309,1570.7809,813.0896
2019-09-11,38,353.0000,389.8451,576.6530,450.3803,837.0000,2220.5331,2801.7337,2946.9523,3043.2085,1568.5091,814.0596
2019-09-13,38,256.0000,329.1762,548.4747,450.9772,865.0000,2265.0039,2916.5187,3066.1422,3147.0000,1769.1252,976.6814
2019-09-13,38,242.0372,361.6546,564.2051,459.9460,867.7227,2277.0000,2915.7771,3050.6547,3143.0000,1764.0498,969.9805
2019-09-16,38,339.0000,398.0356,585.3304,468.4219,841.0968,2076.2275,2634.4998,2747.7092,2867.0000,1627.8589,948.3724
2019-09-16,38,316.0000,417.9063,593.4671,474.5238,848.0000,2096.0000,2670.0000,2754.2554,2870.0000,1618.7113,947.4536
2019-09-18,38,-9999.0000,-9999.0000,-9999.0000,-9999.0000,-9999.0000,-9999.0000,-9999.0000,-9999.0000,-9999.0000,-9999.0000,-9999.0000
2019-09-18,38,-9999.0000,-9999.0000,-9999.0000,-9999.0000,-9999.0000,-9999.0000,-9999.0000,-9999.0000,-9999.0000,-9999.0000,-9999.0000
2019-09-21,38,253.0000,285.3800,523.0852,475.4185,859.2819,2076.6572,2562.2562,2804.6188,2836.5036,1746.9718,1020.4113
2019-09-21,38,271.0000,341.5198,563.5511,491.9266,875.0000,2078.3614,2538.0004,2786.1390,2818.6325,1756.6488,1009.0181
2019-09-28,38,1551.0000,1340.0000,1432.8552,1169.0782,1561.5102,2574.9641,2893.7953,2884.5045,3107.3765,2030.0000,1184.3255
2019-09-28,38,1411.0000,1290.0000,1394.0000,1140.7295,1489.8341,2502.0045,2861.6121,2842.8476,3083.5388,2009.4500,1153.0773
2019-10-01,38,-9999.0000,-9999.0000,-9999.0000,-9999.0000,-9999.0000,-9999.0000,-9999.0000,-9999.0000,-9999.0000,-9999.0000,-9999.0000
2019-10-01,38,-9999.0000,-9999.0000,-9999.0000,-9999.0000,-9999.0000,-9999.0000,-9999.0000,-9999.0000,-9999.0000,-9999.0000,-9999.0000
2019-10-08,38,-9999.0000,-9999.0000,-9999.0000,-9999.0000,-9999.0000,-9999.0000,-9999.0000,-9999.0000,-9999.0000,-9999.0000,-9999.0000
2019-10-08,38,-9999.0000,-9999.0000,-9999.0000,-9999.0000,-9999.0000,-9999.0000,-9999.0000,-9999.0000,-9999.0000,-9999.0000,-9999.0000
2019-10-11,38,293.0000,333.7051,517.4466,533.3492,860.6736,1507.1352,1741.9904,1850.8782,1988.9617,1684.0391,1057.4930
2019-10-11,38,306.6388,381.5820,549.1455,550.0983,876.9802,1517.1148,1771.5525,1867.0658,1991.0000,1683.1623,1060.9830
2019-10-16,38,243.0000,353.5048,485.3466,516.9955,813.5113,1323.3445,1548.5312,1666.6958,1763.1471,1573.5580,1096.0000
2019-10-16,38,234.0000,378.2269,504.9165,525.6725,821.6827,1325.0000,1565.0429,1675.9061,1763.5991,1573.0881,1093.0056
2019-10-21,38,-9999.0000,-9999.0000,-9999.0000,-9999.0000,-9999.0000,-9999.0000,-9999.0000,-9999.0000,-9999.0000,-9999.0000,-9999.0000
2019-10-21,38,-9999.0000,-9999.0000,-9999.0000,-9999.0000,-9999.0000,-9999.0000,-9999.0000,-9999.0000,-9999.0000,-9999.0000,-9999.0000
2019-10-23,38,656.0000,1029.0672,1346.6821,1706.8615,2074.9880,2517.0000,2827.4756,3111.1368,3131.2757,3274.5415,2376.0000
2019-10-23,38,610.6643,1037.5434,1355.8453,1706.4774,2093.4881,2541.0000,2814.0540,3091.8838,3135.0000,3287.0000,2349.0000
2019-10-26,38,580.0000,905.7500,1197.0000,1529.0220,1817.0000,2233.3795,2441.1594,2746.5000,2758.3818,3002.7368,2344.0000
2019-10-26,38,527.0000,898.7996,1197.4687,1547.1378,1830.3053,2236.0000,2479.0000,2769.7500,2795.4866,3048.0000,2314.9706
2019-10-28,38,-9999.0000,-9999.0000,-9999.0000,-9999.0000,-9999.0000,-9999.0000,-9999.0000,-9999.0000,-9999.0000,-9999.0000,-9999.0000
2019-10-31,38,-9999.0000,-9999.0000,-9999.0000,-9999.0000,-9999.0000,-9999.0000,-9999.0000,-9999.0000,-9999.0000,-9999.0000,-9999.0000
2019-11-07,38,307.0000,545.2729,913.9307,1156.2368,1526.0000,2058.8178,2230.1639,2406.3348,2463.0000,2324.0134,1651.1942
2019-11-07,38,511.0000,730.0000,1005.2615,1171.4960,1510.0385,1995.7236,2131.0000,2327.6365,2374.0000,2273.0000,1639.0000
2019-11-10,38,496.0000,705.0000,965.5167,1132.5000,1467.0107,1930.8856,2100.5139,2297.8510,2315.5220,2307.6314,1669.0000
2019-11-10,38,473.0000,716.9273,969.4356,1132.4227,1474.0000,1936.5406,2101.0000,2299.4103,2313.9643,2301.0000,1634.0000
2019-11-30,38,-9999.0000,-9999.0000,-9999.0000,-9999.0000,-9999.0000,-9999.0000,-9999.0000,-9999.0000,-9999.0000,-9999.0000,-9999.0000
2019-11-30,38,-9999.0000,-9999.0000,-9999.0000,-9999.0000,-9999.0000,-9999.0000,-9999.0000,-9999.0000,-9999.0000,-9999.0000,-9999.0000
2019-12-05,38,787.0000,978.0600,1152.4963,1157.5708,1484.0000,1961.0000,2115.3691,2294.3649,2331.0257,2166.0000,1618.1193
2019-12-05,38,641.0000,916.8761,1121.5583,1144.0000,1500.2446,2028.5266,2212.2824,2390.8812,2397.4156,2229.0000,1661.2827
2019-12-07,38,654.0000,696.9895,1074.8524,1250.1517,1795.0000,2515.0000,2698.6218,2903.8806,3000.5997,2792.0000,1913.0438
2019-12-07,38,742.0000,846.1796,1149.6347,1265.1071,1748.3745,2418.1442,2610.0000,2791.6089,2907.9850,2717.0000,1857.7648
2019-12-10,38,373.0000,553.5541,833.1372,916.5253,1282.4179,1809.9934,1967.0000,2183.7943,2161.3705,1931.8111,1262.0000
2019-12-10,38,358.0000,573.4799,829.4383,914.9737,1298.3580,1821.0000,1997.3654,2180.8995,2185.0000,1948.1824,1267.5471
2019-12-25,38,432.0000,628.0000,805.7383,841.9859,1216.1683,1755.9899,1946.0000,2167.1208,2140.5511,1404.7975,889.3461
2019-12-25,38,405.0000,634.1678,805.8881,849.6398,1233.6307,1771.0000,1972.4046,2182.3303,2161.0012,1411.6686,901.6485
2019-12-27,38,559.0000,694.0488,981.0962,1099.2268,1644.5028,2380.0813,2587.0482,2839.8864,2892.9328,2505.6043,1627.1710
2019-12-27,38,506.3934,690.1872,981.5150,1083.4113,1636.0000,2429.0000,2616.0014,2873.2885,2922.3395,2506.8273,1643.8198
2019-12-30,38,448.0000,585.1188,828.5142,909.5000,1324.7305,1893.0506,2057.4249,2308.7902,2264.0000,2019.7622,1346.0000
2019-12-30,38,428.3732,604.2322,833.7284,909.0000,1305.5316,1883.7344,2069.0000,2325.1894,2288.0000,1993.8027,1320.6157
2020-01-01,38,51.0000,413.5483,693.4095,851.6416,1329.0000,1972.1013,2214.7824,2503.0559,2486.0000,2203.8710,1429.3716
2020-01-01,38,363.0000,649.6073,842.2527,934.7427,1343.0000,1925.4585,2139.0000,2409.7697,2355.2906,2106.4874,1403.1614
2020-01-04,38,350.0000,662.0054,910.1069,1056.5175,1523.0000,2116.2904,2345.7375,2614.6091,2570.5141,2122.2792,1492.9345
2020-01-04,38,414.0000,730.8412,957.6841,1077.4977,1514.0000,2090.3303,2320.8896,2614.0462,2538.8925,2075.3700,1459.0000
2020-01-06,38,-9999.0000,-9999.0000,-9999.0000,-9999.0000,-9999.0000,-9999.0000,-9999.0000,-9999.0000,-9999.0000,-9999.0000,-9999.0000
2020-01-09,38,685.0000,806.0000,1046.0000,1136.9971,1558.3520,2026.6923,2189.0915,2341.3467,2370.2702,2285.2953,1654.5094
2020-01-09,38,598.0000,780.1435,1018.6481,1120.9817,1514.0000,2019.5889,2178.0399,2374.2093,2384.0000,2285.0000,1643.6966
2020-01-11,38,34.0000,416.4096,699.0221,884.1368,1402.5196,2043.2903,2248.4368,2534.6068,2501.4090,2307.9184,1515.9756
2020-01-11,38,408.0000,673.1697,853.5658,965.5674,1403.8710,1955.7402,2132.0163,2406.4558,2358.3078,2221.7531,1491.0040
2020-01-14,38,548.0000,740.2224,889.5502,993.8140,1358.0000,1816.2378,1971.0000,2264.1180,2188.6919,1931.0641,1321.3465
2020-01-14,38,401.0000,666.4136,836.5536,961.3185,1325.0000,1851.7900,2014.0000,2311.2829,2219.0103,1955.0237,1364.0000
2020-01-16,38,-9999.0000,-9999.0000,-9999.0000,-9999.0000,-9999.0000,-9999.0000,-9999.0000,-9999.0000,-9999.0000,-9999.0000,-9999.0000
2020-01-16,38,-9999.0000,-9999.0000,-9999.0000,-9999.0000,-9999.0000,-9999.0000,-9999.0000,-9999.0000,-9999.0000,-9999.0000,-9999.0000
2020-01-19,38,-9999.0000,-9999.0000,-9999.0000,-9999.0000,-9999.0000,-9999.0000,-9999.0000,-9999.0000,-9999.0000,-9999.0000,-9999.0000
2020-01-21,38,509.0000,769.9774,957.0000,1098.0000,1539.0000,2113.0000,2324.0559,2614.1398,2539.6670,2551.0000,1781.0242
2020-01-21,38,509.0000,784.8328,965.7624,1098.0000,1532.1910,2122.1022,2305.0000,2617.4736,2533.9505,2546.5324,1781.0918
2020-01-24,38,416.0000,717.7377,989.5114,1153.2159,1571.0000,2082.9932,2293.0000,2523.3650,2506.8980,2275.9763,1647.0000
2020-01-24,38,472.0000,788.3352,1032.6275,1161.0000,1574.4715,2070.0095,2290.9970,2507.8462,2502.4995,2234.0000,1600.7241
2020-01-29,38,-9999.0000,-9999.0000,-9999.0000,-9999.0000,-9999.0000,-9999.0000,-9999.0000,-9999.0000,-9999.0000,-9999.0000,-9999.0000
2020-01-29,38,-9999.0000,-9999.0000,-9999.0000,-9999.0000,-9999.0000,-9999.0000,-9999.0000,-9999.0000,-9999.0000,-9999.0000,-9999.0000
2020-01-31,38,1207.0000,1300.0000,1412.0000,1444.0000,1809.0948,2161.0217,2322.1693,2468.4211,2479.0000,2355.8019,1756.0627
2020-02-05,38,334.0000,497.3851,842.4000,1033.4945,1462.5572,2015.0000,2214.1740,2518.1626,2434.0000,2597.0000,1884.2029
2020-02-05,38,485.0000,647.0000,913.1729,1073.2404,1456.4894,1988.1103,2162.0928,2466.1787,2378.5183,2524.0000,1846.0000
2020-02-08,38,726.0000,838.2286,1048.7098,1145.3191,1494.0258,1949.0222,2108.0000,2339.2744,2314.6113,2411.0189,1725.9616
2020-02-08,38,664.0000,830.4575,1044.9560,1140.9960,1496.1826,1970.2535,2120.0000,2362.6237,2320.9847,2402.3570,1728.0000
2020-02-13,38,858.0000,1004.2901,1164.0000,1225.0258,1561.7908,2059.9298,2253.8700,2457.7020,2418.0024,2446.2873,1872.5115
2020-02-13,38,770.0000,984.1217,1152.0000,1224.6839,1585.5297,2108.3920,2312.0000,2499.1209,2498.9971,2453.6483,1877.1266
2020-02-15,38,1497.0000,1576.0000,1748.0000,1764.3409,2206.1029,2745.6038,2885.0198,3114.5066,3051.0000,2646.0000,1973.9638
2020-02-15,38,1491.0000,1588.0000,1748.0000,1765.2794,2176.6512,2730.9053,2866.9376,3106.0119,3051.9913,2636.0000,1945.6710
2020-02-18,38,1447.0000,1472.0000,1552.0000,1506.0000,1868.4881,2333.6516,2514.5994,2628.1981,2690.2041,2546.5031,1765.8196
2020-02-18,38,1354.0000,1424.0000,1520.0000,1490.0000,1880.0000,2378.2849,2556.8022,2658.9438,2724.2498,2557.1907,1789.2361
2020-02-20,38,400.0000,629.4909,881.6453,973.8704,1367.0000,1966.0000,2198.3485,2435.8830,2345.9471,2269.8504,1699.0000
2020-02-20,38,327.0000,633.6984,881.4190,970.4333,1373.0000,1963.5533,2205.6186,2426.4995,2355.7194,2264.6671,1684.0000
2020-02-28,38,435.0000,569.6232,797.9003,1023.0000,1171.0000,1352.9432,1462.0029,1672.4533,1606.3599,1973.0062,1591.0000
2020-02-28,38,354.4924,538.2197,777.2144,1002.2902,1162.5007,1354.3328,1448.7647,1655.2713,1610.5083,1979.9955,1602.0000
2020-03-06,38,754.0000,861.0000,1109.5949,1387.7882,1593.0000,1883.0309,1990.0536,2118.9327,2166.5535,2051.0000,1491.0000
2020-03-06,38,619.0000,824.3333,1077.4426,1388.1860,1594.0000,1915.5528,2027.3332,2153.6745,2215.4660,2053.7819,1492.8830
2020-03-09,38,-9999.0000,-9999.0000,-9999.0000,-9999.0000,-9999.0000,-9999.0000,-9999.0000,-9999.0000,-9999.0000,-9999.0000,-9999.0000
2020-03-11,38,-9999.0000,-9999.0000,-9999.0000,-9999.0000,-9999.0000,-9999.0000,-9999.0000,-9999.0000,-9999.0000,-9999.0000,-9999.0000
2020-03-11,38,-9999.0000,-9999.0000,-9999.0000,-9999.0000,-9999.0000,-9999.0000,-9999.0000,-9999.0000,-9999.0000,-9999.0000,-9999.0000
2020-03-14,38,-9999.0000,-9999.0000,-9999.0000,-9999.0000,-9999.0000,-9999.0000,-9999.0000,-9999.0000,-9999.0000,-9999.0000,-9999.0000
2020-03-16,38,851.0000,1059.9660,1436.6532,1739.6525,1907.8889,2234.0000,2392.0666,2616.2830,2532.0000,2742.0000,2229.0000
2020-03-16,38,849.0000,1097.0757,1413.4664,1668.8216,1823.0000,2205.0018,2330.9632,2566.0216,2485.2494,2681.0000,2203.0878
2020-03-19,38,873.0000,1075.3910,1387.0511,1585.9654,1820.0000,2145.5303,2283.0000,2409.6404,2411.1890,2615.0000,2153.0000
2020-03-19,38,863.0000,1098.4473,1402.4567,1586.6667,1827.9470,2165.6341,2288.7392,2424.0604,2427.0000,2620.0330,2154.0000
2020-03-21,38,-9999.0000,-9999.0000,-9999.0000,-9999.0000,-9999.0000,-9999.0000,-9999.0000,-9999.0000,-9999.0000,-9999.0000,-9999.0000
2020-03-24,38,954.0000,1266.0000,1588.9043,1858.0000,2105.0000,2450.0000,2619.4711,2893.2884,2766.0000,3170.9141,2925.0000
2020-03-24,38,880.0000,1301.0000,1674.3689,1938.0000,2203.0000,2543.0000,2675.4268,3019.9967,2842.0000,3243.2624,2969.0000
2020-03-29,38,-9999.0000,-9999.0000,-9999.0000,-9999.0000,-9999.0000,-9999.0000,-9999.0000,-9999.0000,-9999.0000,-9999.0000,-9999.0000
2020-03-29,38,-9999.0000,-9999.0000,-9999.0000,-9999.0000,-9999.0000,-9999.0000,-9999.0000,-9999.0000,-9999.0000,-9999.0000,-9999.0000
2020-03-31,38,1379.0000,1885.0307,2292.0000,2628.1657,2786.5052,3029.0000,3179.0000,3561.9738,3325.0940,3835.7687,3528.3781
2020-03-31,38,1283.8714,1891.3403,2275.0000,2613.0000,2803.0000,3083.0000,3226.4796,3604.9441,3338.0766,3817.0000,3510.0725
2020-04-03,38,1237.0000,1650.3444,2003.4883,2301.5861,2520.0000,2735.0000,2877.1967,3099.1500,2992.0000,3458.1584,3289.7300
2020-04-03,38,1224.0000,1653.3307,1995.9401,2296.0000,2534.0000,2749.0000,2917.0238,3130.6563,3010.5136,3472.0000,3251.3314
2020-04-05,38,1468.5781,1858.6667,2290.7597,2628.2500,2862.0000,3102.0000,3254.0000,3514.6426,3388.0000,3904.0000,3546.5599
2020-04-05,38,1396.0000,1836.1851,2258.6380,2615.7585,2819.0000,3097.0000,3233.1816,3516.0107,3368.0000,3917.0000,3492.0929
2020-04-08,38,1308.0000,1739.3684,2171.5607,2488.5835,2644.6342,2900.6099,3018.0750,3353.6934,3178.6578,3613.6763,3187.5782
2020-04-08,38,1305.2857,1730.5055,2145.9220,2469.8253,2623.0000,2897.0000,3021.1742,3349.5049,3165.3823,3565.4700,3218.0000
2020-04-10,38,1446.0000,1939.4290,2372.0899,2710.0000,2977.5682,3221.0000,3358.0000,3635.5147,3493.0000,3974.0000,3681.0000
2020-04-10,38,1383.0000,1892.7005,2323.4423,2664.8439,2891.5010,3194.4739,3348.0000,3611.4153,3469.3939,3948.6909,3622.8357
2020-04-13,38,1396.0000,1883.6776,2273.2276,2602.5188,2769.5091,3092.4828,3274.2710,3466.5740,3370.3927,3736.0000,3493.6180
2020-04-13,38,1347.0000,1849.2634,2234.8323,2553.6387,2763.0000,3097.7179,3283.0383,3468.1074,3377.0324,3701.0000,3460.1709
2020-04-15,38,1547.0000,1972.5194,2432.9126,2791.9645,2970.0000,3304.4503,3441.6117,3746.7368,3587.7323,3971.9319,3544.5198
2020-04-15,38,1435.0000,1915.2008,2398.0000,2713.1810,2883.0000,3260.0329,3423.0000,3716.8114,3547.9584,3920.9400,3505.0000
2020-04-18,38,1416.0000,1771.8279,2125.1053,2381.0974,2595.5198,2875.0446,2994.0000,3165.1101,3125.2664,3305.0000,2909.0775
2020-04-18,38,1368.6429,1763.0226,2120.8349,2363.3136,2572.0784,2883.0000,3041.0000,3187.0895,3145.5414,3325.2471,2884.0000
2020-04-23,38,1364.0000,1801.5845,2208.0000,2504.0036,2725.4249,3065.7860,3244.0000,3498.9647,3363.6010,3644.0000,3368.6196
2020-04-23,38,1291.0000,1778.3343,2147.0340,2440.9118,2628.0000,3050.0719,3196.0000,3466.1759,3337.5074,3599.0000,3354.3625
2020-04-25,38,1706.0000,1988.5669,2432.0000,2724.7766,2957.0827,3434.7272,3562.0000,3740.0000,3718.0000,4019.0000,3564.8859
2020-04-25,38,1543.0000,1954.3543,2397.5361,2698.4401,2970.0000,3435.0647,3587.0000,3738.8884,3724.7684,3993.0000,3577.0000
2020-04-30,38,1513.0000,1474.0000,1768.0000,1878.0000,2376.0000,2948.0000,3221.0000,3156.0000,3325.0000,2670.0000,2032.0000
2020-04-30,38,-9999.0000,-9999.0000,-9999.0000,-9999.0000,-9999.0000,-9999.0000,-9999.0000,-9999.0000,-9999.0000,-9999.0000,-9999.0000
2020-05-03,38,689.0000,961.1442,1268.0000,1554.3411,1748.4959,2083.0000,2270.5536,2411.0029,2391.0000,2484.5699,2106.0000
2020-05-03,38,684.0000,965.5995,1256.3328,1522.9264,1740.6455,2088.9542,2272.7885,2426.5159,2413.0744,2498.5508,2124.8064
2020-05-08,38,1168.0000,1521.9595,1969.7801,2378.0682,2544.0000,2785.4712,2969.1876,3090.3478,3122.6474,3621.9658,3412.5906
2020-05-08,38,1137.0000,1475.3067,1882.2525,2258.6298,2467.8193,2728.0385,2917.4965,3043.2127,3078.8323,3550.0000,3359.0000
2020-05-10,38,1301.5068,1331.1446,1425.7612,1474.9669,1608.4340,1779.3436,1971.7529,1946.0624,2009.0000,1900.5111,1671.0000
2020-05-10,38,1280.0000,1350.0000,1434.0000,1498.0000,1540.0000,1754.0000,1945.0000,1918.0000,1997.0000,1935.0000,1675.0000
2020-05-15,38,1356.0000,1619.2039,2010.9739,2259.4295,2501.5260,2891.0000,3086.4685,3144.7738,3246.4325,3343.0000,2745.7855
2020-05-15,38,1355.0000,1641.1111,2024.0000,2297.8984,2565.4629,2924.5796,3120.9662,3161.9218,3282.0000,3377.4574,2797.5256
2020-05-23,38,1790.0000,2083.2882,2499.7493,2754.5747,2952.0000,3256.3256,3496.0000,3594.8495,3641.8979,3609.8972,3290.2415
2020-05-25,38,1565.0000,1987.8290,2533.3918,2981.1658,3260.0000,3600.0000,3771.3178,4012.7883,3948.0803,4456.0000,4011.0000
2020-05-25,38,1520.0000,2007.0315,2600.4274,3029.3874,3336.0498,3647.0000,3850.9480,4075.2920,4020.0000,4469.0000,4054.0000
2020-05-28,38,-9999.0000,-9999.0000,-9999.0000,-9999.0000,-9999.0000,-9999.0000,-9999.0000,-9999.0000,-9999.0000,-9999.0000,-9999.0000
2020-05-28,38,-9999.0000,-9999.0000,-9999.0000,-9999.0000,-9999.0000,-9999.0000,-9999.0000,-9999.0000,-9999.0000,-9999.0000,-9999.0000
2020-05-30,38,1772.0000,2392.8015,2952.2349,3380.4360,3704.8748,3958.0000,4130.0000,4338.4125,4285.7164,4789.0000,4489.0000
2020-05-30,38,1730.0000,2312.0775,2871.7549,3287.4791,3591.9710,3930.0000,4131.4991,4313.2347,4253.7900,4743.0146,4479.0000
2020-06-02,38,1533.5626,2041.5745,2584.1883,2983.6192,3274.8574,3557.8998,3800.9366,3915.6784,3954.0000,4473.2866,4228.2122
2020-06-02,38,1472.0000,1954.9518,2468.7981,2837.2449,3147.6152,3512.0000,3766.0211,3867.7058,3917.0000,4384.0000,4150.2124
2020-06-04,38,-9999.0000,-9999.0000,-9999.0000,-9999.0000,-9999.0000,-9999.0000,-9999.0000,-9999.0000,-9999.0000,-9999.0000,-9999.0000
2020-06-04,38,-9999.0000,-9999.0000,-9999.0000,-9999.0000,-9999.0000,-9999.0000,-9999.0000,-9999.0000,-9999.0000,-9999.0000,-9999.0000
2020-06-07,38,1223.0000,1344.3149,1724.5817,1850.9493,2243.0733,2770.5679,3004.0000,2979.2267,3181.7905,3098.3830,2410.0282
2020-06-07,38,1222.0000,1377.2437,1755.3928,1867.3858,2275.0844,2843.0000,3065.6680,3034.4634,3227.6336,3154.6106,2397.0880
2020-06-12,38,741.0000,997.3181,1380.9480,1489.9756,1836.0000,2474.0000,2721.6210,2787.5032,2841.5238,2641.5695,1988.8723
2020-06-12,38,734.0000,1004.9842,1381.2031,1474.6385,1844.9767,2485.1605,2741.8673,2802.3857,2869.0048,2648.6731,1996.1022
2020-06-14,38,1054.0000,1163.5210,1587.3468,1619.3470,2099.2072,3050.5865,3298.6455,3306.3490,3437.0195,3123.0000,2339.0000
2020-06-14,38,972.0000,1163.7919,1611.6120,1634.5292,2122.0000,3120.5057,3361.4049,3396.0000,3530.4542,3128.0000,2316.4850
2020-06-17,38,922.0000,961.6788,1366.0000,1321.8557,1809.4937,2844.0000,3178.0000,3177.8119,3321.1951,2748.0422,1921.9576
2020-06-17,38,848.0000,956.0000,1356.0000,1299.0345,1816.0000,2864.7419,3197.0000,3219.5998,3343.0000,2725.5765,1905.8891
2020-06-19,38,821.0000,938.8859,1370.9228,1243.4993,1899.9731,3260.8529,3754.4691,3810.4222,3867.0000,3019.0000,2152.0000
2020-06-19,38,748.0000,947.6069,1362.0289,1234.9465,1860.4626,3276.0000,3771.5913,3818.4186,3866.0000,3026.5521,2147.1892
2020-06-22,38,533.0000,617.3036,970.3814,819.7610,1355.1949,2862.0079,3377.4701,3475.3270,3510.0000,2484.6230,1688.4504
2020-06-22,38,507.0000,641.0000,979.2565,836.3565,1367.0000,2850.4094,3426.5807,3464.8395,3532.6650,2446.0000,1676.4614
2020-06-24,38,-9999.0000,-9999.0000,-9999.0000,-9999.0000,-9999.0000,-9999.0000,-9999.0000,-9999.0000,-9999.0000,-9999.0000,-9999.0000
2020-06-27,38,516.0000,539.1306,924.0599,699.4518,1279.0000,3421.0000,4283.1173,4295.9084,4449.5068,2513.5463,1528.8104
2020-06-27,38,539.0000,601.7613,948.0732,729.7220,1267.0000,3374.4756,4194.0000,4211.2714,4363.0755,2485.1981,1489.3832
2020-06-29,38,612.4769,635.2487,980.1574,708.8106,1284.9794,3574.0000,4699.5156,4704.0000,4851.3518,2633.2186,1572.4915
2020-06-29,38,593.0000,675.4049,987.2991,733.5799,1276.0000,3529.0000,4620.0000,4609.3403,4756.0000,2635.0000,1576.6991
2020-07-02,38,-9999.0000,-9999.0000,-9999.0000,-9999.0000,-9999.0000,-9999.0000,-9999.0000,-9999.0000,-9999.0000,-9999.0000,-9999.0000
2020-07-02,38,-9999.0000,-9999.0000,-9999.0000,-9999.0000,-9999.0000,-9999.0000,-9999.0000,-9999.0000,-9999.0000,-9999.0000,-9999.0000
2020-07-04,38,986.0000,998.0000,1246.0000,1160.0000,1402.0000,2314.0000,2681.0000,2828.0000,2793.0000,2000.0000,1478.0000
2020-07-04,38,908.0000,1078.0000,1270.0000,1200.0000,1430.0000,2166.0000,2499.0000,2588.0000,2615.0000,2000.0000,1498.0000
2020-07-07,38,258.0000,273.7283,597.2839,340.1397,844.3640,2976.5000,3918.0000,4120.4736,4079.0000,1909.5144,963.0000
2020-07-07,38,262.0000,305.2037,617.2209,356.0873,858.0000,3011.0000,3895.0716,4070.8597,4073.1978,1905.9783,961.5167
2020-07-09,38,426.0000,436.4383,771.5531,449.5233,1051.9736,3416.0000,4562.9896,4595.5125,4713.0000,2315.1597,1234.5043
2020-07-09,38,464.0000,531.5461,827.7268,523.9833,1082.8439,3359.0000,4431.0000,4465.6375,4593.8595,2299.2882,1234.5106
2020-07-12,38,252.0000,317.5865,619.9457,331.9240,852.3606,3098.7648,4183.0000,4407.4437,4347.4815,1961.3143,1026.5540
2020-07-12,38,239.0000,333.0779,627.0631,339.0343,846.0437,3121.9382,4192.8979,4374.0956,4308.6721,1965.1702,1019.0375
2020-07-14,38,457.8895,419.3223,780.9740,459.3092,1074.9408,3612.1162,4633.0000,4757.3125,4798.8045,2267.9184,1189.8111
2020-07-14,38,431.0000,435.0847,780.5389,459.4746,1078.2052,3602.6078,4603.8135,4772.0000,4827.0000,2275.0493,1188.8309
2020-07-17,38,228.5705,225.0337,587.8964,299.3160,916.5554,3330.0000,4423.0000,4484.5689,4592.0000,1978.1990,984.6743
2020-07-17,38,265.0000,301.3952,629.8387,347.6407,931.6564,3284.5816,4293.0392,4403.3189,4505.0000,1971.1633,987.3784
2020-07-19,38,276.0000,314.9989,675.1738,364.1682,987.2219,3490.6147,4750.0000,4806.0000,4866.0000,2172.0061,1115.1157
2020-07-19,38,313.0000,397.6213,724.5878,411.8251,1011.0000,3423.0000,4615.7775,4676.9832,4781.4609,2164.4245,1115.0774
2020-07-22,38,-9999.0000,-9999.0000,-9999.0000,-9999.0000,-9999.0000,-9999.0000,-9999.0000,-9999.0000,-9999.0000,-9999.0000,-9999.0000
2020-07-22,38,-9999.0000,-9999.0000,-9999.0000,-9999.0000,-9999.0000,-9999.0000,-9999.0000,-9999.0000,-9999.0000,-9999.0000,-9999.0000
2020-07-27,38,418.5231,409.0066,705.3026,419.5758,988.8442,3087.0000,4039.0000,4067.1408,4274.3485,1867.2316,930.2130
2020-07-27,38,424.0000,449.6480,725.3788,443.7155,993.5002,3035.7768,4002.8135,4049.3570,4227.3959,1865.8346,924.6597
2020-07-29,38,605.0000,605.8656,849.3602,564.3621,1115.0000,3081.9274,4108.2128,4162.9905,4404.0000,2083.1471,1085.6286
2020-07-29,38,598.0000,660.9869,882.3304,596.2024,1133.5458,3051.0000,4082.9880,4084.6197,4333.3091,2066.1356,1082.7407
2020-08-01,38,393.0000,433.5495,691.4633,442.9317,957.0000,2885.2860,3899.9631,3915.5541,4129.5170,1884.0000,996.2768
2020-08-01,38,422.0000,497.9126,731.5571,475.0374,978.2507,2846.2470,3817.0000,3860.3753,4074.0024,1891.3822,1003.6490
2020-08-06,38,254.0000,285.2810,635.4915,363.6033,988.3955,3138.6045,4041.3909,4089.5925,4323.0000,1860.1020,914.4342
2020-08-06,38,249.0000,317.7910,654.1761,370.7486,997.3113,3139.3462,4040.3672,4091.8333,4289.5702,1875.9934,915.8161
2020-08-08,38,328.6586,387.9824,723.1541,435.4026,1056.3256,3093.4647,4081.7874,4226.4649,4348.3692,1995.7498,1026.7221
2020-08-08,38,368.0000,465.9873,755.2056,483.5011,1065.4716,3035.0000,3986.4323,4137.6723,4235.9922,1978.3623,1029.7394
2020-08-11,38,-9999.0000,-9999.0000,-9999.0000,-9999.0000,-9999.0000,-9999.0000,-9999.0000,-9999.0000,-9999.0000,-9999.0000,-9999.0000
2020-08-11,38,-9999.0000,-9999.0000,-9999.0000,-9999.0000,-9999.0000,-9999.0000,-9999.0000,-9999.0000,-9999.0000,-9999.0000,-9999.0000
2020-08-13,38,432.0000,347.5764,779.7927,531.2782,1194.0000,3300.0000,4065.0060,4129.0991,4417.0000,2085.4386,1077.3015
2020-08-13,38,445.0000,485.8346,835.6497,588.3437,1193.1528,3206.7044,3950.0000,4002.0084,4292.0073,2057.8889,1065.0149
2020-08-16,38,439.0000,401.1010,737.7263,555.8207,1139.0478,2886.3798,3597.0000,3691.1763,3907.0289,1890.8503,1003.2506
2020-08-16,38,438.0000,432.8694,753.4376,563.4261,1138.2282,2865.4900,3590.5495,3692.1746,3872.0000,1882.7824,994.0034
2020-08-21,38,417.0000,493.0389,754.0067,587.6046,1138.0000,2624.9786,3324.9672,3418.6667,3634.5276,1891.0000,1043.5844
2020-08-21,38,371.0000,485.5921,745.5666,579.3059,1137.5000,2641.5756,3354.4058,3461.6336,3675.1304,1893.6773,1043.1474
2020-08-23,38,520.0000,490.5081,844.2172,675.9032,1275.0397,2913.3989,3494.5451,3584.9268,3882.6153,2163.0076,1177.0000
2020-08-23,38,506.0000,549.5221,866.1384,690.4786,1271.0000,2893.5067,3461.9811,3547.0576,3810.8099,2137.7841,1179.4805
2020-08-26,38,463.0000,450.3047,789.4994,668.0229,1255.0000,2750.3443,3313.1137,3450.9861,3715.9292,2034.1505,1091.3452
2020-08-26,38,342.0000,412.9967,765.7023,644.5426,1237.0470,2793.0000,3386.1671,3516.4583,3770.9204,2044.8436,1111.0000
2020-08-28,38,326.0000,395.3615,715.2205,619.0313,1253.5201,2692.7350,3331.6533,3452.7348,3744.0000,2225.6954,1257.9082
2020-08-28,38,413.0000,546.0009,812.3665,690.7428,1253.0000,2622.0886,3243.7232,3354.4426,3612.2695,2198.3374,1252.1689
2020-09-02,38,716.0000,1516.0000,1602.0000,1266.0000,1958.0000,3334.0000,3779.0000,3936.0000,4220.0000,2600.0000,1595.0000
2020-09-02,38,-9999.0000,-9999.0000,-9999.0000,-9999.0000,-9999.0000,-9999.0000,-9999.0000,-9999.0000,-9999.0000,-9999.0000,-9999.0000
2020-09-05,38,425.0000,441.9152,710.1695,579.9197,1102.5027,2285.3265,2723.3817,2833.0000,3033.1396,1875.0519,1027.5676
2020-09-05,38,436.0000,486.3119,734.0372,594.9856,1113.3857,2289.0000,2723.6515,2833.4988,3036.5097,1873.0000,1019.0000
2020-09-07,38,-9999.0000,-9999.0000,-9999.0000,-9999.0000,-9999.0000,-9999.0000,-9999.0000,-9999.0000,-9999.0000,-9999.0000,-9999.0000
2020-09-07,38,-9999.0000,-9999.0000,-9999.0000,-9999.0000,-9999.0000,-9999.0000,-9999.0000,-9999.0000,-9999.0000,-9999.0000,-9999.0000
2020-09-10,38,1077.0000,1040.6221,1224.0000,1045.0000,1522.1162,2489.0000,2893.6209,2942.7391,3117.8475,1953.1257,1286.0362
2020-09-10,38,1087.0000,1144.0000,1288.8428,1085.2207,1510.0000,2437.0000,2853.2734,2897.5597,3064.7766,1916.0000,1241.5091
2020-09-12,38,466.0000,453.5756,724.0443,627.2207,1130.9028,2399.0000,2814.3321,2930.6596,3131.7978,2099.0528,1177.0000
2020-09-12,38,400.0000,449.1071,724.6074,611.6640,1114.8268,2401.1382,2834.8755,2954.7158,3155.1203,2091.4818,1179.7150
2020-09-15,38,370.0000,401.5605,659.0366,570.8167,1040.5303,2217.7446,2689.9505,2786.8524,2995.9685,1984.3543,1106.8506
2020-09-15,38,333.0000,417.5284,659.7621,572.6572,1035.8915,2237.0000,2710.0401,2802.0250,3008.0000,1971.3613,1100.2915
2020-09-17,38,724.0000,643.5118,883.5934,803.4580,1272.5667,2439.0000,2958.3538,3088.8724,3272.0000,2278.5082,1389.6043
2020-09-17,38,709.0000,705.7194,915.7961,828.3382,1298.0000,2421.9308,2934.6595,3075.6180,3257.5334,2268.7468,1381.6645
2020-09-20,38,396.0000,497.2239,722.8958,635.8527,1076.9630,2173.1309,2653.4378,2786.0986,2977.8784,1947.3161,1156.7046
2020-09-20,38,374.0000,517.5718,731.4134,635.6383,1088.9571,2177.3789,2656.5042,2796.0338,2981.3493,1946.0000,1164.0000
2020-09-25,38,510.0000,513.7011,777.3585,669.5459,1166.0000,2329.5228,2764.4806,2860.4676,3085.7697,1944.8399,1048.8966
2020-09-25,38,503.0000,554.3061,802.3016,685.6912,1177.4327,2342.4998,2764.0000,2860.0136,3091.0000,1955.0000,1049.5251
2020-09-30,38,515.0000,585.5449,769.9915,642.0604,1041.0000,2018.0000,2385.9553,2506.8829,2606.0000,1712.5909,1016.0561
2020-09-30,38,514.0000,621.5137,789.2738,653.3585,1050.2476,2035.0000,2398.0372,2524.4355,2620.5337,1712.0000,1008.0000
2020-10-07,38,291.0000,392.9392,589.2450,548.0636,981.0000,1992.3276,2373.6894,2554.8984,2621.0471,1848.9257,1082.3628
2020-10-07,38,246.0000,385.8572,585.1259,541.2860,973.7933,2001.4934,2382.0943,2564.5971,2638.0000,1845.1608,1077.0000
2020-10-10,38,864.0000,890.3428,1013.5394,878.2809,1242.4054,2021.7548,2342.0480,2435.5331,2562.0000,1768.0000,1073.1456
2020-10-10,38,733.0000,838.6005,973.3659,844.9531,1243.0000,2078.3494,2408.9200,2496.9980,2636.5386,1777.7294,1079.0000
2020-10-12,38,341.0000,368.7774,609.0207,571.5082,1005.2985,2012.7604,2331.2705,2522.7979,2585.0000,1810.5491,1038.0000
2020-10-12,38,310.0000,377.3518,613.3995,572.1687,1001.3454,2038.0000,2313.7417,2512.0000,2578.3026,1806.3541,1030.3871
2020-10-20,38,1177.0000,1218.0000,1306.0000,1168.9282,1551.0000,2176.6545,2414.0000,2544.7231,2615.0000,1821.3840,1202.3588
2020-10-22,38,-9999.0000,-9999.0000,-9999.0000,-9999.0000,-9999.0000,-9999.0000,-9999.0000,-9999.0000,-9999.0000,-9999.0000,-9999.0000
2020-10-25,38,288.0000,353.5769,601.1597,589.5429,1006.5138,1676.9060,1945.6720,2024.8014,2196.4795,1722.0737,1018.0000
2020-10-25,38,309.0000,417.4649,641.2455,609.4677,1037.0000,1689.4692,1924.8142,2027.6974,2169.0000,1735.0000,1006.0000
2020-10-30,38,-9999.0000,-9999.0000,-9999.0000,-9999.0000,-9999.0000,-9999.0000,-9999.0000,-9999.0000,-9999.0000,-9999.0000,-9999.0000
2020-11-04,38,513.0000,540.8321,736.5209,734.1823,1141.8376,1660.0191,1835.4834,1883.7124,2093.3146,1867.4014,1154.3307
2020-11-04,38,535.0000,596.3009,777.8504,761.4644,1169.3322,1693.4766,1881.0000,1923.2909,2123.0000,1880.9000,1161.9929
2020-11-06,38,2.0000,185.5316,412.4363,507.5700,951.0000,1544.4916,1802.3299,1910.3554,2040.5851,1979.7656,1277.0401
2020-11-06,38,276.0000,450.0534,601.5777,629.7852,1021.3753,1555.9743,1771.2909,1894.9846,1988.8066,1945.0991,1266.0000
2020-11-09,38,342.0000,516.9897,685.6069,813.2126,1176.0000,1603.6600,1834.5961,2008.8581,2125.3957,1988.5215,1380.7876
2020-11-09,38,318.4731,530.3026,693.4503,813.7845,1186.0000,1588.0000,1833.9008,2022.2362,2137.0000,1981.5691,1366.0767
2020-11-11,38,235.0000,325.0386,611.3863,834.8154,1246.4883,1713.0000,1944.9457,2150.2337,2254.0000,2313.5356,1520.0000
2020-11-11,38,415.0000,537.8364,755.0039,914.2006,1293.0000,1722.0000,1900.5801,2117.4619,2230.0000,2281.0000,1533.6239
2020-11-19,38,253.0000,457.9210,661.1437,811.4006,1138.0000,1464.0000,1661.0000,1862.5891,1956.0000,1949.2910,1335.0000
2020-11-19,38,215.0000,457.6787,657.5427,811.4651,1152.3450,1499.0983,1702.0000,1861.9360,1968.0000,1932.5725,1348.0000
2020-11-21,38,516.0000,793.8957,1170.7297,1644.0000,1979.5688,2313.5215,2563.4094,3080.3493,2919.0000,3131.5085,2198.0000
2020-11-21,38,639.0000,909.8668,1217.2766,1618.4000,1908.4889,2253.0000,2461.6823,2934.3044,2828.9832,2978.8367,2138.0000
2020-11-24,38,706.0000,953.2478,1224.0000,1610.0699,1888.0000,2124.0954,2354.9821,2679.3886,2668.5259,2918.0083,2042.0391
2020-11-24,38,594.0000,912.7762,1208.4586,1627.7367,1880.0000,2184.0000,2396.6592,2727.0178,2733.4718,2931.4793,2069.0000
2020-11-26,38,607.0000,977.2917,1268.0000,1764.4178,2114.5426,2421.9236,2687.0000,3060.0026,3016.6380,2939.0000,2033.0563
2020-11-26,38,740.0000,1088.3333,1313.4774,1739.9550,2066.0000,2323.0000,2542.2322,2936.0968,2909.1432,2893.0000,2061.9004
2020-11-29,38,537.0000,909.3227,1173.1637,1620.4000,1872.0000,2116.3389,2366.7440,2664.2749,2684.1085,2898.9934,2164.4595
2020-11-29,38,451.0000,869.0116,1149.3333,1619.9842,1903.0000,2145.0000,2358.5593,2694.8950,2731.5231,2902.0000,2210.5979
2020-12-01,38,282.0000,258.8198,275.0000,273.0000,295.0000,317.0000,316.0000,332.0000,329.0000,217.0000,138.0000
2020-12-01,38,210.0000,242.7259,256.0000,259.0000,274.0000,299.0000,306.0000,322.7500,323.0000,214.0000,135.0000
2020-12-19,38,606.0000,926.0000,1125.6186,1433.3860,1628.5080,1846.0000,1982.1471,2163.8677,2226.4516,2334.3294,1800.0000
2020-12-19,38,573.0000,924.4859,1125.5522,1444.1851,1677.0000,1873.5239,2037.6302,2195.5281,2264.8392,2351.0000,1818.0934
2020-12-26,38,-9999.0000,-9999.0000,-9999.0000,-9999.0000,-9999.0000,-9999.0000,-9999.0000,-9999.0000,-9999.0000,-9999.0000,-9999.0000
2020-12-26,38,-9999.0000,-9999.0000,-9999.0000,-9999.0000,-9999.0000,-9999.0000,-9999.0000,-9999.0000,-9999.0000,-9999.0000,-9999.0000
2020-12-31,38,388.0000,533.6433,761.5260,1122.1659,1396.7763,1636.9672,1812.7489,1992.4665,2042.0000,1683.3885,1017.0000
2020-12-31,38,339.0000,537.5393,760.9762,1122.6173,1387.0000,1653.3721,1820.1098,2007.0678,2066.0000,1682.9235,1021.0000
2021-01-03,38,303.0000,477.4980,709.4989,1028.8548,1262.4776,1452.5037,1611.8031,1799.2285,1852.0891,1433.1478,841.2928
2021-01-03,38,347.0000,541.1235,741.6479,1045.0820,1293.1089,1491.5148,1635.5026,1803.3691,1853.8675,1424.6427,846.5852
2021-01-08,38,301.0000,593.6667,790.1582,1077.2708,1266.6155,1482.9978,1621.3945,1843.9465,1843.4281,1636.3651,1166.0000
2021-01-08,38,284.0000,620.7223,797.4063,1077.0976,1281.5508,1502.4970,1651.9299,1850.1255,1842.5934,1636.1815,1164.7744
2021-01-13,38,476.0000,698.4624,925.8205,1265.3338,1465.0000,1676.0000,1811.1008,2059.0846,2034.9440,2188.3943,1508.0000
2021-01-13,38,462.0000,721.8169,942.1457,1268.7265,1492.0000,1714.3876,1835.3815,2075.1464,2050.3095,2186.2005,1522.7450
2021-01-18,38,-9999.0000,-9999.0000,-9999.0000,-9999.0000,-9999.0000,-9999.0000,-9999.0000,-9999.0000,-9999.0000,-9999.0000,-9999.0000
2021-02-09,38,-9999.0000,-9999.0000,-9999.0000,-9999.0000,-9999.0000,-9999.0000,-9999.0000,-9999.0000,-9999.0000,-9999.0000,-9999.0000
2021-02-14,38,462.0000,725.2239,949.8354,1300.8722,1413.9859,1553.0000,1674.5807,1960.9517,1826.0000,2181.9805,1756.5126
2021-02-14,38,575.0000,829.5430,1009.0203,1296.8778,1414.4635,1554.5493,1669.0000,1947.6692,1811.9989,2153.0000,1727.0000
2021-02-17,38,1155.0000,1178.0000,1196.0000,1264.0000,1375.0000,1461.4698,1545.1238,1605.6821,1593.5446,1717.0000,1366.3679
2021-02-17,38,1081.0000,1166.0000,1186.0000,1258.0000,1382.0000,1485.8778,1577.3488,1628.9264,1622.0035,1708.7390,1371.0000
2021-02-22,38,-9999.0000,-9999.0000,-9999.0000,-9999.0000,-9999.0000,-9999.0000,-9999.0000,-9999.0000,-9999.0000,-9999.0000,-9999.0000
2021-02-24,38,612.0000,908.6042,1164.3764,1365.5991,1550.0000,1664.9785,1766.4983,1924.2906,1882.0000,2125.2239,1696.9470
2021-02-24,38,603.0000,914.6731,1164.9244,1356.4100,1529.0841,1651.0000,1748.3144,1914.9549,1862.0000,2132.9165,1702.0000
2021-02-27,38,654.0000,926.4975,1192.8711,1356.6765,1566.0000,1649.1539,1745.0000,1865.2928,1849.4890,2124.5187,1816.0000
2021-02-27,38,648.0000,950.7696,1205.1774,1360.6559,1565.0000,1697.5258,1781.8180,1898.1580,1892.0000,2138.0000,1832.5447
2021-03-01,38,704.0000,930.1988,1304.3243,1587.0621,1756.5368,1929.0000,2016.0000,2306.9515,2179.2850,2653.4107,2266.9042
2021-03-01,38,639.0000,925.3527,1300.0000,1585.7773,1762.3246,1938.8106,2042.0000,2313.3333,2185.0534,2651.2875,2294.0000
2021-03-04,38,1118.5909,1268.4227,1500.0000,1644.8852,1837.0000,1966.0689,2053.0000,2202.7139,2162.0000,2477.0000,2040.0000
2021-03-04,38,1239.0000,1350.0000,1549.4474,1665.4879,1852.0731,1969.5534,2061.7186,2229.4167,2168.0000,2455.0000,2045.0000
2021-03-06,38,769.0000,1170.7378,1522.4044,1787.9630,1951.0000,2106.9744,2197.5530,2522.8578,2345.4888,2843.0000,2570.5773
2021-03-06,38,796.0000,1179.0661,1515.5109,1763.4649,1939.5395,2082.4994,2201.0000,2508.8840,2346.7033,2849.8265,2565.0000
2021-03-09,38,769.0000,954.2185,1147.1197,1365.9913,1593.5918,1718.3812,1803.2963,1937.9850,1914.6040,2347.4989,2173.1938
2021-03-09,38,649.0000,908.6027,1130.9225,1362.4792,1586.2795,1715.0000,1825.0000,1954.4207,1931.9994,2372.0000,2177.6212
2021-03-16,38,764.0000,1098.0403,1402.0523,1812.1400,1948.9560,2089.0000,2218.0000,2499.9545,2369.0000,2944.0000,2763.4048
2021-03-16,38,726.0000,1107.2877,1397.1350,1793.0085,1941.0000,2104.0000,2194.9822,2497.3876,2353.0000,2966.0000,2739.9016
2021-03-19,38,537.0000,726.8914,922.5000,1188.0000,1328.5545,1476.0000,1590.2052,1770.2182,1712.5194,2143.0000,1869.0000
2021-03-19,38,545.0000,754.6084,936.6911,1188.2641,1330.0419,1495.0000,1613.1172,1778.8223,1718.0000,2133.0000,1856.8698
2021-03-21,38,-9999.0000,-9999.0000,-9999.0000,-9999.0000,-9999.0000,-9999.0000,-9999.0000,-9999.0000,-9999.0000,-9999.0000,-9999.0000
2021-03-21,38,-9999.0000,-9999.0000,-9999.0000,-9999.0000,-9999.0000,-9999.0000,-9999.0000,-9999.0000,-9999.0000,-9999.0000,-9999.0000
2021-03-24,38,943.0000,1275.1787,1652.9295,2018.0000,2181.0701,2268.9713,2382.0000,2587.8810,2529.0000,3171.1481,2865.0000
2021-03-24,38,942.0000,1292.6356,1658.6651,2017.3069,2172.2501,2301.6630,2405.6759,2611.8425,2548.3074,3172.2387,2899.4079
2021-03-26,38,1257.0000,1549.1500,1865.9140,2187.4286,2395.0000,2524.4010,2657.9975,2853.2722,2785.9881,3525.0000,3339.0000
2021-03-26,38,1221.0000,1553.7067,1852.2366,2163.3312,2380.5629,2518.7502,2644.9908,2841.3852,2770.0620,3507.0000,3333.4733
2021-03-29,38,1197.0000,1444.6997,1725.2000,1987.5685,2177.0000,2313.5941,2450.6423,2565.2319,2566.5673,3137.2418,2980.0000
2021-03-29,38,1169.0000,1464.2179,1754.0000,2020.0000,2213.2929,2361.0034,2489.5023,2612.8836,2610.0000,3161.2221,3000.1372
2021-03-31,38,1246.0000,1547.7378,1954.3642,2315.7395,2513.0000,2676.9849,2771.0000,2939.0967,2908.0000,3573.5130,3296.0000
2021-03-31,38,1205.0000,1512.0000,1897.7560,2233.8514,2437.7824,2603.9871,2696.7295,2875.5235,2845.0000,3509.0000,3268.2240
2021-04-03,38,972.0000,1242.0000,1563.4276,1883.1505,2065.7459,2235.0000,2349.0000,2539.5130,2489.0000,2980.8585,2727.0000
2021-04-03,38,982.0000,1265.3111,1576.2816,1873.3858,2042.0000,2228.7622,2353.9329,2532.6445,2507.5208,2955.4852,2686.0000
2021-04-05,38,1207.0000,1618.6579,1987.3439,2347.5385,2541.0000,2706.0000,2850.0188,3075.8267,2967.0000,3638.0829,3482.9620
2021-04-05,38,1189.0000,1627.7460,2001.9675,2339.8117,2531.0000,2730.8313,2860.1785,3091.0078,2980.0000,3644.2148,3486.5165
2021-04-08,38,1036.0000,1418.3127,1764.0958,2121.1318,2269.2271,2454.0000,2589.2804,2891.8400,2728.6531,3283.4444,3150.4998
2021-04-08,38,1037.0000,1434.2001,1752.6425,2098.8267,2259.5540,2460.2616,2590.0796,2884.6064,2725.4412,3297.5502,3158.5919
2021-04-10,38,1427.0000,1731.0425,2162.5962,2544.0156,2738.5000,2910.6369,3028.8239,3251.2645,3164.9088,3772.0000,3411.0000
2021-04-10,38,1369.8590,1689.5781,2106.8457,2458.0069,2665.9148,2876.4973,2964.0510,3195.6731,3131.7567,3699.4461,3371.0110
2021-04-15,38,854.0000,1069.5978,1256.4851,1500.2466,1689.6120,1877.5234,2002.0645,2165.4090,2100.2559,2138.0000,1673.0000
2021-04-15,38,782.0000,1073.3540,1257.5894,1497.0000,1694.0000,1894.5176,2013.4124,2194.0000,2124.7380,2138.1048,1676.0000
2021-04-20,38,-9999.0000,-9999.0000,-9999.0000,-9999.0000,-9999.0000,-9999.0000,-9999.0000,-9999.0000,-9999.0000,-9999.0000,-9999.0000
2021-04-20,38,-9999.0000,-9999.0000,-9999.0000,-9999.0000,-9999.0000,-9999.0000,-9999.0000,-9999.0000,-9999.0000,-9999.0000,-9999.0000
2021-04-23,38,938.0000,1275.6966,1731.2073,2024.2500,2313.3530,2540.3570,2658.7035,2835.1309,2828.0000,3201.8977,2710.0000
2021-04-23,38,991.0000,1283.7873,1690.0069,1955.1099,2261.0069,2482.6883,2618.0000,2811.7860,2811.7931,3163.6992,2662.4063
2021-04-25,38,1279.0000,1649.7895,2131.3451,2424.3187,2715.0559,2995.3435,3176.0000,3352.6770,3347.3756,3874.4392,3540.5283
2021-04-25,38,1229.0000,1618.9143,2058.3407,2370.0000,2671.0000,2932.4603,3125.9342,3322.8600,3299.1952,3875.0000,3581.0000
2021-04-28,38,1133.0000,1500.4000,1881.1379,2087.5794,2308.0000,2482.3541,2657.0000,2731.0894,2706.9520,2937.0469,2666.7695
2021-04-28,38,1091.0000,1490.3675,1842.4697,2022.3749,2267.0000,2503.0000,2663.0000,2742.2195,2727.0000,2943.0000,2660.1280
2021-04-30,38,-9999.0000,-9999.0000,-9999.0000,-9999.0000,-9999.0000,-9999.0000,-9999.0000,-9999.0000,-9999.0000,-9999.0000,-9999.0000
2021-04-30,38,-9999.0000,-9999.0000,-9999.0000,-9999.0000,-9999.0000,-9999.0000,-9999.0000,-9999.0000,-9999.0000,-9999.0000,-9999.0000
2021-05-03,38,881.0000,1181.0000,1603.7027,1884.8392,2148.0000,2462.0000,2621.2194,2804.7295,2788.0000,3068.7680,2582.0000
2021-05-03,38,862.0000,1188.6496,1604.4718,1858.8615,2143.0000,2465.5735,2638.9174,2819.5778,2816.0000,3057.0000,2557.4536
2021-05-05,38,-9999.0000,-9999.0000,-9999.0000,-9999.0000,-9999.0000,-9999.0000,-9999.0000,-9999.0000,-9999.0000,-9999.0000,-9999.0000
2021-05-05,38,-9999.0000,-9999.0000,-9999.0000,-9999.0000,-9999.0000,-9999.0000,-9999.0000,-9999.0000,-9999.0000,-9999.0000,-9999.0000
2021-05-08,38,970.0000,1362.3289,1778.2907,2192.5889,2380.0000,2605.0000,2807.0000,2978.1992,2988.0000,3282.0000,2823.0000
2021-05-08,38,957.7193,1339.2158,1722.8568,2105.1358,2298.8749,2577.0000,2760.7157,2945.1903,2945.2854,3248.0000,2803.0000
2021-05-10,38,1780.0000,2230.3831,2807.2898,3302.7109,3527.5209,3804.2468,3909.7513,4057.7766,4124.0000,4693.2908,4233.1928
2021-05-10,38,1625.0000,2147.8815,2709.2447,3161.0248,3432.1293,3728.0000,3868.1254,4002.9264,4052.0000,4610.0000,4222.0000
2021-05-13,38,1080.0000,1249.3437,1541.3595,1770.9163,1978.4516,2224.0000,2352.0000,2387.4534,2493.2268,2237.0020,1774.0000
2021-05-13,38,973.0000,1217.7177,1533.4302,1786.2843,2004.0000,2267.0000,2413.0082,2445.4258,2538.0000,2252.0000,1769.3376
2021-05-15,38,-9999.0000,-9999.0000,-9999.0000,-9999.0000,-9999.0000,-9999.0000,-9999.0000,-9999.0000,-9999.0000,-9999.0000,-9999.0000
2021-05-15,38,-9999.0000,-9999.0000,-9999.0000,-9999.0000,-9999.0000,-9999.0000,-9999.0000,-9999.0000,-9999.0000,-9999.0000,-9999.0000
2021-05-18,38,866.0000,1208.0000,1577.6808,1889.1888,2116.2597,2402.0847,2574.0000,2677.4082,2713.1343,2924.7091,2406.0000
2021-05-18,38,862.0000,1209.9216,1561.2500,1865.8812,2108.4908,2398.6419,2573.1961,2683.9322,2725.0000,2899.0000,2390.0000
2021-05-20,38,948.0000,1227.4301,1657.4366,1946.8142,2226.0000,2508.6593,2647.0000,2754.7812,2808.0572,2965.3009,2285.0000
2021-05-20,38,928.0000,1204.9266,1609.2009,1890.3118,2202.5772,2514.3397,2664.0616,2756.0811,2805.5038,2928.9709,2297.0000
2021-05-23,38,1813.0000,1997.1387,2324.0000,2395.7209,2787.3191,3128.6488,3304.4975,3329.4620,3416.5253,2971.1913,2483.4815
2021-05-23,38,1846.0000,2044.9294,2411.2838,2466.3464,2885.0000,3249.3522,3430.6442,3472.7447,3544.0000,2989.0000,2513.0000
2021-05-25,38,-9999.0000,-9999.0000,-9999.0000,-9999.0000,-9999.0000,-9999.0000,-9999.0000,-9999.0000,-9999.0000,-9999.0000,-9999.0000
2021-05-25,38,-9999.0000,-9999.0000,-9999.0000,-9999.0000,-9999.0000,-9999.0000,-9999.0000,-9999.0000,-9999.0000,-9999.0000,-9999.0000
2021-05-28,38,837.0000,1155.3689,1579.7441,1769.5347,2131.3073,2548.3227,2738.0000,2875.2107,2860.9661,2847.0000,2262.2201
2021-05-28,38,838.0000,1155.8786,1553.0136,1730.4000,2077.5248,2515.0000,2725.4179,2859.0045,2862.0968,2814.2469,2220.4478
2021-05-30,38,1304.2531,1653.6894,2247.9400,2506.2624,2844.0000,3436.8468,3601.4884,3795.1468,3771.5977,3798.4537,3229.0000
2021-05-30,38,1204.0000,1618.2973,2163.5581,2407.9084,2757.7438,3348.7034,3571.7596,3764.0000,3724.6113,3819.9364,3178.0000
2021-06-02,38,1529.0000,2069.0354,2695.5727,2969.2000,3369.0000,4046.0000,4211.5568,4420.7490,4396.9619,4374.8764,3753.3043
2021-06-02,38,1474.0000,1972.5053,2598.0000,2824.4323,3290.0000,3905.0000,4131.9561,4338.6449,4298.0000,4251.0000,3706.0000
2021-06-04,38,1450.0000,1835.0000,2283.7335,2360.1119,2826.0000,3481.3332,3744.5830,3787.5488,3867.6033,3659.0000,3115.9459
2021-06-04,38,1440.0000,1881.9226,2362.6636,2425.8826,2917.0000,3593.5479,3881.0000,3883.1765,3954.4715,3677.8547,3160.0000
2021-06-07,38,1682.0000,1864.0000,2276.0000,2289.9390,2778.0000,3571.0000,3907.0000,3883.8561,4012.0000,3391.0000,2736.0000
2021-06-07,38,1952.0000,1964.0000,2402.3309,2370.0000,2926.0000,3687.0000,4074.9544,4013.6497,4164.3821,3380.0000,2722.0000
2021-06-09,38,1422.0000,1634.0000,2227.3016,2312.3782,2913.0000,4024.0000,4251.8333,4363.2081,4500.6463,4296.5940,3450.6382
2021-06-09,38,1350.4863,1665.5987,2312.2319,2379.2630,3093.4624,4172.1258,4454.5005,4531.5279,4649.0000,4358.8016,3560.0000
2021-06-12,38,1234.0000,1507.3108,2152.4263,2086.2747,2838.3582,4030.5024,4370.0515,4417.6949,4577.0000,3754.0000,2947.0000
2021-06-12,38,1144.0000,1499.1464,2074.0000,2019.9666,2684.1979,3906.8686,4224.0000,4274.5774,4437.4961,3699.0000,2890.4685
2021-06-14,38,1097.5033,1490.4536,2098.8117,2005.4468,2762.0000,4129.3348,4579.9007,4697.6711,4716.0405,4027.0072,3191.8204
2021-06-14,38,1053.0000,1508.0000,2133.5423,2055.5731,2774.9929,4275.0691,4688.4841,4826.4526,4832.0000,4051.9815,3229.0000
2021-06-17,38,1018.0000,1433.0173,2103.3680,2010.1343,2918.0000,4157.0000,4542.4867,4652.6623,4700.0180,3844.0000,3030.0000
2021-06-17,38,961.0000,1361.4396,1921.6358,1881.8908,2658.4600,3890.9544,4266.3712,4385.4793,4467.5233,3721.7998,2947.6673
2021-06-19,38,1130.0000,1300.1153,1786.9067,1787.8489,2482.0000,3524.0000,3779.9943,3804.0411,3985.9397,3231.0000,2445.0000
2021-06-19,38,1055.0000,1298.8165,1786.0228,1795.6390,2475.5256,3548.3430,3802.7223,3809.9138,4011.0000,3252.7376,2443.9498
2021-06-22,38,1115.0000,1404.0789,1939.2799,2183.9642,2947.0000,3905.0000,4230.0000,4372.4909,4492.8898,3756.0282,2838.9091
2021-06-22,38,1052.0000,1385.4108,1892.0000,2134.2757,2891.5573,3862.0129,4176.0000,4313.7135,4436.4910,3715.2130,2805.6066
2021-06-24,38,1221.0000,1564.0211,2042.1164,2259.2115,2962.5466,3773.0003,4210.6960,4274.2946,4494.0000,4035.5683,3136.0000
2021-06-24,38,1131.0000,1560.9540,2034.4812,2262.6510,2954.4385,3822.0000,4253.6344,4305.9670,4532.3575,3993.0000,3113.2120
2021-06-27,38,2132.0000,2172.4292,2498.1983,2574.0000,3076.1816,3886.0000,4285.7914,4500.0000,4532.6655,3581.4175,2851.6536
2021-06-27,38,2137.0000,2268.4836,2602.2974,2651.3890,3219.7763,4084.5727,4485.0000,4656.0000,4713.7424,3630.6057,2906.0000
2021-06-29,38,1196.0000,1441.3028,1945.9979,2137.6000,2772.1789,3718.5514,4052.2484,4145.6626,4404.2429,4053.0000,3058.5637
2021-06-29,38,1055.0000,1428.0000,1946.6007,2148.5833,2769.0000,3784.9959,4132.6077,4194.5706,4466.0883,4058.0000,3028.0511
2021-07-02,38,958.0000,1221.3164,1683.1825,1865.9876,2469.0000,3492.9384,3867.0000,4050.9675,4234.0000,3859.2681,2861.0000
2021-07-02,38,887.0000,1235.1540,1689.7704,1849.1832,2522.0000,3538.0000,3908.6065,4091.8445,4275.0088,3838.0000,2833.3225
2021-07-04,38,1471.0000,1528.0919,1876.0000,1833.3362,2463.0000,3632.0000,4231.0000,4329.5844,4524.0000,3790.0000,2738.9388
2021-07-07,38,534.0000,666.5426,1027.0290,971.1328,1568.0000,2758.6258,3185.0000,3260.2024,3409.0570,2877.0000,2050.0000
2021-07-07,38,504.0000,682.9776,1026.4356,972.6667,1551.0000,2732.0000,3164.0000,3251.7651,3417.0000,2858.9346,2055.3877
2021-07-09,38,641.0000,672.0000,1130.0000,1030.7838,1789.0000,3404.0000,3809.1623,3971.5669,4100.3915,3266.7243,2280.0000
2021-07-09,38,620.7503,714.9125,1131.0844,1046.4318,1745.1912,3360.0000,3774.0000,3920.0000,4044.1174,3281.0000,2273.7162
2021-07-12,38,608.0000,578.6786,1005.0000,930.5869,1614.0000,3200.0000,3697.5240,3722.7436,3998.0000,2899.0000,1929.0000
2021-07-12,38,564.0000,661.6431,1026.8997,960.0000,1596.2566,3180.0000,3700.6939,3699.0649,3971.7646,2872.0000,1932.0000
2021-07-14,38,-9999.0000,-9999.0000,-9999.0000,-9999.0000,-9999.0000,-9999.0000,-9999.0000,-9999.0000,-9999.0000,-9999.0000,-9999.0000
2021-07-19,38,796.0000,1256.8451,1378.6667,1108.7423,1679.0000,4161.0000,5003.0000,4786.6314,5546.0000,3243.5444,1927.3774
2021-07-19,38,905.0000,1152.0000,1336.9980,1066.8279,1714.5865,4214.0000,5060.0000,4880.6667,5387.0000,3316.3666,2010.3351
2021-07-22,38,652.0000,474.7006,741.4134,581.3058,1180.0000,3252.5366,4043.5556,4042.2597,4425.9428,2545.0000,1458.2055
2021-07-22,38,486.0000,515.0776,756.6613,604.9718,1153.6448,3270.0000,4050.0000,4059.5487,4401.0000,2531.0777,1480.0000
2021-07-24,38,993.0000,909.3685,1117.4108,955.4827,1418.3878,3073.1187,3917.0000,3891.6372,4137.4304,2571.0877,1592.9403
2021-07-24,38,678.0000,700.9310,979.0550,852.8039,1400.5490,3361.9499,4308.2014,4297.0922,4594.0000,2662.0000,1655.0000
2021-07-29,38,398.0000,338.8712,596.0007,483.3499,1036.4329,3219.0000,4019.0165,4022.2576,4302.4970,2429.3457,1355.6658
2021-07-29,38,438.0000,430.3633,659.7102,522.1392,1033.9027,3145.6083,3897.8024,3958.3754,4200.7349,2418.3296,1320.0733
2021-08-01,38,307.0000,250.3561,419.2239,291.2443,649.4505,2089.7870,2694.2329,2791.8395,2804.6045,1425.9650,700.4355
2021-08-01,38,205.0000,204.8891,381.2483,259.5633,662.0000,2186.9267,2761.0460,2855.1235,2892.4731,1426.2336,691.0000
2021-08-03,38,363.0000,380.5000,603.6062,484.3333,1044.6427,3043.7876,3980.0000,4085.0046,4200.0000,2322.8115,1380.6967
2021-08-03,38,364.0000,428.2105,628.5658,517.3457,1020.6566,3026.8666,3940.0000,4056.9301,4152.0000,2312.6774,1349.1787
2021-08-06,38,319.0000,363.0506,546.4610,427.8236,914.0000,2897.7313,3814.2355,3851.1260,4059.0000,2115.0000,1213.0000
2021-08-06,38,315.0000,371.2152,555.4097,426.9111,907.0000,2883.9763,3806.0000,3860.9911,4080.0000,2107.8669,1188.5441
2021-08-08,38,-9999.0000,-9999.0000,-9999.0000,-9999.0000,-9999.0000,-9999.0000,-9999.0000,-9999.0000,-9999.0000,-9999.0000,-9999.0000
2021-08-11,38,409.0000,387.9161,588.3363,473.6404,994.4658,2779.6597,3491.8296,3578.2078,3818.6441,2116.4928,1216.7632
2021-08-11,38,414.0000,421.3951,603.4228,488.0163,978.8169,2785.0000,3511.5080,3560.2027,3833.9872,2107.3238,1209.0222
2021-08-13,38,-9999.0000,-9999.0000,-9999.0000,-9999.0000,-9999.0000,-9999.0000,-9999.0000,-9999.0000,-9999.0000,-9999.0000,-9999.0000
2021-08-13,38,830.0000,889.6546,1013.2250,891.3442,1297.0000,2577.0000,3226.9774,3204.6209,3397.5335,1773.2570,1160.0000
2021-08-16,38,380.0000,435.1445,651.5493,563.2474,1072.0000,2795.4815,3560.0000,3607.9313,3845.9356,2152.6453,1297.8468
2021-08-16,38,386.0000,475.9071,691.9938,572.0100,1063.0000,2798.0000,3581.9725,3595.0232,3853.6228,2145.5599,1290.9933
2021-08-18,38,340.0000,313.6187,611.2728,487.3528,1132.9119,3267.3065,3961.8621,4150.1912,4273.2701,2397.1342,1404.2168
2021-08-18,38,408.0000,411.9041,691.7289,549.2937,1137.5607,3195.4219,3802.0817,4056.1093,4200.0090,2378.6981,1384.9681
2021-08-21,38,443.0000,412.0531,676.2984,534.8999,1152.0000,2917.5098,3543.3384,3624.6832,3878.9122,2216.9865,1284.8415
2021-08-21,38,526.0000,532.4141,756.2585,596.6587,1168.6993,2851.7815,3473.4514,3559.0737,3795.2215,2195.4061,1274.5957
2021-08-26,38,372.0000,458.8604,772.3188,585.0000,1307.7977,2970.5409,3577.6026,3719.5148,3883.5620,2235.5365,1352.0000
2021-08-26,38,339.0000,445.4398,762.6517,579.5659,1292.0059,2987.3092,3601.8460,3801.9861,3895.9641,2236.0000,1358.0000
2021-08-28,38,-9999.0000,-9999.0000,-9999.0000,-9999.0000,-9999.0000,-9999.0000,-9999.0000,-9999.0000,-9999.0000,-9999.0000,-9999.0000
2021-08-28,38,-9999.0000,-9999.0000,-9999.0000,-9999.0000,-9999.0000,-9999.0000,-9999.0000,-9999.0000,-9999.0000,-9999.0000,-9999.0000
2021-08-31,38,-9999.0000,-9999.0000,-9999.0000,-9999.0000,-9999.0000,-9999.0000,-9999.0000,-9999.0000,-9999.0000,-9999.0000,-9999.0000
2021-08-31,38,-9999.0000,-9999.0000,-9999.0000,-9999.0000,-9999.0000,-9999.0000,-9999.0000,-9999.0000,-9999.0000,-9999.0000,-9999.0000
2021-09-02,38,370.0000,443.9195,868.1935,725.3479,1681.0000,3109.9718,3560.0000,3801.4575,3863.3618,2397.0000,1511.0626
2021-09-02,38,426.0000,521.8732,897.4881,746.6071,1657.7059,3030.0000,3492.8438,3750.8198,3793.9642,2395.8944,1490.0000
2021-09-05,38,335.0000,460.7929,898.9043,859.1406,1763.1143,2906.9718,3270.5405,3563.2908,3589.0000,2339.0010,1532.8296
2021-09-05,38,347.0000,483.2051,907.8491,867.4735,1762.5131,2924.1657,3291.1935,3574.3849,3616.9608,2313.5850,1500.0000
2021-09-07,38,549.0000,545.6937,1112.0000,1205.9734,2322.0000,3319.0000,3652.4911,3978.1611,4101.9362,2819.0000,1771.5859
2021-09-07,38,559.0000,634.2213,1130.4065,1226.5077,2228.3754,3278.0000,3622.0820,3928.5930,3985.9396,2771.0000,1763.8260
2021-09-10,38,388.0000,499.4367,963.7697,1241.1261,2080.4492,2729.6160,3042.6708,3367.8075,3467.6077,2730.0755,1760.0000
2021-09-10,38,410.0000,555.1684,986.9261,1259.1298,2032.0000,2716.2544,3034.7746,3334.2310,3460.5620,2689.4061,1772.0138
2021-09-12,38,535.0000,690.3141,1050.1845,1387.8328,2073.0000,2626.4241,3003.7182,3241.2658,3445.9625,3051.9694,2096.0000
2021-09-12,38,566.0000,765.1733,1076.0693,1387.9469,2044.0000,2563.0000,2954.9600,3204.0083,3377.6695,2992.0000,2107.2435
2021-09-20,38,308.0000,393.3146,635.5339,891.8394,1222.5210,1684.5132,1917.8552,2042.8061,2236.6031,2257.0000,1658.0000
2021-09-20,38,278.0000,401.9420,644.6305,891.8912,1229.0255,1673.0000,1930.5396,2058.8357,2265.0000,2273.1202,1618.0000
2021-09-22,38,992.0000,882.0000,1145.1180,1339.3868,1728.0000,2241.1881,2494.2391,2563.6643,2757.0000,2627.0000,2067.0000
2021-09-25,38,851.0000,893.0060,1044.4642,1136.4562,1456.6294,1930.0000,2184.9452,2272.7199,2433.2996,2442.6421,2001.3953
2021-09-25,38,787.0000,909.6994,1057.3981,1132.9838,1466.3557,1941.0000,2210.0000,2301.1461,2457.7802,2450.0213,1996.0320
2021-09-27,38,692.0000,626.0000,738.5070,802.2045,976.4674,1184.0000,1284.0000,1260.0942,1386.4267,1062.0000,714.0000
2021-09-27,38,675.0000,662.1488,754.8755,809.8122,973.0000,1204.0000,1302.3625,1281.5737,1410.3690,1052.5017,714.0000
2021-09-30,38,448.0000,637.2946,901.6725,1220.1154,1460.4675,1788.6279,1949.0000,2081.7805,2235.6212,2747.6067,2171.0000
2021-09-30,38,462.0000,673.2816,917.2921,1218.6254,1480.0000,1794.0000,1969.4070,2091.1939,2236.0000,2741.6244,2160.4957
2021-10-02,38,1605.0000,1676.0000,1786.0000,1865.4780,2188.0000,2423.0000,2573.3875,2657.3037,2697.4735,2693.9946,2297.5046
2021-10-05,38,-9999.0000,-9999.0000,-9999.0000,-9999.0000,-9999.0000,-9999.0000,-9999.0000,-9999.0000,-9999.0000,-9999.0000,-9999.0000
2021-10-10,38,-9999.0000,-9999.0000,-9999.0000,-9999.0000,-9999.0000,-9999.0000,-9999.0000,-9999.0000,-9999.0000,-9999.0000,-9999.0000
2021-10-10,38,-9999.0000,-9999.0000,-9999.0000,-9999.0000,-9999.0000,-9999.0000,-9999.0000,-9999.0000,-9999.0000,-9999.0000,-9999.0000
2021-10-15,38,1001.0000,1245.4080,1489.6863,1685.3559,1826.0000,1995.0000,2131.5584,2267.9167,2258.4672,2552.0000,2381.4851
2021-10-15,38,1017.0000,1284.8782,1501.7383,1676.0000,1839.0000,2003.0000,2141.2107,2273.9759,2260.5817,2538.7047,2387.9647
2021-10-17,38,959.0000,1165.4428,1483.9517,1771.6273,1876.0000,2069.5009,2169.5560,2322.9298,2329.8078,2837.5978,2500.0000
2021-10-17,38,912.0000,1172.5519,1474.3926,1763.2608,1876.0000,2082.3563,2172.7117,2338.1365,2331.6030,2826.2380,2545.9669
2021-10-27,38,1009.0000,1345.7964,1739.7760,2107.9920,2203.9463,2380.9009,2467.2769,2663.6997,2660.9779,3346.8532,3088.0000
2021-10-27,38,967.0000,1354.1796,1763.1097,2130.1353,2255.0000,2390.0000,2509.0000,2679.9065,2684.5876,3347.0000,3163.0000
2021-10-30,38,1776.0000,1876.1710,2212.4575,2513.9193,2864.0000,3087.0000,3259.7988,3415.6037,3503.0000,4086.4995,3665.7060
2021-10-30,38,1720.0000,1880.6667,2194.2916,2508.5435,2849.0000,3059.0254,3272.0000,3415.0960,3524.6632,4115.5069,3675.5638
2021-11-04,38,333.0000,565.7805,805.0000,1059.6272,1201.3901,1331.8451,1428.2284,1571.6247,1561.3496,1664.0000,1346.8581
2021-11-04,38,127.0000,481.7053,745.6919,1028.4345,1171.1808,1300.0000,1414.0000,1578.2493,1589.6988,1665.0404,1356.2783
2021-11-06,38,493.0000,660.4559,1011.7971,1321.9161,1530.9840,1699.0338,1793.0000,1928.4601,1950.0000,2242.0543,1741.0000
2021-11-06,38,613.0000,809.6551,1085.2752,1329.8171,1532.0000,1659.3626,1756.0000,1910.4390,1948.4745,2181.5035,1714.0000
2021-11-11,38,616.0000,965.0584,1237.1655,1434.0157,1678.5647,1821.0000,1988.0000,2034.7618,2097.8671,2365.6056,1865.2110
2021-11-11,38,634.0000,996.7653,1243.3263,1426.6495,1657.0842,1817.3083,1955.4477,2027.4484,2105.0000,2364.7008,1859.9680
2021-11-19,38,714.0000,869.3068,1144.0000,1267.0000,1524.7250,1746.4944,1857.2852,1963.4350,2026.7208,2064.5589,1535.0000
2021-11-19,38,697.0000,869.8435,1146.0000,1274.9743,1537.0000,1763.9587,1878.6567,1971.7671,2008.0000,2066.7407,1531.0000
2021-11-24,38,365.0000,630.0867,899.2125,1011.3251,1330.6338,1739.1861,1866.0000,2050.9580,2004.1207,2013.3491,1577.5034
2021-11-24,38,305.0000,610.3456,884.1407,1004.4072,1290.4294,1706.4351,1867.2531,2035.9454,1997.9222,1996.0000,1529.9295
2021-11-29,38,299.0000,544.8043,938.3669,1044.2482,1498.0000,2005.0000,2156.0000,2411.0135,2334.6155,2200.9850,1542.0000
2021-11-29,38,270.0000,557.3669,939.4540,1035.5228,1504.0000,2016.0000,2156.0000,2436.0000,2348.9079,2219.4346,1534.4628
2021-12-01,38,310.0000,602.6292,915.7008,979.5180,1379.2908,1899.1691,2084.5232,2149.6958,2188.0000,2013.3492,1421.1844
2021-12-01,38,286.0000,625.2019,932.1522,978.9860,1379.2243,1895.0000,2084.0000,2168.2064,2212.3201,2029.2790,1425.0000
2021-12-06,38,175.0000,409.1644,802.1278,908.1071,1395.2308,2074.3000,2199.0918,2408.8534,2341.5760,2093.6510,1427.1784
2021-12-06,38,419.0000,586.4533,883.7801,954.3278,1389.5250,1980.0308,2117.0000,2360.0031,2275.4524,2044.0036,1409.6615
2021-12-14,38,-9999.0000,-9999.0000,-9999.0000,-9999.0000,-9999.0000,-9999.0000,-9999.0000,-9999.0000,-9999.0000,-9999.0000,-9999.0000
2021-12-14,38,-9999.0000,-9999.0000,-9999.0000,-9999.0000,-9999.0000,-9999.0000,-9999.0000,-9999.0000,-9999.0000,-9999.0000,-9999.0000
2021-12-16,38,211.0000,397.7514,826.1862,880.9483,1418.7942,2122.0233,2244.4299,2406.0031,2440.1306,2141.7164,1454.0000
2021-12-16,38,380.0000,565.6380,922.8427,932.1248,1396.1360,2080.0000,2219.6617,2361.7226,2371.0415,2111.0000,1451.7354
2021-12-29,38,-9999.0000,-9999.0000,-9999.0000,-9999.0000,-9999.0000,-9999.0000,-9999.0000,-9999.0000,-9999.0000,-9999.0000,-9999.0000
2021-12-31,38,-9999.0000,-9999.0000,-9999.0000,-9999.0000,-9999.0000,-9999.0000,-9999.0000,-9999.0000,-9999.0000,-9999.0000,-9999.0000
2021-12-31,38,-9999.0000,-9999.0000,-9999.0000,-9999.0000,-9999.0000,-9999.0000,-9999.0000,-9999.0000,-9999.0000,-9999.0000,-9999.0000
2022-01-08,38,320.0000,457.3957,771.9932,787.3079,1330.7067,2234.0822,2437.7880,2772.7514,2585.0691,1853.9424,1178.5737
2022-01-08,38,225.0000,414.0120,733.8517,763.0093,1296.0000,2313.2498,2494.0000,2809.2083,2625.6976,1844.5473,1163.0000
2022-01-13,38,-9999.0000,-9999.0000,-9999.0000,-9999.0000,-9999.0000,-9999.0000,-9999.0000,-9999.0000,-9999.0000,-9999.0000,-9999.0000
2022-01-13,38,-9999.0000,-9999.0000,-9999.0000,-9999.0000,-9999.0000,-9999.0000,-9999.0000,-9999.0000,-9999.0000,-9999.0000,-9999.0000
2022-01-15,38,255.0000,364.7004,804.2699,763.3442,1371.9338,2375.0402,2554.3160,2791.4469,2686.0000,1955.3896,1210.9288
2022-01-15,38,392.0000,529.3673,885.2453,826.8211,1372.0000,2317.0000,2508.0000,2694.4372,2644.4325,1933.6452,1212.1108
2022-01-18,38,94.0000,297.4308,683.1784,660.0895,1276.8419,2252.0000,2427.3486,2663.9044,2565.6834,1859.0000,1172.0000
2022-01-18,38,216.0000,393.5509,737.1457,699.8056,1252.5680,2235.9185,2423.3041,2646.8107,2541.2140,1850.4745,1174.0000
2022-01-20,38,848.0000,949.4446,1093.1491,1065.0433,1578.6379,2363.8837,2571.2081,2746.2318,2709.0000,2083.3473,1342.5020
2022-01-20,38,732.0000,929.3437,1078.0000,1045.1391,1545.9708,2321.4292,2571.1810,2714.1661,2700.0000,2073.1100,1340.5092
2022-01-23,38,353.0000,522.0805,797.1935,769.3693,1306.4583,2210.8318,2426.0000,2613.2915,2549.0583,1809.0000,1203.0518
2022-01-23,38,476.0000,669.6697,888.9542,837.7481,1340.0000,2180.3298,2389.0000,2545.4261,2515.6366,1798.5920,1204.0000
2022-01-25,38,592.0000,348.6415,723.4742,658.4282,1314.0165,2354.0000,2587.2895,2787.2038,2663.6994,2187.7132,1437.0312
2022-01-25,38,576.0000,637.3620,913.6476,813.0772,1356.0691,2323.3101,2522.7799,2678.9559,2620.8302,2142.7054,1419.6801
2022-01-28,38,384.0000,293.0299,661.1337,627.7762,1249.4085,2175.0000,2405.0000,2695.0664,2520.7645,2001.9266,1291.7307
2022-01-28,38,390.5190,573.6786,832.7704,773.2716,1250.9810,2164.5737,2383.0000,2586.3293,2500.1892,2003.8098,1292.8583
2022-01-30,38,438.5231,625.1054,836.6367,781.2637,1306.3560,2283.8261,2513.0000,2729.4566,2652.4117,2050.4956,1356.4412
2022-01-30,38,396.0000,652.2403,861.0765,789.7892,1307.1976,2266.5133,2518.0000,2713.5773,2618.4604,2059.3354,1347.2217
2022-02-02,38,444.0000,569.2419,813.1834,736.8580,1250.9191,2178.8526,2389.3519,2627.7163,2497.0000,1827.4540,1283.8845
2022-02-02,38,468.0000,646.1760,861.1249,761.5574,1254.2413,2172.0402,2395.0526,2595.3964,2507.5271,1828.1225,1275.5925
2022-02-07,38,511.0000,553.5917,793.0383,701.3062,1205.0000,2242.5555,2477.3101,2708.0000,2573.1955,1925.9791,1235.3442
2022-02-07,38,494.0000,584.2205,821.6972,708.7108,1206.1458,2229.0644,2452.4128,2714.6836,2570.0279,1921.0359,1219.6414
2022-02-09,38,216.0000,349.2051,669.3594,554.2505,1165.1431,2500.0683,2831.0000,3140.5743,2899.0135,2100.5406,1333.0071
2022-02-09,38,420.0000,576.9786,801.3260,681.3642,1217.2079,2378.0000,2676.9104,3000.9600,2788.3746,2060.0000,1333.0000
2022-02-12,38,391.0000,529.8007,780.8901,658.8078,1178.0000,2353.0000,2651.0929,2945.1144,2789.9250,1981.4367,1354.6541
2022-02-12,38,381.0000,553.1166,793.1397,657.8060,1166.0007,2339.5050,2628.4855,2947.0976,2770.5272,1973.0000,1345.0000
2022-02-22,38,195.0000,313.5606,561.2688,393.7797,929.2106,2476.9839,2955.0055,3305.3333,3070.3354,1645.7860,969.3753
2022-02-22,38,193.0000,337.8288,569.3351,393.5132,934.3378,2481.5193,2950.0000,3287.0000,3073.3053,1649.3248,962.3921
2022-02-24,38,835.0000,798.5981,1052.5872,841.7243,1377.7811,2923.0000,3330.7412,3587.2241,3431.0000,1932.5039,1224.1861
2022-02-24,38,945.0000,892.0000,1093.6548,860.6868,1362.3885,2868.0000,3227.0000,3464.0000,3345.3049,1909.4147,1216.6050
2022-02-27,38,474.0000,450.2332,661.3748,449.5861,985.6571,2662.0000,3171.0000,3511.8560,3289.8192,1722.2217,941.7335
2022-02-27,38,488.0000,482.2295,677.3004,457.2404,993.0000,2642.0000,3161.2371,3477.5652,3302.0000,1713.3534,938.1611
2022-03-01,38,500.0000,529.4542,709.3003,467.4352,1016.6810,2826.9800,3441.0000,3845.9928,3548.9700,1819.0779,1008.8775
2022-03-01,38,418.9333,501.5526,685.4130,441.6937,1018.0000,2884.3411,3435.0000,3909.0018,3617.0000,1826.5863,1011.1946
2022-03-04,38,359.0000,401.2868,609.3233,387.9562,948.6605,2875.0000,3430.0000,3890.4075,3553.5295,1659.6722,940.6891
2022-03-04,38,389.0000,453.4681,637.5051,411.3622,971.2842,2809.0000,3426.0000,3845.3115,3598.0000,1658.4183,941.6272
2022-03-06,38,694.0000,609.2684,829.3786,579.3948,1138.0329,3060.1180,3588.0000,3973.9688,3747.0000,1884.6415,1058.9128
2022-03-06,38,648.8879,621.5858,833.7811,586.5974,1147.5277,3042.2625,3577.0000,3992.1597,3733.3002,1891.4391,1058.1676
2022-03-09,38,339.0000,320.7394,594.6258,370.6330,980.6653,3056.0000,3688.8465,4071.6353,3858.6743,1747.3956,931.3298
2022-03-09,38,267.0000,309.5437,573.7672,347.6060,973.4147,3085.0000,3670.0000,4105.3473,3818.4420,1739.4544,939.5187
2022-03-14,38,531.0000,627.4784,898.3968,620.1045,1355.4640,3789.9318,4650.0000,5003.0964,4886.0000,2189.1148,1229.0000
2022-03-14,38,521.8248,654.5706,914.8937,634.2431,1355.0000,3805.0000,4661.0000,5016.7933,4905.0000,2190.0000,1241.6211
2022-03-16,38,-9999.0000,-9999.0000,-9999.0000,-9999.0000,-9999.0000,-9999.0000,-9999.0000,-9999.0000,-9999.0000,-9999.0000,-9999.0000
2022-03-19,38,418.0000,373.0191,595.3327,403.8345,922.8836,3005.0000,3718.0000,4202.1767,3906.0741,1620.7961,865.8279
2022-03-19,38,398.3109,389.8205,610.9130,402.8899,931.5248,3004.8622,3752.6651,4210.2928,3893.0000,1625.2901,874.5487
2022-03-21,38,497.0000,507.5734,683.5865,451.2389,981.3076,3125.0000,3975.0000,4565.8846,4130.9781,1709.0000,933.2717
2022-03-21,38,476.7447,523.2019,692.2256,460.0964,979.3580,3134.6606,3947.4844,4548.4699,4167.7924,1706.9763,945.9164
2022-03-24,38,314.0000,333.1956,514.1467,307.4709,794.0229,2948.0000,3902.5587,4406.3291,4013.9571,1440.8047,783.0000
2022-03-24,38,320.0000,373.4827,538.6398,331.2237,806.9170,2931.4826,3873.4885,4374.4361,4035.3835,1451.8335,786.1933
2022-03-26,38,1056.0000,865.3794,965.2068,691.5258,1117.2363,3063.0000,3821.1875,4281.0000,4044.5509,1611.1634,841.0000
2022-03-26,38,968.0000,885.4458,977.7487,698.8825,1113.3019,3040.5092,3868.0000,4264.0000,4054.5030,1617.1011,853.5927
2022-04-03,38,253.0000,257.9301,405.2230,200.5849,660.3158,2737.0000,3731.9280,4168.4682,3927.9560,1115.3627,554.9348
2022-04-03,38,146.0000,193.1732,349.7208,154.3825,625.7809,2828.4426,3878.2265,4294.5312,4008.4731,1115.4501,555.1925
2022-04-05,38,829.0000,633.3183,772.8898,491.5702,1018.4367,3442.0000,4438.5398,4822.4274,4604.0000,1494.6364,725.5975
2022-04-05,38,776.0000,661.1479,792.8132,496.7566,1035.0871,3452.2989,4453.9055,4804.2070,4621.0000,1497.7715,722.6984
2022-04-08,38,-9999.0000,-9999.0000,-9999.0000,-9999.0000,-9999.0000,-9999.0000,-9999.0000,-9999.0000,-9999.0000,-9999.0000,-9999.0000
2022-04-10,38,247.0000,245.1947,393.3023,179.6637,686.0000,2921.5156,4089.0000,4567.6531,4260.2077,1172.6667,539.5493
2022-04-10,38,155.0000,189.8905,348.8491,137.2969,643.4839,2980.0000,4100.3895,4662.8461,4236.2858,1179.6561,544.3193
2022-04-15,38,361.0000,261.4378,467.1883,267.1787,792.9167,3159.0000,4202.0000,4583.1274,4373.0000,1354.9748,710.2376
2022-04-15,38,398.0000,357.2633,553.3608,332.7502,837.0000,3160.0000,4186.2095,4530.7453,4338.0000,1364.0249,709.3765
2022-04-18,38,353.0000,332.9894,516.8468,340.4945,797.6945,2980.9997,4139.9971,4452.1573,4283.0000,1250.4840,674.5596
2022-04-18,38,292.0000,249.5030,451.2314,274.8306,794.9861,2977.5799,4055.0000,4529.9423,4297.0059,1258.7452,682.3426
2022-04-20,38,609.4413,578.5474,755.1126,555.0263,1058.4440,3064.6611,4219.3268,4520.0476,4409.2329,1527.4724,874.7683
2022-04-20,38,710.0000,677.2091,832.5802,609.3672,1107.8615,2995.9718,4086.0000,4435.3285,4234.5176,1508.8202,871.8699
2022-04-23,38,-9999.0000,-9999.0000,-9999.0000,-9999.0000,-9999.0000,-9999.0000,-9999.0000,-9999.0000,-9999.0000,-9999.0000,-9999.0000
2022-04-25,38,-9999.0000,-9999.0000,-9999.0000,-9999.0000,-9999.0000,-9999.0000,-9999.0000,-9999.0000,-9999.0000,-9999.0000,-9999.0000
2022-04-25,38,-9999.0000,-9999.0000,-9999.0000,-9999.0000,-9999.0000,-9999.0000,-9999.0000,-9999.0000,-9999.0000,-9999.0000,-9999.0000
2022-04-28,38,141.4245,85.7105,261.8827,107.9103,556.1327,2721.0570,3867.7998,4211.5951,4070.0131,1034.0030,467.2253
2022-04-28,38,207.0000,181.7553,333.7832,165.6001,611.3623,2703.0000,3803.4636,4130.4615,4006.0000,1036.0417,476.8616
2022-04-30,38,298.0000,221.2444,410.3755,211.3360,734.0084,2954.3915,4219.0000,4641.9690,4378.0536,1250.0368,625.9265
2022-04-30,38,366.0000,405.3078,557.2559,344.7799,811.4280,2909.2142,4060.3958,4458.6093,4246.0000,1267.4556,643.4299
2022-05-03,38,235.0000,205.3289,339.2860,171.0611,601.3006,2689.0000,3970.0122,4196.6661,4138.6838,1005.2307,517.3087
2022-05-03,38,117.0000,145.5980,283.9704,115.3718,571.8865,2750.0635,3994.6970,4312.7005,4194.0000,1011.6784,508.1390
2022-05-08,38,-9999.0000,-9999.0000,-9999.0000,-9999.0000,-9999.0000,-9999.0000,-9999.0000,-9999.0000,-9999.0000,-9999.0000,-9999.0000
2022-05-10,38,367.0000,301.7718,436.0539,226.9527,667.9078,2729.1636,4057.0000,4272.2018,4277.7369,1201.9653,596.1001
2022-05-10,38,389.2904,417.4408,529.6997,317.1809,729.0000,2729.3708,4002.5550,4201.2462,4196.9042,1221.6103,595.1185
2022-05-13,38,418.5527,481.8278,627.6963,467.2896,883.8158,2745.8893,4042.0000,4195.5434,4254.4053,1316.3424,818.5803
2022-05-13,38,433.9292,429.2894,602.4489,444.2006,891.8830,2761.6866,4034.0000,4298.0170,4240.4741,1322.2711,804.2957
2022-05-15,38,274.0000,189.4339,378.1765,210.7311,667.1453,2900.5499,4148.8073,4306.2467,4411.8924,1288.2022,629.0191
2022-05-15,38,347.0000,321.1475,482.9140,299.3866,739.7803,2866.3574,4085.0000,4194.5774,4326.0000,1300.9778,627.6435
2022-05-18,38,56.0000,0.0753,196.0106,59.9768,497.3825,2613.5138,3883.0000,4092.0000,4135.0000,1178.6765,565.6089
2022-05-18,38,288.0000,285.2956,429.5430,259.3807,659.0319,2542.0000,3691.0000,3858.9149,3933.5825,1186.1571,570.3424
2022-05-20,38,299.0000,244.3379,411.1089,210.8063,724.0000,2804.7782,4190.0000,4404.0000,4444.4981,1398.5399,700.9271
2022-05-20,38,379.0000,421.2698,556.7325,354.6405,804.4640,2769.1251,4053.4927,4248.7762,4300.2283,1402.1376,693.9553
2022-05-25,38,-9999.0000,-9999.0000,-9999.0000,-9999.0000,-9999.0000,-9999.0000,-9999.0000,-9999.0000,-9999.0000,-9999.0000,-9999.0000
2022-05-25,38,-9999.0000,-9999.0000,-9999.0000,-9999.0000,-9999.0000,-9999.0000,-9999.0000,-9999.0000,-9999.0000,-9999.0000,-9999.0000
2022-06-02,38,-9999.0000,-9999.0000,-9999.0000,-9999.0000,-9999.0000,-9999.0000,-9999.0000,-9999.0000,-9999.0000,-9999.0000,-9999.0000
2022-06-02,38,-9999.0000,-9999.0000,-9999.0000,-9999.0000,-9999.0000,-9999.0000,-9999.0000,-9999.0000,-9999.0000,-9999.0000,-9999.0000
2022-06-04,38,517.4213,401.0069,821.7927,738.1054,1421.2581,3005.0000,3537.0000,3682.1181,3819.6484,1748.2097,1068.2180
2022-06-04,38,707.0000,661.0988,940.9638,824.6835,1364.3236,2651.0000,3155.0000,3227.2672,3393.0000,1682.3603,1036.3378
2022-06-07,38,-9999.0000,-9999.0000,-9999.0000,-9999.0000,-9999.0000,-9999.0000,-9999.0000,-9999.0000,-9999.0000,-9999.0000,-9999.0000
2022-06-07,38,-9999.0000,-9999.0000,-9999.0000,-9999.0000,-9999.0000,-9999.0000,-9999.0000,-9999.0000,-9999.0000,-9999.0000,-9999.0000
2022-06-12,38,318.0000,425.2733,633.3877,778.8492,1138.3765,1766.0000,2082.2446,2211.7074,2378.0752,1653.4159,1128.9111
2022-06-12,38,318.0827,473.2416,665.5935,794.2930,1157.3067,1776.0000,2077.0000,2242.6205,2397.0000,1661.3450,1117.0000
2022-06-14,38,379.0000,465.2342,741.2705,1020.5195,1388.3493,1939.5142,2219.0000,2387.3179,2556.2496,2084.9833,1369.2438
2022-06-14,38,440.0000,565.3184,817.2245,1042.7893,1402.5789,1972.2338,2252.7170,2403.9148,2571.0000,2075.0948,1355.0195
2022-06-17,38,909.5341,1030.0000,1228.4218,1389.0713,1725.0000,2105.0000,2339.3611,2436.2923,2604.0000,2130.0455,1506.6662
2022-06-19,38,538.4977,677.3763,896.5833,1212.5651,1533.6171,1893.1187,2163.4790,2282.4651,2500.7008,2370.4523,1605.0592
2022-06-19,38,540.0000,737.4910,941.9933,1228.7893,1532.4452,1907.4763,2203.1661,2307.8026,2508.3890,2358.4835,1609.4277
2022-06-24,38,442.4876,549.2207,865.8521,1330.9983,1596.0000,1924.1662,2162.9377,2298.8932,2550.0000,2404.1585,1541.1012
2022-06-24,38,302.0000,526.2723,845.4126,1323.6507,1596.0000,1970.9279,2210.2010,2354.6183,2579.0647,2410.7379,1548.2972
2022-06-27,38,424.0000,561.3281,932.6276,1377.2149,1634.5866,1962.9758,2221.1444,2340.2444,2577.4844,2430.1887,1603.7362
2022-06-27,38,488.0000,725.4305,1032.4766,1361.6547,1619.0000,2005.5569,2258.1024,2347.8529,2564.0826,2390.3023,1595.8435
2022-06-29,38,-9999.0000,-9999.0000,-9999.0000,-9999.0000,-9999.0000,-9999.0000,-9999.0000,-9999.0000,-9999.0000,-9999.0000,-9999.0000
2022-06-29,38,-9999.0000,-9999.0000,-9999.0000,-9999.0000,-9999.0000,-9999.0000,-9999.0000,-9999.0000,-9999.0000,-9999.0000,-9999.0000
2022-07-02,38,550.5124,860.6357,1204.9648,1769.8951,2093.5251,2403.0000,2710.6938,2906.1253,3128.9086,3632.9173,2593.0000
2022-07-02,38,550.0000,888.8764,1217.3183,1746.0681,2072.0000,2393.7466,2694.2312,2896.5072,3113.5130,3621.6199,2561.2583
2022-07-04,38,717.0000,953.3680,1370.3252,2033.6758,2365.7682,2724.5177,2990.2011,3220.0000,3473.6293,3985.0190,2694.0000
2022-07-04,38,741.0000,1013.3500,1377.1214,1954.0329,2289.3697,2662.1970,2949.0000,3152.0000,3382.1720,3890.0000,2660.2372
2022-07-07,38,-9999.0000,-9999.0000,-9999.0000,-9999.0000,-9999.0000,-9999.0000,-9999.0000,-9999.0000,-9999.0000,-9999.0000,-9999.0000
2022-07-07,38,-9999.0000,-9999.0000,-9999.0000,-9999.0000,-9999.0000,-9999.0000,-9999.0000,-9999.0000,-9999.0000,-9999.0000,-9999.0000
2022-07-09,38,771.0000,1085.0692,1467.0283,2010.4249,2315.8908,2593.6254,2864.3068,3107.3045,3190.5684,4077.0749,3060.6580
2022-07-09,38,760.0000,1105.3215,1450.8161,1964.1883,2261.0000,2561.5113,2837.0928,3066.6268,3158.0005,4000.0000,3045.0000
2022-07-12,38,649.4968,972.1044,1307.2065,1819.3226,2124.2985,2369.1964,2621.7868,2771.2403,2946.0598,3760.0000,2842.0000
2022-07-12,38,651.0000,1001.7500,1306.7543,1780.4745,2069.1746,2358.1149,2618.7901,2754.8819,2934.0791,3704.0000,2826.9085
2022-07-14,38,-9999.0000,-9999.0000,-9999.0000,-9999.0000,-9999.0000,-9999.0000,-9999.0000,-9999.0000,-9999.0000,-9999.0000,-9999.0000
2022-07-14,38,-9999.0000,-9999.0000,-9999.0000,-9999.0000,-9999.0000,-9999.0000,-9999.0000,-9999.0000,-9999.0000,-9999.0000,-9999.0000
2022-07-17,38,728.5798,924.6516,1256.5000,1739.4032,2028.6806,2288.0076,2525.4470,2666.7042,2872.4668,3724.0000,2667.2324
2022-07-17,38,712.0000,964.7648,1272.7001,1699.4235,1987.2703,2293.0000,2521.0166,2652.3471,2869.4681,3700.3615,2688.0000
2022-07-19,38,748.0000,1084.9941,1441.8555,2026.4499,2301.7079,2525.8827,2796.4575,2986.3989,3161.0000,4245.0871,3148.9412
2022-07-19,38,770.4930,1112.9410,1428.3000,1923.9092,2217.0000,2485.3681,2757.5143,2930.9429,3093.0504,4140.3691,3100.9866
2022-07-22,38,832.0000,1036.5325,1305.1248,1746.7941,2035.0000,2262.2276,2537.7126,2666.8938,2864.0000,3859.9009,2878.3568
2022-07-22,38,746.4775,1048.9263,1312.3595,1755.6434,2026.0000,2290.0751,2557.8739,2699.4178,2901.6908,3879.0000,2859.7001
2022-07-24,38,-9999.0000,-9999.0000,-9999.0000,-9999.0000,-9999.0000,-9999.0000,-9999.0000,-9999.0000,-9999.0000,-9999.0000,-9999.0000
2022-07-24,38,-9999.0000,-9999.0000,-9999.0000,-9999.0000,-9999.0000,-9999.0000,-9999.0000,-9999.0000,-9999.0000,-9999.0000,-9999.0000
2022-07-27,38,-9999.0000,-9999.0000,-9999.0000,-9999.0000,-9999.0000,-9999.0000,-9999.0000,-9999.0000,-9999.0000,-9999.0000,-9999.0000
2022-07-29,38,734.0000,1040.9592,1373.1798,1907.3038,2212.5621,2458.0000,2736.4729,2844.4361,3089.4965,4170.2889,3110.0000
2022-07-29,38,726.0000,1061.3821,1372.5869,1865.4023,2173.0460,2454.0106,2749.3827,2844.7663,3061.6227,4132.0000,3074.9931
2022-08-01,38,592.7049,821.7265,1049.2517,1384.8622,1592.8378,1846.0897,2065.4678,2163.5945,2306.8657,3360.0000,2779.4121
2022-08-01,38,592.0000,845.3356,1065.3212,1385.4557,1598.0000,1859.4045,2075.2047,2171.5513,2309.1068,3328.0000,2756.2918
2022-08-03,38,726.0000,873.6206,1145.0100,1523.4322,1774.0017,2083.0000,2252.4459,2347.0707,2557.1005,3746.7000,2929.0392
2022-08-03,38,704.0000,888.7882,1157.1302,1506.2352,1773.6154,2074.3917,2245.0101,2355.2657,2524.6676,3691.0000,2922.0000
2022-08-06,38,-9999.0000,-9999.0000,-9999.0000,-9999.0000,-9999.0000,-9999.0000,-9999.0000,-9999.0000,-9999.0000,-9999.0000,-9999.0000
2022-08-06,38,-9999.0000,-9999.0000,-9999.0000,-9999.0000,-9999.0000,-9999.0000,-9999.0000,-9999.0000,-9999.0000,-9999.0000,-9999.0000
2022-08-08,38,803.0000,984.9818,1203.1031,1548.5075,1813.0000,2100.0558,2364.0065,2426.4649,2635.2618,3844.1974,3109.0000
2022-08-08,38,729.0000,993.1706,1194.9509,1547.6601,1818.8065,2134.0000,2402.5974,2450.0079,2657.5572,3859.0000,3082.4781
2022-08-11,38,605.0000,829.0220,1058.0599,1402.5669,1604.1588,1931.3679,2141.7416,2340.0916,2394.6330,3411.0000,2747.5730
2022-08-11,38,637.0000,868.5000,1069.4380,1394.4941,1609.1537,1938.2968,2149.0716,2322.7244,2394.0000,3378.4183,2731.3381
2022-08-16,38,576.0000,741.5204,973.3154,1267.2162,1528.9565,1891.5077,2099.5165,2185.8243,2373.4240,3243.5880,2404.3952
2022-08-16,38,571.0000,765.4058,992.9366,1273.7911,1529.6750,1889.6279,2092.5994,2194.4813,2383.0000,3218.0000,2410.0000
2022-08-21,38,526.0000,700.1286,899.6819,1075.2454,1330.7043,1761.5393,1989.0000,2058.5994,2173.1644,2955.0000,2440.0000
2022-08-21,38,517.0000,715.8492,899.9794,1082.4954,1332.4967,1780.5593,2009.0000,2075.2425,2225.0644,2956.0000,2486.5199
2022-08-23,38,-9999.0000,-9999.0000,-9999.0000,-9999.0000,-9999.0000,-9999.0000,-9999.0000,-9999.0000,-9999.0000,-9999.0000,-9999.0000
2022-08-23,38,-9999.0000,-9999.0000,-9999.0000,-9999.0000,-9999.0000,-9999.0000,-9999.0000,-9999.0000,-9999.0000,-9999.0000,-9999.0000
2022-08-26,38,658.0000,731.2440,932.2145,1099.1145,1363.1844,1881.6600,2132.6207,2164.8951,2338.0186,3006.2031,2380.3168
2022-08-26,38,656.0000,763.2538,946.6364,1106.8776,1372.1869,1890.9521,2124.5973,2162.3161,2331.0968,2994.7583,2357.9155
2022-08-28,38,822.0000,899.9489,1074.8280,1240.6330,1658.0000,2188.9006,2486.0327,2502.3333,2752.6249,3548.3832,2694.0000
2022-08-28,38,733.0000,905.6410,1091.8753,1254.4344,1670.0338,2226.0000,2508.5526,2535.1487,2790.3884,3461.0000,2699.5467
2022-08-31,38,-9999.0000,-9999.0000,-9999.0000,-9999.0000,-9999.0000,-9999.0000,-9999.0000,-9999.0000,-9999.0000,-9999.0000,-9999.0000
2022-08-31,38,-9999.0000,-9999.0000,-9999.0000,-9999.0000,-9999.0000,-9999.0000,-9999.0000,-9999.0000,-9999.0000,-9999.0000,-9999.0000
2022-09-02,38,1037.0000,1148.0475,1298.8435,1403.8078,1738.5137,2444.0000,2701.9773,2820.9548,2951.0000,3210.3414,2467.7497
2022-09-02,38,1030.8743,1163.9921,1306.0679,1395.1868,1722.9702,2388.8009,2672.7341,2801.4260,2883.7357,3190.0000,2453.5006
2022-09-05,38,-9999.0000,-9999.0000,-9999.0000,-9999.0000,-9999.0000,-9999.0000,-9999.0000,-9999.0000,-9999.0000,-9999.0000,-9999.0000
2022-09-07,38,-9999.0000,-9999.0000,-9999.0000,-9999.0000,-9999.0000,-9999.0000,-9999.0000,-9999.0000,-9999.0000,-9999.0000,-9999.0000
2022-09-07,38,-9999.0000,-9999.0000,-9999.0000,-9999.0000,-9999.0000,-9999.0000,-9999.0000,-9999.0000,-9999.0000,-9999.0000,-9999.0000
2022-09-10,38,438.0000,576.6411,776.8420,810.4121,1137.3134,1819.0000,2106.0040,2117.6672,2258.2297,2444.0000,1879.0000
2022-09-10,38,441.0000,605.3578,785.4023,824.4051,1146.0000,1812.1237,2109.0000,2118.5583,2267.0000,2440.0000,1880.0000
2022-09-12,38,575.0000,605.2424,837.6061,875.5914,1244.2812,2084.0349,2324.0000,2422.6598,2555.4913,2736.4291,1994.9320
2022-09-12,38,572.0000,641.5016,859.4454,890.4745,1243.0906,2075.3104,2305.4933,2423.4399,2520.0000,2733.0389,1971.5152
2022-09-15,38,582.0000,629.9817,850.8542,851.6853,1227.8610,2077.3371,2400.0000,2375.1145,2601.7462,2585.6922,1842.5028
2022-09-15,38,534.0000,629.1821,850.9028,858.0000,1229.5133,2120.8095,2401.0000,2406.9043,2635.0000,2608.0323,1840.4648
2022-09-20,38,348.0000,481.6969,700.5207,666.8043,1043.9785,2019.2126,2335.0000,2535.6997,2544.4521,2251.3803,1619.2783
2022-09-20,38,369.0000,516.0000,721.3854,683.5592,1060.1296,2049.0000,2343.0000,2518.3363,2545.2650,2268.5385,1623.0000
2022-09-22,38,529.0000,539.2766,795.1701,739.0847,1187.8328,2334.0000,2569.0000,2761.6771,2830.0000,2468.0979,1701.4038
2022-09-22,38,542.0000,587.3840,826.9245,764.2540,1203.7006,2317.4120,2561.0000,2740.1693,2793.6550,2492.0000,1698.7374
2022-09-27,38,-9999.0000,-9999.0000,-9999.0000,-9999.0000,-9999.0000,-9999.0000,-9999.0000,-9999.0000,-9999.0000,-9999.0000,-9999.0000
2022-09-27,38,-9999.0000,-9999.0000,-9999.0000,-9999.0000,-9999.0000,-9999.0000,-9999.0000,-9999.0000,-9999.0000,-9999.0000,-9999.0000
2022-10-02,38,-9999.0000,-9999.0000,-9999.0000,-9999.0000,-9999.0000,-9999.0000,-9999.0000,-9999.0000,-9999.0000,-9999.0000,-9999.0000
2022-10-02,38,-9999.0000,-9999.0000,-9999.0000,-9999.0000,-9999.0000,-9999.0000,-9999.0000,-9999.0000,-9999.0000,-9999.0000,-9999.0000
2022-10-05,38,-9999.0000,-9999.0000,-9999.0000,-9999.0000,-9999.0000,-9999.0000,-9999.0000,-9999.0000,-9999.0000,-9999.0000,-9999.0000
2022-10-05,38,-9999.0000,-9999.0000,-9999.0000,-9999.0000,-9999.0000,-9999.0000,-9999.0000,-9999.0000,-9999.0000,-9999.0000,-9999.0000
2022-10-07,38,599.0000,865.5245,1073.1019,1153.0334,1591.0000,2124.4521,2403.9788,2601.7172,2669.0705,2893.0940,2131.5090
2022-10-07,38,626.0000,889.2155,1080.9358,1161.2833,1588.6487,2133.4293,2395.6398,2595.4138,2641.0000,2878.0000,2161.0000
2022-10-10,38,-9999.0000,-9999.0000,-9999.0000,-9999.0000,-9999.0000,-9999.0000,-9999.0000,-9999.0000,-9999.0000,-9999.0000,-9999.0000
2022-10-10,38,-9999.0000,-9999.0000,-9999.0000,-9999.0000,-9999.0000,-9999.0000,-9999.0000,-9999.0000,-9999.0000,-9999.0000,-9999.0000
2022-10-12,38,1876.0000,1830.0000,1888.0000,1806.0000,2174.5363,2541.0000,2656.0000,2774.0000,2762.0000,2259.0000,1855.0000
2022-10-15,38,245.0000,344.7524,629.2500,706.0000,1140.6267,1775.0000,1967.0000,2069.5442,2122.9414,2094.3069,1436.7869
2022-10-15,38,333.0000,489.4835,738.6662,754.7681,1156.0000,1759.0000,1936.0000,2039.2189,2143.0000,2059.3965,1406.1980
2022-10-17,38,741.0000,812.9899,996.6603,972.0678,1461.6486,2282.4320,2587.4721,2602.5000,2759.0000,2618.0000,1909.0000
2022-10-17,38,736.0000,890.3039,1049.4242,995.2071,1471.0000,2233.0000,2537.6483,2578.0000,2710.0000,2604.1712,1885.5023
2022-10-20,38,255.0000,437.5587,730.4234,714.9411,1221.0000,2146.0000,2484.0000,2502.5918,2676.7325,2379.4598,1740.4674
2022-10-20,38,591.0000,741.4509,925.2066,858.8700,1293.5944,2088.4886,2339.1217,2420.0055,2557.0900,2309.1908,1722.0000
2022-10-25,38,-9999.0000,-9999.0000,-9999.0000,-9999.0000,-9999.0000,-9999.0000,-9999.0000,-9999.0000,-9999.0000,-9999.0000,-9999.0000
2022-10-25,38,-9999.0000,-9999.0000,-9999.0000,-9999.0000,-9999.0000,-9999.0000,-9999.0000,-9999.0000,-9999.0000,-9999.0000,-9999.0000
2022-10-27,38,326.0000,581.3866,813.2643,627.7440,1193.7833,2339.2083,2739.0000,2759.2319,2892.2585,2224.0000,1440.0000
2022-10-27,38,491.0000,713.4835,908.9352,717.2780,1257.3733,2363.6135,2668.8053,2777.0827,2894.0000,2205.3755,1433.0980
2022-10-30,38,445.0000,569.4640,825.0603,664.4487,1210.6323,2379.0298,2720.0000,2788.6671,2885.5644,2113.0000,1446.0000
2022-10-30,38,445.0000,624.7789,861.4760,685.1748,1218.8608,2314.0000,2691.6506,2774.7021,2879.0000,2101.6174,1434.0000
2022-11-04,38,0.0000,0.0037,256.7895,185.6425,597.1276,1482.0000,1682.0123,1843.2329,1779.0000,902.0459,456.0000
2022-11-04,38,0.0000,0.0000,264.4194,181.4116,585.0000,1473.0000,1680.0000,1848.4591,1818.1776,899.0000,447.0000
2022-11-06,38,331.0000,468.9805,789.5313,499.6264,1216.0000,2636.3189,3111.1675,3332.7893,3303.2739,2164.9328,1299.9975
2022-11-06,38,303.0000,476.7226,797.8140,517.1379,1217.7902,2675.7716,3143.0000,3351.9768,3301.7520,2149.4790,1274.0586
2022-11-21,38,528.0000,466.4261,761.0922,509.0905,1142.0000,2761.6527,3111.1325,3386.3522,3316.5935,2051.6882,1155.2314
2022-11-21,38,551.0000,560.5355,817.5702,564.9487,1165.5355,2693.7195,3009.3343,3283.9114,3247.0000,2019.4368,1146.8767
2022-11-24,38,251.0000,321.3377,681.3628,401.2514,1131.3774,2747.5453,3220.7490,3504.0000,3370.6425,1773.4660,956.6868
2022-11-24,38,248.0000,353.7532,692.9891,413.1774,1134.8764,2794.0000,3143.0000,3446.7453,3348.0000,1763.0000,955.5792
2022-11-26,38,-9999.0000,-9999.0000,-9999.0000,-9999.0000,-9999.0000,-9999.0000,-9999.0000,-9999.0000,-9999.0000,-9999.0000,-9999.0000
2022-11-26,38,-9999.0000,-9999.0000,-9999.0000,-9999.0000,-9999.0000,-9999.0000,-9999.0000,-9999.0000,-9999.0000,-9999.0000,-9999.0000
2022-12-01,38,1326.0000,1192.0000,1450.0000,1233.0358,1834.0000,2983.0000,3205.2453,3460.5165,3382.0000,2143.0000,1525.0000
2022-12-06,38,-9999.0000,-9999.0000,-9999.0000,-9999.0000,-9999.0000,-9999.0000,-9999.0000,-9999.0000,-9999.0000,-9999.0000,-9999.0000
2023-01-10,38,320.0000,329.1731,644.9600,365.4982,1058.9039,2862.0000,3287.4557,3530.3230,3447.5598,1650.0000,869.2689
2023-01-10,38,288.0000,345.1539,653.2238,373.0872,1074.9113,2863.0000,3270.7190,3556.5613,3465.1729,1657.0000,879.0000
2023-01-20,38,-9999.0000,-9999.0000,-9999.0000,-9999.0000,-9999.0000,-9999.0000,-9999.0000,-9999.0000,-9999.0000,-9999.0000,-9999.0000
2023-01-20,38,-9999.0000,-9999.0000,-9999.0000,-9999.0000,-9999.0000,-9999.0000,-9999.0000,-9999.0000,-9999.0000,-9999.0000,-9999.0000
2023-01-25,38,383.0000,489.3048,773.3695,469.1832,1228.5533,2935.9452,3457.7635,3832.1283,3652.0000,2043.0649,1137.7405
2023-01-25,38,342.0000,497.2417,776.9395,474.2433,1241.8154,2963.8593,3544.5000,3812.2870,3702.0000,2034.2788,1152.9442
2023-01-28,38,1553.0000,1332.0000,1592.0000,1336.0000,2008.0000,3348.0000,3724.0000,4040.0000,3762.0000,2209.0000,1575.0000
2023-01-28,38,1533.0000,1476.2384,1605.0907,1368.9121,1805.6609,2762.0000,3005.9282,3128.5672,3084.0265,1863.0000,1445.0000
2023-01-30,38,-9999.0000,-9999.0000,-9999.0000,-9999.0000,-9999.0000,-9999.0000,-9999.0000,-9999.0000,-9999.0000,-9999.0000,-9999.0000
2023-01-30,38,1548.0000,1636.8149,1824.8171,1521.3202,2218.7248,3915.8183,4336.9659,4691.6411,4570.0000,2497.1354,1582.0000
2023-02-02,38,954.0000,860.2895,1078.0000,960.9031,1549.5826,2457.0000,2710.0637,2984.5742,2952.0000,1916.9400,1117.3883
2023-02-02,38,561.0000,630.3561,898.2219,809.1670,1481.7424,2484.2393,2745.5229,3064.6403,3002.0000,1946.6384,1117.0000
2023-02-04,38,-9999.0000,-9999.0000,-9999.0000,-9999.0000,-9999.0000,-9999.0000,-9999.0000,-9999.0000,-9999.0000,-9999.0000,-9999.0000
2023-02-04,38,-9999.0000,-9999.0000,-9999.0000,-9999.0000,-9999.0000,-9999.0000,-9999.0000,-9999.0000,-9999.0000,-9999.0000,-9999.0000
2023-02-07,38,466.0000,656.9769,920.6239,878.2597,1465.9975,2331.0000,2604.6230,3030.5334,2881.0000,2379.0000,1672.0000
2023-02-07,38,435.0000,645.3708,901.0217,860.8221,1466.6209,2336.0000,2581.8142,3049.9595,2873.4765,2378.8091,1668.0000
2023-02-09,38,718.0000,764.7589,1028.9471,1028.4013,1648.0527,2491.5972,2782.0000,3141.1298,3082.0794,2676.0000,1796.4930
2023-02-09,38,686.0000,769.0000,1028.2123,1020.8000,1642.5127,2503.0000,2785.0000,3141.2994,3069.9610,2676.4653,1810.0000
2023-02-12,38,454.0000,568.3554,826.0000,859.6170,1442.0000,2147.3388,2425.9078,2711.1385,2666.7897,2133.9955,1330.2129
2023-02-12,38,386.0000,545.0285,808.9120,851.4815,1443.7303,2184.2020,2453.0147,2755.3463,2738.9929,2160.0000,1332.0113
2023-02-14,38,525.0000,697.2740,997.1420,1106.2520,1802.0000,2554.4896,2876.0685,3239.1850,3219.8441,2701.0000,1797.0000
2023-02-14,38,618.0000,837.3089,1060.8374,1146.7666,1770.0000,2477.0000,2804.0169,3109.3666,3098.0000,2666.4425,1777.0000
2023-02-17,38,-9999.0000,-9999.0000,-9999.0000,-9999.0000,-9999.0000,-9999.0000,-9999.0000,-9999.0000,-9999.0000,-9999.0000,-9999.0000
2023-02-27,38,-9999.0000,-9999.0000,-9999.0000,-9999.0000,-9999.0000,-9999.0000,-9999.0000,-9999.0000,-9999.0000,-9999.0000,-9999.0000
2023-02-27,38,-9999.0000,-9999.0000,-9999.0000,-9999.0000,-9999.0000,-9999.0000,-9999.0000,-9999.0000,-9999.0000,-9999.0000,-9999.0000
2023-03-09,38,719.0000,776.9888,993.6482,956.8600,1581.2239,2557.0102,2859.0678,3043.0915,3074.9740,2407.0000,1611.0000
2023-03-09,38,349.0000,604.0000,870.0025,856.9075,1505.7567,2541.0000,2882.0000,3091.2602,3116.2382,2451.0000,1633.2491
2023-03-11,38,658.0000,677.4495,965.6459,925.1616,1594.3294,2717.0000,2979.3926,3162.6400,3164.3685,2521.9463,1637.8889
2023-03-11,38,591.0000,704.7534,993.0608,941.3457,1597.5306,2682.6812,2962.1399,3185.0632,3184.2802,2513.8345,1629.9367
2023-03-16,38,404.0000,541.3479,817.0971,749.6471,1422.0370,2572.0000,2901.9001,3240.5140,3113.6156,2339.0000,1495.0000
2023-03-16,38,394.0000,561.1706,824.4866,753.6936,1424.8018,2553.0000,2883.1502,3226.2374,3112.4581,2338.0000,1490.0000
2023-03-21,38,484.0000,490.3416,792.9428,712.1867,1434.5662,2674.0000,2908.0712,3121.4284,3148.4168,2329.3159,1457.0430
2023-03-21,38,475.0000,533.7875,813.4604,729.7112,1420.0000,2626.0000,2881.0000,3088.8100,3081.6479,2313.0000,1460.2384
2023-03-29,38,369.0000,469.4923,729.8522,610.1619,1265.1335,2442.5173,2754.0000,3003.6426,2984.2944,1930.5295,1249.5655
2023-03-29,38,364.0000,496.9248,749.6146,617.4572,1275.0000,2442.7317,2773.0000,3008.5295,2976.0000,1920.0000,1244.6729
2023-04-03,38,263.0000,325.3925,640.6847,517.3409,1188.0752,2460.0000,2728.0000,3044.7592,2978.3005,1872.4707,1164.0000
2023-04-03,38,282.0000,373.2649,661.2723,529.1241,1189.9139,2434.0000,2752.0000,3027.8404,2966.0000,1872.5320,1178.4679
2023-04-05,38,401.0000,537.5452,797.5810,659.3970,1329.1154,2532.0000,2877.0000,3233.3123,3085.9073,1963.0000,1276.5331
2023-04-05,38,494.0000,617.1344,856.9752,707.1132,1358.0000,2557.0000,2903.0000,3241.4046,3107.3901,1972.6743,1281.9661
2023-04-05,38,420.0000,570.0534,848.7861,714.5716,1405.0580,2681.5437,3024.0000,3370.1980,3218.6781,2005.2670,1296.6772
2023-04-05,38,465.0000,597.2582,865.0350,718.0858,1389.7529,2601.0000,2961.0000,3330.2825,3179.8996,1989.0000,1296.9120
2023-04-08,38,2532.0000,2358.0000,2366.0000,2098.0000,2676.6002,3529.5030,3805.0246,3928.0000,3871.0000,2080.6669,1642.5240
2023-04-08,38,1733.0000,1792.0000,1968.0000,1804.4322,2337.0000,3201.5225,3497.5417,3700.0000,3617.9987,2058.2267,1623.0000
2023-04-10,38,429.0000,433.6964,748.1703,643.1084,1380.6255,2723.0000,3042.9859,3386.1567,3281.0000,2084.6589,1315.5035
2023-04-10,38,418.0000,469.4438,763.7350,652.4643,1374.0000,2714.9317,3044.1289,3339.4098,3274.8884,2081.4299,1308.8992
2023-04-15,38,1674.0000,1832.0000,1922.0000,1836.0000,2272.5005,2738.5406,2952.0000,3132.0000,3077.0000,1938.6707,1466.5048
2023-04-18,38,649.0000,940.6836,1269.4354,1458.9556,2051.9092,2616.9995,2900.0000,3145.2763,3220.3414,3006.0000,2116.0000
2023-04-18,38,630.0000,961.2488,1260.3932,1452.4385,2037.1207,2602.2738,2872.0000,3139.2302,3203.5407,2995.2332,2105.0000
2023-04-23,38,-9999.0000,-9999.0000,-9999.0000,-9999.0000,-9999.0000,-9999.0000,-9999.0000,-9999.0000,-9999.0000,-9999.0000,-9999.0000
2023-04-23,38,-9999.0000,-9999.0000,-9999.0000,-9999.0000,-9999.0000,-9999.0000,-9999.0000,-9999.0000,-9999.0000,-9999.0000,-9999.0000
2023-04-30,38,-9999.0000,-9999.0000,-9999.0000,-9999.0000,-9999.0000,-9999.0000,-9999.0000,-9999.0000,-9999.0000,-9999.0000,-9999.0000
2023-04-30,38,-9999.0000,-9999.0000,-9999.0000,-9999.0000,-9999.0000,-9999.0000,-9999.0000,-9999.0000,-9999.0000,-9999.0000,-9999.0000
2023-05-05,38,473.0000,593.3452,849.5929,837.2371,1376.8337,2216.5115,2476.7858,2564.7823,2676.0461,2500.4599,1818.3850
2023-05-05,38,491.0000,648.0000,885.7170,841.7864,1361.6593,2235.0000,2521.8371,2577.6738,2675.3291,2442.6324,1797.7981
2023-05-13,38,-9999.0000,-9999.0000,-9999.0000,-9999.0000,-9999.0000,-9999.0000,-9999.0000,-9999.0000,-9999.0000,-9999.0000,-9999.0000
2023-05-13,38,-9999.0000,-9999.0000,-9999.0000,-9999.0000,-9999.0000,-9999.0000,-9999.0000,-9999.0000,-9999.0000,-9999.0000,-9999.0000
2023-05-15,38,462.0000,554.0000,797.5674,701.8441,1273.5549,2229.4120,2561.7702,2628.3924,2731.8561,2069.5166,1341.0000
2023-05-15,38,434.0000,557.5329,797.0527,692.1938,1261.8685,2268.0000,2571.7341,2642.4310,2747.9036,2060.0000,1357.0000
2023-05-18,38,575.0000,692.8600,949.8000,824.8164,1376.9753,2409.9372,2747.3738,2884.1222,2940.0000,2149.9616,1513.4076
2023-05-18,38,520.0000,664.7173,933.1709,810.9364,1386.1366,2457.4351,2812.0000,2939.3269,2995.0000,2160.8426,1500.5946
2023-05-23,38,521.0000,645.1379,987.4305,955.9728,1597.6007,2572.2672,2905.5648,3005.4310,3183.0000,2578.4193,1746.0000
2023-05-23,38,522.0000,664.8940,989.2731,948.0000,1584.0000,2550.0000,2896.0000,2986.7013,3144.1504,2559.0000,1727.0000
2023-05-25,38,1074.0000,1451.2339,1779.0150,2139.9080,2380.6397,2557.5192,2745.0336,2803.7042,2906.0000,3500.9770,3189.6509
2023-05-25,38,1008.0000,1394.5552,1707.7658,2019.4293,2267.9716,2538.0703,2753.5807,2796.3582,2897.5869,3411.3941,3130.3467
2023-05-28,38,-9999.0000,-9999.0000,-9999.0000,-9999.0000,-9999.0000,-9999.0000,-9999.0000,-9999.0000,-9999.0000,-9999.0000,-9999.0000
2023-05-28,38,-9999.0000,-9999.0000,-9999.0000,-9999.0000,-9999.0000,-9999.0000,-9999.0000,-9999.0000,-9999.0000,-9999.0000,-9999.0000
2023-05-30,38,-9999.0000,-9999.0000,-9999.0000,-9999.0000,-9999.0000,-9999.0000,-9999.0000,-9999.0000,-9999.0000,-9999.0000,-9999.0000
2023-05-30,38,-9999.0000,-9999.0000,-9999.0000,-9999.0000,-9999.0000,-9999.0000,-9999.0000,-9999.0000,-9999.0000,-9999.0000,-9999.0000
2023-06-02,38,1173.6419,1514.3420,1947.4900,2392.9468,2596.0000,2762.4770,2917.0075,2947.9651,3110.4026,3828.5440,3478.0000
2023-06-02,38,1077.0000,1491.0462,1907.7537,2341.2096,2565.0378,2785.4394,2945.8091,2970.4068,3147.0000,3806.0000,3445.6865
2023-06-04,38,1606.0000,1931.2733,2306.4830,2679.8348,2957.0000,3165.7987,3417.4809,3417.9981,3594.0295,4099.1728,3679.0000
2023-06-04,38,1441.0000,1938.1720,2330.4513,2695.7914,2958.0000,3324.7353,3596.7443,3585.7541,3791.0000,4121.8291,3658.0000
2023-06-07,38,846.0000,1121.8471,1443.7554,1844.0000,1976.4900,2183.0000,2403.1608,2453.5311,2564.0000,2965.0000,2538.8934
2023-06-07,38,760.0000,1116.0000,1402.7334,1736.8464,1912.0000,2210.0000,2420.7571,2468.2538,2586.4510,2910.0000,2500.0000
2023-06-09,38,1552.0000,1739.3393,2170.3903,2598.2518,2847.0000,3194.8563,3371.4510,3417.4759,3594.0000,4245.0833,3721.0000
2023-06-09,38,1383.0000,1682.6559,2082.7657,2471.3884,2791.0000,3200.8999,3390.0000,3387.1557,3591.0000,4202.0000,3656.9188
2023-06-12,38,1167.0000,1586.9059,2033.7416,2422.9163,2661.0000,2929.8849,3101.1497,3179.3916,3275.7455,3796.6196,3317.9206
2023-06-12,38,1105.0000,1539.2417,1962.4700,2327.2882,2579.5154,2900.3835,3074.9237,3153.9788,3260.9512,3733.0000,3292.3317
2023-06-14,38,952.0000,1165.0079,1404.6667,1539.5389,1789.0000,2167.0000,2445.0000,2436.7185,2502.0169,2303.0000,1800.0000
2023-06-14,38,951.0000,1197.0736,1440.0000,1553.5968,1823.0000,2195.0000,2439.6262,2452.4293,2518.2212,2316.0000,1797.0000
2023-06-17,38,1165.0000,1620.1923,2059.3590,2375.1994,2708.4302,3193.9194,3445.6029,3604.8659,3619.0000,3937.4815,3576.8338
2023-06-17,38,1126.0000,1579.2284,2018.2687,2293.8802,2646.0000,3157.6074,3397.9436,3561.7762,3585.8859,3894.7714,3557.0183
2023-06-19,38,1325.0000,1683.1174,2214.7318,2471.5033,2867.7004,3598.0000,3796.6480,3818.7512,4005.1289,4163.0488,3494.8703
2023-06-19,38,1235.0000,1577.4463,2049.8289,2261.1521,2738.3750,3460.0319,3668.4340,3668.0000,3893.4938,4089.1839,3441.4916
2023-06-22,38,-9999.0000,-9999.0000,-9999.0000,-9999.0000,-9999.0000,-9999.0000,-9999.0000,-9999.0000,-9999.0000,-9999.0000,-9999.0000
2023-06-24,38,1218.0000,1721.0512,2193.9125,2426.6333,2950.0000,3522.8005,3842.9212,3913.6818,4006.4919,4241.0000,3716.0179
2023-06-24,38,1203.0000,1738.0562,2213.1848,2454.3673,2947.5625,3549.9989,3868.0000,3948.0000,4023.0000,4249.8279,3723.4561
2023-06-27,38,1382.0000,1782.6524,2230.3046,2567.1829,2999.9118,3578.6473,3916.3190,4018.6794,4148.5446,4215.2315,3588.2091
2023-06-27,38,1198.0000,1751.3456,2196.9774,2523.8127,2930.0000,3570.7418,3956.6038,4057.5441,4197.5519,4274.9414,3623.0000
2023-06-29,38,900.0000,1059.4136,1489.8662,1745.5313,2138.5119,2808.2383,2997.0000,3084.4690,3250.0000,3324.3580,2529.0000
2023-06-29,38,834.0000,1064.4405,1443.3722,1674.3604,2050.4544,2739.0000,2964.6185,3035.4502,3193.9254,3278.4106,2522.9076
2023-07-02,38,598.0000,742.0000,1147.6958,1274.4000,1775.0000,2504.3588,2756.0000,2732.6499,2973.0000,2791.0000,1952.4914
2023-07-02,38,667.0000,833.3333,1157.3095,1226.8810,1681.2378,2401.0000,2657.0000,2626.4658,2851.0000,2678.0000,1890.1884
2023-07-04,38,740.0000,1034.4417,1473.3916,1515.7871,2076.0000,3036.0000,3409.0000,3409.7481,3566.0000,3404.0000,2571.3518
2023-07-04,38,716.0000,1040.0000,1435.1672,1450.9981,1993.3806,2954.5010,3326.0000,3330.4038,3494.2477,3307.4332,2521.2537
2023-07-07,38,787.0000,1060.0400,1467.9168,1458.0000,1979.3284,3154.9597,3539.7491,3652.4033,3713.0000,3405.4110,2715.4981
2023-07-07,38,758.0000,1076.6154,1458.4632,1450.6791,1999.0000,3098.5445,3501.8924,3618.2265,3693.0000,3361.0000,2733.0000
2023-07-09,38,946.0000,1170.8632,1634.0808,1591.8249,2240.0000,3777.0000,4098.5686,4162.3654,4305.7549,3758.0000,2794.0000
2023-07-09,38,897.0000,1154.4176,1597.1094,1548.7343,2152.0000,3670.3581,4008.4988,4040.8934,4213.0870,3688.0000,2747.5678
2023-07-12,38,-9999.0000,-9999.0000,-9999.0000,-9999.0000,-9999.0000,-9999.0000,-9999.0000,-9999.0000,-9999.0000,-9999.0000,-9999.0000
2023-07-14,38,792.8169,908.5000,1299.5294,1173.9599,1872.0000,3721.0000,4305.0000,4390.0228,4483.9969,3381.0000,2405.0000
2023-07-14,38,745.0000,940.0000,1296.5040,1179.5161,1826.1135,3613.7679,4202.0000,4296.7262,4370.7504,3323.0955,2399.0000
2023-07-17,38,579.0000,604.2817,938.9833,792.7500,1460.4709,3480.9489,4189.3094,4212.8640,4336.0000,2794.9684,1863.8593
2023-07-17,38,592.0000,683.1203,972.9295,838.8264,1445.0000,3354.9062,4021.0000,4084.6468,4217.0000,2746.5243,1859.0000
2023-07-19,38,-9999.0000,-9999.0000,-9999.0000,-9999.0000,-9999.0000,-9999.0000,-9999.0000,-9999.0000,-9999.0000,-9999.0000,-9999.0000
2023-07-22,38,-9999.0000,-9999.0000,-9999.0000,-9999.0000,-9999.0000,-9999.0000,-9999.0000,-9999.0000,-9999.0000,-9999.0000,-9999.0000
2023-07-22,38,-9999.0000,-9999.0000,-9999.0000,-9999.0000,-9999.0000,-9999.0000,-9999.0000,-9999.0000,-9999.0000,-9999.0000,-9999.0000
2023-07-27,38,275.0000,289.0113,523.2755,307.3388,874.0312,3341.0000,4325.9211,4536.5446,4467.6194,2149.2373,1099.2713
2023-07-27,38,280.3734,325.1075,550.1165,325.1871,873.3445,3359.0000,4320.0000,4562.9130,4551.6868,2147.4864,1099.7490
2023-07-29,38,435.0000,298.6548,690.9306,391.4101,1180.5652,4665.0000,5761.4741,5857.6735,5848.8953,2819.4414,1476.0000
2023-07-29,38,423.0000,347.3819,722.5877,411.1667,1185.9322,4515.0000,5632.0000,5799.1601,5852.0000,2804.2076,1459.2629
2023-08-03,38,-9999.0000,-9999.0000,-9999.0000,-9999.0000,-9999.0000,-9999.0000,-9999.0000,-9999.0000,-9999.0000,-9999.0000,-9999.0000
2023-08-06,38,261.0000,272.7005,483.0490,235.2554,801.5005,3926.3419,5373.0000,5609.0219,5502.1015,2269.9652,1098.0460
2023-08-06,38,236.0000,289.3151,498.8326,236.1318,806.6206,3873.0000,5350.9824,5622.8997,5513.1890,2258.8941,1093.4002
2023-08-08,38,434.0000,299.1814,562.0140,290.7569,957.0350,4399.0000,5808.0000,6060.2137,5942.0000,2516.2194,1229.0000
2023-08-08,38,370.0000,323.7024,578.2847,308.6500,954.2407,4404.0000,5921.0089,6085.9188,6075.4487,2521.9894,1228.5060
2023-08-11,38,-9999.0000,-9999.0000,-9999.0000,-9999.0000,-9999.0000,-9999.0000,-9999.0000,-9999.0000,-9999.0000,-9999.0000,-9999.0000
2023-08-11,38,-9999.0000,-9999.0000,-9999.0000,-9999.0000,-9999.0000,-9999.0000,-9999.0000,-9999.0000,-9999.0000,-9999.0000,-9999.0000
2023-08-13,38,345.0000,275.5040,451.1117,230.6531,825.0626,3816.0000,5608.0000,5702.6425,5746.0000,2420.0554,1169.8809
2023-08-13,38,399.0000,387.1867,539.2008,313.8500,865.2200,3734.0000,5308.0000,5461.4328,5544.0000,2391.0000,1168.0540
2023-08-16,38,410.0000,386.4631,508.0485,309.0061,763.8491,3396.0000,5018.0000,5114.0951,5254.0000,2106.6071,1024.0000
2023-08-16,38,394.4731,409.6032,522.3270,309.9882,764.3252,3410.0000,5018.2518,5106.0859,5259.9554,2083.2224,1026.0842
2023-08-18,38,790.0000,635.3754,827.5578,636.5033,1114.2804,3791.0000,5115.0308,5026.4539,5332.9919,2486.4325,1315.2651
2023-08-18,38,759.0000,690.9085,851.0974,667.0694,1145.9686,3735.0000,4983.9397,4984.0000,5318.0015,2468.6816,1301.0216
2023-08-21,38,305.0000,234.8194,405.3183,247.3423,705.0775,3243.5121,4596.8649,4775.9915,4871.2841,1967.0000,930.1857
2023-08-21,38,305.0000,282.8575,424.8866,278.0652,717.0000,3220.3719,4565.0000,4705.9473,4856.4931,1949.5041,929.9916
2023-08-23,38,348.0000,299.9409,450.8446,294.4817,793.4463,3355.3925,4853.0000,4997.2318,5147.2611,2140.5264,1057.0000
2023-08-23,38,426.0000,442.7215,554.7073,374.7908,850.5886,3220.3723,4610.4357,4748.0000,4878.0000,2118.7747,1051.8231
2023-08-26,38,327.0000,331.7938,490.3950,309.8336,785.9841,3193.0930,4518.9049,4663.7410,4800.0000,1952.7940,996.3132
2023-08-26,38,356.0000,394.6155,530.2172,338.4419,805.8195,3164.6260,4420.2314,4567.2647,4711.3023,1938.5223,987.5470
2023-08-31,38,362.0000,329.5973,549.1954,307.6131,907.2017,3334.9882,4374.3771,4553.1866,4526.0000,2004.0000,912.0000
2023-08-31,38,483.0000,481.4889,645.8071,387.5595,944.0000,3307.0000,4403.1307,4422.8800,4569.5433,2004.4477,922.9509
2023-09-02,38,369.0000,350.0036,547.0449,274.9504,939.0000,3848.3266,5118.0000,5241.2131,5281.0000,2222.5132,1048.5383
2023-09-02,38,372.0000,409.4973,586.9547,315.2675,957.9816,3786.4582,4951.5973,5156.6084,5129.3695,2208.0000,1051.3137
2023-09-05,38,272.0000,314.7901,539.8886,282.7880,915.9873,3565.0000,4569.0000,5015.0000,4786.5609,2002.8814,1005.8099
2023-09-05,38,297.0000,362.6985,571.0976,299.6111,929.0305,3561.9436,4515.0000,4964.2909,4742.0000,1985.4339,988.1186
2023-09-07,38,361.0000,306.4803,601.8920,315.0133,1051.9263,3812.0155,4679.0000,4998.0566,4950.0000,2164.0840,1091.1636
2023-09-07,38,369.0000,355.3112,634.4219,338.3856,1060.5731,3759.0000,4546.0297,4934.7532,4851.8892,2154.2717,1082.7610
2023-09-10,38,323.0000,315.3383,634.4341,363.6648,1142.4672,3511.0000,4278.0000,4600.6595,4597.9069,1980.1000,1011.4533
2023-09-10,38,348.2534,379.2549,667.7298,395.3354,1152.0000,3490.5066,4204.3640,4534.7032,4475.9298,1986.4563,1003.1375
2023-09-12,38,-9999.0000,-9999.0000,-9999.0000,-9999.0000,-9999.0000,-9999.0000,-9999.0000,-9999.0000,-9999.0000,-9999.0000,-9999.0000
2023-09-17,38,709.9875,683.7396,1075.0520,772.0943,1708.6340,3305.0000,3656.8728,3716.9360,3982.0000,2151.8341,1155.3438
2023-09-25,38,323.0000,469.0113,777.3470,851.1727,1444.1507,2137.3612,2449.0000,2626.7947,2753.0000,2129.0000,1410.7037
2023-09-25,38,319.0000,497.3272,793.4979,859.9909,1447.0000,2150.0000,2459.0000,2650.0000,2771.0000,2123.6408,1401.1011
2023-09-27,38,547.0000,601.5487,915.5949,1091.2182,1612.3411,2267.0000,2532.9457,2788.0431,2923.0000,2522.9315,1676.0000
2023-09-27,38,558.0000,646.0860,938.6479,1107.8005,1611.5870,2266.1808,2533.6063,2778.0982,2895.0000,2509.1224,1675.4788
2023-09-30,38,-9999.0000,-9999.0000,-9999.0000,-9999.0000,-9999.0000,-9999.0000,-9999.0000,-9999.0000,-9999.0000,-9999.0000,-9999.0000
2023-09-30,38,-9999.0000,-9999.0000,-9999.0000,-9999.0000,-9999.0000,-9999.0000,-9999.0000,-9999.0000,-9999.0000,-9999.0000,-9999.0000
2023-10-02,38,556.0000,644.2365,867.0417,1122.2614,1578.9134,2084.1599,2401.4408,2578.0361,2747.4382,2656.6601,1857.2637
2023-10-02,38,581.5173,756.9614,946.4200,1147.2028,1578.8318,2081.0532,2405.3639,2564.4805,2723.7111,2619.2851,1818.9356
2023-10-07,38,737.0000,929.2500,1274.2069,1699.6938,2067.6356,2490.9486,2756.4304,3000.4456,3118.9929,3460.9982,2505.6865
2023-10-07,38,707.0000,957.1747,1282.3032,1700.0939,2068.3384,2489.5021,2722.3018,2981.8134,3093.7319,3394.0000,2498.0000
2023-10-12,38,-9999.0000,-9999.0000,-9999.0000,-9999.0000,-9999.0000,-9999.0000,-9999.0000,-9999.0000,-9999.0000,-9999.0000,-9999.0000
2023-10-17,38,734.0000,923.3847,1194.4565,1571.1087,1851.3622,2242.7548,2402.5456,2710.5136,2746.0000,3258.3510,2518.0000
2023-10-17,38,684.0000,931.6851,1202.9545,1571.2422,1826.0000,2243.4567,2428.6133,2711.5313,2746.4297,3245.0000,2538.4936
2023-10-22,38,535.0000,761.3292,905.5435,1123.4678,1379.1602,1657.0000,1834.8276,1945.8780,2029.2202,2548.0000,1962.1135
2023-10-22,38,492.0000,772.6991,908.7638,1122.0672,1381.0604,1650.8227,1835.3960,1959.8101,2036.4064,2490.3468,1973.0000
2023-10-27,38,502.0000,592.8090,777.4800,933.0519,1225.0000,1571.3294,1698.3376,1721.0047,1930.2399,2192.6093,1493.0153
2023-10-27,38,465.0000,605.5848,785.1190,938.8899,1226.2705,1579.0000,1697.0000,1718.6091,1913.0000,2186.0000,1502.5236
2023-11-04,38,360.0000,573.6737,749.3451,875.0206,1182.5536,1587.1918,1737.5389,1885.3486,1938.0000,2057.1031,1532.0018
2023-11-04,38,349.0000,605.6422,772.7246,882.4289,1178.0000,1594.6159,1771.8402,1899.4405,1967.0000,2045.0000,1533.0445
2023-11-11,38,498.0000,700.6667,877.7483,987.2977,1365.0000,1821.0144,2001.9310,2150.5447,2196.7880,2268.9893,1628.0000
2023-11-11,38,459.0000,709.2331,876.6782,989.2151,1362.5000,1819.3855,2013.2624,2165.8460,2198.0000,2281.4975,1642.0000
2023-11-19,38,899.0000,918.0857,1121.2350,1153.1599,1536.7198,2010.4652,2131.0101,2260.6584,2354.5383,2154.4265,1549.0000
2023-11-19,38,805.0000,857.2268,1076.7783,1129.4548,1552.0000,2010.1432,2194.6287,2298.0000,2375.0000,2180.6195,1548.4544
2023-11-24,38,1343.0000,1194.0000,1330.0000,1270.0000,1773.0000,2364.0000,2618.0000,2908.0000,2919.0000,3372.0000,2615.0000
2023-11-26,38,533.0000,645.3793,905.2194,964.0871,1380.0028,1960.0000,2105.8784,2294.0066,2349.1542,2377.0000,1692.7130
2023-11-26,38,501.0000,665.2740,917.6487,970.9080,1371.8351,1954.6060,2092.8177,2294.5084,2285.3548,2364.9031,1684.0000
2023-11-29,38,422.0000,576.2520,813.4932,883.0405,1306.5808,1849.9642,2020.3841,2213.6487,2188.0000,2178.2728,1532.5246
2023-11-29,38,408.0000,608.7447,849.2817,901.1772,1306.0000,1843.0000,2017.2466,2216.0573,2208.7677,2169.7310,1533.6143
2023-12-09,38,816.0000,840.6505,1040.9103,1056.4968,1514.0000,2049.0000,2222.0000,2322.2431,2389.3195,2224.5167,1620.9748
2023-12-09,38,805.0000,872.6462,1054.0000,1064.6309,1509.5387,2041.3911,2209.0000,2314.1945,2387.9957,2221.3786,1609.5008
2023-12-14,38,1179.0000,1268.0000,1378.0000,1310.0000,1721.0000,2224.0000,2286.0000,2451.0000,2438.0000,1814.0000,1366.0000
2023-12-14,38,1288.0000,1410.0000,1504.4683,1425.1253,1856.0000,2332.3281,2450.3948,2586.4295,2570.6374,1825.7398,1384.0000
2023-12-16,38,464.0000,548.6903,797.0511,817.1209,1283.2287,1955.9538,2109.0140,2328.6938,2310.6176,2136.3681,1399.0000
2023-12-16,38,435.0000,576.7383,817.1692,829.5490,1293.0000,1963.0000,2142.0000,2327.8227,2342.2641,2135.0000,1398.5785
2023-12-19,38,352.0000,484.9790,713.3676,748.2862,1195.0464,1851.4170,2017.9035,2197.7649,2186.7936,1950.0000,1257.2732
2023-12-19,38,340.0000,517.1880,725.2303,756.4209,1212.6588,1819.0000,1995.1233,2181.4870,2213.4994,1986.0000,1296.8270
2023-12-24,38,-9999.0000,-9999.0000,-9999.0000,-9999.0000,-9999.0000,-9999.0000,-9999.0000,-9999.0000,-9999.0000,-9999.0000,-9999.0000
2023-12-24,38,1464.0000,1614.0000,1690.0000,1622.0000,2041.3596,2484.0000,2609.9984,2709.0304,2717.8200,2260.3974,1701.0000
2024-01-05,38,-9999.0000,-9999.0000,-9999.0000,-9999.0000,-9999.0000,-9999.0000,-9999.0000,-9999.0000,-9999.0000,-9999.0000,-9999.0000
2024-01-08,38,652.0000,984.0000,1185.3128,1129.0709,1554.0000,2218.1748,2422.3973,2587.5886,2584.6618,2265.6728,1576.9117
2024-01-08,38,715.0000,840.9107,1028.7530,997.1981,1465.7374,2242.0000,2438.0000,2595.8700,2595.0000,2229.0000,1566.4112
2024-01-13,38,379.0000,541.1394,733.1040,684.7390,1155.3846,1924.0412,2133.2243,2340.3561,2317.8380,1786.0000,1227.0115
2024-01-13,38,423.0000,624.2002,785.6512,716.0000,1173.2083,1920.9177,2124.9755,2305.9001,2276.5719,1793.7531,1220.2668
2024-01-15,38,-9999.0000,-9999.0000,-9999.0000,-9999.0000,-9999.0000,-9999.0000,-9999.0000,-9999.0000,-9999.0000,-9999.0000,-9999.0000
2024-01-20,38,354.8156,521.7026,704.3957,685.3077,1169.0000,1977.3598,2243.1555,2565.9309,2379.0395,1905.7563,1181.0000
2024-01-20,38,342.0000,561.4959,741.1363,693.3509,1170.3430,2004.4804,2228.0000,2568.2591,2405.0833,1881.5963,1187.0000
2024-01-23,38,417.0000,561.1795,741.4838,689.4953,1163.7796,1906.3301,2127.0000,2297.4634,2274.0964,1723.3473,1152.0000
2024-01-23,38,413.0000,604.2792,765.0582,701.4687,1170.1442,1924.5716,2099.3902,2281.2984,2267.1430,1735.0000,1132.0000
2024-01-25,38,566.0000,673.9001,950.0493,929.1485,1444.0295,2185.7021,2339.6402,2419.9332,2489.8673,1974.0000,1199.0000
2024-01-25,38,729.0000,816.4359,1026.0000,972.7478,1439.0000,2122.3568,2285.2774,2364.0000,2419.5282,1965.0763,1191.0000
2024-01-28,38,445.0000,521.1897,733.6176,713.2762,1233.9474,2004.7692,2201.9231,2420.9066,2395.7974,1939.4563,1266.0565
2024-01-28,38,433.0000,549.4298,750.3073,713.9890,1224.7762,2019.0592,2213.7523,2411.0022,2377.1800,1947.0629,1259.0000
2024-01-30,38,424.0000,581.1387,765.5317,761.4561,1284.1111,2068.2512,2290.6438,2578.9310,2469.0000,2100.0331,1421.0000
2024-01-30,38,447.0000,645.1523,806.0772,789.3389,1293.9695,2091.8740,2284.7013,2554.8855,2435.6049,2084.6677,1410.0000
2024-02-02,38,151.0000,274.1766,330.1725,352.6193,520.4333,737.0000,802.0000,829.5014,845.9589,710.0000,536.7736
2024-02-02,38,185.0000,322.4121,358.1015,368.0000,536.0000,740.6801,814.2142,837.1502,857.5053,706.3322,533.0000
2024-02-04,38,390.0000,377.3877,704.6244,841.3686,1322.0196,1884.8803,2052.9986,2132.9911,2235.6636,2186.7126,1573.8029
2024-02-04,38,328.5326,417.6610,733.0268,861.2878,1331.6357,1914.8321,2057.8961,2151.8574,2248.6387,2197.1342,1562.0000
2024-02-14,38,624.0000,640.5875,878.6279,820.7500,1306.0000,2042.6151,2201.0000,2321.4136,2362.3750,1979.3277,1317.4354
2024-02-14,38,610.0000,686.2380,908.0000,845.7662,1314.4603,2028.4005,2161.7123,2330.1279,2348.1416,1954.0000,1300.0000
2024-02-17,38,-9999.0000,-9999.0000,-9999.0000,-9999.0000,-9999.0000,-9999.0000,-9999.0000,-9999.0000,-9999.0000,-9999.0000,-9999.0000
2024-02-17,38,-9999.0000,-9999.0000,-9999.0000,-9999.0000,-9999.0000,-9999.0000,-9999.0000,-9999.0000,-9999.0000,-9999.0000,-9999.0000
2024-02-19,38,402.0000,542.1051,816.9239,760.9609,1387.2346,2324.5015,2613.0000,2727.2528,2722.0000,2193.0115,1453.3900
2024-02-19,38,355.0000,570.2606,829.2533,773.9300,1394.8290,2339.7121,2594.6878,2723.9637,2717.6694,2193.8441,1454.0000
2024-03-05,38,485.0000,510.4567,869.5463,721.3592,1401.6851,2610.0000,2853.4991,3015.6559,3007.0000,1963.0000,1174.8826
2024-03-05,38,358.0000,472.0000,853.2816,693.1027,1397.5653,2649.6219,2910.6387,3042.3588,3067.8554,1973.4979,1181.2576
2024-03-13,38,387.0000,546.1161,869.2268,701.1994,1405.5061,2579.9516,2915.0191,3105.0000,3056.0000,2025.0000,1345.6941
2024-03-13,38,471.0000,642.5038,924.8289,741.4659,1405.1878,2545.0000,2858.0691,3032.9836,3012.1556,2005.5388,1338.5471
2024-03-20,38,337.0000,408.6068,765.0795,549.7275,1369.0000,2824.0000,3219.4355,3418.2220,3347.6110,1978.0753,1165.3207
2024-03-20,38,484.0366,618.6528,889.5617,669.7139,1385.2395,2692.5453,3046.6327,3208.7925,3164.3762,1933.0065,1156.3411
2024-03-23,38,896.5696,1046.0000,1206.0000,1206.0000,1545.5731,1850.2934,1964.0000,2018.9189,2044.4720,1872.4702,1544.5030
2024-03-23,38,895.0000,1044.0000,1268.3495,1268.0000,1648.5119,2037.0072,2171.9573,2237.1004,2228.7671,1926.1292,1558.7500
2024-03-25,38,640.0000,809.1613,1128.6978,1280.5734,1581.6942,1980.1339,2077.3886,2307.2552,2228.2766,2358.0000,1933.0887
2024-03-25,38,620.0000,825.5438,1128.4793,1281.2249,1558.5732,1991.0000,2101.3350,2325.3187,2234.7958,2344.5135,1938.5022
2024-03-30,38,1776.0000,1996.0000,2270.0000,2169.4967,2762.1999,3210.9049,3387.4114,3292.0000,3380.4393,2367.0000,1708.2964
2024-04-02,38,451.0000,594.1425,813.3199,900.9308,1245.5292,1635.4804,1784.0000,1885.6087,1900.8810,1651.0000,1188.0000
2024-04-02,38,419.0000,610.1549,822.0000,897.0519,1237.2379,1660.4528,1803.3848,1899.3425,1913.8989,1653.0000,1189.8007
2024-04-04,38,596.0000,677.8266,973.3046,1100.8795,1480.0000,1947.3952,2067.4796,2146.6252,2213.4771,2062.0000,1482.3530
2024-04-04,38,600.4947,728.0000,998.2270,1097.4593,1477.5795,1964.6312,2083.0322,2151.4877,2212.5155,2041.0121,1469.9367
2024-04-07,38,673.0000,765.0866,1048.0000,1156.2545,1524.0423,1996.6542,2163.0292,2284.0000,2286.0000,2018.0139,1480.0000
2024-04-07,38,675.0000,828.0000,1082.0000,1145.1074,1505.0000,2013.3937,2166.3658,2289.9350,2296.0000,1978.6628,1481.4604
2024-04-09,38,-9999.0000,-9999.0000,-9999.0000,-9999.0000,-9999.0000,-9999.0000,-9999.0000,-9999.0000,-9999.0000,-9999.0000,-9999.0000
2024-04-12,38,650.8073,901.9485,1229.0940,1299.0065,1689.7098,2236.0497,2444.6373,2604.2285,2570.0000,2365.0000,1930.5530
2024-04-12,38,674.0000,933.2835,1233.4752,1273.2323,1653.6403,2266.3331,2442.0000,2600.5261,2587.2571,2339.6325,1914.0000
2024-04-14,38,865.0000,1024.8986,1440.7405,1505.9932,1981.3477,2682.0000,2859.3708,2983.6254,2999.0000,2757.8885,2172.9707
2024-04-14,38,835.0000,1045.3345,1416.8092,1468.1522,1933.0000,2675.1160,2857.0000,2980.4397,2997.0000,2732.4513,2166.0000
2024-04-17,38,534.0000,672.7688,969.6137,1010.0000,1398.9331,2027.9821,2236.0000,2353.4523,2379.1925,1972.3710,1428.0000
2024-04-17,38,475.0000,649.4058,953.4838,1004.9460,1409.0000,2044.2353,2249.4857,2359.0054,2390.3849,1993.5167,1431.0000
2024-04-27,38,-9999.0000,-9999.0000,-9999.0000,-9999.0000,-9999.0000,-9999.0000,-9999.0000,-9999.0000,-9999.0000,-9999.0000,-9999.0000
2024-04-29,38,747.0000,1049.3301,1360.7260,1636.3959,1864.3964,2265.6049,2450.4589,2584.0822,2594.9031,2556.0000,1956.8601
2024-04-29,38,744.0000,1045.1357,1337.2519,1586.3201,1850.7655,2279.0000,2475.3989,2585.7073,2602.4890,2531.5863,1964.2171
2024-05-04,38,-9999.0000,-9999.0000,-9999.0000,-9999.0000,-9999.0000,-9999.0000,-9999.0000,-9999.0000,-9999.0000,-9999.0000,-9999.0000
2024-05-04,38,-9999.0000,-9999.0000,-9999.0000,-9999.0000,-9999.0000,-9999.0000,-9999.0000,-9999.0000,-9999.0000,-9999.0000,-9999.0000
2024-05-14,38,-9999.0000,-9999.0000,-9999.0000,-9999.0000,-9999.0000,-9999.0000,-9999.0000,-9999.0000,-9999.0000,-9999.0000,-9999.0000
2024-05-14,38,-9999.0000,-9999.0000,-9999.0000,-9999.0000,-9999.0000,-9999.0000,-9999.0000,-9999.0000,-9999.0000,-9999.0000,-9999.0000
2024-05-17,38,1029.0000,1250.7360,1626.7386,2024.3162,2219.5762,2435.9100,2604.9752,2680.1352,2813.3970,2740.0000,1922.7826
2024-05-17,38,940.0000,1209.5170,1572.6114,1947.8564,2172.5464,2443.0835,2636.6533,2695.7787,2824.6677,2714.3628,1906.3934
2024-05-22,38,-9999.0000,-9999.0000,-9999.0000,-9999.0000,-9999.0000,-9999.0000,-9999.0000,-9999.0000,-9999.0000,-9999.0000,-9999.0000
2024-05-22,38,-9999.0000,-9999.0000,-9999.0000,-9999.0000,-9999.0000,-9999.0000,-9999.0000,-9999.0000,-9999.0000,-9999.0000,-9999.0000
2024-05-24,38,1113.0000,1377.8146,1826.7661,2073.7027,2390.0000,2764.2974,2938.7182,2947.0552,3110.1587,3074.0000,2342.5110
2024-05-24,38,1065.3745,1363.2679,1816.2108,2058.4042,2413.0000,2822.0040,2980.1626,2984.4842,3130.3416,3090.3460,2340.0000
2024-05-27,38,-9999.0000,-9999.0000,-9999.0000,-9999.0000,-9999.0000,-9999.0000,-9999.0000,-9999.0000,-9999.0000,-9999.0000,-9999.0000
2024-06-01,38,925.0000,1257.6524,1731.2585,1899.2369,2320.0000,2819.4031,3068.6621,3096.0490,3206.0662,2977.9066,2192.5022
2024-06-01,38,892.0000,1220.3500,1643.2299,1756.4012,2211.3688,2759.0000,3019.5788,3045.8339,3164.7536,2884.4973,2139.0000
2024-06-03,38,1777.0000,1882.7604,2387.2865,2354.9558,3028.0769,3961.8796,4213.4385,4176.5786,4415.0000,3505.4956,2429.0000
2024-06-06,38,1341.5193,1731.9863,2283.5316,2357.0079,2954.3186,3684.0000,3958.6257,4011.5000,4084.9573,3688.0000,2970.6046
2024-06-06,38,1433.0000,1739.9440,2253.0000,2339.7046,2902.0000,3647.0000,3944.6279,4009.5597,4100.0000,3689.4974,2950.4030
2024-06-16,38,899.0000,1072.7722,1649.4607,1526.0656,2259.0000,3457.0000,3827.5353,3917.8239,4004.0000,3275.0000,2348.5112
2024-06-16,38,836.0000,1058.8145,1604.9553,1466.4980,2178.5718,3415.0000,3770.8579,3866.2681,3953.7340,3274.9018,2338.5231
2024-06-18,38,1170.9953,1450.4947,1986.5826,1883.5502,2635.4475,3902.0000,4321.0000,4498.2628,4467.0000,3710.0000,2896.9341
2024-06-18,38,1197.0000,1475.4306,2000.9331,1891.9842,2635.8721,3907.4529,4321.0000,4514.9331,4478.0000,3738.7323,2881.9368
2024-06-26,38,1086.0000,979.2645,1291.5177,1272.0927,1646.0000,2698.0000,3100.3889,3024.0000,3285.8176,2403.4526,1658.0000
2024-06-26,38,931.0000,954.0000,1304.0000,1260.0221,1608.0000,2885.0000,3184.0000,3140.0000,3362.0000,2448.0000,1679.0000
2024-06-28,38,796.0000,994.7981,1425.2593,1350.7510,1924.7326,3198.7196,3705.4549,3688.7380,3880.0000,3140.5284,2343.0000
2024-06-28,38,773.0000,1028.8006,1382.0000,1313.9387,1853.6630,3089.7678,3603.0000,3552.8140,3749.8253,3035.0000,2285.2841
2024-07-06,38,573.0000,569.3621,835.7406,658.3232,1112.0000,2781.3953,3400.0155,3337.3178,3609.3415,2157.0000,1258.7842
2024-07-06,38,555.0000,565.5103,835.7309,659.1591,1125.0000,2822.6328,3426.5263,3366.5405,3640.0000,2131.0000,1277.0000
2024-07-08,38,667.0000,675.7923,940.5896,786.4531,1281.0000,2905.3742,3699.0000,3650.8040,3870.0645,2458.4224,1563.8221
2024-07-08,38,457.0000,603.6262,883.7601,730.8230,1269.7319,2985.2927,3813.0000,3785.7558,3986.4736,2467.8295,1579.0000
2024-07-11,38,507.0000,507.4301,754.3136,596.1772,1094.0000,2837.8540,3823.0000,3787.5394,4002.0000,2284.5651,1431.0000
2024-07-11,38,434.0000,541.7597,780.5367,611.9987,1098.4795,2847.0000,3810.0000,3771.1143,4006.5406,2300.9501,1433.9997
2024-07-13,38,658.0000,595.3659,867.9340,696.6237,1181.0000,3185.2379,4053.7342,3969.6071,4293.0000,2470.3973,1493.0000
2024-07-13,38,570.8879,596.0218,881.9562,707.8698,1206.7651,3185.8425,4052.2605,3978.4281,4294.4257,2492.6233,1505.0916
2024-07-16,38,426.5023,372.4361,642.8000,498.9851,966.0000,2860.0267,3826.6180,3849.7620,4051.1837,2133.0000,1251.0000
2024-07-16,38,440.0000,452.0371,681.7327,537.6622,986.0000,2829.0000,3778.9287,3769.9596,3950.0000,2144.9918,1275.0000
2024-07-18,38,564.0000,538.3637,770.4276,629.4705,1075.0000,2961.4388,4020.2698,4073.6612,4211.1910,2340.6518,1430.3612
2024-07-18,38,546.0000,593.7458,803.8893,650.6719,1121.0000,2925.1755,3970.6361,4036.0000,4155.6096,2333.9708,1450.1548
2024-07-21,38,401.0000,362.8174,610.4453,449.5288,881.0000,2831.0000,3915.3990,3931.0569,4134.0000,1987.3081,1171.7956
2024-07-21,38,325.0000,394.0446,620.5090,460.4799,927.0000,2834.0481,3923.0000,3936.7584,4126.9995,2027.0000,1220.4270
2024-07-23,38,468.0000,461.7118,677.2280,427.2104,887.0000,2810.0000,3513.1946,3316.0246,3772.5988,1810.1853,820.2689
2024-07-23,38,464.0000,467.0698,683.9132,426.5006,888.4335,2780.4664,3570.0000,3236.1555,3719.9880,1772.0000,786.0681
2024-07-26,38,329.0000,273.5681,514.4218,363.6724,828.5421,2827.0000,3850.0000,3836.8834,4093.2478,1928.0000,1048.9007
2024-07-26,38,443.0000,435.5503,636.2696,459.5479,919.0000,2754.7033,3693.5247,3697.0333,3915.1654,1913.0000,1075.0000
2024-07-28,38,466.0000,371.4688,602.6179,421.9063,938.0000,2873.4063,4070.0000,4096.0000,4274.4834,2136.0000,1230.6040
2024-07-28,38,504.0000,546.0833,731.1221,539.2772,1051.7946,2830.1749,3945.0000,3906.2146,4145.9545,2146.0000,1218.0000
2024-07-31,38,402.0579,419.6425,666.5474,508.6354,955.1369,2694.0865,3684.2106,3682.9068,3892.3365,1947.0000,1157.0060
2024-07-31,38,457.0000,530.1403,739.7618,571.4437,1011.0000,2657.0041,3584.9834,3593.6730,3793.5951,1941.0154,1161.6113
2024-08-05,38,-9999.0000,-9999.0000,-9999.0000,-9999.0000,-9999.0000,-9999.0000,-9999.0000,-9999.0000,-9999.0000,-9999.0000,-9999.0000
2024-08-05,38,-9999.0000,-9999.0000,-9999.0000,-9999.0000,-9999.0000,-9999.0000,-9999.0000,-9999.0000,-9999.0000,-9999.0000,-9999.0000
2024-08-07,38,369.0000,378.8028,642.2857,499.9550,1039.0000,2812.9078,3796.5392,3817.2143,4008.0000,2263.1810,1303.0780
2024-08-07,38,441.8569,522.0294,731.5597,562.8895,1093.7837,2759.0000,3674.0000,3706.4254,3883.2373,2227.0000,1341.0000
2024-08-10,38,380.0000,426.8485,659.1241,507.0431,987.0089,2581.4924,3426.5137,3458.8186,3675.2391,2034.6354,1205.2519
2024-08-10,38,381.6388,459.3032,684.4796,513.1518,1014.0000,2583.0000,3429.9795,3441.0489,3649.5178,2046.0000,1231.0000
2024-08-12,38,501.4707,540.7009,826.5813,666.7296,1187.6255,2836.9770,3522.0571,3592.0000,3801.5870,2300.2518,1349.0000
2024-08-12,38,572.0000,579.3998,859.8712,690.1489,1212.5815,2849.0000,3545.4413,3602.5809,3801.2521,2280.4657,1353.5248
2024-08-12,38,522.0000,564.5853,859.4995,700.2039,1207.0000,2982.6193,3697.6135,3706.3244,3923.2030,2321.5221,1372.7435
2024-08-12,38,588.0000,610.4286,897.6088,715.2263,1235.0000,2933.8066,3634.0783,3682.1338,3893.1240,2299.0000,1352.0000
2024-08-15,38,384.0000,394.8260,684.7882,562.5487,1072.4934,2633.0000,3356.3200,3394.1746,3612.4475,2121.2544,1216.0000
2024-08-15,38,414.0000,467.9103,722.2463,594.4071,1093.0000,2616.9612,3306.9369,3345.7284,3564.5790,2091.0017,1230.0000
2024-08-17,38,-9999.0000,-9999.0000,-9999.0000,-9999.0000,-9999.0000,-9999.0000,-9999.0000,-9999.0000,-9999.0000,-9999.0000,-9999.0000
2024-08-17,38,-9999.0000,-9999.0000,-9999.0000,-9999.0000,-9999.0000,-9999.0000,-9999.0000,-9999.0000,-9999.0000,-9999.0000,-9999.0000
2024-08-20,38,-9999.0000,-9999.0000,-9999.0000,-9999.0000,-9999.0000,-9999.0000,-9999.0000,-9999.0000,-9999.0000,-9999.0000,-9999.0000
2024-08-20,38,-9999.0000,-9999.0000,-9999.0000,-9999.0000,-9999.0000,-9999.0000,-9999.0000,-9999.0000,-9999.0000,-9999.0000,-9999.0000
2024-08-22,38,389.0000,291.1768,659.3020,498.8674,1090.7351,2722.0000,3314.6567,3370.4498,3587.4962,2114.4961,1159.0000
2024-08-22,38,450.0139,484.5945,772.9852,587.7918,1107.0000,2669.7096,3227.8650,3290.2286,3499.3288,2065.8025,1167.0000
2024-08-25,38,410.0000,409.8164,683.8057,522.9176,1036.0823,2457.0000,3036.1539,3115.6207,3298.8543,2034.3036,1144.5482
2024-08-25,38,414.9333,457.7975,706.2280,538.2693,1033.0000,2451.4619,3018.4953,3098.9693,3284.2876,2022.9003,1146.0000
2024-08-27,38,714.0000,811.2221,1131.7659,875.6130,1498.5347,3062.0000,3803.5791,3841.5235,4062.4988,2412.5804,1453.9547
2024-08-27,38,770.3789,824.8286,1043.2735,843.3055,1363.0000,2712.5207,3393.9846,3417.6569,3636.0000,2348.1063,1418.2834
2024-08-30,38,509.0000,565.0718,794.5386,650.6751,1139.5105,2385.0000,2970.0568,3028.7072,3234.4237,2141.1459,1313.0000
2024-08-30,38,454.0000,565.0298,788.3180,642.4151,1140.9168,2418.0615,3003.6568,3052.8362,3269.4407,2139.5459,1306.4782
2024-09-04,38,442.0000,465.1786,771.8365,699.4030,1235.4320,2340.1666,2851.4714,2898.8525,3148.8149,2235.2608,1329.8571
2024-09-04,38,464.0000,524.7852,794.0088,708.6331,1219.0000,2346.6047,2801.2342,2875.1979,3117.9195,2204.1111,1320.5208
2024-09-09,38,-9999.0000,-9999.0000,-9999.0000,-9999.0000,-9999.0000,-9999.0000,-9999.0000,-9999.0000,-9999.0000,-9999.0000,-9999.0000
2024-09-09,38,-9999.0000,-9999.0000,-9999.0000,-9999.0000,-9999.0000,-9999.0000,-9999.0000,-9999.0000,-9999.0000,-9999.0000,-9999.0000
2024-09-11,38,448.5231,409.9932,689.3086,569.5834,1090.2128,2174.4022,2499.4822,2541.1587,2739.9644,2015.0000,1139.5511
2024-09-11,38,437.0000,465.6377,717.3181,589.2290,1088.6744,2181.6293,2515.1022,2549.2395,2749.1144,2002.8610,1157.6014
2024-09-16,38,1191.0000,1085.5325,1293.2693,1086.0000,1668.6015,2924.1114,3426.0112,3515.4324,3618.9932,2332.0129,1502.2711
2024-09-16,38,1196.0000,1076.0000,1285.8378,1057.3269,1618.0000,2916.0000,3415.0000,3562.1490,3628.6856,2297.0000,1451.0000
2024-09-21,38,433.0000,421.4934,672.7857,596.7880,1074.2255,2092.2887,2372.9815,2491.4031,2653.4051,1964.2566,1148.0000
2024-09-21,38,438.0000,474.1769,705.1886,613.3824,1086.5811,2072.6524,2396.6963,2485.5076,2643.3376,1964.6745,1148.4642
2024-09-24,38,432.0000,437.4774,660.7799,576.8647,1063.0000,2043.9844,2375.6628,2501.8571,2616.0000,1842.9195,1048.6919
2024-09-24,38,421.0112,489.4863,697.0384,590.0000,1082.9591,2095.0000,2439.8469,2551.2068,2677.8240,1854.3617,1057.7026
2024-09-29,38,200.0000,304.9907,496.7482,445.7387,842.3158,1676.2133,2000.0000,2139.8249,2228.9928,1621.4862,1001.5311
2024-09-29,38,173.0000,309.4334,497.0249,441.3880,841.0222,1682.8797,1979.3146,2151.1918,2215.1784,1637.0000,1001.3491
2024-10-11,38,597.0000,808.7438,1105.0635,1387.6667,1750.0000,2266.7064,2466.9940,2662.7736,2779.0000,2853.3653,2050.5100
2024-10-11,38,556.0000,813.5812,1112.0000,1395.6911,1785.0000,2284.0538,2476.3197,2662.5922,2770.5776,2875.0000,2099.3825
2024-10-21,38,754.0000,925.0286,1193.5987,1459.3015,1739.0000,2003.4979,2145.6416,2244.0102,2397.2484,2566.5110,1884.0000
2024-10-21,38,741.0000,958.1255,1221.8644,1456.0000,1723.0000,2002.5658,2158.3285,2243.7770,2398.0525,2533.0120,1868.3458
2024-10-26,38,-9999.0000,-9999.0000,-9999.0000,-9999.0000,-9999.0000,-9999.0000,-9999.0000,-9999.0000,-9999.0000,-9999.0000,-9999.0000
2024-10-29,38,537.0000,800.7631,1020.7565,1250.0000,1498.0000,1753.4605,1931.4834,2019.7484,2108.1129,2208.7653,1720.0000
2024-10-29,38,518.0000,813.3282,1022.1414,1241.0000,1511.0000,1752.3280,1932.1048,2011.8830,2114.9511,2200.6031,1734.0000
2024-10-31,38,639.0000,857.1797,1137.1565,1386.2733,1637.0000,1955.0000,2092.8844,2235.8946,2307.6518,2656.4977,2012.7148
2024-10-31,38,592.5061,853.3499,1136.2475,1378.8274,1652.0000,1956.7778,2098.9493,2252.0000,2346.3495,2661.0000,2019.5409
2024-11-03,38,874.0000,1097.4896,1328.7856,1500.6274,1769.0000,2050.7499,2201.5999,2338.4102,2379.2816,2641.6623,2002.0000
2024-11-03,38,897.0000,1117.4043,1344.9310,1505.5728,1789.5656,2069.4158,2234.5768,2371.6641,2403.0000,2626.0000,2011.9459
2024-11-05,38,614.0000,929.2117,1160.8470,1378.6125,1618.0000,1932.8824,2097.0000,2354.9644,2280.3329,2640.5081,2082.0672
2024-11-05,38,552.0000,901.6660,1153.4960,1377.3711,1638.1158,1948.5326,2109.0000,2380.3821,2301.0351,2664.0000,2118.0000
2024-11-08,38,587.0000,704.4775,829.7211,937.8261,1093.0000,1228.8840,1324.1224,1371.7315,1445.5959,1521.0000,1315.0000
2024-11-08,38,585.0000,744.5276,849.6816,949.4365,1089.0000,1257.0000,1364.4944,1372.1399,1454.0000,1500.0000,1283.0000
2024-11-10,38,531.0000,657.3531,876.8997,1065.8021,1220.5071,1397.6305,1462.2542,1591.0374,1587.6235,1970.0000,1609.4885
2024-11-10,38,498.0000,664.4511,877.5724,1066.3362,1206.0000,1404.4767,1489.0000,1606.9005,1613.4829,1944.0000,1591.0000
2024-11-13,38,569.0000,764.8871,1004.6097,1226.3792,1363.9156,1593.1690,1706.2934,1880.9719,1849.5893,2209.0000,1877.2811
2024-11-13,38,540.0000,788.0000,1020.5059,1238.0000,1370.3430,1621.0000,1716.3847,1866.7744,1840.6086,2197.7405,1858.3403
2024-11-15,38,733.0000,1064.6693,1316.3114,1547.0000,1683.0000,1926.8239,2051.9334,2198.7343,2186.3708,2589.4817,2423.0000
2024-11-15,38,698.0000,1072.9308,1305.8473,1547.8552,1692.0550,1914.5643,2032.0000,2213.6185,2153.8414,2636.4357,2430.5524
2024-11-18,38,928.0000,1188.8631,1361.1768,1505.0429,1661.7167,1866.9818,2010.6859,2155.7349,2144.0000,2278.0000,2118.0000
2024-11-18,38,643.0000,1088.5102,1296.0000,1488.8494,1657.9767,1885.3764,2060.7932,2179.2724,2158.0000,2324.4235,2143.0000
2024-11-23,38,382.0000,514.0000,701.4162,870.4022,1005.0000,1138.4048,1227.6616,1351.2953,1333.7346,1493.8802,1073.2232
2024-11-23,38,359.0000,528.4845,708.6711,862.0000,992.0000,1148.0107,1233.0429,1351.6233,1376.5087,1485.0000,1065.0000
2024-11-25,38,-9999.0000,-9999.0000,-9999.0000,-9999.0000,-9999.0000,-9999.0000,-9999.0000,-9999.0000,-9999.0000,-9999.0000,-9999.0000
2024-11-25,38,-9999.0000,-9999.0000,-9999.0000,-9999.0000,-9999.0000,-9999.0000,-9999.0000,-9999.0000,-9999.0000,-9999.0000,-9999.0000
2024-11-30,38,459.0000,565.3628,780.7370,964.7993,1125.6642,1282.0000,1345.0308,1463.3328,1516.5018,1692.8118,1273.0000
2024-11-30,38,426.0000,573.5412,785.5141,960.7937,1111.0000,1314.0000,1364.9647,1477.5928,1543.0000,1688.6900,1270.0000
2024-12-05,38,524.0000,749.8063,909.1568,1077.2000,1242.0308,1444.7296,1560.0000,1687.7187,1666.1900,1950.0000,1587.1471
2024-12-05,38,454.0000,745.1845,921.2666,1092.7510,1276.0000,1452.5085,1553.3307,1687.4523,1650.0216,1962.0000,1597.4525
2024-12-13,38,449.0000,589.2537,836.2729,996.1733,1204.9065,1438.0000,1568.0000,1684.8596,1709.3293,1882.9964,1481.0000
2024-12-13,38,522.0000,697.3846,905.0044,1028.0000,1240.5444,1408.0000,1545.0000,1687.8555,1666.8144,1902.0000,1478.4855
2024-12-13,38,539.0000,617.8232,869.0000,1026.9155,1255.0000,1490.4495,1570.0463,1705.0459,1707.0000,1964.8246,1518.0000
2024-12-13,38,579.0000,720.0000,937.3572,1048.2380,1266.3190,1543.0000,1596.1774,1720.4282,1722.4247,1939.0000,1519.0000
2024-12-15,38,414.0000,698.0000,890.1129,1021.5233,1238.0000,1442.2422,1576.0000,1666.9875,1681.0000,1927.0000,1524.8396
2024-12-15,38,549.0000,802.2283,949.3045,1074.0000,1295.0000,1492.4574,1621.7210,1702.0920,1698.7885,1889.5456,1521.4305
2024-12-18,38,-9999.0000,-9999.0000,-9999.0000,-9999.0000,-9999.0000,-9999.0000,-9999.0000,-9999.0000,-9999.0000,-9999.0000,-9999.0000
2024-12-23,38,-9999.0000,-9999.0000,-9999.0000,-9999.0000,-9999.0000,-9999.0000,-9999.0000,-9999.0000,-9999.0000,-9999.0000,-9999.0000
2024-12-25,38,441.0000,666.4226,817.0771,953.0271,1154.2843,1380.1260,1509.3888,1603.7370,1596.7752,1644.1313,1202.4882
2024-12-25,38,425.0000,696.5973,833.4199,960.8979,1170.9199,1408.2272,1522.4991,1622.7045,1601.9487,1666.9315,1231.0000
2024-12-28,38,502.0000,781.3413,901.2660,984.7892,1185.3003,1395.2739,1507.7560,1600.2304,1594.3025,1597.5107,1273.3142
2024-12-28,38,497.0000,769.2113,892.8021,973.3864,1191.0000,1433.4461,1529.5198,1619.9665,1620.3721,1611.8029,1285.0000
2024-12-30,38,488.0000,549.0051,749.8877,892.6699,1131.0276,1395.0000,1450.0000,1528.1698,1580.0000,1667.3680,1219.1818
2024-12-30,38,481.0000,593.0581,784.9804,912.0000,1157.8320,1420.9044,1457.5970,1543.3289,1618.5621,1656.0000,1219.4211
2025-01-04,38,422.0000,550.0000,838.0000,951.0000,1104.0000,1206.0000,1258.0000,1276.0000,1317.0000,1104.0000,924.0000
2025-01-12,38,439.0000,540.5403,757.3448,844.7318,1097.8977,1393.9945,1516.5685,1634.6971,1636.7321,1609.7571,1148.5185
2025-01-12,38,431.0000,574.7243,769.3070,853.5774,1113.5762,1426.3341,1530.8776,1633.4336,1618.0432,1611.1318,1142.4318
2025-01-14,38,588.0000,784.0000,969.0000,1057.0000,1338.3605,1673.8499,1795.0977,1990.9784,1917.2361,1998.0000,1515.6414
2025-01-14,38,537.0000,792.0000,968.8926,1057.1429,1343.0000,1698.6586,1789.3034,1993.2922,1939.1691,1986.6024,1538.6303
2025-01-17,38,499.0000,714.3033,930.0000,1004.9107,1258.4177,1594.3252,1752.0000,1971.9577,1864.0000,1835.6425,1534.0000
2025-01-17,38,486.0000,744.5044,937.0529,1010.0000,1268.0000,1613.5985,1765.0477,1961.4433,1893.3192,1851.1900,1531.9023
2025-02-03,38,559.0000,709.5306,913.5301,921.1920,1244.3950,1760.0000,1915.2740,2010.2633,1987.4549,1852.3504,1355.1488
2025-02-03,38,487.0000,692.2740,901.3632,901.5337,1252.0000,1753.5018,1906.0000,2026.3928,1973.0100,1857.9570,1348.9048
2025-02-06,38,460.0000,628.0000,841.0236,861.0324,1185.5256,1699.6895,1834.8387,1970.9749,1914.0500,1747.3694,1360.9641
2025-02-06,38,462.0000,670.0000,857.0648,869.6083,1177.3557,1686.6693,1829.2937,1970.5163,1913.2026,1737.5190,1344.8934
2025-02-08,38,656.0000,748.0000,1053.9961,1057.2408,1508.1497,2106.9988,2181.1510,2294.7400,2276.1441,2196.4691,1577.3202
2025-02-08,38,589.0000,758.2706,1053.0060,1057.2946,1493.2976,2059.4862,2140.3709,2274.0000,2298.8094,2171.4093,1569.5558
2025-02-16,38,954.0000,1100.9097,1396.5617,1372.2517,1785.3071,2409.4142,2606.9812,2810.0803,2733.7056,2357.2580,1825.2965
2025-02-16,38,918.6532,1081.2303,1400.5654,1381.0388,1805.5944,2465.3243,2689.2521,2899.3884,2826.0000,2395.0000,1839.0000
2025-02-18,38,631.0000,660.5717,989.4038,997.8247,1505.6766,2211.1373,2332.5161,2594.2749,2492.7008,2171.9571,1484.0000
2025-02-18,38,652.0000,767.0000,1057.1957,1041.2542,1497.6811,2179.5358,2300.4443,2553.6527,2443.0000,2124.4245,1468.5730
2025-02-21,38,545.0000,617.0388,968.5637,985.4482,1469.3608,2158.0000,2266.9728,2508.6844,2415.0000,2180.4432,1511.0000
2025-02-21,38,719.0000,822.0000,1084.9621,1064.3416,1498.0000,2139.8976,2249.0000,2460.0991,2378.5220,2149.1289,1521.0000
2025-02-28,38,-9999.0000,-9999.0000,-9999.0000,-9999.0000,-9999.0000,-9999.0000,-9999.0000,-9999.0000,-9999.0000,-9999.0000,-9999.0000
2025-02-28,38,-9999.0000,-9999.0000,-9999.0000,-9999.0000,-9999.0000,-9999.0000,-9999.0000,-9999.0000,-9999.0000,-9999.0000,-9999.0000
2025-03-03,38,418.0000,478.3301,832.8762,724.3534,1329.7325,2365.0000,2562.4709,2809.9491,2685.0000,2045.3695,1289.5766
2025-03-03,38,448.3870,540.0000,864.6735,749.7661,1337.2555,2348.0000,2521.0000,2795.5198,2687.0000,2038.0991,1297.3283
2025-03-05,38,474.0000,608.9702,916.7973,765.6018,1330.0851,2516.0000,2828.4836,3095.0305,2947.2799,2131.1825,1395.9933
2025-03-05,38,464.0000,626.0000,921.1735,772.7185,1329.5578,2497.0000,2810.7704,3093.8372,2916.1572,2123.3506,1396.9906
2025-03-08,38,525.0000,636.8277,942.5312,777.7125,1350.0779,2691.1224,3034.9602,3282.6984,3115.0135,2058.5402,1385.8267
2025-03-08,38,236.0000,485.7130,845.6610,681.8310,1290.8784,2779.0000,3178.4814,3370.0158,3227.5201,2090.9283,1386.0000
2025-03-10,38,-9999.0000,-9999.0000,-9999.0000,-9999.0000,-9999.0000,-9999.0000,-9999.0000,-9999.0000,-9999.0000,-9999.0000,-9999.0000
2025-03-10,38,-9999.0000,-9999.0000,-9999.0000,-9999.0000,-9999.0000,-9999.0000,-9999.0000,-9999.0000,-9999.0000,-9999.0000,-9999.0000
2025-03-18,38,193.0000,269.3759,536.5898,307.3384,861.4832,2715.0000,3252.0000,3576.0000,3348.0000,1421.1110,770.5493
2025-03-18,38,226.1115,329.0606,573.1423,338.4019,873.6794,2674.5917,3160.0000,3546.6436,3292.0000,1417.8729,778.7608
2025-03-20,38,327.0000,273.3371,601.3942,338.1252,1106.3806,3084.4956,3504.0000,3876.8269,3643.0000,1593.3193,802.4244
2025-03-20,38,350.0457,361.4452,650.3935,386.4869,1129.5052,3003.0000,3456.6379,3797.5184,3548.0708,1588.4955,801.3623
2025-03-23,38,-9999.0000,-9999.0000,-9999.0000,-9999.0000,-9999.0000,-9999.0000,-9999.0000,-9999.0000,-9999.0000,-9999.0000,-9999.0000
2025-03-23,38,-9999.0000,-9999.0000,-9999.0000,-9999.0000,-9999.0000,-9999.0000,-9999.0000,-9999.0000,-9999.0000,-9999.0000,-9999.0000
2025-03-25,38,-9999.0000,-9999.0000,-9999.0000,-9999.0000,-9999.0000,-9999.0000,-9999.0000,-9999.0000,-9999.0000,-9999.0000,-9999.0000
2025-03-30,38,-9999.0000,-9999.0000,-9999.0000,-9999.0000,-9999.0000,-9999.0000,-9999.0000,-9999.0000,-9999.0000,-9999.0000,-9999.0000
2025-03-30,38,-9999.0000,-9999.0000,-9999.0000,-9999.0000,-9999.0000,-9999.0000,-9999.0000,-9999.0000,-9999.0000,-9999.0000,-9999.0000
2025-04-01,38,1227.0000,1149.0449,1350.0000,1044.0000,1602.0000,3320.0000,3822.0000,3829.7994,3902.0000,1834.0000,1153.0905
2025-04-02,38,201.0000,181.0531,481.8678,235.9328,926.0000,2931.0575,3441.9322,3640.4583,3571.0000,1276.6440,605.6314
2025-04-02,38,212.0000,233.3787,513.7612,259.2818,943.0000,2899.4917,3444.0134,3622.5336,3554.5359,1285.3099,601.5457
2025-04-04,38,307.0000,301.3748,549.2056,267.2221,915.1476,3001.0000,3768.0000,3992.0000,3868.4721,1307.3637,634.1258
2025-04-04,38,285.0000,349.2099,581.0726,299.9434,915.8764,2987.0000,3685.6454,3943.5033,3828.2082,1307.4285,629.2931
2025-04-04,38,215.0000,177.6041,460.4811,219.3303,825.0000,2844.0000,3481.9032,3716.8122,3636.0000,1193.4224,571.2572
2025-04-04,38,250.0000,264.8412,513.4553,267.2622,840.4691,2795.1819,3427.6241,3655.1848,3562.5174,1196.9008,572.4049
2025-04-07,38,377.0000,425.1914,641.5037,347.1550,947.5975,2875.6626,3537.0000,3882.8543,3680.0000,1203.6246,627.8049
2025-04-11,38,389.0000,269.4845,593.9075,290.9770,1006.6207,3332.9760,4000.0000,4214.1368,4147.3366,1331.4995,635.0579
2025-04-11,38,403.0000,381.1444,672.7306,362.3175,1035.3267,3262.1902,3884.6050,4120.6058,4056.4229,1331.5351,651.3855
2025-04-12,38,0.0000,0.0163,323.2906,83.9013,900.7685,3185.0727,3858.5280,4118.6688,4013.2049,1234.6527,572.0168
2025-04-12,38,294.0000,293.1439,571.0174,298.4600,1018.6229,3027.6011,3574.0000,3862.1859,3756.0455,1245.3521,580.2013
2025-04-19,38,356.0000,281.4383,513.2292,233.3703,946.3277,3241.7650,4039.0000,4212.1976,4220.5181,1370.1859,616.6659
2025-04-19,38,282.0000,261.2059,493.4750,213.5975,932.0000,3254.0000,4043.1743,4246.8795,4212.7970,1366.0000,617.3361
2025-04-22,38,148.3867,117.6185,369.2462,179.3176,791.0000,3001.3127,3810.0000,3988.9333,4012.9430,1309.3434,604.6919
2025-04-22,38,141.0000,161.3713,397.3869,193.3526,803.9232,3023.0000,3825.8004,4005.7423,4011.0217,1305.3305,613.2670
2025-04-24,38,-9999.0000,-9999.0000,-9999.0000,-9999.0000,-9999.0000,-9999.0000,-9999.0000,-9999.0000,-9999.0000,-9999.0000,-9999.0000
2025-04-24,38,-9999.0000,-9999.0000,-9999.0000,-9999.0000,-9999.0000,-9999.0000,-9999.0000,-9999.0000,-9999.0000,-9999.0000,-9999.0000
2025-04-24,38,365.0000,234.1983,378.0000,206.3379,552.9958,2098.0000,2891.5629,2855.2174,2950.0000,833.8939,378.5170
2025-04-24,38,375.0000,350.6728,495.0000,284.6667,643.0000,2243.0000,2886.0000,2871.0092,2998.0000,861.4020,406.5587
2025-04-27,38,127.0000,169.3419,357.2922,141.2530,625.0000,2851.0000,3890.0000,4052.9516,4082.2781,1149.0000,537.1130
2025-04-27,38,248.0000,300.2968,453.5110,221.6073,685.4071,2757.5240,3787.0380,3941.3272,3941.0000,1138.3653,540.3658
2025-04-29,38,212.0000,145.1522,395.2148,155.2682,868.0000,3387.1321,4369.0000,4643.3477,4573.0000,1381.2760,622.1175
2025-04-29,38,292.0000,289.3286,499.1874,243.4239,925.7714,3272.0000,4190.7323,4454.2347,4413.8117,1364.0904,625.8095
2025-05-01,38,317.0000,241.7728,453.5371,219.8734,745.5431,3204.0000,4229.2897,4422.2768,4459.0000,1355.5066,643.2397
2025-05-01,38,348.0000,337.5081,525.4061,274.8305,793.7464,3170.0000,4131.2274,4326.7799,4333.0000,1362.9709,649.6474
2025-05-02,38,332.0000,261.4006,451.4666,226.6592,811.7353,3022.1951,3916.4736,4090.6984,4171.0000,1241.3552,578.9585
2025-05-02,38,310.0000,305.8331,482.3952,243.2133,835.3889,3026.7385,3888.9786,4097.6556,4141.0000,1252.5918,580.0167
2025-05-04,38,843.0000,985.2190,1184.9046,941.1409,1501.3385,3389.3545,4307.0000,4329.7451,4373.3369,1677.6784,1149.3191
2025-05-04,38,912.0000,1020.0000,1184.0000,945.2329,1460.0399,3210.0000,4112.0000,4128.9723,4173.0159,1657.5867,1145.2193
2025-05-04,38,446.4336,548.4712,827.8141,619.5176,1149.2850,3229.6389,4148.2888,4196.2339,4321.3139,1472.0000,904.6289
2025-05-04,38,723.0000,745.5831,946.0000,729.2782,1205.5623,2992.0000,3828.0123,3898.5473,4002.4233,1454.1313,913.6544
2025-05-09,38,358.0000,261.7436,513.4327,241.1455,1008.0000,3441.0000,4411.1146,4678.1811,4644.0532,1412.7668,649.0581
2025-05-09,38,278.0000,252.9765,505.1906,221.5238,1000.7762,3483.0000,4410.0000,4707.0760,4666.0000,1406.0000,640.4457
2025-05-11,38,309.0000,269.3766,521.3185,275.0933,852.6705,3260.5549,4244.9840,4434.0000,4475.2474,1370.4854,641.3719
2025-05-11,38,313.0000,321.7214,557.2213,307.2435,874.4146,3205.0000,4171.0003,4376.0000,4416.0000,1361.7480,643.3201
2025-05-12,38,15.0000,0.0148,250.2094,51.8583,749.1137,3178.5185,4131.4912,4421.7553,4387.0000,1275.4008,579.9647
2025-05-12,38,98.0667,77.5983,330.7863,114.7230,819.3505,3157.1106,4061.4484,4386.9625,4342.0000,1291.4613,595.2953
