2017-01-24,126,630.0000,853.1722,1057.1674,1417.0375,1634.4635,1761.0133,1873.0745,2090.4614,2094.6889,3089.1812,2427.9010
2017-04-11,126,1408.7625,1225.1500,1426.2098,1498.2732,1990.0698,2589.7682,2707.2814,2787.4667,2901.0410,3386.3792,2756.1806
2017-04-21,126,573.0000,723.2289,1179.3476,1511.8254,2050.5895,2587.3221,2749.5368,3036.8703,2995.7180,3498.1031,2839.3404
2017-04-21,126,1141.0000,1066.6193,1356.4715,1592.1705,2091.4282,2626.4754,2789.0000,3067.5399,3028.5323,3525.2601,2816.0000
2017-04-24,126,-9999.0000,-9999.0000,-9999.0000,-9999.0000,-9999.0000,-9999.0000,-9999.0000,-9999.0000,-9999.0000,-9999.0000,-9999.0000
2017-05-01,126,1673.0000,1668.8995,1835.0000,1986.0000,2279.0000,2698.0000,2889.0000,2950.0000,3049.0000,3008.0000,2537.0000
2017-05-04,126,-9999.0000,-9999.0000,-9999.0000,-9999.0000,-9999.0000,-9999.0000,-9999.0000,-9999.0000,-9999.0000,-9999.0000,-9999.0000
2017-05-04,126,-9999.0000,-9999.0000,-9999.0000,-9999.0000,-9999.0000,-9999.0000,-9999.0000,-9999.0000,-9999.0000,-9999.0000,-9999.0000
2017-05-14,126,477.0000,692.3328,1050.8297,1383.0000,1830.0000,2451.6953,2629.5090,2699.9627,2845.5022,3103.0000,2430.0000
2017-05-14,126,837.0000,865.3187,1144.1714,1442.5516,1852.4985,2482.6250,2662.2224,2731.9362,2874.2173,3117.0000,2444.0000
2017-05-21,126,-9999.0000,-9999.0000,-9999.0000,-9999.0000,-9999.0000,-9999.0000,-9999.0000,-9999.0000,-9999.0000,-9999.0000,-9999.0000
2017-05-21,126,-9999.0000,-9999.0000,-9999.0000,-9999.0000,-9999.0000,-9999.0000,-9999.0000,-9999.0000,-9999.0000,-9999.0000,-9999.0000
2017-05-24,126,963.0000,964.0883,1259.4506,1594.8543,2140.0234,2603.8117,2777.6190,2837.2617,3040.8422,3532.8517,2762.0000
2017-05-24,126,960.9800,1037.0773,1289.0000,1532.8997,2016.0000,2500.5982,2684.4818,2748.5928,2930.9898,3412.0276,2715.0000
2017-05-31,126,1580.0000,1734.0000,1940.6370,2083.8946,2411.8691,2949.8176,3160.0000,3157.8928,3371.0000,3675.5858,2921.9055
2017-06-03,126,1000.0000,1346.9612,1692.2068,2188.1897,2468.6787,2681.2858,2860.2813,2899.2797,3092.4052,3851.8989,3188.7887
2017-06-03,126,1083.0000,1250.4905,1643.1451,2138.7675,2441.6412,2674.9406,2861.0589,2891.7992,3070.4838,3833.7483,3177.9851
2017-06-10,126,1213.8850,1460.0854,1746.3514,2055.3119,2359.0000,2987.3255,3180.0000,3243.4172,3327.0000,3667.1522,3066.4985
2017-06-13,126,854.0000,1180.3493,1507.9675,1830.9209,2161.0000,2774.0000,3033.5329,3063.3494,3211.0000,3706.2897,3093.9940
2017-06-13,126,903.0000,1179.7790,1499.4175,1802.3998,2141.6036,2739.9979,2965.0267,3027.5792,3158.0000,3647.0000,3080.9284
2017-06-20,126,445.2202,852.1468,1322.8781,1608.5454,2072.1258,3162.3816,3475.2871,3575.3301,3672.1813,3731.9022,3000.5159
2017-06-20,126,935.0000,1164.5868,1475.7421,1672.4372,2091.5533,3179.8367,3493.2559,3594.2884,3671.6591,3739.7321,2984.3482
2017-06-23,126,1153.0000,1421.2795,1641.9842,1603.6696,2107.7605,3202.6958,3592.7588,3609.0043,3805.0000,3332.7520,2509.4497
2017-06-23,126,1166.0000,1501.7946,1699.4361,1619.9183,2114.8591,3290.7637,3705.3544,3719.9370,3897.6667,3346.4475,2475.5735
2017-07-03,126,260.0000,277.8386,618.1142,357.1280,1124.3495,3337.5127,4163.4596,4265.5345,4299.5892,2631.1581,1540.9906
2017-07-03,126,231.0000,264.4016,627.5927,378.2395,1140.0000,3256.4108,4081.0000,4185.3130,4236.0723,2621.0000,1524.4023
2017-07-08,126,381.0000,436.4204,665.1116,420.8166,1038.3548,3157.4055,4156.0772,4181.0758,4314.4818,2435.5928,1378.4640
2017-07-10,126,1.0000,1.0004,413.4212,171.1460,1019.6199,4235.7386,5130.3956,5136.5602,5270.0000,2834.5599,1453.2824
2017-07-10,126,135.0000,129.4874,489.2755,179.9270,1010.8705,4268.8019,5156.6196,5169.4941,5321.6427,2826.8537,1444.2558
2017-07-13,126,1.0000,1.0000,352.7118,140.9670,878.6059,3896.7887,4897.0000,4794.9118,5043.8803,2477.1616,1243.6763
2017-07-13,126,58.0000,129.4036,425.9585,185.4075,886.0000,3815.4838,4847.0000,4713.4543,4991.0000,2450.6882,1239.0000
2017-07-20,126,694.0059,641.2041,835.3059,596.3859,1157.8876,3912.3396,4867.0000,4787.9176,5084.0000,2502.4535,1290.8058
2017-07-20,126,548.0000,460.3923,674.8756,388.2953,1057.0000,4438.1827,5507.5299,5360.2508,5677.7643,2615.8633,1324.3397
2017-07-23,126,634.0000,781.2000,956.9460,762.0449,1264.9922,3533.0637,4532.9828,4423.9807,4757.0000,2205.9974,1193.7764
2017-07-23,126,973.0000,948.2622,1024.8991,753.7825,1257.1960,3714.7837,4742.0000,4662.5500,4982.4865,2232.9724,1202.2633
2017-07-30,126,-9999.0000,-9999.0000,-9999.0000,-9999.0000,-9999.0000,-9999.0000,-9999.0000,-9999.0000,-9999.0000,-9999.0000,-9999.0000
2017-08-02,126,106.3545,161.3619,357.5505,181.2262,683.3575,3492.1553,4745.4173,4710.6088,5080.4019,2031.0000,949.5103
2017-08-02,126,42.0000,176.4310,365.6646,181.6075,689.6108,3473.0000,4744.1370,4712.9544,5068.5880,2026.4569,945.7773
2017-08-09,126,40.0000,181.2917,529.7366,358.3568,1010.6363,3491.1755,4292.1737,4310.7273,4658.3975,2180.7601,1131.0000
2017-08-09,126,154.0000,253.9155,570.1233,393.7032,1018.5616,3443.8895,4214.9816,4184.4805,4518.9517,2156.8458,1108.8543
2017-08-12,126,-9999.0000,-9999.0000,-9999.0000,-9999.0000,-9999.0000,-9999.0000,-9999.0000,-9999.0000,-9999.0000,-9999.0000,-9999.0000
2017-08-12,126,-9999.0000,-9999.0000,-9999.0000,-9999.0000,-9999.0000,-9999.0000,-9999.0000,-9999.0000,-9999.0000,-9999.0000,-9999.0000
2017-08-19,126,-9999.0000,-9999.0000,-9999.0000,-9999.0000,-9999.0000,-9999.0000,-9999.0000,-9999.0000,-9999.0000,-9999.0000,-9999.0000
2017-08-22,126,169.0000,237.3891,477.2974,297.5300,941.6348,3178.2638,3861.2496,4023.6963,4214.5243,2009.4990,1021.4741
2017-08-22,126,163.0000,225.0901,465.8383,281.5797,937.5852,3173.9581,3879.5998,4056.9265,4214.5692,2009.0000,1021.3767
2017-08-29,126,78.0000,234.4968,598.4737,486.6428,1192.4793,2808.1878,3208.2523,3365.4415,3578.7223,2157.4424,1180.7286
2017-08-29,126,280.4203,364.4896,658.3898,498.1302,1190.0000,2809.1080,3209.4306,3368.1983,3605.7366,2141.8571,1169.2095
2017-09-08,126,158.0000,334.4198,692.2161,593.3747,1338.1912,2376.1522,2631.2025,2648.0195,2945.4087,2225.0960,1361.8921
2017-09-08,126,259.0000,308.5208,690.2624,613.6735,1330.6222,2340.7500,2615.3822,2615.4000,2920.9537,2196.8906,1350.0653
2017-09-18,126,279.0000,333.0000,657.4584,685.5660,1331.0000,1911.2181,2087.6910,2184.4173,2374.1743,2309.6793,1573.4169
2017-09-18,126,165.0000,350.4664,713.6285,757.5139,1339.0000,1877.0000,2044.8328,2151.5405,2323.0000,2244.8486,1545.2499
2017-09-21,126,365.0000,406.6839,589.7362,614.5653,1080.0000,1466.4072,1618.7044,1718.9918,1847.2099,1913.7049,1328.9211
2017-09-21,126,415.0000,442.5348,613.3456,626.7421,1081.1131,1477.0000,1627.4856,1704.4131,1831.5430,1905.2525,1329.0000
2017-09-28,126,336.0000,396.8490,580.4333,724.5693,1101.4639,1445.3693,1619.8461,1719.3922,1858.0929,2202.4495,1605.2880
2017-09-28,126,631.0000,636.0000,746.5690,806.1042,1129.8308,1474.6412,1626.9007,1732.7088,1851.8901,2134.3294,1577.5727
2017-10-01,126,-9999.0000,-9999.0000,-9999.0000,-9999.0000,-9999.0000,-9999.0000,-9999.0000,-9999.0000,-9999.0000,-9999.0000,-9999.0000
2017-10-08,126,-9999.0000,-9999.0000,-9999.0000,-9999.0000,-9999.0000,-9999.0000,-9999.0000,-9999.0000,-9999.0000,-9999.0000,-9999.0000
2017-10-08,126,-9999.0000,-9999.0000,-9999.0000,-9999.0000,-9999.0000,-9999.0000,-9999.0000,-9999.0000,-9999.0000,-9999.0000,-9999.0000
2017-10-11,126,-9999.0000,-9999.0000,-9999.0000,-9999.0000,-9999.0000,-9999.0000,-9999.0000,-9999.0000,-9999.0000,-9999.0000,-9999.0000
2017-10-18,126,-9999.0000,-9999.0000,-9999.0000,-9999.0000,-9999.0000,-9999.0000,-9999.0000,-9999.0000,-9999.0000,-9999.0000,-9999.0000
2017-10-31,126,1390.6421,1614.2108,1757.4345,1953.0649,2174.6842,2410.8942,2547.5566,2756.4610,2764.5221,3436.0000,2826.2216
2017-10-31,126,1480.0000,1657.3040,1773.2965,1945.7138,2153.7592,2393.4250,2528.7011,2747.0095,2748.5036,3403.2167,2793.6609
2017-11-10,126,-9999.0000,-9999.0000,-9999.0000,-9999.0000,-9999.0000,-9999.0000,-9999.0000,-9999.0000,-9999.0000,-9999.0000,-9999.0000
2017-11-10,126,-9999.0000,-9999.0000,-9999.0000,-9999.0000,-9999.0000,-9999.0000,-9999.0000,-9999.0000,-9999.0000,-9999.0000,-9999.0000
2017-11-17,126,-9999.0000,-9999.0000,-9999.0000,-9999.0000,-9999.0000,-9999.0000,-9999.0000,-9999.0000,-9999.0000,-9999.0000,-9999.0000
2017-11-17,126,-9999.0000,-9999.0000,-9999.0000,-9999.0000,-9999.0000,-9999.0000,-9999.0000,-9999.0000,-9999.0000,-9999.0000,-9999.0000
2017-11-20,126,420.1188,725.0812,1001.6212,1244.5909,1544.6262,1757.5594,1873.2069,1995.9558,2042.0000,2557.9781,1993.5852
2017-11-20,126,774.0000,893.1207,1061.7298,1246.0357,1542.1915,1773.8478,1881.7449,1995.7978,2061.6157,2557.5770,1999.0000
2017-11-27,126,143.0000,506.3167,822.1667,1037.1175,1417.4941,1789.5095,1892.1126,2035.7151,2066.7494,2385.0000,1686.0000
2017-11-27,126,387.0000,600.9483,869.1709,1052.4871,1412.4220,1738.8446,1845.6598,1995.1540,2020.7010,2316.0000,1660.4966
2017-12-07,126,578.0000,786.8400,1081.3818,1257.6117,1676.8112,2069.0000,2168.9158,2283.5472,2330.0776,2514.6573,1880.7192
2017-12-17,126,19.0000,380.5702,670.1952,853.5456,1281.2310,1770.0471,1877.0000,2036.0690,2049.4503,2170.4967,1488.4955
2017-12-17,126,299.0000,502.3895,745.9189,885.2944,1272.0000,1704.3828,1822.0000,1979.4145,1986.3103,2084.0000,1434.3707
2017-12-20,126,286.0000,514.6527,737.8386,884.4829,1238.0613,1615.0000,1722.3057,1843.2012,1881.9982,2156.9013,1530.0000
2017-12-20,126,368.0000,550.7391,753.7081,885.0696,1243.0000,1609.2642,1713.5800,1843.4257,1880.8660,2128.7074,1514.6987
2017-12-22,126,-9999.0000,-9999.0000,-9999.0000,-9999.0000,-9999.0000,-9999.0000,-9999.0000,-9999.0000,-9999.0000,-9999.0000,-9999.0000
2017-12-25,126,973.0000,1173.3203,1298.1555,1301.7624,1535.0000,1729.0000,1800.0000,1861.7350,1885.2615,1612.4645,1274.0857
2017-12-25,126,738.0000,969.8414,1181.2695,1253.1860,1513.3619,1761.0000,1873.0000,1946.1916,1972.0000,1692.1602,1218.0000
2018-01-06,126,-9999.0000,-9999.0000,-9999.0000,-9999.0000,-9999.0000,-9999.0000,-9999.0000,-9999.0000,-9999.0000,-9999.0000,-9999.0000
2018-01-11,126,378.0000,550.0000,825.0000,876.0000,1155.0000,1663.0000,1840.6000,1936.9205,1946.0000,1766.0000,1436.0000
2018-01-11,126,564.9661,813.3590,985.0122,1014.5361,1269.0000,1610.2514,1746.0091,1817.2144,1832.3781,1780.0000,1456.7746
2018-01-14,126,204.0000,446.4028,947.0000,1095.0000,1584.0000,2287.0000,2500.0000,2692.5000,2635.0000,2520.0000,1945.0000
2018-01-14,126,340.9008,713.3894,988.8420,1137.1943,1458.3563,1951.0000,2131.9781,2281.9210,2297.7188,2297.6399,1881.0394
2018-01-19,126,-9999.0000,-9999.0000,-9999.0000,-9999.0000,-9999.0000,-9999.0000,-9999.0000,-9999.0000,-9999.0000,-9999.0000,-9999.0000
2018-01-19,126,-9999.0000,-9999.0000,-9999.0000,-9999.0000,-9999.0000,-9999.0000,-9999.0000,-9999.0000,-9999.0000,-9999.0000,-9999.0000
2018-01-21,126,103.0000,414.5853,754.3696,861.6477,1490.0000,2182.0000,2372.4989,2555.9493,2523.0535,2474.0000,1757.5108
2018-01-21,126,340.0000,584.5286,847.0000,917.8284,1461.0610,2065.7237,2241.7607,2436.2845,2402.2369,2392.0000,1705.3790
2018-02-08,126,-9999.0000,-9999.0000,-9999.0000,-9999.0000,-9999.0000,-9999.0000,-9999.0000,-9999.0000,-9999.0000,-9999.0000,-9999.0000
2018-02-10,126,199.0000,454.3291,726.7073,833.1750,1479.0000,2226.5039,2412.1015,2611.6019,2565.0042,2442.5322,1722.0000
2018-02-10,126,242.0000,506.4547,806.2084,853.5791,1465.0000,2178.9237,2354.0163,2379.8652,2508.2401,2396.5348,1691.0000
2018-02-13,126,1186.0000,1344.7362,1474.5953,1534.7393,1850.5147,2214.5802,2344.5120,2497.3605,2438.7175,1612.6191,1296.0000
2018-02-13,126,1236.0000,1353.0000,1490.3824,1538.2488,1848.0000,2251.0000,2386.7453,2534.3342,2476.5311,1608.6865,1282.6088
2018-02-25,126,1068.0000,1240.4218,1505.2963,1593.8714,2168.0785,2786.0000,2947.0000,3044.3654,3105.7502,3022.1275,2340.7315
2018-02-25,126,1122.0000,1272.4419,1532.2601,1609.5937,2192.5198,2818.0000,2969.9719,3083.9139,3134.9929,3033.0367,2337.2934
2018-02-28,126,1061.0000,1206.4766,1412.5952,1448.0000,1942.0000,2436.0000,2586.0034,2658.5978,2756.0316,2957.8648,2245.1483
2018-02-28,126,1153.0000,1256.3566,1442.3651,1458.8615,1950.0000,2424.0000,2566.0120,2666.5041,2774.5012,2962.2155,2249.1383
2018-03-12,126,-9999.0000,-9999.0000,-9999.0000,-9999.0000,-9999.0000,-9999.0000,-9999.0000,-9999.0000,-9999.0000,-9999.0000,-9999.0000
2018-03-20,126,-9999.0000,-9999.0000,-9999.0000,-9999.0000,-9999.0000,-9999.0000,-9999.0000,-9999.0000,-9999.0000,-9999.0000,-9999.0000
2018-03-20,126,-9999.0000,-9999.0000,-9999.0000,-9999.0000,-9999.0000,-9999.0000,-9999.0000,-9999.0000,-9999.0000,-9999.0000,-9999.0000
2018-03-22,126,339.0000,541.8797,877.6120,804.6492,1493.0000,2651.6567,2927.0000,3083.2158,3106.1462,2707.8153,1895.0000
2018-03-22,126,350.0000,585.7731,914.2410,851.5891,1482.3586,2532.8091,2793.0000,2947.6964,2977.9652,2641.1061,1866.7015
2018-03-25,126,650.0000,816.6991,1048.6257,932.7492,1537.3891,2518.9191,2795.3157,2820.9698,2972.0000,2510.7726,1769.6077
2018-03-25,126,703.0000,840.1548,1060.2333,941.5320,1553.5410,2513.0000,2798.0000,2835.2453,2973.4925,2492.0966,1747.2080
2018-03-27,126,1224.0000,1178.0270,1342.3601,1213.4524,1852.0000,3002.0000,3283.4558,3469.8153,3473.7913,2812.1329,1867.0016
2018-03-27,126,1218.6090,1176.3715,1342.9101,1209.8550,1841.6866,2998.2870,3258.7284,3451.7780,3482.0000,2802.9626,1858.9870
2018-03-30,126,-9999.0000,-9999.0000,-9999.0000,-9999.0000,-9999.0000,-9999.0000,-9999.0000,-9999.0000,-9999.0000,-9999.0000,-9999.0000
2018-03-30,126,-9999.0000,-9999.0000,-9999.0000,-9999.0000,-9999.0000,-9999.0000,-9999.0000,-9999.0000,-9999.0000,-9999.0000,-9999.0000
2018-04-01,126,416.9483,657.0000,905.2529,771.4649,1396.4835,2598.1362,2900.6522,3091.7765,3014.8315,2131.5407,1314.8330
2018-04-01,126,494.0000,717.5820,949.6824,803.6866,1400.4026,2537.0929,2843.8982,3028.3603,2963.6294,2122.9052,1317.5492
2018-04-06,126,187.0000,229.5850,597.6404,419.4014,1146.7346,2803.5380,3168.9629,3353.0771,3337.7429,2028.0000,1194.8063
2018-04-06,126,310.5733,349.6237,673.8324,476.6522,1157.7434,2691.5837,3035.8384,3212.4720,3209.9955,2004.9346,1177.0000
2018-04-11,126,1281.0000,1173.8772,1388.6593,1208.6527,1794.9083,2929.0140,3315.9365,3371.8413,3408.0000,2106.8319,1443.2237
2018-04-14,126,193.0000,330.1647,605.4038,456.8865,1048.0000,2353.1222,2748.9274,2860.2613,2875.5882,1682.6302,1044.0429
2018-04-14,126,293.0000,384.5650,641.4804,477.2590,1057.0563,2336.1465,2709.3512,2843.2542,2852.1345,1684.5742,1051.3080
2018-04-16,126,1050.0000,1118.5712,1396.5194,1245.4994,1753.4346,2889.0050,3180.6427,3197.8304,3298.5390,1979.0564,1256.0000
2018-04-16,126,976.0000,1068.4515,1360.8769,1201.7177,1702.4866,2889.5873,3225.0000,3258.2470,3361.9806,1952.9838,1217.9598
2018-04-19,126,256.2394,290.4505,557.9296,418.4462,972.4502,2413.4555,2787.2831,2949.9068,2996.3456,1696.4780,1028.1277
2018-04-19,126,343.0000,353.3172,597.5422,452.6163,996.7743,2381.3392,2762.7017,2915.1787,2962.6265,1699.7792,1026.3881
2018-04-21,126,333.9198,341.3704,609.4307,476.2570,1090.5018,2618.3855,3066.8022,3244.4587,3252.8164,1906.5651,1205.8139
2018-04-21,126,237.0000,401.8103,669.9823,548.6207,1084.1466,2508.9994,2927.0000,3123.5820,3125.9222,1858.8168,1163.1354
2018-04-24,126,803.0000,994.2287,1114.7561,897.3270,1349.4029,2492.9073,2881.0000,2914.9581,3042.0506,1713.5397,1107.8215
2018-04-24,126,1006.0000,1058.5615,1168.7364,949.7593,1384.5000,2485.5960,2869.4630,2891.6110,3019.4386,1702.0459,1097.5886
2018-04-26,126,410.0000,441.2461,721.8607,557.3750,1163.8004,2745.7673,3163.3112,3236.2016,3380.0519,1810.3715,1107.0000
2018-04-26,126,352.3833,433.6507,737.1427,593.5781,1168.6262,2700.8995,3104.9363,3179.3517,3314.5455,1819.5567,1109.0000
2018-04-29,126,391.0000,449.3810,689.5198,581.2966,1097.0006,2437.1900,2851.8879,2923.0156,3082.7851,1676.1770,1035.1353
2018-04-29,126,511.0000,536.5645,745.5554,621.0083,1112.8785,2410.9835,2813.2795,2882.6607,3048.8970,1661.1836,1044.2841
2018-05-04,126,1121.0000,1268.1865,1398.4008,1229.7692,1713.5070,2806.0753,3198.0567,3281.0564,3359.0000,1697.6610,1189.6151
2018-05-04,126,1125.0000,1270.7144,1408.4882,1236.3391,1725.7641,2838.3130,3242.2144,3321.0162,3412.5858,1700.6615,1189.0632
2018-05-06,126,629.0000,650.4308,878.5805,677.8974,1218.3142,2597.7900,2992.9881,3019.9368,3189.6469,1674.5407,1001.7962
2018-05-06,126,460.0000,534.7949,802.5510,613.3099,1197.7661,2690.0884,3096.2566,3116.0511,3293.8300,1694.0651,989.0621
2018-05-09,126,533.0000,544.7838,737.4687,625.3773,1109.2818,2354.2057,2801.8712,2899.3360,3049.7322,1621.2248,1043.5177
2018-05-09,126,423.0000,546.6144,758.7007,653.1694,1112.9920,2337.7250,2794.0363,2874.5574,3022.0376,1611.8760,1034.2633
2018-05-11,126,814.7908,829.1848,1109.5714,907.0374,1652.1307,3356.8284,4078.1084,4200.0382,4386.8861,2388.6848,1577.0123
2018-05-11,126,-9999.0000,-9999.0000,-9999.0000,-9999.0000,-9999.0000,-9999.0000,-9999.0000,-9999.0000,-9999.0000,-9999.0000,-9999.0000
2018-05-16,126,-9999.0000,-9999.0000,-9999.0000,-9999.0000,-9999.0000,-9999.0000,-9999.0000,-9999.0000,-9999.0000,-9999.0000,-9999.0000
2018-05-16,126,-9999.0000,-9999.0000,-9999.0000,-9999.0000,-9999.0000,-9999.0000,-9999.0000,-9999.0000,-9999.0000,-9999.0000,-9999.0000
2018-05-19,126,161.1763,212.3411,501.6046,429.2418,1002.2966,2292.9768,2748.8419,2882.2777,3045.3444,1651.1922,994.6901
2018-05-19,126,314.0000,364.3338,586.1731,477.3508,1037.0000,2274.7408,2723.2611,2851.5153,3011.4658,1660.2602,995.2386
2018-05-21,126,438.0000,512.4648,784.6907,645.4450,1333.6749,2778.8272,3363.7812,3531.4336,3675.0568,2009.0000,1276.1277
2018-05-21,126,410.0000,512.4436,785.6213,641.7446,1317.9762,2747.0212,3338.3663,3515.5462,3633.9803,1988.7865,1251.9178
2018-05-24,126,-9999.0000,-9999.0000,-9999.0000,-9999.0000,-9999.0000,-9999.0000,-9999.0000,-9999.0000,-9999.0000,-9999.0000,-9999.0000
2018-05-24,126,-9999.0000,-9999.0000,-9999.0000,-9999.0000,-9999.0000,-9999.0000,-9999.0000,-9999.0000,-9999.0000,-9999.0000,-9999.0000
2018-05-26,126,401.2828,453.1523,789.6241,643.2215,1339.1648,2646.5791,3028.1321,3140.6694,3361.8063,1990.6770,1234.6200
2018-05-26,126,381.2928,461.6713,813.2514,674.3232,1348.2520,2595.0000,2974.2380,3074.3470,3295.0000,1956.0518,1223.7169
2018-05-31,126,840.0000,994.4751,1256.7977,1185.1781,1782.0000,2514.1450,2851.3601,2930.8492,3090.9079,2198.0712,1547.4822
2018-05-31,126,850.5787,984.3144,1250.0000,1176.4994,1766.0020,2505.1775,2842.6142,2915.0652,3091.8233,2178.7792,1523.9264
2018-06-03,126,503.0000,682.6968,956.4902,1009.4281,1577.5723,2114.7924,2410.8671,2555.2000,2738.1488,2075.6792,1436.0000
2018-06-03,126,532.0000,694.4851,968.5235,1012.5556,1582.3809,2125.7400,2427.2112,2554.4115,2747.6712,2085.0634,1444.5880
2018-06-05,126,558.0000,676.5004,1004.4245,1184.2864,1746.0000,2260.9814,2500.9140,2602.1415,2851.0734,2378.6085,1594.2708
2018-06-05,126,574.5933,708.7618,1016.3481,1172.9060,1727.0000,2242.9949,2474.4273,2569.9989,2827.1145,2348.9480,1572.8102
2018-06-10,126,476.4313,638.3929,862.6868,1109.6101,1514.3400,1892.5181,2172.2602,2281.2404,2442.2592,2369.4148,1658.6361
2018-06-10,126,366.0000,604.4149,858.3031,1100.7283,1498.0000,1874.8793,2141.1352,2251.2069,2402.9411,2363.4215,1651.6985
2018-06-13,126,312.0000,582.5883,824.5236,1072.0000,1416.3028,1811.7577,2082.7528,2186.6919,2369.3503,2395.3655,1733.2762
2018-06-13,126,523.0000,694.5646,874.0967,1076.0000,1422.6985,1820.0024,2099.8734,2186.5451,2363.2258,2396.6632,1730.8871
2018-06-15,126,481.0000,632.9602,960.2853,1235.1442,1715.5242,2186.0000,2417.3579,2552.2629,2787.1373,2886.1657,1940.3396
2018-06-15,126,477.0000,633.5891,957.5363,1227.8064,1692.2949,2181.4997,2371.0000,2532.8460,2773.7121,2885.4277,1943.9016
2018-06-18,126,-9999.0000,-9999.0000,-9999.0000,-9999.0000,-9999.0000,-9999.0000,-9999.0000,-9999.0000,-9999.0000,-9999.0000,-9999.0000
2018-06-18,126,-9999.0000,-9999.0000,-9999.0000,-9999.0000,-9999.0000,-9999.0000,-9999.0000,-9999.0000,-9999.0000,-9999.0000,-9999.0000
2018-06-20,126,507.0000,722.1535,1009.1099,1368.7987,1790.7608,2124.0074,2403.3875,2508.5077,2738.5796,3033.8778,2131.2983
2018-06-20,126,382.0238,700.0782,1006.4754,1344.1261,1745.0000,2099.8588,2379.6446,2467.7434,2682.4292,2963.2667,2108.0972
2018-06-23,126,208.0000,540.6694,854.6141,1193.1465,1558.2505,1987.6331,2243.0883,2444.3403,2555.1344,2609.0540,1738.0209
2018-06-23,126,431.0000,655.0000,905.0000,1194.0000,1554.5381,1979.5436,2236.0174,2435.1307,2537.3770,2604.3665,1733.0000
2018-06-30,126,546.0000,836.8791,1197.6728,1474.8984,1999.0000,2634.4011,2978.5920,3097.6337,3301.3817,3672.8536,2537.0000
2018-06-30,126,591.0000,873.7896,1193.0233,1434.6303,1927.0000,2565.4014,2907.2811,3027.1907,3221.0147,3596.9127,2509.4775
2018-07-03,126,-9999.0000,-9999.0000,-9999.0000,-9999.0000,-9999.0000,-9999.0000,-9999.0000,-9999.0000,-9999.0000,-9999.0000,-9999.0000
2018-07-03,126,-9999.0000,-9999.0000,-9999.0000,-9999.0000,-9999.0000,-9999.0000,-9999.0000,-9999.0000,-9999.0000,-9999.0000,-9999.0000
2018-07-05,126,787.0000,1057.3450,1472.1229,2020.1377,2530.5194,2989.2857,3272.7935,3410.1353,3748.9649,4340.1390,2878.4961
2018-07-05,126,660.0000,976.7974,1440.2089,2011.3697,2508.3871,2961.9246,3264.7651,3395.5258,3726.4924,4308.6621,2869.3717
2018-07-08,126,701.0000,889.4391,1153.0000,1339.6760,1643.3772,2283.0364,2515.0000,2620.0463,2781.4929,2292.7979,1529.5920
2018-07-10,126,-9999.0000,-9999.0000,-9999.0000,-9999.0000,-9999.0000,-9999.0000,-9999.0000,-9999.0000,-9999.0000,-9999.0000,-9999.0000
2018-07-13,126,225.0000,609.7840,1053.0068,1169.9563,1754.0371,2620.5786,2917.2007,2984.2773,3172.7339,3369.2342,2266.4251
2018-07-13,126,501.0000,725.7174,1088.8245,1153.2642,1699.4574,2572.9349,2886.7765,2935.6899,3132.5589,3317.0000,2259.0000
2018-07-15,126,700.0000,780.7326,1189.4759,1151.6307,1804.6171,2901.0000,3177.7829,3175.0646,3464.7600,3468.9078,2242.8258
2018-07-15,126,655.0000,793.3479,1193.2090,1146.3341,1793.4020,2901.5491,3154.5557,3157.8777,3430.4852,3441.7349,2226.4889
2018-07-18,126,483.0000,609.5894,989.6051,851.6533,1517.1809,2748.2439,3065.8694,3125.0913,3286.5936,3019.8639,1891.6086
2018-07-18,126,533.0000,641.1807,998.0192,860.1478,1512.2940,2723.1511,3032.1375,3124.8044,3269.3416,3003.4308,1888.7989
2018-07-20,126,626.0000,792.5272,1116.6402,1018.8814,1682.7224,2766.4664,3178.2664,3222.8654,3429.1475,3348.0723,2138.7855
2018-07-20,126,444.0000,718.4366,1088.3896,1011.6805,1670.3581,2749.5926,3159.0545,3189.9092,3401.0000,3324.1515,2127.0000
2018-07-23,126,-9999.0000,-9999.0000,-9999.0000,-9999.0000,-9999.0000,-9999.0000,-9999.0000,-9999.0000,-9999.0000,-9999.0000,-9999.0000
2018-07-23,126,-9999.0000,-9999.0000,-9999.0000,-9999.0000,-9999.0000,-9999.0000,-9999.0000,-9999.0000,-9999.0000,-9999.0000,-9999.0000
2018-07-25,126,560.6043,662.0000,1020.7779,881.7476,1533.9531,2899.8856,3193.4107,3254.5708,3460.2793,3098.8622,1917.0000
2018-07-25,126,468.0000,618.7136,998.1144,882.5310,1505.5689,2826.9525,3159.7050,3172.2394,3394.7644,3044.3427,1897.3640
2018-07-28,126,522.0000,622.5172,942.6779,797.4909,1413.2456,2747.2494,3127.2223,3143.8785,3384.5031,2811.9678,1707.6447
2018-07-28,126,502.0000,630.2376,952.4992,817.9914,1401.4235,2701.6156,3094.2682,3078.3117,3335.8936,2780.3012,1699.1742
2018-07-30,126,438.4431,609.3421,945.6610,801.7952,1473.5296,2866.8538,3319.2359,3347.6859,3590.6647,3019.8928,1826.8298
2018-07-30,126,360.0000,584.3762,937.0596,808.8877,1442.3977,2771.3906,3255.9371,3254.7714,3492.6844,2948.7289,1794.7419
2018-08-02,126,209.0000,494.5197,861.4389,741.9720,1316.0000,2755.0352,3260.7810,3225.2462,3499.3066,2581.3695,1529.5161
2018-08-02,126,343.0000,578.6948,900.5115,765.4380,1313.5265,2715.7175,3209.8606,3156.3611,3446.6299,2555.8182,1524.5020
2018-08-04,126,480.0000,576.0000,941.0564,733.7846,1445.9800,3107.9241,3512.3836,3526.4915,3768.4353,2776.3326,1571.7686
2018-08-04,126,336.0000,508.3785,913.6621,737.7335,1427.0000,3060.3419,3480.9058,3494.8986,3751.8852,2746.0000,1565.5632
2018-08-07,126,327.0000,478.7828,837.4921,721.7183,1353.2939,2795.9834,3225.1439,3240.9504,3512.9519,2621.0273,1489.5403
2018-08-07,126,352.0000,492.6833,845.7308,726.5144,1348.0000,2760.9964,3209.5608,3222.8253,3501.0766,2600.8249,1485.3635
2018-08-09,126,545.0000,684.2796,958.5973,789.4408,1435.6646,2866.0000,3447.0483,3412.5685,3721.4095,2843.1920,1657.0000
2018-08-09,126,438.0000,652.0000,950.1068,801.3582,1418.4095,2780.2424,3380.2631,3333.9347,3624.7241,2803.9069,1642.0169
2018-08-12,126,198.0000,457.1349,797.1113,700.4602,1299.6665,2678.4710,3189.7234,3206.5082,3433.0000,2549.6279,1506.2474
2018-08-12,126,336.0000,533.2929,833.2920,717.0000,1294.4118,2642.4180,3147.6897,3191.7779,3404.5362,2537.0947,1501.0405
2018-08-14,126,808.0000,798.0000,1242.0000,1032.0000,1772.0000,3619.0000,4075.0000,4162.4751,4393.0000,2961.0000,1691.0000
2018-08-14,126,906.0000,854.4093,1264.0000,1078.0000,1805.0000,3591.0000,4015.0000,4064.0000,4308.0000,2897.0000,1683.0000
2018-08-17,126,339.0000,433.3087,781.5003,532.7757,1251.7766,3027.3424,3528.1162,3558.8283,3753.1264,2227.7385,1171.7664
2018-08-17,126,386.0000,425.9885,785.1182,539.7116,1260.0128,3010.0000,3500.0432,3542.8986,3731.0789,2221.8715,1172.2045
2018-08-19,126,108.3304,417.5012,810.5115,563.4623,1316.5607,3205.6683,3875.5753,3881.4527,4066.7136,2370.6567,1252.2207
2018-08-19,126,326.0000,541.9839,865.5853,610.9725,1297.6388,3069.1655,3700.1622,3735.6050,3889.8941,2316.0291,1236.0675
2018-08-22,126,244.0000,473.7346,796.9695,587.1529,1204.8893,2828.4259,3419.1685,3460.8383,3610.0219,2043.0000,1156.4535
2018-08-22,126,333.0000,533.5515,828.6265,613.3515,1202.0000,2797.3203,3373.2080,3410.0609,3572.5382,2030.0000,1155.9786
2018-08-24,126,1233.9429,1105.4813,1261.3860,929.9407,1559.0000,3333.2395,3916.9764,3890.7005,4361.5154,2643.5724,1372.4588
2018-08-24,126,1049.0000,1014.6667,1262.0000,954.3635,1608.2971,3466.0000,4038.0000,4017.5411,4448.4833,2739.3128,1411.1720
2018-08-27,126,372.1984,392.4046,689.7016,393.8760,1110.3735,3059.6710,3547.0968,3719.4633,3788.2778,1853.3669,925.0417
2018-08-27,126,408.4460,416.6273,701.5277,401.0761,1113.7341,3061.0000,3554.4913,3703.4688,3803.3698,1849.1437,921.3679
2018-08-29,126,450.0000,608.5716,881.0714,600.9003,1284.8269,3052.0000,3659.2055,3826.8323,3902.6689,2050.2687,1080.5976
2018-08-29,126,298.0000,548.7752,861.6076,617.4993,1274.7727,3009.5990,3601.5046,3754.5853,3833.7595,2030.0000,1077.9726
2018-09-01,126,358.0000,544.6711,830.3808,533.9406,1313.0000,3676.4174,4490.0000,4336.0000,4817.0000,2224.0000,1122.5583
2018-09-01,126,369.0000,554.0000,807.0000,485.0000,1240.0000,3669.0000,4517.0000,4471.4634,4866.0000,2292.0000,1121.0000
2018-09-03,126,1479.0000,999.0000,1318.0000,1120.0000,1884.0000,3793.0000,4266.0000,4356.0000,4615.0000,2963.0000,1822.0000
2018-09-03,126,-9999.0000,-9999.0000,-9999.0000,-9999.0000,-9999.0000,-9999.0000,-9999.0000,-9999.0000,-9999.0000,-9999.0000,-9999.0000
2018-09-06,126,-9999.0000,-9999.0000,-9999.0000,-9999.0000,-9999.0000,-9999.0000,-9999.0000,-9999.0000,-9999.0000,-9999.0000,-9999.0000
2018-09-06,126,-9999.0000,-9999.0000,-9999.0000,-9999.0000,-9999.0000,-9999.0000,-9999.0000,-9999.0000,-9999.0000,-9999.0000,-9999.0000
2018-09-08,126,50.0000,324.7602,694.3469,473.1037,1301.6066,3064.0358,3637.3196,3735.8730,3914.8505,2001.9844,1017.1273
2018-09-08,126,151.0000,376.0000,716.3261,489.7842,1293.8104,3028.9937,3587.7110,3673.3727,3850.2771,1976.9935,1008.7475
2018-09-16,126,111.0000,318.4103,661.5973,577.3082,1318.2322,2595.3318,3004.8860,3090.4796,3337.0000,1941.2078,1021.8602
2018-09-16,126,528.0000,530.0000,745.6258,601.5456,1320.9584,2580.2188,2961.3371,3065.7044,3314.5585,1934.2834,1021.6813
2018-09-18,126,83.0000,382.3527,708.2456,661.1763,1453.3330,2651.8224,3084.5947,3178.7090,3426.4309,2137.4846,1201.8809
2018-09-18,126,257.0000,484.0000,766.3147,701.5020,1437.9571,2585.3035,3003.2852,3083.1028,3332.4200,2093.7517,1180.7401
2018-09-21,126,415.0000,508.4747,720.2843,662.3681,1366.0000,2348.9735,2709.7546,2842.9317,3061.6366,2029.0510,1184.6457
2018-09-21,126,352.0000,491.0000,728.1227,676.8209,1370.2081,2336.7483,2689.2753,2834.3041,3037.6991,2013.8201,1181.2550
2018-09-23,126,-9999.0000,-9999.0000,-9999.0000,-9999.0000,-9999.0000,-9999.0000,-9999.0000,-9999.0000,-9999.0000,-9999.0000,-9999.0000
2018-09-23,126,-9999.0000,-9999.0000,-9999.0000,-9999.0000,-9999.0000,-9999.0000,-9999.0000,-9999.0000,-9999.0000,-9999.0000,-9999.0000
2018-09-26,126,422.2833,452.0000,715.0000,689.8385,1442.3108,2437.0000,2746.7983,3074.5205,3131.7087,2067.0000,1178.1852
2018-09-26,126,475.0000,489.0000,737.0000,697.1291,1450.5693,2431.0000,2731.1880,3065.7518,3100.0000,2066.0000,1168.0000
2018-09-28,126,236.6081,423.0000,722.0000,777.3447,1593.7242,2500.8450,2850.2827,3107.3168,3237.8837,2277.3620,1328.0000
2018-09-28,126,400.7941,504.7335,750.0000,781.9929,1574.0000,2489.6917,2844.0533,3066.6649,3212.2340,2249.6343,1310.0471
2018-10-03,126,263.0000,415.0000,768.0000,877.8883,1661.1939,2501.4560,2769.4247,2996.7217,3197.0894,2288.0000,1349.8441
2018-10-03,126,536.0000,543.0000,803.0000,873.0728,1651.0000,2495.0000,2767.0000,2977.5746,3171.1629,2272.0000,1337.0254
2018-10-08,126,489.0000,781.6435,1117.4185,1244.8068,2022.3885,2788.0815,3179.1993,3307.2222,3562.6185,2981.5647,2061.2265
2018-10-08,126,693.0000,912.9847,1188.0000,1266.0000,1965.0000,2681.7643,3062.0000,3180.4131,3424.5484,2913.7177,2045.2749
2018-10-11,126,369.0000,544.7731,760.5599,858.0714,1466.3452,2061.9106,2333.0247,2491.6645,2665.2310,2182.2566,1410.0163
2018-10-11,126,325.0000,502.0000,728.0000,865.9693,1477.9697,2033.4911,2309.0722,2458.9889,2627.0258,2257.0070,1437.8142
2018-10-11,126,545.0000,719.0000,920.0000,970.1980,1562.4825,2113.9419,2378.1980,2482.5944,2658.8158,2251.0000,1442.5332
2018-10-11,126,626.0000,756.0000,896.0000,965.2692,1544.4589,2089.8804,2340.0000,2484.0172,2669.1742,2253.0000,1454.2789
2018-10-13,126,501.0000,577.0000,846.3808,937.5920,1562.6806,2207.0000,2428.0000,2643.2065,2806.0235,2381.0317,1481.4533
2018-10-13,126,402.0000,492.6834,788.5673,905.4396,1556.7239,2247.0000,2475.0176,2675.3055,2835.5347,2385.0355,1472.9831
2018-10-18,126,473.0000,686.1401,894.5248,1057.6511,1598.6693,2069.3061,2347.5837,2442.8843,2658.9901,2491.0000,1645.4890
2018-10-18,126,574.0000,754.9367,932.6223,1064.8977,1584.0975,2054.0000,2313.9753,2410.6970,2609.5669,2469.0619,1642.9192
2018-10-21,126,594.0000,707.0000,774.7255,792.0000,986.2209,1171.0000,1261.0000,1315.2119,1345.8558,1436.0000,1027.5018
2018-10-21,126,636.0000,729.0000,760.5112,714.7635,869.0000,1037.3755,1103.0000,1099.7024,1125.2321,772.0000,570.9587
2018-10-23,126,416.0000,560.9801,898.8026,1136.6564,1647.0000,2212.9623,2410.1145,2667.2583,2768.7815,2845.0235,1905.4728
2018-10-23,126,631.0000,730.3523,1002.5347,1165.1871,1618.8538,2142.0585,2341.4587,2563.6158,2677.9640,2781.0000,1885.5484
2018-10-31,126,309.0000,552.6675,782.5211,917.2987,1369.3843,1798.3735,2020.8676,2156.1747,2313.8175,2377.6543,1685.4473
2018-10-31,126,380.0000,596.3666,810.3042,929.2578,1361.2897,1809.3891,2017.1569,2155.6235,2308.3849,2365.8504,1677.9687
2018-11-05,126,-9999.0000,-9999.0000,-9999.0000,-9999.0000,-9999.0000,-9999.0000,-9999.0000,-9999.0000,-9999.0000,-9999.0000,-9999.0000
2018-11-05,126,-9999.0000,-9999.0000,-9999.0000,-9999.0000,-9999.0000,-9999.0000,-9999.0000,-9999.0000,-9999.0000,-9999.0000,-9999.0000
2018-11-12,126,-9999.0000,-9999.0000,-9999.0000,-9999.0000,-9999.0000,-9999.0000,-9999.0000,-9999.0000,-9999.0000,-9999.0000,-9999.0000
2018-11-12,126,-9999.0000,-9999.0000,-9999.0000,-9999.0000,-9999.0000,-9999.0000,-9999.0000,-9999.0000,-9999.0000,-9999.0000,-9999.0000
2018-11-15,126,451.0000,596.6543,833.6610,885.7847,1319.0000,1741.0000,1915.8938,1995.1986,2123.6408,2496.0000,1834.0000
2018-11-15,126,505.0000,628.0876,853.2929,889.0011,1317.8436,1721.1059,1882.9480,2002.3944,2096.0000,2498.4939,1830.0594
2018-11-17,126,102.3502,405.3383,633.2862,765.2700,1273.0000,1772.0000,1954.1829,2148.8505,2211.6257,2761.0533,2090.0235
2018-11-17,126,458.0000,665.6501,826.0468,884.5000,1313.0000,1740.3761,1907.5135,2099.3881,2130.3682,2639.0000,2025.0390
2018-12-05,126,-9999.0000,-9999.0000,-9999.0000,-9999.0000,-9999.0000,-9999.0000,-9999.0000,-9999.0000,-9999.0000,-9999.0000,-9999.0000
2018-12-07,126,537.0000,780.5580,888.2995,1000.3765,1268.4385,1468.9164,1633.6053,1723.0845,1817.1627,1926.4262,1288.7082
2018-12-12,126,191.0000,394.6443,646.5299,962.4990,1277.9491,1571.8239,1746.2625,1994.9662,2010.5833,2757.0000,2002.3663
2018-12-12,126,369.0000,518.2073,725.1354,994.0000,1282.2175,1568.0000,1717.7206,1954.9668,1963.0838,2674.4465,1978.2530
2018-12-15,126,414.0000,574.3431,745.6910,1002.0665,1278.3342,1541.0000,1674.4470,1883.5054,1915.7495,2698.9752,2008.9565
2018-12-15,126,346.0000,510.4699,697.5979,973.8784,1277.5199,1540.1561,1667.0530,1898.2312,1926.3706,2738.5495,2018.1699
2018-12-27,126,719.0000,866.8507,893.6362,990.0990,1234.5740,1435.0000,1531.7563,1723.7516,1723.6453,2052.8669,1586.5311
2018-12-30,126,255.0000,494.6015,608.3001,833.5960,1099.0000,1328.7878,1473.0000,1651.2864,1705.0291,1865.4382,1246.4365
2018-12-30,126,299.0000,518.2531,628.2369,836.6741,1118.3343,1355.0000,1489.2993,1667.5644,1704.9476,1865.7842,1259.0000
2019-01-01,126,1392.0000,1434.9088,1721.9301,2024.9632,2434.0000,2803.0000,2986.0000,3266.3394,3357.2084,4308.0000,3468.0000
2019-01-04,126,1088.0000,816.0000,1060.6939,1290.0000,1508.0000,1633.0000,1694.9065,1672.3210,1853.6262,1971.0000,1636.0000
2019-01-04,126,821.0000,601.0000,830.0000,1062.0000,1278.0000,1451.0000,1605.0000,1556.0000,1808.0000,1842.0000,1523.0000
2019-01-06,126,417.0000,706.0646,876.9106,1120.8412,1408.6859,1641.9935,1793.6683,1994.8984,2001.2048,2931.7409,2318.0358
2019-01-06,126,529.0000,772.4059,912.7680,1130.0000,1398.7244,1633.0883,1769.5733,1971.5177,1977.8335,2882.0000,2277.6829
2019-01-11,126,404.0000,580.2779,776.6993,1121.4489,1441.5022,1713.0937,1858.4677,2067.7849,2109.0000,3076.4971,2348.8984
2019-01-11,126,572.0000,702.7239,854.8838,1152.8223,1444.2450,1704.8579,1837.5055,2044.1952,2084.6211,3027.6279,2318.0573
2019-01-14,126,530.0000,694.4766,868.3601,1133.1637,1401.9725,1621.9410,1740.6700,1938.6481,1968.7189,2872.0020,2181.0027
2019-01-14,126,483.0000,650.6459,832.4621,1116.6818,1396.9151,1620.9532,1750.1104,1947.2793,1989.1197,2897.3610,2188.9048
2019-01-16,126,483.0000,788.6381,967.4742,1225.2074,1529.7715,1754.0000,1913.0414,2115.0343,2134.4039,3094.0000,2473.2701
2019-01-16,126,411.0000,718.5578,916.4322,1200.8000,1517.2706,1760.6238,1932.0000,2138.2192,2161.5950,3122.8777,2472.8681
2019-01-21,126,1212.0000,1310.0000,1528.0000,1801.4815,2137.1520,2384.3524,2504.6946,2709.3980,2756.6686,2892.5000,2269.0000
2019-01-24,126,668.0000,816.4390,968.6459,1288.6939,1600.7269,1830.0530,1969.2234,2178.4803,2201.0000,2609.9624,1877.6704
2019-01-24,126,721.0000,848.8812,984.3438,1288.6555,1601.0000,1829.8418,1960.5442,2188.0490,2204.7078,2616.7471,1881.4827
2019-01-29,126,-9999.0000,-9999.0000,-9999.0000,-9999.0000,-9999.0000,-9999.0000,-9999.0000,-9999.0000,-9999.0000,-9999.0000,-9999.0000
2019-01-29,126,-9999.0000,-9999.0000,-9999.0000,-9999.0000,-9999.0000,-9999.0000,-9999.0000,-9999.0000,-9999.0000,-9999.0000,-9999.0000
2019-01-31,126,567.0000,684.3384,868.4761,1208.7991,1542.0797,1797.3854,1945.9218,2163.2773,2213.3434,3244.4623,2469.7731
2019-01-31,126,544.0000,660.7180,845.8545,1201.3840,1525.3370,1812.0000,1954.7312,2162.7403,2224.0000,3268.2985,2469.3990
2019-02-03,126,-9999.0000,-9999.0000,-9999.0000,-9999.0000,-9999.0000,-9999.0000,-9999.0000,-9999.0000,-9999.0000,-9999.0000,-9999.0000
2019-02-05,126,178.0000,478.4312,688.2396,1040.9609,1396.7996,1693.7736,1853.3046,2082.1442,2073.7163,3052.0332,2321.4714
2019-02-05,126,311.0000,566.4624,749.0000,1060.8654,1389.6773,1686.0000,1841.0472,2067.4528,2069.6103,3027.6267,2308.1465
2019-02-08,126,316.0000,570.2176,730.3051,1033.0000,1325.3119,1597.6601,1745.6432,1931.0207,1973.0000,2905.0024,2308.7174
2019-02-08,126,457.0000,666.6874,794.3956,1057.1238,1338.3960,1598.0000,1745.0977,1915.5555,1949.9933,2864.0000,2288.9458
2019-02-13,126,169.0000,378.5531,648.2337,985.0868,1333.8138,1608.8957,1751.0000,1915.3309,1986.1127,2933.1017,2189.5104
2019-02-13,126,354.0000,512.4359,736.1541,1021.5834,1341.5050,1611.0000,1746.4389,1891.4639,1970.5147,2901.4978,2177.0000
2019-02-15,126,354.0000,632.8376,840.8606,1145.1894,1505.5407,1802.1036,1962.0076,2171.5251,2193.4389,3252.0779,2505.3102
2019-02-15,126,471.0000,706.4005,884.7943,1156.9480,1497.5048,1777.9464,1948.0000,2164.1538,2180.0000,3204.4100,2488.4120
2019-02-18,126,1226.4377,1358.0000,1424.0000,1553.5334,1804.4724,2014.0000,2153.5903,2340.3898,2330.6427,2825.5195,2069.2393
2019-02-18,126,1310.0000,1410.0000,1472.0000,1593.2288,1836.7427,2076.0000,2219.0000,2401.6627,2404.7006,2812.0710,2068.8865
2019-02-23,126,399.0000,552.5030,740.6606,928.7884,1156.6057,1353.0000,1454.0000,1638.0674,1613.0000,2201.6775,1721.7695
2019-02-23,126,398.0000,538.7214,730.4014,918.4620,1131.0000,1338.9139,1452.0000,1637.0698,1616.6196,2196.7841,1678.5088
2019-02-25,126,416.0000,660.6777,844.7502,1093.3401,1460.8791,1721.4393,1893.1447,2058.7662,2101.0000,3148.7294,2489.2154
2019-02-25,126,477.0000,692.0220,865.8380,1097.6875,1457.7152,1713.0000,1880.4588,2042.4852,2087.0000,3104.0000,2465.3509
2019-02-28,126,306.4025,570.3552,789.1083,1056.6036,1385.4716,1674.0000,1837.9810,2035.5838,2073.7686,3020.0000,2402.2517
2019-02-28,126,276.5933,538.3069,761.4979,1045.4599,1380.9502,1693.4179,1841.0069,2042.1893,2093.0024,3029.1808,2401.7853
2019-03-02,126,810.0000,896.5100,1092.0000,1312.0000,1690.0122,1981.3595,2122.0000,2269.3660,2348.0000,3137.4712,2330.2093
2019-03-02,126,939.0000,982.0000,1134.0000,1314.0000,1667.0000,1938.3251,2074.1085,2224.7398,2293.0472,3085.0000,2304.7059
2019-03-05,126,-9999.0000,-9999.0000,-9999.0000,-9999.0000,-9999.0000,-9999.0000,-9999.0000,-9999.0000,-9999.0000,-9999.0000,-9999.0000
2019-03-05,126,-9999.0000,-9999.0000,-9999.0000,-9999.0000,-9999.0000,-9999.0000,-9999.0000,-9999.0000,-9999.0000,-9999.0000,-9999.0000
2019-03-12,126,378.0000,524.7061,781.2160,1021.1388,1385.8063,1753.7197,1914.1957,2145.3739,2154.3251,3080.5633,2321.6763
2019-03-12,126,367.0000,504.5292,766.1381,1009.2988,1394.5057,1753.6884,1913.4346,2154.5271,2162.6702,3073.3360,2312.8789
2019-03-15,126,486.0000,626.3131,845.7062,1065.0002,1437.7989,1777.2637,1922.5299,2068.3416,2153.0000,3035.0000,2273.3318
2019-03-15,126,472.2426,606.5334,825.4140,1052.7345,1437.4391,1773.6320,1925.4989,2074.0024,2164.9093,3041.6184,2277.0285
2019-03-20,126,414.0000,614.7030,816.0000,996.0000,1380.0000,1762.3535,1926.7224,2121.4729,2148.0055,2905.6989,2265.4925
2019-03-20,126,454.0000,638.8500,830.2448,997.1517,1385.5000,1759.0000,1930.1537,2129.9945,2147.0000,2904.8231,2273.0871
2019-03-22,126,450.3247,589.6552,861.9154,1084.9834,1509.9036,1909.9549,2075.0177,2289.8982,2338.3230,3222.1641,2386.9750
2019-03-22,126,506.6987,626.2110,881.7886,1088.7110,1506.0000,1910.5264,2066.7097,2282.5408,2323.5128,3192.5045,2382.3407
2019-03-25,126,820.0000,900.7989,1058.0000,1168.0000,1550.7971,1933.1895,2086.9107,2204.5358,2286.4926,2972.0000,2198.7478
2019-03-25,126,776.0000,862.4865,1030.0000,1158.0000,1565.0000,1941.5717,2098.8373,2236.6693,2321.3548,2997.3296,2201.4218
2019-03-27,126,-9999.0000,-9999.0000,-9999.0000,-9999.0000,-9999.0000,-9999.0000,-9999.0000,-9999.0000,-9999.0000,-9999.0000,-9999.0000
2019-03-27,126,-9999.0000,-9999.0000,-9999.0000,-9999.0000,-9999.0000,-9999.0000,-9999.0000,-9999.0000,-9999.0000,-9999.0000,-9999.0000
2019-03-30,126,607.0000,762.5665,934.5696,1056.0000,1464.0000,1906.4636,2080.8619,2259.3292,2292.9758,2553.1375,1967.0000
2019-03-30,126,675.0000,804.5343,960.2350,1069.4103,1468.9908,1901.4840,2069.7203,2250.8692,2286.0000,2544.7485,1962.2057
2019-04-01,126,618.0000,714.0000,961.4962,1116.6722,1617.1685,2139.9956,2300.0224,2483.1262,2562.6188,3181.7083,2285.0000
2019-04-01,126,661.0000,740.5319,973.4823,1121.1948,1613.3161,2113.7281,2282.1094,2459.8062,2536.4735,3126.0000,2276.7447
2019-04-06,126,752.0000,841.5460,1053.3113,1088.5645,1564.6806,2083.9985,2290.9592,2354.0000,2419.0363,2499.0000,1727.0000
2019-04-06,126,775.0000,884.9565,1093.4308,1100.9865,1595.0000,2131.8086,2315.2345,2387.2539,2442.6629,2403.2868,1685.0000
2019-04-16,126,531.0000,678.2115,892.6629,925.4981,1509.6471,2238.0000,2473.7641,2651.9328,2676.3395,2843.4574,2011.0000
2019-04-16,126,623.0000,744.4111,932.4790,944.8783,1501.7707,2203.2006,2427.8028,2612.6354,2635.0000,2811.1258,2011.5169
2019-04-19,126,370.7505,526.3574,781.3950,821.3689,1422.0311,2145.0710,2349.2881,2532.8520,2556.3063,2612.3919,1865.4300
2019-04-19,126,444.3465,582.5300,816.4753,841.3688,1421.3727,2123.0000,2329.2306,2514.9109,2540.4880,2602.3095,1868.9786
2019-04-21,126,1284.0000,1261.0146,1561.4130,1600.8919,2190.4137,2901.0995,3094.0623,3274.5279,3272.0129,2974.0368,2192.5192
2019-04-21,126,1411.0000,1324.6340,1582.0000,1592.0000,2136.6948,2831.0000,3021.3384,3204.5543,3200.0000,2889.3158,2142.1778
2019-04-24,126,-9999.0000,-9999.0000,-9999.0000,-9999.0000,-9999.0000,-9999.0000,-9999.0000,-9999.0000,-9999.0000,-9999.0000,-9999.0000
2019-05-01,126,532.0000,598.4105,874.3200,881.1701,1488.2421,2258.7645,2436.0351,2586.9674,2684.1401,2739.1824,1876.3033
2019-05-01,126,560.0000,620.4231,882.0000,878.3441,1480.2464,2237.1448,2411.0224,2564.0000,2641.6715,2692.6224,1857.0708
2019-05-06,126,-9999.0000,-9999.0000,-9999.0000,-9999.0000,-9999.0000,-9999.0000,-9999.0000,-9999.0000,-9999.0000,-9999.0000,-9999.0000
2019-05-06,126,948.0000,1001.0000,1340.0000,1158.0000,2045.0000,3438.0000,3920.0000,4074.0000,4091.0000,2435.0000,1564.0000
2019-05-09,126,-9999.0000,-9999.0000,-9999.0000,-9999.0000,-9999.0000,-9999.0000,-9999.0000,-9999.0000,-9999.0000,-9999.0000,-9999.0000
2019-05-16,126,-9999.0000,-9999.0000,-9999.0000,-9999.0000,-9999.0000,-9999.0000,-9999.0000,-9999.0000,-9999.0000,-9999.0000,-9999.0000
2019-05-16,126,-9999.0000,-9999.0000,-9999.0000,-9999.0000,-9999.0000,-9999.0000,-9999.0000,-9999.0000,-9999.0000,-9999.0000,-9999.0000
2019-05-24,126,764.9565,1114.4502,1513.9076,1916.0814,2217.5780,2418.5003,2554.6746,2651.3282,2732.4565,3787.4201,3305.3872
2019-05-24,126,850.0000,1133.4755,1485.9849,1828.0000,2125.6137,2365.3772,2498.8629,2595.7952,2683.7267,3692.4682,3252.0483
2019-05-26,126,1047.0000,1388.7951,1722.1734,2011.6429,2395.8131,2683.0152,2866.6142,2986.3967,3036.4378,3834.2796,3420.7841
2019-05-31,126,734.0000,931.7990,1324.1554,1595.3128,2084.7094,2498.9983,2665.6110,2789.9951,2935.2157,3607.0912,2743.6618
2019-05-31,126,823.0000,965.4437,1314.9074,1532.1222,2004.0561,2435.3997,2611.5218,2729.2458,2856.2388,3510.1355,2711.5395
2019-06-03,126,793.0000,1062.0000,1488.7559,1612.8507,2180.6501,2756.5208,2913.0035,2973.0026,3089.0000,3692.5758,2978.4903
2019-06-03,126,880.0000,1092.9366,1472.1373,1570.7406,2114.9581,2673.1401,2850.4637,2914.8145,3027.1555,3625.2377,2940.7607
2019-06-05,126,-9999.0000,-9999.0000,-9999.0000,-9999.0000,-9999.0000,-9999.0000,-9999.0000,-9999.0000,-9999.0000,-9999.0000,-9999.0000
2019-06-05,126,-9999.0000,-9999.0000,-9999.0000,-9999.0000,-9999.0000,-9999.0000,-9999.0000,-9999.0000,-9999.0000,-9999.0000,-9999.0000
2019-06-13,126,677.2671,889.8675,1425.4797,1321.9184,2169.3578,3043.3399,3257.5528,3349.0255,3436.1941,3333.5143,2403.0289
2019-06-13,126,693.0000,904.4186,1426.0000,1324.7147,2161.5079,3034.0000,3242.8045,3340.1712,3442.2367,3329.0644,2406.0000
2019-06-15,126,-9999.0000,-9999.0000,-9999.0000,-9999.0000,-9999.0000,-9999.0000,-9999.0000,-9999.0000,-9999.0000,-9999.0000,-9999.0000
2019-06-15,126,-9999.0000,-9999.0000,-9999.0000,-9999.0000,-9999.0000,-9999.0000,-9999.0000,-9999.0000,-9999.0000,-9999.0000,-9999.0000
2019-06-18,126,506.0000,809.7699,1290.0000,1266.2192,1973.2116,2880.7460,3206.9871,3275.3050,3413.6581,3365.9928,2513.0800
2019-06-18,126,612.0000,869.7788,1288.4306,1275.4914,1934.0444,2821.4759,3121.5408,3187.5411,3318.3982,3309.9681,2499.0000
2019-06-20,126,930.4468,1101.5504,1432.6439,1589.7845,2017.5212,2698.7113,2898.8088,2931.9270,3146.6017,3650.9964,2897.8772
2019-06-20,126,965.0000,1116.8933,1440.3301,1576.6383,2018.0000,2690.0027,2891.8232,2909.1933,3109.7676,3628.9983,2868.4765
2019-06-23,126,585.0000,708.2846,1016.0816,1110.0000,1542.6930,2236.3606,2488.7200,2481.5498,2686.7146,2859.4198,2083.8064
2019-06-23,126,540.0000,680.3782,1002.3525,1104.0000,1544.8032,2261.3570,2530.3544,2532.4725,2729.1796,2885.6661,2084.6522
2019-06-25,126,829.0000,1048.9067,1345.1861,1444.6978,1898.3097,2657.6829,3010.3580,3027.3654,3209.2864,3602.9008,2946.9868
2019-06-25,126,895.0000,1085.0056,1356.3155,1440.0000,1872.8137,2618.1700,2967.0000,2964.0287,3152.7998,3572.4882,2897.0000
2019-06-28,126,560.4560,810.1591,1129.0288,1218.4214,1620.8799,2484.9799,2857.1364,2875.2061,3061.6124,3212.3374,2553.4529
2019-06-28,126,673.0000,881.2926,1164.9677,1232.1399,1610.3686,2430.0434,2789.5484,2813.4309,2990.0058,3163.3687,2547.3821
2019-06-30,126,683.0000,838.0801,1212.0173,1308.2529,1751.0000,2851.8464,3186.4065,3323.7570,3405.4850,3403.9511,2546.3806
2019-06-30,126,704.0000,868.8684,1230.0000,1306.1767,1740.0000,2832.5645,3165.2610,3291.3758,3392.5049,3372.9172,2554.4136
2019-07-03,126,456.0000,625.5825,985.7373,1050.5779,1481.5345,2588.1191,2995.6040,3002.8508,3245.6440,3081.9328,2170.9207
2019-07-03,126,676.0000,785.7084,1068.0000,1100.8455,1504.0742,2492.5899,2893.4373,2875.1339,3133.7474,2995.6188,2140.4315
2019-07-05,126,636.0000,813.2937,1129.3043,1130.4355,1573.4716,2746.6645,3249.6478,3297.9068,3457.0000,3174.4516,2291.2477
2019-07-05,126,690.0000,849.4769,1144.8448,1146.4784,1588.0000,2721.2571,3242.7630,3258.6938,3427.9804,3149.4967,2267.2676
2019-07-08,126,997.0000,1098.0000,1312.0000,1240.8877,1632.5392,2673.0262,3113.6573,3140.4842,3293.4262,2621.4688,1942.1266
2019-07-10,126,507.0000,593.3533,945.0012,876.4793,1353.8599,2955.2966,3460.9478,3572.0403,3674.5000,2907.0000,1941.4233
2019-07-10,126,632.0000,685.1797,1002.1754,914.6308,1378.3305,2897.0936,3372.4412,3485.9212,3579.0184,2859.1092,1930.0000
2019-07-13,126,688.0000,754.8416,993.0000,893.2500,1316.0000,2665.7453,3186.6858,3226.8637,3410.8073,2555.3023,1665.8187
2019-07-13,126,873.0000,890.4980,1072.0000,953.4286,1354.0800,2565.5240,3043.4366,3090.6868,3277.2909,2514.7086,1670.0000
2019-07-20,126,576.0000,601.4361,889.2611,761.8867,1244.0000,2844.5947,3372.4304,3463.2026,3651.3515,2585.5006,1668.1773
2019-07-20,126,672.0000,657.7310,918.2831,792.9942,1277.0000,2819.8929,3341.3308,3398.9289,3577.9298,2591.0000,1675.0684
2019-07-23,126,416.4860,489.5741,789.6652,730.0952,1205.9274,2544.5581,3081.0085,3128.8501,3339.5332,2467.4243,1613.0000
2019-07-23,126,527.0000,569.5507,832.8889,761.8310,1225.4106,2500.4740,3034.2482,3058.4377,3290.0000,2460.8844,1615.0000
2019-07-25,126,695.0000,810.4097,1036.9075,944.6744,1416.0000,2619.3599,3212.4324,3218.7107,3467.9170,2720.0000,1843.5591
2019-07-25,126,719.0000,810.6506,1037.1730,941.5857,1442.8497,2633.2491,3234.0099,3234.7623,3491.1786,2731.1687,1874.7929
2019-07-30,126,323.0000,405.7259,777.8013,666.2027,1261.2109,2746.0602,3204.9621,3207.8565,3483.5290,2562.0000,1634.9366
2019-07-30,126,550.0000,568.5534,868.1238,737.0579,1257.7988,2644.1448,3090.8724,3076.9528,3348.6672,2514.3641,1635.3361
2019-08-04,126,319.0000,465.5580,777.8714,677.0734,1225.1672,2564.0000,3076.9490,3159.9780,3316.3995,2540.0580,1661.6916
2019-08-04,126,520.0000,614.7713,854.2486,737.5831,1233.9649,2460.5309,2957.1002,3030.0333,3163.1453,2474.9217,1675.0000
2019-08-09,126,323.0000,374.4682,706.1060,534.1575,1069.3738,2603.7842,3023.0000,3029.5881,3244.5639,2218.5049,1282.4880
2019-08-09,126,437.0000,462.3875,754.7313,569.0291,1093.4593,2536.9178,2962.9450,2984.5986,3187.5846,2186.8538,1275.3248
2019-08-12,126,-9999.0000,-9999.0000,-9999.0000,-9999.0000,-9999.0000,-9999.0000,-9999.0000,-9999.0000,-9999.0000,-9999.0000,-9999.0000
2019-08-14,126,285.0000,408.4196,676.5669,469.4107,993.2278,2523.2430,3140.4696,3236.6876,3338.4869,2101.9430,1219.4143
2019-08-14,126,364.0000,462.3622,712.8706,502.1498,1005.0267,2499.6296,3095.1847,3206.8037,3302.7197,2085.7574,1204.7534
2019-08-17,126,184.0000,312.3941,590.4089,417.4383,917.6767,2395.4724,2987.9494,3081.5119,3204.7604,1974.3687,1156.8890
2019-08-17,126,269.0000,372.4965,624.3503,441.8701,918.1989,2356.2780,2955.4275,3062.0435,3182.4987,1946.0966,1150.4127
2019-08-19,126,372.0000,536.4469,833.9012,685.2961,1202.6656,2708.1427,3195.9163,3271.4952,3467.7524,2386.0000,1474.6776
2019-08-19,126,566.0000,674.6713,918.7374,745.2405,1226.6428,2618.4534,3093.0112,3172.2594,3347.2158,2341.7157,1456.5030
2019-08-24,126,1076.0000,1162.0000,1258.0000,1044.0000,1466.0000,2557.6556,3133.8991,3098.2827,3390.0000,2618.0000,1676.0000
2019-08-24,126,931.0000,1092.9448,1216.5069,1001.1694,1465.0000,2693.0607,3307.8734,3313.7741,3572.3005,2631.0000,1653.9044
2019-08-27,126,420.0000,546.7756,744.7844,654.8550,1086.0616,2054.0000,2498.0071,2546.8427,2747.8607,2161.1970,1398.1704
2019-08-27,126,467.0000,574.6325,760.5668,662.4424,1089.5414,2053.5148,2491.8951,2546.4367,2746.7477,2157.4717,1391.0000
2019-08-29,126,657.0000,696.6609,930.4009,842.8096,1305.8491,2336.6900,2698.2671,2730.7649,2993.8848,2474.9454,1553.7587
2019-08-29,126,466.0000,542.5459,840.4552,781.7540,1305.9460,2395.3416,2772.0126,2819.5412,3100.1631,2530.5655,1568.0000
2019-09-01,126,485.0000,604.5774,854.4531,885.5716,1333.8746,2137.0000,2498.6632,2540.6127,2824.9814,2456.7408,1561.0000
2019-09-01,126,512.0000,618.4194,860.5341,885.7704,1337.3825,2137.5121,2490.6850,2555.7566,2827.5423,2453.0000,1550.0499
2019-09-03,126,252.5590,452.7526,754.6126,789.9103,1330.7965,2260.2582,2645.2394,2852.2342,2971.0000,2374.0089,1454.2117
2019-09-03,126,341.0000,510.6371,788.4428,802.2047,1322.0033,2238.5296,2634.4801,2826.4719,2940.5194,2340.0000,1453.2907
2019-09-11,126,342.0000,434.0000,657.0000,662.3692,1089.0157,1882.8361,2162.3124,2290.8814,2423.8162,2057.3173,1286.6994
2019-09-11,126,373.0000,451.0000,664.0000,664.3046,1098.6109,1891.6056,2171.0985,2284.2157,2433.3349,2057.3959,1282.6405
2019-09-13,126,228.0000,406.3459,642.6059,705.0000,1166.1385,1938.9595,2260.0385,2394.5377,2512.0000,2325.4829,1553.8917
2019-09-13,126,279.0000,438.2151,662.2125,714.7812,1168.9582,1937.4662,2250.6558,2379.9469,2515.4454,2314.0481,1550.8150
2019-09-16,126,292.0000,436.6279,626.1043,621.8831,1021.5118,1738.7071,2027.4586,2124.8078,2275.6856,2033.5329,1377.1217
2019-09-16,126,339.0000,466.3781,642.4270,629.3694,1024.7168,1732.5656,2035.2615,2114.7680,2275.6777,2021.6402,1378.1644
2019-09-18,126,-9999.0000,-9999.0000,-9999.0000,-9999.0000,-9999.0000,-9999.0000,-9999.0000,-9999.0000,-9999.0000,-9999.0000,-9999.0000
2019-09-18,126,-9999.0000,-9999.0000,-9999.0000,-9999.0000,-9999.0000,-9999.0000,-9999.0000,-9999.0000,-9999.0000,-9999.0000,-9999.0000
2019-09-21,126,178.3804,296.6329,524.4767,605.4644,998.6427,1723.4392,2003.1089,2227.5213,2306.9970,2114.1179,1361.4695
2019-09-21,126,264.4736,356.5538,560.7413,622.4605,1008.6355,1725.2052,2002.4065,2219.5200,2282.5955,2113.4738,1364.7353
2019-09-28,126,1353.0000,1246.0000,1344.0000,1204.0000,1625.6155,2363.5939,2594.6976,2587.7010,2827.3895,2400.6055,1549.1488
2019-09-28,126,1297.0000,1210.0000,1318.0000,1186.0000,1561.5746,2306.6668,2554.8577,2571.5255,2811.3065,2369.5432,1493.4727
2019-10-01,126,-9999.0000,-9999.0000,-9999.0000,-9999.0000,-9999.0000,-9999.0000,-9999.0000,-9999.0000,-9999.0000,-9999.0000,-9999.0000
2019-10-01,126,-9999.0000,-9999.0000,-9999.0000,-9999.0000,-9999.0000,-9999.0000,-9999.0000,-9999.0000,-9999.0000,-9999.0000,-9999.0000
2019-10-08,126,-9999.0000,-9999.0000,-9999.0000,-9999.0000,-9999.0000,-9999.0000,-9999.0000,-9999.0000,-9999.0000,-9999.0000,-9999.0000
2019-10-08,126,-9999.0000,-9999.0000,-9999.0000,-9999.0000,-9999.0000,-9999.0000,-9999.0000,-9999.0000,-9999.0000,-9999.0000,-9999.0000
2019-10-11,126,254.0000,352.0000,526.3261,606.2443,997.0292,1539.0520,1770.9235,1883.4801,2052.0000,2069.9531,1380.7281
2019-10-11,126,332.0000,408.0000,564.6609,624.3414,1005.3276,1538.0440,1756.1179,1881.9452,2032.9349,2057.0000,1373.4736
2019-10-16,126,212.0000,376.0000,520.4492,584.5299,969.9997,1490.3941,1712.0072,1867.0438,1996.0937,2004.7831,1394.1753
2019-10-16,126,262.0000,409.0000,542.5522,594.3473,978.5538,1491.8328,1729.3000,1867.0650,2002.3476,2006.6998,1397.7114
2019-10-21,126,-9999.0000,-9999.0000,-9999.0000,-9999.0000,-9999.0000,-9999.0000,-9999.0000,-9999.0000,-9999.0000,-9999.0000,-9999.0000
2019-10-21,126,-9999.0000,-9999.0000,-9999.0000,-9999.0000,-9999.0000,-9999.0000,-9999.0000,-9999.0000,-9999.0000,-9999.0000,-9999.0000
2019-10-23,126,453.0000,690.9087,932.5120,1097.2434,1554.4005,2057.9280,2283.0371,2483.4103,2596.7881,3065.5289,2282.5319
2019-10-23,126,476.0000,700.0030,938.4082,1093.4164,1550.4780,2060.0567,2282.6201,2482.6891,2578.3036,3061.8212,2288.9721
2019-10-26,126,423.0000,650.7876,880.6697,1029.4538,1432.7077,1891.8680,2097.3925,2282.6149,2371.1137,2813.6152,2201.9949
2019-10-26,126,406.0867,638.3496,868.6563,1021.9787,1430.6611,1909.1458,2100.0142,2290.5844,2379.4912,2824.5368,2209.4166
2019-10-28,126,-9999.0000,-9999.0000,-9999.0000,-9999.0000,-9999.0000,-9999.0000,-9999.0000,-9999.0000,-9999.0000,-9999.0000,-9999.0000
2019-10-31,126,-9999.0000,-9999.0000,-9999.0000,-9999.0000,-9999.0000,-9999.0000,-9999.0000,-9999.0000,-9999.0000,-9999.0000,-9999.0000
2019-11-07,126,179.0000,392.4886,804.1667,937.1138,1579.0000,2214.9255,2365.8257,2521.6352,2610.8496,2684.1540,1869.9131
2019-11-07,126,477.0000,612.0983,926.5774,989.0533,1538.0000,2102.1768,2263.0000,2406.7025,2499.0663,2596.4425,1842.1689
2019-11-10,126,411.0000,590.4173,896.3519,985.3526,1518.4110,2011.5488,2185.0101,2359.8433,2395.0702,2589.5310,1852.1185
2019-11-10,126,439.0000,606.2707,904.5725,985.0410,1521.8306,2042.7287,2194.0000,2376.1490,2413.5170,2592.9974,1842.1008
2019-11-30,126,-9999.0000,-9999.0000,-9999.0000,-9999.0000,-9999.0000,-9999.0000,-9999.0000,-9999.0000,-9999.0000,-9999.0000,-9999.0000
2019-11-30,126,-9999.0000,-9999.0000,-9999.0000,-9999.0000,-9999.0000,-9999.0000,-9999.0000,-9999.0000,-9999.0000,-9999.0000,-9999.0000
2019-12-05,126,1417.0000,1566.0000,1794.0000,1930.0000,2272.0000,2538.0000,2700.0000,2950.0000,2963.0000,3514.0000,2949.9674
2019-12-05,126,1352.0000,1522.0000,1776.0000,1926.0000,2362.0000,2863.0000,3123.0000,3250.0000,3362.0000,3530.0000,2907.0000
2019-12-07,126,514.2557,708.5860,1070.0000,1428.5703,2001.3458,2385.9779,2560.9364,2762.8581,2892.2901,3547.0205,2577.0000
2019-12-07,126,704.6154,852.4357,1144.0000,1440.9037,1960.2865,2297.0000,2466.9091,2666.1800,2768.6626,3491.5841,2549.9587
2019-12-10,126,359.0000,590.4309,838.6507,1092.0853,1485.5000,1733.0558,1868.8911,2083.9739,2107.3951,2572.8508,1808.0000
2019-12-10,126,404.0000,612.2193,852.4288,1097.3939,1492.3513,1747.9028,1857.6403,2082.3517,2123.4475,2569.4598,1809.0000
2019-12-25,126,553.0000,809.7213,976.9645,1236.2498,1403.0000,1506.0000,1612.1630,1779.6166,1797.1561,2197.2119,1787.4684
2019-12-25,126,581.0000,828.9454,994.2956,1240.8869,1434.5709,1524.2690,1626.8600,1795.0518,1795.8209,2204.4826,1788.2137
2019-12-27,126,716.5096,941.2570,1268.9739,1741.8880,2045.5564,2189.1667,2339.6161,2523.8487,2632.2424,3562.5261,2820.7973
2019-12-27,126,725.0000,950.2344,1277.7262,1753.3333,2068.0000,2212.6429,2361.0000,2546.0082,2665.6792,3596.9139,2834.3863
2019-12-30,126,513.0000,720.2311,958.3779,1265.3821,1452.3680,1537.4365,1641.1580,1803.3052,1813.3395,2472.0000,1968.7466
2019-12-30,126,560.0000,740.7690,976.4109,1273.3586,1458.0000,1549.3275,1654.3554,1810.7038,1817.0664,2482.8316,1971.0000
2020-01-01,126,150.0000,546.1266,780.3667,1204.6558,1424.1945,1493.8752,1633.5274,1842.5907,1826.5782,2522.8947,2008.8536
2020-01-01,126,478.0000,768.5837,932.4537,1245.2675,1434.3698,1505.9573,1629.1414,1813.5112,1801.1969,2434.7205,1980.5858
2020-01-04,126,398.0000,730.3560,944.7103,1312.2914,1520.0000,1613.1769,1746.5005,1923.4418,1922.2953,2466.1761,2081.3482
2020-01-04,126,518.0000,802.6523,996.3839,1324.5975,1524.0000,1628.8867,1767.0000,1925.0426,1924.3767,2441.6514,2069.5010
2020-01-06,126,-9999.0000,-9999.0000,-9999.0000,-9999.0000,-9999.0000,-9999.0000,-9999.0000,-9999.0000,-9999.0000,-9999.0000,-9999.0000
2020-01-09,126,734.0000,944.3029,1154.0000,1392.5930,1588.3544,1653.3938,1716.7618,1853.2272,1869.4612,2513.4094,2150.5907
2020-01-09,126,729.0000,935.0000,1138.0000,1384.8995,1570.4646,1641.4026,1701.3435,1856.6015,1869.2634,2536.9757,2152.0000
2020-01-11,126,140.0000,557.4396,789.4564,1229.0911,1465.5796,1552.4698,1697.6460,1890.8619,1890.9456,2761.4580,2338.9551
2020-01-11,126,500.0000,794.4450,942.7551,1256.7544,1468.0000,1544.4704,1661.0812,1851.2445,1853.8886,2659.0791,2284.7923
2020-01-14,126,589.0000,871.0000,1034.0000,1321.3090,1530.0000,1616.0000,1737.9427,1892.3415,1910.3935,2578.2862,2274.8734
2020-01-14,126,522.0000,814.2761,994.4759,1300.8075,1521.5486,1625.5105,1746.3323,1908.1868,1920.4693,2609.3980,2283.2659
2020-01-16,126,-9999.0000,-9999.0000,-9999.0000,-9999.0000,-9999.0000,-9999.0000,-9999.0000,-9999.0000,-9999.0000,-9999.0000,-9999.0000
2020-01-16,126,-9999.0000,-9999.0000,-9999.0000,-9999.0000,-9999.0000,-9999.0000,-9999.0000,-9999.0000,-9999.0000,-9999.0000,-9999.0000
2020-01-19,126,-9999.0000,-9999.0000,-9999.0000,-9999.0000,-9999.0000,-9999.0000,-9999.0000,-9999.0000,-9999.0000,-9999.0000,-9999.0000
2020-01-21,126,565.0000,880.0000,1057.3187,1416.8096,1652.0000,1792.1400,1934.5404,2170.7122,2130.0000,3059.5463,2635.4386
2020-01-21,126,616.0000,904.9425,1068.5960,1417.6516,1657.3838,1788.2797,1924.5075,2178.1154,2129.4428,3067.7853,2635.5822
2020-01-24,126,480.0000,869.0590,1136.9498,1465.3931,1696.6741,1832.0480,1956.4867,2121.4515,2141.7643,2817.0000,2476.6407
2020-01-24,126,612.0000,942.1869,1176.0190,1469.2028,1700.4197,1833.3822,1961.0000,2116.3226,2129.9172,2798.0000,2457.5209
2020-01-29,126,-9999.0000,-9999.0000,-9999.0000,-9999.0000,-9999.0000,-9999.0000,-9999.0000,-9999.0000,-9999.0000,-9999.0000,-9999.0000
2020-01-29,126,-9999.0000,-9999.0000,-9999.0000,-9999.0000,-9999.0000,-9999.0000,-9999.0000,-9999.0000,-9999.0000,-9999.0000,-9999.0000
2020-01-31,126,1135.0000,1338.0000,1472.0000,1596.0000,1889.0000,2034.5339,2144.6826,2257.3793,2257.7517,2619.0000,2131.0000
2020-02-05,126,386.3619,642.0521,1001.9893,1349.6391,1681.0218,1945.0000,2083.4884,2330.5528,2291.9552,3242.1654,2699.9819
2020-02-05,126,595.0000,781.5015,1064.1548,1345.3675,1640.6217,1904.0000,2026.5144,2273.9649,2233.3042,3139.3199,2667.8601
2020-02-08,126,795.0000,990.5080,1229.2144,1421.3991,1714.0000,1933.0000,2038.3036,2225.2915,2201.3283,3004.4108,2493.9010
2020-02-08,126,810.0000,994.7192,1232.5580,1432.1972,1721.0000,1940.0000,2057.6628,2232.0461,2209.0325,3012.9658,2517.3164
2020-02-13,126,1027.0000,1262.0000,1462.0000,1589.3649,1905.4691,2182.0995,2313.5904,2465.9993,2461.3379,3123.9916,2728.9060
2020-02-13,126,1026.0000,1262.0000,1477.0000,1612.6730,1950.7726,2229.0176,2361.0000,2521.2274,2500.4709,3157.1792,2742.0000
2020-02-15,126,871.0000,964.7500,1272.0000,1489.0585,1848.1955,2161.8732,2301.7579,2464.2585,2497.9684,2963.4126,2306.0000
2020-02-15,126,906.0000,986.5705,1282.0000,1488.8906,1844.0000,2145.6341,2289.8400,2453.4254,2485.6393,2947.5169,2304.5618
2020-02-18,126,1543.0000,1548.0000,1676.0000,1718.0000,2056.2909,2406.4351,2537.0516,2609.0696,2677.3451,3101.3887,2460.0000
2020-02-18,126,1489.0000,1506.0000,1652.0000,1700.0000,2070.4004,2440.0000,2567.0000,2640.9472,2697.2016,3113.3034,2486.0968
2020-02-20,126,375.0000,725.8045,1081.4633,1308.7638,1677.9208,2030.4918,2194.9378,2394.8727,2385.0610,3084.4956,2558.0000
2020-02-20,126,407.0000,732.9266,1084.8470,1300.2240,1680.7201,2029.4774,2194.1150,2394.1153,2388.2907,3056.0000,2539.9311
2020-02-28,126,572.0000,829.3367,1193.1317,1360.9669,1762.0000,2265.0944,2435.3009,2713.3767,2618.0867,3182.5978,2590.3390
2020-02-28,126,578.6956,824.5466,1192.5747,1365.3285,1769.0000,2281.5317,2451.0000,2746.7945,2621.0000,3207.0000,2604.4376
2020-03-06,126,568.0000,670.2917,986.8528,1085.0422,1564.5519,2162.7144,2315.6347,2444.6051,2483.1690,2360.7796,1582.3118
2020-03-06,126,508.0000,626.1598,968.5865,1080.6001,1576.5757,2170.1929,2330.0373,2467.1356,2507.2095,2370.9303,1577.2854
2020-03-09,126,-9999.0000,-9999.0000,-9999.0000,-9999.0000,-9999.0000,-9999.0000,-9999.0000,-9999.0000,-9999.0000,-9999.0000,-9999.0000
2020-03-11,126,1948.0000,2051.0000,2328.0000,2338.0400,2990.0000,3877.0000,4202.0000,4298.0000,4337.0000,4083.0000,3157.0000
2020-03-11,126,-9999.0000,-9999.0000,-9999.0000,-9999.0000,-9999.0000,-9999.0000,-9999.0000,-9999.0000,-9999.0000,-9999.0000,-9999.0000
2020-03-14,126,-9999.0000,-9999.0000,-9999.0000,-9999.0000,-9999.0000,-9999.0000,-9999.0000,-9999.0000,-9999.0000,-9999.0000,-9999.0000
2020-03-16,126,598.4472,844.6473,1324.8276,1379.1469,2016.0000,2907.6683,3075.3689,3372.9065,3242.3228,3309.7711,2538.7288
2020-03-16,126,756.0000,920.9921,1317.7092,1355.5391,1933.4362,2763.3094,2926.6578,3219.8199,3115.5348,3209.5883,2507.5731
2020-03-19,126,677.0000,865.3218,1253.4308,1259.5262,1885.0000,2690.8833,2862.0000,3041.4425,3009.0000,3040.8347,2297.1368
2020-03-19,126,732.4204,901.0521,1261.0820,1259.4051,1869.5134,2684.5428,2866.2873,3028.0100,3029.6064,3034.0000,2308.5873
2020-03-21,126,-9999.0000,-9999.0000,-9999.0000,-9999.0000,-9999.0000,-9999.0000,-9999.0000,-9999.0000,-9999.0000,-9999.0000,-9999.0000
2020-03-24,126,525.0000,690.8269,901.9057,880.9026,1302.0000,1870.2766,2013.0000,2202.8575,2118.8417,1922.3370,1514.0000
2020-03-24,126,420.0000,617.6193,869.2716,860.9894,1306.0000,1910.0000,2061.0000,2265.9899,2170.0000,1958.0000,1533.0000
2020-03-29,126,-9999.0000,-9999.0000,-9999.0000,-9999.0000,-9999.0000,-9999.0000,-9999.0000,-9999.0000,-9999.0000,-9999.0000,-9999.0000
2020-03-29,126,-9999.0000,-9999.0000,-9999.0000,-9999.0000,-9999.0000,-9999.0000,-9999.0000,-9999.0000,-9999.0000,-9999.0000,-9999.0000
2020-03-31,126,617.0000,912.3076,1338.3492,1409.9570,2141.2555,3041.0000,3253.2364,3610.0790,3428.6335,3219.5303,2506.8056
2020-03-31,126,653.0000,917.3028,1346.3641,1403.1975,2144.0000,3020.0000,3244.5972,3617.8112,3427.0000,3216.9696,2475.0000
2020-04-03,126,684.0000,909.4129,1261.4789,1313.1993,1989.5820,2760.0000,2989.5274,3210.9574,3165.4702,2995.5370,2346.3616
2020-04-03,126,724.0000,925.2260,1268.2997,1316.8820,2004.0000,2764.5606,2985.1550,3228.6149,3148.0000,2985.1253,2331.3121
2020-04-05,126,746.0000,913.0416,1333.0965,1387.1265,2097.3455,2931.8800,3125.1160,3410.7013,3318.0000,3132.0688,2347.1450
2020-04-05,126,779.0000,930.0897,1332.8843,1387.9102,2086.0000,2935.0000,3114.9269,3404.3828,3314.0668,3123.0000,2353.9617
2020-04-08,126,583.0000,777.9773,1224.7491,1266.9231,1888.9048,2734.2988,2941.4495,3299.8061,3158.4607,2907.2576,2130.7337
2020-04-08,126,643.0000,814.4574,1232.5624,1276.2108,1874.6897,2725.1560,2930.0000,3275.7252,3142.2963,2891.0114,2131.6843
2020-04-10,126,685.0000,925.6166,1328.8147,1357.0536,2034.9967,2867.8255,3109.3654,3372.3062,3294.0085,3157.8828,2403.5493
2020-04-10,126,734.0000,952.4211,1333.0537,1356.8320,2013.3417,2836.5130,3077.6131,3340.1677,3258.7726,3140.0000,2380.7954
2020-04-13,126,595.0000,837.7986,1236.8840,1277.6848,1942.0000,2796.0000,3061.1357,3291.0142,3270.1969,2954.4504,2259.7778
2020-04-13,126,676.0000,877.5263,1257.1191,1276.9965,1935.0000,2777.4949,3019.7312,3259.8612,3228.7249,2930.7833,2236.2253
2020-04-15,126,655.0000,817.5876,1266.0000,1297.4480,1968.4733,2860.2475,3089.8804,3372.4067,3293.0000,2981.0000,2213.0000
2020-04-15,126,699.0000,842.0891,1268.6981,1296.7115,1946.0000,2828.1010,3043.8238,3339.3501,3257.5778,2969.9344,2202.4653
2020-04-18,126,687.0000,865.4887,1212.7696,1261.2160,1818.0000,2572.0223,2784.3654,2950.0000,2992.6784,2582.6678,1901.0000
2020-04-18,126,758.0000,906.4522,1233.3118,1264.9299,1821.4394,2561.0675,2784.0000,2938.0000,2978.0497,2565.3358,1889.5713
2020-04-23,126,540.0000,757.9744,1084.6481,1177.3533,1709.5431,2545.9019,2812.2983,3084.1345,3037.6946,2747.4129,2068.5003
2020-04-23,126,623.0000,808.9747,1108.3564,1172.6404,1693.6285,2496.5033,2762.6102,3042.7359,2988.6032,2723.1535,2054.1011
2020-04-25,126,809.0000,912.2540,1257.1251,1305.5340,1899.0000,2877.1076,3131.4094,3306.3891,3364.2430,2913.6662,2108.2330
2020-04-25,126,854.0000,940.4420,1273.2723,1305.1739,1897.6643,2857.0189,3114.5850,3284.4392,3333.0000,2915.1327,2096.0000
2020-04-30,126,-9999.0000,-9999.0000,-9999.0000,-9999.0000,-9999.0000,-9999.0000,-9999.0000,-9999.0000,-9999.0000,-9999.0000,-9999.0000
2020-04-30,126,-9999.0000,-9999.0000,-9999.0000,-9999.0000,-9999.0000,-9999.0000,-9999.0000,-9999.0000,-9999.0000,-9999.0000,-9999.0000
2020-05-03,126,242.0000,406.2211,666.5202,685.3206,1160.9787,1946.3336,2266.7256,2499.9037,2483.6545,2076.2256,1449.9365
2020-05-03,126,307.0000,448.7096,692.3891,697.6597,1174.4127,1963.8226,2258.5991,2483.7552,2483.1404,2065.9389,1451.8465
2020-05-08,126,306.0000,458.5275,773.4476,796.5147,1309.6204,2426.3369,2818.2320,2973.0183,3043.0657,2314.7610,1609.4496
2020-05-08,126,481.0000,586.5418,850.3260,837.5094,1320.9418,2361.6222,2740.5436,2899.1250,2964.7530,2261.5283,1597.5845
2020-05-10,126,1198.0000,1162.8526,1440.3088,1322.7739,1955.0000,3352.0000,4004.5503,4147.6303,4200.0000,2810.3473,2042.5712
2020-05-10,126,1153.0000,1108.0000,1410.0000,1268.0000,1954.0000,4298.0000,5168.0000,4440.0000,5396.0000,2967.0000,1898.0000
2020-05-15,126,683.0000,714.4831,978.7970,853.6146,1413.2152,2778.9564,3250.6709,3333.1743,3481.6509,2228.4524,1398.0000
2020-05-15,126,720.0000,738.6965,996.3781,870.0716,1425.8833,2811.3094,3284.1299,3362.4329,3514.9039,2228.3668,1393.1913
2020-05-23,126,673.0000,786.0000,1012.4574,838.4197,1333.9405,2635.8539,3236.0786,3298.3110,3435.3281,1932.5740,1313.3569
2020-05-25,126,351.0000,414.6415,704.5265,545.4174,1104.8080,2643.7735,3163.2867,3349.4031,3409.8346,1962.1225,1197.7026
2020-05-25,126,332.0000,390.6444,684.4394,525.6937,1109.0000,2669.0985,3200.5240,3383.1454,3445.3010,1979.0195,1204.7022
2020-05-28,126,-9999.0000,-9999.0000,-9999.0000,-9999.0000,-9999.0000,-9999.0000,-9999.0000,-9999.0000,-9999.0000,-9999.0000,-9999.0000
2020-05-28,126,-9999.0000,-9999.0000,-9999.0000,-9999.0000,-9999.0000,-9999.0000,-9999.0000,-9999.0000,-9999.0000,-9999.0000,-9999.0000
2020-05-30,126,304.0000,446.7170,738.0000,608.8551,1209.4922,2618.1162,3177.6540,3417.5922,3468.2747,2130.7997,1403.6605
2020-05-30,126,355.0000,490.5211,766.5055,633.1202,1225.8129,2604.5671,3170.5265,3378.7798,3435.6747,2108.3333,1394.0000
2020-06-02,126,237.0000,408.3034,678.5194,601.6869,1126.0000,2299.6791,2795.4603,2964.5604,3083.4708,2011.1031,1358.0351
2020-06-02,126,370.0000,506.6658,744.7378,649.6510,1152.5000,2283.7860,2755.8381,2917.1512,3043.0529,1995.3227,1365.0751
2020-06-04,126,-9999.0000,-9999.0000,-9999.0000,-9999.0000,-9999.0000,-9999.0000,-9999.0000,-9999.0000,-9999.0000,-9999.0000,-9999.0000
2020-06-04,126,-9999.0000,-9999.0000,-9999.0000,-9999.0000,-9999.0000,-9999.0000,-9999.0000,-9999.0000,-9999.0000,-9999.0000,-9999.0000
2020-06-07,126,596.1490,614.5676,824.5780,693.6796,1193.4960,2251.9358,2592.5245,2598.4958,2902.6940,1653.0000,921.3467
2020-06-07,126,638.0000,632.7791,846.6770,689.5600,1228.0000,2333.6764,2682.4042,2710.2007,3004.3537,1732.4844,937.4845
2020-06-12,126,202.5175,336.6962,604.3623,537.6187,1062.3012,1905.4930,2211.7796,2310.3327,2475.5504,1725.2454,1090.9157
2020-06-12,126,240.0000,362.4781,622.3826,550.1299,1070.4984,1904.6067,2223.0000,2325.8336,2466.8778,1732.0475,1091.9039
2020-06-14,126,514.6274,560.6732,864.5145,825.5936,1422.0000,2378.1323,2653.0000,2774.6096,2966.0000,2290.6488,1424.6521
2020-06-14,126,458.1458,514.0000,838.6872,805.5792,1434.0295,2434.9932,2717.6639,2823.9715,3011.0000,2300.2349,1432.7603
2020-06-17,126,242.0289,332.4860,632.7316,609.7691,1149.6234,2034.5763,2291.6819,2390.8701,2609.0000,2084.2533,1250.2618
2020-06-17,126,272.0000,346.4189,642.3927,613.9575,1149.4452,2026.4973,2305.5002,2393.1948,2625.5333,2082.6266,1252.8178
2020-06-19,126,339.0000,460.4526,740.4829,693.5787,1245.7618,2130.0000,2450.4053,2647.3467,2780.6131,2195.2748,1361.9161
2020-06-19,126,371.0000,478.5746,750.2914,697.0913,1248.0000,2141.0000,2443.9777,2646.9242,2778.0000,2193.2952,1353.8091
2020-06-22,126,231.0000,358.3637,616.6979,549.5111,1033.1414,1883.7157,2196.4968,2354.8460,2484.5124,1987.5288,1209.6409
2020-06-22,126,278.0746,392.5155,634.4039,564.6191,1040.7387,1890.7734,2200.8839,2354.9836,2481.9938,1980.0655,1211.0133
2020-06-24,126,-9999.0000,-9999.0000,-9999.0000,-9999.0000,-9999.0000,-9999.0000,-9999.0000,-9999.0000,-9999.0000,-9999.0000,-9999.0000
2020-06-27,126,228.0000,308.5348,616.6653,573.9456,1097.6173,2102.4131,2452.9125,2565.0255,2788.0912,2170.9335,1226.9292
2020-06-27,126,355.0000,408.2390,676.6415,617.9186,1118.0279,2089.4461,2426.3477,2522.7808,2754.7580,2156.3247,1219.3826
2020-06-29,126,386.8125,512.4962,780.4794,721.3891,1262.0272,2269.3865,2659.8882,2786.1271,3011.4056,2410.9333,1420.4088
2020-06-29,126,474.0000,574.6367,818.5197,745.3928,1269.9661,2248.0000,2649.0000,2754.7662,2973.9311,2395.6669,1418.9479
2020-07-02,126,-9999.0000,-9999.0000,-9999.0000,-9999.0000,-9999.0000,-9999.0000,-9999.0000,-9999.0000,-9999.0000,-9999.0000,-9999.0000
2020-07-02,126,-9999.0000,-9999.0000,-9999.0000,-9999.0000,-9999.0000,-9999.0000,-9999.0000,-9999.0000,-9999.0000,-9999.0000,-9999.0000
2020-07-04,126,-9999.0000,-9999.0000,-9999.0000,-9999.0000,-9999.0000,-9999.0000,-9999.0000,-9999.0000,-9999.0000,-9999.0000,-9999.0000
2020-07-04,126,-9999.0000,-9999.0000,-9999.0000,-9999.0000,-9999.0000,-9999.0000,-9999.0000,-9999.0000,-9999.0000,-9999.0000,-9999.0000
2020-07-07,126,300.0000,480.6033,948.4350,924.7417,1664.6737,2790.3550,3129.7082,3405.5397,3529.3751,2756.9489,1555.7994
2020-07-07,126,354.9454,516.5487,960.3084,933.3730,1660.0000,2769.6610,3113.4722,3384.6663,3514.3153,2749.7407,1555.8911
2020-07-09,126,408.5359,634.6525,1068.0000,1044.5797,1844.4975,2976.8691,3405.4828,3529.5870,3776.0000,3097.5122,1811.8389
2020-07-09,126,522.0000,708.8040,1090.0000,1049.0478,1803.0000,2889.7004,3318.2544,3429.2609,3665.7850,3049.8910,1796.1458
2020-07-12,126,263.0000,462.6398,864.5130,765.1433,1505.4837,2661.2553,3017.8810,3217.5175,3337.5770,2593.3085,1507.3979
2020-07-12,126,314.0000,490.6775,880.3002,769.3880,1504.4525,2650.0325,3021.2945,3204.7389,3333.1531,2581.2303,1508.1154
2020-07-14,126,503.0000,606.5060,1014.9724,969.3725,1746.3809,2949.7374,3277.0149,3441.7893,3624.5136,2932.6976,1664.6738
2020-07-14,126,526.5971,620.2654,1020.6720,969.3878,1744.7385,2953.0000,3269.2526,3444.0000,3622.5677,2932.4875,1660.0091
2020-07-17,126,250.5315,376.6629,782.9174,725.0418,1486.0045,2637.5466,2963.0000,3054.0055,3288.4305,2508.5428,1420.4856
2020-07-17,126,344.0000,450.5893,822.3981,749.3623,1473.7100,2592.0000,2924.3565,3012.0000,3240.9824,2490.2633,1409.6634
2020-07-19,126,307.0000,480.4980,904.2664,721.4099,1582.2202,2910.5999,3266.0016,3339.9974,3517.3947,2709.8640,1546.7108
2020-07-19,126,402.0000,550.5579,928.7429,741.6162,1558.2379,2837.0419,3209.0000,3267.6286,3441.6426,2673.3976,1540.3701
2020-07-22,126,-9999.0000,-9999.0000,-9999.0000,-9999.0000,-9999.0000,-9999.0000,-9999.0000,-9999.0000,-9999.0000,-9999.0000,-9999.0000
2020-07-22,126,-9999.0000,-9999.0000,-9999.0000,-9999.0000,-9999.0000,-9999.0000,-9999.0000,-9999.0000,-9999.0000,-9999.0000,-9999.0000
2020-07-27,126,409.0000,474.6440,796.3856,605.0916,1306.3342,2508.0963,2837.8877,2829.4972,3069.0000,2242.5683,1234.9913
2020-07-27,126,475.0000,520.6558,820.6105,621.3597,1304.5144,2501.3666,2819.6998,2812.8508,3051.6646,2244.4060,1219.2495
2020-07-29,126,589.0000,714.0000,992.6210,832.6293,1516.6235,2589.2891,2988.2812,2987.8046,3227.6785,2601.7832,1523.7943
2020-07-29,126,664.0000,766.0000,1014.5508,850.4071,1498.1163,2549.0000,2956.8319,2946.8880,3178.0114,2580.7505,1493.1535
2020-08-01,126,462.0000,628.3739,870.3445,1044.5873,1556.4522,2105.2286,2419.5042,2515.7334,2770.4026,2902.0000,1849.6686
2020-08-01,126,551.0000,686.2850,900.5367,1044.9982,1540.5000,2085.8087,2403.7879,2483.1441,2745.0132,2869.7226,1850.0914
2020-08-06,126,385.0000,536.4202,834.8377,1093.1477,1585.3899,2234.5484,2515.1486,2602.2743,2922.3427,3033.1499,1883.4021
2020-08-06,126,436.0000,564.5906,852.0000,1084.5408,1581.0324,2235.7210,2516.3693,2601.8506,2914.8028,3005.5343,1877.7579
2020-08-08,126,438.0000,660.7495,922.7145,1212.8677,1625.5975,2217.7919,2533.4333,2698.5618,2891.4963,3185.8195,2076.4738
2020-08-08,126,533.0000,716.5127,948.4543,1194.0000,1586.2544,2184.5461,2499.3595,2658.9429,2852.1206,3138.9433,2054.2587
2020-08-11,126,-9999.0000,-9999.0000,-9999.0000,-9999.0000,-9999.0000,-9999.0000,-9999.0000,-9999.0000,-9999.0000,-9999.0000,-9999.0000
2020-08-11,126,-9999.0000,-9999.0000,-9999.0000,-9999.0000,-9999.0000,-9999.0000,-9999.0000,-9999.0000,-9999.0000,-9999.0000,-9999.0000
2020-08-13,126,389.0000,538.6704,848.2216,1124.0000,1565.7666,2140.3312,2391.9551,2454.7171,2770.2787,3242.9589,2069.1601
2020-08-13,126,549.0000,650.6263,910.0000,1113.6648,1530.3424,2134.4807,2372.7795,2426.2661,2722.6474,3181.0000,2045.5290
2020-08-16,126,364.2754,472.1441,698.3173,889.1809,1261.6670,1746.7226,2002.5017,2067.5452,2310.6196,2837.5437,1861.1689
2020-08-16,126,419.0000,512.4290,722.2195,897.6451,1262.0904,1748.6528,1996.9385,2075.3124,2298.9994,2822.1236,1856.7416
2020-08-21,126,422.0000,572.0000,730.5691,882.1647,1216.6963,1673.8094,1940.8645,1995.0261,2209.6559,2853.6431,1989.2885
2020-08-21,126,442.0000,579.0000,734.5454,890.3373,1222.3217,1665.9520,1939.9700,1995.6376,2201.8584,2864.5247,1985.4649
2020-08-23,126,462.0000,554.4174,790.6389,980.8684,1389.6890,1900.8576,2119.3023,2183.6643,2454.1826,3147.9469,2107.3540
2020-08-23,126,553.0000,623.0000,830.4583,992.8346,1380.9286,1906.4868,2131.4686,2193.8256,2442.8652,3112.7728,2088.8009
2020-08-26,126,604.0000,684.2154,884.0000,1044.0000,1396.8967,1883.4383,2135.8511,2245.6501,2455.7540,2860.7483,1912.3985
2020-08-26,126,595.0000,673.0000,872.0000,1042.0000,1400.2268,1883.8578,2144.6856,2234.3355,2460.1784,2872.7233,1916.8721
2020-08-28,126,648.3695,949.4042,1232.9722,1611.3153,1918.4148,2043.5936,2259.1827,2274.4179,2467.5738,3517.8240,3098.2302
2020-08-28,126,760.0000,1001.2114,1241.0010,1541.8996,1836.6302,2025.5749,2243.0432,2250.8256,2435.4203,3427.0000,3049.7576
2020-09-02,126,-9999.0000,-9999.0000,-9999.0000,-9999.0000,-9999.0000,-9999.0000,-9999.0000,-9999.0000,-9999.0000,-9999.0000,-9999.0000
2020-09-02,126,-9999.0000,-9999.0000,-9999.0000,-9999.0000,-9999.0000,-9999.0000,-9999.0000,-9999.0000,-9999.0000,-9999.0000,-9999.0000
2020-09-05,126,832.0000,1049.1011,1368.3068,1707.2197,1978.1476,2164.5502,2314.8890,2355.9547,2499.4829,3474.3021,3015.4875
2020-09-05,126,874.0000,1072.8909,1372.2939,1682.6411,1945.0433,2149.7295,2300.5528,2347.1029,2483.5921,3452.1922,3002.1567
2020-09-07,126,-9999.0000,-9999.0000,-9999.0000,-9999.0000,-9999.0000,-9999.0000,-9999.0000,-9999.0000,-9999.0000,-9999.0000,-9999.0000
2020-09-07,126,-9999.0000,-9999.0000,-9999.0000,-9999.0000,-9999.0000,-9999.0000,-9999.0000,-9999.0000,-9999.0000,-9999.0000,-9999.0000
2020-09-10,126,1250.6696,1462.0000,1701.0412,1860.4393,2189.6197,2469.5395,2676.9626,2668.6808,2817.3345,3229.9753,2866.8281
2020-09-10,126,1336.4029,1498.0000,1690.0000,1805.3696,2088.6396,2402.6239,2633.8281,2618.0000,2764.6669,3145.4814,2763.9902
2020-09-12,126,961.0000,1172.9194,1520.9702,1874.4614,2163.7150,2379.5529,2506.2664,2570.3302,2707.6836,3739.6604,3258.8490
2020-09-12,126,978.0000,1189.1783,1528.0000,1883.9937,2169.6858,2380.5665,2507.5617,2570.9031,2716.1943,3739.4130,3257.7058
2020-09-15,126,842.0000,1069.3553,1396.7148,1723.1696,2005.4632,2203.6840,2354.4566,2411.1262,2547.6479,3474.0152,2988.6981
2020-09-15,126,874.0000,1089.6571,1405.1093,1730.4882,1997.0534,2202.1280,2354.8486,2418.7336,2548.4711,3476.4948,2978.7244
2020-09-17,126,1403.8032,1523.2518,1825.0202,2010.6145,2337.1216,2669.6182,2902.5197,2924.0000,3061.9307,3424.7719,2828.0246
2020-09-17,126,1388.0000,1517.1056,1796.7202,1960.9700,2285.5174,2615.0000,2854.5411,2864.8080,3005.1339,3393.7162,2819.2982
2020-09-20,126,813.5393,1112.4996,1428.7567,1699.3459,1997.5880,2228.7823,2418.3630,2469.4606,2602.5973,3451.4490,3075.4845
2020-09-20,126,850.0000,1136.4962,1440.8007,1698.7602,1985.9099,2233.5663,2428.8722,2467.5711,2604.5415,3443.4430,3066.6555
2020-09-25,126,663.0000,801.7426,1080.8335,1205.0987,1536.3707,1964.5408,2138.9653,2139.5659,2322.8406,2565.7376,1779.0000
2020-09-25,126,725.0000,838.2108,1097.1772,1208.5864,1545.7617,1964.5766,2130.2389,2139.4725,2317.7891,2553.1956,1772.0396
2020-09-30,126,658.0000,848.6314,1062.0000,1145.2543,1462.6287,1867.5234,2036.0996,2091.7676,2162.0361,2404.9574,1877.1356
2020-09-30,126,716.0000,884.6937,1082.0000,1149.1543,1460.5081,1866.5509,2034.5793,2090.7412,2170.8842,2400.4791,1878.1400
2020-10-07,126,451.0000,686.3527,962.4831,1001.5169,1470.4880,2054.1343,2278.0000,2392.5618,2405.5075,2553.5384,1870.0450
2020-10-07,126,467.0000,690.8103,968.5488,1001.2368,1473.3856,2067.5208,2262.1749,2389.6255,2419.3722,2552.0000,1858.0000
2020-10-10,126,976.0000,1144.0000,1366.0000,1277.0771,1751.0000,2378.0811,2579.6759,2619.9652,2690.6758,2613.8213,2012.8526
2020-10-10,126,942.0000,1122.0000,1362.0000,1277.7868,1781.0000,2434.4242,2658.7604,2684.4205,2780.1316,2640.9083,2019.5282
2020-10-12,126,474.0000,606.6426,924.4890,933.3052,1413.4560,2121.7393,2276.8670,2389.1419,2442.1019,2333.6399,1567.0000
2020-10-12,126,498.0000,622.6038,932.4741,937.7724,1417.6735,2119.5669,2281.6360,2391.9531,2441.9922,2334.0000,1565.0765
2020-10-20,126,1277.0000,1386.0000,1566.0000,1400.0000,1886.6895,2532.3347,2718.0243,2764.6084,2793.6667,2237.0000,1653.0000
2020-10-22,126,-9999.0000,-9999.0000,-9999.0000,-9999.0000,-9999.0000,-9999.0000,-9999.0000,-9999.0000,-9999.0000,-9999.0000,-9999.0000
2020-10-25,126,395.0000,576.4456,926.2847,829.7101,1441.7416,2282.5328,2457.4653,2474.0507,2582.2929,2205.5677,1428.0000
2020-10-25,126,474.0000,634.1590,958.5379,841.5192,1440.8765,2260.5305,2438.2846,2454.7823,2568.2870,2189.8697,1417.0000
2020-10-30,126,-9999.0000,-9999.0000,-9999.0000,-9999.0000,-9999.0000,-9999.0000,-9999.0000,-9999.0000,-9999.0000,-9999.0000,-9999.0000
2020-11-04,126,602.0000,742.3953,1080.0000,908.6279,1602.1287,2482.5182,2667.7349,2652.1311,2820.9541,2233.4788,1442.0000
2020-11-04,126,686.0000,792.1280,1112.0000,930.2797,1618.2899,2514.5318,2702.0362,2666.0415,2850.3956,2236.7168,1436.6678
2020-11-06,126,107.0000,436.8920,866.4854,746.6591,1549.5331,2627.9406,2869.1904,2984.2836,3026.4175,2506.5071,1722.9417
2020-11-06,126,423.0000,664.1417,988.0013,833.2058,1526.5593,2494.6021,2715.2416,2821.1198,2861.0000,2443.0000,1696.4740
2020-11-09,126,416.5305,660.8823,998.7227,832.8612,1545.1181,2514.0973,2751.0000,2889.3911,2907.5015,2199.0000,1565.0312
2020-11-09,126,454.0000,680.4596,1012.4098,833.7252,1547.0000,2510.5441,2739.0000,2869.7029,2911.0000,2196.6927,1564.4082
2020-11-11,126,240.0000,441.5226,929.9474,805.6816,1642.0000,2814.5888,2993.6906,3162.7534,3161.1945,2481.0000,1650.3195
2020-11-11,126,513.0000,648.2584,1038.0000,889.0014,1621.0116,2661.1705,2834.8822,2983.6166,3003.0000,2405.7718,1643.2856
2020-11-19,126,235.0000,494.5677,848.6686,673.4519,1361.3127,2355.9892,2554.9796,2726.8365,2723.3466,1954.3645,1277.7394
2020-11-19,126,245.0000,492.5552,846.5138,669.6875,1360.4545,2360.8875,2560.0000,2731.5869,2720.8100,1960.7662,1280.0000
2020-11-21,126,117.0000,318.0000,802.7510,672.8100,1481.5675,2681.6735,2901.3912,3239.3395,3091.5162,2349.5911,1496.0983
2020-11-21,126,381.0000,528.7021,924.4103,773.9462,1496.8108,2571.0000,2764.7581,3093.4981,2972.0000,2293.9079,1474.0032
2020-11-24,126,467.0000,618.6568,954.4809,837.7386,1535.0000,2445.2607,2602.0296,2802.7292,2810.9063,2294.5865,1490.0000
2020-11-24,126,377.0000,542.7225,908.3133,797.5477,1536.5596,2481.1900,2689.2847,2866.1984,2858.8929,2313.0000,1492.4849
2020-11-26,126,343.0000,654.8860,1020.3160,925.9756,1718.1432,2729.5520,2957.1147,3187.3371,3161.0000,2406.0000,1564.8710
2020-11-26,126,573.0000,820.7781,1106.0000,985.1912,1684.0000,2609.0000,2826.0000,3034.9394,3028.0708,2349.2663,1556.1712
2020-11-29,126,305.0000,582.7095,918.2758,837.7824,1586.6771,2501.0000,2731.3983,2906.8299,2934.3462,2362.0000,1672.0000
2020-11-29,126,232.0000,526.0981,882.5997,809.9774,1589.1664,2541.0000,2764.6508,2964.6784,2963.6767,2381.6358,1682.3633
2020-12-01,126,-9999.0000,-9999.0000,-9999.0000,-9999.0000,-9999.0000,-9999.0000,-9999.0000,-9999.0000,-9999.0000,-9999.0000,-9999.0000
2020-12-01,126,-9999.0000,-9999.0000,-9999.0000,-9999.0000,-9999.0000,-9999.0000,-9999.0000,-9999.0000,-9999.0000,-9999.0000,-9999.0000
2020-12-19,126,445.0000,695.0000,959.0000,858.3016,1496.6228,2329.4911,2516.4478,2597.6173,2674.3934,1933.3238,1314.4357
2020-12-19,126,449.0000,689.0000,960.5113,860.4209,1512.3284,2362.6841,2570.0000,2642.6130,2716.0000,1950.0697,1328.6797
2020-12-26,126,-9999.0000,-9999.0000,-9999.0000,-9999.0000,-9999.0000,-9999.0000,-9999.0000,-9999.0000,-9999.0000,-9999.0000,-9999.0000
2020-12-26,126,-9999.0000,-9999.0000,-9999.0000,-9999.0000,-9999.0000,-9999.0000,-9999.0000,-9999.0000,-9999.0000,-9999.0000,-9999.0000
2020-12-31,126,293.0000,460.4969,840.6404,754.8036,1514.4677,2692.1997,2837.6751,3030.8059,3046.6582,2155.0000,1292.7609
2020-12-31,126,297.0000,457.0000,838.7569,748.7371,1516.1878,2714.6931,2891.3336,3061.8208,3082.4702,2172.5072,1294.8215
2021-01-03,126,190.0000,390.6050,772.2743,702.3440,1402.0040,2404.0000,2579.1141,2699.9738,2763.4247,1742.2553,1005.9776
2021-01-03,126,302.0000,466.4638,814.2891,732.7613,1420.5936,2419.3834,2594.5642,2699.0420,2770.7633,1729.9828,1005.4191
2021-01-08,126,164.0000,469.0000,784.5905,700.3197,1340.4044,2314.9536,2484.1856,2684.7634,2643.4962,1761.2775,1189.4378
2021-01-08,126,213.0000,496.3602,800.2471,708.8649,1353.0000,2329.7588,2505.5226,2697.5962,2651.5687,1758.0352,1190.0000
2021-01-13,126,260.0000,460.2560,806.9107,753.2580,1442.5817,2362.5195,2523.1899,2763.5444,2707.3094,1978.0251,1248.9815
2021-01-13,126,315.0000,488.3641,824.3231,760.3057,1450.8555,2369.4832,2531.1720,2763.0527,2715.9402,1977.0181,1246.2235
2021-01-18,126,-9999.0000,-9999.0000,-9999.0000,-9999.0000,-9999.0000,-9999.0000,-9999.0000,-9999.0000,-9999.0000,-9999.0000,-9999.0000
2021-02-09,126,-9999.0000,-9999.0000,-9999.0000,-9999.0000,-9999.0000,-9999.0000,-9999.0000,-9999.0000,-9999.0000,-9999.0000,-9999.0000
2021-02-14,126,46.0000,312.5580,634.3406,665.3016,1356.7913,2309.4156,2549.0111,2922.4029,2756.9032,2325.4764,1549.9913
2021-02-14,126,275.0000,482.3091,740.7306,738.1253,1365.0152,2249.2415,2468.7031,2819.7458,2684.0000,2285.5559,1534.1348
2021-02-17,126,994.0000,1088.0000,1166.0000,1096.0000,1552.5771,2133.4329,2323.0000,2473.0239,2493.6197,2148.5398,1490.4863
2021-02-17,126,1001.0000,1084.0000,1166.0000,1094.0000,1566.3216,2166.0000,2342.3055,2496.5671,2521.3862,2157.1634,1494.2538
2021-02-22,126,-9999.0000,-9999.0000,-9999.0000,-9999.0000,-9999.0000,-9999.0000,-9999.0000,-9999.0000,-9999.0000,-9999.0000,-9999.0000
2021-02-24,126,492.0000,766.6721,1050.0000,1084.0000,1707.0000,2428.7194,2628.3071,2852.0325,2819.3639,2417.8574,1696.5385
2021-02-24,126,517.0000,780.3127,1058.0000,1084.0000,1702.7357,2413.6380,2627.7953,2843.0700,2810.0000,2422.4961,1706.5266
2021-02-27,126,596.0000,880.3659,1108.0000,1320.0000,1507.0000,1621.7770,1722.0867,1813.3517,1818.0061,2378.1846,2277.0920
2021-02-27,126,640.0000,906.0000,1124.0000,1332.0000,1516.9218,1634.1608,1734.1635,1824.7110,1825.7996,2364.6946,2278.3316
2021-03-01,126,519.0000,726.7370,1028.0000,1365.0120,1536.6972,1661.8621,1753.6263,1963.0084,1901.2867,2707.0000,2490.5906
2021-03-01,126,550.0000,742.7539,1036.4744,1368.5832,1536.2498,1666.6746,1749.5889,1962.9875,1897.1724,2700.0000,2481.8446
2021-03-04,126,1111.0000,1220.0000,1412.0000,1604.9257,1814.6690,1949.2821,2024.5497,2141.2776,2132.6498,2629.0000,2353.1771
2021-03-04,126,1227.0000,1296.0000,1458.0000,1616.8374,1823.0000,1964.9105,2041.0440,2149.2249,2145.1010,2622.2697,2340.9334
2021-03-06,126,566.0000,898.7005,1176.9585,1516.5972,1694.4836,1826.2848,1945.7588,2194.3336,2090.2989,2921.4597,2760.4076
2021-03-06,126,642.0000,940.4212,1197.4828,1516.8772,1695.0000,1830.2577,1940.7422,2177.2615,2077.1203,2909.3186,2755.0000
2021-03-09,126,734.0000,968.4621,1160.0000,1412.6085,1593.0000,1722.4096,1825.8625,1985.2914,1944.9621,2633.4782,2567.0000
2021-03-09,126,676.0000,930.5250,1132.0000,1417.2343,1606.0625,1733.2932,1841.6895,2003.6758,1957.6991,2660.5490,2575.0000
2021-03-16,126,600.0000,932.9865,1208.8756,1635.8474,1857.6127,2015.0000,2134.2329,2378.0167,2281.4996,3138.0000,2944.8302
2021-03-16,126,664.5188,965.7844,1224.6864,1621.6822,1850.2800,2001.0362,2127.0000,2360.9143,2268.9904,3121.0000,2923.0514
2021-03-19,126,526.0000,762.9065,990.2278,1316.9195,1530.1998,1702.3204,1824.8571,2009.8121,1969.8141,2640.0000,2433.3482
2021-03-19,126,582.0000,796.4967,1009.0000,1317.1915,1533.0000,1706.2555,1821.0282,2003.1602,1968.4813,2636.5331,2420.6215
2021-03-21,126,-9999.0000,-9999.0000,-9999.0000,-9999.0000,-9999.0000,-9999.0000,-9999.0000,-9999.0000,-9999.0000,-9999.0000,-9999.0000
2021-03-21,126,-9999.0000,-9999.0000,-9999.0000,-9999.0000,-9999.0000,-9999.0000,-9999.0000,-9999.0000,-9999.0000,-9999.0000,-9999.0000
2021-03-24,126,661.0000,949.3074,1296.3868,1674.4552,1905.2297,2077.7954,2193.0125,2372.3107,2344.0030,3108.4103,2789.5899
2021-03-24,126,698.0000,965.5059,1300.2902,1675.4827,1901.3506,2081.7339,2188.7445,2371.5085,2346.0000,3102.0000,2785.8245
2021-03-26,126,997.0000,1268.6739,1528.1779,1818.8836,2088.1053,2286.6543,2424.9770,2584.1138,2549.7512,3345.0652,3148.0891
2021-03-26,126,1037.0000,1289.1047,1529.0015,1808.5995,2081.7103,2272.4581,2408.9677,2569.1652,2530.0029,3339.0000,3155.9032
2021-03-29,126,995.0000,1210.0000,1425.1786,1689.1172,1901.3519,2042.0000,2165.5369,2257.5232,2285.0631,3117.5022,3034.7127
2021-03-29,126,1003.0000,1218.0000,1437.3226,1713.4264,1926.3917,2069.0877,2193.6399,2284.5709,2321.4586,3130.5503,3042.5787
2021-03-31,126,946.3665,1181.3199,1504.6849,1882.8388,2086.1361,2217.2284,2317.5455,2443.3984,2478.6422,3413.1461,3212.3931
2021-03-31,126,1013.0000,1204.4000,1493.4790,1827.3235,2033.5550,2172.5226,2268.9936,2397.3115,2421.4726,3360.9508,3189.4043
2021-04-03,126,818.0000,1052.9369,1341.3478,1715.4615,1918.4788,2062.0264,2189.1597,2346.8571,2344.9370,3290.5807,3067.2112
2021-04-03,126,880.0000,1081.2237,1356.8536,1707.3937,1909.0947,2060.4440,2180.1550,2338.6587,2337.9069,3277.7607,3059.4829
2021-04-05,126,941.0000,1268.5258,1569.0004,1955.0299,2142.2774,2280.2943,2413.0982,2600.4840,2544.9206,3563.2850,3474.4226
2021-04-05,126,953.0000,1277.5578,1576.8324,1954.9385,2149.3251,2282.4326,2417.8043,2608.8387,2553.3247,3564.5079,3474.7772
2021-04-08,126,795.0000,1117.1790,1412.8132,1818.5061,1981.4310,2140.1844,2273.5146,2523.7076,2430.0025,3403.0371,3340.6305
2021-04-08,126,840.0000,1141.2888,1421.3544,1818.9352,1978.4048,2134.8374,2261.6701,2513.2556,2422.3351,3401.7528,3341.2991
2021-04-10,126,1097.4922,1349.0063,1715.3508,2154.6667,2363.1088,2505.0368,2621.1406,2802.0733,2797.2535,3808.9792,3548.0419
2021-04-10,126,1137.1247,1361.3592,1693.1312,2098.8005,2306.1791,2464.5000,2577.6954,2757.5350,2749.3900,3757.8050,3514.7706
2021-04-15,126,1008.0000,1172.6968,1349.0191,1603.3378,1856.3741,2029.5238,2153.0000,2305.8394,2276.5158,2533.0000,2109.3196
2021-04-15,126,1015.0000,1188.8172,1360.8439,1619.2067,1857.4880,2037.7376,2161.9071,2330.5545,2285.8347,2540.5200,2084.9814
2021-04-20,126,-9999.0000,-9999.0000,-9999.0000,-9999.0000,-9999.0000,-9999.0000,-9999.0000,-9999.0000,-9999.0000,-9999.0000,-9999.0000
2021-04-20,126,-9999.0000,-9999.0000,-9999.0000,-9999.0000,-9999.0000,-9999.0000,-9999.0000,-9999.0000,-9999.0000,-9999.0000,-9999.0000
2021-04-23,126,1043.0000,1435.4715,1867.7237,2279.3254,2590.0000,2803.0000,2915.1398,3058.6201,3067.6147,3868.0487,3560.1288
2021-04-23,126,1086.0000,1418.9786,1819.3183,2202.1527,2483.6020,2717.8020,2842.5133,2978.3516,2987.6627,3795.4997,3510.4364
2021-04-25,126,1190.0000,1595.3015,2011.0099,2363.1989,2681.4357,2906.0744,3085.5256,3228.3182,3213.8988,4130.8395,3942.0818
2021-04-25,126,1200.0000,1571.9888,1947.8760,2280.8557,2593.7779,2833.4941,3013.0000,3146.9627,3133.4425,4069.2747,3913.4091
2021-04-28,126,1049.0000,1410.4108,1787.0790,2105.4888,2394.4699,2626.0000,2774.2787,2858.9582,2898.0000,3448.8108,3203.5312
2021-04-28,126,1085.6266,1419.1265,1780.3207,2074.2989,2363.1915,2590.2074,2748.9722,2843.6129,2865.1957,3417.4745,3191.0948
2021-04-30,126,-9999.0000,-9999.0000,-9999.0000,-9999.0000,-9999.0000,-9999.0000,-9999.0000,-9999.0000,-9999.0000,-9999.0000,-9999.0000
2021-04-30,126,-9999.0000,-9999.0000,-9999.0000,-9999.0000,-9999.0000,-9999.0000,-9999.0000,-9999.0000,-9999.0000,-9999.0000,-9999.0000
2021-05-03,126,971.0000,1273.9818,1721.8441,2066.7812,2427.1447,2702.0454,2837.4039,3010.1284,2994.5555,3707.3204,3318.8693
2021-05-03,126,1003.0000,1282.9173,1714.6946,2041.7672,2394.7479,2689.3594,2825.9785,2987.5877,2986.3696,3691.0000,3321.2093
2021-05-05,126,-9999.0000,-9999.0000,-9999.0000,-9999.0000,-9999.0000,-9999.0000,-9999.0000,-9999.0000,-9999.0000,-9999.0000,-9999.0000
2021-05-05,126,-9999.0000,-9999.0000,-9999.0000,-9999.0000,-9999.0000,-9999.0000,-9999.0000,-9999.0000,-9999.0000,-9999.0000,-9999.0000
2021-05-08,126,520.0000,781.9476,1072.8748,1434.4682,1693.0154,1915.1656,2074.5308,2228.6602,2268.7473,2916.5449,2412.2021
2021-05-08,126,610.0000,833.5759,1096.9088,1411.3475,1661.4337,1900.8318,2058.3088,2210.2357,2259.7135,2868.9048,2394.9875
2021-05-10,126,1249.0000,1538.7266,1978.9544,2389.3569,2739.2716,2970.0507,3113.8760,3202.7400,3338.4110,4330.0241,3958.9223
2021-05-10,126,1249.4741,1523.1556,1929.5153,2311.7570,2658.8354,2913.2917,3057.9791,3153.6493,3277.1969,4267.0158,3926.1261
2021-05-13,126,988.0000,1120.0000,1370.0000,1565.3796,1834.1336,2048.8654,2187.8568,2234.8146,2323.0499,2249.6134,1792.6875
2021-05-13,126,950.0000,1100.0000,1366.0000,1572.9245,1837.0000,2062.0297,2201.1199,2258.6897,2345.5409,2261.1984,1784.8562
2021-05-15,126,735.0000,1065.0180,1336.0000,1500.5592,1738.0000,2123.0000,2236.0000,2469.8557,2301.0000,2516.0000,1941.0000
2021-05-15,126,-9999.0000,-9999.0000,-9999.0000,-9999.0000,-9999.0000,-9999.0000,-9999.0000,-9999.0000,-9999.0000,-9999.0000,-9999.0000
2021-05-18,126,727.0000,1066.0155,1443.3223,1771.9463,2068.0000,2371.0000,2529.5160,2667.1635,2689.3493,3371.8099,3015.7113
2021-05-18,126,776.0000,1077.8556,1434.7958,1755.0057,2052.4159,2345.5463,2523.8574,2650.7555,2683.4298,3356.5080,2983.9147
2021-05-20,126,889.7017,1186.5455,1610.7034,1974.8293,2329.2537,2651.4064,2777.8426,2955.7661,2955.9308,3641.7972,3096.0008
2021-05-20,126,914.4396,1177.7263,1586.8121,1923.9661,2269.8768,2611.7190,2756.0021,2915.7097,2923.2169,3622.7595,3090.2541
2021-05-23,126,1804.0000,1977.1864,2260.6609,2346.9205,2731.2141,3077.5894,3230.0000,3292.3249,3348.7024,3100.0049,2707.0823
2021-05-23,126,1846.1149,2024.8657,2336.3769,2409.5282,2806.4122,3190.1745,3345.1911,3403.5438,3461.9539,3131.8889,2731.3185
2021-05-25,126,1103.0000,1355.0293,1730.7418,1915.8801,2443.6964,3017.7405,3303.2759,3384.0734,3497.0127,3674.6297,2807.0315
2021-05-25,126,1129.9671,1355.3689,1731.2127,1923.0978,2443.1692,3002.1465,3288.6740,3380.9726,3476.4446,3670.0316,2822.9632
2021-05-28,126,702.5967,969.1128,1372.8805,1586.7059,1970.5938,2421.0624,2620.1635,2746.6414,2755.5460,3154.9115,2723.8379
2021-05-28,126,751.0000,989.3596,1356.9330,1547.0526,1913.5018,2382.8941,2571.0213,2708.1202,2723.0372,3098.1158,2691.5782
2021-05-30,126,1164.7327,1426.6019,1947.5944,2198.1516,2626.7733,3268.6803,3443.1818,3610.3614,3605.7112,4056.4223,3481.1030
2021-05-30,126,1161.7280,1404.0059,1899.4873,2133.4499,2568.0000,3214.4391,3385.8335,3547.7970,3538.8787,4028.2727,3465.2697
2021-06-02,126,677.0000,893.5452,1281.2267,1499.5597,1860.0372,2416.8642,2604.9251,2699.1274,2749.3187,3203.2880,2747.9430
2021-06-02,126,786.2892,946.2652,1293.1121,1483.3867,1835.7986,2393.7017,2581.5716,2667.3374,2725.1436,3155.5074,2730.6201
2021-06-04,126,953.0000,1240.0000,1516.0000,1600.2167,1969.9684,2541.5989,2805.9105,2833.6576,2924.8197,3073.8683,2706.4821
2021-06-04,126,922.4835,1246.0000,1529.0079,1625.4429,2005.1306,2581.7919,2848.8954,2865.8163,2965.9726,3108.4703,2733.3675
2021-06-07,126,967.0000,1080.0000,1337.0857,1377.0992,1769.9102,2539.2170,2844.4543,2838.9184,2969.7569,2725.0000,2178.4054
2021-06-07,126,968.0000,1078.0000,1349.5184,1389.4304,1788.3055,2586.4320,2892.7381,2886.7106,3026.9935,2756.5580,2178.4492
2021-06-09,126,842.4545,905.2364,1237.0321,1267.2575,1685.9573,2721.7919,2996.2923,3019.1234,3132.2640,2925.4214,2267.6997
2021-06-09,126,798.0000,877.5703,1224.7492,1267.5800,1705.6850,2778.2482,3058.9979,3074.6215,3179.7800,2980.9084,2283.9941
2021-06-12,126,384.3097,489.4394,844.6469,851.0954,1290.7643,2605.8816,3068.3887,3071.5020,3188.3289,2532.6548,1850.3303
2021-06-12,126,557.0000,633.2965,929.9956,907.2365,1322.2815,2553.6689,2988.6608,2986.5547,3113.6233,2491.2393,1844.2501
2021-06-14,126,521.0000,645.1834,933.3029,859.6438,1307.7757,2789.9796,3398.5015,3452.0134,3485.6639,2649.7158,1937.5927
2021-06-14,126,479.0000,612.8387,918.3284,843.2208,1307.4588,2829.2756,3442.4034,3497.8157,3539.1073,2682.8038,1950.0756
2021-06-17,126,128.8897,265.2779,564.5758,484.5374,924.5920,2617.7288,3333.1209,3348.5016,3416.0000,2235.6904,1524.7751
2021-06-17,126,417.0000,509.5781,741.7627,628.3648,1008.0000,2512.4926,3163.8198,3189.0815,3261.7142,2186.0345,1508.0909
2021-06-19,126,624.0000,649.3881,913.1312,801.2134,1190.4888,2704.0000,3265.1611,3209.1832,3398.2351,2187.2296,1429.9822
2021-06-19,126,625.0000,660.9626,917.4023,801.8326,1194.1606,2702.5244,3261.4381,3216.9884,3406.0000,2188.1328,1425.5769
2021-06-22,126,237.0000,277.4763,556.3754,459.1695,851.5903,2713.1906,3530.1647,3549.2500,3646.0000,2045.1552,1235.9062
2021-06-22,126,348.0000,377.8447,621.1324,515.6743,893.2228,2677.2674,3475.0992,3480.8516,3580.0000,2034.5762,1228.7638
2021-06-24,126,444.7003,537.7963,769.6054,643.9872,1051.1309,2753.5430,3698.7532,3629.1157,3788.4860,2197.3222,1385.0000
2021-06-24,126,464.0000,546.2226,777.2534,652.4538,1049.6297,2757.5128,3699.0000,3636.4563,3800.5010,2202.3803,1388.0895
2021-06-27,126,-9999.0000,-9999.0000,-9999.0000,-9999.0000,-9999.0000,-9999.0000,-9999.0000,-9999.0000,-9999.0000,-9999.0000,-9999.0000
2021-06-27,126,1229.0000,1225.5962,1381.7414,1208.8556,1617.2512,3090.7706,3921.0335,3946.0000,4024.9526,2233.7472,1595.7695
2021-06-29,126,373.0000,405.3960,681.3440,555.1393,963.9523,2917.9494,3747.2612,3699.2846,3897.0000,2059.6706,1215.0000
2021-06-29,126,371.0000,401.1054,678.0107,548.0205,953.3604,2934.6358,3794.8408,3715.5972,3915.5873,2060.1072,1212.6648
2021-07-02,126,243.0000,281.5504,517.4584,362.7368,745.7187,2766.7109,3708.3163,3731.0462,3852.3060,1784.6123,986.2266
2021-07-02,126,257.0000,289.5869,521.5031,363.4786,746.1916,2760.6849,3738.8262,3730.0297,3876.5941,1783.2403,987.3002
2021-07-04,126,754.2939,756.4347,917.7652,667.5643,1099.6873,3021.3768,4140.7357,4049.6712,4280.2288,2010.3985,1124.0379
2021-07-07,126,175.0000,265.1691,493.5005,291.1265,699.2426,2709.0391,3769.9322,3747.7498,3898.1372,1650.5587,856.8670
2021-07-07,126,262.0000,332.6043,537.3883,331.5264,731.7460,2672.0975,3724.5406,3692.2942,3828.6413,1643.7412,868.0000
2021-07-09,126,174.0000,193.3540,485.3037,299.6306,779.7221,3164.0455,4205.3627,4283.7268,4355.0941,1900.2758,996.5010
2021-07-09,126,293.0000,289.5146,553.8326,364.1069,811.8419,3113.2243,4099.6607,4161.6636,4242.4683,1891.3027,996.3626
2021-07-12,126,135.0000,205.1199,518.0174,365.5369,819.5665,2956.5373,4027.9642,3954.3235,4202.4911,1826.1789,955.9462
2021-07-12,126,300.7300,346.6483,613.5097,445.4852,869.1262,2897.2876,3908.9771,3842.6107,4074.7155,1819.4076,965.5237
2021-07-14,126,-9999.0000,-9999.0000,-9999.0000,-9999.0000,-9999.0000,-9999.0000,-9999.0000,-9999.0000,-9999.0000,-9999.0000,-9999.0000
2021-07-19,126,-9999.0000,-9999.0000,-9999.0000,-9999.0000,-9999.0000,-9999.0000,-9999.0000,-9999.0000,-9999.0000,-9999.0000,-9999.0000
2021-07-19,126,-9999.0000,-9999.0000,-9999.0000,-9999.0000,-9999.0000,-9999.0000,-9999.0000,-9999.0000,-9999.0000,-9999.0000,-9999.0000
2021-07-22,126,310.0000,365.4443,609.5761,409.3995,849.0133,2902.6694,3963.6625,3915.4504,4227.8687,1861.3906,933.9926
2021-07-22,126,390.0000,426.5797,646.5871,437.5830,866.1132,2878.4646,3917.1684,3860.5385,4172.4987,1860.3894,923.2323
2021-07-24,126,809.0000,884.8062,1042.0000,813.4695,1197.6186,2813.6201,3810.0042,3758.0000,4002.3697,2075.2104,1162.2262
2021-07-24,126,546.5291,674.8003,906.4350,685.0088,1137.4497,3010.0292,4147.8043,4105.2138,4361.9037,2123.3922,1162.0509
2021-07-29,126,298.0000,342.3901,616.5575,417.1089,881.0000,2875.6182,3723.6106,3697.6149,3914.8994,1964.1554,996.8994
2021-07-29,126,415.0000,438.5812,674.6148,470.7472,908.0279,2804.0614,3612.7645,3595.6611,3809.0047,1940.0162,995.1086
2021-08-01,126,797.0000,730.1023,930.4333,765.3420,1269.3712,3299.1969,4124.0000,4208.0000,4336.0000,2317.8494,1395.0000
2021-08-01,126,845.0000,641.0645,885.0000,703.0000,1271.0000,3511.0000,4433.0000,4512.0000,4652.0000,2334.0000,1379.0000
2021-08-03,126,303.0000,444.3257,717.6493,549.8909,1061.0000,2739.8425,3592.9749,3610.6799,3783.8167,2101.1728,1205.0000
2021-08-03,126,369.0000,494.6916,753.3040,572.9342,1069.9278,2716.7728,3546.0000,3578.6734,3714.5905,2084.5230,1193.3064
2021-08-06,126,268.0000,414.5302,664.0000,513.2564,966.3516,2456.7891,3180.7043,3192.4947,3400.5927,1864.8903,1097.5283
2021-08-06,126,306.0000,436.2319,676.5296,521.7795,969.0000,2460.5499,3176.3932,3175.4040,3397.8073,1860.5062,1097.9366
2021-08-08,126,-9999.0000,-9999.0000,-9999.0000,-9999.0000,-9999.0000,-9999.0000,-9999.0000,-9999.0000,-9999.0000,-9999.0000,-9999.0000
2021-08-11,126,395.0000,508.2836,806.7431,773.3733,1242.0000,2315.6754,2806.3702,2791.5207,3044.8520,2116.9684,1309.3021
2021-08-11,126,449.0000,540.5795,821.6316,781.2527,1250.2410,2315.7204,2775.5482,2774.4183,3030.4602,2113.0000,1304.9207
2021-08-13,126,-9999.0000,-9999.0000,-9999.0000,-9999.0000,-9999.0000,-9999.0000,-9999.0000,-9999.0000,-9999.0000,-9999.0000,-9999.0000
2021-08-13,126,922.0000,991.0000,1186.0000,1208.0000,1604.6513,2258.0000,2660.9414,2636.0000,2816.0071,1961.0000,1393.0000
2021-08-16,126,355.0000,576.5608,840.3297,1028.4016,1429.7149,2067.9266,2457.9980,2491.0485,2769.7776,2405.4719,1638.3246
2021-08-16,126,418.0000,622.6169,864.7179,1025.2581,1428.5392,2068.7042,2445.7551,2483.7768,2755.5946,2390.3727,1633.0000
2021-08-18,126,372.0000,561.6192,905.6078,1243.6800,1674.3237,2283.7548,2580.6359,2757.6405,2936.1658,2793.3226,1899.0000
2021-08-18,126,480.0000,633.4617,937.6620,1235.2559,1652.4847,2250.4108,2536.3442,2728.0460,2904.0064,2747.0000,1877.9230
2021-08-21,126,431.0000,588.6463,842.8049,1201.3739,1553.9759,2001.9006,2317.2420,2412.1715,2700.4360,2633.2577,1714.5736
2021-08-21,126,562.0000,678.4486,894.3309,1185.3068,1533.0759,1981.4426,2291.6684,2378.4231,2649.4935,2596.3469,1706.0000
2021-08-26,126,363.0000,578.5790,812.5586,1209.3753,1546.5650,1932.9739,2252.3550,2387.2701,2611.2450,2614.0341,1794.5304
2021-08-26,126,371.0000,584.6039,814.0000,1216.7869,1553.0682,1940.0684,2258.0622,2395.0409,2618.8569,2617.0000,1788.7209
2021-08-28,126,-9999.0000,-9999.0000,-9999.0000,-9999.0000,-9999.0000,-9999.0000,-9999.0000,-9999.0000,-9999.0000,-9999.0000,-9999.0000
2021-08-28,126,-9999.0000,-9999.0000,-9999.0000,-9999.0000,-9999.0000,-9999.0000,-9999.0000,-9999.0000,-9999.0000,-9999.0000,-9999.0000
2021-08-31,126,1389.0000,827.0000,1052.0000,1368.0000,1705.0000,2099.0000,2391.0000,2406.0000,2853.0000,3177.0000,2282.0000
2021-08-31,126,-9999.0000,-9999.0000,-9999.0000,-9999.0000,-9999.0000,-9999.0000,-9999.0000,-9999.0000,-9999.0000,-9999.0000,-9999.0000
2021-09-02,126,276.0000,492.5405,716.3654,1068.9569,1333.8956,1643.1347,1893.0855,2072.3282,2188.9649,2765.7087,2066.0895
2021-09-02,126,387.0000,568.3134,764.1233,1072.8023,1332.4802,1652.1044,1900.6299,2067.5972,2180.7676,2725.1117,2049.4654
2021-09-05,126,219.0000,396.6574,570.5144,833.3903,1037.1028,1331.5201,1548.9273,1686.8219,1811.5149,2329.6135,1805.2569
2021-09-05,126,265.0000,424.5642,586.4646,837.3920,1041.6368,1330.6631,1539.8758,1683.8644,1812.0054,2326.0234,1802.0000
2021-09-07,126,630.0000,835.5722,1201.5564,1657.9412,2073.0000,2619.6415,2960.0000,3091.1447,3284.0000,3419.5021,2375.0000
2021-09-07,126,708.0000,899.8911,1217.5238,1625.2765,2049.8229,2643.0000,2885.2110,3047.4211,3226.0000,3320.4490,2389.0000
2021-09-10,126,849.0000,1361.1880,1875.5055,2710.7515,3170.9276,3473.5996,3789.1072,4075.2476,4284.4450,4502.7113,3122.1067
2021-09-10,126,937.4185,1363.4352,1853.0942,2647.4471,3099.1950,3420.6470,3716.7950,4008.8095,4202.9387,4457.6760,3098.6398
2021-09-12,126,876.0000,1427.0986,1915.9717,2694.9387,3196.0136,3436.2965,3785.9806,4002.7341,4244.2837,4774.7059,3473.5781
2021-09-12,126,958.6065,1413.0094,1858.2614,2585.9772,3050.0000,3309.5939,3650.7221,3867.9924,4098.5313,4675.3597,3451.7581
2021-09-20,126,572.4159,885.3020,1209.0994,1644.5794,1906.0868,2024.5831,2174.8446,2277.0560,2429.5109,3401.6962,2779.9671
2021-09-20,126,600.0000,905.4705,1221.2510,1664.9374,1925.0067,2036.3679,2181.7509,2288.5463,2436.0000,3409.2343,2787.9386
2021-09-22,126,1201.6351,1521.2771,1756.6749,2041.0909,2349.6257,2493.3566,2662.0851,2806.0000,2852.7144,3373.4761,2782.1372
2021-09-25,126,1190.4284,1490.3316,1715.0951,2019.1791,2332.1976,2555.6970,2762.8013,2843.0526,2996.1798,4074.2405,3432.0000
2021-09-25,126,1251.6396,1504.7519,1725.2759,2013.6063,2324.6252,2571.0000,2786.9343,2852.8571,3006.5183,4060.1365,3442.1744
2021-09-27,126,1107.1820,1362.7375,1650.8898,1995.0881,2356.9911,2641.8887,2825.1032,2890.6991,3122.6716,4137.0000,3354.6260
2021-09-27,126,1205.5699,1387.5675,1650.5728,1978.4183,2345.1645,2617.6031,2805.0047,2865.0699,3083.0000,4115.0000,3346.2545
2021-09-30,126,487.0000,746.4665,1016.2793,1361.0335,1606.0831,1748.0180,1883.6478,1979.2405,2092.3811,3290.8203,2878.0000
2021-09-30,126,553.0000,786.4414,1038.0000,1360.9255,1602.2005,1741.3531,1875.2100,1979.2051,2090.9409,3272.0000,2858.7051
2021-10-02,126,1540.0000,1764.0000,1886.0000,1976.0000,2276.6498,2409.6136,2533.4538,2644.7410,2644.8204,3041.3124,2676.3463
2021-10-05,126,-9999.0000,-9999.0000,-9999.0000,-9999.0000,-9999.0000,-9999.0000,-9999.0000,-9999.0000,-9999.0000,-9999.0000,-9999.0000
2021-10-10,126,-9999.0000,-9999.0000,-9999.0000,-9999.0000,-9999.0000,-9999.0000,-9999.0000,-9999.0000,-9999.0000,-9999.0000,-9999.0000
2021-10-10,126,-9999.0000,-9999.0000,-9999.0000,-9999.0000,-9999.0000,-9999.0000,-9999.0000,-9999.0000,-9999.0000,-9999.0000,-9999.0000
2021-10-15,126,603.0000,913.5321,1178.0000,1433.3562,1701.4650,1953.6519,2113.3727,2291.7404,2322.4507,3222.4090,2795.2868
2021-10-15,126,693.0000,966.2981,1204.0000,1437.5463,1696.4065,1949.5617,2105.7020,2282.5831,2309.4118,3209.3355,2788.4988
2021-10-17,126,744.0000,949.8570,1232.0000,1493.0771,1805.1099,2085.6923,2210.4290,2418.0310,2450.4395,3497.3148,2892.2801
2021-10-17,126,753.0000,953.2434,1236.0000,1497.4539,1810.0992,2089.1095,2218.6880,2418.4890,2450.6112,3505.5077,2908.0060
2021-10-27,126,678.4160,854.6418,1148.0000,1340.1868,1714.5734,2077.1826,2217.0536,2371.1189,2442.2900,3344.0000,2733.6816
2021-10-27,126,653.0000,842.8488,1144.0000,1345.0517,1722.7657,2089.7055,2222.4661,2378.7500,2453.5362,3365.1721,2733.0465
2021-10-30,126,870.0000,988.0646,1217.5059,1386.4296,1714.5351,2052.5198,2188.3200,2331.7502,2393.9197,3061.0098,2485.1399
2021-10-30,126,930.9483,1019.9974,1235.9345,1418.4217,1747.0000,2081.0000,2243.2121,2363.9573,2435.4451,3032.5161,2488.0000
2021-11-04,126,85.0000,370.3220,564.0000,648.4662,932.8617,1206.3834,1329.8754,1435.5441,1443.4262,1605.0000,1250.0000
2021-11-04,126,1.0000,254.3874,474.3026,588.6370,904.0000,1200.6567,1323.8386,1426.5794,1437.6391,1626.0000,1258.0000
2021-11-06,126,342.4043,574.6201,936.7182,1133.0166,1610.1321,2133.6878,2273.4354,2410.1340,2491.7749,3158.9978,2482.0000
2021-11-06,126,574.0000,742.4480,1036.0000,1172.8883,1602.6760,2076.9741,2214.0000,2347.9534,2425.2701,3076.9638,2438.0328
2021-11-11,126,579.0000,930.0985,1220.0000,1344.9659,1810.4140,2297.9626,2523.2979,2564.0870,2674.3888,3197.2047,2553.5620
2021-11-11,126,650.0000,974.0000,1242.0000,1349.4695,1806.6547,2284.6196,2497.5429,2539.8084,2646.0741,3169.2524,2544.0000
2021-11-19,126,629.0000,818.2247,1100.0000,1153.3053,1601.0000,2177.0000,2323.4941,2418.3014,2508.0754,2646.6431,1978.5671
2021-11-19,126,640.0000,820.5936,1096.0000,1145.2149,1604.0000,2189.0000,2346.6690,2426.6688,2523.1894,2653.8438,1976.9419
2021-11-24,126,279.0000,580.4120,838.4510,937.4587,1404.3706,2025.5505,2195.2331,2386.4742,2371.4871,2632.0000,2165.3833
2021-11-24,126,265.0000,558.5790,818.4434,921.5866,1393.0000,2034.4956,2205.3901,2394.0174,2387.1695,2645.8232,2173.5376
2021-11-29,126,166.0000,430.2976,798.5162,969.6714,1510.3678,2218.5358,2412.5821,2620.3696,2617.2499,2702.3924,1985.0251
2021-11-29,126,201.0000,444.3681,802.3031,969.5597,1512.2454,2251.1015,2434.9467,2634.4897,2634.8987,2702.4041,1986.1995
2021-12-01,126,202.0000,558.2829,856.8398,993.3446,1512.6627,2154.4151,2362.7775,2475.0449,2523.5839,2693.1650,2053.9757
2021-12-01,126,229.0000,574.3047,868.5528,997.4349,1516.6882,2163.4445,2352.8965,2490.8661,2514.8067,2704.4386,2055.0000
2021-12-06,126,81.0000,320.2983,656.4275,885.6610,1426.5008,2145.0401,2283.6228,2532.1211,2497.8537,2577.5193,1869.2828
2021-12-06,126,338.0000,512.6141,778.2513,946.4243,1424.6090,2086.3994,2226.0962,2451.0999,2418.6151,2525.0000,1849.5000
2021-12-14,126,-9999.0000,-9999.0000,-9999.0000,-9999.0000,-9999.0000,-9999.0000,-9999.0000,-9999.0000,-9999.0000,-9999.0000,-9999.0000
2021-12-14,126,-9999.0000,-9999.0000,-9999.0000,-9999.0000,-9999.0000,-9999.0000,-9999.0000,-9999.0000,-9999.0000,-9999.0000,-9999.0000
2021-12-16,126,128.0000,354.5510,694.6119,917.5741,1446.4913,2066.7527,2229.8409,2353.4576,2425.6136,2640.2469,1990.1353
2021-12-16,126,347.0000,522.2700,799.0000,970.6697,1444.6101,2043.0859,2179.2394,2299.9358,2365.0681,2609.4103,1969.5429
2021-12-29,126,-9999.0000,-9999.0000,-9999.0000,-9999.0000,-9999.0000,-9999.0000,-9999.0000,-9999.0000,-9999.0000,-9999.0000,-9999.0000
2021-12-31,126,-9999.0000,-9999.0000,-9999.0000,-9999.0000,-9999.0000,-9999.0000,-9999.0000,-9999.0000,-9999.0000,-9999.0000,-9999.0000
2021-12-31,126,-9999.0000,-9999.0000,-9999.0000,-9999.0000,-9999.0000,-9999.0000,-9999.0000,-9999.0000,-9999.0000,-9999.0000,-9999.0000
2022-01-08,126,192.0000,410.7040,652.6250,870.1272,1308.3881,1855.0000,1984.4660,2220.8116,2171.4094,2276.6855,1693.5564
2022-01-08,126,166.0000,374.6951,622.6935,849.7264,1302.6342,1848.4698,1990.7224,2241.5334,2189.7576,2286.2756,1690.5677
2022-01-13,126,-9999.0000,-9999.0000,-9999.0000,-9999.0000,-9999.0000,-9999.0000,-9999.0000,-9999.0000,-9999.0000,-9999.0000,-9999.0000
2022-01-13,126,-9999.0000,-9999.0000,-9999.0000,-9999.0000,-9999.0000,-9999.0000,-9999.0000,-9999.0000,-9999.0000,-9999.0000,-9999.0000
2022-01-15,126,185.0000,416.2272,756.1783,989.4840,1516.3432,2065.9270,2198.1146,2363.7541,2388.6430,2692.9993,2060.1886
2022-01-15,126,399.0000,576.3607,854.3677,1025.5147,1512.0000,2017.5300,2145.4050,2309.6156,2337.6728,2652.8651,2058.8171
2022-01-18,126,90.0000,344.2668,642.5042,901.3140,1398.2227,1891.0000,2026.6854,2228.1958,2225.7666,2438.2773,1821.9322
2022-01-18,126,241.0000,440.3291,702.2267,921.4516,1390.6522,1874.0000,2012.0000,2194.9539,2187.3883,2408.1727,1808.0000
2022-01-20,126,678.0000,912.0000,1024.0000,1216.0000,1694.0000,2157.2820,2329.6611,2492.0000,2516.0000,2597.5856,1928.0000
2022-01-20,126,662.0000,896.8723,1012.0000,1202.0000,1672.5817,2130.6219,2309.9209,2476.1360,2484.3295,2594.0292,1909.0000
2022-01-23,126,350.0000,658.6627,874.7115,1100.6101,1606.5375,2061.1794,2197.0000,2370.6264,2385.4847,2573.0063,2142.0028
2022-01-23,126,557.0000,794.5816,958.0923,1136.0000,1596.6470,2020.7248,2153.5232,2321.7400,2325.0000,2526.2977,2106.4781
2022-01-25,126,538.0000,577.7105,880.3052,1157.4176,1748.4055,2269.6849,2401.0482,2619.0588,2601.6491,2993.5825,2358.4877
2022-01-25,126,725.0000,832.3315,1046.0000,1232.7031,1746.4041,2201.7563,2336.5626,2523.2960,2533.4066,2929.6894,2324.3141
2022-01-28,126,404.0000,540.1416,822.0000,1093.3918,1618.6716,2066.0000,2205.3588,2445.1618,2393.0000,2753.6807,2157.6627
2022-01-28,126,553.0000,780.3583,974.3440,1162.0000,1608.4489,2028.0123,2169.9780,2362.5778,2346.0137,2714.0000,2130.2661
2022-01-30,126,465.0000,820.6012,992.0188,1205.0426,1706.2637,2159.0000,2316.8498,2499.4081,2498.4421,2881.2273,2344.9865
2022-01-30,126,530.0000,852.3007,1010.0700,1213.1939,1700.0000,2141.1107,2315.0000,2483.6834,2485.0719,2865.2088,2347.0000
2022-02-02,126,378.0000,588.2281,744.0844,984.3679,1117.6374,1194.4431,1267.3873,1387.3817,1378.3895,1949.9285,1883.0000
2022-02-02,126,461.0000,662.0000,788.3977,1000.5086,1117.2958,1194.3349,1267.5281,1395.5481,1379.2628,1937.6864,1877.4708
2022-02-07,126,612.0000,764.0000,936.4881,1168.0000,1302.4874,1385.8686,1459.2826,1595.0420,1570.5170,2293.6604,2094.1326
2022-02-07,126,658.0000,800.0000,970.3061,1178.0000,1306.4701,1381.3320,1450.7716,1594.8036,1564.1333,2284.9719,2097.0835
2022-02-09,126,427.0000,762.1586,986.1746,1332.7225,1494.5119,1562.0240,1668.5235,1866.5846,1794.2665,2677.0359,2556.0000
2022-02-09,126,678.0000,912.0000,1074.0000,1344.6086,1488.4475,1562.1931,1657.8795,1842.7263,1771.6943,2593.3332,2508.0830
2022-02-12,126,563.0000,802.4122,980.0000,1237.0236,1366.4817,1466.2187,1549.1299,1722.9369,1667.6909,2398.1621,2373.0000
2022-02-12,126,610.0000,830.1712,994.2431,1240.0000,1366.0000,1460.0000,1546.0521,1715.6930,1669.4265,2397.3978,2373.6775
2022-02-22,126,398.0000,668.7634,904.0000,1205.1981,1374.7866,1508.4519,1611.7090,1803.7608,1748.3235,2428.5087,2267.1350
2022-02-22,126,443.0000,696.4489,916.0000,1209.6511,1382.8250,1516.0000,1603.5842,1803.0572,1748.0000,2437.5492,2258.0229
2022-02-24,126,960.9883,1176.8962,1444.5402,1720.5377,1948.0000,2108.3537,2201.8199,2394.8001,2329.6389,2933.5068,2627.4708
2022-02-24,126,1106.0000,1276.0000,1492.8531,1720.1826,1934.3865,2085.8435,2181.2910,2355.0046,2297.7854,2917.4931,2611.1681
2022-02-27,126,771.0000,949.5908,1193.0301,1476.4699,1673.4079,1825.0000,1915.2798,2099.8886,2067.8393,2857.2025,2595.5929
2022-02-27,126,836.0000,980.9979,1212.9515,1482.4142,1673.9430,1820.8902,1916.0000,2099.4552,2059.5582,2853.8015,2602.6636
2022-03-01,126,874.3074,1144.7340,1373.0949,1698.3496,1901.8847,2073.3377,2189.8639,2419.1730,2322.2648,3209.3062,3043.1964
2022-03-01,126,870.6642,1149.1044,1381.1929,1707.1404,1905.8907,2085.7510,2198.0000,2435.5411,2345.3311,3201.0181,3050.9617
2022-03-04,126,750.0000,1021.0495,1261.2579,1577.3993,1765.6831,1937.4600,2054.3207,2267.2152,2187.0042,2938.0000,2805.5313
2022-03-04,126,814.0000,1061.0720,1281.5648,1581.7850,1760.9128,1925.9626,2037.4286,2250.3347,2177.3175,2929.3488,2782.1972
2022-03-06,126,1066.0000,1220.8240,1505.0872,1802.0436,2013.9605,2209.8003,2310.9745,2523.1072,2470.0000,3297.3295,3022.3369
2022-03-06,126,1084.0000,1237.1423,1509.4801,1803.4456,2020.4157,2212.2727,2309.3073,2522.5299,2468.7570,3290.4885,3026.3864
2022-03-09,126,782.0000,1000.8471,1317.7474,1651.7246,1859.0000,2025.5382,2114.9543,2300.3710,2260.9516,3056.8926,2761.4179
2022-03-09,126,790.3869,1012.9423,1322.0000,1659.2097,1852.6075,2029.8900,2130.6907,2307.4653,2258.8753,3064.0000,2763.8084
2022-03-14,126,1182.0000,1444.0000,1704.0000,1994.0000,2210.0000,2376.0000,2507.0000,2666.0000,2635.0000,3288.0000,3075.0000
2022-03-14,126,1177.0000,1472.0000,1722.0000,2006.0000,2250.0000,2419.0000,2559.0000,2710.0000,2675.0000,3289.0000,3081.0000
2022-03-16,126,-9999.0000,-9999.0000,-9999.0000,-9999.0000,-9999.0000,-9999.0000,-9999.0000,-9999.0000,-9999.0000,-9999.0000,-9999.0000
2022-03-19,126,858.0000,1072.9948,1369.2308,1708.2645,1905.0000,2113.7304,2230.7606,2450.7980,2381.4348,3081.0067,2754.8927
2022-03-19,126,896.0000,1100.8829,1393.6384,1715.4677,1909.7815,2116.5837,2228.4006,2450.8109,2381.9995,3069.0000,2748.8046
2022-03-21,126,986.0000,1277.2059,1560.4422,1890.0867,2101.5019,2310.3979,2440.7217,2721.7678,2593.9922,3337.3970,3129.7880
2022-03-21,126,1010.9393,1288.8594,1572.6870,1890.6263,2097.6302,2313.3059,2436.0119,2722.0414,2590.4167,3346.3221,3138.4225
2022-03-24,126,825.0000,1105.3527,1381.1886,1707.0780,1905.7665,2121.4324,2236.9105,2475.8379,2395.2625,3086.0000,2906.8728
2022-03-24,126,864.6642,1136.9008,1396.8871,1706.5034,1904.7453,2121.4252,2241.7242,2466.5022,2392.0000,3083.0000,2923.3617
2022-03-26,126,1300.0000,1416.7281,1656.7298,1898.4867,2128.0000,2352.3250,2473.7102,2668.9925,2621.6521,3386.0000,3069.8947
2022-03-26,126,1323.0000,1430.0000,1664.5548,1901.7192,2129.0000,2348.0308,2474.1628,2665.4777,2621.8647,3384.8776,3077.8791
2022-04-03,126,795.0000,1136.5071,1465.2268,1843.0820,2038.0000,2203.2907,2329.9862,2522.8891,2483.8029,3298.5790,3157.9984
2022-04-03,126,802.0000,1153.0789,1489.5156,1890.5969,2092.7660,2251.0025,2381.1335,2569.3190,2521.9041,3354.6649,3185.6151
2022-04-05,126,1353.0000,1409.4580,1660.3965,1962.1601,2161.3908,2338.0960,2443.1737,2563.4311,2580.0510,3500.1190,3258.3619
2022-04-05,126,1377.0000,1421.3440,1665.1242,1955.1486,2161.1961,2346.5859,2449.9089,2554.2514,2578.9282,3484.3137,3252.1381
2022-04-08,126,-9999.0000,-9999.0000,-9999.0000,-9999.0000,-9999.0000,-9999.0000,-9999.0000,-9999.0000,-9999.0000,-9999.0000,-9999.0000
2022-04-10,126,550.0000,752.3285,994.3456,1316.7626,1495.5000,1651.6484,1772.1562,1941.3772,1916.2277,2502.8662,2065.3291
2022-04-10,126,527.0000,742.0000,994.1552,1333.0037,1510.5239,1658.7634,1779.5102,1957.6022,1931.6907,2529.9546,2074.0000
2022-04-15,126,1173.0000,1560.9993,1937.3515,2299.6044,2501.1849,2637.6946,2732.3077,2899.6631,2867.8779,3673.0000,3483.9715
2022-04-15,126,1212.0000,1576.6014,1952.6728,2282.7386,2494.1138,2634.3219,2731.8726,2877.1949,2867.8322,3661.7806,3461.3760
2022-04-18,126,1321.0000,1542.0000,1856.6603,2178.9419,2368.4821,2478.1030,2581.0493,2729.9797,2713.6611,3424.0000,3201.0695
2022-04-18,126,1285.0000,1531.2562,1875.0286,2195.4211,2354.0278,2493.3715,2622.4697,2800.6667,2748.7884,3435.2949,3195.2330
2022-04-20,126,1257.0000,1635.2654,2010.1826,2474.3952,2717.7481,2884.1608,3043.5244,3241.8202,3203.9027,4389.9238,4342.2710
2022-04-20,126,1274.0000,1640.9269,2002.8963,2435.9599,2684.0000,2835.9450,3005.4510,3209.9170,3179.0371,4358.6334,4329.6934
2022-04-23,126,-9999.0000,-9999.0000,-9999.0000,-9999.0000,-9999.0000,-9999.0000,-9999.0000,-9999.0000,-9999.0000,-9999.0000,-9999.0000
2022-04-25,126,996.0000,1256.4156,1620.0000,1946.8732,2211.1694,2502.0000,2644.0000,2698.6681,2803.9235,3412.3237,2978.0000
2022-04-25,126,1030.0000,1202.0000,1525.0116,1812.8846,2047.0000,2284.3144,2370.0000,2452.0000,2502.0000,3110.0657,2704.4848
2022-04-28,126,1072.9813,1435.0953,1882.4564,2330.2931,2572.3120,2709.9514,2824.4836,2977.2322,2969.1482,3882.8164,3638.7019
2022-04-28,126,1147.0000,1427.2736,1842.4938,2274.1940,2507.8561,2653.1583,2771.7693,2932.4774,2922.8374,3835.3628,3623.2005
2022-04-30,126,1260.0000,1690.5477,2155.0942,2594.3410,2771.1065,2932.3491,3087.0000,3308.0000,3213.7522,4099.1104,3990.5439
2022-04-30,126,1266.0000,1642.9138,2051.0700,2442.1492,2673.3631,2846.7142,2997.4035,3196.0000,3133.4297,4036.6899,3975.6954
2022-05-03,126,1156.0000,1539.8584,1954.6684,2385.8758,2620.1610,2800.9724,2957.0407,3082.1249,3077.4967,3956.9279,3879.0472
2022-05-03,126,1183.0000,1569.7107,1994.1632,2442.7372,2667.6093,2836.9294,2992.0039,3116.0000,3116.0000,3987.3972,3894.0335
2022-05-08,126,-9999.0000,-9999.0000,-9999.0000,-9999.0000,-9999.0000,-9999.0000,-9999.0000,-9999.0000,-9999.0000,-9999.0000,-9999.0000
2022-05-10,126,1218.0000,1619.8564,2075.8440,2451.2253,2772.7159,2978.0023,3161.9365,3232.7532,3284.3240,4139.6223,3971.5299
2022-05-10,126,1240.0000,1597.5997,2011.4442,2364.0000,2689.3368,2913.0345,3101.6093,3164.0000,3217.5567,4082.1042,3939.3264
2022-05-13,126,1276.0000,1681.7931,2001.4758,2252.1654,2531.3878,2664.8712,2805.8510,2841.3405,2901.9250,3347.1393,3148.6404
2022-05-13,126,1253.0000,1668.7523,2025.2209,2274.8690,2505.4390,2694.8350,2857.3740,2932.8088,2946.0371,3330.9523,3139.0164
2022-05-15,126,1277.0000,1595.4969,2082.1708,2490.5763,2812.2491,3073.9503,3189.6738,3228.0000,3341.3596,4211.6022,3876.4222
2022-05-15,126,1291.0000,1562.1633,2017.7077,2394.8248,2717.6433,2989.1245,3112.2974,3148.0000,3261.8496,4148.3191,3844.6034
2022-05-18,126,1041.0000,1418.3298,1923.6214,2315.3349,2643.3930,2965.2075,3114.3993,3154.1114,3257.4682,3932.2982,3556.1195
2022-05-18,126,1119.0000,1405.0015,1835.4033,2146.9938,2473.4132,2801.3774,2957.0547,3008.9016,3101.9578,3803.3102,3485.2792
2022-05-20,126,1168.0000,1587.5560,2067.0830,2410.1617,2763.1341,3141.2721,3355.0781,3433.2903,3466.9584,4140.1886,3852.3028
2022-05-20,126,1192.0000,1546.7170,1986.2473,2282.5156,2637.8121,3038.2614,3257.9041,3320.0000,3373.5875,4060.1101,3810.8782
2022-05-25,126,-9999.0000,-9999.0000,-9999.0000,-9999.0000,-9999.0000,-9999.0000,-9999.0000,-9999.0000,-9999.0000,-9999.0000,-9999.0000
2022-05-25,126,-9999.0000,-9999.0000,-9999.0000,-9999.0000,-9999.0000,-9999.0000,-9999.0000,-9999.0000,-9999.0000,-9999.0000,-9999.0000
2022-06-02,126,-9999.0000,-9999.0000,-9999.0000,-9999.0000,-9999.0000,-9999.0000,-9999.0000,-9999.0000,-9999.0000,-9999.0000,-9999.0000
2022-06-02,126,-9999.0000,-9999.0000,-9999.0000,-9999.0000,-9999.0000,-9999.0000,-9999.0000,-9999.0000,-9999.0000,-9999.0000,-9999.0000
2022-06-04,126,967.0000,1133.3059,1596.9372,1764.0432,2182.0771,3048.7000,3272.0000,3252.0000,3405.7861,3235.0000,2596.4287
2022-06-04,126,1021.0000,1117.0171,1464.9053,1572.4041,1946.7049,2706.1806,2918.0000,2889.3878,3057.5267,3070.4833,2524.6176
2022-06-07,126,-9999.0000,-9999.0000,-9999.0000,-9999.0000,-9999.0000,-9999.0000,-9999.0000,-9999.0000,-9999.0000,-9999.0000,-9999.0000
2022-06-07,126,-9999.0000,-9999.0000,-9999.0000,-9999.0000,-9999.0000,-9999.0000,-9999.0000,-9999.0000,-9999.0000,-9999.0000,-9999.0000
2022-06-12,126,531.0000,692.8957,1013.8063,1043.6536,1419.8750,2561.2892,3002.5056,3074.8831,3116.0000,2773.2500,2227.5395
2022-06-12,126,618.4122,737.2219,1033.0930,1058.8155,1425.4956,2537.7821,2972.8619,3053.2421,3094.7128,2754.4863,2204.7102
2022-06-14,126,562.0000,642.0482,997.1793,1018.2327,1440.0718,2982.0608,3450.8445,3507.6689,3601.9963,2972.8506,2174.0490
2022-06-14,126,706.0000,737.4805,1061.3876,1051.7640,1467.7707,2894.9898,3346.1778,3400.8720,3493.4099,2948.3793,2180.4361
2022-06-17,126,1090.5196,1096.9590,1388.9620,1354.0000,1763.0000,2984.6936,3504.9803,3484.0000,3616.8928,2737.0000,2037.9899
2022-06-19,126,592.0000,685.4083,948.7533,915.3082,1316.2936,2753.9351,3460.0000,3456.0000,3574.2355,2722.9932,1986.9924
2022-06-19,126,669.0000,757.0553,1002.0000,961.2621,1336.9757,2718.0000,3403.2003,3384.0000,3517.4177,2698.6340,1980.4050
2022-06-24,126,430.0000,484.3550,811.6932,812.2816,1203.9924,2978.0000,3674.9659,3738.7239,3809.5690,2539.5486,1715.8661
2022-06-24,126,390.2544,467.2180,794.7835,787.9879,1210.0000,3017.2171,3707.6336,3784.7069,3851.0806,2553.4480,1713.4109
2022-06-27,126,224.0000,481.4539,869.8482,940.6378,1324.2078,2716.0000,3348.0493,3339.0007,3508.2570,2428.9711,1691.2279
2022-06-27,126,550.0000,685.1286,1001.4457,1019.2429,1369.0000,2596.2538,3173.8646,3164.0000,3320.1988,2363.0000,1676.6931
2022-06-29,126,-9999.0000,-9999.0000,-9999.0000,-9999.0000,-9999.0000,-9999.0000,-9999.0000,-9999.0000,-9999.0000,-9999.0000,-9999.0000
2022-06-29,126,-9999.0000,-9999.0000,-9999.0000,-9999.0000,-9999.0000,-9999.0000,-9999.0000,-9999.0000,-9999.0000,-9999.0000,-9999.0000
2022-07-02,126,425.0000,594.1429,866.3210,850.5996,1260.8683,2616.5386,3302.6678,3339.1064,3477.1812,2370.2654,1670.0240
2022-07-02,126,514.0000,645.2568,905.2243,875.4121,1258.6126,2584.3104,3260.8626,3288.9561,3419.5085,2352.9917,1688.0000
2022-07-04,126,585.0000,697.5412,1058.6214,1074.9300,1584.0000,3068.5736,3682.3861,3714.4820,3866.0000,2762.5256,1940.9405
2022-07-04,126,731.0000,817.2328,1129.2399,1117.3117,1557.4208,2938.4060,3505.4789,3560.0000,3706.0000,2722.7564,1923.6540
2022-07-07,126,-9999.0000,-9999.0000,-9999.0000,-9999.0000,-9999.0000,-9999.0000,-9999.0000,-9999.0000,-9999.0000,-9999.0000,-9999.0000
2022-07-07,126,-9999.0000,-9999.0000,-9999.0000,-9999.0000,-9999.0000,-9999.0000,-9999.0000,-9999.0000,-9999.0000,-9999.0000,-9999.0000
2022-07-09,126,618.0000,865.8834,1133.6169,1075.9503,1499.1223,2720.0000,3265.0839,3416.0000,3425.2137,2428.7407,1799.6791
2022-07-09,126,698.0000,909.3056,1148.3599,1091.2090,1484.5642,2648.6388,3174.0446,3324.0000,3333.0448,2388.9663,1770.6273
2022-07-12,126,392.0000,562.1118,861.3333,882.7194,1355.4213,2608.4870,3227.9686,3284.0829,3420.0000,2498.1661,1816.5195
2022-07-12,126,495.0000,645.2138,917.0843,923.7223,1371.3411,2574.1737,3173.4809,3218.8016,3356.0000,2452.5074,1801.4394
2022-07-14,126,-9999.0000,-9999.0000,-9999.0000,-9999.0000,-9999.0000,-9999.0000,-9999.0000,-9999.0000,-9999.0000,-9999.0000,-9999.0000
2022-07-14,126,-9999.0000,-9999.0000,-9999.0000,-9999.0000,-9999.0000,-9999.0000,-9999.0000,-9999.0000,-9999.0000,-9999.0000,-9999.0000
2022-07-17,126,520.1022,653.6130,977.7772,1034.8122,1499.3930,2606.2295,3077.6079,3131.0887,3325.6633,2642.2947,1894.4500
2022-07-17,126,632.0000,725.3942,1017.1589,1051.5603,1514.3246,2568.0000,3038.4906,3074.2250,3265.0000,2621.6681,1892.7955
2022-07-19,126,598.0000,801.1271,1168.6832,1267.5381,1805.0000,2824.0132,3353.6201,3466.0918,3574.0746,3003.0272,2283.2031
2022-07-19,126,713.5587,888.6262,1201.2896,1266.3860,1771.1256,2722.3691,3219.1211,3320.0000,3445.3060,2947.5303,2252.2442
2022-07-22,126,680.0000,861.4323,1145.4272,1242.7704,1697.9485,2532.0000,2973.9572,3041.5781,3214.2646,2786.7379,2132.0000
2022-07-22,126,713.0000,869.5032,1152.5433,1234.8823,1709.1609,2539.0000,2978.2754,3052.4003,3210.0026,2788.9764,2147.7746
2022-07-24,126,-9999.0000,-9999.0000,-9999.0000,-9999.0000,-9999.0000,-9999.0000,-9999.0000,-9999.0000,-9999.0000,-9999.0000,-9999.0000
2022-07-24,126,-9999.0000,-9999.0000,-9999.0000,-9999.0000,-9999.0000,-9999.0000,-9999.0000,-9999.0000,-9999.0000,-9999.0000,-9999.0000
2022-07-27,126,-9999.0000,-9999.0000,-9999.0000,-9999.0000,-9999.0000,-9999.0000,-9999.0000,-9999.0000,-9999.0000,-9999.0000,-9999.0000
2022-07-29,126,529.0000,781.2448,1165.1635,1394.5397,1917.1526,2657.8806,3062.0000,3112.4247,3329.0571,3204.9554,2418.0229
2022-07-29,126,618.4588,821.7270,1177.2218,1378.2336,1867.7225,2597.4606,3010.5748,3065.2766,3256.6563,3140.0137,2410.4472
2022-08-01,126,451.0000,628.0886,918.0000,1085.5991,1453.7103,2052.3686,2362.7494,2452.4544,2603.6857,2683.1836,2155.4541
2022-08-01,126,493.0000,660.0000,937.3780,1093.0656,1457.0817,2044.6100,2352.7143,2434.1528,2597.9492,2688.0000,2151.0000
2022-08-03,126,582.0575,737.7730,1093.3900,1352.5426,1757.4336,2369.1117,2619.4471,2739.6983,2914.1247,3145.7329,2394.0000
2022-08-03,126,626.0000,757.1468,1104.0000,1353.6131,1738.0402,2353.9191,2604.3078,2715.1137,2899.6288,3137.8733,2401.1628
2022-08-06,126,1345.0000,1433.5596,1657.4286,1874.0000,2281.7077,2706.0000,3001.0000,3010.0000,3332.9810,3898.0000,3163.0000
2022-08-06,126,-9999.0000,-9999.0000,-9999.0000,-9999.0000,-9999.0000,-9999.0000,-9999.0000,-9999.0000,-9999.0000,-9999.0000,-9999.0000
2022-08-08,126,613.0000,864.7629,1180.2594,1531.5446,1917.0000,2352.7457,2683.4675,2754.5638,2970.0056,3356.8293,2661.0000
2022-08-08,126,628.0000,876.3091,1184.2786,1531.2185,1918.0698,2348.2932,2675.5800,2765.0000,2981.2768,3361.0000,2664.5433
2022-08-11,126,449.0000,693.1494,982.4394,1352.7247,1653.4582,2059.5313,2324.4850,2498.5690,2603.7498,2929.8365,2286.0000
2022-08-11,126,528.0000,749.5054,1008.8956,1345.1458,1634.1487,2032.5504,2298.2171,2475.4368,2586.9589,2902.6146,2276.4950
2022-08-16,126,290.6424,466.0000,736.2914,1060.4603,1356.5481,1732.6216,1961.5854,2019.6090,2227.4229,2477.6387,1732.3467
2022-08-16,126,351.0000,504.4127,766.3261,1072.0000,1361.7006,1722.7293,1955.5430,2027.2424,2228.1434,2469.7697,1735.0000
2022-08-21,126,335.0000,553.4400,780.6426,980.9131,1217.8198,1548.5952,1751.1217,1803.8350,1910.3424,2462.3044,2143.0000
2022-08-21,126,381.0000,569.3836,785.7553,977.0511,1214.0706,1546.9444,1751.0703,1798.3208,1911.6606,2473.9181,2140.0773
2022-08-23,126,-9999.0000,-9999.0000,-9999.0000,-9999.0000,-9999.0000,-9999.0000,-9999.0000,-9999.0000,-9999.0000,-9999.0000,-9999.0000
2022-08-23,126,-9999.0000,-9999.0000,-9999.0000,-9999.0000,-9999.0000,-9999.0000,-9999.0000,-9999.0000,-9999.0000,-9999.0000,-9999.0000
2022-08-26,126,508.0000,668.5406,897.1893,1092.5754,1352.5521,1700.6196,1879.4598,1907.6496,2072.7587,2654.0040,2188.4720
2022-08-26,126,571.0000,701.3972,917.1032,1096.9760,1344.7544,1709.0161,1884.1242,1899.9425,2069.0399,2648.9018,2170.3386
2022-08-28,126,813.0000,1081.1605,1250.0000,1410.9847,1695.0000,1999.0000,2216.9266,2217.7362,2363.4064,2577.9727,2079.0000
2022-08-28,126,849.0000,1052.4123,1220.6649,1387.6876,1651.0000,1934.0000,2167.4516,2120.7960,2317.0000,2541.0000,2030.0000
2022-08-31,126,-9999.0000,-9999.0000,-9999.0000,-9999.0000,-9999.0000,-9999.0000,-9999.0000,-9999.0000,-9999.0000,-9999.0000,-9999.0000
2022-08-31,126,-9999.0000,-9999.0000,-9999.0000,-9999.0000,-9999.0000,-9999.0000,-9999.0000,-9999.0000,-9999.0000,-9999.0000,-9999.0000
2022-09-02,126,1204.0000,1405.0400,1566.0000,1685.0601,2016.0000,2474.9007,2643.9368,2795.2073,2837.3218,3018.0034,2475.9042
2022-09-02,126,1245.0000,1424.2500,1568.6782,1672.8703,1964.0000,2402.2532,2572.5343,2755.5976,2786.6870,2993.4397,2435.1777
2022-09-05,126,-9999.0000,-9999.0000,-9999.0000,-9999.0000,-9999.0000,-9999.0000,-9999.0000,-9999.0000,-9999.0000,-9999.0000,-9999.0000
2022-09-07,126,-9999.0000,-9999.0000,-9999.0000,-9999.0000,-9999.0000,-9999.0000,-9999.0000,-9999.0000,-9999.0000,-9999.0000,-9999.0000
2022-09-07,126,-9999.0000,-9999.0000,-9999.0000,-9999.0000,-9999.0000,-9999.0000,-9999.0000,-9999.0000,-9999.0000,-9999.0000,-9999.0000
2022-09-10,126,539.0000,844.9497,1129.0132,1442.6131,1731.0505,2082.2693,2315.2438,2364.6460,2524.1362,3177.8657,2738.6638
2022-09-10,126,600.0000,873.1267,1145.2072,1442.1016,1725.4685,2090.9881,2299.8157,2354.5935,2522.9601,3162.1169,2730.8779
2022-09-12,126,678.0000,901.5088,1205.2601,1530.0901,1837.4985,2245.5376,2421.5125,2513.1562,2667.2354,3523.5510,3011.6774
2022-09-12,126,731.0000,929.0282,1208.8731,1523.9131,1821.9401,2226.7661,2394.9505,2497.7771,2639.0000,3484.5160,2987.7454
2022-09-15,126,652.8198,861.0966,1133.1127,1387.4447,1702.4682,2099.1064,2307.6691,2307.4231,2539.3340,3290.6457,2805.0667
2022-09-15,126,667.0000,873.9397,1136.9600,1403.4955,1713.9579,2107.1256,2315.0319,2322.5563,2548.6040,3306.6326,2803.4936
2022-09-20,126,495.0000,773.8979,1032.9684,1290.6148,1561.5984,2022.2104,2228.0504,2426.8234,2441.1343,3104.9395,2695.0000
2022-09-20,126,539.0000,805.4602,1053.2142,1293.5240,1565.0000,2020.4833,2219.3633,2418.4154,2432.6722,3091.4993,2682.1528
2022-09-22,126,675.0000,860.9190,1161.4009,1412.6309,1734.1326,2252.3431,2435.9583,2611.4678,2684.2725,3403.6052,2797.2158
2022-09-22,126,724.0000,893.8796,1168.5262,1403.0797,1729.9885,2234.2802,2412.4065,2587.2383,2659.9687,3380.4608,2787.4231
2022-09-27,126,-9999.0000,-9999.0000,-9999.0000,-9999.0000,-9999.0000,-9999.0000,-9999.0000,-9999.0000,-9999.0000,-9999.0000,-9999.0000
2022-09-27,126,-9999.0000,-9999.0000,-9999.0000,-9999.0000,-9999.0000,-9999.0000,-9999.0000,-9999.0000,-9999.0000,-9999.0000,-9999.0000
2022-10-02,126,1599.0000,1338.0000,1588.0000,1514.0000,2009.0000,3381.0000,3690.0000,3748.0000,3931.0000,3641.0000,2418.0000
2022-10-02,126,-9999.0000,-9999.0000,-9999.0000,-9999.0000,-9999.0000,-9999.0000,-9999.0000,-9999.0000,-9999.0000,-9999.0000,-9999.0000
2022-10-05,126,1100.0000,1164.7018,1384.3456,1443.0774,1889.9614,2466.4260,2694.3316,2740.2962,2906.3183,3144.5262,2411.8554
2022-10-05,126,1136.3358,1201.2161,1404.5947,1453.3096,1901.8642,2491.5000,2711.8570,2755.6577,2917.8279,3161.1322,2420.3027
2022-10-07,126,706.0000,978.0000,1188.7043,1285.6276,1693.2134,2209.2040,2430.4019,2584.0000,2617.3318,3150.2703,2602.5543
2022-10-07,126,752.2739,1004.6052,1200.1202,1292.9646,1685.8238,2193.6020,2420.0498,2568.6295,2594.7884,3157.2777,2618.8911
2022-10-10,126,-9999.0000,-9999.0000,-9999.0000,-9999.0000,-9999.0000,-9999.0000,-9999.0000,-9999.0000,-9999.0000,-9999.0000,-9999.0000
2022-10-10,126,-9999.0000,-9999.0000,-9999.0000,-9999.0000,-9999.0000,-9999.0000,-9999.0000,-9999.0000,-9999.0000,-9999.0000,-9999.0000
2022-10-12,126,-9999.0000,-9999.0000,-9999.0000,-9999.0000,-9999.0000,-9999.0000,-9999.0000,-9999.0000,-9999.0000,-9999.0000,-9999.0000
2022-10-15,126,273.0000,493.8080,829.3356,1016.8847,1461.4427,2050.0000,2286.0868,2251.3974,2531.0972,2890.6826,2187.8163
2022-10-15,126,446.0000,618.3083,917.4067,1045.5663,1457.9650,1984.4991,2213.0000,2186.7891,2450.4531,2836.0000,2163.2286
2022-10-17,126,859.0000,1046.0000,1246.0000,1293.3723,1762.4835,2321.9387,2573.4774,2633.7260,2741.1172,3180.7893,2532.3566
2022-10-17,126,1009.0000,1148.0000,1304.0000,1333.0742,1770.3216,2311.0000,2554.4516,2601.1008,2717.3914,3166.1287,2514.5170
2022-10-20,126,418.0000,706.0000,1009.6514,1096.2633,1592.5918,2189.0440,2434.0000,2500.1349,2649.9107,3005.0000,2418.9990
2022-10-20,126,796.0000,952.0000,1152.0000,1166.0000,1576.5103,2102.0000,2333.9989,2384.5371,2521.5744,2873.9626,2348.5270
2022-10-25,126,-9999.0000,-9999.0000,-9999.0000,-9999.0000,-9999.0000,-9999.0000,-9999.0000,-9999.0000,-9999.0000,-9999.0000,-9999.0000
2022-10-25,126,-9999.0000,-9999.0000,-9999.0000,-9999.0000,-9999.0000,-9999.0000,-9999.0000,-9999.0000,-9999.0000,-9999.0000,-9999.0000
2022-10-27,126,569.0000,822.0000,1082.0000,1017.2907,1554.5799,2337.5591,2590.8204,2649.7296,2752.5048,2793.0534,2074.5244
2022-10-27,126,780.0000,954.4319,1164.0000,1077.3206,1581.0000,2300.2691,2542.0604,2630.0000,2720.0000,2758.0396,2046.0000
2022-10-30,126,481.0000,694.5616,976.0000,928.5299,1458.0000,2257.5823,2498.2704,2545.4373,2682.1444,2658.0913,2023.0000
2022-10-30,126,564.0000,748.3213,1004.5246,940.1563,1458.3856,2250.5705,2485.5407,2532.3008,2666.9409,2637.3824,2009.6607
2022-11-04,126,0.0000,47.0000,230.0000,220.0000,470.5911,841.9980,949.0000,969.0332,1051.0000,712.6802,422.5818
2022-11-04,126,0.0000,54.0000,231.0000,216.0000,468.0000,845.9443,952.8440,964.7994,1047.0000,714.3372,421.0000
2022-11-06,126,376.0000,582.2615,902.2597,793.7209,1393.9136,2403.0000,2634.6164,2819.9041,2846.0000,2621.3266,1796.2663
2022-11-06,126,384.0000,594.1112,908.0000,792.9287,1394.2687,2412.6458,2658.5080,2820.4359,2859.4283,2609.5761,1789.0440
2022-11-21,126,545.0000,578.2981,746.5725,629.5070,958.0000,1565.9975,1629.2693,1713.5024,1690.9855,1041.3803,634.5101
2022-11-21,126,673.0000,668.5881,802.0000,670.0000,990.5501,1559.0000,1627.6875,1698.8798,1676.3013,1043.5684,650.6477
2022-11-24,126,282.0000,446.4504,802.2906,717.1753,1356.7383,2385.7306,2587.5740,2742.8109,2822.1122,2194.3558,1393.1609
2022-11-24,126,339.0000,476.2959,816.0668,725.2235,1356.0000,2378.2739,2597.0000,2727.1495,2804.2455,2193.4800,1388.9701
2022-11-26,126,-9999.0000,-9999.0000,-9999.0000,-9999.0000,-9999.0000,-9999.0000,-9999.0000,-9999.0000,-9999.0000,-9999.0000,-9999.0000
2022-11-26,126,-9999.0000,-9999.0000,-9999.0000,-9999.0000,-9999.0000,-9999.0000,-9999.0000,-9999.0000,-9999.0000,-9999.0000,-9999.0000
2022-12-01,126,2265.0000,2188.0000,2260.0000,2342.0000,2593.6952,2613.9379,2665.6779,2827.0195,2774.5233,2960.9990,2824.9987
2022-12-06,126,-9999.0000,-9999.0000,-9999.0000,-9999.0000,-9999.0000,-9999.0000,-9999.0000,-9999.0000,-9999.0000,-9999.0000,-9999.0000
2023-01-10,126,492.0000,654.3614,944.0000,1113.3894,1418.4794,1749.8326,1844.0100,2010.4312,1994.2765,2116.6949,1542.1942
2023-01-10,126,522.0000,676.4225,952.0000,1116.4121,1426.4411,1745.6191,1849.0360,2010.7158,1996.8563,2112.0494,1544.4062
2023-01-20,126,-9999.0000,-9999.0000,-9999.0000,-9999.0000,-9999.0000,-9999.0000,-9999.0000,-9999.0000,-9999.0000,-9999.0000,-9999.0000
2023-01-20,126,-9999.0000,-9999.0000,-9999.0000,-9999.0000,-9999.0000,-9999.0000,-9999.0000,-9999.0000,-9999.0000,-9999.0000,-9999.0000
2023-01-25,126,556.0000,816.2933,1076.0000,1165.0470,1564.5924,2002.3974,2137.1132,2315.0743,2257.6767,2445.5022,1946.0000
2023-01-25,126,587.0000,832.5322,1086.0000,1165.4522,1562.5254,2005.7627,2136.5964,2307.1918,2257.4999,2452.2735,1932.0000
2023-01-28,126,1168.0170,1444.5082,1753.7416,1881.6277,2340.6525,2834.2987,2994.2712,3209.4398,3158.6022,3275.4197,2939.3637
2023-01-28,126,1199.0000,1449.2427,1753.0686,1857.0104,2322.0756,2813.4956,2972.6993,3177.4217,3122.0000,3237.8818,2882.0000
2023-01-30,126,-9999.0000,-9999.0000,-9999.0000,-9999.0000,-9999.0000,-9999.0000,-9999.0000,-9999.0000,-9999.0000,-9999.0000,-9999.0000
2023-01-30,126,1769.7112,1692.0000,2056.0000,2193.1654,2670.0000,3268.6268,3446.6538,3619.2212,3609.9446,3486.0000,2833.1227
2023-02-02,126,949.0000,1078.0000,1320.0000,1456.5338,1874.0000,2262.4943,2367.0000,2509.0960,2487.0000,2471.0000,1885.1644
2023-02-02,126,775.0000,908.0000,1196.0000,1389.0324,1854.0441,2261.2625,2382.0430,2532.7260,2522.0000,2507.0000,1907.3619
2023-02-04,126,-9999.0000,-9999.0000,-9999.0000,-9999.0000,-9999.0000,-9999.0000,-9999.0000,-9999.0000,-9999.0000,-9999.0000,-9999.0000
2023-02-04,126,-9999.0000,-9999.0000,-9999.0000,-9999.0000,-9999.0000,-9999.0000,-9999.0000,-9999.0000,-9999.0000,-9999.0000,-9999.0000
2023-02-07,126,720.0000,1024.9771,1328.4106,1516.5360,1921.0399,2373.8793,2502.0769,2777.3970,2641.9029,2902.5187,2628.1068
2023-02-07,126,762.0000,1033.4144,1336.9130,1520.6798,1922.0000,2384.4995,2511.0000,2787.1002,2638.0757,2909.0256,2627.9091
2023-02-09,126,986.0000,1160.7665,1497.2142,1700.2630,2161.3191,2628.6986,2750.2397,2987.3675,2888.1836,3249.3687,2801.9938
2023-02-09,126,1020.0000,1177.2804,1497.6729,1700.0000,2153.9117,2618.2570,2745.6733,2986.7492,2886.1752,3233.1827,2789.3567
2023-02-12,126,651.0000,857.5018,1129.2200,1268.5802,1677.0000,2051.7343,2147.4698,2330.9640,2259.8279,2405.2544,1923.0709
2023-02-12,126,629.0000,849.4628,1120.9656,1268.7183,1684.4237,2068.3551,2162.3140,2338.2202,2277.6694,2411.1701,1922.8578
2023-02-14,126,734.2558,1093.3088,1421.6671,1676.6373,2189.0000,2651.1474,2820.2226,3008.8906,2946.4718,3284.0000,2835.7220
2023-02-14,126,900.1133,1180.8041,1440.0000,1648.7101,2105.9064,2553.6545,2709.7866,2908.0302,2841.3191,3209.9808,2802.8895
2023-02-17,126,-9999.0000,-9999.0000,-9999.0000,-9999.0000,-9999.0000,-9999.0000,-9999.0000,-9999.0000,-9999.0000,-9999.0000,-9999.0000
2023-02-27,126,-9999.0000,-9999.0000,-9999.0000,-9999.0000,-9999.0000,-9999.0000,-9999.0000,-9999.0000,-9999.0000,-9999.0000,-9999.0000
2023-02-27,126,-9999.0000,-9999.0000,-9999.0000,-9999.0000,-9999.0000,-9999.0000,-9999.0000,-9999.0000,-9999.0000,-9999.0000,-9999.0000
2023-03-09,126,959.0000,1125.1094,1420.9822,1396.8827,1960.6261,2876.5870,3123.3411,3227.2037,3250.8209,3001.7252,2427.8016
2023-03-09,126,664.0000,952.0000,1296.0062,1296.0000,1897.7125,2877.4836,3147.7157,3250.3459,3307.5726,3060.0765,2436.0550
2023-03-11,126,1011.0000,1121.2531,1500.3759,1476.5280,2126.4953,3232.0207,3442.4835,3544.7934,3573.9208,3053.3572,2308.7745
2023-03-11,126,1052.0000,1148.9576,1533.0321,1488.2853,2117.0000,3226.9106,3426.9892,3529.7388,3574.0000,3050.0360,2297.2490
2023-03-16,126,423.0000,616.1967,966.0000,888.8597,1514.0000,2629.7286,2885.4623,3107.1479,3013.0000,2384.8993,1625.1020
2023-03-16,126,470.0000,644.0000,982.3530,896.4653,1510.6570,2615.0000,2865.2086,3089.4547,2993.7566,2374.3125,1626.9518
2023-03-21,126,508.3733,622.1510,1046.0000,885.1193,1657.1479,3138.8388,3381.5455,3507.2456,3521.5140,2569.7003,1715.5205
2023-03-21,126,570.0000,664.2263,1062.0000,902.5474,1637.6896,3080.7286,3330.3825,3452.0000,3461.6866,2546.4897,1717.4332
2023-03-29,126,334.0000,492.3247,833.4013,569.0240,1293.8902,2790.0000,3113.0000,3176.5920,3220.7240,1758.0678,1056.5472
2023-03-29,126,384.5519,524.3100,857.0694,581.3733,1313.4848,2773.1973,3098.0206,3174.9523,3205.2022,1755.1990,1058.2935
2023-04-03,126,373.0000,488.5979,942.4729,664.8492,1524.4003,3350.2357,3764.6300,4012.9282,3915.2705,2091.8396,1282.5467
2023-04-03,126,444.0000,538.2177,968.1690,685.2192,1529.2978,3313.4914,3726.2684,3976.0000,3870.2809,2082.0815,1282.0000
2023-04-05,126,407.0000,601.2092,973.5144,689.9122,1456.5422,3104.8603,3469.9139,3785.1540,3613.4627,1917.1897,1210.8572
2023-04-05,126,502.0000,676.3588,1013.4536,732.7814,1470.2708,3072.6964,3437.6513,3753.2980,3582.0000,1917.5608,1220.5000
2023-04-05,126,421.0000,624.9796,1022.0005,731.3233,1529.7155,3250.0000,3616.7814,3938.3816,3728.9404,1950.6540,1226.5822
2023-04-05,126,461.0000,645.7321,1020.7882,731.0952,1497.2570,3153.3641,3526.2869,3849.9719,3658.0012,1931.9839,1218.0000
2023-04-08,126,2068.5714,1958.0000,2144.0000,1772.0000,2558.0000,3877.8883,4189.2673,4316.0000,4232.0704,2118.4495,1585.2057
2023-04-08,126,1442.4460,1496.0000,1790.0000,1532.0000,2230.0000,3480.0614,3837.5459,4048.0000,3938.0214,2088.1268,1565.6213
2023-04-10,126,404.0000,488.2657,962.2302,684.3731,1657.9395,3499.6961,3867.6326,4156.0000,4058.2293,2124.9289,1266.0026
2023-04-10,126,456.0000,532.2623,982.1369,696.9052,1641.2393,3461.1850,3827.7573,4100.0000,4025.3601,2106.9193,1264.4576
2023-04-15,126,1690.0000,1770.0000,1908.0000,1700.0000,2204.0000,3022.0000,3295.0000,3400.0000,3343.0000,1645.0000,1212.0000
2023-04-18,126,290.0000,460.2834,908.0000,633.4568,1577.6308,3169.7484,3578.5293,3732.2308,3773.6709,1809.5266,1073.0000
2023-04-18,126,364.3940,518.2069,936.3331,657.4761,1574.1653,3133.5730,3537.0000,3684.0000,3740.5867,1795.4059,1082.6991
2023-04-23,126,-9999.0000,-9999.0000,-9999.0000,-9999.0000,-9999.0000,-9999.0000,-9999.0000,-9999.0000,-9999.0000,-9999.0000,-9999.0000
2023-04-23,126,-9999.0000,-9999.0000,-9999.0000,-9999.0000,-9999.0000,-9999.0000,-9999.0000,-9999.0000,-9999.0000,-9999.0000,-9999.0000
2023-04-30,126,-9999.0000,-9999.0000,-9999.0000,-9999.0000,-9999.0000,-9999.0000,-9999.0000,-9999.0000,-9999.0000,-9999.0000,-9999.0000
2023-04-30,126,-9999.0000,-9999.0000,-9999.0000,-9999.0000,-9999.0000,-9999.0000,-9999.0000,-9999.0000,-9999.0000,-9999.0000,-9999.0000
2023-05-05,126,233.2012,345.6400,589.1498,409.4099,1002.7451,2485.7762,3005.5390,3128.0000,3157.1111,1524.8614,920.8893
2023-05-05,126,362.7949,449.7403,661.3628,469.1661,1011.8624,2433.5217,2949.9464,3068.0000,3093.0988,1507.5277,907.6425
2023-05-13,126,-9999.0000,-9999.0000,-9999.0000,-9999.0000,-9999.0000,-9999.0000,-9999.0000,-9999.0000,-9999.0000,-9999.0000,-9999.0000
2023-05-13,126,-9999.0000,-9999.0000,-9999.0000,-9999.0000,-9999.0000,-9999.0000,-9999.0000,-9999.0000,-9999.0000,-9999.0000,-9999.0000
2023-05-15,126,308.4803,386.0000,578.2722,366.4904,893.3386,2437.7009,3035.0000,3122.7718,3165.4946,1218.7609,633.7949
2023-05-15,126,328.1874,400.0000,588.5528,372.1745,897.9551,2433.4799,3032.4134,3113.0177,3166.0459,1213.8677,641.9988
2023-05-18,126,313.0000,333.0000,536.9753,358.0000,845.6165,2437.4598,3120.0000,3216.0000,3331.0000,1285.0000,767.0000
2023-05-18,126,288.0000,278.3242,497.8508,316.1056,835.0000,2469.3626,3169.7728,3284.0000,3382.0659,1293.0000,760.4762
2023-05-23,126,204.9122,306.5642,565.1156,446.3323,947.0060,2363.6913,2931.4582,2995.6725,3157.5502,1490.4671,889.1572
2023-05-23,126,288.7880,364.2472,608.0000,478.3336,976.9540,2379.8254,2921.2538,2996.1810,3154.1937,1491.9174,891.0668
2023-05-25,126,241.0000,416.4186,678.3777,532.2487,1107.0702,2564.5873,3196.6293,3284.7408,3436.0000,1698.7961,1043.5185
2023-05-25,126,412.0000,524.0000,746.0000,586.1338,1129.3494,2498.3515,3098.5115,3201.2182,3323.2619,1667.1270,1042.4809
2023-05-28,126,-9999.0000,-9999.0000,-9999.0000,-9999.0000,-9999.0000,-9999.0000,-9999.0000,-9999.0000,-9999.0000,-9999.0000,-9999.0000
2023-05-28,126,-9999.0000,-9999.0000,-9999.0000,-9999.0000,-9999.0000,-9999.0000,-9999.0000,-9999.0000,-9999.0000,-9999.0000,-9999.0000
2023-05-30,126,2040.0000,1996.0000,2160.0000,1716.0000,2412.0000,3963.0000,4419.0000,4584.0000,4524.0000,2244.0000,1530.0000
2023-05-30,126,1988.0000,1964.0000,2082.0000,1714.0000,2335.0000,3679.0000,4099.0000,4124.0000,4241.0000,2157.0000,1516.0000
2023-06-02,126,154.0000,268.1793,590.2153,480.3338,1074.0000,2356.6239,2854.7881,2918.0786,3137.0000,1626.0247,969.7549
2023-06-02,126,243.0000,334.4149,628.0000,508.0000,1093.5485,2347.5525,2835.3151,2903.7226,3114.6107,1622.5621,976.7942
2023-06-04,126,464.0000,565.5120,888.4728,764.9392,1445.8363,2711.1920,3269.6764,3333.6936,3560.6863,1906.4631,1205.1124
2023-06-04,126,480.0000,609.5993,936.4170,785.0378,1468.0000,2755.5751,3338.0455,3397.2639,3641.6561,1916.1651,1211.0000
2023-06-07,126,101.0000,218.0000,532.3842,422.2130,1029.7272,2117.4157,2533.7923,2665.1776,2791.8269,1470.1466,897.4625
2023-06-07,126,256.0000,382.0000,636.0000,498.4051,1044.5709,2100.4084,2536.4412,2615.0680,2761.1365,1457.0206,897.8511
2023-06-09,126,592.0000,598.1396,946.2146,800.0000,1472.0000,2628.6346,2964.9508,3014.0896,3240.1403,1925.7735,1201.2169
2023-06-09,126,667.0000,702.0000,1002.0000,842.4684,1472.3194,2610.8544,2936.6334,2954.9587,3194.9633,1913.5035,1197.2355
2023-06-12,126,57.0000,220.2993,572.0000,617.0730,1192.0000,2007.2345,2310.8865,2422.3465,2602.5932,1797.7842,1181.7325
2023-06-12,126,202.0000,326.2322,646.5593,657.0714,1204.1785,2001.5854,2311.9789,2407.7239,2583.7789,1782.7552,1177.0000
2023-06-14,126,945.0000,1022.0000,1302.0000,1198.0000,1733.0000,2687.0000,3103.0000,3168.0000,3297.0000,2199.0000,1461.0000
2023-06-14,126,1000.0000,1166.0000,1390.0000,1248.0000,1802.0000,2642.0000,3022.0000,3272.0000,3220.0000,2232.0000,1445.0000
2023-06-17,126,275.0000,454.0000,706.0000,810.1754,1272.4604,1912.6978,2200.5459,2361.5173,2486.1795,1900.7106,1341.0408
2023-06-17,126,381.0000,528.0000,760.0000,832.9313,1280.7235,1907.0952,2194.7600,2346.6011,2468.0968,1893.4451,1342.9059
2023-06-19,126,325.0000,424.6281,772.2063,961.3292,1465.6899,2102.3630,2342.6496,2440.5124,2666.5056,2196.0000,1468.9990
2023-06-19,126,512.0000,600.0000,875.0000,993.4401,1446.7159,2058.7735,2312.8474,2378.0862,2600.5545,2161.6009,1457.0000
2023-06-22,126,-9999.0000,-9999.0000,-9999.0000,-9999.0000,-9999.0000,-9999.0000,-9999.0000,-9999.0000,-9999.0000,-9999.0000,-9999.0000
2023-06-24,126,447.0000,692.4351,966.0000,1249.0000,1621.8170,2139.2085,2455.8136,2563.2745,2759.1352,2653.8574,1857.2334
2023-06-24,126,472.0000,696.2727,970.3311,1244.9925,1625.0000,2139.1955,2460.2883,2569.6436,2770.6918,2655.0000,1853.8157
2023-06-27,126,370.5408,626.0000,936.4078,1300.6887,1705.7696,2236.4242,2586.8828,2725.7671,2969.5020,2761.5149,1862.1529
2023-06-27,126,417.0000,654.2782,952.0000,1300.8388,1705.5809,2241.1831,2577.5000,2721.9201,2948.5672,2752.0530,1850.0529
2023-06-29,126,406.2214,590.3953,960.2111,1260.7101,1669.2998,2276.3601,2548.4711,2696.5853,2861.2362,2661.9612,1713.4482
2023-06-29,126,537.0000,686.0000,1004.3180,1245.2558,1637.4129,2245.4885,2489.3046,2633.7833,2794.2977,2621.6965,1701.9144
2023-07-02,126,197.0000,420.2430,750.2946,965.3717,1373.2079,1931.4494,2163.3435,2203.1385,2427.2929,2309.2791,1501.6187
2023-07-02,126,523.0000,630.0000,870.0000,994.6292,1364.5482,1906.1666,2132.3779,2138.5875,2347.0429,2237.7148,1474.2170
2023-07-04,126,369.0000,610.2768,894.0000,1080.9528,1484.7860,2082.8158,2378.3817,2450.4968,2609.0000,2513.6644,1670.6888
2023-07-04,126,486.0000,683.0000,932.0000,1077.6154,1468.0000,2050.2978,2347.1094,2411.7809,2571.0127,2470.6252,1656.2418
2023-07-07,126,416.0000,698.0000,1022.4447,1306.8052,1744.8332,2321.4721,2650.8056,2826.6011,3027.1536,3273.3074,2189.5712
2023-07-07,126,475.0000,734.1823,1040.0000,1309.2253,1736.9465,2309.9055,2643.5889,2809.0867,3011.5081,3253.6183,2186.0356
2023-07-09,126,504.0000,718.2419,1114.0000,1442.4626,1964.4689,2619.2072,2899.5040,3027.8642,3307.7100,3580.4240,2289.1664
2023-07-09,126,602.0000,780.2297,1130.0000,1417.9093,1918.0746,2572.0344,2852.8129,2954.4799,3260.0043,3522.0000,2270.0048
2023-07-12,126,-9999.0000,-9999.0000,-9999.0000,-9999.0000,-9999.0000,-9999.0000,-9999.0000,-9999.0000,-9999.0000,-9999.0000,-9999.0000
2023-07-14,126,462.0000,744.1290,1106.0000,1357.1235,1889.0000,2595.4678,2947.6828,3112.2672,3318.4806,3546.3774,2338.5465
2023-07-14,126,556.0000,792.0000,1124.0000,1345.4819,1849.3006,2546.7399,2891.4207,3059.9626,3251.4089,3481.0122,2321.0000
2023-07-17,126,322.0000,566.2428,902.2721,1116.5039,1629.9899,2378.3862,2716.1639,2851.7653,3083.0220,3141.1391,2038.1568
2023-07-17,126,473.0000,665.0000,954.4021,1125.0779,1609.0000,2333.2911,2674.2266,2795.4321,3013.6113,3090.3421,2016.8897
2023-07-19,126,-9999.0000,-9999.0000,-9999.0000,-9999.0000,-9999.0000,-9999.0000,-9999.0000,-9999.0000,-9999.0000,-9999.0000,-9999.0000
2023-07-22,126,-9999.0000,-9999.0000,-9999.0000,-9999.0000,-9999.0000,-9999.0000,-9999.0000,-9999.0000,-9999.0000,-9999.0000,-9999.0000
2023-07-22,126,-9999.0000,-9999.0000,-9999.0000,-9999.0000,-9999.0000,-9999.0000,-9999.0000,-9999.0000,-9999.0000,-9999.0000,-9999.0000
2023-07-27,126,571.0000,849.0597,1161.1912,1514.5734,1814.2175,2115.7886,2315.0826,2427.2297,2515.3803,3058.6758,2452.7735
2023-07-27,126,612.0000,870.6399,1168.0000,1509.0093,1801.3637,2110.5038,2307.7202,2419.0555,2515.0741,3049.4863,2443.2992
2023-07-29,126,1089.0000,1386.3845,1858.1337,2263.3324,2674.2994,3082.2038,3251.0177,3256.4325,3499.3934,4244.2140,3508.9075
2023-07-29,126,1108.0000,1378.8885,1834.5768,2226.8434,2627.2832,3053.8417,3235.7099,3233.1037,3466.3871,4235.2830,3496.4815
2023-08-03,126,-9999.0000,-9999.0000,-9999.0000,-9999.0000,-9999.0000,-9999.0000,-9999.0000,-9999.0000,-9999.0000,-9999.0000,-9999.0000
2023-08-06,126,481.0000,664.9595,1020.9564,979.9420,1514.7397,2451.2863,2744.6091,2758.4966,2905.5178,2837.5569,2018.3959
2023-08-06,126,520.0000,688.3081,1028.7869,980.3566,1514.1002,2451.4124,2748.2139,2764.7126,2898.9646,2822.9828,2019.1159
2023-08-08,126,749.4694,901.1615,1394.4342,1282.1013,1974.4355,3272.0000,3542.1914,3588.8902,3719.2724,3546.6471,2571.0205
2023-08-08,126,780.0000,916.8434,1409.5596,1291.1430,1986.9804,3275.3288,3539.5724,3585.8086,3716.7229,3539.3305,2579.4532
2023-08-11,126,-9999.0000,-9999.0000,-9999.0000,-9999.0000,-9999.0000,-9999.0000,-9999.0000,-9999.0000,-9999.0000,-9999.0000,-9999.0000
2023-08-11,126,-9999.0000,-9999.0000,-9999.0000,-9999.0000,-9999.0000,-9999.0000,-9999.0000,-9999.0000,-9999.0000,-9999.0000,-9999.0000
2023-08-13,126,516.0000,729.5845,1232.8334,920.8006,1744.4574,3321.0000,3757.6242,3688.0000,3885.1968,3149.7847,2125.1538
2023-08-13,126,616.0000,786.0000,1229.0310,933.7094,1708.0000,3194.2602,3642.5087,3584.0000,3770.3750,3114.0234,2102.1401
2023-08-16,126,526.0000,694.4134,1105.0393,797.9151,1524.0000,3080.5531,3543.0000,3469.6832,3694.3014,2788.7770,1810.0065
2023-08-16,126,571.0000,722.1590,1117.2307,806.2312,1522.4721,3069.1407,3537.0000,3472.0000,3685.5718,2783.0000,1797.9032
2023-08-18,126,514.0000,662.0000,1176.7872,825.0096,1673.6123,3633.4105,4023.0000,3876.0000,4237.8416,3058.9531,1833.6387
2023-08-18,126,630.0000,710.4245,1185.2619,837.9286,1652.0000,3520.7565,3913.8886,3804.0000,4133.9351,3020.9961,1824.0000
2023-08-21,126,418.0000,556.4687,993.5158,749.0411,1461.3133,3065.5082,3499.0000,3484.2698,3702.5910,2689.2632,1650.9770
2023-08-21,126,486.0000,596.3911,1009.4899,765.2657,1458.9791,3045.4369,3461.8978,3465.8206,3681.6523,2679.0000,1651.0000
2023-08-23,126,442.0000,646.6250,1088.8864,816.1887,1558.5481,3200.9943,3739.3446,3715.2522,3908.0249,2844.5905,1782.2898
2023-08-23,126,580.0000,732.1356,1106.0000,841.4270,1514.0000,3061.9772,3596.3759,3561.9711,3761.0056,2788.6345,1764.9060
2023-08-26,126,390.0000,570.2289,976.3673,701.5397,1398.1619,3025.0000,3531.7625,3531.5161,3731.8053,2572.9111,1581.3932
2023-08-26,126,472.0000,624.4109,1000.8499,716.4100,1398.6486,2985.0000,3477.5532,3481.3172,3677.2262,2558.0000,1579.4115
2023-08-31,126,332.0000,433.0000,877.2392,452.5318,1188.0000,2949.0000,3320.3960,3222.2301,3476.5448,1738.5017,867.0000
2023-08-31,126,539.0000,588.0000,1000.9360,548.3028,1316.0000,3207.4519,3601.0000,3588.7850,3807.0000,1932.2265,944.0000
2023-09-02,126,357.0000,503.0000,1020.4399,480.4417,1414.0000,3531.3915,4093.5418,4043.4523,4204.9295,2406.0000,1234.9975
2023-09-02,126,444.0000,560.0000,1036.0000,508.3336,1406.3948,3480.1314,4024.0000,3962.3379,4147.6411,2395.0000,1233.0000
2023-09-05,126,251.0000,413.0000,902.1943,418.3625,1250.3397,3347.0000,3913.7293,4123.3446,4107.5386,2216.8618,1187.0000
2023-09-05,126,318.0000,459.0000,922.0000,434.5026,1256.0000,3348.2502,3932.1109,4081.8982,4090.3544,2220.0000,1184.5404
2023-09-07,126,319.0000,403.0000,954.2402,446.8165,1354.5664,3663.0000,4161.0000,4296.0000,4371.3472,2384.5200,1218.0000
2023-09-07,126,383.0000,447.0000,970.2243,468.3859,1346.6369,3625.0000,4113.3863,4241.8145,4331.6389,2374.3325,1215.0000
2023-09-10,126,267.0000,377.0000,886.0000,452.2326,1300.7703,3399.0000,3916.0084,4043.2258,4121.8820,2212.7549,1130.6359
2023-09-10,126,351.0000,436.0000,910.6095,474.3136,1302.0000,3336.0000,3874.8228,3992.0000,4107.2616,2199.0000,1133.0000
2023-09-12,126,-9999.0000,-9999.0000,-9999.0000,-9999.0000,-9999.0000,-9999.0000,-9999.0000,-9999.0000,-9999.0000,-9999.0000,-9999.0000
2023-09-17,126,1077.0000,1024.0000,1490.0000,990.0000,1842.0000,4127.0000,4673.0000,4672.0000,4974.0000,2825.0000,1507.0000
2023-09-25,126,205.0000,382.0000,856.1455,438.2735,1280.3961,2961.6874,3450.5566,3546.5470,3726.5000,2102.7714,1130.3948
2023-09-25,126,253.0000,413.0000,872.0000,448.5537,1286.3862,2977.0108,3441.2722,3530.8029,3691.4068,2100.5921,1127.0000
2023-09-27,126,409.0000,522.0000,1042.0000,622.2415,1500.3716,3251.2373,3617.4964,3789.7888,3907.8797,2370.3094,1282.7918
2023-09-27,126,480.0000,571.0000,1068.0000,644.2970,1498.1951,3227.0000,3577.4442,3760.5071,3876.5265,2362.4124,1274.9345
2023-09-30,126,-9999.0000,-9999.0000,-9999.0000,-9999.0000,-9999.0000,-9999.0000,-9999.0000,-9999.0000,-9999.0000,-9999.0000,-9999.0000
2023-09-30,126,-9999.0000,-9999.0000,-9999.0000,-9999.0000,-9999.0000,-9999.0000,-9999.0000,-9999.0000,-9999.0000,-9999.0000,-9999.0000
2023-10-02,126,262.0000,466.0000,960.3884,578.0000,1505.8022,3154.7195,3639.8434,3735.6099,3927.6275,2421.0589,1304.9150
2023-10-02,126,447.0000,603.0000,1026.0000,654.3902,1505.3842,3024.0439,3507.0976,3621.2603,3777.0000,2385.0761,1296.9479
2023-10-07,126,292.0000,394.4829,906.3076,585.1238,1458.5422,2972.7295,3286.0194,3496.3132,3623.7061,2408.9935,1317.2441
2023-10-07,126,365.0000,450.5198,926.2578,612.9002,1460.0586,2920.0000,3232.0000,3462.1079,3577.0279,2397.2874,1312.5116
2023-10-12,126,-9999.0000,-9999.0000,-9999.0000,-9999.0000,-9999.0000,-9999.0000,-9999.0000,-9999.0000,-9999.0000,-9999.0000,-9999.0000
2023-10-17,126,283.0000,391.0000,864.2517,594.3268,1416.2742,2755.8452,3069.2466,3379.8364,3437.9942,2432.7055,1382.2159
2023-10-17,126,316.0000,414.0000,876.4782,604.0000,1416.6309,2743.0000,3066.3978,3369.1352,3426.2056,2430.0000,1393.9125
2023-10-22,126,229.0000,420.0000,852.2151,582.4608,1360.7081,2493.2624,2785.7079,2981.8080,3083.4647,2268.5851,1316.0000
2023-10-22,126,249.0000,433.0000,858.0000,586.0560,1362.5135,2482.1424,2804.0000,2965.9311,3074.2272,2267.0000,1323.0000
2023-10-27,126,223.0000,349.0000,865.6397,556.2097,1417.9521,2662.0580,2940.0491,3018.6776,3274.7730,2314.5704,1268.3953
2023-10-27,126,258.0000,372.0000,872.7744,564.3886,1412.7635,2646.0000,2936.5846,3013.0193,3218.6338,2314.3987,1270.1098
2023-11-04,126,102.0000,342.0000,745.2852,516.2761,1280.3483,2403.0000,2742.0000,3035.6348,3076.5483,2118.4886,1270.9905
2023-11-04,126,169.0000,390.0000,784.8979,536.0193,1286.4137,2408.0000,2717.4503,3015.8152,3077.6596,2116.3270,1266.2342
2023-11-11,126,233.0000,457.0000,845.3397,694.1323,1486.2840,2466.9102,2740.2505,3064.0605,3098.0000,2280.3992,1358.6558
2023-11-11,126,251.0000,471.0000,849.6655,696.4995,1485.7484,2462.0000,2737.1065,3046.2974,3090.9595,2280.6922,1358.6844
2023-11-19,126,231.0000,372.0000,536.4083,618.2776,980.4636,1292.6761,1459.7929,1666.9728,1732.7171,1621.0138,997.2863
2023-11-19,126,151.0000,274.3333,460.2941,564.1756,949.4893,1276.0176,1467.9223,1666.1154,1739.2432,1624.3548,998.0000
2023-11-24,126,-9999.0000,-9999.0000,-9999.0000,-9999.0000,-9999.0000,-9999.0000,-9999.0000,-9999.0000,-9999.0000,-9999.0000,-9999.0000
2023-11-26,126,385.0000,572.3751,820.8985,1180.3029,1569.3050,1849.7310,2107.2776,2475.3674,2557.8431,2818.9572,1900.7400
2023-11-26,126,422.0000,598.0478,836.7289,1188.5952,1569.1032,1843.9552,2105.6932,2459.6000,2547.8423,2813.9622,1898.5020
2023-11-29,126,299.0000,502.2739,736.6284,1152.7638,1501.0734,1731.7700,2002.5442,2381.0875,2466.4365,2616.8302,1720.9570
2023-11-29,126,351.0000,542.0000,780.0000,1165.1664,1513.0605,1747.4236,2011.7756,2370.1549,2451.4939,2618.6002,1719.0000
2023-12-09,126,544.3182,857.1366,1132.9297,1652.7366,2033.2210,2228.0044,2471.0000,2763.6799,2892.4842,2937.2617,2036.7165
2023-12-09,126,600.0000,889.0854,1152.5177,1659.8523,2029.8093,2228.5490,2466.0000,2754.3566,2892.9098,2929.2975,2037.6075
2023-12-14,126,-9999.0000,-9999.0000,-9999.0000,-9999.0000,-9999.0000,-9999.0000,-9999.0000,-9999.0000,-9999.0000,-9999.0000,-9999.0000
2023-12-14,126,1330.0000,1504.9193,1582.0000,1865.5310,2137.0000,2237.7918,2364.5359,2565.0456,2602.0000,1986.0000,1536.0000
2023-12-16,126,412.0000,650.4698,916.1992,1449.1670,1724.8031,1867.0824,2052.0613,2337.1559,2403.3318,2845.1081,2028.8055
2023-12-16,126,464.0000,686.3965,934.2515,1461.0803,1734.1232,1873.4112,2057.0000,2345.8578,2413.2244,2854.3353,2029.6691
2023-12-19,126,347.0000,610.3590,866.1798,1372.6152,1632.9170,1762.0000,1946.6806,2219.1096,2283.1975,2722.0854,1913.4984
2023-12-19,126,396.0000,642.0265,882.7415,1369.1192,1630.8584,1757.3408,1941.6272,2209.8700,2260.9563,2713.5885,1902.7185
2023-12-24,126,-9999.0000,-9999.0000,-9999.0000,-9999.0000,-9999.0000,-9999.0000,-9999.0000,-9999.0000,-9999.0000,-9999.0000,-9999.0000
2023-12-24,126,1657.0000,1838.0000,1926.0000,2194.0000,2506.0000,2633.2428,2781.1488,2908.0000,2965.4460,3019.0000,2340.5415
2024-01-05,126,-9999.0000,-9999.0000,-9999.0000,-9999.0000,-9999.0000,-9999.0000,-9999.0000,-9999.0000,-9999.0000,-9999.0000,-9999.0000
2024-01-08,126,-9999.0000,-9999.0000,-9999.0000,-9999.0000,-9999.0000,-9999.0000,-9999.0000,-9999.0000,-9999.0000,-9999.0000,-9999.0000
2024-01-08,126,-9999.0000,-9999.0000,-9999.0000,-9999.0000,-9999.0000,-9999.0000,-9999.0000,-9999.0000,-9999.0000,-9999.0000,-9999.0000
2024-01-13,126,358.0000,664.1537,816.4186,1216.7242,1393.3560,1482.7144,1609.6882,1842.7130,1835.4903,2534.0718,2021.8091
2024-01-13,126,470.0000,738.3872,864.1552,1229.1459,1397.7012,1485.0000,1601.7855,1824.7213,1806.2880,2508.5473,2008.4120
2024-01-15,126,-9999.0000,-9999.0000,-9999.0000,-9999.0000,-9999.0000,-9999.0000,-9999.0000,-9999.0000,-9999.0000,-9999.0000,-9999.0000
2024-01-20,126,413.0000,714.0000,874.0562,1292.0000,1436.3789,1537.6316,1678.2713,1986.1793,1879.0000,2550.6645,2034.0164
2024-01-20,126,457.0000,752.2666,914.4764,1310.0000,1441.0000,1553.9491,1673.6294,1976.6237,1877.0158,2544.0556,2028.0000
2024-01-23,126,456.0000,740.2426,900.0000,1248.4194,1401.4723,1468.8679,1581.4594,1777.3215,1774.0735,2388.5223,1985.8303
2024-01-23,126,523.0000,780.1661,922.0000,1250.0000,1401.6538,1473.7004,1578.1500,1772.8295,1760.6952,2374.5047,1986.0000
2024-01-25,126,595.0000,796.0000,1076.0000,1457.0245,1665.8818,1765.9498,1873.6890,1986.8111,2061.2176,2512.3763,1796.7655
2024-01-25,126,766.0000,930.0000,1142.0000,1460.7513,1646.0000,1749.0000,1849.1077,1963.1470,2030.3062,2479.0000,1768.7648
2024-01-28,126,535.0000,718.5694,930.0000,1296.3542,1465.9671,1529.7125,1637.8944,1835.4606,1828.2385,2602.3706,2086.0105
2024-01-28,126,587.0000,750.1472,942.8273,1293.4367,1466.1200,1526.1277,1632.7652,1828.9077,1824.9757,2597.0000,2084.8676
2024-01-30,126,519.0000,844.0000,1030.0000,1460.8585,1644.4008,1705.7032,1837.8916,2091.5380,2035.9370,2878.0317,2420.3607
2024-01-30,126,617.0000,894.0000,1060.0000,1461.0824,1629.0459,1705.4855,1824.9399,2072.2943,2024.7935,2841.4451,2402.5935
2024-02-02,126,175.0000,377.0000,440.0000,604.0000,684.7099,708.1866,766.7041,810.4177,820.6503,1030.0000,892.6665
2024-02-02,126,246.0000,423.0000,466.0000,618.4558,694.0000,718.7797,769.0000,812.2985,824.5232,1026.0000,889.0000
2024-02-04,126,316.7753,594.0000,960.0000,1556.2795,1809.9849,1889.9668,2021.7821,2201.9330,2258.8424,3141.4969,2578.4018
2024-02-04,126,382.0000,656.2394,994.0031,1561.1566,1808.5461,1885.5255,2021.7521,2195.0385,2257.9827,3137.0683,2572.0000
2024-02-14,126,617.0000,748.3095,918.2387,1196.8389,1369.9886,1449.0204,1517.7569,1621.5798,1676.0000,2163.6211,1731.2176
2024-02-14,126,696.0000,794.2341,948.3018,1201.5986,1374.1237,1449.9296,1528.0000,1620.9378,1665.0000,2147.2014,1741.2847
2024-02-17,126,-9999.0000,-9999.0000,-9999.0000,-9999.0000,-9999.0000,-9999.0000,-9999.0000,-9999.0000,-9999.0000,-9999.0000,-9999.0000
2024-02-17,126,-9999.0000,-9999.0000,-9999.0000,-9999.0000,-9999.0000,-9999.0000,-9999.0000,-9999.0000,-9999.0000,-9999.0000,-9999.0000
2024-02-19,126,436.0000,742.0000,948.3908,1332.7516,1561.2928,1621.3513,1772.5422,1898.2114,1956.2931,2901.1031,2435.2150
2024-02-19,126,490.0523,770.0403,964.1121,1337.5361,1568.0993,1629.5294,1773.9358,1890.6995,1955.1654,2890.0239,2426.0369
2024-03-05,126,570.8398,744.3702,1010.1548,1321.2531,1589.0000,1756.4382,1859.7194,1994.7325,2059.5815,2789.0195,2243.2512
2024-03-05,126,544.0000,722.1418,1010.2166,1328.8832,1594.4947,1764.0728,1867.5120,2002.7536,2067.2543,2809.6273,2253.6338
2024-03-13,126,296.0000,434.0000,612.3114,797.8275,982.0000,1132.7570,1235.3566,1266.5133,1367.9150,1670.9970,1432.3999
2024-03-13,126,476.0000,572.5271,714.0063,852.7214,1021.3949,1171.0179,1275.4692,1299.1240,1396.9258,1645.8665,1425.7141
2024-03-20,126,543.0000,837.4205,1109.2838,1404.9852,1737.0172,1959.0633,2119.6542,2279.9219,2297.2673,3172.6569,2666.5850
2024-03-20,126,746.0254,954.0833,1166.0000,1376.7613,1695.0000,1922.8806,2075.9962,2226.8032,2234.8396,3081.0000,2617.4841
2024-03-23,126,1126.2234,1356.0000,1509.0196,1675.4342,2021.1524,2232.9604,2372.2533,2535.8291,2551.2030,3161.5851,2755.3602
2024-03-23,126,1148.2955,1414.0000,1621.0762,1810.2230,2170.0000,2460.1973,2615.3851,2806.1413,2790.1137,3243.4438,2788.0719
2024-03-25,126,656.6190,845.1784,1161.0697,1441.8414,1781.1736,2104.0886,2231.7701,2470.4760,2440.0054,3354.2601,2820.0917
2024-03-25,126,694.0000,865.2837,1168.6843,1442.5773,1780.0000,2092.2893,2218.8983,2466.5923,2435.1946,3340.9799,2812.2180
2024-03-30,126,1875.0000,2168.0000,2410.0000,2368.7655,2944.0000,3332.5560,3516.3694,3472.7012,3548.5827,3004.3426,2313.9950
2024-04-02,126,436.5161,630.3757,892.1565,1032.7810,1433.2062,1863.0827,2022.8707,2167.9741,2183.8562,2585.2032,2027.1897
2024-04-02,126,472.7581,650.3708,904.3572,1032.6750,1436.3190,1859.9161,2022.0411,2167.2989,2184.9830,2580.0754,2029.6933
2024-04-04,126,605.0000,737.4030,1077.0328,1235.5298,1725.1974,2230.7254,2359.6794,2503.5549,2567.1214,3114.7191,2444.0735
2024-04-04,126,684.0000,796.3512,1100.0000,1224.7738,1694.0000,2204.1336,2331.9865,2467.1567,2531.5110,3069.9117,2418.7732
2024-04-07,126,656.0000,833.0920,1165.2953,1245.0085,1765.0530,2364.8498,2517.5035,2663.8802,2714.0033,2909.7958,2219.8740
2024-04-07,126,775.0000,902.6888,1198.0000,1241.4472,1741.1021,2324.2480,2484.1173,2634.3264,2660.5148,2856.7358,2200.3026
2024-04-09,126,-9999.0000,-9999.0000,-9999.0000,-9999.0000,-9999.0000,-9999.0000,-9999.0000,-9999.0000,-9999.0000,-9999.0000,-9999.0000
2024-04-12,126,505.0000,729.0167,1068.7941,1064.6560,1608.7979,2338.4080,2551.7870,2663.5246,2711.5447,2907.0952,2284.5790
2024-04-12,126,606.0000,786.3212,1093.1129,1069.4446,1589.3415,2306.6367,2507.4932,2627.0641,2667.2729,2865.4666,2266.9115
2024-04-14,126,665.0000,769.1846,1176.7023,1138.7749,1773.4284,2682.0937,2856.0534,2982.7205,3048.8240,3139.8384,2307.3248
2024-04-14,126,733.0000,825.4620,1188.6709,1129.2261,1749.3644,2644.2816,2819.9562,2921.6290,2994.0962,3097.9850,2291.1464
2024-04-17,126,486.0000,606.1827,968.3633,908.8695,1537.2928,2475.4754,2678.5744,2851.9400,2869.3694,2632.8335,1841.5630
2024-04-17,126,460.5490,580.2748,960.4310,905.1402,1552.8754,2524.8416,2725.6604,2898.9416,2914.0075,2669.3144,1849.3202
2024-04-27,126,-9999.0000,-9999.0000,-9999.0000,-9999.0000,-9999.0000,-9999.0000,-9999.0000,-9999.0000,-9999.0000,-9999.0000,-9999.0000
2024-04-29,126,1037.0000,1434.7738,1858.7724,2274.9762,2556.5135,2706.9600,2855.1822,3046.5671,2999.6143,3883.4216,3626.4306
2024-04-29,126,1058.0000,1412.0367,1802.2683,2186.3604,2476.8838,2651.9394,2812.0366,2999.0662,2954.4440,3836.2641,3589.7940
2024-05-04,126,-9999.0000,-9999.0000,-9999.0000,-9999.0000,-9999.0000,-9999.0000,-9999.0000,-9999.0000,-9999.0000,-9999.0000,-9999.0000
2024-05-04,126,-9999.0000,-9999.0000,-9999.0000,-9999.0000,-9999.0000,-9999.0000,-9999.0000,-9999.0000,-9999.0000,-9999.0000,-9999.0000
2024-05-14,126,-9999.0000,-9999.0000,-9999.0000,-9999.0000,-9999.0000,-9999.0000,-9999.0000,-9999.0000,-9999.0000,-9999.0000,-9999.0000
2024-05-14,126,-9999.0000,-9999.0000,-9999.0000,-9999.0000,-9999.0000,-9999.0000,-9999.0000,-9999.0000,-9999.0000,-9999.0000,-9999.0000
2024-05-17,126,581.0000,789.1398,1133.4590,1547.2758,1765.9542,1892.5562,2019.6516,2119.2355,2218.4039,2663.0000,1926.4615
2024-05-17,126,660.5534,836.7477,1152.9516,1522.6025,1750.4032,1890.3410,2029.1363,2122.1494,2211.1651,2624.0334,1913.6357
2024-05-22,126,-9999.0000,-9999.0000,-9999.0000,-9999.0000,-9999.0000,-9999.0000,-9999.0000,-9999.0000,-9999.0000,-9999.0000,-9999.0000
2024-05-22,126,-9999.0000,-9999.0000,-9999.0000,-9999.0000,-9999.0000,-9999.0000,-9999.0000,-9999.0000,-9999.0000,-9999.0000,-9999.0000
2024-05-24,126,1102.0000,1332.0000,1832.7710,2136.5021,2569.0000,2893.0000,2999.5683,3094.5999,3163.4032,3860.1777,3254.0563
2024-05-24,126,1102.0000,1340.0000,1826.0000,2117.1592,2560.0000,2908.0461,3023.0000,3081.5371,3189.0042,3840.0000,3224.9897
2024-05-27,126,-9999.0000,-9999.0000,-9999.0000,-9999.0000,-9999.0000,-9999.0000,-9999.0000,-9999.0000,-9999.0000,-9999.0000,-9999.0000
2024-06-01,126,366.0000,561.4740,851.3345,939.6043,1316.0000,1814.0000,1987.0000,1847.9473,2134.0267,1968.0535,1560.5504
2024-06-01,126,543.0000,665.3344,923.3857,955.1335,1331.0000,1806.0000,2022.5102,1893.3818,2138.0000,1955.0000,1549.0000
2024-06-03,126,-9999.0000,-9999.0000,-9999.0000,-9999.0000,-9999.0000,-9999.0000,-9999.0000,-9999.0000,-9999.0000,-9999.0000,-9999.0000
2024-06-06,126,1110.4914,1313.4564,1890.3699,1763.9276,2547.4288,3632.9518,3883.7928,3867.0546,4035.5509,3643.2049,2772.1217
2024-06-06,126,1140.0000,1309.7122,1843.1288,1731.4112,2445.8868,3504.6425,3772.3020,3762.5354,3939.7331,3602.6578,2722.3028
2024-06-16,126,754.0000,987.1989,1562.5235,1539.7703,2346.9102,3488.6626,3750.1343,3784.9430,3952.6857,3523.7271,2605.5874
2024-06-16,126,826.4281,1026.1776,1570.0282,1523.3614,2305.7913,3417.3537,3689.8536,3716.0000,3893.0612,3493.0000,2586.7216
2024-06-18,126,912.0000,1177.2218,1699.4577,1610.3488,2364.4968,3513.7419,3900.3201,4004.0000,4084.0385,3718.0274,2860.4388
2024-06-18,126,919.0000,1184.7766,1690.3277,1603.7722,2364.9716,3509.8162,3894.4161,4004.0000,4086.3400,3719.0000,2850.3229
2024-06-26,126,653.0000,749.4471,1188.9027,1085.6720,1753.2469,3201.0000,3620.8761,3609.3182,3882.8071,3150.3741,2125.0737
2024-06-26,126,623.0000,729.8057,1192.9329,1072.7342,1781.0000,3299.3751,3740.4195,3697.9003,3980.9910,3176.9983,2121.2794
2024-06-28,126,617.0000,820.4028,1245.0909,1146.9794,1753.4313,3098.8058,3577.3724,3538.6425,3756.8733,3225.2950,2410.0685
2024-06-28,126,744.6045,901.4338,1261.3743,1153.5913,1717.3563,2976.5826,3434.3600,3377.1809,3594.1535,3150.0000,2386.3522
2024-07-06,126,656.0000,666.1721,955.1142,773.6447,1281.1979,3075.2465,3738.1531,3715.3439,3940.3371,2563.4971,1578.7827
2024-07-06,126,671.0000,683.8487,971.8619,778.9205,1283.6307,3112.9684,3763.4629,3720.8147,3957.8026,2569.2475,1582.4966
2024-07-08,126,422.0000,562.2066,830.3629,644.2478,1097.8292,2996.1535,3883.1078,3808.6667,4043.2035,2388.2640,1440.8393
2024-07-08,126,370.0000,492.4980,778.0000,596.8916,1077.0000,3052.3284,3950.8286,3883.0150,4106.2974,2406.0642,1441.4607
2024-07-11,126,223.0000,342.3488,560.0746,382.1482,785.6286,2786.4224,3828.9430,3747.8762,3994.4707,1984.5488,1130.6396
2024-07-11,126,306.4875,400.0000,600.6853,414.0130,812.8296,2777.9443,3802.2294,3704.0000,3961.0762,1983.0000,1130.0367
2024-07-13,126,345.9949,400.4822,650.2917,454.1743,853.7999,3187.4322,4162.3017,4016.0000,4379.7698,2122.2960,1129.9698
2024-07-13,126,408.6720,432.1608,670.0000,472.1421,877.4739,3162.1236,4124.6621,3992.0000,4333.2278,2113.4597,1128.9727
2024-07-16,126,184.0000,232.5103,466.3187,305.1861,698.9816,2795.0000,3865.6472,3825.9538,4044.9153,1836.1407,963.1542
2024-07-16,126,322.0000,346.1153,546.2712,370.4120,740.0000,2744.0000,3770.0000,3732.0000,3945.6768,1827.5823,962.9018
2024-07-18,126,316.0000,422.5930,621.4804,437.6348,828.6605,2865.0000,4052.6667,4050.4693,4222.0000,2029.0073,1123.5733
2024-07-18,126,409.0000,488.5778,665.2304,476.2941,876.8112,2826.5379,3961.5766,3979.4877,4121.7230,2028.0888,1115.1966
2024-07-21,126,150.0000,272.4407,489.4605,297.2539,715.6677,2774.9994,3964.1945,3948.2836,4148.3159,1715.3178,897.1962
2024-07-21,126,209.0000,312.3193,517.0443,317.4013,722.5986,2758.4765,3938.7579,3921.5496,4129.0398,1716.6108,900.0000
2024-07-23,126,-9999.0000,-9999.0000,-9999.0000,-9999.0000,-9999.0000,-9999.0000,-9999.0000,-9999.0000,-9999.0000,-9999.0000,-9999.0000
2024-07-23,126,-9999.0000,-9999.0000,-9999.0000,-9999.0000,-9999.0000,-9999.0000,-9999.0000,-9999.0000,-9999.0000,-9999.0000,-9999.0000
2024-07-26,126,154.9869,240.6273,465.2210,285.2391,709.3472,2829.0093,3939.6449,3890.2498,4154.3107,1723.9612,834.0391
2024-07-26,126,386.0000,418.2468,592.1151,390.2908,790.1596,2735.0000,3760.0000,3715.0643,3990.5970,1708.9244,841.9638
2024-07-28,126,251.0000,326.7241,557.3013,365.5624,848.9590,2813.5678,3993.3424,4018.3468,4229.0000,1955.8142,1033.6926
2024-07-28,126,439.0000,508.2300,686.1307,473.9349,905.2708,2733.2162,3828.8127,3817.4161,4041.0000,1939.5726,1035.3579
2024-07-31,126,247.0000,388.0789,636.2688,478.1133,913.9534,2617.9120,3555.0000,3564.3054,3769.0000,1837.7635,1036.4567
2024-07-31,126,402.0000,508.1940,714.2941,540.1975,944.7202,2564.0000,3460.2087,3459.8345,3656.2569,1829.7314,1034.6786
2024-08-05,126,-9999.0000,-9999.0000,-9999.0000,-9999.0000,-9999.0000,-9999.0000,-9999.0000,-9999.0000,-9999.0000,-9999.0000,-9999.0000
2024-08-05,126,-9999.0000,-9999.0000,-9999.0000,-9999.0000,-9999.0000,-9999.0000,-9999.0000,-9999.0000,-9999.0000,-9999.0000,-9999.0000
2024-08-07,126,280.0000,422.2269,697.2070,560.9612,1064.0000,2594.1996,3425.4566,3410.8591,3659.0153,2165.4243,1281.0104
2024-08-07,126,458.0000,552.2248,776.6515,620.8120,1085.9310,2529.3182,3299.2285,3289.1587,3523.0068,2136.9921,1264.0000
2024-08-10,126,319.0000,444.3567,678.0793,585.2025,1021.8960,2317.1886,2995.4145,2996.6135,3260.2037,2073.2099,1273.7964
2024-08-10,126,378.0000,486.1393,704.2456,594.0018,1026.0283,2301.7898,2986.4566,2978.2685,3242.3424,2053.5045,1274.9932
2024-08-12,126,453.0000,540.1282,829.5345,781.7344,1268.9570,2544.0102,3053.1233,3121.2901,3373.1000,2444.8638,1516.0222
2024-08-12,126,509.0000,580.3014,849.3423,786.0906,1273.8489,2533.5340,3043.6444,3092.9939,3372.7298,2428.9301,1516.4934
2024-08-12,126,460.0000,552.4261,845.0220,789.0984,1293.7284,2589.7482,3098.1744,3146.0462,3404.9759,2475.7763,1542.9927
2024-08-12,126,523.0000,594.1935,881.0464,812.7387,1303.0000,2589.6900,3100.1839,3154.6486,3410.2798,2444.8633,1523.4686
2024-08-15,126,321.0000,436.4014,702.2724,753.4688,1212.0000,2177.7694,2618.4555,2684.1632,2979.0000,2332.0390,1449.7842
2024-08-15,126,428.0000,514.1372,746.3152,768.2782,1209.4702,2153.1239,2604.8408,2656.8919,2948.6279,2322.3716,1444.7248
2024-08-17,126,-9999.0000,-9999.0000,-9999.0000,-9999.0000,-9999.0000,-9999.0000,-9999.0000,-9999.0000,-9999.0000,-9999.0000,-9999.0000
2024-08-17,126,-9999.0000,-9999.0000,-9999.0000,-9999.0000,-9999.0000,-9999.0000,-9999.0000,-9999.0000,-9999.0000,-9999.0000,-9999.0000
2024-08-20,126,-9999.0000,-9999.0000,-9999.0000,-9999.0000,-9999.0000,-9999.0000,-9999.0000,-9999.0000,-9999.0000,-9999.0000,-9999.0000
2024-08-20,126,-9999.0000,-9999.0000,-9999.0000,-9999.0000,-9999.0000,-9999.0000,-9999.0000,-9999.0000,-9999.0000,-9999.0000,-9999.0000
2024-08-22,126,228.8625,364.3986,684.0000,781.6942,1212.8741,2074.5488,2422.0000,2444.6679,2706.0729,2402.5945,1526.4775
2024-08-22,126,498.0000,554.0000,798.2841,817.4784,1221.0000,2058.9611,2393.4357,2419.1539,2654.0000,2339.1216,1505.7018
2024-08-25,126,329.0000,405.0000,598.0000,612.0000,954.6483,1651.2727,1944.2535,1945.0126,2185.4352,2098.4978,1424.6559
2024-08-25,126,409.0000,461.0000,632.0000,628.3619,972.0512,1660.7349,1947.8349,1955.0759,2155.5368,2080.6135,1417.9113
2024-08-27,126,698.0000,770.2994,992.2706,973.8569,1392.7940,2116.7714,2505.5823,2487.2458,2724.2412,2565.8151,1827.0000
2024-08-27,126,762.0000,786.0000,940.5386,938.0000,1300.4884,1963.4833,2363.1847,2354.1615,2579.4054,2496.7872,1765.4396
2024-08-30,126,428.0000,547.0000,684.0000,706.0000,1002.2151,1555.2626,1834.0996,1882.7128,2069.5288,2169.6435,1585.1468
2024-08-30,126,449.0000,558.0000,688.0000,706.0000,1002.6142,1538.5846,1848.9795,1875.1974,2076.3403,2161.9679,1581.8814
2024-09-04,126,291.0000,386.0000,560.3113,676.0986,969.2507,1417.9036,1671.1602,1714.6732,1926.1796,2253.7432,1581.3240
2024-09-04,126,399.0000,464.0000,612.0000,698.0000,985.5905,1442.1206,1685.2521,1723.0754,1963.8727,2237.5912,1570.0000
2024-09-09,126,-9999.0000,-9999.0000,-9999.0000,-9999.0000,-9999.0000,-9999.0000,-9999.0000,-9999.0000,-9999.0000,-9999.0000,-9999.0000
2024-09-09,126,-9999.0000,-9999.0000,-9999.0000,-9999.0000,-9999.0000,-9999.0000,-9999.0000,-9999.0000,-9999.0000,-9999.0000,-9999.0000
2024-09-11,126,367.0000,403.0000,580.2962,644.1920,949.9916,1460.3463,1654.4985,1717.4455,1862.3012,2185.3535,1541.0000
2024-09-11,126,432.0000,463.0000,619.0000,662.0000,957.6199,1483.4407,1672.3461,1733.9295,1883.9149,2169.2437,1541.6889
2024-09-16,126,934.0000,982.2334,1076.0000,1046.0000,1405.0000,2091.5141,2390.6258,2500.9671,2568.5432,2430.0000,1750.5606
2024-09-16,126,976.0000,1014.1180,1104.0000,1054.0000,1408.7535,2084.0962,2371.8507,2501.8344,2569.2300,2428.9745,1737.5833
2024-09-21,126,371.0000,442.0000,616.0000,717.5056,1027.0000,1573.3335,1766.5272,1878.7782,2023.3806,2425.6146,1692.9410
2024-09-21,126,455.0000,502.0000,658.0000,734.5726,1040.3014,1577.9879,1784.9113,1894.7544,2003.8342,2406.9248,1689.9980
2024-09-24,126,188.0000,236.7344,354.3176,424.4833,661.1516,1029.9445,1208.1758,1238.8495,1387.4057,1610.9130,1076.6250
2024-09-24,126,282.0000,296.4162,396.2163,444.3026,677.3730,1051.7619,1209.6509,1256.4561,1399.8174,1596.5648,1067.4415
2024-09-29,126,157.0000,309.0000,442.5441,516.4944,785.7950,1259.6603,1474.0220,1637.6055,1690.7555,1973.3079,1441.4273
2024-09-29,126,179.0000,320.0000,444.3305,516.0000,782.0000,1259.6500,1476.4694,1626.4908,1693.9132,1981.1096,1441.5104
2024-10-11,126,539.0000,688.0000,977.3817,1180.5000,1596.8066,2119.0000,2301.8999,2457.1249,2577.4319,3073.0000,2226.8427
2024-10-11,126,538.0000,689.1393,977.3189,1179.0176,1605.0688,2118.4340,2308.9574,2464.8262,2592.9932,3077.0000,2227.7353
2024-10-21,126,594.0000,722.4280,1000.4246,1153.6618,1592.4950,2146.0000,2331.0000,2424.7067,2587.6914,2974.6882,2109.6013
2024-10-21,126,671.0000,784.4438,1050.0000,1169.0296,1591.0000,2137.6231,2312.9614,2396.6576,2566.5356,2938.6946,2084.0000
2024-10-26,126,-9999.0000,-9999.0000,-9999.0000,-9999.0000,-9999.0000,-9999.0000,-9999.0000,-9999.0000,-9999.0000,-9999.0000,-9999.0000
2024-10-29,126,395.0000,642.2561,894.0000,969.2795,1446.3004,2063.0000,2268.6782,2362.1546,2499.5302,2646.4380,1918.0000
2024-10-29,126,428.0000,660.2440,908.0000,973.4839,1448.5260,2060.0216,2277.3765,2362.9375,2501.6444,2644.6190,1928.5080
2024-10-31,126,465.0000,650.1847,950.2840,1001.1567,1524.2683,2188.0957,2354.4686,2507.7780,2596.2745,2920.5578,2013.0000
2024-10-31,126,476.0000,650.0000,958.1019,1001.0249,1530.6134,2210.4116,2365.7269,2512.8132,2619.2744,2934.0000,2015.0000
2024-11-03,126,667.0000,788.7919,1052.0000,1084.6344,1613.0000,2244.4735,2426.6162,2563.9903,2649.2351,2815.0000,1965.3197
2024-11-03,126,679.0000,798.5812,1062.0000,1093.1061,1606.5986,2246.0983,2441.9882,2586.8718,2682.4835,2820.0000,1941.7361
2024-11-05,126,491.0000,748.2599,1010.3481,1141.5277,1617.1817,2149.0000,2381.3319,2633.6572,2652.1498,3105.7147,2293.3276
2024-11-05,126,472.0000,730.4556,998.1749,1145.3445,1631.0000,2172.6659,2394.5200,2666.7476,2667.5060,3108.0000,2276.4962
2024-11-08,126,526.0000,762.2655,916.2603,1133.1463,1324.9400,1421.8405,1522.7156,1602.4944,1658.7057,2210.9170,1981.0000
2024-11-08,126,597.0000,806.2391,938.4281,1136.8560,1325.2163,1427.3435,1522.5920,1602.4744,1644.8576,2194.0834,1973.5748
2024-11-10,126,638.7115,784.3161,1014.0845,1305.4532,1470.4477,1555.2298,1651.9676,1826.8056,1805.3532,2569.1772,2331.2980
2024-11-10,126,658.8816,796.1061,1016.0000,1305.1263,1474.5509,1560.8065,1650.7035,1827.3217,1794.9008,2575.0000,2331.3705
2024-11-13,126,629.0000,816.8201,1040.0000,1328.3181,1506.2429,1580.1060,1675.4083,1843.0265,1830.4807,2604.2707,2308.7899
2024-11-13,126,674.0635,848.6361,1072.0000,1341.2389,1508.6576,1578.4328,1674.7038,1834.7813,1828.9543,2601.8912,2301.0071
2024-11-15,126,689.1850,1017.6370,1237.0838,1595.3855,1766.0280,1826.9209,1947.4176,2137.9975,2098.9856,3049.7360,2947.4738
2024-11-15,126,727.0000,1033.0488,1245.2509,1594.7948,1761.8695,1820.2627,1947.7482,2139.5260,2093.6260,3041.0645,2939.5216
2024-11-18,126,1006.3371,1260.0000,1469.8485,1757.2158,1946.0000,2020.0419,2146.9564,2272.8681,2274.7146,2978.3501,2898.3799
2024-11-18,126,844.0000,1176.9714,1417.4000,1760.3530,1972.7383,2025.5777,2165.9664,2288.4591,2315.9329,3061.1841,2950.4507
2024-11-23,126,378.0000,576.1318,822.0000,1136.4381,1294.5343,1369.5117,1485.0286,1667.4285,1635.6420,2069.6471,1552.0000
2024-11-23,126,419.0000,598.1582,830.3613,1140.7314,1294.6542,1373.0412,1475.3551,1668.1258,1634.4115,2069.5880,1549.3684
2024-11-25,126,-9999.0000,-9999.0000,-9999.0000,-9999.0000,-9999.0000,-9999.0000,-9999.0000,-9999.0000,-9999.0000,-9999.0000,-9999.0000
2024-11-25,126,-9999.0000,-9999.0000,-9999.0000,-9999.0000,-9999.0000,-9999.0000,-9999.0000,-9999.0000,-9999.0000,-9999.0000,-9999.0000
2024-11-30,126,496.7443,680.4137,956.2500,1316.2618,1501.6310,1595.5202,1684.5319,1875.3051,1867.5464,2504.0000,2037.3396
2024-11-30,126,523.0000,698.0000,966.0000,1321.5539,1498.3275,1590.1402,1685.2770,1874.7097,1865.2918,2494.4375,2026.3723
2024-12-05,126,762.0000,1105.3198,1345.3752,1738.8386,1948.0000,2019.2914,2140.6105,2372.9578,2283.8472,3208.0000,3034.9764
2024-12-05,126,756.0000,1112.2270,1376.7647,1763.0012,1965.1423,2034.3887,2146.7345,2385.8478,2297.9793,3211.4797,3018.5337
2024-12-13,126,505.0000,786.3533,1088.5934,1472.4730,1705.0000,1810.7808,1914.6231,2097.8645,2090.3562,2845.3702,2442.4435
2024-12-13,126,654.0000,880.6142,1140.6386,1476.4773,1693.3946,1789.0000,1900.7420,2081.5886,2075.2192,2800.3345,2410.0000
2024-12-13,126,590.0000,825.7573,1157.6282,1533.3424,1753.0000,1907.5462,1971.2133,2187.4176,2157.3123,2938.3539,2530.9574
2024-12-13,126,718.0000,921.6585,1212.8784,1544.4424,1748.9191,1908.5678,1964.3523,2179.0667,2141.4897,2922.0000,2515.2472
2024-12-15,126,400.6272,832.2920,1062.0000,1409.6514,1621.5911,1724.2348,1875.9703,2034.8374,2042.2188,2728.4230,2304.5076
2024-12-15,126,640.0000,932.2297,1124.0000,1428.0404,1636.0000,1745.4263,1869.4567,2034.5544,2020.2197,2669.3272,2275.0951
2024-12-18,126,-9999.0000,-9999.0000,-9999.0000,-9999.0000,-9999.0000,-9999.0000,-9999.0000,-9999.0000,-9999.0000,-9999.0000,-9999.0000
2024-12-23,126,-9999.0000,-9999.0000,-9999.0000,-9999.0000,-9999.0000,-9999.0000,-9999.0000,-9999.0000,-9999.0000,-9999.0000,-9999.0000
2024-12-25,126,370.0000,658.0000,846.4059,1104.0000,1296.8652,1444.0031,1555.2513,1730.8160,1708.6668,1945.8567,1460.5414
2024-12-25,126,424.0000,696.0000,872.0000,1118.0000,1310.1326,1461.2043,1572.0687,1739.5207,1707.9682,1953.1994,1474.7122
2024-12-28,126,410.0000,706.0000,896.4377,1141.2899,1333.0000,1490.7944,1603.0655,1747.2213,1732.0843,2050.0250,1762.9722
2024-12-28,126,413.0000,700.1787,884.2502,1124.0000,1326.0000,1481.2545,1596.2597,1739.8387,1731.7629,2044.7083,1750.3321
2024-12-30,126,457.0000,642.3347,880.9990,1168.4122,1406.0000,1578.9112,1674.5282,1834.9734,1841.9415,2285.0836,1860.2753
2024-12-30,126,530.0000,690.3607,914.1839,1185.5945,1416.9725,1595.3134,1690.2974,1850.8383,1852.2817,2303.0000,1876.6647
2025-01-04,126,-9999.0000,-9999.0000,-9999.0000,-9999.0000,-9999.0000,-9999.0000,-9999.0000,-9999.0000,-9999.0000,-9999.0000,-9999.0000
2025-01-12,126,381.0000,570.1351,814.0000,1037.4252,1281.3127,1485.3563,1595.5944,1780.2011,1750.1585,2081.3390,1577.1802
2025-01-12,126,438.0000,604.1455,828.0000,1041.3203,1282.3362,1481.4468,1590.0000,1776.7948,1737.8118,2091.0000,1577.9542
2025-01-14,126,712.0000,1049.0932,1284.0380,1595.4460,1811.3826,2011.4240,2139.0740,2402.8645,2282.8104,3059.7942,2769.0000
2025-01-14,126,746.0000,1057.1962,1296.4443,1595.4070,1841.0000,2006.0000,2138.8432,2411.5577,2277.8057,3044.8125,2736.4954
2025-01-17,126,655.0000,993.3919,1252.1842,1581.5269,1779.9039,1937.4775,2050.6500,2300.1113,2203.4505,2900.5805,2739.5279
2025-01-17,126,713.1407,1017.4606,1266.0000,1572.9056,1773.4673,1934.1803,2041.5922,2292.3058,2195.6311,2883.4151,2747.0000
2025-02-03,126,610.0000,892.2619,1136.0000,1372.6620,1673.0308,1909.7967,2048.9955,2220.0201,2186.5510,2699.3979,2237.8345
2025-02-03,126,600.4066,880.1853,1130.0000,1368.7386,1682.3565,1917.8918,2057.7091,2235.3996,2205.5722,2698.3997,2219.1423
2025-02-06,126,599.0000,901.6320,1185.6559,1440.3315,1730.4844,1981.3553,2108.0308,2308.0787,2259.3938,2769.9571,2514.0000
2025-02-06,126,669.0000,936.9717,1208.5983,1449.4022,1727.0000,1978.1516,2092.9101,2298.6883,2235.3638,2787.0736,2498.0000
2025-02-08,126,833.3385,1105.1167,1488.8803,1771.1343,2161.8672,2460.3202,2546.4698,2684.4460,2723.1163,3435.8264,2948.3025
2025-02-08,126,877.0000,1117.1345,1485.3743,1757.8335,2144.8892,2429.9519,2525.2705,2660.3130,2699.6466,3412.0472,2945.3710
2025-02-16,126,874.0000,1165.1168,1484.6478,1697.7802,2040.4142,2381.7241,2541.4966,2740.1376,2699.4600,2909.4241,2387.0119
2025-02-16,126,819.6255,1141.5091,1484.5710,1709.0045,2070.6690,2437.6487,2604.0000,2811.0161,2763.1406,2937.8504,2394.2967
2025-02-18,126,849.0000,1064.3855,1469.4682,1764.3978,2150.0000,2500.6217,2587.8438,2882.9510,2787.6889,3371.0000,2853.3572
2025-02-18,126,924.0000,1140.7713,1509.7897,1755.7833,2108.0000,2433.8797,2534.3496,2795.9161,2721.7558,3314.0000,2821.0000
2025-02-21,126,852.6281,1105.6410,1533.0242,1827.8401,2205.6958,2525.0914,2611.2269,2810.9642,2770.9026,3386.8851,2880.0000
2025-02-21,126,1053.0000,1228.9885,1560.8027,1789.1512,2145.8660,2445.5015,2515.5727,2730.9731,2686.4679,3324.1538,2859.0000
2025-02-28,126,-9999.0000,-9999.0000,-9999.0000,-9999.0000,-9999.0000,-9999.0000,-9999.0000,-9999.0000,-9999.0000,-9999.0000,-9999.0000
2025-02-28,126,2062.0000,1966.0000,2150.0000,2182.0000,2586.0000,2903.0000,2966.0000,3136.0000,3104.0000,2893.0000,2250.0000
2025-03-03,126,624.0000,809.1016,1204.4989,1418.9465,1850.1612,2301.6508,2403.6790,2611.7607,2580.3507,2974.1941,2371.6417
2025-03-03,126,703.0000,861.0836,1237.1924,1426.0000,1849.6390,2295.0000,2385.0000,2611.1737,2562.6890,2956.0785,2363.5503
2025-03-05,126,737.0000,1028.0000,1393.1903,1584.0000,2025.4922,2561.6828,2733.0084,2914.6300,2875.6837,3234.2744,2749.2411
2025-03-05,126,779.0000,1049.2062,1397.4073,1581.2263,2028.0000,2541.5787,2705.4420,2907.4761,2850.9965,3228.6045,2731.9864
2025-03-08,126,813.0000,1101.2895,1461.3591,1592.8583,2081.7241,2704.9940,2899.3728,3065.0197,3043.9030,3105.0000,2621.1418
2025-03-08,126,686.0000,1036.9764,1460.7311,1605.3961,2130.2753,2808.3419,3011.2032,3163.0170,3148.1359,3168.0000,2652.4842
2025-03-10,126,-9999.0000,-9999.0000,-9999.0000,-9999.0000,-9999.0000,-9999.0000,-9999.0000,-9999.0000,-9999.0000,-9999.0000,-9999.0000
2025-03-10,126,-9999.0000,-9999.0000,-9999.0000,-9999.0000,-9999.0000,-9999.0000,-9999.0000,-9999.0000,-9999.0000,-9999.0000,-9999.0000
2025-03-18,126,302.0000,514.0870,864.3950,777.1288,1353.7646,2546.1725,2803.0621,3074.8280,2931.4362,2057.1271,1388.0466
2025-03-18,126,390.0000,572.0945,896.2224,797.5374,1352.0000,2525.1371,2779.3884,3042.7548,2898.5249,2038.0000,1387.8406
2025-03-20,126,467.0000,597.6875,1013.3731,929.3227,1717.6535,3040.5861,3234.6936,3521.3340,3379.7692,2396.4661,1553.8799
2025-03-20,126,556.3883,666.0000,1036.9196,936.8771,1693.4478,2968.4485,3173.1345,3441.4994,3306.5654,2359.0000,1534.0000
2025-03-23,126,-9999.0000,-9999.0000,-9999.0000,-9999.0000,-9999.0000,-9999.0000,-9999.0000,-9999.0000,-9999.0000,-9999.0000,-9999.0000
2025-03-23,126,-9999.0000,-9999.0000,-9999.0000,-9999.0000,-9999.0000,-9999.0000,-9999.0000,-9999.0000,-9999.0000,-9999.0000,-9999.0000
2025-03-25,126,-9999.0000,-9999.0000,-9999.0000,-9999.0000,-9999.0000,-9999.0000,-9999.0000,-9999.0000,-9999.0000,-9999.0000,-9999.0000
2025-03-30,126,-9999.0000,-9999.0000,-9999.0000,-9999.0000,-9999.0000,-9999.0000,-9999.0000,-9999.0000,-9999.0000,-9999.0000,-9999.0000
2025-03-30,126,-9999.0000,-9999.0000,-9999.0000,-9999.0000,-9999.0000,-9999.0000,-9999.0000,-9999.0000,-9999.0000,-9999.0000,-9999.0000
2025-04-01,126,1802.0000,1466.0000,1776.4207,1528.6846,2313.0000,3785.4374,4033.6534,4232.0000,4154.3500,2621.4255,1866.0000
2025-04-02,126,305.0000,420.0007,830.1356,613.3103,1528.4849,3042.1287,3282.0784,3434.1581,3426.9122,1904.5233,1090.2619
2025-04-02,126,379.0000,472.3086,860.2517,629.4674,1544.1686,3035.6250,3276.3313,3432.1805,3421.0043,1910.2141,1106.0000
2025-04-04,126,383.0000,566.1730,946.2042,692.5770,1574.6257,3249.4548,3620.1401,3835.4910,3746.4061,2009.3405,1198.6474
2025-04-04,126,448.0000,608.0000,966.0000,713.3061,1566.0000,3197.0568,3572.0503,3769.5289,3699.8049,1993.0000,1201.0000
2025-04-04,126,294.0000,426.0823,836.0000,624.7681,1480.6814,3090.4981,3412.0635,3572.2556,3570.6438,1877.0000,1102.0000
2025-04-04,126,407.0000,502.2909,872.0000,653.2473,1478.2820,3029.7731,3355.7387,3514.5579,3499.8178,1864.9920,1100.4635
2025-04-07,126,568.5173,688.9647,1028.6935,740.7139,1556.0000,3060.0000,3369.2220,3654.9415,3528.8096,1779.4839,1165.4862
2025-04-11,126,402.0000,500.5172,980.0000,708.8100,1753.0000,3514.0826,3810.9199,3979.2617,3986.8737,1988.3386,1159.0000
2025-04-11,126,532.0000,596.3100,1020.4805,749.5711,1730.0000,3397.2766,3697.5617,3874.1348,3868.3118,1952.0000,1157.5485
2025-04-12,126,100.3890,260.5112,822.0000,577.3626,1789.6905,3435.3334,3716.8957,3926.4665,3899.5129,1913.5421,1079.0000
2025-04-12,126,456.0000,532.0000,944.0000,685.5337,1730.5579,3165.1636,3435.1625,3640.4678,3651.8730,1885.1394,1079.0000
2025-04-19,126,362.0000,410.6327,796.3410,441.9296,1476.6476,3364.7186,3725.5076,3882.3904,3876.8649,1717.9207,876.6329
2025-04-19,126,363.0000,402.3598,788.5224,429.6879,1470.3822,3368.9813,3718.7828,3906.2271,3885.6434,1716.7224,877.0556
2025-04-22,126,174.0000,252.4612,658.0854,369.5379,1308.3906,3262.0000,3667.9578,3793.1737,3850.0201,1621.9920,829.6414
2025-04-22,126,242.0000,304.5024,688.2499,393.6886,1316.5915,3259.0000,3666.4463,3777.0364,3844.7613,1625.7909,836.4378
2025-04-24,126,936.0000,928.4261,1284.0000,844.6949,1851.0000,4273.0000,5051.0000,5124.0000,5180.0000,2258.0000,1300.7386
2025-04-24,126,905.0000,907.0000,1312.0000,828.0000,1846.0000,4314.0000,5034.0000,5180.0000,5263.0000,2220.0000,1253.0000
2025-04-24,126,297.0000,334.3704,729.6198,397.1572,1233.4980,3394.0000,3895.0000,4040.6682,4120.0000,1514.9236,762.3142
2025-04-24,126,378.0000,434.6667,752.0000,432.8157,1170.0000,3165.0069,3769.5177,3832.0000,3902.0000,1475.5035,765.0000
2025-04-27,126,131.0000,275.0000,606.0000,304.4739,1084.3538,3100.0448,3650.4658,3809.9316,3828.2779,1400.6001,721.1851
2025-04-27,126,298.0000,398.0000,680.0000,370.4136,1096.5071,2985.0791,3515.9764,3673.4482,3699.5256,1385.2902,718.7682
2025-04-29,126,204.0000,270.7098,708.4003,353.2659,1438.6412,3613.5005,4076.5429,4337.2642,4283.8324,1646.0000,813.3353
2025-04-29,126,352.0000,393.0000,766.4884,417.0465,1418.4465,3464.0000,3899.8536,4177.4741,4109.3129,1629.7673,810.5581
2025-05-01,126,326.6504,368.0000,756.0000,416.3515,1294.4869,3453.4656,3952.9771,4145.3582,4188.2022,1657.2537,849.3760
2025-05-01,126,420.2379,449.0000,796.4960,460.4529,1296.0020,3377.8707,3856.9496,4050.9176,4088.0000,1649.8764,846.3801
2025-05-02,126,320.0000,362.0000,720.0000,404.2315,1343.0000,3243.2513,3676.2738,3860.3878,3929.9132,1561.9025,780.6317
2025-05-02,126,386.0000,412.0000,744.1779,426.3839,1350.2864,3243.0000,3673.2060,3849.5383,3905.5895,1570.1564,789.6748
2025-05-04,126,824.1576,1060.0000,1404.0000,1056.0000,1902.0000,3638.0000,4177.9131,4218.2144,4262.4705,1873.6115,1241.2111
2025-05-04,126,894.0000,1092.0000,1400.0000,1058.0000,1856.9986,3466.3182,3973.2608,4017.3201,4088.6521,1852.0000,1238.6850
2025-05-04,126,819.0000,801.1137,1224.0000,922.0000,1750.5030,3490.0993,3945.2880,4010.8984,4109.9241,1765.1562,1148.2186
2025-05-04,126,999.0000,943.0000,1262.0000,984.4715,1708.9131,3228.3664,3657.2794,3732.0000,3841.6221,1736.0624,1144.5051
2025-05-09,126,293.0000,329.0000,736.2189,430.3733,1480.5331,3283.6538,3689.8076,3907.1034,3953.0028,1633.6432,812.8496
2025-05-09,126,302.4250,332.0000,732.3958,424.1231,1479.0000,3282.8444,3677.3889,3896.8432,3940.9633,1626.0492,809.5250
2025-05-11,126,284.6381,366.0000,744.0000,496.0000,1349.0000,3102.0000,3539.5141,3729.8723,3819.2852,1665.7421,881.3466
2025-05-11,126,369.0000,416.0000,772.1639,520.4510,1344.2855,3063.0000,3498.9184,3682.5450,3768.7133,1657.7054,885.0000
2025-05-12,126,4.4102,102.2443,542.3090,342.5156,1340.8740,3034.1703,3468.0995,3707.8333,3772.6828,1638.1879,837.4818
2025-05-12,126,201.0000,228.4279,618.3161,402.6007,1356.9964,2980.0000,3396.6347,3649.6701,3691.5313,1633.3436,852.5000
