2017-01-24,34,546.0000,722.4242,886.0000,1180.2589,1284.0000,1474.2000,1623.0000,1934.0000,1911.0000,2845.0000,2107.3376
2017-04-11,34,1542.0000,1106.0000,1275.0000,1186.0000,1763.0000,2797.0000,3121.4411,3240.1951,3389.0000,2706.0000,2025.0000
2017-04-21,34,765.0000,709.0000,1050.8571,1215.0000,1957.0000,3210.0000,3567.0000,3894.0000,3828.0000,2790.5583,2165.2000
2017-04-21,34,1313.0000,1049.0000,1245.0000,1324.5077,1913.0000,3299.2208,3754.4965,4076.3731,3864.7747,2747.0665,2186.6841
2017-04-24,34,-9999.0000,-9999.0000,-9999.0000,-9999.0000,-9999.0000,-9999.0000,-9999.0000,-9999.0000,-9999.0000,-9999.0000,-9999.0000
2017-05-01,34,1678.1892,1604.0000,1772.9524,1737.7674,2142.0000,3004.5429,3309.0000,3591.0000,3426.9184,2397.0000,1862.0000
2017-05-04,34,1481.0000,1349.2727,1645.2712,1924.5000,2211.0000,2552.0000,2707.0000,2741.0000,2840.0000,2750.0000,1993.0000
2017-05-04,34,1165.0000,1320.0000,1612.0000,1917.0000,2193.0000,2650.0000,2747.0000,2527.0000,2846.0000,2653.0000,1932.0000
2017-05-14,34,402.0000,612.0000,1007.0000,1040.0000,1666.0000,2692.0000,2968.0000,2987.0000,3101.0000,2410.0000,1795.0000
2017-05-14,34,696.0000,801.0370,1127.0000,1121.0000,1665.0000,2765.3979,3076.0000,3121.4785,3286.0000,2374.0000,1721.6194
2017-05-21,34,-9999.0000,-9999.0000,-9999.0000,-9999.0000,-9999.0000,-9999.0000,-9999.0000,-9999.0000,-9999.0000,-9999.0000,-9999.0000
2017-05-21,34,-9999.0000,-9999.0000,-9999.0000,-9999.0000,-9999.0000,-9999.0000,-9999.0000,-9999.0000,-9999.0000,-9999.0000,-9999.0000
2017-05-24,34,1493.0000,1263.0000,1634.0000,1710.0000,2442.0000,3473.3210,3924.5259,3961.5279,4124.8393,3196.0000,2553.2881
2017-05-24,34,1192.0000,1318.0000,1637.8649,1718.0000,2299.0000,3209.1018,3649.5552,3703.8250,3927.8266,2945.4091,2330.0000
2017-05-31,34,2179.0000,2056.0000,2307.0000,2328.0000,2426.0000,3127.0000,3373.0000,3385.0000,3520.0000,3000.0000,2351.0000
2017-06-03,34,1062.0000,813.0000,1093.8333,1151.0000,2040.0000,3279.0000,3539.0000,3492.8253,3771.4523,2735.0000,2045.0000
2017-06-03,34,1215.0000,794.0000,1128.0000,1193.0000,1927.0000,3238.4632,3538.0560,3475.6651,3740.4252,2738.0000,2035.0000
2017-06-10,34,1282.0000,1308.0000,1525.0000,1492.0000,2243.0000,3505.5154,3821.8625,3763.0737,3986.0000,2941.0000,2185.0000
2017-06-13,34,926.0000,917.0000,1195.9583,1260.0000,1958.0000,3110.0809,3483.0000,3452.0103,3689.9649,2882.8683,2060.0000
2017-06-13,34,976.0000,933.0000,1238.0000,1252.0000,1957.9825,3075.0000,3452.5807,3397.9037,3650.0000,2858.0000,2109.0000
2017-06-20,34,517.0000,586.0000,1059.0000,1191.0898,1894.0000,3324.9173,3718.0000,3721.6526,3941.0000,3074.0000,2155.7182
2017-06-20,34,955.0000,907.9375,1215.0000,1252.0479,1903.0000,3350.0000,3729.0000,3737.1117,3928.6119,3003.6889,2168.0000
2017-06-23,34,774.0000,835.0000,1179.3913,1270.3040,1836.0000,3225.1464,3674.0000,3617.3108,3931.0000,2915.0000,2042.0000
2017-06-23,34,808.0000,917.4000,1203.9446,1284.0309,1861.0000,3273.0000,3774.0000,3682.3291,3919.0000,2917.7032,2070.0491
2017-07-03,34,346.5182,472.0000,718.3608,712.5000,1204.0000,2697.1558,3484.7599,3464.6572,3658.5460,2172.3322,1251.6379
2017-07-03,34,325.0000,440.3399,708.2799,714.9822,1220.1867,2701.0000,3459.4866,3421.0198,3603.9732,2157.0000,1269.1758
2017-07-08,34,517.0000,713.4693,961.2374,1003.3425,1441.0000,2566.0000,3393.9695,3372.0000,3582.6202,2531.8580,1801.0000
2017-07-10,34,1.0000,221.9705,623.0000,596.9771,1061.0000,2879.0000,3515.1445,3602.6557,3851.1525,2226.0000,1276.6689
2017-07-10,34,277.0000,413.9117,692.3895,609.4457,1034.0000,2893.5569,3533.0000,3611.5946,3852.6629,2163.0000,1276.0000
2017-07-13,34,31.0000,322.2032,693.1872,732.0000,1169.0000,2677.0000,3618.4723,3529.0609,3760.0000,2294.0000,1413.0000
2017-07-13,34,228.0000,428.2282,751.0000,745.7215,1172.0000,2674.0000,3578.0000,3497.7717,3721.5139,2303.0000,1419.6418
2017-07-20,34,620.0000,704.5696,933.0000,841.2489,1285.0000,2597.1171,3298.0000,3273.6349,3508.9851,2093.0000,1289.4942
2017-07-20,34,552.0000,637.0539,897.0486,798.0000,1266.0000,2804.9325,3633.0000,3590.0000,3850.3008,2291.0000,1308.0000
2017-07-23,34,130.0000,428.7348,753.3272,786.4398,1268.0000,2545.0000,3382.9260,3316.0171,3644.9586,2241.0000,1388.7826
2017-07-23,34,422.0000,545.7651,821.0000,778.9013,1227.3678,2640.5849,3520.0000,3444.0994,3768.0000,2244.0000,1379.0000
2017-07-30,34,-9999.0000,-9999.0000,-9999.0000,-9999.0000,-9999.0000,-9999.0000,-9999.0000,-9999.0000,-9999.0000,-9999.0000,-9999.0000
2017-08-02,34,387.0000,489.0000,765.0000,721.3439,1202.6507,2491.5634,3172.0000,3164.7558,3434.5330,2267.9584,1341.1382
2017-08-02,34,362.0000,495.0000,762.0000,710.1827,1201.0000,2499.8508,3188.5019,3171.1567,3444.4271,2240.0000,1342.9513
2017-08-09,34,315.0000,488.1024,837.3333,861.0000,1390.6371,2723.3342,3299.1812,3305.8575,3605.3090,2516.0676,1562.0401
2017-08-09,34,424.0000,536.7359,862.8921,861.3377,1384.7769,2684.1027,3267.0000,3236.8286,3537.7699,2494.0000,1513.5754
2017-08-12,34,207.0000,216.0000,313.0000,248.4949,498.0000,1271.0000,1510.0000,1448.0000,1618.0000,876.0000,491.0000
2017-08-12,34,58.0000,218.0000,416.0000,346.0000,677.0000,1592.0000,1825.0000,1940.0000,1995.0000,1027.0000,598.0000
2017-08-19,34,-9999.0000,-9999.0000,-9999.0000,-9999.0000,-9999.0000,-9999.0000,-9999.0000,-9999.0000,-9999.0000,-9999.0000,-9999.0000
2017-08-22,34,468.0000,525.2407,760.0000,761.3386,1311.0000,2471.0000,2876.0000,3077.4639,3197.9637,2481.9878,1540.0000
2017-08-22,34,479.0000,524.8789,762.0000,747.5041,1306.0000,2469.0582,2898.4396,3060.1811,3220.2842,2453.9990,1544.8449
2017-08-29,34,237.0000,390.5026,678.3325,733.3446,1274.0000,2314.0000,2607.0000,2707.9832,2948.0000,2518.0000,1561.1758
2017-08-29,34,456.0000,532.2702,742.0547,751.0000,1266.8074,2369.0000,2643.9892,2670.8384,2983.0000,2506.7959,1541.6618
2017-09-08,34,260.0000,412.6486,656.5319,548.7879,1152.0000,2266.0000,2608.0000,2801.0000,2919.0000,2290.3728,1374.5710
2017-09-08,34,358.0000,377.0000,646.5558,584.0000,1156.7877,2264.0000,2553.0000,2731.0000,2827.0000,2269.8007,1374.0000
2017-09-18,34,395.0000,396.9236,687.0000,465.4651,1138.0000,2645.1726,2885.0000,3289.8041,3172.0000,2309.6677,1402.0000
2017-09-18,34,229.0000,369.0000,698.4080,548.3333,1136.0000,2524.0000,2840.5897,3255.0000,3020.0000,2234.0000,1390.9788
2017-09-21,34,387.0000,384.6726,580.3242,401.2523,910.0000,2032.0000,2426.0000,2848.0000,2696.0000,1845.8904,1128.2651
2017-09-21,34,441.0000,420.5716,600.5000,409.3841,926.0000,2135.0962,2400.0000,2782.0000,2675.2051,1833.1663,1130.0000
2017-09-28,34,573.0000,500.0000,774.5488,644.1931,1248.0000,2529.0000,2817.0000,3159.1081,3196.0000,2241.7879,1379.0000
2017-09-28,34,820.0000,718.4283,892.6641,743.0000,1262.5445,2428.0000,2789.0000,2989.0000,2931.0000,2182.9980,1354.0000
2017-10-01,34,-9999.0000,-9999.0000,-9999.0000,-9999.0000,-9999.0000,-9999.0000,-9999.0000,-9999.0000,-9999.0000,-9999.0000,-9999.0000
2017-10-08,34,-9999.0000,-9999.0000,-9999.0000,-9999.0000,-9999.0000,-9999.0000,-9999.0000,-9999.0000,-9999.0000,-9999.0000,-9999.0000
2017-10-08,34,-9999.0000,-9999.0000,-9999.0000,-9999.0000,-9999.0000,-9999.0000,-9999.0000,-9999.0000,-9999.0000,-9999.0000,-9999.0000
2017-10-11,34,-9999.0000,-9999.0000,-9999.0000,-9999.0000,-9999.0000,-9999.0000,-9999.0000,-9999.0000,-9999.0000,-9999.0000,-9999.0000
2017-10-18,34,-9999.0000,-9999.0000,-9999.0000,-9999.0000,-9999.0000,-9999.0000,-9999.0000,-9999.0000,-9999.0000,-9999.0000,-9999.0000
2017-10-31,34,1204.0000,1248.6602,1361.0025,1360.0000,1781.3124,2448.1783,2757.0000,2965.4409,2973.5938,3034.0962,2089.0000
2017-10-31,34,1285.0000,1306.3333,1386.0000,1369.0000,1778.5049,2443.9415,2670.0000,2953.0000,2924.0000,2987.2037,2070.0000
2017-11-10,34,-9999.0000,-9999.0000,-9999.0000,-9999.0000,-9999.0000,-9999.0000,-9999.0000,-9999.0000,-9999.0000,-9999.0000,-9999.0000
2017-11-10,34,-9999.0000,-9999.0000,-9999.0000,-9999.0000,-9999.0000,-9999.0000,-9999.0000,-9999.0000,-9999.0000,-9999.0000,-9999.0000
2017-11-17,34,1.0000,262.0000,483.0000,530.0000,708.0000,1400.0000,1511.0000,1418.0000,1620.0000,1156.0000,705.0000
2017-11-17,34,529.0000,581.4247,649.6064,621.8149,895.0000,1309.0000,1390.5000,1428.4357,1532.5521,1404.0252,921.0000
2017-11-20,34,401.0000,602.0000,840.7373,970.8276,1404.4340,1830.0236,2006.0000,2469.0000,2431.0000,2445.1701,1696.0000
2017-11-20,34,734.0000,768.0299,901.7830,944.0299,1400.9560,1953.0000,2134.0000,2529.0000,2451.0000,2447.0000,1675.7476
2017-11-27,34,127.0000,461.5000,733.5030,931.0000,1389.5494,1803.2026,1950.0000,2426.0000,2236.9348,2244.9586,1397.0642
2017-11-27,34,344.0000,549.8992,788.9598,948.0000,1364.0000,1912.0000,2147.8830,2361.0000,2411.0000,2206.5058,1393.6861
2017-12-07,34,491.0000,682.8091,909.0000,1032.3916,1409.0000,1717.0000,1903.0000,2151.5970,2066.0000,1842.4931,1346.3262
2017-12-17,34,1.0000,369.4650,621.5388,802.7726,1178.4922,1352.2559,1579.0000,2157.0000,1820.0218,1700.0000,1173.0000
2017-12-17,34,294.0000,488.0000,696.1737,829.0000,1207.0000,1605.0000,1736.0000,2161.0000,1987.0000,1674.2152,1140.9742
2017-12-20,34,249.0000,492.4258,674.7721,823.0000,1061.0000,1298.0000,1464.0000,1968.0000,1802.0000,1675.0000,1112.6507
2017-12-20,34,308.0000,524.6176,688.3333,820.4068,1128.0000,1608.0000,1741.0000,2020.0000,1908.0000,1703.0000,1077.0000
2017-12-22,34,-9999.0000,-9999.0000,-9999.0000,-9999.0000,-9999.0000,-9999.0000,-9999.0000,-9999.0000,-9999.0000,-9999.0000,-9999.0000
2017-12-25,34,-9999.0000,-9999.0000,-9999.0000,-9999.0000,-9999.0000,-9999.0000,-9999.0000,-9999.0000,-9999.0000,-9999.0000,-9999.0000
2017-12-25,34,-9999.0000,-9999.0000,-9999.0000,-9999.0000,-9999.0000,-9999.0000,-9999.0000,-9999.0000,-9999.0000,-9999.0000,-9999.0000
2018-01-06,34,-9999.0000,-9999.0000,-9999.0000,-9999.0000,-9999.0000,-9999.0000,-9999.0000,-9999.0000,-9999.0000,-9999.0000,-9999.0000
2018-01-11,34,-9999.0000,-9999.0000,-9999.0000,-9999.0000,-9999.0000,-9999.0000,-9999.0000,-9999.0000,-9999.0000,-9999.0000,-9999.0000
2018-01-11,34,165.0000,339.0000,420.2255,488.0000,588.0117,869.0000,950.5829,1009.3279,1045.0000,898.0000,702.0000
2018-01-14,34,618.0000,933.0000,1267.0000,1375.0000,1859.0000,2690.0000,2927.0000,3235.0000,3209.0000,3103.0000,2477.0000
2018-01-14,34,643.0000,923.3909,1205.5995,1404.2696,1705.0400,1939.0000,2101.0000,2308.0000,2320.0000,2503.0000,2197.0000
2018-01-19,34,-9999.0000,-9999.0000,-9999.0000,-9999.0000,-9999.0000,-9999.0000,-9999.0000,-9999.0000,-9999.0000,-9999.0000,-9999.0000
2018-01-19,34,-9999.0000,-9999.0000,-9999.0000,-9999.0000,-9999.0000,-9999.0000,-9999.0000,-9999.0000,-9999.0000,-9999.0000,-9999.0000
2018-01-21,34,143.0000,457.5684,692.5273,932.7021,1307.0000,1514.6847,1756.0000,2014.7143,1885.4880,1913.0000,1468.5915
2018-01-21,34,349.0000,608.1250,789.7962,964.7620,1298.5012,1490.0000,1744.0000,1929.2621,1937.0000,1865.0000,1420.0000
2018-02-08,34,-9999.0000,-9999.0000,-9999.0000,-9999.0000,-9999.0000,-9999.0000,-9999.0000,-9999.0000,-9999.0000,-9999.0000,-9999.0000
2018-02-10,34,275.0000,516.5000,737.9700,948.6589,1381.1843,1571.0000,1729.0000,2279.0000,1919.0000,2068.0000,1574.0070
2018-02-10,34,305.0000,574.0000,809.7585,973.0000,1376.0000,1795.0000,1947.0000,2109.0000,2064.0000,2088.0000,1532.0000
2018-02-13,34,1078.0000,1210.0000,1356.0000,1345.0000,1734.0000,2269.0000,2478.0000,2721.0000,2607.0000,1539.0000,1149.0000
2018-02-13,34,1126.0000,1308.4003,1440.2929,1532.3333,1770.2780,2007.0000,2163.0000,2363.0000,2315.0000,1470.0000,1197.0000
2018-02-25,34,1323.0000,1275.0588,1499.0000,1642.7629,2138.0000,2727.0000,2876.1516,2960.4104,3043.3403,3079.0000,2421.0000
2018-02-25,34,1363.0000,1308.0000,1547.4206,1650.0000,2128.0000,2765.0000,2925.2383,3010.0000,3115.9866,3084.5341,2406.0000
2018-02-28,34,1247.0000,1280.0000,1481.6185,1544.1455,1955.0000,2444.7287,2604.9638,2692.4165,2804.0850,3404.0488,2692.0000
2018-02-28,34,1336.0000,1354.0341,1505.5369,1587.3450,1942.0000,2487.0000,2620.6417,2698.6674,2817.0000,3398.0000,2649.0000
2018-03-12,34,-9999.0000,-9999.0000,-9999.0000,-9999.0000,-9999.0000,-9999.0000,-9999.0000,-9999.0000,-9999.0000,-9999.0000,-9999.0000
2018-03-20,34,-9999.0000,-9999.0000,-9999.0000,-9999.0000,-9999.0000,-9999.0000,-9999.0000,-9999.0000,-9999.0000,-9999.0000,-9999.0000
2018-03-20,34,-9999.0000,-9999.0000,-9999.0000,-9999.0000,-9999.0000,-9999.0000,-9999.0000,-9999.0000,-9999.0000,-9999.0000,-9999.0000
2018-03-22,34,713.0000,730.6945,993.0000,1077.6643,1652.0000,2666.0000,2886.0000,2998.2770,3027.0000,2916.0000,2237.8344
2018-03-22,34,628.0000,752.0000,1029.3699,1090.0000,1695.0000,2573.0000,2760.0000,2871.5779,2931.6985,2828.0000,2150.0000
2018-03-25,34,904.0000,909.3778,1124.0000,1133.0000,1632.0000,2469.2770,2651.8870,2691.0702,2836.0000,2699.3766,2195.0576
2018-03-25,34,919.0000,928.6713,1105.2424,1139.0000,1735.0000,2453.6650,2651.1594,2682.5166,2831.0000,2672.0000,2246.0000
2018-03-27,34,1405.0000,1257.0000,1409.0000,1483.0000,2069.2666,2882.9273,3075.9409,3276.0178,3275.0000,3175.0000,2423.9123
2018-03-27,34,1368.0000,1218.0000,1386.8909,1429.0000,2048.0000,2867.8743,3084.2950,3255.9345,3276.2677,3147.0000,2472.0000
2018-03-30,34,-9999.0000,-9999.0000,-9999.0000,-9999.0000,-9999.0000,-9999.0000,-9999.0000,-9999.0000,-9999.0000,-9999.0000,-9999.0000
2018-03-30,34,-9999.0000,-9999.0000,-9999.0000,-9999.0000,-9999.0000,-9999.0000,-9999.0000,-9999.0000,-9999.0000,-9999.0000,-9999.0000
2018-04-01,34,535.0000,757.3381,979.0000,844.0000,1443.0000,3198.0000,3686.9237,3757.0000,3844.0000,2137.0000,1371.0000
2018-04-01,34,719.0000,1010.4346,1189.9101,1155.0610,1564.9957,2893.0000,3249.2512,3464.4339,3452.0000,2116.5348,1506.0000
2018-04-06,34,511.0000,602.2308,922.0000,995.2698,1508.5439,2033.0000,2178.0000,2670.3478,2424.0000,2312.3359,1610.0000
2018-04-06,34,554.0000,636.0000,906.6279,941.0000,1471.0000,2053.0000,2287.0000,2425.0000,2435.0000,2266.3069,1637.3138
2018-04-11,34,1053.0000,1108.0000,1366.9629,1243.0000,1734.4210,2374.0000,2729.0000,2759.0000,2959.0000,2188.0000,1620.8058
2018-04-14,34,432.0000,499.0000,806.0000,685.0000,1254.0000,1880.6974,2136.0000,2554.0000,2356.0000,1963.4651,1428.0000
2018-04-14,34,524.0000,528.0000,826.3348,679.0000,1262.8739,2117.0000,2511.0000,2552.0000,2650.0000,1940.1007,1452.0000
2018-04-16,34,-9999.0000,-9999.0000,-9999.0000,-9999.0000,-9999.0000,-9999.0000,-9999.0000,-9999.0000,-9999.0000,-9999.0000,-9999.0000
2018-04-16,34,-9999.0000,-9999.0000,-9999.0000,-9999.0000,-9999.0000,-9999.0000,-9999.0000,-9999.0000,-9999.0000,-9999.0000,-9999.0000
2018-04-19,34,866.0000,804.0000,1106.4118,1078.0000,1764.0000,2754.0000,3009.0000,3049.0000,3175.0000,2480.0000,1959.0000
2018-04-19,34,858.0000,818.4603,1116.0000,1116.0000,1724.5023,2708.0000,2961.0000,3142.6281,3130.2602,2421.0000,1897.0000
2018-04-21,34,953.0000,617.4054,981.0000,826.0000,1688.0000,3303.0000,3844.0000,3735.1111,3948.0000,2584.3655,1921.0000
2018-04-21,34,878.0000,637.0000,981.0000,787.0000,1634.0000,3042.4000,3544.0000,3523.4874,3722.0000,2518.0000,1852.0000
2018-04-24,34,1073.0000,1113.0000,1267.6757,1078.0000,1717.0000,2949.0000,3437.0000,3419.0000,3637.8909,2422.0000,1802.0000
2018-04-24,34,1204.0000,1132.0000,1302.0000,1061.0000,1670.0000,2853.0000,3484.0000,3432.0000,3682.0000,2335.0000,1714.0000
2018-04-26,34,1236.0000,1026.0000,1395.0000,1353.0000,2150.0000,3417.0000,3783.8660,3749.8870,4058.8626,2897.0000,2263.8222
2018-04-26,34,1084.0000,902.0000,1238.0000,1230.0000,2052.0000,3204.2469,3722.0000,3655.0000,3866.0000,2814.0000,2135.0000
2018-04-29,34,1056.0000,1013.6349,1316.6190,1298.0000,2006.1472,3089.0000,3530.5294,3630.0000,3696.0000,2605.2639,2049.7667
2018-04-29,34,1163.0000,998.0000,1290.8824,1222.0000,1895.0000,2953.0000,3444.0000,3555.2826,3607.0000,2556.8993,1921.0000
2018-05-04,34,967.0000,1110.3134,1317.0000,1221.0000,1684.0000,2672.0000,3076.0000,3314.5000,3237.0000,1907.0000,1359.0000
2018-05-04,34,976.0000,1121.2222,1333.7516,1184.0000,1718.0000,2691.0000,3122.0000,3435.0000,3329.0000,1916.0000,1388.0000
2018-05-06,34,823.0000,734.0000,1021.0000,869.0000,1537.0000,2926.0000,3331.0000,3587.0000,3575.0000,2291.0000,1592.0000
2018-05-06,34,694.0000,680.0000,995.0000,851.0000,1599.0000,3063.0000,3524.0000,3843.8713,3733.0000,2334.0000,1621.0000
2018-05-09,34,1301.0000,1122.0000,1380.0000,1367.5342,2087.0000,3230.1696,3620.0000,3709.9828,3783.0000,2593.6312,2025.2689
2018-05-09,34,1200.0000,1033.0000,1321.0000,1289.7000,2061.0000,3192.0000,3551.0000,3681.0000,3757.0000,2529.3208,1925.0000
2018-05-11,34,-9999.0000,-9999.0000,-9999.0000,-9999.0000,-9999.0000,-9999.0000,-9999.0000,-9999.0000,-9999.0000,-9999.0000,-9999.0000
2018-05-11,34,-9999.0000,-9999.0000,-9999.0000,-9999.0000,-9999.0000,-9999.0000,-9999.0000,-9999.0000,-9999.0000,-9999.0000,-9999.0000
2018-05-16,34,-9999.0000,-9999.0000,-9999.0000,-9999.0000,-9999.0000,-9999.0000,-9999.0000,-9999.0000,-9999.0000,-9999.0000,-9999.0000
2018-05-16,34,-9999.0000,-9999.0000,-9999.0000,-9999.0000,-9999.0000,-9999.0000,-9999.0000,-9999.0000,-9999.0000,-9999.0000,-9999.0000
2018-05-19,34,1056.0000,793.0000,1108.0000,1226.0000,2094.0000,3260.0000,3657.0000,3789.0000,3927.0000,2888.0000,2198.2534
2018-05-19,34,1041.0000,931.0000,1204.0000,1237.4718,2072.0000,3206.0000,3617.0000,3701.0000,3907.0000,2791.0000,2194.9168
2018-05-21,34,1181.0000,1347.0000,1737.1111,1751.1667,2214.9328,3323.0000,3770.0000,3941.0000,3996.7905,2984.0000,2452.0000
2018-05-21,34,1145.0000,1358.0000,1675.0000,1672.0106,2365.0000,3286.7592,3736.0000,3890.1384,3860.0000,3076.0000,2501.0000
2018-05-24,34,-9999.0000,-9999.0000,-9999.0000,-9999.0000,-9999.0000,-9999.0000,-9999.0000,-9999.0000,-9999.0000,-9999.0000,-9999.0000
2018-05-24,34,-9999.0000,-9999.0000,-9999.0000,-9999.0000,-9999.0000,-9999.0000,-9999.0000,-9999.0000,-9999.0000,-9999.0000,-9999.0000
2018-05-26,34,1209.0000,916.0000,1278.0000,1362.0000,2232.0986,3668.7431,4009.5767,4097.8065,4316.0000,3223.0000,2367.0000
2018-05-26,34,1078.0000,984.8105,1296.0000,1302.7407,2200.0000,3548.8909,3904.5042,3970.7157,4153.0000,3093.0000,2366.0000
2018-05-31,34,1417.0000,1478.0000,1736.0000,1776.0000,2256.0000,3062.0000,3370.0000,3393.3286,3532.0000,3003.0000,2481.0000
2018-05-31,34,1364.0000,1468.1176,1700.0000,1720.0000,2329.0000,3049.6999,3374.6996,3398.0000,3572.0000,3033.0000,2498.0000
2018-06-03,34,1048.0000,1088.0000,1384.0000,1440.0000,1985.2519,2826.0000,3136.0000,3190.0000,3376.0000,2923.0000,2415.0000
2018-06-03,34,1037.0000,1162.0000,1421.5349,1482.0000,2051.0000,2861.6775,3154.0000,3229.6063,3351.0000,2979.3129,2421.0000
2018-06-05,34,1258.0000,1000.0000,1294.0000,1372.0000,2196.0000,3219.2036,3461.1476,3482.9309,3644.0000,3141.0000,2442.0000
2018-06-05,34,1236.4822,954.4352,1252.8519,1287.0355,2040.0000,3145.3703,3396.2751,3402.3374,3567.0000,3043.0000,2372.0000
2018-06-10,34,889.0000,1109.0792,1408.0000,1576.0000,2025.5819,2687.0000,3043.0817,3105.5500,3323.9215,3185.0000,2442.0000
2018-06-10,34,741.0000,1036.0000,1340.0000,1545.6034,1973.4527,2611.0000,2965.1377,3025.5327,3242.3891,3138.9971,2365.0000
2018-06-13,34,1089.0000,1232.0000,1612.0000,1778.0000,2444.0000,3181.0000,3574.0332,3466.7273,3736.7079,3567.0000,2917.0000
2018-06-13,34,1233.0000,1348.5441,1654.0000,1782.5073,2414.0000,3154.0000,3547.3920,3436.0000,3665.0000,3604.4306,2986.4188
2018-06-15,34,1531.0000,1264.0000,1721.1285,2008.5143,2885.7759,3734.4202,4151.0000,4012.4055,4243.9883,4271.0000,3361.0000
2018-06-15,34,1467.0000,1366.0000,1774.0000,2070.0000,2874.0000,3706.0000,4008.0000,3969.7832,4196.0000,4231.0000,3268.0000
2018-06-18,34,-9999.0000,-9999.0000,-9999.0000,-9999.0000,-9999.0000,-9999.0000,-9999.0000,-9999.0000,-9999.0000,-9999.0000,-9999.0000
2018-06-18,34,-9999.0000,-9999.0000,-9999.0000,-9999.0000,-9999.0000,-9999.0000,-9999.0000,-9999.0000,-9999.0000,-9999.0000,-9999.0000
2018-06-20,34,1277.0000,1188.0000,1522.0000,1783.1282,2529.0000,3489.0000,3865.0000,3838.0000,4079.0000,3752.0000,2887.0000
2018-06-20,34,1045.0000,1131.8272,1516.0000,1670.7000,2430.0000,3314.0000,3688.0000,3674.0000,3868.0000,3692.0000,2879.0000
2018-06-23,34,393.4610,716.9808,1122.0000,1340.0000,1766.8947,2470.0000,2803.0000,3032.0000,3030.3236,2669.8585,1854.0410
2018-06-23,34,571.0000,826.0000,1121.5556,1274.2930,1729.0000,2440.0959,2718.0000,2956.0000,2939.0000,2643.7178,1827.9605
2018-06-30,34,986.3472,1212.0000,1566.0000,1598.0000,2433.0000,3692.0000,4140.4894,4163.2471,4313.0000,3625.8478,2740.8111
2018-06-30,34,1071.0000,1144.0000,1532.0000,1514.0000,2344.6897,3496.0000,3963.1481,4000.9806,4132.4835,3510.0000,2628.0738
2018-07-03,34,1366.0000,1510.0000,1740.0000,1584.8873,2095.0000,3105.0000,3532.0000,3498.0000,3693.0000,2697.0000,1946.0000
2018-07-03,34,1404.0000,1481.0000,1708.0000,1533.3333,2058.0000,3114.0000,3594.3085,3520.6381,3743.0000,2612.0000,1801.8186
2018-07-05,34,919.0000,860.0167,1184.0000,1164.7027,2024.6354,3881.0000,4274.0704,4274.2750,4533.0000,3253.0000,2228.0000
2018-07-05,34,791.0000,732.9167,1162.4938,1095.9375,1987.0000,3833.5648,4268.2988,4242.3812,4482.3750,3233.0000,2069.0000
2018-07-08,34,423.0000,482.8347,757.3494,603.8871,1129.0000,2474.0000,2845.7614,2899.8717,2941.3321,1737.0000,1110.4927
2018-07-10,34,-9999.0000,-9999.0000,-9999.0000,-9999.0000,-9999.0000,-9999.0000,-9999.0000,-9999.0000,-9999.0000,-9999.0000,-9999.0000
2018-07-13,34,168.5838,325.2009,739.2779,482.9260,1274.8333,3570.0000,4294.0000,4298.6689,4438.0000,2497.0000,1397.0000
2018-07-13,34,451.0000,476.4320,797.3641,508.6853,1251.9977,3440.0000,4157.0000,4144.9308,4307.0996,2446.0000,1421.2298
2018-07-15,34,619.0000,525.9648,890.9050,549.3743,1371.8258,3971.5667,4577.0000,4545.9563,4811.0000,2750.8277,1507.1389
2018-07-15,34,566.1758,537.1340,899.1543,554.4314,1379.2598,3915.0000,4579.0485,4536.0000,4802.3261,2746.0000,1507.7666
2018-07-18,34,410.0000,405.5272,717.6108,419.9367,1157.6803,3561.0739,4224.0000,4310.7822,4443.1147,2345.0000,1277.0000
2018-07-18,34,451.0000,445.3424,729.0692,443.4316,1162.2342,3555.9686,4178.4108,4289.6989,4468.0000,2387.0000,1274.9704
2018-07-20,34,526.0000,569.5142,846.0648,516.0083,1270.6773,3637.0000,4449.0000,4471.8964,4602.0000,2701.0000,1370.6713
2018-07-20,34,339.0000,505.1400,821.4942,531.3007,1260.0000,3630.0000,4376.0000,4421.6096,4571.0000,2656.0000,1360.0000
2018-07-23,34,-9999.0000,-9999.0000,-9999.0000,-9999.0000,-9999.0000,-9999.0000,-9999.0000,-9999.0000,-9999.0000,-9999.0000,-9999.0000
2018-07-23,34,-9999.0000,-9999.0000,-9999.0000,-9999.0000,-9999.0000,-9999.0000,-9999.0000,-9999.0000,-9999.0000,-9999.0000,-9999.0000
2018-07-25,34,444.0000,469.7063,765.7825,484.3365,1192.0000,3642.0000,4294.0000,4297.8786,4621.0000,2504.0000,1250.7468
2018-07-25,34,352.0000,441.7044,761.3377,507.2647,1188.3114,3538.1442,4194.0000,4184.2785,4416.0000,2450.5717,1229.1821
2018-07-28,34,366.0000,429.1366,688.7895,453.4974,1077.0000,3343.0000,4134.0000,3941.0000,4428.0000,2220.5733,1117.5011
2018-07-28,34,375.0000,456.5471,713.3780,494.2357,1072.0000,3241.9655,4086.0000,3854.0000,4347.5511,2191.0000,1113.8825
2018-07-30,34,302.0000,417.3883,691.2836,451.3480,1139.0000,3357.0000,4181.6297,4148.6452,4441.4979,2408.4750,1219.0000
2018-07-30,34,241.0000,417.1660,697.6818,491.1991,1122.0000,3196.6314,4015.0000,3952.0000,4224.0000,2368.0000,1205.4426
2018-08-02,34,117.0000,376.9649,676.8992,525.2991,1100.0000,3006.0000,3918.0000,3753.3846,4168.0000,2221.6965,1162.4393
2018-08-02,34,266.0000,469.4108,741.7876,570.5000,1121.0909,2977.0000,3841.9907,3622.5824,4118.0000,2201.2307,1134.5017
2018-08-04,34,366.0000,421.6602,677.3793,477.0297,1112.0000,3301.0000,4074.0000,3902.0000,4297.0000,2316.1432,1133.0000
2018-08-04,34,226.0000,357.8277,661.5000,484.5000,1098.0000,3328.0000,3996.2607,3912.8395,4294.0000,2286.5101,1133.0000
2018-08-07,34,191.0000,314.0246,586.0835,440.4208,952.0000,3003.0000,3929.7038,3693.3873,4178.0000,2024.6148,1011.0000
2018-08-07,34,221.0000,333.7331,605.6055,458.5346,963.0000,3070.0000,3870.0000,3752.3636,4125.0000,2037.0000,1013.0000
2018-08-09,34,429.0000,533.2662,718.0077,540.6892,1090.0000,3038.0000,3993.9518,3776.5143,4317.0000,2294.6620,1196.0000
2018-08-09,34,343.0000,512.4244,731.0000,570.4795,1062.4809,2965.0000,3850.0000,3655.1125,4155.0000,2231.0000,1202.0000
2018-08-12,34,82.0000,321.1139,573.6630,469.6631,982.0000,2811.0000,3666.4802,3559.0000,3970.0805,2077.0237,1129.0000
2018-08-12,34,244.0000,401.8031,613.0000,493.7863,993.0000,2757.0000,3529.0000,3504.0000,3814.0000,2057.4917,1129.0000
2018-08-14,34,257.0000,358.7020,673.9239,497.6458,1123.0000,3509.0000,4331.0000,4132.2576,4709.0000,2405.0000,1169.0000
2018-08-14,34,305.0000,398.0000,692.0000,513.4225,1147.0000,3409.1714,4260.0000,4104.0000,4612.0000,2386.8837,1147.0000
2018-08-17,34,245.0000,345.0000,602.0000,393.6765,943.0000,2969.0000,3586.0000,3606.0000,3832.0000,1924.0000,940.0000
2018-08-17,34,311.0000,339.0000,600.0000,404.6476,941.0000,2935.0000,3493.8009,3526.9032,3796.0000,1908.0000,944.4022
2018-08-19,34,19.0000,328.5709,640.5128,460.0230,1072.0000,3178.0000,4100.0000,4016.0000,4309.8542,2169.0000,1090.0000
2018-08-19,34,253.0000,461.7028,710.0000,513.7662,1078.0000,3045.5068,3817.3368,3830.4058,4049.7899,2096.0000,1082.0000
2018-08-22,34,153.0000,390.0000,658.5195,485.2748,1014.0000,2969.0000,3630.0000,3687.0000,3853.0000,1883.0000,1018.4036
2018-08-22,34,252.0000,458.3941,693.9162,508.9611,1009.0000,2838.0000,3712.9630,3672.1832,3945.2408,1874.0000,1007.0000
2018-08-24,34,1672.0000,1220.0000,1262.0000,936.0000,1509.0000,3755.0000,4758.0000,5016.0000,5180.0000,2597.0000,1281.0000
2018-08-24,34,-9999.0000,-9999.0000,-9999.0000,-9999.0000,-9999.0000,-9999.0000,-9999.0000,-9999.0000,-9999.0000,-9999.0000,-9999.0000
2018-08-27,34,311.0000,331.0000,556.0000,294.0000,867.0000,3121.9678,3769.0000,3785.3605,3975.0000,1826.0000,840.0000
2018-08-27,34,350.0000,348.0000,572.0000,303.0000,858.0000,3068.0000,3748.0000,3830.3943,4007.0000,1828.1937,836.2464
2018-08-29,34,537.0000,692.4105,882.0510,602.4516,1124.0937,3029.0000,3725.0000,3830.0000,3966.0000,1925.0000,991.0000
2018-08-29,34,391.0000,628.2690,860.1386,615.0000,1121.0000,2966.0000,3701.0000,3779.6957,3902.0000,1903.0000,987.0000
2018-09-01,34,417.0000,617.0000,901.0000,498.5449,1284.0000,3831.0000,4778.0000,4696.0000,5032.0000,2192.0000,1046.0000
2018-09-01,34,478.0000,684.4048,943.0000,544.0950,1298.3665,3725.5670,4581.0000,4476.0000,4837.0000,2145.3460,1073.0000
2018-09-03,34,653.0000,639.0000,1046.0000,617.6647,1514.0000,4092.0000,4684.0000,4810.0000,5083.0000,2468.0000,1248.0000
2018-09-03,34,-9999.0000,-9999.0000,-9999.0000,-9999.0000,-9999.0000,-9999.0000,-9999.0000,-9999.0000,-9999.0000,-9999.0000,-9999.0000
2018-09-06,34,270.0000,344.5092,806.8140,478.6667,1346.0000,3777.8591,4465.9838,4474.1809,4693.9720,2082.5350,1006.2742
2018-09-06,34,651.0000,628.0000,934.7022,570.3411,1360.9955,3578.3752,4249.1994,4232.0000,4462.0000,2044.3099,1006.0000
2018-09-08,34,22.0000,288.4829,712.7535,368.3318,1169.0000,3579.3560,4316.6351,4361.8838,4515.2260,2042.0000,980.1327
2018-09-08,34,124.0000,346.6933,736.6214,393.8400,1169.4312,3524.0000,4254.5000,4256.0000,4436.2650,2027.0000,972.9345
2018-09-16,34,113.0000,318.9515,725.0000,537.0000,1314.0000,3118.0000,3578.6258,3626.5043,3841.9157,1964.3480,972.7986
2018-09-16,34,531.0000,523.0000,809.3182,509.9423,1323.0000,3050.0000,3490.7053,3585.0000,3763.3733,1952.9972,968.0000
2018-09-18,34,98.0000,386.0438,811.0000,502.0000,1309.0000,3033.0000,3572.0000,3612.5545,3864.2050,2148.0000,1141.0000
2018-09-18,34,272.0000,479.0000,855.0000,525.2833,1330.0000,2932.1201,3436.0000,3472.6320,3650.0000,2111.0000,1120.0000
2018-09-21,34,418.0000,504.3824,764.0000,558.0000,1267.0000,2509.9844,2966.7804,3200.7903,3358.0000,2018.0000,1122.0000
2018-09-21,34,353.0000,489.0000,770.6345,621.0000,1305.5139,2448.0000,2933.0000,3155.5441,3265.0000,2012.0000,1157.0000
2018-09-23,34,-9999.0000,-9999.0000,-9999.0000,-9999.0000,-9999.0000,-9999.0000,-9999.0000,-9999.0000,-9999.0000,-9999.0000,-9999.0000
2018-09-23,34,-9999.0000,-9999.0000,-9999.0000,-9999.0000,-9999.0000,-9999.0000,-9999.0000,-9999.0000,-9999.0000,-9999.0000,-9999.0000
2018-09-26,34,441.0000,453.0000,721.8989,553.6063,1193.0000,2348.0000,2909.0000,3106.3516,3237.0000,2004.0782,1191.0000
2018-09-26,34,494.0000,495.0000,737.1263,561.0000,1220.2044,2367.0000,2824.0000,3062.0000,3147.0000,1989.0000,1172.0000
2018-09-28,34,312.0000,558.1518,825.2624,937.0744,1499.3463,2189.4909,2513.9852,2709.5000,2889.1501,2555.0740,1790.5159
2018-09-28,34,469.0000,639.0000,850.2632,933.2498,1480.5920,2187.0000,2504.0000,2678.0000,2890.0988,2553.0000,1737.2687
2018-10-03,34,381.0000,565.0000,881.0000,1166.0000,1545.0000,2174.9811,2441.8755,2620.0000,2838.2636,2378.5309,1593.6269
2018-10-03,34,638.0000,696.0000,904.0000,1182.0000,1531.0051,2159.0000,2430.0000,2589.0459,2834.9937,2369.0000,1585.0169
2018-10-08,34,-9999.0000,-9999.0000,-9999.0000,-9999.0000,-9999.0000,-9999.0000,-9999.0000,-9999.0000,-9999.0000,-9999.0000,-9999.0000
2018-10-08,34,-9999.0000,-9999.0000,-9999.0000,-9999.0000,-9999.0000,-9999.0000,-9999.0000,-9999.0000,-9999.0000,-9999.0000,-9999.0000
2018-10-11,34,437.0000,646.9310,821.4600,1012.0000,1304.0000,1805.8070,2025.9630,2158.3009,2339.8561,2055.0000,1568.0000
2018-10-11,34,398.0000,610.0000,816.0000,1014.0000,1310.0000,1818.0000,2058.8805,2173.4366,2379.9169,2133.0000,1587.0000
2018-10-11,34,580.0000,788.9478,916.6213,1067.8436,1339.2458,1838.2046,2060.6058,2178.0000,2368.0000,2048.0000,1570.0000
2018-10-11,34,615.0000,755.0000,920.0972,1062.0000,1350.8652,1831.0000,2065.7402,2164.0000,2360.0000,2113.0000,1592.0000
2018-10-13,34,575.0000,690.7165,893.5000,1089.3333,1401.2108,1935.0000,2121.0000,2250.6667,2402.0000,2218.0441,1612.1880
2018-10-13,34,491.0000,629.4343,857.0000,1091.0000,1386.4727,1945.0277,2155.0000,2274.0000,2415.0000,2224.0197,1619.9901
2018-10-18,34,595.0000,800.0000,902.8158,1064.2872,1188.0000,1234.0000,1332.3891,1315.6258,1377.9238,1754.9931,1467.0000
2018-10-18,34,672.0000,848.8216,934.3932,1072.3392,1175.0000,1229.6021,1333.2150,1323.6884,1390.1184,1732.4189,1424.0242
2018-10-21,34,954.0000,1236.9651,1336.0000,1441.0000,1597.0000,1653.0000,1745.0000,1779.0577,1820.0000,2331.0000,2191.0000
2018-10-21,34,985.0000,1248.4985,1336.0816,1438.0000,1595.0000,1679.0000,1745.0000,1786.5457,1832.0000,2317.0000,2175.0000
2018-10-23,34,1069.6152,1307.1960,1634.8294,1907.0562,2044.6144,2086.3654,2149.0000,2259.0697,2256.2586,2778.2803,2466.6937
2018-10-23,34,1160.0000,1337.2511,1612.0703,1827.2426,1962.3799,2016.0000,2084.6946,2202.7985,2182.0875,2700.0000,2427.9535
2018-10-31,34,495.0000,726.5063,889.8315,1084.6897,1193.8149,1208.9944,1298.9964,1340.0884,1378.0284,1682.2157,1438.5943
2018-10-31,34,555.0000,764.0000,913.3105,1088.3154,1200.7398,1234.0000,1316.9876,1347.4896,1380.8585,1675.0000,1443.0000
2018-11-05,34,-9999.0000,-9999.0000,-9999.0000,-9999.0000,-9999.0000,-9999.0000,-9999.0000,-9999.0000,-9999.0000,-9999.0000,-9999.0000
2018-11-05,34,-9999.0000,-9999.0000,-9999.0000,-9999.0000,-9999.0000,-9999.0000,-9999.0000,-9999.0000,-9999.0000,-9999.0000,-9999.0000
2018-11-12,34,1110.0000,1132.9282,1273.3623,1346.3571,1572.0000,1620.5059,1675.5218,1634.5436,1757.0000,2115.6435,1692.0000
2018-11-12,34,-9999.0000,-9999.0000,-9999.0000,-9999.0000,-9999.0000,-9999.0000,-9999.0000,-9999.0000,-9999.0000,-9999.0000,-9999.0000
2018-11-15,34,484.4459,612.8542,774.5143,898.6168,1025.0000,1067.0000,1128.3736,1165.3645,1205.4821,1566.5040,1296.4808
2018-11-15,34,545.0000,644.4695,794.4713,902.2705,1013.0000,1062.4981,1121.0000,1177.1866,1211.0000,1553.0000,1284.5495
2018-11-17,34,718.0000,1097.4140,1338.7336,1634.5515,1803.0487,1810.1909,1889.9170,2032.0000,1965.9405,2629.3156,2540.7758
2018-11-17,34,916.0000,1204.8588,1377.5892,1595.0681,1741.4892,1762.0000,1838.3909,1969.7158,1900.5113,2524.0953,2467.8430
2018-12-05,34,-9999.0000,-9999.0000,-9999.0000,-9999.0000,-9999.0000,-9999.0000,-9999.0000,-9999.0000,-9999.0000,-9999.0000,-9999.0000
2018-12-07,34,798.0000,1022.6470,1146.0000,1244.0000,1403.0000,1434.5730,1534.5275,1553.4544,1588.3713,1695.0000,1365.0000
2018-12-12,34,273.0000,454.8271,680.6117,877.3188,1006.7205,1082.0000,1152.0000,1288.7670,1236.7134,1484.3585,1150.7304
2018-12-12,34,439.0000,570.4000,756.5534,913.3763,1034.9286,1122.1696,1175.0000,1293.3333,1257.7526,1452.1295,1130.0000
2018-12-15,34,423.0000,570.0000,718.4314,854.5000,984.6816,1056.0000,1116.0000,1209.0701,1172.8236,1440.4915,1144.0000
2018-12-15,34,362.0000,514.4830,672.5229,819.0000,958.0000,1036.3413,1092.8181,1193.7479,1165.1356,1442.0000,1152.9334
2018-12-27,34,841.0000,914.5874,901.0265,860.7901,1008.0000,1066.0545,1113.3276,1170.3669,1115.0000,1000.0000,732.0378
2018-12-30,34,354.0000,556.4281,662.1588,708.3648,904.0000,1024.5203,1096.0000,1141.6763,1143.0000,1122.0000,904.3214
2018-12-30,34,400.0000,578.4696,680.3551,714.3503,916.7156,1039.0000,1103.0000,1149.7038,1148.8238,1133.0000,916.0363
2019-01-01,34,-9999.0000,-9999.0000,-9999.0000,-9999.0000,-9999.0000,-9999.0000,-9999.0000,-9999.0000,-9999.0000,-9999.0000,-9999.0000
2019-01-04,34,-9999.0000,-9999.0000,-9999.0000,-9999.0000,-9999.0000,-9999.0000,-9999.0000,-9999.0000,-9999.0000,-9999.0000,-9999.0000
2019-01-04,34,-9999.0000,-9999.0000,-9999.0000,-9999.0000,-9999.0000,-9999.0000,-9999.0000,-9999.0000,-9999.0000,-9999.0000,-9999.0000
2019-01-06,34,470.0000,746.7731,928.1584,1005.2589,1233.0000,1369.0000,1441.0000,1548.3451,1490.2792,1776.3741,1525.0000
2019-01-06,34,580.0000,818.5518,974.6768,1020.5338,1243.0000,1365.0000,1426.2159,1532.6707,1469.2432,1738.7909,1506.5129
2019-01-11,34,469.0000,657.0000,889.0130,1057.4266,1333.0000,1507.0000,1568.5469,1700.3125,1681.4522,1993.0000,1693.0000
2019-01-11,34,640.0000,766.7988,958.3170,1085.0228,1334.3886,1501.0000,1562.6552,1688.8000,1662.2491,1952.9769,1645.2353
2019-01-14,34,620.0000,774.7239,982.2954,1085.5138,1324.8689,1460.0000,1527.0000,1641.9150,1606.0000,1913.0962,1628.0224
2019-01-14,34,579.0000,734.0000,953.9889,1073.3743,1330.0000,1472.0000,1530.3248,1641.5000,1594.0000,1935.0000,1655.0000
2019-01-16,34,661.0000,1021.1955,1273.3350,1374.0000,1674.5718,1838.0000,1917.2187,2040.0000,1982.4345,2390.0000,2163.0000
2019-01-16,34,619.0000,984.8328,1260.4545,1377.5628,1688.0000,1836.2073,1932.7736,2056.7771,2012.9379,2393.3070,2185.9966
2019-01-21,34,-9999.0000,-9999.0000,-9999.0000,-9999.0000,-9999.0000,-9999.0000,-9999.0000,-9999.0000,-9999.0000,-9999.0000,-9999.0000
2019-01-24,34,656.0000,756.3543,916.4885,1032.0000,1275.0000,1450.0000,1490.6193,1600.3306,1577.0000,1731.0000,1390.9480
2019-01-24,34,701.0000,786.0000,932.4918,1040.0000,1278.0000,1449.0000,1498.6425,1609.8653,1586.7322,1736.0000,1382.0000
2019-01-29,34,-9999.0000,-9999.0000,-9999.0000,-9999.0000,-9999.0000,-9999.0000,-9999.0000,-9999.0000,-9999.0000,-9999.0000,-9999.0000
2019-01-29,34,371.0000,660.0000,789.0000,808.0000,1021.0000,1187.0000,1259.0000,1410.0000,1324.0000,1096.0000,929.0000
2019-01-31,34,678.0000,820.7184,1081.2776,1257.3608,1599.0000,1833.7955,1902.1116,2033.3589,2012.0000,2394.4172,2035.0000
2019-01-31,34,660.0000,813.4289,1077.1171,1260.0259,1585.2884,1822.9504,1910.6650,2033.2095,2013.0000,2402.0000,2040.5940
2019-02-03,34,-9999.0000,-9999.0000,-9999.0000,-9999.0000,-9999.0000,-9999.0000,-9999.0000,-9999.0000,-9999.0000,-9999.0000,-9999.0000
2019-02-05,34,297.0000,594.4150,829.1548,1016.8736,1284.0000,1567.0000,1680.0000,1826.0000,1747.0000,1877.0000,1432.8482
2019-02-05,34,419.0000,674.8219,873.3245,1041.2516,1304.0000,1582.3607,1668.0000,1812.8763,1745.0000,1868.7834,1450.0944
2019-02-08,34,516.0000,801.2124,1013.1312,1196.8347,1493.4737,1726.2217,1844.0000,1961.5000,1909.0000,2133.7812,1912.9438
2019-02-08,34,637.0000,877.0000,1053.2435,1205.5000,1478.0000,1716.0000,1826.0000,1941.2433,1893.0000,2105.2005,1896.0640
2019-02-13,34,250.3171,466.4759,768.8906,906.7157,1191.0000,1494.4036,1588.0000,1685.7215,1684.0000,1826.5296,1417.0000
2019-02-13,34,422.0000,589.0000,836.3014,943.0000,1207.0000,1498.0000,1572.0000,1682.0000,1684.3869,1806.0000,1416.1122
2019-02-15,34,587.0000,905.2576,1208.2987,1344.5030,1713.0000,2074.5775,2177.1067,2349.0000,2253.7737,2506.0000,2107.2421
2019-02-15,34,681.0000,957.5492,1237.6000,1349.0000,1693.9784,2043.0000,2142.3393,2313.4682,2226.0000,2470.0000,2098.0000
2019-02-18,34,-9999.0000,-9999.0000,-9999.0000,-9999.0000,-9999.0000,-9999.0000,-9999.0000,-9999.0000,-9999.0000,-9999.0000,-9999.0000
2019-02-18,34,-9999.0000,-9999.0000,-9999.0000,-9999.0000,-9999.0000,-9999.0000,-9999.0000,-9999.0000,-9999.0000,-9999.0000,-9999.0000
2019-02-23,34,512.0000,729.6720,989.3790,1057.3429,1293.3908,1614.0000,1702.4571,1842.3966,1750.0000,1748.6289,1474.4447
2019-02-23,34,519.0000,730.1023,997.8003,1060.5838,1289.3505,1620.7433,1709.0000,1860.6088,1773.0000,1743.0000,1441.6995
2019-02-25,34,872.0000,1193.4970,1532.2794,1619.0406,2070.0130,2635.8906,2779.9431,2939.8546,2868.2644,3044.4632,2612.4994
2019-02-25,34,897.0000,1216.8131,1539.1435,1603.7768,2054.1887,2596.6470,2738.7500,2898.4181,2829.3240,2990.6040,2578.3422
2019-02-28,34,647.0000,953.4555,1328.6071,1353.0751,1772.4086,2435.6693,2609.7346,2778.4500,2686.0000,2620.5154,2211.6188
2019-02-28,34,632.0000,957.7358,1339.1373,1363.0772,1793.5962,2465.8100,2650.0000,2819.5415,2717.7476,2628.0115,2207.0000
2019-03-02,34,1061.0000,1185.2454,1488.6454,1489.3870,1948.4998,2707.7116,2850.3792,2976.4652,2941.0515,2788.5344,2209.0000
2019-03-02,34,1150.0000,1236.8824,1493.6860,1481.4676,1901.0000,2626.1549,2759.0000,2880.0000,2862.9696,2730.0000,2177.5746
2019-03-05,34,-9999.0000,-9999.0000,-9999.0000,-9999.0000,-9999.0000,-9999.0000,-9999.0000,-9999.0000,-9999.0000,-9999.0000,-9999.0000
2019-03-05,34,-9999.0000,-9999.0000,-9999.0000,-9999.0000,-9999.0000,-9999.0000,-9999.0000,-9999.0000,-9999.0000,-9999.0000,-9999.0000
2019-03-12,34,521.0000,650.5738,1052.4284,917.3333,1522.0000,3129.1216,3445.0000,3698.2250,3524.1133,2421.0000,1671.0000
2019-03-12,34,533.0000,643.3522,1052.7770,894.7455,1532.2566,3146.0862,3476.9327,3724.7164,3524.7541,2423.0000,1664.0304
2019-03-15,34,528.0000,646.6024,981.3979,826.1337,1429.8824,3020.5156,3402.5573,3516.2233,3490.6540,2226.0000,1482.0000
2019-03-15,34,521.0000,632.5580,980.8199,813.4161,1440.4762,3069.5044,3469.9863,3594.8639,3533.0000,2241.0000,1482.0000
2019-03-20,34,279.0000,394.3338,668.6654,440.9964,1011.0000,2720.0000,3187.9960,3430.2594,3253.3268,1690.5685,1021.4812
2019-03-20,34,321.0000,425.0000,683.0000,448.1612,1026.0000,2740.0000,3203.0000,3436.0000,3284.0000,1695.0000,996.2031
2019-03-22,34,377.0000,440.0000,817.0487,573.2500,1256.0000,3459.3185,4002.0000,4260.4727,4092.0000,2184.0000,1301.1163
2019-03-22,34,447.0000,481.5285,842.4362,593.3532,1267.0000,3426.5356,3932.9720,4217.3846,4060.6381,2170.5554,1294.0000
2019-03-25,34,701.0000,706.4404,902.2145,664.3182,1194.0000,3052.7021,3653.0000,3789.3356,3764.0000,1876.5332,1049.9173
2019-03-25,34,654.0000,664.4338,876.0000,630.5652,1196.1985,3164.2995,3798.9762,3931.6714,3908.4971,1895.0000,1057.9101
2019-03-27,34,-9999.0000,-9999.0000,-9999.0000,-9999.0000,-9999.0000,-9999.0000,-9999.0000,-9999.0000,-9999.0000,-9999.0000,-9999.0000
2019-03-27,34,-9999.0000,-9999.0000,-9999.0000,-9999.0000,-9999.0000,-9999.0000,-9999.0000,-9999.0000,-9999.0000,-9999.0000,-9999.0000
2019-03-30,34,357.0000,542.7912,680.3756,454.0657,908.7775,2691.6935,3392.5837,3596.9861,3461.2159,1393.0000,806.3466
2019-03-30,34,425.0000,590.3993,710.2609,474.1635,920.4937,2669.0914,3356.3483,3562.9682,3430.1230,1394.7495,808.6672
2019-04-01,34,429.0000,406.7213,657.4607,393.3914,980.3359,3516.7594,4407.3675,4577.9580,4508.1460,1785.2841,901.3610
2019-04-01,34,479.0000,446.1596,677.4460,408.8610,987.0000,3443.1619,4323.5818,4498.4992,4409.0000,1765.7204,898.1671
2019-04-06,34,698.0000,787.0000,958.0206,707.0000,1225.8068,3161.0000,3986.0000,4042.7361,3997.3179,1622.2915,951.0000
2019-04-06,34,984.0000,924.0000,1092.9037,825.2776,1316.0000,3212.7434,4090.3348,4168.8183,4096.0000,1668.0000,1049.0000
2019-04-16,34,302.0000,350.4374,484.3285,250.0030,693.7218,3024.6952,4413.1549,4700.0000,4570.2680,1321.8859,586.0000
2019-04-16,34,424.0000,440.3225,546.4377,314.3495,729.4034,2940.0000,4250.3962,4522.0816,4418.0000,1317.4254,588.4927
2019-04-19,34,128.0000,184.8287,313.2469,141.6959,533.2300,2719.0000,4083.6970,4355.3191,4255.0000,1077.8046,497.1782
2019-04-19,34,233.0000,252.4595,366.0240,181.5534,570.1053,2681.0000,4018.2315,4288.0000,4187.8516,1073.6056,501.0437
2019-04-21,34,920.0000,814.0148,1005.4651,829.1766,1289.2776,3394.3704,4536.7561,4834.2540,4674.0039,1761.1419,1114.6724
2019-04-21,34,1018.0000,890.6003,1050.0000,869.6714,1285.8767,3243.0000,4310.0552,4608.5124,4449.5443,1737.7938,1100.6439
2019-04-24,34,-9999.0000,-9999.0000,-9999.0000,-9999.0000,-9999.0000,-9999.0000,-9999.0000,-9999.0000,-9999.0000,-9999.0000,-9999.0000
2019-05-01,34,293.0000,286.0000,424.5910,234.3541,604.9886,2868.9703,4250.4239,4425.9289,4419.5229,1133.0729,500.8177
2019-05-01,34,345.0000,317.0000,448.3645,250.5746,617.9930,2817.3251,4187.5654,4354.8435,4330.5830,1121.7221,494.2772
2019-05-06,34,-9999.0000,-9999.0000,-9999.0000,-9999.0000,-9999.0000,-9999.0000,-9999.0000,-9999.0000,-9999.0000,-9999.0000,-9999.0000
2019-05-06,34,-9999.0000,-9999.0000,-9999.0000,-9999.0000,-9999.0000,-9999.0000,-9999.0000,-9999.0000,-9999.0000,-9999.0000,-9999.0000
2019-05-09,34,-9999.0000,-9999.0000,-9999.0000,-9999.0000,-9999.0000,-9999.0000,-9999.0000,-9999.0000,-9999.0000,-9999.0000,-9999.0000
2019-05-16,34,-9999.0000,-9999.0000,-9999.0000,-9999.0000,-9999.0000,-9999.0000,-9999.0000,-9999.0000,-9999.0000,-9999.0000,-9999.0000
2019-05-16,34,-9999.0000,-9999.0000,-9999.0000,-9999.0000,-9999.0000,-9999.0000,-9999.0000,-9999.0000,-9999.0000,-9999.0000,-9999.0000
2019-05-24,34,50.0000,94.0000,266.3138,120.0000,524.4960,2578.0000,3886.5491,4018.1539,4168.0000,1036.7797,443.0000
2019-05-24,34,265.0000,266.0000,397.0000,226.0000,614.0000,2489.0000,3692.1972,3818.0528,3983.0000,1034.1565,451.0000
2019-05-26,34,444.0000,518.0000,680.3310,496.5684,970.3293,2732.0000,3840.0000,4049.4009,4174.0000,1417.4540,814.5478
2019-05-31,34,80.0000,121.0000,388.2928,216.4924,804.9358,2731.2640,3644.1833,3973.5213,4075.0000,1306.0561,606.0000
2019-05-31,34,265.0000,276.0000,495.0000,306.0000,854.9707,2626.7412,3486.4597,3772.5846,3891.3350,1289.0000,607.0000
2019-06-03,34,201.0000,244.1979,440.7909,326.5603,788.5692,1994.3537,2595.1856,2812.3227,3019.5300,1161.0159,596.0000
2019-06-03,34,373.0000,372.0000,536.3824,396.4625,834.7765,1964.8125,2557.0000,2744.9524,2955.2085,1157.1439,596.6388
2019-06-05,34,-9999.0000,-9999.0000,-9999.0000,-9999.0000,-9999.0000,-9999.0000,-9999.0000,-9999.0000,-9999.0000,-9999.0000,-9999.0000
2019-06-05,34,-9999.0000,-9999.0000,-9999.0000,-9999.0000,-9999.0000,-9999.0000,-9999.0000,-9999.0000,-9999.0000,-9999.0000,-9999.0000
2019-06-13,34,278.0000,341.0000,564.6735,576.4967,1049.0000,1849.2128,2211.5761,2360.8546,2595.0000,1498.6718,880.0632
2019-06-13,34,315.0000,364.0000,582.5366,580.2222,1054.6459,1861.3784,2229.7003,2357.7337,2609.4309,1493.3265,876.7865
2019-06-15,34,-9999.0000,-9999.0000,-9999.0000,-9999.0000,-9999.0000,-9999.0000,-9999.0000,-9999.0000,-9999.0000,-9999.0000,-9999.0000
2019-06-15,34,-9999.0000,-9999.0000,-9999.0000,-9999.0000,-9999.0000,-9999.0000,-9999.0000,-9999.0000,-9999.0000,-9999.0000,-9999.0000
2019-06-18,34,142.0000,320.5487,568.4109,720.9076,1170.0000,1762.6633,2106.1658,2252.3657,2555.0000,1768.0000,1130.0000
2019-06-18,34,281.0000,422.0000,636.5938,753.1976,1176.6812,1748.3601,2116.3636,2202.0000,2500.4995,1749.0000,1122.5309
2019-06-20,34,590.0000,638.0000,882.0000,1014.3644,1478.6224,2093.4114,2388.7001,2483.6558,2818.2471,2123.0000,1308.3605
2019-06-20,34,635.0000,673.0000,900.0000,1017.5000,1474.5839,2083.1231,2377.2289,2467.7611,2786.8661,2120.0000,1306.2155
2019-06-23,34,313.0000,421.0000,641.0000,829.0938,1172.5522,1645.0068,1909.7889,1928.0923,2212.0000,1861.0000,1186.0000
2019-06-23,34,255.0000,379.0000,611.0000,821.6157,1172.0947,1632.9123,1901.0000,1956.7451,2197.5997,1875.0000,1188.6012
2019-06-25,34,604.0000,758.0000,950.8357,1145.0532,1505.6390,1920.5018,2236.2248,2307.6444,2549.2909,2474.3695,1685.0000
2019-06-25,34,678.0000,805.0000,977.0000,1145.1522,1498.0349,1919.0000,2246.3095,2265.8259,2504.8195,2454.5514,1676.4920
2019-06-28,34,396.0000,622.5648,868.4625,1144.4081,1477.5506,1872.1778,2138.3488,2252.8022,2465.0000,2485.7359,1713.4073
2019-06-28,34,517.0000,694.9063,908.5056,1144.7785,1462.1308,1848.1148,2091.0000,2227.2907,2394.0000,2445.1722,1696.0000
2019-06-30,34,531.0000,700.4173,1014.8318,1355.3745,1732.8090,2268.0000,2534.0000,2695.7786,2885.0000,2833.5418,1867.0000
2019-06-30,34,563.0000,720.4286,1022.5945,1347.1476,1729.6631,2237.2736,2501.0000,2695.3204,2811.4399,2825.1108,1857.0488
2019-07-03,34,406.0000,618.2483,941.7657,1290.5852,1681.3486,2161.7353,2435.2647,2508.2429,2834.0000,2753.0351,1789.4092
2019-07-03,34,610.0000,740.7540,998.4462,1266.0000,1630.8517,2077.5408,2351.0000,2427.0629,2700.5908,2680.2671,1758.0000
2019-07-05,34,559.0000,885.6624,1249.5315,1795.6696,2259.8398,2668.4772,3047.0000,3322.7634,3616.7971,4100.7831,2665.3703
2019-07-05,34,606.0000,908.9826,1253.1969,1771.1954,2234.9954,2641.0000,3025.5276,3272.5562,3566.0000,4074.0000,2652.2904
2019-07-08,34,909.0000,1116.0000,1388.0000,1760.2092,2176.5957,2594.4920,2930.8226,3077.4572,3333.6214,3349.2810,2293.3186
2019-07-10,34,531.0000,777.4008,1176.0000,1772.8664,2211.9136,2662.0000,2974.0000,3238.0000,3487.0000,3929.5878,2523.0302
2019-07-10,34,609.0000,825.3373,1185.7827,1713.9979,2146.5529,2592.0000,2921.6678,3162.0000,3393.0000,3876.2769,2498.0093
2019-07-13,34,590.0000,785.6671,1101.5549,1538.5062,1980.6199,2457.0000,2795.5333,2953.2779,3285.0000,3594.3264,2291.8228
2019-07-13,34,759.0000,884.4000,1133.7598,1491.1754,1897.7416,2371.0000,2676.0000,2852.7443,3159.0000,3492.0000,2251.6255
2019-07-20,34,614.0000,778.0000,1104.7407,1482.0579,1971.6941,2634.0000,2971.0000,3042.0000,3413.0116,3740.6063,2373.1675
2019-07-20,34,675.0000,810.4881,1116.6649,1458.4270,1936.3911,2606.0000,2916.4813,3009.3289,3362.0000,3700.8067,2356.3406
2019-07-23,34,435.0000,625.4981,941.3451,1309.4496,1723.9215,2363.0000,2661.0000,2789.5000,3138.7606,3440.5229,2158.6514
2019-07-23,34,525.0000,681.1909,965.3843,1290.3830,1700.0000,2331.0000,2660.9866,2731.4896,3056.0000,3389.2791,2123.4419
2019-07-25,34,678.0000,865.0000,1108.7586,1378.0105,1833.0000,2498.0000,2935.0000,2956.9861,3334.0000,3712.0372,2390.0296
2019-07-25,34,689.0000,868.7877,1117.2423,1387.5737,1852.0000,2494.0000,2922.0000,2971.0605,3330.6874,3714.5284,2370.5992
2019-07-30,34,449.0000,625.5602,949.0394,1178.0000,1661.9058,2467.0000,2784.0000,2709.8990,3125.3486,3402.1077,2262.0000
2019-07-30,34,612.0000,724.1531,993.7996,1164.8844,1610.4329,2425.0000,2651.1903,2612.0920,2998.3626,3310.0000,2216.0000
2019-08-04,34,440.4493,681.1779,933.2155,1123.3788,1597.0000,2339.4305,2740.8576,2697.2439,3030.0000,3339.0000,2269.4008
2019-08-04,34,603.0000,765.3333,977.3367,1100.8636,1535.0000,2290.0000,2667.0000,2609.9691,2856.0000,3264.0000,2239.0000
2019-08-09,34,468.0000,594.3511,888.0000,1009.4820,1525.0882,2446.0000,2761.9792,2718.0000,2987.6347,3121.0000,2003.8257
2019-08-09,34,555.0000,649.0000,906.5153,1005.1989,1486.0052,2402.0000,2670.0000,2670.0000,2948.0000,3065.5828,1985.8882
2019-08-12,34,-9999.0000,-9999.0000,-9999.0000,-9999.0000,-9999.0000,-9999.0000,-9999.0000,-9999.0000,-9999.0000,-9999.0000,-9999.0000
2019-08-14,34,447.0000,617.0000,882.6652,906.6289,1452.7001,2513.0000,3016.0582,2980.5161,3379.0000,3001.0000,1875.5263
2019-08-14,34,505.0000,652.8502,898.5971,920.8693,1436.6636,2632.0000,3025.0000,2946.0000,3298.9388,2906.0000,1874.4102
2019-08-17,34,330.0000,496.4799,765.2923,773.1439,1302.0896,2449.0000,2998.0000,2921.0000,3291.4765,2676.0005,1675.2969
2019-08-17,34,399.0000,538.5463,788.6561,780.0000,1297.4762,2471.0000,2932.0000,2832.0000,3193.0000,2643.0000,1670.0000
2019-08-19,34,526.0000,596.5000,913.1189,898.7688,1502.5072,2696.4510,3110.9243,3228.0000,3419.3871,2900.0065,1756.0000
2019-08-19,34,675.0000,702.5225,962.5321,930.0000,1465.1360,2611.0000,3071.0000,3128.0000,3361.0000,2848.5327,1728.0000
2019-08-24,34,-9999.0000,-9999.0000,-9999.0000,-9999.0000,-9999.0000,-9999.0000,-9999.0000,-9999.0000,-9999.0000,-9999.0000,-9999.0000
2019-08-24,34,-9999.0000,-9999.0000,-9999.0000,-9999.0000,-9999.0000,-9999.0000,-9999.0000,-9999.0000,-9999.0000,-9999.0000,-9999.0000
2019-08-27,34,525.0000,711.0000,935.0000,869.0000,1397.0000,2512.0000,3094.0000,2998.4507,3387.9926,2748.6512,1662.0000
2019-08-27,34,557.0000,711.0000,936.6179,886.0000,1412.6436,2568.0000,3083.0000,3018.0000,3344.0000,2775.0000,1771.9561
2019-08-29,34,841.0000,1028.8396,1292.6957,1594.3553,2003.4939,2561.4973,2827.9885,2937.1202,3251.9090,3858.1811,2681.7782
2019-08-29,34,714.0000,985.0000,1312.0000,1692.8903,2145.0000,2696.1963,2967.5804,3080.9787,3429.2922,4055.5943,2713.0070
2019-09-01,34,679.0000,905.3623,1209.0914,1571.8422,1999.0000,2488.0000,2823.0000,2899.1357,3203.2036,3738.6241,2523.0684
2019-09-01,34,667.0000,921.3588,1224.9778,1578.4685,1994.7577,2506.2348,2816.0000,2907.0776,3227.8813,3725.4649,2531.5497
2019-09-03,34,533.0000,873.8452,1196.9065,1595.1826,2058.4455,2493.1277,2814.3838,3050.0000,3204.0000,3826.5921,2700.1584
2019-09-03,34,593.0000,895.0000,1197.1780,1560.9330,2011.2608,2465.0000,2769.3437,2994.0000,3137.7119,3779.9876,2676.1438
2019-09-11,34,606.0000,797.9810,1092.9393,1291.3867,1699.7365,2228.9499,2438.0049,2574.0077,2697.3749,3101.0482,2279.0000
2019-09-11,34,640.0000,821.3812,1104.6333,1299.3622,1709.4867,2248.9597,2449.4734,2589.1107,2714.9370,3098.0000,2282.9795
2019-09-13,34,549.0000,833.0524,1157.4377,1347.6109,1803.7941,2414.7460,2684.9970,2785.4767,2901.0000,3357.3924,2555.3831
2019-09-13,34,578.4937,857.9319,1165.5015,1339.5078,1789.7858,2406.3171,2674.4525,2764.7138,2907.6746,3349.1158,2542.4398
2019-09-16,34,655.0000,904.6394,1141.1789,1395.0458,1616.4353,1734.0000,1882.5610,1914.7796,2012.2361,2683.5737,2418.1712
2019-09-16,34,683.0000,929.1387,1152.4206,1395.1380,1605.7263,1736.9688,1882.4806,1922.9822,2004.4236,2684.4824,2420.9394
2019-09-18,34,-9999.0000,-9999.0000,-9999.0000,-9999.0000,-9999.0000,-9999.0000,-9999.0000,-9999.0000,-9999.0000,-9999.0000,-9999.0000
2019-09-18,34,-9999.0000,-9999.0000,-9999.0000,-9999.0000,-9999.0000,-9999.0000,-9999.0000,-9999.0000,-9999.0000,-9999.0000,-9999.0000
2019-09-21,34,794.4086,1033.3333,1323.1828,1651.2951,1811.8123,1914.5718,2029.6572,2178.7170,2193.5758,2948.7961,2565.0164
2019-09-21,34,815.0000,1065.1119,1328.6273,1643.2346,1800.6566,1909.0889,2017.0021,2172.0922,2180.0482,2937.8479,2552.0000
2019-09-28,34,1645.0000,1644.8480,1812.9183,1947.8733,2237.1135,2492.9818,2613.4392,2580.0000,2766.8952,3323.8840,2819.1563
2019-09-28,34,1594.5879,1609.4190,1797.0758,1915.2986,2218.0000,2460.0000,2589.2461,2565.0229,2737.7847,3318.5423,2802.5257
2019-10-01,34,-9999.0000,-9999.0000,-9999.0000,-9999.0000,-9999.0000,-9999.0000,-9999.0000,-9999.0000,-9999.0000,-9999.0000,-9999.0000
2019-10-01,34,-9999.0000,-9999.0000,-9999.0000,-9999.0000,-9999.0000,-9999.0000,-9999.0000,-9999.0000,-9999.0000,-9999.0000,-9999.0000
2019-10-08,34,-9999.0000,-9999.0000,-9999.0000,-9999.0000,-9999.0000,-9999.0000,-9999.0000,-9999.0000,-9999.0000,-9999.0000,-9999.0000
2019-10-08,34,-9999.0000,-9999.0000,-9999.0000,-9999.0000,-9999.0000,-9999.0000,-9999.0000,-9999.0000,-9999.0000,-9999.0000,-9999.0000
2019-10-11,34,801.0000,1048.8167,1348.7782,1595.8136,1846.4432,2004.0000,2113.0000,2179.0652,2272.3580,2908.4487,2493.4591
2019-10-11,34,839.0000,1077.2273,1360.6742,1579.6931,1840.0000,1987.0000,2105.4275,2177.1429,2265.7300,2909.0000,2494.3384
2019-10-16,34,590.0000,820.8022,1041.0736,1216.0645,1444.6667,1598.4068,1733.0000,1796.0005,1872.0010,2314.0000,1995.5000
2019-10-16,34,620.0000,848.4506,1057.7900,1224.0493,1445.3480,1610.0454,1731.3961,1802.3169,1860.3481,2312.3788,1980.9992
2019-10-21,34,-9999.0000,-9999.0000,-9999.0000,-9999.0000,-9999.0000,-9999.0000,-9999.0000,-9999.0000,-9999.0000,-9999.0000,-9999.0000
2019-10-21,34,-9999.0000,-9999.0000,-9999.0000,-9999.0000,-9999.0000,-9999.0000,-9999.0000,-9999.0000,-9999.0000,-9999.0000,-9999.0000
2019-10-23,34,946.0000,1265.1148,1546.3786,1736.0000,2051.3937,2263.0000,2418.2598,2512.6061,2557.3782,3219.2219,2923.9966
2019-10-23,34,918.0000,1278.0000,1553.8935,1747.6187,2052.7106,2266.2695,2417.0000,2509.0000,2556.9365,3226.0874,2899.6824
2019-10-26,34,864.0000,1153.3961,1417.0503,1602.3271,1858.6578,2077.8765,2215.0000,2344.0000,2382.0981,2915.8746,2664.9234
2019-10-26,34,834.0000,1169.2237,1432.7066,1610.8913,1868.9488,2101.2399,2230.0000,2360.0000,2393.0000,2925.4848,2683.6235
2019-10-28,34,-9999.0000,-9999.0000,-9999.0000,-9999.0000,-9999.0000,-9999.0000,-9999.0000,-9999.0000,-9999.0000,-9999.0000,-9999.0000
2019-10-31,34,-9999.0000,-9999.0000,-9999.0000,-9999.0000,-9999.0000,-9999.0000,-9999.0000,-9999.0000,-9999.0000,-9999.0000,-9999.0000
2019-11-07,34,350.0000,568.9639,893.3140,1124.1333,1454.0000,1746.3423,1834.0000,1972.9104,2030.8767,2240.0000,1605.6718
2019-11-07,34,598.0000,738.6378,981.7857,1137.3265,1424.3044,1700.0000,1795.0000,1922.7200,1977.0000,2174.0000,1572.0000
2019-11-10,34,556.0000,741.8215,977.3684,1152.8748,1437.9468,1706.5257,1815.0000,1940.7256,1971.0000,2166.0235,1577.8146
2019-11-10,34,561.0000,761.5423,994.5492,1157.0026,1441.0000,1701.8436,1819.0000,1948.0983,1972.1676,2163.0000,1578.0000
2019-11-30,34,-9999.0000,-9999.0000,-9999.0000,-9999.0000,-9999.0000,-9999.0000,-9999.0000,-9999.0000,-9999.0000,-9999.0000,-9999.0000
2019-11-30,34,-9999.0000,-9999.0000,-9999.0000,-9999.0000,-9999.0000,-9999.0000,-9999.0000,-9999.0000,-9999.0000,-9999.0000,-9999.0000
2019-12-05,34,-9999.0000,-9999.0000,-9999.0000,-9999.0000,-9999.0000,-9999.0000,-9999.0000,-9999.0000,-9999.0000,-9999.0000,-9999.0000
2019-12-05,34,-9999.0000,-9999.0000,-9999.0000,-9999.0000,-9999.0000,-9999.0000,-9999.0000,-9999.0000,-9999.0000,-9999.0000,-9999.0000
2019-12-07,34,719.0000,950.1152,1322.4825,1563.3130,2041.5686,2482.8801,2622.0000,2778.0000,2858.1696,2909.8899,2145.6149
2019-12-07,34,862.0000,1060.6046,1376.8147,1548.3081,1969.0000,2394.0000,2541.9463,2689.4891,2740.9085,2840.2720,2090.7583
2019-12-10,34,566.5914,787.3662,1060.8088,1185.0000,1529.1227,1827.5952,1910.4358,2076.5441,2053.1638,2202.6122,1622.4530
2019-12-10,34,583.0000,805.0438,1072.2207,1184.0000,1521.6962,1829.0000,1933.4097,2082.0000,2068.5658,2193.0000,1616.0000
2019-12-25,34,662.0000,949.1833,1152.7353,1284.5576,1580.3570,1927.0000,2047.0000,2216.9000,2219.0031,2094.0000,1612.0000
2019-12-25,34,654.0000,965.2904,1161.6189,1288.0000,1613.1156,1929.9437,2058.4369,2226.6522,2233.7177,2087.0000,1624.0000
2019-12-27,34,-9999.0000,-9999.0000,-9999.0000,-9999.0000,-9999.0000,-9999.0000,-9999.0000,-9999.0000,-9999.0000,-9999.0000,-9999.0000
2019-12-27,34,-9999.0000,-9999.0000,-9999.0000,-9999.0000,-9999.0000,-9999.0000,-9999.0000,-9999.0000,-9999.0000,-9999.0000,-9999.0000
2019-12-30,34,603.0000,809.9048,1041.5150,1176.0000,1516.0000,1794.0000,1923.2669,2091.3069,2052.0000,2059.0000,1500.4960
2019-12-30,34,628.4800,836.4358,1049.3627,1193.1532,1506.4739,1810.0988,1926.0000,2082.2009,2061.0563,2044.0000,1489.8158
2020-01-01,34,222.0000,610.0568,854.3595,1069.9214,1453.0918,1770.7562,1923.4784,2114.0000,2083.1368,2049.4127,1477.3427
2020-01-01,34,515.0000,810.6430,980.7884,1122.0000,1456.5643,1733.0073,1865.2563,2074.0969,2024.3938,1998.5035,1453.0000
2020-01-04,34,466.4086,769.4404,973.1562,1164.7110,1532.6763,1849.7454,1963.7600,2155.0000,2138.0000,2017.9751,1536.0151
2020-01-04,34,555.0000,842.4507,1022.4833,1177.0529,1537.0000,1846.0000,1961.0000,2145.0215,2112.0000,1992.6425,1529.1174
2020-01-06,34,-9999.0000,-9999.0000,-9999.0000,-9999.0000,-9999.0000,-9999.0000,-9999.0000,-9999.0000,-9999.0000,-9999.0000,-9999.0000
2020-01-09,34,618.0000,800.8315,1012.3637,1149.6511,1461.8920,1674.3003,1780.0000,1883.4613,1907.0000,2038.0000,1558.3280
2020-01-09,34,593.0000,784.0741,994.8346,1137.1514,1436.8019,1677.0000,1777.0000,1891.1945,1909.3197,2030.3093,1554.0000
2020-01-11,34,170.0000,569.1829,797.1240,1033.3333,1421.0040,1693.5750,1834.2079,2027.1155,2011.5360,2146.3632,1606.5269
2020-01-11,34,533.0000,794.6658,942.1064,1089.0043,1408.7038,1670.0000,1795.0000,1946.8629,1963.0000,2073.0000,1574.9153
2020-01-14,34,593.0000,836.1523,988.7106,1121.4452,1433.0000,1677.4824,1786.0000,1923.5242,1947.0000,1933.4569,1541.6547
2020-01-14,34,521.0000,784.3333,954.3807,1104.0000,1431.0000,1678.5929,1817.0000,1946.4316,1975.0000,1940.0000,1540.0000
2020-01-16,34,-9999.0000,-9999.0000,-9999.0000,-9999.0000,-9999.0000,-9999.0000,-9999.0000,-9999.0000,-9999.0000,-9999.0000,-9999.0000
2020-01-16,34,-9999.0000,-9999.0000,-9999.0000,-9999.0000,-9999.0000,-9999.0000,-9999.0000,-9999.0000,-9999.0000,-9999.0000,-9999.0000
2020-01-19,34,-9999.0000,-9999.0000,-9999.0000,-9999.0000,-9999.0000,-9999.0000,-9999.0000,-9999.0000,-9999.0000,-9999.0000,-9999.0000
2020-01-21,34,569.0000,842.0803,996.5764,1169.4859,1501.4717,1786.6634,1908.0000,2122.8696,2051.0000,2286.5000,1768.0000
2020-01-21,34,596.0000,865.4172,1005.1369,1173.2970,1502.0215,1773.6128,1894.1505,2121.8956,2050.0000,2282.0000,1772.0000
2020-01-24,34,467.0000,822.6667,1057.0000,1237.9425,1574.5269,1828.6226,1944.5017,2082.3409,2069.5475,2128.0096,1733.0000
2020-01-24,34,593.0000,896.0000,1097.7918,1245.6881,1574.3669,1808.0000,1942.0000,2058.0000,2065.5950,2113.0000,1717.0000
2020-01-29,34,-9999.0000,-9999.0000,-9999.0000,-9999.0000,-9999.0000,-9999.0000,-9999.0000,-9999.0000,-9999.0000,-9999.0000,-9999.0000
2020-01-29,34,-9999.0000,-9999.0000,-9999.0000,-9999.0000,-9999.0000,-9999.0000,-9999.0000,-9999.0000,-9999.0000,-9999.0000,-9999.0000
2020-01-31,34,895.0000,1122.0000,1276.0000,1361.2687,1704.0000,1958.0000,2087.0000,2194.5572,2217.0217,2270.1568,1780.0000
2020-02-05,34,434.0000,649.9571,961.3890,1202.0000,1581.0000,1946.0000,2070.0000,2259.1601,2228.0000,2525.0000,1971.0000
2020-02-05,34,587.0000,774.5573,1021.1594,1204.0000,1562.4787,1899.0000,1998.0000,2192.0000,2173.0000,2458.0852,1938.0000
2020-02-08,34,852.0000,1041.0409,1264.5673,1416.7895,1738.0000,2022.2555,2142.4960,2314.5204,2281.5743,2610.6601,2135.0000
2020-02-08,34,838.0000,1042.0000,1266.0000,1426.3736,1748.7362,2049.8296,2149.0000,2314.0645,2306.0000,2610.0000,2121.0000
2020-02-13,34,-9999.0000,-9999.0000,-9999.0000,-9999.0000,-9999.0000,-9999.0000,-9999.0000,-9999.0000,-9999.0000,-9999.0000,-9999.0000
2020-02-13,34,-9999.0000,-9999.0000,-9999.0000,-9999.0000,-9999.0000,-9999.0000,-9999.0000,-9999.0000,-9999.0000,-9999.0000,-9999.0000
2020-02-15,34,740.9292,909.6023,1172.6269,1356.0000,1732.6687,2097.7659,2243.0000,2378.1609,2421.0000,2532.7928,1924.4180
2020-02-15,34,768.0000,930.5037,1185.1551,1360.7624,1724.6406,2072.0000,2196.9364,2360.0000,2388.0000,2527.0000,1895.0000
2020-02-18,34,1520.0000,1548.0000,1616.0000,1624.0000,1923.0000,2224.0000,2357.0995,2449.5000,2504.8306,2609.5384,2003.0000
2020-02-18,34,1480.0000,1506.0000,1598.0000,1606.0000,1938.0000,2266.1959,2391.0000,2474.0000,2537.0000,2624.0000,2009.0000
2020-02-20,34,623.0000,1005.3646,1362.0383,1594.3459,2029.2877,2533.7393,2714.0000,2940.0684,2897.3381,3243.7804,2684.0000
2020-02-20,34,612.0000,1013.3907,1362.8788,1604.6667,2024.0000,2524.0350,2673.0000,2939.9983,2894.2757,3247.0000,2680.0000
2020-02-28,34,835.0000,1075.3485,1411.3467,1603.6842,1969.6562,2517.3138,2676.0000,2977.5934,2837.0000,3035.0000,2526.0000
2020-02-28,34,779.0000,1098.9212,1434.4254,1620.9903,1979.6055,2554.5335,2708.1935,3018.6294,2858.9672,3062.0000,2527.0000
2020-03-06,34,771.0000,921.2910,1232.9278,1426.0000,1871.0000,2509.0000,2625.4026,2794.0168,2761.0000,2550.0000,1791.0000
2020-03-06,34,700.0000,904.3062,1237.3622,1434.2277,1901.6516,2521.0000,2674.6361,2858.9526,2860.0000,2568.0000,1782.0000
2020-03-09,34,-9999.0000,-9999.0000,-9999.0000,-9999.0000,-9999.0000,-9999.0000,-9999.0000,-9999.0000,-9999.0000,-9999.0000,-9999.0000
2020-03-11,34,1401.0000,1700.0000,1882.0000,1953.1384,2404.0000,2913.0000,3122.0000,3288.0000,3280.0000,3285.0000,2728.3313
2020-03-11,34,1475.0000,1726.0000,1922.4311,1942.0000,2330.0000,2918.0000,3129.0000,3300.0000,3240.0000,3376.0000,2857.0000
2020-03-14,34,-9999.0000,-9999.0000,-9999.0000,-9999.0000,-9999.0000,-9999.0000,-9999.0000,-9999.0000,-9999.0000,-9999.0000,-9999.0000
2020-03-16,34,1138.0000,1416.0000,1859.2745,2058.2142,2603.8899,3502.9389,3704.1077,4006.3077,3917.2447,3705.1010,3040.0000
2020-03-16,34,1109.9688,1379.4959,1762.1150,1936.7376,2491.7785,3269.1041,3475.6439,3765.9725,3690.0264,3670.0000,2979.1218
2020-03-19,34,631.0000,772.0958,942.8228,1129.4996,1292.0000,1450.0000,1530.6287,1597.0275,1617.9448,1942.7210,1656.5652
2020-03-19,34,688.0000,810.7074,964.8858,1133.3060,1298.5596,1460.3223,1540.7014,1596.7219,1626.0000,1937.0000,1650.3294
2020-03-21,34,-9999.0000,-9999.0000,-9999.0000,-9999.0000,-9999.0000,-9999.0000,-9999.0000,-9999.0000,-9999.0000,-9999.0000,-9999.0000
2020-03-24,34,672.0000,826.4206,904.0951,1028.7639,1104.4575,1173.0000,1232.0000,1318.1232,1271.0000,1430.4988,1390.9479
2020-03-24,34,604.0000,791.0000,889.3051,1041.1694,1112.4644,1174.0000,1228.0000,1312.4713,1256.4892,1448.0000,1397.3234
2020-03-29,34,-9999.0000,-9999.0000,-9999.0000,-9999.0000,-9999.0000,-9999.0000,-9999.0000,-9999.0000,-9999.0000,-9999.0000,-9999.0000
2020-03-29,34,-9999.0000,-9999.0000,-9999.0000,-9999.0000,-9999.0000,-9999.0000,-9999.0000,-9999.0000,-9999.0000,-9999.0000,-9999.0000
2020-03-31,34,1102.0000,1433.0449,1683.2446,1970.3234,2099.1496,2197.5372,2287.0000,2508.8667,2381.0000,2909.0604,2758.7245
2020-03-31,34,1089.0000,1457.9005,1697.2104,1981.0699,2111.0000,2192.9596,2284.0000,2512.7531,2372.7220,2908.5968,2746.0496
2020-04-03,34,1030.5096,1289.4562,1520.8435,1778.4222,1990.0000,2066.0000,2186.2126,2308.0000,2290.0000,2861.0000,2808.0000
2020-04-03,34,1049.0000,1317.4939,1544.7269,1787.2071,1991.0000,2083.0000,2199.0000,2314.0000,2294.5182,2857.5532,2795.0000
2020-04-05,34,1261.0000,1490.0000,1810.1470,2113.7231,2300.3063,2410.0000,2488.0000,2674.0000,2617.0000,3195.0000,3003.0000
2020-04-05,34,1283.0000,1488.0332,1794.0530,2092.6224,2276.0000,2374.9960,2468.4941,2669.0959,2628.0126,3185.4578,2986.0000
2020-04-08,34,1044.0000,1307.8091,1626.4877,1889.3288,2044.0000,2201.0000,2309.0000,2518.5302,2424.3481,2893.0000,2643.3610
2020-04-08,34,1097.0000,1323.0523,1618.6969,1883.7404,2021.0000,2197.0000,2299.0000,2508.8762,2393.0378,2835.9965,2634.8850
2020-04-10,34,1232.0000,1594.3208,1922.0910,2210.5061,2427.7952,2536.4145,2644.0000,2820.0000,2770.0000,3382.0000,3277.0000
2020-04-10,34,1246.0000,1577.9987,1890.2444,2178.0501,2403.9861,2491.0000,2622.0000,2788.5109,2730.0000,3382.0000,3240.7877
2020-04-13,34,1141.6194,1474.2719,1756.0102,2035.3333,2276.9666,2402.0000,2525.0000,2643.0000,2636.0000,3115.0000,2974.0000
2020-04-13,34,1180.0000,1490.8839,1746.9980,2012.5303,2238.0000,2395.0000,2513.9157,2621.2917,2612.0000,3094.0000,2994.0000
2020-04-15,34,1335.0000,1594.0000,1955.6973,2259.2068,2420.2331,2561.0000,2682.9216,2852.2912,2793.0000,3285.2649,3043.2855
2020-04-15,34,1341.0000,1594.6458,1931.4164,2220.8009,2396.4521,2547.0000,2648.0000,2829.5248,2756.0000,3261.0000,3024.0000
2020-04-18,34,1200.0000,1449.0314,1736.8637,1962.5604,2161.4644,2348.5302,2453.9641,2509.6929,2550.0348,2794.0000,2531.4009
2020-04-18,34,1246.0000,1472.0000,1744.6667,1955.4484,2153.0123,2337.0000,2448.0000,2504.0000,2545.3720,2794.0056,2525.6805
2020-04-23,34,1155.0000,1499.0253,1836.0000,2188.9110,2433.0000,2598.0000,2725.3801,2891.7445,2838.0000,3433.0000,3303.9346
2020-04-23,34,1188.5828,1490.6020,1803.2612,2120.0000,2376.0000,2561.0000,2678.0000,2866.4146,2786.0000,3370.3402,3315.7610
2020-04-25,34,1510.9931,1746.8196,2090.6027,2381.0592,2676.0000,2897.0000,3024.0000,3108.9639,3168.0000,3620.0000,3391.0000
2020-04-25,34,1528.0000,1739.7229,2074.6765,2336.0000,2631.0000,2886.0000,2982.0000,3083.8230,3116.0000,3596.0000,3385.9830
2020-04-30,34,-9999.0000,-9999.0000,-9999.0000,-9999.0000,-9999.0000,-9999.0000,-9999.0000,-9999.0000,-9999.0000,-9999.0000,-9999.0000
2020-04-30,34,-9999.0000,-9999.0000,-9999.0000,-9999.0000,-9999.0000,-9999.0000,-9999.0000,-9999.0000,-9999.0000,-9999.0000,-9999.0000
2020-05-03,34,922.0000,1226.4080,1532.5790,1892.2076,2066.9982,2211.0000,2357.7587,2500.4207,2489.2539,3000.5922,2750.6901
2020-05-03,34,932.0000,1234.6151,1540.6225,1879.3557,2058.8364,2195.5465,2357.3352,2490.0198,2475.1971,3016.7368,2772.0000
2020-05-08,34,1274.0000,1589.9797,1980.2118,2343.3833,2548.0391,2664.1853,2780.1775,2874.7745,2889.5985,3445.4429,3176.0340
2020-05-08,34,1205.0000,1521.8817,1891.2775,2214.4934,2413.1635,2583.0000,2709.0070,2795.6218,2811.4629,3351.0000,3129.2010
2020-05-10,34,1346.0087,1699.0116,1848.0000,1960.0497,2167.0258,2279.2983,2457.5770,2423.8690,2423.9721,2486.7989,2113.6966
2020-05-10,34,1377.0000,2012.0000,2254.0000,2450.0000,2756.0000,3021.0000,3393.0000,3474.0000,3418.0000,3511.0000,3181.0000
2020-05-15,34,1158.0000,1268.5510,1547.4355,1802.3946,2066.5012,2267.2719,2404.0000,2410.7630,2548.2873,2898.0000,2401.0000
2020-05-15,34,1182.0000,1301.1611,1562.8855,1818.4519,2064.4915,2265.9846,2420.1675,2409.4648,2531.4132,2958.0000,2410.0753
2020-05-23,34,1919.0000,2282.4000,2690.0000,2981.3712,3330.9334,3561.2762,3789.6207,3784.7261,3927.0000,4324.2852,4115.8247
2020-05-25,34,1937.0000,2279.4168,2789.8334,3254.2938,3605.9068,3800.0000,3924.0000,4046.0000,4068.0000,4808.7842,4435.4856
2020-05-25,34,1913.0000,2361.0919,2870.2033,3339.1997,3683.2877,3873.3342,3977.0000,4108.0000,4135.0000,4850.2726,4450.8080
2020-05-28,34,-9999.0000,-9999.0000,-9999.0000,-9999.0000,-9999.0000,-9999.0000,-9999.0000,-9999.0000,-9999.0000,-9999.0000,-9999.0000
2020-05-28,34,-9999.0000,-9999.0000,-9999.0000,-9999.0000,-9999.0000,-9999.0000,-9999.0000,-9999.0000,-9999.0000,-9999.0000,-9999.0000
2020-05-30,34,2001.0000,2485.1527,2983.4931,3397.5759,3764.2540,3946.2787,4117.9190,4232.0000,4225.6981,4922.0000,4675.2115
2020-05-30,34,1873.0000,2437.7985,2916.4368,3320.5683,3689.9582,3888.0000,4065.5570,4168.0000,4158.0000,4866.0532,4662.1882
2020-06-02,34,1652.0000,2073.9816,2587.4416,2980.8615,3352.3589,3570.2146,3770.0000,3833.7531,3895.0000,4535.6451,4308.6360
2020-06-02,34,1499.0000,1997.3275,2491.3343,2853.8304,3204.6478,3489.0000,3674.0000,3732.0000,3805.5839,4453.0558,4278.7958
2020-06-04,34,-9999.0000,-9999.0000,-9999.0000,-9999.0000,-9999.0000,-9999.0000,-9999.0000,-9999.0000,-9999.0000,-9999.0000,-9999.0000
2020-06-04,34,-9999.0000,-9999.0000,-9999.0000,-9999.0000,-9999.0000,-9999.0000,-9999.0000,-9999.0000,-9999.0000,-9999.0000,-9999.0000
2020-06-07,34,-9999.0000,-9999.0000,-9999.0000,-9999.0000,-9999.0000,-9999.0000,-9999.0000,-9999.0000,-9999.0000,-9999.0000,-9999.0000
2020-06-07,34,-9999.0000,-9999.0000,-9999.0000,-9999.0000,-9999.0000,-9999.0000,-9999.0000,-9999.0000,-9999.0000,-9999.0000,-9999.0000
2020-06-12,34,836.0000,1080.0000,1404.7470,1593.2872,1899.6047,2369.0000,2547.8335,2598.0078,2658.0000,2651.5522,2093.0000
2020-06-12,34,842.0000,1090.8169,1411.7331,1595.4870,1899.7920,2361.0000,2564.2919,2587.0108,2666.9324,2658.5747,2070.0000
2020-06-14,34,1319.0000,1530.7591,1975.4170,2105.6507,2645.0000,3354.0000,3614.9530,3564.0000,3748.8589,3685.0000,3087.0000
2020-06-14,34,1380.1368,1591.8716,2026.7691,2184.5085,2705.9295,3416.0000,3657.0000,3644.0000,3811.0000,3816.0000,3114.0000
2020-06-17,34,981.0000,1212.9241,1670.5277,1747.7464,2256.0000,3160.0000,3530.0338,3426.0000,3681.2726,3410.0000,2630.0000
2020-06-17,34,1028.0000,1219.0000,1664.7264,1738.1940,2251.0000,3124.3105,3467.8561,3450.1786,3636.3280,3431.5739,2676.0000
2020-06-19,34,1061.0000,1298.1233,1705.1411,1733.6330,2135.1057,3227.0000,3692.9889,3739.9920,3787.5354,3271.0000,2486.0000
2020-06-19,34,1016.0000,1297.8855,1688.7384,1731.3602,2233.0000,3240.0000,3697.6421,3710.0000,3813.0000,3281.0000,2515.0000
2020-06-22,34,784.4694,1044.0000,1374.0000,1434.0000,1862.0000,2886.0000,3408.0000,3450.3469,3539.0000,2833.0142,2299.0000
2020-06-22,34,843.2736,1030.0000,1384.8140,1419.2207,1867.0000,2856.0000,3390.0000,3428.7833,3570.0000,2904.9834,2330.0000
2020-06-24,34,-9999.0000,-9999.0000,-9999.0000,-9999.0000,-9999.0000,-9999.0000,-9999.0000,-9999.0000,-9999.0000,-9999.0000,-9999.0000
2020-06-27,34,915.0000,1093.5628,1525.7474,1572.4000,2039.0000,3583.0000,4270.1074,4224.8571,4413.0000,3224.7466,2292.0000
2020-06-27,34,917.0000,1123.7053,1528.7160,1561.1316,2198.0000,3458.8359,4142.0000,4093.5483,4300.0000,3336.0000,2536.0000
2020-06-29,34,935.0000,1115.5954,1445.9882,1396.0000,1755.0000,3652.0252,4610.8842,4562.3814,4722.0000,3162.0000,2191.0000
2020-06-29,34,892.0000,1106.0000,1449.8874,1335.0297,2008.0000,3573.0000,4494.7685,4420.0000,4588.0000,3157.1004,2277.0000
2020-07-02,34,-9999.0000,-9999.0000,-9999.0000,-9999.0000,-9999.0000,-9999.0000,-9999.0000,-9999.0000,-9999.0000,-9999.0000,-9999.0000
2020-07-02,34,-9999.0000,-9999.0000,-9999.0000,-9999.0000,-9999.0000,-9999.0000,-9999.0000,-9999.0000,-9999.0000,-9999.0000,-9999.0000
2020-07-04,34,914.0000,931.6667,1146.6817,987.3322,1433.0000,2984.6736,3661.0000,3659.3042,3746.7077,2215.0000,1526.0000
2020-07-04,34,1045.0000,1032.0000,1216.8140,1050.0000,1413.6019,2825.3176,3476.8214,3437.2613,3591.0000,2177.0000,1547.0000
2020-07-07,34,400.0000,438.9756,699.2063,612.6004,1036.3314,2837.5470,3694.0000,3915.6197,3834.3688,2058.8976,1289.7154
2020-07-07,34,462.0000,475.7448,721.8000,636.4602,1020.3591,2824.6458,3657.0000,3883.5509,3812.0000,2059.0776,1298.1013
2020-07-09,34,517.0000,619.0000,891.5627,757.0000,1301.0000,3318.0000,4488.3721,4498.1145,4638.0000,2474.0000,1562.0000
2020-07-09,34,645.0000,674.9678,917.1293,770.7069,1254.8983,3183.0000,4315.0000,4308.0000,4434.0000,2441.0000,1594.0000
2020-07-12,34,333.0000,413.9706,645.9012,532.0000,930.0000,2763.0000,3860.6784,3986.7179,3994.2411,1957.0000,1235.0000
2020-07-12,34,409.0000,444.0000,650.5050,540.4932,959.0000,2734.2639,3827.0000,3979.9808,3970.4035,1957.0000,1232.0000
2020-07-14,34,600.0000,577.1639,844.7381,700.4802,1229.1773,3342.0000,4400.4724,4531.6678,4596.0000,2324.0000,1430.0000
2020-07-14,34,588.0000,588.0009,842.8403,717.0000,1145.1902,3328.6549,4420.9680,4530.6579,4602.9680,2336.0000,1403.0000
2020-07-17,34,348.0000,340.9097,593.8995,492.4029,973.5527,3029.0000,4186.0000,4253.7838,4378.1450,2021.0000,1196.7871
2020-07-17,34,418.0000,406.3365,621.1034,515.6391,959.0000,2952.0000,4097.0000,4155.1179,4277.0000,1997.0000,1133.0000
2020-07-19,34,306.0000,330.9948,547.0000,401.0000,879.0000,2959.0000,4244.0000,4321.0470,4377.0000,1997.2710,1114.3667
2020-07-19,34,401.0000,411.0000,619.8025,458.1108,900.7987,2881.0000,4090.4465,4184.0000,4255.0000,1956.0000,1122.8474
2020-07-22,34,-9999.0000,-9999.0000,-9999.0000,-9999.0000,-9999.0000,-9999.0000,-9999.0000,-9999.0000,-9999.0000,-9999.0000,-9999.0000
2020-07-22,34,-9999.0000,-9999.0000,-9999.0000,-9999.0000,-9999.0000,-9999.0000,-9999.0000,-9999.0000,-9999.0000,-9999.0000,-9999.0000
2020-07-27,34,396.0000,380.0000,565.7764,425.2172,821.0793,2648.0000,3821.0000,3792.3274,4046.2744,1742.0000,947.5612
2020-07-27,34,473.0000,426.7445,600.8699,448.9622,828.3032,2626.5057,3781.0000,3741.4925,4005.4722,1751.0000,960.0000
2020-07-29,34,531.0000,560.9342,706.0000,513.1601,938.4307,2681.0959,3981.8148,3946.0000,4201.1183,1858.0000,1055.0000
2020-07-29,34,612.0000,625.0000,750.0000,550.0000,944.0000,2618.0226,3899.0000,3846.0000,4084.5505,1870.0000,1054.0000
2020-08-01,34,358.0000,414.7910,567.0000,418.7226,793.1524,2499.0000,3776.9726,3730.0649,4001.2674,1743.0000,995.0000
2020-08-01,34,468.0000,477.0228,613.7463,461.0000,828.0000,2457.3896,3697.4209,3637.6869,3916.5617,1700.5050,973.6426
2020-08-06,34,210.0000,219.0000,409.5021,277.0104,669.4695,2543.0000,3733.0703,3685.8747,3966.0000,1610.0000,805.4370
2020-08-06,34,262.0000,260.2269,438.7847,297.4937,693.7229,2521.0000,3701.9756,3670.0000,3946.3597,1602.0000,801.6862
2020-08-08,34,266.0000,320.7863,502.0000,346.3459,732.0000,2538.2035,3836.0000,3925.6376,4049.0178,1757.5637,912.0000
2020-08-08,34,390.0000,412.0239,566.3257,393.5704,764.8203,2457.0000,3691.0000,3793.0574,3922.0000,1754.8420,940.6068
2020-08-11,34,550.0000,632.4609,746.4009,554.0000,877.7227,2307.0000,3497.1265,3417.6699,3821.0000,1597.0000,894.0000
2020-08-11,34,399.0000,524.1294,678.0000,485.6063,833.0304,2425.0000,3698.3692,3608.0873,4028.0000,1658.0280,905.0000
2020-08-13,34,271.0000,265.8389,517.0223,373.3041,795.0000,2820.2885,4015.0000,3992.8599,4305.0000,1870.0000,966.0382
2020-08-13,34,460.0000,414.4438,624.1707,450.2301,840.0000,2726.0000,3838.0420,3817.4457,4104.0000,1853.9340,950.0000
2020-08-16,34,278.0000,288.2203,492.2232,374.5693,766.0000,2493.7524,3585.6364,3565.2645,3842.0000,1715.0000,904.3924
2020-08-16,34,347.0000,339.0000,524.2042,396.1373,773.0807,2455.0000,3538.0000,3540.3680,3808.4956,1709.8047,915.0000
2020-08-21,34,356.0000,411.0000,578.0633,414.3617,784.0000,2277.8015,3369.8664,3357.0151,3602.0000,1660.8514,911.0000
2020-08-21,34,379.0000,418.3395,576.7510,408.6833,768.7040,2318.1902,3393.2448,3382.0000,3634.0602,1674.5728,925.0000
2020-08-23,34,406.0000,408.6702,648.2596,486.0000,934.3557,2777.6044,3734.0000,3741.3227,4028.0986,1998.3157,1058.0000
2020-08-23,34,507.0000,482.0000,696.0000,516.4270,940.0000,2737.3356,3648.4548,3648.0000,3953.0049,1972.7812,1052.8198
2020-08-26,34,660.0000,660.6822,860.7743,718.6761,1136.0000,2684.0000,3590.0000,3604.7617,3874.0000,1880.0000,1094.6340
2020-08-26,34,650.0000,650.4269,854.6551,708.2684,1117.3932,2721.4913,3655.0000,3660.7898,3929.2236,1885.9064,1086.5000
2020-08-28,34,248.0000,372.2696,627.0986,481.9189,941.0863,2607.0000,3698.8576,3718.0000,3995.0000,2004.0000,1109.2229
2020-08-28,34,450.0000,518.8543,708.9088,557.1655,985.6089,2465.0000,3526.0000,3532.0000,3791.0000,1988.0000,1115.0000
2020-09-02,34,-9999.0000,-9999.0000,-9999.0000,-9999.0000,-9999.0000,-9999.0000,-9999.0000,-9999.0000,-9999.0000,-9999.0000,-9999.0000
2020-09-02,34,-9999.0000,-9999.0000,-9999.0000,-9999.0000,-9999.0000,-9999.0000,-9999.0000,-9999.0000,-9999.0000,-9999.0000,-9999.0000
2020-09-05,34,335.0000,356.0000,534.5786,416.4247,789.2983,2113.0000,2745.5340,2786.3001,2986.1829,1555.0000,821.0000
2020-09-05,34,411.0000,410.0000,564.8127,434.8003,798.2711,2085.5039,2730.2236,2754.9023,2942.0000,1521.5402,808.5802
2020-09-07,34,-9999.0000,-9999.0000,-9999.0000,-9999.0000,-9999.0000,-9999.0000,-9999.0000,-9999.0000,-9999.0000,-9999.0000,-9999.0000
2020-09-07,34,-9999.0000,-9999.0000,-9999.0000,-9999.0000,-9999.0000,-9999.0000,-9999.0000,-9999.0000,-9999.0000,-9999.0000,-9999.0000
2020-09-10,34,838.0000,934.7178,1048.0000,898.8102,1268.0000,2274.0000,2830.0000,2813.4817,3035.0000,1782.0000,1201.2598
2020-09-10,34,993.0000,1050.0000,1124.0000,948.2872,1276.5005,2220.0000,2757.7938,2740.8642,2944.0000,1740.0000,1169.3026
2020-09-12,34,416.0000,410.7996,625.0000,521.2010,934.1127,2254.0000,2781.7659,2859.5943,3093.0000,1933.0000,1125.1846
2020-09-12,34,431.0000,418.6013,624.7468,520.9237,918.5959,2245.4404,2816.5414,2877.5296,3101.6694,1916.9103,1106.3683
2020-09-15,34,357.0000,396.2584,597.9880,549.0404,958.7243,2074.3202,2644.5466,2706.4866,2924.4639,1954.2798,1128.4781
2020-09-15,34,397.0000,418.6108,609.2039,550.1699,937.0629,2083.0000,2641.5962,2699.9044,2948.0000,1922.0000,1108.0000
2020-09-17,34,617.0000,665.1271,849.1602,819.1453,1210.4691,2217.0000,2757.7979,2873.1409,3098.0000,2291.0000,1461.0977
2020-09-17,34,700.0000,725.9377,885.5236,837.6952,1208.2843,2193.0000,2710.9339,2820.8736,3033.0000,2258.9606,1468.7076
2020-09-20,34,378.0000,515.3889,688.8970,717.2353,1066.8285,1889.4639,2361.7912,2435.1559,2715.0000,2082.0000,1339.4457
2020-09-20,34,433.0000,550.1956,709.9397,725.5783,1083.0000,1882.0000,2324.0242,2425.2432,2684.0000,2076.9856,1341.0000
2020-09-25,34,397.0000,537.0000,685.6934,713.0732,1017.6117,1561.4927,1821.0000,1907.2353,2074.2595,1900.4149,1180.4838
2020-09-25,34,462.0000,590.6199,729.6544,737.3141,1046.7425,1601.4765,1845.0243,1938.7992,2105.7619,1893.0000,1186.4871
2020-09-30,34,461.0000,560.1727,652.4876,634.0584,888.5680,1305.0000,1503.0000,1539.7693,1643.3730,1586.0000,1141.4912
2020-09-30,34,524.0000,602.0000,681.0000,650.5664,890.0000,1309.2473,1498.6672,1550.0000,1643.1981,1580.0000,1132.2504
2020-10-07,34,271.0000,420.6034,528.1975,621.5134,873.0000,1213.0000,1405.0072,1530.5364,1569.1217,1848.4161,1333.0998
2020-10-07,34,285.0000,426.0000,532.3465,622.2926,882.5676,1227.8671,1404.4269,1530.6478,1570.0221,1847.0000,1321.2676
2020-10-10,34,807.0000,890.0000,924.0000,862.7608,1071.0000,1333.1328,1484.2755,1498.6737,1563.3341,1593.0000,1205.4883
2020-10-10,34,759.0000,849.0000,899.0000,838.4608,1075.0000,1357.3829,1498.4251,1507.1752,1594.0675,1611.0000,1217.3651
2020-10-12,34,313.0000,374.4343,512.3656,606.1293,832.6921,1132.7103,1285.0278,1410.4433,1458.9438,1763.0000,1244.2148
2020-10-12,34,338.0000,390.1156,522.5927,612.3938,844.5734,1148.0000,1284.2252,1395.2854,1465.0000,1760.4227,1245.7148
2020-10-20,34,1282.0000,1516.0000,1688.7530,1908.8761,2250.3043,2506.0000,2703.0000,2850.2500,2929.9355,3131.7173,2419.7359
2020-10-22,34,-9999.0000,-9999.0000,-9999.0000,-9999.0000,-9999.0000,-9999.0000,-9999.0000,-9999.0000,-9999.0000,-9999.0000,-9999.0000
2020-10-25,34,600.0000,916.0248,1240.0000,1652.6094,1964.3946,2134.4490,2301.0493,2401.2913,2557.9698,3187.1992,2403.5764
2020-10-25,34,675.0000,961.7505,1252.0000,1626.6345,1953.9966,2122.2569,2281.8478,2384.3475,2529.7579,3163.5760,2378.6584
2020-10-30,34,-9999.0000,-9999.0000,-9999.0000,-9999.0000,-9999.0000,-9999.0000,-9999.0000,-9999.0000,-9999.0000,-9999.0000,-9999.0000
2020-11-04,34,777.0000,985.0971,1220.7715,1523.7985,1833.7263,1996.0000,2153.7582,2188.8059,2380.0000,3271.0000,2596.1183
2020-11-04,34,835.0000,1032.8787,1249.9731,1538.8520,1837.8686,2017.3694,2170.0000,2205.2607,2394.9312,3244.8839,2587.6350
2020-11-06,34,337.0000,769.8733,1052.5301,1508.9395,1826.7416,1956.5539,2132.6506,2315.9931,2402.1892,3514.9625,2868.4514
2020-11-06,34,576.0000,916.9032,1125.5527,1474.7165,1756.9825,1893.2634,2066.1086,2234.5551,2310.0000,3396.9940,2794.9729
2020-11-09,34,609.0000,929.9815,1157.7030,1531.4471,1797.0000,1938.0004,2125.3910,2293.2476,2405.1487,3137.1722,2582.1003
2020-11-09,34,626.0000,954.2132,1169.8271,1531.5988,1809.7561,1949.5718,2133.0000,2292.3778,2398.5247,3139.4284,2571.7470
2020-11-11,34,507.0000,797.3178,1145.1955,1635.0830,1937.0098,2102.2559,2280.5987,2498.7302,2581.5090,3536.5862,2724.0563
2020-11-11,34,721.0000,933.3101,1204.6210,1604.2057,1873.2683,2033.9240,2201.9919,2402.6412,2484.6257,3419.9390,2683.1892
2020-11-19,34,478.0000,830.0614,1089.0991,1467.4179,1699.0000,1836.9890,2014.0000,2225.0000,2280.9596,2964.8811,2386.7600
2020-11-19,34,479.0000,838.0888,1092.6164,1467.0930,1702.1786,1845.9175,2021.4730,2228.0109,2297.8814,2971.5348,2394.7222
2020-11-21,34,465.0000,745.3301,1089.2609,1571.1920,1842.9117,2028.4921,2189.6639,2545.5924,2501.6103,3468.9094,2681.9429
2020-11-21,34,652.0000,881.1566,1152.7111,1553.9778,1785.0970,1970.0000,2122.1580,2465.1607,2422.0486,3356.3419,2636.5464
2020-11-24,34,675.0000,908.6376,1156.0000,1531.0694,1793.3900,1926.0010,2085.0637,2274.4421,2360.0791,3266.9941,2556.3365
2020-11-24,34,601.0000,865.1888,1136.8839,1529.8159,1789.0000,1936.7243,2102.2021,2315.4639,2399.0000,3307.4614,2570.6674
2020-11-26,34,577.0000,1001.3188,1237.0005,1716.0095,2028.2754,2150.0000,2328.7843,2587.4808,2608.8665,3466.0000,2709.0686
2020-11-26,34,754.0000,1113.5568,1297.4051,1692.0682,1970.0000,2085.0000,2265.2671,2497.0201,2515.0887,3396.0000,2660.0000
2020-11-29,34,546.0000,894.0268,1140.9920,1570.9889,1817.7653,1936.4249,2114.0249,2354.5265,2405.5839,3444.7948,2852.5067
2020-11-29,34,496.0000,861.4606,1124.8603,1571.0976,1823.0000,1949.3870,2136.0000,2362.5746,2452.5020,3485.5730,2881.9321
2020-12-01,34,-9999.0000,-9999.0000,-9999.0000,-9999.0000,-9999.0000,-9999.0000,-9999.0000,-9999.0000,-9999.0000,-9999.0000,-9999.0000
2020-12-01,34,27.0000,90.0000,100.0000,89.0000,114.0000,181.0000,181.0000,163.0000,261.0000,144.0000,86.0000
2020-12-19,34,643.0000,976.4674,1169.7586,1501.0639,1737.2446,1807.0000,1962.1874,2097.6883,2173.9502,2659.0000,2178.2193
2020-12-19,34,629.0000,972.3953,1173.0013,1505.2841,1741.0000,1832.2480,1989.4453,2110.0000,2193.6996,2681.2738,2222.3942
2020-12-26,34,-9999.0000,-9999.0000,-9999.0000,-9999.0000,-9999.0000,-9999.0000,-9999.0000,-9999.0000,-9999.0000,-9999.0000,-9999.0000
2020-12-26,34,-9999.0000,-9999.0000,-9999.0000,-9999.0000,-9999.0000,-9999.0000,-9999.0000,-9999.0000,-9999.0000,-9999.0000,-9999.0000
2020-12-31,34,403.0000,596.3333,843.0000,1261.5031,1548.9113,1703.0000,1858.5271,2085.0146,2160.6847,1767.0000,1046.6204
2020-12-31,34,417.0000,601.1071,845.7028,1264.0000,1546.3947,1709.4919,1857.3936,2098.0000,2169.6998,1770.9962,1044.0000
2021-01-03,34,346.0000,550.2852,790.4373,1140.9030,1386.0794,1517.0000,1656.0000,1813.4880,1881.4773,1452.0000,855.0000
2021-01-03,34,448.0000,622.5790,830.2123,1161.0959,1421.9735,1529.0000,1665.0000,1812.9589,1889.6517,1450.4968,854.4444
2021-01-08,34,336.5856,678.6249,869.8047,1198.0000,1410.3241,1509.2462,1653.3449,1849.0290,1857.3899,1761.7838,1321.1338
2021-01-08,34,396.0000,704.7179,889.7056,1200.6480,1422.2240,1530.4015,1662.1902,1852.8576,1873.4046,1763.0000,1327.0000
2021-01-13,34,482.0000,724.8471,965.3724,1337.7493,1541.0604,1674.0000,1789.0000,2029.6878,2033.4880,2388.5492,1734.6093
2021-01-13,34,523.0000,749.5747,981.4733,1331.7792,1548.0000,1681.3084,1793.0000,2032.0000,2040.4758,2384.8921,1742.0000
2021-01-18,34,-9999.0000,-9999.0000,-9999.0000,-9999.0000,-9999.0000,-9999.0000,-9999.0000,-9999.0000,-9999.0000,-9999.0000,-9999.0000
2021-02-09,34,-9999.0000,-9999.0000,-9999.0000,-9999.0000,-9999.0000,-9999.0000,-9999.0000,-9999.0000,-9999.0000,-9999.0000,-9999.0000
2021-02-14,34,474.0000,828.2881,1064.7032,1506.8895,1726.0000,1876.0000,2034.4332,2392.4019,2303.0000,2970.7195,2332.1491
2021-02-14,34,622.0000,925.3628,1112.7456,1488.8304,1691.0000,1845.8235,1989.9664,2324.5873,2249.8217,2932.0446,2298.1354
2021-02-17,34,1123.0000,1290.0000,1368.0000,1585.0953,1803.0000,1896.9328,2028.0000,2161.5334,2196.6937,2814.0000,2320.8505
2021-02-17,34,1140.0000,1290.0000,1372.0000,1581.4155,1800.5843,1905.0000,2038.0000,2180.9271,2209.0000,2812.0000,2311.0000
2021-02-22,34,-9999.0000,-9999.0000,-9999.0000,-9999.0000,-9999.0000,-9999.0000,-9999.0000,-9999.0000,-9999.0000,-9999.0000,-9999.0000
2021-02-24,34,567.0000,854.8507,1058.0000,1232.0000,1365.0000,1420.0000,1514.0000,1613.5652,1588.1368,1885.0000,1596.9514
2021-02-24,34,597.0000,870.7921,1064.0000,1234.0000,1359.0000,1416.6350,1506.9125,1605.2318,1573.4194,1876.1217,1592.0000
2021-02-27,34,664.0000,962.8044,1184.0000,1360.8260,1498.5718,1536.0000,1634.0000,1690.2009,1684.5095,1994.4939,1850.0000
2021-02-27,34,712.0000,990.5930,1204.0000,1373.0454,1508.2612,1566.0000,1642.8438,1704.7646,1711.0000,1998.4442,1855.0000
2021-03-01,34,784.0000,1056.2470,1371.5290,1667.9078,1765.7497,1845.9896,1893.0000,2113.7565,2016.0415,2524.5552,2282.5105
2021-03-01,34,815.0000,1073.2584,1370.5063,1667.0377,1769.0000,1844.0000,1892.4988,2105.3162,2009.0000,2520.0000,2258.5096
2021-03-04,34,1288.6003,1417.0224,1581.9527,1720.8255,1858.0339,1927.0000,1997.0000,2098.0000,2074.3134,2355.0000,2064.0832
2021-03-04,34,1394.0000,1498.0000,1632.0000,1736.6367,1868.3499,1946.0000,2018.0000,2118.0000,2090.0000,2348.0000,2046.1630
2021-03-06,34,820.0000,1216.9240,1484.5537,1770.1007,1876.0000,1928.0000,2008.3525,2232.0000,2088.0000,2657.2954,2473.7110
2021-03-06,34,874.0000,1244.7494,1485.1840,1763.6898,1868.3643,1912.2436,1995.0000,2210.0000,2082.7623,2643.0000,2471.0000
2021-03-09,34,940.0000,1193.3861,1376.5011,1577.5500,1713.4503,1786.3989,1859.0000,1998.0000,1935.0000,2330.1545,2229.0000
2021-03-09,34,912.0000,1189.0625,1393.7099,1605.4256,1737.5215,1804.9582,1880.0000,2030.0000,1966.9571,2366.9856,2239.0000
2021-03-16,34,655.0000,941.0078,1154.0000,1508.0000,1661.7727,1793.0000,1940.1650,2164.0000,2079.0000,2556.0000,2330.9781
2021-03-16,34,720.0000,964.2525,1177.4286,1498.0000,1658.0000,1773.0000,1958.0000,2150.0000,2048.0000,2520.6756,2316.3003
2021-03-19,34,658.0000,905.4425,1093.1028,1389.5431,1533.7533,1608.3936,1714.4235,1864.3139,1812.6844,2334.2904,2173.5384
2021-03-19,34,704.0000,933.5814,1112.0000,1393.0244,1532.7150,1610.0000,1706.0000,1858.0000,1810.0000,2324.3340,2185.8321
2021-03-21,34,-9999.0000,-9999.0000,-9999.0000,-9999.0000,-9999.0000,-9999.0000,-9999.0000,-9999.0000,-9999.0000,-9999.0000,-9999.0000
2021-03-21,34,-9999.0000,-9999.0000,-9999.0000,-9999.0000,-9999.0000,-9999.0000,-9999.0000,-9999.0000,-9999.0000,-9999.0000,-9999.0000
2021-03-24,34,1028.0000,1314.7184,1642.6738,1994.6059,2155.9931,2209.5917,2289.0968,2436.6763,2402.3350,3029.5661,2766.0117
2021-03-24,34,1039.0000,1347.0556,1658.7810,1994.4388,2164.4475,2211.0000,2278.0511,2445.3427,2401.0357,3019.4006,2756.3480
2021-03-26,34,1274.0000,1588.6306,1852.8000,2155.0000,2362.1871,2423.0000,2534.2819,2677.0395,2633.7884,3358.2054,3201.0896
2021-03-26,34,1272.0000,1598.0000,1841.5573,2122.9821,2342.0049,2405.3767,2521.4178,2648.0000,2610.0000,3339.7992,3205.0093
2021-03-29,34,1189.0000,1461.0537,1704.3315,1955.3772,2145.1426,2218.6284,2322.0000,2408.5174,2426.9960,2992.4981,2892.8579
2021-03-29,34,1186.0000,1501.6908,1748.0000,1994.3868,2198.0758,2267.0000,2372.4401,2452.0000,2474.2355,3026.0399,2897.5972
2021-03-31,34,1311.0000,1586.4805,1938.5416,2266.5198,2482.0000,2548.1449,2616.0058,2733.4299,2725.0995,3401.0000,3138.0000
2021-03-31,34,1290.0048,1555.5179,1864.9735,2177.3038,2378.0207,2461.5633,2538.7857,2652.6407,2648.8517,3340.6649,3108.8704
2021-04-03,34,1120.0000,1357.7026,1650.7881,1954.8346,2123.6650,2215.0000,2308.9088,2434.0000,2419.0000,2979.0361,2737.3715
2021-04-03,34,1133.0000,1382.0000,1657.8029,1939.3215,2123.3260,2208.6265,2293.0000,2424.8957,2404.3617,2969.5304,2737.3739
2021-04-05,34,1291.0000,1650.4908,1954.0335,2268.2838,2459.9516,2536.8195,2648.0000,2813.2076,2732.9872,3392.0000,3258.6161
2021-04-05,34,1277.0000,1668.0604,1962.4632,2275.6314,2469.0658,2533.0647,2648.7333,2818.0000,2742.0939,3409.4322,3258.0439
2021-04-08,34,1104.6060,1442.4507,1722.3175,2050.6989,2195.6271,2301.8160,2394.0000,2614.0000,2520.4842,3066.2740,2965.5157
2021-04-08,34,1122.0000,1458.3976,1731.1189,2044.7687,2189.0000,2286.0000,2384.0000,2610.0000,2499.0000,3069.8125,2971.6352
2021-04-10,34,1504.0000,1771.6159,2113.8152,2474.4649,2673.1449,2756.0000,2834.4712,2980.0000,2946.3805,3534.5495,3240.8523
2021-04-10,34,1459.0000,1723.9137,2051.8933,2378.8220,2586.2377,2689.0000,2756.0000,2912.0000,2870.5032,3499.3578,3226.3367
2021-04-15,34,983.0000,1104.0000,1230.0000,1432.7316,1630.0000,1772.0000,1881.0000,1993.0719,1961.0000,2014.4169,1610.4920
2021-04-15,34,1012.0000,1122.0000,1246.0000,1448.4188,1638.0000,1775.0000,1882.0000,2004.0000,1961.0000,2016.0000,1610.0103
2021-04-20,34,-9999.0000,-9999.0000,-9999.0000,-9999.0000,-9999.0000,-9999.0000,-9999.0000,-9999.0000,-9999.0000,-9999.0000,-9999.0000
2021-04-20,34,-9999.0000,-9999.0000,-9999.0000,-9999.0000,-9999.0000,-9999.0000,-9999.0000,-9999.0000,-9999.0000,-9999.0000,-9999.0000
2021-04-23,34,1183.0000,1570.0788,1955.2153,2293.7921,2513.9119,2642.0000,2754.2760,2898.5881,2892.0000,3382.0000,2984.0000
2021-04-23,34,1212.0000,1523.9901,1882.2311,2198.1970,2418.6473,2554.0000,2654.3470,2813.2745,2789.0000,3314.0000,2967.0000
2021-04-25,34,1450.0000,1841.5077,2242.3226,2582.3877,2876.9883,2990.0000,3153.0000,3300.0000,3256.0000,3971.0000,3736.1451
2021-04-25,34,1412.0000,1778.5357,2139.2000,2451.8542,2754.4444,2909.0000,3069.0419,3196.5848,3193.0000,3922.2880,3700.0000
2021-04-28,34,1416.2359,1802.7103,2169.4870,2471.7944,2706.3364,2822.4182,2966.0000,3021.0000,3052.9263,3545.1203,3369.9428
2021-04-28,34,1397.0095,1779.7645,2139.2488,2407.1873,2677.0281,2796.9617,2930.0000,2984.1947,3023.0000,3505.3205,3352.8473
2021-04-30,34,-9999.0000,-9999.0000,-9999.0000,-9999.0000,-9999.0000,-9999.0000,-9999.0000,-9999.0000,-9999.0000,-9999.0000,-9999.0000
2021-04-30,34,-9999.0000,-9999.0000,-9999.0000,-9999.0000,-9999.0000,-9999.0000,-9999.0000,-9999.0000,-9999.0000,-9999.0000,-9999.0000
2021-05-03,34,985.0000,1242.9161,1594.0000,1922.4757,2140.0000,2309.1492,2425.0000,2571.8022,2578.0000,3132.0000,2738.5303
2021-05-03,34,1009.0000,1258.2102,1603.7990,1907.4390,2150.8433,2304.6114,2436.5002,2564.5734,2569.6451,3121.9742,2750.4917
2021-05-05,34,-9999.0000,-9999.0000,-9999.0000,-9999.0000,-9999.0000,-9999.0000,-9999.0000,-9999.0000,-9999.0000,-9999.0000,-9999.0000
2021-05-05,34,-9999.0000,-9999.0000,-9999.0000,-9999.0000,-9999.0000,-9999.0000,-9999.0000,-9999.0000,-9999.0000,-9999.0000,-9999.0000
2021-05-08,34,724.3940,969.4861,1240.6454,1563.0000,1742.2136,1909.3464,2075.9105,2179.2407,2203.7812,2514.2581,2048.6079
2021-05-08,34,759.0000,985.3598,1238.0000,1522.3663,1714.0333,1909.6689,2060.8383,2162.7780,2186.5287,2469.9234,2044.4651
2021-05-10,34,1558.0000,1923.4324,2386.5301,2790.1707,3128.3002,3301.0000,3446.0000,3497.4449,3618.1646,4268.7081,3859.5009
2021-05-10,34,1526.0000,1853.3060,2300.2124,2692.3258,3011.3541,3229.0000,3366.0667,3412.0523,3542.7998,4218.6095,3843.0757
2021-05-13,34,1167.0000,1296.5456,1524.9020,1677.0985,1912.2351,2112.7609,2241.3256,2275.0373,2338.9855,1986.1675,1573.6031
2021-05-13,34,1124.0000,1288.8664,1528.5090,1692.5638,1922.0000,2137.6661,2269.0000,2306.5823,2375.0000,1997.9757,1572.0000
2021-05-15,34,1205.0000,1066.0000,1290.0000,1478.0000,1738.0000,2187.0000,2326.0000,2192.0000,2493.0000,2247.0000,1855.0000
2021-05-15,34,1005.0000,1011.0000,1206.0000,1354.0000,1665.0000,2021.0000,2249.0000,2032.0000,2365.0000,2134.0000,1699.0000
2021-05-18,34,998.0000,1315.7823,1658.2545,1997.2658,2246.4797,2481.0000,2651.0000,2788.2869,2794.0000,3165.0000,2788.0000
2021-05-18,34,1025.0000,1322.5919,1651.2953,1962.6062,2212.0828,2456.0000,2644.7306,2763.1015,2776.9655,3170.3175,2780.9641
2021-05-20,34,1077.8181,1298.8965,1659.4367,1940.4390,2256.0000,2537.0000,2670.0000,2797.1811,2829.0000,3060.3243,2500.2799
2021-05-20,34,1072.0000,1274.2599,1611.8852,1881.7139,2187.1512,2499.0030,2633.0000,2758.6753,2781.0000,3053.6583,2491.8502
2021-05-23,34,1928.0000,2106.1628,2443.9157,2532.0139,2950.1309,3291.0000,3458.0000,3484.2826,3568.0000,3132.9212,2712.0000
2021-05-23,34,1984.0000,2170.1251,2518.0000,2595.1561,3012.3978,3380.0000,3541.0252,3588.0000,3653.8241,3147.0289,2726.0000
2021-05-25,34,-9999.0000,-9999.0000,-9999.0000,-9999.0000,-9999.0000,-9999.0000,-9999.0000,-9999.0000,-9999.0000,-9999.0000,-9999.0000
2021-05-25,34,-9999.0000,-9999.0000,-9999.0000,-9999.0000,-9999.0000,-9999.0000,-9999.0000,-9999.0000,-9999.0000,-9999.0000,-9999.0000
2021-05-28,34,817.0000,1113.1171,1459.0533,1634.9457,1994.8095,2370.0000,2521.6005,2641.9053,2665.5877,2669.5411,2146.3002
2021-05-28,34,803.0000,1101.6038,1427.2160,1578.7266,1930.3811,2328.6752,2484.0030,2595.5615,2601.0271,2625.7747,2120.9699
2021-05-30,34,1716.0000,2166.5087,2728.5251,2986.7752,3473.9196,4020.0000,4222.7633,4420.0000,4345.9959,4523.1962,3882.0000
2021-05-30,34,1698.0333,2070.7391,2600.5664,2854.5528,3361.1217,3932.5283,4105.5836,4274.1398,4251.0000,4418.6329,3861.9228
2021-06-02,34,1614.0000,2135.8063,2689.0759,2932.6741,3462.6602,4111.0000,4266.0931,4396.6328,4414.2389,4391.7407,3805.0010
2021-06-02,34,1557.2981,2028.8912,2533.6708,2761.7934,3300.6674,3921.0000,4110.4512,4226.6208,4251.0000,4318.0000,3718.2353
2021-06-04,34,1584.0000,1989.6802,2172.4112,2307.5950,2608.9355,2790.3180,2973.7288,3038.0000,3044.1082,3123.2033,2892.6329
2021-06-04,34,1666.5879,2076.8982,2259.5575,2395.5183,2697.5271,2854.5647,3028.7795,3096.8129,3090.1384,3173.4742,2923.5642
2021-06-07,34,1277.0472,1485.1698,1732.0000,1969.6616,2234.2740,2393.0000,2555.1739,2523.8967,2671.0000,2768.0000,2308.1297
2021-06-07,34,1316.0000,1517.0255,1772.6607,2019.0737,2262.1978,2412.0000,2566.9043,2564.7924,2683.0054,2784.0000,2306.8888
2021-06-09,34,1765.0000,2180.5457,2676.9051,3125.4522,3507.5507,3710.0000,3870.0000,3884.9401,4068.6874,4737.1200,4290.1434
2021-06-09,34,1858.0000,2322.4256,2838.5014,3318.7752,3718.5502,3878.7746,4026.0000,4001.3276,4197.0000,4818.1424,4357.7479
2021-06-12,34,1879.0000,2355.9067,2888.1606,3271.6566,3657.4858,3873.5176,4040.6460,4045.3365,4187.2173,4540.0903,3944.0811
2021-06-12,34,1729.0000,2163.3162,2661.7609,3014.5192,3427.0000,3692.9250,3870.2581,3866.3033,4017.0253,4407.6939,3916.0000
2021-06-14,34,1742.0000,2228.8529,2746.0692,3080.0529,3513.3192,3869.3660,4079.0000,4152.0000,4216.0000,4712.9026,4304.0000
2021-06-14,34,1768.0000,2327.3230,2855.1229,3194.6715,3590.6090,3956.0000,4164.0040,4240.0000,4289.0000,4765.9467,4344.1919
2021-06-17,34,1605.0000,2148.6967,2696.1458,2966.7909,3446.3035,3897.1615,4089.0000,4104.9107,4184.8171,4422.0740,3929.3668
2021-06-17,34,1454.0000,1914.8935,2386.4279,2646.5790,3092.5277,3579.0000,3800.0000,3817.5788,3908.6589,4266.3991,3827.8824
2021-06-19,34,1521.0000,1826.4332,2316.7385,2483.1793,2953.9714,3526.9851,3677.0000,3617.4286,3840.0000,3856.0000,3288.0480
2021-06-19,34,1514.0000,1843.6416,2331.9883,2484.8632,2946.2718,3510.9696,3674.3952,3617.8720,3832.3461,3841.2767,3252.5006
2021-06-22,34,1512.0000,1868.5184,2404.3557,2597.2000,3126.0212,3748.5881,3945.0000,3941.0000,4074.0000,4106.4680,3431.3245
2021-06-22,34,1472.5270,1827.2392,2340.4536,2518.7304,3030.8570,3662.0000,3880.4983,3870.0000,4002.6518,4071.9812,3434.6359
2021-06-24,34,1561.0000,1985.9834,2498.4559,2664.1858,3206.0078,3800.1477,4085.0000,4017.1740,4187.0000,4274.9985,3708.2281
2021-06-24,34,1550.0000,1998.0000,2522.4954,2662.6534,3191.0845,3809.6529,4071.0000,4025.0957,4201.3014,4274.0000,3705.4906
2021-06-27,34,-9999.0000,-9999.0000,-9999.0000,-9999.0000,-9999.0000,-9999.0000,-9999.0000,-9999.0000,-9999.0000,-9999.0000,-9999.0000
2021-06-27,34,2001.0000,2274.9883,2610.8500,2627.1959,3108.3266,3696.0000,3944.0000,3952.0000,4066.2832,3315.0316,2829.2291
2021-06-29,34,1640.0000,2010.6861,2532.5072,2759.4507,3303.9403,3905.8962,4089.0000,4048.3929,4255.0000,4311.0999,3577.1909
2021-06-29,34,1645.0000,2026.0000,2566.9508,2775.5760,3336.7389,3935.0000,4092.0000,4064.0000,4268.3146,4307.8284,3579.0000
2021-07-02,34,1403.0000,1748.0000,2244.2403,2487.5191,3002.0110,3673.0000,3885.4978,3905.6965,4077.0000,4058.7575,3334.9139
2021-07-02,34,1399.0000,1771.7076,2263.5964,2501.7337,2999.6630,3689.4861,3920.8726,3917.7210,4102.1115,4073.7414,3353.5591
2021-07-04,34,1407.0000,1674.0132,2075.8587,2194.0984,2729.8016,3590.3465,3970.0000,3897.2456,4179.0000,3948.5463,3273.3699
2021-07-07,34,661.5727,916.4309,1289.1447,1328.7089,1825.4255,2725.8763,3012.6379,3020.4810,3162.0088,2959.0000,2265.1207
2021-07-07,34,712.6184,940.7684,1290.7539,1323.5122,1819.9800,2692.0149,2993.1722,2986.0000,3130.3818,2929.3523,2227.5644
2021-07-09,34,930.5687,1138.7181,1643.7770,1606.2470,2291.0870,3789.7496,4108.0000,4169.9222,4280.0000,3632.2886,2625.2082
2021-07-09,34,960.5767,1130.3156,1602.9738,1572.8749,2237.7509,3697.9934,4020.1355,4059.3575,4170.0000,3579.8589,2602.8738
2021-07-12,34,577.8203,724.7363,1091.7859,1028.3564,1532.0000,2810.0000,3164.0000,3068.0000,3309.1677,2331.2990,1588.1208
2021-07-12,34,671.0000,785.2433,1106.7319,1035.4519,1500.7495,2741.2388,3094.0000,3006.0000,3213.5850,2298.0051,1555.3344
2021-07-14,34,-9999.0000,-9999.0000,-9999.0000,-9999.0000,-9999.0000,-9999.0000,-9999.0000,-9999.0000,-9999.0000,-9999.0000,-9999.0000
2021-07-19,34,-9999.0000,-9999.0000,-9999.0000,-9999.0000,-9999.0000,-9999.0000,-9999.0000,-9999.0000,-9999.0000,-9999.0000,-9999.0000
2021-07-19,34,-9999.0000,-9999.0000,-9999.0000,-9999.0000,-9999.0000,-9999.0000,-9999.0000,-9999.0000,-9999.0000,-9999.0000,-9999.0000
2021-07-22,34,398.2894,448.7033,725.0000,492.1219,1116.0977,3832.0283,4742.0000,4709.4274,5032.0000,2562.7898,1347.9456
2021-07-22,34,475.0000,498.7994,752.7241,505.8680,1127.0000,3773.5168,4739.9916,4646.0500,4967.0000,2545.6029,1338.5594
2021-07-24,34,882.0000,910.2722,1064.0000,817.8106,1312.0000,3461.6518,4475.2468,4460.0000,4718.0000,2604.9651,1472.0000
2021-07-24,34,677.0000,733.5770,977.4698,717.1804,1289.8730,3885.0832,5036.0000,4969.9967,5266.0000,2707.0000,1490.0010
2021-07-29,34,298.6065,297.2395,529.2093,316.2546,877.8331,3936.0000,5066.9748,5090.3182,5309.7984,2485.6741,1222.5044
2021-07-29,34,413.0000,393.0000,589.2051,365.8985,905.2382,3810.4936,4939.0267,4836.5070,5044.6273,2446.0075,1214.1085
2021-08-01,34,1793.0000,346.0000,883.0000,1198.0000,1698.0000,3556.0000,4280.0000,4808.0000,4376.0000,2382.0000,1664.0000
2021-08-01,34,1887.0000,346.0000,951.0000,1228.0000,1754.0000,3688.0000,4411.0000,4964.0000,4446.0000,2430.0000,1692.0000
2021-08-03,34,296.0000,357.3165,530.3188,315.3683,865.5839,3795.0000,5374.0522,5463.4206,5515.4402,2405.0000,1188.0000
2021-08-03,34,363.0000,405.4929,573.1935,349.5351,868.9812,3758.0000,5296.0000,5352.0882,5476.0000,2381.0267,1188.6341
2021-08-06,34,218.0000,292.5236,453.5247,258.1012,720.2285,3500.0000,4984.4946,5037.4941,5171.0337,2122.0000,1037.0000
2021-08-06,34,264.0000,318.0348,470.4711,269.8197,730.8958,3513.1833,4986.3328,5003.7978,5173.7072,2124.3516,1039.0000
2021-08-08,34,-9999.0000,-9999.0000,-9999.0000,-9999.0000,-9999.0000,-9999.0000,-9999.0000,-9999.0000,-9999.0000,-9999.0000,-9999.0000
2021-08-11,34,285.0000,296.0000,437.5110,289.8560,686.0000,3212.0871,4529.0000,4601.0682,4765.0000,1886.0000,890.4082
2021-08-11,34,341.0000,338.4253,465.3871,304.6454,703.0000,3195.0000,4514.0000,4538.3987,4773.4499,1884.6802,886.4066
2021-08-13,34,501.0000,633.1831,762.3430,590.5000,1012.0000,3249.5171,4585.0000,4544.9461,4789.4028,1948.0000,1071.0000
2021-08-13,34,599.0000,683.0000,753.3349,577.1653,945.1125,3122.0000,4480.0932,4418.0800,4624.0000,1890.7148,1025.0000
2021-08-16,34,233.0000,340.6258,494.0125,341.6064,753.0000,3061.3930,4427.0698,4425.2605,4643.0000,1864.1207,938.0000
2021-08-16,34,318.0000,390.4839,530.5603,369.7268,762.0000,3044.0000,4398.8850,4368.0000,4641.0000,1854.5000,934.5032
2021-08-18,34,214.0000,218.1667,421.3914,245.5211,741.0000,3617.6234,4928.0000,5083.7895,5113.4880,2086.5470,1015.0000
2021-08-18,34,330.0000,312.2943,485.6845,305.2300,773.0000,3514.0000,4689.9901,4868.6625,4968.8711,2052.4324,1005.0000
2021-08-21,34,324.0000,346.5588,517.0000,341.0713,813.4698,3177.2319,4285.0129,4419.6387,4594.0000,1882.0000,930.5563
2021-08-21,34,467.0000,458.0657,601.8918,401.7379,856.2982,3081.2014,4146.0060,4216.0000,4425.5018,1869.0000,924.0000
2021-08-26,34,273.0000,368.3522,583.0000,369.7214,942.0368,3206.3085,4216.0000,4360.0000,4453.5041,1924.7268,1026.5571
2021-08-26,34,292.0000,372.5673,583.0000,361.3762,933.0136,3225.7358,4253.0278,4386.4600,4517.0000,1925.0000,1016.5400
2021-08-28,34,-9999.0000,-9999.0000,-9999.0000,-9999.0000,-9999.0000,-9999.0000,-9999.0000,-9999.0000,-9999.0000,-9999.0000,-9999.0000
2021-08-28,34,-9999.0000,-9999.0000,-9999.0000,-9999.0000,-9999.0000,-9999.0000,-9999.0000,-9999.0000,-9999.0000,-9999.0000,-9999.0000
2021-08-31,34,719.0000,692.0000,722.0000,545.0000,885.0000,2330.0000,2879.0000,2702.0000,2980.0000,1505.0000,790.0000
2021-08-31,34,-9999.0000,-9999.0000,-9999.0000,-9999.0000,-9999.0000,-9999.0000,-9999.0000,-9999.0000,-9999.0000,-9999.0000,-9999.0000
2021-09-02,34,253.0000,354.2359,646.3995,373.0000,1114.0015,3290.0160,4049.0000,4289.0520,4292.5000,2012.4957,1070.4963
2021-09-02,34,365.0000,436.9461,694.6847,418.2287,1114.0000,3205.0000,3915.0000,4187.1449,4190.6423,1990.0000,1054.0000
2021-09-05,34,262.0000,414.9676,830.5667,501.0421,1404.0000,3286.0000,3842.9207,4093.9375,4089.0000,1990.0000,1118.0000
2021-09-05,34,312.0000,440.3333,845.3930,509.3175,1426.0000,3276.3824,3844.8581,4091.4326,4119.0000,1988.2626,1114.9281
2021-09-07,34,355.0000,466.1596,1136.8579,793.3611,2044.4547,3882.0000,4321.4216,4643.2585,4691.0000,2405.2366,1305.5436
2021-09-07,34,481.0000,561.0000,1162.0000,821.0000,2003.2038,3733.0000,4168.0000,4460.0000,4538.5012,2400.3204,1304.7848
2021-09-10,34,273.0000,449.4191,1133.0395,1074.6051,2188.1699,3100.5341,3450.3154,3773.1653,3907.0000,2320.0000,1322.4828
2021-09-10,34,372.0000,508.8547,1137.1768,1085.2744,2141.5432,3089.0000,3429.0000,3689.5938,3805.7994,2308.0000,1309.4349
2021-09-12,34,425.0000,640.8694,1201.2405,1339.9853,2234.5246,2837.3544,3239.0000,3466.9690,3659.9971,2658.0348,1622.7692
2021-09-12,34,536.0000,706.2990,1208.3720,1314.9483,2169.6098,2773.1129,3144.0000,3353.7363,3576.5063,2613.0000,1610.0000
2021-09-20,34,233.0000,358.2956,572.1680,837.6300,1099.0000,1306.6387,1493.7288,1620.6020,1770.1821,2009.0078,1444.0226
2021-09-20,34,253.0000,366.2495,576.3579,841.5969,1097.7697,1300.2818,1491.1675,1627.0749,1786.7202,2002.1678,1446.2894
2021-09-22,34,726.0000,987.0000,1128.0000,1284.0000,1575.0000,1837.1319,2027.0000,2194.6659,2261.0207,2335.0000,1825.2051
2021-09-25,34,1610.0000,1598.0000,1668.0000,1720.0000,2023.0000,2399.0000,2600.0000,2574.0000,2851.0000,2988.0000,2449.0000
2021-09-25,34,-9999.0000,-9999.0000,-9999.0000,-9999.0000,-9999.0000,-9999.0000,-9999.0000,-9999.0000,-9999.0000,-9999.0000,-9999.0000
2021-09-27,34,833.0000,848.5010,996.1977,1164.9659,1444.0000,1715.5140,1848.0000,1897.4232,2099.0000,2321.6346,1794.9890
2021-09-27,34,900.0000,892.6344,1026.0000,1180.0367,1435.0000,1708.4034,1874.7856,1883.4465,2093.4439,2309.2791,1782.0000
2021-09-30,34,498.0000,741.5605,1029.2078,1467.8336,1716.0762,1857.1277,2021.7688,2162.0346,2310.6383,3084.7124,2499.5208
2021-09-30,34,547.0000,781.2270,1052.8920,1468.1034,1708.0000,1845.4763,2005.1785,2145.6790,2293.2527,3059.0127,2484.1394
2021-10-02,34,1382.0000,1630.0000,1752.0000,1892.0000,2172.2565,2282.0000,2417.0000,2548.0000,2557.2527,2745.1414,2384.9048
2021-10-05,34,-9999.0000,-9999.0000,-9999.0000,-9999.0000,-9999.0000,-9999.0000,-9999.0000,-9999.0000,-9999.0000,-9999.0000,-9999.0000
2021-10-10,34,-9999.0000,-9999.0000,-9999.0000,-9999.0000,-9999.0000,-9999.0000,-9999.0000,-9999.0000,-9999.0000,-9999.0000,-9999.0000
2021-10-10,34,-9999.0000,-9999.0000,-9999.0000,-9999.0000,-9999.0000,-9999.0000,-9999.0000,-9999.0000,-9999.0000,-9999.0000,-9999.0000
2021-10-15,34,745.0000,1037.5694,1241.3125,1424.1193,1541.3321,1600.4927,1685.7171,1797.9901,1769.1595,2170.7526,2091.4530
2021-10-15,34,794.0000,1076.7981,1261.4531,1425.5110,1542.0000,1602.0000,1686.6511,1797.6992,1770.6158,2157.6639,2091.5476
2021-10-17,34,968.0000,1165.2124,1440.4610,1698.8978,1825.9969,1874.1763,1942.0029,2081.5043,2057.2032,2683.2787,2482.8766
2021-10-17,34,964.0000,1172.8523,1449.1126,1692.3084,1825.4213,1881.0000,1937.5120,2066.6506,2052.0231,2690.7518,2493.3245
2021-10-27,34,974.0000,1168.3095,1440.3103,1675.6970,1821.1967,1858.5423,1917.3970,2017.2124,2029.3931,2658.8341,2492.2424
2021-10-27,34,933.0000,1172.6762,1444.0000,1690.7658,1833.5060,1864.5995,1920.9462,2017.2655,2029.2958,2661.0000,2494.1464
2021-10-30,34,956.0000,1121.5470,1340.0000,1516.0000,1619.0000,1684.0000,1749.9293,1810.3863,1832.0000,2079.0000,1779.0000
2021-10-30,34,991.0000,1166.0000,1377.6364,1528.0000,1629.2178,1737.5286,1777.6702,1833.0000,1898.1192,2100.0000,1798.3354
2021-11-04,34,301.0000,529.4437,689.0000,873.6715,961.0000,982.0000,1055.0000,1077.8906,1121.0000,1254.2940,1068.0000
2021-11-04,34,196.0000,453.3278,629.4286,852.9595,948.9762,966.6140,1033.1688,1060.1684,1105.6898,1253.6704,1069.0000
2021-11-06,34,631.0000,874.0670,1196.2777,1520.9176,1669.5656,1704.6875,1777.9778,1844.2652,1900.7809,2280.8700,1858.0015
2021-11-06,34,790.0000,973.1883,1229.2201,1490.3459,1631.0000,1662.0000,1736.2391,1810.5735,1861.7667,2214.5161,1819.2934
2021-11-11,34,823.0000,1208.3622,1453.4903,1690.2984,1871.0000,1861.9710,1993.1765,2017.0000,2050.2786,2400.7078,2034.4515
2021-11-11,34,894.0000,1249.1932,1477.4303,1683.7219,1853.7262,1853.4746,1973.6458,1997.6168,2042.0000,2403.0000,2043.0577
2021-11-19,34,784.0000,985.1217,1232.8533,1373.6644,1589.3963,1705.0000,1781.0000,1809.7574,1884.0000,2048.1903,1581.0000
2021-11-19,34,830.5977,988.5148,1228.9971,1372.0000,1578.3461,1693.1661,1768.8088,1820.0000,1902.0000,2054.7432,1592.4682
2021-11-24,34,433.0000,753.3230,1017.7075,1131.5209,1408.0000,1567.0000,1682.0000,1813.2849,1777.3454,1894.0000,1599.0000
2021-11-24,34,439.0000,737.5215,1005.4029,1122.4705,1372.2554,1544.9932,1662.0000,1814.0000,1767.0000,1879.0000,1559.0000
2021-11-29,34,296.0000,613.2532,1019.7907,1195.9458,1625.3841,1955.0000,2096.7992,2258.5213,2224.0692,2232.0000,1660.0000
2021-11-29,34,341.0000,629.5243,1027.8968,1187.6351,1608.0000,1965.9850,2072.8788,2262.0000,2241.3483,2221.0000,1637.6208
2021-12-01,34,355.0000,705.3073,993.1507,1056.6667,1429.9186,1773.3848,1893.0000,1936.9353,1949.0000,1925.6755,1397.2836
2021-12-01,34,391.0000,722.0290,1001.8264,1065.4895,1454.4595,1790.0000,1901.2536,1941.3983,1965.2870,1922.9837,1399.0000
2021-12-06,34,319.0000,561.0317,921.0000,1067.5987,1561.6546,1985.0522,2066.5000,2216.0000,2206.5729,2083.0000,1483.0000
2021-12-06,34,557.0000,705.3339,997.1001,1089.0000,1527.0000,1928.0000,2021.8757,2154.0302,2113.2081,2037.0000,1460.6897
2021-12-14,34,-9999.0000,-9999.0000,-9999.0000,-9999.0000,-9999.0000,-9999.0000,-9999.0000,-9999.0000,-9999.0000,-9999.0000,-9999.0000
2021-12-14,34,-9999.0000,-9999.0000,-9999.0000,-9999.0000,-9999.0000,-9999.0000,-9999.0000,-9999.0000,-9999.0000,-9999.0000,-9999.0000
2021-12-16,34,336.0000,549.6321,931.9476,996.9759,1514.8964,2026.0000,2133.8502,2194.4506,2232.0000,2059.0000,1465.0000
2021-12-16,34,544.0000,689.0000,1005.3958,1033.5855,1498.3105,1986.0000,2070.3638,2130.4172,2213.0000,2034.0366,1450.9808
2021-12-29,34,-9999.0000,-9999.0000,-9999.0000,-9999.0000,-9999.0000,-9999.0000,-9999.0000,-9999.0000,-9999.0000,-9999.0000,-9999.0000
2021-12-31,34,-9999.0000,-9999.0000,-9999.0000,-9999.0000,-9999.0000,-9999.0000,-9999.0000,-9999.0000,-9999.0000,-9999.0000,-9999.0000
2021-12-31,34,-9999.0000,-9999.0000,-9999.0000,-9999.0000,-9999.0000,-9999.0000,-9999.0000,-9999.0000,-9999.0000,-9999.0000,-9999.0000
2022-01-08,34,378.0000,570.9899,889.5119,913.2299,1461.0000,2290.6233,2474.1748,2658.6082,2577.9978,1861.0000,1225.6607
2022-01-08,34,367.0000,537.6365,865.2348,898.0315,1442.0329,2306.9142,2506.3721,2689.9611,2603.8211,1874.0000,1225.3998
2022-01-13,34,-9999.0000,-9999.0000,-9999.0000,-9999.0000,-9999.0000,-9999.0000,-9999.0000,-9999.0000,-9999.0000,-9999.0000,-9999.0000
2022-01-13,34,-9999.0000,-9999.0000,-9999.0000,-9999.0000,-9999.0000,-9999.0000,-9999.0000,-9999.0000,-9999.0000,-9999.0000,-9999.0000
2022-01-15,34,299.0000,457.8873,857.3884,833.2107,1470.8062,2380.2385,2528.5074,2626.4181,2620.2639,1807.0000,1146.0000
2022-01-15,34,489.0000,598.6820,934.3705,878.0815,1457.2713,2313.5592,2471.0000,2564.5588,2541.3996,1785.6529,1143.0000
2022-01-18,34,134.0000,353.2024,709.6211,693.6192,1327.0000,2235.1114,2388.2510,2509.3701,2466.8426,1725.1350,1100.0000
2022-01-18,34,278.0000,444.0000,757.3928,720.3696,1293.5860,2179.8852,2338.6956,2458.5266,2412.0000,1701.0692,1083.0000
2022-01-20,34,761.0000,954.8145,1106.0000,1050.0000,1565.0091,2328.2189,2535.0000,2610.4865,2606.2404,1962.7315,1300.7315
2022-01-20,34,751.0000,936.6406,1092.5381,1030.0000,1534.3762,2309.6143,2513.5537,2585.8993,2585.7468,1958.0000,1294.5017
2022-01-23,34,351.0000,610.3428,881.7636,836.5000,1400.5997,2222.0228,2400.8810,2510.2548,2493.8387,1733.0000,1167.0000
2022-01-23,34,549.0000,744.6843,962.0382,888.5815,1408.2261,2152.3743,2350.0543,2434.7674,2418.0000,1706.0000,1176.0000
2022-01-25,34,537.0000,545.8617,912.9819,897.5526,1481.0000,2294.0000,2418.6797,2571.4755,2482.0000,2122.7956,1465.0000
2022-01-25,34,715.0000,781.0000,1044.0000,990.2736,1497.7768,2228.7405,2353.7490,2467.0693,2441.0000,2083.0000,1453.0000
2022-01-28,34,417.0000,526.3108,853.8796,914.7774,1385.4902,2009.8155,2130.8456,2306.6535,2241.0490,1995.0000,1410.1762
2022-01-28,34,562.0000,750.5313,985.4689,988.5958,1388.7268,1965.9547,2104.7917,2233.0000,2218.0496,1975.0000,1414.8158
2022-01-30,34,447.0000,772.1488,1009.4783,1013.9162,1468.0000,2086.0000,2231.0000,2323.6139,2332.5239,2098.0135,1548.0000
2022-01-30,34,514.0000,812.3869,1025.4292,1025.0345,1474.0033,2058.0000,2221.0426,2322.1481,2309.1002,2109.5607,1541.8665
2022-02-02,34,478.0000,696.8048,937.1065,949.0000,1353.8092,1884.3893,2025.7187,2122.1129,2106.6469,1852.5892,1461.0000
2022-02-02,34,556.4346,760.4126,969.3353,965.2605,1351.0000,1869.4729,2001.4116,2105.8983,2081.0587,1847.0000,1440.7571
2022-02-07,34,644.0000,782.3173,1036.6756,1032.8194,1434.0000,2052.0000,2184.0000,2323.5698,2282.0000,2064.4890,1534.0000
2022-02-07,34,688.0000,822.0000,1076.1838,1041.1674,1449.7312,2062.0000,2185.1667,2323.1032,2281.5318,2060.5811,1520.3702
2022-02-09,34,407.0000,733.6734,1068.4358,1066.4000,1581.5845,2403.1989,2577.7127,2794.8942,2691.0294,2366.6055,1793.5157
2022-02-09,34,649.0000,876.3333,1125.5938,1101.4900,1544.7309,2260.1542,2434.8465,2654.0000,2537.0000,2285.6260,1762.7692
2022-02-12,34,692.0000,985.9690,1280.9545,1316.4897,1732.0000,2340.8341,2513.4881,2723.2422,2644.0000,2499.3195,2137.0883
2022-02-12,34,735.0000,1005.7584,1289.0313,1314.3202,1722.0000,2341.6161,2505.5689,2712.8472,2626.4473,2482.8064,2147.3298
2022-02-22,34,373.0000,602.0000,908.7895,857.4174,1337.0186,2158.1409,2379.5084,2564.0761,2494.0592,1902.0000,1356.6953
2022-02-22,34,423.0000,626.0000,924.8179,866.0000,1314.2494,2158.0000,2376.0000,2573.1804,2492.0474,1877.4050,1362.1245
2022-02-24,34,754.0000,850.0000,1178.0000,1056.0000,1618.1141,2586.0795,2771.3940,2921.0051,2892.5199,2188.4845,1505.0000
2022-02-24,34,936.0000,996.0000,1278.0000,1120.9287,1658.0000,2616.9291,2830.0304,2947.3693,2924.7342,2184.0980,1497.0000
2022-02-27,34,582.0000,682.6171,985.1769,839.0000,1389.9263,2459.7063,2690.0535,2867.8366,2812.7370,2054.0377,1317.3955
2022-02-27,34,649.0000,712.0000,1000.6744,842.0797,1388.9779,2428.9956,2683.3032,2856.3063,2787.9956,2044.5026,1333.0681
2022-03-01,34,636.0000,812.3797,1100.0000,929.0000,1524.0000,2747.6951,3028.4982,3273.6355,3131.0175,2320.0000,1573.6061
2022-03-01,34,638.4800,798.5131,1096.5604,922.0000,1536.9861,2771.2019,3070.3017,3307.1815,3179.9944,2326.0000,1571.0000
2022-03-04,34,618.0000,830.0860,1194.4076,1014.5000,1666.5000,3096.9853,3453.0000,3730.3977,3579.4008,2496.1438,1785.0000
2022-03-04,34,701.0000,870.3010,1194.0000,1018.3333,1704.0000,3049.7636,3403.0000,3683.9585,3532.3240,2512.0000,1847.0000
2022-03-06,34,894.0000,989.5000,1363.2873,1198.0000,1874.5000,3363.5323,3690.1154,3974.3640,3837.0000,2866.5182,2015.0000
2022-03-06,34,926.0000,1004.7044,1371.3090,1186.5718,1901.7060,3376.5183,3690.4761,3971.9772,3842.6349,2884.6092,2051.0000
2022-03-09,34,623.0000,770.3457,1195.8467,1002.3290,1768.0000,3433.5447,3814.3737,4040.9797,3942.2386,2672.0000,1789.2722
2022-03-09,34,653.0000,780.7515,1194.0780,1003.0397,1794.0000,3482.4545,3860.7441,4087.8686,3975.0707,2687.0000,1811.5287
2022-03-14,34,901.0000,1166.0000,1420.0000,1228.0000,1841.0000,3123.0000,3576.0000,3621.8911,3743.0000,2425.1429,1733.0000
2022-03-14,34,978.0000,1152.0000,1390.0000,1176.0000,1811.0000,3165.0000,3573.0000,3682.0000,3771.0000,2402.0000,1631.0000
2022-03-16,34,-9999.0000,-9999.0000,-9999.0000,-9999.0000,-9999.0000,-9999.0000,-9999.0000,-9999.0000,-9999.0000,-9999.0000,-9999.0000
2022-03-19,34,577.0000,668.1861,1021.6870,813.3673,1494.0000,3509.5609,4072.6383,4384.1364,4199.3552,2342.0000,1428.0000
2022-03-19,34,629.0000,693.1237,1048.5889,825.3224,1508.0000,3498.4628,4052.3917,4371.9125,4198.9614,2378.8286,1429.0000
2022-03-21,34,648.0000,786.1780,1092.7817,846.1021,1520.0000,3620.5857,4282.9446,4680.2219,4424.3878,2371.4247,1450.0000
2022-03-21,34,680.5469,800.0000,1108.2683,849.4270,1526.4038,3619.0000,4264.3310,4660.2581,4407.9699,2410.4006,1461.7773
2022-03-24,34,458.0000,584.0000,877.8819,640.9908,1286.6207,3410.3802,4134.9372,4518.9031,4296.0153,2057.0000,1229.0000
2022-03-24,34,518.0000,622.0000,901.0700,644.1643,1274.0000,3403.0088,4121.7579,4485.2731,4295.4494,2053.9779,1216.2434
2022-03-26,34,1005.0000,986.0020,1166.0000,899.0000,1444.7643,3382.2373,4041.4851,4371.3455,4250.7770,2172.4730,1282.0000
2022-03-26,34,1036.0000,1004.2137,1180.0000,902.1008,1461.0000,3363.1620,4019.4149,4358.0908,4233.0000,2177.4943,1283.0000
2022-04-03,34,257.0000,324.4636,544.3333,298.5000,834.0000,2794.7051,3581.3151,3826.9461,3689.5405,1268.4956,654.1943
2022-04-03,34,213.0000,286.3840,512.2087,264.0121,824.0000,2882.0208,3715.4962,3920.9864,3813.6794,1291.0000,653.9929
2022-04-05,34,861.0000,761.0000,956.1360,604.3069,1248.0000,3715.2634,4569.1936,4757.1378,4727.6276,1750.0000,833.6079
2022-04-05,34,888.0000,787.0000,976.0000,618.0984,1252.0000,3700.8654,4571.9841,4742.8516,4717.9432,1733.0837,824.0000
2022-04-08,34,-9999.0000,-9999.0000,-9999.0000,-9999.0000,-9999.0000,-9999.0000,-9999.0000,-9999.0000,-9999.0000,-9999.0000,-9999.0000
2022-04-10,34,245.0000,302.0000,500.2419,256.3182,808.0000,2906.7769,3821.2703,4113.7081,3949.9420,1190.2742,542.5407
2022-04-10,34,208.0000,267.0000,478.5239,226.2693,792.3894,2986.3791,3914.0000,4213.3835,4043.0671,1199.0000,542.1075
2022-04-15,34,354.0000,400.0000,624.0633,392.5271,928.5927,3019.3017,3836.1203,3984.8252,3941.1665,1269.5512,649.3775
2022-04-15,34,417.0000,484.0000,694.2581,440.3404,944.7509,2999.0000,3786.9640,3912.0518,3917.0000,1268.0000,649.9923
2022-04-18,34,174.0000,228.4067,462.4752,290.4132,771.0000,2688.3478,3556.4365,3780.2565,3730.3272,1126.7371,595.0000
2022-04-18,34,220.0000,190.2485,438.2382,266.0556,784.4083,2731.0000,3611.2631,3881.6020,3761.9106,1140.2152,600.0000
2022-04-20,34,329.0000,379.0000,502.3546,328.2803,680.8134,2157.0000,2867.0000,3020.0000,2939.0000,873.9384,437.4859
2022-04-20,34,426.0000,461.0000,566.3391,378.0000,726.0000,2137.7664,2814.0000,2963.8227,2909.0000,878.4811,448.1575
2022-04-23,34,-9999.0000,-9999.0000,-9999.0000,-9999.0000,-9999.0000,-9999.0000,-9999.0000,-9999.0000,-9999.0000,-9999.0000,-9999.0000
2022-04-25,34,-9999.0000,-9999.0000,-9999.0000,-9999.0000,-9999.0000,-9999.0000,-9999.0000,-9999.0000,-9999.0000,-9999.0000,-9999.0000
2022-04-25,34,474.0000,397.0000,534.3333,309.0000,717.0000,2392.0000,3075.0000,2982.1377,3202.7771,890.0000,412.3386
2022-04-28,34,118.0000,143.0000,320.3585,160.6613,584.0000,2485.4940,3419.4180,3540.1456,3565.0000,917.4240,408.0829
2022-04-28,34,241.0000,235.0000,386.4416,214.3615,625.0000,2449.4368,3333.7242,3474.7006,3512.4877,917.1628,414.7942
2022-04-30,34,214.0000,254.0000,446.0970,246.2007,734.0000,2702.1125,3718.5022,3994.0702,3851.6210,1105.8418,534.9333
2022-04-30,34,359.0000,410.0000,562.2060,348.0000,778.0000,2634.0000,3583.0000,3802.0996,3740.3137,1105.4455,546.7003
2022-05-03,34,147.0000,219.0000,366.2596,206.3427,624.0000,2469.8209,3505.0000,3651.9936,3707.5183,920.6995,464.0000
2022-05-03,34,120.0000,177.0000,332.2335,170.6174,604.4700,2517.2709,3580.2807,3721.5520,3763.7769,917.1680,462.0000
2022-05-08,34,-9999.0000,-9999.0000,-9999.0000,-9999.0000,-9999.0000,-9999.0000,-9999.0000,-9999.0000,-9999.0000,-9999.0000,-9999.0000
2022-05-10,34,248.0000,311.0000,458.7222,250.0000,684.0037,2646.0000,3746.7326,3872.6419,3950.0000,1101.7704,536.5078
2022-05-10,34,362.0000,407.0000,530.0000,314.0000,722.4316,2577.2172,3636.5453,3754.9603,3811.4139,1101.2172,540.0000
2022-05-13,34,463.0000,542.3486,688.0389,554.2545,920.5002,2461.7025,3444.7399,3497.4175,3634.5007,1223.0000,804.7368
2022-05-13,34,507.0000,520.0000,686.0000,552.0123,952.9660,2507.0000,3489.1145,3624.5522,3673.0000,1234.0000,810.0000
2022-05-15,34,187.0000,208.0000,392.3367,226.4385,650.0000,2693.5024,3774.0371,3848.7255,4043.0064,1181.3877,560.3275
2022-05-15,34,324.0000,318.0000,474.2806,298.0921,695.0000,2629.3997,3660.5840,3739.2802,3893.7281,1176.0376,568.1559
2022-05-18,34,0.0000,24.0000,204.6145,86.6262,476.5839,2323.2093,3339.0906,3451.3420,3585.9134,1076.6544,506.4048
2022-05-18,34,276.0000,281.0000,404.2017,249.0000,601.0000,2233.7447,3148.1872,3257.5299,3413.2403,1081.5441,523.0000
2022-05-20,34,204.0000,255.0000,414.3015,240.5153,686.3488,2494.2053,3587.1550,3794.8462,3861.0406,1282.0975,634.0000
2022-05-20,34,360.0000,406.0000,530.7272,342.1641,740.5777,2434.8243,3458.3848,3626.1433,3732.3718,1272.0156,636.3955
2022-05-25,34,-9999.0000,-9999.0000,-9999.0000,-9999.0000,-9999.0000,-9999.0000,-9999.0000,-9999.0000,-9999.0000,-9999.0000,-9999.0000
2022-05-25,34,-9999.0000,-9999.0000,-9999.0000,-9999.0000,-9999.0000,-9999.0000,-9999.0000,-9999.0000,-9999.0000,-9999.0000,-9999.0000
2022-06-02,34,-9999.0000,-9999.0000,-9999.0000,-9999.0000,-9999.0000,-9999.0000,-9999.0000,-9999.0000,-9999.0000,-9999.0000,-9999.0000
2022-06-02,34,-9999.0000,-9999.0000,-9999.0000,-9999.0000,-9999.0000,-9999.0000,-9999.0000,-9999.0000,-9999.0000,-9999.0000,-9999.0000
2022-06-04,34,358.0000,344.3498,675.0000,695.0000,1245.0000,2137.7011,2500.8275,2626.4474,2826.8177,1550.0000,964.6302
2022-06-04,34,662.0000,616.0000,824.0000,782.1480,1228.0000,2010.4267,2323.8357,2411.5597,2625.6537,1508.7465,951.0000
2022-06-07,34,-9999.0000,-9999.0000,-9999.0000,-9999.0000,-9999.0000,-9999.0000,-9999.0000,-9999.0000,-9999.0000,-9999.0000,-9999.0000
2022-06-07,34,-9999.0000,-9999.0000,-9999.0000,-9999.0000,-9999.0000,-9999.0000,-9999.0000,-9999.0000,-9999.0000,-9999.0000,-9999.0000
2022-06-12,34,196.0000,319.0000,444.0000,642.0000,877.0000,1132.4690,1351.3755,1510.6575,1641.9634,1678.0000,1146.1648
2022-06-12,34,265.0000,371.0000,483.0000,662.0000,893.0000,1146.6667,1384.2480,1525.4358,1637.5965,1674.0000,1146.0000
2022-06-14,34,290.0000,374.0000,577.0000,865.8063,1148.3910,1444.3354,1656.9923,1814.9550,2021.2648,2225.0000,1465.7512
2022-06-14,34,418.0000,474.0000,647.0000,885.3477,1152.7151,1452.1281,1674.9646,1826.8439,1993.0000,2199.0000,1454.0054
2022-06-17,34,837.0000,886.0000,1054.0000,1230.0000,1529.0000,1836.8162,2070.6739,2179.2565,2348.6947,2289.0000,1570.4925
2022-06-19,34,393.0000,528.0000,698.0000,1000.6123,1271.0000,1522.0734,1797.6669,1945.9665,2134.2690,2466.2770,1653.1296
2022-06-19,34,464.0000,592.0000,742.0000,1004.6688,1268.4958,1531.7820,1803.4820,1924.4829,2130.2129,2446.5734,1637.3896
2022-06-24,34,356.0000,480.3176,748.0000,1216.5972,1536.9041,1835.8859,2089.6619,2282.3263,2502.4920,2749.9102,1726.3347
2022-06-24,34,327.0000,464.4052,736.4198,1225.7143,1544.0000,1835.6664,2083.8815,2293.1313,2520.7534,2762.5864,1733.5680
2022-06-27,34,142.0000,395.0000,728.0000,1136.0000,1420.7106,1722.2096,1969.9952,2106.5613,2330.9035,2448.5228,1566.0230
2022-06-27,34,424.0000,593.0000,852.0000,1157.2422,1424.5055,1725.0431,1971.9671,2082.5017,2281.1748,2382.0541,1544.4632
2022-06-29,34,-9999.0000,-9999.0000,-9999.0000,-9999.0000,-9999.0000,-9999.0000,-9999.0000,-9999.0000,-9999.0000,-9999.0000,-9999.0000
2022-06-29,34,-9999.0000,-9999.0000,-9999.0000,-9999.0000,-9999.0000,-9999.0000,-9999.0000,-9999.0000,-9999.0000,-9999.0000,-9999.0000
2022-07-02,34,555.0000,901.4218,1261.5463,1859.0438,2203.0821,2462.5627,2772.0000,2988.5720,3224.7529,4090.0534,2827.1257
2022-07-02,34,615.0000,928.5304,1265.2678,1824.9583,2189.0827,2432.0000,2745.7595,2952.2479,3192.2842,4052.0750,2810.2815
2022-07-04,34,779.0000,1121.1636,1541.1447,2203.0166,2579.0000,2877.1141,3179.0000,3404.0000,3640.0000,4469.6472,2980.3826
2022-07-04,34,861.0000,1136.6875,1505.2818,2084.0348,2458.8582,2768.0000,3053.7045,3264.0000,3506.1601,4355.8633,2934.3978
2022-07-07,34,1596.0000,1760.0000,1910.0000,2264.0000,2586.0000,2923.0000,3190.0000,3452.0000,3491.0000,3863.0000,2720.0000
2022-07-07,34,-9999.0000,-9999.0000,-9999.0000,-9999.0000,-9999.0000,-9999.0000,-9999.0000,-9999.0000,-9999.0000,-9999.0000,-9999.0000
2022-07-09,34,799.0000,1496.9027,1736.8659,2138.9095,2475.1288,2744.0000,2985.2476,3272.0000,3338.0000,4177.8923,3153.6190
2022-07-09,34,823.0000,1464.0000,1684.8622,2059.7595,2378.4044,2642.3385,2912.0000,3184.0000,3261.4256,4107.3261,3093.1219
2022-07-12,34,676.0000,1041.0073,1394.8908,1986.9024,2326.5571,2547.0000,2822.7631,2994.0000,3207.0000,4236.0009,3043.8538
2022-07-12,34,730.0000,1064.9375,1396.5275,1938.7850,2274.7738,2500.2232,2789.9886,2953.5459,3144.9825,4173.9662,3019.8434
2022-07-14,34,-9999.0000,-9999.0000,-9999.0000,-9999.0000,-9999.0000,-9999.0000,-9999.0000,-9999.0000,-9999.0000,-9999.0000,-9999.0000
2022-07-14,34,-9999.0000,-9999.0000,-9999.0000,-9999.0000,-9999.0000,-9999.0000,-9999.0000,-9999.0000,-9999.0000,-9999.0000,-9999.0000
2022-07-17,34,710.0000,993.6895,1362.9466,1931.9475,2265.0443,2501.0000,2770.0000,2916.1528,3190.0000,4232.9876,2905.9890
2022-07-17,34,777.0000,1017.5582,1362.7620,1874.8808,2211.0830,2466.0000,2717.5177,2858.0000,3125.5580,4160.0000,2875.5121
2022-07-19,34,793.0000,1201.7447,1594.7552,2250.9552,2594.6721,2778.4951,3085.2568,3306.5986,3470.0000,4710.5723,3365.5468
2022-07-19,34,852.0000,1192.6806,1532.3252,2098.7104,2452.3908,2663.0000,2965.4900,3160.0000,3332.3827,4579.6542,3308.0211
2022-07-22,34,810.0000,1116.8050,1425.7215,1953.9825,2275.5143,2458.3483,2752.9996,2923.0000,3122.0000,4354.3420,3093.3167
2022-07-22,34,830.5879,1129.3174,1433.3785,1963.4406,2285.4019,2474.5940,2753.0000,2928.0180,3125.0000,4349.4266,3091.7991
2022-07-24,34,-9999.0000,-9999.0000,-9999.0000,-9999.0000,-9999.0000,-9999.0000,-9999.0000,-9999.0000,-9999.0000,-9999.0000,-9999.0000
2022-07-24,34,-9999.0000,-9999.0000,-9999.0000,-9999.0000,-9999.0000,-9999.0000,-9999.0000,-9999.0000,-9999.0000,-9999.0000,-9999.0000
2022-07-27,34,-9999.0000,-9999.0000,-9999.0000,-9999.0000,-9999.0000,-9999.0000,-9999.0000,-9999.0000,-9999.0000,-9999.0000,-9999.0000
2022-07-29,34,789.0000,1184.7721,1546.7689,2181.0559,2549.2219,2670.0000,2977.7754,3130.9246,3381.0000,4679.3400,3363.3866
2022-07-29,34,830.0000,1188.9138,1514.9033,2097.8169,2477.0000,2613.0000,2909.0000,3064.3063,3309.4413,4597.3051,3316.5311
2022-08-01,34,634.0000,905.6902,1148.4011,1546.5952,1778.0000,1921.9701,2121.7864,2234.9845,2380.5343,3837.9228,3035.5547
2022-08-01,34,678.0000,933.3499,1160.8279,1539.5314,1773.0000,1920.8885,2124.0082,2233.6873,2377.4015,3819.1189,3036.1965
2022-08-03,34,784.6060,984.3720,1268.8147,1714.4732,1987.4705,2156.9514,2333.7847,2459.0777,2649.6540,4251.5671,3180.1440
2022-08-03,34,805.0000,996.2072,1277.0136,1707.5762,1973.0461,2140.9402,2321.9438,2453.4458,2637.1677,4229.9502,3171.8931
2022-08-06,34,1173.0000,1333.9664,1572.0000,1881.3985,2168.0000,2387.5622,2613.2372,2683.8277,2921.8851,4147.9621,3117.5041
2022-08-06,34,-9999.0000,-9999.0000,-9999.0000,-9999.0000,-9999.0000,-9999.0000,-9999.0000,-9999.0000,-9999.0000,-9999.0000,-9999.0000
2022-08-08,34,833.2121,1121.6280,1361.1267,1793.2666,2096.1368,2229.5466,2481.5979,2578.0000,2805.7471,4491.4871,3557.5593
2022-08-08,34,848.0000,1124.4685,1368.6547,1810.9660,2108.6590,2222.4675,2460.0492,2586.9062,2790.0163,4490.0314,3554.7322
2022-08-11,34,683.0000,957.3511,1197.4186,1635.0034,1875.5590,2028.0000,2241.1324,2426.7455,2533.4594,3978.1958,3066.4106
2022-08-11,34,740.0000,985.5669,1209.8336,1611.6372,1849.1466,2004.0000,2207.0000,2400.8066,2505.0000,3924.0000,3051.3082
2022-08-16,34,663.0000,865.4896,1101.0546,1499.6262,1770.2187,1946.1860,2148.0000,2213.5147,2451.0000,3802.0000,2794.7135
2022-08-16,34,690.0000,893.6693,1129.3040,1506.9307,1784.7048,1946.2420,2131.0000,2219.7382,2440.0000,3780.8220,2788.1819
2022-08-21,34,598.0000,805.7112,993.3155,1258.6874,1497.7675,1636.2915,1819.6183,1875.2096,2025.3054,3395.6046,2890.6722
2022-08-21,34,618.0000,825.3010,997.0735,1259.2570,1494.8716,1645.5824,1809.7720,1883.3345,2029.3812,3397.1089,2891.8336
2022-08-23,34,-9999.0000,-9999.0000,-9999.0000,-9999.0000,-9999.0000,-9999.0000,-9999.0000,-9999.0000,-9999.0000,-9999.0000,-9999.0000
2022-08-23,34,-9999.0000,-9999.0000,-9999.0000,-9999.0000,-9999.0000,-9999.0000,-9999.0000,-9999.0000,-9999.0000,-9999.0000,-9999.0000
2022-08-26,34,687.0000,825.0838,1009.5268,1260.0012,1496.9765,1709.7855,1865.9614,1907.3959,2093.2322,3477.0000,2804.1225
2022-08-26,34,731.0000,857.4413,1024.8040,1266.6857,1509.8081,1713.9843,1870.2281,1907.1679,2106.6723,3467.6256,2795.4860
2022-08-28,34,1145.0000,1441.3264,1600.0645,1844.1366,2178.2977,2416.0000,2699.0049,2768.8069,2962.7317,4246.4771,3285.7440
2022-08-28,34,1014.0000,1444.0719,1592.9894,1826.6964,2151.0000,2390.0000,2654.4518,2731.1133,2913.8738,4227.1724,3270.6736
2022-08-31,34,-9999.0000,-9999.0000,-9999.0000,-9999.0000,-9999.0000,-9999.0000,-9999.0000,-9999.0000,-9999.0000,-9999.0000,-9999.0000
2022-08-31,34,-9999.0000,-9999.0000,-9999.0000,-9999.0000,-9999.0000,-9999.0000,-9999.0000,-9999.0000,-9999.0000,-9999.0000,-9999.0000
2022-09-02,34,2528.0000,1848.0000,1826.0000,2056.0000,2431.0000,2668.0000,2896.0000,2850.0000,3033.0000,3540.0000,2766.0000
2022-09-02,34,2412.0000,1808.0000,1894.0000,2052.0000,2447.0000,2805.0000,2927.0000,2842.0000,3148.0000,3369.0000,2639.0000
2022-09-05,34,-9999.0000,-9999.0000,-9999.0000,-9999.0000,-9999.0000,-9999.0000,-9999.0000,-9999.0000,-9999.0000,-9999.0000,-9999.0000
2022-09-07,34,-9999.0000,-9999.0000,-9999.0000,-9999.0000,-9999.0000,-9999.0000,-9999.0000,-9999.0000,-9999.0000,-9999.0000,-9999.0000
2022-09-07,34,-9999.0000,-9999.0000,-9999.0000,-9999.0000,-9999.0000,-9999.0000,-9999.0000,-9999.0000,-9999.0000,-9999.0000,-9999.0000
2022-09-10,34,502.0000,685.2326,833.3901,977.7552,1221.0389,1514.6976,1684.1018,1729.9133,1867.7296,2861.6639,2388.4907
2022-09-10,34,556.3061,717.1663,853.1130,989.8922,1229.8813,1521.5224,1700.3207,1738.4870,1869.0000,2856.3841,2380.3397
2022-09-12,34,730.0000,836.9976,1021.5410,1164.4260,1458.9808,1835.0000,1987.5382,2068.2633,2213.0204,3243.9192,2634.5370
2022-09-12,34,770.5417,865.5542,1028.3150,1164.9888,1456.0168,1829.0000,1972.8711,2050.5894,2194.6749,3245.0353,2632.0000
2022-09-15,34,644.5012,777.6859,949.1650,1072.5280,1345.1249,1726.6287,1908.1918,1900.4281,2109.8329,3060.2319,2426.9679
2022-09-15,34,663.0000,789.1555,953.5141,1072.4632,1349.2357,1729.3819,1907.0000,1906.3776,2100.0000,3067.2100,2444.4580
2022-09-20,34,418.0000,612.8428,765.2589,874.1115,1140.7863,1609.9570,1780.8686,1916.6484,1971.3385,2636.9978,2156.9886
2022-09-20,34,482.0000,653.5702,793.7713,877.0316,1141.5353,1608.0000,1771.9325,1922.6720,1973.8868,2632.6230,2169.6963
2022-09-22,34,604.0000,714.0000,901.2307,996.8982,1318.2209,1870.0000,2012.7818,2154.2567,2235.0235,2923.0000,2298.5189
2022-09-22,34,667.0000,744.8472,925.1041,1001.0000,1324.7099,1867.0000,2014.4873,2147.3042,2219.3478,2921.1306,2316.7044
2022-09-27,34,-9999.0000,-9999.0000,-9999.0000,-9999.0000,-9999.0000,-9999.0000,-9999.0000,-9999.0000,-9999.0000,-9999.0000,-9999.0000
2022-09-27,34,-9999.0000,-9999.0000,-9999.0000,-9999.0000,-9999.0000,-9999.0000,-9999.0000,-9999.0000,-9999.0000,-9999.0000,-9999.0000
2022-10-02,34,942.0000,896.6621,1073.5214,1001.0000,1484.5649,2355.0000,2548.7865,2604.0000,2754.0000,2668.0000,1851.0000
2022-10-02,34,-9999.0000,-9999.0000,-9999.0000,-9999.0000,-9999.0000,-9999.0000,-9999.0000,-9999.0000,-9999.0000,-9999.0000,-9999.0000
2022-10-05,34,1383.0000,1261.7743,1412.8616,1289.4167,1803.0000,2818.0000,3125.2399,3160.9843,3307.0000,2997.0000,2133.0000
2022-10-05,34,-9999.0000,-9999.0000,-9999.0000,-9999.0000,-9999.0000,-9999.0000,-9999.0000,-9999.0000,-9999.0000,-9999.0000,-9999.0000
2022-10-07,34,441.0000,652.5205,810.2069,721.5943,1174.2755,2121.0000,2395.9671,2476.0000,2505.0000,2283.0000,1628.0000
2022-10-07,34,493.0000,686.0000,826.5346,741.6863,1180.0000,2092.0000,2356.6318,2476.5133,2489.0000,2275.0000,1618.0000
2022-10-10,34,-9999.0000,-9999.0000,-9999.0000,-9999.0000,-9999.0000,-9999.0000,-9999.0000,-9999.0000,-9999.0000,-9999.0000,-9999.0000
2022-10-10,34,-9999.0000,-9999.0000,-9999.0000,-9999.0000,-9999.0000,-9999.0000,-9999.0000,-9999.0000,-9999.0000,-9999.0000,-9999.0000
2022-10-12,34,-9999.0000,-9999.0000,-9999.0000,-9999.0000,-9999.0000,-9999.0000,-9999.0000,-9999.0000,-9999.0000,-9999.0000,-9999.0000
2022-10-15,34,103.0000,236.1058,470.5289,413.3061,874.4909,1888.0000,2139.2306,2107.2214,2301.0000,1617.5781,982.0000
2022-10-15,34,301.0000,392.3333,590.0000,488.9076,916.0000,1841.6162,2076.8018,2050.9310,2221.0122,1582.3964,991.0000
2022-10-17,34,668.0000,818.5080,954.1981,777.7484,1288.6312,2449.5247,2794.0000,2875.8419,2971.4881,2169.1091,1450.2887
2022-10-17,34,818.0000,924.0009,1024.0000,833.3423,1306.7067,2442.0000,2788.5386,2834.7013,2930.5398,2148.0000,1430.0000
2022-10-20,34,197.0000,432.0000,676.3491,544.7542,1106.0000,2415.0000,2803.7162,2804.2603,2939.5588,1998.0186,1344.6762
2022-10-20,34,619.0000,730.1017,876.4163,706.0000,1176.7894,2264.0000,2628.9983,2624.4333,2747.4251,1931.0000,1296.0000
2022-10-25,34,-9999.0000,-9999.0000,-9999.0000,-9999.0000,-9999.0000,-9999.0000,-9999.0000,-9999.0000,-9999.0000,-9999.0000,-9999.0000
2022-10-25,34,-9999.0000,-9999.0000,-9999.0000,-9999.0000,-9999.0000,-9999.0000,-9999.0000,-9999.0000,-9999.0000,-9999.0000,-9999.0000
2022-10-27,34,311.0000,482.4494,708.1180,515.0000,1079.0000,2571.0000,3010.4950,3011.0000,3162.0000,1849.6559,1093.6329
2022-10-27,34,513.0000,606.3953,788.4222,574.3925,1124.6540,2488.0000,2923.2930,2988.1387,3024.0000,1841.0000,1095.0000
2022-10-30,34,332.0000,496.0600,718.5476,534.0334,1086.5124,2471.0000,2900.3700,2917.0000,3060.0335,1736.6872,1076.1243
2022-10-30,34,409.0000,552.0203,746.0607,556.0000,1096.5166,2436.6042,2796.0000,2866.4406,2992.6430,1724.8535,1064.8979
2022-11-04,34,0.0000,0.0000,56.0000,35.0000,198.0000,618.0866,729.4705,729.4769,781.0000,302.0000,158.0000
2022-11-04,34,0.0000,0.0000,59.0000,31.0000,198.0000,619.0000,725.4761,721.0460,774.3601,301.0000,160.0000
2022-11-06,34,244.0000,414.0000,636.1923,410.3973,1007.0000,2554.5403,3020.0000,3127.0638,3150.0000,1778.0000,989.1886
2022-11-06,34,271.0000,428.5215,647.0000,412.2764,1018.8043,2587.0000,2993.5921,3126.2219,3140.1981,1777.9046,988.0000
2022-11-21,34,263.0000,268.0000,370.0000,240.0000,478.0000,1094.0000,1200.0000,1209.8214,1193.0000,486.0000,252.0000
2022-11-21,34,401.0000,384.0000,439.0000,298.0000,512.4943,1041.0000,1126.0000,1138.3504,1131.4756,457.8985,237.7902
2022-11-24,34,167.0000,277.0000,534.2312,350.8249,978.0000,2477.2905,2884.4212,2984.6511,3045.0000,1530.5147,806.0000
2022-11-24,34,218.0000,309.0000,552.2753,358.2637,979.0000,2441.0139,2809.0000,2979.0178,3011.6375,1518.3645,810.2810
2022-11-26,34,-9999.0000,-9999.0000,-9999.0000,-9999.0000,-9999.0000,-9999.0000,-9999.0000,-9999.0000,-9999.0000,-9999.0000,-9999.0000
2022-11-26,34,-9999.0000,-9999.0000,-9999.0000,-9999.0000,-9999.0000,-9999.0000,-9999.0000,-9999.0000,-9999.0000,-9999.0000,-9999.0000
2022-12-01,34,1208.0000,1489.0985,1628.0000,1350.0000,1841.0000,2944.0000,3161.0000,3474.3162,3311.0000,2106.0000,1452.0000
2022-12-06,34,-9999.0000,-9999.0000,-9999.0000,-9999.0000,-9999.0000,-9999.0000,-9999.0000,-9999.0000,-9999.0000,-9999.0000,-9999.0000
2023-01-10,34,246.0000,320.0000,526.1682,458.4005,911.0000,1827.0000,2086.0460,2330.6253,2325.7085,1590.5060,939.0000
2023-01-10,34,278.0000,344.0000,542.5533,464.6553,916.5133,1858.8121,2092.0000,2345.1476,2348.0000,1598.9312,939.0000
2023-01-20,34,-9999.0000,-9999.0000,-9999.0000,-9999.0000,-9999.0000,-9999.0000,-9999.0000,-9999.0000,-9999.0000,-9999.0000,-9999.0000
2023-01-20,34,-9999.0000,-9999.0000,-9999.0000,-9999.0000,-9999.0000,-9999.0000,-9999.0000,-9999.0000,-9999.0000,-9999.0000,-9999.0000
2023-01-25,34,334.0000,502.0000,658.9255,588.4552,1040.0249,1915.2641,2185.0000,2402.8099,2378.2629,2052.2183,1377.0000
2023-01-25,34,364.0000,524.0000,672.5380,592.2202,1050.0000,1946.6291,2189.0000,2419.2499,2389.7283,2048.6138,1370.8216
2023-01-28,34,678.0000,736.0000,804.0000,676.3413,976.0000,1533.0818,1668.3950,1770.0000,1758.0000,1214.0000,799.0000
2023-01-28,34,707.0000,761.0000,798.2394,668.0000,921.0000,1450.1775,1594.0000,1702.0000,1672.0000,1149.0000,775.0000
2023-01-30,34,-9999.0000,-9999.0000,-9999.0000,-9999.0000,-9999.0000,-9999.0000,-9999.0000,-9999.0000,-9999.0000,-9999.0000,-9999.0000
2023-01-30,34,-9999.0000,-9999.0000,-9999.0000,-9999.0000,-9999.0000,-9999.0000,-9999.0000,-9999.0000,-9999.0000,-9999.0000,-9999.0000
2023-02-02,34,805.0000,874.0000,1014.0000,983.0000,1416.5779,2101.0000,2273.3375,2489.0732,2473.1808,1974.4479,1208.0305
2023-02-02,34,615.0000,672.2118,858.0000,856.1635,1364.4060,2105.5254,2321.1058,2523.0337,2542.0000,2007.0000,1208.0000
2023-02-04,34,-9999.0000,-9999.0000,-9999.0000,-9999.0000,-9999.0000,-9999.0000,-9999.0000,-9999.0000,-9999.0000,-9999.0000,-9999.0000
2023-02-04,34,-9999.0000,-9999.0000,-9999.0000,-9999.0000,-9999.0000,-9999.0000,-9999.0000,-9999.0000,-9999.0000,-9999.0000,-9999.0000
2023-02-07,34,293.0000,456.0000,606.0000,618.4941,1042.0000,1806.0000,2042.7355,2330.2755,2269.7482,2003.0000,1400.0000
2023-02-07,34,330.0000,455.0000,600.6987,606.4502,1046.0000,1823.0000,2045.0000,2344.2431,2278.6465,2004.7955,1408.8032
2023-02-09,34,523.0000,564.0000,738.7567,750.4359,1206.9776,1982.0000,2170.2995,2514.9770,2444.0000,2306.4232,1534.5028
2023-02-09,34,558.0000,582.0000,750.1455,754.3953,1208.6065,1978.0000,2204.0000,2524.0359,2458.0000,2310.5017,1538.0000
2023-02-12,34,326.0000,433.0000,630.1966,694.1786,1177.5934,1905.0000,2128.0000,2361.8998,2398.0000,2337.0406,1532.0000
2023-02-12,34,308.0000,404.0000,602.0926,672.2796,1165.6949,1928.0000,2154.5042,2387.0450,2435.0000,2354.4719,1541.0614
2023-02-14,34,296.0000,492.6158,648.0000,724.0000,1233.0000,1992.0000,2232.0000,2545.2886,2517.8999,2406.0000,1593.0397
2023-02-14,34,528.0000,660.0000,770.7897,804.5498,1266.5122,1910.5207,2171.0000,2468.0948,2433.8396,2347.0000,1590.0000
2023-02-17,34,-9999.0000,-9999.0000,-9999.0000,-9999.0000,-9999.0000,-9999.0000,-9999.0000,-9999.0000,-9999.0000,-9999.0000,-9999.0000
2023-02-27,34,-9999.0000,-9999.0000,-9999.0000,-9999.0000,-9999.0000,-9999.0000,-9999.0000,-9999.0000,-9999.0000,-9999.0000,-9999.0000
2023-02-27,34,-9999.0000,-9999.0000,-9999.0000,-9999.0000,-9999.0000,-9999.0000,-9999.0000,-9999.0000,-9999.0000,-9999.0000,-9999.0000
2023-03-09,34,904.6060,1036.0000,1224.6546,1333.4557,1821.6885,2445.0000,2691.6371,2874.7454,2954.9766,3145.8902,2353.0000
2023-03-09,34,600.0000,860.0000,1101.0016,1241.1951,1763.0000,2425.1840,2707.0000,2890.0000,2996.3033,3217.3851,2385.4967
2023-03-11,34,646.0000,776.0185,1019.0000,1141.8157,1645.0336,2410.0232,2641.5818,2802.1316,2890.0572,2981.6081,2115.7563
2023-03-11,34,686.0000,806.5757,1048.6795,1148.7482,1656.2362,2403.6352,2621.7292,2786.5767,2893.8794,2969.2934,2129.2683
2023-03-16,34,441.0000,628.4925,862.0000,916.0000,1485.2545,2395.1127,2653.5807,2964.0000,2901.5254,2717.5714,1905.4109
2023-03-16,34,489.0000,656.5357,876.7082,929.6394,1477.4259,2364.9483,2635.7017,2942.0000,2873.0000,2698.6763,1892.9808
2023-03-21,34,482.4227,586.1576,860.2403,902.0000,1517.7388,2492.6944,2725.0979,2873.6450,2971.0004,2761.0121,1910.6207
2023-03-21,34,556.0000,632.5484,882.2702,913.0266,1512.5388,2461.0266,2684.9862,2834.6631,2938.6923,2744.2749,1901.0000
2023-03-29,34,464.0000,636.2863,896.1630,846.6538,1505.1609,2628.3061,2938.0000,3145.9263,3163.4193,2514.0163,1734.0959
2023-03-29,34,515.0000,672.3383,916.1478,861.0000,1514.4669,2634.3726,2930.5019,3155.1297,3162.4350,2509.0000,1723.0000
2023-04-03,34,370.0000,492.2170,808.6667,745.2730,1417.5396,2654.0000,2933.4202,3186.9802,3166.0000,2377.8227,1572.5914
2023-04-03,34,439.0000,550.0000,838.5050,757.7044,1421.6806,2634.1987,2925.4772,3178.1706,3163.0000,2373.5889,1565.0000
2023-04-05,34,640.0000,772.1333,1046.0000,944.3697,1650.5066,2881.5889,3219.9065,3576.7914,3432.0000,2545.4944,1742.0925
2023-04-05,34,719.0000,830.1000,1090.0000,977.1717,1645.0441,2875.0000,3201.7020,3552.8556,3417.0915,2533.7131,1729.9919
2023-04-05,34,661.0000,810.9118,1104.7208,1004.6768,1724.5927,3050.3812,3356.3757,3714.1475,3548.8362,2613.6994,1779.0000
2023-04-05,34,689.0000,814.0000,1093.5364,981.5519,1676.9594,2940.9257,3258.9982,3617.7810,3460.9747,2559.0000,1737.3494
2023-04-08,34,1911.0000,1952.0000,2060.0000,1924.0000,2577.0109,3277.7671,3518.1618,3740.0000,3739.0000,2837.9948,2117.6292
2023-04-08,34,1322.0000,1490.0000,1718.0000,1656.0000,2255.0000,2972.4125,3260.7521,3528.0000,3502.0404,2790.1334,2082.5727
2023-04-10,34,538.0000,681.8791,1012.7220,1089.5914,1794.5231,2683.1980,2949.3447,3306.7077,3304.2219,3119.0000,2105.5018
2023-04-10,34,605.0000,720.6250,1033.0680,1090.0000,1784.9835,2658.6309,2937.9713,3274.2190,3278.0000,3090.1033,2090.9422
2023-04-15,34,1666.0000,1802.0000,1896.0000,1814.0000,2282.6395,2852.7673,3074.0000,3256.0000,3211.0000,2070.4923,1539.0000
2023-04-18,34,457.0000,670.0000,980.0000,1013.0334,1741.7231,2709.0000,3006.0000,3227.2961,3283.8895,2915.9599,2038.0000
2023-04-18,34,523.0000,718.5725,1004.7456,1016.9780,1733.1603,2684.3512,2994.0000,3184.3555,3262.0000,2897.0134,2022.8071
2023-04-23,34,-9999.0000,-9999.0000,-9999.0000,-9999.0000,-9999.0000,-9999.0000,-9999.0000,-9999.0000,-9999.0000,-9999.0000,-9999.0000
2023-04-23,34,-9999.0000,-9999.0000,-9999.0000,-9999.0000,-9999.0000,-9999.0000,-9999.0000,-9999.0000,-9999.0000,-9999.0000,-9999.0000
2023-04-30,34,-9999.0000,-9999.0000,-9999.0000,-9999.0000,-9999.0000,-9999.0000,-9999.0000,-9999.0000,-9999.0000,-9999.0000,-9999.0000
2023-04-30,34,-9999.0000,-9999.0000,-9999.0000,-9999.0000,-9999.0000,-9999.0000,-9999.0000,-9999.0000,-9999.0000,-9999.0000,-9999.0000
2023-05-05,34,360.0000,502.2284,832.2938,653.2908,1469.6773,2875.9121,3245.0000,3432.9109,3448.0000,2430.1683,1573.7814
2023-05-05,34,468.0000,578.4209,874.0898,690.3391,1442.0000,2762.0000,3133.0000,3329.1019,3345.0000,2397.0000,1564.4007
2023-05-13,34,-9999.0000,-9999.0000,-9999.0000,-9999.0000,-9999.0000,-9999.0000,-9999.0000,-9999.0000,-9999.0000,-9999.0000,-9999.0000
2023-05-13,34,-9999.0000,-9999.0000,-9999.0000,-9999.0000,-9999.0000,-9999.0000,-9999.0000,-9999.0000,-9999.0000,-9999.0000,-9999.0000
2023-05-15,34,407.0000,520.2075,844.4083,601.1657,1439.0000,2956.2188,3381.0000,3521.8284,3554.3727,2130.0000,1263.0000
2023-05-15,34,438.0000,534.4472,854.7055,605.5133,1438.6320,2946.6229,3355.0000,3508.0000,3561.0000,2134.0000,1259.0000
2023-05-18,34,-9999.0000,-9999.0000,-9999.0000,-9999.0000,-9999.0000,-9999.0000,-9999.0000,-9999.0000,-9999.0000,-9999.0000,-9999.0000
2023-05-18,34,-9999.0000,-9999.0000,-9999.0000,-9999.0000,-9999.0000,-9999.0000,-9999.0000,-9999.0000,-9999.0000,-9999.0000,-9999.0000
2023-05-23,34,281.0000,384.4541,766.5110,604.8094,1429.0000,2963.0000,3315.6541,3458.8942,3573.3551,2174.0000,1284.0000
2023-05-23,34,372.0000,448.0000,810.4755,637.2221,1456.0000,2928.5724,3310.0000,3458.5179,3596.0000,2165.5046,1295.0000
2023-05-25,34,330.0000,486.2917,852.5000,676.8930,1564.5278,3206.0000,3727.0000,3858.0132,3950.0000,2404.0000,1454.0000
2023-05-25,34,478.0000,578.2846,902.1425,705.5707,1531.0000,3067.0609,3508.0000,3691.9023,3769.3993,2363.2013,1462.0000
2023-05-28,34,-9999.0000,-9999.0000,-9999.0000,-9999.0000,-9999.0000,-9999.0000,-9999.0000,-9999.0000,-9999.0000,-9999.0000,-9999.0000
2023-05-28,34,-9999.0000,-9999.0000,-9999.0000,-9999.0000,-9999.0000,-9999.0000,-9999.0000,-9999.0000,-9999.0000,-9999.0000,-9999.0000
2023-05-30,34,1205.0000,1240.6907,1650.0000,1585.2432,2446.6799,3545.6185,3897.0000,4113.3333,4163.0000,3146.0000,2169.0000
2023-05-30,34,1264.0000,1260.2671,1669.1692,1587.1221,2403.2463,3524.0000,3843.0000,4050.3060,4107.3838,3142.3711,2150.0000
2023-06-02,34,878.0000,1292.1942,1642.8684,2034.8369,2323.3759,2494.3282,2649.5543,2683.2649,2875.4199,3467.4674,2887.7112
2023-06-02,34,899.0000,1290.9373,1642.9699,1989.9141,2282.6169,2492.6939,2659.2077,2668.4489,2852.5470,3441.0000,2858.7958
2023-06-04,34,1221.8043,1619.0112,1898.4385,2105.1230,2328.2300,2547.0000,2789.5054,2722.6345,2867.4453,2861.0000,2521.0000
2023-06-04,34,1279.0000,1657.8358,1939.3034,2120.1453,2378.3428,2582.0000,2830.0000,2762.8239,2912.0000,2887.2326,2552.0000
2023-06-07,34,1266.9477,1689.7703,2076.3835,2517.4683,2697.7722,2765.0000,2947.6252,3028.8100,3125.1437,3731.6924,3369.1394
2023-06-07,34,1228.0000,1594.0861,1940.2739,2343.3730,2588.2923,2697.7907,2875.7174,2921.6542,3036.3170,3644.9298,3318.9359
2023-06-09,34,1472.0000,1736.7668,2146.2454,2551.7564,2851.3671,3110.9392,3285.2751,3329.3296,3493.0265,4265.8718,3716.0525
2023-06-09,34,1456.0000,1683.6308,2066.7273,2427.9574,2778.5553,3065.0000,3242.3054,3242.7858,3443.4531,4217.9143,3701.5022
2023-06-12,34,1339.4654,1691.3272,2091.6683,2535.0031,2779.6670,2853.0000,2985.0064,3035.6755,3146.1466,3781.0000,3301.0707
2023-06-12,34,1289.4121,1650.9854,2042.6516,2436.2164,2683.6419,2794.0000,2936.0000,2987.4328,3097.7506,3713.7133,3272.2454
2023-06-14,34,1964.0000,2354.9595,2621.3690,2852.7516,3299.7190,3620.0000,3923.4863,3850.5762,4072.0000,3975.2758,3508.0000
2023-06-14,34,1881.0000,2401.0884,2700.0000,2901.6514,3394.0000,3760.2040,4116.6974,3866.6667,4330.0000,3973.0000,3950.0000
2023-06-17,34,1343.0000,1707.0872,2098.2233,2519.0970,2788.8781,2962.6869,3161.5264,3260.9464,3305.9467,3964.5398,3735.5591
2023-06-17,34,1301.0000,1666.7317,2059.8350,2440.5558,2709.9329,2907.0000,3099.0000,3204.0000,3249.0000,3910.3127,3702.4085
2023-06-19,34,1586.0000,1953.3155,2437.9643,2867.7303,3188.9082,3381.0000,3509.0844,3530.0143,3701.8702,4346.3874,3833.8043
2023-06-19,34,1447.0000,1778.6454,2201.9162,2586.0824,2949.5304,3191.0000,3345.0017,3328.0000,3513.2737,4201.6797,3767.1901
2023-06-22,34,-9999.0000,-9999.0000,-9999.0000,-9999.0000,-9999.0000,-9999.0000,-9999.0000,-9999.0000,-9999.0000,-9999.0000,-9999.0000
2023-06-24,34,1538.0000,1932.9961,2378.8348,2728.7820,3123.8886,3362.6332,3597.4566,3604.0000,3710.0000,4357.4734,4022.6869
2023-06-24,34,1483.0000,1938.2089,2387.0711,2725.7694,3115.4893,3348.8892,3594.2962,3608.0000,3701.9102,4346.2336,4006.2967
2023-06-27,34,1439.0000,1929.8976,2408.2408,2744.5635,3094.7479,3440.3914,3697.4678,3748.0113,3877.4685,4263.4125,3765.3841
2023-06-27,34,1408.0000,1915.2551,2375.4643,2711.0339,3045.2863,3412.9773,3670.3083,3713.4103,3846.0000,4231.5005,3751.3214
2023-06-29,34,1203.0000,1565.0000,2051.0312,2316.1789,2756.6018,3306.5141,3484.5910,3561.5005,3657.5482,3977.2978,3288.6620
2023-06-29,34,1209.0000,1473.5082,1921.7278,2153.0501,2620.1361,3145.1901,3336.0000,3393.9498,3507.1342,3864.0000,3258.2638
2023-07-02,34,624.0000,900.0045,1259.0029,1473.1890,1890.2901,2296.1780,2475.9900,2442.6480,2669.6401,2803.8818,2114.4383
2023-07-02,34,795.0000,944.3364,1229.0251,1362.4602,1750.0458,2192.8694,2379.6204,2330.0405,2534.0847,2693.5416,2036.0000
2023-07-04,34,1103.0000,1548.7837,1980.7727,2233.9400,2695.4683,3120.0016,3376.5313,3354.5115,3526.0000,3864.9997,3288.7173
2023-07-04,34,1108.0000,1458.4644,1857.9854,2088.7355,2562.0000,2973.5355,3240.0000,3240.0233,3388.2067,3783.0000,3267.0000
2023-07-07,34,1090.0000,1481.6277,1900.2570,2118.4890,2565.0000,3066.0267,3297.6047,3364.8229,3468.9875,3785.9022,3367.8579
2023-07-07,34,1129.4886,1480.7500,1875.0008,2088.1892,2507.4420,3029.3367,3275.0000,3336.0000,3439.0000,3767.1970,3369.6155
2023-07-09,34,1365.0000,1731.7419,2216.1943,2437.3213,2932.0505,3576.0000,3760.0000,3748.0000,3936.2931,4170.3025,3493.2159
2023-07-09,34,1344.0000,1625.7494,2076.6326,2279.7638,2785.0000,3420.0122,3621.0000,3608.0000,3817.5981,4088.6267,3460.8104
2023-07-12,34,-9999.0000,-9999.0000,-9999.0000,-9999.0000,-9999.0000,-9999.0000,-9999.0000,-9999.0000,-9999.0000,-9999.0000,-9999.0000
2023-07-14,34,1121.5746,1584.0000,2026.8854,2132.3604,2675.2313,3568.6216,3913.0000,3920.0000,4039.0000,3901.6340,3240.2484
2023-07-14,34,1227.0000,1539.2069,1938.3299,2055.4792,2569.6137,3440.5365,3765.2975,3796.0000,3909.5680,3831.6294,3209.3903
2023-07-17,34,862.0000,1171.5673,1571.1512,1626.7043,2137.9743,3273.0000,3650.0000,3610.1320,3773.4155,3288.9279,2624.0000
2023-07-17,34,963.0000,1162.1364,1521.8883,1555.5443,2043.9131,3130.2417,3501.6124,3476.0000,3641.0000,3210.4951,2584.3842
2023-07-19,34,-9999.0000,-9999.0000,-9999.0000,-9999.0000,-9999.0000,-9999.0000,-9999.0000,-9999.0000,-9999.0000,-9999.0000,-9999.0000
2023-07-22,34,1230.0000,1142.0000,1360.0000,1232.0000,1727.0000,2953.0000,3364.0000,3384.0000,3545.0000,2699.0000,1689.0000
2023-07-22,34,1170.0000,1158.0000,1404.0000,1216.0000,1735.0000,2961.0000,3401.0000,3604.0000,3617.0000,2629.0000,1641.0000
2023-07-27,34,286.0000,384.0000,636.5000,478.0000,962.1665,2829.3531,3409.2135,3415.9057,3524.7669,2028.0000,1169.9072
2023-07-27,34,320.0000,422.4671,654.3056,484.5015,993.9064,2793.0000,3363.2364,3397.1064,3476.4963,2018.0000,1153.9667
2023-07-29,34,463.0000,481.4549,844.6972,586.7024,1282.0738,4014.4818,4732.6930,4594.4818,4847.0000,2684.4584,1480.0000
2023-07-29,34,474.0000,504.7864,866.0000,593.5646,1305.4806,3987.2118,4688.0000,4536.3136,4790.0000,2681.0000,1486.0233
2023-08-03,34,-9999.0000,-9999.0000,-9999.0000,-9999.0000,-9999.0000,-9999.0000,-9999.0000,-9999.0000,-9999.0000,-9999.0000,-9999.0000
2023-08-06,34,208.0000,282.2804,522.1995,225.3691,858.3839,4122.6938,5461.1593,5323.0129,5512.0000,2289.7779,1110.5718
2023-08-06,34,244.0000,304.4860,536.4123,233.6584,868.0000,4091.0287,5413.3504,5265.1297,5477.0000,2280.5971,1107.0000
2023-08-08,34,337.0000,305.6569,606.0067,268.3357,998.0919,4759.7809,6058.2391,6021.9806,6191.0000,2565.3920,1210.8704
2023-08-08,34,368.0000,336.2301,633.0000,280.3437,1010.2365,4742.0000,5998.0000,5928.0000,6135.9291,2552.2919,1210.8484
2023-08-11,34,-9999.0000,-9999.0000,-9999.0000,-9999.0000,-9999.0000,-9999.0000,-9999.0000,-9999.0000,-9999.0000,-9999.0000,-9999.0000
2023-08-11,34,-9999.0000,-9999.0000,-9999.0000,-9999.0000,-9999.0000,-9999.0000,-9999.0000,-9999.0000,-9999.0000,-9999.0000,-9999.0000
2023-08-13,34,230.0000,281.9213,501.9673,213.3491,809.2006,4238.0000,5995.5867,5881.4251,6135.8746,2448.7650,1150.6816
2023-08-13,34,361.0000,393.5703,573.9719,281.9780,854.0000,4035.4619,5703.3231,5573.3137,5847.5526,2430.0000,1140.4606
2023-08-16,34,316.0000,356.4884,485.2567,257.8123,696.8180,3603.5694,5316.1442,5205.1229,5528.3695,2060.5067,948.6848
2023-08-16,34,360.0000,388.3958,509.8127,269.4104,715.0000,3595.5531,5271.7209,5192.5415,5483.0000,2061.0000,946.6793
2023-08-18,34,255.0000,273.2300,461.4435,225.0977,729.7993,4355.5255,6043.4526,5794.9091,6329.8977,2385.0000,1033.0000
2023-08-18,34,385.0000,344.7875,509.7425,269.2120,772.0000,4188.2886,5783.2915,5665.7193,6039.9546,2346.8759,1032.0000
2023-08-21,34,199.0000,213.5278,365.4339,201.9053,623.0000,3418.6243,4941.0000,4936.3739,5194.1727,1865.0000,806.2859
2023-08-21,34,272.0000,268.5963,397.2217,225.3601,638.0696,3372.8371,4825.1835,4900.5855,5143.0507,1862.1807,808.0000
2023-08-23,34,222.0000,281.3983,425.7883,221.4597,669.9365,3505.6553,5226.4491,5216.3948,5450.3758,1984.9087,898.9317
2023-08-23,34,404.0000,421.6333,525.4612,317.4134,729.1548,3320.7542,4882.1739,4951.9457,5126.0000,1961.0000,897.1893
2023-08-26,34,236.0000,290.4615,425.4820,237.6191,664.6265,3307.6005,4834.0999,4838.9948,5093.3802,1830.7201,836.5845
2023-08-26,34,329.0000,356.6040,473.2852,268.9357,684.8185,3241.4756,4731.0000,4752.8366,4978.6292,1816.0000,832.0000
2023-08-31,34,307.0000,340.0000,540.3586,272.5324,873.9003,4697.1112,6257.3838,6226.7768,6547.2723,2538.5380,1093.3651
2023-08-31,34,508.0000,492.0000,636.1675,356.3405,912.6380,4406.5825,5859.8423,5870.1414,6170.3344,2483.1921,1086.7615
2023-09-02,34,266.0000,316.3837,486.2921,218.6468,812.9769,4273.9991,5858.8209,5796.1480,6011.8215,2381.7755,1049.0000
2023-09-02,34,353.0000,386.0438,532.2564,258.5455,825.0000,4156.3018,5704.8199,5668.0000,5847.3683,2363.0000,1047.0000
2023-09-05,34,196.0000,272.2727,456.2965,214.2817,764.0000,3925.7734,5259.1535,5477.2300,5447.6883,2081.0307,956.5835
2023-09-05,34,268.0000,320.4275,488.2125,234.3345,774.0000,3897.6516,5204.9032,5441.9749,5400.6875,2076.7425,962.7050
2023-09-07,34,255.0000,252.3327,482.5570,221.4002,834.0000,4179.1060,5303.0865,5475.0787,5559.6577,2177.0000,966.0000
2023-09-07,34,316.0000,300.2644,512.5901,245.9703,842.4360,4108.2932,5238.7001,5379.1035,5467.6063,2164.9656,964.2554
2023-09-10,34,214.0000,258.6064,498.7536,261.8999,892.2878,3853.8085,4931.9790,5031.0607,5126.2019,1993.0000,894.2521
2023-09-10,34,309.0000,322.3140,536.3750,289.9839,908.6229,3794.9334,4828.1479,4980.2532,5043.9879,1984.0005,890.6591
2023-09-12,34,-9999.0000,-9999.0000,-9999.0000,-9999.0000,-9999.0000,-9999.0000,-9999.0000,-9999.0000,-9999.0000,-9999.0000,-9999.0000
2023-09-17,34,1207.0000,1009.0000,1328.0000,942.0000,1719.0000,4577.0000,5310.0000,5332.0000,5494.0000,2564.0000,1457.0000
2023-09-25,34,241.0000,430.0000,952.4634,740.9706,1868.4138,3149.0000,3565.0000,3732.3694,3903.0000,1938.4611,1076.8705
2023-09-25,34,293.0000,462.0000,968.6944,737.5554,1862.0000,3140.0000,3561.0000,3740.0000,3889.0000,1933.6030,1073.0000
2023-09-27,34,513.0000,640.0000,1092.0000,1061.1841,1937.2213,2895.0000,3166.3441,3418.6527,3574.0000,2201.2557,1314.0000
2023-09-27,34,581.0000,684.0000,1109.0991,1072.0000,1927.0000,2824.0060,3130.5232,3361.2004,3510.0000,2203.0000,1309.0000
2023-09-30,34,-9999.0000,-9999.0000,-9999.0000,-9999.0000,-9999.0000,-9999.0000,-9999.0000,-9999.0000,-9999.0000,-9999.0000,-9999.0000
2023-09-30,34,-9999.0000,-9999.0000,-9999.0000,-9999.0000,-9999.0000,-9999.0000,-9999.0000,-9999.0000,-9999.0000,-9999.0000,-9999.0000
2023-10-02,34,390.0000,620.4030,888.2529,1133.3655,1717.1692,2290.4182,2637.0683,2874.3279,3101.0000,2638.9334,1709.5014
2023-10-02,34,546.0000,722.0812,946.0877,1140.6958,1696.0324,2226.2117,2590.5589,2796.4583,3015.0000,2584.6539,1682.4471
2023-10-07,34,430.0000,552.1951,820.0000,1085.8408,1502.4182,1982.8909,2237.4211,2480.7669,2644.0000,2611.1168,1741.0293
2023-10-07,34,489.0000,596.0000,846.9259,1088.8679,1504.9750,1973.3109,2237.7119,2469.9623,2614.2786,2586.4729,1743.0000
2023-10-12,34,-9999.0000,-9999.0000,-9999.0000,-9999.0000,-9999.0000,-9999.0000,-9999.0000,-9999.0000,-9999.0000,-9999.0000,-9999.0000
2023-10-17,34,780.3701,1005.8460,1297.2542,1765.0782,2051.3999,2220.1993,2416.7592,2709.1014,2788.2709,3620.1790,2850.8674
2023-10-17,34,820.4760,1025.2139,1309.0109,1769.4975,2053.8846,2210.1510,2413.5935,2700.0267,2770.7090,3627.7670,2850.8763
2023-10-22,34,532.0000,777.1893,901.4517,1157.0218,1359.0000,1450.0000,1588.9676,1694.0000,1766.7361,2643.4671,2298.0000
2023-10-22,34,564.0000,785.8223,909.3871,1160.4377,1357.4486,1445.7009,1580.8845,1689.0000,1754.7705,2633.2294,2284.0000
2023-10-27,34,508.3701,634.0000,798.4047,1013.1991,1228.5686,1334.1005,1425.6879,1458.5354,1602.1989,2234.2506,1666.1600
2023-10-27,34,550.0000,652.2032,808.7538,1017.1002,1241.5018,1337.7243,1425.9856,1458.6273,1602.1903,2218.2683,1669.4365
2023-11-04,34,446.0000,693.1919,845.4971,1060.5809,1262.0860,1419.0000,1529.4874,1649.3082,1678.7396,2180.0000,1805.2977
2023-11-04,34,505.0000,738.5213,888.8058,1072.7051,1268.6494,1418.7675,1528.9810,1648.4600,1675.0000,2173.8416,1793.0000
2023-11-11,34,567.0000,813.4268,957.1490,1125.3166,1402.2011,1620.6203,1736.0000,1886.0000,1880.0000,2357.6707,1884.3963
2023-11-11,34,585.0000,820.2128,956.9132,1129.3850,1397.4453,1612.0000,1717.5962,1869.2508,1873.4600,2358.3818,1872.0000
2023-11-19,34,-9999.0000,-9999.0000,-9999.0000,-9999.0000,-9999.0000,-9999.0000,-9999.0000,-9999.0000,-9999.0000,-9999.0000,-9999.0000
2023-11-19,34,556.0000,580.3254,700.2361,734.0000,926.5251,1085.0000,1171.0000,1204.0000,1258.5204,1275.0000,996.0000
2023-11-24,34,1895.0000,1810.0000,1972.0000,2066.0000,2349.0000,2747.0000,3000.0000,3120.0000,3269.0000,3271.0000,2635.0000
2023-11-26,34,464.0000,574.0000,744.5027,949.5303,1062.5130,1136.0104,1201.8681,1323.2849,1317.5657,1829.4200,1566.0566
2023-11-26,34,506.0000,600.2000,760.7204,957.1844,1064.7908,1145.4176,1217.1872,1322.7270,1322.1253,1821.0000,1565.9880
2023-11-29,34,347.0000,498.2588,652.0000,849.2073,962.2201,1009.7647,1076.6272,1186.9392,1185.1257,1642.0000,1377.1082
2023-11-29,34,403.0000,536.4142,692.0958,860.9527,960.4672,1005.7045,1073.6658,1196.0621,1189.2410,1642.0000,1377.6878
2023-12-09,34,-9999.0000,-9999.0000,-9999.0000,-9999.0000,-9999.0000,-9999.0000,-9999.0000,-9999.0000,-9999.0000,-9999.0000,-9999.0000
2023-12-09,34,-9999.0000,-9999.0000,-9999.0000,-9999.0000,-9999.0000,-9999.0000,-9999.0000,-9999.0000,-9999.0000,-9999.0000,-9999.0000
2023-12-14,34,-9999.0000,-9999.0000,-9999.0000,-9999.0000,-9999.0000,-9999.0000,-9999.0000,-9999.0000,-9999.0000,-9999.0000,-9999.0000
2023-12-14,34,-9999.0000,-9999.0000,-9999.0000,-9999.0000,-9999.0000,-9999.0000,-9999.0000,-9999.0000,-9999.0000,-9999.0000,-9999.0000
2023-12-16,34,535.0000,672.6936,836.0000,1048.3353,1196.6217,1254.8838,1332.0000,1441.9613,1430.4429,1777.0000,1384.0000
2023-12-16,34,580.0000,704.2676,860.1381,1057.1131,1210.5372,1270.6543,1337.0000,1451.8406,1445.4935,1777.6933,1378.9673
2023-12-19,34,404.3940,558.2292,716.5150,889.1181,1035.0000,1094.8059,1157.0000,1250.7192,1256.0952,1540.5217,1166.0000
2023-12-19,34,452.0000,594.0000,733.0000,889.0305,1024.5029,1094.1998,1152.0000,1250.5946,1250.9123,1536.7873,1164.3672
2023-12-24,34,-9999.0000,-9999.0000,-9999.0000,-9999.0000,-9999.0000,-9999.0000,-9999.0000,-9999.0000,-9999.0000,-9999.0000,-9999.0000
2023-12-24,34,1589.0000,1792.0000,1788.0000,1812.0000,2028.0000,2088.4572,2139.0000,2246.0000,2185.9491,2180.3549,1872.0000
2024-01-05,34,-9999.0000,-9999.0000,-9999.0000,-9999.0000,-9999.0000,-9999.0000,-9999.0000,-9999.0000,-9999.0000,-9999.0000,-9999.0000
2024-01-08,34,-9999.0000,-9999.0000,-9999.0000,-9999.0000,-9999.0000,-9999.0000,-9999.0000,-9999.0000,-9999.0000,-9999.0000,-9999.0000
2024-01-08,34,-9999.0000,-9999.0000,-9999.0000,-9999.0000,-9999.0000,-9999.0000,-9999.0000,-9999.0000,-9999.0000,-9999.0000,-9999.0000
2024-01-13,34,489.0000,742.0000,900.6514,1028.4615,1240.4760,1432.0000,1520.2215,1654.0000,1601.0000,1623.0000,1302.4629
2024-01-13,34,593.0000,806.0000,938.2696,1040.3559,1234.7643,1426.6490,1511.0000,1641.9551,1591.0000,1605.0000,1292.0000
2024-01-15,34,-9999.0000,-9999.0000,-9999.0000,-9999.0000,-9999.0000,-9999.0000,-9999.0000,-9999.0000,-9999.0000,-9999.0000,-9999.0000
2024-01-20,34,452.0000,686.3091,838.0260,1005.0499,1233.0713,1465.0000,1570.0000,1793.2902,1692.1755,1744.0000,1256.4926
2024-01-20,34,507.0000,732.0000,880.0374,1021.2320,1240.0000,1472.8032,1566.7660,1788.0000,1684.7677,1730.8082,1254.0067
2024-01-23,34,461.0000,684.0000,830.3734,938.0000,1165.3347,1345.0359,1427.0000,1546.0000,1519.0000,1502.9638,1150.7692
2024-01-23,34,526.0000,724.2908,858.0000,948.2692,1164.4601,1349.0000,1425.0000,1544.0000,1523.0000,1502.4404,1148.0000
2024-01-25,34,609.0000,720.0000,954.2361,1080.0000,1360.7498,1557.0000,1633.0000,1685.5049,1718.0510,1758.3957,1212.0000
2024-01-25,34,769.0000,856.5015,1026.0000,1116.0000,1358.2834,1548.0000,1624.8059,1677.2327,1705.6899,1738.2621,1200.0000
2024-01-28,34,491.0000,610.3121,786.4470,904.1806,1114.0000,1258.6093,1334.6892,1453.8540,1426.6935,1659.0000,1244.1884
2024-01-28,34,553.0000,642.0000,800.0000,906.3552,1113.0000,1245.0000,1326.0875,1440.8792,1421.0000,1652.9880,1240.0000
2024-01-30,34,465.0000,718.5571,860.1528,1013.4177,1236.0000,1394.3767,1494.6524,1642.0000,1583.0000,1862.5515,1463.0000
2024-01-30,34,565.0000,770.7069,892.4930,1028.7866,1244.0000,1390.0000,1481.2071,1640.6658,1569.4686,1842.1117,1454.0000
2024-02-02,34,220.0000,396.1221,468.6133,530.5907,654.0000,725.0000,775.0000,794.5820,811.0000,807.0000,654.8345
2024-02-02,34,286.0000,440.8665,492.4492,542.4554,656.0000,739.0000,774.0000,798.0000,812.0000,800.0000,648.0000
2024-02-04,34,287.0000,461.8830,809.6623,1049.4615,1377.4182,1553.0000,1658.4464,1740.8861,1770.2654,2156.2208,1774.0000
2024-02-04,34,360.0000,529.8884,845.0387,1064.8823,1373.5028,1558.4335,1638.0258,1731.2130,1761.1004,2157.4861,1767.0000
2024-02-14,34,640.0000,720.0000,889.4227,928.9941,1161.0000,1343.0000,1408.0000,1475.4391,1471.0000,1372.3671,1025.0000
2024-02-14,34,731.0000,768.0020,921.1511,949.4509,1185.0034,1376.0000,1404.4013,1484.0000,1463.0000,1397.0000,1044.0539
2024-02-17,34,-9999.0000,-9999.0000,-9999.0000,-9999.0000,-9999.0000,-9999.0000,-9999.0000,-9999.0000,-9999.0000,-9999.0000,-9999.0000
2024-02-17,34,-9999.0000,-9999.0000,-9999.0000,-9999.0000,-9999.0000,-9999.0000,-9999.0000,-9999.0000,-9999.0000,-9999.0000,-9999.0000
2024-02-19,34,511.0000,757.7570,1024.5443,1108.6559,1533.0000,1826.0000,1968.3056,2036.0000,2061.0000,2225.9114,1680.0000
2024-02-19,34,550.0000,793.1776,1040.6112,1116.9400,1528.7204,1819.0000,1958.0993,2020.0000,2065.1383,2208.6407,1674.2454
2024-03-05,34,571.0000,714.4023,1101.2306,1036.9990,1643.0000,2372.9013,2491.2828,2586.2841,2613.0000,2193.4908,1436.0000
2024-03-05,34,547.0000,700.0000,1121.1207,1041.4904,1661.3409,2406.5247,2542.8599,2619.3061,2652.0032,2217.0000,1446.6147
2024-03-13,34,503.0000,718.0000,1092.0000,949.0000,1531.0000,2397.0000,2534.0000,2739.0000,2635.0000,2053.0000,1549.0000
2024-03-13,34,629.0000,897.0000,1196.0000,1042.0000,1605.0000,2353.0000,2525.0000,2696.0000,2633.0000,2081.0000,1564.0000
2024-03-20,34,385.0000,592.0000,1049.1664,797.9880,1673.9533,2889.5542,3126.0000,3242.3115,3227.5860,2280.9768,1414.0000
2024-03-20,34,605.0000,748.2781,1100.8087,856.4713,1611.0000,2698.2542,2924.3690,3044.6439,3010.3923,2219.0000,1395.0000
2024-03-23,34,1023.0000,952.0000,1248.0000,1020.4238,1713.0160,2603.9681,2773.6975,2852.1550,2851.9567,1897.3848,1363.0000
2024-03-23,34,1027.0000,932.0000,1318.0000,1064.0000,1827.0000,2856.0000,3059.8424,3171.5749,3115.5724,1950.7962,1378.0000
2024-03-25,34,467.0000,578.0000,1077.5254,794.1630,1713.0000,3116.1328,3348.6597,3618.7253,3496.0000,2374.0000,1487.0000
2024-03-25,34,510.0000,604.1958,1080.6658,804.7248,1709.4782,3111.0000,3313.0000,3594.3835,3491.6065,2393.0636,1494.0000
2024-03-30,34,1721.0000,1834.0000,2212.0000,1714.0000,2660.0000,4156.9835,4482.9127,4273.1213,4388.8231,2202.0000,1392.0000
2024-04-02,34,225.0000,340.0000,692.0000,314.3469,1148.0000,3241.0000,3736.0000,3904.6544,3833.0000,1654.0000,829.0000
2024-04-02,34,267.0000,363.0000,706.0000,322.6310,1152.3424,3245.1402,3750.5967,3891.0938,3830.0000,1655.0000,830.0000
2024-04-04,34,242.0000,267.0000,690.0000,280.4435,1196.0000,3702.0000,4232.7376,4341.7586,4326.0000,1843.0000,868.0000
2024-04-04,34,361.0000,369.0000,742.0000,340.4515,1198.0074,3571.3564,4072.0000,4198.5131,4157.3495,1828.0000,869.0000
2024-04-07,34,655.0000,778.0000,1060.0000,668.5199,1434.0371,3721.0000,4366.2374,4474.0862,4443.6638,1738.0000,941.0000
2024-04-07,34,798.0000,884.2548,1128.0000,738.0000,1468.0000,3645.3612,4244.0127,4363.4091,4341.0053,1732.0000,945.0000
2024-04-09,34,-9999.0000,-9999.0000,-9999.0000,-9999.0000,-9999.0000,-9999.0000,-9999.0000,-9999.0000,-9999.0000,-9999.0000,-9999.0000
2024-04-12,34,196.0000,312.0000,673.0000,304.4757,1112.3694,3541.4960,4322.9487,4481.0000,4472.7323,1619.0000,780.0000
2024-04-12,34,321.0000,404.0000,722.0000,357.0000,1130.4089,3412.4658,4194.2664,4340.0000,4355.3114,1607.0000,781.0000
2024-04-14,34,333.0000,327.0000,728.0000,326.0000,1219.0000,3849.1680,4613.8355,4777.5090,4813.0314,1815.0000,840.6392
2024-04-14,34,433.0000,426.0000,777.0000,384.1902,1222.4121,3738.0064,4465.0000,4601.2019,4655.0000,1796.4925,832.4776
2024-04-17,34,245.0000,306.0000,657.0000,300.6844,1150.5313,3614.9808,4338.3092,4641.5908,4588.0721,1619.0000,746.4130
2024-04-17,34,208.0000,266.0000,642.0000,270.0000,1174.0000,3742.0000,4525.0000,4808.0000,4723.0000,1636.5672,747.0000
2024-04-27,34,-9999.0000,-9999.0000,-9999.0000,-9999.0000,-9999.0000,-9999.0000,-9999.0000,-9999.0000,-9999.0000,-9999.0000,-9999.0000
2024-04-29,34,200.0000,290.0000,612.0000,302.1808,1177.0000,3509.0000,4307.2416,4658.2042,4571.8683,1664.0000,762.9260
2024-04-29,34,279.0000,363.0000,653.0000,343.0000,1180.0000,3382.0000,4183.0000,4537.3333,4454.3469,1642.0000,769.0000
2024-05-04,34,-9999.0000,-9999.0000,-9999.0000,-9999.0000,-9999.0000,-9999.0000,-9999.0000,-9999.0000,-9999.0000,-9999.0000,-9999.0000
2024-05-04,34,-9999.0000,-9999.0000,-9999.0000,-9999.0000,-9999.0000,-9999.0000,-9999.0000,-9999.0000,-9999.0000,-9999.0000,-9999.0000
2024-05-14,34,-9999.0000,-9999.0000,-9999.0000,-9999.0000,-9999.0000,-9999.0000,-9999.0000,-9999.0000,-9999.0000,-9999.0000,-9999.0000
2024-05-14,34,-9999.0000,-9999.0000,-9999.0000,-9999.0000,-9999.0000,-9999.0000,-9999.0000,-9999.0000,-9999.0000,-9999.0000,-9999.0000
2024-05-17,34,57.0000,142.0000,494.4289,232.7347,1015.0000,2917.5123,3547.9132,3808.0000,3946.5719,1424.0000,654.0000
2024-05-17,34,174.0000,236.0000,548.3288,280.5577,1030.5308,2853.0000,3478.0000,3730.7347,3891.9390,1409.0000,652.8980
2024-05-22,34,-9999.0000,-9999.0000,-9999.0000,-9999.0000,-9999.0000,-9999.0000,-9999.0000,-9999.0000,-9999.0000,-9999.0000,-9999.0000
2024-05-22,34,-9999.0000,-9999.0000,-9999.0000,-9999.0000,-9999.0000,-9999.0000,-9999.0000,-9999.0000,-9999.0000,-9999.0000,-9999.0000
2024-05-24,34,284.0000,322.0000,668.2843,428.6707,1233.3689,2907.5784,3393.0000,3610.7088,3752.9754,1760.8442,872.4316
2024-05-24,34,296.0000,340.0000,680.0000,430.3664,1241.0604,2896.0000,3403.1448,3585.3333,3787.9926,1763.5000,875.0000
2024-05-27,34,-9999.0000,-9999.0000,-9999.0000,-9999.0000,-9999.0000,-9999.0000,-9999.0000,-9999.0000,-9999.0000,-9999.0000,-9999.0000
2024-06-01,34,155.0000,303.0000,660.0000,453.4008,1277.0089,2806.0000,3361.0709,3569.6986,3768.8756,1744.0000,890.7412
2024-06-01,34,333.0000,426.0000,722.2510,506.2000,1260.6112,2685.0000,3189.3062,3417.8871,3602.6262,1711.0000,884.0000
2024-06-03,34,-9999.0000,-9999.0000,-9999.0000,-9999.0000,-9999.0000,-9999.0000,-9999.0000,-9999.0000,-9999.0000,-9999.0000,-9999.0000
2024-06-06,34,391.0000,476.1624,786.3752,653.3819,1394.0000,2603.0940,2984.0000,3145.4000,3363.0000,1886.1055,1024.0000
2024-06-06,34,494.0000,544.3183,812.1669,668.0000,1356.3889,2514.9706,2908.1327,3060.0000,3300.0588,1861.2922,1012.7170
2024-06-16,34,267.0000,366.5775,688.0000,708.9515,1381.4966,2436.3282,2784.9195,2931.2437,3156.2936,1981.1510,1073.6695
2024-06-16,34,364.0000,446.2320,736.0680,736.9345,1385.3725,2411.0712,2765.0000,2902.0000,3144.9444,1970.4682,1070.8380
2024-06-18,34,445.0000,592.1330,858.0000,865.2261,1489.4330,2490.4089,2916.4795,3082.0000,3267.2549,2244.6391,1313.7801
2024-06-18,34,456.0000,598.0000,860.3783,869.0304,1497.6459,2499.0455,2889.9908,3078.7983,3278.9353,2234.2957,1313.7515
2024-06-26,34,421.0000,538.0000,838.0000,827.3682,1380.9084,2440.7614,2790.8877,2854.0000,3169.0000,2128.0000,1132.9002
2024-06-26,34,373.0000,525.9373,862.0811,859.4599,1508.0000,2573.0000,2983.0000,3015.5981,3352.3365,2171.8853,1237.3197
2024-06-28,34,384.0000,578.2989,860.6986,914.1603,1489.4192,2506.9776,2906.8689,2997.3272,3266.1354,2461.6062,1464.0000
2024-06-28,34,548.0000,696.6194,922.0000,933.0012,1469.0675,2440.8245,2844.9284,2890.3738,3140.5744,2397.6342,1454.0121
2024-07-06,34,1044.0000,1019.0000,1294.0000,1272.9375,1849.0000,2976.0000,3385.0000,3402.0000,3728.0000,2730.0000,1634.0000
2024-07-06,34,1133.0000,1036.0000,1338.0000,1282.0000,1857.0000,3052.0000,3441.0000,3436.0000,3785.0000,2722.0000,1614.0000
2024-07-08,34,488.0000,726.9020,1041.5625,1082.8341,1726.1037,2586.0433,2994.4533,3107.4646,3372.6830,3100.8435,1908.0000
2024-07-08,34,450.0000,689.7564,1028.6220,1081.1469,1742.3715,2620.2579,3021.0000,3138.6667,3434.1925,3102.8558,1906.0000
2024-07-11,34,334.0000,536.0822,824.9480,860.4531,1470.5251,2309.2632,2704.0000,2788.4885,3094.4799,2744.0000,1682.6022
2024-07-11,34,410.0000,580.3164,846.1643,865.0214,1470.4989,2293.6260,2681.9882,2764.5224,3045.2886,2748.1313,1710.5734
2024-07-13,34,509.0000,648.0000,960.7099,996.0000,1640.0000,2665.0000,2987.2072,3018.8119,3393.1973,3000.0000,1756.0000
2024-07-13,34,557.0000,674.0000,976.6331,1005.4557,1642.0000,2617.1608,2965.0350,2996.5000,3356.1832,2988.2045,1795.1477
2024-07-16,34,316.0000,454.3229,756.8139,778.6716,1369.2170,2305.2429,2667.4806,2740.6113,3019.6163,2626.0000,1542.0000
2024-07-16,34,436.0000,534.0153,797.7197,800.2105,1368.7377,2260.2944,2602.0731,2700.5534,2948.0000,2609.8961,1555.6990
2024-07-18,34,428.0000,600.0000,861.3902,849.0000,1461.9888,2485.0000,2898.9081,3019.9874,3249.9477,2842.8025,1706.4612
2024-07-18,34,503.0000,646.3470,888.7356,870.9733,1445.1310,2449.0000,2847.0000,2954.2495,3180.1323,2802.4816,1734.0000
2024-07-21,34,283.0000,464.2937,733.2195,696.8514,1306.9833,2433.8316,2834.8454,2907.7203,3197.0530,2477.0000,1473.3437
2024-07-21,34,335.0000,497.0000,754.0074,704.0000,1309.6046,2405.0000,2828.1531,2916.9282,3166.0000,2474.5698,1473.8379
2024-07-23,34,338.0000,480.0000,612.0000,610.0000,865.0000,1631.0000,1870.0000,1858.0000,2013.0000,1402.0000,790.0000
2024-07-23,34,387.0000,500.0000,593.0000,546.0000,887.0000,1600.0000,1861.0000,1808.0000,1939.0000,1373.0000,737.0000
2024-07-26,34,267.0000,392.3797,682.3705,629.0092,1270.0000,2485.9578,2885.0605,2915.2708,3218.9164,2384.3591,1336.8940
2024-07-26,34,455.0000,516.4774,760.0852,672.0000,1262.9645,2429.0000,2807.0000,2820.2371,3129.0000,2335.0000,1326.0000
2024-07-28,34,349.0000,496.2594,789.6270,721.0414,1414.4739,2700.9653,3193.8957,3241.9080,3520.0000,2627.2114,1514.4800
2024-07-28,34,504.0000,624.3103,860.9513,761.0728,1386.1764,2608.3964,3080.0000,3106.9308,3403.0627,2564.0000,1498.6689
2024-07-31,34,314.0000,480.3226,750.2906,685.5331,1300.3161,2497.7397,2929.1888,2978.0000,3246.7321,2291.0000,1337.4746
2024-07-31,34,451.0000,576.0000,806.3479,720.6971,1291.0000,2442.4660,2870.0139,2916.4588,3158.0000,2261.0000,1329.4699
2024-08-05,34,-9999.0000,-9999.0000,-9999.0000,-9999.0000,-9999.0000,-9999.0000,-9999.0000,-9999.0000,-9999.0000,-9999.0000,-9999.0000
2024-08-05,34,-9999.0000,-9999.0000,-9999.0000,-9999.0000,-9999.0000,-9999.0000,-9999.0000,-9999.0000,-9999.0000,-9999.0000,-9999.0000
2024-08-07,34,329.0000,526.0000,800.9000,845.8021,1425.6354,2448.8189,2837.3233,2866.0106,3144.4806,2491.6404,1490.0000
2024-08-07,34,487.0000,626.0000,858.0000,853.0429,1401.0000,2370.2106,2762.9173,2788.7261,3038.0000,2432.0000,1461.3431
2024-08-10,34,350.0000,506.6193,750.0000,770.0000,1322.4643,2378.0000,2773.0000,2827.4961,3105.0000,2444.1814,1467.0000
2024-08-10,34,404.0000,544.3900,762.0761,773.3333,1314.0000,2371.0000,2765.4600,2812.0000,3061.9764,2433.9428,1460.7198
2024-08-12,34,419.0000,518.3251,804.3684,817.1686,1418.1552,2557.0283,2881.9091,2953.3284,3253.0000,2585.0000,1502.0000
2024-08-12,34,459.0000,546.0000,822.0000,837.7440,1426.1726,2546.4665,2882.0000,2954.5868,3242.0000,2569.6004,1500.0000
2024-08-12,34,420.0000,528.0000,820.9227,865.6377,1458.2685,2618.0000,2962.4731,3000.0901,3293.8346,2639.0000,1514.0127
2024-08-12,34,460.0000,554.4220,830.6973,837.7331,1442.1462,2578.0000,2910.9941,2996.5164,3253.5113,2583.0000,1501.0000
2024-08-15,34,470.0000,673.3200,950.0000,1204.1399,1724.6049,2298.6774,2636.5330,2781.7883,3106.0000,3291.0857,2017.8296
2024-08-15,34,546.0000,720.4930,970.2172,1198.0000,1689.4001,2264.8646,2601.3980,2741.0482,3057.8789,3238.0000,1997.4122
2024-08-17,34,-9999.0000,-9999.0000,-9999.0000,-9999.0000,-9999.0000,-9999.0000,-9999.0000,-9999.0000,-9999.0000,-9999.0000,-9999.0000
2024-08-17,34,-9999.0000,-9999.0000,-9999.0000,-9999.0000,-9999.0000,-9999.0000,-9999.0000,-9999.0000,-9999.0000,-9999.0000,-9999.0000
2024-08-20,34,-9999.0000,-9999.0000,-9999.0000,-9999.0000,-9999.0000,-9999.0000,-9999.0000,-9999.0000,-9999.0000,-9999.0000,-9999.0000
2024-08-20,34,-9999.0000,-9999.0000,-9999.0000,-9999.0000,-9999.0000,-9999.0000,-9999.0000,-9999.0000,-9999.0000,-9999.0000,-9999.0000
2024-08-22,34,448.0000,624.9541,957.3650,1140.0000,1653.9178,2477.2591,2748.0000,2832.8394,3123.0000,3106.0000,1939.6111
2024-08-22,34,652.0000,752.2380,1013.2675,1120.0000,1590.0000,2397.7807,2658.0000,2744.7755,3001.5341,2999.0000,1904.5447
2024-08-25,34,432.0000,549.0000,793.4639,852.0000,1341.0824,2211.0000,2493.4451,2555.0799,2797.4550,2724.1395,1739.0000
2024-08-25,34,497.0000,592.4008,812.0992,856.0000,1333.3604,2186.0000,2483.0000,2541.5923,2774.0000,2700.9853,1709.3824
2024-08-27,34,1300.0000,1643.4026,1986.1239,2331.3615,2555.5957,2548.0000,2741.0130,2706.0000,2876.2348,3635.0743,3323.6189
2024-08-27,34,1283.0000,1544.4966,1817.9271,2130.8561,2377.3895,2470.7504,2685.5155,2648.0000,2816.8171,3540.8029,3250.7046
2024-08-30,34,1068.0000,1356.7520,1640.3396,1961.3142,2187.6685,2250.0000,2421.2006,2393.4150,2541.6116,3292.4250,3173.1461
2024-08-30,34,1078.0000,1385.5997,1665.9420,1980.0297,2194.7309,2261.0000,2432.8639,2402.0000,2548.8317,3300.7074,3193.3689
2024-09-04,34,1129.5914,1412.0555,1747.8149,2091.6367,2323.4151,2365.0000,2484.9252,2449.8000,2613.1976,3306.2327,2981.6448
2024-09-04,34,1121.0000,1411.2832,1721.4927,2035.6975,2268.9773,2332.0744,2461.8124,2421.1344,2585.5923,3267.7035,2970.6167
2024-09-09,34,-9999.0000,-9999.0000,-9999.0000,-9999.0000,-9999.0000,-9999.0000,-9999.0000,-9999.0000,-9999.0000,-9999.0000,-9999.0000
2024-09-09,34,-9999.0000,-9999.0000,-9999.0000,-9999.0000,-9999.0000,-9999.0000,-9999.0000,-9999.0000,-9999.0000,-9999.0000,-9999.0000
2024-09-11,34,987.0000,1184.0000,1491.8859,1835.1421,2043.4255,2154.6434,2269.5172,2257.3787,2403.5221,2984.4201,2451.8297
2024-09-11,34,1013.0000,1189.3386,1476.3471,1788.5045,2011.0000,2136.1361,2242.9146,2242.7373,2381.4807,2966.6620,2430.3993
2024-09-16,34,1502.0000,1760.9149,1953.8296,2091.0781,2393.1949,2680.4338,2917.7701,3042.7724,3028.0000,2979.0000,2434.9941
2024-09-16,34,1481.0000,1765.0371,1963.3407,2083.4584,2380.4132,2673.1356,2886.2209,3044.4868,3000.3796,2993.0000,2415.0000
2024-09-21,34,947.0000,1152.1638,1451.4644,1754.7276,1987.2470,2104.9119,2184.5041,2227.4067,2323.3394,2987.7903,2732.5882
2024-09-21,34,960.5879,1160.7234,1442.8428,1723.9545,1954.3158,2085.3409,2168.4522,2218.0388,2309.0252,2958.0000,2703.0000
2024-09-24,34,628.0000,784.7321,981.2173,1216.5985,1398.2781,1505.9247,1605.2374,1611.2741,1723.7099,2182.0000,1777.7822
2024-09-24,34,700.0000,816.6305,997.3143,1218.4885,1388.0000,1502.5400,1596.3325,1612.1420,1714.1769,2170.0000,1771.5355
2024-09-29,34,992.3940,1346.4610,1667.2324,1971.5003,2156.0050,2288.6939,2409.3507,2525.1536,2529.4059,3107.7835,2950.8094
2024-09-29,34,1009.0000,1378.4690,1682.4092,1978.7021,2163.1714,2289.0000,2412.0443,2525.2628,2534.0000,3085.8575,2935.8874
2024-10-11,34,812.0000,1009.2762,1323.2546,1569.6984,1835.2984,2015.0000,2133.2723,2177.0139,2252.0000,2541.4444,1959.0000
2024-10-11,34,821.0000,1020.9836,1329.1760,1577.0000,1830.9649,2016.1386,2128.7113,2177.9307,2253.0000,2534.0720,1956.0720
2024-10-21,34,780.0000,948.2597,1250.0000,1331.2891,1739.8559,2044.0000,2159.0000,2181.8025,2278.0000,2312.0000,1706.0567
2024-10-21,34,845.0000,996.0000,1293.0292,1346.4441,1734.0000,2017.9448,2122.6246,2148.0000,2234.7784,2284.0000,1697.7056
2024-10-26,34,-9999.0000,-9999.0000,-9999.0000,-9999.0000,-9999.0000,-9999.0000,-9999.0000,-9999.0000,-9999.0000,-9999.0000,-9999.0000
2024-10-29,34,560.0000,844.3923,1189.4159,1144.3545,1676.7401,2146.0789,2273.4725,2307.2673,2385.1070,2131.0000,1579.0019
2024-10-29,34,595.0000,872.7080,1204.7889,1142.0000,1677.2670,2136.0000,2280.0000,2306.5691,2391.0000,2135.0000,1574.5078
2024-10-31,34,591.0000,781.3598,1189.1165,1138.9279,1708.6986,2251.3503,2338.0000,2410.9311,2448.5032,2278.0000,1588.0000
2024-10-31,34,589.0000,788.9650,1201.1921,1138.4659,1720.0000,2270.0000,2366.5290,2420.0835,2473.6323,2280.0115,1594.0000
2024-11-03,34,750.0000,917.2646,1282.0000,1210.8175,1781.1876,2307.5375,2443.0000,2491.2671,2533.9959,2253.0000,1580.5623
2024-11-03,34,759.0000,922.0000,1269.0968,1200.6889,1748.2277,2301.6066,2430.0000,2491.4557,2524.5391,2227.0000,1581.5415
2024-11-05,34,601.0000,866.0000,1224.0000,1129.1812,1728.5007,2389.7481,2505.8223,2643.6814,2601.0000,2279.0000,1620.4460
2024-11-05,34,579.0000,852.7530,1229.3144,1152.6381,1748.6020,2414.1425,2565.1026,2685.3905,2633.0000,2279.0000,1632.0000
2024-11-08,34,544.0000,764.0000,1056.9961,932.0000,1476.2406,2049.5582,2181.5201,2243.9766,2245.6798,1644.0000,1202.0000
2024-11-08,34,619.0000,809.0000,1076.3913,937.5349,1465.1370,2056.0000,2169.0000,2218.8063,2238.0000,1650.0000,1202.3958
2024-11-10,34,586.3940,732.0000,1173.6585,1025.0046,1701.2662,2549.0000,2705.1667,2859.6480,2765.4644,2139.0000,1476.0000
2024-11-10,34,607.0000,741.9790,1172.5717,1024.4091,1690.2970,2554.4713,2674.9972,2843.0814,2740.0000,2138.0000,1460.6619
2024-11-13,34,568.0000,766.0000,1145.9329,1036.0101,1670.7892,2554.8649,2717.0000,2818.5000,2771.8196,2107.9938,1454.0000
2024-11-13,34,610.0000,785.0000,1176.7209,1057.2660,1667.4660,2536.0000,2671.0000,2809.8667,2780.4158,2081.3854,1456.0000
2024-11-15,34,593.0000,880.0000,1266.0041,1122.0000,1796.6300,2788.0000,2912.0000,3078.9863,3011.0835,2257.0000,1630.5570
2024-11-15,34,620.0000,909.5203,1274.0521,1139.0000,1786.8936,2764.5533,2948.7354,3077.0239,3017.0000,2245.3813,1649.0000
2024-11-18,34,781.0000,997.3106,1293.8561,1146.0000,1746.5228,2641.9321,2789.2797,2899.7326,2865.4735,1920.6941,1404.4308
2024-11-18,34,582.5684,889.3059,1229.0000,1094.0000,1773.2383,2747.5237,2920.0000,2969.4752,2988.8204,1966.0000,1435.5865
2024-11-23,34,412.0000,577.0008,941.1316,797.8873,1421.0000,2496.0000,2637.6397,2871.0042,2744.0000,1622.7075,970.0000
2024-11-23,34,450.0000,597.3636,953.5313,805.0000,1428.0000,2490.1367,2662.4374,2868.7672,2761.0000,1615.0000,968.0147
2024-11-25,34,-9999.0000,-9999.0000,-9999.0000,-9999.0000,-9999.0000,-9999.0000,-9999.0000,-9999.0000,-9999.0000,-9999.0000,-9999.0000
2024-11-25,34,-9999.0000,-9999.0000,-9999.0000,-9999.0000,-9999.0000,-9999.0000,-9999.0000,-9999.0000,-9999.0000,-9999.0000,-9999.0000
2024-11-30,34,434.0000,576.6818,925.6000,762.0000,1413.0000,2726.7920,2908.0222,3092.1951,2956.0000,1698.4076,1045.0000
2024-11-30,34,472.0000,597.1566,940.6551,761.5365,1418.0000,2764.5808,2925.0000,3100.0000,3032.4259,1704.0000,1061.0000
2024-12-05,34,486.0000,721.3857,981.6720,833.0000,1452.8684,2912.0000,3142.8407,3348.6937,3228.9504,1818.0000,1173.5914
2024-12-05,34,482.0000,714.0000,1005.2634,852.1720,1466.6308,2948.4384,3155.5838,3384.0000,3260.3091,1800.0000,1176.7289
2024-12-13,34,384.0000,556.6675,886.0000,777.4748,1409.0446,2903.5287,3111.0673,3253.4958,3219.7113,1629.4530,988.0159
2024-12-13,34,546.0000,670.0000,954.0000,828.2527,1412.9473,2855.6337,3048.0000,3176.1718,3189.4451,1605.5105,1003.0000
2024-12-13,34,495.0000,604.0847,953.5076,830.2717,1552.0000,2932.7869,3065.0949,3288.9588,3168.0000,1693.0000,1043.0000
2024-12-13,34,632.0000,709.2138,1021.3316,869.4871,1557.5788,2871.2746,3014.4027,3254.8887,3130.8331,1677.1424,1036.0000
2024-12-15,34,366.8940,728.0000,992.3656,853.4785,1466.3093,3049.0414,3275.9283,3383.5186,3417.6480,1724.8880,1101.4332
2024-12-15,34,603.0000,830.3168,1052.5993,901.4835,1493.8703,2884.9146,3078.0667,3303.2805,3258.9168,1691.0000,1110.7367
2024-12-18,34,-9999.0000,-9999.0000,-9999.0000,-9999.0000,-9999.0000,-9999.0000,-9999.0000,-9999.0000,-9999.0000,-9999.0000,-9999.0000
2024-12-23,34,-9999.0000,-9999.0000,-9999.0000,-9999.0000,-9999.0000,-9999.0000,-9999.0000,-9999.0000,-9999.0000,-9999.0000,-9999.0000
2024-12-25,34,453.0000,708.8081,926.8179,850.0000,1373.8496,2757.0000,3010.0000,3285.3494,3078.1487,1582.7331,968.0000
2024-12-25,34,511.0000,744.0000,949.4981,856.2292,1389.1919,2760.0000,2999.4752,3285.4783,3112.6381,1592.8106,976.0000
2024-12-28,34,441.0000,686.0000,892.8939,828.5147,1325.0000,2578.4995,2873.6892,3015.3163,2953.3759,1475.0000,1010.0000
2024-12-28,34,458.0000,688.6619,889.2261,812.6495,1308.4760,2584.8745,2821.0000,2997.1424,2892.4919,1474.9808,1003.0000
2024-12-30,34,480.0000,590.0000,833.6154,806.1182,1342.4594,2694.9622,2930.0000,3113.2432,3048.8188,1566.0000,975.0000
2024-12-30,34,545.0000,636.0887,865.7020,824.0267,1358.0000,2700.0612,2894.9497,3073.6860,2981.1683,1569.0000,985.2610
2025-01-04,34,-9999.0000,-9999.0000,-9999.0000,-9999.0000,-9999.0000,-9999.0000,-9999.0000,-9999.0000,-9999.0000,-9999.0000,-9999.0000
2025-01-12,34,492.0000,661.2190,898.5000,945.5239,1390.0000,2339.6414,2493.9820,2758.5569,2657.0000,1622.0000,1069.0000
2025-01-12,34,550.0000,693.9127,913.3308,929.0000,1392.0000,2345.7210,2505.5063,2738.4042,2601.0000,1624.3888,1055.0000
2025-01-14,34,609.0000,857.3263,1040.6846,1073.3455,1480.0000,2271.0000,2402.2429,2706.1389,2574.0000,1886.5324,1363.4621
2025-01-14,34,643.0000,861.8058,1049.4900,1077.9444,1488.3741,2263.0000,2428.0000,2741.5179,2550.0000,1899.0000,1344.5528
2025-01-17,34,529.0000,789.1528,997.3957,1058.1364,1469.0715,2176.5024,2308.8286,2587.2326,2437.6458,1803.8716,1396.6447
2025-01-17,34,592.0000,821.0638,1006.3913,1064.6116,1457.0000,2183.4680,2309.8198,2586.9750,2437.0000,1804.7940,1398.1119
2025-02-03,34,751.0000,998.1899,1236.7247,1305.2444,1739.8281,2345.7424,2490.0000,2678.8731,2596.0969,2178.8481,1642.3251
2025-02-03,34,718.0000,993.7589,1249.3141,1309.6485,1748.0000,2361.4733,2481.0022,2726.5869,2611.4922,2185.2947,1639.0000
2025-02-06,34,631.0000,900.9928,1152.4383,1232.3838,1650.6238,2227.2472,2392.5120,2585.0366,2484.9727,2045.0000,1573.0000
2025-02-06,34,677.0000,937.1853,1172.0000,1234.0000,1652.9975,2211.6951,2356.1264,2569.1773,2464.0000,2024.0000,1590.0000
2025-02-08,34,795.0000,1004.8071,1339.8116,1427.2149,1963.5871,2586.1790,2683.1613,2789.7154,2816.6346,2460.0968,1795.0000
2025-02-08,34,836.0000,1024.6667,1340.0403,1427.2770,1929.2497,2567.1007,2631.7734,2772.6109,2772.3482,2424.0000,1805.0000
2025-02-16,34,-9999.0000,-9999.0000,-9999.0000,-9999.0000,-9999.0000,-9999.0000,-9999.0000,-9999.0000,-9999.0000,-9999.0000,-9999.0000
2025-02-16,34,-9999.0000,-9999.0000,-9999.0000,-9999.0000,-9999.0000,-9999.0000,-9999.0000,-9999.0000,-9999.0000,-9999.0000,-9999.0000
2025-02-18,34,842.0000,1013.5161,1354.4010,1497.4956,1969.0000,2609.8360,2757.6675,3034.9882,2902.7211,2502.0000,1761.3886
2025-02-18,34,919.0000,1088.5065,1395.6000,1505.7355,1948.0870,2562.0000,2659.7181,2936.0409,2836.0000,2465.5548,1745.0000
2025-02-21,34,784.3940,984.7422,1368.9944,1546.0000,2008.1499,2697.0000,2822.9812,3019.8348,2945.3988,2576.7344,1903.0000
2025-02-21,34,1003.0000,1136.7591,1433.7386,1540.9313,1956.9208,2596.9874,2706.2243,2907.8426,2851.7576,2548.2995,1875.0000
2025-02-28,34,-9999.0000,-9999.0000,-9999.0000,-9999.0000,-9999.0000,-9999.0000,-9999.0000,-9999.0000,-9999.0000,-9999.0000,-9999.0000
2025-02-28,34,-9999.0000,-9999.0000,-9999.0000,-9999.0000,-9999.0000,-9999.0000,-9999.0000,-9999.0000,-9999.0000,-9999.0000,-9999.0000
2025-03-03,34,689.1819,882.9262,1266.1432,1314.5500,1834.7113,2819.4789,2966.8463,3238.2059,3108.9007,2430.0000,1734.0000
2025-03-03,34,779.0000,937.7457,1283.6386,1314.8161,1866.3324,2803.1346,2938.9647,3205.6589,3092.2242,2434.9594,1750.0723
2025-03-05,34,750.0000,1031.2325,1369.1557,1388.8400,1892.0000,3029.9854,3268.9359,3511.6114,3399.8412,2579.0000,1971.3327
2025-03-05,34,814.0000,1049.3393,1371.4366,1402.3383,1916.1434,3019.4708,3250.8424,3492.3533,3371.0000,2567.0000,1932.5523
2025-03-08,34,941.0000,1157.6059,1490.3656,1482.0000,2007.0000,3317.0000,3598.0000,3780.0230,3687.9134,2528.0000,1986.0000
2025-03-08,34,850.0000,1097.4186,1499.6912,1474.2994,2069.0000,3509.5548,3798.4672,3977.0621,3895.5311,2610.7695,2034.9860
2025-03-10,34,-9999.0000,-9999.0000,-9999.0000,-9999.0000,-9999.0000,-9999.0000,-9999.0000,-9999.0000,-9999.0000,-9999.0000,-9999.0000
2025-03-10,34,-9999.0000,-9999.0000,-9999.0000,-9999.0000,-9999.0000,-9999.0000,-9999.0000,-9999.0000,-9999.0000,-9999.0000,-9999.0000
2025-03-18,34,369.0000,528.9257,848.9341,642.5093,1308.8712,3255.7153,3631.0000,3927.1116,3717.0000,1620.0000,957.2273
2025-03-18,34,484.0000,577.9729,878.0000,657.7651,1309.9797,3208.4136,3545.4833,3878.6632,3655.8941,1621.0194,990.4699
2025-03-20,34,499.0000,541.0000,941.0000,676.5952,1676.4848,3799.0763,4099.0000,4452.5333,4204.0000,1888.0000,1063.0000
2025-03-20,34,625.0000,614.0000,968.1481,723.0000,1646.0000,3701.2483,3993.0448,4310.0690,4090.4361,1935.0000,1080.0000
2025-03-23,34,-9999.0000,-9999.0000,-9999.0000,-9999.0000,-9999.0000,-9999.0000,-9999.0000,-9999.0000,-9999.0000,-9999.0000,-9999.0000
2025-03-23,34,-9999.0000,-9999.0000,-9999.0000,-9999.0000,-9999.0000,-9999.0000,-9999.0000,-9999.0000,-9999.0000,-9999.0000,-9999.0000
2025-03-25,34,-9999.0000,-9999.0000,-9999.0000,-9999.0000,-9999.0000,-9999.0000,-9999.0000,-9999.0000,-9999.0000,-9999.0000,-9999.0000
2025-03-30,34,-9999.0000,-9999.0000,-9999.0000,-9999.0000,-9999.0000,-9999.0000,-9999.0000,-9999.0000,-9999.0000,-9999.0000,-9999.0000
2025-03-30,34,-9999.0000,-9999.0000,-9999.0000,-9999.0000,-9999.0000,-9999.0000,-9999.0000,-9999.0000,-9999.0000,-9999.0000,-9999.0000
2025-04-01,34,-9999.0000,-9999.0000,-9999.0000,-9999.0000,-9999.0000,-9999.0000,-9999.0000,-9999.0000,-9999.0000,-9999.0000,-9999.0000
2025-04-02,34,347.0000,408.0000,801.3911,508.2167,1435.0000,3544.9779,3893.1001,4023.0000,3968.4279,1632.5060,850.5179
2025-04-02,34,448.0000,464.0000,827.0000,550.9980,1470.0000,3518.9271,3849.0000,3984.0000,3943.7040,1635.0000,846.0000
2025-04-04,34,422.0000,544.0000,914.0000,634.2662,1501.1013,3686.9271,4154.8411,4400.0000,4221.0000,1817.7027,1010.0000
2025-04-04,34,510.0000,593.6547,934.0000,636.6257,1494.0000,3639.0000,4098.0000,4309.3456,4204.2707,1807.0000,1007.0000
2025-04-04,34,353.0000,408.2969,800.4507,556.1547,1362.0000,3591.8047,4022.0867,4163.5749,4136.6530,1649.0000,911.0000
2025-04-04,34,460.0000,493.7494,850.0000,596.3238,1393.0000,3499.0000,3906.4548,4066.4715,4008.0000,1639.0000,864.0000
2025-04-07,34,906.0000,980.3666,1280.0000,1002.0806,1635.5782,3107.0000,3413.0000,3520.0000,3469.1751,1612.1406,1093.0000
2025-04-11,34,457.0000,578.9738,1227.7230,937.8886,1905.6512,4216.8041,4627.2151,4777.0195,4715.6364,1982.3520,1148.0000
2025-04-11,34,626.0000,659.2951,1244.3154,969.9718,1870.9419,4041.9817,4418.0000,4604.0000,4536.0000,1971.0000,1164.0000
2025-04-12,34,196.0000,340.0461,1145.7504,853.9385,1989.4316,4277.3739,4676.4613,4842.3956,4737.6413,1956.0000,1062.0217
2025-04-12,34,569.0000,594.3224,1188.3700,913.9211,1887.0000,3858.2055,4198.3499,4356.4628,4325.0000,1899.0273,1083.0000
2025-04-19,34,430.0000,557.7207,1244.6158,881.7701,1926.0000,4299.0000,4683.0000,4844.0000,4805.0000,1713.8161,870.0464
2025-04-19,34,435.0000,561.5738,1252.0000,873.4155,1936.7747,4322.0000,4696.2842,4870.9504,4800.0000,1696.9634,869.6853
2025-04-22,34,250.0448,385.6687,1021.1160,709.1413,1741.6664,4150.0000,4544.0000,4676.8324,4660.0000,1597.0000,810.4044
2025-04-22,34,316.0000,433.2050,1045.2371,729.2484,1753.5011,4085.7906,4565.0000,4631.9571,4646.0000,1601.0000,801.1746
2025-04-24,34,626.4818,772.8408,1289.4336,877.2394,1880.0000,4539.0000,5285.0000,5395.5789,5400.0000,1799.0000,959.0000
2025-04-24,34,685.0000,809.3146,1296.8884,888.3313,1856.3771,4450.0082,5210.0000,5289.1033,5274.0000,1780.8219,949.0136
2025-04-24,34,435.0000,552.7769,1096.6561,765.2592,1737.0000,4348.0000,4931.2021,5052.0000,5073.5704,1713.0000,897.0000
2025-04-24,34,563.0000,657.3137,1144.8041,809.7177,1746.0000,4235.4263,4847.0000,4892.0000,4988.7300,1698.9428,893.6248
2025-04-27,34,232.0000,428.5659,869.2179,536.7118,1421.2773,3883.0000,4511.0000,4600.3004,4579.1518,1342.5115,689.9974
2025-04-27,34,390.0000,532.0000,908.0000,585.7813,1406.6657,3686.0000,4317.5126,4385.0669,4417.0000,1329.0000,699.0000
2025-04-29,34,300.0000,401.2964,921.5600,538.2104,1761.0000,4387.0000,4864.0000,5115.2797,4976.0000,1511.0000,743.0000
2025-04-29,34,434.0000,504.5108,964.7359,585.2349,1712.9966,4155.9323,4632.0000,4832.0000,4747.4794,1488.4951,723.0000
2025-05-01,34,416.9621,485.8396,961.3833,577.4500,1598.4254,4257.8461,4820.9021,4946.7740,4929.0000,1515.0000,787.4844
2025-05-01,34,511.0000,557.0385,980.9586,610.9123,1582.5240,4133.0000,4675.0000,4793.7376,4797.0000,1507.7152,778.2884
2025-05-02,34,421.0000,485.4721,928.8226,563.7813,1699.0005,4129.2305,4610.0000,4715.7628,4751.0000,1412.5685,712.0000
2025-05-02,34,487.0000,538.1122,961.1745,580.3930,1696.6133,4109.6620,4618.0000,4715.9306,4727.0000,1427.0000,723.1473
2025-05-04,34,1042.0000,1149.9002,1600.0000,1179.1962,2176.9901,4446.4384,5039.0000,5036.0000,5005.2043,1806.5910,1260.0000
2025-05-04,34,1112.0000,1173.1536,1588.0000,1177.6085,2124.0000,4270.0203,4814.3963,4828.0000,4832.0000,1789.6575,1238.0501
2025-05-04,34,740.0000,593.7550,1194.5866,867.5249,1905.4761,4268.0000,4789.0000,4849.9191,4863.0000,1593.4945,1057.7287
2025-05-04,34,938.0000,768.9761,1236.6383,932.6534,1847.0000,3920.7981,4428.6643,4484.0000,4509.7388,1576.0000,1056.0000
2025-05-09,34,430.0000,468.3331,945.6611,469.2219,1849.0566,4391.0000,4825.0000,5010.7530,4957.0119,1338.0000,657.0000
2025-05-09,34,444.0000,476.4907,949.2224,469.4325,1845.6740,4389.0000,4800.0000,4981.2977,4908.3397,1339.0000,658.0000
2025-05-11,34,399.0000,469.4884,909.4627,499.4562,1633.6105,4207.0000,4673.0000,4760.0524,4822.0000,1312.0000,674.0000
2025-05-11,34,470.0000,520.6945,933.1972,530.8816,1622.6322,4092.0000,4576.0000,4675.0909,4719.0000,1310.0000,683.0000
2025-05-12,34,157.0000,257.5067,803.0738,347.2781,1793.0015,4378.2367,4802.0000,5020.0000,4976.0000,1318.0000,652.3810
2025-05-12,34,335.0000,373.6375,859.5014,411.4500,1781.0000,4220.0000,4650.0000,4880.0000,4786.0000,1305.4495,653.0000
