2017-01-24,15,511.0000,620.3299,780.0256,856.9383,1237.0000,1646.0877,1749.3966,1898.8058,1872.0000,1668.3036,1080.9169
2017-04-11,15,835.0000,613.4069,708.5578,409.3045,905.5161,3226.1093,4179.0000,4327.9514,4394.0405,1290.3371,594.2621
2017-04-21,15,1.0000,1.0000,246.8427,137.4913,644.3203,2981.4110,4060.0000,4437.0821,4293.3440,1219.6638,570.7088
2017-04-21,15,309.0000,212.7291,333.0715,109.3416,563.1429,3011.3206,4109.3672,4470.6737,4344.0148,1203.3141,562.6414
2017-04-24,15,-9999.0000,-9999.0000,-9999.0000,-9999.0000,-9999.0000,-9999.0000,-9999.0000,-9999.0000,-9999.0000,-9999.0000,-9999.0000
2017-05-01,15,1195.0000,1118.2906,1224.5356,1037.5319,1413.2087,3013.0000,3740.2266,3897.2500,3890.0000,1582.1085,1108.9255
2017-05-04,15,401.0000,405.9360,557.7016,325.6521,926.2275,3682.3537,5051.5251,5193.6797,5360.6221,1253.2766,545.0000
2017-05-04,15,420.0000,417.6521,563.6422,324.9281,929.9634,3696.0000,5064.9888,5226.7087,5397.5760,1254.9280,546.6423
2017-05-14,15,1.0000,1.0000,128.9347,85.6479,468.6723,2177.9475,3043.0000,3147.8231,3338.9112,955.2306,483.6051
2017-05-14,15,26.0000,49.5751,157.5255,57.8625,419.1455,2176.3741,3101.1461,3179.2045,3404.9643,955.5296,475.2697
2017-05-21,15,-9999.0000,-9999.0000,-9999.0000,-9999.0000,-9999.0000,-9999.0000,-9999.0000,-9999.0000,-9999.0000,-9999.0000,-9999.0000
2017-05-21,15,-9999.0000,-9999.0000,-9999.0000,-9999.0000,-9999.0000,-9999.0000,-9999.0000,-9999.0000,-9999.0000,-9999.0000,-9999.0000
2017-05-24,15,169.0000,173.1810,347.3613,292.8030,738.8318,2155.6053,2826.0000,2933.0000,3236.6001,1225.0996,664.0000
2017-05-24,15,396.0000,441.0511,573.8737,468.8843,890.9333,2172.0812,2788.0000,2880.0949,3170.9595,1234.5310,681.4411
2017-05-31,15,1398.0000,1349.3338,1461.5275,1282.6423,1752.0441,2899.0000,3383.0000,3476.2025,3736.3496,2006.0204,1283.0000
2017-06-03,15,222.0000,293.1552,493.6533,475.3929,938.2439,1874.9391,2282.7034,2359.4975,2636.1779,1386.9081,819.3453
2017-06-03,15,230.0000,245.7772,475.4879,476.5041,964.9790,1867.1163,2260.1580,2342.2915,2631.3883,1379.1387,817.3854
2017-06-10,15,998.0000,1315.3139,1579.9619,1835.2724,2213.5189,2660.3116,2844.1238,3002.6617,3209.0000,3524.0029,2746.0837
2017-06-13,15,726.0000,1019.7859,1307.1658,1676.7276,2020.1017,2262.0377,2483.0000,2564.5336,2794.4526,3572.0000,2813.0000
2017-06-13,15,767.0000,1043.2777,1315.0132,1659.3780,1978.6610,2273.9058,2488.0000,2547.5410,2796.0345,3523.9942,2785.0000
2017-06-20,15,483.0000,916.5268,1347.7499,1827.8200,2208.9940,2525.7965,2730.4083,2835.0510,3051.8082,3994.0000,3212.0000
2017-06-20,15,966.5453,1219.7130,1499.3555,1891.4307,2201.0000,2514.5837,2714.9575,2819.7527,3041.2333,4028.5000,3193.0000
2017-06-23,15,2051.0000,1985.5405,2068.1466,2265.8522,2589.0268,2927.0000,3130.0000,3173.0000,3369.7611,3401.4800,2609.3522
2017-06-23,15,2047.0000,2066.4380,2130.1094,2293.2838,2593.2492,2960.4751,3204.0592,3253.2651,3451.6375,3408.0000,2589.9600
2017-07-03,15,982.0000,1282.9723,1620.1285,1881.1587,2222.0000,2572.4561,2740.6522,2908.2372,3043.3721,3735.0000,2929.0000
2017-07-03,15,942.0000,1195.4655,1555.1990,1826.0233,2213.2673,2558.4176,2738.0571,2882.3166,3026.4442,3698.7929,2898.0000
2017-07-08,15,843.0000,1140.0000,1409.5242,1659.6347,1896.0000,2224.0000,2467.0036,2482.8633,2651.0000,3182.0000,2779.7142
2017-07-10,15,577.5131,995.0299,1420.0675,1829.4491,2156.2934,2388.6457,2546.0000,2602.8718,2820.0000,3346.2801,2572.0144
2017-07-10,15,900.0000,1188.0051,1514.2115,1858.8183,2152.0136,2369.0615,2531.6745,2585.7672,2787.2629,3322.6979,2557.0039
2017-07-13,15,906.0000,1403.2368,1844.7180,2280.5215,2564.0000,2688.5150,2862.0000,2907.5772,3099.0000,3811.0000,3099.6808
2017-07-13,15,1044.0000,1459.4261,1852.0154,2246.3877,2499.0000,2694.0000,2824.0000,2891.4550,3084.2068,3767.0000,3107.4908
2017-07-20,15,1379.4118,1611.5481,1923.1491,2258.7902,2547.6905,2937.0000,3161.2114,3194.4000,3419.0000,3763.3887,3020.5143
2017-07-20,15,1748.7406,2056.8939,2359.4264,2710.1724,2958.1375,3180.6084,3326.0000,3382.4585,3640.0570,3965.0000,3148.9593
2017-07-23,15,715.0000,1121.5145,1515.2225,1892.6283,2131.5422,2380.9482,2560.9523,2580.4204,2788.0434,3339.2669,2711.0000
2017-07-23,15,1105.6808,1362.7332,1675.1264,2019.3217,2224.0000,2393.0000,2556.4602,2580.2651,2800.9946,3352.0000,2774.0000
2017-07-30,15,-9999.0000,-9999.0000,-9999.0000,-9999.0000,-9999.0000,-9999.0000,-9999.0000,-9999.0000,-9999.0000,-9999.0000,-9999.0000
2017-08-02,15,1237.0000,1554.8181,1859.8563,2136.0600,2326.0000,2573.7019,2726.0381,2753.8150,2968.0000,3401.5546,2846.0000
2017-08-02,15,1251.0000,1548.1232,1851.4515,2135.5931,2346.6889,2561.1034,2721.5659,2748.6553,2938.4463,3398.0000,2844.0000
2017-08-09,15,1161.0000,1538.6153,1955.6782,2292.8705,2553.0000,2889.1870,3006.0000,3032.8870,3249.0000,3643.1613,3021.0000
2017-08-09,15,1239.0000,1522.7113,1914.8001,2244.7518,2534.0000,2853.7819,3000.7821,2995.1455,3203.3036,3611.6763,2968.0000
2017-08-12,15,282.0000,310.7072,342.5666,376.5310,464.0000,608.5298,668.6659,657.2081,734.9825,658.0000,482.4843
2017-08-12,15,16.0000,173.0000,249.0000,307.0000,437.0000,679.0000,788.0000,823.0000,887.0000,636.0000,430.0000
2017-08-19,15,-9999.0000,-9999.0000,-9999.0000,-9999.0000,-9999.0000,-9999.0000,-9999.0000,-9999.0000,-9999.0000,-9999.0000,-9999.0000
2017-08-22,15,1090.0000,1339.0332,1667.7934,1913.4740,2214.4963,2772.4131,2943.0000,3111.9719,3161.5025,3352.7362,2738.4946
2017-08-22,15,1083.0000,1355.0253,1682.9266,1926.7610,2217.8501,2734.0340,2925.7576,3095.6440,3146.6919,3355.4872,2732.9199
2017-08-29,15,512.5103,761.2863,1067.4896,1267.5788,1588.6121,2298.3316,2500.3379,2632.5799,2732.3081,2632.3250,1930.9019
2017-08-29,15,753.0000,901.6861,1131.0916,1285.2708,1592.0127,2282.0000,2482.4564,2619.2631,2674.8552,2613.8853,1923.2034
2017-09-08,15,503.0000,722.3661,989.6486,1011.4499,1486.0000,2490.5597,2683.5964,2857.4412,2907.4335,2424.9109,1661.0000
2017-09-08,15,615.0000,681.4666,977.7504,1013.1085,1465.0935,2479.0000,2660.2274,2806.4406,2884.8647,2392.6046,1654.0403
2017-09-18,15,603.0000,630.0800,956.0345,868.4911,1478.1433,2774.0000,3066.0000,3240.6792,3296.0011,2393.8568,1541.5043
2017-09-18,15,400.0000,590.0157,957.9673,917.5597,1470.0000,2668.2893,2955.1148,3095.0770,3166.0000,2325.3346,1501.6753
2017-09-21,15,530.0000,562.0052,793.7951,692.6755,1221.6457,2260.6250,2555.0000,2727.5534,2734.0000,1906.0259,1212.0000
2017-09-21,15,568.0000,597.4000,812.9634,710.1788,1222.3617,2261.0000,2549.0000,2724.7333,2735.0000,1912.6280,1218.0000
2017-09-28,15,583.0000,678.3407,989.6600,816.4859,1436.3848,2622.4747,2899.1610,3145.2042,3091.4028,2145.5662,1368.9735
2017-09-28,15,849.0000,856.5609,1078.5498,897.3867,1440.0000,2514.0000,2778.0875,2999.5277,2981.1294,2081.3918,1356.0000
2017-10-01,15,-9999.0000,-9999.0000,-9999.0000,-9999.0000,-9999.0000,-9999.0000,-9999.0000,-9999.0000,-9999.0000,-9999.0000,-9999.0000
2017-10-08,15,-9999.0000,-9999.0000,-9999.0000,-9999.0000,-9999.0000,-9999.0000,-9999.0000,-9999.0000,-9999.0000,-9999.0000,-9999.0000
2017-10-08,15,-9999.0000,-9999.0000,-9999.0000,-9999.0000,-9999.0000,-9999.0000,-9999.0000,-9999.0000,-9999.0000,-9999.0000,-9999.0000
2017-10-11,15,-9999.0000,-9999.0000,-9999.0000,-9999.0000,-9999.0000,-9999.0000,-9999.0000,-9999.0000,-9999.0000,-9999.0000,-9999.0000
2017-10-18,15,-9999.0000,-9999.0000,-9999.0000,-9999.0000,-9999.0000,-9999.0000,-9999.0000,-9999.0000,-9999.0000,-9999.0000,-9999.0000
2017-10-31,15,1412.0000,1571.6948,1812.0078,1970.8000,2296.0000,2592.0000,2739.6437,2948.4101,2993.0000,3235.5034,2630.0000
2017-10-31,15,1444.0000,1580.2525,1815.0000,1955.0000,2250.8463,2587.7050,2752.6961,2936.7363,2980.4985,3170.7847,2539.5000
2017-11-10,15,263.0000,217.0000,330.5568,428.2837,532.0000,623.0000,669.0000,713.0000,753.0000,751.0000,519.0000
2017-11-10,15,293.0000,345.0000,371.0000,401.0000,523.0000,615.0000,663.0000,686.0000,740.0000,743.0000,518.0000
2017-11-17,15,-9999.0000,-9999.0000,-9999.0000,-9999.0000,-9999.0000,-9999.0000,-9999.0000,-9999.0000,-9999.0000,-9999.0000,-9999.0000
2017-11-17,15,-9999.0000,-9999.0000,-9999.0000,-9999.0000,-9999.0000,-9999.0000,-9999.0000,-9999.0000,-9999.0000,-9999.0000,-9999.0000
2017-11-20,15,490.6687,722.1605,941.3333,1102.0000,1355.0000,1552.4780,1652.9647,1811.0092,1804.5756,1840.0000,1389.0000
2017-11-20,15,838.9698,877.7998,1004.5785,1097.5018,1317.7942,1568.5924,1660.4319,1828.0784,1788.9249,1852.8560,1401.0000
2017-11-27,15,266.0000,601.1515,882.1339,1097.2500,1401.6356,1741.6285,1855.0000,2059.3384,2040.0612,1970.7922,1389.0000
2017-11-27,15,483.0000,688.9984,921.5000,1094.6662,1401.1145,1683.1552,1792.0000,1991.4728,2009.0000,1897.0000,1349.6778
2017-12-07,15,548.0000,746.6451,974.7776,1118.2174,1444.2912,1755.0000,1846.0365,1878.7969,2017.4737,1763.5171,1206.1006
2017-12-17,15,128.0000,469.3957,705.2984,954.2507,1292.0000,1619.2089,1752.0000,1881.1131,1904.2533,1733.0733,1180.0000
2017-12-17,15,395.0000,582.0000,776.9930,957.0000,1274.0000,1538.3067,1674.3814,1817.4375,1837.0701,1654.4660,1137.2500
2017-12-20,15,295.0000,534.3672,724.9935,881.5301,1144.8987,1384.0000,1493.0000,1627.5860,1675.0000,1508.8504,1041.8265
2017-12-20,15,377.0000,577.0000,745.9953,885.4279,1162.0000,1409.9594,1522.1210,1636.2714,1675.7841,1501.0152,1054.4290
2017-12-22,15,-9999.0000,-9999.0000,-9999.0000,-9999.0000,-9999.0000,-9999.0000,-9999.0000,-9999.0000,-9999.0000,-9999.0000,-9999.0000
2017-12-25,15,-9999.0000,-9999.0000,-9999.0000,-9999.0000,-9999.0000,-9999.0000,-9999.0000,-9999.0000,-9999.0000,-9999.0000,-9999.0000
2017-12-25,15,-9999.0000,-9999.0000,-9999.0000,-9999.0000,-9999.0000,-9999.0000,-9999.0000,-9999.0000,-9999.0000,-9999.0000,-9999.0000
2018-01-06,15,-9999.0000,-9999.0000,-9999.0000,-9999.0000,-9999.0000,-9999.0000,-9999.0000,-9999.0000,-9999.0000,-9999.0000,-9999.0000
2018-01-11,15,343.0000,857.5331,1149.0000,1317.4293,1638.3899,2051.4648,2300.0059,2440.2992,2500.3462,2329.0000,1730.2327
2018-01-11,15,571.0000,1005.7370,1232.5860,1357.0083,1696.7390,2045.4721,2251.5167,2378.2982,2421.6525,2302.1552,1734.4200
2018-01-14,15,157.0000,217.0000,467.0000,705.0000,1137.0000,1510.0000,1639.0000,1895.0000,1757.0000,1556.0000,1169.0000
2018-01-14,15,225.0000,549.7624,813.8297,982.3769,1187.0000,1460.0000,1628.5773,1706.7467,1770.6748,1668.8162,1352.0549
2018-01-19,15,-9999.0000,-9999.0000,-9999.0000,-9999.0000,-9999.0000,-9999.0000,-9999.0000,-9999.0000,-9999.0000,-9999.0000,-9999.0000
2018-01-19,15,-9999.0000,-9999.0000,-9999.0000,-9999.0000,-9999.0000,-9999.0000,-9999.0000,-9999.0000,-9999.0000,-9999.0000,-9999.0000
2018-01-21,15,212.0000,561.2751,829.5175,1049.0157,1468.0000,1868.9333,2035.4492,2166.8014,2187.4779,2130.5411,1532.0000
2018-01-21,15,433.0000,710.4521,905.2530,1069.0200,1446.7035,1804.8897,1930.9654,2091.9660,2105.5597,2042.5089,1490.0000
2018-02-08,15,-9999.0000,-9999.0000,-9999.0000,-9999.0000,-9999.0000,-9999.0000,-9999.0000,-9999.0000,-9999.0000,-9999.0000,-9999.0000
2018-02-10,15,361.0000,677.5264,937.5000,1102.2742,1593.0521,2080.0000,2235.0220,2471.4417,2392.0370,2166.4003,1542.4614
2018-02-10,15,394.0000,729.5257,1025.0061,1121.8991,1596.6158,2035.5917,2178.9636,2258.0495,2333.1959,2134.5209,1508.3068
2018-02-13,15,1288.0000,1469.0000,1596.0000,1644.6025,1916.0000,2236.7690,2358.0265,2512.7113,2446.2650,1521.0000,1241.0000
2018-02-13,15,1326.0000,1466.5728,1612.3965,1658.6115,1926.0000,2288.5708,2412.0000,2568.4718,2498.0000,1522.0000,1234.0000
2018-02-25,15,1356.0000,1666.0835,1970.8817,2113.8009,2567.0000,3029.0000,3141.0426,3317.3316,3306.0000,3130.5227,2651.1937
2018-02-25,15,1443.0000,1731.7163,2014.1884,2163.3123,2562.0504,3042.4558,3166.0000,3355.6667,3319.0000,3126.0000,2643.1243
2018-02-28,15,1398.0000,1673.1333,1939.2591,2113.5197,2419.0000,2765.4822,2895.0000,3050.0000,3093.0000,3484.0000,2998.7809
2018-02-28,15,1499.0000,1733.7711,1965.0000,2131.3464,2443.7446,2777.0094,2917.1772,3051.7779,3099.0000,3476.0000,3018.0317
2018-03-12,15,-9999.0000,-9999.0000,-9999.0000,-9999.0000,-9999.0000,-9999.0000,-9999.0000,-9999.0000,-9999.0000,-9999.0000,-9999.0000
2018-03-20,15,-9999.0000,-9999.0000,-9999.0000,-9999.0000,-9999.0000,-9999.0000,-9999.0000,-9999.0000,-9999.0000,-9999.0000,-9999.0000
2018-03-20,15,-9999.0000,-9999.0000,-9999.0000,-9999.0000,-9999.0000,-9999.0000,-9999.0000,-9999.0000,-9999.0000,-9999.0000,-9999.0000
2018-03-22,15,732.0000,1091.4902,1420.1756,1569.7546,2041.0000,2669.5119,2812.1845,2984.8120,2987.9652,2804.6212,2256.3201
2018-03-22,15,691.0000,1066.0120,1394.7905,1571.5000,1956.5343,2580.6518,2748.1628,2885.1429,2905.4733,2724.0000,2212.0604
2018-03-25,15,913.7857,1260.5760,1555.8116,1675.2819,2074.0000,2676.0000,2848.3212,2939.1870,3029.0000,2894.7402,2444.6471
2018-03-25,15,944.6855,1299.6605,1563.2016,1674.5712,2075.0128,2656.1772,2827.0000,2956.5269,3006.9226,2868.2883,2437.4902
2018-03-27,15,1801.1179,1907.4103,2044.3377,2113.7782,2619.0000,3280.0000,3458.4285,3669.2006,3613.0000,3405.0000,2708.0216
2018-03-27,15,1757.0000,1822.0573,1986.0931,2067.1275,2564.0000,3253.0000,3412.0000,3619.1642,3598.8014,3298.6664,2604.3814
2018-03-30,15,-9999.0000,-9999.0000,-9999.0000,-9999.0000,-9999.0000,-9999.0000,-9999.0000,-9999.0000,-9999.0000,-9999.0000,-9999.0000
2018-03-30,15,-9999.0000,-9999.0000,-9999.0000,-9999.0000,-9999.0000,-9999.0000,-9999.0000,-9999.0000,-9999.0000,-9999.0000,-9999.0000
2018-04-01,15,370.0000,664.5903,921.5982,937.6630,1438.8997,2165.9956,2367.0000,2524.4602,2508.1904,1793.0985,1111.0000
2018-04-01,15,428.0000,728.8877,949.8938,944.9657,1463.0000,2133.7937,2322.7231,2490.7504,2444.2803,1780.0000,1099.0000
2018-04-06,15,445.0000,690.5000,1081.6312,1073.1763,1720.6662,2700.0000,2881.8528,3067.4288,3039.0000,2211.0000,1493.5080
2018-04-06,15,527.0000,746.0771,1097.4163,1066.0176,1689.1729,2621.0000,2786.0000,2962.0000,2966.5148,2175.0000,1465.1059
2018-04-11,15,1783.0000,1814.6234,1912.6067,1886.5420,2358.0000,2878.2424,3132.0000,3309.2419,3356.6874,2704.0000,1978.9433
2018-04-14,15,251.0000,486.5339,745.7795,805.0994,1349.6545,2079.0000,2367.0000,2675.3408,2742.0000,2280.0000,1447.0000
2018-04-14,15,326.0000,535.0000,777.0841,813.3929,1353.0547,2077.0000,2376.3998,2667.6352,2717.6014,2280.0000,1461.9985
2018-04-16,15,1294.0000,1401.0000,1717.9765,1717.5985,2272.0000,3100.9880,3318.0000,3438.0000,3587.0000,2765.0000,1840.0000
2018-04-16,15,1162.0000,1326.0000,1646.4790,1661.5683,2172.0000,2997.0000,3250.0000,3336.0000,3485.0000,2695.0000,1806.0000
2018-04-19,15,736.0000,984.6793,1276.0933,1490.8363,1649.0252,1897.4943,2002.8765,2087.9828,2109.3235,2299.0000,2014.0000
2018-04-19,15,801.0000,1013.8969,1284.7748,1492.9745,1621.0000,1898.5808,2011.1012,2104.0970,2106.2886,2273.7019,1977.3388
2018-04-21,15,993.0000,1387.1598,1707.3912,1987.5089,2117.8917,2428.1299,2590.0000,2744.1058,2701.0736,2909.1370,2628.0000
2018-04-21,15,852.0000,1283.6905,1628.1267,1901.5000,2069.4283,2363.3506,2541.4069,2678.5239,2660.8924,2803.9980,2607.0000
2018-04-24,15,1532.0000,1817.3500,1977.5672,1973.7493,2272.5429,2785.2839,3049.2021,3028.0985,3091.7177,2766.0000,2476.3952
2018-04-24,15,1618.0000,1741.8115,1909.0151,1897.6994,2214.0000,2752.8555,3026.9510,2995.7042,3090.7962,2681.0000,2422.0000
2018-04-26,15,1202.4223,1523.2898,1867.5128,2091.5529,2295.0000,2609.9893,2745.6253,2771.3149,2868.4070,2933.0000,2622.0139
2018-04-26,15,1107.0000,1433.6833,1819.6504,2044.0667,2244.4983,2595.5976,2747.6703,2755.8877,2845.0000,2890.9271,2646.0392
2018-04-29,15,1086.0000,1442.8021,1818.8978,2139.9216,2299.6627,2568.0000,2714.9381,2771.5000,2874.0000,3196.0000,3046.0069
2018-04-29,15,1144.0000,1452.6162,1796.1030,2091.3024,2266.3329,2564.1184,2714.9156,2754.5027,2859.1850,3216.0000,2984.0000
2018-05-04,15,1297.0000,1561.1870,1757.7803,1897.5701,2092.2029,2405.0754,2627.0000,2633.7232,2700.3460,2269.1641,1873.0000
2018-05-04,15,1306.0000,1565.4418,1764.6228,1905.2933,2090.4810,2434.6578,2683.5244,2666.2904,2755.5265,2273.9404,1862.0863
2018-05-06,15,963.0000,1137.7769,1413.7699,1619.8586,1786.0000,2174.0275,2321.0810,2261.4489,2452.8280,2346.5355,1875.0000
2018-05-06,15,903.0000,1125.1848,1433.8152,1674.8229,1818.0000,2156.0000,2329.7193,2251.5878,2450.0000,2369.0000,1885.0000
2018-05-09,15,1431.0000,1796.7542,2179.6029,2499.2829,2640.0000,2933.2002,3106.0000,3185.4867,3218.0264,3268.2588,2916.0000
2018-05-09,15,1387.0000,1730.9325,2122.8777,2458.7252,2604.3939,2930.0000,3099.1242,3171.6741,3210.7314,3261.0000,2898.0000
2018-05-11,15,-9999.0000,-9999.0000,-9999.0000,-9999.0000,-9999.0000,-9999.0000,-9999.0000,-9999.0000,-9999.0000,-9999.0000,-9999.0000
2018-05-11,15,-9999.0000,-9999.0000,-9999.0000,-9999.0000,-9999.0000,-9999.0000,-9999.0000,-9999.0000,-9999.0000,-9999.0000,-9999.0000
2018-05-16,15,-9999.0000,-9999.0000,-9999.0000,-9999.0000,-9999.0000,-9999.0000,-9999.0000,-9999.0000,-9999.0000,-9999.0000,-9999.0000
2018-05-16,15,-9999.0000,-9999.0000,-9999.0000,-9999.0000,-9999.0000,-9999.0000,-9999.0000,-9999.0000,-9999.0000,-9999.0000,-9999.0000
2018-05-19,15,1424.0000,1755.2466,2245.8586,2662.8721,2829.0000,3124.9016,3331.8278,3416.9721,3474.4267,3683.0000,3317.3760
2018-05-19,15,1437.0000,1785.0000,2215.0483,2582.6253,2764.4557,3090.7919,3298.3560,3383.3900,3452.2246,3684.5821,3284.7678
2018-05-21,15,1867.0000,2536.2471,3078.6451,3493.8938,3677.5723,4027.5013,4268.1493,4377.9977,4389.6609,4715.0744,4487.0000
2018-05-21,15,1916.0000,2537.0424,3046.0759,3451.5593,3710.0000,3982.0000,4236.6648,4348.8530,4368.7943,4682.9415,4470.0098
2018-05-24,15,-9999.0000,-9999.0000,-9999.0000,-9999.0000,-9999.0000,-9999.0000,-9999.0000,-9999.0000,-9999.0000,-9999.0000,-9999.0000
2018-05-24,15,-9999.0000,-9999.0000,-9999.0000,-9999.0000,-9999.0000,-9999.0000,-9999.0000,-9999.0000,-9999.0000,-9999.0000,-9999.0000
2018-05-26,15,1857.0000,2341.2423,2918.5784,3239.1914,3544.0000,4000.0000,4164.3101,4251.8632,4338.0054,4499.5198,4071.6396
2018-05-26,15,1715.0000,2179.7964,2757.3850,3090.5422,3414.3332,3898.2076,4082.5471,4144.0000,4243.2868,4475.0000,3999.0000
2018-05-31,15,1770.0000,2177.6858,2602.7612,2707.8162,3043.7341,3702.4826,4057.4425,4051.5000,4146.4689,3977.9108,3515.0646
2018-05-31,15,1779.0000,2202.0000,2619.8968,2708.7002,3082.0188,3713.1233,4043.0000,4036.7224,4138.0000,3947.0000,3426.5492
2018-06-03,15,1426.5712,1802.2187,2243.1653,2344.1317,2715.0000,3580.0000,3973.6909,4026.8667,4093.6473,3820.5323,3319.0000
2018-06-03,15,1465.0000,1826.4197,2251.6653,2364.6227,2726.0000,3600.5365,3997.0000,4035.6710,4106.3910,3812.5105,3314.8770
2018-06-05,15,1468.0000,1787.6940,2250.7874,2360.1037,2826.3562,3878.9156,4196.0000,4211.8167,4333.0099,3955.8504,3287.0000
2018-06-05,15,1478.0000,1747.4398,2203.2613,2295.5837,2738.6251,3804.6046,4120.0000,4122.6545,4259.0000,3904.0314,3240.4742
2018-06-10,15,654.4761,820.6398,1088.5155,1045.1326,1427.7125,2632.0000,3164.2186,3110.0000,3243.2983,2428.5596,1723.1910
2018-06-10,15,538.0000,777.4728,1072.6742,1044.2848,1420.2860,2612.3213,3112.1277,3042.3536,3202.0000,2412.2916,1678.0000
2018-06-13,15,601.9521,844.0000,1146.3574,1096.4479,1482.5023,3002.4446,3683.0000,3700.4969,3815.0000,2587.0000,1817.7787
2018-06-13,15,803.0000,942.1435,1187.9969,1092.0614,1493.9796,2992.0000,3683.7490,3675.0590,3811.4410,2569.9821,1827.4671
2018-06-15,15,851.0000,1020.4876,1402.3596,1348.9008,1849.0956,3938.9135,4748.0000,4855.2032,4901.1918,3289.7954,2226.0000
2018-06-15,15,857.4870,1019.6084,1398.9874,1334.3372,1816.7309,3907.4819,4709.3775,4823.0242,4899.1320,3244.9925,2199.7532
2018-06-18,15,790.0000,989.7392,1332.8485,1315.9871,1780.8980,3475.0146,4233.7054,4267.6803,4461.0000,2889.9452,1860.9718
2018-06-18,15,875.0000,1028.0141,1346.8919,1322.0000,1756.4137,3388.6455,4116.0000,4132.0000,4335.0000,2842.1647,1844.0000
2018-06-20,15,701.0000,875.2395,1188.7150,1111.9881,1528.6269,3301.1745,4284.1863,4355.2781,4406.0000,2735.0000,1925.5802
2018-06-20,15,566.0000,837.0249,1180.0669,1120.8514,1500.3649,3201.2772,4150.5921,4209.4379,4267.7878,2690.0000,1897.0000
2018-06-23,15,48.0000,269.0766,525.3307,409.9372,757.3448,2509.1439,3322.0000,3514.3645,3450.5356,1617.6183,902.0975
2018-06-23,15,299.0000,392.7743,585.3830,436.5640,780.8160,2500.4732,3300.7745,3482.5838,3436.8659,1615.0000,909.0000
2018-06-30,15,327.0000,445.7779,633.2594,483.3317,864.8186,2960.0000,4263.0000,4339.3009,4396.1867,2040.7275,1136.0000
2018-06-30,15,403.0000,521.0000,697.6907,537.8163,896.0179,2898.0000,4154.6655,4204.0000,4307.2370,1987.1504,1130.0000
2018-07-03,15,-9999.0000,-9999.0000,-9999.0000,-9999.0000,-9999.0000,-9999.0000,-9999.0000,-9999.0000,-9999.0000,-9999.0000,-9999.0000
2018-07-03,15,-9999.0000,-9999.0000,-9999.0000,-9999.0000,-9999.0000,-9999.0000,-9999.0000,-9999.0000,-9999.0000,-9999.0000,-9999.0000
2018-07-05,15,459.0000,477.1788,673.2916,514.7119,892.6074,3136.2444,4438.0000,4451.1916,4629.9834,1966.3527,1052.9710
2018-07-05,15,334.0000,402.6032,657.4234,521.7437,890.3626,3129.4185,4409.1567,4426.9846,4613.9623,1955.8816,1052.2155
2018-07-08,15,440.0000,449.7144,640.5693,457.1270,833.9141,2985.7878,4256.0473,4321.2655,4451.6329,1653.6097,857.1745
2018-07-10,15,-9999.0000,-9999.0000,-9999.0000,-9999.0000,-9999.0000,-9999.0000,-9999.0000,-9999.0000,-9999.0000,-9999.0000,-9999.0000
2018-07-13,15,2.0000,154.2011,361.2019,241.5252,563.5635,2530.4204,3899.7893,3954.2702,4027.9500,1465.3435,698.7116
2018-07-13,15,241.0000,325.7140,465.6924,301.3938,621.9701,2502.4578,3803.1059,3874.6524,3953.9963,1453.8785,701.2771
2018-07-15,15,484.0000,388.9320,569.0696,376.7218,747.8911,2884.0000,4100.0114,4083.5092,4310.0000,1707.6049,843.6069
2018-07-15,15,408.0000,397.4599,572.7282,377.1030,745.6387,2886.9214,4066.1287,4058.6002,4289.5029,1699.5692,822.0000
2018-07-18,15,316.0000,337.3798,497.4744,349.8032,674.6949,2612.9485,3851.9355,3980.0754,4092.0175,1604.5793,810.4246
2018-07-18,15,366.0000,372.7986,524.9969,366.3181,688.5577,2605.4342,3832.9673,3956.6501,4052.0037,1601.2237,805.5806
2018-07-20,15,447.0000,505.3360,637.5081,457.0310,812.9699,2680.0000,4005.4217,4084.3239,4238.8166,1805.1119,909.1673
2018-07-20,15,265.0000,437.6753,617.3974,469.2507,812.9331,2670.6739,3965.0432,4034.9092,4186.6348,1805.9821,907.9322
2018-07-23,15,-9999.0000,-9999.0000,-9999.0000,-9999.0000,-9999.0000,-9999.0000,-9999.0000,-9999.0000,-9999.0000,-9999.0000,-9999.0000
2018-07-23,15,-9999.0000,-9999.0000,-9999.0000,-9999.0000,-9999.0000,-9999.0000,-9999.0000,-9999.0000,-9999.0000,-9999.0000,-9999.0000
2018-07-25,15,396.0000,433.3691,609.6318,444.4385,795.3968,2797.7362,3877.0000,3955.7188,4165.0000,1849.2632,948.0384
2018-07-25,15,325.0000,413.3492,625.0158,481.3610,821.0000,2749.4696,3792.0000,3884.7518,4088.4976,1834.9002,948.1571
2018-07-28,15,397.0000,448.3294,617.1821,457.1775,796.2216,2553.6466,3613.5346,3683.8395,3894.0000,1707.7384,883.9570
2018-07-28,15,398.0000,472.6003,653.5782,501.3874,837.5564,2528.8492,3569.8741,3610.5677,3833.0000,1702.0000,893.7485
2018-07-30,15,282.9531,392.7001,577.8316,412.7294,788.0116,2608.0622,3857.4726,3915.5323,4129.0197,1899.8262,989.3363
2018-07-30,15,227.0000,401.3863,609.5974,465.0406,829.4080,2560.0000,3770.0000,3804.2515,3994.7332,1885.0000,978.1748
2018-08-02,15,29.0000,253.8319,509.6967,398.0503,765.3983,2481.2275,3650.6251,3708.3329,3921.9980,1700.0000,909.7345
2018-08-02,15,165.0000,364.1172,585.5011,449.0733,802.3159,2457.0000,3602.0374,3635.6986,3891.0000,1692.5970,905.5490
2018-08-04,15,349.0000,418.5457,637.4239,481.5094,870.6325,2733.4419,3688.5330,3780.7770,3984.0000,1902.4440,985.0479
2018-08-04,15,210.0000,353.3685,617.1639,485.4061,882.0084,2708.0000,3659.0000,3730.6027,3929.0000,1888.6450,978.2635
2018-08-07,15,225.0000,353.6923,605.9093,502.2025,864.8893,2533.7817,3488.7577,3549.1367,3792.0000,1828.8254,974.0000
2018-08-07,15,257.0000,369.5610,625.4753,514.0000,894.5277,2521.0000,3450.6134,3529.7912,3765.0000,1817.0000,966.2554
2018-08-09,15,467.0000,581.0395,757.0531,609.5667,1013.0000,2605.1319,3630.6346,3673.0935,3921.0000,2059.0000,1170.0022
2018-08-09,15,371.0000,560.7625,761.5259,633.4046,1021.2347,2554.0656,3535.0000,3586.7903,3824.1886,2017.4437,1150.6690
2018-08-12,15,132.0000,377.2968,641.3813,549.1810,916.0104,2368.3132,3229.6061,3362.5800,3506.0000,1835.3629,1076.0000
2018-08-12,15,282.0000,461.7244,681.3723,576.8807,938.4890,2345.0000,3228.0000,3331.9710,3492.0000,1835.0000,1069.8070
2018-08-14,15,520.0000,741.2702,1009.2693,796.0000,1335.0000,3128.0000,3924.6348,3925.3273,4337.2697,2446.0000,1437.0000
2018-08-14,15,581.0000,769.2939,1029.6490,846.0000,1342.0000,3043.0000,3730.0000,3767.6114,4167.2504,2324.7492,1388.0000
2018-08-17,15,281.0000,373.9880,589.3795,498.7847,852.3117,2155.5125,2763.4097,2891.9929,3035.9165,1683.0000,926.7034
2018-08-17,15,332.0000,365.6687,593.4282,514.0000,864.2787,2163.0000,2760.0000,2896.9759,3027.0000,1675.7251,925.3949
2018-08-19,15,76.0000,412.7956,713.5140,664.5000,1082.9930,2386.0946,3114.2714,3235.8462,3378.6902,2107.3258,1274.3918
2018-08-19,15,301.0000,543.0000,790.0405,710.5010,1102.0000,2360.9540,3044.6010,3144.9482,3292.9554,2060.0000,1242.7038
2018-08-22,15,457.0000,636.3829,890.1460,849.5856,1234.0000,2256.5248,2798.0000,2922.1027,3046.0000,1993.3880,1332.9370
2018-08-22,15,537.0000,688.3527,918.0581,861.3594,1232.0000,2248.1887,2796.7939,2897.7273,3033.1609,1980.0000,1328.3699
2018-08-24,15,1324.0000,1218.0000,1309.0626,1094.0000,1542.0000,2972.0000,3561.7197,3494.0000,3986.0000,2620.0000,1505.0000
2018-08-24,15,1147.0000,1114.0000,1294.0000,1130.0000,1565.0000,3059.0000,3716.0000,3638.0000,4152.0000,2643.0000,1529.0000
2018-08-27,15,343.0000,368.8858,533.3122,481.8774,796.6737,1811.5469,2240.0000,2386.0690,2472.9329,1592.9106,909.0179
2018-08-27,15,378.0000,393.2755,549.6058,485.8922,801.7483,1793.4798,2214.0000,2404.0000,2490.0000,1594.0000,918.5419
2018-08-29,15,613.0000,711.0000,904.5000,841.5035,1182.0184,2115.5857,2574.2665,2734.0000,2788.8735,1965.9913,1265.0421
2018-08-29,15,455.0000,648.2429,884.6796,846.4010,1172.6694,2085.1442,2579.8922,2700.3943,2778.3986,1925.5000,1240.0000
2018-09-01,15,432.0000,546.4985,673.7445,522.7653,845.0000,1816.0052,2249.7360,2244.6667,2437.5360,1277.4739,707.0000
2018-09-01,15,482.0000,604.2273,710.2263,546.0000,864.0000,1853.0000,2294.0000,2283.0983,2471.5672,1324.6526,708.5000
2018-09-03,15,442.0000,528.4560,735.0000,642.0000,1043.0000,2134.1371,2516.0000,2531.3456,2731.7586,1860.0000,1107.9836
2018-09-03,15,461.0000,442.5020,702.3333,592.0956,1033.0526,2300.0934,2823.4699,2792.5467,3069.4716,1974.0000,1130.0000
2018-09-06,15,1.0000,229.6667,505.8649,501.6601,812.8368,1570.2367,1867.0403,1892.4761,2044.2555,1556.0000,932.9671
2018-09-06,15,433.0000,532.6977,680.8267,597.7828,905.2439,1633.0000,1918.5058,1916.1667,2065.7456,1540.5420,929.0000
2018-09-08,15,45.0000,342.5490,589.9899,598.0404,936.6676,1769.4220,2244.4957,2266.8116,2349.0000,1940.7164,1312.0000
2018-09-08,15,158.0000,392.5419,621.4359,625.2425,945.4806,1793.8240,2188.0000,2247.7491,2385.2802,1905.2695,1278.2127
2018-09-16,15,452.0000,819.3821,1218.3971,1683.8171,2061.0000,2626.7161,2979.6978,3223.1068,3353.0000,3460.0000,2415.0000
2018-09-16,15,838.5188,1009.0016,1283.8710,1658.4425,2040.8565,2594.0791,2925.9418,3194.1770,3297.0000,3397.0000,2393.0000
2018-09-18,15,459.0000,889.5104,1283.0358,1810.3195,2216.0000,2698.2860,3051.2835,3302.3591,3523.9113,3926.0000,2905.9377
2018-09-18,15,565.0000,941.9290,1290.4940,1763.5556,2201.0000,2630.0000,2979.4714,3207.1660,3375.0000,3848.0000,2834.0000
2018-09-21,15,629.0000,846.0716,1107.0150,1531.6548,1804.3247,2188.2974,2472.0000,2764.3886,2854.0000,3488.1293,2706.0000
2018-09-21,15,552.7092,824.7156,1099.2782,1533.1754,1761.0000,2203.7168,2530.1781,2743.8367,2890.6577,3463.9864,2681.0000
2018-09-23,15,-9999.0000,-9999.0000,-9999.0000,-9999.0000,-9999.0000,-9999.0000,-9999.0000,-9999.0000,-9999.0000,-9999.0000,-9999.0000
2018-09-23,15,-9999.0000,-9999.0000,-9999.0000,-9999.0000,-9999.0000,-9999.0000,-9999.0000,-9999.0000,-9999.0000,-9999.0000,-9999.0000
2018-09-26,15,729.0000,965.2549,1250.4452,1705.8022,1851.8550,2252.5637,2492.9455,2839.1700,2844.3326,3327.0000,2555.0000
2018-09-26,15,776.0000,989.3187,1258.2644,1707.0237,1875.4780,2257.8431,2516.0724,2824.0646,2851.3578,3308.8447,2508.0000
2018-09-28,15,543.0000,961.0000,1308.6557,1843.1696,2021.0000,2371.9798,2639.0000,2948.4871,3008.0000,3701.9018,2918.7070
2018-09-28,15,690.0000,1026.0000,1322.8080,1811.9822,1961.0000,2356.9764,2632.8645,2903.2047,2948.5259,3657.5249,2841.6284
2018-10-03,15,575.0000,937.4887,1331.1677,1835.2787,2043.1560,2388.3428,2596.1089,2900.9458,2965.0000,3528.5401,2630.2872
2018-10-03,15,850.9065,1072.0000,1377.2803,1834.1833,2037.0000,2381.0000,2600.8656,2873.3987,2923.1539,3453.0000,2611.0000
2018-10-08,15,872.5598,1268.0000,1548.3987,1834.1598,2150.0000,2557.0000,2894.9977,2977.1780,3162.0000,3429.9234,2939.3363
2018-10-08,15,1050.0000,1325.2577,1547.5501,1780.3361,2084.8142,2484.3426,2747.5181,2844.1527,3026.0000,3308.2090,2858.5355
2018-10-11,15,556.0000,858.6310,1072.8365,1379.3406,1549.7237,1814.0000,2021.6368,2198.4793,2261.7004,2948.9179,2556.5000
2018-10-11,15,-9999.0000,-9999.0000,-9999.0000,-9999.0000,-9999.0000,-9999.0000,-9999.0000,-9999.0000,-9999.0000,-9999.0000,-9999.0000
2018-10-13,15,723.0000,909.9897,1171.4675,1484.0000,1670.0000,2009.5013,2163.0000,2373.7164,2426.2534,3178.0000,2699.0000
2018-10-13,15,636.0000,854.0684,1138.3336,1477.7978,1674.0000,1988.0000,2128.0000,2358.9740,2378.0000,3109.0000,2631.0000
2018-10-18,15,644.0000,929.6315,1125.9057,1400.3958,1624.3302,1924.9797,2129.8896,2245.3589,2354.8540,2993.0000,2523.0000
2018-10-18,15,724.0000,981.6263,1144.9417,1395.9623,1604.6089,1868.5880,2107.1766,2213.0745,2295.6852,2891.0000,2481.0000
2018-10-21,15,750.0000,973.1783,1132.6328,1321.5321,1540.1006,1833.0000,2017.3526,2198.7251,2248.0764,2940.1721,2629.0000
2018-10-21,15,796.0000,998.3055,1144.5951,1333.3177,1513.4995,1840.0381,2029.6693,2215.7705,2265.9525,2920.8227,2590.0000
2018-10-23,15,679.0000,908.8973,1210.0016,1483.5005,1690.0000,2054.0000,2241.0000,2537.5716,2513.0000,3163.0000,2609.0000
2018-10-23,15,848.0000,1018.2385,1257.8383,1483.0000,1684.5639,2061.6991,2214.0000,2455.8546,2464.0000,3061.0015,2497.0000
2018-10-31,15,409.0000,682.0000,889.5013,1098.0000,1364.0000,1619.9660,1812.0000,2055.7162,2070.5406,2483.0645,1966.0000
2018-10-31,15,475.0000,719.0000,925.0685,1102.0000,1354.0000,1637.1143,1850.7452,2052.9302,2083.9127,2472.0000,1971.3671
2018-11-05,15,-9999.0000,-9999.0000,-9999.0000,-9999.0000,-9999.0000,-9999.0000,-9999.0000,-9999.0000,-9999.0000,-9999.0000,-9999.0000
2018-11-05,15,-9999.0000,-9999.0000,-9999.0000,-9999.0000,-9999.0000,-9999.0000,-9999.0000,-9999.0000,-9999.0000,-9999.0000,-9999.0000
2018-11-12,15,-9999.0000,-9999.0000,-9999.0000,-9999.0000,-9999.0000,-9999.0000,-9999.0000,-9999.0000,-9999.0000,-9999.0000,-9999.0000
2018-11-12,15,-9999.0000,-9999.0000,-9999.0000,-9999.0000,-9999.0000,-9999.0000,-9999.0000,-9999.0000,-9999.0000,-9999.0000,-9999.0000
2018-11-15,15,620.0000,782.1599,1017.0174,1152.8928,1474.0000,1774.0000,1937.4175,2186.0080,2177.1938,2785.0000,2148.1094
2018-11-15,15,676.0000,819.0000,1041.5147,1173.4229,1473.4568,1785.0000,1957.8888,2188.1049,2180.1727,2772.6274,2112.0955
2018-11-17,15,342.3512,673.0000,897.6667,1148.5470,1473.4789,1849.0000,2053.8329,2360.4990,2297.7516,3083.0000,2493.0653
2018-11-17,15,640.0000,865.0000,1028.6961,1189.8438,1481.0881,1825.3687,1976.9443,2266.0525,2237.0000,2908.5924,2460.0000
2018-12-05,15,-9999.0000,-9999.0000,-9999.0000,-9999.0000,-9999.0000,-9999.0000,-9999.0000,-9999.0000,-9999.0000,-9999.0000,-9999.0000
2018-12-07,15,777.0000,982.2748,1104.0000,1188.0000,1470.1317,1795.0000,1992.0000,2137.9066,2190.5899,2021.8126,1373.1692
2018-12-12,15,259.0000,489.0049,770.5249,1001.9841,1315.3068,1740.3326,1918.6498,2327.2415,2269.2232,2364.0000,1663.0000
2018-12-12,15,423.0000,601.6414,840.9515,1034.0000,1342.5100,1731.0000,1885.4327,2269.7970,2140.3500,2299.0000,1612.0000
2018-12-15,15,479.0000,662.0000,850.5000,1054.0000,1314.0000,1659.0000,1803.0000,2154.4420,2068.7789,2355.8431,1722.9864
2018-12-15,15,424.0000,604.8416,825.6667,1016.6154,1326.0000,1723.6670,1822.0000,2171.8571,2080.0000,2410.9218,1757.0000
2018-12-27,15,1027.0000,1051.3913,1169.5444,1308.0278,1617.0000,2057.0000,2272.0000,2590.0000,2491.0000,2854.9824,2157.0000
2018-12-30,15,328.0000,567.0000,702.6000,861.3510,1140.1738,1442.0000,1619.0980,1893.1088,1827.0023,1749.5195,1238.0000
2018-12-30,15,376.0000,596.0000,718.5000,870.7500,1139.0000,1489.3446,1629.1411,1918.0000,1859.3772,1748.4736,1231.0000
2019-01-01,15,-9999.0000,-9999.0000,-9999.0000,-9999.0000,-9999.0000,-9999.0000,-9999.0000,-9999.0000,-9999.0000,-9999.0000,-9999.0000
2019-01-04,15,1257.0000,1228.0000,1404.0000,1480.0000,1669.0000,1828.0000,1969.0000,2028.0000,2076.0000,2014.0000,1573.0000
2019-01-04,15,1093.0000,1172.0000,1382.0000,1488.0000,1686.0000,1856.0000,1976.0000,2070.0000,2094.0000,2005.0000,1577.0000
2019-01-06,15,418.0000,738.6013,912.3248,1124.6994,1373.8361,1723.7163,1874.6342,2183.3500,2139.5637,2499.5616,1866.0000
2019-01-06,15,533.0000,796.0000,953.5124,1129.8321,1361.0000,1687.0000,1860.7374,2136.8796,2068.1660,2443.6851,1830.9739
2019-01-11,15,421.0000,613.0000,817.4611,1102.0000,1428.0000,1787.9024,1947.2896,2212.9402,2237.0000,2666.9495,1987.0000
2019-01-11,15,587.0000,720.5381,888.8036,1114.0000,1425.9439,1746.0000,1884.9127,2150.6667,2178.3678,2622.0151,1971.1589
2019-01-14,15,567.0000,742.3047,912.1694,1144.5576,1392.5218,1693.6816,1845.1779,2108.8109,2075.0315,2547.8901,1908.4789
2019-01-14,15,523.0000,704.2323,885.7981,1116.9122,1389.5832,1693.0775,1863.0000,2128.0000,2092.0000,2563.0000,1930.0354
2019-01-16,15,525.0000,850.2417,1045.5690,1244.9881,1517.0000,1802.0584,2010.1522,2299.7908,2218.6114,2763.0000,2169.0000
2019-01-16,15,458.0000,789.9878,996.9732,1230.0000,1508.1067,1821.4212,2013.0628,2299.1136,2240.0000,2739.7713,2147.0000
2019-01-21,15,1226.0000,1338.0000,1494.0000,1672.0000,1929.4173,2177.6531,2252.0000,2491.5625,2457.6502,2371.0000,1870.4889
2019-01-24,15,747.0000,892.8578,1034.0000,1260.0000,1566.3975,1856.9035,2022.4281,2274.7750,2256.2063,2145.3900,1490.2970
2019-01-24,15,801.0000,924.5440,1050.0000,1256.0000,1572.0000,1853.0000,2015.0000,2267.5696,2270.0000,2173.6403,1492.7601
2019-01-29,15,925.0000,1144.9451,1334.0000,1576.5044,1905.0011,2239.0000,2388.0000,2697.3439,2624.6376,2462.0000,1888.0000
2019-01-29,15,810.0000,1086.0000,1278.0000,1496.9533,1833.0000,2217.0000,2393.0000,2675.2423,2637.7640,2409.1396,1831.0000
2019-01-31,15,628.0000,778.4305,953.6411,1236.0000,1540.0774,1890.0000,2034.5640,2312.1003,2323.3849,2898.3548,2228.7906
2019-01-31,15,600.0067,748.0000,933.5736,1220.0000,1537.0000,1849.0376,1997.9973,2290.8849,2272.0000,2863.0000,2185.0000
2019-02-03,15,-9999.0000,-9999.0000,-9999.0000,-9999.0000,-9999.0000,-9999.0000,-9999.0000,-9999.0000,-9999.0000,-9999.0000,-9999.0000
2019-02-05,15,286.0000,637.9935,844.9270,1178.0000,1506.4885,1884.1052,2049.4353,2426.6790,2296.4473,2761.5403,2074.0000
2019-02-05,15,415.0000,721.7072,894.0000,1188.0233,1513.3026,1832.5303,2020.0000,2374.6804,2286.2868,2733.8665,2083.7766
2019-02-08,15,394.0000,682.5000,853.3991,1116.0000,1400.2638,1742.0073,1894.9984,2172.8571,2133.9461,2673.5604,2172.0000
2019-02-08,15,536.5948,772.0000,909.1853,1142.0000,1417.0000,1728.5528,1877.0000,2170.0053,2117.0809,2656.8060,2168.0000
2019-02-13,15,260.4987,524.6189,797.4593,1109.3077,1416.0000,1734.0000,1899.9950,2172.5563,2170.0034,2674.3967,2003.0000
2019-02-13,15,439.0000,649.3161,873.6733,1136.0000,1433.0701,1751.0000,1922.8066,2153.7423,2186.0000,2625.8122,1980.1841
2019-02-15,15,443.0000,774.0000,990.4593,1277.3503,1617.1388,1941.3772,2192.0000,2497.6333,2425.6000,3046.0000,2366.5144
2019-02-15,15,567.0000,837.1405,1017.9274,1273.3804,1581.3254,1942.5222,2132.2972,2459.2000,2402.0000,3018.0010,2353.2142
2019-02-18,15,-9999.0000,-9999.0000,-9999.0000,-9999.0000,-9999.0000,-9999.0000,-9999.0000,-9999.0000,-9999.0000,-9999.0000,-9999.0000
2019-02-18,15,-9999.0000,-9999.0000,-9999.0000,-9999.0000,-9999.0000,-9999.0000,-9999.0000,-9999.0000,-9999.0000,-9999.0000,-9999.0000
2019-02-23,15,301.0000,586.6756,788.8743,972.7579,1162.0688,1387.0000,1494.0000,1771.9015,1678.0000,2077.0000,1632.6578
2019-02-23,15,308.0000,582.4052,780.7646,985.2304,1174.9907,1398.0784,1494.6583,1786.2861,1676.5548,2059.0000,1604.9784
2019-02-25,15,502.4412,697.6898,868.0000,1124.0000,1384.9668,1673.0000,1831.0000,1938.0000,2075.0260,2570.0000,2100.0294
2019-02-25,15,554.4668,733.2615,890.1146,1124.6445,1373.0307,1666.3541,1835.4765,1955.3870,2045.1619,2553.6146,2068.0000
2019-02-28,15,340.4748,589.8018,772.7353,981.0000,1118.0000,1236.9263,1331.1737,1476.3734,1452.3107,1801.2334,1684.0000
2019-02-28,15,304.6711,565.5324,756.0000,969.4555,1105.3591,1212.7907,1313.8221,1448.9557,1430.2391,1798.1273,1666.0000
2019-03-02,15,884.5252,988.2009,1162.0000,1349.5000,1486.7364,1588.9903,1665.0000,1782.0000,1780.0255,2140.2705,1870.5374
2019-03-02,15,989.0000,1058.0000,1198.0000,1349.7320,1477.0025,1580.4964,1642.3123,1763.2647,1763.4381,2084.1217,1833.0000
2019-03-05,15,-9999.0000,-9999.0000,-9999.0000,-9999.0000,-9999.0000,-9999.0000,-9999.0000,-9999.0000,-9999.0000,-9999.0000,-9999.0000
2019-03-05,15,-9999.0000,-9999.0000,-9999.0000,-9999.0000,-9999.0000,-9999.0000,-9999.0000,-9999.0000,-9999.0000,-9999.0000,-9999.0000
2019-03-12,15,842.3715,1112.0000,1425.2538,1714.6953,1805.8834,1909.0000,1968.9816,2195.1846,2099.1707,2537.4140,2316.7809
2019-03-12,15,837.7847,1116.1057,1425.1589,1707.8988,1773.4992,1884.8504,1962.6098,2178.7599,2077.6127,2536.5721,2291.0000
2019-03-15,15,738.4288,977.1782,1228.9935,1505.4742,1629.0000,1697.7732,1779.4175,1907.5263,1883.9154,2406.0814,2193.3306
2019-03-15,15,734.0000,981.5381,1233.3800,1512.1093,1621.0000,1677.1945,1761.3722,1898.2922,1882.6278,2409.7622,2220.0946
2019-03-20,15,745.0000,1045.0000,1282.0000,1553.8874,1646.0045,1725.6827,1834.0338,2042.5712,1925.8172,2389.0000,2255.0000
2019-03-20,15,798.0000,1068.7089,1284.0000,1563.6042,1656.0000,1753.0000,1840.2101,2042.6562,1947.0000,2361.5357,2242.0906
2019-03-22,15,1180.0000,1531.1756,1899.4541,2244.3424,2318.8987,2400.0000,2454.5315,2689.2575,2577.0000,3114.0000,2873.0000
2019-03-22,15,1237.0000,1522.6612,1881.7198,2218.0733,2309.2788,2369.6211,2436.0000,2667.3991,2551.0000,3099.0092,2869.1089
2019-03-25,15,1233.0000,1436.9396,1676.8733,1897.1454,2047.0000,2169.5354,2248.0000,2371.7440,2344.9924,2796.2989,2538.4278
2019-03-25,15,1257.0000,1465.4825,1704.9868,1947.0671,2088.0000,2194.0000,2265.3745,2386.7313,2365.3545,2816.6370,2579.8994
2019-03-27,15,-9999.0000,-9999.0000,-9999.0000,-9999.0000,-9999.0000,-9999.0000,-9999.0000,-9999.0000,-9999.0000,-9999.0000,-9999.0000
2019-03-27,15,-9999.0000,-9999.0000,-9999.0000,-9999.0000,-9999.0000,-9999.0000,-9999.0000,-9999.0000,-9999.0000,-9999.0000,-9999.0000
2019-03-30,15,1338.0000,1675.0982,1953.3777,2275.1104,2411.0000,2547.2822,2648.0000,2884.0420,2741.5767,3084.6766,2963.0000
2019-03-30,15,1373.0283,1682.6667,1963.6498,2253.4077,2369.9912,2512.0000,2622.5000,2874.0557,2742.0000,3067.0000,2896.4054
2019-04-01,15,1590.4920,1946.8349,2353.8035,2758.6727,2924.5983,3022.0000,3117.0000,3353.8822,3229.0000,3797.0000,3575.5737
2019-04-01,15,1579.0000,1924.1469,2325.2140,2722.4552,2877.0000,3004.2298,3093.3164,3306.4623,3197.0013,3773.1158,3549.9681
2019-04-06,15,1486.0000,1644.0000,1966.0000,2144.0000,2437.0000,2916.0000,3137.0000,3284.0000,3194.0000,3034.0000,2356.0000
2019-04-06,15,1683.0000,1766.0000,2050.0000,2230.0000,2590.0000,2959.0000,3181.0000,3308.0000,3301.0000,3107.0000,2408.0000
2019-04-16,15,1273.0000,1634.2512,2009.8283,2310.9044,2554.8318,2770.0000,2909.9990,3130.4939,3024.0000,3370.2570,3066.4478
2019-04-16,15,1264.0000,1618.1241,1955.1025,2243.5716,2484.5188,2684.0000,2845.0000,3092.1215,2978.0253,3373.0000,3108.0000
2019-04-19,15,1332.0000,1779.3175,2178.8533,2455.9240,2665.0000,2858.4706,3005.9469,3224.8098,3090.7437,3409.5258,3172.5067
2019-04-19,15,1359.0000,1762.3579,2130.5572,2406.8785,2610.0000,2840.0000,2981.1610,3206.2723,3091.2003,3374.4917,3215.0000
2019-04-21,15,2092.0000,2236.5981,2531.8792,2699.0179,2954.0000,3281.9779,3422.0000,3628.0445,3519.0000,3396.1172,3065.3606
2019-04-21,15,2012.0000,2128.0000,2396.3156,2565.4374,2801.5817,3139.0000,3285.7206,3491.1314,3390.6884,3302.4349,3004.5248
2019-04-24,15,-9999.0000,-9999.0000,-9999.0000,-9999.0000,-9999.0000,-9999.0000,-9999.0000,-9999.0000,-9999.0000,-9999.0000,-9999.0000
2019-05-01,15,848.2919,1036.7371,1317.1530,1532.4057,1740.0000,2001.0000,2132.3901,2183.8631,2251.0000,2263.0000,1812.7243
2019-05-01,15,869.0000,1040.4029,1305.2166,1515.1226,1701.6840,1996.5169,2117.1904,2138.0678,2233.9868,2229.0000,1797.6987
2019-05-06,15,-9999.0000,-9999.0000,-9999.0000,-9999.0000,-9999.0000,-9999.0000,-9999.0000,-9999.0000,-9999.0000,-9999.0000,-9999.0000
2019-05-06,15,-9999.0000,-9999.0000,-9999.0000,-9999.0000,-9999.0000,-9999.0000,-9999.0000,-9999.0000,-9999.0000,-9999.0000,-9999.0000
2019-05-09,15,-9999.0000,-9999.0000,-9999.0000,-9999.0000,-9999.0000,-9999.0000,-9999.0000,-9999.0000,-9999.0000,-9999.0000,-9999.0000
2019-05-16,15,-9999.0000,-9999.0000,-9999.0000,-9999.0000,-9999.0000,-9999.0000,-9999.0000,-9999.0000,-9999.0000,-9999.0000,-9999.0000
2019-05-16,15,-9999.0000,-9999.0000,-9999.0000,-9999.0000,-9999.0000,-9999.0000,-9999.0000,-9999.0000,-9999.0000,-9999.0000,-9999.0000
2019-05-24,15,1138.0644,1524.5551,2022.2822,2167.8694,2549.0369,2964.0000,3171.5984,3305.3005,3311.0000,3290.3562,2692.5999
2019-05-24,15,1150.0000,1475.4154,1939.4842,2036.4629,2442.0865,2913.0000,3076.5921,3218.7694,3193.0863,3236.5935,2714.2210
2019-05-26,15,1539.0000,1932.4341,2412.9044,2471.1967,3008.0000,3539.2176,3802.3761,3914.9361,3929.0101,3749.0000,3304.8927
2019-05-31,15,802.2539,1106.9892,1682.3446,1588.9744,2244.6071,3008.6089,3169.0000,3253.9276,3269.1599,2844.7030,1976.0000
2019-05-31,15,859.0000,1104.0000,1626.7297,1531.4878,2149.9317,2906.2807,3107.9229,3185.3939,3209.8656,2790.0000,1962.2238
2019-06-03,15,1111.0000,1483.4912,2084.1469,2070.7434,2747.5667,3532.0000,3770.4422,3897.8949,3895.0000,3600.0000,2910.0000
2019-06-03,15,1138.0000,1459.4041,1994.0775,1978.5019,2602.0000,3428.0139,3717.3889,3794.8909,3852.9847,3524.6588,2859.2905
2019-06-05,15,-9999.0000,-9999.0000,-9999.0000,-9999.0000,-9999.0000,-9999.0000,-9999.0000,-9999.0000,-9999.0000,-9999.0000,-9999.0000
2019-06-05,15,-9999.0000,-9999.0000,-9999.0000,-9999.0000,-9999.0000,-9999.0000,-9999.0000,-9999.0000,-9999.0000,-9999.0000,-9999.0000
2019-06-13,15,1201.4918,1536.7500,2113.8481,2037.8329,2810.0000,3818.0000,4024.6074,4199.3489,4259.0865,3581.0000,2790.1472
2019-06-13,15,1194.0000,1550.0000,2130.8241,2040.8648,2820.9840,3785.0000,4034.0000,4196.3779,4243.4982,3577.0000,2851.3990
2019-06-15,15,1666.4162,2019.7053,2458.0000,2340.0000,2953.1509,3916.5089,4291.0000,4372.0000,4429.0000,3422.0000,2742.0000
2019-06-15,15,-9999.0000,-9999.0000,-9999.0000,-9999.0000,-9999.0000,-9999.0000,-9999.0000,-9999.0000,-9999.0000,-9999.0000,-9999.0000
2019-06-18,15,1084.0000,1563.5164,2134.9876,2085.9204,2750.0254,3715.0329,4112.2554,4162.9837,4276.4919,3624.8449,2981.0661
2019-06-18,15,1098.0000,1538.0000,2058.0141,2006.9264,2643.4557,3622.0000,3933.0000,4035.7619,4122.7193,3602.0000,2976.0000
2019-06-20,15,1309.7538,1571.0724,2125.0000,2092.0000,2770.2720,3906.2781,4189.1651,4282.6805,4457.8725,3892.7351,3037.1723
2019-06-20,15,1308.0000,1563.8015,2097.6334,2076.5172,2733.0000,3871.0000,4187.4238,4226.8778,4448.7807,3875.0693,3020.5531
2019-06-23,15,683.0000,865.6946,1260.4016,1155.1201,1736.7401,2713.5698,3020.1809,3059.7020,3177.6584,2514.1206,1778.5815
2019-06-23,15,662.0064,853.6886,1266.0000,1154.0582,1730.0000,2758.5682,3106.8937,3131.9360,3268.9762,2524.2110,1802.5325
2019-06-25,15,1053.0000,1323.7826,1722.8235,1691.3309,2258.9965,3453.0000,3913.1139,3987.7101,4138.5759,3608.4950,2873.5548
2019-06-25,15,1114.0000,1329.0000,1707.7684,1675.5052,2243.6649,3385.4365,3836.0000,3892.1488,4059.6124,3603.9652,2843.2960
2019-06-28,15,871.0000,1106.8048,1508.2066,1451.5191,1956.0160,3244.0000,3730.6422,3833.6613,3898.9788,3140.5230,2486.5329
2019-06-28,15,939.0000,1138.9922,1491.0000,1460.0275,1929.0000,3136.7558,3634.0000,3698.6799,3805.1378,3115.3534,2477.0000
2019-06-30,15,1036.0000,1179.6703,1626.6048,1590.5000,2165.0000,3673.3173,4108.7976,4325.7624,4299.4672,3393.6466,2521.5869
2019-06-30,15,1061.0000,1202.3077,1642.7731,1622.5097,2153.0000,3642.3676,4090.8637,4292.4403,4288.0000,3393.0000,2506.2722
2019-07-03,15,772.0000,940.2000,1338.0000,1302.0259,1813.2275,3397.5477,3915.5689,3988.7008,4161.6629,3041.0159,2129.0000
2019-07-03,15,911.0000,1027.6509,1362.0000,1338.5755,1842.4211,3225.4185,3722.9908,3781.4363,3965.0000,2977.5429,2104.0000
2019-07-05,15,863.0000,1020.7164,1371.1513,1284.0000,1844.9140,3378.4154,4076.0000,4167.1856,4212.0789,3109.7505,2246.0442
2019-07-05,15,907.0000,1052.6595,1371.4793,1300.3519,1818.1722,3377.9143,3996.3292,4120.6345,4172.0383,3088.0000,2234.0000
2019-07-08,15,1220.4910,1308.0000,1520.0000,1412.3394,1852.0000,3122.0203,3695.0000,3737.5000,3809.7699,2521.0122,1914.2745
2019-07-10,15,750.0000,771.3095,1115.0383,1000.8809,1563.7932,3484.7903,4081.3543,4294.7331,4282.5243,2700.3647,1840.0000
2019-07-10,15,830.0000,842.4950,1145.7626,1053.5839,1556.7786,3392.8460,4014.0000,4161.5583,4213.0000,2693.0000,1834.0000
2019-07-13,15,736.0000,725.6945,948.0000,811.6640,1303.0000,2999.0000,3612.5478,3714.8075,3837.2523,2331.4986,1509.6365
2019-07-13,15,904.0000,856.8838,1033.1111,899.9961,1354.4229,2881.7865,3474.4062,3562.6198,3689.2789,2282.0947,1528.0551
2019-07-20,15,678.0000,676.5897,955.2492,820.1887,1332.3125,3259.3674,3932.8478,4040.6814,4164.3518,2368.0000,1507.9691
2019-07-20,15,742.0000,723.2086,986.1554,859.8783,1357.0000,3222.7030,3876.1586,3971.9561,4132.0000,2395.6228,1519.0000
2019-07-23,15,496.0000,520.7086,802.6802,706.6576,1206.0000,2882.6124,3588.2592,3657.4284,3859.8016,2185.0407,1338.5916
2019-07-23,15,571.0000,595.5250,843.6839,748.0472,1198.4587,2834.0000,3520.0000,3560.5652,3748.6362,2172.2696,1378.7863
2019-07-25,15,714.0000,792.0323,1003.2635,859.6963,1348.0000,2847.0000,3615.0000,3616.9005,3867.0551,2387.8031,1565.0000
2019-07-25,15,712.0000,797.3204,996.6818,859.8394,1350.6524,2861.6686,3629.9319,3638.5317,3874.6604,2377.0000,1548.5792
2019-07-30,15,381.0000,411.0991,723.7983,581.6594,1098.8395,2809.0000,3379.0000,3381.6849,3651.6274,2210.6813,1354.9209
2019-07-30,15,577.0000,581.1386,825.4733,683.6000,1137.6592,2733.2289,3274.7112,3270.6183,3515.3871,2195.1882,1354.3477
2019-08-04,15,332.5612,445.8195,692.3253,555.2834,1034.0000,2624.0000,3306.1433,3381.6426,3525.2610,2125.0000,1313.3631
2019-08-04,15,508.0000,589.8506,786.7122,635.7953,1073.2717,2554.7269,3219.4709,3289.4481,3389.5415,2086.0000,1290.7795
2019-08-09,15,323.0000,354.2308,613.3571,437.4569,915.0000,2502.0061,3016.0000,3064.4679,3272.0000,1882.7271,1054.0000
2019-08-09,15,430.0000,438.2526,661.4048,485.7500,948.0000,2506.9925,3019.0000,2999.4222,3237.2640,1890.0305,1049.8260
2019-08-12,15,-9999.0000,-9999.0000,-9999.0000,-9999.0000,-9999.0000,-9999.0000,-9999.0000,-9999.0000,-9999.0000,-9999.0000,-9999.0000
2019-08-14,15,328.0000,437.1038,658.1378,485.1664,941.0000,2500.5879,3150.0000,3300.1276,3347.0000,1908.0394,1122.2868
2019-08-14,15,397.0000,489.7093,693.8507,517.0647,960.5000,2489.9947,3099.8135,3270.6512,3308.7274,1909.9721,1108.9333
2019-08-17,15,231.0000,337.4100,569.9565,418.3278,861.0059,2387.6440,2996.4484,3140.7037,3194.9854,1723.4046,1023.0000
2019-08-17,15,312.0000,393.2745,605.4834,437.4801,868.0000,2357.4967,2977.9363,3129.7322,3211.0000,1732.8389,1008.0000
2019-08-19,15,466.0000,481.3632,780.0294,634.4971,1145.8672,2828.5924,3347.1235,3447.0216,3636.0000,2141.0628,1283.1075
2019-08-19,15,635.0000,622.4200,862.1409,705.6235,1194.3828,2773.7758,3289.4801,3364.5792,3564.0000,2130.9004,1283.6472
2019-08-24,15,1302.0000,1314.0000,1417.4629,1184.6667,1620.0000,2825.3693,3432.7330,3450.3514,3690.0157,2334.2434,1508.7268
2019-08-24,15,1236.0000,1256.2653,1396.9256,1148.9274,1630.1641,2935.0000,3581.0000,3626.5936,3810.0000,2374.0000,1499.0000
2019-08-27,15,448.0000,534.3851,729.2492,601.0000,1018.5418,2354.2889,2917.0931,3015.7688,3154.0000,1866.6789,1137.0000
2019-08-27,15,501.0000,556.7186,741.4090,609.6667,1011.0000,2345.0000,2907.3654,2985.2532,3152.0000,1843.8752,1148.0412
2019-08-29,15,686.0000,681.1811,881.0615,756.2510,1213.2774,2588.8390,3035.9569,3094.2784,3347.3651,2132.0060,1276.3242
2019-08-29,15,501.0000,516.5728,785.0536,682.1809,1137.8276,2664.0000,3117.2649,3193.5212,3458.0000,2144.5592,1284.8666
2019-09-01,15,501.0000,529.4931,761.2269,697.1733,1137.2351,2369.8433,2818.9132,2901.7955,3155.4747,2017.4745,1216.0000
2019-09-01,15,519.0000,549.6990,766.2307,709.8094,1129.0868,2377.9245,2826.7022,2898.3801,3165.4930,2029.5802,1220.3776
2019-09-03,15,271.0000,445.6699,697.3626,661.3134,1101.1926,2336.3010,2809.8687,3063.0425,3092.0000,2002.5398,1186.0993
2019-09-03,15,345.0000,499.0000,725.2207,689.2766,1113.0000,2324.3391,2780.8439,3032.6016,3073.5892,1994.0000,1187.3113
2019-09-11,15,318.0000,370.6461,565.6899,477.2807,906.0044,1882.5265,2163.0000,2392.4303,2404.0000,1570.9837,880.2578
2019-09-11,15,351.0000,384.7882,573.0078,480.2950,914.0450,1882.7811,2197.7052,2359.5097,2381.4990,1589.6579,884.0544
2019-09-13,15,197.0000,342.2338,554.7307,493.7976,958.3487,2001.0000,2342.5940,2602.4112,2612.8711,1827.4973,1101.2311
2019-09-13,15,249.0000,373.6984,576.7989,510.6552,961.2472,2039.0000,2349.4617,2615.9567,2607.0000,1820.6990,1107.3991
2019-09-16,15,255.0000,380.2684,548.9330,454.1500,853.2713,1777.1397,2124.0000,2294.7681,2325.9377,1589.0000,997.9980
2019-09-16,15,304.0000,406.7204,569.0579,462.0912,871.0000,1791.0000,2124.8958,2326.1780,2343.0000,1569.9528,985.1114
2019-09-18,15,-9999.0000,-9999.0000,-9999.0000,-9999.0000,-9999.0000,-9999.0000,-9999.0000,-9999.0000,-9999.0000,-9999.0000,-9999.0000
2019-09-18,15,-9999.0000,-9999.0000,-9999.0000,-9999.0000,-9999.0000,-9999.0000,-9999.0000,-9999.0000,-9999.0000,-9999.0000,-9999.0000
2019-09-21,15,184.0000,269.1851,470.0546,453.5828,866.1033,1786.0000,2139.4275,2443.0904,2400.0000,1684.1619,1032.9256
2019-09-21,15,268.0000,329.7220,505.2139,473.1874,878.6464,1812.8168,2134.0022,2423.8632,2395.5489,1691.5762,1016.6143
2019-09-28,15,1650.0000,1470.0000,1520.0000,1268.0000,1691.0000,2676.3715,2948.1888,2918.3469,3157.8089,2146.3374,1297.9705
2019-09-28,15,1581.0000,1422.0000,1490.0000,1242.0000,1619.0000,2616.9712,2923.0000,2903.1743,3130.9844,2116.9629,1252.1027
2019-10-01,15,-9999.0000,-9999.0000,-9999.0000,-9999.0000,-9999.0000,-9999.0000,-9999.0000,-9999.0000,-9999.0000,-9999.0000,-9999.0000
2019-10-01,15,-9999.0000,-9999.0000,-9999.0000,-9999.0000,-9999.0000,-9999.0000,-9999.0000,-9999.0000,-9999.0000,-9999.0000,-9999.0000
2019-10-08,15,-9999.0000,-9999.0000,-9999.0000,-9999.0000,-9999.0000,-9999.0000,-9999.0000,-9999.0000,-9999.0000,-9999.0000,-9999.0000
2019-10-08,15,-9999.0000,-9999.0000,-9999.0000,-9999.0000,-9999.0000,-9999.0000,-9999.0000,-9999.0000,-9999.0000,-9999.0000,-9999.0000
2019-10-11,15,184.0000,280.5022,441.4194,429.3031,771.0000,1514.3400,1777.5706,1848.0872,2003.2344,1556.4471,988.1849
2019-10-11,15,269.0000,336.7108,481.7976,457.9485,794.2143,1530.1180,1758.3036,1851.1147,1987.4820,1561.0000,1004.0000
2019-10-16,15,168.0000,324.3146,445.2259,417.9245,730.0000,1410.0000,1641.2838,1800.5273,1861.3912,1427.0000,996.0000
2019-10-16,15,223.0000,358.7568,466.1818,425.2191,740.8219,1435.5355,1677.3591,1816.8411,1858.5918,1452.0000,990.5554
2019-10-21,15,-9999.0000,-9999.0000,-9999.0000,-9999.0000,-9999.0000,-9999.0000,-9999.0000,-9999.0000,-9999.0000,-9999.0000,-9999.0000
2019-10-21,15,-9999.0000,-9999.0000,-9999.0000,-9999.0000,-9999.0000,-9999.0000,-9999.0000,-9999.0000,-9999.0000,-9999.0000,-9999.0000
2019-10-23,15,398.0000,612.5944,837.7176,908.3251,1315.2800,2048.9979,2338.7045,2550.4692,2635.2945,2457.0000,1675.9347
2019-10-23,15,411.0000,621.0053,837.4971,906.6477,1315.0565,2058.5788,2345.0000,2549.3948,2649.0220,2461.0000,1722.0000
2019-10-26,15,361.0000,569.1607,773.4610,842.0676,1201.1811,1828.3171,2116.4405,2377.2288,2404.0598,2218.8783,1629.0000
2019-10-26,15,333.0000,549.6560,748.2477,816.6865,1179.0000,1869.8782,2128.0000,2390.5908,2418.9402,2213.0000,1619.4255
2019-10-28,15,-9999.0000,-9999.0000,-9999.0000,-9999.0000,-9999.0000,-9999.0000,-9999.0000,-9999.0000,-9999.0000,-9999.0000,-9999.0000
2019-10-31,15,-9999.0000,-9999.0000,-9999.0000,-9999.0000,-9999.0000,-9999.0000,-9999.0000,-9999.0000,-9999.0000,-9999.0000,-9999.0000
2019-11-07,15,66.0000,234.1393,568.5160,618.7744,1146.1832,2034.8839,2266.9841,2480.0000,2531.4863,1974.9874,1234.9706
2019-11-07,15,361.0000,474.5000,716.6177,712.9518,1172.0000,1981.5208,2178.0000,2371.4885,2424.3477,1891.8913,1215.0000
2019-11-10,15,316.0000,460.6463,713.6001,721.5604,1169.0000,1871.0000,2106.0000,2294.2757,2387.3721,1928.0000,1208.2632
2019-11-10,15,329.0000,472.2859,713.5343,721.9790,1177.0000,1890.0000,2073.6199,2290.8472,2385.7446,1888.8216,1218.0000
2019-11-30,15,-9999.0000,-9999.0000,-9999.0000,-9999.0000,-9999.0000,-9999.0000,-9999.0000,-9999.0000,-9999.0000,-9999.0000,-9999.0000
2019-11-30,15,-9999.0000,-9999.0000,-9999.0000,-9999.0000,-9999.0000,-9999.0000,-9999.0000,-9999.0000,-9999.0000,-9999.0000,-9999.0000
2019-12-05,15,857.0000,1121.2552,1266.0000,1256.9353,1630.4112,2134.9503,2369.3695,2553.5470,2621.0000,2425.0000,1769.6702
2019-12-05,15,764.0000,1029.7563,1193.8000,1221.2700,1596.9636,2173.0000,2410.0000,2568.0000,2687.0000,2419.0000,1736.0000
2019-12-07,15,787.0000,681.2806,1041.4510,1205.2676,1781.0000,2531.7287,2764.9440,2869.5016,3115.9393,2852.8371,1893.1807
2019-12-07,15,962.0000,825.0313,1124.0000,1225.0728,1744.0000,2423.0000,2672.0000,2761.6751,2997.4692,2803.6026,1843.0000
2019-12-10,15,274.0000,410.3133,638.1684,712.7108,1165.0000,1675.7449,1848.0000,1994.3876,2186.6202,1987.6189,1214.8612
2019-12-10,15,313.0000,436.3178,653.2245,729.7340,1177.8980,1701.8788,1881.5169,2023.9624,2193.6990,1985.4823,1216.6343
2019-12-25,15,392.0000,592.9990,738.1074,804.3803,1164.9895,1554.9154,1764.9971,1925.5164,2025.7107,1608.9573,1060.0477
2019-12-25,15,420.0000,606.4772,745.5529,814.3523,1178.2671,1586.0000,1761.9770,1941.7137,2021.3985,1612.0000,1076.3428
2019-12-27,15,-9999.0000,-9999.0000,-9999.0000,-9999.0000,-9999.0000,-9999.0000,-9999.0000,-9999.0000,-9999.0000,-9999.0000,-9999.0000
2019-12-27,15,-9999.0000,-9999.0000,-9999.0000,-9999.0000,-9999.0000,-9999.0000,-9999.0000,-9999.0000,-9999.0000,-9999.0000,-9999.0000
2019-12-30,15,361.0000,504.5780,694.5154,857.8443,1229.0000,1635.9713,1768.9232,1958.4377,2064.1707,2035.9156,1356.0030
2019-12-30,15,412.0000,532.8254,717.1871,869.5394,1223.0000,1653.3961,1768.0000,1990.4737,2030.0000,2067.3040,1345.9366
2020-01-01,15,1.0000,301.3216,528.9541,806.2500,1237.6525,1674.5645,1906.6972,2101.9740,2204.4799,2278.2990,1509.3653
2020-01-01,15,330.0000,574.4082,721.4731,896.2132,1257.0000,1644.8472,1859.4401,2058.8508,2101.8977,2243.0000,1494.0320
2020-01-04,15,387.0000,641.3543,832.9441,1056.8600,1451.0000,1881.7798,2107.5894,2330.7409,2409.0000,2243.1889,1570.0000
2020-01-04,15,500.0000,719.0000,893.6814,1085.2800,1462.2406,1901.3429,2091.5665,2326.8019,2387.0218,2193.9286,1565.8498
2020-01-06,15,-9999.0000,-9999.0000,-9999.0000,-9999.0000,-9999.0000,-9999.0000,-9999.0000,-9999.0000,-9999.0000,-9999.0000,-9999.0000
2020-01-09,15,647.0000,789.0000,948.4460,1085.1363,1421.3432,1717.0000,1829.0000,1971.3925,2063.0000,2237.7837,1599.0000
2020-01-09,15,634.0000,768.7149,918.5745,1072.9534,1397.3461,1699.0000,1825.2821,1978.3299,2069.0000,2238.0000,1597.0000
2020-01-11,15,3.0000,341.1084,534.1853,852.3299,1262.0000,1649.6693,1876.8662,2072.8676,2199.0000,2371.0000,1586.9698
2020-01-11,15,388.0000,613.5384,737.3863,941.4298,1292.8942,1652.0907,1820.0000,2012.5853,2118.3364,2332.0000,1579.9668
2020-01-14,15,455.0000,688.9694,810.3164,981.0428,1302.5605,1642.0000,1812.9593,2013.0000,2085.0309,2101.5384,1501.7010
2020-01-14,15,376.0000,618.3564,764.0000,958.2198,1312.0000,1655.0000,1812.3691,2058.1290,2098.0102,2126.7801,1499.0000
2020-01-16,15,-9999.0000,-9999.0000,-9999.0000,-9999.0000,-9999.0000,-9999.0000,-9999.0000,-9999.0000,-9999.0000,-9999.0000,-9999.0000
2020-01-16,15,-9999.0000,-9999.0000,-9999.0000,-9999.0000,-9999.0000,-9999.0000,-9999.0000,-9999.0000,-9999.0000,-9999.0000,-9999.0000
2020-01-19,15,-9999.0000,-9999.0000,-9999.0000,-9999.0000,-9999.0000,-9999.0000,-9999.0000,-9999.0000,-9999.0000,-9999.0000,-9999.0000
2020-01-21,15,437.0000,668.8193,792.2186,1017.2535,1362.4369,1712.6800,1874.5962,2134.7814,2173.5641,2537.6840,1785.0000
2020-01-21,15,484.0000,692.4264,802.4585,1022.4246,1349.2865,1701.4340,1882.0811,2120.9363,2157.5301,2522.0993,1769.0000
2020-01-24,15,381.0000,653.7108,888.3506,1122.0000,1460.1316,1769.7964,1959.0000,2164.0200,2228.1166,2290.1134,1670.0625
2020-01-24,15,518.0000,741.2135,959.0000,1148.2864,1470.4589,1773.9529,1956.3564,2163.7436,2241.3590,2265.5751,1665.0000
2020-01-29,15,-9999.0000,-9999.0000,-9999.0000,-9999.0000,-9999.0000,-9999.0000,-9999.0000,-9999.0000,-9999.0000,-9999.0000,-9999.0000
2020-01-29,15,-9999.0000,-9999.0000,-9999.0000,-9999.0000,-9999.0000,-9999.0000,-9999.0000,-9999.0000,-9999.0000,-9999.0000,-9999.0000
2020-01-31,15,987.0000,1212.0000,1282.0000,1338.0000,1672.2004,1922.0000,2074.5334,2225.9415,2253.0000,2349.8692,1745.7412
2020-02-05,15,130.4424,273.5014,481.4197,757.7570,938.9865,1188.0000,1323.1933,1523.7500,1545.0000,1931.0000,1411.8080
2020-02-05,15,378.0000,460.7800,617.8588,829.7315,1027.1425,1245.1767,1403.0000,1574.5904,1568.0000,1898.0269,1408.9810
2020-02-08,15,607.0000,722.4101,838.6283,969.7133,1049.3899,1123.5951,1173.1489,1251.6752,1235.6547,1482.3535,1253.6620
2020-02-08,15,617.0000,724.6804,837.6364,965.5782,1045.1757,1107.4250,1153.6998,1251.7577,1250.3492,1492.0759,1253.4203
2020-02-13,15,962.0000,1128.0000,1208.0000,1294.0000,1402.1209,1521.6600,1613.5143,1675.0984,1657.0118,1785.0579,1614.0000
2020-02-13,15,977.0000,1128.0000,1220.0000,1310.0000,1436.7913,1557.3458,1648.3695,1728.9799,1712.0000,1784.0000,1622.0000
2020-02-15,15,1050.0000,1038.0000,1169.1239,1300.7909,1462.7319,1585.5350,1636.0000,1723.6403,1758.0000,1797.0000,1482.0000
2020-02-15,15,1068.0000,1056.0000,1184.9440,1300.7436,1446.0000,1561.0000,1629.0440,1714.5248,1765.7035,1774.5171,1465.9039
2020-02-18,15,1586.0000,1544.0000,1552.0000,1520.0000,1680.0000,1837.5917,1918.0000,1889.3933,1942.0247,1769.5237,1390.4111
2020-02-18,15,1518.0000,1490.0000,1522.0000,1506.0000,1694.6728,1866.3897,1926.0000,1926.0000,1969.9780,1777.4498,1402.0000
2020-02-20,15,182.0000,436.5000,560.8274,721.2379,788.3668,830.4728,897.5492,987.2423,953.0558,1186.0000,1052.4819
2020-02-20,15,210.5754,450.5496,573.6723,725.5000,783.0000,820.4148,884.7859,987.2797,939.6535,1185.3954,1031.0000
2020-02-28,15,688.0000,926.0000,1157.6688,1396.5532,1441.0000,1522.2253,1617.9267,1818.1605,1714.1809,2081.3275,1843.0000
2020-02-28,15,698.5727,937.6000,1165.2000,1396.3450,1458.0000,1518.9044,1593.0000,1819.3541,1699.0936,2092.0385,1847.0000
2020-03-06,15,689.0000,818.4000,1005.4128,1265.2847,1381.6724,1460.0000,1512.0000,1632.5052,1650.7599,1787.0000,1382.8377
2020-03-06,15,638.5540,785.8599,988.7899,1269.0662,1385.5378,1446.1378,1507.8171,1627.6957,1649.8765,1797.5604,1378.0921
2020-03-09,15,-9999.0000,-9999.0000,-9999.0000,-9999.0000,-9999.0000,-9999.0000,-9999.0000,-9999.0000,-9999.0000,-9999.0000,-9999.0000
2020-03-11,15,-9999.0000,-9999.0000,-9999.0000,-9999.0000,-9999.0000,-9999.0000,-9999.0000,-9999.0000,-9999.0000,-9999.0000,-9999.0000
2020-03-11,15,-9999.0000,-9999.0000,-9999.0000,-9999.0000,-9999.0000,-9999.0000,-9999.0000,-9999.0000,-9999.0000,-9999.0000,-9999.0000
2020-03-14,15,-9999.0000,-9999.0000,-9999.0000,-9999.0000,-9999.0000,-9999.0000,-9999.0000,-9999.0000,-9999.0000,-9999.0000,-9999.0000
2020-03-16,15,977.0000,1243.2039,1594.4000,1906.5401,2012.0129,2120.0000,2199.0000,2459.6688,2339.3883,2772.2094,2409.5015
2020-03-16,15,1049.0000,1266.0000,1562.0202,1820.0475,1941.0000,2105.6305,2173.3191,2435.8346,2318.0000,2723.0000,2395.0000
2020-03-19,15,1016.0000,1248.7354,1544.0000,1778.7131,1950.0000,2081.6326,2167.0000,2301.6015,2278.5385,2674.0000,2339.5131
2020-03-19,15,1056.0000,1273.9914,1553.0890,1780.5102,1903.0000,2070.0000,2150.0000,2299.3755,2278.4530,2644.0000,2332.9582
2020-03-21,15,-9999.0000,-9999.0000,-9999.0000,-9999.0000,-9999.0000,-9999.0000,-9999.0000,-9999.0000,-9999.0000,-9999.0000,-9999.0000
2020-03-24,15,1162.0000,1523.8293,1818.5780,2123.0292,2259.5110,2460.4871,2561.4115,2866.4287,2689.0654,3148.7647,2993.4963
2020-03-24,15,1202.0000,1603.3479,1907.7926,2251.4518,2387.3727,2530.2074,2653.0000,2945.0064,2780.8179,3195.7286,3050.0000
2020-03-29,15,-9999.0000,-9999.0000,-9999.0000,-9999.0000,-9999.0000,-9999.0000,-9999.0000,-9999.0000,-9999.0000,-9999.0000,-9999.0000
2020-03-29,15,-9999.0000,-9999.0000,-9999.0000,-9999.0000,-9999.0000,-9999.0000,-9999.0000,-9999.0000,-9999.0000,-9999.0000,-9999.0000
2020-03-31,15,1535.0000,2033.7466,2387.3134,2741.5998,2869.0249,2932.0343,3024.9134,3384.0000,3123.1592,3607.0000,3404.0000
2020-03-31,15,1554.5173,2044.1863,2387.4495,2726.8517,2838.0000,2914.9470,3026.4905,3372.5266,3120.0000,3598.0432,3398.0555
2020-04-03,15,1312.9920,1690.9580,1994.6587,2300.1872,2436.4774,2578.1029,2693.7270,2900.6347,2788.7187,3227.5065,3060.6802
2020-04-03,15,1353.9697,1723.2677,2018.4265,2314.9358,2460.0000,2601.3160,2689.8876,2908.5161,2777.0618,3229.0000,3085.4774
2020-04-05,15,1577.1225,1913.9767,2307.5187,2668.0630,2842.7588,2963.3648,3062.5148,3307.4455,3173.6303,3617.2241,3353.6611
2020-04-05,15,1595.0000,1916.0572,2307.0207,2651.6750,2835.8473,2955.7810,3036.0000,3298.8832,3152.1619,3593.1448,3337.7674
2020-04-08,15,1378.0291,1763.3146,2147.0040,2457.0573,2556.5276,2709.4484,2805.8832,3108.3734,2913.0000,3251.4266,2979.4155
2020-04-08,15,1427.0000,1762.4680,2138.5226,2435.7517,2546.0000,2698.5551,2793.1451,3089.4580,2892.1676,3234.3365,2956.0000
2020-04-10,15,1498.3715,2003.5102,2417.8100,2743.1864,2919.0000,3070.5333,3170.9190,3437.1103,3269.0000,3717.0978,3508.5301
2020-04-10,15,1522.9997,1978.2011,2371.0547,2693.5855,2855.0000,3041.0000,3166.2607,3393.5870,3228.0000,3701.0000,3519.0000
2020-04-13,15,1453.0000,1897.1393,2252.0017,2567.1981,2661.0000,2921.0000,3033.0000,3238.7353,3109.8984,3371.6000,3189.4462
2020-04-13,15,1477.5088,1898.8337,2241.9851,2535.1539,2670.4993,2885.5397,3012.0000,3224.5491,3124.7858,3379.0000,3210.8872
2020-04-15,15,1660.0000,2051.2377,2488.2156,2804.7303,2977.0000,3209.9269,3276.1196,3541.1130,3374.0000,3684.5188,3382.3772
2020-04-15,15,1660.8917,2026.0675,2451.7889,2758.5436,2934.5465,3155.1018,3254.9055,3510.3908,3377.5073,3653.0020,3333.5069
2020-04-18,15,1482.1682,1795.1849,2148.6746,2372.8646,2565.0000,2816.0861,2898.8109,3034.1837,2994.5573,3067.0735,2718.0000
2020-04-18,15,1517.5329,1804.4595,2131.3218,2353.9650,2573.0441,2813.0000,2893.7259,3029.4632,3004.7154,3042.0000,2739.0000
2020-04-23,15,1349.3034,1836.4134,2211.6251,2498.9788,2629.3304,2916.1380,3035.9655,3290.3467,3105.0000,3329.6028,3178.4009
2020-04-23,15,1378.0000,1811.3016,2162.8893,2438.8989,2564.0000,2866.0000,3003.2936,3255.1790,3102.0000,3317.0000,3152.0000
2020-04-25,15,1345.6984,1595.0918,1938.6032,2217.7371,2394.3253,2698.0000,2841.3105,2955.3241,2971.9117,3263.0000,3027.0360
2020-04-25,15,1361.4321,1600.0000,1923.5417,2195.6542,2412.4897,2699.4965,2836.4860,2931.2976,2941.3528,3225.0000,3002.0000
2020-04-30,15,-9999.0000,-9999.0000,-9999.0000,-9999.0000,-9999.0000,-9999.0000,-9999.0000,-9999.0000,-9999.0000,-9999.0000,-9999.0000
2020-04-30,15,-9999.0000,-9999.0000,-9999.0000,-9999.0000,-9999.0000,-9999.0000,-9999.0000,-9999.0000,-9999.0000,-9999.0000,-9999.0000
2020-05-03,15,619.0000,881.5925,1109.1786,1361.5777,1482.5658,1722.9412,1874.9839,2024.0364,1962.8294,2009.0000,1701.4537
2020-05-03,15,670.5607,905.0000,1120.7329,1354.0516,1481.3759,1739.3363,1883.0974,2023.2497,1976.4294,2000.8773,1685.0000
2020-05-08,15,1082.0000,1442.9653,1809.8640,2134.5423,2252.9152,2500.0104,2645.0000,2761.4043,2771.7155,3069.0797,2778.0000
2020-05-08,15,1128.0000,1434.6579,1762.6673,2058.9499,2185.0000,2452.9903,2604.4865,2725.9752,2729.6874,2969.9712,2770.8253
2020-05-10,15,2094.0000,2482.0000,2730.0000,2866.0000,3155.0000,3754.0000,4068.0000,4132.0000,4152.0000,3731.0000,3370.0000
2020-05-10,15,-9999.0000,-9999.0000,-9999.0000,-9999.0000,-9999.0000,-9999.0000,-9999.0000,-9999.0000,-9999.0000,-9999.0000,-9999.0000
2020-05-15,15,1157.6065,1316.1585,1571.2161,1756.3950,1942.9550,2393.0000,2584.3807,2599.8967,2693.0000,2499.6879,1994.5750
2020-05-15,15,1206.0000,1360.8374,1664.3820,1868.0000,2058.0000,2563.0000,2786.0000,2756.3680,2911.0000,2721.0000,2265.0000
2020-05-23,15,1740.0000,2044.0000,2453.0526,2663.1125,2932.2860,3338.7342,3595.5187,3633.2877,3715.0000,3590.9305,3221.3735
2020-05-25,15,1596.9264,1944.3108,2450.3859,2823.0834,3098.0564,3546.0000,3713.5440,3879.5418,3870.2221,4119.7480,3692.0000
2020-05-25,15,1634.8621,1980.0000,2502.4468,2873.1128,3111.8019,3574.5382,3744.0000,3913.4956,3891.0000,4145.0000,3738.0000
2020-05-28,15,-9999.0000,-9999.0000,-9999.0000,-9999.0000,-9999.0000,-9999.0000,-9999.0000,-9999.0000,-9999.0000,-9999.0000,-9999.0000
2020-05-28,15,-9999.0000,-9999.0000,-9999.0000,-9999.0000,-9999.0000,-9999.0000,-9999.0000,-9999.0000,-9999.0000,-9999.0000,-9999.0000
2020-05-30,15,1989.3558,2569.6750,3076.1236,3450.6177,3620.6421,3979.1500,4194.3897,4420.2372,4277.7753,4503.0302,4216.7969
2020-05-30,15,1943.0000,2536.2899,3029.5320,3395.9025,3625.4912,3923.0000,4146.4580,4354.9830,4235.4787,4539.0000,4262.4429
2020-06-02,15,1649.1729,2187.2000,2680.4135,3043.3307,3281.0307,3604.4871,3834.6820,3957.4137,3932.0000,4218.0000,3977.7254
2020-06-02,15,1633.9986,2115.9921,2584.0696,2935.8280,3156.0000,3540.0487,3771.0000,3884.4355,3860.4670,4134.5241,3932.0000
2020-06-04,15,-9999.0000,-9999.0000,-9999.0000,-9999.0000,-9999.0000,-9999.0000,-9999.0000,-9999.0000,-9999.0000,-9999.0000,-9999.0000
2020-06-04,15,-9999.0000,-9999.0000,-9999.0000,-9999.0000,-9999.0000,-9999.0000,-9999.0000,-9999.0000,-9999.0000,-9999.0000,-9999.0000
2020-06-07,15,1299.0000,1467.4732,1779.4274,1906.1165,2282.6112,2840.0000,3094.6507,3108.0000,3244.0000,3113.4991,2523.7495
2020-06-07,15,1373.5840,1480.5892,1803.5015,1924.1330,2290.4754,2883.5789,3118.0000,3107.6871,3274.0000,3096.3923,2499.5076
2020-06-12,15,878.4704,1153.3300,1482.4865,1660.0000,1935.0000,2365.9977,2581.5376,2685.1145,2687.0000,2541.4437,2018.3094
2020-06-12,15,901.3480,1170.8793,1491.8306,1651.1828,1939.4056,2362.0181,2585.7361,2663.0962,2693.2649,2513.3402,2020.0123
2020-06-14,15,1336.0000,1506.6488,1912.3860,2059.4613,2517.0000,3160.0000,3371.4088,3373.9355,3524.3441,3366.2102,2762.0312
2020-06-14,15,1380.0000,1554.8732,1978.1541,2132.0000,2486.0000,3219.5289,3435.0244,3409.4757,3570.7372,3363.4177,2688.0000
2020-06-17,15,1188.0000,1393.7367,1764.4855,1848.3976,2316.0354,3146.4644,3418.5446,3397.6581,3587.4163,3158.0000,2472.6928
2020-06-17,15,1234.0000,1405.6150,1786.8991,1831.4584,2292.0000,3146.0000,3419.5679,3412.5712,3587.6029,3124.4069,2420.7228
2020-06-19,15,1333.0000,1577.2158,2019.6688,2070.0000,2601.0000,3603.8684,3928.2556,3972.6753,4051.0000,3554.8925,2969.2278
2020-06-19,15,1346.0000,1580.7077,2057.6912,2082.1382,2616.6885,3579.0000,3925.0376,3961.9213,4013.4223,3592.9200,2986.8571
2020-06-22,15,924.0000,1130.4286,1574.0000,1594.2330,2120.5563,3169.3867,3560.0000,3622.8107,3678.0145,3078.7802,2531.0000
2020-06-22,15,937.0000,1176.0000,1588.0000,1611.9118,2106.0000,3145.5196,3533.1685,3605.7341,3659.8156,3145.1057,2620.0000
2020-06-24,15,-9999.0000,-9999.0000,-9999.0000,-9999.0000,-9999.0000,-9999.0000,-9999.0000,-9999.0000,-9999.0000,-9999.0000,-9999.0000
2020-06-27,15,1161.1466,1478.5354,1989.2742,1953.6091,2550.3097,3971.3243,4330.0511,4374.0960,4456.0472,3560.4910,2819.6729
2020-06-27,15,1174.0000,1462.4074,1925.1191,1911.6077,2535.3685,3836.4368,4219.2252,4276.3947,4396.4897,3533.0000,2778.0176
2020-06-29,15,1258.0000,1587.2450,2067.0000,2017.4572,2674.3361,4109.4571,4609.0000,4659.7003,4768.0000,3797.6759,2991.0000
2020-06-29,15,1269.0000,1525.5020,1994.2537,1952.0000,2533.0000,4018.4248,4562.5139,4566.4468,4684.7463,3817.6183,2949.0000
2020-07-02,15,-9999.0000,-9999.0000,-9999.0000,-9999.0000,-9999.0000,-9999.0000,-9999.0000,-9999.0000,-9999.0000,-9999.0000,-9999.0000
2020-07-02,15,-9999.0000,-9999.0000,-9999.0000,-9999.0000,-9999.0000,-9999.0000,-9999.0000,-9999.0000,-9999.0000,-9999.0000,-9999.0000
2020-07-04,15,1613.0000,1856.0000,2182.0000,2236.0000,2617.0000,3829.0000,4285.0000,4236.0000,4536.0000,3359.0000,2749.0000
2020-07-04,15,1636.0000,1284.0000,1424.0000,1516.0000,2260.0000,3715.0000,4247.0000,4180.0000,4467.0000,3200.0000,2616.0000
2020-07-07,15,492.0000,735.0000,1065.8875,1042.7599,1460.3943,2940.3687,3526.0000,3750.8277,3716.5742,2539.3441,1803.7202
2020-07-07,15,510.0000,754.4650,1047.3905,1019.8130,1473.8661,2937.2353,3491.0723,3732.2866,3700.7604,2489.9894,1750.8146
2020-07-09,15,831.0000,1156.0000,1545.4466,1529.3088,2043.0000,3745.6513,4476.9485,4580.1031,4656.2033,3309.0000,2469.0000
2020-07-09,15,854.0000,1138.3664,1493.0135,1447.0000,1976.0000,3635.1806,4354.2876,4439.0287,4540.1181,3173.2917,2390.0124
2020-07-12,15,430.0000,648.4168,903.7021,824.6111,1299.5207,3074.5072,3769.0000,3957.7974,3922.9703,2362.8213,1640.5472
2020-07-12,15,437.6842,662.1373,936.3178,844.3833,1275.0000,3062.5661,3778.0000,3946.5540,3941.9003,2346.2227,1607.4230
2020-07-14,15,729.0000,936.5206,1282.0052,1223.2493,1639.3186,3548.9456,4195.5642,4376.0000,4434.7163,2804.2635,1959.9283
2020-07-14,15,723.0000,931.7510,1269.6239,1205.7600,1669.2292,3537.6831,4182.1672,4354.0835,4406.0000,2821.3679,1962.0000
2020-07-17,15,361.0000,504.6110,806.3309,692.2236,1147.0237,3426.0025,4197.2161,4311.6126,4391.3590,2344.7577,1462.1457
2020-07-17,15,426.0000,569.0949,819.8004,696.6368,1237.5412,3322.9502,4140.0000,4215.3212,4357.4518,2293.9689,1450.0000
2020-07-19,15,398.0000,567.3338,856.7022,714.8868,1292.0000,3532.3746,4464.7236,4585.1783,4690.9573,2523.0000,1574.0000
2020-07-19,15,467.0000,630.2352,885.4039,757.1635,1276.0000,3425.6162,4367.0000,4488.5299,4586.6501,2516.5729,1581.0000
2020-07-22,15,-9999.0000,-9999.0000,-9999.0000,-9999.0000,-9999.0000,-9999.0000,-9999.0000,-9999.0000,-9999.0000,-9999.0000,-9999.0000
2020-07-22,15,-9999.0000,-9999.0000,-9999.0000,-9999.0000,-9999.0000,-9999.0000,-9999.0000,-9999.0000,-9999.0000,-9999.0000,-9999.0000
2020-07-27,15,362.0000,396.5120,602.5318,457.0845,896.0000,3154.4608,4151.3666,4120.0000,4361.2133,1988.6800,1061.5061
2020-07-27,15,426.0000,449.4920,633.1442,470.0205,932.8284,3101.7146,4067.2422,4073.1493,4283.8704,1976.0014,1083.2651
2020-07-29,15,538.0000,643.1266,802.0000,645.3764,1074.1868,3245.7550,4414.3057,4420.1509,4632.9299,2278.7972,1313.0000
2020-07-29,15,605.0000,706.8573,844.0000,679.1666,1084.8436,3187.2576,4324.0000,4323.4079,4521.8736,2254.0000,1292.4947
2020-08-01,15,351.0000,441.4630,597.6656,469.1008,842.0169,2927.0000,4117.5000,4167.8184,4385.6408,1895.3377,1066.0352
2020-08-01,15,435.0000,516.3822,642.2369,520.8872,843.8973,2883.0919,4035.1293,4101.0146,4266.0000,1890.9298,1078.0766
2020-08-06,15,170.0000,194.8284,406.8744,230.0679,691.0702,3490.4670,4505.1083,4519.6272,4756.0000,2015.0000,936.0000
2020-08-06,15,247.0000,235.6176,424.0764,247.1866,707.0215,3398.0000,4470.0000,4471.2326,4697.1098,1994.2711,940.6056
2020-08-08,15,238.0000,355.3959,503.9173,409.6172,810.5486,3113.0000,4402.6517,4582.7093,4617.5294,2003.4286,1066.5175
2020-08-08,15,344.5379,452.3356,601.2306,452.7979,859.0074,3063.0000,4287.0000,4436.3947,4480.0000,1971.7234,1067.8345
2020-08-11,15,-9999.0000,-9999.0000,-9999.0000,-9999.0000,-9999.0000,-9999.0000,-9999.0000,-9999.0000,-9999.0000,-9999.0000,-9999.0000
2020-08-11,15,-9999.0000,-9999.0000,-9999.0000,-9999.0000,-9999.0000,-9999.0000,-9999.0000,-9999.0000,-9999.0000,-9999.0000,-9999.0000
2020-08-13,15,204.0000,247.3305,485.4220,354.8043,841.7918,3304.0000,4442.9790,4517.3654,4763.0000,2015.0000,1042.0658
2020-08-13,15,393.0000,409.4529,599.2834,471.0071,886.6097,3202.6287,4282.6840,4342.2146,4554.5970,2037.9288,1066.9125
2020-08-16,15,524.0000,459.1489,658.9300,564.7470,957.1147,2907.8931,3915.6624,3990.6477,4139.8409,1840.0000,1028.7005
2020-08-16,15,580.1136,507.8251,691.3963,578.9954,963.3488,2897.0000,3883.5567,3972.6875,4100.0000,1855.0000,1051.6896
2020-08-21,15,336.0000,427.5389,579.3839,451.1797,821.0253,2691.0000,3708.3863,3832.1087,3988.5131,1743.0000,933.7357
2020-08-21,15,343.0000,436.6271,587.9461,428.6795,801.0000,2723.7322,3756.0000,3844.4785,3980.0000,1735.0000,933.3380
2020-08-23,15,383.0000,387.5936,629.8074,452.7749,986.2234,3257.0000,4108.7185,4178.0000,4365.0000,2067.5466,1131.0779
2020-08-23,15,482.0000,461.2597,678.5488,487.4726,1018.4358,3186.0846,3987.2198,4120.5510,4298.9770,2056.0000,1124.8694
2020-08-26,15,584.0000,595.6870,833.5584,659.3951,1201.7784,3115.5314,3919.0000,4040.8439,4234.0000,1955.0564,1124.2146
2020-08-26,15,558.0000,571.3007,819.9015,646.6909,1186.0565,3157.7201,3962.0000,4101.7403,4259.5077,1972.2952,1117.5164
2020-08-28,15,203.0000,362.6021,696.3315,518.1244,1186.9833,3130.7398,3995.9970,4120.4821,4282.0805,2134.0000,1227.9946
2020-08-28,15,419.0000,531.6583,791.4369,598.6355,1228.2202,3026.0000,3828.0000,3943.3054,4108.5552,2114.6573,1227.0794
2020-09-02,15,1137.0000,901.2467,1256.0000,1072.0000,1762.0000,4126.0000,4765.0000,4848.7317,5041.0000,2613.5042,1501.0000
2020-09-02,15,1200.0000,957.0000,1266.0000,1108.0000,1774.0000,3773.0000,4418.0000,4473.5122,4612.0000,2541.0971,1492.0000
2020-09-05,15,374.0000,435.2445,771.7862,675.7980,1355.4809,2500.1568,2946.2378,3049.3657,3223.0000,1923.1524,1133.1857
2020-09-05,15,444.0000,483.1947,803.1258,700.6356,1348.9915,2483.1298,2930.9951,3048.4418,3202.5303,1921.0000,1125.5033
2020-09-07,15,-9999.0000,-9999.0000,-9999.0000,-9999.0000,-9999.0000,-9999.0000,-9999.0000,-9999.0000,-9999.0000,-9999.0000,-9999.0000
2020-09-07,15,-9999.0000,-9999.0000,-9999.0000,-9999.0000,-9999.0000,-9999.0000,-9999.0000,-9999.0000,-9999.0000,-9999.0000,-9999.0000
2020-09-10,15,1029.0000,1148.4891,1321.4870,1266.7498,1805.3241,2601.0000,2996.0000,3004.2896,3204.0000,2117.2895,1531.7440
2020-09-10,15,1168.0000,1236.9801,1368.7125,1293.8749,1744.0000,2538.9882,2924.0000,2940.3952,3141.1682,2075.0000,1498.0825
2020-09-12,15,490.0000,538.7549,837.8441,981.7776,1563.0000,2396.0903,2666.6648,2789.8317,3002.9641,2400.0000,1626.3063
2020-09-12,15,497.0000,539.8699,837.7002,999.1592,1542.5408,2413.0000,2676.5659,2805.7399,3031.0807,2398.6630,1618.0000
2020-09-15,15,405.0000,499.7188,779.4278,935.8381,1361.0000,1957.8453,2251.8143,2340.8849,2548.0000,2296.0000,1617.0521
2020-09-15,15,446.0000,514.9881,787.0679,932.0690,1344.6457,1924.2870,2204.8081,2329.2689,2568.8089,2283.3725,1592.0000
2020-09-17,15,587.0000,692.2953,892.9540,886.7633,1179.0000,1782.9756,2023.3370,2103.4704,2148.7789,1801.0000,1190.6667
2020-09-17,15,672.0000,755.9344,915.4171,900.6567,1247.0000,1725.0000,1924.0000,2089.0000,2133.0000,1819.0000,1212.0000
2020-09-20,15,444.0000,628.0731,861.0726,1016.2417,1349.1767,1898.5730,2201.6044,2317.0000,2468.9938,2305.5235,1756.6645
2020-09-20,15,487.0000,659.9996,883.9955,1015.2650,1329.4920,1892.1768,2169.0000,2336.0000,2455.6872,2307.0692,1716.0000
2020-09-25,15,486.0000,609.2069,825.0391,914.9569,1252.6204,1770.3264,1987.6593,2037.1408,2263.0000,1937.0000,1270.8519
2020-09-25,15,567.0000,656.3316,854.5042,932.6155,1250.3472,1811.0457,2037.4874,2072.8586,2276.9696,1948.8377,1274.0000
2020-09-30,15,525.0000,669.0218,801.7700,834.9534,1098.0813,1588.9174,1805.9672,1867.0000,1953.2693,1668.5515,1238.0000
2020-09-30,15,591.0000,709.6675,828.9105,845.5730,1093.4520,1603.5715,1808.0000,1863.5987,1975.3758,1651.5602,1221.3400
2020-10-07,15,351.0000,537.1527,689.9213,754.4668,1072.3590,1665.0000,1883.3216,1985.8095,2096.0000,1759.0000,1250.0000
2020-10-07,15,366.0000,545.3425,707.3881,753.8130,1052.3574,1690.3252,1964.0000,2022.7450,2119.9445,1748.5052,1233.5000
2020-10-10,15,1009.0000,1200.0000,1349.4231,1425.5956,1694.9796,2098.0000,2317.7865,2421.8657,2518.0000,2226.4240,1609.5205
2020-10-10,15,974.0000,1180.0000,1357.0496,1433.1003,1720.0000,2173.0749,2412.6034,2470.4771,2605.0000,2241.0000,1674.0000
2020-10-12,15,521.0000,722.2659,978.5222,1145.6024,1419.6130,1909.0000,2101.8470,2280.8786,2313.0383,1881.0000,1252.0000
2020-10-12,15,542.0000,734.3741,986.5939,1146.1245,1468.4962,1947.0000,2073.1047,2265.9692,2280.1980,1920.5801,1272.0000
2020-10-20,15,1333.0000,1506.0000,1594.0000,1544.0038,1809.5000,2121.3314,2260.1096,2370.4653,2381.2567,2072.0000,1610.0426
2020-10-22,15,-9999.0000,-9999.0000,-9999.0000,-9999.0000,-9999.0000,-9999.0000,-9999.0000,-9999.0000,-9999.0000,-9999.0000,-9999.0000
2020-10-25,15,496.0000,708.5000,937.0000,984.2580,1233.1701,1656.4177,1794.3667,1957.2737,1932.7712,1884.0922,1385.4889
2020-10-25,15,584.0000,764.7500,981.5000,1002.5000,1266.5333,1692.0342,1821.3678,1943.8914,1982.5175,1909.3079,1362.5711
2020-10-30,15,-9999.0000,-9999.0000,-9999.0000,-9999.0000,-9999.0000,-9999.0000,-9999.0000,-9999.0000,-9999.0000,-9999.0000,-9999.0000
2020-11-04,15,577.0000,688.7468,838.2520,869.4272,1053.7776,1178.0000,1243.7965,1207.5686,1340.0000,1308.0665,976.0000
2020-11-04,15,672.0000,750.0000,893.9746,902.0000,1089.9470,1279.0000,1314.2346,1272.5984,1392.9691,1326.3261,1004.0000
2020-11-06,15,223.0000,553.4066,770.8606,948.8000,1098.9319,1230.3706,1353.8721,1417.1993,1382.4078,1713.5520,1448.0000
2020-11-06,15,510.0000,744.8233,901.4746,1002.0000,1128.5617,1297.2648,1428.5108,1448.1148,1476.8778,1698.9955,1435.0000
2020-11-09,15,478.0000,705.8000,889.6658,973.0000,1123.9594,1252.9571,1372.0759,1432.0006,1435.9175,1533.4263,1392.0000
2020-11-09,15,518.0000,729.5637,893.5000,977.0000,1093.0000,1300.1189,1392.1460,1446.2327,1469.4831,1516.2335,1323.4995
2020-11-11,15,391.0000,601.6667,907.4677,1060.3613,1240.1299,1410.9431,1479.0000,1585.0102,1626.3501,1860.2226,1565.2947
2020-11-11,15,637.0000,776.0000,1019.1296,1113.0071,1314.8501,1467.4186,1510.1344,1622.5532,1638.8787,1809.6540,1523.1401
2020-11-19,15,395.0000,673.8200,857.0414,979.5141,1100.8291,1200.0367,1292.6556,1384.2615,1411.3481,1452.3336,1208.1234
2020-11-19,15,409.0000,677.6623,869.4656,981.1426,1098.0000,1211.9258,1318.0000,1399.5126,1397.9293,1443.2251,1217.9101
2020-11-21,15,438.0000,658.0000,947.7068,1152.0079,1290.5725,1445.0321,1512.1722,1712.1997,1651.9543,1842.0000,1491.0000
2020-11-21,15,650.9998,800.6986,1040.6649,1202.9386,1324.7065,1485.0000,1541.6547,1701.2825,1652.4949,1874.7902,1468.0000
2020-11-24,15,628.0000,781.5173,992.6303,1112.6525,1268.8714,1372.0000,1436.3527,1511.2299,1560.0000,1718.0000,1327.0000
2020-11-24,15,563.0000,737.9723,957.1742,1113.3649,1245.2727,1317.6456,1435.0000,1510.1348,1593.4773,1745.5351,1357.7492
2020-11-26,15,493.0000,809.1791,1028.5815,1169.4483,1371.9636,1498.0018,1609.6199,1671.0790,1758.0000,1859.9281,1491.0000
2020-11-26,15,703.0000,943.0000,1100.0000,1217.3649,1391.0000,1472.0000,1587.5703,1670.3643,1701.9690,1813.3140,1454.8822
2020-11-29,15,476.8792,745.5580,933.0000,1090.6579,1224.0000,1369.9040,1449.9901,1579.0014,1621.5767,1705.0000,1516.7784
2020-11-29,15,423.0000,698.0000,889.0000,1058.5802,1211.3013,1361.8086,1424.6592,1557.4173,1541.6900,1729.9811,1490.9084
2020-12-01,15,216.0000,195.0000,199.0000,159.0000,171.0000,165.0000,164.0000,158.5500,164.3487,130.0000,98.0000
2020-12-01,15,218.0000,186.4887,186.0000,144.0000,150.0000,144.0000,140.6336,144.4932,156.6326,125.0000,96.0000
2020-12-19,15,691.0000,956.8259,1158.0000,1249.1174,1511.0000,1779.7703,1882.5672,2011.1025,2008.0000,1906.9233,1536.0000
2020-12-19,15,719.0000,969.7367,1164.0000,1273.5087,1546.3015,1841.9927,1963.0000,2055.3193,2072.2326,1939.6583,1521.0000
2020-12-26,15,-9999.0000,-9999.0000,-9999.0000,-9999.0000,-9999.0000,-9999.0000,-9999.0000,-9999.0000,-9999.0000,-9999.0000,-9999.0000
2020-12-26,15,-9999.0000,-9999.0000,-9999.0000,-9999.0000,-9999.0000,-9999.0000,-9999.0000,-9999.0000,-9999.0000,-9999.0000,-9999.0000
2020-12-31,15,614.0000,744.7719,1036.5313,1164.6839,1565.8805,2089.6851,2234.0000,2521.2023,2471.0000,2155.3292,1451.0000
2020-12-31,15,636.2769,760.0000,1058.0000,1172.0000,1578.9009,2117.0000,2280.0000,2521.2442,2436.9247,2145.0629,1460.0000
2021-01-03,15,550.0000,730.0063,1042.0000,1156.8280,1547.0000,1987.0000,2177.9828,2420.4765,2378.8228,1978.4692,1320.0000
2021-01-03,15,670.7245,809.7934,1096.0000,1177.0909,1562.0000,2062.7345,2212.2456,2425.7691,2394.4292,1968.0000,1322.0000
2021-01-08,15,484.3334,778.0618,1045.3802,1133.5938,1476.0000,1953.5346,2088.0000,2406.6534,2300.0260,1957.0000,1480.0000
2021-01-08,15,552.3694,809.2725,1061.5000,1144.0000,1476.9831,2008.4472,2136.0000,2440.4061,2305.0000,1949.4178,1469.0000
2021-01-13,15,500.0000,684.2500,917.4584,1041.2126,1360.0000,1785.4575,1938.0000,2245.2837,2112.8559,1609.0000,1089.9130
2021-01-13,15,564.5397,716.2289,945.5061,1045.1888,1396.0000,1850.7839,1995.7281,2264.3986,2149.0205,1636.0911,1104.0476
2021-01-18,15,-9999.0000,-9999.0000,-9999.0000,-9999.0000,-9999.0000,-9999.0000,-9999.0000,-9999.0000,-9999.0000,-9999.0000,-9999.0000
2021-02-09,15,-9999.0000,-9999.0000,-9999.0000,-9999.0000,-9999.0000,-9999.0000,-9999.0000,-9999.0000,-9999.0000,-9999.0000,-9999.0000
2021-02-14,15,384.0000,645.3501,953.4623,977.3427,1471.0000,2258.0773,2496.0000,2966.7860,2709.2289,2114.3554,1413.9837
2021-02-14,15,560.0000,766.3974,1029.0000,1021.6979,1478.0000,2272.0000,2505.0000,2869.9475,2627.4027,2094.0000,1410.3823
2021-02-17,15,1125.0000,1216.0000,1290.0000,1228.6393,1581.0253,2121.0000,2324.1333,2473.5534,2433.9500,1991.0000,1409.0000
2021-02-17,15,1125.0000,1212.0000,1298.0000,1233.2251,1592.9961,2161.0000,2351.0000,2512.3686,2462.0000,1990.0000,1433.4502
2021-02-22,15,-9999.0000,-9999.0000,-9999.0000,-9999.0000,-9999.0000,-9999.0000,-9999.0000,-9999.0000,-9999.0000,-9999.0000,-9999.0000
2021-02-24,15,556.0000,830.7646,1157.0164,1077.4046,1586.1262,2427.0000,2673.0000,2931.2839,2800.0000,2144.7501,1456.2885
2021-02-24,15,587.0000,846.2730,1164.4653,1072.0812,1560.0000,2418.4978,2637.4460,2907.3097,2724.8754,2140.3117,1461.5823
2021-02-27,15,519.0000,760.2813,1069.0797,961.0805,1484.4968,2438.5099,2697.4808,2898.6201,2807.0000,2073.4775,1437.3432
2021-02-27,15,565.0000,792.6029,1098.0000,969.8819,1493.6407,2484.0000,2760.0000,2912.0000,2824.4889,2081.3668,1438.8049
2021-03-01,15,298.5576,428.6752,868.2598,700.0847,1401.2750,2874.5017,3191.1244,3576.0955,3323.0000,2291.9736,1456.5345
2021-03-01,15,322.5873,449.3667,875.5856,707.8553,1389.0000,2874.6298,3080.4916,3575.8783,3179.0000,2258.4876,1459.2762
2021-03-04,15,1042.0000,1105.8494,1372.6872,1161.3423,1755.0000,3067.4784,3378.7862,3608.9841,3517.7583,2286.2698,1431.0000
2021-03-04,15,1190.0000,1204.6474,1436.9955,1208.3243,1783.0000,3034.0000,3339.6625,3594.4485,3481.0914,2277.0000,1417.0000
2021-03-06,15,246.0000,449.8624,833.0000,603.2348,1336.0574,3002.0000,3335.2042,3829.6031,3547.5442,2170.6133,1347.1873
2021-03-06,15,348.0000,522.1486,869.6204,650.8859,1361.5005,2941.6241,3305.0000,3783.9184,3322.3305,2178.2965,1340.1168
2021-03-09,15,534.0000,689.6806,981.1023,781.1312,1453.0620,2885.0000,3272.2634,3624.0000,3433.7643,2129.0026,1412.5113
2021-03-09,15,445.0000,608.3998,937.2829,717.7213,1434.6689,2986.0000,3409.0000,3736.3829,3493.1449,2139.2155,1395.7958
2021-03-16,15,74.0000,265.2551,649.2409,429.2984,1201.5348,3068.4866,3516.9614,3991.3052,3667.0000,1939.5454,1100.4903
2021-03-16,15,172.0000,337.2611,690.0520,467.4606,1231.0000,3090.0000,3551.0000,3941.2050,3672.5763,1938.5260,1116.5799
2021-03-19,15,259.0000,409.6967,701.3114,485.2295,1153.8536,2820.0000,3289.3906,3656.0000,3421.0197,1652.2076,963.9582
2021-03-19,15,322.0000,448.1718,725.3734,501.6510,1182.0000,2853.9581,3308.3601,3607.3296,3442.4736,1643.5823,961.6635
2021-03-21,15,-9999.0000,-9999.0000,-9999.0000,-9999.0000,-9999.0000,-9999.0000,-9999.0000,-9999.0000,-9999.0000,-9999.0000,-9999.0000
2021-03-21,15,-9999.0000,-9999.0000,-9999.0000,-9999.0000,-9999.0000,-9999.0000,-9999.0000,-9999.0000,-9999.0000,-9999.0000,-9999.0000
2021-03-24,15,132.0000,249.8592,675.4035,473.1013,1317.8974,3356.0838,3875.0000,4234.9743,4055.9878,2003.1402,1181.5157
2021-03-24,15,165.0000,276.8209,683.5000,475.6532,1299.3972,3321.0000,3759.0000,4214.2905,3981.0000,1986.0882,1186.5132
2021-03-26,15,525.0000,657.0812,941.3137,699.6400,1465.0727,3259.0000,3827.3326,4166.1387,3965.5608,2106.0709,1252.5662
2021-03-26,15,610.0000,705.0980,976.0358,730.7629,1474.6601,3226.0000,3803.2481,4116.2920,3979.0000,2099.9970,1249.0000
2021-03-29,15,584.0000,693.8333,954.3500,722.0542,1409.0000,3034.0000,3561.7221,3846.6168,3735.0000,1906.8005,1180.4381
2021-03-29,15,558.0000,661.1770,937.7164,691.1446,1392.7241,3133.0000,3696.0000,3924.9552,3851.4460,1892.4555,1179.7372
2021-03-31,15,294.7725,361.4399,740.0413,499.2272,1249.7546,3451.5347,3991.7892,4265.9041,4179.0000,1957.0469,1122.2859
2021-03-31,15,451.0000,505.1121,835.0000,595.3687,1286.3144,3346.0000,3811.6065,4098.6979,3983.0000,1948.9414,1132.1314
2021-04-03,15,325.0000,385.7871,677.2753,481.2477,1086.2377,2822.4579,3280.0000,3562.3548,3451.0000,1488.9334,851.9941
2021-04-03,15,398.0000,444.8394,716.5734,504.9500,1097.0294,2779.9597,3250.0000,3542.7608,3458.9121,1482.3848,844.3585
2021-04-05,15,343.0000,488.9357,835.8658,611.6193,1323.5326,3248.0000,3898.9379,4229.2836,4085.0431,1836.4259,1090.6765
2021-04-05,15,353.0000,497.9713,834.2392,594.6631,1319.0000,3233.0000,3884.3709,4261.6143,4035.0000,1827.8889,1085.1607
2021-04-08,15,186.5717,341.3786,641.4396,443.8217,1102.0163,2891.9122,3416.0000,3914.3477,3653.0000,1528.3262,906.8658
2021-04-08,15,250.0000,390.2002,672.8454,469.9063,1106.3987,2895.0000,3400.0000,3898.2492,3654.0000,1530.3567,909.4359
2021-04-10,15,334.8811,389.2959,757.2100,532.1639,1299.4797,3389.5958,3924.0461,4263.4749,4187.0000,1812.8666,1063.0000
2021-04-10,15,471.0000,497.6799,829.3816,602.9290,1342.0000,3301.1834,3822.0000,4149.0934,4040.0000,1813.1511,1057.8149
2021-04-15,15,519.0000,588.1278,796.2378,621.3920,1197.9061,2672.0000,3187.1900,3478.8850,3323.5982,1461.1661,862.6360
2021-04-15,15,532.0000,598.2505,800.5730,625.3102,1189.7428,2677.2327,3141.8120,3494.4586,3331.9391,1464.6477,861.2340
2021-04-20,15,-9999.0000,-9999.0000,-9999.0000,-9999.0000,-9999.0000,-9999.0000,-9999.0000,-9999.0000,-9999.0000,-9999.0000,-9999.0000
2021-04-20,15,-9999.0000,-9999.0000,-9999.0000,-9999.0000,-9999.0000,-9999.0000,-9999.0000,-9999.0000,-9999.0000,-9999.0000,-9999.0000
2021-04-23,15,122.0000,201.9032,483.7779,323.7059,953.8467,2698.6417,3237.0000,3526.2537,3443.1358,1312.0000,721.8472
2021-04-23,15,313.0000,349.2858,595.5672,417.8138,995.9092,2665.7367,3144.0000,3429.0700,3360.0000,1323.7648,725.3491
2021-04-25,15,393.0000,484.5816,718.0940,507.1081,1098.0000,2777.0144,3444.3900,3687.9552,3658.9689,1517.2324,852.0000
2021-04-25,15,538.0000,601.1103,797.7380,586.6480,1141.6577,2750.4266,3328.0000,3606.6891,3560.8033,1519.0000,867.6086
2021-04-28,15,222.0000,369.1310,579.2223,466.8653,946.0000,2437.5273,3117.4944,3339.7871,3348.0000,1346.1728,877.2647
2021-04-28,15,316.0000,433.2266,630.0812,507.8337,972.4657,2428.0744,3130.0524,3302.0084,3321.2855,1344.3982,890.5660
2021-04-30,15,-9999.0000,-9999.0000,-9999.0000,-9999.0000,-9999.0000,-9999.0000,-9999.0000,-9999.0000,-9999.0000,-9999.0000,-9999.0000
2021-04-30,15,-9999.0000,-9999.0000,-9999.0000,-9999.0000,-9999.0000,-9999.0000,-9999.0000,-9999.0000,-9999.0000,-9999.0000,-9999.0000
2021-05-03,15,111.0000,172.4244,333.8474,221.4626,587.3193,2169.3447,2901.1049,3124.2024,3122.0000,1044.1588,546.2530
2021-05-03,15,182.0000,222.5518,368.5309,249.2791,618.2150,2162.0765,2860.7584,3128.8877,3083.7365,1046.0662,555.8084
2021-05-05,15,-9999.0000,-9999.0000,-9999.0000,-9999.0000,-9999.0000,-9999.0000,-9999.0000,-9999.0000,-9999.0000,-9999.0000,-9999.0000
2021-05-05,15,-9999.0000,-9999.0000,-9999.0000,-9999.0000,-9999.0000,-9999.0000,-9999.0000,-9999.0000,-9999.0000,-9999.0000,-9999.0000
2021-05-08,15,14.0000,126.0729,261.2855,153.2708,498.9104,2129.3215,3115.1757,3348.6488,3314.0000,932.8640,506.8575
2021-05-08,15,161.0000,246.5521,361.5572,232.8654,574.6261,2124.9921,3024.0000,3272.9858,3240.0000,939.9297,513.1772
2021-05-10,15,295.0000,317.4153,509.6013,361.4975,756.2369,2578.1812,3521.2351,3616.6788,3740.2806,1234.5850,673.8279
2021-05-10,15,413.0000,413.9048,589.4932,429.9618,813.3703,2553.3207,3460.9755,3574.0000,3690.0000,1243.6741,683.7822
2021-05-13,15,488.0000,548.5450,685.3923,588.6294,905.0441,2225.3842,2993.2591,3067.9817,3132.0000,937.8789,584.9566
2021-05-13,15,414.0000,489.3071,645.4464,553.1969,885.4836,2253.2876,3042.0000,3122.5000,3207.0000,941.1365,586.1544
2021-05-15,15,483.0000,532.0000,601.0000,483.0000,892.0000,2018.0000,2529.0000,2330.0000,2642.0000,1147.0000,744.0000
2021-05-15,15,464.0000,501.0000,630.0000,511.0000,919.0000,2019.0000,2581.0000,2644.0000,2620.0000,1142.0000,792.0000
2021-05-18,15,48.0000,146.5258,273.3403,153.1243,491.2880,2155.6882,3252.3794,3481.1987,3425.2533,826.6642,434.9047
2021-05-18,15,128.0000,204.2333,320.8821,193.4473,526.4471,2141.1426,3244.2324,3444.8732,3395.9448,842.2436,435.6478
2021-05-20,15,61.0000,97.5664,281.5057,145.8646,564.1790,2594.9105,3700.0000,3947.9268,3909.6791,1002.6631,483.4448
2021-05-20,15,178.0000,193.3990,357.3385,213.2570,612.1628,2563.6718,3612.0000,3883.5994,3825.9942,1018.4456,490.1750
2021-05-23,15,1236.0000,1194.0000,1288.0000,1140.0000,1493.8855,2705.6506,3466.4490,3532.3248,3605.0000,1338.2890,973.7310
2021-05-23,15,1235.0000,1198.0000,1312.7686,1148.9056,1529.0552,2809.1738,3598.0000,3672.0000,3742.2739,1353.3485,978.3029
2021-05-25,15,719.0000,654.5876,821.1297,578.4175,1164.0000,3491.5315,4924.6335,5193.2298,5155.0000,1491.0000,802.0000
2021-05-25,15,740.0000,645.3826,810.7324,556.0000,1134.3630,3484.0897,4932.0000,5217.7749,5179.3807,1465.0000,803.8512
2021-05-28,15,32.0000,146.5990,293.8713,162.1985,522.1458,2180.9484,3193.0169,3481.9436,3425.9371,882.4552,468.9084
2021-05-28,15,171.0000,254.5489,385.8720,237.2123,585.5721,2170.6379,3158.8719,3417.5269,3394.4372,893.1916,482.7948
2021-05-30,15,72.0000,109.4302,317.7333,160.8977,619.6633,2626.2462,3666.7054,3897.1845,3902.1820,1117.7860,563.7664
2021-05-30,15,186.6140,205.5149,393.7689,233.2571,677.7194,2618.8621,3619.2338,3860.3759,3870.0190,1125.7528,579.0577
2021-06-02,15,2.1466,21.5706,219.2291,90.7178,509.3237,2310.0000,3367.0000,3587.3244,3600.5779,1028.4748,540.5791
2021-06-02,15,171.0000,197.6665,368.7358,219.3549,619.0150,2323.0190,3284.0753,3528.2801,3554.4606,1042.2942,546.7042
2021-06-04,15,500.0000,557.4139,689.7831,529.6654,916.9424,2335.0000,3199.0000,3338.8147,3451.0000,1229.4843,755.1718
2021-06-04,15,423.0000,485.3156,634.0521,465.6490,856.4562,2339.0000,3267.0000,3381.0439,3445.7001,1216.6602,746.4249
2021-06-07,15,865.0000,901.4432,1021.7144,825.8091,1264.1530,2757.3163,3698.0000,3746.6452,3926.0000,1429.5661,912.7390
2021-06-07,15,885.9925,897.0368,1021.0445,817.4689,1277.5770,2839.0000,3782.0000,3861.2660,4030.0000,1424.5137,908.2612
2021-06-09,15,466.0000,449.3540,637.3156,422.4649,922.5188,2628.4013,3468.5000,3617.5162,3813.5158,1354.3797,738.4941
2021-06-09,15,350.2511,341.4681,537.3335,330.2894,841.6767,2632.1833,3547.6151,3675.6380,3880.0000,1349.1853,730.0846
2021-06-12,15,27.0000,121.9629,369.2852,257.6769,744.7564,2226.6542,3029.0000,3154.0911,3348.4241,1252.1137,741.2167
2021-06-12,15,287.0000,337.4546,541.5290,409.8011,858.1155,2244.0460,2974.0000,3106.0783,3313.8568,1267.7661,761.3819
2021-06-14,15,244.0000,365.6605,598.1781,451.8260,980.7218,2435.4545,3203.5902,3418.8600,3545.4188,1420.6323,803.2515
2021-06-14,15,175.0000,301.3824,538.1385,396.4331,948.8063,2427.1223,3207.0000,3441.0000,3602.9466,1419.9585,787.0267
2021-06-17,15,1.0000,69.5265,330.9087,291.6720,827.9342,2037.3973,2666.1945,2867.0000,3082.5844,1316.8240,788.0724
2021-06-17,15,257.0000,373.4567,573.9987,485.2042,965.2694,2073.9518,2632.0518,2818.8488,3026.4996,1331.6921,811.4810
2021-06-19,15,536.0000,590.2978,845.7485,825.5022,1273.3592,2189.5055,2585.4829,2600.9639,2930.4947,1586.0000,981.2020
2021-06-19,15,550.0000,600.5415,853.1233,825.7392,1282.5344,2172.1750,2581.0000,2620.0000,2933.4961,1585.4909,982.7631
2021-06-22,15,160.0000,309.5948,570.0445,707.6671,1157.4843,1824.5132,2225.9028,2386.0579,2637.5486,1675.8969,1019.9485
2021-06-22,15,284.5725,405.5614,641.5546,757.0092,1184.6703,1875.5166,2263.0000,2388.0000,2661.9411,1674.2806,1021.4020
2021-06-24,15,381.0000,597.0402,841.0802,1037.0979,1453.3571,2010.3431,2393.0000,2468.8481,2812.3684,2083.6550,1349.7521
2021-06-24,15,395.0000,604.8618,845.9774,1041.4135,1449.9438,2011.0000,2437.9252,2468.1323,2794.4217,2086.5359,1349.0262
2021-06-27,15,-9999.0000,-9999.0000,-9999.0000,-9999.0000,-9999.0000,-9999.0000,-9999.0000,-9999.0000,-9999.0000,-9999.0000,-9999.0000
2021-06-27,15,1387.0000,1428.6823,1604.2071,1737.1034,2113.0000,2666.1981,3034.4871,3121.5888,3360.9069,2327.0000,1710.0000
2021-06-29,15,399.0000,561.6876,852.6008,1152.6719,1513.8545,1978.0011,2268.9649,2390.5066,2708.0000,2349.6141,1440.0000
2021-06-29,15,394.0000,557.9467,849.1319,1150.0000,1504.0000,1996.5210,2266.3714,2390.4211,2691.9786,2361.5563,1449.0000
2021-07-02,15,529.0000,829.1560,1250.9759,1802.5890,2259.8040,2802.5689,3170.5251,3430.9443,3707.0000,3723.0000,2340.0000
2021-07-02,15,552.0000,845.8358,1258.9562,1820.7077,2267.0000,2785.5439,3172.2934,3433.2005,3705.9646,3704.0000,2360.0000
2021-07-04,15,1043.0000,1228.0000,1525.2183,1971.4709,2443.0000,3021.0000,3529.1743,3672.8134,4053.8782,4058.0000,2674.8796
2021-07-07,15,468.0000,777.4407,1117.5552,1520.9611,1887.0000,2269.6770,2603.7108,2726.5282,2953.0000,3270.6776,2229.0386
2021-07-07,15,535.0000,808.9501,1121.5076,1508.5148,1857.8085,2281.0000,2588.8566,2727.9097,2948.0464,3211.4557,2253.3934
2021-07-09,15,550.0000,821.0073,1227.1554,1714.0000,2111.0000,2544.6576,2836.0000,2967.8688,3211.8971,3699.0413,2543.0000
2021-07-09,15,622.0000,857.9000,1236.6271,1691.3934,2077.5331,2554.0497,2837.0000,2968.2955,3218.3242,3634.4758,2529.0000
2021-07-12,15,522.0000,752.7068,1137.1506,1514.2870,1850.0000,2284.0000,2588.0668,2663.1022,2948.7349,3246.0000,2211.9955
2021-07-12,15,648.0000,833.1667,1172.8263,1490.6255,1828.0000,2320.4597,2597.9348,2658.6567,2938.6453,3178.6651,2164.0000
2021-07-14,15,-9999.0000,-9999.0000,-9999.0000,-9999.0000,-9999.0000,-9999.0000,-9999.0000,-9999.0000,-9999.0000,-9999.0000,-9999.0000
2021-07-19,15,1522.0000,1522.0000,1852.8335,2058.6911,2532.9091,3391.0000,3839.0000,3929.9216,4197.0110,4245.0000,2820.0000
2021-07-19,15,1596.0000,1450.0000,1812.0000,1836.0000,2388.0000,3419.0000,3973.0000,4036.0000,4438.0000,3821.0000,2594.0000
2021-07-22,15,568.0000,709.7079,1004.9815,1217.6532,1630.1721,2171.4516,2440.0000,2504.5872,2806.0000,3201.0000,2123.8820
2021-07-22,15,635.0000,752.9040,1021.4767,1225.2988,1600.0000,2180.8504,2466.2821,2500.2897,2843.7110,3135.0000,2132.1185
2021-07-24,15,1160.0000,1148.0000,1348.0000,1412.0000,1740.0000,2306.1623,2681.6488,2619.6473,2882.5116,2681.6607,1925.8367
2021-07-24,15,1104.0000,1057.2936,1316.5695,1457.2211,1790.0990,2332.0000,2684.4354,2633.0038,2949.0000,2768.0000,1963.0000
2021-07-29,15,625.0000,749.5140,1041.1475,1250.2174,1669.0000,2357.3530,2589.0719,2677.7957,2889.1102,3155.0550,2165.6437
2021-07-29,15,695.0000,793.5000,1068.6658,1234.5754,1637.0000,2358.2749,2595.6751,2662.2757,2901.5206,3090.3978,2154.0294
2021-08-01,15,635.0000,734.2537,883.1273,931.6573,1226.8867,1676.5102,1868.0000,1874.7569,2041.5114,1803.3618,1192.0000
2021-08-01,15,657.0768,739.5481,901.2377,933.5582,1229.0000,1714.3397,1915.3313,1898.6797,2093.0000,1815.0000,1187.8412
2021-08-03,15,622.0000,798.1644,1042.2746,1202.5871,1641.0000,2372.1409,2682.6926,2790.1156,2950.9095,3077.0000,2187.1006
2021-08-03,15,671.0000,818.2138,1059.3119,1188.0725,1635.4019,2369.0000,2707.1545,2773.0537,2956.6659,3042.0000,2157.3393
2021-08-06,15,482.0000,645.6095,878.4284,932.0886,1365.9977,2122.9935,2435.4459,2518.3453,2659.3568,2571.1313,1805.9589
2021-08-06,15,520.0000,666.4740,885.2851,937.9264,1359.0000,2125.3380,2435.8294,2520.0411,2675.4422,2573.2072,1811.2882
2021-08-08,15,-9999.0000,-9999.0000,-9999.0000,-9999.0000,-9999.0000,-9999.0000,-9999.0000,-9999.0000,-9999.0000,-9999.0000,-9999.0000
2021-08-11,15,840.0000,1072.8555,1364.2255,1637.2310,1808.5131,2106.9878,2317.0000,2328.4363,2500.0000,2861.2794,2312.0000
2021-08-11,15,882.5338,1100.5307,1363.0261,1626.0538,1810.0000,2107.5819,2285.1265,2325.1860,2488.6238,2827.1175,2366.0059
2021-08-13,15,1240.0000,1398.0000,1546.0000,1766.0000,1997.0000,2294.0000,2541.0000,2474.0000,2716.0000,2342.0000,1986.0000
2021-08-13,15,1247.0000,1412.1152,1580.0000,1725.5237,1943.0000,2259.0000,2510.5271,2442.6353,2621.5283,2334.0000,1972.4755
2021-08-16,15,820.0000,1152.9941,1425.2919,1730.6822,1900.0000,2180.1801,2419.6096,2408.3508,2578.8945,2804.1239,2430.0000
2021-08-16,15,860.0000,1165.3271,1424.9917,1713.5057,1878.0000,2172.0000,2411.4559,2404.2816,2580.9560,2787.4812,2435.8128
2021-08-18,15,1028.0000,1322.3940,1666.2093,2037.9863,2221.0000,2477.8288,2611.0444,2725.5022,2820.4103,3204.0000,2676.2092
2021-08-18,15,1053.5276,1299.0731,1611.3662,1970.0882,2146.8873,2453.0000,2595.6279,2724.6719,2810.0000,3157.0000,2621.0000
2021-08-21,15,881.0000,1147.0708,1428.2083,1755.0718,1878.5278,2160.0000,2336.0000,2374.8874,2514.0644,2820.0000,2314.7864
2021-08-21,15,953.0000,1160.6359,1419.1885,1698.6822,1814.0000,2152.0000,2329.1198,2375.5778,2520.0000,2804.0000,2279.0000
2021-08-26,15,846.0000,1139.3978,1403.0875,1722.1440,1873.0000,2137.0465,2362.7241,2441.3146,2507.0935,2756.0000,2352.0000
2021-08-26,15,864.9716,1154.8487,1416.1233,1739.3384,1868.9352,2161.5013,2369.0000,2437.9448,2503.0000,2728.0000,2380.0000
2021-08-28,15,-9999.0000,-9999.0000,-9999.0000,-9999.0000,-9999.0000,-9999.0000,-9999.0000,-9999.0000,-9999.0000,-9999.0000,-9999.0000
2021-08-28,15,-9999.0000,-9999.0000,-9999.0000,-9999.0000,-9999.0000,-9999.0000,-9999.0000,-9999.0000,-9999.0000,-9999.0000,-9999.0000
2021-08-31,15,-9999.0000,-9999.0000,-9999.0000,-9999.0000,-9999.0000,-9999.0000,-9999.0000,-9999.0000,-9999.0000,-9999.0000,-9999.0000
2021-08-31,15,-9999.0000,-9999.0000,-9999.0000,-9999.0000,-9999.0000,-9999.0000,-9999.0000,-9999.0000,-9999.0000,-9999.0000,-9999.0000
2021-09-02,15,953.0000,1266.0936,1546.7260,1899.6282,2045.0000,2363.5637,2576.0000,2711.6738,2755.7402,3094.4274,2736.2380
2021-09-02,15,984.8279,1266.7734,1539.8760,1866.8492,1989.0000,2339.9361,2559.0000,2696.3762,2744.8746,3138.0000,2756.2355
2021-09-05,15,819.0000,1098.2845,1370.7810,1675.1481,1798.0000,2077.1032,2259.0298,2409.2492,2421.6663,2705.0309,2387.0000
2021-09-05,15,864.0000,1124.5923,1378.0771,1658.0580,1760.0000,2092.8834,2277.9699,2422.9771,2411.7508,2716.4460,2393.4985
2021-09-07,15,1143.0000,1426.4443,1721.8348,2038.8946,2186.6867,2531.3883,2702.0000,2873.5190,2918.4014,3220.0000,2681.4529
2021-09-07,15,1173.4392,1411.2389,1698.5937,1992.0492,2108.3039,2529.0081,2707.0000,2840.6852,2931.2295,3118.0000,2646.0000
2021-09-10,15,695.0000,956.0626,1234.4451,1547.1460,1651.2042,1928.8571,2075.9044,2199.4780,2285.1652,2634.2331,2254.0000
2021-09-10,15,754.0000,988.1441,1251.1778,1540.1344,1602.6222,1947.5355,2103.0000,2198.5785,2278.0000,2619.2615,2206.0000
2021-09-12,15,863.0000,1187.2500,1449.1814,1755.1908,1897.0000,2170.7645,2380.5025,2405.6439,2522.0000,3004.0443,2633.4310
2021-09-12,15,919.0000,1213.3603,1451.9299,1722.9642,1890.9320,2153.0000,2371.8896,2404.9113,2530.7965,2946.5826,2628.0000
2021-09-20,15,400.0000,569.0957,760.8571,954.8924,1096.0516,1348.7752,1499.8626,1480.1872,1626.1688,1752.0000,1362.0000
2021-09-20,15,421.0000,582.2584,766.2336,955.4019,1117.0000,1345.1067,1489.4152,1496.1201,1659.0341,1772.5499,1363.0000
2021-09-22,15,1123.0000,1366.0000,1576.5665,1713.5088,1914.0000,2228.5113,2426.2471,2533.5408,2568.0651,2546.4262,2164.8684
2021-09-25,15,1339.0000,1434.3680,1674.0000,1851.3479,2093.7699,2502.2446,2789.0000,2853.9245,2979.8248,3056.0000,2665.0936
2021-09-25,15,1079.0000,1324.0000,1565.0079,1772.0000,1993.0156,2436.0000,2661.0000,2736.0000,2814.0000,2985.0000,2511.0000
2021-09-27,15,1046.0000,880.0000,982.0000,919.0000,1125.0000,1495.0000,1567.0000,1566.0000,1630.0000,1210.0000,823.0000
2021-09-27,15,1104.0000,973.0000,1014.0000,977.0000,1146.0000,1437.0000,1501.0000,1402.0000,1581.0000,1210.0000,818.0000
2021-09-30,15,498.0000,705.2165,931.8863,1131.6675,1275.0000,1544.0000,1683.0000,1734.2354,1844.3497,2090.3969,1651.0000
2021-09-30,15,559.0000,742.0000,955.9709,1147.4016,1273.8898,1546.0174,1683.8169,1738.7414,1845.8511,2044.7800,1646.0000
2021-10-02,15,1724.0000,1860.1472,1970.0000,2000.0000,2276.5563,2501.4015,2641.3586,2676.1349,2700.6556,2530.4856,2209.0000
2021-10-05,15,-9999.0000,-9999.0000,-9999.0000,-9999.0000,-9999.0000,-9999.0000,-9999.0000,-9999.0000,-9999.0000,-9999.0000,-9999.0000
2021-10-10,15,-9999.0000,-9999.0000,-9999.0000,-9999.0000,-9999.0000,-9999.0000,-9999.0000,-9999.0000,-9999.0000,-9999.0000,-9999.0000
2021-10-10,15,-9999.0000,-9999.0000,-9999.0000,-9999.0000,-9999.0000,-9999.0000,-9999.0000,-9999.0000,-9999.0000,-9999.0000,-9999.0000
2021-10-15,15,781.0000,1072.6911,1323.3418,1459.9456,1611.0000,2001.0403,2149.7376,2343.1764,2300.7346,2309.4054,2019.0000
2021-10-15,15,864.0000,1116.0000,1340.6946,1467.3333,1564.8350,1993.0000,2135.0000,2346.6350,2288.0000,2356.9881,2057.0000
2021-10-17,15,998.0000,1211.0738,1491.6715,1682.0000,1849.0000,2262.5451,2358.5409,2552.8633,2533.8537,2663.0000,2239.0000
2021-10-17,15,1025.0000,1228.6726,1481.7826,1686.0000,1842.8673,2268.4606,2345.7443,2553.6175,2552.9077,2644.3983,2189.4997
2021-10-27,15,938.5454,1123.2653,1412.3258,1577.4194,1804.7290,2178.1460,2247.4722,2450.0517,2456.2967,2631.0000,2211.5966
2021-10-27,15,920.0000,1116.0000,1418.0681,1595.9359,1781.2331,2183.3000,2276.0742,2447.7473,2470.5178,2588.4784,2118.0000
2021-10-30,15,962.0000,1101.9137,1290.9226,1353.8248,1597.8088,1864.0000,2020.3720,2056.5382,2163.3777,2108.8306,1718.1629
2021-10-30,15,995.0000,1106.4875,1297.2638,1360.0000,1646.1100,1923.8718,2034.0000,2058.2652,2163.7172,2154.2072,1719.9308
2021-11-04,15,92.0000,332.6649,469.6758,590.2306,757.6918,956.8743,1075.0000,1098.8830,1209.5541,1076.0000,844.4886
2021-11-04,15,1.0000,223.0000,377.8376,528.6387,720.0000,930.3140,1060.0000,1081.7975,1227.0000,1099.1840,852.0000
2021-11-06,15,255.0000,433.5179,723.3525,907.0000,1181.8439,1380.2573,1479.4695,1647.4940,1667.3380,1876.9841,1398.0016
2021-11-06,15,493.0000,618.4574,845.7081,964.6573,1237.8533,1415.4244,1546.5237,1649.4339,1684.8179,1825.5170,1381.0564
2021-11-11,15,477.0000,770.2467,998.0000,1139.0221,1411.7196,1572.6962,1757.0000,1799.0330,1906.0490,2088.9321,1635.6715
2021-11-11,15,559.0000,832.3568,1037.0625,1148.0000,1412.3210,1571.8141,1713.0000,1814.6834,1926.7972,2069.1608,1588.0000
2021-11-19,15,536.0000,688.4920,860.1392,955.0000,1176.0135,1348.7506,1457.4990,1515.2226,1651.0447,1732.4206,1280.0000
2021-11-19,15,553.0000,694.4337,857.9034,953.2463,1175.0000,1379.2033,1491.4750,1513.0045,1658.4075,1737.0000,1293.1078
2021-11-24,15,224.0000,489.3060,662.2203,777.7475,977.0000,1199.0000,1282.0000,1448.8335,1463.0000,1635.0000,1385.0000
2021-11-24,15,208.0000,468.7870,638.1333,761.0000,936.0000,1186.1528,1289.6196,1429.6815,1462.8645,1642.3954,1344.0000
2021-11-29,15,120.0000,369.4613,626.0000,813.7969,1112.9146,1363.0669,1482.8300,1671.1286,1674.0339,1866.7039,1365.0000
2021-11-29,15,157.0000,377.0144,644.4705,819.0000,1114.0000,1388.4188,1531.3430,1703.9925,1698.7035,1834.0000,1366.0000
2021-12-01,15,162.0000,469.4642,667.6136,826.2891,1084.4776,1326.0000,1479.0417,1478.2765,1577.0202,1706.4157,1256.0000
2021-12-01,15,192.0000,480.5887,676.6451,809.8151,1092.7878,1302.0000,1478.5416,1479.5853,1590.6095,1700.7291,1243.0000
2021-12-06,15,58.0000,252.9738,516.7892,731.5702,1035.0000,1316.6851,1427.0040,1513.9212,1614.0000,1745.8859,1293.8571
2021-12-06,15,322.0000,457.9840,641.8135,802.2543,1075.0716,1284.6651,1417.8290,1510.7987,1624.0000,1714.9727,1264.0000
2021-12-14,15,-9999.0000,-9999.0000,-9999.0000,-9999.0000,-9999.0000,-9999.0000,-9999.0000,-9999.0000,-9999.0000,-9999.0000,-9999.0000
2021-12-14,15,-9999.0000,-9999.0000,-9999.0000,-9999.0000,-9999.0000,-9999.0000,-9999.0000,-9999.0000,-9999.0000,-9999.0000,-9999.0000
2021-12-16,15,88.0000,269.2320,529.9450,740.0874,1009.0000,1282.1771,1370.3950,1380.4967,1574.0000,1732.6169,1298.0871
2021-12-16,15,316.0000,445.2956,645.8875,798.5874,1033.6018,1270.0000,1394.0000,1400.0595,1542.0286,1714.4938,1261.8297
2021-12-29,15,-9999.0000,-9999.0000,-9999.0000,-9999.0000,-9999.0000,-9999.0000,-9999.0000,-9999.0000,-9999.0000,-9999.0000,-9999.0000
2021-12-31,15,-9999.0000,-9999.0000,-9999.0000,-9999.0000,-9999.0000,-9999.0000,-9999.0000,-9999.0000,-9999.0000,-9999.0000,-9999.0000
2021-12-31,15,-9999.0000,-9999.0000,-9999.0000,-9999.0000,-9999.0000,-9999.0000,-9999.0000,-9999.0000,-9999.0000,-9999.0000,-9999.0000
2022-01-08,15,204.0000,358.2404,542.3942,741.5556,1005.9529,1243.7594,1300.3314,1452.1498,1509.0000,1557.1441,1112.8228
2022-01-08,15,184.0000,325.4109,516.3474,717.0264,984.4601,1208.9436,1346.4729,1444.3810,1498.5255,1557.1622,1120.9660
2022-01-13,15,1625.0000,1490.0000,1633.0184,1726.0000,2052.0000,2477.0000,2628.0000,2474.6769,2769.0000,2238.0000,1844.0000
2022-01-13,15,1593.0000,1444.0000,1620.0000,1742.0000,2090.0000,2588.0000,2757.0000,2646.0000,2896.0000,2287.0000,1892.0000
2022-01-15,15,154.0000,322.0000,605.0119,811.3629,1107.7657,1330.2243,1424.0000,1501.3822,1596.0000,1746.9485,1293.9259
2022-01-15,15,365.0000,498.9169,721.0000,861.9241,1109.0000,1323.7897,1426.0000,1496.4965,1592.1061,1746.9116,1245.1138
2022-01-18,15,36.0000,241.6056,510.1108,696.6327,959.0000,1170.0000,1276.5082,1365.4345,1453.6048,1636.4364,1185.0000
2022-01-18,15,197.0000,353.7517,570.4029,727.0000,968.7483,1184.5863,1314.0000,1383.1103,1454.0000,1619.7668,1149.6908
2022-01-20,15,632.0000,827.0000,910.2051,1021.9030,1330.0000,1593.0000,1728.8150,1765.6379,1876.7649,1883.4266,1392.0000
2022-01-20,15,600.0000,798.0187,886.0000,985.6670,1313.3884,1556.9036,1723.8741,1747.8082,1811.0000,1857.7197,1353.0000
2022-01-23,15,246.0000,506.4004,693.0156,844.4989,1118.0000,1340.7398,1468.5107,1544.2263,1638.0000,1659.3234,1316.0000
2022-01-23,15,466.0000,657.2425,797.3732,898.4862,1153.8326,1366.0000,1466.3275,1580.4000,1623.0000,1649.2478,1281.6739
2022-01-25,15,437.0000,416.9452,677.1589,851.8712,1219.0000,1440.0000,1539.0000,1621.3873,1718.0000,2065.8239,1611.0000
2022-01-25,15,631.0000,697.5148,876.0000,977.2797,1278.0000,1458.0000,1564.1924,1689.9750,1754.0000,2035.3262,1600.1209
2022-01-28,15,303.0000,376.7585,626.0000,817.8835,1154.2990,1337.1339,1477.0431,1573.8184,1648.0000,1921.3298,1456.0000
2022-01-28,15,459.0000,640.0000,816.0615,918.4979,1185.5888,1353.8569,1459.0000,1619.0448,1627.4569,1875.1822,1421.0000
2022-01-30,15,421.0000,740.3739,866.0000,1021.0534,1232.0000,1476.0000,1586.0372,1814.6205,1740.8787,1958.0000,1587.3893
2022-01-30,15,497.0000,781.4035,891.0000,1049.0000,1254.6896,1484.9084,1629.5753,1814.8642,1784.0000,1947.6459,1561.6445
2022-02-02,15,439.0000,656.5171,816.5222,945.9800,1178.2239,1411.4930,1513.9931,1641.8409,1644.0000,1781.0012,1523.0000
2022-02-02,15,516.0000,720.8242,853.8671,958.2194,1164.0000,1413.4483,1515.5158,1665.4702,1656.0000,1845.4329,1509.0000
2022-02-07,15,525.0000,656.5225,804.0000,957.0000,1061.0000,1148.6956,1205.0000,1345.6022,1317.4430,1634.7857,1367.0000
2022-02-07,15,568.0000,686.4642,830.3553,968.0000,1066.1788,1148.2756,1219.1708,1344.1255,1331.4269,1656.8693,1393.6982
2022-02-09,15,408.0000,710.2727,933.3660,1202.4000,1346.9382,1385.9633,1529.7883,1751.0005,1601.8046,2098.0000,1906.0153
2022-02-09,15,659.0000,873.1452,1036.9827,1232.2848,1301.7321,1457.9205,1555.9422,1750.3531,1635.8188,2008.0000,1841.0000
2022-02-12,15,568.0000,801.0000,961.6719,1136.0000,1227.0000,1361.0000,1421.6055,1636.6972,1530.5863,1863.0000,1802.8958
2022-02-12,15,615.0000,834.3929,980.0000,1152.6675,1234.0000,1365.0000,1446.7653,1627.3582,1507.4471,1851.5010,1757.7557
2022-02-22,15,274.0000,490.0000,628.3440,793.0952,892.2176,1011.4413,1078.5203,1186.5274,1170.0439,1373.0000,1192.2656
2022-02-22,15,322.0000,518.2573,641.0410,801.9538,888.3648,997.4288,1101.1326,1186.9216,1190.0070,1371.8603,1193.9849
2022-02-24,15,1049.0000,1092.0000,1285.4500,1429.1953,1613.5126,1788.7836,1850.7284,1993.9431,1958.0000,2041.0275,1729.0000
2022-02-24,15,1169.0000,1166.0000,1312.0000,1438.0000,1612.1833,1760.0950,1826.4557,1954.6632,1938.0000,2045.9792,1729.8916
2022-02-27,15,658.0000,797.0000,953.2437,1117.1425,1234.8563,1366.0000,1427.9185,1562.2928,1532.1275,1860.7790,1545.4075
2022-02-27,15,726.0000,830.0756,968.0000,1125.5373,1256.5014,1362.0000,1434.0172,1571.1739,1521.3757,1852.0300,1544.0000
2022-03-01,15,892.0000,1136.6442,1316.4862,1531.5692,1654.0000,1811.1735,1925.9278,2148.2793,2003.0780,2411.1922,2204.0000
2022-03-01,15,898.0000,1137.4950,1324.0000,1547.0503,1666.2244,1813.2825,1910.2346,2153.9721,2012.0729,2412.0000,2178.0000
2022-03-04,15,769.0000,1029.0102,1225.1719,1444.4170,1529.0000,1674.0000,1772.8785,1977.2445,1874.2582,2233.0000,2081.0000
2022-03-04,15,843.0000,1069.5316,1253.4340,1449.7677,1537.6874,1697.6279,1765.3476,1978.3676,1876.0000,2216.0000,2060.0000
2022-03-06,15,1114.0000,1276.8451,1526.0000,1753.8075,1876.0000,2033.5158,2104.0081,2299.9819,2216.2684,2681.9139,2418.4547
2022-03-06,15,1142.4273,1289.3636,1533.2713,1748.4565,1884.5619,2035.0000,2101.0419,2298.4810,2225.7029,2686.0000,2358.0352
2022-03-09,15,840.7687,1068.6863,1332.8599,1573.4207,1684.0000,1780.4670,1848.5866,2027.3222,1971.8788,2421.9564,2156.7949
2022-03-09,15,870.0000,1085.9782,1340.9692,1572.8920,1672.0801,1777.9238,1834.4773,2034.6174,1955.0000,2417.0000,2167.0000
2022-03-14,15,803.0000,979.0000,1118.0000,1252.9979,1420.8435,1507.0000,1587.7232,1689.0690,1656.2029,1830.1910,1640.9413
2022-03-14,15,863.0000,1049.0000,1220.5310,1346.0000,1474.0000,1596.3382,1678.0000,1797.2964,1793.0000,1882.0000,1791.0000
2022-03-16,15,-9999.0000,-9999.0000,-9999.0000,-9999.0000,-9999.0000,-9999.0000,-9999.0000,-9999.0000,-9999.0000,-9999.0000,-9999.0000
2022-03-19,15,904.0000,1133.3113,1389.4054,1665.2765,1760.0459,1852.0000,1942.7223,2156.5948,2064.5636,2607.0000,2397.3203
2022-03-19,15,954.0000,1156.9080,1417.0599,1680.3788,1736.9685,1855.0000,1936.0000,2154.7627,2069.0039,2589.9008,2368.0000
2022-03-21,15,1073.0000,1389.0081,1641.6477,1931.3730,2004.9821,2133.9856,2236.0000,2514.6888,2352.8446,2938.6458,2801.1888
2022-03-21,15,1086.5229,1401.1662,1644.5950,1938.3798,2004.0000,2126.0000,2236.0000,2514.5293,2349.7322,2914.4017,2791.0000
2022-03-24,15,896.0000,1196.6607,1444.6634,1722.9346,1807.0000,1914.0000,2001.8548,2243.1270,2111.0000,2640.7146,2577.9605
2022-03-24,15,944.0000,1225.2600,1457.0242,1723.1324,1809.5209,1901.1598,2004.0000,2234.7750,2105.0000,2623.0000,2530.5980
2022-03-26,15,1345.0000,1484.0000,1716.5623,1960.8793,2099.0000,2218.0000,2296.0000,2490.9138,2413.6337,2980.8582,2792.4901
2022-03-26,15,1372.9178,1498.0000,1729.2149,1968.7806,2099.0000,2220.0000,2298.5680,2491.1513,2410.1538,2978.4814,2778.0000
2022-04-03,15,515.0000,708.1460,869.9899,1057.7335,1177.4155,1264.0000,1364.9702,1475.3512,1441.0115,1668.2179,1461.6159
2022-04-03,15,498.0000,698.0000,861.1584,1056.4541,1168.9875,1250.3650,1314.8811,1441.3608,1427.9195,1688.0069,1452.7908
2022-04-05,15,-9999.0000,-9999.0000,-9999.0000,-9999.0000,-9999.0000,-9999.0000,-9999.0000,-9999.0000,-9999.0000,-9999.0000,-9999.0000
2022-04-05,15,-9999.0000,-9999.0000,-9999.0000,-9999.0000,-9999.0000,-9999.0000,-9999.0000,-9999.0000,-9999.0000,-9999.0000,-9999.0000
2022-04-08,15,-9999.0000,-9999.0000,-9999.0000,-9999.0000,-9999.0000,-9999.0000,-9999.0000,-9999.0000,-9999.0000,-9999.0000,-9999.0000
2022-04-10,15,621.0000,830.7007,1021.4622,1256.0000,1399.0000,1514.0498,1610.5253,1772.0838,1739.9478,1969.0000,1621.0683
2022-04-10,15,610.0000,829.5200,1017.3960,1268.6667,1400.6180,1513.4978,1611.6435,1770.4292,1732.3154,1992.6138,1620.7769
2022-04-15,15,1245.0000,1602.1848,1969.6905,2323.2975,2467.0882,2601.0000,2693.0000,2858.4105,2816.0000,3457.3703,3272.6413
2022-04-15,15,1278.0000,1604.6434,1962.9937,2306.9706,2432.1416,2595.0000,2687.0000,2852.2093,2824.7275,3433.2599,3243.0000
2022-04-18,15,1381.0000,1707.6009,2034.9289,2282.4257,2430.0000,2556.5557,2658.6895,2858.9448,2765.4892,3035.3899,2793.0000
2022-04-18,15,1377.4572,1714.5463,2068.0976,2324.0013,2382.0000,2573.3203,2653.7584,2889.6155,2770.9692,3020.9545,2762.0000
2022-04-20,15,1501.0000,1866.3349,2179.2975,2417.3492,2668.0000,2899.0000,3066.0648,3296.8458,3176.0000,3326.4448,3009.0000
2022-04-20,15,1534.0000,1858.5854,2148.5740,2387.3900,2599.0000,2838.0000,3032.0000,3256.0000,3146.9978,3308.6140,2988.2087
2022-04-23,15,-9999.0000,-9999.0000,-9999.0000,-9999.0000,-9999.0000,-9999.0000,-9999.0000,-9999.0000,-9999.0000,-9999.0000,-9999.0000
2022-04-25,15,969.0000,920.0000,1120.0000,1206.0000,1474.0000,1889.0000,1956.0000,2058.0000,2059.0000,1844.0000,1386.0000
2022-04-25,15,1078.0000,1026.0000,1208.0000,1260.8028,1490.0000,1726.0000,1855.0000,1812.3741,1925.0000,1740.0000,1340.0000
2022-04-28,15,614.0000,817.1208,1077.2715,1289.7023,1469.3576,1677.2235,1788.4592,1829.4975,1906.6335,2076.5708,1684.0000
2022-04-28,15,690.0000,852.0000,1101.2154,1282.6307,1473.0000,1683.0221,1807.0000,1844.7755,1881.5073,2066.4854,1684.0000
2022-04-30,15,1203.0000,1675.5841,2083.7600,2391.4640,2562.9612,2796.7855,2930.5444,3142.8106,3033.4479,3403.5702,3097.7194
2022-04-30,15,1241.0000,1619.3366,1994.9178,2274.7821,2395.9762,2736.5045,2890.7320,3076.9342,2994.0212,3339.6062,3080.9926
2022-05-03,15,1219.0000,1635.4947,2019.5551,2312.3293,2499.0000,2785.4812,2932.9982,3080.2008,3019.4181,3262.0000,3011.8711
2022-05-03,15,1248.9457,1683.1902,2059.0250,2357.6353,2473.0000,2828.7140,2940.0000,3092.4906,3037.0971,3263.0000,3080.0000
2022-05-08,15,-9999.0000,-9999.0000,-9999.0000,-9999.0000,-9999.0000,-9999.0000,-9999.0000,-9999.0000,-9999.0000,-9999.0000,-9999.0000
2022-05-10,15,1291.0000,1787.6361,2218.8803,2520.3790,2716.0329,3032.5263,3211.0591,3285.3874,3326.2905,3619.0000,3320.0000
2022-05-10,15,1337.0000,1746.9341,2147.8650,2441.9118,2622.0000,2980.1668,3169.6320,3254.1394,3277.2700,3580.0000,3316.9283
2022-05-13,15,1164.0000,1547.3764,1858.8882,2026.5396,2163.0000,2437.5994,2627.9677,2658.6213,2693.8908,2596.0000,2298.9040
2022-05-13,15,1158.0000,1522.9746,1844.2459,2019.0000,2088.0000,2422.0352,2619.2260,2667.0154,2683.4136,2581.0000,2299.9412
2022-05-15,15,1450.0000,1875.5803,2326.1708,2647.4496,2876.5335,3226.7219,3324.1639,3383.7712,3451.3369,3714.0000,3304.1150
2022-05-15,15,1459.0000,1803.7500,2227.0699,2566.9501,2736.0000,3154.0512,3259.4035,3333.3433,3393.5838,3666.6559,3318.2782
2022-05-18,15,1285.0000,1722.9559,2168.0866,2452.2999,2637.5190,2897.5294,3042.2051,3094.7027,3136.0614,3361.7244,2965.6756
2022-05-18,15,1298.0000,1626.2476,2009.9763,2267.4695,2400.7548,2818.0779,2939.1838,3009.2569,3050.5442,3261.0000,2872.0000
2022-05-20,15,1432.0000,1977.3353,2423.0296,2729.8747,2906.0000,3250.5662,3443.2850,3530.7365,3525.4381,3787.1460,3482.9872
2022-05-20,15,1410.1136,1875.3451,2291.6260,2583.8242,2737.0000,3167.0000,3370.6337,3441.0929,3462.0000,3717.0000,3418.0000
2022-05-25,15,-9999.0000,-9999.0000,-9999.0000,-9999.0000,-9999.0000,-9999.0000,-9999.0000,-9999.0000,-9999.0000,-9999.0000,-9999.0000
2022-05-25,15,-9999.0000,-9999.0000,-9999.0000,-9999.0000,-9999.0000,-9999.0000,-9999.0000,-9999.0000,-9999.0000,-9999.0000,-9999.0000
2022-06-02,15,-9999.0000,-9999.0000,-9999.0000,-9999.0000,-9999.0000,-9999.0000,-9999.0000,-9999.0000,-9999.0000,-9999.0000,-9999.0000
2022-06-02,15,-9999.0000,-9999.0000,-9999.0000,-9999.0000,-9999.0000,-9999.0000,-9999.0000,-9999.0000,-9999.0000,-9999.0000,-9999.0000
2022-06-04,15,1541.0000,1761.3770,2114.6901,2226.0000,2523.5565,3053.0000,3241.9129,3200.0078,3334.0000,2923.5761,2477.9911
2022-06-04,15,1428.5581,1561.2767,1841.6003,1929.0196,2238.5450,2734.1521,2913.6827,2867.4118,3026.4279,2772.0000,2377.0000
2022-06-07,15,-9999.0000,-9999.0000,-9999.0000,-9999.0000,-9999.0000,-9999.0000,-9999.0000,-9999.0000,-9999.0000,-9999.0000,-9999.0000
2022-06-07,15,-9999.0000,-9999.0000,-9999.0000,-9999.0000,-9999.0000,-9999.0000,-9999.0000,-9999.0000,-9999.0000,-9999.0000,-9999.0000
2022-06-12,15,959.0000,1342.0000,1691.6326,1850.8281,2100.9456,2818.0000,3140.6297,3291.9976,3276.3001,3084.0000,2713.2790
2022-06-12,15,984.5614,1348.8703,1693.3456,1837.5938,2084.0000,2808.5682,3123.4878,3264.0000,3234.0000,3051.0000,2694.0000
2022-06-14,15,1154.0000,1490.7780,1918.0000,2108.0000,2379.5088,3286.0000,3578.1864,3698.5436,3731.9642,3483.2276,2905.0000
2022-06-14,15,1156.0000,1459.0188,1866.0902,2040.1920,2299.4517,3188.0044,3483.0000,3576.2585,3650.7992,3425.3532,2889.5093
2022-06-17,15,1588.0000,1780.4128,2089.3567,2154.8249,2482.1506,3269.0000,3594.5852,3632.1800,3694.0000,3043.0000,2457.2574
2022-06-19,15,1018.0000,1403.5467,1762.7666,1911.4284,2210.5536,3026.5647,3494.0000,3538.3879,3620.2314,3255.0000,2757.7373
2022-06-19,15,1036.0000,1388.7294,1722.6908,1873.8945,2141.0000,2994.0162,3452.1923,3481.9225,3586.8945,3216.0000,2724.9499
2022-06-24,15,938.0000,1290.5158,1626.9575,1718.8483,1993.0000,2977.9802,3315.0000,3445.6950,3427.2348,2922.8359,2308.0632
2022-06-24,15,949.3318,1307.5887,1667.0692,1768.2518,2000.0000,2987.3693,3331.5883,3463.4213,3458.9127,2931.0438,2304.4496
2022-06-27,15,657.0000,1028.5046,1394.6480,1532.3590,1795.8085,2674.0000,3076.0000,3098.6617,3221.7569,2636.7930,2051.3852
2022-06-27,15,808.0000,1090.0000,1418.1974,1514.0515,1773.8302,2597.5531,2977.6069,3001.7258,3121.0000,2580.1577,2041.3354
2022-06-29,15,-9999.0000,-9999.0000,-9999.0000,-9999.0000,-9999.0000,-9999.0000,-9999.0000,-9999.0000,-9999.0000,-9999.0000,-9999.0000
2022-06-29,15,-9999.0000,-9999.0000,-9999.0000,-9999.0000,-9999.0000,-9999.0000,-9999.0000,-9999.0000,-9999.0000,-9999.0000,-9999.0000
2022-07-02,15,724.0000,1052.2459,1338.0000,1418.0000,1698.3637,2599.0000,3085.0000,3153.3642,3205.0000,2564.4097,2126.8636
2022-07-02,15,768.6446,1065.3034,1338.9885,1408.9861,1682.9281,2574.1378,3062.9932,3131.1949,3176.6318,2557.3151,2106.9971
2022-07-04,15,944.0000,1225.9542,1579.4427,1690.2711,1996.7080,2994.5288,3410.2803,3465.6364,3578.2487,2890.0000,2243.0000
2022-07-04,15,1013.0000,1235.1542,1547.4995,1643.9575,1947.2406,2925.0000,3314.2763,3378.0311,3490.8847,2841.1129,2256.5030
2022-07-07,15,-9999.0000,-9999.0000,-9999.0000,-9999.0000,-9999.0000,-9999.0000,-9999.0000,-9999.0000,-9999.0000,-9999.0000,-9999.0000
2022-07-07,15,-9999.0000,-9999.0000,-9999.0000,-9999.0000,-9999.0000,-9999.0000,-9999.0000,-9999.0000,-9999.0000,-9999.0000,-9999.0000
2022-07-09,15,641.0000,962.9261,1282.0000,1339.3875,1717.6220,2889.1697,3399.0000,3586.3034,3552.9790,2653.9373,2002.6151
2022-07-09,15,740.0000,1003.8253,1290.8940,1329.4980,1700.9245,2779.6678,3319.0000,3498.0079,3457.3882,2592.0000,2010.4537
2022-07-12,15,566.0000,835.6571,1101.5109,1171.1749,1523.2394,2570.0000,3101.5349,3210.5326,3266.8297,2427.9086,1877.4089
2022-07-12,15,645.0000,884.0351,1138.0261,1180.0701,1523.2697,2545.6025,3090.6534,3168.0000,3267.8054,2404.0000,1867.5207
2022-07-14,15,-9999.0000,-9999.0000,-9999.0000,-9999.0000,-9999.0000,-9999.0000,-9999.0000,-9999.0000,-9999.0000,-9999.0000,-9999.0000
2022-07-14,15,-9999.0000,-9999.0000,-9999.0000,-9999.0000,-9999.0000,-9999.0000,-9999.0000,-9999.0000,-9999.0000,-9999.0000,-9999.0000
2022-07-17,15,643.0000,850.7144,1155.1744,1219.8323,1578.0995,2561.6005,3061.3170,3127.2245,3276.0031,2474.9118,1842.0000
2022-07-17,15,723.0000,896.7365,1180.0184,1241.4859,1576.0000,2558.0000,3026.8352,3088.4683,3213.3676,2468.0000,1860.8296
2022-07-19,15,711.0000,1035.1587,1363.0219,1463.1556,1844.4048,2857.7929,3371.9666,3529.7207,3579.1324,2819.0000,2195.9675
2022-07-19,15,805.0000,1091.5134,1370.4697,1450.6374,1819.5816,2780.1127,3267.7370,3419.0357,3491.0127,2784.3604,2196.2766
2022-07-22,15,726.7051,965.6398,1242.5668,1308.9931,1642.4867,2500.6680,3017.5842,3100.5909,3214.0000,2528.9340,1986.2141
2022-07-22,15,751.0000,997.1614,1244.1828,1314.1054,1667.1733,2537.0000,3014.1269,3100.0000,3219.1248,2524.6407,1979.2883
2022-07-24,15,-9999.0000,-9999.0000,-9999.0000,-9999.0000,-9999.0000,-9999.0000,-9999.0000,-9999.0000,-9999.0000,-9999.0000,-9999.0000
2022-07-24,15,-9999.0000,-9999.0000,-9999.0000,-9999.0000,-9999.0000,-9999.0000,-9999.0000,-9999.0000,-9999.0000,-9999.0000,-9999.0000
2022-07-27,15,-9999.0000,-9999.0000,-9999.0000,-9999.0000,-9999.0000,-9999.0000,-9999.0000,-9999.0000,-9999.0000,-9999.0000,-9999.0000
2022-07-29,15,687.0000,1034.2142,1379.8564,1513.1431,1923.5915,2735.0000,3226.1726,3300.1234,3440.7849,2922.1094,2290.4067
2022-07-29,15,761.0000,1065.7730,1379.5293,1497.9093,1891.4998,2706.4606,3177.0000,3268.3419,3402.5427,2873.9891,2266.6676
2022-08-01,15,590.6340,867.4797,1162.9352,1266.6013,1586.0000,2316.0000,2718.0000,2836.1332,2895.0000,2517.6479,2013.0789
2022-08-01,15,639.0000,897.9630,1170.5029,1273.0419,1594.0000,2321.5222,2698.8381,2835.9394,2875.0000,2481.0908,1991.0000
2022-08-03,15,776.0000,1028.2909,1377.7128,1540.1576,1899.3658,2697.0046,2969.8034,3097.8979,3238.0000,2931.7168,2260.1966
2022-08-03,15,813.0000,1051.5209,1386.7407,1538.6667,1886.9791,2670.0000,2988.7437,3065.4538,3230.1600,2917.3843,2262.9755
2022-08-06,15,1130.0000,1346.0000,1626.0000,1750.0000,2229.0000,2954.0000,3360.0000,3366.0000,3731.0000,3609.0000,2763.0000
2022-08-06,15,-9999.0000,-9999.0000,-9999.0000,-9999.0000,-9999.0000,-9999.0000,-9999.0000,-9999.0000,-9999.0000,-9999.0000,-9999.0000
2022-08-08,15,811.0000,1138.5703,1458.9613,1675.1709,2045.0000,2676.0000,3092.3610,3125.4448,3350.0000,3167.0000,2548.2588
2022-08-08,15,836.0000,1153.6000,1466.1081,1691.2033,2044.5428,2661.4910,3071.0000,3125.8248,3345.7622,3155.4810,2547.4837
2022-08-11,15,646.0000,979.2838,1275.0492,1548.9209,1828.2099,2372.7068,2711.0000,2900.1159,2930.7422,2802.4352,2265.3981
2022-08-11,15,717.0000,994.6559,1292.0176,1538.6828,1810.0000,2342.9704,2651.9253,2887.9859,2888.3255,2788.5792,2247.0000
2022-08-16,15,417.0000,620.9268,885.3725,1156.5471,1436.0000,1899.3978,2169.0000,2196.7188,2409.0000,2290.9612,1675.5638
2022-08-16,15,470.7198,656.8817,913.6079,1172.5285,1438.0000,1909.2557,2156.0000,2184.6872,2434.6603,2286.9933,1668.0000
2022-08-21,15,493.0000,769.0664,1012.2789,1217.6197,1451.1814,1835.5034,2086.0000,2147.3822,2234.9347,2475.3448,2122.0000
2022-08-21,15,528.5746,786.2448,1019.2827,1217.9144,1426.6491,1849.9500,2088.0000,2134.7966,2281.0000,2458.2615,2132.0000
2022-08-23,15,-9999.0000,-9999.0000,-9999.0000,-9999.0000,-9999.0000,-9999.0000,-9999.0000,-9999.0000,-9999.0000,-9999.0000,-9999.0000
2022-08-23,15,-9999.0000,-9999.0000,-9999.0000,-9999.0000,-9999.0000,-9999.0000,-9999.0000,-9999.0000,-9999.0000,-9999.0000,-9999.0000
2022-08-26,15,667.0000,881.0296,1140.6619,1370.9167,1617.3637,2038.5755,2283.6988,2301.4082,2476.0000,2766.0000,2272.0000
2022-08-26,15,719.0000,913.0868,1161.3998,1369.5455,1636.0000,2029.4316,2267.9461,2280.9405,2475.0000,2753.0000,2245.0000
2022-08-28,15,620.0000,846.2097,995.7001,1122.8854,1326.7993,1594.4073,1812.3722,1748.4123,1910.9308,1768.0000,1378.0000
2022-08-28,15,627.0000,837.0999,988.0861,1107.2053,1300.0000,1541.0000,1769.0000,1717.2163,1890.5983,1790.3606,1371.4056
2022-08-31,15,-9999.0000,-9999.0000,-9999.0000,-9999.0000,-9999.0000,-9999.0000,-9999.0000,-9999.0000,-9999.0000,-9999.0000,-9999.0000
2022-08-31,15,-9999.0000,-9999.0000,-9999.0000,-9999.0000,-9999.0000,-9999.0000,-9999.0000,-9999.0000,-9999.0000,-9999.0000,-9999.0000
2022-09-02,15,1192.0000,1440.8243,1706.7887,1940.3226,2265.0000,2781.2813,3000.0000,3125.0429,3219.0000,3148.4007,2580.5752
2022-09-02,15,1243.0000,1460.5254,1700.4849,1914.0851,2179.2267,2719.0000,2905.2426,3077.8791,3148.7142,3134.0000,2530.0000
2022-09-05,15,-9999.0000,-9999.0000,-9999.0000,-9999.0000,-9999.0000,-9999.0000,-9999.0000,-9999.0000,-9999.0000,-9999.0000,-9999.0000
2022-09-07,15,-9999.0000,-9999.0000,-9999.0000,-9999.0000,-9999.0000,-9999.0000,-9999.0000,-9999.0000,-9999.0000,-9999.0000,-9999.0000
2022-09-07,15,-9999.0000,-9999.0000,-9999.0000,-9999.0000,-9999.0000,-9999.0000,-9999.0000,-9999.0000,-9999.0000,-9999.0000,-9999.0000
2022-09-10,15,530.1814,865.0752,1138.3775,1450.2338,1634.0000,1956.5518,2172.4224,2295.6080,2377.3547,2835.0000,2564.0000
2022-09-10,15,587.0000,892.5727,1145.8673,1459.5089,1601.0951,1977.7423,2178.6810,2295.5191,2391.0000,2823.0000,2542.0000
2022-09-12,15,757.0000,985.9595,1291.2011,1618.6191,1857.9289,2212.9661,2376.0000,2518.6307,2633.0777,3268.0000,2961.8942
2022-09-12,15,792.0000,1010.9316,1290.8124,1611.6471,1829.0000,2209.0000,2398.0000,2502.0985,2651.5389,3222.0000,2932.0000
2022-09-15,15,700.0000,949.0290,1202.2463,1449.7524,1669.0000,2013.0000,2188.0000,2201.7180,2397.0000,2988.0880,2695.8065
2022-09-15,15,716.4399,961.0685,1211.3088,1449.6989,1654.9904,2009.0000,2180.0000,2198.1304,2403.0294,2952.0844,2754.9256
2022-09-20,15,547.0000,858.8604,1114.5562,1386.3269,1563.4490,1952.0050,2109.5969,2357.4596,2313.5337,2759.0000,2502.9707
2022-09-20,15,595.0000,899.6485,1137.5587,1386.6928,1554.0000,1942.0752,2110.2625,2357.9824,2316.0000,2789.0000,2537.1122
2022-09-22,15,786.0000,1025.8466,1314.3824,1603.3509,1816.0000,2240.5021,2399.0000,2629.9653,2635.1916,3211.0000,2840.0000
2022-09-22,15,833.0000,1042.1400,1305.1516,1586.4854,1799.0000,2251.2187,2385.1647,2597.6404,2642.5108,3188.0238,2869.0000
2022-09-27,15,-9999.0000,-9999.0000,-9999.0000,-9999.0000,-9999.0000,-9999.0000,-9999.0000,-9999.0000,-9999.0000,-9999.0000,-9999.0000
2022-09-27,15,-9999.0000,-9999.0000,-9999.0000,-9999.0000,-9999.0000,-9999.0000,-9999.0000,-9999.0000,-9999.0000,-9999.0000,-9999.0000
2022-10-02,15,-9999.0000,-9999.0000,-9999.0000,-9999.0000,-9999.0000,-9999.0000,-9999.0000,-9999.0000,-9999.0000,-9999.0000,-9999.0000
2022-10-02,15,-9999.0000,-9999.0000,-9999.0000,-9999.0000,-9999.0000,-9999.0000,-9999.0000,-9999.0000,-9999.0000,-9999.0000,-9999.0000
2022-10-05,15,1975.0000,1622.0000,1793.5652,1808.6690,2301.0000,2944.0000,3143.0000,3104.0000,3360.0000,3193.0000,2508.0000
2022-10-05,15,1547.0000,1450.0000,1636.0000,1588.0000,1971.0000,2519.0000,2926.0000,2920.0000,3157.0000,2978.0000,2251.0000
2022-10-07,15,769.0000,974.4028,1194.4472,1323.9895,1609.9707,2066.7631,2289.5207,2470.7833,2445.0000,2634.9668,2186.0000
2022-10-07,15,815.0000,1000.9897,1210.7466,1314.6180,1626.0000,2087.0000,2281.0000,2453.6903,2443.2267,2611.0000,2180.3164
2022-10-10,15,-9999.0000,-9999.0000,-9999.0000,-9999.0000,-9999.0000,-9999.0000,-9999.0000,-9999.0000,-9999.0000,-9999.0000,-9999.0000
2022-10-10,15,-9999.0000,-9999.0000,-9999.0000,-9999.0000,-9999.0000,-9999.0000,-9999.0000,-9999.0000,-9999.0000,-9999.0000,-9999.0000
2022-10-12,15,1962.9812,1886.0000,1974.0000,1928.7051,2295.0000,2650.3572,2718.5959,2809.7742,2819.0000,2352.0000,2038.0804
2022-10-15,15,127.0000,326.0000,580.3333,681.3333,973.0000,1403.6353,1541.7660,1558.5627,1682.6130,1660.0000,1229.1973
2022-10-15,15,328.0000,480.8980,692.0848,737.0573,1028.0000,1416.9823,1541.6647,1555.4426,1659.3571,1652.0000,1225.5330
2022-10-17,15,957.0000,1152.9487,1340.8437,1330.9738,1762.0000,2373.2682,2636.3167,2725.9381,2788.6550,2792.2298,2254.0000
2022-10-17,15,1116.5373,1252.6509,1400.0000,1379.3865,1790.0000,2355.9290,2645.0000,2710.7541,2788.0000,2793.0063,2246.0000
2022-10-20,15,345.0000,641.7253,868.0788,890.1683,1225.0000,1758.0000,2031.0000,2116.3837,2176.0000,2073.0000,1620.8950
2022-10-20,15,741.0000,900.5623,1037.2835,1021.0275,1314.0000,1770.0000,2026.0000,2107.7490,2146.8461,2011.3479,1701.0000
2022-10-25,15,-9999.0000,-9999.0000,-9999.0000,-9999.0000,-9999.0000,-9999.0000,-9999.0000,-9999.0000,-9999.0000,-9999.0000,-9999.0000
2022-10-25,15,-9999.0000,-9999.0000,-9999.0000,-9999.0000,-9999.0000,-9999.0000,-9999.0000,-9999.0000,-9999.0000,-9999.0000,-9999.0000
2022-10-27,15,504.0920,768.9942,1004.2000,964.2500,1388.5000,2124.6257,2411.9636,2538.3090,2577.0041,2337.6497,1736.0000
2022-10-27,15,739.0000,930.0000,1130.3124,1058.6314,1474.9491,2166.0000,2462.0000,2600.5944,2620.2324,2269.0000,1756.9143
2022-10-30,15,520.0000,754.3772,996.4147,1002.2219,1363.0000,2038.0000,2256.6758,2406.1883,2457.1873,2270.4090,1826.0000
2022-10-30,15,590.0000,796.7477,1024.9810,1018.8967,1386.8508,2044.0000,2299.6949,2394.4232,2451.8348,2234.0000,1787.3660
2022-11-04,15,0.0000,170.4293,412.7765,441.4312,753.0000,1292.3298,1497.0000,1477.6314,1643.2142,1108.5294,666.5943
2022-11-04,15,1.0000,178.2724,414.5809,443.0000,729.6045,1299.4171,1459.2961,1462.3548,1641.7212,1089.2751,654.0641
2022-11-06,15,381.0000,640.7807,889.4239,876.0286,1258.4176,2040.1070,2283.6607,2466.2553,2453.2559,2122.0000,1443.1007
2022-11-06,15,399.0000,641.0976,884.5707,859.4701,1234.6206,2029.0000,2277.0000,2469.8847,2452.0000,2144.7420,1468.9730
2022-11-21,15,462.0000,500.4323,681.5039,569.2588,907.4319,1486.0000,1542.0000,1620.6832,1665.5297,1222.1821,779.0000
2022-11-21,15,582.0000,595.0000,737.5951,606.0000,910.0000,1478.0000,1566.0000,1626.0199,1667.0000,1235.0532,807.0000
2022-11-24,15,280.0000,452.3018,798.0000,680.9352,1228.4243,2130.6722,2345.8273,2519.9985,2561.4425,1878.8966,1156.7840
2022-11-24,15,328.0000,481.9265,808.7500,664.3080,1200.0000,2114.8445,2331.9848,2537.9512,2518.5472,1827.0000,1137.0000
2022-11-26,15,-9999.0000,-9999.0000,-9999.0000,-9999.0000,-9999.0000,-9999.0000,-9999.0000,-9999.0000,-9999.0000,-9999.0000,-9999.0000
2022-11-26,15,-9999.0000,-9999.0000,-9999.0000,-9999.0000,-9999.0000,-9999.0000,-9999.0000,-9999.0000,-9999.0000,-9999.0000,-9999.0000
2022-12-01,15,1186.0000,1354.0000,1492.0000,1348.7119,1796.6104,2270.3073,2376.8892,2618.8308,2514.9883,2021.3036,1549.0000
2022-12-06,15,-9999.0000,-9999.0000,-9999.0000,-9999.0000,-9999.0000,-9999.0000,-9999.0000,-9999.0000,-9999.0000,-9999.0000,-9999.0000
2023-01-10,15,390.0000,540.0683,796.6163,785.3245,1276.3244,1984.0000,2163.0000,2326.3995,2395.5697,1955.0000,1283.7393
2023-01-10,15,429.0000,557.4301,805.0000,784.3182,1260.0000,1998.0000,2160.5620,2344.0000,2403.3343,1949.0000,1282.0950
2023-01-20,15,-9999.0000,-9999.0000,-9999.0000,-9999.0000,-9999.0000,-9999.0000,-9999.0000,-9999.0000,-9999.0000,-9999.0000,-9999.0000
2023-01-20,15,-9999.0000,-9999.0000,-9999.0000,-9999.0000,-9999.0000,-9999.0000,-9999.0000,-9999.0000,-9999.0000,-9999.0000,-9999.0000
2023-01-25,15,496.0000,741.0116,982.2884,960.8820,1423.0000,2158.0000,2375.0000,2568.2010,2565.5050,2321.0000,1655.0000
2023-01-25,15,525.0000,764.5266,989.3754,962.2036,1416.0000,2139.0000,2349.0000,2564.2087,2571.6126,2274.2864,1610.6466
2023-01-28,15,1693.0000,1809.0000,1973.0000,1880.0000,2329.0000,3058.0000,3258.0000,3554.0000,3415.0000,2796.0000,2232.0000
2023-01-28,15,1540.9374,1810.0000,1940.6530,1843.0590,2291.3658,2938.3106,3105.4966,3482.3987,3291.0788,2710.0338,2091.6809
2023-01-30,15,-9999.0000,-9999.0000,-9999.0000,-9999.0000,-9999.0000,-9999.0000,-9999.0000,-9999.0000,-9999.0000,-9999.0000,-9999.0000
2023-01-30,15,-9999.0000,-9999.0000,-9999.0000,-9999.0000,-9999.0000,-9999.0000,-9999.0000,-9999.0000,-9999.0000,-9999.0000,-9999.0000
2023-02-02,15,934.0000,1026.0000,1208.0000,1216.0000,1627.0000,2130.5108,2274.1338,2443.4396,2453.5214,2089.0069,1389.0000
2023-02-02,15,774.0000,852.3488,1078.0000,1121.9484,1577.0046,2101.4187,2260.7285,2425.0478,2460.8071,2076.0667,1370.0000
2023-02-04,15,-9999.0000,-9999.0000,-9999.0000,-9999.0000,-9999.0000,-9999.0000,-9999.0000,-9999.0000,-9999.0000,-9999.0000,-9999.0000
2023-02-04,15,-9999.0000,-9999.0000,-9999.0000,-9999.0000,-9999.0000,-9999.0000,-9999.0000,-9999.0000,-9999.0000,-9999.0000,-9999.0000
2023-02-07,15,516.0000,730.5462,884.9477,992.6019,1209.0591,1481.7516,1595.4413,1819.7528,1738.4861,1874.0000,1638.0000
2023-02-07,15,550.0000,734.0000,888.7466,989.8773,1220.0000,1470.4300,1586.2671,1809.4318,1713.8473,1901.0022,1630.2451
2023-02-09,15,810.7816,913.5000,1130.0000,1246.0000,1515.0000,1811.9944,1934.9809,2226.1256,2076.1720,2328.8132,1941.0333
2023-02-09,15,854.5374,930.0000,1132.4063,1256.0000,1496.4469,1818.6800,1930.0804,2219.2000,2090.0000,2323.3351,1938.0000
2023-02-12,15,562.0000,682.2313,877.3280,1027.3245,1260.9905,1532.0539,1648.6205,1719.6667,1819.3315,2036.8199,1570.5673
2023-02-12,15,553.0000,665.2940,852.5889,1019.2715,1242.6848,1510.0000,1650.0000,1722.4294,1811.0000,2042.5235,1604.8056
2023-02-14,15,568.0000,861.2500,1069.3209,1243.9426,1479.0000,1787.2075,1896.0000,2181.5508,2081.0000,2372.8190,1955.0000
2023-02-14,15,757.0000,977.0640,1137.0000,1261.1182,1500.4830,1786.0846,1912.5974,2162.8412,2075.9492,2314.1067,1929.4050
2023-02-17,15,-9999.0000,-9999.0000,-9999.0000,-9999.0000,-9999.0000,-9999.0000,-9999.0000,-9999.0000,-9999.0000,-9999.0000,-9999.0000
2023-02-27,15,-9999.0000,-9999.0000,-9999.0000,-9999.0000,-9999.0000,-9999.0000,-9999.0000,-9999.0000,-9999.0000,-9999.0000,-9999.0000
2023-02-27,15,-9999.0000,-9999.0000,-9999.0000,-9999.0000,-9999.0000,-9999.0000,-9999.0000,-9999.0000,-9999.0000,-9999.0000,-9999.0000
2023-03-09,15,947.0000,1157.8912,1346.0000,1396.0000,1777.7707,2378.0000,2578.0000,2700.7906,2724.1312,2602.1276,2164.1768
2023-03-09,15,647.0000,964.5486,1224.3707,1301.0862,1710.6524,2400.9136,2622.0000,2746.8462,2799.0000,2671.0000,2203.0000
2023-03-11,15,959.0000,1028.8468,1308.5335,1435.6632,1819.0000,2435.2956,2586.0000,2722.4549,2772.3746,2605.6897,2066.0000
2023-03-11,15,1003.0000,1060.6911,1345.5106,1426.3020,1834.2510,2439.0000,2602.6906,2699.4940,2749.4032,2625.3312,2082.0360
2023-03-16,15,475.0000,697.0813,953.1334,1005.4599,1418.0000,2036.3827,2259.1054,2523.2747,2448.0000,2065.9617,1477.5000
2023-03-16,15,520.0000,720.8845,960.6830,1010.2412,1412.0000,2035.8727,2248.0118,2530.9909,2425.0000,2060.9947,1489.6592
2023-03-21,15,559.0000,713.8465,1021.2500,1051.3497,1560.0000,2295.0000,2463.0000,2614.9190,2671.0000,2234.0000,1614.9747
2023-03-21,15,626.0000,749.2133,1037.1220,1052.7799,1556.5722,2322.4802,2477.1806,2650.1803,2642.7122,2230.0000,1625.0000
2023-03-29,15,508.0000,732.8499,1019.5501,971.0202,1537.3993,2555.3706,2862.6446,3045.7109,3017.9686,2037.5023,1438.9099
2023-03-29,15,564.8009,771.1197,1050.7563,1011.1930,1562.8809,2561.6270,2858.3854,3032.7438,3017.0000,2050.8446,1457.0282
2023-04-03,15,446.5129,619.6482,987.1838,901.2264,1610.4741,2860.3905,3098.7209,3399.0758,3297.0233,2095.0000,1482.3154
2023-04-03,15,504.0000,660.0199,1019.1712,921.2601,1598.2687,2801.6667,3059.0000,3381.3333,3230.5540,2080.6965,1451.0155
2023-04-05,15,570.0000,794.0446,1123.9165,1036.5056,1691.1822,2890.0000,3173.0000,3557.5263,3333.5745,2165.4728,1626.5908
2023-04-05,15,630.0000,850.3345,1162.9714,1068.5692,1682.4772,2875.0965,3112.0000,3527.5689,3300.4889,2133.0000,1577.0000
2023-04-05,15,582.0000,820.7574,1171.7000,1061.0235,1738.0548,2976.0000,3258.3529,3637.0746,3376.0000,2212.9768,1621.0000
2023-04-05,15,590.0000,816.4550,1146.8235,1052.3621,1673.7370,2913.0000,3184.0341,3541.2456,3338.5220,2163.0000,1600.0863
2023-04-08,15,2893.0000,2740.0000,2701.4060,2596.9874,2879.0000,3141.5652,3272.8022,3340.0000,3265.0000,2207.0000,2005.0000
2023-04-08,15,1971.0000,2080.0000,2232.0000,2222.0000,2499.0000,2849.0000,3050.5244,3172.0000,3076.6453,2181.0000,1974.5419
2023-04-10,15,1035.0000,1290.5216,1603.7386,1883.3682,2030.7508,2213.5418,2294.0000,2498.9516,2397.5792,2754.0000,2529.0000
2023-04-10,15,1066.4273,1306.0000,1603.6543,1867.1556,1985.5313,2205.0356,2292.0000,2498.6383,2402.3392,2749.0000,2513.0000
2023-04-15,15,1706.0000,1776.0000,1850.0000,1814.0000,2100.0000,2487.0000,2708.0000,2766.0000,2707.0000,1635.0000,1283.0000
2023-04-18,15,740.0000,985.1528,1204.4327,1393.7973,1578.6305,1771.3146,1901.1454,1964.3878,1995.2832,2099.0000,1822.0000
2023-04-18,15,792.0000,1017.8256,1221.9876,1386.7138,1568.4472,1777.7935,1909.0251,1980.1862,2004.3793,2087.0000,1800.0000
2023-04-23,15,1621.0000,1602.0000,1842.0000,1842.0000,2252.0000,2893.0000,3182.0000,3280.0000,3240.0000,2623.0000,2021.0000
2023-04-23,15,1858.0000,2138.9656,2413.1193,2393.3174,2691.0233,3420.7411,3667.9979,3762.0000,3698.9570,2715.4774,2114.2693
2023-04-30,15,-9999.0000,-9999.0000,-9999.0000,-9999.0000,-9999.0000,-9999.0000,-9999.0000,-9999.0000,-9999.0000,-9999.0000,-9999.0000
2023-04-30,15,-9999.0000,-9999.0000,-9999.0000,-9999.0000,-9999.0000,-9999.0000,-9999.0000,-9999.0000,-9999.0000,-9999.0000,-9999.0000
2023-05-05,15,941.0000,1250.9209,1571.2663,1764.1975,2024.0000,2362.8524,2541.0000,2630.7176,2641.0000,2694.1727,2328.0000
2023-05-05,15,965.0000,1242.8684,1547.0265,1705.9028,1922.6107,2361.9842,2553.8901,2631.0682,2635.7699,2642.5651,2262.0000
2023-05-13,15,-9999.0000,-9999.0000,-9999.0000,-9999.0000,-9999.0000,-9999.0000,-9999.0000,-9999.0000,-9999.0000,-9999.0000,-9999.0000
2023-05-13,15,-9999.0000,-9999.0000,-9999.0000,-9999.0000,-9999.0000,-9999.0000,-9999.0000,-9999.0000,-9999.0000,-9999.0000,-9999.0000
2023-05-15,15,690.7987,900.5317,1120.6464,1242.5116,1469.3198,1897.3842,2146.7394,2151.0745,2231.9416,1937.0000,1510.0000
2023-05-15,15,716.4775,913.0515,1129.1594,1251.7661,1477.0000,1917.0000,2139.4713,2136.4072,2253.2479,1946.9964,1509.4904
2023-05-18,15,1029.4266,1116.9009,1404.6957,1490.5301,1824.0000,2473.2574,2782.5759,2809.1072,2870.3580,2328.0000,1867.0000
2023-05-18,15,1059.0000,1140.4507,1440.4000,1507.0129,1861.0686,2491.8782,2773.5032,2825.7117,2887.4723,2352.3262,1883.0631
2023-05-23,15,1322.0000,1649.6538,2073.6936,2244.3935,2544.1931,3038.8290,3192.7019,3258.7570,3307.0747,3158.0000,2691.0521
2023-05-23,15,1321.5727,1625.0855,2027.2885,2198.4850,2460.0000,2980.9532,3145.1943,3217.4545,3285.0000,3124.9114,2683.9946
2023-05-25,15,1526.0000,2010.6008,2437.8491,2661.1642,3035.9247,3468.5932,3689.5989,3798.1797,3787.0000,3766.0948,3361.0000
2023-05-25,15,1466.5727,1892.0000,2306.4013,2521.0007,2853.4971,3339.0000,3602.7877,3705.3266,3707.6874,3683.0000,3356.7806
2023-05-28,15,-9999.0000,-9999.0000,-9999.0000,-9999.0000,-9999.0000,-9999.0000,-9999.0000,-9999.0000,-9999.0000,-9999.0000,-9999.0000
2023-05-28,15,-9999.0000,-9999.0000,-9999.0000,-9999.0000,-9999.0000,-9999.0000,-9999.0000,-9999.0000,-9999.0000,-9999.0000,-9999.0000
2023-05-30,15,3252.0000,3210.3110,3297.3122,3284.0000,3592.0000,4094.0000,4248.3674,4340.0000,4287.0000,3185.0000,2802.0000
2023-05-30,15,3206.0000,3132.0000,3256.0000,3225.7374,3559.0000,4032.0000,4187.0000,4248.0000,4222.0170,3156.0000,2778.1624
2023-06-02,15,1245.0000,1667.4479,2073.0305,2439.5848,2578.0000,2888.3667,3052.2700,3078.0705,3187.4198,3460.5810,3147.0000
2023-06-02,15,1268.0000,1642.2232,2051.6003,2405.4877,2492.0769,2860.2106,3044.0000,3062.0559,3172.0000,3434.5000,3134.0000
2023-06-04,15,1612.0000,2083.6375,2444.5509,2723.7182,2938.0000,3337.9506,3628.2268,3618.7642,3772.7218,3845.0000,3462.1026
2023-06-04,15,1644.0000,2091.9478,2458.1920,2745.4155,2941.0000,3380.8333,3682.7654,3682.3327,3805.4177,3757.6389,3424.0000
2023-06-07,15,741.0000,1012.4149,1299.0827,1578.6557,1649.4978,2014.2821,2218.5056,2220.6853,2338.7226,2389.0000,2020.6401
2023-06-07,15,802.5519,1037.2515,1291.0414,1522.9798,1630.0000,2003.0000,2217.6563,2231.7446,2337.7808,2361.8904,2008.0000
2023-06-09,15,1444.8788,1761.7667,2194.4774,2521.4079,2740.2413,3230.1392,3421.0131,3451.2630,3587.9976,3797.0000,3399.9243
2023-06-09,15,1465.0000,1715.4226,2107.5676,2402.9241,2625.0000,3187.0000,3388.6758,3386.1374,3555.0067,3753.9506,3366.0000
2023-06-12,15,1262.0000,1684.2923,2104.7507,2389.2461,2585.0000,2989.8489,3140.0000,3238.3415,3268.4646,3320.0130,2887.4892
2023-06-12,15,1270.0000,1644.5320,2050.5434,2324.5063,2494.0000,2945.4543,3097.0000,3205.4106,3226.8176,3242.4582,2887.0000
2023-06-14,15,1766.0000,1907.8388,2195.5101,2267.0050,2658.5219,3313.9822,3628.0900,3593.9027,3706.0000,3041.1276,2485.4435
2023-06-14,15,1805.4605,1947.4656,2234.9519,2292.5301,2666.0000,3313.3903,3634.7854,3618.8013,3714.2574,3044.4885,2488.9516
2023-06-17,15,1346.0000,1786.0000,2205.2495,2487.1849,2644.0000,3284.7434,3537.4699,3689.8389,3628.0000,3574.7361,3316.9896
2023-06-17,15,1359.0000,1756.4545,2153.5997,2422.4334,2619.6030,3220.5949,3473.3837,3641.3852,3580.8125,3534.0000,3287.0000
2023-06-19,15,1582.0000,1929.0525,2390.4735,2661.2000,2919.9218,3603.8926,3842.4489,3908.4507,3992.0000,3830.0000,3338.1437
2023-06-19,15,1514.1076,1762.9017,2218.7145,2485.8439,2804.0000,3465.0000,3699.9155,3730.2992,3851.0198,3751.0000,3270.0000
2023-06-22,15,-9999.0000,-9999.0000,-9999.0000,-9999.0000,-9999.0000,-9999.0000,-9999.0000,-9999.0000,-9999.0000,-9999.0000,-9999.0000
2023-06-24,15,1414.0000,1866.4778,2307.3715,2518.4576,2889.8167,3610.3643,3965.4901,4006.3427,4085.2787,3899.0000,3464.6004
2023-06-24,15,1438.0000,1874.7937,2342.8069,2519.3139,2903.0000,3610.9175,3946.0323,4025.6537,4052.3343,3884.0000,3451.9523
2023-06-27,15,1259.0000,1705.4684,2169.0448,2264.6156,2645.0699,3692.8211,4093.8283,4168.3558,4243.0056,3644.9249,3060.9996
2023-06-27,15,1285.0000,1698.4146,2132.5000,2245.2336,2610.2492,3675.5206,4072.9850,4167.0853,4210.0000,3613.1441,3052.0000
2023-06-29,15,845.0000,1041.8939,1490.1717,1624.8786,2011.0000,3061.1836,3321.7640,3432.9114,3497.0000,3047.0000,2349.0000
2023-06-29,15,899.0000,1074.4812,1451.4826,1562.4554,1914.4660,2963.6196,3246.9890,3316.8860,3395.6555,3001.0000,2321.0000
2023-07-02,15,384.0000,553.8575,900.2848,860.6080,1362.9762,2700.9704,3074.6452,3014.8751,3176.4674,2276.3970,1515.7137
2023-07-02,15,626.0000,712.4250,968.7571,914.4695,1365.0000,2563.2428,2914.3691,2870.4522,3033.4791,2227.5476,1506.0000
2023-07-04,15,555.0000,794.0000,1171.2588,1064.9312,1646.8050,3260.0499,3803.7340,3794.2903,3874.2194,2820.4205,1971.7076
2023-07-04,15,638.0000,843.7678,1186.1608,1081.8618,1619.4400,3165.3045,3643.3771,3703.4036,3755.4093,2775.0000,1988.9766
2023-07-07,15,532.0000,722.0210,1033.4818,884.7886,1428.0000,3308.6716,3882.5102,4040.1997,4013.0112,2621.2128,1803.3183
2023-07-07,15,581.0000,756.6323,1059.0345,900.6661,1410.1591,3260.0000,3845.0000,3991.3939,3972.2789,2585.1916,1785.0000
2023-07-09,15,579.0000,675.7960,1040.9881,872.7502,1503.0000,3809.9286,4393.0000,4472.2369,4595.6827,2882.9747,1876.4290
2023-07-09,15,672.1230,746.4371,1076.1779,916.5751,1522.9865,3689.7659,4261.8117,4321.8785,4426.7412,2866.9825,1861.8783
2023-07-12,15,-9999.0000,-9999.0000,-9999.0000,-9999.0000,-9999.0000,-9999.0000,-9999.0000,-9999.0000,-9999.0000,-9999.0000,-9999.0000
2023-07-14,15,372.0000,482.2869,737.7455,538.0000,1123.8811,3682.7586,4643.3820,4791.3751,4781.6418,2610.0364,1496.0313
2023-07-14,15,482.0365,563.3137,795.3554,586.3766,1163.1848,3562.0000,4534.5322,4665.8905,4659.7430,2574.4569,1508.5135
2023-07-17,15,207.0000,299.4275,499.3428,332.6896,819.5602,3316.7494,4393.0000,4514.7360,4542.0000,2140.5788,1156.4997
2023-07-17,15,390.0000,429.8894,603.7805,427.0740,890.6820,3218.0000,4231.9384,4343.9843,4411.9732,2133.3738,1156.8026
2023-07-19,15,-9999.0000,-9999.0000,-9999.0000,-9999.0000,-9999.0000,-9999.0000,-9999.0000,-9999.0000,-9999.0000,-9999.0000,-9999.0000
2023-07-22,15,-9999.0000,-9999.0000,-9999.0000,-9999.0000,-9999.0000,-9999.0000,-9999.0000,-9999.0000,-9999.0000,-9999.0000,-9999.0000
2023-07-22,15,-9999.0000,-9999.0000,-9999.0000,-9999.0000,-9999.0000,-9999.0000,-9999.0000,-9999.0000,-9999.0000,-9999.0000,-9999.0000
2023-07-27,15,130.0000,204.5396,392.8490,181.6061,660.8158,3325.0000,4634.1479,5095.0929,4838.0000,1934.0307,956.5368
2023-07-27,15,183.0000,242.4130,417.1359,205.7367,673.1077,3307.5474,4665.6365,5050.6066,4849.0000,1909.0000,953.0447
2023-07-29,15,405.0000,259.7185,571.5557,331.7351,981.0000,4371.6616,5718.9486,5928.1432,5911.8328,2564.2713,1284.0000
2023-07-29,15,452.0000,291.3149,587.3878,340.7387,977.5577,4276.9664,5609.4319,5800.5187,5829.0000,2555.0000,1270.4053
2023-08-03,15,-9999.0000,-9999.0000,-9999.0000,-9999.0000,-9999.0000,-9999.0000,-9999.0000,-9999.0000,-9999.0000,-9999.0000,-9999.0000
2023-08-06,15,170.0000,232.3528,385.2056,180.1763,641.0000,3676.0000,5287.0000,5608.7756,5528.1025,2045.0000,962.1870
2023-08-06,15,209.0000,258.0033,402.2321,188.1991,646.4946,3676.0000,5271.0000,5575.0338,5454.3942,2029.0000,957.5015
2023-08-08,15,291.0000,221.9873,429.1312,197.1559,777.2718,4394.4397,6030.8967,6245.0909,6211.0000,2409.3233,1141.9971
2023-08-08,15,319.0000,248.7650,453.0000,214.1530,777.5068,4321.5130,5961.4171,6213.3046,6193.0000,2396.0000,1142.3804
2023-08-11,15,-9999.0000,-9999.0000,-9999.0000,-9999.0000,-9999.0000,-9999.0000,-9999.0000,-9999.0000,-9999.0000,-9999.0000,-9999.0000
2023-08-11,15,-9999.0000,-9999.0000,-9999.0000,-9999.0000,-9999.0000,-9999.0000,-9999.0000,-9999.0000,-9999.0000,-9999.0000,-9999.0000
2023-08-13,15,193.0000,224.6347,372.7954,177.6762,684.7966,3658.1295,5399.8341,5605.4697,5749.0000,2277.3439,1058.4509
2023-08-13,15,344.0000,353.6576,473.2585,269.2761,749.6696,3480.0000,5236.0000,5366.3971,5445.6696,2246.0000,1065.5648
2023-08-16,15,295.0000,340.6065,442.1691,260.9691,644.9335,3235.0000,4855.2725,5004.6071,5156.8118,1925.4837,914.5448
2023-08-16,15,343.0000,374.0098,460.9260,273.9136,657.1477,3202.2715,4776.0000,4982.0943,5098.5539,1921.0000,913.3515
2023-08-18,15,264.0000,293.1856,448.9829,269.6201,702.3665,3758.0000,5254.6582,5222.3836,5530.0000,2222.5055,1021.6717
2023-08-18,15,398.0000,365.8762,509.2368,313.3189,748.8956,3684.1823,5075.7679,5126.9961,5434.3482,2205.8366,1029.6043
2023-08-21,15,189.0000,197.4818,333.2333,205.3874,598.1354,3122.0000,4541.0000,4666.3792,4854.4686,1829.1876,840.9521
2023-08-21,15,256.0000,250.0186,373.9098,232.9324,618.9499,3118.0000,4476.4596,4616.0000,4757.7909,1832.9968,833.7600
2023-08-23,15,209.0000,261.5813,389.8041,237.6372,682.8196,3237.3586,4787.5995,4886.4000,5040.0000,2038.7502,997.7415
2023-08-23,15,392.0000,413.2249,513.6026,333.7201,783.0000,3121.2244,4521.5347,4691.1542,4821.3205,2008.4812,983.0000
2023-08-26,15,216.0000,284.0490,416.6676,257.5808,679.0000,3050.7875,4356.5759,4503.2824,4645.4613,1817.0000,882.6469
2023-08-26,15,307.0000,348.5501,470.3861,297.2521,702.1512,2994.7701,4232.8786,4438.4138,4566.5059,1799.0000,884.3410
2023-08-31,15,262.0000,264.3411,333.4406,194.5068,421.8180,1669.2739,2199.3299,2032.0046,2199.1609,744.5680,323.0000
2023-08-31,15,472.0000,444.3474,516.4368,324.1362,609.5263,2254.0000,2928.0000,2898.0000,3041.0000,1129.9244,500.0000
2023-09-02,15,254.0000,312.3873,473.8141,249.2807,821.9670,3447.0000,4562.5585,4787.0000,4829.0000,2066.0000,982.2456
2023-09-02,15,346.0000,384.3587,524.9463,293.1541,834.4350,3368.0000,4496.9995,4696.1087,4761.5302,2047.0000,973.1152
2023-09-05,15,204.0000,296.4233,508.9857,277.5489,850.6088,3287.0000,4262.5719,4676.4230,4487.9866,1864.0000,941.4397
2023-09-05,15,271.0000,342.3335,541.1936,301.4312,861.0000,3292.0000,4184.7473,4614.0117,4428.0000,1863.0000,937.3255
2023-09-07,15,278.0000,293.0712,593.2238,325.3799,1077.2876,3570.0000,4297.7456,4677.7979,4610.7843,2048.0000,1013.4235
2023-09-07,15,338.0000,337.1280,624.6836,347.9887,1089.8844,3524.7724,4231.0983,4633.5111,4521.8213,2049.6606,1025.6784
2023-09-10,15,227.0000,301.6740,637.0000,413.2997,1181.0000,3307.6341,3944.1367,4216.9574,4219.0000,1872.0000,961.4395
2023-09-10,15,313.0000,361.4615,677.6115,432.7507,1181.4567,3269.0165,3879.9130,4182.7312,4181.3196,1868.8888,961.0548
2023-09-12,15,619.0000,866.0000,1141.2237,861.9374,1679.0000,3773.0000,4550.0000,4752.3027,4839.0000,2161.2049,1263.0000
2023-09-17,15,-9999.0000,-9999.0000,-9999.0000,-9999.0000,-9999.0000,-9999.0000,-9999.0000,-9999.0000,-9999.0000,-9999.0000,-9999.0000
2023-09-25,15,265.0000,465.7991,669.6918,865.6117,1202.0000,1674.0175,1989.0000,2183.0569,2298.6913,1973.3762,1375.0000
2023-09-25,15,319.0000,497.7785,686.1142,877.5360,1204.3661,1652.3737,1974.4698,2197.0284,2274.9395,1955.8058,1371.0000
2023-09-27,15,522.0000,648.9521,891.7733,1136.5285,1469.0185,1995.7574,2257.5625,2437.8498,2561.7267,2355.2051,1614.0332
2023-09-27,15,588.0000,693.0768,923.9659,1147.8272,1446.0560,2011.4533,2249.0000,2437.6695,2588.0000,2330.0000,1569.0000
2023-09-30,15,-9999.0000,-9999.0000,-9999.0000,-9999.0000,-9999.0000,-9999.0000,-9999.0000,-9999.0000,-9999.0000,-9999.0000,-9999.0000
2023-09-30,15,-9999.0000,-9999.0000,-9999.0000,-9999.0000,-9999.0000,-9999.0000,-9999.0000,-9999.0000,-9999.0000,-9999.0000,-9999.0000
2023-10-02,15,394.0000,645.2655,825.8978,1107.5520,1427.5146,1882.9743,2183.8163,2357.5736,2472.5702,2400.0000,1677.7110
2023-10-02,15,562.0000,761.0998,913.2500,1120.9136,1450.7360,1917.8888,2197.4548,2360.3257,2489.3713,2351.0000,1659.6390
2023-10-07,15,687.0000,933.6226,1266.5966,1651.1527,1937.0000,2465.0000,2724.8323,2983.5022,3099.7687,3089.0000,2172.5160
2023-10-07,15,748.0000,968.5077,1282.7506,1644.7663,1908.0000,2458.0000,2675.7127,2970.1048,3065.9118,3031.0000,2142.0749
2023-10-12,15,-9999.0000,-9999.0000,-9999.0000,-9999.0000,-9999.0000,-9999.0000,-9999.0000,-9999.0000,-9999.0000,-9999.0000,-9999.0000
2023-10-17,15,711.0000,914.4741,1187.3696,1537.8923,1744.3161,2197.0548,2397.8255,2701.8949,2743.0755,2970.0307,2167.0000
2023-10-17,15,737.0000,940.5955,1194.8163,1515.9028,1769.0000,2193.3221,2407.2142,2670.7664,2724.9942,2963.0000,2135.0000
2023-10-22,15,501.0000,740.8604,902.1045,1074.0779,1305.0000,1608.1176,1755.2487,1881.5621,1943.0620,2331.2915,1764.0423
2023-10-22,15,528.5946,750.4434,905.7364,1073.2038,1318.0000,1612.5131,1779.8728,1877.8344,1958.0774,2374.0000,1789.0279
2023-10-27,15,441.0000,569.3043,764.0000,888.4371,1141.9466,1431.7910,1578.6621,1616.4036,1795.9826,1948.8901,1266.0525
2023-10-27,15,476.0000,593.4678,773.5442,897.1087,1163.4945,1417.6276,1576.0453,1610.0351,1822.0000,1933.8883,1260.0000
2023-11-04,15,348.0000,574.1879,740.6667,874.4000,1113.0000,1410.8324,1581.0000,1797.9903,1760.0000,1925.0000,1457.0000
2023-11-04,15,406.0000,612.4956,773.1970,875.1818,1107.5149,1422.0000,1611.8696,1796.8629,1786.8861,1934.8751,1403.4151
2023-11-11,15,470.4546,690.0000,853.5000,990.5000,1219.4101,1515.1564,1692.7573,1927.3348,1943.8779,2124.0000,1540.9950
2023-11-11,15,492.0000,706.0000,845.7500,986.2500,1224.0000,1546.4384,1698.5721,1926.6961,1907.7429,2129.0000,1556.0000
2023-11-19,15,531.0000,693.6955,885.0845,1044.0000,1309.6771,1507.6110,1672.7917,1700.3565,1908.0000,2219.0000,1600.0000
2023-11-19,15,470.0000,624.3122,829.0519,1006.0017,1301.3741,1486.0000,1656.8691,1702.8155,1910.0838,2217.3257,1604.4442
2023-11-24,15,-9999.0000,-9999.0000,-9999.0000,-9999.0000,-9999.0000,-9999.0000,-9999.0000,-9999.0000,-9999.0000,-9999.0000,-9999.0000
2023-11-26,15,580.6166,720.6706,954.0000,1136.0000,1396.9309,1617.0000,1721.7903,1893.0782,1954.2673,2417.7921,1754.0000
2023-11-26,15,613.0000,748.6748,969.3456,1148.0000,1385.6629,1609.5364,1784.8941,1882.0000,2004.8192,2424.0000,1771.0000
2023-11-29,15,463.0000,616.5533,848.0000,1018.0000,1256.9278,1473.2993,1611.0000,1802.5341,1850.4885,2211.8196,1571.9989
2023-11-29,15,516.0000,656.8131,881.1158,1038.0000,1281.0000,1484.2664,1611.8315,1803.7989,1880.5366,2217.3632,1564.8720
2023-12-09,15,547.0000,717.4130,928.0000,1112.0000,1421.1652,1610.8843,1781.0000,1882.3638,2020.7975,2391.0000,1638.0000
2023-12-09,15,602.5949,752.5260,944.8916,1105.3937,1437.0000,1628.1087,1819.2256,1860.9948,2089.7395,2401.0000,1651.2848
2023-12-14,15,-9999.0000,-9999.0000,-9999.0000,-9999.0000,-9999.0000,-9999.0000,-9999.0000,-9999.0000,-9999.0000,-9999.0000,-9999.0000
2023-12-14,15,2318.0000,2126.0000,2166.0000,2138.0000,2441.0000,2514.0000,2601.0000,2602.0000,2750.0000,2101.0000,1765.0000
2023-12-16,15,511.0000,644.0117,825.3644,1018.4146,1233.4520,1411.0000,1579.9857,1718.3508,1753.5535,2092.0000,1526.6788
2023-12-16,15,557.0000,665.5115,840.9769,1025.6850,1253.0000,1402.7054,1538.6028,1718.5720,1785.7567,2154.7300,1540.0000
2023-12-19,15,400.0000,561.1725,755.0000,933.7636,1139.0000,1315.0000,1472.2512,1604.2802,1666.3312,1986.0000,1395.1197
2023-12-19,15,453.0000,592.4990,760.0182,945.0419,1154.7904,1298.8793,1436.5607,1617.2052,1649.0000,2005.9913,1393.4820
2023-12-24,15,-9999.0000,-9999.0000,-9999.0000,-9999.0000,-9999.0000,-9999.0000,-9999.0000,-9999.0000,-9999.0000,-9999.0000,-9999.0000
2023-12-24,15,1887.0000,1894.0000,1938.0000,1960.0000,2263.0000,2441.3847,2517.8811,2562.5521,2645.0000,2573.1145,2058.7410
2024-01-05,15,-9999.0000,-9999.0000,-9999.0000,-9999.0000,-9999.0000,-9999.0000,-9999.0000,-9999.0000,-9999.0000,-9999.0000,-9999.0000
2024-01-08,15,-9999.0000,-9999.0000,-9999.0000,-9999.0000,-9999.0000,-9999.0000,-9999.0000,-9999.0000,-9999.0000,-9999.0000,-9999.0000
2024-01-08,15,-9999.0000,-9999.0000,-9999.0000,-9999.0000,-9999.0000,-9999.0000,-9999.0000,-9999.0000,-9999.0000,-9999.0000,-9999.0000
2024-01-13,15,416.0000,646.0000,777.0000,944.4072,1168.5773,1291.6545,1410.6727,1542.4435,1593.0000,1931.0000,1461.5117
2024-01-13,15,525.0000,716.0000,821.3272,968.7158,1160.2177,1324.8399,1418.4104,1542.9747,1587.4672,1877.2781,1430.9317
2024-01-15,15,-9999.0000,-9999.0000,-9999.0000,-9999.0000,-9999.0000,-9999.0000,-9999.0000,-9999.0000,-9999.0000,-9999.0000,-9999.0000
2024-01-20,15,414.0000,634.0000,742.0000,945.5045,1118.0283,1277.0898,1379.0036,1589.1099,1556.3969,1801.0000,1275.0000
2024-01-20,15,465.0000,681.4696,789.2381,973.7118,1138.9755,1274.2220,1403.5431,1592.5893,1578.0000,1801.0000,1264.0000
2024-01-23,15,445.0000,656.9496,782.2606,949.2727,1130.4840,1253.9757,1356.2915,1478.8850,1518.0000,1787.4882,1326.3851
2024-01-23,15,501.0000,693.3507,801.7618,957.5385,1135.0000,1274.1090,1354.7385,1479.7461,1524.4952,1764.7741,1316.8169
2024-01-25,15,647.0000,814.0000,1037.3500,1248.3616,1488.8560,1646.6863,1721.3460,1803.5161,1882.7853,2104.4054,1424.9175
2024-01-25,15,817.0000,937.0783,1110.0000,1261.4914,1465.8543,1611.3549,1697.3436,1779.4148,1878.0000,2073.7662,1381.0000
2024-01-28,15,507.0000,664.0000,838.2463,1008.0000,1194.9977,1334.1225,1429.5767,1607.5294,1597.0000,1968.0542,1484.4618
2024-01-28,15,564.0000,693.0200,841.2387,1013.7195,1197.9841,1322.1981,1418.1601,1607.3598,1580.2778,2005.0000,1485.0354
2024-01-30,15,475.0000,740.0000,865.2619,1065.1008,1215.0000,1397.6519,1509.9985,1733.6713,1705.1622,2116.0000,1627.0011
2024-01-30,15,564.9457,789.3108,885.0000,1057.5084,1266.2838,1434.5586,1513.0000,1733.7257,1700.0000,2129.6406,1596.2538
2024-02-02,15,163.0000,306.3365,336.4532,398.3286,462.8591,520.0000,567.0000,613.7469,621.0000,713.0000,580.0000
2024-02-02,15,228.0000,356.2550,364.5455,420.4439,487.0000,544.3222,583.0000,621.1989,619.0000,712.0039,574.0000
2024-02-04,15,354.0000,493.8182,761.0000,1074.0000,1337.1165,1483.7500,1570.2949,1682.6081,1802.8906,2440.8664,1825.0000
2024-02-04,15,418.5727,553.0935,800.0000,1089.3333,1365.4001,1500.6121,1595.4474,1704.1141,1829.5778,2436.0000,1852.5837
2024-02-14,15,714.0000,812.4336,1010.3436,1206.0000,1457.0362,1587.8116,1706.0000,1787.6040,1878.5714,2285.3876,1733.4687
2024-02-14,15,787.0000,868.0000,1040.7400,1208.0000,1472.8302,1613.2912,1700.3838,1796.2176,1893.7566,2298.0000,1716.0000
2024-02-17,15,-9999.0000,-9999.0000,-9999.0000,-9999.0000,-9999.0000,-9999.0000,-9999.0000,-9999.0000,-9999.0000,-9999.0000,-9999.0000
2024-02-17,15,-9999.0000,-9999.0000,-9999.0000,-9999.0000,-9999.0000,-9999.0000,-9999.0000,-9999.0000,-9999.0000,-9999.0000,-9999.0000
2024-02-19,15,493.0000,764.6606,969.0630,1164.0000,1408.1414,1558.3746,1658.1818,1770.6162,1842.7467,2368.9513,1812.3111
2024-02-19,15,543.0000,800.0900,976.0000,1177.4864,1417.0000,1556.0734,1676.1907,1767.1922,1837.0000,2393.0769,1834.8946
2024-03-05,15,616.0000,778.0000,1036.9390,1209.1514,1494.0000,1714.0000,1824.8440,1923.6938,1985.4809,2271.0000,1661.3985
2024-03-05,15,599.0000,772.2397,1046.0000,1214.0000,1512.5366,1722.9929,1831.0000,1922.3764,1994.3014,2293.0000,1677.0000
2024-03-13,15,469.0000,656.0000,843.7744,940.7389,1184.0000,1448.4570,1570.3324,1579.9584,1712.0000,1788.0000,1517.3828
2024-03-13,15,603.0000,780.6986,933.3281,980.0000,1198.2973,1467.2145,1618.0000,1621.2478,1753.0000,1715.6882,1489.5944
2024-03-20,15,548.0000,865.4280,1136.7145,1280.9895,1621.0367,1893.0035,2061.3648,2211.4141,2203.9560,2617.0000,2028.0000
2024-03-20,15,747.0000,974.0000,1193.1593,1280.8658,1594.0000,1894.2529,2057.2838,2212.0903,2195.0000,2574.0000,2001.0000
2024-03-23,15,1218.0000,1538.4237,1705.2093,1721.7420,2098.2301,2357.0000,2482.6584,2730.3398,2608.0000,2712.0000,2259.0000
2024-03-23,15,1218.0000,1620.2087,1850.3642,1867.3391,2241.0000,2588.3390,2724.2678,3018.2802,2844.3253,2805.1321,2308.0000
2024-03-25,15,720.0000,932.1372,1251.6972,1403.1395,1737.0000,2148.5283,2256.7156,2531.4599,2436.4305,2814.0000,2228.0000
2024-03-25,15,765.0000,958.0000,1260.4658,1409.2234,1734.0000,2132.4437,2269.6194,2537.9900,2436.5161,2810.7501,2204.0695
2024-03-30,15,1867.0000,2008.0000,2336.0000,2245.0034,2896.0000,3440.8235,3682.8160,3568.6721,3717.3467,2742.0000,2029.0000
2024-04-02,15,525.0000,765.6283,1017.2527,1085.3172,1465.1468,1890.7602,2024.0000,2188.3052,2196.9978,2175.0000,1575.0000
2024-04-02,15,563.0000,789.6994,1033.3040,1081.4693,1463.0000,1900.5228,2058.4639,2179.2903,2220.9002,2157.7399,1578.0000
2024-04-04,15,637.0000,828.0000,1165.3295,1250.8798,1699.0000,2203.5164,2336.8083,2454.7526,2498.2371,2609.5353,1912.0000
2024-04-04,15,715.0000,876.9059,1184.4506,1228.8721,1684.0902,2218.7577,2349.9834,2437.9557,2496.0000,2576.0000,1916.0000
2024-04-07,15,681.0000,912.4967,1240.6123,1301.2235,1754.0000,2307.9097,2498.7577,2649.1319,2651.9976,2507.8595,1923.0613
2024-04-07,15,804.0000,981.2373,1265.6822,1301.3448,1746.1229,2315.9237,2480.2640,2620.7530,2636.3002,2485.0411,1833.0000
2024-04-09,15,-9999.0000,-9999.0000,-9999.0000,-9999.0000,-9999.0000,-9999.0000,-9999.0000,-9999.0000,-9999.0000,-9999.0000,-9999.0000
2024-04-12,15,584.0000,896.9728,1234.9012,1273.0955,1734.0000,2426.0000,2648.0000,2789.8769,2801.0000,2725.3247,2167.0000
2024-04-12,15,673.0000,941.8656,1244.1870,1275.5123,1691.0000,2389.7920,2605.9509,2775.3380,2769.3340,2654.0000,2077.0000
2024-04-14,15,759.0000,986.9273,1387.2530,1450.2486,1941.3055,2739.0000,2957.7023,3015.2432,3156.0000,3129.0000,2387.0000
2024-04-14,15,825.0000,1012.9956,1362.1762,1428.0552,1919.0000,2724.7282,2898.6213,2998.7348,3171.9431,2980.3150,2326.0000
2024-04-17,15,594.0000,829.2283,1144.8385,1163.5632,1631.0000,2396.0000,2614.0000,2790.8110,2836.0000,2464.0000,1810.0000
2024-04-17,15,607.0000,833.3824,1162.8610,1177.3400,1612.0000,2405.0464,2665.9752,2822.3382,2844.2319,2482.0000,1808.0000
2024-04-27,15,-9999.0000,-9999.0000,-9999.0000,-9999.0000,-9999.0000,-9999.0000,-9999.0000,-9999.0000,-9999.0000,-9999.0000,-9999.0000
2024-04-29,15,761.0000,1043.4197,1308.5245,1579.7310,1764.0000,2156.7493,2346.6950,2422.0292,2501.3462,2562.0000,2004.9324
2024-04-29,15,798.0000,1052.4231,1299.4218,1547.8079,1715.0000,2150.2865,2342.0000,2441.1791,2498.0000,2526.0000,1994.0000
2024-05-04,15,-9999.0000,-9999.0000,-9999.0000,-9999.0000,-9999.0000,-9999.0000,-9999.0000,-9999.0000,-9999.0000,-9999.0000,-9999.0000
2024-05-04,15,-9999.0000,-9999.0000,-9999.0000,-9999.0000,-9999.0000,-9999.0000,-9999.0000,-9999.0000,-9999.0000,-9999.0000,-9999.0000
2024-05-14,15,-9999.0000,-9999.0000,-9999.0000,-9999.0000,-9999.0000,-9999.0000,-9999.0000,-9999.0000,-9999.0000,-9999.0000,-9999.0000
2024-05-14,15,-9999.0000,-9999.0000,-9999.0000,-9999.0000,-9999.0000,-9999.0000,-9999.0000,-9999.0000,-9999.0000,-9999.0000,-9999.0000
2024-05-17,15,867.0000,1179.3687,1523.8167,1842.9168,1948.0000,2278.0000,2416.2701,2522.3048,2586.0395,2508.8182,1822.0000
2024-05-17,15,906.0000,1180.2712,1490.8404,1798.0000,1888.0000,2251.3224,2444.5843,2538.0226,2603.2313,2500.5007,1814.0435
2024-05-22,15,-9999.0000,-9999.0000,-9999.0000,-9999.0000,-9999.0000,-9999.0000,-9999.0000,-9999.0000,-9999.0000,-9999.0000,-9999.0000
2024-05-22,15,-9999.0000,-9999.0000,-9999.0000,-9999.0000,-9999.0000,-9999.0000,-9999.0000,-9999.0000,-9999.0000,-9999.0000,-9999.0000
2024-05-24,15,1098.0000,1369.5749,1723.6342,2002.5782,2228.0000,2610.3014,2780.6068,2807.5415,2954.3842,2912.0000,2289.0000
2024-05-24,15,1097.0000,1378.7733,1730.0698,1987.5000,2172.0000,2608.3187,2796.1864,2791.4886,2960.0000,2916.0000,2275.0000
2024-05-27,15,-9999.0000,-9999.0000,-9999.0000,-9999.0000,-9999.0000,-9999.0000,-9999.0000,-9999.0000,-9999.0000,-9999.0000,-9999.0000
2024-06-01,15,860.8307,1202.8320,1514.5598,1803.0742,1954.1829,2268.9860,2541.7574,2552.1819,2688.0000,2617.5752,2060.4203
2024-06-01,15,911.0000,1189.0494,1468.0249,1730.9881,1897.0000,2258.7235,2508.5335,2549.4922,2665.8890,2571.0721,2038.2462
2024-06-03,15,1004.0000,996.0000,1160.0000,1220.0000,1448.0000,2097.0000,2210.0000,2250.0000,2449.0000,1825.0000,1166.0000
2024-06-06,15,1636.0000,1944.4934,2438.1990,2665.1580,3005.0000,3538.7367,3772.7467,3802.7177,3906.6393,3764.2343,3191.3177
2024-06-06,15,1616.0000,1907.7206,2336.0000,2568.2674,2961.0000,3421.0000,3696.5586,3729.8550,3845.0000,3740.9971,3174.5000
2024-06-16,15,1457.0000,1819.0638,2324.7323,2549.6484,2841.0000,3388.4809,3632.4872,3701.9019,3835.1277,3793.5053,3145.3224
2024-06-16,15,1448.0000,1771.2378,2245.6178,2470.5006,2799.0000,3306.8707,3584.0000,3670.0671,3756.2971,3735.0000,3143.3294
2024-06-18,15,1817.0000,2306.2174,2838.6515,3046.9246,3436.0000,4141.6928,4442.3638,4549.4640,4571.9271,4473.0592,4027.0000
2024-06-18,15,1841.0000,2315.0000,2839.8540,3034.4402,3479.5005,4065.9291,4419.0000,4564.1196,4566.2371,4507.7429,3987.0623
2024-06-26,15,568.0000,625.4599,763.0000,718.1853,883.0000,1303.0000,1457.4088,1376.3620,1517.0964,1097.0000,770.0000
2024-06-26,15,-9999.0000,-9999.0000,-9999.0000,-9999.0000,-9999.0000,-9999.0000,-9999.0000,-9999.0000,-9999.0000,-9999.0000,-9999.0000
2024-06-28,15,1470.0000,2007.3348,2549.8621,2598.1762,3134.0000,4169.6939,4628.8912,4613.8544,4776.0000,4213.9401,3590.9861
2024-06-28,15,1431.0000,1845.3130,2355.8817,2404.1127,2892.6174,3955.6032,4411.1735,4362.7803,4545.1328,4136.7604,3494.3165
2024-07-06,15,957.0000,1116.7145,1514.4662,1427.6031,1908.9938,3234.0000,3812.0742,3768.1872,4003.2989,3013.4360,2164.9359
2024-07-06,15,1067.0000,1131.0178,1522.0260,1433.3549,1980.5441,3293.0000,3812.0000,3781.9357,3993.0000,3049.0000,2155.6969
2024-07-08,15,773.0000,1065.3675,1456.0000,1372.0000,1819.2612,3256.0095,3956.6336,3939.2308,4106.2798,2986.4058,2195.2190
2024-07-08,15,760.0000,1043.1023,1456.0000,1377.7442,1820.2031,3287.0000,4001.6922,4005.7945,4169.9344,3025.0000,2213.3239
2024-07-11,15,643.0000,907.8391,1265.5233,1186.2284,1597.0000,3155.0000,3938.8837,3959.4150,4141.0976,2637.9457,1964.6753
2024-07-11,15,697.0000,938.0196,1282.2879,1187.3675,1595.9168,3115.0000,3923.9897,3924.4692,4098.6140,2643.5958,1984.0000
2024-07-13,15,769.0000,923.0861,1282.5679,1179.3261,1675.9800,3560.4520,4258.0965,4177.2894,4482.0663,2827.0298,1914.9834
2024-07-13,15,808.5150,940.4995,1308.2870,1188.2243,1668.2838,3536.0000,4252.1900,4162.3930,4466.5612,2845.0924,1928.9984
2024-07-16,15,573.0000,788.0846,1116.3400,1084.0021,1521.9704,3132.0538,3934.0000,3975.4390,4125.4883,2467.0000,1722.0000
2024-07-16,15,674.0000,835.0551,1157.1194,1093.2442,1513.0000,3074.2646,3862.7255,3909.8078,4061.4213,2490.6686,1740.0000
2024-07-18,15,720.0000,972.5814,1282.3381,1254.0000,1634.8632,3196.1483,4091.0609,4133.8046,4281.4601,2678.9596,1946.3154
2024-07-18,15,779.0000,1011.2241,1300.0000,1268.0000,1643.9406,3159.0000,4050.8102,4083.8990,4190.9781,2714.4319,1973.0000
2024-07-21,15,385.0000,580.1107,866.9746,731.1104,1155.0600,2971.5787,3977.0000,4022.8559,4144.0000,2084.0000,1379.1398
2024-07-21,15,435.0000,612.6421,881.0879,756.3130,1131.5501,2928.9228,3955.4170,3989.3220,4114.3802,2106.0000,1411.7916
2024-07-23,15,547.0000,596.0000,844.0149,636.0655,1084.3625,2819.3714,3511.0000,3440.0000,3630.9659,1785.5231,1007.0000
2024-07-23,15,587.0000,625.1500,861.4238,645.9747,1085.0000,2856.1101,3492.8706,3433.3351,3688.0000,1813.0000,1009.3372
2024-07-26,15,229.0000,337.1864,603.1558,461.1501,898.0000,2906.0000,3981.3550,4024.0406,4218.7755,1842.9663,1058.2194
2024-07-26,15,442.0000,493.8833,717.0105,544.3160,985.0000,2853.3317,3826.0000,3879.5687,4060.9390,1827.0000,1075.0000
2024-07-28,15,342.0000,458.6885,725.0122,563.6491,1013.2596,2977.0508,4226.8271,4259.3719,4436.9873,2012.1409,1266.2343
2024-07-28,15,517.0000,628.4766,835.4910,651.0155,1091.0000,2916.0000,4097.8774,4086.1471,4294.9563,2020.0000,1262.0000
2024-07-31,15,283.0000,444.8444,684.9624,531.7996,926.0000,2785.0000,3898.0000,3970.3094,4092.0000,1742.0863,1068.0581
2024-07-31,15,441.0000,553.4996,760.5231,585.4191,987.0000,2726.2265,3804.5887,3850.2402,3983.0000,1730.8201,1053.0116
2024-08-05,15,-9999.0000,-9999.0000,-9999.0000,-9999.0000,-9999.0000,-9999.0000,-9999.0000,-9999.0000,-9999.0000,-9999.0000,-9999.0000
2024-08-05,15,-9999.0000,-9999.0000,-9999.0000,-9999.0000,-9999.0000,-9999.0000,-9999.0000,-9999.0000,-9999.0000,-9999.0000,-9999.0000
2024-08-07,15,234.0000,370.5466,627.2257,436.1278,935.0000,2945.4647,4211.8428,4262.3978,4397.9372,1878.0000,1052.4420
2024-08-07,15,421.0000,522.0000,732.7339,539.7889,972.6630,2870.0000,4066.2704,4086.6804,4250.8678,1858.0000,1071.0000
2024-08-10,15,275.0000,401.0118,627.1775,460.2686,860.1341,2637.0000,3730.9557,3797.3794,3937.7811,1651.2744,963.3987
2024-08-10,15,342.0000,449.4619,656.6012,485.4415,885.9769,2613.9633,3709.3719,3780.5886,3907.0204,1643.8536,965.4902
2024-08-12,15,412.0000,470.6350,756.0085,571.1415,1027.1070,2955.2019,3844.8754,3926.5266,4139.0199,1907.9334,1083.7642
2024-08-12,15,453.0000,505.7251,772.0123,593.3661,1045.0000,2949.0000,3832.5307,3910.2601,4081.9983,1907.7186,1090.0000
2024-08-12,15,412.0000,460.2128,738.8917,563.0420,1016.1674,2972.0000,3905.8632,3976.2579,4149.9566,1932.7292,1108.9579
2024-08-12,15,469.0000,496.4459,772.3333,579.6147,1053.7103,2935.0000,3841.9978,3939.1176,4099.5750,1917.6611,1092.2062
2024-08-15,15,248.0000,366.0471,634.4044,483.6803,918.6382,2692.2085,3582.0240,3670.4370,3809.0000,1733.7192,947.4584
2024-08-15,15,363.0000,446.3747,689.5655,527.0000,945.4239,2634.9703,3506.1213,3621.7084,3765.1260,1718.3070,945.0332
2024-08-17,15,-9999.0000,-9999.0000,-9999.0000,-9999.0000,-9999.0000,-9999.0000,-9999.0000,-9999.0000,-9999.0000,-9999.0000,-9999.0000
2024-08-17,15,-9999.0000,-9999.0000,-9999.0000,-9999.0000,-9999.0000,-9999.0000,-9999.0000,-9999.0000,-9999.0000,-9999.0000,-9999.0000
2024-08-20,15,-9999.0000,-9999.0000,-9999.0000,-9999.0000,-9999.0000,-9999.0000,-9999.0000,-9999.0000,-9999.0000,-9999.0000,-9999.0000
2024-08-20,15,-9999.0000,-9999.0000,-9999.0000,-9999.0000,-9999.0000,-9999.0000,-9999.0000,-9999.0000,-9999.0000,-9999.0000,-9999.0000
2024-08-22,15,111.0000,185.7589,513.3861,300.7537,790.5420,2869.8235,3758.5235,3815.1183,4005.1398,1730.8246,866.1785
2024-08-22,15,410.0000,413.6568,661.1838,433.3050,885.6978,2777.4854,3594.0000,3652.2767,3841.8657,1716.0000,878.2247
2024-08-25,15,266.0000,340.3985,573.5940,373.1912,797.1461,2611.0000,3476.3242,3542.5354,3734.5988,1643.2992,811.9090
2024-08-25,15,349.0000,400.1446,609.3151,401.0769,828.3668,2607.0000,3430.9465,3511.9620,3678.0000,1635.0640,810.0315
2024-08-27,15,606.0000,745.4325,1001.1178,697.0812,1233.3847,3250.6682,4308.0854,4358.9204,4569.0000,2003.1551,1076.4780
2024-08-27,15,664.0000,749.5458,917.9449,669.2561,1109.4132,2836.5285,3804.0466,3831.2240,4054.0000,1930.6433,1064.0000
2024-08-30,15,362.0000,486.1354,677.2237,473.5122,879.0000,2529.3729,3379.3793,3463.4586,3670.4877,1691.2327,914.0712
2024-08-30,15,382.0000,493.1013,681.6246,468.8912,890.0000,2525.4937,3387.1072,3476.4636,3657.9099,1667.6192,920.9760
2024-09-04,15,248.0000,369.8619,636.8403,473.5668,924.9992,2612.2053,3331.8103,3415.7879,3632.8607,1763.0983,921.0000
2024-09-04,15,365.0000,452.6434,692.8240,509.9983,953.5339,2580.1420,3274.8160,3397.2738,3564.3896,1754.2609,928.5010
2024-09-09,15,-9999.0000,-9999.0000,-9999.0000,-9999.0000,-9999.0000,-9999.0000,-9999.0000,-9999.0000,-9999.0000,-9999.0000,-9999.0000
2024-09-09,15,-9999.0000,-9999.0000,-9999.0000,-9999.0000,-9999.0000,-9999.0000,-9999.0000,-9999.0000,-9999.0000,-9999.0000,-9999.0000
2024-09-11,15,312.0000,338.4047,617.6345,393.6910,872.0328,2616.0000,3186.0000,3268.4234,3437.9711,1702.0861,824.9141
2024-09-11,15,382.0000,398.5956,653.6950,425.3168,893.6592,2616.5092,3163.0000,3236.0667,3420.0000,1698.4398,821.5068
2024-09-16,15,-9999.0000,-9999.0000,-9999.0000,-9999.0000,-9999.0000,-9999.0000,-9999.0000,-9999.0000,-9999.0000,-9999.0000,-9999.0000
2024-09-16,15,-9999.0000,-9999.0000,-9999.0000,-9999.0000,-9999.0000,-9999.0000,-9999.0000,-9999.0000,-9999.0000,-9999.0000,-9999.0000
2024-09-21,15,315.0000,378.3414,656.8642,465.3271,952.9601,2488.6274,3002.5976,3157.4550,3256.7644,1745.0000,886.6492
2024-09-21,15,401.0000,441.8394,689.4606,497.2803,977.0000,2484.5059,2981.0000,3126.7122,3227.0368,1732.0000,895.0000
2024-09-24,15,268.0000,312.1677,580.8414,398.5058,888.8381,2308.1894,2823.0000,2999.1733,3121.0000,1541.0000,771.0000
2024-09-24,15,359.0000,372.1640,617.4521,425.9549,905.0000,2355.1979,2874.4450,2997.1271,3116.0238,1541.9846,770.7140
2024-09-29,15,130.0000,298.2431,512.9571,385.1575,804.3602,1938.4775,2381.0000,2644.7708,2645.2822,1459.0000,821.0010
2024-09-29,15,153.0000,306.6019,521.5185,381.9451,806.8727,1946.5845,2379.6367,2644.0657,2635.2134,1468.4442,816.0000
2024-10-11,15,260.0000,362.4167,589.1060,533.2877,929.7478,1699.1474,1949.4477,2135.0469,2232.0671,1738.6113,1017.9940
2024-10-11,15,259.0000,358.5879,585.2800,528.9711,942.6402,1723.7653,1946.0000,2136.7263,2249.5622,1725.0000,1003.0000
2024-10-21,15,354.0000,436.3363,620.8498,646.0263,977.0341,1493.7179,1681.0838,1800.9102,1912.6963,1789.5182,1142.2593
2024-10-21,15,440.0000,508.0333,680.4432,680.3561,997.7122,1515.7937,1689.9623,1781.2650,1884.0000,1781.8039,1133.7389
2024-10-26,15,-9999.0000,-9999.0000,-9999.0000,-9999.0000,-9999.0000,-9999.0000,-9999.0000,-9999.0000,-9999.0000,-9999.0000,-9999.0000
2024-10-29,15,191.0000,364.3080,454.4757,510.5395,723.0000,1040.0000,1219.9333,1288.8480,1348.0486,1444.0964,1109.0000
2024-10-29,15,229.0000,384.3413,464.2008,516.1986,721.0336,1046.0000,1194.0000,1283.5000,1347.3374,1452.4666,1097.0000
2024-10-31,15,243.0000,322.2393,457.2128,552.8425,784.9245,1099.5314,1216.7706,1334.3044,1428.8899,1695.0000,1225.5335
2024-10-31,15,240.0000,316.3064,450.0101,541.5248,769.0320,1099.0000,1213.4223,1335.6899,1419.6860,1684.9951,1207.0000
2024-11-03,15,528.0000,568.1895,657.2670,726.6463,964.6255,1228.4899,1366.0000,1449.8879,1466.6714,1737.9489,1305.4675
2024-11-03,15,542.0000,580.5756,669.0000,730.1640,956.0000,1259.0000,1399.0000,1462.4133,1579.9754,1746.6514,1277.0199
2024-11-05,15,238.0000,402.3153,473.2073,577.0397,766.5460,999.0000,1171.8892,1347.7732,1379.0105,1739.5971,1295.0000
2024-11-05,15,196.0000,368.3331,433.9478,553.8781,758.4744,1048.0000,1179.8171,1303.0665,1414.9724,1752.9366,1284.6360
2024-11-08,15,281.0000,442.5151,504.4731,569.4032,752.0000,990.4909,1114.2730,1239.8478,1259.0000,1412.0519,1093.9990
2024-11-08,15,356.0000,496.3645,538.4293,590.0240,768.0176,1019.3277,1169.0000,1237.6733,1350.0000,1406.4651,1096.0000
2024-11-10,15,263.0000,345.5247,504.2505,595.6547,873.2383,1195.2417,1314.0000,1600.0000,1523.0083,1817.7434,1339.0692
2024-11-10,15,285.0000,366.6228,512.5092,603.6060,884.0000,1162.0000,1292.0000,1594.9688,1512.0276,1818.3389,1324.4444
2024-11-13,15,548.0000,773.3298,1011.6667,1336.0000,1633.0000,2069.6226,2227.4523,2644.0975,2549.4994,2605.0000,1835.4860
2024-11-13,15,595.0000,812.8006,1067.3333,1355.0000,1628.0000,2052.3940,2259.0000,2646.9752,2605.0000,2598.0000,1793.0000
2024-11-15,15,457.0000,729.4531,909.3828,1081.0191,1298.1264,1432.0011,1531.7560,1685.3696,1682.5033,1941.1536,1538.8370
2024-11-15,15,491.0000,753.2254,920.0156,1076.0000,1259.0723,1449.0351,1581.0888,1689.2374,1690.4868,1907.9969,1571.0547
2024-11-18,15,860.0000,1092.9942,1232.6753,1352.0000,1553.9550,1738.0000,1860.9522,2039.3295,1993.0000,1981.5991,1738.0000
2024-11-18,15,674.0000,1002.0000,1158.0000,1324.0000,1505.0000,1677.2013,1827.0000,2007.4121,2002.4235,2060.0000,1775.0000
2024-11-23,15,344.0000,545.0000,742.0000,923.1687,1082.0000,1264.8274,1355.0021,1558.5363,1489.6344,1426.2172,980.7998
2024-11-23,15,385.0000,572.9791,744.0000,932.7500,1094.0000,1256.0053,1354.0283,1560.5044,1537.8661,1385.0482,962.0000
2024-11-25,15,-9999.0000,-9999.0000,-9999.0000,-9999.0000,-9999.0000,-9999.0000,-9999.0000,-9999.0000,-9999.0000,-9999.0000,-9999.0000
2024-11-25,15,-9999.0000,-9999.0000,-9999.0000,-9999.0000,-9999.0000,-9999.0000,-9999.0000,-9999.0000,-9999.0000,-9999.0000,-9999.0000
2024-11-30,15,447.0000,602.3778,817.6088,1018.7605,1180.6485,1347.9464,1419.8092,1605.3473,1588.1474,1667.4006,1221.0629
2024-11-30,15,472.0000,625.5000,833.3333,1042.0000,1156.0000,1340.5677,1418.0000,1610.1772,1591.4213,1649.0000,1259.1043
2024-12-05,15,549.0000,808.2912,947.3203,1181.1160,1330.0000,1508.0142,1620.1392,1816.9031,1764.9880,2010.1652,1635.5968
2024-12-05,15,538.0000,801.1137,971.6607,1202.0000,1339.8412,1489.0000,1579.0066,1798.5663,1782.0645,2034.0000,1619.5661
2024-12-13,15,391.0000,573.3536,797.0000,1011.0000,1193.0000,1425.9170,1531.1006,1671.2890,1689.9901,1790.0000,1381.0333
2024-12-13,15,547.0000,689.6327,885.1168,1051.0000,1248.0000,1412.6281,1517.8644,1671.3414,1657.2065,1775.0000,1390.0000
2024-12-13,15,466.0000,612.8048,862.0000,1052.3319,1323.0000,1494.0576,1566.1380,1699.6887,1734.8371,2028.0000,1485.0000
2024-12-13,15,602.0000,720.8028,928.0000,1100.0168,1275.5799,1507.0246,1602.7135,1719.5140,1764.8993,1954.2298,1427.6880
2024-12-15,15,335.0000,708.4791,874.9737,1050.7562,1226.6938,1410.8997,1523.8263,1673.0637,1704.0000,1874.0000,1480.1826
2024-12-15,15,579.0000,812.0000,945.8737,1105.0688,1322.1992,1460.8723,1573.0000,1670.0223,1704.7092,1902.0000,1489.9239
2024-12-18,15,-9999.0000,-9999.0000,-9999.0000,-9999.0000,-9999.0000,-9999.0000,-9999.0000,-9999.0000,-9999.0000,-9999.0000,-9999.0000
2024-12-23,15,-9999.0000,-9999.0000,-9999.0000,-9999.0000,-9999.0000,-9999.0000,-9999.0000,-9999.0000,-9999.0000,-9999.0000,-9999.0000
2024-12-25,15,367.0000,638.0648,798.0000,945.3942,1161.0000,1365.4527,1469.0000,1602.9155,1607.3748,1632.5818,1176.0000
2024-12-25,15,419.0000,673.0000,822.0000,969.5000,1197.7599,1380.3433,1486.6153,1636.6646,1668.1374,1619.4203,1178.2692
2024-12-28,15,482.0000,757.2517,886.0000,1016.3511,1220.0000,1425.0000,1553.0000,1701.0612,1707.1719,1642.1815,1316.9296
2024-12-28,15,478.0000,741.4722,873.4087,1001.5321,1204.0932,1417.7104,1532.0951,1669.0094,1664.0000,1628.1056,1306.0000
2024-12-30,15,420.0000,561.3088,760.0000,945.9870,1177.1443,1397.8711,1481.0000,1606.6306,1627.0696,1691.0000,1228.0000
2024-12-30,15,483.0000,613.5282,797.0945,961.0957,1191.0000,1402.0000,1533.4911,1610.0779,1689.2943,1710.0000,1245.9531
2025-01-04,15,432.0000,521.0000,684.0000,843.0000,993.0000,1107.0000,1189.0000,1234.0000,1302.0000,1061.0000,878.0000
2025-01-12,15,384.0000,546.4492,741.0000,864.9327,1090.2023,1405.7751,1491.0081,1670.6045,1634.9600,1561.0000,1111.0000
2025-01-12,15,438.0000,576.8243,762.5000,873.7175,1101.3703,1371.0628,1481.0000,1671.1664,1605.0000,1567.0000,1102.0000
2025-01-14,15,573.0000,797.3205,961.5559,1064.0000,1327.0000,1602.0000,1740.9137,1974.5765,1862.8150,1962.2429,1533.1628
2025-01-14,15,590.0000,805.1823,958.3544,1065.1626,1327.0000,1602.9042,1737.9237,1975.5206,1875.0000,1970.0000,1524.4321
2025-01-17,15,457.0000,693.5035,876.1210,979.0000,1230.0000,1461.0407,1622.3276,1896.9347,1774.9381,1728.0000,1456.9959
2025-01-17,15,513.0000,716.5329,877.5040,986.9865,1202.0000,1530.1226,1677.0000,1882.0848,1818.7290,1773.0000,1463.0000
2025-02-03,15,528.0000,714.5000,918.0000,906.0000,1309.8117,1787.0592,1917.2433,2085.6428,2041.0000,1915.2050,1418.7662
2025-02-03,15,514.0000,704.0000,906.5000,898.6939,1288.0000,1812.1116,1956.1645,2102.2969,2087.0000,1921.0000,1416.0000
2025-02-06,15,414.0000,624.4039,840.7495,837.6667,1193.0000,1678.7188,1829.0000,2039.9287,1949.3357,1714.9323,1308.4787
2025-02-06,15,480.0000,670.0000,870.4848,849.1391,1211.0000,1678.0000,1798.2553,2023.2210,1920.0000,1728.9324,1314.0000
2025-02-08,15,540.0000,692.0000,976.5000,953.8080,1487.0000,2018.1719,2146.6724,2295.6697,2280.0000,2154.0000,1492.0000
2025-02-08,15,594.0000,714.2853,980.7547,954.5020,1466.1341,2016.0000,2096.0765,2263.7980,2259.9374,2135.0000,1497.0000
2025-02-16,15,-9999.0000,-9999.0000,-9999.0000,-9999.0000,-9999.0000,-9999.0000,-9999.0000,-9999.0000,-9999.0000,-9999.0000,-9999.0000
2025-02-16,15,-9999.0000,-9999.0000,-9999.0000,-9999.0000,-9999.0000,-9999.0000,-9999.0000,-9999.0000,-9999.0000,-9999.0000,-9999.0000
2025-02-18,15,530.0000,590.5000,909.0220,852.4435,1453.0000,2126.3251,2262.0000,2554.0607,2461.0283,2090.2616,1386.8931
2025-02-18,15,641.0000,708.3245,988.0000,909.7920,1464.0000,2068.9106,2195.0000,2468.4356,2404.0000,2054.0000,1369.0000
2025-02-21,15,401.0000,514.0000,841.1776,805.2926,1324.0000,2002.8479,2144.0000,2403.1607,2324.0000,2014.0184,1342.3368
2025-02-21,15,695.0000,746.4236,984.1563,916.6667,1409.4518,1997.0000,2130.2558,2375.3916,2263.0000,2001.0000,1352.0000
2025-02-28,15,-9999.0000,-9999.0000,-9999.0000,-9999.0000,-9999.0000,-9999.0000,-9999.0000,-9999.0000,-9999.0000,-9999.0000,-9999.0000
2025-02-28,15,2007.0000,1924.0000,2048.0000,1902.0000,2414.0000,2978.0000,3068.0000,3188.0000,3189.0000,2450.0000,1824.0000
2025-03-03,15,348.0000,454.2498,766.0000,637.2896,1275.0000,2250.0000,2417.1033,2696.4836,2567.0000,1955.2751,1182.0000
2025-03-03,15,443.0000,516.9452,809.3641,664.7193,1284.0000,2207.0000,2434.7588,2694.4725,2610.9043,1963.6251,1222.0000
2025-03-05,15,414.0000,557.2914,837.3367,668.9195,1258.0233,2428.8818,2747.1245,3002.4680,2889.8628,2059.2177,1326.8996
2025-03-05,15,466.0000,584.4923,852.6063,677.5494,1268.5350,2425.0000,2665.6586,3017.0825,2821.3146,2043.3919,1316.2836
2025-03-08,15,534.0000,701.2506,974.6412,789.0755,1396.0543,2615.0000,2937.2046,3188.5723,3076.0000,1985.2131,1348.9375
2025-03-08,15,331.0000,553.2920,876.9523,693.3875,1309.0000,2717.0000,3053.0000,3241.6246,3164.8796,2011.3955,1348.6303
2025-03-10,15,-9999.0000,-9999.0000,-9999.0000,-9999.0000,-9999.0000,-9999.0000,-9999.0000,-9999.0000,-9999.0000,-9999.0000,-9999.0000
2025-03-10,15,-9999.0000,-9999.0000,-9999.0000,-9999.0000,-9999.0000,-9999.0000,-9999.0000,-9999.0000,-9999.0000,-9999.0000,-9999.0000
2025-03-18,15,165.0000,322.9414,616.8793,377.4119,940.9065,2578.0000,2983.0000,3349.1128,3106.0471,1411.5942,811.1745
2025-03-18,15,254.0000,388.2137,653.6037,405.5971,969.7225,2587.6355,3086.0000,3301.6241,3163.3355,1419.4685,811.9752
2025-03-20,15,250.0000,310.6061,672.9110,417.4816,1201.0000,2969.0000,3298.1303,3637.3548,3468.0387,1611.4975,862.1302
2025-03-20,15,358.0000,409.9040,730.2502,465.4640,1221.0170,2937.0000,3309.0000,3589.3821,3422.0336,1611.4523,849.9944
2025-03-23,15,-9999.0000,-9999.0000,-9999.0000,-9999.0000,-9999.0000,-9999.0000,-9999.0000,-9999.0000,-9999.0000,-9999.0000,-9999.0000
2025-03-23,15,-9999.0000,-9999.0000,-9999.0000,-9999.0000,-9999.0000,-9999.0000,-9999.0000,-9999.0000,-9999.0000,-9999.0000,-9999.0000
2025-03-25,15,-9999.0000,-9999.0000,-9999.0000,-9999.0000,-9999.0000,-9999.0000,-9999.0000,-9999.0000,-9999.0000,-9999.0000,-9999.0000
2025-03-30,15,-9999.0000,-9999.0000,-9999.0000,-9999.0000,-9999.0000,-9999.0000,-9999.0000,-9999.0000,-9999.0000,-9999.0000,-9999.0000
2025-03-30,15,-9999.0000,-9999.0000,-9999.0000,-9999.0000,-9999.0000,-9999.0000,-9999.0000,-9999.0000,-9999.0000,-9999.0000,-9999.0000
2025-04-01,15,1377.0000,1113.1070,1398.0000,1130.0000,1759.0000,3067.0000,3251.1827,3732.2444,3379.5849,1808.0000,1273.0000
2025-04-02,15,182.0000,258.2493,603.0000,352.7255,1054.8126,2704.0000,3059.6018,3270.2101,3213.0000,1307.5298,668.4716
2025-04-02,15,254.0000,316.1609,637.9360,377.9118,1078.0000,2704.0000,3106.0000,3268.9509,3275.2835,1307.0951,681.6911
2025-04-04,15,228.0000,357.2316,644.4551,373.1338,1042.0000,2864.8540,3384.0000,3636.3395,3532.0000,1347.2436,697.3747
2025-04-04,15,302.0000,417.6444,685.2334,417.1449,1059.0000,2852.5574,3369.7985,3606.3548,3475.6569,1346.6227,706.3930
2025-04-04,15,137.0000,230.3710,552.9764,320.8370,962.5454,2693.6941,3156.6291,3382.2201,3272.6748,1225.0000,634.9150
2025-04-04,15,257.0000,321.5600,612.7111,365.8836,988.8252,2673.9805,3147.0000,3335.9305,3262.0000,1237.6768,642.7789
2025-04-07,15,413.0000,501.6620,761.3911,469.6976,1122.4337,2908.0167,3403.3483,3719.1191,3603.0000,1291.6179,746.3090
2025-04-11,15,249.0000,289.4509,681.1949,371.9032,1146.3490,3096.5477,3604.7827,3798.7891,3773.9122,1380.2360,721.5600
2025-04-11,15,405.0000,413.8789,756.0000,450.2513,1182.0000,3043.3740,3498.0000,3719.0039,3696.0000,1396.8140,716.1126
2025-04-12,15,0.0000,33.5737,475.7558,227.2892,1084.0448,2941.3645,3391.0000,3642.0642,3604.9307,1308.0494,659.6161
2025-04-12,15,335.0000,377.0256,689.0779,413.5996,1177.8233,2834.0000,3228.6780,3476.8671,3460.4526,1306.8532,675.4469
2025-04-19,15,284.0000,304.3723,557.2507,301.2695,989.1350,2842.9455,3420.0000,3542.8492,3614.0000,1275.6650,616.9714
2025-04-19,15,288.0000,294.3097,548.0279,285.5073,989.7625,2865.5584,3435.8560,3524.8686,3596.3863,1268.1430,612.7750
2025-04-22,15,71.0000,130.1597,401.0293,213.8823,802.2405,2605.9675,3240.5800,3285.8834,3438.5251,1196.1445,586.8332
2025-04-22,15,148.0000,185.4927,441.7856,238.3345,826.2708,2635.0000,3283.4430,3286.3311,3449.0000,1204.7414,596.0666
2025-04-24,15,-9999.0000,-9999.0000,-9999.0000,-9999.0000,-9999.0000,-9999.0000,-9999.0000,-9999.0000,-9999.0000,-9999.0000,-9999.0000
2025-04-24,15,-9999.0000,-9999.0000,-9999.0000,-9999.0000,-9999.0000,-9999.0000,-9999.0000,-9999.0000,-9999.0000,-9999.0000,-9999.0000
2025-04-24,15,610.0000,503.0000,667.0000,458.1356,877.0000,2316.4513,2852.0000,2678.0000,2972.0000,1034.0000,579.0000
2025-04-24,15,739.0000,628.9381,778.0000,552.0000,955.0000,2256.0000,2702.0832,2614.0000,2869.0000,1045.0000,581.0000
2025-04-27,15,75.0000,184.1819,364.7818,176.0000,608.4196,2372.0000,3222.4644,3299.9099,3414.8092,979.5765,496.8452
2025-04-27,15,245.0000,316.2176,460.7429,258.6851,683.0000,2364.1147,3180.0150,3242.9388,3353.5858,980.0359,497.0478
2025-04-29,15,112.0000,144.7011,393.1235,173.8329,812.2330,2885.7553,3667.1751,3776.9531,3880.0000,1211.5459,561.0127
2025-04-29,15,286.0000,294.0156,505.0394,273.1932,885.9458,2833.9602,3588.7441,3738.5564,3783.0000,1204.0870,566.0495
2025-05-01,15,231.0000,237.2979,448.6028,233.5030,740.4422,2818.3054,3652.9743,3717.7404,3866.0922,1220.5774,594.5253
2025-05-01,15,346.0000,336.2565,525.4712,304.4985,778.0000,2789.9595,3622.9048,3683.0053,3834.0000,1227.1853,594.7197
2025-05-02,15,225.0000,254.3338,445.6899,240.7203,756.3282,2602.7029,3429.6379,3480.5372,3629.0000,1116.0000,532.8521
2025-05-02,15,296.0000,310.2249,489.3950,265.4206,777.0494,2618.7341,3372.0942,3482.8589,3579.3109,1131.7429,539.0105
2025-05-04,15,801.0000,906.4116,1096.8091,904.6145,1421.6805,3083.0000,3842.3099,3875.1627,3921.9278,1553.0000,1084.8439
2025-05-04,15,856.0000,946.0913,1100.8959,901.7458,1377.1423,2915.0000,3651.0015,3682.3254,3772.4000,1532.0000,1081.2914
2025-05-04,15,378.0983,681.3774,860.5956,646.5538,1132.0301,2927.0000,3773.7407,3831.0060,3964.1650,1401.2150,874.1997
2025-05-04,15,697.0000,848.6303,974.4190,753.0643,1186.1246,2755.0000,3496.0000,3563.9152,3697.0000,1393.7248,876.9645
2025-05-09,15,236.0000,220.3346,434.2081,225.7245,866.3628,2727.3542,3427.2467,3543.7373,3656.4576,1227.6828,578.6533
2025-05-09,15,241.0000,222.5000,433.0448,225.5348,849.6702,2697.8806,3349.4862,3558.2857,3678.0000,1211.7306,570.6352
2025-05-11,15,203.0000,245.8800,473.0885,264.7896,752.2184,2666.0262,3454.7374,3575.1042,3748.3632,1243.3316,618.3861
2025-05-11,15,295.0000,304.0000,513.1435,305.7162,781.3325,2675.2635,3465.0000,3571.7411,3694.4557,1253.9986,626.1850
2025-05-12,15,0.0000,0.0195,213.4883,60.4690,603.1961,2468.2464,3227.0000,3413.3715,3565.0000,1148.3110,553.4244
2025-05-12,15,117.0000,105.3697,321.8639,145.4317,705.6959,2500.5607,3225.0000,3396.4052,3541.4927,1156.4195,578.8065
