2017-01-24,45,538.0000,696.6148,881.4218,1017.7505,1309.0035,1531.7982,1620.2657,1767.8545,1771.7877,1881.7751,1381.2921
2017-04-11,45,1817.0000,1692.0134,1883.1394,2107.9346,2283.2495,2467.0657,2531.3642,2599.7058,2658.8459,3131.1618,2935.9106
2017-04-21,45,1164.5594,1491.7225,1964.0182,2455.6891,2667.0294,2820.2047,2907.2538,3127.6771,3035.7975,3573.5694,3384.3863
2017-04-21,45,1814.0000,1915.4317,2195.9164,2582.9916,2724.6661,2867.3714,2939.0913,3159.5533,3066.5441,3608.3996,3369.4725
2017-04-24,45,-9999.0000,-9999.0000,-9999.0000,-9999.0000,-9999.0000,-9999.0000,-9999.0000,-9999.0000,-9999.0000,-9999.0000,-9999.0000
2017-05-01,45,1906.6202,1965.9937,2109.2676,2197.6255,2385.6020,2628.7008,2715.1039,2803.1600,2770.8361,2445.9722,2094.2376
2017-05-04,45,1164.0000,1299.2769,1499.0163,1715.8519,1867.9249,2058.0731,2181.2613,2190.2302,2283.2862,2178.4921,1628.0223
2017-05-04,45,1070.7773,1341.4342,1564.5000,1762.2070,1955.5799,2324.4172,2484.0000,2456.6667,2637.0000,2247.0000,1603.9627
2017-05-14,45,838.0000,1243.1360,1700.1110,1883.2190,2326.1878,2540.0441,2616.9779,2615.1354,2694.8011,2963.3354,2552.2602
2017-05-14,45,1254.0000,1491.9023,1842.7483,1960.5377,2379.2270,2579.4242,2630.4009,2646.9059,2728.4743,2986.7620,2565.0507
2017-05-21,45,-9999.0000,-9999.0000,-9999.0000,-9999.0000,-9999.0000,-9999.0000,-9999.0000,-9999.0000,-9999.0000,-9999.0000,-9999.0000
2017-05-21,45,-9999.0000,-9999.0000,-9999.0000,-9999.0000,-9999.0000,-9999.0000,-9999.0000,-9999.0000,-9999.0000,-9999.0000,-9999.0000
2017-05-24,45,2054.4849,2182.2138,2599.9578,2887.6696,3268.5649,3508.1514,3612.0020,3595.9594,3741.3690,3927.7951,3479.3416
2017-05-24,45,1654.4663,1964.3011,2343.8706,2617.2094,2983.7060,3277.1793,3412.8030,3387.7505,3547.7726,3782.5767,3385.9145
2017-05-31,45,1917.0000,1985.0039,2219.6429,2243.3405,2586.5813,3186.0000,3355.0024,3339.1532,3506.0929,3161.8630,2571.6360
2017-06-03,45,1422.0000,1767.4496,2168.9617,2296.4969,2679.9657,3362.5234,3588.4712,3531.1015,3690.4097,3510.1410,2873.2349
2017-06-03,45,1564.1648,1656.4985,2103.9481,2248.2100,2649.2327,3347.3038,3562.3079,3506.7790,3676.6266,3480.0240,2870.6202
2017-06-10,45,1331.9190,1571.1485,1929.2783,1945.4143,2393.7581,3667.5797,3988.0802,3942.6286,4099.5093,3331.5826,2568.5711
2017-06-13,45,1010.0000,1260.2663,1592.0666,1606.9648,2022.7578,3229.2938,3650.5514,3619.3591,3787.9360,3066.4910,2309.1687
2017-06-13,45,1020.1477,1267.9597,1579.4566,1592.7251,2021.9799,3211.4096,3643.1371,3579.6924,3763.2340,3031.5728,2292.6538
2017-06-20,45,453.0000,781.3920,1208.9851,1254.1347,1755.0568,3410.2962,3996.3159,3991.4332,4135.4214,2872.9308,2058.3170
2017-06-20,45,962.0000,1083.5547,1352.8632,1319.1394,1751.5046,3429.4686,4012.3043,4022.4424,4165.8122,2854.6077,2022.8830
2017-06-23,45,758.0000,867.9783,1187.7299,1143.4898,1569.0264,3227.5894,3991.9845,3927.6705,4136.9499,2555.0583,1749.1582
2017-06-23,45,820.2590,932.9320,1226.4797,1159.3574,1597.4453,3291.2153,4066.7722,3993.0743,4198.7775,2565.0388,1747.0395
2017-07-03,45,253.2154,243.0110,435.5567,295.7697,667.3718,2700.2225,3668.3618,3682.8965,3804.3316,1755.1446,956.2363
2017-07-03,45,215.0000,234.6390,443.4701,331.5515,699.7013,2699.9312,3652.0228,3652.1167,3785.7566,1746.8598,948.6480
2017-07-08,45,425.0000,493.1797,643.4980,531.3817,867.3110,2526.9557,3587.5264,3571.1863,3747.8668,1732.3911,1034.2476
2017-07-10,45,1.0000,1.0331,291.2766,187.5754,628.3689,2770.3846,3850.0000,3836.5766,3964.9353,1611.3808,779.1153
2017-07-10,45,108.0000,155.3001,363.1643,195.4650,603.2164,2769.6759,3858.5865,3832.2733,3979.4368,1603.5949,777.7618
2017-07-13,45,1.0000,43.5886,323.6458,227.3679,651.1040,2657.7245,3851.8343,3795.1925,4035.8979,1642.9344,812.9901
2017-07-13,45,57.0000,171.1473,395.0281,267.6071,667.2054,2633.2356,3795.5662,3747.1533,3970.7329,1644.7222,802.2552
2017-07-20,45,629.8405,619.7293,787.5460,635.9154,1012.4768,2698.9054,3569.4940,3539.9511,3770.3360,1724.8051,922.8130
2017-07-20,45,529.2226,467.6913,664.4818,471.3274,891.3660,2932.0291,4012.4949,3939.0378,4209.1498,1765.4461,915.2544
2017-07-23,45,42.0000,347.6378,594.8518,491.7405,882.9672,2458.6071,3378.9013,3362.8312,3660.6086,1715.8456,907.6833
2017-07-23,45,361.5908,451.7249,618.9312,450.7793,844.2860,2517.2641,3514.3366,3499.7048,3803.6583,1731.0116,910.3536
2017-07-30,45,-9999.0000,-9999.0000,-9999.0000,-9999.0000,-9999.0000,-9999.0000,-9999.0000,-9999.0000,-9999.0000,-9999.0000,-9999.0000
2017-08-02,45,294.0000,379.5806,571.7995,467.8773,852.0578,2345.9087,3170.6175,3162.5954,3449.7216,1787.2601,994.7110
2017-08-02,45,242.0000,387.5204,571.5555,475.0479,860.0677,2337.0854,3147.8143,3146.5547,3435.5431,1780.5806,996.8046
2017-08-09,45,276.0000,459.1960,787.5610,756.0259,1232.5988,2629.3820,3250.3155,3275.6925,3586.9085,2154.3948,1308.4127
2017-08-09,45,386.5912,507.6743,802.9792,763.1877,1229.1138,2597.1840,3202.3630,3204.1647,3507.8357,2115.8669,1283.3161
2017-08-12,45,82.0000,106.3362,152.2500,120.0000,259.0000,667.0000,847.0000,836.1542,919.0000,424.5051,238.1779
2017-08-12,45,5.0000,56.0690,144.4837,150.3487,304.0000,696.0083,854.0000,850.0000,925.7070,476.0000,278.0000
2017-08-19,45,-9999.0000,-9999.0000,-9999.0000,-9999.0000,-9999.0000,-9999.0000,-9999.0000,-9999.0000,-9999.0000,-9999.0000,-9999.0000
2017-08-22,45,442.0000,587.9372,811.8976,914.7578,1354.7742,2274.6515,2707.2011,2907.5087,3060.1693,2347.8850,1499.7822
2017-08-22,45,457.0000,587.7067,812.5648,907.1278,1347.7104,2273.6523,2698.8709,2907.2867,3060.5159,2346.1854,1500.9452
2017-08-29,45,176.0000,387.4546,644.5205,886.8724,1260.3613,1865.7433,2106.4770,2263.6649,2456.1732,2375.7279,1562.1020
2017-08-29,45,392.0000,531.9214,708.3775,903.7686,1253.1740,1843.7830,2115.0928,2247.4533,2440.4012,2359.9530,1541.0742
2017-09-08,45,253.0000,453.3190,621.3018,803.0866,1108.1974,1611.7199,1779.3909,1879.3886,2041.0532,2243.6345,1555.5044
2017-09-08,45,352.1796,417.4558,613.3664,811.6231,1101.7960,1603.9140,1786.3957,1863.0306,2039.2975,2221.6657,1549.5216
2017-09-18,45,365.0000,419.6626,563.1790,683.2787,961.4111,1418.3087,1545.4080,1655.5645,1750.3495,2116.3956,1586.7485
2017-09-18,45,218.0000,397.4101,605.3429,731.3618,993.2940,1420.4976,1570.2513,1655.8321,1747.2196,2052.0202,1556.0872
2017-09-21,45,387.0000,417.4383,489.6998,531.2270,761.0006,1130.5615,1272.4645,1334.9656,1414.8015,1667.1356,1250.8414
2017-09-21,45,441.0000,453.4404,509.5517,545.4226,769.5714,1132.1446,1274.1443,1334.4740,1415.3727,1658.9778,1242.0192
2017-09-28,45,466.2556,597.5692,737.7759,797.4806,1081.5756,1481.6251,1588.6970,1717.8938,1784.2863,2017.9420,1475.4574
2017-09-28,45,743.0000,793.4806,865.4430,861.2793,1121.3773,1483.8006,1607.0926,1703.0827,1750.3204,1961.5526,1459.1091
2017-10-01,45,-9999.0000,-9999.0000,-9999.0000,-9999.0000,-9999.0000,-9999.0000,-9999.0000,-9999.0000,-9999.0000,-9999.0000,-9999.0000
2017-10-08,45,-9999.0000,-9999.0000,-9999.0000,-9999.0000,-9999.0000,-9999.0000,-9999.0000,-9999.0000,-9999.0000,-9999.0000,-9999.0000
2017-10-08,45,-9999.0000,-9999.0000,-9999.0000,-9999.0000,-9999.0000,-9999.0000,-9999.0000,-9999.0000,-9999.0000,-9999.0000,-9999.0000
2017-10-11,45,-9999.0000,-9999.0000,-9999.0000,-9999.0000,-9999.0000,-9999.0000,-9999.0000,-9999.0000,-9999.0000,-9999.0000,-9999.0000
2017-10-18,45,-9999.0000,-9999.0000,-9999.0000,-9999.0000,-9999.0000,-9999.0000,-9999.0000,-9999.0000,-9999.0000,-9999.0000,-9999.0000
2017-10-31,45,1273.0000,1412.0056,1540.1008,1673.9656,1976.9395,2267.4374,2418.5673,2615.7008,2665.9258,2997.6131,2295.5773
2017-10-31,45,1278.0000,1444.5979,1564.7213,1714.9646,2053.0020,2324.1469,2490.4142,2678.9793,2733.4108,3159.2272,2437.0000
2017-11-10,45,-9999.0000,-9999.0000,-9999.0000,-9999.0000,-9999.0000,-9999.0000,-9999.0000,-9999.0000,-9999.0000,-9999.0000,-9999.0000
2017-11-10,45,-9999.0000,-9999.0000,-9999.0000,-9999.0000,-9999.0000,-9999.0000,-9999.0000,-9999.0000,-9999.0000,-9999.0000,-9999.0000
2017-11-17,45,128.0000,364.6383,593.5303,778.3728,1006.1988,1227.7530,1348.0000,1405.0320,1510.0000,1522.6923,1065.0000
2017-11-17,45,602.0000,692.7364,769.1222,852.4270,1025.0000,1237.7630,1361.0000,1417.5183,1555.3608,1498.0029,1050.3349
2017-11-20,45,432.0000,817.9403,1061.5454,1379.4326,1603.5674,1739.3974,1874.9083,2104.2549,2130.5378,2628.0555,1995.4858
2017-11-20,45,814.0000,982.0471,1125.7746,1380.2039,1596.2275,1738.3161,1875.3033,2103.7482,2131.1506,2636.7032,1986.9538
2017-11-27,45,160.0000,521.5347,699.7589,939.3572,1125.1017,1239.9938,1334.6259,1446.2660,1493.3792,1618.7295,1162.0251
2017-11-27,45,383.0000,605.0286,761.7360,947.3333,1113.3561,1236.5606,1318.9890,1431.4949,1446.8592,1571.2780,1124.6797
2017-12-07,45,549.0000,737.3746,893.3095,1041.3833,1200.9538,1258.0985,1291.8716,1334.8235,1352.3668,1413.2097,1085.8184
2017-12-17,45,181.0000,561.5580,721.5171,1003.9490,1147.5039,1211.7096,1254.5801,1351.5061,1366.6967,1489.7982,1161.2035
2017-12-17,45,428.2113,657.8226,785.4080,1011.8510,1137.3526,1196.8031,1240.7043,1335.7402,1303.6171,1427.3981,1117.3219
2017-12-20,45,308.0000,549.7551,669.5468,858.0016,968.7634,1011.6526,1035.2902,1110.5525,1094.0743,1209.4611,942.0677
2017-12-20,45,380.0000,581.4020,685.3899,857.5608,977.6130,1019.4735,1042.0803,1110.4044,1111.9726,1217.4796,936.8945
2017-12-22,45,-9999.0000,-9999.0000,-9999.0000,-9999.0000,-9999.0000,-9999.0000,-9999.0000,-9999.0000,-9999.0000,-9999.0000,-9999.0000
2017-12-25,45,-9999.0000,-9999.0000,-9999.0000,-9999.0000,-9999.0000,-9999.0000,-9999.0000,-9999.0000,-9999.0000,-9999.0000,-9999.0000
2017-12-25,45,-9999.0000,-9999.0000,-9999.0000,-9999.0000,-9999.0000,-9999.0000,-9999.0000,-9999.0000,-9999.0000,-9999.0000,-9999.0000
2018-01-06,45,-9999.0000,-9999.0000,-9999.0000,-9999.0000,-9999.0000,-9999.0000,-9999.0000,-9999.0000,-9999.0000,-9999.0000,-9999.0000
2018-01-11,45,147.0000,465.3358,595.5912,770.4938,808.0631,898.6416,1020.0224,1082.2676,1112.6464,1053.9217,793.8776
2018-01-11,45,306.0081,585.5127,682.7279,819.5015,890.0639,956.6454,1052.4798,1091.8716,1110.3129,1035.6277,819.1688
2018-01-14,45,-9999.0000,-9999.0000,-9999.0000,-9999.0000,-9999.0000,-9999.0000,-9999.0000,-9999.0000,-9999.0000,-9999.0000,-9999.0000
2018-01-14,45,419.6086,890.6583,1051.0744,1226.3939,1321.3580,1433.5083,1558.2348,1690.3907,1639.7887,1707.3047,1524.0228
2018-01-19,45,-9999.0000,-9999.0000,-9999.0000,-9999.0000,-9999.0000,-9999.0000,-9999.0000,-9999.0000,-9999.0000,-9999.0000,-9999.0000
2018-01-19,45,-9999.0000,-9999.0000,-9999.0000,-9999.0000,-9999.0000,-9999.0000,-9999.0000,-9999.0000,-9999.0000,-9999.0000,-9999.0000
2018-01-21,45,279.0000,649.6389,833.5185,1123.1171,1286.2071,1355.2588,1418.9651,1527.0309,1492.3956,1691.2687,1376.9154
2018-01-21,45,476.0000,769.6282,901.4075,1123.4410,1256.7939,1321.9074,1394.9968,1479.4328,1458.2940,1636.6504,1329.3320
2018-02-08,45,-9999.0000,-9999.0000,-9999.0000,-9999.0000,-9999.0000,-9999.0000,-9999.0000,-9999.0000,-9999.0000,-9999.0000,-9999.0000
2018-02-10,45,460.7522,773.6983,915.4723,1227.7065,1403.5539,1482.6441,1540.8520,1639.5376,1620.0197,1808.0286,1473.7926
2018-02-10,45,484.6690,809.5159,986.8412,1218.9167,1389.5957,1452.1327,1508.0999,1512.2982,1586.7697,1769.6619,1429.7760
2018-02-13,45,1076.0000,1293.5103,1400.7387,1533.7525,1645.5173,1752.4933,1857.4301,1964.9686,1907.0000,1352.0000,1162.0000
2018-02-13,45,1192.0000,1329.5832,1445.2583,1561.6938,1696.2000,1838.2552,1927.0000,2029.8428,1978.0819,1360.6368,1160.7855
2018-02-25,45,1740.6475,2042.6358,2300.4276,2552.3491,2788.2510,2851.5844,2915.7469,2971.6320,3003.5264,3155.0249,2875.1363
2018-02-25,45,1811.3115,2107.2212,2347.7845,2600.2560,2819.8584,2874.3023,2932.1568,2995.3317,3020.9789,3147.6615,2860.8734
2018-02-28,45,1552.0000,1826.9686,2083.7225,2299.9777,2523.9296,2610.2090,2675.1507,2755.2477,2810.2997,3386.0809,3093.2734
2018-02-28,45,1629.0000,1875.6051,2107.4364,2314.9007,2531.2806,2618.4150,2682.5851,2754.9704,2812.3218,3368.7544,3096.2016
2018-03-12,45,-9999.0000,-9999.0000,-9999.0000,-9999.0000,-9999.0000,-9999.0000,-9999.0000,-9999.0000,-9999.0000,-9999.0000,-9999.0000
2018-03-20,45,-9999.0000,-9999.0000,-9999.0000,-9999.0000,-9999.0000,-9999.0000,-9999.0000,-9999.0000,-9999.0000,-9999.0000,-9999.0000
2018-03-20,45,-9999.0000,-9999.0000,-9999.0000,-9999.0000,-9999.0000,-9999.0000,-9999.0000,-9999.0000,-9999.0000,-9999.0000,-9999.0000
2018-03-22,45,1177.0000,1707.9069,2007.2406,2344.6865,2517.5907,2593.7069,2675.7234,2790.1028,2788.6091,3221.5579,2934.5646
2018-03-22,45,1090.1362,1580.6488,1898.9831,2215.7572,2401.7346,2482.6992,2562.2503,2675.7086,2675.3795,3155.0884,2917.6360
2018-03-25,45,1191.0000,1620.2673,1884.7056,2132.1468,2346.4879,2445.1764,2540.0000,2563.5606,2650.7390,3190.4618,3066.7877
2018-03-25,45,1268.0000,1644.1260,1891.5584,2131.8546,2340.7819,2434.8122,2542.5159,2564.1702,2659.9109,3174.3803,3061.7270
2018-03-27,45,1664.0000,1851.6462,2051.8536,2331.2371,2637.0921,2813.3233,2922.3110,3090.9207,3074.2185,3671.0180,3369.2159
2018-03-27,45,1675.0000,1843.0786,2051.0540,2322.9828,2627.9231,2809.5232,2908.0776,3075.9067,3060.4421,3652.8931,3348.3322
2018-03-30,45,-9999.0000,-9999.0000,-9999.0000,-9999.0000,-9999.0000,-9999.0000,-9999.0000,-9999.0000,-9999.0000,-9999.0000,-9999.0000
2018-03-30,45,-9999.0000,-9999.0000,-9999.0000,-9999.0000,-9999.0000,-9999.0000,-9999.0000,-9999.0000,-9999.0000,-9999.0000,-9999.0000
2018-04-01,45,797.0000,1194.5989,1363.9000,1565.2345,1796.6993,1960.9398,2068.9285,2265.2719,2206.0000,2251.2773,1836.2544
2018-04-01,45,809.0000,1218.9871,1362.9552,1531.1211,1764.1490,1923.0061,2043.4918,2234.1054,2178.0000,2212.2563,1820.1536
2018-04-06,45,793.0000,1027.3062,1291.0497,1538.9704,1755.8555,1820.5718,1851.8338,1943.4946,1939.3815,2221.3565,1873.5064
2018-04-06,45,844.6870,1030.1529,1268.9667,1476.0519,1674.1072,1762.9089,1819.2599,1911.3259,1907.4345,2157.4615,1825.2761
2018-04-11,45,1821.0000,1845.2741,1909.1599,1969.6300,2169.2297,2275.1163,2402.7859,2372.1254,2444.6202,2258.1008,1933.7446
2018-04-14,45,574.0000,841.6014,1013.1813,1195.3547,1353.5396,1458.9693,1531.6103,1591.4015,1592.3387,1824.9596,1595.3519
2018-04-14,45,640.3360,869.7082,1029.3674,1196.6165,1345.6080,1459.1408,1538.5313,1591.4594,1596.5764,1805.7176,1588.4915
2018-04-16,45,-9999.0000,-9999.0000,-9999.0000,-9999.0000,-9999.0000,-9999.0000,-9999.0000,-9999.0000,-9999.0000,-9999.0000,-9999.0000
2018-04-16,45,-9999.0000,-9999.0000,-9999.0000,-9999.0000,-9999.0000,-9999.0000,-9999.0000,-9999.0000,-9999.0000,-9999.0000,-9999.0000
2018-04-19,45,1151.0000,1459.4992,1763.5250,1995.6527,2195.9776,2306.2476,2362.9239,2454.7421,2434.1983,2732.2324,2482.8826
2018-04-19,45,1166.0000,1451.3336,1747.0957,1963.2481,2164.2213,2276.1203,2346.8475,2423.8274,2418.5479,2707.1627,2475.6956
2018-04-21,45,1355.0000,1844.0588,2163.3490,2422.5185,2659.5617,2763.5959,2857.3122,2966.9840,2904.0013,3207.2333,3047.6553
2018-04-21,45,1210.9607,1635.2870,1979.1650,2231.9243,2476.8236,2618.3351,2723.5677,2854.7322,2780.2284,3080.2196,2966.2123
2018-04-24,45,1341.1864,1688.8453,1899.0560,1979.6938,2275.3488,2563.2705,2763.7578,2746.2153,2812.1305,2922.9066,2775.8789
2018-04-24,45,1460.9249,1657.0313,1861.3685,1923.8042,2218.4026,2547.2693,2755.8387,2747.4347,2811.5128,2876.2573,2743.4568
2018-04-26,45,1528.0000,1859.2701,2211.0216,2455.6153,2698.9936,2890.7601,2964.2859,2965.6488,3035.9531,3218.9762,2952.4676
2018-04-26,45,1412.8204,1731.7522,2115.2024,2359.3112,2604.0864,2819.1551,2898.5502,2903.6946,2980.7181,3171.1180,2887.9130
2018-04-29,45,1352.5395,1659.4450,1979.4423,2171.3091,2388.2449,2603.8445,2715.7353,2711.8350,2795.5013,2891.8042,2599.4969
2018-04-29,45,1362.0000,1635.4371,1940.0361,2114.8296,2332.3935,2571.4324,2683.5129,2680.5946,2764.0020,2858.3871,2582.5287
2018-05-04,45,1043.0000,1301.4507,1457.4658,1537.5016,1748.7749,2026.7454,2196.6282,2232.2573,2251.3063,1881.5788,1553.5878
2018-05-04,45,1057.0000,1305.3650,1469.5352,1547.9075,1753.5246,2050.5137,2220.8864,2264.3709,2282.5189,1881.9374,1549.5047
2018-05-06,45,1005.3287,1181.7300,1449.4740,1587.2218,1836.6505,2236.7075,2358.9218,2343.2708,2456.3914,2465.3142,2036.0169
2018-05-06,45,998.1113,1196.2325,1491.7138,1659.5890,1901.2657,2275.3543,2406.9393,2376.3590,2486.8699,2491.6605,2050.3113
2018-05-09,45,1514.6207,1851.4230,2154.5807,2343.3417,2635.1550,2929.5291,3067.0714,3106.7173,3171.7978,3068.0099,2727.9389
2018-05-09,45,1477.0000,1779.1832,2099.1252,2307.5427,2594.9989,2905.4367,3051.1798,3083.4256,3139.2675,3050.9267,2711.1984
2018-05-11,45,2027.0849,2504.3341,2951.3589,3271.4147,3698.0000,4206.2290,4570.8724,4534.0844,4694.4612,4797.4315,4461.0917
2018-05-11,45,2052.6150,2582.8139,3062.5284,3381.1901,3851.4873,4273.0000,4609.3978,4598.0154,4753.9487,4915.5196,4580.5120
2018-05-16,45,-9999.0000,-9999.0000,-9999.0000,-9999.0000,-9999.0000,-9999.0000,-9999.0000,-9999.0000,-9999.0000,-9999.0000,-9999.0000
2018-05-16,45,-9999.0000,-9999.0000,-9999.0000,-9999.0000,-9999.0000,-9999.0000,-9999.0000,-9999.0000,-9999.0000,-9999.0000,-9999.0000
2018-05-19,45,1354.2011,1640.1699,2070.6905,2295.2378,2645.5010,3198.9580,3378.9773,3415.2921,3484.7052,3383.8908,2904.8467
2018-05-19,45,1330.3850,1659.5610,2023.7186,2232.8401,2567.3541,3121.3875,3323.6146,3352.3070,3427.7689,3321.1771,2885.5576
2018-05-21,45,1473.5882,1959.0628,2327.3388,2632.0412,2967.6446,3651.8450,3944.9872,3944.4653,4040.1831,3928.8516,3636.7579
2018-05-21,45,1514.0301,1958.2030,2329.1534,2615.5518,2949.8953,3619.4801,3895.0427,3911.3544,3993.0463,3893.7010,3610.3566
2018-05-24,45,-9999.0000,-9999.0000,-9999.0000,-9999.0000,-9999.0000,-9999.0000,-9999.0000,-9999.0000,-9999.0000,-9999.0000,-9999.0000
2018-05-24,45,-9999.0000,-9999.0000,-9999.0000,-9999.0000,-9999.0000,-9999.0000,-9999.0000,-9999.0000,-9999.0000,-9999.0000,-9999.0000
2018-05-26,45,1572.0000,1907.6640,2282.5815,2615.6421,2855.5698,3083.9617,3205.9950,3222.6579,3350.8139,3655.7212,3337.5654
2018-05-26,45,1437.0000,1755.9487,2155.4698,2486.5570,2739.2998,2995.4475,3131.5732,3127.3598,3255.4978,3573.5941,3286.9023
2018-05-31,45,1633.0000,1970.9561,2227.7108,2387.1088,2676.0960,2933.8935,3146.8233,3115.4573,3211.1955,3219.2827,2951.7909
2018-05-31,45,1640.0000,1986.8436,2242.3938,2394.4989,2666.8496,2921.7794,3148.7534,3115.0042,3203.5332,3188.0379,2903.0087
2018-06-03,45,1266.5946,1611.8106,1907.9350,2106.1168,2355.3717,2673.2081,2907.3935,2899.5216,3002.2549,3084.1794,2839.7760
2018-06-03,45,1307.0000,1626.3600,1923.2288,2114.2243,2371.2891,2705.3990,2939.3607,2919.0167,3027.8940,3091.6547,2838.9892
2018-06-05,45,1508.0347,1803.6961,2155.0697,2374.4212,2691.8816,3115.4102,3265.9202,3237.7807,3379.0977,3446.6941,3063.5625
2018-06-05,45,1513.0322,1756.0834,2090.3687,2312.1244,2635.7496,3053.0991,3202.8041,3175.4096,3314.8056,3399.3751,3032.4025
2018-06-10,45,921.0000,1156.6974,1418.3251,1531.9986,1852.8005,2372.0523,2614.5973,2551.7282,2679.0294,2603.4722,2124.8464
2018-06-10,45,774.0000,1069.0466,1365.4740,1490.7341,1811.8932,2314.6449,2568.2577,2502.7628,2647.6194,2563.4024,2100.5470
2018-06-13,45,1324.5957,1738.9882,2171.4153,2360.2407,2823.8058,3372.6924,3658.7002,3634.8695,3804.0336,3785.9854,3333.7473
2018-06-13,45,1482.9288,1803.2476,2186.6028,2325.0265,2790.5264,3361.6653,3666.7100,3627.1022,3803.2767,3767.5325,3317.7311
2018-06-15,45,1747.5381,2103.9781,2583.0034,2775.1175,3287.1881,4044.6396,4233.8373,4261.7126,4405.4001,4299.1904,3577.1399
2018-06-15,45,1746.6205,2104.0296,2567.0785,2742.7976,3254.8683,4012.8356,4187.8762,4230.2742,4346.3948,4264.3861,3542.3462
2018-06-18,45,977.0000,1245.0909,1597.0000,1708.0000,2085.0000,2487.0000,2650.9379,2646.0000,2761.0000,2602.5037,1849.0000
2018-06-18,45,1057.0000,1306.0000,1644.0000,1766.0000,2136.0000,2681.0000,2872.0000,2842.0000,2997.8196,2713.0000,1958.0000
2018-06-20,45,1579.6938,2087.0038,2535.7762,2728.3634,3239.2578,3803.8550,4067.1299,4042.1824,4189.0425,4149.2869,3574.5846
2018-06-20,45,1387.6848,1874.8402,2343.3982,2567.7582,3046.7691,3597.7963,3867.4892,3851.5339,3987.1788,4056.1681,3511.1951
2018-06-23,45,509.0000,844.1851,1179.2466,1330.9894,1707.2163,2292.6249,2482.7895,2567.1358,2599.1786,2364.5543,1773.7055
2018-06-23,45,704.3738,929.3199,1210.6034,1331.2768,1691.6346,2266.7326,2467.4879,2550.7019,2586.2180,2348.9092,1763.4972
2018-06-30,45,995.0000,1323.3929,1768.1144,1688.9060,2393.1023,3922.9370,4363.5122,4353.0601,4483.9487,3654.5512,2728.5077
2018-06-30,45,1008.6318,1299.2300,1706.9485,1637.3145,2307.1469,3740.0029,4188.2746,4177.4861,4307.1455,3577.4220,2678.6742
2018-07-03,45,1134.4582,1312.8924,1549.4050,1462.0000,1890.0000,2837.5137,3240.0000,3138.0000,3325.0049,2381.2499,1712.0097
2018-07-03,45,1252.0000,1385.6006,1616.4197,1505.3320,1930.3799,2905.2990,3316.1473,3204.5162,3386.4353,2404.4304,1722.1687
2018-07-05,45,804.8974,939.0915,1314.8644,1176.0271,1862.6135,4075.6635,4647.9740,4598.5715,4836.7248,3284.4293,2105.0746
2018-07-05,45,699.0000,858.6812,1282.2393,1175.9725,1852.2950,4052.8358,4614.5465,4566.4174,4805.5750,3255.0215,2086.3278
2018-07-08,45,390.0000,481.3415,772.0921,594.6307,1132.2798,3099.9410,3660.8367,3655.2473,3763.0801,2050.5633,1227.3837
2018-07-10,45,-9999.0000,-9999.0000,-9999.0000,-9999.0000,-9999.0000,-9999.0000,-9999.0000,-9999.0000,-9999.0000,-9999.0000,-9999.0000
2018-07-13,45,81.0000,307.9115,650.5545,427.4140,1067.7235,3820.5268,4838.4118,4807.1705,4934.2738,2540.4218,1395.0216
2018-07-13,45,350.6123,461.9394,715.0843,474.7082,1059.4701,3666.8598,4632.9549,4613.9176,4793.6751,2507.2400,1388.2532
2018-07-15,45,541.0000,482.8765,772.2736,483.0287,1139.4714,4262.8846,5271.7809,5204.3394,5481.3897,2803.3974,1483.2292
2018-07-15,45,464.3329,488.7924,771.5885,482.8995,1131.6430,4265.1272,5240.1891,5172.2656,5451.4615,2778.4730,1460.2202
2018-07-18,45,340.6152,371.6811,602.6650,371.1889,939.2673,3900.9988,5079.8509,5128.0996,5273.1898,2476.0903,1275.4549
2018-07-18,45,382.0000,411.5458,620.7408,387.4351,948.1398,3874.4706,5026.1702,5079.9656,5220.1068,2460.1932,1267.7758
2018-07-20,45,452.0000,515.1569,699.9656,434.9149,1003.2006,4034.4672,5526.9803,5479.8506,5703.9681,2732.7995,1381.4204
2018-07-20,45,266.4422,450.9725,683.1271,442.9748,1010.6809,3968.7406,5430.8727,5398.2571,5640.6708,2708.3079,1368.1772
2018-07-23,45,452.0000,328.0000,551.0000,389.0000,758.0000,2715.0000,3842.0000,4356.0000,3931.0000,1533.0000,859.0000
2018-07-23,45,-9999.0000,-9999.0000,-9999.0000,-9999.0000,-9999.0000,-9999.0000,-9999.0000,-9999.0000,-9999.0000,-9999.0000,-9999.0000
2018-07-25,45,366.0000,387.8887,579.3114,343.4706,859.2281,4103.5509,5558.3575,5544.3224,5766.7322,2555.0906,1222.2423
2018-07-25,45,290.0000,363.4329,588.0258,379.3943,875.3265,3938.7824,5319.6213,5349.8543,5577.2498,2507.5178,1210.7261
2018-07-28,45,306.0000,339.1648,515.1650,299.3672,771.9340,3658.7764,5141.1353,5110.7031,5401.5996,2269.1801,1075.6991
2018-07-28,45,316.4034,377.5247,563.8038,362.7040,804.0254,3530.2311,4940.7424,4901.3622,5204.3161,2252.4070,1075.0996
2018-07-30,45,244.0000,307.2178,467.9816,247.1245,740.4828,3771.7809,5625.5328,5540.8657,5865.5829,2389.9239,1095.0816
2018-07-30,45,188.0000,315.7223,499.6910,295.5641,762.5930,3594.8152,5350.1219,5252.5788,5592.7529,2340.0163,1094.8159
2018-08-02,45,50.0000,227.6466,452.0044,291.9866,747.4749,3507.7231,5257.2474,5155.5638,5558.2302,2092.5186,982.7911
2018-08-02,45,197.0000,339.2868,531.5396,347.7928,770.8205,3412.2536,5080.4648,4982.2357,5366.6242,2083.1563,979.1486
2018-08-04,45,289.0000,306.1090,467.8112,259.5075,706.5934,3756.9700,5270.2083,5219.4358,5546.7517,2188.0176,963.1910
2018-08-04,45,160.4959,243.2787,451.5640,275.1242,708.3222,3691.7269,5191.8959,5141.1046,5433.0972,2163.7903,954.3127
2018-08-07,45,139.0000,195.4981,379.7179,230.7690,627.2011,3363.9589,4966.8717,4903.3688,5240.2435,1867.7861,806.0361
2018-08-07,45,168.0000,227.5769,403.0408,247.2966,643.1030,3323.9189,4886.2773,4837.6305,5174.2842,1860.0230,806.7283
2018-08-09,45,385.0000,435.7195,523.8039,311.1866,714.9237,3266.0072,4964.5513,4902.8091,5253.0386,2022.7164,903.4948
2018-08-09,45,300.8252,419.6616,547.9294,359.5032,731.1507,3146.5981,4758.6928,4692.4864,5033.7730,1992.3075,903.3900
2018-08-12,45,34.7134,211.4022,387.5269,246.6593,612.2541,3035.2555,4586.5498,4568.5994,4855.7182,1752.2031,791.6510
2018-08-12,45,193.0000,299.2872,435.5285,263.9130,635.4366,2979.3513,4484.3284,4486.1456,4755.1427,1738.9718,791.4978
2018-08-14,45,464.0000,483.5024,667.7174,500.0635,954.9422,3541.0651,4691.7320,4678.5519,4997.3251,2153.5184,1075.4887
2018-08-14,45,538.9789,532.0614,699.9222,516.2415,946.5036,3449.4188,4570.3161,4482.9211,4835.2669,2099.2211,1053.1254
2018-08-17,45,211.0000,241.4796,395.5345,203.3396,651.0091,3387.4362,4777.5890,4791.4491,5014.3394,1786.8721,755.5410
2018-08-17,45,267.0000,237.4361,411.2471,227.2781,667.0092,3347.5050,4711.3835,4756.7321,4970.0131,1780.0434,754.4802
2018-08-19,45,1.0000,227.5786,435.2189,251.4609,739.2834,3499.2096,5078.2209,5079.6956,5320.5294,1972.1176,875.7131
2018-08-19,45,224.3777,371.1207,539.4013,331.1961,771.4864,3315.9780,4793.9848,4789.2949,5015.9365,1923.7094,855.2745
2018-08-22,45,230.5014,411.2463,603.6961,434.9831,858.3974,3092.6245,4360.2761,4376.0749,4568.9121,1755.6026,899.2623
2018-08-22,45,313.0000,467.3982,643.7352,459.2898,875.4583,3042.8093,4278.5496,4295.3350,4486.3321,1747.1008,891.7505
2018-08-24,45,1284.0000,1090.0000,1150.0000,812.6097,1311.0000,3787.7590,4904.0000,4968.3120,5398.2403,2380.4830,1054.0000
2018-08-24,45,1095.0000,972.2503,1116.0000,804.7454,1327.0000,3904.0000,5038.0000,5172.0000,5618.0000,2423.0000,1063.0000
2018-08-27,45,296.0000,261.3376,427.3967,179.2424,723.3345,3640.0729,4792.9118,4950.7983,5033.6309,1899.1980,835.9256
2018-08-27,45,330.0000,285.5130,443.1292,187.7169,731.1778,3634.0833,4778.9843,4950.4212,4999.3362,1899.2413,835.8447
2018-08-29,45,468.0000,565.6198,731.6490,467.4222,987.6866,3323.9637,4391.1924,4534.0279,4629.6707,1874.9424,906.2913
2018-08-29,45,321.0000,501.7361,717.2687,491.3768,981.3906,3259.2996,4309.5123,4437.7323,4518.4024,1851.6762,898.3925
2018-09-01,45,461.0000,566.4061,781.6232,472.7280,1142.0000,3393.0000,4312.4759,4150.6667,4482.0000,1851.0799,934.3229
2018-09-01,45,501.0000,608.5298,806.5251,490.8088,1137.0000,3322.0000,4162.3547,4066.0000,4345.0000,1836.2574,913.1550
2018-09-03,45,385.0000,465.3107,746.4890,396.9287,1183.0000,4116.0000,4908.7988,4938.1757,5209.7914,2173.0000,986.3385
2018-09-03,45,348.0000,314.0000,686.0000,383.0000,1230.0000,4349.0000,5341.0000,4784.0000,5647.0000,2025.0000,887.0000
2018-09-06,45,405.0000,561.7581,974.5862,754.1405,1530.0000,3597.2030,4247.0000,4374.0040,4454.3558,2199.0000,1219.1239
2018-09-06,45,829.0000,810.1074,1084.6513,818.3560,1525.6069,3419.1299,4035.8343,4132.0000,4276.0000,2169.4111,1217.6701
2018-09-08,45,4.0000,267.5501,682.7715,395.4893,1379.8565,3848.3504,4616.8887,4661.1796,4872.0918,2059.1285,962.7609
2018-09-08,45,110.8270,323.1371,707.5519,420.1211,1362.0774,3751.3703,4518.8300,4549.5326,4760.9568,2035.5984,954.1412
2018-09-16,45,104.5289,323.0189,811.4350,662.8774,1636.0156,2923.4429,3330.8480,3410.5051,3672.0000,2003.1155,1030.5220
2018-09-16,45,524.3064,531.2644,882.9755,683.4200,1626.6846,2883.1969,3284.7718,3371.6302,3635.2277,1995.6944,1028.0673
2018-09-18,45,84.2872,403.0492,835.2551,743.5155,1659.5256,2786.8469,3221.0079,3297.2481,3554.9354,2184.7170,1222.7877
2018-09-18,45,259.0000,491.4622,875.1331,772.0158,1626.6141,2698.5306,3114.6085,3186.0000,3436.2823,2136.8943,1206.6729
2018-09-21,45,414.6618,507.6315,771.8251,695.4600,1419.5131,2292.2195,2627.1638,2747.5040,2965.6676,2052.4730,1256.3268
2018-09-21,45,347.0000,491.1890,779.5031,711.9097,1420.7355,2275.0959,2603.3663,2723.3274,2932.2754,2042.1572,1239.0498
2018-09-23,45,-9999.0000,-9999.0000,-9999.0000,-9999.0000,-9999.0000,-9999.0000,-9999.0000,-9999.0000,-9999.0000,-9999.0000,-9999.0000
2018-09-23,45,-9999.0000,-9999.0000,-9999.0000,-9999.0000,-9999.0000,-9999.0000,-9999.0000,-9999.0000,-9999.0000,-9999.0000,-9999.0000
2018-09-26,45,440.6124,475.2555,723.4324,694.2987,1356.4908,2195.6093,2446.2673,2744.0857,2804.7624,2044.7428,1241.2380
2018-09-26,45,484.3208,507.2073,739.8352,707.9615,1355.5125,2178.5272,2450.5600,2743.4498,2788.5258,2043.0218,1238.6178
2018-09-28,45,257.0000,451.1487,747.8656,792.0878,1484.1438,2227.7400,2545.6483,2773.1655,2923.0841,2246.7083,1433.1936
2018-09-28,45,418.0000,531.4159,771.9652,791.6936,1467.4911,2211.4314,2525.4711,2725.2736,2883.9103,2230.9151,1413.0868
2018-10-03,45,247.0000,409.0528,731.7003,818.9781,1491.8156,2195.9001,2437.2991,2630.3499,2812.6415,2155.1812,1332.2198
2018-10-03,45,528.5712,546.0167,771.8252,811.5613,1474.6778,2189.1507,2428.5650,2614.8377,2787.6780,2139.4826,1314.9902
2018-10-08,45,515.0000,665.9691,993.9350,1114.6115,1831.0000,2501.0000,2811.0000,3021.8345,3166.0000,2823.0000,2057.0000
2018-10-08,45,852.0000,845.0000,1074.0000,1163.0267,1797.0000,2473.0000,2815.0000,2930.0000,3061.0000,2750.0000,2112.0000
2018-10-11,45,355.0000,521.2738,690.9490,739.3948,1267.1111,1773.8307,2003.5164,2119.5428,2274.3449,1882.4013,1300.8833
2018-10-11,45,287.0000,469.4123,649.6049,689.0113,1256.2332,1844.3815,2074.5819,2167.0529,2367.0000,1766.0901,1238.7817
2018-10-11,45,462.0000,652.4580,813.3895,797.0547,1325.0000,1855.0000,2083.0000,2148.9132,2331.4305,1776.5650,1290.0000
2018-10-11,45,579.0000,710.8531,809.8166,785.2598,1308.0000,1826.0000,2073.0000,2163.1215,2364.0000,1782.0000,1281.0000
2018-10-13,45,780.0000,989.8636,1274.7311,1635.2146,2019.6652,2275.2407,2468.7213,2679.9148,2802.6808,3298.3155,2420.0733
2018-10-13,45,717.0000,957.9523,1258.8853,1658.1185,2060.2286,2290.9210,2492.1310,2727.0631,2827.3199,3314.7254,2410.5350
2018-10-18,45,604.5074,816.3446,913.3189,1072.9055,1221.4070,1234.3359,1335.6086,1334.9049,1399.7835,1802.9017,1539.1051
2018-10-18,45,682.0000,860.3921,941.5002,1077.1411,1196.6189,1227.2000,1332.7797,1334.0512,1400.0599,1762.9656,1494.3454
2018-10-21,45,810.0000,1000.9431,1089.2720,1180.8900,1322.0000,1443.6316,1543.5716,1575.0671,1624.2879,1976.6063,1762.8284
2018-10-21,45,847.0000,1025.2632,1105.2481,1181.1135,1305.0428,1445.4267,1543.8516,1592.3952,1639.6632,1954.5523,1770.0000
2018-10-23,45,1014.0000,1290.6791,1555.7230,1794.8466,1929.7962,2043.3638,2099.9032,2214.7773,2203.6548,2650.8274,2347.0993
2018-10-23,45,1113.2424,1315.8492,1531.5030,1723.2349,1858.5963,1970.6368,2027.1990,2135.2615,2130.5595,2571.2946,2299.2567
2018-10-31,45,516.0000,749.2498,893.5123,1066.2617,1165.7290,1204.0925,1283.2628,1319.0881,1363.0332,1654.2385,1401.8083
2018-10-31,45,572.0000,781.3534,913.6971,1075.3637,1177.9112,1220.3140,1292.4792,1334.8574,1380.3530,1652.1053,1403.0145
2018-11-05,45,-9999.0000,-9999.0000,-9999.0000,-9999.0000,-9999.0000,-9999.0000,-9999.0000,-9999.0000,-9999.0000,-9999.0000,-9999.0000
2018-11-05,45,-9999.0000,-9999.0000,-9999.0000,-9999.0000,-9999.0000,-9999.0000,-9999.0000,-9999.0000,-9999.0000,-9999.0000,-9999.0000
2018-11-12,45,1548.0000,1475.3500,1587.0913,1588.0346,1846.7968,1943.9166,1974.7777,1942.4290,2071.2030,2307.7752,1858.9271
2018-11-12,45,-9999.0000,-9999.0000,-9999.0000,-9999.0000,-9999.0000,-9999.0000,-9999.0000,-9999.0000,-9999.0000,-9999.0000,-9999.0000
2018-11-15,45,640.0000,805.9723,1017.3705,1064.8847,1289.7086,1387.2842,1443.3755,1494.8880,1524.2210,1821.5648,1489.3944
2018-11-15,45,682.0000,837.4012,1032.6409,1068.9073,1281.0454,1378.1131,1436.1690,1493.8340,1515.5354,1809.2452,1476.6206
2018-11-17,45,646.0231,1057.2451,1258.7382,1522.8048,1683.7977,1739.8570,1815.2197,1943.1676,1878.9570,2466.2863,2339.1361
2018-11-17,45,840.0000,1160.8071,1300.5136,1490.8796,1629.7442,1674.8603,1747.7119,1879.2888,1820.0400,2356.2836,2250.7381
2018-12-05,45,-9999.0000,-9999.0000,-9999.0000,-9999.0000,-9999.0000,-9999.0000,-9999.0000,-9999.0000,-9999.0000,-9999.0000,-9999.0000
2018-12-07,45,826.4541,1050.0000,1160.0000,1220.8277,1373.3466,1452.5233,1524.8091,1543.8144,1570.9055,1629.9416,1313.4283
2018-12-12,45,323.0000,517.6832,725.1309,905.6825,1057.4520,1174.8889,1206.7903,1358.2578,1304.0686,1451.6216,1105.6336
2018-12-12,45,470.0000,621.0467,793.0714,925.3246,1077.3181,1191.8376,1223.3005,1350.2012,1303.7072,1418.0206,1093.0478
2018-12-15,45,468.0000,621.6846,753.3875,869.4783,1025.7059,1122.8252,1158.5303,1270.9433,1239.7109,1385.5132,1092.7788
2018-12-15,45,410.0000,569.4046,709.2681,837.6606,1012.6830,1115.7946,1144.0082,1254.7893,1221.9037,1395.9617,1093.2746
2018-12-27,45,776.0000,937.8504,969.0740,957.1745,1188.9802,1355.2949,1431.3669,1527.2811,1480.6204,1626.7258,1306.6887
2018-12-30,45,367.0000,593.2999,693.3603,729.3991,941.2110,1100.3622,1154.9970,1223.0781,1207.3716,1113.6322,885.4275
2018-12-30,45,412.0000,617.2651,705.5964,734.0698,952.0000,1106.6083,1163.2455,1222.8678,1203.5326,1117.1137,892.6358
2019-01-01,45,806.0000,865.7141,1075.7472,1146.7891,1452.8739,1674.7297,1719.8725,1862.2007,1849.8578,2020.7337,1581.2575
2019-01-04,45,-9999.0000,-9999.0000,-9999.0000,-9999.0000,-9999.0000,-9999.0000,-9999.0000,-9999.0000,-9999.0000,-9999.0000,-9999.0000
2019-01-04,45,-9999.0000,-9999.0000,-9999.0000,-9999.0000,-9999.0000,-9999.0000,-9999.0000,-9999.0000,-9999.0000,-9999.0000,-9999.0000
2019-01-06,45,426.0000,696.6481,841.6141,889.4367,1114.4422,1284.3455,1334.4720,1430.7565,1383.3501,1468.0963,1165.5850
2019-01-06,45,539.0000,762.7455,877.2306,901.4056,1117.3928,1275.6583,1330.3760,1415.0272,1366.2474,1435.2412,1133.6664
2019-01-11,45,390.0000,538.5821,717.4539,837.7669,1121.8097,1323.6862,1384.6029,1494.3307,1479.3477,1579.5155,1245.1611
2019-01-11,45,554.0000,652.6062,789.7168,877.5751,1126.0108,1315.6124,1388.9075,1479.8545,1464.0610,1539.7341,1205.7935
2019-01-14,45,498.0000,638.5320,797.5363,857.4527,1101.7402,1291.7642,1348.0718,1431.4684,1415.1437,1553.1799,1241.5979
2019-01-14,45,460.6573,592.5562,761.6141,829.0446,1093.1010,1291.0224,1339.3230,1431.9197,1416.4025,1563.5542,1257.3805
2019-01-16,45,559.0000,861.0794,1060.8208,1131.1933,1425.5058,1659.9824,1739.3780,1847.5945,1799.3487,2019.2343,1731.6392
2019-01-16,45,498.0000,801.6139,1021.4329,1098.8422,1394.7370,1642.9267,1724.5251,1847.3060,1796.2122,2020.6077,1715.9447
2019-01-21,45,1208.0000,1292.0000,1520.0000,1564.9439,1894.0015,2145.2782,2187.6622,2357.5999,2260.0724,1912.7331,1560.5040
2019-01-24,45,714.0000,832.5292,969.4863,1025.4810,1309.8680,1531.9570,1588.6881,1702.6986,1659.7091,1637.4853,1274.4249
2019-01-24,45,766.0000,862.7858,985.2536,1028.6578,1304.9742,1538.5893,1595.7713,1702.4797,1667.6710,1641.2699,1272.5862
2019-01-29,45,-9999.0000,-9999.0000,-9999.0000,-9999.0000,-9999.0000,-9999.0000,-9999.0000,-9999.0000,-9999.0000,-9999.0000,-9999.0000
2019-01-29,45,-9999.0000,-9999.0000,-9999.0000,-9999.0000,-9999.0000,-9999.0000,-9999.0000,-9999.0000,-9999.0000,-9999.0000,-9999.0000
2019-01-31,45,535.0000,637.1921,829.3625,923.2620,1226.5140,1515.3608,1574.8492,1688.2589,1672.5854,1812.5493,1460.8885
2019-01-31,45,511.0000,608.8609,801.6393,899.1693,1203.8481,1475.6895,1543.3360,1671.1820,1640.7954,1787.0355,1443.6588
2019-02-03,45,-9999.0000,-9999.0000,-9999.0000,-9999.0000,-9999.0000,-9999.0000,-9999.0000,-9999.0000,-9999.0000,-9999.0000,-9999.0000
2019-02-05,45,336.5163,649.5114,875.4380,1003.1440,1322.7214,1715.3239,1827.0656,1957.8391,1883.1101,1842.3696,1409.1341
2019-02-05,45,460.4330,721.0594,916.1170,1011.5319,1331.6559,1699.2455,1802.1996,1942.4471,1869.0004,1835.7294,1413.1769
2019-02-08,45,426.3693,701.6782,885.4179,995.2211,1323.4027,1675.1918,1778.3150,1895.1012,1867.5144,1849.9266,1565.4176
2019-02-08,45,556.6308,781.5014,933.3708,1019.6811,1329.2406,1666.4847,1764.3592,1890.5789,1852.1694,1835.5680,1553.4209
2019-02-13,45,252.7180,465.7994,755.2083,826.8730,1163.6613,1604.2677,1706.9898,1794.8857,1795.1687,1725.3663,1285.5521
2019-02-13,45,423.0000,581.5732,824.9958,865.4196,1181.8594,1595.2915,1698.9213,1782.6935,1787.0439,1709.7460,1277.1604
2019-02-15,45,514.0000,805.8853,1067.0400,1130.9466,1507.2252,2010.6391,2155.2192,2310.1706,2226.2982,2163.2811,1707.3868
2019-02-15,45,600.0000,861.3376,1091.4445,1138.3998,1500.0280,1971.0060,2106.0150,2263.4145,2195.2698,2132.3261,1691.2736
2019-02-18,45,-9999.0000,-9999.0000,-9999.0000,-9999.0000,-9999.0000,-9999.0000,-9999.0000,-9999.0000,-9999.0000,-9999.0000,-9999.0000
2019-02-18,45,-9999.0000,-9999.0000,-9999.0000,-9999.0000,-9999.0000,-9999.0000,-9999.0000,-9999.0000,-9999.0000,-9999.0000,-9999.0000
2019-02-23,45,428.5238,665.8585,918.0258,937.4735,1244.8945,1738.5346,1852.5636,2001.1746,1912.6998,1685.6128,1337.4789
2019-02-23,45,440.0000,665.6096,925.5851,937.4259,1238.1172,1748.6499,1867.1010,2025.8852,1939.7402,1676.8532,1325.6993
2019-02-25,45,755.0000,1051.2303,1354.6754,1346.7853,1843.2988,2555.8251,2747.8778,2870.7398,2811.5342,2684.3033,2171.1423
2019-02-25,45,796.0000,1066.2883,1354.3968,1338.8960,1819.0287,2514.2438,2698.0397,2827.5389,2765.5285,2635.7085,2147.4400
2019-02-28,45,564.0000,852.1768,1186.8807,1147.2414,1602.8006,2411.2435,2618.8715,2787.4421,2684.4003,2330.5276,1874.9528
2019-02-28,45,550.6677,844.0927,1187.0808,1138.5300,1611.3534,2444.0749,2651.7690,2826.8067,2723.3424,2337.6955,1883.1975
2019-03-02,45,964.0000,1064.6379,1324.5190,1267.0912,1739.9874,2604.5432,2803.7991,2914.9133,2891.5178,2450.8051,1827.4109
2019-03-02,45,1071.0000,1121.5596,1337.0469,1260.8360,1701.3874,2507.9662,2692.0718,2802.1761,2788.0805,2388.2733,1795.2117
2019-03-05,45,-9999.0000,-9999.0000,-9999.0000,-9999.0000,-9999.0000,-9999.0000,-9999.0000,-9999.0000,-9999.0000,-9999.0000,-9999.0000
2019-03-05,45,-9999.0000,-9999.0000,-9999.0000,-9999.0000,-9999.0000,-9999.0000,-9999.0000,-9999.0000,-9999.0000,-9999.0000,-9999.0000
2019-03-12,45,483.0000,595.5818,955.8796,811.7624,1378.6949,2907.8954,3259.8062,3522.1757,3348.3094,2228.5012,1498.8092
2019-03-12,45,461.8438,587.3403,939.3306,796.1005,1371.0532,2915.0018,3268.5690,3522.6619,3348.6185,2226.2167,1491.1194
2019-03-15,45,474.0000,588.1048,883.7247,739.4505,1300.5272,2771.8555,3163.6920,3298.2908,3261.2598,2058.5755,1339.0032
2019-03-15,45,460.5762,571.9822,875.0199,723.2826,1292.1561,2803.2479,3195.2564,3347.4803,3308.0668,2068.2970,1340.4928
2019-03-20,45,256.0000,385.7618,611.5396,450.9106,962.2931,2452.0328,2882.5751,3108.2994,2974.9260,1588.5002,986.6246
2019-03-20,45,298.2510,411.4225,627.5785,459.9525,963.7371,2453.1345,2890.5564,3111.3993,2965.6162,1578.0819,985.7570
2019-03-22,45,366.0000,443.2670,771.1917,583.1409,1187.6575,3112.4733,3620.0734,3880.2200,3721.2753,2051.2442,1252.5428
2019-03-22,45,420.0000,484.2365,795.5756,598.6257,1187.3444,3043.9175,3558.3627,3815.0341,3659.9317,2019.2536,1243.0595
2019-03-25,45,686.5530,715.8409,890.4998,691.6876,1180.2302,2699.0193,3260.1140,3404.8847,3395.8355,1786.7364,1053.1141
2019-03-25,45,637.0000,666.8999,859.3207,659.5627,1170.5259,2779.7399,3371.0757,3515.9311,3491.6207,1796.1188,1050.6753
2019-03-27,45,-9999.0000,-9999.0000,-9999.0000,-9999.0000,-9999.0000,-9999.0000,-9999.0000,-9999.0000,-9999.0000,-9999.0000,-9999.0000
2019-03-27,45,-9999.0000,-9999.0000,-9999.0000,-9999.0000,-9999.0000,-9999.0000,-9999.0000,-9999.0000,-9999.0000,-9999.0000,-9999.0000
2019-03-30,45,408.0000,491.1927,667.8272,507.2694,971.1461,2548.8620,3188.7502,3432.2290,3307.1628,1474.3458,923.0916
2019-03-30,45,472.6007,539.3392,699.7455,530.8893,987.7724,2539.3179,3153.7730,3400.5550,3265.5877,1467.5546,932.3355
2019-04-01,45,432.0026,427.5506,664.2149,454.8144,1003.8741,3028.2171,3864.5223,4055.7849,3976.3418,1718.5920,951.4804
2019-04-01,45,484.5334,467.3943,691.5432,471.0825,1010.0872,2971.5442,3752.9851,3959.4839,3884.0494,1722.1615,950.8806
2019-04-06,45,-9999.0000,-9999.0000,-9999.0000,-9999.0000,-9999.0000,-9999.0000,-9999.0000,-9999.0000,-9999.0000,-9999.0000,-9999.0000
2019-04-06,45,1110.0000,1112.0000,1262.0000,1084.4818,1553.0000,2561.0000,2984.0000,2983.9319,2945.0000,1714.0000,1255.0000
2019-04-16,45,304.0000,339.3508,475.4736,259.9894,700.1017,2725.2341,3762.0483,3994.3512,3885.3394,1195.7120,564.6228
2019-04-16,45,419.0000,433.4407,547.6156,323.6402,739.6203,2637.6792,3619.3191,3860.4332,3748.3015,1187.7016,561.3558
2019-04-19,45,137.0000,179.4216,323.4195,166.5556,563.8322,2499.5394,3511.0082,3754.9130,3672.7740,1011.1129,499.7925
2019-04-19,45,226.0000,251.5921,371.4384,203.4576,597.1496,2458.5620,3459.4744,3700.5040,3611.7226,1012.2611,506.7946
2019-04-21,45,1374.0000,1051.4861,1259.8888,1114.4806,1579.7493,3254.2164,4032.6496,4306.8036,4148.7793,1851.1956,1353.3623
2019-04-21,45,1419.0000,1139.7860,1323.5083,1172.8391,1595.4798,3120.3926,3835.3090,4098.8775,3956.6132,1845.5054,1360.7322
2019-04-24,45,-9999.0000,-9999.0000,-9999.0000,-9999.0000,-9999.0000,-9999.0000,-9999.0000,-9999.0000,-9999.0000,-9999.0000,-9999.0000
2019-05-01,45,296.0000,277.4663,433.2798,235.5595,637.5726,2736.7378,3851.9024,4006.2814,3996.2656,1146.6241,517.4476
2019-05-01,45,336.4127,309.4524,453.6327,257.6048,649.4369,2686.5000,3778.6771,3940.5365,3914.4575,1131.2841,513.7486
2019-05-06,45,479.0000,422.0000,551.0000,302.0000,739.0000,2783.0000,3928.0000,4252.0000,3942.0000,1177.0000,695.0000
2019-05-06,45,630.0000,437.0000,554.0000,353.0000,800.0000,2802.0000,4015.0000,4264.0000,4088.0000,1268.0000,761.0000
2019-05-09,45,-9999.0000,-9999.0000,-9999.0000,-9999.0000,-9999.0000,-9999.0000,-9999.0000,-9999.0000,-9999.0000,-9999.0000,-9999.0000
2019-05-16,45,-9999.0000,-9999.0000,-9999.0000,-9999.0000,-9999.0000,-9999.0000,-9999.0000,-9999.0000,-9999.0000,-9999.0000,-9999.0000
2019-05-16,45,-9999.0000,-9999.0000,-9999.0000,-9999.0000,-9999.0000,-9999.0000,-9999.0000,-9999.0000,-9999.0000,-9999.0000,-9999.0000
2019-05-24,45,40.2700,85.7170,299.8877,115.5349,595.1876,2705.9841,3754.2223,3877.8136,4007.3983,1132.1203,492.9783
2019-05-24,45,256.2331,265.3831,429.4218,233.3475,677.3754,2618.9387,3545.8201,3704.2071,3825.9422,1131.2938,501.8269
2019-05-26,45,434.0000,525.5267,691.4528,491.9210,979.5812,2722.8460,3668.6959,3878.8336,3909.8062,1411.6189,819.4232
2019-05-31,45,92.9733,137.5261,425.5672,213.5402,825.5489,3045.7758,3925.1700,4167.4035,4291.8257,1403.4164,629.7008
2019-05-31,45,282.5676,289.4602,529.2557,309.3417,873.6638,2933.9051,3770.6687,3959.5025,4088.4749,1387.1186,637.6916
2019-06-03,45,164.6168,221.5873,435.1986,299.6755,786.4903,2363.3803,3029.1124,3159.0260,3398.3422,1244.3112,620.2993
2019-06-03,45,336.5608,357.5371,539.3819,379.1975,843.7499,2314.7695,2965.7792,3076.5553,3320.1680,1244.0177,627.7224
2019-06-05,45,-9999.0000,-9999.0000,-9999.0000,-9999.0000,-9999.0000,-9999.0000,-9999.0000,-9999.0000,-9999.0000,-9999.0000,-9999.0000
2019-06-05,45,-9999.0000,-9999.0000,-9999.0000,-9999.0000,-9999.0000,-9999.0000,-9999.0000,-9999.0000,-9999.0000,-9999.0000,-9999.0000
2019-06-13,45,262.5105,347.3571,595.6776,643.6775,1114.6989,1939.3413,2323.9569,2502.7168,2762.3036,1579.4725,947.5572
2019-06-13,45,296.3494,371.6936,611.9043,642.9214,1116.2904,1941.1272,2310.7715,2502.0971,2759.1902,1571.1288,948.1217
2019-06-15,45,1060.0000,1424.0000,1678.0000,1598.0000,2131.0000,2807.0000,3234.0000,3450.0000,3454.0000,2497.0000,1875.0000
2019-06-15,45,-9999.0000,-9999.0000,-9999.0000,-9999.0000,-9999.0000,-9999.0000,-9999.0000,-9999.0000,-9999.0000,-9999.0000,-9999.0000
2019-06-18,45,137.4351,331.5653,579.2476,822.8673,1235.9050,1748.9190,2104.7884,2296.0597,2567.3949,1892.9837,1219.0444
2019-06-18,45,288.0000,435.6862,651.8915,851.2545,1251.6496,1731.1432,2088.3122,2263.5455,2523.2008,1874.6215,1211.2031
2019-06-20,45,590.0000,667.7757,898.9192,1111.3794,1530.6424,2059.1850,2358.6860,2502.1150,2824.6554,2234.9596,1379.7514
2019-06-20,45,640.5341,692.1540,915.7526,1122.8118,1523.1949,2058.8024,2341.8064,2486.6508,2808.2023,2236.8557,1379.1381
2019-06-23,45,313.0000,425.6103,625.2952,826.9668,1125.3416,1491.0637,1719.4183,1799.7606,2023.4502,1793.3897,1153.5002
2019-06-23,45,253.0000,377.8649,589.3817,803.9401,1105.5114,1483.8962,1719.0171,1815.0815,2038.6059,1809.3372,1145.0897
2019-06-25,45,568.0000,721.4483,898.9889,1115.1079,1443.2125,1812.2819,2088.0843,2182.1305,2406.7512,2483.6425,1684.3166
2019-06-25,45,650.6540,773.5214,931.8737,1115.2855,1443.6799,1803.5568,2088.6720,2166.5522,2375.8178,2459.4874,1685.0005
2019-06-28,45,368.4585,587.7006,827.4662,1099.1816,1389.2698,1771.5028,2039.4576,2151.9994,2359.4859,2467.7707,1682.5194
2019-06-28,45,498.3325,669.4082,868.0899,1099.0905,1388.7384,1754.7002,2020.2030,2120.3816,2323.7730,2427.2556,1667.6763
2019-06-30,45,488.0371,667.1384,962.4355,1318.0497,1642.5119,2090.7821,2328.2721,2535.5177,2710.2600,2795.5445,1827.5821
2019-06-30,45,529.0000,683.2267,971.4262,1318.5264,1642.4977,2075.6459,2327.1292,2519.3087,2697.1410,2780.3377,1827.6484
2019-07-03,45,335.0000,547.8604,850.8036,1223.5595,1548.5735,1963.9859,2229.8396,2343.0675,2630.8957,2700.1559,1739.8662
2019-07-03,45,558.7761,699.4467,931.3958,1210.9943,1524.2828,1931.2671,2187.6912,2263.1095,2538.5167,2628.0795,1714.7109
2019-07-05,45,516.5247,763.6441,1019.0416,1362.7988,1707.5578,2105.5324,2420.6635,2550.1110,2776.4789,2868.3224,1939.0004
2019-07-05,45,571.0000,788.3021,1035.6085,1355.0116,1690.5794,2099.5786,2402.9254,2519.7011,2756.0884,2859.2345,1929.9749
2019-07-08,45,980.3665,1172.7355,1412.6827,1722.3831,2085.6439,2461.8625,2768.8901,2874.9104,3076.1036,3068.2885,2259.8768
2019-07-10,45,569.0000,827.0172,1218.8278,1768.5601,2148.1604,2532.1842,2801.8177,3035.0416,3233.8385,3734.2278,2588.0964
2019-07-10,45,655.0000,867.5399,1218.7768,1715.0128,2083.9317,2482.7705,2739.0590,2963.8097,3154.2998,3674.4082,2563.3606
2019-07-13,45,614.1699,801.6461,1091.6728,1499.1179,1875.2044,2273.3299,2563.5472,2708.9584,2956.0789,3387.7121,2309.4493
2019-07-13,45,788.0000,901.3475,1129.0426,1460.0061,1810.8223,2209.4565,2484.6926,2620.3422,2844.9666,3292.4675,2275.3076
2019-07-20,45,677.0000,861.5751,1194.9066,1642.9418,2043.3326,2458.5199,2723.6459,2866.2392,3138.3003,3670.4528,2548.1983
2019-07-20,45,731.0000,889.5617,1194.5887,1603.4593,2002.5379,2425.8771,2691.9638,2819.6175,3082.1773,3638.4044,2539.7714
2019-07-23,45,498.6835,723.1037,1043.1063,1459.0529,1819.6886,2187.7381,2453.2979,2563.7530,2858.9797,3416.6092,2355.6076
2019-07-23,45,582.0000,765.6913,1050.5405,1434.6084,1787.4910,2160.7703,2417.5259,2513.9143,2802.9742,3371.8155,2331.1836
2019-07-25,45,756.3093,985.1282,1243.0115,1619.1094,1994.8933,2329.8668,2676.2570,2746.0496,3066.6775,3768.1448,2712.8548
2019-07-25,45,766.6912,993.2746,1250.8064,1626.2248,2002.5517,2344.5719,2682.8124,2746.6278,3066.4234,3784.2763,2714.6489
2019-07-30,45,586.7655,802.7161,1130.5941,1571.7156,1923.1363,2187.9088,2374.5072,2455.3671,2744.6276,3637.8303,2643.5442
2019-07-30,45,708.0000,869.4294,1138.6951,1490.4029,1835.1222,2132.4639,2314.7079,2375.5140,2651.4840,3539.5861,2603.7356
2019-08-04,45,548.6424,835.7994,1074.7602,1418.5127,1756.4866,2001.0365,2229.7259,2358.9839,2532.7014,3511.0025,2695.1777
2019-08-04,45,683.0000,889.5738,1091.5201,1364.1784,1682.7939,1963.0614,2198.3543,2311.5353,2454.5845,3416.8904,2647.3734
2019-08-09,45,567.0000,726.1153,981.3554,1250.9848,1606.7239,1937.3881,2103.3330,2166.8531,2375.6750,3173.0498,2302.0004
2019-08-09,45,632.3965,758.1668,989.4291,1226.5857,1573.3579,1914.4034,2075.7468,2135.2819,2340.2064,3125.0639,2276.7263
2019-08-12,45,-9999.0000,-9999.0000,-9999.0000,-9999.0000,-9999.0000,-9999.0000,-9999.0000,-9999.0000,-9999.0000,-9999.0000,-9999.0000
2019-08-14,45,562.4337,801.4761,1017.7065,1242.2183,1587.2238,1995.1805,2220.6623,2343.4324,2492.0402,3219.8400,2394.8330
2019-08-14,45,611.0000,821.4287,1021.5524,1227.3452,1579.1843,1979.0659,2212.3059,2330.7462,2467.7998,3186.4637,2377.8754
2019-08-17,45,444.0000,677.2965,897.9193,1099.1481,1425.7813,1848.9571,2081.5944,2171.7021,2331.8137,2933.6403,2179.1261
2019-08-17,45,506.0000,709.9088,913.4402,1091.5183,1416.9545,1843.0682,2082.2256,2163.0059,2315.9875,2907.9459,2179.0168
2019-08-19,45,737.0000,937.6354,1185.3530,1378.9922,1753.5951,2283.3927,2476.6311,2564.0913,2754.0590,3299.4454,2323.5887
2019-08-19,45,846.2079,977.3849,1189.1879,1332.7378,1694.2529,2235.0899,2435.5139,2498.8602,2691.0441,3211.4344,2290.4506
2019-08-24,45,1446.0000,1550.0000,1580.0000,1464.0000,1850.0000,2586.0000,2943.0000,2944.5912,3146.0000,2955.0000,2103.0000
2019-08-24,45,1458.0000,1554.0000,1640.0000,1628.7015,2012.4724,2586.0005,2925.0000,2891.1001,3100.4475,3205.5107,2308.7982
2019-08-27,45,564.0000,741.8047,913.3428,1027.7334,1372.0324,1936.0000,2228.0049,2234.0805,2434.6372,2875.9352,2099.8871
2019-08-27,45,606.0000,765.8547,925.6467,1027.1884,1371.0296,1929.6497,2202.7213,2219.3541,2413.7551,2867.1265,2100.1702
2019-08-29,45,800.0000,869.5449,1072.5941,1146.1674,1539.8414,2209.1996,2425.6328,2427.0182,2706.6751,3115.2179,2155.3337
2019-08-29,45,674.5981,789.5979,1035.3258,1162.9831,1580.0302,2267.4161,2499.9492,2507.7054,2797.0427,3210.5085,2204.5193
2019-09-01,45,622.8244,745.2981,957.6267,1074.3506,1451.5104,2092.0970,2347.3165,2354.9092,2636.3370,2905.8937,1972.9372
2019-09-01,45,644.0000,761.1439,961.4900,1067.8932,1452.4047,2093.2310,2352.8859,2362.1190,2610.0153,2924.4116,1981.0197
2019-09-03,45,504.0000,737.2700,965.6667,1154.1436,1626.8848,2194.2995,2444.7249,2645.2867,2721.5266,3111.5195,2205.1124
2019-09-03,45,564.0000,765.1357,977.6862,1146.5244,1580.6916,2171.0625,2417.8454,2611.5041,2690.0534,3076.3551,2187.5747
2019-09-11,45,680.4689,905.1918,1180.5136,1506.4114,1851.6104,2181.2763,2380.1456,2508.2376,2636.5148,3236.5999,2411.3349
2019-09-11,45,722.0000,929.6145,1197.4341,1515.3041,1851.1105,2185.5019,2369.8845,2514.1754,2634.6512,3235.9880,2411.6329
2019-09-13,45,632.0000,963.2188,1242.9732,1570.8754,1940.5188,2305.9021,2530.2887,2642.1201,2780.5377,3461.0314,2679.2993
2019-09-13,45,675.0000,973.2849,1243.5149,1554.3833,1916.2268,2293.4082,2507.1638,2633.4709,2770.9145,3449.2664,2662.5953
2019-09-16,45,606.0000,869.1462,1124.4689,1354.6708,1691.4104,2105.5074,2329.6800,2403.7361,2554.2521,3113.2909,2439.9144
2019-09-16,45,646.0000,893.4602,1136.6748,1355.6449,1684.5697,2102.0531,2330.7362,2395.9746,2539.8670,3095.5302,2434.9378
2019-09-18,45,-9999.0000,-9999.0000,-9999.0000,-9999.0000,-9999.0000,-9999.0000,-9999.0000,-9999.0000,-9999.0000,-9999.0000,-9999.0000
2019-09-18,45,-9999.0000,-9999.0000,-9999.0000,-9999.0000,-9999.0000,-9999.0000,-9999.0000,-9999.0000,-9999.0000,-9999.0000,-9999.0000
2019-09-21,45,776.3007,1059.2989,1331.8971,1635.4664,1795.2799,1905.4211,1995.6710,2146.9822,2147.5525,2755.9980,2426.8607
2019-09-21,45,846.0000,1084.9850,1338.8312,1619.0760,1787.5957,1897.7774,1987.2345,2130.8204,2139.8962,2739.6403,2434.2361
2019-09-28,45,1789.0000,1804.6254,1952.8556,2043.1373,2292.0096,2566.3973,2707.0184,2653.1779,2835.0507,3115.2091,2586.7926
2019-09-28,45,1717.9115,1769.4342,1924.9952,2019.1271,2211.8196,2508.8305,2674.8808,2626.1096,2820.5261,3091.4980,2507.3295
2019-10-01,45,1249.0000,1204.0000,1286.0000,1324.0000,1480.0000,1559.0000,1656.0000,1556.0000,1709.0000,1692.0000,1272.0000
2019-10-01,45,-9999.0000,-9999.0000,-9999.0000,-9999.0000,-9999.0000,-9999.0000,-9999.0000,-9999.0000,-9999.0000,-9999.0000,-9999.0000
2019-10-08,45,-9999.0000,-9999.0000,-9999.0000,-9999.0000,-9999.0000,-9999.0000,-9999.0000,-9999.0000,-9999.0000,-9999.0000,-9999.0000
2019-10-08,45,-9999.0000,-9999.0000,-9999.0000,-9999.0000,-9999.0000,-9999.0000,-9999.0000,-9999.0000,-9999.0000,-9999.0000,-9999.0000
2019-10-11,45,842.0000,1121.6592,1403.3701,1635.8285,1852.4032,1953.1351,2035.9006,2091.2784,2163.2156,2691.7919,2346.9480
2019-10-11,45,907.0000,1146.1009,1410.9986,1627.2086,1843.7469,1945.5121,2027.9982,2082.7730,2147.0290,2684.6061,2338.5898
2019-10-16,45,614.0000,873.5288,1060.8757,1235.4071,1413.4193,1531.1291,1627.7128,1688.1572,1730.3672,2129.5128,1924.6601
2019-10-16,45,648.0000,897.5488,1077.1201,1235.0319,1413.1000,1532.4142,1634.9339,1687.0312,1732.3015,2124.3181,1908.8430
2019-10-21,45,-9999.0000,-9999.0000,-9999.0000,-9999.0000,-9999.0000,-9999.0000,-9999.0000,-9999.0000,-9999.0000,-9999.0000,-9999.0000
2019-10-21,45,-9999.0000,-9999.0000,-9999.0000,-9999.0000,-9999.0000,-9999.0000,-9999.0000,-9999.0000,-9999.0000,-9999.0000,-9999.0000
2019-10-23,45,992.0000,1355.7210,1603.0063,1810.6955,2059.5948,2179.2417,2300.4284,2360.1535,2394.7446,2988.1257,2776.7368
2019-10-23,45,1021.9718,1363.2724,1603.6260,1810.5955,2051.5455,2171.3589,2291.9134,2357.8333,2395.1048,2979.7181,2761.3651
2019-10-26,45,894.0000,1235.8133,1475.1484,1666.6617,1867.9775,2001.0199,2115.8323,2214.4333,2211.1031,2675.1551,2536.6438
2019-10-26,45,919.0000,1259.2463,1490.6183,1692.0798,1884.2558,2021.2968,2123.1124,2214.4533,2226.6280,2691.1925,2551.0615
2019-10-28,45,-9999.0000,-9999.0000,-9999.0000,-9999.0000,-9999.0000,-9999.0000,-9999.0000,-9999.0000,-9999.0000,-9999.0000,-9999.0000
2019-10-31,45,-9999.0000,-9999.0000,-9999.0000,-9999.0000,-9999.0000,-9999.0000,-9999.0000,-9999.0000,-9999.0000,-9999.0000,-9999.0000
2019-11-07,45,384.0000,609.7250,882.7625,1115.0172,1345.7847,1544.8451,1606.4686,1703.1904,1750.8147,1986.3445,1531.7897
2019-11-07,45,618.9900,765.8129,965.2318,1131.3906,1337.1127,1507.0780,1579.5511,1670.6812,1703.0732,1932.4220,1499.8562
2019-11-10,45,560.4508,757.1153,949.7226,1122.8087,1309.8009,1482.6465,1563.7392,1654.5987,1670.1710,1901.5398,1473.1884
2019-11-10,45,596.0000,773.1859,961.7341,1130.4670,1317.3883,1490.5732,1570.5189,1654.5976,1685.5770,1900.6582,1473.5314
2019-11-30,45,-9999.0000,-9999.0000,-9999.0000,-9999.0000,-9999.0000,-9999.0000,-9999.0000,-9999.0000,-9999.0000,-9999.0000,-9999.0000
2019-11-30,45,-9999.0000,-9999.0000,-9999.0000,-9999.0000,-9999.0000,-9999.0000,-9999.0000,-9999.0000,-9999.0000,-9999.0000,-9999.0000
2019-12-05,45,827.0000,1057.9767,1186.0000,1228.0000,1393.0861,1548.0000,1649.0000,1717.0731,1649.0000,1525.0000,1316.7089
2019-12-05,45,800.0000,1212.6014,1482.6711,1651.2040,1937.0174,2226.0261,2374.3235,2553.7180,2554.7698,2678.9688,2192.0000
2019-12-07,45,821.0000,1064.8893,1393.3980,1643.3792,1995.1954,2248.4546,2360.2031,2455.2236,2518.9802,2656.7485,2067.2384
2019-12-07,45,961.7569,1161.2829,1432.2048,1626.8002,1928.8014,2172.2101,2280.5360,2374.1485,2439.5674,2597.5861,2020.2657
2019-12-10,45,635.0000,885.6402,1129.5868,1274.6469,1513.0826,1684.2547,1765.2826,1878.7328,1878.4723,2064.3252,1605.0851
2019-12-10,45,671.0000,905.8546,1145.0314,1275.5027,1521.7307,1690.3514,1763.4820,1879.0430,1878.5880,2060.8099,1602.5938
2019-12-25,45,699.0000,1021.4240,1197.0257,1363.6182,1592.8323,1780.6052,1891.5958,2023.0806,2026.2496,1988.0041,1635.6352
2019-12-25,45,729.0000,1032.9293,1205.0703,1371.0153,1621.4541,1805.2138,1908.0882,2039.1081,2035.2586,1995.5905,1659.7022
2019-12-27,45,-9999.0000,-9999.0000,-9999.0000,-9999.0000,-9999.0000,-9999.0000,-9999.0000,-9999.0000,-9999.0000,-9999.0000,-9999.0000
2019-12-27,45,-9999.0000,-9999.0000,-9999.0000,-9999.0000,-9999.0000,-9999.0000,-9999.0000,-9999.0000,-9999.0000,-9999.0000,-9999.0000
2019-12-30,45,674.3297,901.6104,1109.1157,1283.1408,1537.2653,1699.3027,1777.7103,1911.7454,1907.0707,1986.6549,1525.2472
2019-12-30,45,713.0000,929.6239,1120.8420,1282.7424,1529.2435,1698.2329,1787.7337,1911.2723,1905.6283,1978.2624,1509.7630
2020-01-01,45,290.0000,709.8273,925.7359,1186.8070,1459.6176,1667.8701,1785.7294,1926.1713,1895.3027,1971.0813,1510.2956
2020-01-01,45,586.0000,893.5177,1036.5518,1216.5824,1452.2099,1643.6125,1736.9786,1864.0275,1845.5432,1923.9750,1482.0167
2020-01-04,45,560.0000,893.4266,1081.0715,1289.1929,1554.4955,1771.8040,1881.5470,1991.5834,1992.4100,1949.6681,1601.4671
2020-01-04,45,670.0000,953.8386,1121.4910,1300.9653,1550.0524,1769.5679,1884.6138,1975.7527,1990.6049,1931.9840,1589.0119
2020-01-06,45,627.0000,335.0000,486.0000,449.0000,739.0000,1145.0000,1276.0000,1334.0000,1313.0000,1084.0000,871.0000
2020-01-09,45,716.0616,913.0935,1100.7528,1237.3692,1473.6833,1603.6999,1668.3290,1735.7391,1756.2462,1897.5922,1538.3610
2020-01-09,45,714.3177,901.0743,1089.1197,1229.0123,1461.4907,1594.9421,1659.5818,1749.5851,1751.4250,1905.3146,1533.5313
2020-01-11,45,224.4707,645.2088,845.6158,1080.7472,1379.8202,1559.4085,1669.7766,1782.5593,1784.1931,1990.0652,1565.9667
2020-01-11,45,567.0000,853.1725,973.5260,1129.0741,1380.9398,1530.3297,1640.2728,1734.8480,1734.8221,1929.5835,1537.0293
2020-01-14,45,600.3693,869.6312,1001.9095,1136.8641,1373.0942,1522.3066,1603.2368,1718.8885,1715.7240,1786.1341,1489.7974
2020-01-14,45,544.0000,821.7590,962.0093,1116.5012,1361.3682,1522.3694,1619.0302,1720.3821,1718.8693,1794.9551,1493.9799
2020-01-16,45,-9999.0000,-9999.0000,-9999.0000,-9999.0000,-9999.0000,-9999.0000,-9999.0000,-9999.0000,-9999.0000,-9999.0000,-9999.0000
2020-01-16,45,-9999.0000,-9999.0000,-9999.0000,-9999.0000,-9999.0000,-9999.0000,-9999.0000,-9999.0000,-9999.0000,-9999.0000,-9999.0000
2020-01-19,45,-9999.0000,-9999.0000,-9999.0000,-9999.0000,-9999.0000,-9999.0000,-9999.0000,-9999.0000,-9999.0000,-9999.0000,-9999.0000
2020-01-21,45,605.0000,889.9069,1032.7089,1217.0809,1470.5254,1654.9525,1752.5283,1909.5591,1849.3415,2123.9140,1706.4045
2020-01-21,45,635.0000,912.8235,1045.3582,1216.8262,1465.6109,1655.4735,1749.6406,1910.3166,1849.8124,2108.3420,1693.7914
2020-01-24,45,367.0000,733.5778,941.7789,1106.0000,1371.6795,1540.1667,1640.7103,1719.1978,1735.0301,1812.5062,1478.4377
2020-01-24,45,510.8074,805.6812,984.7661,1121.0249,1369.4660,1538.3384,1640.0344,1719.2938,1716.6835,1804.1402,1477.3267
2020-01-29,45,-9999.0000,-9999.0000,-9999.0000,-9999.0000,-9999.0000,-9999.0000,-9999.0000,-9999.0000,-9999.0000,-9999.0000,-9999.0000
2020-01-29,45,-9999.0000,-9999.0000,-9999.0000,-9999.0000,-9999.0000,-9999.0000,-9999.0000,-9999.0000,-9999.0000,-9999.0000,-9999.0000
2020-01-31,45,862.2456,1066.0000,1086.0000,1125.0535,1245.6933,1274.9129,1333.5934,1382.4474,1346.1882,1411.2088,1186.8424
2020-02-05,45,237.0000,397.5340,581.3241,809.6504,922.2361,984.1358,1048.9209,1174.4769,1141.1093,1476.3776,1248.4781
2020-02-05,45,452.0000,561.2843,693.6366,865.0500,973.3637,1036.2202,1095.2126,1191.6796,1160.6616,1459.5468,1249.6886
2020-02-08,45,745.0000,897.2391,1033.3053,1160.6868,1257.5455,1323.4881,1355.1362,1446.4358,1403.9605,1701.1760,1462.5389
2020-02-08,45,752.0000,901.2950,1028.7170,1160.6798,1249.3924,1323.8055,1356.0990,1447.0441,1412.5209,1706.3360,1461.8484
2020-02-13,45,1383.0000,1532.9267,1637.2248,1757.7306,1872.0000,1945.2707,2037.1323,2138.6306,2107.1750,2408.3160,2199.0000
2020-02-13,45,1412.0000,1560.8626,1670.0000,1792.1407,1929.4087,2017.4138,2105.0321,2209.8663,2170.7940,2420.2105,2220.4298
2020-02-15,45,657.0000,749.1266,909.2845,1061.1578,1213.7159,1274.8771,1302.2294,1367.9476,1383.6305,1610.8459,1385.3727
2020-02-15,45,716.0000,774.7771,925.5394,1064.6674,1209.7937,1267.5673,1302.7266,1366.5407,1382.5453,1596.2720,1365.6764
2020-02-18,45,1412.4840,1396.3325,1428.9451,1437.4639,1561.9216,1635.4223,1675.7083,1667.6797,1691.9564,1729.4785,1426.5034
2020-02-18,45,1381.0564,1368.5537,1409.1015,1425.6645,1573.9853,1659.5030,1698.3171,1683.1807,1722.8693,1737.5129,1445.6179
2020-02-20,45,584.8675,945.4626,1176.8851,1426.6436,1581.2691,1643.2779,1718.6910,1847.6262,1799.2010,2306.4724,2115.3701
2020-02-20,45,590.0000,961.3070,1187.3914,1426.3251,1580.9374,1643.7602,1715.3940,1846.4247,1798.1736,2307.1933,2114.6128
2020-02-28,45,768.0000,1009.6470,1218.1863,1418.5311,1525.6370,1595.3236,1658.6885,1831.3308,1731.3536,2092.6541,1859.1230
2020-02-28,45,789.2230,1019.3193,1227.7002,1425.9769,1524.6190,1603.0081,1652.1502,1829.5107,1730.8740,2105.0474,1859.4065
2020-03-06,45,670.0000,769.8589,937.4992,1145.0943,1273.5503,1355.5426,1402.5915,1462.7380,1473.7875,1645.1147,1289.5565
2020-03-06,45,628.0000,741.2707,925.8403,1144.9812,1278.5858,1355.2894,1397.7518,1462.8621,1480.7563,1653.5688,1293.7557
2020-03-09,45,-9999.0000,-9999.0000,-9999.0000,-9999.0000,-9999.0000,-9999.0000,-9999.0000,-9999.0000,-9999.0000,-9999.0000,-9999.0000
2020-03-11,45,1134.0000,1289.7886,1435.9076,1562.8175,1786.5247,1905.0000,2011.3966,2105.4484,2081.9955,2484.4317,2102.0000
2020-03-11,45,1204.0000,1322.0000,1452.0000,1588.3061,1788.0000,1894.6108,2011.2059,2074.1042,2091.0687,2481.8370,2102.0000
2020-03-14,45,-9999.0000,-9999.0000,-9999.0000,-9999.0000,-9999.0000,-9999.0000,-9999.0000,-9999.0000,-9999.0000,-9999.0000,-9999.0000
2020-03-16,45,1170.0000,1506.9846,1835.1165,2115.1426,2307.6728,2396.7740,2453.1751,2646.7985,2564.4066,2954.9777,2689.9667
2020-03-16,45,1209.0000,1459.0651,1738.6559,1995.7040,2177.5682,2293.0271,2357.1235,2551.3754,2468.0718,2883.8872,2651.0725
2020-03-19,45,1108.0000,1386.9279,1658.1541,1883.4217,2098.4884,2187.1246,2244.1892,2339.6453,2331.3138,2723.6936,2490.2148
2020-03-19,45,1172.2910,1418.2255,1666.5401,1891.0851,2097.3025,2180.0725,2235.3360,2338.6543,2324.5536,2724.5348,2482.7801
2020-03-21,45,-9999.0000,-9999.0000,-9999.0000,-9999.0000,-9999.0000,-9999.0000,-9999.0000,-9999.0000,-9999.0000,-9999.0000,-9999.0000
2020-03-24,45,1013.7976,1274.7659,1419.0163,1594.0098,1700.6480,1811.8919,1874.5285,2039.4509,1931.6618,2101.2595,2007.9095
2020-03-24,45,1017.0000,1330.4946,1475.5456,1674.9390,1771.4557,1874.8214,1925.1529,2103.8133,1987.2616,2138.3226,2039.7084
2020-03-29,45,-9999.0000,-9999.0000,-9999.0000,-9999.0000,-9999.0000,-9999.0000,-9999.0000,-9999.0000,-9999.0000,-9999.0000,-9999.0000
2020-03-29,45,-9999.0000,-9999.0000,-9999.0000,-9999.0000,-9999.0000,-9999.0000,-9999.0000,-9999.0000,-9999.0000,-9999.0000,-9999.0000
2020-03-31,45,1138.0000,1547.1751,1795.4858,2134.7533,2275.9562,2371.1423,2451.1009,2695.0270,2556.2202,3060.2772,2966.4269
2020-03-31,45,1163.8708,1563.2746,1794.8937,2134.1137,2274.4628,2371.7574,2450.7149,2694.1057,2555.7311,3059.7171,2951.9499
2020-04-03,45,1056.0489,1370.2357,1594.7233,1866.8137,2027.5782,2101.4676,2186.7801,2331.5167,2277.2332,2747.2046,2728.5251
2020-04-03,45,1107.0000,1395.1280,1619.2282,1874.7912,2027.2725,2105.2035,2195.5995,2338.7719,2274.9178,2755.3692,2727.2409
2020-04-05,45,1310.0000,1571.2366,1858.7684,2179.6127,2339.1190,2420.9308,2498.9024,2680.0095,2594.8629,3092.4002,2934.6292
2020-04-05,45,1322.0000,1562.6052,1851.1302,2163.2455,2324.1590,2402.9602,2483.4163,2662.9870,2580.9679,3084.5030,2919.6684
2020-04-08,45,1122.0000,1419.0498,1722.9090,2003.4265,2106.5254,2205.3667,2275.5629,2486.9009,2370.9956,2804.5517,2611.8741
2020-04-08,45,1169.0669,1426.5903,1715.2187,1995.3896,2092.2130,2189.6807,2259.0577,2470.4227,2355.4035,2794.7123,2604.0669
2020-04-10,45,1258.9790,1666.8504,1971.0589,2280.0294,2443.7980,2522.1286,2619.1997,2763.8953,2699.8092,3196.0492,3110.9883
2020-04-10,45,1297.0000,1657.8431,1939.0163,2235.3966,2403.7169,2493.5397,2586.5482,2742.2979,2659.9254,3180.8872,3094.4820
2020-04-13,45,1203.0000,1586.2890,1859.2864,2139.0992,2299.7654,2388.7318,2476.5608,2598.6927,2547.7744,2963.3421,2904.3100
2020-04-13,45,1253.0000,1586.6866,1843.1598,2115.7825,2258.8705,2365.6164,2451.0149,2567.3709,2530.2897,2940.4316,2871.1651
2020-04-15,45,1409.0347,1755.3731,2091.7120,2422.2688,2595.6216,2730.0000,2820.3692,2998.5813,2940.6897,3352.9660,3144.1202
2020-04-15,45,1428.1963,1731.3233,2058.7889,2391.3283,2556.6001,2684.0000,2770.7180,2966.6668,2913.4336,3336.6664,3130.4714
2020-04-18,45,1267.0000,1578.2314,1875.4807,2130.6329,2290.5883,2441.6235,2532.8206,2619.4000,2635.7866,2956.3725,2748.7696
2020-04-18,45,1309.2569,1586.3292,1859.7393,2106.6720,2275.2763,2433.8125,2523.9123,2610.3368,2619.1966,2941.8547,2727.5470
2020-04-23,45,1215.0000,1627.1415,1930.4838,2246.7669,2378.8550,2529.0122,2627.6140,2795.8630,2708.1512,3160.8907,3112.0571
2020-04-23,45,1247.0000,1603.1188,1889.8224,2186.5322,2332.4567,2489.0068,2578.9725,2755.1170,2667.3567,3112.0914,3094.5876
2020-04-25,45,1525.0000,1827.0201,2162.5968,2471.0357,2675.0293,2829.9951,2908.5198,3018.6267,3013.4880,3500.0026,3289.4718
2020-04-25,45,1542.0000,1811.2638,2131.8461,2439.6143,2651.7409,2809.7482,2892.0050,2986.6196,2979.6180,3492.2877,3273.8468
2020-04-30,45,1025.0000,1354.0000,1634.0000,1798.0000,2085.5130,2537.8704,2672.0000,2969.5000,2787.0000,2498.0267,1820.7872
2020-04-30,45,1174.0000,1400.0000,1622.0000,1750.0000,2007.0000,2386.0000,2572.0000,2738.0105,2695.0000,2455.0000,1762.0000
2020-05-03,45,894.0000,1275.0466,1555.5965,1877.9559,2033.5265,2268.9992,2386.6984,2519.1968,2501.3043,2727.9816,2500.0453
2020-05-03,45,938.5954,1282.2217,1548.2779,1861.9420,2019.7234,2262.4863,2379.6921,2502.0743,2497.8453,2726.2336,2502.5405
2020-05-08,45,1984.0000,2535.3999,2985.6448,3382.6516,3625.5942,3739.5233,3858.7452,3971.5831,3955.3248,4216.9886,3846.6902
2020-05-08,45,1867.0000,2326.6955,2759.4087,3144.6475,3367.9852,3522.9005,3651.6928,3787.9818,3780.7211,4088.5132,3783.5903
2020-05-10,45,2084.0000,2542.0000,2862.0000,2965.4450,3435.0000,3797.4558,4073.0000,4282.0886,4177.0000,4019.0000,3408.0000
2020-05-10,45,1966.0000,2456.0000,2685.6121,2938.7621,3297.0000,3758.0000,4087.0000,4171.8829,4234.0000,4187.0000,3638.0000
2020-05-15,45,1294.0000,1483.4280,1739.2634,1979.3149,2228.5003,2500.9727,2620.9339,2620.3697,2724.5584,2891.5888,2410.6726
2020-05-15,45,1326.4612,1499.2893,1763.2118,2010.2474,2235.9021,2517.0000,2635.8583,2625.1564,2747.4383,2906.4430,2467.2525
2020-05-23,45,1936.0000,2452.0696,2828.2139,3078.3095,3398.2344,3659.5257,3899.8526,3925.4996,4003.1209,4103.2996,3865.5570
2020-05-25,45,1844.0000,2311.1808,2774.3217,3142.8553,3492.9414,3764.0528,3882.9224,4018.1157,4002.8845,4406.7325,4025.0794
2020-05-25,45,1941.9477,2373.7848,2838.6978,3239.7965,3562.0152,3836.2319,3947.7378,4075.7054,4067.7279,4440.4346,4041.1346
2020-05-28,45,-9999.0000,-9999.0000,-9999.0000,-9999.0000,-9999.0000,-9999.0000,-9999.0000,-9999.0000,-9999.0000,-9999.0000,-9999.0000
2020-05-28,45,-9999.0000,-9999.0000,-9999.0000,-9999.0000,-9999.0000,-9999.0000,-9999.0000,-9999.0000,-9999.0000,-9999.0000,-9999.0000
2020-05-30,45,1862.0000,2486.5967,2934.0236,3205.3644,3591.8611,3932.1374,4123.0050,4265.7217,4203.7819,4471.4066,4149.3583
2020-05-30,45,1864.0000,2439.8787,2870.2683,3142.4499,3528.8039,3878.1590,4066.0138,4200.8085,4146.6771,4440.3079,4119.7756
2020-06-02,45,1249.7793,1912.3468,2375.8009,2613.7980,3033.7760,3523.8016,3763.0918,3817.8694,3851.5785,3946.3047,3629.3118
2020-06-02,45,1294.0000,1859.0996,2292.8589,2519.6285,2903.8723,3429.0099,3659.9608,3722.9335,3755.6877,3896.7507,3581.3090
2020-06-04,45,-9999.0000,-9999.0000,-9999.0000,-9999.0000,-9999.0000,-9999.0000,-9999.0000,-9999.0000,-9999.0000,-9999.0000,-9999.0000
2020-06-04,45,-9999.0000,-9999.0000,-9999.0000,-9999.0000,-9999.0000,-9999.0000,-9999.0000,-9999.0000,-9999.0000,-9999.0000,-9999.0000
2020-06-07,45,1080.0000,1258.9460,1594.7907,1660.4125,2091.5046,2962.0884,3254.8193,3193.4278,3400.2568,3117.0000,2420.8812
2020-06-07,45,1268.0000,1387.2900,1722.3149,1802.9196,2251.3411,3097.0000,3386.0671,3335.4451,3526.9283,3286.1704,2586.8104
2020-06-12,45,627.0000,795.5548,1066.9908,1075.5008,1410.8679,2236.4933,2539.7305,2567.6551,2603.1322,2107.9342,1546.3435
2020-06-12,45,665.0000,819.5534,1075.2742,1075.1522,1403.9285,2235.1390,2531.7069,2551.2913,2595.1800,2107.3600,1547.8475
2020-06-14,45,873.5872,939.3108,1250.7875,1189.2038,1671.0261,2899.5539,3251.6032,3223.1022,3351.7263,2613.3073,1830.5383
2020-06-14,45,843.0000,938.7273,1259.5658,1207.6456,1689.7084,2948.4958,3299.4597,3288.3042,3416.1563,2646.2184,1834.5797
2020-06-17,45,900.6382,954.4939,1243.2258,1170.7278,1608.0000,2753.1640,3202.1426,3178.2098,3316.1818,2386.7162,1675.5954
2020-06-17,45,953.0000,979.2607,1259.8533,1170.4506,1611.8015,2765.1038,3211.8326,3177.9734,3323.5955,2387.4968,1674.6993
2020-06-19,45,671.0000,774.8978,1047.4677,902.7631,1382.3949,3012.5236,3764.4742,3751.4756,3831.7157,2391.4175,1594.7956
2020-06-19,45,693.0000,791.4576,1061.7500,903.8158,1381.5140,3010.3796,3747.8844,3734.6587,3802.3665,2391.6466,1591.6123
2020-06-22,45,432.0000,487.3468,726.9713,599.2094,982.7575,2523.8291,3314.8156,3319.9454,3403.6947,1975.9629,1258.1954
2020-06-22,45,470.5244,520.0818,743.8199,599.7095,999.8672,2514.7400,3298.7135,3303.3464,3387.3155,1962.1897,1256.5387
2020-06-24,45,-9999.0000,-9999.0000,-9999.0000,-9999.0000,-9999.0000,-9999.0000,-9999.0000,-9999.0000,-9999.0000,-9999.0000,-9999.0000
2020-06-27,45,423.0000,434.9578,695.2390,565.6463,967.7578,2956.5352,4067.5090,4027.7723,4193.5508,2104.0763,1239.3437
2020-06-27,45,540.9465,515.1469,739.4038,615.3640,1000.5047,2883.1656,3948.0283,3905.8209,4083.0616,2101.2759,1240.6661
2020-06-29,45,552.4089,583.0213,790.7211,630.5482,1014.9367,3036.2668,4355.3263,4330.2582,4475.8376,2214.2504,1301.8603
2020-06-29,45,616.0000,630.9694,822.0503,647.3733,1032.7995,2969.5669,4260.0066,4210.2655,4363.2640,2198.2280,1303.0726
2020-07-02,45,-9999.0000,-9999.0000,-9999.0000,-9999.0000,-9999.0000,-9999.0000,-9999.0000,-9999.0000,-9999.0000,-9999.0000,-9999.0000
2020-07-02,45,-9999.0000,-9999.0000,-9999.0000,-9999.0000,-9999.0000,-9999.0000,-9999.0000,-9999.0000,-9999.0000,-9999.0000,-9999.0000
2020-07-04,45,863.0000,692.3090,928.9894,811.7020,1161.4039,2674.4110,3514.0000,3491.9173,3594.0000,1907.2043,1233.0000
2020-07-04,45,921.0000,730.0233,916.7194,804.1063,1130.0000,2590.0000,3292.5069,3335.1639,3363.0000,1876.3322,1232.0000
2020-07-07,45,231.0000,227.0978,411.4679,283.1917,588.3030,2546.4603,3699.0045,3860.2104,3867.7028,1508.4509,755.5350
2020-07-07,45,288.0000,275.4203,443.0334,299.3024,611.0314,2530.2884,3665.8625,3826.7847,3827.5838,1506.4290,756.4949
2020-07-09,45,341.0000,371.6687,555.7222,375.3014,754.9483,2820.8038,4347.1742,4353.9572,4483.8947,1819.8856,966.4492
2020-07-09,45,454.8258,467.5795,618.9595,443.5361,796.4490,2737.6879,4172.3904,4176.8285,4317.0877,1811.3698,969.3270
2020-07-12,45,211.0000,251.6808,411.1919,267.9390,581.9379,2482.5731,3803.0542,3938.5044,3964.2495,1452.4454,730.3154
2020-07-12,45,248.5685,283.7492,435.5852,283.5702,603.7290,2474.2291,3779.3885,3923.5148,3939.4490,1451.3197,731.0395
2020-07-14,45,410.0000,362.6938,555.7583,387.0176,747.5127,2961.6470,4284.2581,4409.6662,4485.0326,1748.7398,883.6427
2020-07-14,45,450.8079,379.5597,563.7927,402.7077,762.1800,2946.3207,4284.2657,4409.2547,4466.7866,1756.6945,875.9342
2020-07-17,45,201.0000,179.2141,371.8367,243.4403,587.2509,2717.8567,4108.4052,4139.5809,4291.5082,1563.7504,739.9321
2020-07-17,45,298.0000,265.6822,427.3091,292.0889,627.5586,2664.0000,3995.6723,4036.3767,4194.8194,1549.4975,746.4500
2020-07-19,45,202.0000,235.1697,403.2220,247.2665,617.7554,2650.3471,4108.7030,4154.3060,4282.8372,1627.0702,787.1297
2020-07-19,45,310.6830,322.9367,467.7020,307.5896,643.5975,2585.6096,3979.3642,4018.3051,4138.4419,1610.2764,787.8701
2020-07-22,45,-9999.0000,-9999.0000,-9999.0000,-9999.0000,-9999.0000,-9999.0000,-9999.0000,-9999.0000,-9999.0000,-9999.0000,-9999.0000
2020-07-22,45,-9999.0000,-9999.0000,-9999.0000,-9999.0000,-9999.0000,-9999.0000,-9999.0000,-9999.0000,-9999.0000,-9999.0000,-9999.0000
2020-07-27,45,325.0000,313.2715,459.7018,307.6724,619.5637,2462.0623,3684.0543,3660.6942,3914.9250,1514.2162,706.7884
2020-07-27,45,395.0000,361.5896,493.9554,331.8145,635.6746,2436.9706,3633.0927,3617.2909,3858.5610,1514.6601,707.1603
2020-07-29,45,489.0000,517.5854,635.4828,442.6965,780.1969,2507.1042,3836.0028,3795.1359,4051.2562,1721.5912,852.7490
2020-07-29,45,581.0000,581.7481,682.4882,475.1346,804.0094,2467.6083,3755.0215,3707.2906,3955.2164,1715.3435,851.4900
2020-08-01,45,321.0000,371.1668,507.3073,347.1362,674.5074,2403.9656,3724.1887,3692.7979,3953.5943,1602.6277,810.5981
2020-08-01,45,420.9729,442.9474,555.5482,387.3011,698.9749,2363.5536,3643.7654,3603.5892,3867.3569,1595.3624,809.8728
2020-08-06,45,180.0000,201.5572,387.3260,235.0726,562.8174,2518.7920,3756.7649,3699.3378,3970.7672,1515.3753,690.3972
2020-08-06,45,247.0000,245.4271,411.9172,251.9537,578.9039,2517.1175,3715.0201,3673.9470,3948.6143,1508.5517,691.6591
2020-08-08,45,246.0000,307.5384,467.4031,299.9030,649.8385,2532.9568,3852.4060,3930.6634,4059.3360,1682.9479,803.7710
2020-08-08,45,362.9702,395.3361,531.1969,355.1079,675.9246,2461.1093,3723.6695,3794.5896,3915.9945,1659.2594,803.3244
2020-08-11,45,638.0000,678.0000,824.6695,612.8178,1018.0000,2837.6452,4051.0000,4082.8448,4393.0175,2028.1134,1025.4139
2020-08-11,45,477.0000,589.9639,773.2674,561.1164,1002.0298,2956.0000,4242.0156,4320.8079,4623.0000,2052.5524,1030.0000
2020-08-13,45,235.0000,251.6016,507.5185,339.4022,762.2601,2842.5473,4040.1199,4040.0433,4356.6998,1827.3993,884.2505
2020-08-13,45,412.7479,403.2359,603.4165,419.2646,811.6486,2731.8540,3859.1004,3836.0746,4140.1804,1804.2906,882.7317
2020-08-16,45,433.0000,357.3355,571.6537,435.4819,803.8480,2530.8642,3587.5222,3595.3799,3860.1190,1690.2062,876.2161
2020-08-16,45,485.0000,397.6442,593.4007,451.8153,820.1323,2506.5875,3555.0876,3571.6568,3820.7130,1690.8185,882.9827
2020-08-21,45,332.0000,413.6295,581.6798,411.8896,780.7688,2259.0036,3226.6369,3250.4890,3498.3110,1635.2910,875.2920
2020-08-21,45,352.7668,417.6246,585.4691,411.9535,780.0844,2283.4341,3244.1227,3272.8064,3515.3293,1644.3336,882.1245
2020-08-23,45,374.0000,413.0659,659.5403,500.1910,931.3214,2620.3441,3385.6235,3419.2657,3703.8798,1971.8321,1051.7229
2020-08-23,45,467.0000,485.5057,707.2697,539.4604,948.4727,2571.8518,3299.7624,3339.8981,3611.1106,1956.8644,1043.5476
2020-08-26,45,696.0000,773.4781,969.9023,819.1180,1227.3920,2515.7667,3156.1976,3219.8087,3452.0788,1897.8752,1116.0670
2020-08-26,45,697.0000,769.4134,969.5936,811.8728,1227.3592,2546.6157,3212.2841,3275.0095,3508.4183,1906.8829,1107.0482
2020-08-28,45,242.3585,411.3153,667.2077,550.5749,1034.2418,2407.0013,3177.3237,3237.2133,3496.0347,2085.9115,1209.2035
2020-08-28,45,432.0000,555.2162,747.0798,626.9902,1052.2351,2330.6022,3046.0148,3093.8535,3335.5595,2050.5246,1179.2622
2020-09-02,45,1464.0000,1116.0000,1436.0000,1356.0000,1978.0000,3340.0000,3683.0000,3826.0000,3991.0000,2769.0000,1839.0000
2020-09-02,45,1498.0000,1554.0000,1572.0000,1340.0000,1794.0000,2750.0000,3182.0000,3536.0000,3446.0000,2630.0000,1783.0000
2020-09-05,45,324.0000,377.5692,549.8157,497.8248,833.4246,1719.0998,2117.0481,2149.9960,2358.7581,1571.8889,883.0870
2020-09-05,45,398.0000,429.6286,581.6395,513.6398,844.4552,1702.9674,2102.1263,2134.7202,2344.8626,1564.4198,883.5056
2020-09-07,45,-9999.0000,-9999.0000,-9999.0000,-9999.0000,-9999.0000,-9999.0000,-9999.0000,-9999.0000,-9999.0000,-9999.0000,-9999.0000
2020-09-07,45,-9999.0000,-9999.0000,-9999.0000,-9999.0000,-9999.0000,-9999.0000,-9999.0000,-9999.0000,-9999.0000,-9999.0000,-9999.0000
2020-09-10,45,911.0000,973.2922,1100.6861,987.5981,1365.6443,2043.8111,2374.2733,2358.8377,2569.5328,1827.4095,1283.5435
2020-09-10,45,1056.0000,1076.9342,1169.2266,1028.8336,1362.1496,2019.9075,2353.6236,2326.8004,2530.5315,1786.6857,1243.1788
2020-09-12,45,400.0000,453.3765,649.2895,666.9462,1029.1899,1783.9022,2070.9325,2166.8568,2343.8859,2017.9776,1284.1699
2020-09-12,45,416.0000,461.3742,649.1812,666.7060,1026.5513,1783.3516,2055.0592,2167.3625,2328.3068,2028.1918,1284.7326
2020-09-15,45,336.0000,421.3752,613.9804,683.8620,1025.8068,1655.1485,1943.6650,2055.3975,2243.6553,2035.4601,1282.1952
2020-09-15,45,368.5579,445.1582,625.4593,683.2404,1029.3142,1654.1102,1941.5160,2054.3274,2247.7084,2035.7598,1275.1424
2020-09-17,45,586.0000,700.0342,803.4493,758.5940,1082.4522,1671.3507,1956.2975,2000.9403,2182.5862,1672.0025,1061.3207
2020-09-17,45,664.0000,747.4316,843.4278,780.1722,1098.0627,1638.6589,1920.0000,1990.1919,2151.3066,1667.3419,1061.1671
2020-09-20,45,368.0000,523.5320,691.5844,795.0815,1123.8967,1622.5488,1910.2536,2023.4003,2245.8992,2155.2219,1464.6001
2020-09-20,45,411.0000,555.4160,708.0978,796.0298,1131.8050,1623.7521,1929.5568,2022.8767,2249.5666,2155.3271,1450.6712
2020-09-25,45,396.6209,485.8007,641.9979,753.5270,993.2596,1321.1318,1511.4704,1543.2352,1704.3725,1924.3938,1290.3084
2020-09-25,45,465.6172,533.6156,673.3286,769.8927,1012.6892,1333.7539,1510.7605,1559.9644,1718.9963,1923.6465,1289.5651
2020-09-30,45,449.0000,565.5988,653.6769,677.3672,893.2704,1174.7095,1305.8378,1334.3110,1428.6318,1619.8265,1268.8304
2020-09-30,45,519.0000,609.3664,681.3097,691.7260,892.9635,1175.0310,1319.2854,1350.9896,1430.5154,1611.7251,1244.4063
2020-10-07,45,293.0000,429.8613,539.7400,643.7686,867.4463,1322.9021,1517.7734,1520.8226,1690.7067,1815.8802,1364.5560
2020-10-07,45,294.0000,433.9431,538.7059,644.4464,858.1511,1344.0000,1553.0000,1517.9718,1701.0000,1812.0584,1364.8380
2020-10-10,45,912.0000,1078.0000,1216.2633,1297.9610,1651.2630,2106.2097,2308.2938,2376.7910,2520.9034,2646.7526,1879.8583
2020-10-10,45,866.0000,1053.2661,1213.1420,1296.9169,1683.4430,2135.6782,2355.7852,2424.2264,2584.6086,2660.6912,1946.5000
2020-10-12,45,605.0000,868.9293,1163.0589,1570.4851,1866.5572,2277.9267,2473.0886,2743.5235,2792.8594,2677.6048,1884.4683
2020-10-12,45,630.0000,885.5228,1170.2139,1578.3971,1874.1839,2294.5008,2473.8799,2735.0569,2774.5714,2692.0703,1875.4996
2020-10-20,45,1316.7403,1556.1707,1688.7146,1818.6180,2073.1261,2316.0574,2490.9749,2631.1488,2684.5428,2961.7837,2435.1691
2020-10-22,45,-9999.0000,-9999.0000,-9999.0000,-9999.0000,-9999.0000,-9999.0000,-9999.0000,-9999.0000,-9999.0000,-9999.0000,-9999.0000
2020-10-25,45,609.0000,905.3837,1180.9407,1515.0547,1763.8582,2008.6101,2167.0290,2262.4071,2407.7725,3076.1947,2395.7234
2020-10-25,45,681.0000,945.2925,1201.2455,1507.6028,1756.5412,1991.9536,2149.5133,2246.6533,2392.0035,3059.6080,2371.4110
2020-10-30,45,-9999.0000,-9999.0000,-9999.0000,-9999.0000,-9999.0000,-9999.0000,-9999.0000,-9999.0000,-9999.0000,-9999.0000,-9999.0000
2020-11-04,45,788.0000,1001.4542,1208.6873,1450.8738,1729.1372,1944.6872,2106.1023,2149.3590,2343.4230,3139.7054,2508.1231
2020-11-04,45,853.0000,1041.3409,1237.2026,1452.1056,1741.9009,1975.4536,2121.1332,2166.5283,2359.6990,3131.2579,2506.7416
2020-11-06,45,362.5298,781.5649,1051.0640,1427.4849,1716.3634,1959.1857,2152.3022,2317.9515,2391.8171,3382.9775,2774.5473
2020-11-06,45,594.3360,917.3184,1114.9729,1402.6308,1667.7806,1898.0916,2056.3914,2215.1764,2293.4947,3271.2961,2710.4214
2020-11-09,45,580.0000,905.5234,1125.1267,1411.4376,1667.9210,1925.2197,2104.0647,2263.3537,2343.5422,3032.5274,2503.5507
2020-11-09,45,622.0000,925.4153,1139.0558,1418.8998,1674.4844,1929.2456,2105.7588,2262.5149,2340.6202,3016.0064,2505.6720
2020-11-11,45,473.0000,765.6580,1091.4145,1466.2663,1740.4912,2024.4289,2166.3882,2382.5249,2455.0147,3321.5860,2587.8629
2020-11-11,45,690.0000,901.7846,1155.1044,1450.3767,1698.9069,1958.3277,2086.8062,2294.5366,2360.0795,3228.0086,2546.3881
2020-11-19,45,435.0000,773.8214,1019.3336,1282.5640,1521.1977,1750.1041,1910.4754,2103.1674,2149.6740,2819.3285,2243.9838
2020-11-19,45,438.0000,781.3173,1026.7649,1282.6797,1521.0719,1750.5570,1910.2897,2104.3302,2152.5686,2834.6954,2251.7253
2020-11-21,45,419.0000,709.6903,1018.9628,1395.3441,1667.9653,1928.6490,2089.8445,2416.3390,2358.4288,3266.3563,2539.7681
2020-11-21,45,616.0000,845.4562,1091.2748,1394.9685,1629.2054,1879.0829,2022.1200,2342.2173,2277.9170,3163.5348,2468.0618
2020-11-24,45,652.0422,881.3568,1097.1540,1379.1747,1616.3949,1827.5420,1957.7216,2151.2638,2217.3253,3060.2014,2379.0787
2020-11-24,45,586.0000,837.4640,1072.8686,1379.2894,1628.1363,1834.1272,1971.7060,2182.3865,2247.5410,3100.4558,2396.4125
2020-11-26,45,501.0000,889.3041,1100.7537,1451.3487,1750.2134,1988.5724,2182.4712,2407.7247,2438.7666,3219.4678,2451.7529
2020-11-26,45,697.0000,1009.6406,1168.6684,1450.3726,1713.6094,1930.4442,2105.8539,2327.3066,2342.7085,3143.7555,2412.6333
2020-11-29,45,481.0000,821.5224,1028.7691,1346.4095,1597.6316,1795.2234,1941.2082,2168.3443,2215.4301,3131.4253,2579.6873
2020-11-29,45,436.0054,785.6073,1003.7872,1338.5137,1602.7115,1803.9647,1975.8484,2182.1055,2230.7315,3162.4836,2602.4858
2020-12-01,45,132.0000,164.7204,176.0000,155.0000,179.0000,210.0000,209.0000,214.7170,211.0000,163.0000,111.0000
2020-12-01,45,166.0000,168.0000,175.0000,156.0000,165.0000,171.0000,181.0000,192.3833,187.0000,159.0000,111.0000
2020-12-19,45,574.0000,885.4082,1048.8046,1296.4729,1528.9176,1659.7099,1803.2913,1943.5683,2019.2622,2570.9869,2124.4915
2020-12-19,45,578.0000,885.3928,1049.0555,1305.2931,1541.9420,1683.6687,1831.5252,1958.2188,2055.7388,2586.0946,2130.1765
2020-12-26,45,-9999.0000,-9999.0000,-9999.0000,-9999.0000,-9999.0000,-9999.0000,-9999.0000,-9999.0000,-9999.0000,-9999.0000,-9999.0000
2020-12-26,45,-9999.0000,-9999.0000,-9999.0000,-9999.0000,-9999.0000,-9999.0000,-9999.0000,-9999.0000,-9999.0000,-9999.0000,-9999.0000
2020-12-31,45,394.0000,565.2474,785.3287,1116.7324,1382.1137,1575.0904,1717.6945,1935.9654,2007.6428,1886.2580,1154.7448
2020-12-31,45,407.0000,569.0820,789.1567,1121.0885,1381.5225,1589.7410,1735.6530,1966.7400,2025.5416,1892.6394,1153.4199
2021-01-03,45,280.4883,489.4860,697.7885,997.5674,1229.8210,1381.5734,1526.5638,1687.9118,1769.2429,1510.1624,894.1282
2021-01-03,45,388.0051,558.0186,741.4958,1017.6568,1261.5188,1399.2469,1543.5457,1703.4209,1767.2909,1501.6504,901.5537
2021-01-08,45,288.1237,613.5817,793.1403,1072.5096,1281.1996,1435.1100,1571.3947,1767.7819,1784.3419,1853.5307,1381.3285
2021-01-08,45,337.0000,641.6392,813.6138,1085.0181,1296.9310,1452.7779,1591.8050,1782.5217,1799.1353,1852.7357,1378.6561
2021-01-13,45,408.3284,657.8711,869.2225,1188.6345,1405.2898,1564.1103,1687.2592,1928.1560,1928.1927,2402.5913,1748.2346
2021-01-13,45,462.6694,685.0428,885.6051,1193.1385,1413.7414,1580.8239,1704.0870,1926.6422,1928.3840,2395.9823,1745.9197
2021-01-18,45,-9999.0000,-9999.0000,-9999.0000,-9999.0000,-9999.0000,-9999.0000,-9999.0000,-9999.0000,-9999.0000,-9999.0000,-9999.0000
2021-02-09,45,-9999.0000,-9999.0000,-9999.0000,-9999.0000,-9999.0000,-9999.0000,-9999.0000,-9999.0000,-9999.0000,-9999.0000,-9999.0000
2021-02-14,45,425.0000,761.3394,938.9786,1283.7279,1485.1132,1714.2314,1863.8107,2199.4876,2103.0331,2642.0502,2001.1370
2021-02-14,45,597.0000,861.5596,1001.8056,1291.3965,1484.8770,1689.9424,1826.9986,2150.7312,2054.3282,2619.3663,1987.8791
2021-02-17,45,1050.0000,1200.0000,1238.0000,1376.8112,1585.6250,1708.8449,1818.1563,1944.0009,1979.2022,2457.4510,1971.2410
2021-02-17,45,1056.0000,1194.0000,1236.7706,1377.0974,1593.0000,1722.9966,1835.7693,1957.7804,1987.1508,2475.4427,1988.9714
2021-02-22,45,-9999.0000,-9999.0000,-9999.0000,-9999.0000,-9999.0000,-9999.0000,-9999.0000,-9999.0000,-9999.0000,-9999.0000,-9999.0000
2021-02-24,45,632.7193,897.7289,1088.6767,1249.0164,1413.3143,1498.6912,1579.4599,1670.7028,1651.2083,1972.2818,1643.6660
2021-02-24,45,660.0495,909.2403,1096.7880,1245.3122,1408.4396,1490.5103,1571.1647,1653.5873,1643.9436,1971.4364,1642.6719
2021-02-27,45,693.0000,985.1976,1193.0526,1365.8537,1522.2207,1595.3928,1683.7135,1735.0487,1755.2360,2066.8811,1865.3704
2021-02-27,45,747.0000,1017.5351,1212.6821,1376.6546,1533.1638,1613.2842,1697.2914,1750.7052,1770.3281,2058.6023,1859.7574
2021-03-01,45,758.1727,1003.8672,1275.1616,1585.9052,1723.7194,1835.0305,1923.1774,2103.8046,2069.7805,2563.4269,2213.1151
2021-03-01,45,800.7246,1026.4016,1283.2875,1586.5483,1714.5609,1844.3248,1915.2231,2102.0012,2058.9716,2550.2512,2203.2885
2021-03-04,45,1119.0000,1245.1198,1368.1478,1481.6957,1613.4477,1699.1735,1760.9695,1863.6172,1837.1779,2073.5490,1793.8624
2021-03-04,45,1252.3901,1321.3943,1416.8140,1504.6678,1618.1108,1708.0342,1777.2395,1881.6583,1843.9147,2065.7089,1785.4996
2021-03-06,45,637.0000,970.0713,1178.6489,1451.4066,1573.3851,1723.6529,1788.9328,1975.5776,1861.4669,2305.4785,2082.1541
2021-03-06,45,708.0201,1003.2511,1194.9891,1442.0701,1568.0000,1699.7401,1788.4086,1958.3464,1862.0241,2300.7896,2074.0752
2021-03-09,45,921.0000,1168.8597,1321.2402,1507.3618,1633.7494,1747.6234,1819.6263,1941.4910,1907.8643,2285.4316,2114.5907
2021-03-09,45,896.0000,1172.7362,1322.3096,1523.3660,1641.2633,1747.3047,1833.7821,1975.0735,1932.6523,2323.0325,2107.8705
2021-03-16,45,783.0000,1162.9056,1379.3256,1755.9408,1900.0951,2011.2796,2092.0371,2296.1623,2212.8700,2723.9571,2567.6988
2021-03-16,45,809.0074,1187.7012,1379.1312,1739.2152,1875.8724,1997.3046,2075.4285,2262.8464,2181.1116,2699.5174,2551.7252
2021-03-19,45,749.5916,1021.4462,1193.2984,1458.7017,1584.8643,1683.4522,1756.2947,1911.3058,1842.2647,2243.4821,2116.1319
2021-03-19,45,782.9746,1049.0084,1205.2056,1459.1559,1589.2682,1682.9006,1755.0908,1894.6778,1834.9382,2235.8872,2105.8611
2021-03-21,45,-9999.0000,-9999.0000,-9999.0000,-9999.0000,-9999.0000,-9999.0000,-9999.0000,-9999.0000,-9999.0000,-9999.0000,-9999.0000
2021-03-21,45,-9999.0000,-9999.0000,-9999.0000,-9999.0000,-9999.0000,-9999.0000,-9999.0000,-9999.0000,-9999.0000,-9999.0000,-9999.0000
2021-03-24,45,961.4068,1290.8020,1554.9762,1850.9394,1963.5770,2027.3857,2091.1884,2232.2339,2196.4423,2636.4187,2363.9138
2021-03-24,45,1005.4918,1306.9165,1562.3144,1850.9148,1963.8651,2027.9009,2092.2354,2231.0197,2195.1631,2620.8860,2362.8165
2021-03-26,45,1205.6430,1531.1624,1747.8647,2002.8444,2155.1181,2260.4597,2356.5984,2487.0169,2451.9226,2931.3167,2791.0939
2021-03-26,45,1234.0000,1547.6757,1739.4433,1978.7649,2147.6247,2244.3941,2339.3207,2471.2403,2427.1498,2923.2283,2791.7925
2021-03-29,45,1118.1908,1412.6074,1602.6816,1802.8444,1963.8659,2081.7623,2180.2690,2243.0428,2259.0401,2586.5177,2502.8081
2021-03-29,45,1144.0000,1442.7815,1635.1942,1835.5888,1978.1086,2100.1331,2203.0841,2279.6124,2284.5394,2596.1680,2485.4518
2021-03-31,45,1244.2069,1563.1890,1843.2913,2139.7646,2276.9490,2371.9579,2427.4586,2519.2822,2530.8571,2939.8914,2724.8582
2021-03-31,45,1261.0000,1523.4661,1779.4142,2051.0956,2194.8565,2299.7279,2364.0971,2470.8856,2466.4082,2883.6791,2697.8230
2021-04-03,45,1014.0000,1277.2794,1507.3606,1747.3814,1874.5938,1994.7718,2059.3432,2149.6815,2146.3748,2420.1729,2235.7765
2021-04-03,45,1054.5021,1300.9752,1512.6974,1738.8298,1853.1511,1971.7154,2051.4079,2150.6814,2138.9897,2402.4779,2210.2402
2021-04-05,45,1221.0000,1618.8466,1874.6038,2147.2853,2291.8259,2395.2671,2491.0570,2629.6115,2555.3623,2969.5073,2855.9944
2021-04-05,45,1259.0000,1635.2428,1883.0903,2154.9096,2300.6302,2403.7597,2483.1821,2629.9874,2556.1893,2979.1073,2855.1268
2021-04-08,45,1048.8008,1418.7552,1650.3265,1923.6756,2019.8174,2162.8957,2244.0523,2451.1735,2332.1092,2676.0537,2578.6992
2021-04-08,45,1085.0000,1434.7697,1650.2230,1915.8463,2011.3721,2156.5408,2235.8660,2443.0957,2329.7017,2666.6938,2568.9854
2021-04-10,45,1410.2098,1747.4579,2034.9354,2339.0262,2499.6722,2586.5884,2644.5383,2773.0337,2739.4440,3107.5065,2870.7237
2021-04-10,45,1429.0000,1699.1001,1970.8723,2259.8817,2420.3003,2523.1692,2588.7540,2722.2419,2681.6834,3068.2722,2837.2105
2021-04-15,45,917.0000,1108.6806,1196.9120,1345.3574,1513.8140,1691.1085,1762.7392,1879.1886,1810.0927,1758.3796,1409.3360
2021-04-15,45,924.0000,1124.8361,1208.6399,1353.3518,1521.2026,1691.1438,1771.3315,1896.2167,1827.1589,1769.7099,1405.6071
2021-04-20,45,-9999.0000,-9999.0000,-9999.0000,-9999.0000,-9999.0000,-9999.0000,-9999.0000,-9999.0000,-9999.0000,-9999.0000,-9999.0000
2021-04-20,45,-9999.0000,-9999.0000,-9999.0000,-9999.0000,-9999.0000,-9999.0000,-9999.0000,-9999.0000,-9999.0000,-9999.0000,-9999.0000
2021-04-23,45,1217.0000,1601.8287,1924.1937,2231.5362,2427.3756,2716.1517,2808.0247,2903.7545,2903.4137,3113.1410,2776.0017
2021-04-23,45,1261.9121,1555.3751,1850.7716,2136.6992,2336.9671,2627.7747,2729.1492,2823.1500,2838.0355,3062.1214,2740.6263
2021-04-25,45,1391.0000,1850.7637,2193.9394,2501.1736,2726.0000,2946.9771,3111.6462,3206.4553,3194.1673,3592.6156,3382.8647
2021-04-25,45,1388.0194,1786.7958,2114.4798,2407.6309,2618.5090,2866.9962,3029.3437,3127.3548,3108.9791,3526.1911,3337.0326
2021-04-28,45,1299.3637,1794.9362,2106.6161,2360.4243,2564.1654,2780.1894,2903.7019,2953.1302,2982.1202,3175.2306,3030.7981
2021-04-28,45,1323.0000,1778.5989,2082.6242,2327.8889,2532.9166,2747.1810,2887.3679,2918.7039,2949.6417,3156.4931,3018.4672
2021-04-30,45,739.0000,827.0000,897.0000,923.0000,1148.0000,1644.0000,1731.0000,1594.0000,1880.0000,1332.0000,936.0000
2021-04-30,45,-9999.0000,-9999.0000,-9999.0000,-9999.0000,-9999.0000,-9999.0000,-9999.0000,-9999.0000,-9999.0000,-9999.0000,-9999.0000
2021-05-03,45,924.0623,1219.3451,1522.8910,1804.5621,1990.0000,2264.0418,2375.7767,2470.9618,2488.9764,2714.9152,2357.6689
2021-05-03,45,942.0000,1235.4961,1514.1848,1787.3767,1954.0250,2249.5608,2362.9416,2456.6538,2471.8617,2691.9889,2370.7411
2021-05-05,45,-9999.0000,-9999.0000,-9999.0000,-9999.0000,-9999.0000,-9999.0000,-9999.0000,-9999.0000,-9999.0000,-9999.0000,-9999.0000
2021-05-05,45,-9999.0000,-9999.0000,-9999.0000,-9999.0000,-9999.0000,-9999.0000,-9999.0000,-9999.0000,-9999.0000,-9999.0000,-9999.0000
2021-05-08,45,869.0000,1211.4279,1483.4542,1795.2747,1946.9427,2136.1483,2230.5190,2311.5004,2341.7360,2562.0548,2228.7233
2021-05-08,45,897.8187,1194.5117,1450.6648,1739.1249,1883.1775,2087.4165,2197.8415,2262.5892,2312.8313,2516.5487,2219.0444
2021-05-10,45,1737.0000,2181.2390,2597.7793,2951.5296,3191.6328,3362.3601,3475.4794,3493.8526,3605.3307,3944.2597,3639.4564
2021-05-10,45,1694.0000,2090.6867,2491.3811,2824.7283,3079.7838,3268.8506,3399.3137,3415.6556,3526.7256,3893.4672,3591.3978
2021-05-13,45,1132.6481,1312.4297,1497.4932,1650.3569,1837.7780,2034.9774,2135.0369,2149.9048,2213.9730,1849.3893,1526.0131
2021-05-13,45,1140.6939,1316.7198,1509.5520,1666.5405,1849.6064,2051.5619,2150.7326,2165.9034,2245.4512,1857.9736,1517.6338
2021-05-15,45,847.0000,1040.0000,1242.6198,1408.0000,1650.0000,1921.0000,2117.6764,1990.3144,2227.0000,2055.0000,1552.0000
2021-05-15,45,900.0000,1090.0000,1322.0000,1550.0000,1726.0000,2038.0000,2160.0000,2010.0000,2274.0000,2135.0000,1727.0000
2021-05-18,45,916.0000,1290.6289,1555.2958,1843.1346,2010.6538,2181.1232,2292.8667,2375.5040,2394.3771,2643.6901,2330.5557
2021-05-18,45,981.0000,1291.5168,1547.6482,1818.5647,1979.4073,2169.5400,2280.8069,2376.5637,2390.2140,2620.2863,2322.9098
2021-05-20,45,1053.8740,1371.0359,1650.4404,1939.6596,2138.7894,2312.4855,2375.0010,2487.3000,2487.5512,2675.4153,2235.2058
2021-05-20,45,1080.0247,1339.0833,1603.1110,1874.9832,2084.3571,2280.4560,2357.8605,2454.5268,2473.8312,2652.0297,2220.6970
2021-05-23,45,1908.0000,2138.9732,2410.9593,2507.7999,2842.3313,3116.2239,3251.9188,3259.9446,3346.6910,2858.6463,2547.7013
2021-05-23,45,1975.0000,2203.0601,2491.2215,2572.2668,2923.3134,3210.6882,3354.8997,3362.9565,3444.4403,2907.0176,2554.0672
2021-05-25,45,-9999.0000,-9999.0000,-9999.0000,-9999.0000,-9999.0000,-9999.0000,-9999.0000,-9999.0000,-9999.0000,-9999.0000,-9999.0000
2021-05-25,45,-9999.0000,-9999.0000,-9999.0000,-9999.0000,-9999.0000,-9999.0000,-9999.0000,-9999.0000,-9999.0000,-9999.0000,-9999.0000
2021-05-28,45,873.4963,1227.0081,1547.2030,1723.4061,1987.2257,2311.3905,2436.7200,2510.1695,2521.3992,2546.8057,2132.0000
2021-05-28,45,913.0000,1210.8714,1506.8670,1665.3876,1931.9962,2263.2334,2390.6740,2486.4077,2483.2901,2506.6804,2115.8096
2021-05-30,45,1835.0000,2392.4597,2872.7838,3159.2291,3543.7477,3946.0952,4056.0873,4182.3354,4168.6258,4311.8413,3844.7852
2021-05-30,45,1778.0000,2278.6878,2744.1527,3046.7419,3432.7390,3864.9561,3976.4232,4085.8885,4087.0512,4263.5683,3813.4905
2021-06-02,45,1874.0000,2500.9657,2982.5953,3271.6792,3716.4013,4054.6397,4167.7846,4246.9512,4263.8744,4376.5677,3909.4736
2021-06-02,45,1836.0000,2343.8472,2808.1154,3093.6045,3526.7932,3879.5967,4006.5085,4103.1661,4136.0551,4295.1845,3864.3960
2021-06-04,45,1818.5592,2314.8081,2587.0920,2696.0456,3084.5229,3443.9892,3639.6454,3627.0565,3703.3569,3340.2612,3097.7184
2021-06-04,45,1899.8419,2443.1446,2714.4099,2791.3367,3211.0557,3548.5421,3750.2158,3706.9674,3797.4825,3386.9604,3111.8125
2021-06-07,45,1477.0000,1770.6606,2090.8982,2209.5224,2616.8050,3128.9401,3368.0698,3319.6730,3464.9040,3213.0785,2778.2411
2021-06-07,45,1519.0000,1817.5492,2155.3879,2259.8214,2684.1972,3190.7719,3430.3116,3399.6689,3527.7809,3220.2469,2779.1327
2021-06-09,45,1536.0000,1931.2337,2426.5771,2645.5839,3158.2768,3750.2834,3925.8577,3974.5485,4087.7033,4119.7080,3559.9646
2021-06-09,45,1597.0000,2043.6125,2550.2776,2773.9766,3302.7485,3909.9165,4072.4488,4086.5440,4215.7959,4198.5947,3593.5082
2021-06-12,45,1418.0000,1831.7150,2311.1547,2393.0519,2854.8596,3642.7017,3879.9903,3864.6543,4026.9526,3432.0949,2837.7370
2021-06-12,45,1395.7831,1731.0445,2164.5999,2247.6938,2691.6486,3461.2945,3697.8780,3686.8554,3847.3418,3363.1072,2804.7902
2021-06-14,45,1517.0000,2035.3885,2534.3787,2663.2893,3271.1204,3958.0077,4216.2172,4278.2148,4327.0229,4246.4931,3733.4034
2021-06-14,45,1565.0000,2117.8313,2646.0407,2757.1686,3369.1420,4054.9143,4312.1492,4374.6251,4423.2328,4295.2476,3751.1589
2021-06-17,45,1483.0000,2103.2517,2599.2999,2758.9108,3301.4531,4039.4700,4311.0498,4311.3968,4406.1384,4101.5991,3608.2013
2021-06-17,45,1383.0000,1867.1026,2314.4313,2471.3334,2982.8285,3675.1504,3958.4675,3990.3532,4086.8778,3960.1174,3511.7324
2021-06-19,45,1381.0000,1691.6060,2131.3481,2218.9465,2716.6954,3499.0695,3719.1781,3670.9333,3897.7828,3507.3685,2921.2770
2021-06-19,45,1381.0000,1698.6824,2131.3503,2212.7769,2724.1889,3492.2319,3718.7333,3655.3713,3896.7835,3508.9933,2920.5059
2021-06-22,45,1236.1640,1595.9781,2086.7769,2121.5468,2728.9391,3864.0382,4184.3013,4199.6035,4326.0893,3688.7931,2933.6720
2021-06-22,45,1219.0000,1571.2166,2034.7036,2056.4604,2664.2632,3763.1648,4073.3069,4086.7768,4231.7679,3641.4162,2902.0388
2021-06-24,45,1170.4211,1563.6600,2002.5075,1959.0568,2583.6193,3858.9741,4311.6219,4245.0681,4437.8935,3672.2840,2887.4927
2021-06-24,45,1181.6596,1563.4793,2002.7876,1958.3111,2579.7411,3851.0866,4309.3649,4245.1143,4438.1088,3670.2988,2886.8655
2021-06-27,45,-9999.0000,-9999.0000,-9999.0000,-9999.0000,-9999.0000,-9999.0000,-9999.0000,-9999.0000,-9999.0000,-9999.0000,-9999.0000
2021-06-27,45,1705.0000,1914.8991,2170.9318,2003.3461,2563.4530,3891.2856,4378.2393,4402.0948,4491.7826,2940.2528,2283.4572
2021-06-29,45,864.0000,1075.3670,1509.2059,1367.4384,2036.1837,3947.7160,4408.9168,4356.1217,4584.3260,3160.2660,2151.7357
2021-06-29,45,874.9651,1090.7998,1510.4595,1366.4631,2058.4245,3979.5463,4440.3773,4374.6579,4598.9021,3177.1343,2169.6531
2021-07-02,45,604.0000,715.4817,1080.2577,921.2475,1556.7253,3697.2552,4325.8527,4342.4397,4505.0636,2723.8329,1702.6318
2021-07-02,45,601.0000,730.8149,1079.3590,919.3726,1559.7066,3701.3638,4327.0331,4342.4061,4520.2367,2710.4015,1702.1754
2021-07-04,45,881.0000,931.1279,1147.0390,887.0400,1491.2439,3692.3805,4571.4586,4474.1513,4771.5320,2667.0630,1590.2765
2021-07-07,45,253.0000,355.5919,635.6704,360.2707,979.6648,3453.5418,4325.9373,4278.4320,4420.2822,2219.1306,1159.4207
2021-07-07,45,322.0000,411.6114,667.0129,394.6640,996.1854,3364.9512,4198.1560,4198.5541,4345.5609,2202.6926,1159.7207
2021-07-09,45,265.0000,291.4190,627.1587,326.1342,1046.5422,4275.1004,5239.7288,5302.3402,5401.5926,2619.3236,1303.4939
2021-07-09,45,366.0000,371.5569,674.8468,375.5951,1067.6945,4125.7874,5047.4446,5129.3818,5223.0103,2595.4898,1302.1532
2021-07-12,45,236.4053,291.3416,579.6205,375.4383,947.6760,3675.8623,4774.0111,4711.0628,4968.7380,2139.3104,1091.0124
2021-07-12,45,386.6091,412.1503,659.2469,438.5585,986.1600,3558.1398,4584.3026,4518.0766,4807.8337,2116.7071,1091.2083
2021-07-14,45,-9999.0000,-9999.0000,-9999.0000,-9999.0000,-9999.0000,-9999.0000,-9999.0000,-9999.0000,-9999.0000,-9999.0000,-9999.0000
2021-07-19,45,-9999.0000,-9999.0000,-9999.0000,-9999.0000,-9999.0000,-9999.0000,-9999.0000,-9999.0000,-9999.0000,-9999.0000,-9999.0000
2021-07-19,45,-9999.0000,-9999.0000,-9999.0000,-9999.0000,-9999.0000,-9999.0000,-9999.0000,-9999.0000,-9999.0000,-9999.0000,-9999.0000
2021-07-22,45,244.0000,267.3329,467.4902,231.3826,755.1012,3922.3616,5558.2577,5542.0321,5944.8078,2211.7962,982.8485
2021-07-22,45,329.0000,331.5764,507.8357,263.3350,771.4879,3865.9387,5461.6281,5428.2418,5827.9744,2201.3177,983.9268
2021-07-24,45,780.0000,885.5936,971.1141,707.5953,1114.4999,3357.2880,4776.3799,4725.9295,5062.7125,2266.6828,1163.6473
2021-07-24,45,514.3190,707.5795,835.6384,563.2230,1036.0434,3699.1167,5370.0340,5316.3856,5688.0771,2323.9960,1162.5231
2021-07-29,45,228.6675,219.1658,403.2888,202.8975,667.5014,3788.6906,5322.1752,5286.2946,5575.6203,2163.5315,963.5144
2021-07-29,45,356.0000,323.0579,475.7023,267.4283,716.5604,3625.9536,5097.9047,5078.6029,5318.7747,2138.7222,963.8077
2021-08-01,45,65.9966,203.3142,428.2722,242.6162,755.8273,3687.0000,5063.8914,5034.6061,5324.7042,2052.5947,907.5330
2021-08-01,45,33.0000,163.9265,412.1444,227.1916,748.4939,3765.0336,5210.9165,5197.2283,5478.0388,2056.3277,907.8538
2021-08-03,45,226.3474,275.7420,411.5339,231.5990,667.0468,3364.1742,5001.1430,5046.6278,5242.5417,1963.2000,903.6032
2021-08-03,45,306.2499,338.8993,459.3553,263.5492,699.4029,3291.6498,4874.0699,4934.3619,5112.0418,1955.4041,903.3335
2021-08-06,45,172.7452,243.1822,371.3942,204.0046,603.9993,3346.4246,4935.8229,4966.7473,5176.0493,1923.7409,857.0306
2021-08-06,45,220.4315,267.3296,395.5083,211.5061,611.0270,3347.1215,4916.2213,4932.4638,5179.0755,1923.4077,856.0847
2021-08-08,45,-9999.0000,-9999.0000,-9999.0000,-9999.0000,-9999.0000,-9999.0000,-9999.0000,-9999.0000,-9999.0000,-9999.0000,-9999.0000
2021-08-11,45,260.6670,267.3410,403.2177,246.9029,630.0154,2900.4789,4147.7347,4164.9312,4440.4547,1639.3075,728.3296
2021-08-11,45,324.7449,307.6330,427.2169,263.0802,632.7604,2873.9678,4118.9158,4117.9958,4394.4483,1639.3330,727.5809
2021-08-13,45,-9999.0000,-9999.0000,-9999.0000,-9999.0000,-9999.0000,-9999.0000,-9999.0000,-9999.0000,-9999.0000,-9999.0000,-9999.0000
2021-08-13,45,830.0696,732.6691,852.8690,700.4301,1074.3926,2697.5694,3669.5892,3665.1438,3830.8232,1659.0759,979.7323
2021-08-16,45,232.5562,331.3647,507.1613,328.2929,762.9389,2917.3590,4116.5061,4104.8146,4378.2377,1746.5393,869.8742
2021-08-16,45,300.6044,387.6577,538.8880,358.5380,778.3495,2885.6896,4051.2728,4041.9867,4315.1778,1735.5680,856.3086
2021-08-18,45,210.5667,235.3864,470.1258,247.2622,807.3127,3612.8046,4727.1971,4887.2932,4998.4762,2086.7409,998.5268
2021-08-18,45,327.0000,331.3711,535.2629,310.4458,837.8439,3476.2770,4535.6139,4708.7460,4823.1813,2052.6591,1001.2674
2021-08-21,45,300.0000,355.0706,583.8176,343.2535,886.1008,3210.1489,4214.7537,4280.2759,4519.9353,1864.7317,903.2717
2021-08-21,45,452.0051,467.6867,651.5750,406.6893,923.9089,3093.1770,4042.3546,4106.7583,4338.9735,1845.8233,903.9424
2021-08-26,45,256.4780,363.3040,643.7314,374.1749,1075.8851,3274.6424,4183.4356,4279.0114,4455.3706,1893.5739,966.8159
2021-08-26,45,268.5800,371.4546,651.3291,375.8363,1075.1965,3307.1889,4216.6597,4311.0871,4487.1527,1896.3227,967.6005
2021-08-28,45,-9999.0000,-9999.0000,-9999.0000,-9999.0000,-9999.0000,-9999.0000,-9999.0000,-9999.0000,-9999.0000,-9999.0000,-9999.0000
2021-08-28,45,-9999.0000,-9999.0000,-9999.0000,-9999.0000,-9999.0000,-9999.0000,-9999.0000,-9999.0000,-9999.0000,-9999.0000,-9999.0000
2021-08-31,45,-9999.0000,-9999.0000,-9999.0000,-9999.0000,-9999.0000,-9999.0000,-9999.0000,-9999.0000,-9999.0000,-9999.0000,-9999.0000
2021-08-31,45,-9999.0000,-9999.0000,-9999.0000,-9999.0000,-9999.0000,-9999.0000,-9999.0000,-9999.0000,-9999.0000,-9999.0000,-9999.0000
2021-09-02,45,260.0000,387.5029,827.3548,550.5917,1557.0214,3399.0508,3977.2915,4163.9941,4250.5681,2053.8818,1095.7994
2021-09-02,45,370.0000,459.4995,859.4473,582.8053,1540.4251,3292.3287,3848.1469,4055.4497,4133.6567,2039.7199,1095.5996
2021-09-05,45,266.6139,419.7172,931.7196,758.5750,1876.8764,3274.0328,3670.5821,3929.5776,4026.0013,2038.3848,1160.8141
2021-09-05,45,310.3946,443.4458,947.3505,759.1674,1868.5185,3236.0138,3657.1087,3927.3390,3996.1009,2041.8159,1162.4795
2021-09-07,45,366.0000,484.0116,1206.4595,1191.8517,2483.2192,3590.6879,3961.6532,4276.7136,4423.3354,2504.0925,1399.9467
2021-09-07,45,490.0000,571.2423,1218.7224,1190.6056,2402.9433,3479.9777,3829.5090,4118.6458,4264.6013,2454.6664,1400.7218
2021-09-10,45,274.0000,435.1262,1003.8394,1317.8904,2155.6866,2754.8830,3116.6583,3426.6083,3620.8884,2469.7250,1446.2508
2021-09-10,45,365.0000,499.1198,1027.3260,1318.9854,2129.9463,2722.9279,3076.5230,3353.7444,3588.5441,2456.3763,1448.6185
2021-09-12,45,420.0000,628.0638,1027.8107,1462.2210,2138.3371,2537.8218,2949.1892,3204.1000,3482.3851,2820.9735,1767.2863
2021-09-12,45,530.0347,699.9952,1050.8195,1431.3169,2076.3504,2491.9903,2882.4667,3115.0576,3379.5399,2774.9415,1750.8277
2021-09-20,45,251.0000,365.6727,555.6188,851.9613,1099.6885,1331.4276,1515.4784,1639.8474,1827.5762,2106.4241,1523.2226
2021-09-20,45,268.4320,373.2689,563.3445,851.8198,1107.4641,1323.8124,1513.9671,1638.8183,1831.6826,2114.9927,1523.3689
2021-09-22,45,844.0000,961.1682,1130.2384,1307.0406,1625.4082,1890.5201,2083.2293,2210.7871,2299.7541,2387.0945,1883.3664
2021-09-25,45,-9999.0000,-9999.0000,-9999.0000,-9999.0000,-9999.0000,-9999.0000,-9999.0000,-9999.0000,-9999.0000,-9999.0000,-9999.0000
2021-09-25,45,-9999.0000,-9999.0000,-9999.0000,-9999.0000,-9999.0000,-9999.0000,-9999.0000,-9999.0000,-9999.0000,-9999.0000,-9999.0000
2021-09-27,45,1477.0614,1490.4248,1706.9005,2019.2515,2383.0000,2651.0000,2881.2677,2917.9815,3239.9292,3363.6076,2396.0000
2021-09-27,45,1515.9953,1480.5776,1672.8068,1940.0000,2232.0000,2579.0000,2780.0000,2806.5234,3078.0000,3117.4357,2147.0000
2021-09-30,45,460.7017,673.3755,893.5936,1226.5348,1429.5799,1557.4157,1691.9070,1798.0907,1930.5876,2884.0713,2442.9524
2021-09-30,45,531.0000,717.5423,917.4168,1227.0668,1425.4954,1547.1167,1692.2549,1787.1960,1923.1273,2867.6918,2435.6849
2021-10-02,45,1415.0000,1649.1270,1740.8769,1844.0000,2113.4595,2208.8105,2326.1389,2425.7548,2441.3610,2689.9616,2379.8156
2021-10-05,45,-9999.0000,-9999.0000,-9999.0000,-9999.0000,-9999.0000,-9999.0000,-9999.0000,-9999.0000,-9999.0000,-9999.0000,-9999.0000
2021-10-10,45,-9999.0000,-9999.0000,-9999.0000,-9999.0000,-9999.0000,-9999.0000,-9999.0000,-9999.0000,-9999.0000,-9999.0000,-9999.0000
2021-10-10,45,-9999.0000,-9999.0000,-9999.0000,-9999.0000,-9999.0000,-9999.0000,-9999.0000,-9999.0000,-9999.0000,-9999.0000,-9999.0000
2021-10-15,45,753.2925,1009.3233,1184.7456,1434.8492,1613.2798,1785.9070,1899.5342,2043.2555,2090.3285,2786.2852,2441.5656
2021-10-15,45,816.0000,1049.1862,1208.5963,1426.9530,1609.3939,1779.4626,1900.1308,2042.4284,2074.2601,2764.5477,2426.2691
2021-10-17,45,810.0000,978.9937,1179.2152,1466.4295,1682.0861,1845.0169,1947.2305,2103.7113,2180.2256,3172.2522,2678.5576
2021-10-17,45,818.0198,989.3739,1178.4801,1467.9672,1683.7859,1844.4775,1954.3903,2102.9821,2179.6464,3172.4526,2697.2353
2021-10-27,45,929.0000,1177.0570,1426.9868,1675.1813,1820.6980,1891.4567,1956.0178,2037.6228,2075.4229,2715.3015,2550.6424
2021-10-27,45,929.0000,1179.1216,1435.1537,1691.3293,1835.8236,1908.1458,1963.2531,2055.1639,2084.1408,2731.5864,2569.0316
2021-10-30,45,1099.0000,1260.0649,1417.1081,1555.6773,1730.8388,1805.9906,1890.1419,1959.2300,1993.6913,2311.3038,1881.0620
2021-10-30,45,1129.0000,1289.4213,1451.1956,1594.0568,1788.0000,1879.0000,1938.0899,2023.3142,2058.4039,2329.9517,1967.0000
2021-11-04,45,318.0000,589.6877,746.9291,971.6454,1091.3439,1164.8043,1243.9782,1274.8078,1348.3085,1531.7369,1282.6496
2021-11-04,45,204.0000,515.5094,691.5390,955.7352,1091.8003,1163.5605,1251.3446,1272.3112,1351.6867,1541.1884,1291.3987
2021-11-06,45,533.3935,755.2511,1010.6958,1290.9756,1500.6964,1580.3214,1638.8787,1703.2049,1764.9831,2186.6198,1738.6220
2021-11-06,45,698.5386,873.7174,1074.6019,1290.8904,1474.6751,1555.6873,1619.0139,1670.3217,1732.5644,2130.6195,1716.0765
2021-11-11,45,709.8038,1072.6674,1275.1437,1459.3311,1676.9299,1779.3788,1892.1375,1894.2698,1981.4548,2332.8996,1939.6864
2021-11-11,45,786.3879,1116.7595,1291.5655,1459.1339,1668.3969,1764.2862,1884.2232,1878.2833,1954.4384,2316.0259,1931.8708
2021-11-19,45,718.9479,913.4615,1104.7066,1189.7830,1412.9886,1617.7808,1708.1982,1731.8120,1801.4049,1894.3043,1450.0128
2021-11-19,45,737.0000,917.4822,1104.8930,1188.5178,1409.1737,1617.2981,1699.6002,1738.6463,1803.7165,1893.4151,1453.2861
2021-11-24,45,398.4739,701.4910,915.5336,987.4024,1283.3899,1651.6683,1754.7156,1863.5605,1859.0343,1876.2339,1555.4131
2021-11-24,45,396.0000,689.6081,907.3392,979.5193,1251.4163,1637.5666,1764.1016,1880.1615,1875.9492,1865.1817,1531.1994
2021-11-29,45,408.0000,700.4727,1027.1137,1122.2490,1515.2008,2005.6074,2141.2697,2295.6224,2274.4340,2176.2320,1627.4786
2021-11-29,45,476.0000,715.9467,1035.7321,1114.8911,1515.4147,2001.7092,2141.4629,2294.2712,2276.3513,2168.6664,1614.1803
2021-12-01,45,276.0000,605.0802,857.6253,874.9909,1264.9748,1747.5636,1890.1859,1941.5182,1947.8503,1804.7346,1293.3583
2021-12-01,45,304.0000,621.5845,869.5091,883.5842,1273.4663,1746.7180,1891.8461,1942.8748,1963.3878,1803.6328,1288.9591
2021-12-06,45,182.2761,445.1111,755.8082,835.6314,1300.4730,1930.3363,2027.1873,2198.3704,2130.9412,1877.4654,1317.4921
2021-12-06,45,448.3983,609.0723,853.6320,891.9160,1290.0000,1859.4241,1965.7682,2119.6188,2067.4620,1836.9548,1300.6014
2021-12-14,45,-9999.0000,-9999.0000,-9999.0000,-9999.0000,-9999.0000,-9999.0000,-9999.0000,-9999.0000,-9999.0000,-9999.0000,-9999.0000
2021-12-14,45,-9999.0000,-9999.0000,-9999.0000,-9999.0000,-9999.0000,-9999.0000,-9999.0000,-9999.0000,-9999.0000,-9999.0000,-9999.0000
2021-12-16,45,218.0000,421.2960,764.4650,771.6587,1273.6414,1988.0618,2091.2150,2182.8133,2197.2625,1868.1766,1308.9859
2021-12-16,45,428.0000,573.2678,851.9708,819.9410,1269.1510,1948.0667,2052.5755,2134.5556,2139.3933,1843.1381,1293.2532
2021-12-29,45,-9999.0000,-9999.0000,-9999.0000,-9999.0000,-9999.0000,-9999.0000,-9999.0000,-9999.0000,-9999.0000,-9999.0000,-9999.0000
2021-12-31,45,-9999.0000,-9999.0000,-9999.0000,-9999.0000,-9999.0000,-9999.0000,-9999.0000,-9999.0000,-9999.0000,-9999.0000,-9999.0000
2021-12-31,45,-9999.0000,-9999.0000,-9999.0000,-9999.0000,-9999.0000,-9999.0000,-9999.0000,-9999.0000,-9999.0000,-9999.0000,-9999.0000
2022-01-08,45,254.0000,425.4411,701.8240,674.0100,1197.9589,2185.9392,2378.5037,2631.0382,2483.4442,1749.7836,1145.6107
2022-01-08,45,226.5757,389.2030,673.3816,645.1854,1182.2812,2196.0489,2403.4717,2659.1847,2499.3288,1752.9985,1133.2898
2022-01-13,45,-9999.0000,-9999.0000,-9999.0000,-9999.0000,-9999.0000,-9999.0000,-9999.0000,-9999.0000,-9999.0000,-9999.0000,-9999.0000
2022-01-13,45,-9999.0000,-9999.0000,-9999.0000,-9999.0000,-9999.0000,-9999.0000,-9999.0000,-9999.0000,-9999.0000,-9999.0000,-9999.0000
2022-01-15,45,183.0000,333.5934,689.1956,627.1083,1236.8422,2308.1463,2482.5394,2614.3640,2577.4881,1723.1261,1081.5156
2022-01-15,45,390.5136,489.8117,781.7017,682.7791,1237.5362,2242.3138,2396.4975,2534.4709,2497.3575,1707.5217,1081.0251
2022-01-18,45,71.0000,277.9464,601.7340,538.8898,1165.5946,2210.7157,2403.8119,2571.6722,2475.4057,1627.5821,1028.8433
2022-01-18,45,232.7863,373.9007,657.4892,581.6600,1162.3301,2177.8647,2348.4460,2523.4263,2426.4005,1611.6321,1017.2664
2022-01-20,45,626.4464,806.7807,933.7553,853.6479,1373.2953,2250.6348,2481.7878,2602.5604,2556.6337,1853.7949,1209.3017
2022-01-20,45,609.0000,796.4538,925.6056,841.7842,1357.1770,2228.5299,2460.4929,2595.0104,2546.8524,1845.4900,1201.4392
2022-01-23,45,279.0000,505.5709,737.7358,666.9522,1229.8044,2212.7603,2428.0141,2555.8189,2509.4252,1629.8423,1105.6649
2022-01-23,45,485.0000,648.3975,829.0217,728.9892,1245.7597,2154.6199,2364.3820,2482.8415,2436.1973,1612.3396,1101.0432
2022-01-25,45,454.0000,405.6433,741.1077,634.6471,1317.9521,2467.8308,2649.9808,2843.9583,2715.2854,2068.1913,1361.6366
2022-01-25,45,646.6619,673.2656,909.3048,773.1368,1345.7028,2387.4392,2554.5137,2690.2130,2636.3806,2026.7983,1347.3807
2022-01-28,45,415.0000,517.4210,829.4649,844.8858,1365.4184,2106.8274,2250.5195,2466.9845,2354.9191,2034.0697,1440.9362
2022-01-28,45,551.0000,741.1996,961.4664,937.4039,1361.3148,2060.1736,2204.8556,2363.4571,2300.2795,2003.4326,1429.3006
2022-01-30,45,450.0000,773.2175,961.2617,955.1983,1403.2063,2108.4513,2297.2068,2423.4202,2380.4689,2100.0933,1563.6859
2022-01-30,45,521.0000,805.0607,981.3456,963.1275,1405.5250,2084.7257,2284.0949,2406.5177,2363.8319,2082.5499,1539.9780
2022-02-02,45,472.2998,677.5790,889.2159,873.0477,1297.9976,1918.2143,2090.3649,2235.6065,2187.0377,1829.3482,1413.7268
2022-02-02,45,546.0429,742.0000,925.0880,893.1809,1297.4086,1923.0000,2084.3492,2210.7229,2171.0985,1819.8446,1417.3948
2022-02-07,45,617.0000,736.2445,965.2482,916.9976,1353.2203,2114.0465,2275.5823,2451.0410,2380.2516,2013.8748,1445.1473
2022-02-07,45,654.7781,769.8052,992.9820,925.2833,1357.7557,2107.2647,2265.9298,2443.6831,2371.6727,2011.7847,1441.7573
2022-02-09,45,352.1852,648.9840,930.8556,899.5527,1419.7586,2362.6147,2599.3879,2839.4556,2726.4101,2275.7037,1658.3740
2022-02-09,45,608.0000,801.1114,1011.3774,955.8417,1410.9637,2243.6853,2456.8748,2694.6809,2566.0233,2210.7820,1634.6809
2022-02-12,45,544.0000,761.3168,1005.0435,955.3951,1410.6806,2292.7151,2499.9338,2732.0949,2609.3744,2179.6348,1701.0403
2022-02-12,45,593.0000,788.7797,1020.9460,963.0406,1411.5648,2283.1702,2491.1648,2727.4036,2603.7408,2178.5628,1690.4975
2022-02-22,45,307.0000,505.4802,752.9782,650.5857,1133.9922,2171.3187,2456.1747,2698.8237,2564.8054,1777.6766,1229.1418
2022-02-22,45,352.0000,529.0354,765.0338,653.3412,1136.9645,2163.5320,2453.0871,2690.1899,2557.0000,1770.7020,1218.5165
2022-02-24,45,733.0000,781.2240,1065.0264,917.6167,1453.0953,2610.0683,2862.6813,3076.0709,2961.5101,2069.6055,1382.2618
2022-02-24,45,902.0000,921.1406,1156.8187,980.0356,1484.7774,2635.2130,2891.3251,3075.6010,2994.0000,2082.5427,1397.2294
2022-02-27,45,545.0000,605.4429,853.6569,693.3686,1233.0915,2490.2183,2778.4053,3018.5814,2905.0000,1948.3979,1218.9719
2022-02-27,45,617.0000,641.5288,869.7219,699.5079,1237.1020,2467.5811,2753.7560,3003.9887,2873.9999,1939.8121,1226.9999
2022-03-01,45,597.0000,705.2860,928.9423,737.4306,1305.9985,2692.3830,3050.7962,3345.0079,3164.0664,2131.6542,1379.7854
2022-03-01,45,593.0000,693.7408,924.9445,731.0018,1318.0158,2715.1744,3076.0159,3395.0461,3196.6424,2140.1182,1380.2584
2022-03-04,45,487.0000,613.5831,877.3384,690.7818,1317.1303,2882.6516,3256.6542,3573.9569,3356.5618,2091.6559,1379.0074
2022-03-04,45,570.1134,664.8829,901.6487,706.6790,1321.4146,2835.4545,3194.4600,3526.8730,3315.6643,2090.4730,1380.2490
2022-03-06,45,760.0000,765.1819,1052.6292,843.7326,1498.2962,3123.4972,3460.0753,3786.1439,3595.8212,2378.2373,1524.5363
2022-03-06,45,786.5876,781.6088,1064.7976,851.5705,1501.4272,3138.6458,3462.2207,3785.2036,3604.5873,2389.7102,1531.1927
2022-03-09,45,472.0000,545.3183,880.8224,683.5012,1377.1199,3141.9944,3544.0625,3816.3221,3656.4773,2230.9782,1379.3874
2022-03-09,45,506.3995,553.0192,881.3370,683.8222,1381.6183,3170.0127,3575.4144,3861.6964,3684.1560,2244.1545,1387.2945
2022-03-14,45,497.5909,628.1039,788.8538,595.9829,993.3609,1866.6077,2129.2912,2259.4320,2149.0000,1247.0000,803.4284
2022-03-14,45,556.0000,676.0719,875.0053,675.9954,1136.0000,2123.0000,2445.9812,2611.2180,2548.0000,1553.0000,1023.0000
2022-03-16,45,-9999.0000,-9999.0000,-9999.0000,-9999.0000,-9999.0000,-9999.0000,-9999.0000,-9999.0000,-9999.0000,-9999.0000,-9999.0000
2022-03-19,45,508.5108,537.3841,821.3510,627.6663,1236.5205,3171.9845,3735.8650,4053.0734,3848.1991,2060.8958,1221.0601
2022-03-19,45,548.3436,565.3219,842.8314,643.1123,1236.2946,3171.7087,3719.8240,4053.2653,3861.3217,2067.9842,1211.7349
2022-03-21,45,595.0000,667.7821,915.7895,683.8346,1283.7516,3282.9638,3943.1949,4341.2929,4072.9168,2155.4954,1275.2507
2022-03-21,45,610.5140,680.9946,923.0964,675.3026,1298.6493,3282.7731,3929.5359,4342.9849,4072.8498,2147.9027,1275.7914
2022-03-24,45,428.0000,491.6062,730.7127,507.4603,1091.2254,3107.4539,3799.3834,4183.0478,3964.1042,1889.9997,1075.7261
2022-03-24,45,462.9757,525.3593,747.7018,523.5533,1100.2505,3099.8570,3783.5383,4165.5590,3926.3830,1876.3612,1082.1797
2022-03-26,45,967.0000,901.6071,1061.1704,795.3789,1317.5395,3155.2590,3769.9545,4102.0706,3958.2799,2026.4168,1122.8339
2022-03-26,45,998.0000,920.8786,1069.4075,803.3516,1317.4399,3138.8485,3749.7971,4085.5960,3929.3798,2011.9032,1123.2827
2022-04-03,45,259.0000,309.4187,501.1432,283.2438,785.3351,2749.1126,3546.7321,3798.5838,3693.5163,1300.8222,667.7059
2022-04-03,45,217.0000,268.9872,465.4721,243.0742,760.7722,2810.5408,3670.3621,3892.5121,3785.5383,1306.5246,666.4916
2022-04-05,45,1703.0000,1347.2847,1491.3158,1238.7983,1786.4913,3496.0000,4139.7357,4304.9653,4211.7552,2073.5415,1338.0000
2022-04-05,45,1740.0000,1056.0000,1220.0000,941.0000,1498.0000,3595.0000,4277.0000,4500.0000,4423.0000,2030.0000,1216.0000
2022-04-08,45,-9999.0000,-9999.0000,-9999.0000,-9999.0000,-9999.0000,-9999.0000,-9999.0000,-9999.0000,-9999.0000,-9999.0000,-9999.0000
2022-04-10,45,259.0000,293.1119,478.1844,259.1946,772.7968,2898.5029,3825.8205,4118.7148,3980.0224,1251.1030,585.0912
2022-04-10,45,218.0000,257.1827,449.3913,227.3934,754.0460,2971.4945,3928.4675,4213.2666,4067.2671,1259.9092,586.9809
2022-04-15,45,340.4763,313.4178,555.0421,339.2356,883.5232,3075.0180,3917.6577,4091.5466,4061.1453,1364.7612,715.0828
2022-04-15,45,414.0000,401.2379,621.1441,387.9005,906.8720,3060.1245,3889.5942,4009.1839,4019.9900,1364.6840,715.2921
2022-04-18,45,344.4496,345.5478,570.7489,403.1908,867.0552,2787.6230,3626.2247,3835.0716,3773.0614,1258.6372,723.7071
2022-04-18,45,380.0000,317.0398,561.3851,387.8780,892.9065,2834.8449,3682.9473,3945.7527,3820.4373,1267.8507,725.0093
2022-04-20,45,805.7122,789.0559,962.7308,803.1315,1227.0403,2746.4708,3450.6659,3706.5568,3556.2808,1513.4731,964.8099
2022-04-20,45,903.0000,841.4506,997.1939,827.0129,1227.1752,2698.3892,3385.4568,3633.1726,3508.9158,1515.7582,954.4659
2022-04-23,45,-9999.0000,-9999.0000,-9999.0000,-9999.0000,-9999.0000,-9999.0000,-9999.0000,-9999.0000,-9999.0000,-9999.0000,-9999.0000
2022-04-25,45,417.0000,349.5218,513.4268,293.5180,739.4083,2729.2392,3494.8329,3557.1245,3623.9137,1052.6971,481.4109
2022-04-25,45,459.0000,377.4120,533.4468,301.2776,746.9635,2661.0464,3443.8294,3494.6482,3557.0003,1011.1672,464.9542
2022-04-28,45,128.5975,129.6128,323.1640,147.7743,601.5381,2742.8065,3722.0080,3861.8930,3845.7896,995.0305,445.6909
2022-04-28,45,236.0000,225.2624,384.7354,205.2637,649.2135,2681.0980,3603.8878,3781.8036,3784.3956,994.9661,449.7339
2022-04-30,45,221.0000,243.4951,450.9318,243.0807,761.4147,2934.4407,4004.8117,4308.8964,4133.9292,1196.3044,597.5539
2022-04-30,45,360.1984,409.2356,579.4430,355.6201,821.7578,2851.3427,3847.3727,4100.3872,3976.9089,1195.0298,601.6827
2022-05-03,45,156.0000,213.4033,371.9121,195.2581,652.4599,2697.4670,3786.9019,3976.3450,3960.5780,971.8284,491.1513
2022-05-03,45,122.0000,165.5891,330.8288,147.2139,619.3403,2741.8666,3846.3359,4022.7138,4025.8862,963.4992,492.3024
2022-05-08,45,-9999.0000,-9999.0000,-9999.0000,-9999.0000,-9999.0000,-9999.0000,-9999.0000,-9999.0000,-9999.0000,-9999.0000,-9999.0000
2022-05-10,45,246.0000,297.4862,451.3169,235.1638,681.7441,2791.8553,4024.4443,4152.1128,4215.6418,1131.2500,558.1694
2022-05-10,45,362.0000,405.3460,529.4492,315.1399,737.2516,2728.6304,3909.9282,4021.4819,4101.2830,1131.5323,565.9621
2022-05-13,45,294.0000,393.1447,523.4876,371.6038,731.3176,2502.8732,3605.1149,3653.3004,3766.5659,1105.2088,656.9840
2022-05-13,45,332.0000,345.5291,507.1577,347.1574,762.9514,2552.5421,3626.1726,3765.0994,3801.9646,1114.5063,653.0000
2022-05-15,45,202.6637,213.2857,411.3145,227.3774,692.6402,2936.3263,4070.5553,4164.5761,4311.4587,1235.1485,587.2994
2022-05-15,45,342.0000,329.3299,501.3586,307.1376,739.1962,2840.1620,3928.3021,4005.6941,4167.7105,1234.7531,597.6145
2022-05-18,45,0.0000,25.6628,235.4339,83.3713,556.5000,2632.3455,3688.6608,3798.9115,3959.9731,1163.5393,545.8840
2022-05-18,45,292.0000,297.1930,441.6137,267.4047,677.8587,2487.2642,3417.8880,3542.2026,3688.3081,1156.7979,557.3606
2022-05-20,45,212.5144,267.4307,443.6539,243.0269,763.7865,2792.7383,3924.5419,4102.7822,4182.2168,1338.9604,666.9677
2022-05-20,45,372.7346,429.2506,569.2146,363.2270,817.7561,2696.9050,3733.5396,3910.2214,4007.9976,1337.3809,673.0030
2022-05-25,45,-9999.0000,-9999.0000,-9999.0000,-9999.0000,-9999.0000,-9999.0000,-9999.0000,-9999.0000,-9999.0000,-9999.0000,-9999.0000
2022-05-25,45,-9999.0000,-9999.0000,-9999.0000,-9999.0000,-9999.0000,-9999.0000,-9999.0000,-9999.0000,-9999.0000,-9999.0000,-9999.0000
2022-06-02,45,-9999.0000,-9999.0000,-9999.0000,-9999.0000,-9999.0000,-9999.0000,-9999.0000,-9999.0000,-9999.0000,-9999.0000,-9999.0000
2022-06-02,45,-9999.0000,-9999.0000,-9999.0000,-9999.0000,-9999.0000,-9999.0000,-9999.0000,-9999.0000,-9999.0000,-9999.0000,-9999.0000
2022-06-04,45,614.0000,610.3875,938.6246,882.2004,1426.2645,2516.3326,2888.5617,2982.9892,3175.6022,1605.2350,1021.5846
2022-06-04,45,848.0000,805.1692,1021.5169,933.4148,1378.0000,2326.6147,2647.3462,2710.9011,2901.9192,1561.2353,1013.9126
2022-06-07,45,-9999.0000,-9999.0000,-9999.0000,-9999.0000,-9999.0000,-9999.0000,-9999.0000,-9999.0000,-9999.0000,-9999.0000,-9999.0000
2022-06-07,45,-9999.0000,-9999.0000,-9999.0000,-9999.0000,-9999.0000,-9999.0000,-9999.0000,-9999.0000,-9999.0000,-9999.0000,-9999.0000
2022-06-12,45,538.0000,981.1250,1290.0338,1605.3403,1832.0000,2215.4296,2404.0200,2535.2826,2664.2983,2970.0000,2404.1682
2022-06-12,45,572.3585,1005.4791,1290.5005,1584.0000,1788.0000,2183.6876,2391.1100,2503.0790,2628.7200,2913.0000,2379.9863
2022-06-14,45,658.0000,1129.6269,1483.1574,1898.8987,2163.0000,2485.9274,2661.4849,2759.8157,2918.9486,3452.0160,2697.0000
2022-06-14,45,734.0000,1137.2759,1468.6168,1836.6927,2062.7329,2439.3495,2583.4398,2695.0789,2859.1843,3366.7621,2642.0000
2022-06-17,45,1124.0000,1490.0000,1764.3414,2010.5131,2269.0000,2680.5184,2856.2854,2903.1028,3063.5581,3026.0000,2322.8047
2022-06-19,45,710.0000,1185.7193,1490.3855,1883.6207,2144.0000,2458.1764,2693.4678,2743.2411,2935.0189,3420.0000,2699.4847
2022-06-19,45,748.4781,1194.7803,1481.8992,1833.1482,2059.4023,2423.3785,2662.7649,2695.0017,2903.7567,3383.0225,2581.0000
2022-06-24,45,746.0000,1274.1085,1643.3483,2135.8065,2393.0000,2664.1248,2840.9923,2918.1553,3111.6240,3684.0000,2800.1968
2022-06-24,45,731.0000,1300.5954,1675.2409,2149.6476,2420.1177,2681.3022,2835.1429,2936.5044,3129.9700,3675.0000,2744.3604
2022-06-27,45,429.0000,987.7741,1377.9508,1771.3936,2027.5318,2339.3531,2534.7091,2598.3485,2790.9120,3093.9464,2292.9879
2022-06-27,45,619.0000,1052.6738,1387.7644,1698.5222,1922.1686,2267.0512,2474.2006,2519.6014,2696.5217,2948.0000,2246.0000
2022-06-29,45,-9999.0000,-9999.0000,-9999.0000,-9999.0000,-9999.0000,-9999.0000,-9999.0000,-9999.0000,-9999.0000,-9999.0000,-9999.0000
2022-06-29,45,-9999.0000,-9999.0000,-9999.0000,-9999.0000,-9999.0000,-9999.0000,-9999.0000,-9999.0000,-9999.0000,-9999.0000,-9999.0000
2022-07-02,45,643.0000,1083.0792,1420.0473,1907.9334,2211.2824,2437.0475,2677.6778,2769.2225,3010.1837,3770.5531,2810.0944
2022-07-02,45,670.0000,1098.2224,1410.8744,1883.3397,2172.3303,2404.0042,2647.0644,2739.0458,2979.7607,3718.0804,2793.8250
2022-07-04,45,811.0000,1291.6405,1690.8374,2278.9275,2583.8488,2875.4420,3079.5469,3190.5523,3449.5340,4184.1879,2985.5269
2022-07-04,45,875.0000,1267.0862,1626.1734,2138.4416,2451.1691,2754.5328,2967.5748,3062.1726,3306.6869,4069.8778,2952.0282
2022-07-07,45,1346.0000,1336.8330,1554.0000,1923.6432,2317.0000,2538.3300,2780.1903,2850.8854,3107.0000,3340.2868,2320.0000
2022-07-07,45,-9999.0000,-9999.0000,-9999.0000,-9999.0000,-9999.0000,-9999.0000,-9999.0000,-9999.0000,-9999.0000,-9999.0000,-9999.0000
2022-07-09,45,773.0000,1298.7395,1643.1788,2119.2391,2390.2684,2627.0298,2854.9249,3003.5492,3091.6032,3862.9634,3094.4935
2022-07-09,45,809.0000,1283.6757,1594.9618,2023.1667,2308.4578,2547.6288,2780.2175,2914.9622,3027.0833,3813.7766,3060.4999
2022-07-12,45,678.0000,1186.9718,1532.2347,2006.4915,2311.5008,2514.9992,2742.7552,2808.4138,3047.9090,3800.7847,2996.7392
2022-07-12,45,765.0000,1196.0415,1507.5621,1957.3525,2246.1317,2476.0315,2706.6148,2764.3208,2987.6482,3735.3869,2981.7542
2022-07-14,45,-9999.0000,-9999.0000,-9999.0000,-9999.0000,-9999.0000,-9999.0000,-9999.0000,-9999.0000,-9999.0000,-9999.0000,-9999.0000
2022-07-14,45,-9999.0000,-9999.0000,-9999.0000,-9999.0000,-9999.0000,-9999.0000,-9999.0000,-9999.0000,-9999.0000,-9999.0000,-9999.0000
2022-07-17,45,763.0000,1161.9658,1522.9035,2007.0980,2293.0295,2484.5013,2675.0374,2746.9304,2988.1118,3832.4013,2936.5701
2022-07-17,45,810.0000,1171.2025,1506.2975,1946.1378,2242.8641,2442.6736,2635.4225,2698.7840,2944.6486,3784.7029,2917.4102
2022-07-19,45,824.0000,1379.0448,1771.0451,2326.6863,2616.6989,2778.8112,3011.4581,3131.3522,3299.1128,4247.5856,3336.7408
2022-07-19,45,891.0000,1338.9358,1675.1650,2166.1300,2473.0447,2659.6422,2907.0591,3002.6882,3178.8480,4119.0487,3287.2150
2022-07-22,45,826.0000,1226.6410,1546.7916,2007.5360,2278.1475,2482.2031,2707.4398,2787.5815,2996.0262,3845.6838,3062.2440
2022-07-22,45,836.0000,1243.6230,1555.5047,2018.5084,2299.2960,2498.8972,2723.2365,2795.7209,3017.8067,3863.6128,3047.9991
2022-07-24,45,-9999.0000,-9999.0000,-9999.0000,-9999.0000,-9999.0000,-9999.0000,-9999.0000,-9999.0000,-9999.0000,-9999.0000,-9999.0000
2022-07-24,45,-9999.0000,-9999.0000,-9999.0000,-9999.0000,-9999.0000,-9999.0000,-9999.0000,-9999.0000,-9999.0000,-9999.0000,-9999.0000
2022-07-27,45,-9999.0000,-9999.0000,-9999.0000,-9999.0000,-9999.0000,-9999.0000,-9999.0000,-9999.0000,-9999.0000,-9999.0000,-9999.0000
2022-07-29,45,817.0000,1346.9784,1698.5377,2248.1328,2582.2181,2715.6093,2947.5818,2995.7849,3233.5972,4200.2030,3317.4179
2022-07-29,45,861.0000,1330.6683,1658.6341,2181.7827,2504.1842,2654.2773,2899.1840,2940.1428,3154.1745,4116.9158,3287.0766
2022-08-01,45,704.0000,1043.0995,1289.6249,1675.4177,1928.9819,2124.0633,2300.8234,2338.6863,2491.9160,3494.2337,3000.5764
2022-08-01,45,755.0000,1058.5283,1298.2564,1658.8690,1907.3192,2116.0647,2292.3914,2330.4788,2476.2589,3480.1354,2984.2920
2022-08-03,45,920.0000,1179.3665,1457.1886,1862.4725,2183.2654,2410.9943,2539.1510,2594.9294,2779.9022,3911.0301,3142.8563
2022-08-03,45,928.6645,1178.3124,1468.1225,1849.5931,2166.7596,2378.9698,2533.5370,2577.3980,2756.4742,3878.3649,3141.7211
2022-08-06,45,999.0000,1139.7064,1338.6782,1571.0914,1792.0000,2057.4796,2246.7658,2215.9145,2437.4164,2808.5345,2087.0184
2022-08-06,45,-9999.0000,-9999.0000,-9999.0000,-9999.0000,-9999.0000,-9999.0000,-9999.0000,-9999.0000,-9999.0000,-9999.0000,-9999.0000
2022-08-08,45,976.0000,1323.2902,1578.3894,1957.3145,2329.4530,2504.5868,2723.0550,2730.8810,2947.8748,4089.0364,3464.4643
2022-08-08,45,974.1980,1338.7578,1588.0954,1957.8535,2311.1536,2507.0963,2722.4925,2731.5847,2946.6269,4090.6048,3465.6268
2022-08-11,45,817.0000,1147.2136,1394.9451,1781.3729,2053.6504,2252.2784,2411.8004,2523.6405,2620.1715,3590.4789,3043.4888
2022-08-11,45,846.0000,1156.2813,1385.2440,1750.4779,2003.6864,2210.2084,2386.2395,2498.7461,2594.4207,3560.0683,3016.7771
2022-08-16,45,769.6780,1002.9492,1240.0952,1619.8188,1920.6043,2107.1635,2266.3573,2283.8752,2491.3089,3433.4377,2728.8436
2022-08-16,45,784.0000,1026.5508,1259.1611,1619.7985,1908.2872,2099.1825,2259.8341,2274.4961,2483.3669,3411.1729,2726.1668
2022-08-21,45,758.0000,1019.5168,1249.7442,1494.7864,1831.5340,2052.6599,2211.3048,2235.8199,2387.8373,3221.7084,2881.9553
2022-08-21,45,798.0000,1034.2277,1251.0836,1492.3859,1820.8635,2048.2140,2219.7852,2228.1255,2388.1230,3224.2021,2872.3752
2022-08-23,45,-9999.0000,-9999.0000,-9999.0000,-9999.0000,-9999.0000,-9999.0000,-9999.0000,-9999.0000,-9999.0000,-9999.0000,-9999.0000
2022-08-23,45,-9999.0000,-9999.0000,-9999.0000,-9999.0000,-9999.0000,-9999.0000,-9999.0000,-9999.0000,-9999.0000,-9999.0000,-9999.0000
2022-08-26,45,841.0000,1042.7123,1265.8972,1515.9933,1850.6689,2100.5899,2251.2298,2234.2690,2444.4544,3347.5317,2824.4599
2022-08-26,45,867.0000,1075.7234,1284.0000,1515.1745,1853.5086,2090.8965,2251.9450,2218.8907,2435.6790,3324.4529,2807.0656
2022-08-28,45,731.0000,906.6155,1034.3239,1172.1195,1348.4531,1459.4381,1595.6625,1590.1950,1669.2919,1926.2729,1556.7437
2022-08-28,45,736.0000,931.7669,1035.4602,1178.9767,1324.6324,1459.0000,1587.9282,1559.3098,1664.6021,1924.7996,1561.6827
2022-08-31,45,-9999.0000,-9999.0000,-9999.0000,-9999.0000,-9999.0000,-9999.0000,-9999.0000,-9999.0000,-9999.0000,-9999.0000,-9999.0000
2022-08-31,45,-9999.0000,-9999.0000,-9999.0000,-9999.0000,-9999.0000,-9999.0000,-9999.0000,-9999.0000,-9999.0000,-9999.0000,-9999.0000
2022-09-02,45,1923.0877,2411.0020,2403.5404,2483.5029,2795.4583,3055.0000,3145.0000,3356.0000,3289.7152,3504.8925,3096.0000
2022-09-02,45,2027.0000,2481.9521,2474.0000,2523.7778,2778.3118,3018.0000,3116.0000,3316.0000,3245.4013,3417.8860,2991.0000
2022-09-05,45,-9999.0000,-9999.0000,-9999.0000,-9999.0000,-9999.0000,-9999.0000,-9999.0000,-9999.0000,-9999.0000,-9999.0000,-9999.0000
2022-09-07,45,-9999.0000,-9999.0000,-9999.0000,-9999.0000,-9999.0000,-9999.0000,-9999.0000,-9999.0000,-9999.0000,-9999.0000,-9999.0000
2022-09-07,45,-9999.0000,-9999.0000,-9999.0000,-9999.0000,-9999.0000,-9999.0000,-9999.0000,-9999.0000,-9999.0000,-9999.0000,-9999.0000
2022-09-10,45,570.0000,808.7455,972.8527,1130.6217,1435.0589,1675.5656,1817.8828,1827.0011,1948.0361,2667.6411,2339.2643
2022-09-10,45,609.0000,833.9921,980.0000,1139.6819,1415.0000,1672.4467,1811.6474,1825.5904,1955.6642,2661.0469,2333.6424
2022-09-12,45,831.0000,1010.6458,1241.7829,1395.3997,1806.0000,2153.8474,2259.5958,2299.5368,2437.6150,3175.4458,2698.2211
2022-09-12,45,866.0000,1019.2992,1235.4800,1395.2872,1782.0000,2131.4440,2250.2267,2290.8204,2426.9160,3158.9355,2700.0000
2022-09-15,45,792.5619,1012.5826,1244.8823,1411.4529,1797.3731,2012.0016,2155.4919,2115.0395,2331.2835,3052.2437,2602.6151
2022-09-15,45,808.0000,1044.1009,1259.7111,1434.7431,1815.0000,2025.4043,2162.9824,2130.4398,2341.1200,3057.5795,2615.5234
2022-09-20,45,591.0000,827.5524,1043.1979,1209.2905,1595.3233,1890.8329,2027.4360,2136.1320,2187.7575,2763.0000,2424.1667
2022-09-20,45,632.6013,850.6802,1051.2801,1210.4188,1592.0000,1893.5704,2019.4097,2138.8133,2179.9608,2757.0920,2402.1346
2022-09-22,45,789.0000,946.6158,1187.1441,1363.4828,1835.4890,2203.9550,2307.8093,2424.2962,2499.9229,3142.8033,2646.8610
2022-09-22,45,847.0000,970.8713,1195.9079,1362.8008,1814.0000,2180.6623,2301.0283,2392.5226,2467.7392,3104.0000,2647.0000
2022-09-27,45,-9999.0000,-9999.0000,-9999.0000,-9999.0000,-9999.0000,-9999.0000,-9999.0000,-9999.0000,-9999.0000,-9999.0000,-9999.0000
2022-09-27,45,-9999.0000,-9999.0000,-9999.0000,-9999.0000,-9999.0000,-9999.0000,-9999.0000,-9999.0000,-9999.0000,-9999.0000,-9999.0000
2022-10-02,45,770.0000,824.8472,987.3285,970.1769,1356.2562,1952.6461,2117.8085,2034.8477,2330.5125,2547.0000,1776.0000
2022-10-02,45,883.0000,856.0000,1106.0000,894.0000,1526.0000,3047.0000,3358.0000,3720.0000,3648.0000,2814.0000,1774.0000
2022-10-05,45,1301.3102,1363.2410,1547.3096,1508.3548,1990.1010,2532.1470,2713.7330,2727.4471,2869.4840,2850.0000,2140.0807
2022-10-05,45,1418.0000,1468.3490,1665.1929,1635.7758,2130.2790,2642.6527,2842.0930,2855.9168,3001.4483,3098.9671,2324.6420
2022-10-07,45,702.0000,845.4949,1043.0260,1011.4911,1523.3856,2067.4113,2259.7825,2326.6800,2387.5613,2442.7417,1954.4365
2022-10-07,45,737.0000,869.1929,1058.8962,1026.7917,1508.0000,2051.7527,2257.9982,2311.7735,2371.5877,2443.3581,1956.6185
2022-10-10,45,-9999.0000,-9999.0000,-9999.0000,-9999.0000,-9999.0000,-9999.0000,-9999.0000,-9999.0000,-9999.0000,-9999.0000,-9999.0000
2022-10-10,45,-9999.0000,-9999.0000,-9999.0000,-9999.0000,-9999.0000,-9999.0000,-9999.0000,-9999.0000,-9999.0000,-9999.0000,-9999.0000
2022-10-12,45,2053.0000,1990.0000,2104.5186,2016.5000,2420.4953,2790.8743,2852.7460,2918.0000,2913.8200,2441.0000,2097.7372
2022-10-15,45,160.0000,369.5032,627.4112,626.7768,1212.0000,1867.6205,2034.4729,1992.1282,2171.0750,2009.2853,1444.8935
2022-10-15,45,337.0000,497.7525,718.2435,682.1581,1227.6881,1835.7642,1979.8043,1942.8700,2109.2079,1970.6275,1429.0000
2022-10-17,45,1025.0000,1155.5614,1323.3840,1204.0412,1746.6612,2578.8519,2827.6100,2852.7958,2931.8166,2588.0518,1975.7132
2022-10-17,45,1185.0000,1267.4540,1387.4298,1258.5119,1772.6600,2547.3219,2804.0000,2819.4679,2899.2567,2587.9337,1976.8586
2022-10-20,45,403.0000,635.4749,931.7461,826.6171,1480.0000,2459.9097,2756.9856,2711.8309,2904.9470,2453.9990,1795.2960
2022-10-20,45,745.9715,872.8282,1059.5030,930.5486,1482.9558,2291.8551,2562.7231,2550.2971,2684.0558,2344.3343,1738.7436
2022-10-25,45,-9999.0000,-9999.0000,-9999.0000,-9999.0000,-9999.0000,-9999.0000,-9999.0000,-9999.0000,-9999.0000,-9999.0000,-9999.0000
2022-10-25,45,-9999.0000,-9999.0000,-9999.0000,-9999.0000,-9999.0000,-9999.0000,-9999.0000,-9999.0000,-9999.0000,-9999.0000,-9999.0000
2022-10-27,45,540.0000,763.8609,996.4432,818.8719,1443.5843,2635.0883,2982.3097,3093.8906,3081.8959,2249.8801,1573.1102
2022-10-27,45,724.6835,877.0660,1066.8834,874.9297,1461.5998,2548.3436,2901.3513,3029.9663,3015.7458,2220.6094,1555.7319
2022-10-30,45,419.0000,605.6019,835.9509,699.1631,1299.8753,2418.6477,2762.8903,2870.8573,2888.2574,2028.8006,1451.4562
2022-10-30,45,510.0000,653.5239,868.9224,715.4787,1298.5989,2386.7526,2742.0587,2837.7468,2853.5565,2018.0573,1443.7150
2022-11-04,45,0.0000,36.0000,162.3180,132.9606,310.5950,718.3810,818.2022,786.9526,873.1932,418.3660,258.6483
2022-11-04,45,13.0000,48.4192,166.3767,130.3440,306.2856,713.5749,814.7197,785.6913,857.4998,416.0799,256.2610
2022-11-06,45,338.0000,481.0025,729.3248,516.2846,1149.2317,2502.0000,2886.2252,2968.0689,3000.5264,1878.1091,1196.3928
2022-11-06,45,348.0000,492.5550,733.6014,522.9782,1149.7252,2508.8987,2887.8170,2952.0180,2996.9684,1875.1540,1187.3849
2022-11-21,45,361.0000,344.3485,436.0338,284.1099,510.7961,1064.6554,1141.9551,1133.0339,1125.2920,396.7194,204.6068
2022-11-21,45,485.0000,438.5402,502.4675,342.4253,558.8487,1073.7357,1145.6130,1140.9735,1126.5080,404.2742,208.4720
2022-11-24,45,215.0000,300.9451,592.9830,388.9835,1036.1138,2593.4987,2986.4346,3078.0071,3139.8415,1524.3528,867.8285
2022-11-24,45,260.4515,337.3573,609.2223,394.5489,1033.4744,2595.3581,2968.2393,3044.3373,3094.4985,1514.9514,866.9270
2022-11-26,45,-9999.0000,-9999.0000,-9999.0000,-9999.0000,-9999.0000,-9999.0000,-9999.0000,-9999.0000,-9999.0000,-9999.0000,-9999.0000
2022-11-26,45,-9999.0000,-9999.0000,-9999.0000,-9999.0000,-9999.0000,-9999.0000,-9999.0000,-9999.0000,-9999.0000,-9999.0000,-9999.0000
2022-12-01,45,1162.0000,1317.4810,1449.5425,1196.5206,1720.6355,2811.4591,3012.8857,3200.9410,3115.9445,1861.6960,1314.0000
2022-12-06,45,-9999.0000,-9999.0000,-9999.0000,-9999.0000,-9999.0000,-9999.0000,-9999.0000,-9999.0000,-9999.0000,-9999.0000,-9999.0000
2023-01-10,45,292.0000,349.5158,613.5473,421.4221,1032.3660,2428.2260,2725.2922,2967.1572,2933.3725,1533.0341,853.1541
2023-01-10,45,324.3029,373.3187,621.2633,426.7246,1041.3384,2443.0000,2730.5904,2967.3231,2936.8957,1529.2320,853.7165
2023-01-20,45,-9999.0000,-9999.0000,-9999.0000,-9999.0000,-9999.0000,-9999.0000,-9999.0000,-9999.0000,-9999.0000,-9999.0000,-9999.0000
2023-01-20,45,-9999.0000,-9999.0000,-9999.0000,-9999.0000,-9999.0000,-9999.0000,-9999.0000,-9999.0000,-9999.0000,-9999.0000,-9999.0000
2023-01-25,45,362.0000,509.2616,704.7818,525.2283,1152.9162,2385.2173,2727.7933,2982.7247,2930.7010,1899.7686,1172.0825
2023-01-25,45,396.4336,525.2675,713.6901,529.2115,1157.4985,2396.7762,2727.4192,2983.6219,2935.5345,1899.6697,1171.0962
2023-01-28,45,1069.4504,1201.2159,1425.5924,1290.8988,1980.8153,2887.1934,3208.8199,3559.0533,3540.6489,3126.3866,2263.9471
2023-01-28,45,1126.0000,1209.4772,1434.0697,1291.7153,1956.7630,2853.0977,3176.4992,3511.1300,3479.5568,3110.8201,2265.4143
2023-01-30,45,-9999.0000,-9999.0000,-9999.0000,-9999.0000,-9999.0000,-9999.0000,-9999.0000,-9999.0000,-9999.0000,-9999.0000,-9999.0000
2023-01-30,45,1642.0000,1620.3165,1853.3422,1748.7786,2357.7557,3280.7202,3563.7110,3896.0000,3897.5543,3117.0128,2120.6436
2023-02-02,45,876.0000,972.1101,1146.0000,1177.2026,1618.5248,2115.8746,2305.4226,2539.9623,2572.3633,2348.3802,1549.4154
2023-02-02,45,706.0000,794.2354,1005.1520,1077.0895,1581.6346,2122.1531,2331.9053,2593.5417,2621.1409,2379.6971,1563.0709
2023-02-04,45,809.4328,1058.6669,1218.9357,1258.1194,1810.3205,2434.9921,2648.3422,2918.7296,2904.4358,2579.9447,1927.9542
2023-02-04,45,1276.0000,1372.0566,1428.7238,1361.0377,1785.2768,2291.9828,2490.0000,2689.6525,2723.0944,2532.9199,1972.0000
2023-02-07,45,540.5267,769.5222,968.8899,1108.5650,1513.3502,2043.9728,2250.5508,2615.2289,2523.7310,2668.9447,2050.7453
2023-02-07,45,571.0000,769.1457,969.5554,1104.7255,1518.1797,2042.5044,2244.5888,2614.4920,2515.4896,2657.9546,2043.2160
2023-02-09,45,757.0000,861.4080,1076.9221,1235.5333,1667.7890,2203.7676,2407.0000,2711.5542,2702.0000,3003.9332,2212.0512
2023-02-09,45,785.0000,880.7546,1084.9829,1235.5087,1667.0970,2218.0823,2395.8564,2710.0465,2689.6282,2995.6404,2212.1138
2023-02-12,45,585.0000,765.2220,1024.8737,1259.1762,1740.0464,2225.3733,2442.4093,2728.1011,2780.2470,3091.7397,2251.3767
2023-02-12,45,585.0000,753.3532,1013.5599,1250.4028,1739.4420,2251.2782,2474.5129,2759.0197,2803.1662,3114.7489,2244.4522
2023-02-14,45,558.0000,821.1249,1034.8667,1283.4132,1763.1250,2251.5752,2507.3942,2790.8051,2808.2734,3098.8078,2291.5057
2023-02-14,45,742.0000,937.3749,1104.9835,1298.9483,1730.4279,2177.8690,2413.0484,2680.1613,2690.5603,3013.0640,2259.8251
2023-02-17,45,-9999.0000,-9999.0000,-9999.0000,-9999.0000,-9999.0000,-9999.0000,-9999.0000,-9999.0000,-9999.0000,-9999.0000,-9999.0000
2023-02-27,45,-9999.0000,-9999.0000,-9999.0000,-9999.0000,-9999.0000,-9999.0000,-9999.0000,-9999.0000,-9999.0000,-9999.0000,-9999.0000
2023-02-27,45,-9999.0000,-9999.0000,-9999.0000,-9999.0000,-9999.0000,-9999.0000,-9999.0000,-9999.0000,-9999.0000,-9999.0000,-9999.0000
2023-03-09,45,1209.0000,1406.0000,1556.0000,1713.5625,1865.5098,1918.5000,2021.9773,2081.2324,2117.0000,2574.0565,2455.0000
2023-03-09,45,915.0000,1220.0000,1436.0000,1628.3869,1824.5219,1910.0000,2035.4656,2098.4290,2143.0000,2641.3903,2485.5769
2023-03-11,45,1078.0000,1284.4713,1505.0093,1747.3516,1929.6501,2010.9568,2099.9483,2171.2004,2203.5047,2675.7495,2437.1833
2023-03-11,45,1112.9228,1305.7255,1532.8961,1755.1863,1921.0242,2017.5482,2091.4576,2163.9537,2195.7539,2669.2741,2436.9790
2023-03-16,45,596.0000,797.1478,953.3689,1155.3702,1309.3938,1427.9119,1511.1729,1622.3602,1589.4639,1857.9755,1522.8760
2023-03-16,45,632.0000,820.9615,969.2398,1155.4448,1305.0701,1434.1830,1515.1154,1622.6370,1590.2493,1851.3317,1514.9310
2023-03-21,45,753.9489,897.1125,1113.2262,1352.8748,1521.4590,1604.3676,1667.3648,1703.3601,1746.8411,2108.4584,1789.5990
2023-03-21,45,809.0000,924.8858,1132.6272,1349.8626,1516.8560,1602.9403,1658.9755,1687.0612,1737.4085,2099.8479,1777.5949
2023-03-29,45,794.0000,1036.3558,1256.4762,1474.7361,1633.1057,1804.0064,1901.0513,1958.8332,1987.1216,2187.8076,1899.2736
2023-03-29,45,842.7067,1065.4141,1272.9623,1482.6223,1645.0000,1811.7141,1905.9451,1959.5815,1986.5672,2187.7263,1891.6090
2023-04-03,45,1173.0000,1531.1170,1866.4954,2150.4806,2306.5000,2514.9888,2609.9806,2755.4050,2715.2740,2996.9179,2679.7727
2023-04-03,45,1218.0000,1538.8917,1858.5507,2135.9544,2277.4303,2505.6002,2586.0670,2739.4714,2698.1224,2986.9956,2663.9281
2023-04-05,45,1561.0000,2058.4580,2348.3650,2584.1111,2722.2036,2900.3543,2988.0740,3238.2466,3068.9607,3223.9909,2982.0015
2023-04-05,45,1573.7381,2035.3426,2315.5291,2549.4598,2707.6195,2899.3956,2994.1372,3255.0620,3084.1663,3212.1683,2984.7413
2023-04-05,45,1631.0000,2154.6630,2475.0230,2726.6778,2907.1984,3113.8378,3209.7572,3447.3842,3250.6208,3364.5271,3079.3539
2023-04-05,45,1618.0000,2108.0152,2419.2764,2646.3861,2779.0753,2995.9230,3106.8542,3349.6446,3181.6072,3267.8609,3014.9861
2023-04-08,45,2674.0000,2675.3715,2699.6374,2675.6905,2924.8642,3157.5446,3257.0410,3307.3377,3266.9082,2515.6067,2323.1096
2023-04-08,45,1821.7373,2025.1171,2233.7434,2291.0588,2540.9394,2865.0376,3030.0578,3137.7679,3094.0000,2484.0519,2282.6679
2023-04-10,45,1258.0885,1532.0762,1826.6116,2150.8849,2267.2490,2451.2899,2554.9902,2697.9356,2692.4813,3108.5652,2888.4075
2023-04-10,45,1292.5450,1522.7616,1810.5962,2120.1741,2249.7474,2418.9960,2520.8800,2680.9058,2700.1168,3098.6736,2889.3963
2023-04-15,45,1843.0000,1896.0000,1950.0000,1976.0000,2189.0000,2387.0000,2510.0000,2574.0000,2538.0000,1682.0000,1421.0000
2023-04-18,45,860.5023,1116.9194,1345.1286,1586.4880,1745.9839,1891.5904,2004.5924,2039.8782,2085.8874,2324.0027,2082.9988
2023-04-18,45,889.0000,1136.8239,1348.9740,1571.0180,1738.0193,1895.3413,2009.1953,2038.7066,2086.6757,2315.9407,2074.5487
2023-04-23,45,-9999.0000,-9999.0000,-9999.0000,-9999.0000,-9999.0000,-9999.0000,-9999.0000,-9999.0000,-9999.0000,-9999.0000,-9999.0000
2023-04-23,45,-9999.0000,-9999.0000,-9999.0000,-9999.0000,-9999.0000,-9999.0000,-9999.0000,-9999.0000,-9999.0000,-9999.0000,-9999.0000
2023-04-30,45,-9999.0000,-9999.0000,-9999.0000,-9999.0000,-9999.0000,-9999.0000,-9999.0000,-9999.0000,-9999.0000,-9999.0000,-9999.0000
2023-04-30,45,-9999.0000,-9999.0000,-9999.0000,-9999.0000,-9999.0000,-9999.0000,-9999.0000,-9999.0000,-9999.0000,-9999.0000,-9999.0000
2023-05-05,45,856.4986,1163.2069,1394.6856,1659.0748,1827.2785,2022.8286,2163.1239,2191.0225,2221.7355,2507.0167,2211.7350
2023-05-05,45,893.2595,1154.5134,1381.3810,1603.2175,1778.0300,2023.8255,2127.8016,2189.4230,2222.5385,2459.2482,2194.1779
2023-05-13,45,-9999.0000,-9999.0000,-9999.0000,-9999.0000,-9999.0000,-9999.0000,-9999.0000,-9999.0000,-9999.0000,-9999.0000,-9999.0000
2023-05-13,45,-9999.0000,-9999.0000,-9999.0000,-9999.0000,-9999.0000,-9999.0000,-9999.0000,-9999.0000,-9999.0000,-9999.0000,-9999.0000
2023-05-15,45,864.0000,1116.9461,1331.4409,1498.6982,1698.6213,1989.8736,2123.3741,2127.7589,2189.6082,2181.2144,1787.7852
2023-05-15,45,888.0000,1129.2039,1332.8675,1489.9531,1698.1575,1993.7487,2123.1524,2159.8893,2190.2228,2179.5219,1787.5340
2023-05-18,45,-9999.0000,-9999.0000,-9999.0000,-9999.0000,-9999.0000,-9999.0000,-9999.0000,-9999.0000,-9999.0000,-9999.0000,-9999.0000
2023-05-18,45,1145.0000,1332.0000,1690.0000,1704.0000,2062.0000,2868.0000,3144.0000,3328.0000,3306.0000,2386.0000,1863.0000
2023-05-23,45,1647.0000,2182.6642,2629.3411,2856.6112,3207.1009,3482.4272,3640.3907,3637.9445,3749.4579,3831.1165,3414.0647
2023-05-23,45,1657.0000,2134.4552,2566.3696,2789.7229,3158.6873,3490.4925,3654.8656,3653.5743,3768.8540,3816.5465,3397.0472
2023-05-25,45,1929.0000,2549.8432,2999.6695,3238.3717,3669.9948,4022.8819,4262.8426,4212.6852,4312.0559,4310.5805,3976.2833
2023-05-25,45,1782.0000,2342.5111,2774.0632,3000.9841,3385.8549,3784.6294,4040.7491,4038.4680,4087.0293,4183.9280,3897.6349
2023-05-28,45,-9999.0000,-9999.0000,-9999.0000,-9999.0000,-9999.0000,-9999.0000,-9999.0000,-9999.0000,-9999.0000,-9999.0000,-9999.0000
2023-05-28,45,-9999.0000,-9999.0000,-9999.0000,-9999.0000,-9999.0000,-9999.0000,-9999.0000,-9999.0000,-9999.0000,-9999.0000,-9999.0000
2023-05-30,45,2188.0000,2695.7945,3190.0460,3285.4547,3720.9400,4533.7528,4791.6676,4822.7473,4873.1838,4004.9820,3413.3882
2023-05-30,45,2193.1056,2665.7995,3141.5035,3223.3082,3705.5620,4474.1839,4711.4833,4724.5562,4805.4596,4004.7666,3417.5647
2023-06-02,45,1463.0000,1957.8054,2454.4006,2616.2382,3047.5999,3832.9206,4070.6485,4007.9215,4199.8552,3799.9894,3224.5303
2023-06-02,45,1468.0000,1927.9953,2390.8931,2552.9846,3001.3575,3751.1281,4007.0643,3940.3601,4136.1214,3766.2158,3207.6423
2023-06-04,45,1771.0000,2296.5080,2774.4563,2869.8536,3431.2797,4263.2080,4678.7230,4581.5937,4776.0866,4166.2756,3529.7501
2023-06-04,45,1751.0000,2296.4598,2758.7494,2836.9201,3416.4757,4242.9681,4646.8424,4548.9348,4742.6867,4148.6929,3523.4567
2023-06-07,45,654.0000,931.1910,1291.2341,1282.9774,1724.5315,2550.6724,2797.5686,2765.2034,2898.4909,2361.5858,1847.1828
2023-06-07,45,749.0000,979.4713,1283.0799,1257.8974,1691.9784,2486.1100,2741.8106,2705.0022,2841.4363,2323.6448,1834.7981
2023-06-09,45,1392.0000,1666.7340,2131.2739,2168.0520,2744.3900,3749.5188,4023.1152,4038.3688,4216.3056,3832.8202,3112.8501
2023-06-09,45,1426.0000,1618.4365,2042.4493,2075.0976,2682.6223,3666.1292,3944.8384,3877.6761,4136.8412,3803.3152,3112.3486
2023-06-12,45,1096.0000,1507.1903,1993.1149,1991.6534,2569.8372,3690.3134,4008.8294,3976.3817,4104.5748,3318.7215,2631.4081
2023-06-12,45,1171.4180,1475.0158,1942.4379,1926.2791,2504.5936,3574.4616,3862.9129,3862.0275,3991.9268,3271.8703,2615.2533
2023-06-14,45,968.0000,1330.0920,1616.0000,1468.0000,2029.0133,3316.7769,3698.5739,3726.4262,3799.9820,2802.2862,2026.0259
2023-06-14,45,1079.0000,1528.0000,1857.9604,1709.9540,2285.0000,3331.0000,3735.0000,3731.1506,3827.0000,2874.0000,2143.0000
2023-06-17,45,803.0000,1114.8798,1499.0674,1445.8459,1941.9079,3271.8082,3721.1425,3799.3837,3844.4085,2903.3482,2247.9530
2023-06-17,45,854.0000,1130.9039,1491.6829,1430.9203,1908.1260,3195.5933,3624.7189,3702.0447,3769.3226,2871.0797,2231.1207
2023-06-19,45,842.8342,1075.5420,1511.1511,1431.9833,1956.6475,3688.2602,4135.8418,4101.2267,4310.5998,3031.0859,2120.0833
2023-06-19,45,942.8110,1099.6819,1467.0307,1398.6903,1906.5992,3464.0938,3897.9175,3830.4497,4072.2860,2948.4374,2101.9116
2023-06-22,45,-9999.0000,-9999.0000,-9999.0000,-9999.0000,-9999.0000,-9999.0000,-9999.0000,-9999.0000,-9999.0000,-9999.0000,-9999.0000
2023-06-24,45,702.0000,915.3127,1206.8363,1095.0877,1573.5459,3291.2057,4055.3917,4037.7445,4169.4487,2679.8207,1860.3517
2023-06-24,45,731.0000,915.1917,1221.9676,1095.4137,1558.0499,3283.5579,4039.4056,4037.3251,4151.2730,2677.6963,1847.4706
2023-06-27,45,514.0000,663.1737,967.6769,824.7200,1349.7792,3443.3729,4440.0511,4486.9307,4600.6312,2503.4540,1624.6728
2023-06-27,45,561.0594,679.2675,998.9507,838.9654,1368.6575,3428.4371,4408.5841,4469.1288,4567.9460,2504.5485,1621.9656
2023-06-29,45,333.0000,379.6393,707.6282,520.3814,1021.1774,3127.6812,3879.4715,3942.3519,4008.4620,2092.5065,1195.8059
2023-06-29,45,487.0000,507.7027,779.0264,603.2649,1050.2096,2999.5774,3703.2205,3733.8429,3830.8876,2065.6217,1193.5357
2023-07-02,45,80.0000,137.6955,403.5489,243.2568,682.7220,2600.3534,3448.2840,3350.3607,3559.2513,1580.8109,785.3124
2023-07-02,45,416.0000,409.4744,584.8347,411.4483,788.7837,2406.5871,3145.1924,3079.1464,3272.2156,1547.9898,794.3806
2023-07-04,45,183.0000,275.6566,499.4134,315.4845,762.9792,2759.6746,3830.6340,3781.3245,3911.0987,1777.3176,947.4041
2023-07-04,45,332.6237,393.2506,586.8823,395.3073,812.0397,2661.7958,3670.9497,3620.9920,3767.3101,1770.4765,946.9651
2023-07-07,45,304.0000,395.5581,587.2284,419.5780,802.7557,2650.7473,3717.7614,3767.3329,3851.5221,1716.7877,986.8787
2023-07-07,45,379.0000,443.1991,620.1915,451.0190,819.0829,2619.5244,3659.9850,3721.0308,3811.4487,1731.2718,987.1775
2023-07-09,45,355.0000,363.8013,613.9591,439.2279,892.5739,3101.0983,4150.8462,4134.7675,4299.6275,1955.1993,1059.9806
2023-07-09,45,481.6497,474.5024,691.1774,519.3415,933.3541,2994.9612,3994.9879,3962.3288,4156.0540,1946.9348,1064.7975
2023-07-12,45,-9999.0000,-9999.0000,-9999.0000,-9999.0000,-9999.0000,-9999.0000,-9999.0000,-9999.0000,-9999.0000,-9999.0000,-9999.0000
2023-07-14,45,363.0000,467.8017,695.0996,504.9044,916.0496,2964.1530,4234.4086,4274.2002,4371.2773,1909.0401,1064.4917
2023-07-14,45,481.0771,538.9801,739.1930,551.5933,939.5878,2882.7608,4090.9312,4154.3032,4250.6430,1907.5550,1045.9032
2023-07-17,45,210.0000,314.9729,539.3872,359.0363,780.8016,2772.4238,4028.1706,4010.6340,4179.5955,1692.5536,902.4331
2023-07-17,45,383.0000,443.3913,618.9892,438.6814,836.6759,2678.6503,3852.3522,3849.8469,4012.0459,1683.2629,921.2367
2023-07-19,45,-9999.0000,-9999.0000,-9999.0000,-9999.0000,-9999.0000,-9999.0000,-9999.0000,-9999.0000,-9999.0000,-9999.0000,-9999.0000
2023-07-22,45,-9999.0000,-9999.0000,-9999.0000,-9999.0000,-9999.0000,-9999.0000,-9999.0000,-9999.0000,-9999.0000,-9999.0000,-9999.0000
2023-07-22,45,-9999.0000,-9999.0000,-9999.0000,-9999.0000,-9999.0000,-9999.0000,-9999.0000,-9999.0000,-9999.0000,-9999.0000,-9999.0000
2023-07-27,45,159.0000,245.4823,433.0671,259.2358,635.5160,2499.8438,3547.4778,3627.1166,3676.4124,1420.6871,692.5713
2023-07-27,45,218.0000,281.3858,457.4351,275.4800,654.6955,2486.1774,3516.2680,3609.4296,3668.7442,1412.4648,692.3625
2023-07-29,45,270.0000,267.0762,531.4831,330.8513,812.5656,3019.0139,4050.3473,4017.7050,4234.9768,1763.8544,867.2126
2023-07-29,45,320.0000,299.6827,547.3138,347.4997,811.7542,2997.8866,4010.7059,3994.4050,4204.6280,1770.7141,858.7103
2023-08-03,45,-9999.0000,-9999.0000,-9999.0000,-9999.0000,-9999.0000,-9999.0000,-9999.0000,-9999.0000,-9999.0000,-9999.0000,-9999.0000
2023-08-06,45,205.0000,281.2060,437.5721,259.5611,620.8805,2418.1465,3443.4682,3466.1139,3587.3079,1425.6605,678.1936
2023-08-06,45,242.4364,305.2865,449.3923,267.6148,626.7276,2412.5636,3443.3644,3465.1716,3587.7806,1421.0714,673.0480
2023-08-08,45,346.0000,321.0622,532.0554,331.2931,762.8135,2940.2040,3962.8600,4034.3068,4164.5856,1762.4057,836.1308
2023-08-08,45,377.0000,345.5261,555.3342,339.3204,771.5144,2939.1575,3963.4973,4017.5815,4155.2745,1753.7434,835.0903
2023-08-11,45,-9999.0000,-9999.0000,-9999.0000,-9999.0000,-9999.0000,-9999.0000,-9999.0000,-9999.0000,-9999.0000,-9999.0000,-9999.0000
2023-08-11,45,-9999.0000,-9999.0000,-9999.0000,-9999.0000,-9999.0000,-9999.0000,-9999.0000,-9999.0000,-9999.0000,-9999.0000,-9999.0000
2023-08-13,45,282.0000,362.8777,564.0524,363.1582,802.6139,2729.0227,3867.1839,3865.7101,4051.9119,1819.0294,923.7563
2023-08-13,45,410.0000,461.4275,627.2729,427.3776,834.4851,2648.1379,3731.0262,3721.4206,3906.1060,1804.0904,923.5451
2023-08-16,45,380.0000,467.2492,635.2686,451.0948,834.3437,2518.1734,3481.7995,3466.0698,3684.4234,1725.0456,923.9185
2023-08-16,45,429.0000,493.2979,658.7714,458.6739,851.4881,2513.5045,3465.7163,3459.1786,3673.7064,1714.8112,914.5495
2023-08-18,45,399.0000,459.3035,715.3520,523.7947,996.1300,2978.1860,3835.4046,3770.3186,4123.1376,2028.6481,1068.1596
2023-08-18,45,516.0000,522.8634,747.7728,555.8160,1010.5042,2906.1398,3737.5055,3705.8866,4017.3250,2011.6629,1058.7496
2023-08-21,45,336.7250,427.5468,658.9111,531.4119,955.2919,2473.6445,3186.3258,3209.8107,3434.4764,1852.7209,1028.9382
2023-08-21,45,411.0000,465.2217,682.8293,546.2497,963.4470,2457.4265,3163.7209,3194.5045,3412.0826,1844.0212,1019.2157
2023-08-23,45,427.0000,594.7707,851.8076,723.6465,1212.2282,2635.8349,3363.5395,3408.8718,3612.6394,2155.0504,1299.9315
2023-08-23,45,559.0000,681.4602,891.1276,755.8390,1212.0358,2538.0445,3234.3052,3274.3874,3468.4383,2115.4911,1292.1985
2023-08-26,45,381.0000,539.3245,763.2634,698.8109,1147.6085,2283.1077,2866.6534,2916.5781,3155.4942,1972.9730,1212.5235
2023-08-26,45,456.0091,589.5373,786.7576,715.3505,1148.1906,2260.5741,2820.0829,2882.7460,3107.0626,1954.5901,1210.3099
2023-08-31,45,304.3664,354.0985,473.5194,403.2793,636.2334,1126.9502,1303.0490,1289.1129,1409.0910,843.8902,435.3675
2023-08-31,45,497.0000,501.0358,588.6588,481.1898,716.2575,1324.0000,1546.4615,1505.0000,1699.4987,909.5017,478.9223
2023-09-02,45,346.0000,477.3578,660.9289,667.2957,1085.8659,1873.7824,2237.8226,2295.5326,2467.0224,1891.1271,1180.9068
2023-09-02,45,426.0000,533.0708,693.2888,683.5781,1089.4560,1883.0554,2235.5412,2279.1059,2460.3353,1883.8203,1176.7780
2023-09-05,45,262.0000,405.2730,569.3450,627.5415,953.5315,1561.7722,1842.8876,1976.6500,2066.4485,1740.1257,1186.9999
2023-09-05,45,335.0000,449.4761,597.0482,643.2890,957.1465,1578.9491,1857.6821,1974.0369,2093.4185,1739.6746,1179.6754
2023-09-07,45,379.0000,477.4112,717.3853,867.1160,1252.5203,1891.8741,2139.0311,2310.6469,2444.0571,2212.1536,1435.8794
2023-09-07,45,438.0000,513.6546,737.0247,867.8705,1250.4667,1890.6334,2147.0599,2310.9643,2427.7563,2202.6099,1427.8555
2023-09-10,45,327.0000,445.6132,669.3739,843.3183,1187.2039,1701.2234,1957.4748,2102.5341,2242.5830,2090.4085,1365.1942
2023-09-10,45,406.7791,497.3435,697.3326,851.9555,1180.0444,1716.1932,1971.2349,2103.6358,2243.0858,2075.4858,1356.4290
2023-09-12,45,-9999.0000,-9999.0000,-9999.0000,-9999.0000,-9999.0000,-9999.0000,-9999.0000,-9999.0000,-9999.0000,-9999.0000,-9999.0000
2023-09-17,45,1407.0000,1683.0677,2136.0000,2702.0000,3299.0000,3869.0000,4217.0000,4328.0000,4698.3445,5170.0000,3799.0000
2023-09-25,45,497.0000,857.1247,1139.4869,1571.6051,1814.0000,2090.4085,2314.2988,2459.5317,2620.2703,3447.3995,2873.2962
2023-09-25,45,542.0000,881.4020,1152.4885,1570.3889,1820.6443,2090.5260,2316.4726,2451.6916,2620.2101,3446.0372,2857.0605
2023-09-27,45,710.5380,989.2585,1300.8635,1708.0352,1997.0000,2283.3010,2459.9592,2627.4874,2760.6396,3577.9249,2841.2229
2023-09-27,45,767.0000,1025.2316,1316.6074,1706.6308,1982.0000,2259.3875,2434.1995,2610.6064,2746.8564,3543.6895,2808.9133
2023-09-30,45,-9999.0000,-9999.0000,-9999.0000,-9999.0000,-9999.0000,-9999.0000,-9999.0000,-9999.0000,-9999.0000,-9999.0000,-9999.0000
2023-09-30,45,-9999.0000,-9999.0000,-9999.0000,-9999.0000,-9999.0000,-9999.0000,-9999.0000,-9999.0000,-9999.0000,-9999.0000,-9999.0000
2023-10-02,45,601.0000,944.7142,1179.3626,1587.3137,1877.5978,2131.0071,2371.1779,2487.3845,2657.8817,3721.1410,3113.8080
2023-10-02,45,713.0000,1004.8891,1202.6328,1547.7662,1818.7238,2099.2849,2332.1058,2439.5631,2601.9255,3621.0483,3061.3144
2023-10-07,45,657.0000,916.9241,1210.7626,1643.6313,1924.9952,2099.5219,2275.4471,2466.9097,2611.0214,3650.7546,2922.8433
2023-10-07,45,706.1328,941.2366,1218.9933,1635.1350,1900.0835,2083.4317,2260.0746,2454.2623,2588.4220,3602.9489,2902.4460
2023-10-12,45,-9999.0000,-9999.0000,-9999.0000,-9999.0000,-9999.0000,-9999.0000,-9999.0000,-9999.0000,-9999.0000,-9999.0000,-9999.0000
2023-10-17,45,940.0000,1229.1654,1499.2783,1835.8687,1988.5882,2083.8163,2156.7919,2330.7562,2322.1938,3010.7959,2743.9023
2023-10-17,45,967.0000,1240.5395,1499.1676,1826.4073,1979.5071,2076.2011,2163.0986,2323.3474,2307.4923,3011.2064,2728.2525
2023-10-22,45,566.7090,829.3581,973.7157,1235.4833,1385.2147,1427.7870,1531.2051,1607.2632,1651.7591,2068.1361,1740.7203
2023-10-22,45,584.4334,841.1904,981.2220,1234.7057,1389.6498,1427.8469,1531.2877,1606.8527,1651.6123,2075.8146,1731.0268
2023-10-27,45,637.2180,816.8703,1028.8509,1299.7497,1484.0375,1531.0648,1595.9539,1637.4219,1738.4684,2052.5096,1595.2298
2023-10-27,45,640.9879,833.4915,1036.8342,1299.3847,1477.3419,1523.6395,1603.0397,1623.1263,1732.3865,2051.6936,1587.9779
2023-11-04,45,606.0000,923.5060,1122.8674,1411.1770,1562.8008,1651.6566,1740.2117,1848.1671,1858.0089,2091.1245,1771.3402
2023-11-04,45,657.8168,961.0298,1155.1703,1419.1870,1565.0121,1652.0089,1738.8162,1846.8381,1860.4994,2084.4278,1762.2133
2023-11-11,45,708.8824,1034.7965,1210.4159,1482.6474,1675.9228,1754.5945,1844.1359,1975.4602,1955.8488,2290.7696,1868.5244
2023-11-11,45,720.3758,1042.4094,1219.3847,1490.2373,1674.9688,1757.3914,1843.9813,1976.1576,1942.7328,2290.7276,1867.9012
2023-11-19,45,936.0000,1004.5369,1160.3922,1242.6978,1433.4565,1513.9256,1592.5407,1595.5088,1674.3807,1683.7956,1397.9672
2023-11-19,45,890.2276,939.1203,1091.2639,1179.2044,1371.2147,1469.5378,1548.2792,1555.0254,1644.8211,1659.3893,1360.8923
2023-11-24,45,-9999.0000,-9999.0000,-9999.0000,-9999.0000,-9999.0000,-9999.0000,-9999.0000,-9999.0000,-9999.0000,-9999.0000,-9999.0000
2023-11-26,45,641.0000,821.5491,1025.0767,1259.6647,1397.0053,1491.7375,1570.2118,1704.2569,1693.2944,2242.1901,1955.1308
2023-11-26,45,697.0000,841.1709,1037.2515,1259.3858,1393.5621,1498.5448,1569.7836,1687.0645,1683.0758,2234.5388,1944.0000
2023-11-29,45,414.2107,613.4564,773.1061,981.2267,1105.6630,1156.1238,1212.3440,1335.6495,1307.3404,1749.4630,1489.6302
2023-11-29,45,478.7381,649.3585,813.1248,997.0981,1104.4294,1155.6925,1202.8758,1335.0547,1307.4292,1748.1527,1488.7040
2023-12-09,45,562.0000,725.1445,859.8875,1042.0752,1195.3964,1240.8871,1285.7734,1365.1945,1382.0075,1562.3806,1170.9149
2023-12-09,45,604.2665,729.2505,842.4844,978.8570,1114.8433,1158.5071,1221.8902,1287.6279,1306.2289,1431.2620,1084.0142
2023-12-14,45,-9999.0000,-9999.0000,-9999.0000,-9999.0000,-9999.0000,-9999.0000,-9999.0000,-9999.0000,-9999.0000,-9999.0000,-9999.0000
2023-12-14,45,-9999.0000,-9999.0000,-9999.0000,-9999.0000,-9999.0000,-9999.0000,-9999.0000,-9999.0000,-9999.0000,-9999.0000,-9999.0000
2023-12-16,45,596.5924,773.2735,949.6935,1177.6823,1324.1004,1379.2747,1435.9474,1558.2509,1539.5582,1866.6006,1498.8621
2023-12-16,45,642.0000,805.1146,969.6128,1186.0474,1329.9772,1387.5234,1443.9913,1574.4089,1541.8954,1874.2870,1499.3665
2023-12-19,45,455.0000,653.1727,797.6804,995.1753,1140.2605,1196.0953,1243.3437,1351.1579,1347.7291,1635.8880,1248.8177
2023-12-19,45,510.4127,680.9800,816.9850,1003.1574,1137.4863,1188.6015,1242.8038,1350.2536,1346.0499,1629.3265,1253.5892
2023-12-24,45,-9999.0000,-9999.0000,-9999.0000,-9999.0000,-9999.0000,-9999.0000,-9999.0000,-9999.0000,-9999.0000,-9999.0000,-9999.0000
2023-12-24,45,1656.0000,1764.0000,1792.0000,1833.1042,2049.5539,2069.6214,2124.6193,2185.8781,2188.0750,2145.4098,1860.7829
2024-01-05,45,-9999.0000,-9999.0000,-9999.0000,-9999.0000,-9999.0000,-9999.0000,-9999.0000,-9999.0000,-9999.0000,-9999.0000,-9999.0000
2024-01-08,45,-9999.0000,-9999.0000,-9999.0000,-9999.0000,-9999.0000,-9999.0000,-9999.0000,-9999.0000,-9999.0000,-9999.0000,-9999.0000
2024-01-08,45,-9999.0000,-9999.0000,-9999.0000,-9999.0000,-9999.0000,-9999.0000,-9999.0000,-9999.0000,-9999.0000,-9999.0000,-9999.0000
2024-01-13,45,522.7931,789.3379,937.0698,1081.3376,1297.2702,1506.1090,1586.7651,1723.2436,1684.3870,1636.4504,1326.2351
2024-01-13,45,629.0000,853.0870,973.1690,1092.8268,1301.6411,1499.8366,1570.8618,1707.1346,1667.3854,1619.2965,1313.2679
2024-01-15,45,-9999.0000,-9999.0000,-9999.0000,-9999.0000,-9999.0000,-9999.0000,-9999.0000,-9999.0000,-9999.0000,-9999.0000,-9999.0000
2024-01-20,45,522.0000,793.2502,941.3391,1123.1891,1345.8361,1586.4181,1682.6162,1926.2856,1793.5254,1787.9603,1341.5103
2024-01-20,45,566.9135,833.1852,981.0696,1146.3996,1357.7788,1588.9337,1682.6057,1927.5623,1794.2921,1779.2103,1337.5696
2024-01-23,45,505.0000,740.9856,893.1349,1017.0961,1237.8083,1427.1006,1506.6496,1635.0872,1595.3626,1515.5744,1185.2983
2024-01-23,45,571.0000,781.5120,913.5746,1021.0291,1241.6720,1435.4104,1491.8567,1635.4083,1595.5533,1508.0707,1185.9972
2024-01-25,45,640.0000,796.0000,1032.8864,1180.5403,1441.0858,1659.4523,1724.6490,1795.4694,1811.7953,1762.7328,1236.7260
2024-01-25,45,803.0000,929.0653,1104.1422,1204.6312,1441.4503,1643.6723,1699.0987,1770.7633,1803.6199,1756.8076,1221.0009
2024-01-28,45,531.0000,661.2375,829.4400,947.4869,1189.1829,1420.6513,1483.5900,1603.2912,1571.4304,1674.9743,1253.2917
2024-01-28,45,590.3022,693.2274,845.3784,952.9909,1188.7621,1411.0903,1475.1848,1595.2439,1571.5571,1669.3503,1249.4145
2024-01-30,45,505.0000,749.3370,897.1164,1043.1628,1299.3884,1539.7081,1637.5971,1781.8675,1724.2804,1843.6867,1428.5451
2024-01-30,45,602.5225,805.4443,925.5686,1057.0907,1298.2178,1530.7688,1619.2507,1767.3705,1707.1573,1820.3023,1427.6244
2024-02-02,45,238.0000,414.2301,477.5665,537.4223,658.7122,757.3818,801.9043,821.1880,830.1308,816.7032,656.4628
2024-02-02,45,305.0000,458.3515,504.4443,550.3256,666.4367,761.8071,801.4206,820.8905,829.5391,813.3766,650.6598
2024-02-04,45,296.0000,501.2384,809.3027,1068.6316,1364.8277,1588.3709,1659.4137,1747.0809,1779.1872,2067.0830,1665.0000
2024-02-04,45,360.6968,569.4419,845.3400,1085.3842,1370.6550,1595.1264,1666.9251,1738.7955,1778.8056,2051.0074,1661.7036
2024-02-14,45,842.0000,985.4095,1233.2053,1362.7668,1677.2467,1924.2925,2002.9055,2106.9656,2124.4067,2234.4992,1690.3084
2024-02-14,45,902.0000,1021.1036,1245.0987,1368.6865,1669.9399,1907.3208,1987.4404,2091.2520,2107.9448,2227.7135,1682.8156
2024-02-17,45,-9999.0000,-9999.0000,-9999.0000,-9999.0000,-9999.0000,-9999.0000,-9999.0000,-9999.0000,-9999.0000,-9999.0000,-9999.0000
2024-02-17,45,-9999.0000,-9999.0000,-9999.0000,-9999.0000,-9999.0000,-9999.0000,-9999.0000,-9999.0000,-9999.0000,-9999.0000,-9999.0000
2024-02-19,45,601.0000,912.9253,1186.8621,1290.8623,1685.0044,1949.3083,2075.8331,2171.0546,2170.7556,2289.6646,1788.7428
2024-02-19,45,638.4811,937.6889,1202.8965,1290.0568,1674.8819,1940.3895,2067.4705,2155.0698,2163.4606,2277.8150,1784.6773
2024-03-05,45,643.0000,812.9908,1189.1522,1147.0445,1677.8366,2356.6778,2475.7347,2554.1745,2571.7412,2165.3162,1476.7404
2024-03-05,45,620.3250,805.7281,1208.6016,1155.7800,1693.4321,2395.6223,2515.1986,2578.7620,2601.5402,2180.6610,1486.3880
2024-03-13,45,474.0000,755.5504,1113.8947,1074.2962,1550.0000,2059.4419,2201.0000,2340.0000,2275.1562,1989.4634,1547.5793
2024-03-13,45,681.0000,905.7326,1170.9444,1107.1242,1531.6059,1986.1908,2106.9837,2237.1016,2193.2511,1931.2649,1524.2345
2024-03-20,45,397.0000,613.4570,1003.6134,835.7961,1491.2819,2620.7084,2851.5017,2978.5275,2955.6879,2105.4985,1379.2857
2024-03-20,45,608.0000,765.6199,1065.0547,891.2365,1469.3971,2476.0647,2700.8514,2819.7306,2788.8315,2049.5861,1369.4636
2024-03-23,45,980.0000,1242.9864,1450.5835,1219.1313,1787.4212,2650.2726,2875.0902,3035.9631,2945.0000,1987.3784,1437.3733
2024-03-23,45,1006.0000,1274.5654,1555.0156,1291.8226,1922.8528,2906.6062,3145.6685,3370.9302,3204.8935,2043.1296,1450.4920
2024-03-25,45,480.0000,570.8146,987.1116,802.1049,1483.7356,2748.4573,2947.9070,3185.7420,3090.9602,2115.3563,1386.7386
2024-03-25,45,514.0000,603.5990,996.8334,818.5349,1484.9387,2715.7828,2923.4733,3178.4431,3058.9724,2108.1135,1387.3067
2024-03-30,45,2358.0000,2250.5495,2454.0000,2072.0000,2810.5692,3876.6200,4157.0733,4009.4598,4053.3022,2101.4094,1448.4038
2024-04-02,45,247.0000,361.4803,603.8956,403.3814,971.9086,2442.7259,2837.1694,2931.1672,2921.3894,1410.0900,794.2568
2024-04-02,45,291.0000,381.9278,610.8703,403.4899,972.7400,2443.5912,2823.3364,2930.1288,2915.1659,1405.3987,789.7337
2024-04-04,45,272.0616,293.4951,602.6578,371.6182,1011.6172,2726.4687,3110.3923,3189.4457,3222.6515,1578.7432,851.3630
2024-04-04,45,386.1271,393.4865,657.6269,419.2665,1028.1732,2676.2786,3016.8464,3109.4247,3141.9479,1571.7638,851.6155
2024-04-07,45,419.0000,461.4987,731.9924,514.8198,1092.4765,2739.9935,3207.3395,3303.3791,3318.9829,1500.1854,857.4848
2024-04-07,45,599.0000,593.3077,819.1245,586.8891,1132.5079,2682.9069,3112.4054,3237.3745,3238.0348,1473.1449,858.2803
2024-04-09,45,-9999.0000,-9999.0000,-9999.0000,-9999.0000,-9999.0000,-9999.0000,-9999.0000,-9999.0000,-9999.0000,-9999.0000,-9999.0000
2024-04-12,45,199.0000,283.4809,532.1050,323.7392,861.4711,2505.9099,3179.9034,3255.6788,3287.8784,1348.0588,747.9239
2024-04-12,45,320.0000,381.5555,594.9860,372.1722,882.9223,2444.4161,3094.3173,3172.6117,3224.2129,1337.9274,747.3918
2024-04-14,45,336.0000,298.9340,579.1013,331.9169,940.0254,2950.8246,3625.1307,3734.4496,3752.9508,1515.3224,779.7047
2024-04-14,45,420.6285,402.9940,650.9092,394.2454,963.2106,2872.8931,3511.5908,3605.8220,3657.4704,1513.8729,780.3542
2024-04-17,45,250.0000,269.2428,533.5039,299.5855,890.5285,2808.5963,3480.0328,3652.8895,3656.9174,1341.1228,676.2899
2024-04-17,45,204.0000,221.2608,500.0007,259.0299,875.4302,2871.8394,3560.4213,3751.3314,3734.6405,1341.1089,674.9350
2024-04-27,45,-9999.0000,-9999.0000,-9999.0000,-9999.0000,-9999.0000,-9999.0000,-9999.0000,-9999.0000,-9999.0000,-9999.0000,-9999.0000
2024-04-29,45,174.8154,237.3381,489.0463,217.1874,824.8841,2950.1765,3863.1602,4070.7779,3995.6847,1437.7211,681.7396
2024-04-29,45,260.2843,317.5278,541.0112,273.3869,845.0521,2869.2188,3720.1876,3958.4113,3877.7942,1429.8355,685.0066
2024-05-04,45,-9999.0000,-9999.0000,-9999.0000,-9999.0000,-9999.0000,-9999.0000,-9999.0000,-9999.0000,-9999.0000,-9999.0000,-9999.0000
2024-05-04,45,-9999.0000,-9999.0000,-9999.0000,-9999.0000,-9999.0000,-9999.0000,-9999.0000,-9999.0000,-9999.0000,-9999.0000,-9999.0000
2024-05-14,45,-9999.0000,-9999.0000,-9999.0000,-9999.0000,-9999.0000,-9999.0000,-9999.0000,-9999.0000,-9999.0000,-9999.0000,-9999.0000
2024-05-14,45,-9999.0000,-9999.0000,-9999.0000,-9999.0000,-9999.0000,-9999.0000,-9999.0000,-9999.0000,-9999.0000,-9999.0000,-9999.0000
2024-05-17,45,0.0795,57.1473,313.4261,114.8703,682.7076,2933.4530,3990.9796,4150.2831,4247.1749,1153.4960,508.2239
2024-05-17,45,130.1018,157.5001,385.1237,177.3556,717.4044,2854.6281,3898.9067,4038.0344,4136.9177,1156.5780,512.5129
2024-05-22,45,-9999.0000,-9999.0000,-9999.0000,-9999.0000,-9999.0000,-9999.0000,-9999.0000,-9999.0000,-9999.0000,-9999.0000,-9999.0000
2024-05-22,45,-9999.0000,-9999.0000,-9999.0000,-9999.0000,-9999.0000,-9999.0000,-9999.0000,-9999.0000,-9999.0000,-9999.0000,-9999.0000
2024-05-24,45,220.4707,245.3611,525.1640,324.8746,961.5133,2806.3744,3560.5056,3702.2587,3894.6412,1491.0393,721.1816
2024-05-24,45,236.1316,265.1989,537.3334,333.6694,957.6099,2823.6225,3560.8707,3703.0159,3891.3796,1489.1912,724.9021
2024-05-27,45,-9999.0000,-9999.0000,-9999.0000,-9999.0000,-9999.0000,-9999.0000,-9999.0000,-9999.0000,-9999.0000,-9999.0000,-9999.0000
2024-06-01,45,114.0000,245.5767,513.3692,413.4745,1012.2891,2387.3183,2965.2647,3118.3257,3372.7074,1459.9346,772.9867
2024-06-01,45,296.6991,377.2975,596.9579,473.8342,1037.6732,2281.5191,2834.2227,2988.7395,3213.3939,1442.8106,769.7794
2024-06-03,45,-9999.0000,-9999.0000,-9999.0000,-9999.0000,-9999.0000,-9999.0000,-9999.0000,-9999.0000,-9999.0000,-9999.0000,-9999.0000
2024-06-06,45,380.2493,457.0752,744.8368,738.9300,1300.9176,2229.6478,2610.4173,2669.7959,2984.5727,1748.1267,1051.8579
2024-06-06,45,464.5501,509.3419,753.2630,736.9512,1249.5282,2149.6774,2537.1537,2598.2127,2887.8357,1723.1309,1021.1806
2024-06-16,45,231.0000,305.1102,556.8073,764.1867,1168.4764,1891.5656,2223.0047,2221.4541,2545.9924,1956.1541,1121.1669
2024-06-16,45,338.0000,397.8150,625.2338,793.5511,1188.0035,1909.8140,2194.1047,2189.7222,2510.6535,1937.3687,1116.5426
2024-06-18,45,468.3524,601.3319,809.0637,1035.1665,1409.4420,2188.7613,2544.2576,2544.3049,2823.6868,2339.5490,1476.0674
2024-06-18,45,476.4174,600.7477,805.4270,1027.6159,1402.5646,2202.8348,2504.8653,2543.5752,2813.9784,2336.7725,1477.9683
2024-06-26,45,565.0000,675.1132,946.6014,1145.7063,1673.9455,2438.8097,2836.5768,2833.3435,3215.7397,2662.0300,1571.5532
2024-06-26,45,539.1180,642.9027,938.9242,1132.2497,1682.9021,2410.6377,2798.8940,2862.0439,3246.0714,2728.4007,1579.9451
2024-06-28,45,369.7748,588.8751,845.1981,1130.5844,1563.4971,2233.1714,2596.7550,2584.4738,2901.4581,2635.0566,1656.7632
2024-06-28,45,550.0000,713.5785,921.5841,1131.8690,1540.7812,2184.1108,2549.0000,2502.6605,2820.6489,2580.9318,1644.7865
2024-07-06,45,712.0000,939.3907,1307.5492,1531.5980,2083.3980,2904.0858,3250.4270,3377.9860,3699.9203,3496.1594,2155.3589
2024-07-06,45,720.4729,955.3773,1315.6103,1539.8979,2092.0665,2952.6492,3311.8820,3407.2569,3762.5005,3481.7576,2137.4680
2024-07-08,45,554.4707,925.7238,1293.2655,1627.4825,2138.1888,2706.8783,3095.0027,3190.1055,3495.1041,3671.3192,2379.5093
2024-07-08,45,510.0000,909.3288,1296.4031,1666.7195,2171.8884,2742.7924,3141.9722,3254.2744,3544.3827,3719.4175,2395.3413
2024-07-11,45,426.5654,768.9193,1113.3403,1442.8081,1898.3378,2490.8023,2851.3399,2951.0665,3253.4573,3433.5741,2260.1586
2024-07-11,45,495.0000,805.0108,1125.0492,1425.8977,1881.3245,2476.1602,2839.7210,2934.0374,3220.6354,3396.9828,2243.5154
2024-07-13,45,612.4296,880.8669,1260.9631,1554.7909,2100.8166,2843.3095,3161.3367,3194.3664,3591.1435,3699.8687,2322.8212
2024-07-13,45,655.0000,901.3077,1265.5563,1555.2437,2082.7845,2828.2456,3124.5194,3172.2169,3559.6315,3669.0554,2306.9078
2024-07-16,45,431.0000,660.7274,1009.3752,1250.8362,1755.7109,2523.3688,2851.5444,2939.7870,3228.5391,3237.3869,2027.1330
2024-07-16,45,540.0000,717.2155,1036.6819,1236.3449,1724.5965,2484.1001,2804.0225,2883.5128,3170.5232,3191.9911,2011.8965
2024-07-18,45,553.0000,817.2820,1129.7888,1338.8629,1866.7605,2723.2080,3124.7758,3209.8772,3459.9729,3494.9447,2294.2286
2024-07-18,45,631.0000,845.4217,1137.1078,1323.6091,1834.8645,2668.0080,3066.3941,3158.0507,3402.6870,3465.5453,2276.8264
2024-07-21,45,420.0000,665.1274,997.1042,1115.2810,1675.0002,2668.0008,3083.4094,3130.5912,3418.7713,3047.1020,1956.2264
2024-07-21,45,466.0000,689.7205,1005.6120,1115.5617,1665.4443,2651.2519,3067.2601,3122.0661,3410.3539,3030.0277,1938.5938
2024-07-23,45,576.0000,563.5612,778.4335,721.8882,1147.8897,1980.9716,2198.4940,2183.5132,2422.0862,1667.7568,929.6443
2024-07-23,45,616.0000,620.2852,818.8306,780.8262,1181.6254,1960.1232,2180.2684,2182.4098,2357.1835,1682.0000,955.0904
2024-07-26,45,617.0000,860.1898,1147.1516,1122.7530,1699.2836,2781.6452,3123.4545,3139.8662,3418.0000,2690.1940,1667.6921
2024-07-26,45,731.0000,917.2860,1165.3049,1105.4208,1635.5154,2693.9651,3051.1594,3052.1195,3338.6038,2645.4635,1636.1119
2024-07-28,45,518.5323,689.1616,1050.8353,1027.2592,1721.9832,2977.9206,3484.5440,3527.5793,3796.8874,3047.2276,1893.4325
2024-07-28,45,617.0000,772.8480,1069.2977,1018.4180,1677.0065,2873.3270,3340.7521,3345.6499,3637.0494,2985.6574,1878.8604
2024-07-31,45,431.0000,625.1613,937.7874,906.6550,1530.7600,2717.0667,3163.5621,3202.9468,3451.0564,2612.3759,1635.3188
2024-07-31,45,537.0000,696.8183,969.6122,908.0848,1500.0689,2637.5097,3074.6639,3106.6149,3354.6980,2553.0105,1611.2843
2024-08-05,45,-9999.0000,-9999.0000,-9999.0000,-9999.0000,-9999.0000,-9999.0000,-9999.0000,-9999.0000,-9999.0000,-9999.0000,-9999.0000
2024-08-05,45,-9999.0000,-9999.0000,-9999.0000,-9999.0000,-9999.0000,-9999.0000,-9999.0000,-9999.0000,-9999.0000,-9999.0000,-9999.0000
2024-08-07,45,493.0000,685.3802,995.4481,955.3944,1605.4893,2892.2214,3347.4091,3401.7601,3636.7635,2777.8926,1716.7997
2024-08-07,45,615.0000,761.3517,1012.7375,954.8844,1563.5604,2780.1795,3242.5327,3282.5399,3514.8825,2713.5781,1700.5726
2024-08-10,45,414.0000,573.6905,840.8516,804.1805,1419.0641,2677.3591,3103.0000,3170.7146,3409.1568,2552.5431,1590.2255
2024-08-10,45,474.3974,605.1599,861.2877,803.7135,1411.3084,2648.0000,3069.4911,3138.3300,3370.9516,2535.4181,1602.8503
2024-08-12,45,489.0000,584.6609,909.6328,859.1184,1531.3527,2876.3838,3235.7372,3331.1627,3564.0095,2694.3291,1610.7409
2024-08-12,45,524.0000,609.2117,914.0202,860.7285,1523.3628,2850.9158,3211.0151,3298.3234,3540.4453,2677.4584,1608.2084
2024-08-12,45,500.0000,604.9869,925.3166,882.2246,1555.9729,2933.6657,3275.7820,3345.6896,3603.7077,2777.5604,1671.1649
2024-08-12,45,534.0000,617.8754,921.2077,875.5508,1538.9032,2868.2427,3211.1859,3298.8355,3540.0906,2730.8048,1636.4676
2024-08-15,45,385.0000,505.7326,801.0808,772.1254,1403.8259,2658.1801,3044.3107,3098.7339,3355.9315,2455.3847,1459.0464
2024-08-15,45,477.0000,569.4326,832.8723,787.5077,1395.6731,2604.5753,2987.4224,3051.3576,3290.0561,2436.4600,1435.9941
2024-08-17,45,-9999.0000,-9999.0000,-9999.0000,-9999.0000,-9999.0000,-9999.0000,-9999.0000,-9999.0000,-9999.0000,-9999.0000,-9999.0000
2024-08-17,45,-9999.0000,-9999.0000,-9999.0000,-9999.0000,-9999.0000,-9999.0000,-9999.0000,-9999.0000,-9999.0000,-9999.0000,-9999.0000
2024-08-20,45,-9999.0000,-9999.0000,-9999.0000,-9999.0000,-9999.0000,-9999.0000,-9999.0000,-9999.0000,-9999.0000,-9999.0000,-9999.0000
2024-08-20,45,-9999.0000,-9999.0000,-9999.0000,-9999.0000,-9999.0000,-9999.0000,-9999.0000,-9999.0000,-9999.0000,-9999.0000,-9999.0000
2024-08-22,45,378.5606,489.0389,875.0902,754.8243,1498.3570,3091.8139,3429.7686,3527.6767,3754.4258,2489.0000,1419.3426
2024-08-22,45,602.0000,640.9485,936.7920,803.6934,1459.0502,2914.5671,3260.4953,3338.6787,3554.5837,2412.0000,1419.7071
2024-08-25,45,406.0000,489.5342,753.5041,665.5483,1290.1098,2657.3088,3027.3383,3108.0707,3331.0868,2273.0000,1282.3396
2024-08-25,45,479.0000,541.3672,780.8119,675.8974,1282.6708,2634.5901,2988.1307,3083.4183,3292.0131,2254.4068,1286.0000
2024-08-27,45,623.0000,784.9233,1068.5569,923.1870,1621.3057,3092.1449,3618.4144,3684.5966,3923.1831,2580.3012,1513.9548
2024-08-27,45,734.7020,833.3067,1041.2065,906.8278,1522.7919,2860.5576,3361.8449,3433.3911,3673.7147,2513.1053,1493.8260
2024-08-30,45,470.0000,601.4905,809.5810,714.1815,1278.5045,2531.4624,2987.3739,3042.8624,3281.2846,2230.3063,1330.1269
2024-08-30,45,494.0000,613.3037,817.4563,714.7676,1281.4327,2539.2477,3001.8899,3059.7422,3284.4024,2227.7325,1350.6618
2024-09-04,45,414.0000,509.6574,780.2308,755.3688,1356.4764,2547.3253,2923.5002,2986.9852,3276.0106,2436.4840,1457.6518
2024-09-04,45,498.0000,573.6816,813.1054,770.9012,1347.4301,2506.6203,2868.2632,2931.1437,3219.1897,2409.8741,1427.3196
2024-09-09,45,-9999.0000,-9999.0000,-9999.0000,-9999.0000,-9999.0000,-9999.0000,-9999.0000,-9999.0000,-9999.0000,-9999.0000,-9999.0000
2024-09-09,45,-9999.0000,-9999.0000,-9999.0000,-9999.0000,-9999.0000,-9999.0000,-9999.0000,-9999.0000,-9999.0000,-9999.0000,-9999.0000
2024-09-11,45,531.0000,637.7692,932.3652,964.4407,1579.9742,2680.4403,2916.0665,3063.5516,3258.5174,2711.5003,1686.1691
2024-09-11,45,578.0000,680.7007,957.5697,978.5459,1557.7924,2634.2237,2899.7519,3015.1342,3191.2871,2708.4943,1688.8807
2024-09-16,45,1442.7137,1452.6163,1675.0291,1547.4095,2195.6811,3347.7141,3714.9221,3909.5749,3957.2939,2739.2468,1961.7520
2024-09-16,45,1390.0000,1222.0000,1467.7617,1283.3717,1953.4965,3285.3100,3685.1924,3891.5623,3956.9531,2618.5736,1560.0000
2024-09-21,45,625.0000,857.1657,1125.0240,1379.6195,1876.3945,2483.6897,2758.1278,2951.8072,3193.0959,3189.7579,2146.4433
2024-09-21,45,680.0000,885.2715,1133.0752,1363.2803,1845.0000,2446.3867,2694.1269,2902.2262,3128.4894,3164.0000,2139.5051
2024-09-24,45,461.0000,633.0397,808.8669,1003.3417,1281.4891,1530.2476,1670.3465,1736.6367,1862.7329,1974.0041,1380.2242
2024-09-24,45,536.5225,672.9556,833.4895,1001.1882,1278.1309,1539.2824,1674.9514,1734.8566,1867.6760,1962.6326,1372.0056
2024-09-29,45,488.0000,817.1210,1053.0924,1275.1119,1558.5447,1907.9628,2070.6511,2230.8358,2264.6879,2531.8906,2059.4303
2024-09-29,45,506.4721,837.4093,1060.7803,1283.4173,1565.8743,1916.0182,2069.5797,2247.0433,2261.4343,2531.8150,2052.1899
2024-10-11,45,478.0000,649.5515,905.1066,979.7053,1366.2716,1863.1945,1990.7436,2071.8315,2152.6624,2139.8523,1507.5651
2024-10-11,45,476.0000,649.1211,905.0365,985.6354,1369.4262,1876.5673,1991.5763,2062.3156,2165.9748,2147.1641,1507.5866
2024-10-21,45,549.0000,689.2938,941.6675,948.9119,1377.7278,1992.3145,2136.1255,2134.2665,2279.2486,2117.6179,1477.4609
2024-10-21,45,618.0000,744.8623,989.3624,972.8516,1381.7583,1959.0674,2087.7602,2103.2529,2248.0452,2093.3380,1472.8953
2024-10-26,45,-9999.0000,-9999.0000,-9999.0000,-9999.0000,-9999.0000,-9999.0000,-9999.0000,-9999.0000,-9999.0000,-9999.0000,-9999.0000
2024-10-29,45,351.0000,574.4171,793.2627,753.2315,1201.2763,1846.4721,2037.0297,2053.0545,2150.3443,1805.7247,1289.0940
2024-10-29,45,380.0000,592.2811,801.5397,753.4999,1200.6431,1845.5523,2042.5648,2052.6175,2168.0493,1801.4670,1285.9429
2024-10-31,45,417.0000,565.2028,852.8414,817.4486,1325.4580,2069.8431,2217.5565,2288.0584,2389.2838,2141.4368,1486.6703
2024-10-31,45,411.0000,565.0326,853.3452,817.2353,1329.4250,2071.0173,2230.0509,2286.8978,2405.0561,2147.4819,1489.3321
2024-11-03,45,634.0000,764.5935,1009.3888,969.7701,1473.9339,2121.0000,2297.4585,2374.3889,2436.9548,2178.0850,1545.4704
2024-11-03,45,637.0000,761.3325,1001.2609,956.8021,1433.5582,2097.0209,2297.1188,2358.2629,2456.4856,2146.9421,1517.2021
2024-11-05,45,465.0000,713.3737,952.9116,929.4086,1435.3245,2185.1115,2377.8546,2575.4323,2533.9972,2317.3685,1700.0216
2024-11-05,45,426.0000,693.1341,941.1625,923.1306,1444.6202,2184.1313,2406.0539,2572.8841,2581.6913,2324.4492,1698.8049
2024-11-08,45,438.0000,654.3209,841.7581,801.5129,1237.8288,1861.8690,2058.3546,2102.1090,2199.1377,1677.0000,1265.1624
2024-11-08,45,503.0000,696.0772,865.2449,808.9638,1237.3512,1850.3007,2054.5968,2088.0128,2183.1148,1665.0185,1262.1110
2024-11-10,45,474.5166,625.4401,917.2889,899.0457,1434.5356,2198.0122,2391.7309,2606.6730,2566.4379,2266.8344,1603.1419
2024-11-10,45,490.0000,636.9608,921.5486,898.7590,1434.5645,2197.9481,2360.2132,2606.4679,2586.0704,2268.7449,1595.0000
2024-11-13,45,448.4230,636.7786,888.9284,901.5211,1395.8795,2105.7403,2297.4441,2471.0098,2473.0515,2187.7777,1549.2219
2024-11-13,45,481.0000,664.7919,921.2964,909.4163,1405.1493,2087.2787,2278.9321,2456.3005,2469.5287,2186.9214,1536.9101
2024-11-15,45,477.0000,772.8934,1010.8732,1011.3865,1530.5979,2281.3093,2488.5554,2668.4594,2680.5359,2379.8239,1761.2422
2024-11-15,45,510.0000,793.1554,1018.7166,1018.8450,1524.4321,2266.7920,2472.8071,2669.3496,2666.3596,2373.8457,1763.9106
2024-11-18,45,723.0000,929.0885,1112.5549,1064.9113,1545.1885,2156.7666,2372.6639,2519.1400,2567.4864,2124.2123,1619.4218
2024-11-18,45,501.0000,809.1239,1024.8497,1003.7562,1522.1729,2230.5430,2456.0540,2582.1980,2664.3955,2163.8886,1635.3592
2024-11-23,45,315.0000,453.1200,589.0696,677.4825,808.5434,952.8172,1015.1835,1166.8979,1093.3954,1174.5958,845.9628
2024-11-23,45,353.0000,473.4589,601.2765,677.7139,803.1992,952.0483,1015.3718,1167.4597,1093.9548,1162.8848,845.1597
2024-11-25,45,-9999.0000,-9999.0000,-9999.0000,-9999.0000,-9999.0000,-9999.0000,-9999.0000,-9999.0000,-9999.0000,-9999.0000,-9999.0000
2024-11-25,45,-9999.0000,-9999.0000,-9999.0000,-9999.0000,-9999.0000,-9999.0000,-9999.0000,-9999.0000,-9999.0000,-9999.0000,-9999.0000
2024-11-30,45,416.0000,533.4960,685.0378,788.7382,931.2358,1094.2183,1142.8745,1293.3038,1221.6396,1362.2312,1061.0026
2024-11-30,45,438.0000,549.0643,697.4578,789.1954,938.9204,1077.5494,1159.6627,1294.9314,1223.7649,1364.1295,1058.5838
2024-12-05,45,574.2281,825.3407,923.1119,1058.8464,1218.9548,1356.1558,1431.5193,1549.0683,1494.3836,1706.8274,1500.1759
2024-12-05,45,578.6212,821.0681,931.3328,1067.0925,1234.7512,1349.6825,1431.6792,1552.8773,1494.0243,1708.1130,1499.5264
2024-12-13,45,441.8930,611.1042,795.4373,939.7151,1130.8004,1239.3022,1301.5996,1384.1886,1383.4806,1611.2044,1339.7880
2024-12-13,45,581.0000,715.6600,866.8190,970.7626,1154.8306,1258.5429,1318.8061,1382.3994,1398.3529,1594.7629,1331.3146
2024-12-13,45,525.3273,651.0269,843.5684,987.1994,1147.1684,1288.4782,1319.8673,1398.2902,1415.2049,1635.2701,1379.0469
2024-12-13,45,656.0000,749.1696,907.1367,1019.3293,1179.4681,1303.7527,1351.4116,1414.3693,1432.3836,1627.5659,1378.6538
2024-12-15,45,400.0000,749.4437,867.0384,1003.1032,1155.9056,1256.9074,1351.5085,1431.6381,1415.9352,1667.2737,1451.7466
2024-12-15,45,628.0000,844.9784,939.4957,1035.3727,1219.6837,1316.2997,1385.1196,1446.3918,1447.2382,1650.4369,1445.0236
2024-12-18,45,-9999.0000,-9999.0000,-9999.0000,-9999.0000,-9999.0000,-9999.0000,-9999.0000,-9999.0000,-9999.0000,-9999.0000,-9999.0000
2024-12-23,45,-9999.0000,-9999.0000,-9999.0000,-9999.0000,-9999.0000,-9999.0000,-9999.0000,-9999.0000,-9999.0000,-9999.0000,-9999.0000
2024-12-25,45,389.0000,641.3080,736.8916,859.4551,985.2375,1095.7890,1158.0928,1295.1366,1237.9325,1307.3552,1045.5271
2024-12-25,45,442.0000,677.4344,761.4640,875.6235,1003.4861,1094.6477,1175.7376,1286.8104,1239.4091,1314.8663,1045.0926
2024-12-28,45,482.0000,634.5340,747.0684,858.9132,1019.4719,1125.6296,1205.0449,1223.2844,1255.4125,1332.3640,1195.0650
2024-12-28,45,489.0000,635.3650,739.0467,844.2273,1011.6636,1125.1254,1208.3693,1223.1825,1255.2605,1322.7459,1186.0642
2024-12-30,45,480.5924,619.4762,779.1480,938.8555,1106.6770,1190.7018,1238.5558,1303.8080,1335.6582,1547.1671,1298.9205
2024-12-30,45,551.0000,666.9450,802.9559,954.9697,1116.3301,1205.7932,1255.6003,1317.7790,1335.2652,1545.5615,1306.5642
2025-01-04,45,-9999.0000,-9999.0000,-9999.0000,-9999.0000,-9999.0000,-9999.0000,-9999.0000,-9999.0000,-9999.0000,-9999.0000,-9999.0000
2025-01-12,45,433.0000,555.1220,698.9212,819.5160,971.6508,1044.4896,1096.2824,1206.4082,1178.0310,1372.2105,1084.4731
2025-01-12,45,482.0000,594.7909,715.5910,827.4502,963.3432,1036.4426,1100.0763,1206.5959,1174.7910,1363.7838,1083.3012
2025-01-14,45,787.0000,1107.3928,1267.6123,1442.2839,1610.5792,1746.5462,1802.6824,1958.5644,1866.9732,2195.9006,2002.6052
2025-01-14,45,823.0000,1122.9575,1267.0247,1442.6243,1612.7935,1739.8640,1802.9953,1974.3574,1864.0105,2187.9920,2004.9705
2025-01-17,45,724.0000,1050.7282,1227.1163,1395.1715,1555.4572,1651.4104,1707.8893,1880.2541,1779.7226,2002.3916,1915.3139
2025-01-17,45,784.8551,1083.6615,1234.8484,1395.0764,1547.7544,1643.2011,1699.9788,1863.5302,1771.1974,2004.4522,1908.6634
2025-02-03,45,598.0000,797.5061,917.0932,1027.0838,1180.8170,1259.1936,1324.3168,1399.5043,1387.8658,1601.8401,1379.4909
2025-02-03,45,590.0000,785.5999,907.7600,1018.9852,1187.1560,1259.8679,1323.9123,1399.2613,1378.7622,1595.6043,1379.2986
2025-02-06,45,653.9951,940.3175,1115.2573,1266.4944,1426.7999,1522.9758,1587.8767,1703.9143,1651.2890,1874.4199,1764.3656
2025-02-06,45,729.4435,971.4176,1130.3732,1274.9055,1426.8068,1523.1935,1579.9020,1702.7407,1643.5212,1867.6474,1755.0648
2025-02-08,45,953.3741,1226.8854,1506.5483,1682.7924,1916.4620,2028.1281,2044.2991,2135.5533,2139.1048,2499.4918,2186.9187
2025-02-08,45,1000.0000,1235.6000,1506.9290,1675.3825,1898.8608,2010.7929,2027.7045,2119.7145,2122.5444,2483.0654,2171.3015
2025-02-16,45,-9999.0000,-9999.0000,-9999.0000,-9999.0000,-9999.0000,-9999.0000,-9999.0000,-9999.0000,-9999.0000,-9999.0000,-9999.0000
2025-02-16,45,-9999.0000,-9999.0000,-9999.0000,-9999.0000,-9999.0000,-9999.0000,-9999.0000,-9999.0000,-9999.0000,-9999.0000,-9999.0000
2025-02-18,45,1015.0000,1290.2055,1579.5814,1834.1992,2011.9318,2170.1801,2211.6671,2439.7561,2331.3089,2732.6626,2418.4047
2025-02-18,45,1083.0000,1330.2847,1594.8716,1811.4258,1986.6232,2131.1398,2171.6266,2379.7492,2292.6340,2683.4097,2386.6252
2025-02-21,45,937.9506,1258.4466,1555.4534,1802.8477,1963.5731,2053.4883,2085.1305,2259.9482,2203.7980,2627.9562,2315.6386
2025-02-21,45,1149.8877,1361.2536,1586.5071,1770.8369,1930.8540,2042.1006,2073.5648,2234.7107,2189.1165,2585.9569,2309.1645
2025-02-28,45,-9999.0000,-9999.0000,-9999.0000,-9999.0000,-9999.0000,-9999.0000,-9999.0000,-9999.0000,-9999.0000,-9999.0000,-9999.0000
2025-02-28,45,2055.0000,2042.0000,2144.0000,2204.0000,2411.0000,2551.0000,2553.0000,2712.0000,2633.0000,2452.0000,1974.0000
2025-03-03,45,896.2507,1171.1007,1467.4860,1698.5911,1875.4281,2010.4898,2060.3949,2236.0634,2172.5577,2545.7709,2234.5141
2025-03-03,45,987.0000,1210.2816,1483.6267,1698.7353,1866.5756,2005.6517,2059.3035,2235.5559,2164.3526,2538.4701,2235.2025
2025-03-05,45,1041.0000,1434.7359,1698.4862,1947.0004,2114.8995,2229.8302,2310.5461,2459.4979,2401.9599,2876.6475,2738.9106
2025-03-05,45,1094.0000,1443.6701,1699.1919,1938.3587,2108.0744,2213.7050,2298.1085,2452.6118,2388.6278,2851.0384,2730.7600
2025-03-08,45,1222.1167,1626.9595,1859.0317,2058.7329,2251.2736,2382.3464,2462.0109,2586.9989,2533.5573,2749.0597,2578.6027
2025-03-08,45,1210.0000,1650.5443,1915.0187,2130.1864,2308.1664,2436.4955,2524.0072,2643.3949,2594.8761,2802.9832,2596.2777
2025-03-10,45,-9999.0000,-9999.0000,-9999.0000,-9999.0000,-9999.0000,-9999.0000,-9999.0000,-9999.0000,-9999.0000,-9999.0000,-9999.0000
2025-03-10,45,-9999.0000,-9999.0000,-9999.0000,-9999.0000,-9999.0000,-9999.0000,-9999.0000,-9999.0000,-9999.0000,-9999.0000,-9999.0000
2025-03-18,45,744.0000,1122.8241,1379.7069,1586.1853,1748.2276,1938.9359,2035.0491,2214.4997,2124.9752,2341.2979,2131.8476
2025-03-18,45,817.5675,1153.1305,1395.0821,1579.5112,1733.6570,1931.9305,2027.2933,2198.5698,2115.1462,2314.2933,2115.1098
2025-03-20,45,1155.0000,1531.0306,1865.3434,2136.8763,2339.3040,2555.3676,2603.2901,2855.2606,2731.0140,3067.6516,2664.2037
2025-03-20,45,1177.0000,1506.4563,1826.5067,2082.9692,2282.5154,2489.8230,2555.4517,2790.0956,2674.9214,3019.8522,2635.9806
2025-03-23,45,-9999.0000,-9999.0000,-9999.0000,-9999.0000,-9999.0000,-9999.0000,-9999.0000,-9999.0000,-9999.0000,-9999.0000,-9999.0000
2025-03-23,45,-9999.0000,-9999.0000,-9999.0000,-9999.0000,-9999.0000,-9999.0000,-9999.0000,-9999.0000,-9999.0000,-9999.0000,-9999.0000
2025-03-25,45,-9999.0000,-9999.0000,-9999.0000,-9999.0000,-9999.0000,-9999.0000,-9999.0000,-9999.0000,-9999.0000,-9999.0000,-9999.0000
2025-03-30,45,-9999.0000,-9999.0000,-9999.0000,-9999.0000,-9999.0000,-9999.0000,-9999.0000,-9999.0000,-9999.0000,-9999.0000,-9999.0000
2025-03-30,45,-9999.0000,-9999.0000,-9999.0000,-9999.0000,-9999.0000,-9999.0000,-9999.0000,-9999.0000,-9999.0000,-9999.0000,-9999.0000
2025-04-01,45,1829.0000,2138.0000,2386.7535,2457.4198,2795.4890,3236.5116,3340.0595,3506.9866,3427.0302,3027.6945,2426.4380
2025-04-02,45,994.0906,1388.5247,1739.2644,1927.1475,2186.8177,2483.3582,2548.1864,2679.8519,2668.4731,2842.6198,2472.6214
2025-04-02,45,1060.0000,1410.4627,1747.7873,1911.4574,2187.9493,2474.1745,2545.9873,2679.8247,2659.6331,2836.7902,2471.7420
2025-04-04,45,1162.0000,1747.7908,2090.5685,2325.9884,2587.7001,2874.6389,3019.0530,3172.9573,3115.8017,3304.1402,3048.3426
2025-04-04,45,1236.5882,1738.3355,2051.3796,2279.1193,2547.9749,2835.7905,2986.3031,3141.4692,3084.5786,3289.0294,3028.5053
2025-04-04,45,1066.0000,1505.9909,1843.1979,2072.2854,2314.8113,2619.1615,2730.7252,2854.9307,2836.6463,2953.9664,2599.3828
2025-04-04,45,1104.0000,1500.0638,1817.4320,2039.7041,2267.2783,2571.0393,2699.7066,2806.9684,2795.3506,2921.2546,2583.4985
2025-04-07,45,1160.4748,1539.2868,1753.1745,1830.1056,2071.1414,2457.9735,2597.4654,2726.5756,2661.0714,2441.7300,2168.5265
2025-04-11,45,1131.0000,1733.9547,2118.5462,2358.2878,2677.7017,3111.9533,3241.4709,3332.6719,3320.4587,3303.0037,2902.1740
2025-04-11,45,1163.1350,1675.3067,2042.7204,2246.8531,2567.0000,3014.7029,3126.1551,3254.2677,3238.1989,3240.2796,2853.2940
2025-04-12,45,869.0000,1287.1415,1591.8005,1879.7687,2018.8841,2358.2877,2451.2298,2470.5276,2560.5214,2743.1237,2390.9215
2025-04-12,45,964.5908,1259.3366,1522.1043,1719.3701,1900.3554,2274.4760,2359.9792,2392.4625,2473.1647,2631.3859,2346.9493
2025-04-19,45,1017.0000,1395.5405,1674.5277,1907.4794,2104.5695,2423.9601,2501.8518,2582.8079,2630.5439,2754.2973,2329.9557
2025-04-19,45,1038.0000,1410.8041,1682.9949,1915.0892,2111.0000,2424.5209,2488.3191,2582.9606,2613.5867,2738.3827,2324.8083
2025-04-22,45,1097.3519,1619.9295,1963.1170,2181.7071,2410.1668,2677.9154,2741.9421,2789.6801,2855.7728,3004.1143,2614.9221
2025-04-22,45,1170.0000,1626.7910,1955.0593,2167.4606,2395.5350,2679.3906,2743.6508,2790.0737,2855.7412,3003.2119,2616.0464
2025-04-24,45,1803.0000,2423.4043,2741.5087,2948.6632,3225.4414,3587.1129,3861.0002,3813.2087,3904.0000,3749.2982,3487.0000
2025-04-24,45,1781.0000,2378.0802,2692.7915,2886.7747,3176.7948,3525.6620,3795.8205,3764.7175,3859.4623,3758.0000,3497.2933
2025-04-24,45,1632.0000,2231.9035,2585.8582,2822.0784,3093.4358,3382.5255,3532.6659,3534.3884,3629.7380,3638.7432,3191.9724
2025-04-24,45,1673.0000,2162.2003,2517.9269,2712.0199,3033.3572,3351.3149,3501.8608,3470.8100,3598.8770,3609.9265,3174.0405
2025-04-27,45,548.1072,892.9822,1108.3786,1290.6401,1465.7458,1718.6022,1836.9237,1902.7981,1944.3504,1966.2621,1658.5492
2025-04-27,45,644.0000,920.9376,1113.0763,1251.3972,1436.3276,1721.0547,1847.3864,1895.5272,1928.9721,1925.4069,1643.7695
2025-04-29,45,1408.0000,2088.0532,2502.5247,2791.6762,3048.1407,3351.3479,3431.8910,3574.2155,3558.5676,3684.2658,3271.6812
2025-04-29,45,1385.0000,1923.4620,2325.0458,2583.6905,2852.1021,3191.7942,3287.3624,3445.9348,3430.6069,3572.1198,3207.8887
2025-05-01,45,1469.0000,2104.4223,2501.1267,2806.2777,3063.3256,3365.5125,3494.2913,3558.2314,3611.4977,3722.0570,3381.3569
2025-05-01,45,1464.0000,1994.1244,2374.1269,2662.8817,2938.6976,3271.6812,3416.6045,3477.3967,3528.4763,3669.3980,3353.2825
2025-05-02,45,1302.0000,1850.3139,2231.4302,2487.8614,2728.3560,3126.2138,3238.4589,3286.5594,3367.4130,3431.5457,3062.9945
2025-05-02,45,1321.0000,1843.4524,2214.9504,2454.7792,2712.2042,3111.6679,3224.3638,3270.3257,3350.6868,3447.0500,3062.8732
2025-05-04,45,1974.0000,2577.3586,2843.9795,2885.2800,3241.4647,3620.0818,3847.7139,3798.2906,3832.4092,3156.4264,2827.5001
2025-05-04,45,2061.0000,2570.6668,2803.6084,2854.7012,3188.3954,3451.6311,3655.9700,3605.4712,3656.6032,3139.0479,2819.6114
2025-05-04,45,2121.0733,2469.1005,2758.4717,2805.8588,3145.3288,3524.1932,3702.1990,3639.0633,3735.8822,3060.3567,2667.5254
2025-05-04,45,1898.5783,2219.4230,2499.3155,2550.3333,2875.6133,3268.2052,3451.0800,3417.8350,3507.4818,2970.8748,2609.2311
2025-05-09,45,954.0000,1347.2739,1675.3450,1895.7464,2156.5082,2632.4963,2736.5975,2799.2628,2862.7369,2875.4366,2346.0267
2025-05-09,45,954.0000,1363.3849,1684.9750,1894.3487,2137.5317,2617.9254,2701.6372,2798.5490,2830.2209,2874.6716,2356.7681
2025-05-11,45,1435.0000,2056.6303,2470.2036,2741.2471,3066.0677,3481.5338,3608.4017,3669.6994,3752.1834,3782.4542,3368.6720
2025-05-11,45,1429.0000,1990.6019,2406.6170,2678.6106,2984.1389,3397.2451,3559.6993,3623.2669,3687.3920,3735.8698,3353.9524
2025-05-12,45,1371.0000,2133.0099,2566.7800,2807.5554,3077.0843,3478.8103,3607.3633,3686.2743,3719.3307,3674.9431,3208.7584
2025-05-12,45,1395.1042,2038.7729,2484.8093,2694.4379,2936.4971,3365.2015,3512.1477,3622.2570,3626.0574,3624.6006,3176.9259
