2017-01-24,96,532.0000,664.1756,842.0536,948.4927,1320.2605,1649.0207,1760.9993,1922.9547,1924.0000,1996.0000,1422.0000
2017-04-11,96,1816.0000,1717.4497,1909.5231,2131.0292,2340.4381,2473.3298,2545.6946,2619.8460,2667.7855,3202.8198,2972.1397
2017-04-21,96,1147.8707,1539.6564,1980.1729,2440.0438,2643.0681,2761.5088,2834.7246,3068.3120,2940.1699,3433.8970,3154.0619
2017-04-21,96,1765.0000,1962.6395,2227.1683,2583.2182,2699.7383,2806.4471,2876.1287,3098.9534,2970.7901,3443.9539,3147.4322
2017-04-24,96,-9999.0000,-9999.0000,-9999.0000,-9999.0000,-9999.0000,-9999.0000,-9999.0000,-9999.0000,-9999.0000,-9999.0000,-9999.0000
2017-05-01,96,2144.0000,2282.3490,2491.1521,2635.1979,2861.0872,3108.3346,3201.3002,3313.2153,3281.6796,3073.4216,2686.5314
2017-05-04,96,615.0000,721.0000,778.0000,870.0000,955.0000,1041.0000,1100.0000,1130.0000,1138.0000,1140.0000,838.0000
2017-05-04,96,687.0000,644.0000,816.0000,619.0000,1027.0000,1892.0000,1959.0000,3128.0000,2022.0000,1343.0000,770.0000
2017-05-14,96,1388.0000,1849.6067,2310.7086,2585.3258,2986.0697,3118.3160,3171.9133,3195.9108,3274.6375,3643.6770,3288.9799
2017-05-14,96,1745.0000,2152.5714,2502.3520,2727.7095,3078.3724,3173.2361,3235.7552,3251.3208,3330.1258,3682.5000,3289.4246
2017-05-21,96,-9999.0000,-9999.0000,-9999.0000,-9999.0000,-9999.0000,-9999.0000,-9999.0000,-9999.0000,-9999.0000,-9999.0000,-9999.0000
2017-05-21,96,-9999.0000,-9999.0000,-9999.0000,-9999.0000,-9999.0000,-9999.0000,-9999.0000,-9999.0000,-9999.0000,-9999.0000,-9999.0000
2017-05-24,96,2050.0000,2282.0733,2695.5318,2952.7212,3384.8196,3652.6381,3770.0000,3731.6963,3885.5000,4072.7402,3627.7486
2017-05-24,96,1611.0000,2036.3091,2426.9577,2665.0983,3090.2011,3392.7091,3535.0000,3514.2618,3673.9308,3899.0257,3528.0313
2017-05-31,96,1968.0000,2122.0463,2337.5690,2451.9676,2723.0000,3116.0000,3217.0000,3258.0000,3364.0000,3535.0000,3191.0000
2017-06-03,96,1480.0000,1884.0541,2219.5405,2550.0220,2811.6480,2849.6270,2924.5029,2907.8453,3044.9052,3605.6553,3303.1906
2017-06-03,96,1600.0000,1779.8640,2146.6343,2502.9719,2779.9047,2849.6903,2931.3944,2899.3816,3043.5783,3578.6343,3282.2900
2017-06-10,96,2188.0000,2644.5257,2997.3095,3272.4544,3607.0814,3813.0000,3905.4649,3901.3431,4043.1110,4251.1764,3801.7128
2017-06-13,96,2007.0000,2391.0036,2775.0849,3094.9187,3421.6338,3500.0000,3606.0000,3588.0092,3752.0000,4153.7830,3657.5792
2017-06-13,96,1765.0000,2279.7179,2662.8542,2952.3151,3304.5696,3468.7755,3582.1712,3538.8706,3718.5892,4093.8449,3623.3598
2017-06-20,96,1398.0000,1898.4391,2439.0550,2760.5827,3269.5603,3937.4154,4065.0386,4068.8542,4205.9992,4198.6045,3555.3307
2017-06-20,96,1842.2292,2248.5055,2663.0712,2856.7936,3319.1136,3961.2238,4081.0647,4097.2794,4228.5629,4197.2606,3529.1495
2017-06-23,96,1880.0000,1989.4142,2503.4320,2632.9685,3201.4139,3948.7356,4142.0000,4060.9773,4293.6461,3989.9466,3273.5209
2017-06-23,96,1606.0000,2102.2660,2567.8028,2681.3288,3241.4661,4026.0000,4218.4473,4123.9675,4362.2465,4011.0000,3266.0099
2017-07-03,96,1560.1948,1734.7982,2137.1443,2168.5334,2707.9974,3859.3519,4059.4151,4100.3253,4204.0703,3636.1783,2838.5028
2017-07-03,96,1337.0000,1618.1103,2053.6185,2085.3573,2676.8438,3787.0014,4020.2242,4043.3631,4155.2648,3603.5286,2823.0558
2017-07-08,96,794.0000,1000.6667,1306.8817,1235.0000,1788.6168,3303.0000,3815.0000,3802.5609,3938.7363,2977.0000,2245.0000
2017-07-10,96,284.0000,498.1431,1019.1457,860.7696,1659.2587,4043.5516,4468.7416,4500.6959,4603.0000,2981.0000,1811.4725
2017-07-10,96,638.0000,690.1683,1115.0261,887.7015,1666.0000,4078.0000,4499.5158,4503.7027,4649.3458,2973.0000,1818.5000
2017-07-13,96,245.0000,436.0000,874.4912,723.0434,1445.2746,3940.3924,4603.7213,4550.6545,4742.3389,2811.5421,1709.5231
2017-07-13,96,454.0000,531.8968,915.1414,740.6435,1460.0048,3877.0961,4535.0000,4487.9104,4682.1161,2786.1785,1683.0629
2017-07-20,96,623.0000,653.0643,877.7818,622.3333,1201.9867,3657.6251,4386.9895,4314.0706,4595.9797,2378.8214,1293.4166
2017-07-20,96,527.0000,541.2890,786.6745,474.0145,1162.6969,4235.1601,5093.7254,4940.9418,5233.5488,2485.4864,1305.9357
2017-07-23,96,106.0000,270.2086,589.4666,389.8702,1049.7024,3956.0000,5049.0000,5018.3026,5315.7844,2501.5000,1281.6452
2017-07-23,96,422.0000,361.5567,613.8301,346.7472,1027.0000,4187.3167,5365.4423,5336.4895,5644.3741,2536.0000,1294.0770
2017-07-30,96,-9999.0000,-9999.0000,-9999.0000,-9999.0000,-9999.0000,-9999.0000,-9999.0000,-9999.0000,-9999.0000,-9999.0000,-9999.0000
2017-08-02,96,230.0000,226.6466,432.7661,226.7099,816.7699,3913.0000,5243.5029,5176.4017,5461.5793,2254.7533,1081.1230
2017-08-02,96,225.0000,236.8726,441.1319,235.3287,805.7130,3873.0000,5171.0110,5125.0034,5444.9812,2241.0000,1073.7722
2017-08-09,96,71.0000,149.0151,428.8036,284.4197,858.2511,3786.5686,4994.5005,4951.7941,5268.6093,2221.0000,1085.1298
2017-08-09,96,219.0000,217.6379,469.0000,317.0975,857.5226,3740.2209,4901.0912,4805.1052,5161.3671,2197.0537,1064.2414
2017-08-12,96,-9999.0000,-9999.0000,-9999.0000,-9999.0000,-9999.0000,-9999.0000,-9999.0000,-9999.0000,-9999.0000,-9999.0000,-9999.0000
2017-08-12,96,-9999.0000,-9999.0000,-9999.0000,-9999.0000,-9999.0000,-9999.0000,-9999.0000,-9999.0000,-9999.0000,-9999.0000,-9999.0000
2017-08-19,96,-9999.0000,-9999.0000,-9999.0000,-9999.0000,-9999.0000,-9999.0000,-9999.0000,-9999.0000,-9999.0000,-9999.0000,-9999.0000
2017-08-22,96,202.0000,197.4145,373.6191,173.2242,716.0000,3483.5427,4534.3332,4743.5137,4803.6520,1893.3420,906.1194
2017-08-22,96,209.0000,189.1168,361.8381,153.9541,709.7413,3500.3841,4555.0908,4775.0916,4827.0600,1890.2233,902.3614
2017-08-29,96,42.0000,162.4239,524.6271,257.9542,1033.3978,3685.1181,4387.6256,4518.6502,4669.4305,2037.8888,989.9736
2017-08-29,96,258.0000,298.3928,584.7226,260.9656,1030.4203,3665.9556,4389.1511,4487.2406,4667.7041,2022.5130,973.5443
2017-09-08,96,187.0000,376.7363,941.1604,641.1905,1899.4776,3502.0000,3793.0000,3956.1475,4163.0000,2210.7655,1162.3686
2017-09-08,96,285.0000,336.5134,917.7184,650.1386,1868.3405,3417.0000,3739.5554,3897.1864,4084.4737,2176.4641,1150.4897
2017-09-18,96,366.0000,425.6182,709.7106,865.0346,1455.0000,2085.4051,2306.9495,2502.3881,2728.3085,2368.5315,1610.7064
2017-09-18,96,196.0000,389.9168,729.4802,889.5901,1419.0000,2013.1547,2250.8758,2410.1870,2628.4359,2281.7244,1570.5868
2017-09-21,96,409.0000,434.5411,582.5254,721.7428,1109.4740,1513.9029,1725.2077,1867.5631,2041.8413,2016.5816,1441.0000
2017-09-21,96,459.0000,470.6671,600.6811,729.2259,1100.5205,1516.4986,1730.5490,1868.8028,2043.8780,2012.7668,1433.9306
2017-09-28,96,652.0000,688.3430,850.5640,1013.7284,1342.4900,1717.5810,1884.3762,2027.0027,2164.0753,2321.8817,1696.9292
2017-09-28,96,888.0000,864.2076,958.3942,1040.7969,1340.3304,1706.0000,1856.0828,1987.0234,2108.2328,2236.8625,1661.6172
2017-10-01,96,-9999.0000,-9999.0000,-9999.0000,-9999.0000,-9999.0000,-9999.0000,-9999.0000,-9999.0000,-9999.0000,-9999.0000,-9999.0000
2017-10-08,96,-9999.0000,-9999.0000,-9999.0000,-9999.0000,-9999.0000,-9999.0000,-9999.0000,-9999.0000,-9999.0000,-9999.0000,-9999.0000
2017-10-08,96,-9999.0000,-9999.0000,-9999.0000,-9999.0000,-9999.0000,-9999.0000,-9999.0000,-9999.0000,-9999.0000,-9999.0000,-9999.0000
2017-10-11,96,-9999.0000,-9999.0000,-9999.0000,-9999.0000,-9999.0000,-9999.0000,-9999.0000,-9999.0000,-9999.0000,-9999.0000,-9999.0000
2017-10-18,96,-9999.0000,-9999.0000,-9999.0000,-9999.0000,-9999.0000,-9999.0000,-9999.0000,-9999.0000,-9999.0000,-9999.0000,-9999.0000
2017-10-31,96,-9999.0000,-9999.0000,-9999.0000,-9999.0000,-9999.0000,-9999.0000,-9999.0000,-9999.0000,-9999.0000,-9999.0000,-9999.0000
2017-10-31,96,-9999.0000,-9999.0000,-9999.0000,-9999.0000,-9999.0000,-9999.0000,-9999.0000,-9999.0000,-9999.0000,-9999.0000,-9999.0000
2017-11-10,96,-9999.0000,-9999.0000,-9999.0000,-9999.0000,-9999.0000,-9999.0000,-9999.0000,-9999.0000,-9999.0000,-9999.0000,-9999.0000
2017-11-10,96,-9999.0000,-9999.0000,-9999.0000,-9999.0000,-9999.0000,-9999.0000,-9999.0000,-9999.0000,-9999.0000,-9999.0000,-9999.0000
2017-11-17,96,-9999.0000,-9999.0000,-9999.0000,-9999.0000,-9999.0000,-9999.0000,-9999.0000,-9999.0000,-9999.0000,-9999.0000,-9999.0000
2017-11-17,96,1512.0000,1155.0000,1322.0000,1432.0000,1695.0000,1857.0000,1964.0000,1846.0000,2148.0000,2039.0000,1883.0000
2017-11-20,96,699.0000,1044.8618,1275.9353,1546.8063,1733.5926,1821.4948,1897.9128,2035.2055,2012.0050,2245.1667,1858.6130
2017-11-20,96,1031.0000,1213.0034,1348.7656,1548.2492,1737.8275,1821.6046,1896.8214,2034.9016,2009.0185,2245.2128,1854.5000
2017-11-27,96,450.0000,851.2018,1140.5000,1346.9000,1637.9632,1844.2512,1915.9769,2070.2448,2030.3649,2098.2249,1580.8871
2017-11-27,96,611.0000,896.5000,1145.0000,1324.0833,1584.4899,1774.4135,1845.3997,1995.6389,1961.9831,2021.5488,1537.1860
2017-12-07,96,683.0000,892.1701,1129.3206,1265.3134,1584.8920,1809.8232,1877.4363,1947.5369,1956.3247,1693.0097,1224.4828
2017-12-17,96,297.0000,709.1563,962.0037,1154.3494,1529.7308,1876.6219,1956.1679,2122.6257,2091.3456,1953.4696,1397.9557
2017-12-17,96,537.0000,785.6075,1005.6170,1145.8114,1481.0000,1785.7587,1873.7452,2036.3478,1995.6928,1873.6187,1349.3077
2017-12-20,96,416.0000,664.1754,865.8161,989.8068,1297.2764,1573.3263,1654.1354,1772.0738,1756.0884,1578.9892,1114.2486
2017-12-20,96,470.0000,695.0000,886.3688,989.3974,1302.1652,1580.9361,1661.9556,1772.0476,1766.0000,1573.4745,1120.5409
2017-12-22,96,-9999.0000,-9999.0000,-9999.0000,-9999.0000,-9999.0000,-9999.0000,-9999.0000,-9999.0000,-9999.0000,-9999.0000,-9999.0000
2017-12-25,96,-9999.0000,-9999.0000,-9999.0000,-9999.0000,-9999.0000,-9999.0000,-9999.0000,-9999.0000,-9999.0000,-9999.0000,-9999.0000
2017-12-25,96,-9999.0000,-9999.0000,-9999.0000,-9999.0000,-9999.0000,-9999.0000,-9999.0000,-9999.0000,-9999.0000,-9999.0000,-9999.0000
2018-01-06,96,-9999.0000,-9999.0000,-9999.0000,-9999.0000,-9999.0000,-9999.0000,-9999.0000,-9999.0000,-9999.0000,-9999.0000,-9999.0000
2018-01-11,96,110.0000,424.5273,590.4174,626.5308,770.4769,1081.4628,1229.5849,1281.6667,1274.3491,1048.0000,746.6693
2018-01-11,96,278.0000,544.6591,666.7026,678.5791,846.4545,1113.0680,1234.4710,1270.6779,1260.0000,1025.3623,758.0000
2018-01-14,96,815.0000,1058.6252,1419.1593,1556.6108,2005.5007,2587.2230,2788.2159,2956.2698,2901.5045,2621.2458,2297.5846
2018-01-14,96,904.0000,1122.0844,1441.5000,1565.2409,1913.4394,2474.2327,2689.7123,2883.8822,2825.0000,2573.7095,2230.2838
2018-01-19,96,-9999.0000,-9999.0000,-9999.0000,-9999.0000,-9999.0000,-9999.0000,-9999.0000,-9999.0000,-9999.0000,-9999.0000,-9999.0000
2018-01-19,96,-9999.0000,-9999.0000,-9999.0000,-9999.0000,-9999.0000,-9999.0000,-9999.0000,-9999.0000,-9999.0000,-9999.0000,-9999.0000
2018-01-21,96,276.0000,649.5998,948.6478,1013.4295,1536.2155,2330.6944,2506.7669,2626.2832,2587.8915,2104.8810,1462.1310
2018-01-21,96,484.0000,773.3181,1001.5740,1040.5363,1481.1654,2171.7092,2330.1522,2475.8461,2430.2535,2013.4527,1412.6874
2018-02-08,96,-9999.0000,-9999.0000,-9999.0000,-9999.0000,-9999.0000,-9999.0000,-9999.0000,-9999.0000,-9999.0000,-9999.0000,-9999.0000
2018-02-10,96,319.0000,575.8446,865.7209,837.5675,1461.3408,2675.4732,2930.4492,3046.2839,2994.7392,1981.8252,1298.0000
2018-02-10,96,355.0000,617.6000,936.9068,849.8559,1458.1388,2611.5814,2833.9502,2763.4397,2897.7196,1933.0132,1268.4543
2018-02-13,96,1001.0000,1192.5393,1386.6047,1362.5020,1732.2473,2445.2623,2622.0000,2781.4732,2681.4699,1500.4846,1139.0000
2018-02-13,96,1039.0000,1204.7710,1404.6243,1376.2597,1745.0000,2473.0000,2644.9563,2813.3614,2698.0000,1500.0000,1131.0000
2018-02-25,96,1063.0000,1221.7882,1517.4543,1433.1035,2045.0020,3243.4130,3475.1160,3516.9623,3571.9905,2446.5324,1769.7829
2018-02-25,96,1147.0000,1253.5893,1545.7860,1447.0000,2056.4976,3274.5119,3516.2413,3545.2874,3587.7558,2444.8248,1749.6591
2018-02-28,96,1318.0000,1469.2827,1709.1682,1633.4732,2162.5607,3173.3278,3433.9305,3516.0330,3625.4605,3058.0320,2274.6763
2018-02-28,96,1409.0000,1525.4765,1741.8998,1645.8727,2162.0625,3170.0374,3441.0000,3516.0000,3635.0545,3054.8180,2266.6093
2018-03-12,96,-9999.0000,-9999.0000,-9999.0000,-9999.0000,-9999.0000,-9999.0000,-9999.0000,-9999.0000,-9999.0000,-9999.0000,-9999.0000
2018-03-20,96,-9999.0000,-9999.0000,-9999.0000,-9999.0000,-9999.0000,-9999.0000,-9999.0000,-9999.0000,-9999.0000,-9999.0000,-9999.0000
2018-03-20,96,-9999.0000,-9999.0000,-9999.0000,-9999.0000,-9999.0000,-9999.0000,-9999.0000,-9999.0000,-9999.0000,-9999.0000,-9999.0000
2018-03-22,96,218.0000,388.2832,715.7216,450.2841,1162.5287,3221.4348,3834.0642,3943.8929,3961.2952,1764.3212,948.1059
2018-03-22,96,252.0000,449.1742,764.9876,532.1653,1160.4788,3043.0000,3625.4875,3735.8797,3728.6689,1720.0000,939.7279
2018-03-25,96,570.5159,685.2935,877.9553,626.7029,1198.2411,2739.4287,3241.0000,3235.4320,3362.9896,1569.8047,906.7091
2018-03-25,96,611.0000,713.7557,893.9171,633.7718,1213.5542,2739.3084,3235.0000,3251.8492,3355.3803,1562.3318,908.4247
2018-03-27,96,1061.0000,1008.3312,1158.3504,885.6677,1512.8425,3324.5262,3863.1204,4070.9772,4056.8062,1866.1546,980.9054
2018-03-27,96,1061.0000,1006.4820,1156.2438,881.2477,1501.0000,3299.7307,3825.8639,4035.4801,4012.0303,1845.0364,954.1623
2018-03-30,96,-9999.0000,-9999.0000,-9999.0000,-9999.0000,-9999.0000,-9999.0000,-9999.0000,-9999.0000,-9999.0000,-9999.0000,-9999.0000
2018-03-30,96,-9999.0000,-9999.0000,-9999.0000,-9999.0000,-9999.0000,-9999.0000,-9999.0000,-9999.0000,-9999.0000,-9999.0000,-9999.0000
2018-04-01,96,345.0000,562.8356,834.0238,556.5484,1304.4775,3567.0000,4344.1911,4537.8612,4442.0406,1737.0000,978.5136
2018-04-01,96,473.9193,676.2130,890.0000,637.9578,1321.0000,3422.4310,4126.0000,4321.5000,4238.0000,1717.4282,1006.0000
2018-04-06,96,41.0000,81.7691,365.7645,109.6423,723.1435,3315.4433,4231.9751,4424.1201,4342.2735,1253.9651,556.0000
2018-04-06,96,201.0000,218.5103,452.9920,193.3585,753.6925,3125.1443,3992.7333,4201.4704,4089.3933,1236.9948,562.2603
2018-04-11,96,1348.0000,1145.2500,1331.0000,1144.9164,1585.5946,3278.0655,4107.6709,4231.4091,4167.0000,1741.5325,1177.7115
2018-04-14,96,78.2948,181.3825,363.0156,163.6447,629.1729,2692.0490,3769.3291,3913.8875,3877.0434,978.8202,458.5737
2018-04-14,96,184.0000,241.3433,400.9448,195.4728,642.3763,2664.5455,3732.0046,3863.9092,3835.7972,981.0807,460.0000
2018-04-16,96,-9999.0000,-9999.0000,-9999.0000,-9999.0000,-9999.0000,-9999.0000,-9999.0000,-9999.0000,-9999.0000,-9999.0000,-9999.0000
2018-04-16,96,-9999.0000,-9999.0000,-9999.0000,-9999.0000,-9999.0000,-9999.0000,-9999.0000,-9999.0000,-9999.0000,-9999.0000,-9999.0000
2018-04-19,96,154.0000,173.6748,345.5243,169.4905,581.2546,2720.0000,3804.9344,4002.6788,4004.0290,1035.0511,474.3836
2018-04-19,96,245.0000,242.3606,393.6956,205.8986,611.6408,2684.9773,3759.0000,3932.8188,3924.0029,1036.8268,475.0330
2018-04-21,96,243.0000,202.8276,387.0638,178.8792,658.7514,2961.2780,4209.0000,4456.6064,4423.0000,1219.2546,571.3494
2018-04-21,96,142.7110,273.6220,469.4266,275.4814,714.5150,2801.1341,3974.3622,4183.4416,4147.8868,1211.5050,570.4964
2018-04-24,96,859.0000,1049.6858,1129.3110,858.0176,1236.9122,2745.7682,3640.3704,3676.8295,3811.0000,1322.4408,690.8578
2018-04-24,96,1047.0000,1102.1698,1169.6062,901.0992,1274.3469,2709.4860,3565.6000,3602.8195,3731.0000,1321.9118,706.4968
2018-04-26,96,347.6731,373.4870,581.6223,337.4758,851.2421,3157.7441,4212.9371,4299.3262,4397.0000,1345.9455,659.4423
2018-04-26,96,277.1705,362.2386,596.9239,377.3062,858.9289,3080.9189,4105.5493,4188.4852,4290.0000,1338.1377,660.2965
2018-04-29,96,334.0000,376.6031,565.1671,389.3534,819.2605,2709.9639,3709.3633,3804.2010,3962.9402,1202.5229,619.0000
2018-04-29,96,450.0000,466.4906,625.6478,433.3593,853.4481,2657.7417,3649.9137,3717.9806,3899.5765,1202.9105,618.9272
2018-05-04,96,886.0000,1018.9917,1148.4300,950.7235,1365.3884,2878.0000,3756.0000,3809.3761,3936.0000,1361.2565,892.9768
2018-05-04,96,907.0000,1020.2972,1154.2629,952.7471,1366.0000,2913.0365,3779.0000,3860.9307,3972.4093,1364.2866,890.6792
2018-05-06,96,514.4841,538.8444,732.8845,488.6520,977.4539,2858.4504,3650.0289,3706.7319,3893.5281,1275.0468,629.3636
2018-05-06,96,340.0000,412.3969,644.5805,405.5674,925.0000,2974.5981,3849.3805,3891.0238,4042.9556,1266.7078,621.4007
2018-05-09,96,606.0000,564.7411,721.5792,569.1607,990.1385,2509.3969,3261.2893,3378.5739,3523.0000,1251.3881,772.5952
2018-05-09,96,500.0000,564.4019,737.2320,597.4387,997.0000,2501.4150,3232.0000,3354.7462,3500.6133,1256.4988,773.9501
2018-05-11,96,-9999.0000,-9999.0000,-9999.0000,-9999.0000,-9999.0000,-9999.0000,-9999.0000,-9999.0000,-9999.0000,-9999.0000,-9999.0000
2018-05-11,96,-9999.0000,-9999.0000,-9999.0000,-9999.0000,-9999.0000,-9999.0000,-9999.0000,-9999.0000,-9999.0000,-9999.0000,-9999.0000
2018-05-16,96,-9999.0000,-9999.0000,-9999.0000,-9999.0000,-9999.0000,-9999.0000,-9999.0000,-9999.0000,-9999.0000,-9999.0000,-9999.0000
2018-05-16,96,-9999.0000,-9999.0000,-9999.0000,-9999.0000,-9999.0000,-9999.0000,-9999.0000,-9999.0000,-9999.0000,-9999.0000,-9999.0000
2018-05-19,96,98.4625,162.2276,401.5566,293.1285,770.0000,2259.7522,3022.3298,3155.8488,3370.7807,1203.3646,618.2259
2018-05-19,96,261.0000,312.4772,489.2897,345.5599,796.3558,2234.6783,2960.0000,3116.2302,3307.9446,1202.8005,618.4400
2018-05-21,96,367.0000,448.7557,633.7109,473.3953,977.5563,2411.6225,3173.2436,3356.0876,3509.0000,1372.3924,764.5831
2018-05-21,96,350.3502,457.3308,637.8624,473.5903,970.5944,2386.4652,3158.2946,3340.9147,3475.9446,1356.1906,753.6625
2018-05-24,96,-9999.0000,-9999.0000,-9999.0000,-9999.0000,-9999.0000,-9999.0000,-9999.0000,-9999.0000,-9999.0000,-9999.0000,-9999.0000
2018-05-24,96,-9999.0000,-9999.0000,-9999.0000,-9999.0000,-9999.0000,-9999.0000,-9999.0000,-9999.0000,-9999.0000,-9999.0000,-9999.0000
2018-05-26,96,341.0000,413.5217,685.3297,533.6587,1117.5056,2541.7063,3138.3270,3240.5976,3533.3557,1545.4932,875.5621
2018-05-26,96,313.0000,418.7469,705.1394,565.2497,1124.3779,2492.2234,3076.7466,3163.1198,3438.0000,1529.6987,860.6751
2018-05-31,96,817.0000,958.5502,1180.0000,1101.0817,1629.5875,2436.5762,2876.0426,2939.4132,3140.2224,1869.5351,1290.5471
2018-05-31,96,826.0000,950.7067,1172.0000,1093.5718,1612.9662,2421.1308,2868.5315,2931.5200,3138.1189,1854.6658,1271.0000
2018-06-03,96,477.0000,650.3185,870.8785,898.0319,1385.5087,2026.3124,2435.4125,2555.3009,2803.7398,1738.3010,1146.1486
2018-06-03,96,525.0000,670.9044,886.1809,905.6131,1401.4884,2051.2658,2451.1342,2562.0000,2812.3275,1748.6451,1145.1366
2018-06-05,96,526.3513,633.3000,917.2948,1064.7308,1594.0308,2186.9270,2476.7494,2583.1151,2867.7347,2028.6125,1298.0000
2018-06-05,96,538.0000,666.2408,933.3130,1064.7905,1570.2483,2161.7649,2445.8207,2552.6133,2813.5576,2000.9350,1286.0000
2018-06-10,96,478.0000,672.4740,874.9129,1113.0560,1473.2356,1801.3532,2040.3050,2135.3831,2294.1462,2137.8899,1437.0344
2018-06-10,96,362.5694,630.3730,864.5000,1105.2709,1452.6022,1781.0085,2024.6448,2107.4504,2278.4149,2111.0000,1417.5152
2018-06-13,96,421.3370,730.2137,988.5286,1268.9911,1585.3688,1885.8239,2123.7975,2198.9766,2387.2979,2313.6226,1590.2901
2018-06-13,96,614.0000,838.5445,1032.0000,1268.3985,1589.4676,1899.1097,2139.6713,2209.9020,2404.1892,2308.8980,1593.9918
2018-06-15,96,606.0000,821.7947,1164.9313,1611.5163,1981.4129,2317.1027,2532.5222,2662.2921,2887.2548,2980.5149,1971.2661
2018-06-15,96,593.9566,825.7073,1161.1512,1601.6068,1958.3155,2308.5682,2505.6297,2630.6678,2872.5313,2941.8074,1945.3572
2018-06-18,96,-9999.0000,-9999.0000,-9999.0000,-9999.0000,-9999.0000,-9999.0000,-9999.0000,-9999.0000,-9999.0000,-9999.0000,-9999.0000
2018-06-18,96,-9999.0000,-9999.0000,-9999.0000,-9999.0000,-9999.0000,-9999.0000,-9999.0000,-9999.0000,-9999.0000,-9999.0000,-9999.0000
2018-06-20,96,593.5919,897.3577,1216.8651,1675.7197,2027.3432,2266.0003,2533.1208,2643.8576,2870.0808,3028.2808,2027.9690
2018-06-20,96,460.9987,849.1882,1180.6986,1616.9267,1957.9499,2220.5407,2468.2984,2585.7560,2786.1571,2961.6433,1995.6660
2018-06-23,96,324.0000,693.8377,1025.2413,1466.2633,1757.0034,2114.1018,2338.8608,2507.6791,2676.7742,2547.6659,1668.5088
2018-06-23,96,532.7985,793.3883,1064.1354,1459.1557,1739.1789,2089.9208,2330.5000,2498.7363,2661.4001,2542.0000,1660.3038
2018-06-30,96,559.0000,1028.4117,1460.3623,2124.0710,2579.9995,2901.3183,3249.0321,3484.2441,3739.6202,4370.8925,2849.9368
2018-06-30,96,606.0000,1036.5760,1428.2927,2019.6439,2468.4890,2800.6400,3155.9437,3361.6518,3612.5354,4256.0000,2813.8950
2018-07-03,96,1063.0000,1312.4956,1569.5732,1769.3662,2096.0000,2562.0000,2925.4054,2952.0000,3171.0000,2899.6963,1993.1996
2018-07-03,96,1133.0000,1377.1423,1621.4992,1800.4990,2128.4698,2620.0000,2984.4149,3006.0000,3214.3815,2905.3960,1981.6788
2018-07-05,96,694.0000,977.3246,1412.2461,2035.0640,2497.9324,2893.1466,3179.1380,3378.3013,3723.1386,4331.1520,2715.0319
2018-07-05,96,562.0000,897.6927,1377.2359,2019.4115,2482.6664,2873.5700,3161.3750,3354.6353,3684.9797,4298.3162,2699.1319
2018-07-08,96,446.0000,737.6266,1041.0398,1442.9076,1741.7085,2052.1382,2283.0000,2427.0533,2609.8634,2706.9197,1754.0000
2018-07-10,96,-9999.0000,-9999.0000,-9999.0000,-9999.0000,-9999.0000,-9999.0000,-9999.0000,-9999.0000,-9999.0000,-9999.0000,-9999.0000
2018-07-13,96,273.0000,704.5583,1068.9051,1506.4881,1889.3910,2278.4498,2555.8091,2684.3556,2884.2093,3658.0118,2467.0000
2018-07-13,96,519.0000,806.2006,1096.0000,1460.2806,1834.4762,2249.5674,2522.2806,2653.2136,2843.9960,3585.5162,2442.5541
2018-07-15,96,715.0000,865.8682,1193.3094,1533.2084,1954.9106,2461.9669,2690.8536,2771.5731,3058.4372,3833.4744,2546.2804
2018-07-15,96,666.0000,873.8520,1193.0622,1522.9506,1941.1114,2445.5522,2676.3152,2754.5214,3049.9906,3794.0949,2517.9144
2018-07-18,96,525.0000,705.0000,977.5623,1218.9231,1617.2940,2200.0098,2459.2488,2586.1039,2780.0130,3389.0000,2219.4409
2018-07-18,96,561.0000,726.4789,989.6922,1218.2062,1606.5003,2202.0000,2451.4464,2588.2324,2784.2845,3379.0000,2219.5934
2018-07-20,96,632.0000,840.7723,1077.3166,1261.2840,1713.8313,2362.9390,2719.0000,2809.9278,2985.9983,3644.5012,2421.7045
2018-07-20,96,449.0000,763.0000,1042.0000,1249.6250,1690.2801,2344.0000,2692.4190,2787.6703,2963.5810,3625.0000,2392.0000
2018-07-23,96,-9999.0000,-9999.0000,-9999.0000,-9999.0000,-9999.0000,-9999.0000,-9999.0000,-9999.0000,-9999.0000,-9999.0000,-9999.0000
2018-07-23,96,-9999.0000,-9999.0000,-9999.0000,-9999.0000,-9999.0000,-9999.0000,-9999.0000,-9999.0000,-9999.0000,-9999.0000,-9999.0000
2018-07-25,96,577.0000,710.3864,985.5223,1125.0015,1585.7039,2438.0000,2702.4445,2810.7265,3044.9124,3468.1583,2227.4605
2018-07-25,96,476.0000,660.5701,961.5439,1113.8449,1544.8105,2391.0000,2660.0000,2768.8918,2969.5000,3401.0000,2200.4523
2018-07-28,96,488.0000,618.5402,857.3755,945.6860,1385.4740,2275.0000,2588.4226,2634.7628,2883.6612,3122.7724,1963.0000
2018-07-28,96,479.0000,620.5747,866.5866,949.3895,1377.6635,2248.7643,2590.0000,2601.8753,2851.5933,3077.0000,1940.5086
2018-07-30,96,470.0000,668.5432,912.5354,1028.9392,1512.7123,2458.0985,2859.0000,2931.3077,3146.7718,3385.4435,2115.0327
2018-07-30,96,376.0000,633.0000,896.4345,1010.0000,1473.8269,2387.2397,2798.0000,2874.3462,3058.7508,3323.2921,2088.9831
2018-08-02,96,245.0000,545.0961,849.2124,933.5571,1412.3582,2381.0000,2845.2514,2874.9712,3139.6347,3043.7272,1845.5000
2018-08-02,96,373.0000,624.8533,892.8102,945.4779,1401.6116,2365.5000,2803.3562,2834.7921,3111.0000,3019.3438,1843.9129
2018-08-04,96,532.0000,644.6310,917.3202,961.2228,1489.3509,2665.3244,3020.9331,3060.0090,3330.8330,3147.0924,1874.9980
2018-08-04,96,375.0000,572.5378,892.6092,953.9754,1468.9202,2629.6190,2981.0000,3026.0622,3273.9660,3113.0000,1849.6460
2018-08-07,96,351.0000,520.4839,809.8359,878.1774,1372.6347,2460.4200,2856.9009,2877.3243,3169.8483,2948.1171,1698.4820
2018-08-07,96,388.0000,534.4993,820.3417,877.8579,1369.7115,2452.7056,2842.9083,2858.1808,3144.0000,2915.0685,1704.5437
2018-08-09,96,581.0000,730.9473,942.2859,950.2057,1456.9143,2609.0244,3106.0000,3121.8698,3393.1378,3155.0000,1907.8946
2018-08-09,96,475.0000,686.2020,926.4252,940.9384,1436.7026,2544.2293,3041.6574,3044.5718,3303.0000,3091.4997,1865.3713
2018-08-12,96,242.0000,500.3152,776.9055,821.2315,1296.0151,2405.3847,2848.4493,2900.6248,3120.0000,2790.0000,1690.2695
2018-08-12,96,387.0000,572.7588,808.4644,825.1119,1294.6443,2369.0158,2822.3333,2885.5598,3094.0371,2798.0000,1676.4891
2018-08-14,96,610.0000,646.3272,957.0158,921.2476,1573.4008,3081.4392,3512.0634,3546.4002,3885.9747,2866.4619,1620.0000
2018-08-14,96,670.0000,678.0063,968.9633,929.1450,1558.6829,3036.6593,3491.0000,3505.8565,3834.0000,2834.1063,1629.0159
2018-08-17,96,406.0000,502.6341,766.9441,689.5889,1252.2581,2673.0000,3077.2230,3130.6816,3321.4884,2477.0000,1384.0000
2018-08-17,96,457.0000,490.7042,770.3286,698.6007,1257.6438,2642.3789,3062.0000,3114.8574,3306.1706,2477.9500,1382.0005
2018-08-19,96,188.0000,492.3870,816.1279,737.2575,1357.0412,2917.3841,3486.3236,3516.6706,3700.3056,2667.8908,1501.3513
2018-08-19,96,371.0000,596.6970,862.7681,758.4971,1329.5959,2801.6357,3342.6540,3372.7720,3557.0000,2605.9859,1486.6456
2018-08-22,96,340.0000,547.0000,824.4113,724.2201,1273.5523,2621.7386,3153.0000,3197.7208,3380.0000,2264.0000,1334.1385
2018-08-22,96,424.0000,602.1230,852.3232,738.5877,1269.3263,2594.0000,3120.4925,3160.9669,3345.0023,2243.0000,1334.3867
2018-08-24,96,1506.0000,1300.2467,1428.7897,1201.0556,1812.0010,3368.7469,3912.0000,3834.0000,4291.0000,3144.0000,1746.0000
2018-08-24,96,1289.0000,1204.0564,1412.7711,1189.8259,1861.0000,3483.0000,4006.0000,3940.0000,4443.0000,3157.0000,1718.0000
2018-08-27,96,452.0000,480.4162,745.2143,557.0751,1221.0000,2757.0000,3180.5604,3353.8334,3432.5756,2044.7879,1070.0000
2018-08-27,96,483.0000,502.1810,757.4997,565.2493,1224.6489,2753.8378,3175.0000,3340.5152,3424.0000,2051.0000,1077.6092
2018-08-29,96,622.0000,814.4170,1026.0000,889.7088,1428.6067,2624.3553,3066.4617,3196.3871,3293.9598,2290.4950,1385.8090
2018-08-29,96,461.0000,740.3534,996.6871,888.7769,1409.0000,2590.4133,3009.4871,3153.7975,3240.7660,2265.0000,1366.0000
2018-09-01,96,477.0000,692.0000,921.0000,733.0000,1216.0000,2476.0000,2932.0000,2946.0000,3217.0000,1575.0000,865.0000
2018-09-01,96,498.0000,733.0000,885.0000,694.0000,1177.0000,2542.0000,2959.0000,2956.0000,3251.0000,1606.0000,855.0000
2018-09-03,96,905.0000,748.6131,1097.1543,923.3518,1741.0738,3453.0000,3918.9687,3844.5520,4180.1488,2539.4251,1457.7559
2018-09-03,96,-9999.0000,-9999.0000,-9999.0000,-9999.0000,-9999.0000,-9999.0000,-9999.0000,-9999.0000,-9999.0000,-9999.0000,-9999.0000
2018-09-06,96,857.9006,765.7221,1136.0000,1080.5346,1653.8419,2940.0000,3346.6098,3419.3253,3540.8934,2434.1252,1588.8991
2018-09-06,96,1144.0000,965.8265,1204.2781,1084.8916,1626.1222,2843.0000,3235.0000,3307.3466,3424.3320,2374.0000,1565.4049
2018-09-08,96,142.0000,437.6027,757.8719,650.1717,1305.7750,2709.9845,3202.9943,3275.9485,3420.8391,2226.4537,1269.5243
2018-09-08,96,250.0000,481.0000,773.4127,658.1475,1289.6203,2661.9557,3151.0000,3203.6964,3362.0000,2201.3634,1260.0000
2018-09-16,96,541.0000,881.9992,1176.9103,1483.7511,1721.6912,1837.4802,1954.8820,2010.8643,2140.3072,2835.8379,2297.6402
2018-09-16,96,912.6366,1060.9587,1240.3568,1475.8849,1707.0000,1837.8088,1954.4867,2009.7728,2133.2540,2811.9279,2290.7543
2018-09-18,96,551.0000,1049.1669,1333.0059,1674.4058,1939.0946,2033.7486,2202.0749,2227.0764,2363.5004,3149.3459,2747.2244
2018-09-18,96,664.0000,1072.4407,1324.8549,1627.2842,1880.5843,1997.1139,2171.4265,2187.4267,2315.5801,3075.8135,2668.6449
2018-09-21,96,848.0000,1093.2302,1265.0584,1538.9782,1740.2643,1821.6235,1969.4647,2020.0279,2114.7059,2811.5542,2452.0440
2018-09-21,96,759.0000,1048.9924,1252.4258,1531.4352,1733.2107,1816.3544,1960.9648,2016.8486,2116.1206,2795.6302,2443.5326
2018-09-23,96,-9999.0000,-9999.0000,-9999.0000,-9999.0000,-9999.0000,-9999.0000,-9999.0000,-9999.0000,-9999.0000,-9999.0000,-9999.0000
2018-09-23,96,-9999.0000,-9999.0000,-9999.0000,-9999.0000,-9999.0000,-9999.0000,-9999.0000,-9999.0000,-9999.0000,-9999.0000,-9999.0000
2018-09-26,96,923.0000,1129.3704,1329.8811,1618.9926,1787.8179,1913.5037,2025.3812,2219.7092,2209.6899,2835.4710,2397.0355
2018-09-26,96,946.0000,1148.9863,1345.7694,1619.9306,1787.9412,1918.3788,2029.1264,2219.0716,2210.4972,2827.7436,2396.0215
2018-09-28,96,800.0000,1200.7912,1467.7030,1809.9026,2027.8850,2121.5958,2269.5343,2395.2201,2437.9632,3211.9599,2856.7670
2018-09-28,96,916.0000,1260.9967,1477.0669,1796.1600,2003.8221,2093.6425,2241.1312,2355.0751,2395.6809,3172.6468,2827.8046
2018-10-03,96,552.0000,845.5640,1121.4380,1442.5713,1641.6373,1835.5325,1930.5476,2019.1451,2114.3100,2592.9119,2112.0000
2018-10-03,96,838.0000,981.7512,1161.4506,1442.7478,1628.0000,1822.9771,1907.0308,2002.5489,2092.3086,2565.7594,2084.2544
2018-10-08,96,1151.0000,1484.0000,1652.0000,1824.0000,2094.0000,2346.0000,2572.0000,2736.0000,2768.0000,3033.0000,2633.0000
2018-10-08,96,1351.0000,1520.0000,1644.0000,1794.0000,2039.0000,2291.0000,2556.0000,2604.0000,2725.0000,2955.0000,2611.0000
2018-10-11,96,721.0000,1005.4528,1208.7313,1451.9097,1669.6674,1814.5798,1955.8227,2010.8169,2098.9027,2674.9438,2377.0000
2018-10-11,96,679.0000,1005.0093,1213.4115,1467.1429,1689.0951,1825.5845,1962.6513,2019.0366,2115.7215,2698.7761,2399.0000
2018-10-11,96,877.0000,1172.7858,1365.5815,1539.1853,1748.5093,1893.7311,2034.9081,2067.2578,2155.4366,2681.0497,2378.1020
2018-10-11,96,925.0000,1172.8509,1313.2706,1507.4860,1721.5033,1873.4255,2012.2019,2067.1988,2154.4754,2699.7227,2412.4380
2018-10-13,96,952.0000,1188.3588,1451.8565,1731.1017,1972.0373,2153.5520,2265.0000,2379.2316,2441.8484,3124.3499,2698.3563
2018-10-13,96,888.0000,1178.5272,1458.8338,1753.6904,2002.9731,2173.3072,2273.1685,2391.9166,2459.9473,3130.8616,2682.2766
2018-10-18,96,723.0000,1009.5339,1185.2618,1378.0702,1641.0000,1805.2667,1954.8648,1963.3119,2084.6743,2616.6880,2227.3575
2018-10-18,96,796.0000,1036.4189,1188.6845,1360.3974,1606.7919,1768.7629,1925.1112,1939.0301,2044.9427,2571.2465,2186.0197
2018-10-21,96,804.0000,953.9239,980.4997,933.4319,1024.5608,1080.7241,1098.8186,1051.2486,1066.0200,715.5556,585.9555
2018-10-21,96,848.0000,982.6108,997.7856,940.9237,1024.7405,1083.0000,1109.1465,1068.5841,1076.2772,723.2697,581.5767
2018-10-23,96,1019.0000,1347.5681,1684.5603,1899.2983,2195.8952,2441.6837,2545.5315,2721.2947,2734.2806,3260.7084,2761.8830
2018-10-23,96,1104.0000,1362.2406,1643.4817,1825.2706,2090.0630,2326.6889,2429.4322,2594.0018,2609.3122,3139.2400,2691.5098
2018-10-31,96,500.0000,753.8544,941.0398,1089.0158,1322.1264,1557.5539,1681.3932,1756.0100,1813.9418,2042.0566,1657.2865
2018-10-31,96,552.0000,789.9701,965.4709,1097.0221,1341.4847,1569.7856,1694.2431,1761.8526,1817.0000,2036.0000,1664.9413
2018-11-05,96,-9999.0000,-9999.0000,-9999.0000,-9999.0000,-9999.0000,-9999.0000,-9999.0000,-9999.0000,-9999.0000,-9999.0000,-9999.0000
2018-11-05,96,-9999.0000,-9999.0000,-9999.0000,-9999.0000,-9999.0000,-9999.0000,-9999.0000,-9999.0000,-9999.0000,-9999.0000,-9999.0000
2018-11-12,96,1114.0000,1121.8425,1289.0000,1216.0000,1635.0000,2039.0000,2133.0000,2114.0000,2256.0000,2290.0000,1701.0000
2018-11-12,96,-9999.0000,-9999.0000,-9999.0000,-9999.0000,-9999.0000,-9999.0000,-9999.0000,-9999.0000,-9999.0000,-9999.0000,-9999.0000
2018-11-15,96,592.0000,758.2177,1048.6911,1015.0000,1432.3177,1829.0000,1949.3492,2050.5259,2077.0000,2193.1967,1670.0532
2018-11-15,96,637.0000,790.6233,1069.1467,1021.6500,1418.2503,1830.0033,1952.5038,2051.6369,2081.8618,2185.5959,1661.5669
2018-11-17,96,522.0000,921.2112,1249.5397,1291.7829,1852.5994,2314.9279,2451.0000,2665.7967,2581.4155,2860.5663,2330.3695
2018-11-17,96,750.0000,1054.0000,1296.8898,1306.0000,1779.8427,2179.0920,2291.9287,2498.0299,2437.4429,2725.4941,2243.8987
2018-12-05,96,-9999.0000,-9999.0000,-9999.0000,-9999.0000,-9999.0000,-9999.0000,-9999.0000,-9999.0000,-9999.0000,-9999.0000,-9999.0000
2018-12-07,96,740.0000,1000.4084,1212.0000,1140.0000,1586.0000,2072.0000,2225.0000,2309.8796,2358.0000,2001.2130,1407.0000
2018-12-12,96,279.0000,458.2750,785.6147,817.5647,1305.4491,1954.7697,2075.0000,2316.1946,2225.7244,1885.2816,1289.9012
2018-12-12,96,426.0000,569.3140,841.4802,849.7654,1300.9444,1907.5000,2011.0000,2227.6964,2162.2145,1828.9769,1262.2699
2018-12-15,96,450.0000,605.2323,833.6315,849.4176,1268.7807,1770.6037,1886.0000,2083.4259,2048.6647,1834.1956,1289.0000
2018-12-15,96,398.0000,557.9384,797.9201,818.0013,1273.7492,1802.5814,1933.5459,2105.9627,2069.0000,1842.6951,1282.1364
2018-12-27,96,802.0000,913.8718,979.0000,896.7012,1253.2158,1653.7000,1750.0000,1882.0521,1838.4937,1524.9815,1080.0000
2018-12-30,96,346.0000,568.6797,728.0979,745.5386,1162.0000,1633.4059,1785.0000,1939.9074,1918.0000,1413.6933,998.6666
2018-12-30,96,392.0000,594.5431,744.7251,753.6045,1177.7084,1649.0863,1800.0000,1946.8947,1930.5792,1418.6002,1001.6465
2019-01-01,96,-9999.0000,-9999.0000,-9999.0000,-9999.0000,-9999.0000,-9999.0000,-9999.0000,-9999.0000,-9999.0000,-9999.0000,-9999.0000
2019-01-04,96,-9999.0000,-9999.0000,-9999.0000,-9999.0000,-9999.0000,-9999.0000,-9999.0000,-9999.0000,-9999.0000,-9999.0000,-9999.0000
2019-01-04,96,-9999.0000,-9999.0000,-9999.0000,-9999.0000,-9999.0000,-9999.0000,-9999.0000,-9999.0000,-9999.0000,-9999.0000,-9999.0000
2019-01-06,96,465.0000,735.0000,945.0156,949.5344,1394.6771,1873.0000,2019.2022,2178.0507,2139.0511,2012.6914,1504.7447
2019-01-06,96,576.0000,798.8238,977.7402,962.1806,1368.3441,1830.1769,1965.0105,2124.1110,2066.4339,1969.9157,1479.0000
2019-01-11,96,457.0000,610.0264,866.5217,957.5774,1461.1431,1964.0331,2073.9009,2284.1097,2241.5171,2166.0000,1585.9671
2019-01-11,96,612.0000,724.4634,926.5016,984.9186,1421.9649,1919.0000,2021.0000,2219.7282,2199.0000,2097.6392,1535.0000
2019-01-14,96,557.0000,716.5516,920.9098,968.7854,1377.0462,1809.8871,1923.0000,2102.3680,2064.1414,2025.8719,1490.0000
2019-01-14,96,500.0000,674.0000,894.0000,948.5614,1389.7014,1849.2214,1949.0000,2123.3082,2097.7182,2045.8764,1514.0000
2019-01-16,96,553.0000,881.7852,1117.0058,1160.7895,1628.8886,2085.9931,2249.0000,2404.5346,2380.0000,2396.9996,1877.0000
2019-01-16,96,489.0000,825.2602,1081.3366,1136.2389,1613.1044,2095.0000,2253.4583,2411.2499,2398.8893,2398.0000,1882.0036
2019-01-21,96,-9999.0000,-9999.0000,-9999.0000,-9999.0000,-9999.0000,-9999.0000,-9999.0000,-9999.0000,-9999.0000,-9999.0000,-9999.0000
2019-01-24,96,758.0000,866.2706,1042.0000,1104.0000,1541.8878,2005.5000,2096.3590,2276.8528,2246.6207,1962.6547,1420.2593
2019-01-24,96,808.0000,896.3407,1058.0000,1106.0000,1536.3114,1990.9374,2106.0000,2273.0844,2259.0000,1966.4522,1423.0000
2019-01-29,96,-9999.0000,-9999.0000,-9999.0000,-9999.0000,-9999.0000,-9999.0000,-9999.0000,-9999.0000,-9999.0000,-9999.0000,-9999.0000
2019-01-29,96,-9999.0000,-9999.0000,-9999.0000,-9999.0000,-9999.0000,-9999.0000,-9999.0000,-9999.0000,-9999.0000,-9999.0000,-9999.0000
2019-01-31,96,574.0000,690.5137,933.6974,1033.3556,1538.1411,2046.5229,2158.6508,2330.3082,2327.0000,2310.2060,1707.0000
2019-01-31,96,569.0000,672.5205,909.2261,1014.0769,1513.9891,2050.0000,2164.9774,2338.2637,2329.0241,2276.5380,1685.3654
2019-02-03,96,-9999.0000,-9999.0000,-9999.0000,-9999.0000,-9999.0000,-9999.0000,-9999.0000,-9999.0000,-9999.0000,-9999.0000,-9999.0000
2019-02-05,96,246.0000,536.3416,809.3731,914.0070,1417.1832,2065.6543,2205.6478,2418.2103,2347.4866,2105.7413,1485.5265
2019-02-05,96,362.5493,621.6090,857.5427,929.5228,1420.9023,2015.0000,2161.3025,2362.0906,2308.9640,2072.4404,1496.3186
2019-02-08,96,384.0000,633.3135,857.6793,944.4683,1430.0290,1968.7016,2119.0000,2291.1252,2273.6540,2113.1696,1654.7018
2019-02-08,96,507.0000,726.6062,909.4015,977.4360,1433.5440,1953.4998,2097.3636,2258.6847,2241.0000,2092.9820,1652.0000
2019-02-13,96,208.0000,424.7132,748.9338,824.8633,1341.9390,1995.0000,2125.9043,2284.6365,2286.0000,2029.6479,1436.9946
2019-02-13,96,387.0000,548.3251,822.1887,869.3939,1342.2391,1946.0000,2101.2897,2249.8045,2244.0000,2014.0956,1433.1584
2019-02-15,96,440.0000,745.7811,1040.7961,1109.2095,1677.5191,2335.0000,2522.9883,2738.6679,2644.0000,2473.0000,1865.0000
2019-02-15,96,541.0000,810.1023,1065.3976,1117.3440,1649.2854,2285.3814,2451.7207,2675.8149,2602.7503,2432.9938,1848.9500
2019-02-18,96,-9999.0000,-9999.0000,-9999.0000,-9999.0000,-9999.0000,-9999.0000,-9999.0000,-9999.0000,-9999.0000,-9999.0000,-9999.0000
2019-02-18,96,-9999.0000,-9999.0000,-9999.0000,-9999.0000,-9999.0000,-9999.0000,-9999.0000,-9999.0000,-9999.0000,-9999.0000,-9999.0000
2019-02-23,96,380.0000,577.5325,849.6248,893.3645,1300.3441,1809.9153,1922.0030,2147.5383,2010.6299,1797.4611,1378.0000
2019-02-23,96,361.0000,577.6284,849.6358,893.1065,1292.0059,1824.5145,1940.8540,2180.0257,2040.0000,1798.6380,1357.2335
2019-02-25,96,646.0000,921.6347,1212.8239,1250.6706,1867.9277,2613.8204,2798.7203,3001.7265,2924.2920,2752.0000,2147.8519
2019-02-25,96,673.0000,945.1654,1217.5881,1242.2489,1833.6772,2531.4159,2731.9310,2940.6455,2876.9971,2713.4844,2131.0527
2019-02-28,96,408.0000,737.1712,1044.0000,1080.7779,1597.7290,2313.3149,2509.0000,2794.1264,2633.4835,2284.9954,1826.5228
2019-02-28,96,384.0000,729.3472,1041.8115,1072.5207,1609.6592,2330.7778,2526.0000,2823.1246,2679.0000,2293.0000,1828.2902
2019-03-02,96,952.0000,1072.8312,1249.5787,1404.9311,1632.8192,1875.0000,1954.6591,2060.7707,2057.3059,2313.9395,1994.4449
2019-03-02,96,1056.0000,1129.2802,1273.2954,1384.8786,1598.0302,1819.4423,1892.0284,1994.4695,1997.0000,2254.3536,1957.6816
2019-03-05,96,-9999.0000,-9999.0000,-9999.0000,-9999.0000,-9999.0000,-9999.0000,-9999.0000,-9999.0000,-9999.0000,-9999.0000,-9999.0000
2019-03-05,96,-9999.0000,-9999.0000,-9999.0000,-9999.0000,-9999.0000,-9999.0000,-9999.0000,-9999.0000,-9999.0000,-9999.0000,-9999.0000
2019-03-12,96,797.0000,1098.0000,1363.2714,1611.4228,1809.6213,1997.2910,2096.0000,2288.2351,2197.0207,2605.2653,2275.6691
2019-03-12,96,797.0000,1100.4670,1364.1997,1617.8408,1816.9011,1994.1984,2089.7267,2281.2377,2195.9263,2596.0000,2260.0000
2019-03-15,96,782.0000,1013.9318,1240.8984,1449.1646,1657.4297,1841.4670,1932.8276,2049.5316,2032.0000,2396.0000,2111.0000
2019-03-15,96,817.0000,1033.9455,1252.4581,1464.7336,1681.9884,1854.6778,1949.4647,2056.8177,2049.3314,2424.0000,2105.2057
2019-03-20,96,683.0000,1013.4139,1229.0702,1474.0000,1632.4751,1841.6469,1947.4776,2125.2871,2058.6771,2357.6284,2210.6533
2019-03-20,96,739.0000,1036.7397,1240.0000,1473.3127,1635.0000,1845.7736,1955.3738,2116.2880,2062.3279,2349.9932,2204.2638
2019-03-22,96,964.0000,1299.3013,1610.2840,1917.1486,2091.4431,2254.0804,2362.7772,2548.0000,2482.1321,2897.4893,2610.9691
2019-03-22,96,1013.0000,1309.2142,1600.0000,1882.0311,2049.7304,2225.4172,2332.5946,2521.1994,2449.5372,2869.4671,2594.7580
2019-03-25,96,1080.0000,1278.0000,1453.1643,1632.1834,1833.4469,2042.4106,2153.8652,2237.1152,2248.6004,2581.1930,2296.9627
2019-03-25,96,1083.0000,1296.3133,1477.0495,1677.3144,1873.9760,2078.4512,2189.5820,2276.7526,2290.0000,2608.4234,2317.1225
2019-03-27,96,-9999.0000,-9999.0000,-9999.0000,-9999.0000,-9999.0000,-9999.0000,-9999.0000,-9999.0000,-9999.0000,-9999.0000,-9999.0000
2019-03-27,96,-9999.0000,-9999.0000,-9999.0000,-9999.0000,-9999.0000,-9999.0000,-9999.0000,-9999.0000,-9999.0000,-9999.0000,-9999.0000
2019-03-30,96,975.0000,1333.4155,1561.3821,1809.5315,2043.6662,2261.9560,2393.0000,2574.5000,2522.4298,2704.3990,2531.0088
2019-03-30,96,1056.0000,1360.6017,1569.5129,1810.3108,2034.8240,2241.9079,2384.4149,2553.9919,2508.9670,2692.7937,2528.9678
2019-04-01,96,1233.0000,1627.6399,1945.7432,2266.2030,2554.8094,2781.2121,2910.0000,3077.3594,3029.0726,3466.2185,3140.9026
2019-04-01,96,1283.0000,1611.1147,1921.8570,2219.4134,2498.6785,2742.2832,2845.5819,3021.2272,2978.2112,3411.0968,3108.4303
2019-04-06,96,899.0000,1068.0000,1192.0000,1190.0000,1486.0054,1888.0000,2066.0000,2115.0590,2083.0000,1691.0000,1266.0000
2019-04-06,96,943.0000,1106.0000,1220.5125,1217.6196,1503.0000,1906.3433,2076.0000,2125.2253,2104.0000,1682.0000,1260.0000
2019-04-16,96,1135.0000,1596.7923,1922.8765,2122.5994,2560.2130,3022.2781,3198.8302,3409.2321,3314.4699,3403.5398,3013.3492
2019-04-16,96,1168.0000,1563.6536,1859.7654,2042.6877,2468.9109,2935.0000,3112.0000,3316.7155,3226.3642,3369.8610,2999.4933
2019-04-19,96,1069.0000,1490.8762,1802.6510,1988.5061,2355.6049,2873.8041,3056.5091,3253.7605,3176.7565,3082.1160,2726.7089
2019-04-19,96,1070.0000,1490.5008,1777.7443,1947.5648,2340.3113,2829.1048,3021.1856,3216.5242,3145.5044,3076.0232,2746.9075
2019-04-21,96,1798.0000,2002.9471,2363.8290,2467.3077,2890.5285,3530.0000,3722.0348,3940.0000,3842.2500,3362.0105,2851.9781
2019-04-21,96,1786.0000,1922.9004,2250.0268,2330.5301,2747.0000,3373.3491,3569.4761,3785.3982,3685.0000,3267.7571,2794.9565
2019-04-24,96,-9999.0000,-9999.0000,-9999.0000,-9999.0000,-9999.0000,-9999.0000,-9999.0000,-9999.0000,-9999.0000,-9999.0000,-9999.0000
2019-05-01,96,712.0000,861.0000,1165.2970,1138.0039,1656.9921,2475.3933,2625.7301,2707.5714,2752.9708,2136.9046,1532.2425
2019-05-01,96,693.0000,865.5000,1152.0000,1130.9124,1633.0000,2436.6913,2595.4955,2676.5683,2709.3649,2127.0000,1522.7418
2019-05-06,96,783.0000,997.6284,1360.0000,1242.6908,2005.6769,3288.0000,3592.8169,3767.3008,3705.6757,2485.6210,1614.0000
2019-05-06,96,826.0000,1013.4777,1365.2672,1244.6436,2011.0000,3255.0000,3559.0103,3752.5673,3669.7720,2467.6360,1620.0000
2019-05-09,96,-9999.0000,-9999.0000,-9999.0000,-9999.0000,-9999.0000,-9999.0000,-9999.0000,-9999.0000,-9999.0000,-9999.0000,-9999.0000
2019-05-16,96,-9999.0000,-9999.0000,-9999.0000,-9999.0000,-9999.0000,-9999.0000,-9999.0000,-9999.0000,-9999.0000,-9999.0000,-9999.0000
2019-05-16,96,-9999.0000,-9999.0000,-9999.0000,-9999.0000,-9999.0000,-9999.0000,-9999.0000,-9999.0000,-9999.0000,-9999.0000,-9999.0000
2019-05-24,96,634.0000,803.8164,1245.4286,1089.1617,1926.0000,3402.9344,3678.0000,3705.4038,3837.0765,2459.4308,1651.1356
2019-05-24,96,675.0000,852.9426,1233.9858,1083.8298,1880.0000,3209.6397,3505.8894,3536.5822,3672.5529,2419.6990,1646.0000
2019-05-26,96,1012.0000,1187.2830,1570.0000,1344.6255,2187.0756,3629.0000,4018.5144,4116.0000,4149.5269,2661.4108,1872.0000
2019-05-31,96,452.0000,596.8601,1100.8176,787.9870,1826.6894,3633.4715,3960.0000,4106.0400,4106.0000,2262.0000,1282.2178
2019-05-31,96,550.0000,662.2421,1100.6117,804.6099,1757.4940,3430.3058,3772.4455,3914.4161,3922.0918,2193.7278,1265.0000
2019-06-03,96,584.0000,723.5955,1178.3569,946.3500,1827.5874,3465.0584,3826.2779,3818.1026,4004.0000,2426.0000,1548.0000
2019-06-03,96,671.0000,781.5042,1177.5410,939.9757,1804.2235,3310.0000,3671.0000,3674.2370,3870.9936,2397.8973,1532.0000
2019-06-05,96,-9999.0000,-9999.0000,-9999.0000,-9999.0000,-9999.0000,-9999.0000,-9999.0000,-9999.0000,-9999.0000,-9999.0000,-9999.0000
2019-06-05,96,-9999.0000,-9999.0000,-9999.0000,-9999.0000,-9999.0000,-9999.0000,-9999.0000,-9999.0000,-9999.0000,-9999.0000,-9999.0000
2019-06-13,96,1178.6831,1523.0918,1850.9643,2156.4808,2411.2586,2630.6551,2773.5242,2810.8624,2923.8760,3267.8051,2898.4031
2019-06-13,96,1170.0000,1538.4852,1859.0454,2154.5478,2411.9646,2621.7116,2765.7432,2810.7479,2917.0000,3267.7787,2899.7259
2019-06-15,96,-9999.0000,-9999.0000,-9999.0000,-9999.0000,-9999.0000,-9999.0000,-9999.0000,-9999.0000,-9999.0000,-9999.0000,-9999.0000
2019-06-15,96,-9999.0000,-9999.0000,-9999.0000,-9999.0000,-9999.0000,-9999.0000,-9999.0000,-9999.0000,-9999.0000,-9999.0000,-9999.0000
2019-06-18,96,1056.0000,1570.7016,1915.7505,2171.5428,2459.8384,2657.9707,2843.5570,2819.8164,2948.1502,3315.9455,3067.5327
2019-06-18,96,1074.6366,1516.2706,1834.7724,2082.1326,2362.7179,2582.5807,2762.9922,2741.6190,2884.6889,3252.5129,3028.6336
2019-06-20,96,1350.0000,1667.4694,2035.1737,2314.6064,2684.4148,2929.5137,3061.0738,3053.1089,3260.2076,3705.1986,3220.5636
2019-06-20,96,1326.0000,1658.0166,2011.0307,2283.3210,2652.0029,2906.4757,3045.7608,3028.8105,3228.1935,3690.4849,3202.8841
2019-06-23,96,860.9176,1132.9438,1433.7499,1650.5743,1986.8698,2281.8448,2430.0539,2418.9802,2587.1931,2780.4901,2282.5117
2019-06-23,96,865.0000,1169.9521,1475.9143,1698.4193,2019.3598,2324.8810,2466.6755,2451.4590,2635.2907,2800.9288,2290.4073
2019-06-25,96,1144.0000,1488.7474,1810.1719,2052.2395,2441.9138,2781.6517,3027.0576,3002.3202,3179.2221,3643.0758,3223.8285
2019-06-25,96,1135.0000,1464.6684,1765.3173,1987.4473,2377.7149,2721.8399,2964.1481,2938.0000,3107.3568,3596.3435,3204.5533
2019-06-28,96,943.0000,1281.5996,1612.1348,1778.4086,2125.1083,2620.6978,2865.8083,2857.5491,2989.7193,3146.4853,2691.5620
2019-06-28,96,951.0000,1268.0000,1569.3131,1722.6607,2050.6825,2535.0000,2777.7168,2777.5206,2910.1363,3099.5696,2667.1655
2019-06-30,96,1151.0000,1416.8725,1795.7178,1962.1236,2355.3330,3037.2591,3229.1596,3339.9627,3386.9671,3404.3415,2763.7405
2019-06-30,96,1112.0000,1418.1357,1779.7580,1946.7844,2323.2575,3005.7483,3206.2365,3308.9700,3363.6568,3386.7823,2746.5574
2019-07-03,96,845.0000,1116.2846,1483.7269,1570.2406,1971.0137,2842.0000,3133.0479,3084.1627,3281.3849,2995.1377,2276.7208
2019-07-03,96,909.0000,1125.1804,1433.5597,1499.8826,1877.0000,2678.0000,2966.1581,2909.3314,3114.2985,2904.6952,2235.0898
2019-07-05,96,903.0000,1188.4906,1492.8203,1548.3052,1950.3236,2901.5027,3282.3379,3306.9423,3419.0091,3125.5913,2419.8170
2019-07-05,96,925.0000,1196.9208,1488.5016,1532.2833,1926.0000,2877.5835,3259.8938,3261.7465,3370.1174,3107.6528,2412.2766
2019-07-08,96,1103.0000,1258.0000,1476.0000,1440.4885,1814.5978,2750.4200,3152.0000,3132.8561,3264.9396,2550.2711,1932.0269
2019-07-10,96,729.0000,873.4831,1204.0000,1145.6892,1585.0895,3121.4693,3584.5438,3637.2277,3708.8008,2697.7423,1828.0259
2019-07-10,96,793.0000,909.7859,1205.1443,1153.9429,1577.0634,3023.0000,3469.7045,3537.6196,3609.5393,2665.9877,1821.8363
2019-07-13,96,668.0000,757.4740,997.9921,893.7090,1312.8387,2809.5628,3388.0388,3372.8458,3522.3468,2285.0000,1461.8162
2019-07-13,96,827.0000,868.5659,1057.5040,941.1976,1334.0000,2680.0000,3224.9676,3212.0000,3370.8977,2245.0000,1447.0000
2019-07-20,96,583.0000,597.0928,841.4745,689.3331,1118.8733,3005.2795,3745.3521,3720.0000,3901.9990,2187.0000,1305.0000
2019-07-20,96,637.0000,646.8581,873.2303,713.3498,1138.5631,2950.0000,3681.8805,3641.5218,3812.9877,2188.0000,1292.0000
2019-07-23,96,364.0000,421.5626,657.1987,521.2338,912.6651,2693.5954,3551.0000,3498.3134,3702.0728,1913.4882,1100.0000
2019-07-23,96,455.0000,493.8737,705.9028,553.4329,937.2955,2641.0000,3468.3474,3397.6063,3621.5417,1905.7947,1096.0000
2019-07-25,96,613.0000,677.0000,837.5588,649.1484,1033.6985,2713.0000,3712.2870,3618.4040,3849.0941,2035.7596,1176.7319
2019-07-25,96,614.0000,680.5760,841.3735,645.4185,1033.0675,2728.1511,3745.0000,3642.3736,3866.1146,2032.0489,1182.5301
2019-07-30,96,254.0000,261.2321,541.3129,322.8916,778.7749,3045.7892,4059.4460,3970.7382,4252.0127,1837.2823,945.6652
2019-07-30,96,469.0000,441.0783,653.5070,437.5984,849.0000,2893.5298,3829.9195,3730.5714,4003.0000,1811.0698,962.6592
2019-08-04,96,243.0000,345.5536,569.1113,365.8454,825.8137,2931.0000,4163.5557,4163.0761,4283.4683,1827.5000,937.7514
2019-08-04,96,435.0000,496.9895,669.2892,462.2774,872.6699,2773.0000,3900.4537,3924.2857,4027.9411,1801.2455,940.0118
2019-08-09,96,296.2978,293.1923,517.6194,333.3164,760.5054,2729.2701,3617.5071,3596.4657,3807.0000,1691.3299,817.0087
2019-08-09,96,404.0000,382.2347,577.4173,381.5860,793.6243,2673.2599,3509.0867,3491.3249,3693.4760,1674.7346,813.4021
2019-08-12,96,-9999.0000,-9999.0000,-9999.0000,-9999.0000,-9999.0000,-9999.0000,-9999.0000,-9999.0000,-9999.0000,-9999.0000,-9999.0000
2019-08-14,96,303.0000,369.0790,557.0064,357.1392,760.2003,2594.0000,3612.6375,3666.3798,3787.5165,1722.0000,860.0113
2019-08-14,96,360.0000,420.3172,589.7236,385.1384,781.3535,2552.0000,3532.1319,3604.9723,3732.5858,1708.0578,860.3131
2019-08-17,96,191.0000,280.6863,493.0749,317.6659,721.1486,2522.0000,3508.1320,3563.3045,3707.5641,1618.9834,833.3332
2019-08-17,96,269.0000,337.4846,529.2801,345.7056,745.6544,2485.7961,3444.0778,3507.5327,3657.7859,1613.0000,828.5502
2019-08-19,96,486.0000,449.3260,701.2933,521.5563,984.1623,2949.0478,3855.0000,3893.0179,4085.0072,1967.0000,1060.6230
2019-08-19,96,638.3999,586.2270,789.5571,597.2101,1022.1809,2826.5669,3652.0000,3692.4165,3886.2380,1936.0029,1053.8853
2019-08-24,96,-9999.0000,-9999.0000,-9999.0000,-9999.0000,-9999.0000,-9999.0000,-9999.0000,-9999.0000,-9999.0000,-9999.0000,-9999.0000
2019-08-24,96,-9999.0000,-9999.0000,-9999.0000,-9999.0000,-9999.0000,-9999.0000,-9999.0000,-9999.0000,-9999.0000,-9999.0000,-9999.0000
2019-08-27,96,372.0000,460.6674,630.5043,441.4345,845.1739,2418.4368,3333.3588,3341.9538,3565.4482,1690.0000,873.3592
2019-08-27,96,420.0000,490.6795,649.7470,453.9103,849.6178,2410.3577,3321.2291,3329.3796,3548.5000,1690.0000,878.5353
2019-08-29,96,590.0000,586.3773,772.1739,561.2929,985.9848,2697.2900,3480.5032,3466.3496,3764.0000,1861.5296,934.0000
2019-08-29,96,392.0000,413.6831,656.8948,449.4789,920.0000,2840.0000,3697.5007,3684.1483,3992.0000,1891.4329,935.0000
2019-09-01,96,437.0000,484.3965,709.7682,541.9065,985.5664,2573.0000,3362.2749,3371.9150,3649.2235,1808.0000,929.3863
2019-09-01,96,460.0000,498.4706,712.7526,537.3837,973.3381,2578.9947,3373.7316,3378.0766,3662.0440,1807.0000,937.6641
2019-09-03,96,202.9992,330.3660,589.2808,405.6219,885.6429,2653.2363,3481.2354,3617.4811,3730.8582,1755.2306,898.9959
2019-09-03,96,300.3770,396.6908,629.6989,441.1006,905.9558,2588.5929,3419.9222,3538.0319,3637.9457,1746.9427,896.2530
2019-09-11,96,321.0000,374.8711,618.7633,448.1055,925.5918,2433.1804,2988.4896,3130.2623,3221.2338,1594.1661,809.3548
2019-09-11,96,360.0000,396.8895,628.0771,448.3434,921.8084,2441.4440,3005.0565,3130.5212,3249.0000,1592.0000,810.0000
2019-09-13,96,198.0000,332.3018,592.7830,421.4205,938.3621,2465.6624,3110.0000,3233.9752,3331.9257,1731.9911,916.1526
2019-09-13,96,258.0165,368.1576,609.6760,437.7122,940.6262,2453.5254,3091.5146,3209.4680,3299.6150,1723.5805,913.3338
2019-09-16,96,290.0000,400.4527,622.1137,454.2489,912.1672,2253.9717,2817.0000,2885.5416,3034.4377,1594.3056,894.3881
2019-09-16,96,348.0000,430.3294,638.5389,461.6531,917.0350,2249.9540,2792.3796,2885.0329,3005.2239,1588.2206,892.8082
2019-09-18,96,-9999.0000,-9999.0000,-9999.0000,-9999.0000,-9999.0000,-9999.0000,-9999.0000,-9999.0000,-9999.0000,-9999.0000,-9999.0000
2019-09-18,96,-9999.0000,-9999.0000,-9999.0000,-9999.0000,-9999.0000,-9999.0000,-9999.0000,-9999.0000,-9999.0000,-9999.0000,-9999.0000
2019-09-21,96,211.0000,278.4438,553.4179,441.7117,897.9564,2229.4606,2709.1095,2939.9431,2978.4865,1650.5484,922.0000
2019-09-21,96,293.0000,338.2549,589.1842,461.1948,915.0000,2225.4569,2693.3784,2922.2390,2954.7105,1642.0000,922.4973
2019-09-28,96,1296.0000,1188.0000,1306.0000,1068.0000,1488.5000,2582.4764,2960.8115,2969.5609,3189.1300,1961.9401,1090.0000
2019-09-28,96,1261.0000,1160.0000,1284.0000,1048.0000,1426.6959,2522.2883,2918.5455,2945.8938,3180.5147,1941.4582,1053.2230
2019-10-01,96,-9999.0000,-9999.0000,-9999.0000,-9999.0000,-9999.0000,-9999.0000,-9999.0000,-9999.0000,-9999.0000,-9999.0000,-9999.0000
2019-10-01,96,-9999.0000,-9999.0000,-9999.0000,-9999.0000,-9999.0000,-9999.0000,-9999.0000,-9999.0000,-9999.0000,-9999.0000,-9999.0000
2019-10-08,96,-9999.0000,-9999.0000,-9999.0000,-9999.0000,-9999.0000,-9999.0000,-9999.0000,-9999.0000,-9999.0000,-9999.0000,-9999.0000
2019-10-08,96,-9999.0000,-9999.0000,-9999.0000,-9999.0000,-9999.0000,-9999.0000,-9999.0000,-9999.0000,-9999.0000,-9999.0000,-9999.0000
2019-10-11,96,232.7095,328.4515,538.4619,522.5550,906.6821,1749.0000,2061.0637,2185.7542,2322.0000,1652.4504,990.0000
2019-10-11,96,311.0000,384.4930,574.1724,544.5756,914.3525,1745.3577,2062.0000,2170.0000,2307.4376,1644.6569,988.3364
2019-10-16,96,214.0000,380.7699,550.3976,536.3090,890.3387,1625.3728,1901.0000,2052.5401,2153.6520,1580.0000,1042.4897
2019-10-16,96,280.0000,412.5511,568.4016,544.4938,894.5491,1613.5000,1917.5000,2042.9105,2149.0025,1583.0000,1040.4574
2019-10-21,96,-9999.0000,-9999.0000,-9999.0000,-9999.0000,-9999.0000,-9999.0000,-9999.0000,-9999.0000,-9999.0000,-9999.0000,-9999.0000
2019-10-21,96,-9999.0000,-9999.0000,-9999.0000,-9999.0000,-9999.0000,-9999.0000,-9999.0000,-9999.0000,-9999.0000,-9999.0000,-9999.0000
2019-10-23,96,603.0000,908.7265,1197.7500,1428.4719,1925.2105,2481.9997,2788.9059,3019.8049,3130.9515,3105.0000,2228.6114
2019-10-23,96,633.0000,926.0182,1197.1679,1434.5787,1921.2176,2481.6718,2797.7303,3018.8610,3131.2815,3104.9973,2227.2217
2019-10-26,96,529.0000,806.0000,1065.4812,1322.7872,1708.2886,2121.4914,2368.6995,2619.4161,2688.0000,2906.9019,2209.0000
2019-10-26,96,513.0000,800.9640,1061.0657,1331.9605,1723.3951,2133.5996,2376.6490,2643.2930,2709.6975,2918.5417,2221.0486
2019-10-28,96,-9999.0000,-9999.0000,-9999.0000,-9999.0000,-9999.0000,-9999.0000,-9999.0000,-9999.0000,-9999.0000,-9999.0000,-9999.0000
2019-10-31,96,-9999.0000,-9999.0000,-9999.0000,-9999.0000,-9999.0000,-9999.0000,-9999.0000,-9999.0000,-9999.0000,-9999.0000,-9999.0000
2019-11-07,96,270.0000,513.6753,865.1363,1154.4014,1595.4020,2051.2976,2225.6518,2426.5404,2505.3467,2404.0414,1685.6629
2019-11-07,96,530.0000,689.1033,949.6964,1169.8882,1561.4742,1969.2378,2124.7126,2323.5912,2402.0458,2328.0000,1658.0000
2019-11-10,96,474.0000,689.7605,946.7723,1178.8457,1532.3732,1919.0000,2077.9871,2267.0860,2328.7694,2402.1158,1705.8378
2019-11-10,96,492.0000,701.6572,952.6173,1179.5264,1537.8753,1921.7472,2085.8501,2266.5073,2337.3607,2403.2324,1720.0000
2019-11-30,96,-9999.0000,-9999.0000,-9999.0000,-9999.0000,-9999.0000,-9999.0000,-9999.0000,-9999.0000,-9999.0000,-9999.0000,-9999.0000
2019-11-30,96,-9999.0000,-9999.0000,-9999.0000,-9999.0000,-9999.0000,-9999.0000,-9999.0000,-9999.0000,-9999.0000,-9999.0000,-9999.0000
2019-12-05,96,-9999.0000,-9999.0000,-9999.0000,-9999.0000,-9999.0000,-9999.0000,-9999.0000,-9999.0000,-9999.0000,-9999.0000,-9999.0000
2019-12-05,96,-9999.0000,-9999.0000,-9999.0000,-9999.0000,-9999.0000,-9999.0000,-9999.0000,-9999.0000,-9999.0000,-9999.0000,-9999.0000
2019-12-07,96,592.0000,841.8249,1197.1758,1603.5650,2045.2544,2404.1328,2595.3261,2851.3811,2940.0679,3297.7008,2379.5673
2019-12-07,96,758.0000,961.5512,1253.4821,1594.8457,1992.4582,2341.7799,2540.6942,2756.0620,2834.5108,3251.4458,2355.5461
2019-12-10,96,406.0000,648.9292,897.6198,1176.4578,1461.0997,1718.0032,1867.8049,2082.5784,2124.3868,2242.7969,1529.6139
2019-12-10,96,449.0000,672.6841,908.7416,1176.0000,1461.7178,1729.0519,1873.3400,2090.0198,2126.0000,2249.4055,1528.5920
2019-12-25,96,440.6681,704.7425,866.0172,1085.5697,1329.0500,1577.1018,1742.1541,1923.8268,1961.9811,1681.3012,1157.5419
2019-12-25,96,467.0000,718.5115,877.0000,1093.6809,1357.5030,1606.6675,1758.3991,1937.5049,1984.0529,1680.7467,1171.0000
2019-12-27,96,-9999.0000,-9999.0000,-9999.0000,-9999.0000,-9999.0000,-9999.0000,-9999.0000,-9999.0000,-9999.0000,-9999.0000,-9999.0000
2019-12-27,96,-9999.0000,-9999.0000,-9999.0000,-9999.0000,-9999.0000,-9999.0000,-9999.0000,-9999.0000,-9999.0000,-9999.0000,-9999.0000
2019-12-30,96,490.2539,701.7630,925.5982,1205.1135,1481.0435,1738.0000,1868.0035,2075.8103,2105.0000,2331.2741,1686.4259
2019-12-30,96,534.0000,729.4333,941.3774,1213.2032,1493.9164,1737.8681,1876.5000,2083.0591,2113.4456,2325.2922,1669.9196
2020-01-01,96,142.0000,565.6957,813.7043,1210.1695,1537.5765,1802.6781,2011.2882,2251.7401,2259.4515,2505.7992,1802.5025
2020-01-01,96,460.0000,777.6103,941.6506,1250.0000,1525.3799,1765.1530,1945.8053,2171.0160,2154.5761,2430.3882,1773.0000
2020-01-04,96,482.0000,805.6602,1032.9282,1387.5960,1709.8415,1997.2491,2181.2320,2402.1974,2427.2086,2445.4268,1838.4925
2020-01-04,96,586.0000,874.4731,1081.6219,1405.1803,1708.4624,1989.1728,2164.0000,2379.9729,2397.0485,2420.4215,1821.4763
2020-01-06,96,-9999.0000,-9999.0000,-9999.0000,-9999.0000,-9999.0000,-9999.0000,-9999.0000,-9999.0000,-9999.0000,-9999.0000,-9999.0000
2020-01-09,96,670.0000,930.0538,1145.2399,1405.0345,1681.5694,1882.0486,2005.2597,2185.3685,2185.4433,2563.0270,1962.9151
2020-01-09,96,664.0000,917.6504,1140.6945,1404.5931,1681.6215,1885.3482,2005.3144,2202.7082,2206.0321,2581.0201,1961.4842
2020-01-11,96,155.0000,617.1769,853.4696,1283.3138,1635.3177,1906.8892,2098.2330,2331.6723,2340.5446,2685.4610,1950.0020
2020-01-11,96,514.0000,828.8554,985.0303,1299.6533,1601.2811,1834.2975,2001.8696,2219.1935,2228.4259,2580.2915,1907.0000
2020-01-14,96,577.0000,866.2733,1041.2417,1340.4240,1617.7395,1833.3818,1996.9982,2192.5478,2228.8561,2387.1474,1802.3894
2020-01-14,96,510.0000,824.8517,1009.2790,1333.3114,1616.9150,1861.6397,2021.1653,2218.7206,2260.8262,2411.8204,1818.0000
2020-01-16,96,-9999.0000,-9999.0000,-9999.0000,-9999.0000,-9999.0000,-9999.0000,-9999.0000,-9999.0000,-9999.0000,-9999.0000,-9999.0000
2020-01-16,96,-9999.0000,-9999.0000,-9999.0000,-9999.0000,-9999.0000,-9999.0000,-9999.0000,-9999.0000,-9999.0000,-9999.0000,-9999.0000
2020-01-19,96,-9999.0000,-9999.0000,-9999.0000,-9999.0000,-9999.0000,-9999.0000,-9999.0000,-9999.0000,-9999.0000,-9999.0000,-9999.0000
2020-01-21,96,582.0000,905.9105,1072.6506,1410.7210,1697.7385,1952.4395,2113.0000,2395.0090,2339.0884,2843.1273,2172.8065
2020-01-21,96,614.0000,925.8219,1085.1459,1418.5449,1709.2192,1960.8725,2117.3384,2387.0092,2340.0000,2860.2584,2179.5460
2020-01-24,96,463.0000,869.1376,1113.1655,1440.7863,1738.0427,1964.2464,2114.2076,2309.2071,2341.6388,2545.2620,1986.7042
2020-01-24,96,592.0000,941.9291,1149.1954,1449.2641,1729.0529,1961.9772,2106.9114,2297.3662,2325.3231,2529.0000,1973.1268
2020-01-29,96,-9999.0000,-9999.0000,-9999.0000,-9999.0000,-9999.0000,-9999.0000,-9999.0000,-9999.0000,-9999.0000,-9999.0000,-9999.0000
2020-01-29,96,-9999.0000,-9999.0000,-9999.0000,-9999.0000,-9999.0000,-9999.0000,-9999.0000,-9999.0000,-9999.0000,-9999.0000,-9999.0000
2020-01-31,96,1014.0000,1202.0000,1345.0569,1533.2606,1830.5842,2029.4532,2168.5829,2292.7708,2346.9395,2614.3471,2005.1287
2020-02-05,96,358.0000,649.8656,945.5810,1338.9081,1663.0000,1899.4988,2045.9907,2322.5868,2276.3271,2977.5288,2268.4015
2020-02-05,96,577.0000,781.1867,1009.7170,1339.6928,1632.8301,1849.2921,1984.5766,2243.1087,2201.8053,2907.4991,2235.8444
2020-02-08,96,751.0000,914.3610,1096.8872,1314.0000,1537.1520,1716.7658,1832.0000,2043.4900,2025.0023,2483.4829,1905.1346
2020-02-08,96,765.0000,917.5823,1097.3080,1322.0000,1533.3755,1726.2430,1849.3754,2049.0858,2037.9585,2497.8079,1925.0000
2020-02-13,96,-9999.0000,-9999.0000,-9999.0000,-9999.0000,-9999.0000,-9999.0000,-9999.0000,-9999.0000,-9999.0000,-9999.0000,-9999.0000
2020-02-13,96,-9999.0000,-9999.0000,-9999.0000,-9999.0000,-9999.0000,-9999.0000,-9999.0000,-9999.0000,-9999.0000,-9999.0000,-9999.0000
2020-02-15,96,737.0000,932.7379,1193.4450,1483.3973,1784.6563,2022.0000,2178.6706,2388.2328,2380.7044,2826.7911,2154.9232
2020-02-15,96,786.0000,957.2062,1205.7600,1483.1191,1785.9278,2015.0000,2145.6898,2362.5587,2377.0000,2803.9444,2146.2030
2020-02-18,96,1495.0000,1520.0000,1582.0000,1660.4709,1898.5226,2109.9457,2209.6657,2298.0000,2358.8582,2700.9493,2070.2098
2020-02-18,96,1450.0000,1484.0000,1564.0000,1648.6251,1918.5176,2133.0000,2244.5938,2321.0255,2394.0000,2704.6693,2105.0000
2020-02-20,96,495.0000,893.5000,1196.7034,1555.7674,1906.7234,2204.7396,2396.0872,2689.7027,2649.6761,3329.7071,2690.5082
2020-02-20,96,534.9644,908.8312,1201.4679,1554.3009,1904.0000,2197.6434,2396.4495,2675.7532,2656.9132,3339.3583,2666.8135
2020-02-28,96,567.0000,781.3224,1033.1387,1286.0000,1568.6705,1904.0000,2059.7295,2356.0310,2277.6194,2771.9055,2130.7337
2020-02-28,96,574.0000,780.7462,1033.2103,1289.0763,1577.3194,1914.0000,2072.0000,2370.9329,2293.8372,2797.5825,2144.8230
2020-03-06,96,564.0000,670.8640,925.7326,1124.7307,1533.7282,1972.7499,2144.0000,2300.0128,2346.8096,1861.2917,1152.6336
2020-03-06,96,508.0000,637.7600,909.5850,1124.0000,1541.5949,1988.9769,2155.5245,2323.6809,2375.0000,1872.4403,1152.7985
2020-03-09,96,-9999.0000,-9999.0000,-9999.0000,-9999.0000,-9999.0000,-9999.0000,-9999.0000,-9999.0000,-9999.0000,-9999.0000,-9999.0000
2020-03-11,96,963.0000,1226.3452,1489.4257,1708.0000,2213.6706,2731.7120,3004.5081,3178.1855,3248.0000,3687.0000,2910.7178
2020-03-11,96,1059.0000,1284.7493,1529.2999,1723.4847,2218.5395,2725.0000,3009.0000,3203.4723,3273.0000,3802.1076,2939.0388
2020-03-14,96,-9999.0000,-9999.0000,-9999.0000,-9999.0000,-9999.0000,-9999.0000,-9999.0000,-9999.0000,-9999.0000,-9999.0000,-9999.0000
2020-03-16,96,465.6798,545.4370,745.7455,953.5159,1162.0000,1332.0000,1436.7419,1350.4106,1542.0000,1866.4925,1480.0000
2020-03-16,96,647.0000,678.1981,829.0480,981.5214,1158.0000,1373.5000,1421.9751,1387.6526,1555.0000,1825.0000,1463.0000
2020-03-19,96,845.3307,1009.4504,1188.8045,1401.2766,1521.4795,1561.7711,1613.6543,1693.4610,1680.3294,2084.8059,1890.0595
2020-03-19,96,894.0444,1041.1718,1208.5226,1401.4944,1520.6760,1565.3669,1621.0088,1692.7163,1689.3009,2081.6638,1881.6765
2020-03-21,96,-9999.0000,-9999.0000,-9999.0000,-9999.0000,-9999.0000,-9999.0000,-9999.0000,-9999.0000,-9999.0000,-9999.0000,-9999.0000
2020-03-24,96,722.5155,888.5312,956.6688,1064.6959,1128.0000,1213.3296,1249.9802,1337.5786,1277.8360,1378.0653,1317.5565
2020-03-24,96,684.0587,865.1447,942.7445,1076.7297,1132.7416,1202.0064,1232.5000,1324.5591,1269.5510,1400.0000,1328.0157
2020-03-29,96,-9999.0000,-9999.0000,-9999.0000,-9999.0000,-9999.0000,-9999.0000,-9999.0000,-9999.0000,-9999.0000,-9999.0000,-9999.0000
2020-03-29,96,-9999.0000,-9999.0000,-9999.0000,-9999.0000,-9999.0000,-9999.0000,-9999.0000,-9999.0000,-9999.0000,-9999.0000,-9999.0000
2020-03-31,96,1089.0000,1489.8408,1706.1159,1978.2695,2076.7288,2129.9444,2209.2453,2409.3359,2265.4836,2689.1033,2563.7877
2020-03-31,96,1109.6719,1506.2985,1716.6859,1979.3017,2081.2492,2133.6437,2209.9010,2408.8328,2265.5039,2680.4544,2562.4756
2020-04-03,96,1022.0000,1301.3658,1481.4916,1688.7872,1809.2506,1882.0000,1945.3322,2049.0893,1988.6063,2352.8676,2277.7207
2020-04-03,96,1054.0000,1328.4574,1500.2833,1696.4624,1821.1290,1889.2867,1941.0000,2061.0273,1985.1137,2354.4983,2285.5273
2020-04-05,96,1212.0000,1477.1059,1728.5050,1986.8636,2112.7738,2189.6253,2245.5533,2401.6518,2314.0004,2716.8134,2531.4227
2020-04-05,96,1222.0000,1476.0000,1729.2987,1978.6805,2101.8504,2181.4343,2236.6494,2396.3279,2304.4988,2705.7730,2523.1359
2020-04-08,96,1003.0000,1283.1569,1541.3298,1770.2518,1849.6865,1925.1329,1989.3807,2169.8444,2053.7449,2413.0000,2209.1341
2020-04-08,96,1044.0000,1293.4349,1545.2006,1762.9842,1846.3600,1921.3482,1981.9004,2160.3914,2046.0339,2406.5108,2205.3965
2020-04-10,96,1166.0000,1560.9553,1821.1474,2074.6084,2201.4032,2264.9752,2345.0000,2474.6730,2395.6889,2828.5214,2715.3214
2020-04-10,96,1189.0134,1556.8828,1805.0083,2042.1387,2174.3168,2245.9136,2324.5898,2460.8430,2377.7568,2805.1849,2699.3722
2020-04-13,96,1088.0000,1435.0326,1665.1865,1883.7295,2014.0606,2081.5122,2154.6621,2251.0857,2204.5090,2533.8376,2451.5885
2020-04-13,96,1120.0000,1449.0493,1660.6892,1867.4459,2001.4106,2077.6785,2148.9458,2251.7642,2195.2428,2521.4261,2444.3939
2020-04-15,96,1233.9853,1586.0735,1884.0078,2133.0090,2261.0927,2358.2486,2404.0000,2568.4240,2481.3828,2846.3991,2650.6253
2020-04-15,96,1269.0000,1578.1958,1859.4903,2098.3965,2225.2883,2337.5848,2390.6195,2553.0881,2461.8578,2820.4970,2626.3615
2020-04-18,96,1150.0000,1433.0026,1672.7669,1859.0805,2021.1416,2113.8062,2178.5348,2235.7040,2241.6209,2421.5166,2204.0801
2020-04-18,96,1207.0000,1454.0000,1681.5688,1843.0789,2009.1967,2112.4948,2182.0012,2243.8071,2234.7656,2414.1733,2194.4659
2020-04-23,96,1051.0000,1433.0563,1681.6016,1899.0632,2025.3161,2137.2230,2219.8915,2355.2467,2258.8019,2577.6646,2497.7216
2020-04-23,96,1091.0000,1428.0000,1661.0494,1859.6992,1985.1039,2105.4096,2194.4200,2331.1421,2243.2446,2552.8696,2475.0448
2020-04-25,96,1395.0000,1683.2345,1970.6052,2185.9946,2371.3652,2508.9736,2572.0349,2651.1425,2644.5836,2961.0160,2739.9040
2020-04-25,96,1412.0000,1677.1111,1954.2348,2164.0000,2341.5029,2493.3019,2555.4715,2634.0833,2636.1283,2945.8380,2714.9871
2020-04-30,96,-9999.0000,-9999.0000,-9999.0000,-9999.0000,-9999.0000,-9999.0000,-9999.0000,-9999.0000,-9999.0000,-9999.0000,-9999.0000
2020-04-30,96,-9999.0000,-9999.0000,-9999.0000,-9999.0000,-9999.0000,-9999.0000,-9999.0000,-9999.0000,-9999.0000,-9999.0000,-9999.0000
2020-05-03,96,754.0000,1100.9007,1346.2525,1618.8103,1778.6341,1961.8375,2058.7902,2195.8323,2145.2342,2418.0051,2209.5415
2020-05-03,96,815.0000,1113.3889,1348.5669,1603.4087,1771.0000,1956.1628,2051.9239,2187.7275,2139.8816,2417.4688,2235.2554
2020-05-08,96,1460.0000,1921.9661,2274.0080,2585.1343,2794.4154,2929.6219,3027.2622,3115.9840,3115.3290,3362.2611,3082.3896
2020-05-08,96,1405.0000,1818.6508,2140.4484,2441.4234,2643.3872,2804.4358,2916.7120,3009.3794,3011.5752,3285.6119,3035.1280
2020-05-10,96,2587.0000,2929.4910,3256.1957,3492.0000,3875.8081,4149.0000,4420.0000,4476.0000,4514.0000,4465.9517,3989.7092
2020-05-10,96,2121.0000,2566.0000,2954.0000,3226.0000,3600.0000,3939.0000,4284.0000,4372.0000,4403.0000,4631.0000,4248.0000
2020-05-15,96,1284.0000,1459.2694,1722.5479,1970.1608,2202.5899,2413.0000,2542.0000,2522.8644,2670.2862,2891.1918,2506.1648
2020-05-15,96,1373.0000,1482.9926,1739.9415,1994.9975,2205.5183,2393.0000,2524.0010,2521.8179,2661.5924,2924.5869,2520.2927
2020-05-23,96,1921.0000,2451.3977,2795.7837,3065.5052,3363.7454,3533.8030,3741.0888,3748.6097,3845.4195,4029.7015,3859.6800
2020-05-25,96,1772.0000,2344.2181,2773.9731,3190.1003,3476.9796,3629.7549,3720.2253,3849.1673,3853.0000,4357.2726,4088.2029
2020-05-25,96,1831.0000,2420.5990,2838.3458,3274.8531,3543.8910,3685.1226,3781.3024,3897.4485,3893.3542,4392.0804,4090.8719
2020-05-28,96,-9999.0000,-9999.0000,-9999.0000,-9999.0000,-9999.0000,-9999.0000,-9999.0000,-9999.0000,-9999.0000,-9999.0000,-9999.0000
2020-05-28,96,-9999.0000,-9999.0000,-9999.0000,-9999.0000,-9999.0000,-9999.0000,-9999.0000,-9999.0000,-9999.0000,-9999.0000,-9999.0000
2020-05-30,96,1790.0000,2455.1731,2871.5724,3223.4501,3526.7012,3693.0113,3853.6766,3990.0000,3955.0000,4360.8327,4169.0077
2020-05-30,96,1739.0000,2420.3435,2808.6831,3161.9136,3461.0526,3642.2108,3813.1013,3934.0000,3893.1389,4343.7285,4137.5151
2020-06-02,96,1377.0000,2035.2284,2456.3409,2808.1320,3112.6072,3308.9922,3480.2400,3532.9264,3586.5633,3977.3559,3812.5388
2020-06-02,96,1415.0000,1971.0879,2364.1199,2694.5948,2987.1478,3213.3488,3390.2845,3458.0000,3504.4363,3911.5413,3767.0831
2020-06-04,96,-9999.0000,-9999.0000,-9999.0000,-9999.0000,-9999.0000,-9999.0000,-9999.0000,-9999.0000,-9999.0000,-9999.0000,-9999.0000
2020-06-04,96,-9999.0000,-9999.0000,-9999.0000,-9999.0000,-9999.0000,-9999.0000,-9999.0000,-9999.0000,-9999.0000,-9999.0000,-9999.0000
2020-06-07,96,912.0000,1044.4483,1238.0000,1326.0000,1535.0000,1887.0000,2067.9625,1882.9899,2139.7132,1821.0000,1361.0000
2020-06-07,96,1093.0000,1264.6684,1490.0000,1604.0000,1917.0000,2342.0000,2509.0000,2382.0000,2631.0000,2453.0000,1855.0000
2020-06-12,96,772.0000,1093.0345,1380.9835,1491.3333,1818.9823,2249.2935,2418.0429,2427.3076,2482.3434,2386.4619,1932.6333
2020-06-12,96,811.0000,1108.4662,1388.3728,1489.6443,1817.3220,2249.2692,2419.6701,2409.9924,2483.8769,2372.5080,1928.8320
2020-06-14,96,1265.0000,1505.2411,1907.8003,1939.4092,2496.0000,3196.9630,3353.5025,3322.8418,3474.3966,3328.5025,2722.0000
2020-06-14,96,1210.0000,1564.4908,1980.0000,2008.4199,2573.0000,3270.2056,3418.9474,3394.2871,3539.2834,3372.0000,2735.0000
2020-06-17,96,909.0000,1115.9722,1562.6958,1490.8474,2140.6301,3170.0000,3432.2753,3393.9127,3569.9468,3068.2744,2312.0000
2020-06-17,96,910.0000,1129.5866,1580.0335,1482.8356,2155.0000,3169.6957,3436.0000,3384.5174,3578.1694,3065.0000,2310.3549
2020-06-19,96,1064.0000,1331.1790,1802.0675,1605.4271,2355.0000,3673.3110,3998.3553,4003.8513,4068.8434,3321.0102,2566.0565
2020-06-19,96,1008.0000,1356.0000,1810.6662,1658.0000,2338.0000,3660.2955,3993.0977,3985.9634,4066.0000,3300.0000,2521.8580
2020-06-22,96,655.0000,868.2745,1275.9600,1085.0000,1745.0000,3306.8415,3717.2274,3724.3304,3801.5971,2753.2802,1936.0000
2020-06-22,96,675.0000,891.1864,1289.3109,1083.2932,1731.0000,3290.0502,3699.6880,3699.5296,3774.1733,2738.0000,1963.0000
2020-06-24,96,-9999.0000,-9999.0000,-9999.0000,-9999.0000,-9999.0000,-9999.0000,-9999.0000,-9999.0000,-9999.0000,-9999.0000,-9999.0000
2020-06-27,96,569.0000,658.5580,1161.9188,811.5374,1745.1005,4137.9990,4703.0000,4677.9430,4863.0000,2803.3585,1671.0000
2020-06-27,96,682.0000,715.5539,1169.6897,833.1601,1710.1330,3969.7725,4547.0000,4531.8506,4733.0000,2786.5214,1669.6032
2020-06-29,96,735.0000,915.5137,1361.8945,1034.1008,1913.9526,4115.9866,4738.0000,4711.7662,4883.9915,2995.7985,1928.0000
2020-06-29,96,808.0000,923.9089,1346.0000,1025.5761,1872.0000,4011.5972,4643.2433,4584.7823,4756.3930,2988.2680,1906.8868
2020-07-02,96,-9999.0000,-9999.0000,-9999.0000,-9999.0000,-9999.0000,-9999.0000,-9999.0000,-9999.0000,-9999.0000,-9999.0000,-9999.0000
2020-07-02,96,-9999.0000,-9999.0000,-9999.0000,-9999.0000,-9999.0000,-9999.0000,-9999.0000,-9999.0000,-9999.0000,-9999.0000,-9999.0000
2020-07-04,96,-9999.0000,-9999.0000,-9999.0000,-9999.0000,-9999.0000,-9999.0000,-9999.0000,-9999.0000,-9999.0000,-9999.0000,-9999.0000
2020-07-04,96,-9999.0000,-9999.0000,-9999.0000,-9999.0000,-9999.0000,-9999.0000,-9999.0000,-9999.0000,-9999.0000,-9999.0000,-9999.0000
2020-07-07,96,348.6491,444.8707,765.2269,625.4386,1252.0000,3177.7301,3739.5216,3932.0832,3962.0000,2298.0000,1304.0000
2020-07-07,96,398.0000,473.0878,781.7296,636.0000,1253.9565,3138.2760,3681.5657,3881.7330,3940.3485,2276.0244,1300.0000
2020-07-09,96,495.0000,666.4742,1005.3074,820.5616,1512.9872,3696.0000,4459.2418,4506.2489,4707.3031,2813.6377,1659.0647
2020-07-09,96,574.0000,717.0332,1024.5049,836.7300,1493.0000,3539.3359,4250.6025,4329.5563,4507.7593,2765.9189,1679.0000
2020-07-12,96,256.7327,356.4563,610.1149,417.1865,996.7529,3202.0077,3960.2055,4131.4659,4158.0000,2173.3713,1191.0000
2020-07-12,96,312.4871,384.9898,633.8705,429.7552,1002.6445,3196.9572,3930.6231,4091.9383,4161.5000,2169.6273,1186.5381
2020-07-14,96,469.0000,469.5086,757.1022,538.3704,1182.9134,3731.7785,4516.2552,4641.4057,4796.0756,2488.8626,1360.4872
2020-07-14,96,506.0000,485.3576,766.5024,549.0094,1181.9985,3713.0000,4513.0554,4656.6448,4764.1965,2485.0210,1352.5277
2020-07-17,96,200.0000,218.1455,501.5312,265.2124,919.0000,3847.0000,4836.5879,4870.3920,5055.0000,2285.0534,1118.1073
2020-07-17,96,312.0000,296.6126,548.7850,305.3899,933.0000,3741.7963,4728.7739,4742.0000,4923.7281,2253.5914,1110.0000
2020-07-19,96,202.0000,265.2872,524.9699,253.5984,897.0467,3863.0000,5059.1998,5015.0817,5193.0064,2401.2940,1189.5559
2020-07-19,96,303.0000,348.6741,573.3943,304.6334,905.3081,3731.1001,4856.5000,4838.5948,4960.0000,2378.4160,1188.0000
2020-07-22,96,-9999.0000,-9999.0000,-9999.0000,-9999.0000,-9999.0000,-9999.0000,-9999.0000,-9999.0000,-9999.0000,-9999.0000,-9999.0000
2020-07-22,96,-9999.0000,-9999.0000,-9999.0000,-9999.0000,-9999.0000,-9999.0000,-9999.0000,-9999.0000,-9999.0000,-9999.0000,-9999.0000
2020-07-27,96,312.0000,300.7553,478.3615,253.4841,748.6375,3648.4890,4931.0000,4904.5324,5157.3909,2125.3729,964.0000
2020-07-27,96,386.0000,350.1641,510.4222,278.4557,761.5217,3585.0000,4847.0000,4823.1403,5089.4013,2106.0000,958.2556
2020-07-29,96,471.0000,488.4913,626.3868,365.8290,861.0000,3660.1126,5236.6235,5128.8787,5426.4955,2364.0007,1129.8777
2020-07-29,96,549.0000,554.5325,670.3244,408.5666,877.3987,3572.8525,5065.0029,4981.4921,5272.8493,2345.1621,1132.1911
2020-08-01,96,281.0000,308.2328,445.0870,245.4276,656.7042,3317.0000,4933.6723,4888.5032,5175.4221,2017.2683,925.3849
2020-08-01,96,377.0000,388.3574,497.9988,289.2499,684.4180,3253.2809,4790.6842,4727.4479,5028.2170,2002.3100,930.7803
2020-08-06,96,163.0000,178.3925,385.6444,175.0000,705.4019,4235.8722,5877.6498,5768.4493,6101.0081,2305.4457,1026.6581
2020-08-06,96,221.0000,222.5741,408.7259,193.6044,717.4916,4168.0000,5751.7378,5713.7764,6022.8764,2296.5183,1020.4814
2020-08-08,96,201.0000,238.4911,373.6135,189.4372,625.2461,3571.1242,5226.9316,5377.4276,5478.0136,2050.3754,916.6992
2020-08-08,96,320.0000,334.4311,446.5234,245.0628,665.3548,3428.0897,5016.7287,5140.2218,5256.0000,2033.4303,917.0509
2020-08-11,96,750.0000,728.5000,820.4356,605.9119,1025.0000,3467.0000,5012.0000,5078.8087,5411.0000,2302.8995,1106.5015
2020-08-11,96,747.0000,665.6607,818.0000,582.2420,1033.6178,3595.8131,5093.2757,5305.8761,5496.0000,2305.9134,1109.9888
2020-08-13,96,146.0000,134.6369,329.4615,165.7526,626.7117,3737.5266,5202.2402,5173.1186,5483.0677,2008.4783,877.0000
2020-08-13,96,343.0000,306.3865,453.3172,269.8728,685.3402,3538.4176,4886.3053,4872.3196,5205.5166,1985.0000,879.0000
2020-08-16,96,198.0000,182.6378,345.9833,209.4746,605.2465,3211.4279,4507.2609,4532.1274,4758.4247,1805.5330,809.3496
2020-08-16,96,276.0000,229.6526,377.4886,229.6787,624.8788,3162.4603,4417.4149,4469.0159,4716.3865,1788.8017,808.6433
2020-08-21,96,294.0000,358.5250,504.4738,301.9525,750.7507,2934.0000,4076.3926,4122.9025,4324.5315,1765.0000,877.4074
2020-08-21,96,315.0000,362.7001,506.7350,296.9588,745.0000,2955.5571,4129.6899,4146.2410,4371.1021,1769.6473,881.1257
2020-08-23,96,348.0000,377.5939,648.7778,368.2685,992.0000,3610.7972,4596.9995,4583.7690,4907.9921,2231.0000,1110.0403
2020-08-23,96,446.0000,450.6667,693.4723,409.5146,1019.0000,3521.9967,4460.2341,4465.6360,4752.5739,2200.0000,1106.6460
2020-08-26,96,742.0000,680.9932,965.9421,721.3232,1340.0000,3348.1572,4068.6022,4200.0000,4314.5587,2066.4905,1182.4510
2020-08-26,96,734.0000,670.2996,966.1794,709.5716,1349.2595,3409.8182,4155.4028,4273.4358,4398.2547,2082.0000,1188.6335
2020-08-28,96,217.0000,381.4048,749.0907,432.4991,1245.5596,3373.0859,4204.3951,4246.8593,4517.0013,2229.9228,1212.0000
2020-08-28,96,406.0000,526.6607,823.0000,517.2745,1261.9929,3170.6688,3971.1150,4004.3333,4226.5138,2192.6299,1201.0000
2020-09-02,96,-9999.0000,-9999.0000,-9999.0000,-9999.0000,-9999.0000,-9999.0000,-9999.0000,-9999.0000,-9999.0000,-9999.0000,-9999.0000
2020-09-02,96,-9999.0000,-9999.0000,-9999.0000,-9999.0000,-9999.0000,-9999.0000,-9999.0000,-9999.0000,-9999.0000,-9999.0000,-9999.0000
2020-09-05,96,344.0000,424.4529,742.7381,609.6651,1304.0000,2488.0000,2851.0000,2933.4595,3149.3468,1854.0000,1033.0000
2020-09-05,96,416.0000,476.7532,766.5294,617.8937,1297.7885,2491.3972,2847.0000,2905.9167,3098.8085,1841.7285,1028.9171
2020-09-07,96,-9999.0000,-9999.0000,-9999.0000,-9999.0000,-9999.0000,-9999.0000,-9999.0000,-9999.0000,-9999.0000,-9999.0000,-9999.0000
2020-09-07,96,-9999.0000,-9999.0000,-9999.0000,-9999.0000,-9999.0000,-9999.0000,-9999.0000,-9999.0000,-9999.0000,-9999.0000,-9999.0000
2020-09-10,96,863.0000,984.3506,1240.0000,1140.0000,1733.9768,2492.0000,2810.5402,2875.3851,3059.0000,2056.8057,1436.9826
2020-09-10,96,1026.0000,1086.0000,1290.0000,1162.0000,1683.0000,2428.0018,2752.0000,2804.0000,2961.5750,2015.0000,1392.6882
2020-09-12,96,423.0000,512.6253,873.9022,941.1298,1515.6472,2098.0000,2331.0000,2404.0000,2619.0000,2249.9555,1468.4884
2020-09-12,96,437.0000,518.3351,873.2507,946.2033,1505.0000,2108.7619,2337.5652,2439.3690,2633.0000,2254.4964,1477.6235
2020-09-15,96,342.0000,464.7385,713.1477,897.2544,1258.2158,1629.3800,1851.1450,1972.0000,2171.0000,2217.3338,1493.4626
2020-09-15,96,387.0000,486.8821,725.0851,897.2693,1269.6887,1658.1437,1905.9792,1962.3638,2214.9282,2217.8457,1493.6078
2020-09-17,96,627.0000,729.1576,937.5756,1089.9770,1448.6943,1827.0379,2125.3416,2210.0156,2418.7417,2482.7751,1797.3870
2020-09-17,96,699.0000,782.8664,965.2692,1093.4026,1448.0083,1825.2775,2090.4029,2201.2000,2395.9206,2459.7909,1786.7211
2020-09-20,96,380.0000,560.4888,756.0000,937.1682,1228.8733,1565.2131,1795.5073,1892.8591,2108.0000,2264.6085,1665.2412
2020-09-20,96,431.0000,590.5564,768.7184,944.4031,1224.6771,1553.9925,1787.9430,1898.5165,2103.0000,2266.6923,1657.6333
2020-09-25,96,389.0000,480.7740,650.5495,793.1933,1053.4767,1339.8566,1508.6884,1568.0000,1730.1078,1886.0000,1278.0179
2020-09-25,96,460.0000,530.0000,686.3356,809.6115,1062.4507,1355.2440,1530.0349,1578.9496,1760.2035,1891.0000,1279.0000
2020-09-30,96,494.0000,624.0000,730.6778,774.0292,1021.0000,1304.3046,1437.9238,1497.0299,1572.0223,1710.1617,1345.4990
2020-09-30,96,562.0000,664.0000,752.6252,786.0000,1010.5418,1297.4759,1437.0000,1516.0079,1573.2192,1692.0000,1332.8259
2020-10-07,96,326.0000,496.4641,614.6589,710.0498,973.0000,1340.6255,1491.6228,1606.1437,1641.0000,1820.0000,1353.9736
2020-10-07,96,339.0000,498.4542,620.6170,709.7161,978.5044,1338.0000,1470.0000,1609.6359,1672.1146,1821.3701,1356.0000
2020-10-10,96,894.0000,992.8592,1078.0000,1032.8560,1336.3110,1710.2634,1842.0000,1907.6667,1996.4732,1868.1336,1385.3499
2020-10-10,96,851.0000,960.4125,1058.0000,1021.5423,1349.0000,1743.0000,1891.0000,1929.2867,2062.6092,1901.7133,1396.7083
2020-10-12,96,598.0000,801.5104,1081.6160,1345.0000,1706.2396,2069.6138,2206.5433,2363.9246,2440.1932,2185.7610,1470.1317
2020-10-12,96,614.0000,820.5467,1089.1879,1354.7653,1700.7611,2068.0000,2220.2683,2364.5542,2444.3189,2177.9545,1468.1143
2020-10-20,96,1393.0000,1548.0000,1638.0000,1641.9549,1920.4891,2231.0000,2357.9011,2418.6387,2472.9732,2417.9929,1941.0000
2020-10-22,96,-9999.0000,-9999.0000,-9999.0000,-9999.0000,-9999.0000,-9999.0000,-9999.0000,-9999.0000,-9999.0000,-9999.0000,-9999.0000
2020-10-25,96,553.0000,753.7660,964.5744,1061.0986,1372.6252,1753.0000,1865.8961,1906.3001,2022.3963,2333.0000,1779.8552
2020-10-25,96,637.0000,809.6702,998.1098,1072.0000,1373.6450,1750.0004,1876.0000,1891.1115,2019.9346,2314.7822,1779.8913
2020-10-30,96,-9999.0000,-9999.0000,-9999.0000,-9999.0000,-9999.0000,-9999.0000,-9999.0000,-9999.0000,-9999.0000,-9999.0000,-9999.0000
2020-11-04,96,748.0000,884.2581,1070.0000,1092.9365,1449.5182,1874.6922,1984.9604,1963.1518,2129.0426,2373.2671,1835.7079
2020-11-04,96,825.0000,930.2566,1102.0000,1109.6434,1469.0520,1896.3666,2014.5000,1987.9064,2146.0000,2373.0000,1852.1644
2020-11-06,96,196.0000,465.6741,637.7595,781.8895,973.4210,1034.4478,1127.6931,1159.3369,1188.5582,1668.1203,1470.0000
2020-11-06,96,473.0000,666.6362,786.3841,861.2208,1029.8966,1100.2555,1178.8433,1221.9379,1233.4233,1619.3571,1440.0000
2020-11-09,96,538.7033,762.0785,893.5270,1001.7160,1202.6626,1269.0203,1338.3480,1395.5833,1409.4191,1715.8396,1555.0000
2020-11-09,96,574.0000,780.4859,906.5287,1005.3923,1186.2258,1260.4372,1343.0000,1394.3732,1419.3821,1696.9839,1514.6799
2020-11-11,96,447.0000,661.8555,909.4796,1148.3423,1324.8475,1370.8070,1427.6510,1526.6552,1529.5668,2060.0710,1828.0000
2020-11-11,96,664.4507,813.2994,1001.9254,1177.3232,1321.8096,1395.6817,1442.7374,1542.7650,1532.3168,2003.7080,1785.3386
2020-11-19,96,409.0000,650.7125,801.1178,913.5006,1009.1414,1060.7472,1123.2650,1187.4017,1180.0125,1437.8125,1269.0304
2020-11-19,96,416.0000,658.1935,797.7359,909.3421,1013.0372,1054.2595,1114.5665,1179.5310,1178.9865,1444.3918,1274.3751
2020-11-21,96,489.3404,741.6524,981.5607,1219.1499,1365.0041,1427.8239,1476.9930,1654.6310,1586.4902,2011.2517,1738.0000
2020-11-21,96,688.0000,873.8597,1060.5044,1241.3242,1373.6045,1436.4059,1483.6324,1673.4531,1588.2957,1955.6497,1705.6472
2020-11-24,96,743.0000,949.1957,1121.0174,1289.0191,1433.2417,1482.7033,1531.0068,1611.5012,1603.5335,1997.0000,1729.5977
2020-11-24,96,676.0000,904.9619,1100.5000,1282.0363,1413.7985,1468.8660,1523.9655,1603.1761,1594.1347,2012.0070,1716.7709
2020-11-26,96,656.0000,1021.4270,1200.5000,1409.8104,1585.4087,1643.8499,1716.5985,1813.8596,1779.2069,2171.0713,1955.8197
2020-11-26,96,830.0000,1129.2718,1256.9905,1416.8693,1573.7755,1629.8294,1699.4257,1782.6758,1763.6220,2137.1031,1925.0930
2020-11-29,96,623.0000,969.8625,1153.0111,1340.0000,1506.2612,1562.3845,1637.3108,1722.1370,1716.2724,2130.9577,2018.8967
2020-11-29,96,581.0000,945.6507,1133.5119,1337.0141,1492.9563,1540.7023,1626.8616,1719.0161,1708.2837,2138.5645,2014.3995
2020-12-01,96,214.0000,222.8229,218.0000,185.0000,186.0000,190.0000,181.0000,176.2960,171.0000,140.0000,112.0000
2020-12-01,96,214.0000,212.3048,203.0000,169.0000,161.0000,166.0000,160.0000,162.6742,160.0000,136.0000,105.0000
2020-12-19,96,723.0000,1013.5226,1169.1076,1272.7307,1496.6992,1657.4997,1757.1144,1794.9269,1837.6538,1852.4396,1537.0000
2020-12-19,96,735.0000,1008.8272,1168.5012,1281.6798,1512.8450,1689.5705,1780.0000,1811.2256,1860.4238,1868.0000,1554.4488
2020-12-26,96,-9999.0000,-9999.0000,-9999.0000,-9999.0000,-9999.0000,-9999.0000,-9999.0000,-9999.0000,-9999.0000,-9999.0000,-9999.0000
2020-12-26,96,-9999.0000,-9999.0000,-9999.0000,-9999.0000,-9999.0000,-9999.0000,-9999.0000,-9999.0000,-9999.0000,-9999.0000,-9999.0000
2020-12-31,96,661.0000,922.4874,1224.3890,1394.6820,1737.1915,2189.5853,2276.3264,2451.9224,2429.4890,2265.1435,1669.6099
2020-12-31,96,666.0000,933.8541,1234.5881,1409.2494,1747.0000,2198.0021,2299.3399,2475.5575,2445.9910,2277.5197,1673.2459
2021-01-03,96,605.0000,881.6212,1170.0000,1328.3693,1645.4973,2027.8437,2164.1651,2268.0895,2282.7325,2066.0323,1492.9647
2021-01-03,96,708.0000,949.4669,1201.8525,1347.6978,1676.6921,2045.4391,2161.1657,2276.1387,2277.3669,2065.2851,1501.5085
2021-01-08,96,554.0000,922.0000,1173.2237,1276.8080,1581.7078,1963.0456,2081.9659,2252.3944,2204.0000,2001.0078,1617.8554
2021-01-08,96,607.0000,953.8068,1193.3142,1294.0000,1598.1529,1985.0000,2106.0083,2273.7499,2218.0492,2000.8812,1625.9580
2021-01-13,96,574.0000,797.0024,1025.5455,1149.2102,1433.7414,1796.8035,1900.9439,2068.1233,2026.6268,1742.0934,1250.0645
2021-01-13,96,619.0000,824.7715,1044.9286,1157.2444,1457.8968,1824.4728,1922.1113,2076.6096,2018.9485,1749.4138,1257.8128
2021-01-18,96,-9999.0000,-9999.0000,-9999.0000,-9999.0000,-9999.0000,-9999.0000,-9999.0000,-9999.0000,-9999.0000,-9999.0000,-9999.0000
2021-02-09,96,-9999.0000,-9999.0000,-9999.0000,-9999.0000,-9999.0000,-9999.0000,-9999.0000,-9999.0000,-9999.0000,-9999.0000,-9999.0000
2021-02-14,96,605.0000,917.8202,1181.3333,1364.0011,1687.0000,2097.4282,2245.7402,2531.0373,2376.0627,2349.2480,1773.6370
2021-02-14,96,739.0000,1005.5000,1217.1937,1360.9331,1653.6015,2036.8792,2180.4330,2457.9428,2308.8973,2309.5108,1757.4478
2021-02-17,96,1147.0000,1288.0000,1360.0000,1413.2105,1657.3351,1928.7502,2060.0000,2153.6104,2172.8173,2097.1177,1662.3271
2021-02-17,96,1162.0000,1290.0000,1366.0000,1412.5922,1668.4660,1950.5297,2082.0000,2169.6930,2190.3505,2105.0000,1665.7474
2021-02-22,96,-9999.0000,-9999.0000,-9999.0000,-9999.0000,-9999.0000,-9999.0000,-9999.0000,-9999.0000,-9999.0000,-9999.0000,-9999.0000
2021-02-24,96,736.0000,1049.4609,1344.8305,1361.1193,1741.6836,2237.5066,2370.7869,2524.7981,2465.3768,2344.4545,1789.7893
2021-02-24,96,761.0000,1060.7210,1356.4141,1356.7842,1741.7474,2221.8089,2361.1888,2508.4568,2452.0038,2337.0246,1781.6071
2021-02-27,96,807.0000,1069.3926,1380.8258,1377.4737,1833.2151,2436.8225,2603.3217,2690.4182,2682.0122,2463.0000,2006.0000
2021-02-27,96,834.0000,1096.6720,1405.0524,1389.0000,1829.0000,2453.8214,2617.6623,2708.5183,2688.9932,2465.4926,1974.0156
2021-03-01,96,899.0000,1089.8481,1531.3362,1547.5757,2130.0449,3108.6284,3257.1313,3562.7493,3372.0530,3052.5488,2367.0000
2021-03-01,96,896.0000,1099.0852,1531.7256,1530.8205,2125.0000,3100.2008,3259.6909,3542.8424,3363.0420,3018.0000,2339.4460
2021-03-04,96,1278.0000,1416.5272,1689.6307,1618.0000,2115.0512,2964.1173,3154.4784,3324.7152,3269.9266,2828.5486,2138.1684
2021-03-04,96,1417.0000,1492.3042,1725.3436,1632.2767,2114.0000,2947.8770,3140.6660,3314.8466,3243.6212,2803.1620,2099.7165
2021-03-06,96,682.0000,964.6261,1371.0078,1264.0000,1941.4532,3105.8158,3323.1792,3637.8103,3416.0000,2806.0000,2101.4648
2021-03-06,96,766.9932,1003.7045,1387.4760,1266.4408,1908.0975,3067.4573,3283.7158,3575.1639,3379.4986,2799.0000,2111.0000
2021-03-09,96,942.0000,1121.3530,1435.1392,1354.6624,1980.2403,3052.4251,3277.8674,3515.8990,3387.6350,2779.6440,2193.7429
2021-03-09,96,905.0000,1116.0000,1450.2761,1355.4069,2037.5000,3171.8082,3402.2130,3649.8041,3515.4614,2817.5316,2194.7755
2021-03-16,96,478.0000,577.5405,933.1094,837.8286,1509.5642,2962.3138,3282.0000,3525.4219,3352.5848,2342.0000,1614.4045
2021-03-16,96,563.0000,625.2154,956.8469,857.3481,1508.3337,2924.6640,3228.0000,3462.0528,3301.0856,2355.0000,1607.0000
2021-03-19,96,487.0000,585.0000,853.8671,741.4821,1345.2391,2700.1678,2980.3381,3221.0092,3085.7989,1975.0000,1328.9418
2021-03-19,96,552.5894,622.4448,873.6284,757.2700,1355.0000,2674.4703,2953.2014,3201.6045,3058.3620,1968.0000,1328.6404
2021-03-21,96,-9999.0000,-9999.0000,-9999.0000,-9999.0000,-9999.0000,-9999.0000,-9999.0000,-9999.0000,-9999.0000,-9999.0000,-9999.0000
2021-03-21,96,-9999.0000,-9999.0000,-9999.0000,-9999.0000,-9999.0000,-9999.0000,-9999.0000,-9999.0000,-9999.0000,-9999.0000,-9999.0000
2021-03-24,96,602.0000,661.6252,1028.0924,986.6910,1643.8240,2986.5586,3275.3421,3478.7292,3401.1183,2502.3356,1787.6582
2021-03-24,96,649.0000,689.6249,1042.7724,995.9491,1634.6487,2988.8061,3256.4145,3480.0848,3392.0000,2495.0000,1779.5820
2021-03-26,96,922.0000,1024.7057,1253.3671,1208.2411,1703.0000,2709.1336,2972.0919,3153.4933,3092.6625,2574.0000,1972.1452
2021-03-26,96,967.0000,1053.7442,1273.2169,1217.4982,1706.0000,2672.8916,2930.8828,3115.8451,3049.8831,2577.0000,1992.5087
2021-03-29,96,829.0000,926.5940,1136.0000,1025.0622,1529.8352,2662.3195,2996.1942,3083.3762,3088.0000,2252.0000,1661.0000
2021-03-29,96,847.0000,922.6126,1144.0000,1028.7226,1536.0000,2717.1128,3044.6994,3146.4130,3162.0534,2260.8745,1673.0000
2021-03-31,96,638.0000,673.3924,1001.6115,845.4682,1460.4522,3035.9921,3386.4546,3516.3522,3493.0525,2328.3018,1567.0000
2021-03-31,96,756.0000,752.2095,1041.1727,881.8275,1455.0000,2913.4731,3235.8561,3385.5730,3355.2546,2285.7539,1542.0907
2021-04-03,96,490.0000,510.5439,769.0000,597.2195,1168.0000,2706.8440,3123.9372,3275.4315,3249.0220,1790.4525,1117.0000
2021-04-03,96,552.0000,558.0000,796.0093,617.4064,1179.0000,2686.0000,3098.9886,3249.5511,3213.0000,1776.0000,1109.0803
2021-04-05,96,530.0000,622.3109,902.2520,682.2000,1318.4539,3042.9939,3564.4437,3770.2613,3652.1584,2009.3197,1271.0000
2021-04-05,96,539.0000,634.2114,909.5882,677.5867,1329.0000,3043.4617,3578.1719,3778.6048,3667.7241,2013.3684,1298.4157
2021-04-08,96,354.0000,440.6510,708.5055,518.5537,1112.3673,2766.6225,3294.2971,3562.0599,3422.1712,1705.8463,1066.8355
2021-04-08,96,410.0000,484.3399,734.1258,533.0128,1120.4647,2737.0120,3259.7748,3538.0169,3395.4637,1703.0000,1070.0000
2021-04-10,96,529.6487,521.1854,841.9399,597.4569,1317.6454,3275.8158,3787.7126,3939.8721,3900.5641,1944.1452,1181.6538
2021-04-10,96,622.0000,605.5315,889.8463,641.6000,1324.4950,3177.9998,3659.7782,3826.6928,3804.5076,1949.2148,1175.0000
2021-04-15,96,775.0000,804.5981,922.0000,740.7609,1208.0000,2438.0000,2837.4145,3029.2651,2885.0000,1434.6555,908.3583
2021-04-15,96,805.0000,818.1785,932.4897,746.5913,1207.0000,2449.5653,2853.6391,3043.0905,2897.5219,1438.3018,908.5392
2021-04-20,96,-9999.0000,-9999.0000,-9999.0000,-9999.0000,-9999.0000,-9999.0000,-9999.0000,-9999.0000,-9999.0000,-9999.0000,-9999.0000
2021-04-20,96,-9999.0000,-9999.0000,-9999.0000,-9999.0000,-9999.0000,-9999.0000,-9999.0000,-9999.0000,-9999.0000,-9999.0000,-9999.0000
2021-04-23,96,204.0000,221.4500,486.0809,277.3880,873.0938,2734.3738,3333.0160,3473.1807,3464.4606,1283.6810,681.6791
2021-04-23,96,356.0000,349.7933,573.0934,357.6918,920.9484,2659.0000,3229.6065,3363.0168,3355.0000,1275.7998,689.1422
2021-04-25,96,455.0000,517.7108,721.6828,469.4134,1044.9874,2852.7299,3548.9197,3707.6350,3700.0000,1444.3238,803.4368
2021-04-25,96,562.0000,608.3577,785.7951,533.2569,1068.8747,2779.0000,3446.0000,3594.8250,3588.4851,1445.4588,804.0485
2021-04-28,96,245.0000,349.3511,561.3202,397.1772,882.5899,2531.0000,3210.0891,3298.9589,3365.0000,1285.6756,774.0000
2021-04-28,96,334.0000,405.2241,601.4714,429.1193,901.5952,2503.0000,3169.4705,3260.0000,3316.6999,1283.0000,777.1570
2021-04-30,96,-9999.0000,-9999.0000,-9999.0000,-9999.0000,-9999.0000,-9999.0000,-9999.0000,-9999.0000,-9999.0000,-9999.0000,-9999.0000
2021-04-30,96,-9999.0000,-9999.0000,-9999.0000,-9999.0000,-9999.0000,-9999.0000,-9999.0000,-9999.0000,-9999.0000,-9999.0000,-9999.0000
2021-05-03,96,169.8366,174.3984,350.3442,173.7886,610.1091,2494.8079,3337.0000,3473.1873,3480.0000,1044.1194,506.0323
2021-05-03,96,219.0000,222.3618,380.1717,197.1247,624.7651,2481.0000,3294.0000,3442.9286,3437.1344,1042.1040,505.3563
2021-05-05,96,-9999.0000,-9999.0000,-9999.0000,-9999.0000,-9999.0000,-9999.0000,-9999.0000,-9999.0000,-9999.0000,-9999.0000,-9999.0000
2021-05-05,96,-9999.0000,-9999.0000,-9999.0000,-9999.0000,-9999.0000,-9999.0000,-9999.0000,-9999.0000,-9999.0000,-9999.0000,-9999.0000
2021-05-08,96,106.0000,190.9101,397.0000,169.1297,690.0678,2889.0000,4052.0000,4212.0000,4180.2320,1212.9242,626.1033
2021-05-08,96,232.0000,296.2914,466.1754,233.5715,729.1292,2807.0000,3894.0000,4049.4863,4061.3048,1214.0000,625.3905
2021-05-10,96,380.0000,378.5608,623.0000,360.8916,930.1075,3270.0000,4282.1926,4322.5451,4446.6858,1475.2019,755.2734
2021-05-10,96,467.0000,454.6230,674.5082,413.3022,957.4628,3194.4586,4170.3462,4210.9024,4330.2961,1469.3774,766.1909
2021-05-13,96,716.0000,738.5522,898.5917,734.6277,1144.7881,2730.2487,3554.4325,3572.0750,3664.8597,1141.0000,722.7078
2021-05-13,96,670.0000,696.7394,872.4910,708.8973,1138.0000,2769.7713,3626.4883,3652.3007,3744.0000,1144.4235,721.0000
2021-05-15,96,-9999.0000,-9999.0000,-9999.0000,-9999.0000,-9999.0000,-9999.0000,-9999.0000,-9999.0000,-9999.0000,-9999.0000,-9999.0000
2021-05-15,96,-9999.0000,-9999.0000,-9999.0000,-9999.0000,-9999.0000,-9999.0000,-9999.0000,-9999.0000,-9999.0000,-9999.0000,-9999.0000
2021-05-18,96,109.0000,188.5149,364.5183,166.4204,645.5524,2769.8042,4037.5299,4195.0632,4196.4366,1003.1380,493.3897
2021-05-18,96,182.0000,242.5760,402.4788,196.2563,661.5350,2733.9722,3955.0846,4138.2468,4130.7135,997.7537,489.3157
2021-05-20,96,133.0000,144.2946,390.7197,157.6489,737.1716,3262.5263,4488.4975,4715.4973,4668.5936,1150.1527,533.2161
2021-05-20,96,220.0000,226.5741,444.7302,210.5602,765.3320,3192.1537,4370.0000,4577.9557,4563.6360,1148.8731,537.1827
2021-05-23,96,1155.0000,1142.0000,1270.0000,1076.0000,1510.4553,3026.5106,3863.0000,3902.5252,4027.0000,1389.7824,977.3522
2021-05-23,96,1163.0000,1142.0000,1288.0000,1078.0000,1532.0610,3112.0000,3962.0000,4020.0000,4136.4543,1401.2074,981.1901
2021-05-25,96,-9999.0000,-9999.0000,-9999.0000,-9999.0000,-9999.0000,-9999.0000,-9999.0000,-9999.0000,-9999.0000,-9999.0000,-9999.0000
2021-05-25,96,-9999.0000,-9999.0000,-9999.0000,-9999.0000,-9999.0000,-9999.0000,-9999.0000,-9999.0000,-9999.0000,-9999.0000,-9999.0000
2021-05-28,96,124.0000,222.4997,426.2091,229.3737,721.7055,2649.5633,3688.0000,3915.7766,3915.6842,1035.3408,540.2701
2021-05-28,96,244.0000,314.3505,490.4854,281.5904,758.3160,2581.7891,3564.6845,3804.4257,3813.5938,1035.5912,545.8878
2021-05-30,96,166.0000,198.2943,473.7418,228.9756,841.0940,3144.6238,4146.9465,4404.0000,4426.6500,1227.8559,594.9286
2021-05-30,96,269.0000,274.7401,521.2832,282.0905,865.5080,3080.9010,4056.4355,4296.0000,4319.0000,1228.1070,597.2077
2021-06-02,96,94.0318,125.6260,389.4219,189.6951,773.4576,2820.9273,3789.9437,3980.8798,4090.7258,1132.8888,563.2190
2021-06-02,96,248.0000,266.7242,489.7987,281.1005,833.7221,2765.2454,3676.0000,3869.2383,3955.0000,1138.1938,569.3895
2021-06-04,96,1216.0000,937.0000,1085.3333,902.0175,1457.0000,2752.0000,3406.6637,3484.6039,3562.3416,1635.0000,1305.0000
2021-06-04,96,1194.0000,918.0497,1076.5414,893.8033,1453.3011,2801.3535,3490.0000,3553.1374,3641.0000,1645.5896,1315.0000
2021-06-07,96,760.0000,822.3202,1008.6231,774.2132,1332.9335,2801.1268,3529.0395,3605.2077,3802.2293,1379.9096,877.9924
2021-06-07,96,745.0000,810.5785,1004.0000,760.5063,1329.1861,2843.4694,3595.8627,3682.5209,3859.0824,1386.3879,877.0000
2021-06-09,96,475.0000,486.5066,772.3760,537.5483,1200.8899,2846.3802,3507.1142,3666.3804,3884.7021,1435.1218,754.0820
2021-06-09,96,390.0000,405.2408,721.6731,481.1636,1177.8266,2913.3714,3605.9215,3762.3357,3977.1493,1436.1591,753.8953
2021-06-12,96,96.0000,194.3955,542.0180,409.6137,1084.7993,2429.0117,3001.1414,3146.9137,3420.1912,1341.0000,753.5864
2021-06-12,96,315.0000,373.3811,658.0708,509.5709,1133.0693,2387.1604,2923.2807,3042.2863,3316.6105,1338.6606,758.0000
2021-06-14,96,339.0000,486.4277,801.5015,709.1062,1401.3455,2523.9286,3051.0232,3291.3406,3458.6741,1603.9859,914.5785
2021-06-14,96,290.0000,448.4790,776.9032,688.5014,1394.0918,2562.5009,3089.9364,3339.8605,3525.0000,1613.6945,913.0000
2021-06-17,96,47.0000,249.3016,565.0406,673.2544,1293.4819,2076.9650,2484.7512,2709.1770,2947.2285,1618.2658,966.8317
2021-06-17,96,340.0000,474.2819,716.7235,765.1996,1314.0000,2052.3508,2427.1210,2626.7520,2843.9635,1594.0000,968.8472
2021-06-19,96,891.0000,1036.5914,1388.8206,1563.2379,2100.3050,2653.9578,2899.9554,2922.3850,3203.4553,3147.1527,2308.8520
2021-06-19,96,907.0000,1052.0000,1396.5458,1560.0000,2099.5483,2653.4379,2890.2504,2922.3402,3205.7309,3138.4570,2307.7243
2021-06-22,96,714.1330,933.3497,1305.2438,1666.6126,2205.0949,2700.3409,2962.9559,3074.6046,3322.3216,3505.4989,2548.1840
2021-06-22,96,785.0000,965.3130,1316.8039,1642.9013,2162.2236,2657.8711,2914.8339,3035.2240,3268.3818,3468.5785,2540.4053
2021-06-24,96,866.0000,1165.3342,1500.2739,1851.2227,2348.0212,2729.4120,3052.1021,3097.6122,3360.0000,3787.0000,2923.3619
2021-06-24,96,884.5208,1176.3572,1505.0181,1858.6689,2346.1468,2724.5455,3043.1807,3089.6669,3355.0248,3781.9687,2921.9962
2021-06-27,96,-9999.0000,-9999.0000,-9999.0000,-9999.0000,-9999.0000,-9999.0000,-9999.0000,-9999.0000,-9999.0000,-9999.0000,-9999.0000
2021-06-27,96,1668.0000,1797.4250,1997.1190,2187.7633,2640.0000,3021.9529,3317.0000,3393.7169,3547.4125,3180.0092,2532.6540
2021-06-29,96,885.3268,1144.6752,1514.2539,1947.2309,2414.0000,2779.0000,3027.9482,3090.2289,3373.0000,3869.2537,2892.2683
2021-06-29,96,897.0000,1152.9063,1520.8201,1970.1753,2435.0742,2806.0000,3040.5431,3098.3064,3395.1457,3889.9207,2899.0000
2021-07-02,96,732.5577,1012.6857,1355.0375,1835.9517,2259.5000,2596.9816,2875.9998,2973.0942,3218.6589,3778.1293,2811.5954
2021-07-02,96,763.0000,1033.0269,1368.7955,1835.8380,2256.2953,2609.4136,2878.3022,2977.7459,3220.4117,3784.3423,2802.3962
2021-07-04,96,1045.0000,1268.0000,1520.9446,1890.7589,2341.0000,2717.0466,3086.0169,3122.2256,3443.6249,3971.3255,3027.5002
2021-07-07,96,673.0000,953.7557,1252.5923,1578.7009,1964.4610,2322.0900,2560.9744,2626.7391,2810.2134,3308.8060,2668.2377
2021-07-07,96,700.0000,977.0799,1256.5000,1555.0986,1937.2726,2301.7484,2540.5307,2611.5433,2796.0424,3283.8674,2645.3199
2021-07-09,96,920.0000,1194.1966,1563.3426,1926.6296,2363.9859,2805.1898,3003.0081,3130.8772,3289.7182,3856.2081,3047.4056
2021-07-09,96,921.6285,1179.8081,1524.2155,1876.0000,2305.0000,2765.9351,2954.3537,3074.4322,3235.5967,3823.0000,3009.2081
2021-07-12,96,760.0000,1041.5247,1378.4689,1643.3130,2038.0000,2459.0000,2708.0869,2722.1189,2953.9287,3130.8256,2380.0049
2021-07-12,96,841.0000,1069.0497,1372.7110,1604.0483,1980.2934,2422.5115,2660.0000,2675.3222,2897.7446,3083.6251,2362.7433
2021-07-14,96,-9999.0000,-9999.0000,-9999.0000,-9999.0000,-9999.0000,-9999.0000,-9999.0000,-9999.0000,-9999.0000,-9999.0000,-9999.0000
2021-07-19,96,-9999.0000,-9999.0000,-9999.0000,-9999.0000,-9999.0000,-9999.0000,-9999.0000,-9999.0000,-9999.0000,-9999.0000,-9999.0000
2021-07-19,96,-9999.0000,-9999.0000,-9999.0000,-9999.0000,-9999.0000,-9999.0000,-9999.0000,-9999.0000,-9999.0000,-9999.0000,-9999.0000
2021-07-22,96,836.0000,1044.9271,1355.1766,1562.4803,1980.6957,2622.0470,2898.9632,2899.1434,3176.7404,3349.2863,2532.5816
2021-07-22,96,843.0000,1068.8994,1357.0884,1545.5498,1958.0692,2600.4624,2872.4201,2874.9612,3148.5766,3338.2337,2528.9676
2021-07-24,96,1166.4971,1309.5077,1521.2027,1620.1981,1987.8750,2647.0000,3048.9435,3038.0000,3264.9280,3308.0506,2589.5000
2021-07-24,96,1109.3520,1324.4396,1592.0000,1762.2262,2145.8698,2818.3022,3220.4940,3210.0939,3452.2557,3465.6188,2653.9805
2021-07-29,96,844.0000,1042.5101,1346.5424,1546.6701,1979.7312,2712.7212,2938.0000,2962.8969,3162.3799,3314.0292,2529.0000
2021-07-29,96,838.0000,1041.5042,1324.0000,1482.5137,1917.2661,2650.1589,2881.0000,2898.8731,3091.9741,3259.3138,2499.0461
2021-08-01,96,1305.0000,1401.8571,1690.1519,1890.0618,2347.5088,3210.5171,3604.0000,3573.4677,3900.0146,3546.0799,2554.4308
2021-08-01,96,1452.0000,1380.6327,1714.5836,1907.7226,2395.0000,3290.0000,3729.0000,3666.0000,4019.0000,3579.8511,2428.0000
2021-08-03,96,874.0000,1138.9539,1395.0558,1562.8681,1993.5269,2688.9517,2999.0000,3051.9905,3195.2968,3323.0000,2602.3958
2021-08-03,96,859.0000,1137.6119,1388.5835,1531.1422,1955.9786,2653.0674,2972.0000,3027.8223,3169.6124,3283.4412,2588.0295
2021-08-06,96,674.0000,893.9184,1141.5414,1243.6684,1660.2097,2444.0000,2748.0000,2777.8296,2944.3237,2874.2539,2268.1133
2021-08-06,96,672.0000,913.4786,1148.5462,1251.4294,1660.0000,2441.0000,2737.5167,2768.9941,2938.6685,2884.7510,2227.0000
2021-08-08,96,-9999.0000,-9999.0000,-9999.0000,-9999.0000,-9999.0000,-9999.0000,-9999.0000,-9999.0000,-9999.0000,-9999.0000,-9999.0000
2021-08-11,96,759.0000,913.2706,1172.7375,1291.5103,1710.0000,2455.0000,2741.0213,2741.7449,2960.0000,2914.3709,2196.3012
2021-08-11,96,770.0000,941.1869,1185.4417,1291.9297,1690.4160,2439.0000,2726.4072,2731.6541,2932.8461,2912.4890,2181.4567
2021-08-13,96,1106.0000,1160.0000,1386.0000,1510.0000,1934.0000,2431.0000,2704.0000,2712.0000,2881.0000,2601.0000,2036.0000
2021-08-13,96,1011.0000,1140.8505,1321.2878,1377.0086,1754.6949,2390.6855,2724.0000,2688.7511,2873.8610,2452.2338,1878.1003
2021-08-16,96,702.0000,945.3012,1201.0000,1314.2779,1698.6294,2408.0000,2753.3052,2741.2325,2965.0000,2858.5934,2204.4861
2021-08-16,96,732.0000,973.6219,1204.1117,1306.9663,1685.1986,2387.0000,2733.5000,2724.0000,2941.4903,2859.8098,2194.4665
2021-08-18,96,810.0000,979.4681,1265.8137,1427.4178,1852.5248,2638.0621,2890.0269,3009.4956,3121.4947,3163.8497,2367.0000
2021-08-18,96,826.0000,996.2332,1258.3370,1404.0370,1818.7782,2589.0000,2829.3063,2952.8312,3070.2667,3091.3856,2324.0910
2021-08-21,96,768.0000,930.8819,1179.4882,1315.2198,1715.3243,2437.9587,2717.2792,2753.5920,2953.6502,2953.3201,2149.7236
2021-08-21,96,829.0000,969.6478,1185.1819,1282.1447,1679.0000,2377.4792,2661.2601,2700.5950,2890.0007,2899.7978,2121.9772
2021-08-26,96,682.0000,901.0000,1124.8967,1242.2872,1636.0951,2372.0000,2680.0000,2745.4917,2906.9403,2852.1418,2172.5000
2021-08-26,96,689.4507,916.7658,1141.3386,1260.3302,1643.8616,2377.0000,2702.0000,2762.0000,2909.3992,2861.1136,2170.3549
2021-08-28,96,-9999.0000,-9999.0000,-9999.0000,-9999.0000,-9999.0000,-9999.0000,-9999.0000,-9999.0000,-9999.0000,-9999.0000,-9999.0000
2021-08-28,96,-9999.0000,-9999.0000,-9999.0000,-9999.0000,-9999.0000,-9999.0000,-9999.0000,-9999.0000,-9999.0000,-9999.0000,-9999.0000
2021-08-31,96,1381.0000,1084.0000,1310.0000,1216.0000,1786.0000,2723.0000,3116.0000,2972.6875,3316.0000,2622.0000,1798.0000
2021-08-31,96,1217.0000,1015.0000,1200.0000,1138.0000,1658.0000,2632.0000,2991.0000,2906.0000,3205.0000,2422.0000,1674.0000
2021-09-02,96,596.0000,805.3843,1050.8635,1066.6134,1558.3394,2636.0000,2993.9781,3129.3504,3180.0000,2745.9258,1964.4870
2021-09-02,96,661.0000,842.0881,1068.8861,1058.9044,1536.6882,2586.4201,2921.0598,3065.1656,3109.3163,2699.2560,1936.5418
2021-09-05,96,536.0000,709.5896,945.0308,955.5109,1394.6423,2400.1749,2749.8622,2875.4869,2949.2418,2474.5680,1786.3124
2021-09-05,96,573.0000,734.1976,961.7910,956.0786,1395.0973,2392.4008,2730.1277,2858.1346,2938.0000,2467.2575,1778.3596
2021-09-07,96,671.0000,788.0979,1091.6088,1115.2800,1625.5043,2845.5378,3160.0222,3314.3826,3408.9439,2852.9522,1928.0000
2021-09-07,96,744.0000,843.4556,1106.4446,1107.2346,1603.0408,2776.8724,3090.3472,3234.6411,3315.0000,2804.2175,1916.3514
2021-09-10,96,586.4971,761.5624,1029.0117,1145.1359,1562.4606,2347.0000,2636.9852,2787.9507,2873.0000,2671.0000,1883.6602
2021-09-10,96,641.0000,813.2020,1044.1958,1154.6669,1553.5075,2313.0000,2603.4584,2748.3913,2839.0000,2647.0000,1876.0543
2021-09-12,96,936.0000,1322.6629,1563.1164,1842.6266,2097.9414,2161.3666,2321.5607,2371.8402,2442.6413,3115.9190,2868.4379
2021-09-12,96,1000.0000,1316.7953,1538.7061,1787.8657,2042.5497,2134.0000,2284.6033,2338.6475,2411.3925,3060.0184,2834.4922
2021-09-20,96,447.0000,594.5167,765.5097,965.8525,1112.8271,1186.1812,1272.4894,1299.0310,1378.5317,1780.4562,1437.7790
2021-09-20,96,472.0000,614.1940,773.5132,969.4722,1117.7071,1187.3084,1260.3896,1299.1627,1379.7711,1780.1860,1432.9516
2021-09-22,96,926.0000,1244.0000,1474.0000,1544.0000,1792.0000,2376.0000,2639.0000,2520.0000,2758.0000,2406.0000,1993.0000
2021-09-25,96,-9999.0000,-9999.0000,-9999.0000,-9999.0000,-9999.0000,-9999.0000,-9999.0000,-9999.0000,-9999.0000,-9999.0000,-9999.0000
2021-09-25,96,-9999.0000,-9999.0000,-9999.0000,-9999.0000,-9999.0000,-9999.0000,-9999.0000,-9999.0000,-9999.0000,-9999.0000,-9999.0000
2021-09-27,96,1305.0000,1298.6485,1458.5501,1563.4620,1813.0000,2035.4125,2100.1462,2088.6543,2217.7135,2472.0119,1980.5714
2021-09-27,96,1310.0000,1293.6436,1412.0000,1484.0000,1691.2514,1941.0313,2036.0790,1978.7157,2132.1056,2311.0000,1742.0000
2021-09-30,96,808.0000,1058.4303,1329.8864,1548.0684,1756.1620,1908.0000,1994.0000,2051.1551,2099.8467,2602.3011,2298.0274
2021-09-30,96,831.0000,1091.6428,1338.5676,1539.3753,1754.3213,1902.0000,1993.2148,2034.4794,2102.2959,2595.1405,2283.7542
2021-10-02,96,1673.0000,1934.0000,2048.8048,2093.4722,2365.0000,2487.0000,2590.0000,2662.0000,2629.7149,2625.5532,2373.0309
2021-10-05,96,-9999.0000,-9999.0000,-9999.0000,-9999.0000,-9999.0000,-9999.0000,-9999.0000,-9999.0000,-9999.0000,-9999.0000,-9999.0000
2021-10-10,96,-9999.0000,-9999.0000,-9999.0000,-9999.0000,-9999.0000,-9999.0000,-9999.0000,-9999.0000,-9999.0000,-9999.0000,-9999.0000
2021-10-10,96,-9999.0000,-9999.0000,-9999.0000,-9999.0000,-9999.0000,-9999.0000,-9999.0000,-9999.0000,-9999.0000,-9999.0000,-9999.0000
2021-10-15,96,938.0000,1235.1906,1484.3205,1627.1700,1850.0415,2145.3734,2265.6317,2387.5500,2381.5961,2524.1906,2287.0000
2021-10-15,96,954.0000,1264.9951,1499.1225,1619.5350,1841.0169,2136.0000,2261.9987,2369.5627,2369.9356,2515.1321,2273.4607
2021-10-17,96,1120.0000,1355.6140,1633.8379,1826.3350,2098.9880,2404.3590,2498.0109,2657.8423,2625.0000,2931.1131,2540.2857
2021-10-17,96,1100.0000,1362.4580,1642.6884,1827.6187,2099.5247,2410.8368,2505.7524,2651.3633,2617.6244,2930.9212,2547.0000
2021-10-27,96,1023.0000,1260.3070,1540.4843,1689.8736,2002.2742,2380.1615,2450.9969,2578.1665,2593.8531,2827.7379,2426.1550
2021-10-27,96,1001.0000,1266.6498,1555.3031,1699.9344,2020.3521,2388.9020,2490.9260,2594.6792,2604.4252,2843.6509,2426.3539
2021-10-30,96,956.6981,1200.5044,1346.9841,1377.0000,1629.0000,1919.0000,2006.2548,2096.5000,2077.0000,1982.0000,1540.0000
2021-10-30,96,1046.0000,1226.0340,1344.0000,1380.0000,1601.6502,1898.4368,1957.0000,2087.3333,2079.0000,1976.0000,1552.0000
2021-11-04,96,172.0000,370.9381,552.9944,637.0568,910.2646,1301.4147,1419.5051,1369.6667,1547.7770,1314.0000,1020.9516
2021-11-04,96,35.0000,272.3767,485.8688,593.7472,895.0000,1290.0000,1441.0000,1385.6014,1557.0000,1310.4909,1021.0321
2021-11-06,96,330.6348,480.7601,781.2723,869.1663,1250.5000,1786.4154,1868.5383,1942.9908,2001.2861,1922.0017,1421.5088
2021-11-06,96,557.0000,648.5447,881.3358,925.5714,1266.3286,1750.0000,1834.5041,1908.7475,1955.0000,1881.0991,1405.6602
2021-11-11,96,583.0000,896.6801,1140.8563,1149.0782,1565.5072,2063.0000,2228.3469,2244.5780,2316.8365,2194.1065,1665.3114
2021-11-11,96,663.0000,944.1675,1161.3715,1156.3445,1564.8681,2039.0000,2203.0000,2227.4845,2297.5048,2177.6884,1662.5417
2021-11-19,96,600.0000,736.7540,980.3421,924.0000,1337.6601,2020.5158,2146.0000,2148.5804,2234.1759,1761.5502,1230.6713
2021-11-19,96,614.0000,734.5167,976.7267,914.3685,1334.4300,2018.8508,2146.3333,2163.9735,2241.3518,1765.2810,1224.4217
2021-11-24,96,253.0000,501.1233,761.9916,708.7617,1165.7658,1971.5280,2132.0000,2299.4269,2219.0858,1681.0005,1290.0000
2021-11-24,96,235.0000,485.7338,749.1841,692.2766,1142.3777,1984.5804,2147.6460,2304.0000,2234.7433,1668.8530,1266.5476
2021-11-29,96,235.0000,538.2468,898.4554,844.7596,1472.9803,2390.3274,2546.1401,2761.9368,2707.0000,2034.4170,1381.8198
2021-11-29,96,279.0000,557.3067,905.5515,837.4908,1461.1080,2401.5141,2562.0647,2770.7163,2700.0000,2021.1822,1372.3722
2021-12-01,96,164.0000,462.2035,769.5830,677.1305,1233.9438,2168.3182,2366.0000,2406.7664,2441.1546,1681.0000,1102.0595
2021-12-01,96,190.0000,482.2399,785.5377,686.0000,1225.3459,2162.5620,2354.0316,2403.9037,2403.7509,1673.0695,1100.6584
2021-12-06,96,36.0000,245.0000,629.9640,589.5643,1233.1147,2329.0000,2440.1476,2630.2250,2581.0000,1717.2156,1105.2898
2021-12-06,96,310.0000,440.7891,741.5315,665.6232,1237.5754,2282.8327,2396.7901,2519.4286,2502.5298,1685.4793,1098.0000
2021-12-14,96,-9999.0000,-9999.0000,-9999.0000,-9999.0000,-9999.0000,-9999.0000,-9999.0000,-9999.0000,-9999.0000,-9999.0000,-9999.0000
2021-12-14,96,-9999.0000,-9999.0000,-9999.0000,-9999.0000,-9999.0000,-9999.0000,-9999.0000,-9999.0000,-9999.0000,-9999.0000,-9999.0000
2021-12-16,96,89.0000,258.1709,653.5982,593.5181,1219.8941,2265.0000,2411.9778,2470.3843,2491.0000,1704.7989,1113.7707
2021-12-16,96,297.0000,433.8641,753.4594,665.4752,1233.8392,2199.0269,2344.5704,2389.7235,2436.0599,1689.8384,1105.8779
2021-12-29,96,-9999.0000,-9999.0000,-9999.0000,-9999.0000,-9999.0000,-9999.0000,-9999.0000,-9999.0000,-9999.0000,-9999.0000,-9999.0000
2021-12-31,96,-9999.0000,-9999.0000,-9999.0000,-9999.0000,-9999.0000,-9999.0000,-9999.0000,-9999.0000,-9999.0000,-9999.0000,-9999.0000
2021-12-31,96,-9999.0000,-9999.0000,-9999.0000,-9999.0000,-9999.0000,-9999.0000,-9999.0000,-9999.0000,-9999.0000,-9999.0000,-9999.0000
2022-01-08,96,178.0000,336.3688,617.6559,601.3683,1158.5431,2139.5337,2354.0000,2517.7306,2443.8838,1570.0000,1001.5318
2022-01-08,96,150.0000,297.4414,585.2933,565.4159,1144.8592,2184.0123,2357.9634,2551.7491,2471.5986,1569.7589,992.4763
2022-01-13,96,1505.0000,1468.0000,1572.0000,1596.0000,2145.0000,3090.0000,3285.0000,3219.0000,3412.0000,2326.0000,1830.0000
2022-01-13,96,-9999.0000,-9999.0000,-9999.0000,-9999.0000,-9999.0000,-9999.0000,-9999.0000,-9999.0000,-9999.0000,-9999.0000,-9999.0000
2022-01-15,96,157.0000,321.9973,709.0278,657.9749,1298.5592,2375.9435,2538.1062,2631.6240,2642.1311,1745.6465,1129.0000
2022-01-15,96,354.0000,484.5583,801.3545,726.1683,1301.4000,2294.0330,2470.5635,2517.1355,2581.6524,1716.7865,1130.0000
2022-01-18,96,44.0000,258.6134,617.3082,573.1667,1245.5059,2294.3647,2469.8365,2597.7840,2562.0000,1612.8358,1052.0000
2022-01-18,96,201.0000,362.7502,673.4494,613.7066,1237.2044,2263.5245,2407.3609,2553.4533,2537.4840,1601.7073,1038.7342
2022-01-20,96,652.0000,842.6617,996.0000,917.9377,1505.9717,2436.5500,2677.5363,2773.4073,2757.7986,1864.0000,1261.3099
2022-01-20,96,643.0000,824.1120,982.3217,902.2092,1484.3351,2408.0141,2632.1623,2758.4037,2744.4663,1849.5106,1254.3052
2022-01-23,96,290.0000,548.2739,813.4479,776.8839,1416.9965,2361.0636,2547.8407,2679.9126,2682.7065,1702.0603,1217.0995
2022-01-23,96,491.0000,688.4433,902.7201,837.7486,1429.2787,2327.7090,2469.6278,2596.2946,2618.3243,1689.3145,1225.2899
2022-01-25,96,472.1858,493.3556,873.0091,819.1344,1594.0000,2711.3514,2871.3657,3094.6062,3000.7179,2112.8609,1473.0687
2022-01-25,96,670.0000,745.1185,1025.1441,933.3300,1593.0000,2616.4198,2774.7538,2918.8135,2887.5309,2082.6256,1454.5493
2022-01-28,96,377.0000,461.6393,809.1023,796.8424,1483.0000,2501.4807,2660.2277,2918.0091,2775.1597,1928.0000,1340.8149
2022-01-28,96,521.0000,706.0000,949.4704,897.6667,1477.2900,2445.8398,2579.3886,2772.9663,2698.7653,1921.2108,1321.0000
2022-01-30,96,440.0000,757.6153,993.5030,981.6252,1624.9604,2573.2865,2730.0000,2855.2901,2839.8019,2116.5818,1557.8983
2022-01-30,96,502.0000,793.5686,1013.1074,989.0844,1617.5812,2538.2137,2698.7281,2838.9184,2807.2010,2105.8531,1556.0000
2022-02-02,96,439.0000,656.5582,906.0000,865.6667,1462.0171,2345.2684,2523.2827,2677.9792,2618.1831,1804.4012,1385.7585
2022-02-02,96,516.0000,725.4941,941.5765,893.6000,1452.9378,2329.0465,2489.9740,2643.9271,2599.3953,1802.2259,1398.6273
2022-02-07,96,610.0000,744.9287,1000.7480,953.7696,1550.8083,2502.4524,2679.3321,2871.7657,2779.5513,2006.4312,1433.5781
2022-02-07,96,653.0000,777.2406,1032.6122,965.2657,1557.3929,2499.6320,2665.3790,2855.4502,2771.7403,2002.1514,1416.4545
2022-02-09,96,398.0000,707.4829,1011.0347,1035.9023,1706.7331,2745.3414,2966.0000,3191.5294,3095.0000,2290.2289,1705.7293
2022-02-09,96,623.0000,857.2241,1089.5830,1083.2466,1653.3772,2526.0000,2743.5741,3001.2913,2893.0000,2228.8610,1686.2991
2022-02-12,96,527.0000,761.3731,913.5709,1049.5828,1209.2542,1395.7227,1474.2366,1620.2794,1562.7747,1738.5832,1632.5259
2022-02-12,96,587.0000,790.3349,929.4264,1052.5745,1209.4791,1395.1632,1475.9341,1612.1268,1571.7853,1729.1566,1633.7895
2022-02-22,96,298.0000,506.3348,650.1553,764.0000,960.3728,1238.6939,1350.0344,1448.1322,1446.5742,1361.5449,1160.5603
2022-02-22,96,354.0000,534.0886,666.5433,768.2349,964.6254,1240.7523,1335.3675,1462.3308,1430.5229,1361.0000,1160.7206
2022-02-24,96,858.0000,1009.1659,1225.0407,1349.2926,1616.8732,1926.7916,2019.9132,2167.7595,2121.5314,2060.9254,1689.5097
2022-02-24,96,1031.0000,1141.4748,1316.7163,1405.3102,1669.0409,1990.4962,2088.1773,2198.2363,2167.5191,2082.7259,1714.6494
2022-02-27,96,697.0000,853.2284,1028.7051,1148.0000,1389.5497,1688.2012,1764.4155,1910.0976,1850.5289,1926.4622,1569.0000
2022-02-27,96,737.0000,889.2989,1048.9953,1156.9505,1389.6025,1673.0578,1766.5215,1895.5231,1864.8158,1922.0000,1559.0000
2022-03-01,96,874.0000,1141.0539,1300.7533,1459.0571,1709.1656,2022.3860,2138.2756,2341.2978,2215.2402,2340.0000,2046.6786
2022-03-01,96,846.0000,1149.5065,1309.2837,1474.5573,1721.2400,2040.6205,2153.4982,2357.6751,2233.0339,2346.6136,2050.0000
2022-03-04,96,740.0000,1013.2069,1184.6015,1341.2169,1581.5314,1879.9939,1989.0189,2182.4997,2070.5940,2118.0559,1873.0099
2022-03-04,96,786.0000,1049.1216,1200.9773,1340.5421,1573.9238,1877.3214,1991.7224,2182.9395,2072.4843,2105.6464,1877.0161
2022-03-06,96,1027.0000,1197.0859,1409.6656,1571.0100,1833.7350,2137.4977,2231.4442,2437.3786,2343.0066,2465.9838,2112.9735
2022-03-06,96,1024.6618,1212.2045,1425.3028,1570.2876,1834.4187,2152.4265,2228.8360,2438.8997,2344.4939,2473.9181,2123.5241
2022-03-09,96,768.0000,993.3025,1233.1084,1411.0069,1653.8179,1944.0771,2040.5075,2198.3325,2118.8738,2254.0000,1893.0445
2022-03-09,96,771.0000,1021.1725,1244.9881,1419.6245,1662.0598,1944.6190,2055.5662,2198.1104,2150.6961,2261.3663,1892.4969
2022-03-14,96,981.0000,1259.3333,1451.7478,1546.0000,1832.0000,2171.8226,2297.7835,2375.8893,2377.9698,2296.6174,1868.0000
2022-03-14,96,1048.0000,1306.0117,1481.5416,1619.1073,1850.2865,2216.0833,2348.2681,2424.9891,2441.0000,2339.0565,2053.0000
2022-03-16,96,-9999.0000,-9999.0000,-9999.0000,-9999.0000,-9999.0000,-9999.0000,-9999.0000,-9999.0000,-9999.0000,-9999.0000,-9999.0000
2022-03-19,96,873.0000,1105.7172,1332.9766,1523.5275,1745.7556,2072.1466,2182.6073,2391.0317,2295.0752,2350.5642,1969.0000
2022-03-19,96,874.5863,1128.7359,1360.6707,1530.6502,1754.3863,2072.7134,2203.9938,2390.3085,2297.1964,2349.9277,1966.0000
2022-03-21,96,1005.0000,1336.2074,1565.6716,1756.0923,1982.3816,2311.4683,2438.6746,2727.0499,2553.3075,2649.6074,2313.3076
2022-03-21,96,996.0000,1356.0000,1572.7544,1755.2040,1981.6038,2306.8006,2457.7239,2722.5703,2554.8918,2637.5678,2316.8942
2022-03-24,96,839.0000,1141.0236,1349.5748,1587.0843,1708.9418,1870.1024,1973.8412,2169.6856,2079.0000,2484.8941,2395.0056
2022-03-24,96,908.0000,1165.2462,1360.2870,1588.4352,1710.2115,1868.4209,1965.9815,2165.3357,2065.0000,2485.2431,2398.0375
2022-03-26,96,1281.0000,1444.4572,1648.8779,1858.5495,2016.9939,2168.8212,2258.5956,2425.0327,2373.6055,2833.4758,2619.1358
2022-03-26,96,1319.0000,1461.4076,1656.7755,1857.2742,2013.6651,2166.5000,2257.5449,2424.9527,2373.9847,2828.9969,2628.0673
2022-04-03,96,557.0000,768.4745,925.5794,1121.2757,1241.4535,1385.7440,1477.5006,1585.1324,1566.0708,1780.2998,1561.3494
2022-04-03,96,553.0000,766.0000,921.2864,1128.7029,1245.6290,1385.6186,1460.9993,1577.0819,1557.2513,1792.0000,1568.7073
2022-04-05,96,1515.0000,1632.5926,1869.3364,2068.3025,2292.2587,2609.4973,2753.7853,2862.0000,2857.9963,3203.0000,2875.0523
2022-04-05,96,1559.0000,1641.6699,1869.7218,2051.3636,2297.4512,2619.0000,2741.5761,2852.9985,2856.5074,3184.8098,2873.8186
2022-04-08,96,-9999.0000,-9999.0000,-9999.0000,-9999.0000,-9999.0000,-9999.0000,-9999.0000,-9999.0000,-9999.0000,-9999.0000,-9999.0000
2022-04-10,96,625.0000,845.3272,1008.6402,1252.9543,1381.9904,1545.2420,1649.1213,1793.1422,1753.0950,1928.0000,1577.2987
2022-04-10,96,624.0000,849.5125,1013.0891,1265.0081,1398.7990,1545.2116,1648.4128,1794.7896,1750.0000,1942.3767,1582.3541
2022-04-15,96,1439.0000,1827.7939,2165.6457,2469.2753,2669.3822,2880.0000,3006.0000,3152.0000,3106.0000,3354.0000,3080.0000
2022-04-15,96,1524.6231,1802.7469,2147.1874,2421.8754,2637.3636,2854.1298,2978.0000,3104.0000,3086.0000,3339.0000,3066.7172
2022-04-18,96,1150.0000,1484.0158,1780.2537,2059.7056,2188.7081,2290.0116,2394.6868,2540.8283,2501.5580,2844.2586,2614.1209
2022-04-18,96,1131.0000,1515.0348,1809.6961,2092.5956,2189.4863,2320.0000,2432.7534,2600.9535,2533.1650,2851.5546,2601.1004
2022-04-20,96,1124.0000,1449.4103,1651.5821,1849.9441,1980.7559,2082.7435,2189.0000,2307.0925,2241.0000,2374.7358,2204.2473
2022-04-20,96,1130.0000,1458.9555,1652.1881,1827.2027,1971.8479,2071.0000,2174.3337,2291.6266,2230.0838,2354.6479,2198.0000
2022-04-23,96,-9999.0000,-9999.0000,-9999.0000,-9999.0000,-9999.0000,-9999.0000,-9999.0000,-9999.0000,-9999.0000,-9999.0000,-9999.0000
2022-04-25,96,626.0000,800.0000,962.0000,1058.0000,1301.0000,1680.0000,1745.0000,1778.0000,1839.0000,1767.0000,1271.0000
2022-04-25,96,793.0000,865.2919,1024.7820,1171.0080,1356.0810,1593.5464,1689.9318,1683.0935,1769.5885,1819.1009,1429.0000
2022-04-28,96,697.0000,869.3387,1085.2570,1297.9442,1441.4055,1596.3372,1692.8953,1754.6099,1771.2758,2005.7602,1667.4009
2022-04-28,96,718.0000,896.8588,1093.4337,1291.1503,1433.6486,1604.2474,1689.3377,1763.7293,1763.7958,1980.7833,1665.8409
2022-04-30,96,1094.0000,1602.8530,1881.7473,2162.8645,2292.3143,2433.6416,2544.7292,2714.7332,2626.8150,3019.4607,2899.6022
2022-04-30,96,1134.0000,1523.4835,1786.8660,2035.4837,2213.8949,2377.4922,2497.6836,2651.7886,2577.1584,2964.7109,2875.2294
2022-05-03,96,1014.0000,1443.3122,1699.5410,1970.9888,2147.3332,2305.4485,2417.8988,2508.1928,2491.3343,2829.1629,2738.4865
2022-05-03,96,1071.0000,1490.8673,1746.6962,2019.6281,2189.0806,2329.1667,2435.0569,2522.8310,2515.3153,2844.0643,2748.5213
2022-05-08,96,-9999.0000,-9999.0000,-9999.0000,-9999.0000,-9999.0000,-9999.0000,-9999.0000,-9999.0000,-9999.0000,-9999.0000,-9999.0000
2022-05-10,96,1191.0000,1658.8726,1970.2834,2295.4032,2532.4204,2665.8290,2827.0604,2890.4585,2915.5716,3420.0203,3303.2545
2022-05-10,96,1195.0000,1611.3372,1899.4047,2212.2772,2459.3073,2609.6562,2771.0562,2834.1099,2865.5308,3370.9672,3282.5103
2022-05-13,96,1271.0000,1810.6738,2050.9795,2282.3115,2541.0246,2682.4117,2848.5175,2907.0731,2931.4627,3148.2356,3044.9205
2022-05-13,96,1280.0000,1850.4569,2106.0295,2339.9252,2508.1684,2704.9222,2889.0098,2986.2877,2971.9013,3132.4425,2988.5599
2022-05-15,96,1352.0000,1843.8986,2193.6127,2536.0775,2788.0766,2897.4672,2978.5249,3002.5274,3090.9808,3556.0957,3288.1980
2022-05-15,96,1359.0000,1754.7600,2091.8935,2418.3924,2665.7718,2817.5040,2916.3927,2931.0379,3027.2379,3492.3625,3252.3683
2022-05-18,96,1205.0000,1698.1684,2043.0182,2341.0582,2586.2229,2673.5391,2756.4120,2778.5496,2851.1006,3203.4828,2893.3041
2022-05-18,96,1219.0000,1570.9631,1882.9888,2139.2283,2371.9314,2532.0000,2638.6948,2675.8628,2746.3336,3092.4874,2834.7349
2022-05-20,96,1380.0000,1970.1445,2308.2589,2630.5614,2859.1977,2968.7686,3108.1285,3169.0953,3178.0074,3589.0914,3367.6491
2022-05-20,96,1373.0000,1833.7050,2155.1295,2455.3916,2707.4318,2857.3376,3011.6185,3059.2355,3090.2205,3506.0128,3332.9384
2022-05-25,96,-9999.0000,-9999.0000,-9999.0000,-9999.0000,-9999.0000,-9999.0000,-9999.0000,-9999.0000,-9999.0000,-9999.0000,-9999.0000
2022-05-25,96,-9999.0000,-9999.0000,-9999.0000,-9999.0000,-9999.0000,-9999.0000,-9999.0000,-9999.0000,-9999.0000,-9999.0000,-9999.0000
2022-06-02,96,-9999.0000,-9999.0000,-9999.0000,-9999.0000,-9999.0000,-9999.0000,-9999.0000,-9999.0000,-9999.0000,-9999.0000,-9999.0000
2022-06-02,96,-9999.0000,-9999.0000,-9999.0000,-9999.0000,-9999.0000,-9999.0000,-9999.0000,-9999.0000,-9999.0000,-9999.0000,-9999.0000
2022-06-04,96,1654.0000,2058.7451,2410.7678,2567.2480,2875.4154,3151.0000,3241.0000,3212.0000,3323.1481,3099.3353,2666.8922
2022-06-04,96,1533.0000,1762.1723,2059.8012,2210.3751,2508.3069,2812.7091,2929.4450,2888.3539,3037.4494,2947.7529,2571.5056
2022-06-07,96,-9999.0000,-9999.0000,-9999.0000,-9999.0000,-9999.0000,-9999.0000,-9999.0000,-9999.0000,-9999.0000,-9999.0000,-9999.0000
2022-06-07,96,-9999.0000,-9999.0000,-9999.0000,-9999.0000,-9999.0000,-9999.0000,-9999.0000,-9999.0000,-9999.0000,-9999.0000,-9999.0000
2022-06-12,96,1038.0000,1427.7846,1714.8260,2027.0300,2218.7484,2297.5000,2411.1542,2475.5785,2508.8077,3042.8986,2981.5868
2022-06-12,96,1024.0000,1427.3525,1707.3827,2003.2548,2187.7563,2277.6462,2395.3860,2459.7031,2500.6173,3018.8680,2972.6834
2022-06-14,96,1351.0000,1777.9415,2130.9756,2501.9897,2731.0552,2777.0531,2851.7871,2898.8853,2972.0976,3596.1419,3335.7638
2022-06-14,96,1312.0000,1690.0425,2026.8353,2372.1561,2604.2458,2684.3804,2770.5363,2821.0701,2898.2264,3524.0784,3293.4998
2022-06-17,96,1621.0000,1907.5870,2185.8987,2411.1256,2692.1648,2820.6231,2934.0261,2924.0000,3025.4216,3131.7101,2777.5545
2022-06-19,96,1289.0000,1834.6836,2162.5775,2501.4523,2722.6674,2760.5149,2929.0498,2915.3507,3011.8992,3580.4437,3450.6238
2022-06-19,96,1296.0000,1763.5402,2083.5453,2402.8626,2651.7049,2710.2560,2877.9909,2852.2484,2963.9454,3548.8915,3411.3422
2022-06-24,96,1519.0000,2067.1544,2410.8677,2710.4726,2930.5651,3028.8283,3098.4463,3122.1082,3195.7686,3627.9438,3271.8354
2022-06-24,96,1625.0000,2130.9984,2466.7293,2774.5599,2979.8823,3058.5337,3126.6542,3145.2681,3227.3784,3643.1251,3274.8289
2022-06-27,96,1090.0000,1547.6828,1907.1783,2162.8657,2364.3917,2537.0000,2668.6185,2653.4799,2772.0000,2970.8088,2610.7698
2022-06-27,96,1101.4368,1467.4169,1795.2853,2010.9422,2226.8035,2429.0000,2572.2169,2557.3497,2673.8891,2885.2830,2564.3786
2022-06-29,96,-9999.0000,-9999.0000,-9999.0000,-9999.0000,-9999.0000,-9999.0000,-9999.0000,-9999.0000,-9999.0000,-9999.0000,-9999.0000
2022-06-29,96,-9999.0000,-9999.0000,-9999.0000,-9999.0000,-9999.0000,-9999.0000,-9999.0000,-9999.0000,-9999.0000,-9999.0000,-9999.0000
2022-07-02,96,1088.0000,1539.7756,1851.2665,2114.9123,2346.2350,2494.7122,2637.1484,2621.6448,2721.9889,3147.1102,2972.2322
2022-07-02,96,1138.0000,1525.9439,1819.0506,2075.2693,2306.2673,2462.1228,2609.4781,2597.4623,2697.6196,3115.4967,2954.3414
2022-07-04,96,1477.0000,1963.6963,2315.2566,2619.9508,2859.5028,3020.7634,3124.3379,3132.0000,3229.9709,3595.5296,3219.9459
2022-07-04,96,1458.0000,1825.7884,2162.9915,2443.2096,2699.5325,2891.0000,3005.2837,3017.0804,3130.1688,3513.5781,3187.3018
2022-07-07,96,1104.0000,1614.0000,1816.0000,2070.0000,2254.0000,2638.0000,2849.0000,2832.0000,3044.0000,2905.0000,2339.0000
2022-07-07,96,-9999.0000,-9999.0000,-9999.0000,-9999.0000,-9999.0000,-9999.0000,-9999.0000,-9999.0000,-9999.0000,-9999.0000,-9999.0000
2022-07-09,96,1474.7786,2033.3224,2406.5005,2696.3893,2969.1592,3224.9568,3413.5218,3544.0000,3509.1606,3745.6877,3380.0000
2022-07-09,96,1377.0000,1940.5631,2283.5962,2567.0479,2843.2785,3108.6542,3306.3464,3432.0000,3413.4913,3689.0000,3338.7119
2022-07-12,96,1212.0000,1770.1476,2121.5483,2423.8958,2707.9485,3025.7399,3217.9564,3225.7069,3337.5194,3636.0408,3333.9634
2022-07-12,96,1228.0000,1715.7321,2059.9735,2344.2759,2633.7871,2961.0501,3158.4080,3164.0000,3269.6543,3594.6031,3304.8656
2022-07-14,96,-9999.0000,-9999.0000,-9999.0000,-9999.0000,-9999.0000,-9999.0000,-9999.0000,-9999.0000,-9999.0000,-9999.0000,-9999.0000
2022-07-14,96,-9999.0000,-9999.0000,-9999.0000,-9999.0000,-9999.0000,-9999.0000,-9999.0000,-9999.0000,-9999.0000,-9999.0000,-9999.0000
2022-07-17,96,1198.4693,1570.8888,1954.0509,2198.6647,2501.7907,2996.9168,3172.5340,3165.0682,3318.0000,3491.3385,2984.3804
2022-07-17,96,1163.0000,1539.8342,1897.8273,2135.4084,2459.0668,2926.2812,3106.6271,3094.0000,3246.5408,3436.8236,2951.6021
2022-07-19,96,1351.0000,1895.1726,2294.2479,2551.3872,2858.5626,3297.3707,3559.0000,3584.0000,3625.2758,3834.4659,3431.0817
2022-07-19,96,1282.0000,1755.3886,2115.4034,2359.5593,2680.0000,3133.3464,3386.5072,3416.0000,3485.4888,3729.8766,3385.7205
2022-07-22,96,1161.0659,1539.4810,1859.4169,2075.6699,2364.9892,2893.8186,3178.7300,3172.0000,3292.0000,3353.0000,2986.8875
2022-07-22,96,1131.0000,1562.4403,1882.0130,2081.9283,2386.0000,2918.7959,3188.2680,3176.0000,3300.6674,3369.8735,2967.6974
2022-07-24,96,-9999.0000,-9999.0000,-9999.0000,-9999.0000,-9999.0000,-9999.0000,-9999.0000,-9999.0000,-9999.0000,-9999.0000,-9999.0000
2022-07-24,96,-9999.0000,-9999.0000,-9999.0000,-9999.0000,-9999.0000,-9999.0000,-9999.0000,-9999.0000,-9999.0000,-9999.0000,-9999.0000
2022-07-27,96,-9999.0000,-9999.0000,-9999.0000,-9999.0000,-9999.0000,-9999.0000,-9999.0000,-9999.0000,-9999.0000,-9999.0000,-9999.0000
2022-07-29,96,1020.0000,1482.0245,1827.8082,1976.1088,2353.0003,3220.8544,3589.0000,3552.0000,3693.2381,3508.9909,2906.9733
2022-07-29,96,1051.0000,1459.5000,1778.7332,1921.9846,2296.0000,3127.0000,3497.6209,3472.0000,3594.0603,3440.0000,2885.0000
2022-08-01,96,815.0000,1171.7862,1482.4748,1587.2379,1914.0000,2861.8410,3230.3558,3249.3169,3333.0000,2940.5119,2408.4761
2022-08-01,96,851.0000,1204.1193,1481.8696,1570.0000,1923.8511,2844.6583,3196.6857,3228.0000,3312.1812,2915.4331,2418.3780
2022-08-03,96,1001.0000,1308.2731,1650.6667,1752.3894,2163.4202,3167.0000,3464.5388,3492.0000,3589.8889,3228.5176,2554.3530
2022-08-03,96,1008.0000,1308.7270,1634.8633,1748.6667,2151.0000,3120.9543,3421.7244,3460.0000,3553.0000,3212.7273,2570.0000
2022-08-06,96,-9999.0000,-9999.0000,-9999.0000,-9999.0000,-9999.0000,-9999.0000,-9999.0000,-9999.0000,-9999.0000,-9999.0000,-9999.0000
2022-08-06,96,-9999.0000,-9999.0000,-9999.0000,-9999.0000,-9999.0000,-9999.0000,-9999.0000,-9999.0000,-9999.0000,-9999.0000,-9999.0000
2022-08-08,96,936.0000,1283.8240,1594.7216,1671.5954,2076.0000,3253.8507,3767.0000,3732.0000,3886.0000,3287.0000,2622.0000
2022-08-08,96,913.0000,1290.7246,1601.5721,1686.8993,2107.5487,3242.4149,3754.0169,3738.8654,3885.0000,3301.0702,2650.9526
2022-08-11,96,711.0000,1027.4719,1305.8935,1361.7694,1725.0018,2886.7678,3353.5373,3457.4194,3472.9525,2749.6679,2149.0000
2022-08-11,96,756.0000,1057.5706,1308.6104,1360.9979,1707.1417,2816.5440,3270.1814,3388.0000,3397.0232,2737.0223,2181.0000
2022-08-16,96,448.0000,580.9894,810.5805,819.8832,1195.2614,2509.3167,2960.9668,2929.4760,3097.3618,2202.0000,1452.7318
2022-08-16,96,495.0000,612.7349,843.8660,834.0862,1194.0000,2501.2813,2941.7101,2917.6773,3077.9810,2197.9314,1452.1857
2022-08-21,96,463.0000,652.4334,867.5937,858.7369,1242.7005,2565.8043,3129.2566,3124.2532,3245.1975,2196.8526,1557.0000
2022-08-21,96,499.0000,675.2600,882.0695,859.7405,1218.8583,2564.5971,3118.3008,3124.0000,3252.5000,2188.3675,1556.7729
2022-08-23,96,-9999.0000,-9999.0000,-9999.0000,-9999.0000,-9999.0000,-9999.0000,-9999.0000,-9999.0000,-9999.0000,-9999.0000,-9999.0000
2022-08-23,96,-9999.0000,-9999.0000,-9999.0000,-9999.0000,-9999.0000,-9999.0000,-9999.0000,-9999.0000,-9999.0000,-9999.0000,-9999.0000
2022-08-26,96,695.0000,873.9014,1123.1034,1155.9257,1538.4985,2870.1848,3395.2935,3353.8766,3550.0000,2530.0000,1847.0000
2022-08-26,96,730.4679,907.6640,1138.9203,1170.0615,1547.5037,2845.0700,3368.5505,3340.0000,3517.4918,2513.3834,1828.0623
2022-08-28,96,825.0000,1084.0000,1338.0000,1349.4697,1687.0000,2915.0000,3461.6109,3516.0000,3522.0000,2328.0000,1741.9571
2022-08-28,96,887.0000,1154.5236,1360.0000,1356.0000,1754.0000,2908.0000,3562.7567,3493.2982,3654.0000,2345.4975,1787.3620
2022-08-31,96,-9999.0000,-9999.0000,-9999.0000,-9999.0000,-9999.0000,-9999.0000,-9999.0000,-9999.0000,-9999.0000,-9999.0000,-9999.0000
2022-08-31,96,-9999.0000,-9999.0000,-9999.0000,-9999.0000,-9999.0000,-9999.0000,-9999.0000,-9999.0000,-9999.0000,-9999.0000,-9999.0000
2022-09-02,96,-9999.0000,-9999.0000,-9999.0000,-9999.0000,-9999.0000,-9999.0000,-9999.0000,-9999.0000,-9999.0000,-9999.0000,-9999.0000
2022-09-02,96,-9999.0000,-9999.0000,-9999.0000,-9999.0000,-9999.0000,-9999.0000,-9999.0000,-9999.0000,-9999.0000,-9999.0000,-9999.0000
2022-09-05,96,-9999.0000,-9999.0000,-9999.0000,-9999.0000,-9999.0000,-9999.0000,-9999.0000,-9999.0000,-9999.0000,-9999.0000,-9999.0000
2022-09-07,96,-9999.0000,-9999.0000,-9999.0000,-9999.0000,-9999.0000,-9999.0000,-9999.0000,-9999.0000,-9999.0000,-9999.0000,-9999.0000
2022-09-07,96,-9999.0000,-9999.0000,-9999.0000,-9999.0000,-9999.0000,-9999.0000,-9999.0000,-9999.0000,-9999.0000,-9999.0000,-9999.0000
2022-09-10,96,373.0000,517.0753,741.4340,691.9546,1133.7390,2238.1975,2629.4377,2630.0000,2769.5838,1827.6478,1225.9436
2022-09-10,96,432.0000,548.1554,763.9519,698.6435,1138.4401,2238.0000,2628.0000,2618.0000,2748.6558,1810.8079,1244.3959
2022-09-12,96,615.0000,746.5737,1059.4559,1011.9140,1588.0000,2801.4239,3129.9146,3177.3235,3290.0000,2355.3518,1641.7685
2022-09-12,96,673.0000,778.6426,1065.4190,1025.6728,1578.2551,2765.2814,3077.0000,3130.9401,3249.9338,2332.0494,1628.5803
2022-09-15,96,659.0000,843.7454,1227.2907,1204.0316,1866.5000,2948.0000,3276.7850,3227.7807,3469.6861,2530.3395,1765.0000
2022-09-15,96,676.0000,860.3903,1242.6242,1210.1369,1875.4758,2973.3689,3300.9896,3256.6591,3506.4798,2524.0000,1748.9064
2022-09-20,96,442.0000,658.7040,1034.5940,1090.9334,1724.0000,2492.6280,2756.7865,2945.7409,2958.5875,2241.7722,1650.8585
2022-09-20,96,490.0000,690.2160,1052.1548,1098.8466,1711.0000,2486.8926,2746.3134,2931.9675,2916.4300,2235.9713,1645.2445
2022-09-22,96,716.0000,890.6454,1299.9425,1414.6706,2133.5388,2929.0000,3166.2449,3353.4544,3410.4099,2801.4592,2083.0000
2022-09-22,96,740.0000,914.7496,1306.0359,1417.2293,2086.0000,2880.9515,3096.6687,3306.1664,3346.8407,2764.1971,2045.3454
2022-09-27,96,-9999.0000,-9999.0000,-9999.0000,-9999.0000,-9999.0000,-9999.0000,-9999.0000,-9999.0000,-9999.0000,-9999.0000,-9999.0000
2022-09-27,96,-9999.0000,-9999.0000,-9999.0000,-9999.0000,-9999.0000,-9999.0000,-9999.0000,-9999.0000,-9999.0000,-9999.0000,-9999.0000
2022-10-02,96,827.0000,996.0000,1219.2283,1396.0000,1809.0000,2249.9789,2434.8374,2471.0000,2676.5871,2511.0000,1838.4757
2022-10-02,96,-9999.0000,-9999.0000,-9999.0000,-9999.0000,-9999.0000,-9999.0000,-9999.0000,-9999.0000,-9999.0000,-9999.0000,-9999.0000
2022-10-05,96,1381.0000,1409.1168,1604.8363,1706.7639,2091.0000,2569.8410,2811.7807,2819.8170,3028.3269,2883.7028,2277.0672
2022-10-05,96,1345.0000,1432.4708,1610.0000,1715.0667,2100.7500,2601.6391,2836.7927,2852.9951,3046.2099,2889.8400,2300.6418
2022-10-07,96,802.0000,1058.0000,1234.9075,1411.0383,1703.0000,2051.0000,2262.4942,2338.6804,2398.0000,2462.0856,2115.8671
2022-10-07,96,828.0000,1077.1149,1251.0586,1417.6413,1705.9538,2045.5343,2250.0000,2340.9547,2397.3914,2465.0000,2105.0821
2022-10-10,96,-9999.0000,-9999.0000,-9999.0000,-9999.0000,-9999.0000,-9999.0000,-9999.0000,-9999.0000,-9999.0000,-9999.0000,-9999.0000
2022-10-10,96,-9999.0000,-9999.0000,-9999.0000,-9999.0000,-9999.0000,-9999.0000,-9999.0000,-9999.0000,-9999.0000,-9999.0000,-9999.0000
2022-10-12,96,-9999.0000,-9999.0000,-9999.0000,-9999.0000,-9999.0000,-9999.0000,-9999.0000,-9999.0000,-9999.0000,-9999.0000,-9999.0000
2022-10-15,96,396.0000,650.9353,874.9166,1034.5973,1283.1746,1553.9932,1682.8090,1611.1396,1803.0000,1722.4537,1463.0000
2022-10-15,96,552.0000,755.5647,946.3589,1050.1809,1285.3612,1545.0873,1676.9677,1594.9172,1780.3905,1687.0000,1446.0000
2022-10-17,96,1110.0000,1459.4547,1650.8516,1714.8925,2071.0000,2476.8880,2689.0039,2764.7350,2803.0000,2832.0000,2550.6522
2022-10-17,96,1263.0000,1556.0000,1693.3311,1737.0601,2052.8662,2448.7632,2652.0000,2730.3940,2761.0116,2826.3724,2531.0000
2022-10-20,96,666.0000,1051.4616,1258.9198,1370.0784,1676.8071,2011.3241,2202.9828,2194.8439,2305.9981,2148.2892,1916.0197
2022-10-20,96,931.0000,1176.4337,1316.9152,1355.3090,1629.4573,1957.8122,2121.2988,2123.5517,2210.6046,2067.0000,1877.0000
2022-10-25,96,-9999.0000,-9999.0000,-9999.0000,-9999.0000,-9999.0000,-9999.0000,-9999.0000,-9999.0000,-9999.0000,-9999.0000,-9999.0000
2022-10-25,96,-9999.0000,-9999.0000,-9999.0000,-9999.0000,-9999.0000,-9999.0000,-9999.0000,-9999.0000,-9999.0000,-9999.0000,-9999.0000
2022-10-27,96,854.0000,1195.5713,1420.3970,1562.7813,1903.0000,2296.0000,2529.6654,2586.2512,2662.5030,2780.2383,2436.3300
2022-10-27,96,987.0000,1276.2383,1458.8190,1579.6712,1915.7269,2300.7219,2510.0631,2576.6850,2646.0614,2770.9470,2435.0000
2022-10-30,96,734.0000,1124.7037,1361.8548,1500.0565,1821.6691,2246.5456,2440.0000,2509.1842,2565.0000,2715.4774,2542.1401
2022-10-30,96,805.0000,1152.6022,1376.8724,1490.2818,1818.9841,2205.2072,2409.7905,2483.2820,2565.5500,2683.0520,2507.6103
2022-11-04,96,0.0000,96.0000,200.0774,258.4021,332.3759,444.7166,502.7797,501.0845,542.9812,401.0000,280.0000
2022-11-04,96,0.0000,110.0000,204.3394,258.7187,335.0000,454.6774,504.3784,493.2013,538.3784,401.0000,282.0000
2022-11-06,96,595.0000,937.2840,1130.8481,1242.5359,1526.3768,1955.4883,2129.7532,2202.3622,2234.0007,2297.1630,1845.7250
2022-11-06,96,582.0000,949.6022,1140.8515,1250.5413,1533.2491,1955.8088,2123.0000,2203.0088,2258.9826,2296.0925,1843.1910
2022-11-21,96,489.0000,516.4989,588.2456,512.2891,644.0000,876.4988,898.0000,904.1851,900.0000,532.5121,364.6424
2022-11-21,96,608.0000,602.0000,646.0902,554.3516,688.5015,899.0000,927.0000,921.0000,922.0000,536.8467,364.8396
2022-11-24,96,737.0000,1082.3627,1331.2105,1595.8391,1781.0000,1898.0000,1969.1733,2074.5103,2084.9902,2219.6594,1797.0103
2022-11-24,96,788.0000,1107.4921,1338.4370,1586.2309,1773.1677,1894.4251,1968.0000,2067.5912,2086.3676,2210.8399,1805.0110
2022-11-26,96,-9999.0000,-9999.0000,-9999.0000,-9999.0000,-9999.0000,-9999.0000,-9999.0000,-9999.0000,-9999.0000,-9999.0000,-9999.0000
2022-11-26,96,-9999.0000,-9999.0000,-9999.0000,-9999.0000,-9999.0000,-9999.0000,-9999.0000,-9999.0000,-9999.0000,-9999.0000,-9999.0000
2022-12-01,96,1905.0000,2253.1758,2322.0000,2363.0936,2592.5199,2664.0000,2666.8115,2894.0000,2700.9643,2488.8224,2134.3742
2022-12-06,96,-9999.0000,-9999.0000,-9999.0000,-9999.0000,-9999.0000,-9999.0000,-9999.0000,-9999.0000,-9999.0000,-9999.0000,-9999.0000
2023-01-10,96,745.0000,1001.2147,1275.3880,1387.1750,1747.8290,2035.2874,2124.1761,2281.9139,2234.4927,2173.6117,1672.5476
2023-01-10,96,801.0000,1021.3608,1291.0760,1394.6607,1749.1475,2042.0461,2123.6767,2275.0576,2234.8808,2169.5092,1668.0000
2023-01-20,96,-9999.0000,-9999.0000,-9999.0000,-9999.0000,-9999.0000,-9999.0000,-9999.0000,-9999.0000,-9999.0000,-9999.0000,-9999.0000
2023-01-20,96,-9999.0000,-9999.0000,-9999.0000,-9999.0000,-9999.0000,-9999.0000,-9999.0000,-9999.0000,-9999.0000,-9999.0000,-9999.0000
2023-01-25,96,796.0000,1197.1773,1475.8169,1539.8570,1940.2152,2186.9757,2283.2497,2444.9306,2377.7203,2401.7254,1977.5009
2023-01-25,96,880.0000,1216.7140,1482.9130,1539.3454,1939.8719,2189.3890,2285.3864,2443.9190,2373.6615,2400.6474,1962.6879
2023-01-28,96,1244.7616,1417.0706,1564.0000,1521.1388,1802.1442,2027.4411,2117.0000,2186.7235,2180.8323,1873.5000,1441.0000
2023-01-28,96,1270.0000,1421.4186,1564.5147,1517.1199,1776.5015,2021.3941,2116.0656,2178.7193,2155.3544,1871.0000,1422.6774
2023-01-30,96,-9999.0000,-9999.0000,-9999.0000,-9999.0000,-9999.0000,-9999.0000,-9999.0000,-9999.0000,-9999.0000,-9999.0000,-9999.0000
2023-01-30,96,-9999.0000,-9999.0000,-9999.0000,-9999.0000,-9999.0000,-9999.0000,-9999.0000,-9999.0000,-9999.0000,-9999.0000,-9999.0000
2023-02-02,96,1137.0000,1325.0084,1559.0740,1632.3202,2009.3805,2238.3375,2316.8704,2437.4078,2405.7138,2279.0000,1746.0839
2023-02-02,96,1026.9933,1220.8675,1484.9646,1596.8174,2009.8391,2253.1875,2336.7353,2468.5881,2441.4118,2309.5357,1766.6150
2023-02-04,96,-9999.0000,-9999.0000,-9999.0000,-9999.0000,-9999.0000,-9999.0000,-9999.0000,-9999.0000,-9999.0000,-9999.0000,-9999.0000
2023-02-04,96,-9999.0000,-9999.0000,-9999.0000,-9999.0000,-9999.0000,-9999.0000,-9999.0000,-9999.0000,-9999.0000,-9999.0000,-9999.0000
2023-02-07,96,936.0000,1346.9606,1699.2861,1803.2000,2171.1701,2477.0000,2564.0000,2820.3978,2677.4341,2762.1320,2505.0000
2023-02-07,96,942.0000,1378.9781,1714.1031,1802.2224,2170.6816,2468.5414,2569.6761,2834.5192,2662.0956,2766.0000,2510.0000
2023-02-09,96,1341.0000,1835.9212,2232.9756,2427.6667,2858.7142,3165.0000,3246.0000,3529.8663,3384.0000,3671.0000,3329.9952
2023-02-09,96,1446.0000,1835.1769,2216.0000,2406.9331,2873.8918,3138.5667,3250.2875,3525.6000,3328.4867,3652.0000,3286.0000
2023-02-12,96,1032.0000,1418.3635,1795.7078,2026.6073,2397.3294,2627.0000,2732.5959,2868.3473,2848.5501,3139.8303,2684.3589
2023-02-12,96,1052.0000,1450.1668,1811.8750,2051.3460,2420.2729,2641.6242,2755.6592,2898.0344,2866.7362,3153.0947,2688.0000
2023-02-14,96,1154.0000,1788.7319,2122.0000,2393.6653,2760.2544,3026.7284,3146.6728,3337.9468,3248.9514,3539.2145,3193.7365
2023-02-14,96,1326.0000,1747.1840,2034.1427,2282.7437,2632.4866,2867.4961,2986.9945,3176.5255,3100.5445,3454.0000,3140.5182
2023-02-17,96,-9999.0000,-9999.0000,-9999.0000,-9999.0000,-9999.0000,-9999.0000,-9999.0000,-9999.0000,-9999.0000,-9999.0000,-9999.0000
2023-02-27,96,-9999.0000,-9999.0000,-9999.0000,-9999.0000,-9999.0000,-9999.0000,-9999.0000,-9999.0000,-9999.0000,-9999.0000,-9999.0000
2023-02-27,96,-9999.0000,-9999.0000,-9999.0000,-9999.0000,-9999.0000,-9999.0000,-9999.0000,-9999.0000,-9999.0000,-9999.0000,-9999.0000
2023-03-09,96,1937.2293,2170.4442,2477.1707,2551.3176,2964.0887,3468.8433,3652.3806,3797.6214,3754.6620,3755.8387,3309.0378
2023-03-09,96,1563.0000,1924.9148,2308.2414,2443.8046,2961.7564,3490.5662,3706.0588,3832.0000,3811.3250,3856.0000,3355.8693
2023-03-11,96,1487.0000,1819.6046,2209.3277,2310.0963,2933.5185,3715.7521,3864.3440,3944.6083,3978.2992,3768.4835,3210.9943
2023-03-11,96,1527.0000,1834.8000,2243.8750,2342.3377,2931.0000,3707.7514,3851.3294,3925.7355,3939.8074,3778.0000,3209.0000
2023-03-16,96,626.0000,869.1246,1156.5814,1155.4746,1610.0000,2404.2668,2610.8939,2795.2797,2692.0297,2237.0251,1629.0003
2023-03-16,96,666.0000,892.5781,1164.8051,1160.9481,1610.0000,2403.5849,2594.8786,2770.9060,2681.6496,2224.6467,1627.0000
2023-03-21,96,671.0000,777.3161,1128.4747,1012.4305,1625.7376,2867.4022,3081.4544,3145.1079,3179.8604,2302.0332,1589.3190
2023-03-21,96,729.0000,813.3325,1144.2460,1024.9076,1613.2437,2818.8839,3040.8586,3090.4756,3121.0000,2276.5287,1576.3425
2023-03-29,96,472.0000,586.7714,897.6044,656.9155,1314.6522,3170.9883,3698.8879,3847.3127,3771.7933,1896.7432,1173.0869
2023-03-29,96,514.0000,614.1289,920.6923,669.3551,1320.6275,3173.3237,3734.5033,3847.5921,3799.6871,1885.1261,1170.0000
2023-04-03,96,406.6348,421.5986,737.1617,504.7934,1165.7606,3313.9413,3959.7438,4183.5457,4038.2048,1756.0000,1016.0314
2023-04-03,96,470.0000,477.4023,781.8958,532.6435,1177.0514,3289.9583,3912.6144,4133.5354,4001.5299,1752.4694,1012.9387
2023-04-05,96,657.2048,750.0904,1033.3319,721.2924,1419.0000,3700.0000,4519.3723,4902.0204,4633.1545,2012.4872,1227.4744
2023-04-05,96,728.4447,812.6119,1072.7782,764.2025,1425.5180,3634.8991,4467.4258,4855.4924,4570.8160,2008.0000,1234.7543
2023-04-05,96,684.6520,757.6876,1076.4709,760.3413,1489.8913,3924.0359,4785.2164,5156.1973,4852.6836,2043.0000,1229.8719
2023-04-05,96,701.0000,769.2750,1068.0000,749.3451,1446.3967,3796.0000,4615.9127,5015.9264,4699.0612,2002.5070,1210.0000
2023-04-08,96,1967.0000,1844.0000,1948.0000,1604.0000,2241.8333,4134.4337,4858.2965,4986.3260,4865.6071,2029.5643,1464.0000
2023-04-08,96,1363.0000,1410.0000,1628.0000,1384.0000,1962.0000,3696.0000,4421.4697,4649.5474,4499.4439,1995.0000,1437.5971
2023-04-10,96,398.0000,373.3085,700.8687,417.4191,1164.0000,3859.0000,4800.9936,5090.4432,4935.9110,1826.1880,992.6724
2023-04-10,96,442.0000,429.0272,733.4319,449.2223,1193.3942,3811.0000,4714.7950,5014.5878,4869.2425,1805.6412,1001.0010
2023-04-15,96,1583.0000,1564.0000,1656.0000,1432.0000,1876.0000,3225.0000,3844.7129,3992.9420,3884.0585,1480.0000,1037.0000
2023-04-18,96,213.0000,278.5101,509.4398,241.7219,882.1788,3377.6035,4584.8221,4728.2741,4709.2304,1328.0000,645.0000
2023-04-18,96,281.0000,346.2707,557.0785,281.2525,893.0548,3350.0000,4515.3647,4629.8988,4642.0000,1320.0000,650.7569
2023-04-23,96,-9999.0000,-9999.0000,-9999.0000,-9999.0000,-9999.0000,-9999.0000,-9999.0000,-9999.0000,-9999.0000,-9999.0000,-9999.0000
2023-04-23,96,-9999.0000,-9999.0000,-9999.0000,-9999.0000,-9999.0000,-9999.0000,-9999.0000,-9999.0000,-9999.0000,-9999.0000,-9999.0000
2023-04-30,96,-9999.0000,-9999.0000,-9999.0000,-9999.0000,-9999.0000,-9999.0000,-9999.0000,-9999.0000,-9999.0000,-9999.0000,-9999.0000
2023-04-30,96,-9999.0000,-9999.0000,-9999.0000,-9999.0000,-9999.0000,-9999.0000,-9999.0000,-9999.0000,-9999.0000,-9999.0000,-9999.0000
2023-05-05,96,176.0000,206.5281,344.9481,153.6269,626.0398,2936.5755,4457.8929,4691.9875,4638.0041,1217.0000,540.4711
2023-05-05,96,294.0000,326.6200,446.4381,233.5128,674.5548,2838.1058,4269.4464,4501.2870,4475.7072,1221.3937,545.9334
2023-05-13,96,-9999.0000,-9999.0000,-9999.0000,-9999.0000,-9999.0000,-9999.0000,-9999.0000,-9999.0000,-9999.0000,-9999.0000,-9999.0000
2023-05-13,96,-9999.0000,-9999.0000,-9999.0000,-9999.0000,-9999.0000,-9999.0000,-9999.0000,-9999.0000,-9999.0000,-9999.0000,-9999.0000
2023-05-15,96,276.0000,318.4380,472.6011,228.6116,720.4254,2997.6551,4403.5680,4576.0000,4579.1705,1285.2455,588.0042
2023-05-15,96,303.0000,334.4061,482.1866,236.5393,729.1674,2997.2502,4370.1208,4585.3748,4575.0000,1281.9897,590.0000
2023-05-18,96,-9999.0000,-9999.0000,-9999.0000,-9999.0000,-9999.0000,-9999.0000,-9999.0000,-9999.0000,-9999.0000,-9999.0000,-9999.0000
2023-05-18,96,-9999.0000,-9999.0000,-9999.0000,-9999.0000,-9999.0000,-9999.0000,-9999.0000,-9999.0000,-9999.0000,-9999.0000,-9999.0000
2023-05-23,96,155.1622,200.3304,405.4321,257.8568,677.6889,2725.6415,3988.0000,4130.5641,4296.0000,1283.3163,623.0000
2023-05-23,96,246.0000,278.2639,473.5007,309.7513,737.2054,2748.7236,3997.0604,4131.5243,4300.4856,1284.6974,625.7310
2023-05-25,96,175.0000,285.3581,485.2188,289.5820,787.7457,2978.2435,4325.5007,4498.3219,4677.1517,1458.5118,706.6023
2023-05-25,96,353.0000,416.3469,585.3241,377.0879,848.9938,2861.7843,4117.4577,4320.7205,4441.5360,1449.0000,714.3211
2023-05-28,96,-9999.0000,-9999.0000,-9999.0000,-9999.0000,-9999.0000,-9999.0000,-9999.0000,-9999.0000,-9999.0000,-9999.0000,-9999.0000
2023-05-28,96,-9999.0000,-9999.0000,-9999.0000,-9999.0000,-9999.0000,-9999.0000,-9999.0000,-9999.0000,-9999.0000,-9999.0000,-9999.0000
2023-05-30,96,811.4845,909.2503,1156.8737,869.5145,1464.9120,3715.0000,4813.1203,5036.0000,5154.3223,1827.3687,1044.0000
2023-05-30,96,885.0000,941.1723,1188.7542,893.5949,1478.1051,3657.6267,4746.0135,4938.8736,5102.5000,1821.4962,1042.0603
2023-06-02,96,102.0000,137.1576,385.3342,249.5910,769.2402,2697.3208,3787.0000,3923.5909,4204.0000,1395.3244,684.3612
2023-06-02,96,188.0000,213.5724,441.2348,289.4088,797.2501,2682.1853,3716.5108,3858.6656,4145.3554,1394.6313,678.0257
2023-06-04,96,304.0000,404.9235,608.9239,442.0000,1003.0000,2716.7619,3672.0000,3802.0000,4045.0233,1514.0149,788.0000
2023-06-04,96,374.0000,457.2366,649.6068,468.6954,1018.0000,2722.8755,3660.5049,3785.5089,4024.0000,1511.0000,793.3390
2023-06-07,96,60.0000,112.6622,350.2278,218.0996,776.0000,2440.0000,3348.4982,3585.8104,3740.0179,1325.0000,685.7609
2023-06-07,96,228.9769,296.5418,486.6463,330.3024,818.0000,2412.0000,3277.9610,3441.2119,3637.6075,1317.7740,685.0061
2023-06-09,96,553.4524,490.0845,750.2843,568.5279,1184.8534,2721.0132,3370.5356,3562.6927,3827.5228,1701.9846,893.4365
2023-06-09,96,630.0404,614.4008,832.2148,636.1604,1200.6483,2685.3423,3332.4739,3459.5725,3754.0000,1692.8130,890.0000
2023-06-12,96,0.0000,65.8630,364.7614,377.4514,949.2930,2148.6990,2705.5255,2931.4731,3180.0181,1573.0712,856.0000
2023-06-12,96,122.0000,189.7760,465.2699,441.8616,981.0751,2139.6491,2662.2705,2889.7723,3133.0170,1561.4421,858.0089
2023-06-14,96,-9999.0000,-9999.0000,-9999.0000,-9999.0000,-9999.0000,-9999.0000,-9999.0000,-9999.0000,-9999.0000,-9999.0000,-9999.0000
2023-06-14,96,-9999.0000,-9999.0000,-9999.0000,-9999.0000,-9999.0000,-9999.0000,-9999.0000,-9999.0000,-9999.0000,-9999.0000,-9999.0000
2023-06-17,96,192.0000,310.2974,509.4245,609.5462,1069.3205,1786.4371,2155.0000,2410.3668,2594.9003,1686.0000,1061.3839
2023-06-17,96,303.0000,400.3769,580.2251,649.3799,1088.4927,1797.5358,2163.8333,2394.5519,2579.6727,1674.7744,1052.0000
2023-06-19,96,255.0000,257.4757,541.3290,757.1049,1273.8190,1907.8752,2214.1199,2422.4528,2721.3266,2102.5828,1302.4615
2023-06-19,96,450.0000,474.6323,692.7608,837.2212,1289.0602,1907.4372,2213.1510,2357.8631,2653.0000,2073.4538,1301.5754
2023-06-22,96,-9999.0000,-9999.0000,-9999.0000,-9999.0000,-9999.0000,-9999.0000,-9999.0000,-9999.0000,-9999.0000,-9999.0000,-9999.0000
2023-06-24,96,331.0000,500.3111,713.1845,1064.7024,1408.8784,1811.2127,2140.2121,2339.2233,2579.5698,2609.9236,1729.0249
2023-06-24,96,351.0000,508.2156,716.9806,1065.1776,1422.7350,1800.8871,2136.1661,2345.7843,2555.3045,2605.4609,1724.0000
2023-06-27,96,219.0000,365.2416,613.4193,1081.5134,1442.4370,1826.8312,2183.2672,2423.7585,2708.4412,2717.7237,1729.5716
2023-06-27,96,264.0000,408.9798,641.2694,1089.4423,1453.9267,1851.6907,2197.0490,2427.2712,2699.9043,2709.9417,1729.6706
2023-06-29,96,309.0000,454.4340,777.3455,1242.9154,1605.6633,2043.3361,2333.7561,2555.5991,2778.3377,2749.7184,1742.0111
2023-06-29,96,449.0000,570.1543,842.0000,1232.8507,1581.9535,2026.2089,2308.6956,2509.2230,2723.0856,2709.7043,1733.3132
2023-07-02,96,198.0000,422.5661,713.5292,1106.2495,1458.0289,1844.0736,2082.7899,2130.9454,2394.8062,2413.2186,1574.4617
2023-07-02,96,501.0000,612.1860,820.4305,1092.9657,1414.3320,1811.3161,2038.4697,2067.2159,2308.5790,2321.0000,1549.2887
2023-07-04,96,326.0000,604.2099,877.4346,1282.8590,1626.4513,1994.9101,2265.9438,2359.2765,2555.3913,2656.7765,1809.1981
2023-07-04,96,458.0000,676.1184,912.5267,1252.6667,1593.9649,1964.4668,2251.4290,2322.4437,2506.1391,2609.0133,1799.0000
2023-07-07,96,406.0000,604.1821,816.1185,1101.3006,1385.6307,1778.9996,2036.0621,2139.6228,2309.4141,2435.3142,1699.1434
2023-07-07,96,468.0000,642.2914,838.2914,1101.0080,1380.9760,1797.9856,2034.1191,2155.7485,2298.0340,2412.1611,1691.8563
2023-07-09,96,554.0000,841.5711,1272.9400,1865.9906,2333.6571,2778.0000,3059.6856,3234.2136,3539.5221,4166.5272,2780.3374
2023-07-09,96,648.0000,884.9336,1272.9282,1795.3064,2243.9640,2712.4576,2994.5421,3144.0000,3451.0679,4092.9610,2749.5200
2023-07-12,96,-9999.0000,-9999.0000,-9999.0000,-9999.0000,-9999.0000,-9999.0000,-9999.0000,-9999.0000,-9999.0000,-9999.0000,-9999.0000
2023-07-14,96,557.0000,921.0945,1309.8372,1826.9091,2275.5249,2689.5526,3042.5442,3227.1514,3413.5011,4129.4766,2921.8014
2023-07-14,96,652.0000,953.3160,1305.5683,1770.0079,2187.6941,2629.3933,2970.5783,3164.0000,3353.2157,4068.2992,2899.5544
2023-07-17,96,420.0000,732.8011,1060.9285,1547.5584,1940.6384,2360.8255,2704.5032,2834.3866,3094.6833,3750.2466,2655.0000
2023-07-17,96,543.0000,798.2854,1085.5937,1500.4655,1877.9550,2304.9780,2644.0000,2770.0826,3012.4800,3683.0829,2634.6450
2023-07-19,96,-9999.0000,-9999.0000,-9999.0000,-9999.0000,-9999.0000,-9999.0000,-9999.0000,-9999.0000,-9999.0000,-9999.0000,-9999.0000
2023-07-22,96,-9999.0000,-9999.0000,-9999.0000,-9999.0000,-9999.0000,-9999.0000,-9999.0000,-9999.0000,-9999.0000,-9999.0000,-9999.0000
2023-07-22,96,-9999.0000,-9999.0000,-9999.0000,-9999.0000,-9999.0000,-9999.0000,-9999.0000,-9999.0000,-9999.0000,-9999.0000,-9999.0000
2023-07-27,96,525.0000,813.4801,1129.0059,1426.6929,1843.4979,2434.0643,2736.0000,2909.4666,3025.5188,3321.0000,2461.6488
2023-07-27,96,559.0000,837.7402,1137.0348,1434.7310,1837.8251,2420.0000,2715.0000,2908.2982,3025.7498,3317.0000,2451.2657
2023-07-29,96,710.0000,923.6559,1315.0525,1650.7596,2135.0909,2866.0000,3122.1817,3178.4942,3485.0000,3811.3769,2669.0637
2023-07-29,96,738.0000,947.2038,1314.8203,1642.5000,2123.9953,2838.0143,3108.0000,3169.1917,3448.0000,3785.0599,2635.6314
2023-08-03,96,-9999.0000,-9999.0000,-9999.0000,-9999.0000,-9999.0000,-9999.0000,-9999.0000,-9999.0000,-9999.0000,-9999.0000,-9999.0000
2023-08-06,96,510.5005,717.1981,1034.0000,1065.5338,1635.7982,2658.0000,3008.5366,3092.1334,3234.0000,2852.1813,1957.3173
2023-08-06,96,558.0000,749.7478,1041.2243,1075.9118,1637.1199,2649.0000,3009.0000,3075.0891,3229.0026,2835.7087,1965.0461
2023-08-08,96,696.0000,811.1866,1194.6404,1211.2530,1899.9872,3187.0000,3523.6298,3609.3674,3828.0221,3300.8165,2186.7970
2023-08-08,96,721.0904,825.3144,1210.0666,1211.4852,1890.9739,3197.0000,3513.9895,3610.0488,3803.5000,3309.4529,2190.1973
2023-08-11,96,-9999.0000,-9999.0000,-9999.0000,-9999.0000,-9999.0000,-9999.0000,-9999.0000,-9999.0000,-9999.0000,-9999.0000,-9999.0000
2023-08-11,96,-9999.0000,-9999.0000,-9999.0000,-9999.0000,-9999.0000,-9999.0000,-9999.0000,-9999.0000,-9999.0000,-9999.0000,-9999.0000
2023-08-13,96,576.0000,740.6524,1074.1355,995.0448,1683.7470,3146.6378,3666.2992,3634.2222,3885.7038,3074.9762,2018.9668
2023-08-13,96,652.0000,789.5000,1080.8211,988.5976,1636.1695,3036.3342,3546.0000,3521.6692,3773.4978,3005.0000,1977.0000
2023-08-16,96,585.0000,700.3422,972.5701,865.2481,1458.5887,2890.8772,3389.8426,3355.3314,3636.0000,2716.6154,1787.0600
2023-08-16,96,633.0000,734.5993,989.6521,870.1911,1463.0000,2885.0000,3353.0000,3344.0000,3606.0000,2708.6164,1757.0000
2023-08-18,96,627.0000,690.1687,1028.4400,905.2714,1612.4433,3329.4736,3729.9386,3665.4353,4027.3555,2940.6993,1756.4609
2023-08-18,96,691.0000,728.6032,1045.1772,924.5126,1580.8166,3245.5914,3628.6549,3632.1007,3954.8146,2891.4670,1764.7657
2023-08-21,96,507.0000,569.4242,869.5945,786.2582,1402.9605,2955.7028,3437.4358,3432.0000,3676.5741,2612.6788,1586.8670
2023-08-21,96,548.0000,613.0878,888.8607,789.3909,1397.2679,2923.9274,3373.0000,3409.8924,3640.0000,2605.0631,1573.3023
2023-08-23,96,563.0000,693.1200,989.1203,865.2623,1521.5183,3157.5000,3729.5118,3720.7722,3955.1405,2805.3679,1728.1179
2023-08-23,96,660.0000,773.3033,1016.6921,882.0875,1486.0394,2986.6084,3546.8613,3571.5619,3773.4291,2741.3162,1716.0000
2023-08-26,96,523.0000,673.4292,941.0676,908.9617,1457.5413,2757.3884,3249.0000,3307.4110,3507.0000,2690.7727,1736.4790
2023-08-26,96,595.0000,720.0000,961.2480,916.9757,1444.8208,2707.0000,3180.0000,3256.9418,3465.5015,2673.9534,1725.6935
2023-08-31,96,371.0000,412.0000,557.9525,412.7927,746.5110,1577.0000,1749.7445,1702.5830,1798.9414,888.0326,462.4353
2023-08-31,96,544.0000,548.6621,650.0000,481.6597,797.3733,1587.9956,1757.4970,1702.2203,1814.2901,883.9085,458.0000
2023-09-02,96,438.0000,574.0000,870.1448,677.0464,1397.9004,3164.8170,3718.0000,3738.8148,3913.0000,2378.0152,1341.3132
2023-09-02,96,513.0000,624.4978,892.0000,686.1980,1393.6848,3116.2554,3667.0000,3696.0234,3850.2939,2357.2736,1346.0000
2023-09-05,96,682.0000,1009.6518,1196.9789,1418.6787,1542.2669,1707.8019,1802.8211,1883.2423,1894.8782,2277.3251,2051.7848
2023-09-05,96,715.0000,1029.5044,1204.9614,1403.2096,1529.0000,1713.7083,1816.0781,1890.5283,1893.6289,2269.2756,2050.9659
2023-09-07,96,1032.0000,1434.8111,1738.9312,2066.3626,2242.2995,2355.0270,2449.6390,2554.1077,2563.6969,3107.5609,2842.7855
2023-09-07,96,955.0000,1434.3786,1714.7060,2025.8392,2211.7030,2338.4605,2434.6539,2531.2513,2556.2828,3084.2267,2818.5921
2023-09-10,96,938.0000,1307.6085,1578.9264,1851.2560,2019.5705,2138.6934,2245.2854,2314.5426,2359.0390,2762.7407,2508.2428
2023-09-10,96,930.0000,1316.1543,1571.0929,1826.2294,1995.2988,2132.2772,2247.9888,2314.6575,2354.6292,2740.1500,2496.0000
2023-09-12,96,-9999.0000,-9999.0000,-9999.0000,-9999.0000,-9999.0000,-9999.0000,-9999.0000,-9999.0000,-9999.0000,-9999.0000,-9999.0000
2023-09-17,96,1759.0000,1298.0000,1556.0000,1476.0000,2232.0000,3552.0000,4063.0000,4100.0000,4286.0000,3377.0000,2517.0000
2023-09-25,96,694.0000,1108.7562,1354.7923,1578.7097,1740.6297,1898.9508,2025.3095,2043.3253,2105.6378,2435.8860,2276.9985
2023-09-25,96,684.0000,1133.6489,1362.6238,1587.0543,1739.0000,1900.4753,2027.7830,2042.0883,2120.3215,2425.7002,2284.2582
2023-09-27,96,1064.0000,1460.3555,1762.3741,1987.4702,2203.1560,2434.7843,2531.2305,2611.5489,2650.6283,2875.2019,2570.4920
2023-09-27,96,1048.0000,1476.1923,1762.3368,1972.2843,2178.0473,2411.1363,2523.6183,2601.1273,2628.4181,2869.0695,2546.4889
2023-09-30,96,-9999.0000,-9999.0000,-9999.0000,-9999.0000,-9999.0000,-9999.0000,-9999.0000,-9999.0000,-9999.0000,-9999.0000,-9999.0000
2023-09-30,96,-9999.0000,-9999.0000,-9999.0000,-9999.0000,-9999.0000,-9999.0000,-9999.0000,-9999.0000,-9999.0000,-9999.0000,-9999.0000
2023-10-02,96,1006.0000,1545.8229,1811.1748,2082.9463,2354.3376,2477.1447,2647.5559,2643.3734,2714.9160,3172.0514,2978.3540
2023-10-02,96,1012.0000,1532.4028,1762.7294,2003.3307,2267.4285,2417.8009,2573.4797,2595.3681,2652.0472,3092.3098,2942.0000
2023-10-07,96,1109.6443,1475.7272,1795.2507,2058.7863,2275.3681,2475.8303,2553.6086,2634.0188,2674.7455,3053.7021,2787.6733
2023-10-07,96,1060.0000,1482.5909,1787.0231,2033.3703,2242.9658,2444.1615,2531.2073,2610.2420,2643.2423,3034.2311,2752.8205
2023-10-12,96,-9999.0000,-9999.0000,-9999.0000,-9999.0000,-9999.0000,-9999.0000,-9999.0000,-9999.0000,-9999.0000,-9999.0000,-9999.0000
2023-10-17,96,1113.9638,1450.0625,1746.5046,2011.3878,2218.1555,2436.1277,2540.1742,2709.0959,2652.8758,2972.0404,2722.8843
2023-10-17,96,1081.0000,1458.9734,1755.2208,2018.2283,2217.1137,2434.0136,2530.7714,2699.5584,2642.1873,2971.4847,2731.1276
2023-10-22,96,480.0000,694.2901,841.3679,953.5757,1141.8459,1372.4298,1494.9903,1508.1789,1544.0066,1624.4567,1298.0074
2023-10-22,96,501.0000,709.0411,848.9189,953.3356,1141.4107,1364.0206,1480.0144,1507.0387,1530.0464,1626.0014,1289.5379
2023-10-27,96,569.0000,749.3279,977.5840,1123.3942,1362.4210,1660.3989,1771.8745,1722.2159,1881.0972,1874.0125,1404.5901
2023-10-27,96,578.0000,765.5831,989.4259,1122.1950,1364.7173,1684.6667,1768.8909,1735.1600,1866.7411,1874.3586,1401.0241
2023-11-04,96,493.0000,813.3860,1024.8510,1179.1413,1418.0000,1741.0190,1866.1238,1954.5545,1957.4831,1865.7063,1512.9065
2023-11-04,96,535.0000,849.1745,1064.8446,1193.3424,1417.3231,1733.0976,1867.7699,1963.6136,1961.6346,1845.5768,1513.4484
2023-11-11,96,570.5125,889.2517,1091.4527,1210.5682,1505.9165,1851.9772,1970.4961,2098.7711,2066.1345,1974.6569,1542.3880
2023-11-11,96,580.0000,901.1946,1096.3953,1203.6000,1505.2140,1874.9575,1972.9837,2097.9681,2049.4945,1974.3781,1533.0000
2023-11-19,96,576.0000,732.0000,890.0000,888.0000,1125.0000,1384.0000,1465.0000,1491.0000,1569.0000,1376.0000,1058.0000
2023-11-19,96,590.0000,713.5387,877.4470,858.0000,1104.6389,1353.2838,1426.2321,1444.0000,1517.0190,1352.4811,1071.0000
2023-11-24,96,-9999.0000,-9999.0000,-9999.0000,-9999.0000,-9999.0000,-9999.0000,-9999.0000,-9999.0000,-9999.0000,-9999.0000,-9999.0000
2023-11-26,96,640.0000,820.6228,1172.5502,1136.5457,1562.5997,1949.4204,2017.6579,2169.0284,2139.6972,2060.2376,1605.6991
2023-11-26,96,662.4201,836.9416,1184.9252,1148.8996,1562.0000,1954.1486,2019.0385,2165.2195,2131.0427,2057.4211,1604.6813
2023-11-29,96,471.0000,708.1739,1016.4920,1012.5259,1425.4050,1789.5190,1884.0564,2011.0213,1979.0572,1865.6930,1426.0000
2023-11-29,96,522.0000,745.2946,1061.3792,1024.3881,1433.0117,1790.2962,1881.7858,2011.7966,1964.5748,1872.8284,1421.7361
2023-12-09,96,782.0000,1124.6667,1394.9086,1428.0000,1916.0000,2277.1399,2407.0000,2545.7406,2571.0348,2357.7056,1718.0000
2023-12-09,96,1005.0000,1261.2167,1501.1743,1530.2874,1981.0201,2307.0000,2427.0000,2610.6178,2606.0000,2403.0000,1816.0000
2023-12-14,96,-9999.0000,-9999.0000,-9999.0000,-9999.0000,-9999.0000,-9999.0000,-9999.0000,-9999.0000,-9999.0000,-9999.0000,-9999.0000
2023-12-14,96,-9999.0000,-9999.0000,-9999.0000,-9999.0000,-9999.0000,-9999.0000,-9999.0000,-9999.0000,-9999.0000,-9999.0000,-9999.0000
2023-12-16,96,586.0000,773.5491,1041.7070,1121.2047,1482.4573,1777.8199,1851.3212,1995.6621,1956.6003,1897.7183,1429.5000
2023-12-16,96,629.0000,806.1887,1062.0000,1129.2081,1488.5403,1773.0533,1853.9684,1994.5241,1965.3823,1888.0000,1429.6438
2023-12-19,96,481.0000,694.2113,936.7530,1009.3041,1337.0000,1618.5061,1696.5333,1812.1947,1780.1680,1721.0089,1273.6088
2023-12-19,96,541.0000,720.7079,949.4321,1013.2500,1337.0879,1605.0172,1689.2924,1804.0000,1782.0787,1720.4671,1277.3576
2023-12-24,96,-9999.0000,-9999.0000,-9999.0000,-9999.0000,-9999.0000,-9999.0000,-9999.0000,-9999.0000,-9999.0000,-9999.0000,-9999.0000
2023-12-24,96,1724.0000,1881.1041,1956.0000,1936.6709,2273.7246,2438.3576,2496.0000,2588.4075,2557.1271,2277.0000,1896.9826
2024-01-05,96,-9999.0000,-9999.0000,-9999.0000,-9999.0000,-9999.0000,-9999.0000,-9999.0000,-9999.0000,-9999.0000,-9999.0000,-9999.0000
2024-01-08,96,-9999.0000,-9999.0000,-9999.0000,-9999.0000,-9999.0000,-9999.0000,-9999.0000,-9999.0000,-9999.0000,-9999.0000,-9999.0000
2024-01-08,96,-9999.0000,-9999.0000,-9999.0000,-9999.0000,-9999.0000,-9999.0000,-9999.0000,-9999.0000,-9999.0000,-9999.0000,-9999.0000
2024-01-13,96,599.0000,884.1477,1085.3289,1177.5069,1468.6811,1757.7471,1846.0000,1995.2670,1937.0000,1714.7227,1395.2347
2024-01-13,96,689.0000,945.0441,1113.3428,1181.2408,1472.6844,1737.2010,1828.0000,1980.0084,1913.5346,1698.8989,1394.5426
2024-01-15,96,-9999.0000,-9999.0000,-9999.0000,-9999.0000,-9999.0000,-9999.0000,-9999.0000,-9999.0000,-9999.0000,-9999.0000,-9999.0000
2024-01-20,96,540.0000,845.6391,1021.8198,1157.2264,1424.0000,1728.0461,1840.6987,2074.3594,1950.2898,1709.6341,1278.0000
2024-01-20,96,596.0000,880.8585,1069.4457,1169.0647,1430.4723,1735.0000,1829.9027,2075.1934,1945.8578,1709.4471,1277.3556
2024-01-23,96,560.0000,832.9343,1021.0229,1109.0316,1381.0732,1628.3524,1708.0000,1846.1822,1797.3655,1585.1218,1273.4275
2024-01-23,96,621.0000,868.8164,1040.8571,1112.7591,1377.4977,1622.0721,1701.3952,1836.7275,1794.0000,1577.0000,1269.7224
2024-01-25,96,665.0000,836.0000,1104.8742,1216.8384,1512.9704,1785.0000,1870.2582,1914.0000,1954.5113,1778.0513,1261.6258
2024-01-25,96,823.0000,962.2760,1172.4366,1237.7000,1505.1144,1774.4753,1851.0000,1888.8817,1931.0000,1765.3017,1245.5632
2024-01-28,96,539.0000,692.4250,885.2231,968.5773,1249.1325,1516.4425,1589.6546,1708.6913,1681.0000,1617.5007,1220.1484
2024-01-28,96,588.0000,728.0000,896.1778,969.3663,1249.1043,1509.8066,1584.5125,1710.0000,1661.6487,1613.4214,1221.0256
2024-01-30,96,508.0000,760.9896,925.9055,1025.2414,1309.5240,1598.0000,1696.2486,1859.2438,1773.0000,1706.4603,1358.3294
2024-01-30,96,608.0000,812.1510,953.3495,1041.2827,1321.7437,1605.5958,1677.6268,1844.3783,1764.9806,1701.6133,1353.6612
2024-02-02,96,238.0000,402.2954,484.3261,516.3747,666.5073,798.6409,844.9330,877.1862,862.0000,752.0611,602.0000
2024-02-02,96,303.0000,447.0000,512.6982,530.2564,676.9315,804.0000,847.0000,880.8808,860.3747,746.6310,600.3145
2024-02-04,96,285.0000,470.5483,789.6378,956.4290,1323.6811,1638.2578,1709.5720,1778.0763,1797.8614,1834.8655,1498.6667
2024-02-04,96,355.0000,537.1169,825.8239,973.3482,1330.2915,1622.0000,1697.3265,1770.9962,1788.4252,1820.2266,1490.4213
2024-02-14,96,780.0000,917.2525,1160.9183,1226.3292,1573.3190,1897.6006,1996.8206,2058.6884,2078.4595,2033.9388,1564.0381
2024-02-14,96,836.5329,961.1372,1177.3628,1235.0793,1572.9769,1883.2574,1956.2797,2052.2653,2072.4160,2013.3431,1563.2551
2024-02-17,96,-9999.0000,-9999.0000,-9999.0000,-9999.0000,-9999.0000,-9999.0000,-9999.0000,-9999.0000,-9999.0000,-9999.0000,-9999.0000
2024-02-17,96,-9999.0000,-9999.0000,-9999.0000,-9999.0000,-9999.0000,-9999.0000,-9999.0000,-9999.0000,-9999.0000,-9999.0000,-9999.0000
2024-02-19,96,564.0000,869.3330,1153.1193,1202.8667,1657.4536,2075.0000,2220.0318,2280.8516,2310.3974,2077.4555,1611.9873
2024-02-19,96,613.0000,905.2887,1171.2969,1210.9995,1659.0000,2073.8259,2202.6689,2269.1326,2280.4045,2076.1047,1620.8768
2024-03-05,96,655.0000,825.3799,1197.1249,1129.0745,1749.0516,2580.0721,2729.7901,2819.7892,2795.7270,2042.3593,1404.9953
2024-03-05,96,624.0000,817.1624,1220.7631,1132.9908,1768.9875,2654.0000,2754.0000,2862.0000,2842.0000,2057.5000,1405.2582
2024-03-13,96,389.0000,607.0000,878.0000,782.0000,1236.0000,1899.0000,2043.0000,2322.0000,2116.0000,1542.0000,1186.0000
2024-03-13,96,708.0000,808.0000,1024.0000,933.0000,1340.0000,1929.0000,2076.0000,2226.6667,2117.0000,1621.0000,1326.0000
2024-03-20,96,432.0000,681.4926,1077.0473,889.0811,1696.0000,2970.0000,3229.0000,3426.3077,3290.6208,1993.0000,1290.9702
2024-03-20,96,664.0000,816.8923,1124.9637,937.7749,1653.9956,2781.0000,3034.0000,3201.1368,3092.9466,1938.2388,1276.7679
2024-03-23,96,1144.6683,1220.0000,1476.5183,1257.3673,1966.0000,3041.8779,3242.9651,3338.0902,3292.0544,1957.0000,1461.0000
2024-03-23,96,1173.0000,1252.0000,1586.4838,1330.3502,2101.6882,3348.8144,3547.7482,3716.0000,3589.0000,2002.5629,1482.2079
2024-03-25,96,568.0000,699.1250,1146.6050,954.7280,1851.4742,3402.3545,3594.1223,3890.7120,3721.7551,2155.5951,1452.1618
2024-03-25,96,617.0000,722.3418,1154.8293,964.0481,1813.3955,3381.1828,3579.6528,3860.9613,3692.3359,2145.5674,1450.1905
2024-03-30,96,2403.0000,2092.0000,2464.0000,2080.9672,3009.9772,4315.3453,4580.3503,4340.0000,4451.4253,2188.0000,1497.0000
2024-04-02,96,390.0000,561.7148,929.2694,664.7014,1504.0000,3113.0000,3409.0000,3586.0000,3490.5002,1641.6515,970.1927
2024-04-02,96,428.6285,584.8599,948.9154,665.2453,1516.9724,3137.5156,3419.6350,3586.1044,3521.5308,1644.6789,972.1014
2024-04-04,96,434.0000,524.7231,968.5510,691.4985,1614.0667,3417.0000,3690.0000,3834.3745,3762.9431,1836.0491,1051.1111
2024-04-04,96,523.0000,596.7143,998.1960,713.9105,1607.0000,3331.2480,3594.8332,3696.7445,3674.9792,1811.0000,1051.0000
2024-04-07,96,599.0000,728.9985,1137.1542,865.1930,1741.5000,3524.5678,3854.2738,3953.0431,3922.4123,1861.2617,1138.9488
2024-04-07,96,752.0000,840.6173,1189.2300,912.7607,1732.4891,3420.9607,3731.7285,3865.0089,3838.0000,1824.0000,1128.3669
2024-04-09,96,-9999.0000,-9999.0000,-9999.0000,-9999.0000,-9999.0000,-9999.0000,-9999.0000,-9999.0000,-9999.0000,-9999.0000,-9999.0000
2024-04-12,96,402.0000,580.2815,1000.2815,723.7308,1613.5814,3428.9234,3778.8643,3925.7003,3923.2307,1882.0150,1162.0000
2024-04-12,96,510.0000,645.0625,1020.4446,747.9023,1586.0000,3321.0000,3666.7103,3809.6372,3826.8829,1854.7900,1164.4069
2024-04-14,96,568.0000,669.2363,1122.8998,874.9147,1791.0000,3689.6434,4020.0000,4178.0000,4186.9139,2152.0000,1332.0943
2024-04-14,96,647.0000,728.9048,1139.0356,884.4126,1754.0000,3569.7357,3901.1928,4027.1025,4086.4833,2138.5190,1329.0495
2024-04-17,96,457.0000,590.0000,909.5973,810.5989,1390.2437,2552.8630,2803.2292,2963.1090,2956.0034,1769.0000,1177.6439
2024-04-17,96,442.0000,573.4131,909.6708,801.4252,1421.6090,2602.0000,2865.0000,3012.0000,3011.6172,1780.1610,1180.0000
2024-04-27,96,-9999.0000,-9999.0000,-9999.0000,-9999.0000,-9999.0000,-9999.0000,-9999.0000,-9999.0000,-9999.0000,-9999.0000,-9999.0000
2024-04-29,96,479.0000,677.3445,996.5312,923.3693,1440.0000,2626.5351,2913.0493,3090.6375,3035.0000,1892.0158,1293.6085
2024-04-29,96,530.0000,713.4565,1009.6170,924.5640,1428.0000,2572.5340,2856.9473,3036.5133,2974.0000,1866.5557,1284.7467
2024-05-04,96,-9999.0000,-9999.0000,-9999.0000,-9999.0000,-9999.0000,-9999.0000,-9999.0000,-9999.0000,-9999.0000,-9999.0000,-9999.0000
2024-05-04,96,-9999.0000,-9999.0000,-9999.0000,-9999.0000,-9999.0000,-9999.0000,-9999.0000,-9999.0000,-9999.0000,-9999.0000,-9999.0000
2024-05-14,96,-9999.0000,-9999.0000,-9999.0000,-9999.0000,-9999.0000,-9999.0000,-9999.0000,-9999.0000,-9999.0000,-9999.0000,-9999.0000
2024-05-14,96,-9999.0000,-9999.0000,-9999.0000,-9999.0000,-9999.0000,-9999.0000,-9999.0000,-9999.0000,-9999.0000,-9999.0000,-9999.0000
2024-05-17,96,270.0000,421.8392,872.7408,569.3005,1381.6593,3402.6034,3811.5017,3883.0227,3907.9628,1572.0170,824.8003
2024-05-17,96,366.6281,493.0193,901.6867,601.0238,1381.4318,3331.5010,3738.4915,3786.5828,3812.6085,1556.1557,826.3092
2024-05-22,96,-9999.0000,-9999.0000,-9999.0000,-9999.0000,-9999.0000,-9999.0000,-9999.0000,-9999.0000,-9999.0000,-9999.0000,-9999.0000
2024-05-22,96,-9999.0000,-9999.0000,-9999.0000,-9999.0000,-9999.0000,-9999.0000,-9999.0000,-9999.0000,-9999.0000,-9999.0000,-9999.0000
2024-05-24,96,446.5014,521.5767,965.2470,651.0708,1477.1318,3491.6239,3875.1890,3953.8706,4042.3516,1868.1157,1068.0000
2024-05-24,96,442.0000,537.6113,973.7815,657.4384,1497.4995,3507.8942,3860.7526,3929.3333,4036.2517,1861.4147,1066.7798
2024-05-27,96,-9999.0000,-9999.0000,-9999.0000,-9999.0000,-9999.0000,-9999.0000,-9999.0000,-9999.0000,-9999.0000,-9999.0000,-9999.0000
2024-06-01,96,279.0000,442.1267,884.9051,537.2623,1421.3654,3389.0215,3931.0253,3995.0000,4091.0000,1739.9888,977.7664
2024-06-01,96,431.0000,540.0000,917.2386,581.4992,1389.1219,3211.4710,3723.6018,3776.0000,3914.8541,1702.0000,960.9168
2024-06-03,96,802.0000,725.0000,1042.0000,737.0000,1372.0000,3062.0000,3504.0000,3608.0000,3577.0000,1588.0000,841.0000
2024-06-06,96,619.0000,752.6277,1168.7886,937.4192,1730.5987,3262.9428,3668.7615,3696.0000,3914.0000,2225.3067,1426.3676
2024-06-06,96,682.0000,792.8739,1157.0798,933.6171,1666.0009,3122.5476,3543.0000,3560.0000,3774.0000,2178.0029,1400.0000
2024-06-16,96,445.0743,506.7003,923.6973,731.1113,1482.1691,2817.6235,3130.5806,3170.1701,3362.0000,2082.7432,1324.0435
2024-06-16,96,534.0000,581.0423,961.6236,771.2382,1475.8302,2782.0450,3091.0995,3122.2072,3327.0000,2068.3172,1323.3441
2024-06-18,96,650.0029,784.5368,1172.0547,970.8710,1715.8977,3034.0000,3420.4399,3546.3320,3641.0000,2477.0000,1702.5238
2024-06-18,96,667.0000,792.7307,1172.9950,972.9204,1715.2539,3035.0000,3417.9023,3544.8402,3652.5306,2466.3168,1698.0296
2024-06-26,96,689.0000,802.7455,1194.2584,1144.8108,1874.0222,3049.0000,3378.4991,3450.7871,3732.8207,2970.7182,1911.1660
2024-06-26,96,678.5042,802.2712,1211.1232,1156.9185,1915.1440,3143.0000,3456.0000,3530.9394,3819.5779,3003.2507,1914.3633
2024-06-28,96,658.0000,882.6740,1235.0013,1222.0286,1900.2432,2932.0000,3283.1298,3345.6257,3555.2386,3091.6863,2151.8875
2024-06-28,96,769.5852,939.4584,1243.0710,1202.8313,1844.1041,2835.0000,3173.3357,3194.0627,3435.2072,3027.4917,2152.2906
2024-07-06,96,638.0000,585.0000,746.3831,626.4970,1019.0371,1730.0000,1983.0000,1811.4451,2135.0000,1294.1631,819.8182
2024-07-06,96,680.0000,616.4078,787.1474,652.4531,1068.0000,1872.0000,2126.0000,2006.8291,2296.0000,1419.0000,888.1930
2024-07-08,96,677.0000,876.1625,1227.7373,1082.8365,1786.6249,3006.6761,3370.1314,3329.7192,3580.7034,2738.9157,1895.6568
2024-07-08,96,651.9188,859.6002,1225.8847,1082.9864,1812.1154,3034.0909,3409.3247,3388.0000,3611.9710,2771.4821,1929.0874
2024-07-11,96,584.0000,748.1646,1073.2385,947.5429,1595.6765,2750.2612,3112.4398,3065.9454,3325.0625,2515.5270,1747.7487
2024-07-11,96,639.0000,780.7129,1090.2945,962.9122,1605.0055,2737.2752,3090.6149,3033.6758,3299.3924,2497.7094,1765.7667
2024-07-13,96,821.0000,907.8496,1257.5261,1142.6837,1864.5468,3161.0117,3419.1967,3346.4475,3685.5976,2860.9658,1893.8915
2024-07-13,96,861.0000,923.0750,1267.2458,1139.9435,1846.8487,3120.0000,3395.2663,3320.6832,3632.6933,2850.6203,1912.0177
2024-07-16,96,594.0000,683.8639,1019.9601,938.9474,1572.2095,2725.5866,3012.0127,3001.8361,3259.4687,2532.3401,1669.7736
2024-07-16,96,684.0000,738.9635,1035.5970,955.8619,1565.1485,2665.0000,2971.0000,2956.0503,3201.2985,2506.8878,1676.8561
2024-07-18,96,726.9533,876.3719,1170.6915,1090.7594,1730.6671,2889.8858,3267.3301,3273.2687,3466.3661,2834.5202,1975.4111
2024-07-18,96,780.0000,899.0833,1172.0026,1097.7000,1714.6277,2843.0000,3193.3378,3227.3452,3418.2590,2818.3689,1992.1895
2024-07-21,96,529.0826,682.9913,980.1424,898.5777,1524.7706,2631.0000,2985.4533,2964.4782,3209.1825,2475.8091,1693.1419
2024-07-21,96,562.6421,709.4354,988.1794,908.4427,1523.7160,2625.3972,2969.0000,2953.2243,3179.3309,2474.8942,1700.4352
2024-07-23,96,415.0000,445.0000,604.0000,480.5000,875.0000,1804.0000,2023.0000,2076.0000,2159.0000,1264.0000,649.0000
2024-07-23,96,425.0000,424.0000,574.3333,448.0000,823.0000,1580.0000,1754.4998,1754.0000,1861.0000,1137.5701,604.0000
2024-07-26,96,544.6451,593.2540,893.1233,851.1463,1475.5438,2632.0872,2921.3300,2892.7071,3169.4756,2459.6957,1605.0269
2024-07-26,96,665.0000,693.4486,945.5988,873.3572,1448.1563,2557.0000,2862.5315,2810.2338,3069.1602,2403.5580,1578.0899
2024-07-28,96,646.0000,772.9951,1069.2641,1003.2646,1643.3374,2811.9517,3203.4769,3177.7788,3433.1245,2756.2362,1876.0592
2024-07-28,96,734.0000,845.0000,1088.9615,1001.1304,1602.5015,2696.8360,3099.8205,3060.7479,3301.9923,2708.7576,1854.1209
2024-07-31,96,533.0000,689.3780,953.1342,896.4699,1452.5468,2472.9090,2834.7125,2803.4077,3051.0000,2377.6793,1612.3134
2024-07-31,96,646.0000,752.4976,985.3459,906.3095,1432.5088,2427.0000,2780.0573,2755.0484,2991.0000,2340.2659,1605.6389
2024-08-05,96,-9999.0000,-9999.0000,-9999.0000,-9999.0000,-9999.0000,-9999.0000,-9999.0000,-9999.0000,-9999.0000,-9999.0000,-9999.0000
2024-08-05,96,-9999.0000,-9999.0000,-9999.0000,-9999.0000,-9999.0000,-9999.0000,-9999.0000,-9999.0000,-9999.0000,-9999.0000,-9999.0000
2024-08-07,96,564.0000,725.5216,986.1291,966.0000,1504.0000,2484.9905,2837.0531,2836.0000,3034.0297,2628.9710,1780.0017
2024-08-07,96,687.0000,789.7925,1001.3525,966.0000,1465.0000,2428.7519,2778.7219,2772.6707,2982.0257,2562.4964,1780.3857
2024-08-10,96,557.0000,713.4427,926.0000,1016.8846,1442.0000,2124.5015,2421.3283,2475.8627,2731.3153,2836.1003,1986.6551
2024-08-10,96,601.0000,741.4853,941.7630,1017.3515,1441.9930,2115.2556,2412.9091,2467.9176,2725.0000,2800.2237,1970.5937
2024-08-12,96,666.0000,769.5677,1025.3550,1154.6836,1590.4676,2292.4227,2542.4751,2620.3452,2852.0897,3099.5869,2112.9554
2024-08-12,96,696.1040,793.6523,1045.2051,1152.4496,1588.0000,2290.6913,2522.0059,2620.2979,2857.5596,3083.5819,2114.9511
2024-08-12,96,676.0000,780.4072,1049.5130,1171.6285,1603.6294,2315.7629,2566.8472,2643.0559,2876.1288,3131.7430,2147.0059
2024-08-12,96,696.0000,789.4357,1032.9698,1156.0000,1590.0173,2293.5368,2552.6062,2625.9987,2868.4820,3081.9070,2109.9120
2024-08-15,96,561.0000,669.2538,905.0046,1037.3753,1433.1027,2049.7051,2306.0713,2331.3291,2581.0441,2795.4973,1907.8085
2024-08-15,96,620.0000,717.2831,929.0420,1036.9666,1425.0388,2026.8219,2275.3144,2315.2440,2548.0447,2777.1757,1899.3834
2024-08-17,96,-9999.0000,-9999.0000,-9999.0000,-9999.0000,-9999.0000,-9999.0000,-9999.0000,-9999.0000,-9999.0000,-9999.0000,-9999.0000
2024-08-17,96,-9999.0000,-9999.0000,-9999.0000,-9999.0000,-9999.0000,-9999.0000,-9999.0000,-9999.0000,-9999.0000,-9999.0000,-9999.0000
2024-08-20,96,-9999.0000,-9999.0000,-9999.0000,-9999.0000,-9999.0000,-9999.0000,-9999.0000,-9999.0000,-9999.0000,-9999.0000,-9999.0000
2024-08-20,96,-9999.0000,-9999.0000,-9999.0000,-9999.0000,-9999.0000,-9999.0000,-9999.0000,-9999.0000,-9999.0000,-9999.0000,-9999.0000
2024-08-22,96,568.0000,673.2437,957.8000,1021.0000,1481.6697,2275.6354,2506.1094,2551.6435,2761.8915,2757.1905,1946.4183
2024-08-22,96,743.0000,785.8850,1013.2500,1021.2788,1453.0818,2245.0065,2474.4236,2498.5129,2696.2013,2672.6859,1907.9120
2024-08-25,96,558.5232,625.1216,825.2059,853.1806,1261.0133,1972.0000,2197.5662,2231.4851,2409.2754,2501.2462,1815.0000
2024-08-25,96,593.0000,666.5000,849.5929,865.7655,1266.7592,1998.1882,2213.6413,2228.6202,2411.2494,2472.0000,1803.7360
2024-08-27,96,763.0000,885.3914,1104.7577,1106.1684,1564.6091,2329.0977,2680.5194,2665.1104,2870.1789,2892.3196,2130.8172
2024-08-27,96,849.0000,925.2355,1089.3464,1076.8897,1502.4897,2260.3346,2633.1096,2585.1758,2808.7167,2827.1889,2093.3434
2024-08-30,96,630.0000,737.0056,901.7394,913.7532,1277.6812,1965.6783,2242.4306,2251.9011,2455.0000,2517.7807,1900.7504
2024-08-30,96,645.0000,756.0000,909.3769,918.3595,1281.1213,1987.4286,2260.1997,2258.0000,2470.7920,2508.6848,1885.0000
2024-09-04,96,541.0000,629.2089,841.4087,901.3058,1293.5134,1982.0640,2235.0000,2226.7293,2442.9859,2560.0000,1809.1912
2024-09-04,96,617.0000,685.4808,869.3127,909.3651,1296.7377,1962.9231,2209.2757,2218.7433,2438.0000,2536.0000,1802.4156
2024-09-09,96,-9999.0000,-9999.0000,-9999.0000,-9999.0000,-9999.0000,-9999.0000,-9999.0000,-9999.0000,-9999.0000,-9999.0000,-9999.0000
2024-09-09,96,-9999.0000,-9999.0000,-9999.0000,-9999.0000,-9999.0000,-9999.0000,-9999.0000,-9999.0000,-9999.0000,-9999.0000,-9999.0000
2024-09-11,96,502.0000,534.3046,770.7821,696.6239,1209.9612,2122.3084,2357.8872,2391.1205,2565.7690,2277.0227,1432.9050
2024-09-11,96,561.0000,586.0000,794.2031,713.5187,1205.6551,2125.3339,2342.7709,2356.8581,2502.1105,2261.5208,1425.3894
2024-09-16,96,1084.0000,1132.6179,1320.9584,1101.1101,1725.7997,2946.0000,3321.0000,3457.9515,3514.8390,2492.5659,1604.0000
2024-09-16,96,1103.0000,1148.0168,1337.2614,1113.2386,1701.9209,2909.0498,3307.3469,3442.1657,3467.0000,2476.4992,1589.2598
2024-09-21,96,472.0000,506.4638,801.2093,620.6090,1264.6105,2611.8685,2877.1464,2921.5079,3098.5029,2248.7477,1353.6478
2024-09-21,96,535.0000,560.5000,829.1164,641.2845,1261.0346,2563.0737,2834.4951,2884.1941,3041.6616,2225.5225,1341.5409
2024-09-24,96,294.0000,350.3574,598.1111,406.4792,977.4913,2161.8748,2420.4676,2490.5000,2539.6915,1542.8010,826.6982
2024-09-24,96,376.0000,402.3143,630.5545,426.3451,984.0000,2131.6908,2397.0956,2483.0118,2532.2330,1538.8509,820.0000
2024-09-29,96,246.0000,392.3771,697.2986,456.8851,1147.5445,2699.3254,3049.8010,3253.8051,3267.4995,1869.8871,1081.6569
2024-09-29,96,277.0000,406.4613,704.8301,456.6836,1139.4307,2708.8979,3069.6297,3273.8969,3268.1706,1866.0000,1081.5188
2024-10-11,96,310.0000,372.0000,722.5931,420.6844,1188.3591,2892.3058,3181.1970,3362.6490,3425.5416,1881.0951,990.5373
2024-10-11,96,308.0000,370.8304,722.3829,414.7666,1189.6640,2908.4305,3229.0000,3362.6830,3460.9183,1884.5313,992.9932
2024-10-21,96,395.0000,452.3272,762.0000,516.1448,1200.0000,2709.5323,2985.3539,3075.5840,3202.2019,1853.4994,1020.4910
2024-10-21,96,485.0000,524.3003,818.3832,556.4561,1220.4819,2649.0059,2925.1572,3018.6135,3146.8189,1836.0000,1019.0000
2024-10-26,96,-9999.0000,-9999.0000,-9999.0000,-9999.0000,-9999.0000,-9999.0000,-9999.0000,-9999.0000,-9999.0000,-9999.0000,-9999.0000
2024-10-29,96,236.0000,402.5785,668.4557,420.6951,1084.7662,2509.5550,2850.2225,2963.9706,3043.5586,1653.6933,941.0000
2024-10-29,96,277.0000,424.5934,678.0982,424.3954,1084.6697,2490.6657,2834.0000,2954.1490,3029.0817,1656.0000,944.0000
2024-10-31,96,274.0000,326.3768,649.2151,397.4619,1108.2651,2703.0000,2989.0653,3138.0000,3197.1150,1837.9572,992.6531
2024-10-31,96,265.0000,320.5158,646.4947,388.7287,1109.9874,2684.7273,2986.3913,3153.5061,3206.2035,1837.0235,990.5894
2024-11-03,96,460.0000,512.2063,786.2569,554.0000,1250.6129,2621.3675,2927.0000,3075.8832,3133.4492,1869.2890,1069.2808
2024-11-03,96,468.0000,510.3196,780.1356,546.5247,1238.2065,2594.5447,2897.2955,3032.9172,3108.2157,1857.7273,1056.4897
2024-11-05,96,288.0000,426.0000,689.5053,437.7128,1141.0000,2634.5812,2961.7989,3219.0044,3179.1690,1849.0000,1034.0000
2024-11-05,96,251.0000,394.0000,668.3642,413.0758,1145.4488,2644.0026,2979.7972,3271.8273,3200.0000,1857.6559,1033.2605
2024-11-08,96,310.0000,458.3046,656.3215,458.3719,1051.0000,2156.0075,2418.6434,2563.7885,2621.3150,1369.6498,808.5063
2024-11-08,96,393.0000,510.8338,684.0000,476.4109,1054.5476,2140.4166,2390.0000,2546.9165,2581.1063,1360.0000,812.4399
2024-11-10,96,297.0000,337.5023,649.7854,437.8358,1170.5295,2635.7205,2923.2485,3221.7937,3187.0000,1833.8519,1002.0039
2024-11-10,96,320.0000,353.0639,654.2421,437.0684,1173.7178,2636.0000,2913.8843,3208.1083,3179.0930,1829.4294,1001.2268
2024-11-13,96,270.0000,336.3036,626.0000,433.3655,1165.6310,2517.0000,2829.3375,3081.9397,3052.5645,1765.5346,981.2601
2024-11-13,96,304.0000,366.5239,656.7893,445.4630,1168.4646,2498.6835,2788.3503,3060.9913,3031.0000,1766.2146,977.2037
2024-11-15,96,286.0000,424.3552,685.3726,461.2743,1234.6893,2617.0140,2919.0000,3223.0377,3170.0458,1904.8081,1073.0799
2024-11-15,96,321.0000,448.2974,696.8760,473.0737,1236.9773,2603.3974,2892.1983,3207.3723,3152.4832,1892.0000,1084.9940
2024-11-18,96,587.0000,720.0000,928.4954,737.1725,1425.3592,2522.8920,2804.7307,3018.4437,3043.6045,1809.7362,1113.0825
2024-11-18,96,351.0000,565.2663,821.0464,625.4000,1369.7771,2616.0983,2947.7829,3114.5018,3190.1261,1849.6685,1112.6491
2024-11-23,96,238.0000,374.3749,697.6314,572.7083,1273.2157,2267.0406,2514.7632,2902.6767,2843.0000,1809.6454,1012.7872
2024-11-23,96,275.0000,400.4008,708.1812,577.8661,1277.1182,2265.8989,2509.2281,2888.6667,2828.8078,1801.0000,1019.0000
2024-11-25,96,-9999.0000,-9999.0000,-9999.0000,-9999.0000,-9999.0000,-9999.0000,-9999.0000,-9999.0000,-9999.0000,-9999.0000,-9999.0000
2024-11-25,96,-9999.0000,-9999.0000,-9999.0000,-9999.0000,-9999.0000,-9999.0000,-9999.0000,-9999.0000,-9999.0000,-9999.0000,-9999.0000
2024-11-30,96,413.0000,525.6096,661.0849,809.4608,908.2391,971.3298,1019.0000,1142.7621,1115.0000,1329.4892,1053.9081
2024-11-30,96,443.0000,544.2496,668.8539,816.8266,908.8502,971.7844,1021.0000,1159.2090,1115.9278,1333.0384,1053.0786
2024-12-05,96,566.0000,837.4341,921.3276,1105.3237,1233.7229,1284.1608,1362.8773,1479.1605,1427.1850,1764.8186,1577.2932
2024-12-05,96,556.0000,837.3470,938.5534,1109.0389,1240.5051,1284.1855,1354.9498,1479.6175,1419.1726,1757.4571,1581.0000
2024-12-13,96,444.6816,632.6556,797.3114,989.7854,1136.7347,1179.1294,1235.7567,1318.5932,1314.9917,1649.3819,1390.3966
2024-12-13,96,580.0000,736.7430,865.0875,1024.7950,1158.0939,1203.7952,1258.5098,1332.0007,1332.6632,1628.7652,1381.3634
2024-12-13,96,522.0000,681.6944,853.1844,1032.0000,1154.0911,1228.9910,1252.5754,1350.4414,1364.3627,1690.0299,1446.0983
2024-12-13,96,637.0000,777.8465,916.7453,1065.0611,1177.8697,1248.8712,1275.8095,1379.1993,1377.9709,1683.9824,1437.5633
2024-12-15,96,404.0000,758.5581,865.2107,1044.7495,1158.0000,1188.3951,1267.5422,1364.9042,1336.5761,1701.2591,1482.0810
2024-12-15,96,621.0000,856.0000,937.4223,1080.9156,1217.6078,1246.8190,1307.0388,1383.0326,1378.2346,1665.6081,1470.0000
2024-12-18,96,-9999.0000,-9999.0000,-9999.0000,-9999.0000,-9999.0000,-9999.0000,-9999.0000,-9999.0000,-9999.0000,-9999.0000,-9999.0000
2024-12-23,96,-9999.0000,-9999.0000,-9999.0000,-9999.0000,-9999.0000,-9999.0000,-9999.0000,-9999.0000,-9999.0000,-9999.0000,-9999.0000
2024-12-25,96,387.0000,628.4341,713.3220,873.1262,965.3608,1003.9677,1067.7731,1174.7793,1133.7097,1284.0000,1041.7269
2024-12-25,96,444.0000,664.9530,737.1770,888.7642,976.0000,1020.0645,1075.7367,1175.2032,1146.1204,1292.5132,1047.0000
2024-12-28,96,356.0000,608.1108,686.1726,817.3602,904.5383,949.7652,1002.9681,1083.3673,1075.2958,1240.5152,1105.9586
2024-12-28,96,366.0000,610.3717,681.4151,804.9428,905.3799,937.6973,993.9794,1075.1716,1061.4311,1229.7704,1105.3183
2024-12-30,96,464.0000,610.1567,753.1419,928.9871,1060.9182,1106.6114,1147.0823,1236.8404,1236.4320,1510.1309,1285.2511
2024-12-30,96,519.0000,660.3066,781.5544,949.0985,1078.6863,1125.3376,1153.6189,1241.0855,1234.7652,1509.2101,1292.5688
2025-01-04,96,-9999.0000,-9999.0000,-9999.0000,-9999.0000,-9999.0000,-9999.0000,-9999.0000,-9999.0000,-9999.0000,-9999.0000,-9999.0000
2025-01-12,96,384.0000,522.1010,644.1473,792.9049,897.4173,948.6488,1003.7880,1107.4301,1073.5175,1289.9711,1036.6414
2025-01-12,96,443.0000,558.0055,664.1471,797.3718,893.7683,945.6358,994.1915,1107.0145,1076.2225,1284.9971,1038.4690
2025-01-14,96,768.0000,1092.6567,1240.5565,1427.2136,1549.7513,1646.3442,1706.7178,1875.0634,1762.1086,2150.0276,1957.2646
2025-01-14,96,764.0000,1105.1537,1241.3250,1427.2746,1565.2558,1650.1541,1704.6020,1874.4085,1769.2379,2145.2207,1965.3282
2025-01-17,96,717.0000,1028.8771,1192.8259,1369.1556,1496.9506,1581.5208,1628.0000,1787.9890,1698.4743,1970.1407,1873.8058
2025-01-17,96,741.7173,1060.9942,1209.2739,1373.1215,1501.6129,1573.7566,1621.0175,1788.4946,1696.8816,1955.0000,1868.5834
2025-02-03,96,566.0000,780.2000,890.0000,1004.5080,1137.3503,1209.7689,1283.2755,1371.2634,1331.0519,1577.4842,1357.0423
2025-02-03,96,549.0000,768.3428,878.3945,996.7076,1142.4883,1216.9683,1283.0880,1363.7047,1324.5171,1574.0982,1357.6676
2025-02-06,96,639.0000,933.5699,1104.6367,1260.8194,1400.0444,1505.3676,1565.1466,1675.7171,1636.6275,1863.0000,1744.5893
2025-02-06,96,688.0000,969.4457,1121.0709,1265.6420,1401.7366,1500.1835,1554.0401,1667.7471,1621.3333,1849.7566,1733.5612
2025-02-08,96,921.5716,1250.0124,1530.3016,1698.4784,1906.8494,2033.4929,2035.8475,2146.7146,2128.9943,2518.2083,2193.6294
2025-02-08,96,956.0000,1273.3304,1523.5985,1690.2059,1890.0666,2010.8903,2027.7987,2130.7745,2121.3088,2488.8305,2171.5936
2025-02-16,96,-9999.0000,-9999.0000,-9999.0000,-9999.0000,-9999.0000,-9999.0000,-9999.0000,-9999.0000,-9999.0000,-9999.0000,-9999.0000
2025-02-16,96,-9999.0000,-9999.0000,-9999.0000,-9999.0000,-9999.0000,-9999.0000,-9999.0000,-9999.0000,-9999.0000,-9999.0000,-9999.0000
2025-02-18,96,988.0000,1274.0753,1547.5324,1810.6007,1973.0762,2123.9571,2165.2488,2377.9181,2285.5447,2626.7471,2325.9168
2025-02-18,96,1041.0000,1317.4613,1578.8014,1778.5987,1957.2745,2090.5818,2132.7153,2331.0198,2241.9189,2582.1851,2294.1187
2025-02-21,96,944.0000,1259.6748,1548.3354,1771.1590,1931.9512,2035.9657,2066.3517,2220.3192,2188.3076,2546.0479,2253.2597
2025-02-21,96,1113.6094,1357.4114,1579.2045,1755.6408,1910.0000,2025.5708,2054.8762,2211.6446,2177.2024,2522.0000,2232.5015
2025-02-28,96,-9999.0000,-9999.0000,-9999.0000,-9999.0000,-9999.0000,-9999.0000,-9999.0000,-9999.0000,-9999.0000,-9999.0000,-9999.0000
2025-02-28,96,-9999.0000,-9999.0000,-9999.0000,-9999.0000,-9999.0000,-9999.0000,-9999.0000,-9999.0000,-9999.0000,-9999.0000,-9999.0000
2025-03-03,96,866.0000,1163.8577,1459.5954,1684.3981,1869.5694,2012.6495,2068.2647,2236.0392,2171.5019,2522.2186,2227.0625
2025-03-03,96,926.0000,1202.7811,1474.4004,1691.7840,1867.3326,2012.3024,2059.7722,2234.5394,2171.4596,2530.0411,2227.4267
2025-03-05,96,1058.0000,1490.9611,1762.7465,2018.1347,2211.8235,2331.4793,2421.2606,2595.6413,2500.4517,2890.8425,2732.1820
2025-03-05,96,1049.0000,1506.7098,1764.4579,2019.2678,2187.6832,2315.2875,2403.5153,2595.9382,2492.2934,2899.5506,2723.1097
2025-03-08,96,1201.0000,1563.2343,1820.2099,2021.0571,2201.9670,2372.8994,2476.1829,2586.5760,2548.6207,2705.0000,2538.7678
2025-03-08,96,1143.0000,1579.2527,1867.2391,2085.3484,2259.0000,2427.3223,2530.9787,2625.9868,2604.2346,2758.3339,2558.1612
2025-03-10,96,-9999.0000,-9999.0000,-9999.0000,-9999.0000,-9999.0000,-9999.0000,-9999.0000,-9999.0000,-9999.0000,-9999.0000,-9999.0000
2025-03-10,96,-9999.0000,-9999.0000,-9999.0000,-9999.0000,-9999.0000,-9999.0000,-9999.0000,-9999.0000,-9999.0000,-9999.0000,-9999.0000
2025-03-18,96,806.0000,1162.8810,1426.0000,1636.0059,1803.7266,2057.9079,2147.1367,2364.1604,2252.3545,2365.5069,2136.0000
2025-03-18,96,818.0000,1194.4979,1433.8613,1634.1794,1790.4153,2044.8274,2148.6792,2346.6752,2243.0433,2339.3228,2129.9799
2025-03-20,96,1162.0000,1546.7408,1900.2225,2156.0000,2378.6058,2660.4529,2724.7849,2977.4522,2852.1093,3033.5634,2635.0000
2025-03-20,96,1171.0000,1523.3333,1851.2561,2090.1202,2312.0000,2603.3566,2678.4715,2914.1114,2786.3287,2986.9590,2587.0000
2025-03-23,96,-9999.0000,-9999.0000,-9999.0000,-9999.0000,-9999.0000,-9999.0000,-9999.0000,-9999.0000,-9999.0000,-9999.0000,-9999.0000
2025-03-23,96,-9999.0000,-9999.0000,-9999.0000,-9999.0000,-9999.0000,-9999.0000,-9999.0000,-9999.0000,-9999.0000,-9999.0000,-9999.0000
2025-03-25,96,-9999.0000,-9999.0000,-9999.0000,-9999.0000,-9999.0000,-9999.0000,-9999.0000,-9999.0000,-9999.0000,-9999.0000,-9999.0000
2025-03-30,96,-9999.0000,-9999.0000,-9999.0000,-9999.0000,-9999.0000,-9999.0000,-9999.0000,-9999.0000,-9999.0000,-9999.0000,-9999.0000
2025-03-30,96,-9999.0000,-9999.0000,-9999.0000,-9999.0000,-9999.0000,-9999.0000,-9999.0000,-9999.0000,-9999.0000,-9999.0000,-9999.0000
2025-04-01,96,1829.3319,2061.1376,2292.0000,2324.5175,2726.0000,3329.6615,3467.9249,3632.6776,3541.8236,2900.0000,2346.8758
2025-04-02,96,945.0000,1248.6667,1618.9045,1739.4951,2097.6443,2588.4313,2658.4197,2787.7682,2764.4330,2723.2610,2291.1989
2025-04-02,96,939.0000,1274.0943,1627.1362,1722.9651,2094.0000,2578.8928,2651.4975,2787.0073,2764.9551,2713.0000,2284.0000
2025-04-04,96,1111.0000,1556.7118,1899.6931,2056.7665,2409.0950,2964.3511,3137.5722,3306.7882,3229.4577,3133.0000,2728.3521
2025-04-04,96,1079.0000,1547.6213,1882.9673,2022.9844,2403.0662,2939.5090,3106.7121,3273.5341,3187.7748,3103.0000,2710.1347
2025-04-04,96,972.0000,1338.7384,1690.8299,1860.0000,2183.0000,2714.9761,2859.4983,2995.6677,2962.0991,2796.9641,2330.5685
2025-04-04,96,988.0000,1339.7497,1668.2667,1793.6724,2149.9845,2674.1722,2819.1780,2954.7518,2916.5918,2791.0000,2379.5490
2025-04-07,96,1284.8686,1521.7667,1721.2761,1674.6146,2002.0000,2554.1578,2729.5764,2883.3298,2818.9344,2237.3824,1875.7847
2025-04-11,96,1144.0000,1490.0174,1803.6847,2084.2875,2274.6902,2489.8257,2571.5666,2666.6356,2684.7790,2964.0176,2649.0000
2025-04-11,96,1156.0000,1467.5151,1755.5574,2002.5724,2201.2310,2443.6547,2530.8313,2633.8221,2634.0601,2903.0000,2605.1530
2025-04-12,96,909.0000,1356.0000,1667.2764,1937.4371,2064.9590,2242.5313,2308.5752,2419.3756,2428.0000,2723.8362,2385.7502
2025-04-12,96,1000.0000,1317.0000,1578.8739,1779.6256,1954.9044,2187.2189,2250.7300,2370.9603,2362.7651,2629.0959,2357.8444
2025-04-19,96,1022.0000,1394.7804,1690.9613,1916.3196,2161.5422,2494.7520,2571.3152,2659.4465,2689.9978,2828.4495,2428.6654
2025-04-19,96,1023.0000,1418.1692,1708.0070,1923.9378,2152.0000,2490.6299,2573.1656,2653.1949,2696.5898,2802.5993,2411.0000
2025-04-22,96,1120.0000,1619.0146,1979.0097,2185.3618,2410.2805,2753.8182,2827.5834,2883.6652,2949.3078,3026.9961,2630.0000
2025-04-22,96,1177.0000,1627.9938,1962.2871,2167.5181,2425.0000,2754.5354,2833.9566,2889.8145,2950.2448,3029.3459,2636.3971
2025-04-24,96,1513.0000,2059.0285,2364.9549,2694.6912,2961.6498,3177.3311,3394.0348,3425.9017,3498.9940,3834.2832,3593.2441
2025-04-24,96,1528.0000,2035.8358,2339.9842,2646.3029,2909.4894,3133.5412,3355.8892,3385.8969,3474.5235,3805.9480,3572.0972
2025-04-24,96,1193.0000,1586.1274,1914.6534,2198.7422,2461.4295,2642.3872,2792.9812,2853.7600,2918.5108,3248.8536,2830.0875
2025-04-24,96,1217.0000,1578.4065,1876.0620,2138.5959,2443.5963,2662.6633,2802.0000,2824.0216,2936.5601,3195.2531,2794.6922
2025-04-27,96,620.0000,941.4832,1145.5569,1370.9638,1506.5501,1666.3179,1780.0238,1813.0815,1860.9933,2020.3218,1746.2080
2025-04-27,96,731.0000,969.4855,1149.4124,1331.9188,1473.6167,1674.8380,1795.2875,1830.5019,1868.4788,1986.9282,1731.2689
2025-04-29,96,1352.0000,1847.2779,2229.7978,2631.6996,2850.3698,3059.0000,3145.5706,3284.0000,3324.0524,3667.7910,3287.3277
2025-04-29,96,1294.0000,1732.7098,2086.5693,2453.6542,2681.0000,2939.0000,3066.3693,3185.5087,3236.5074,3563.8992,3227.4897
2025-05-01,96,1290.0000,1762.4292,2093.3791,2452.7596,2642.4536,2867.0328,2964.3048,3042.6870,3083.4498,3433.0000,3143.6788
2025-05-01,96,1263.0000,1699.0097,2027.8032,2358.0312,2563.2347,2805.6038,2922.8336,2995.8638,3046.0000,3388.5349,3107.2715
2025-05-02,96,1141.0000,1539.3703,1874.8198,2154.4035,2356.7484,2625.5548,2701.9519,2772.1738,2832.6885,3149.1947,2822.0406
2025-05-02,96,1185.0000,1546.1211,1866.5204,2138.3698,2330.2273,2628.7442,2704.5167,2778.1313,2850.9782,3150.0000,2835.1666
2025-05-04,96,1921.0000,2356.1481,2635.1974,2754.5042,3077.9949,3352.9615,3525.1737,3508.0000,3530.5744,3165.6978,2898.1567
2025-05-04,96,1988.0000,2354.7709,2602.7231,2731.6871,3019.6464,3177.5051,3315.7881,3320.8231,3353.4969,3135.0000,2882.2751
2025-05-04,96,1825.0000,2219.4383,2475.6009,2586.3091,2873.4264,3097.0234,3204.0418,3209.9307,3257.7028,2936.0000,2613.6070
2025-05-04,96,1783.0000,2018.2055,2264.9709,2364.0437,2651.1161,2921.0000,3050.6611,3052.6562,3117.4225,2841.8400,2565.5409
2025-05-09,96,918.0000,1066.9759,1322.7672,1577.9765,1771.7459,2059.6857,2136.4669,2182.6608,2262.3260,2468.6837,2043.7711
2025-05-09,96,894.0000,1074.8742,1330.5506,1570.2821,1772.2871,2050.5180,2133.6723,2166.9760,2264.8824,2460.3990,2034.2528
2025-05-11,96,1453.0000,1924.9382,2325.0856,2644.5787,2954.4363,3246.0000,3347.1583,3442.2326,3484.0163,3716.6278,3351.3631
2025-05-11,96,1443.0000,1883.3765,2282.0085,2582.0238,2875.0022,3201.3275,3321.7918,3401.6817,3442.3469,3680.0000,3333.7037
2025-05-12,96,1427.0000,1957.6030,2390.7219,2677.3443,2906.3605,3193.7798,3267.7291,3402.7556,3387.0000,3594.3968,3129.0098
2025-05-12,96,1435.0000,1925.8562,2313.3897,2582.7680,2796.5618,3141.5707,3220.0534,3354.7805,3324.4097,3553.3416,3112.7498
