2017-01-24,86,615.0000,761.4188,973.6698,1057.0079,1481.2474,1972.7664,2072.0000,2219.1706,2162.1237,1818.0000,1261.4154
2017-04-11,86,856.4764,629.4803,705.2813,410.4986,835.5451,3144.6475,4258.4611,4339.5550,4451.9107,1307.2388,611.3951
2017-04-21,86,1.0000,1.0082,235.4459,91.1380,612.3398,3174.2843,4444.4411,4808.9171,4634.4154,1267.8541,579.4684
2017-04-21,86,297.0000,211.9166,323.5960,66.5652,539.9698,3209.6072,4531.3793,4884.2157,4684.4524,1251.2026,572.2089
2017-04-24,86,-9999.0000,-9999.0000,-9999.0000,-9999.0000,-9999.0000,-9999.0000,-9999.0000,-9999.0000,-9999.0000,-9999.0000,-9999.0000
2017-05-01,86,1180.0000,1136.3964,1249.2847,1025.8566,1433.6010,3232.4469,4093.8303,4259.2681,4235.0238,1668.3969,1137.9101
2017-05-04,86,719.0000,394.0000,619.0000,382.0000,1093.0000,4212.0000,5952.0000,6470.0000,6146.0000,1453.0000,780.0000
2017-05-04,86,-9999.0000,-9999.0000,-9999.0000,-9999.0000,-9999.0000,-9999.0000,-9999.0000,-9999.0000,-9999.0000,-9999.0000,-9999.0000
2017-05-14,86,1.0000,1.0016,147.6435,51.4384,516.6345,2489.5720,3566.0000,3675.7264,3817.0000,1026.3402,483.3900
2017-05-14,86,20.5783,43.1751,180.2469,27.4257,458.6618,2506.9056,3605.2258,3731.6618,3886.0948,1018.5535,475.3405
2017-05-21,86,-9999.0000,-9999.0000,-9999.0000,-9999.0000,-9999.0000,-9999.0000,-9999.0000,-9999.0000,-9999.0000,-9999.0000,-9999.0000
2017-05-21,86,-9999.0000,-9999.0000,-9999.0000,-9999.0000,-9999.0000,-9999.0000,-9999.0000,-9999.0000,-9999.0000,-9999.0000,-9999.0000
2017-05-24,86,180.5205,147.5453,346.8560,251.5877,762.6068,2186.5357,2916.0347,3059.1299,3333.5416,1282.8848,665.8277
2017-05-24,86,392.0000,421.2551,563.7259,435.8759,901.7497,2210.1046,2853.9153,2995.5151,3249.7835,1290.9175,690.5794
2017-05-31,86,1301.0000,1249.4407,1393.6392,1238.9654,1748.5249,2766.9650,3169.0000,3270.0942,3548.6062,2138.0000,1370.0000
2017-06-03,86,198.7812,265.2881,467.6852,467.1399,963.1918,1713.3410,2084.8340,2243.4571,2490.3348,1497.7939,883.5657
2017-06-03,86,211.0000,213.3895,451.1989,473.6738,973.4231,1725.0802,2085.9064,2244.4456,2499.4962,1507.0420,884.8715
2017-06-10,86,860.0000,923.3173,1083.3772,1192.9872,1569.8085,1980.8015,2204.4314,2346.9394,2522.8346,2000.4123,1341.8260
2017-06-13,86,287.0000,409.6624,580.3443,859.8257,1171.3393,1355.2249,1544.5858,1687.3817,1894.6566,1940.2426,1240.9754
2017-06-13,86,379.0000,491.7629,651.4905,891.5982,1195.7653,1402.9456,1595.9197,1734.9045,1924.2088,1938.0000,1238.0000
2017-06-20,86,100.0000,457.8894,822.1862,1290.0074,1606.1368,1778.4109,1956.2306,2135.7142,2308.2330,2737.3320,1785.2998
2017-06-20,86,563.0000,737.0469,949.3444,1331.1999,1589.5079,1746.3660,1899.7865,2098.9522,2275.3907,2710.6197,1769.4137
2017-06-23,86,2492.0000,1697.1210,1850.1250,2093.2884,2420.0000,2623.0000,2815.0000,2730.7551,3057.5005,2666.0000,1896.1846
2017-06-23,86,2464.0000,1836.4938,1989.5907,2193.2514,2496.4116,2733.8506,2916.0784,2826.4435,3152.8056,2640.0000,1874.3970
2017-07-03,86,461.3212,633.8245,829.7662,1145.0193,1393.1567,1500.9988,1668.8353,1766.8270,1931.5714,2529.4998,1625.1208
2017-07-03,86,413.0000,597.0406,818.8153,1133.4944,1393.0409,1537.7467,1700.3645,1798.6659,1955.0930,2513.4632,1625.8945
2017-07-08,86,610.0000,920.8722,1240.6517,1732.7061,2105.9432,2361.2633,2669.0709,2810.5060,3071.0000,3939.7795,2620.0917
2017-07-10,86,374.9788,945.4349,1507.5644,2259.6968,2723.2021,2899.0000,3091.6298,3291.0031,3580.2853,4523.3601,2867.5905
2017-07-10,86,715.0000,1146.6896,1603.2905,2330.7705,2740.9245,2886.2101,3074.8491,3274.7006,3557.4583,4482.2015,2843.3725
2017-07-13,86,346.0000,801.7302,1246.0314,1851.7885,2260.7961,2386.0611,2588.5726,2683.9315,2992.0000,4099.5026,2716.4862
2017-07-13,86,521.0000,885.6745,1273.6088,1836.1196,2229.5863,2374.3542,2569.6396,2675.5107,2970.3488,4075.1993,2690.1216
2017-07-20,86,965.1877,1171.6879,1483.6569,1868.5838,2270.6704,2690.5126,2920.8444,3016.4224,3299.8247,3897.2515,2595.2487
2017-07-20,86,1078.0000,1340.0725,1651.2377,2164.8593,2579.7644,2807.9856,3017.0502,3110.6916,3452.3359,4102.4820,2652.0000
2017-07-23,86,321.0000,801.1237,1137.1291,1545.3816,1973.6639,2288.9268,2509.6613,2613.9213,2902.0267,3811.1130,2474.2631
2017-07-23,86,658.0000,972.5236,1233.7767,1637.9038,2041.0771,2289.4937,2490.8107,2612.0403,2909.7679,3899.6228,2497.9676
2017-07-30,86,-9999.0000,-9999.0000,-9999.0000,-9999.0000,-9999.0000,-9999.0000,-9999.0000,-9999.0000,-9999.0000,-9999.0000,-9999.0000
2017-08-02,86,1237.0697,1525.4472,1833.3716,2236.2197,2435.1378,2336.4978,2424.5185,2425.3541,2628.2701,3442.4318,2901.5433
2017-08-02,86,1260.9299,1517.2090,1819.5950,2219.3321,2419.2246,2326.0000,2430.3244,2420.0658,2629.9788,3435.1150,2900.1439
2017-08-09,86,1285.8737,1677.7548,2099.8801,2572.0003,2803.6083,2782.1492,2841.2870,2848.9571,3077.0000,3817.3954,3230.3955
2017-08-09,86,1379.0000,1649.1002,2052.3331,2498.7542,2741.7881,2761.4482,2829.3121,2809.5675,3046.1949,3771.8112,3164.9149
2017-08-12,86,413.0000,466.5803,524.9627,614.4134,682.0000,688.2296,716.0000,710.6461,758.0185,784.5206,636.1628
2017-08-12,86,299.0000,406.2336,508.6545,616.4894,702.4536,719.0000,760.5194,743.5000,808.9984,816.6912,649.0000
2017-08-19,86,-9999.0000,-9999.0000,-9999.0000,-9999.0000,-9999.0000,-9999.0000,-9999.0000,-9999.0000,-9999.0000,-9999.0000,-9999.0000
2017-08-22,86,1676.7848,2019.8099,2436.5415,2920.6458,3138.7939,3148.6338,3259.0000,3364.8788,3454.0000,4369.7273,3828.0859
2017-08-22,86,1716.1896,2051.9168,2455.0996,2937.0759,3156.0935,3157.8216,3250.0000,3364.3627,3451.0000,4342.5106,3847.8854
2017-08-29,86,842.0773,1121.2713,1466.8185,1874.6371,2121.3660,2267.0000,2368.0000,2436.7121,2547.7998,3160.9297,2514.4429
2017-08-29,86,1093.3559,1278.1747,1547.6474,1906.7295,2124.0000,2242.2242,2329.7569,2410.9274,2524.7677,3139.7333,2500.2724
2017-09-08,86,737.0627,1053.4404,1339.0000,1701.4057,1881.0000,1932.0000,1961.0000,2036.2799,2143.0000,2817.0000,2241.3628
2017-09-08,86,860.1731,997.2611,1311.0000,1659.4352,1820.2319,1878.0000,1938.0000,1992.0000,2114.8239,2749.0000,2203.9916
2017-09-18,86,1465.4270,1579.0235,1932.9413,2282.9705,2579.3543,2678.9233,2772.9006,2843.1114,2965.3151,3442.6345,2714.4795
2017-09-18,86,1026.0831,1355.2729,1771.3389,2123.5051,2420.3933,2585.5496,2676.0869,2747.5550,2853.3297,3307.1732,2641.8262
2017-09-21,86,1122.5365,1301.2442,1579.1540,1876.0406,2163.8205,2281.0000,2388.2627,2462.3022,2545.0000,2928.6458,2316.2649
2017-09-21,86,1169.8032,1321.9034,1586.7943,1875.7645,2149.9818,2275.0000,2380.4022,2459.7221,2541.8591,2916.3493,2317.4438
2017-09-28,86,1420.1087,1667.2350,2085.1018,2330.5533,2675.1567,2826.7033,2907.9798,2972.0753,3066.1332,3356.0394,2714.9446
2017-09-28,86,1545.9194,1642.8144,1970.7226,2164.5082,2513.8354,2713.2362,2794.9833,2851.5505,2944.5424,3234.7144,2668.9599
2017-10-01,86,-9999.0000,-9999.0000,-9999.0000,-9999.0000,-9999.0000,-9999.0000,-9999.0000,-9999.0000,-9999.0000,-9999.0000,-9999.0000
2017-10-08,86,-9999.0000,-9999.0000,-9999.0000,-9999.0000,-9999.0000,-9999.0000,-9999.0000,-9999.0000,-9999.0000,-9999.0000,-9999.0000
2017-10-08,86,-9999.0000,-9999.0000,-9999.0000,-9999.0000,-9999.0000,-9999.0000,-9999.0000,-9999.0000,-9999.0000,-9999.0000,-9999.0000
2017-10-11,86,-9999.0000,-9999.0000,-9999.0000,-9999.0000,-9999.0000,-9999.0000,-9999.0000,-9999.0000,-9999.0000,-9999.0000,-9999.0000
2017-10-18,86,-9999.0000,-9999.0000,-9999.0000,-9999.0000,-9999.0000,-9999.0000,-9999.0000,-9999.0000,-9999.0000,-9999.0000,-9999.0000
2017-10-31,86,1632.1767,1819.2510,2178.8559,2171.3428,2819.1796,3634.8823,3860.8758,4007.4592,4052.7224,3816.0136,2941.0553
2017-10-31,86,1696.0000,1844.6684,2172.8634,2155.6896,2809.1501,3585.2630,3827.0225,3974.4180,4026.5980,3773.0168,2930.0000
2017-11-10,86,336.0000,267.0000,408.5581,442.2843,648.3127,862.3230,920.0000,944.3142,958.0203,840.0000,563.0000
2017-11-10,86,394.0000,418.5209,476.0000,468.6405,650.6480,853.0000,905.0000,935.0000,951.0000,845.0000,571.0000
2017-11-17,86,-9999.0000,-9999.0000,-9999.0000,-9999.0000,-9999.0000,-9999.0000,-9999.0000,-9999.0000,-9999.0000,-9999.0000,-9999.0000
2017-11-17,86,-9999.0000,-9999.0000,-9999.0000,-9999.0000,-9999.0000,-9999.0000,-9999.0000,-9999.0000,-9999.0000,-9999.0000,-9999.0000
2017-11-20,86,472.0000,729.0605,1044.4250,1058.9302,1565.8804,2395.0483,2589.0000,2712.2179,2708.6584,2044.0000,1431.0000
2017-11-20,86,832.0000,897.3074,1117.0058,1058.9340,1564.0000,2403.5592,2610.0000,2728.0102,2728.0706,2055.0000,1428.0000
2017-11-27,86,258.0000,617.3688,1011.6261,1027.0558,1643.7925,2817.9858,3048.7862,3238.5068,3195.3564,2149.2480,1365.0847
2017-11-27,86,495.0000,704.4376,1044.5000,1035.5053,1597.7560,2651.5770,2867.6762,3095.5061,3010.0000,2102.5313,1335.0000
2017-12-07,86,549.0000,765.5169,1097.1158,1107.6949,1702.2377,2706.1144,2922.3299,3065.3966,3108.3176,1849.8109,1130.0000
2017-12-17,86,61.0000,465.7937,803.9509,883.1062,1501.9844,2625.2492,2861.3023,3060.9348,3026.2955,1910.1593,1169.2584
2017-12-17,86,356.6540,581.6976,861.4259,899.0437,1461.9277,2450.3575,2666.3272,2902.0092,2842.2559,1833.5880,1133.0493
2017-12-20,86,274.0000,525.1235,781.7789,819.7170,1304.1810,2178.0031,2371.7485,2582.8721,2564.2909,1661.6189,1039.0000
2017-12-20,86,352.0000,561.5499,805.9355,826.6034,1325.1578,2186.4061,2386.4230,2584.4548,2570.6138,1653.9305,1033.1601
2017-12-22,86,-9999.0000,-9999.0000,-9999.0000,-9999.0000,-9999.0000,-9999.0000,-9999.0000,-9999.0000,-9999.0000,-9999.0000,-9999.0000
2017-12-25,86,1033.0000,1246.3263,1402.0359,1350.2928,1702.0000,2144.0000,2261.0231,2404.5000,2373.0000,1714.7412,1190.0000
2017-12-25,86,731.0000,997.9652,1233.2860,1216.8086,1562.0000,2100.7840,2274.8219,2395.3747,2361.6908,1580.0006,1046.0461
2018-01-06,86,-9999.0000,-9999.0000,-9999.0000,-9999.0000,-9999.0000,-9999.0000,-9999.0000,-9999.0000,-9999.0000,-9999.0000,-9999.0000
2018-01-11,86,340.0000,667.8838,971.7289,1027.0873,1378.8405,2300.4371,2659.3400,2739.8583,2801.0000,1930.9584,1298.0236
2018-01-11,86,594.0000,841.2372,1073.6741,1084.1057,1468.4063,2260.0000,2569.1777,2658.4086,2699.4405,1932.0885,1330.5350
2018-01-14,86,-9999.0000,-9999.0000,-9999.0000,-9999.0000,-9999.0000,-9999.0000,-9999.0000,-9999.0000,-9999.0000,-9999.0000,-9999.0000
2018-01-14,86,611.0000,748.0000,933.0000,1059.0000,1538.0000,2036.0000,2215.0000,2250.0000,2328.0000,1954.0000,1888.0000
2018-01-19,86,-9999.0000,-9999.0000,-9999.0000,-9999.0000,-9999.0000,-9999.0000,-9999.0000,-9999.0000,-9999.0000,-9999.0000,-9999.0000
2018-01-19,86,-9999.0000,-9999.0000,-9999.0000,-9999.0000,-9999.0000,-9999.0000,-9999.0000,-9999.0000,-9999.0000,-9999.0000,-9999.0000
2018-01-21,86,112.0000,465.6034,785.2239,875.6355,1506.3275,2611.8980,2899.0755,3142.1188,3082.4428,2113.7398,1368.4200
2018-01-21,86,365.0000,625.4654,869.1625,924.3135,1466.3757,2436.6588,2714.4894,2952.6054,2884.0515,2038.3611,1337.4569
2018-02-08,86,-9999.0000,-9999.0000,-9999.0000,-9999.0000,-9999.0000,-9999.0000,-9999.0000,-9999.0000,-9999.0000,-9999.0000,-9999.0000
2018-02-10,86,236.0000,537.1852,805.4812,922.5882,1528.0000,2514.3005,2816.5347,3033.0590,2980.1075,2121.0008,1388.3010
2018-02-10,86,293.0000,589.3250,884.1070,930.8143,1509.0000,2460.0000,2729.3521,2763.8862,2912.9057,2071.0000,1357.2657
2018-02-13,86,1234.0000,1412.6742,1558.8674,1592.3370,1912.0000,2426.0152,2605.0036,2769.1419,2692.9780,1512.3733,1183.0000
2018-02-13,86,1276.0000,1416.3399,1578.7125,1606.8486,1930.4136,2477.4014,2661.7647,2829.4329,2756.0096,1516.4829,1176.0000
2018-02-25,86,1164.0000,1345.7035,1629.7093,1690.8227,2296.0000,3171.5141,3412.4971,3492.4808,3563.0420,2786.2246,2106.1009
2018-02-25,86,1250.6340,1385.5452,1659.2938,1708.4031,2304.6521,3186.6481,3435.3726,3515.3505,3585.8724,2781.9009,2082.7408
2018-02-28,86,1274.3920,1469.5029,1732.9342,1818.7192,2293.7199,2996.1039,3210.1688,3323.9472,3450.6960,3290.6952,2609.6758
2018-02-28,86,1396.0000,1538.2234,1769.9367,1842.3313,2315.4537,3005.6962,3227.6945,3323.2972,3459.7092,3298.4103,2643.5025
2018-03-12,86,-9999.0000,-9999.0000,-9999.0000,-9999.0000,-9999.0000,-9999.0000,-9999.0000,-9999.0000,-9999.0000,-9999.0000,-9999.0000
2018-03-20,86,-9999.0000,-9999.0000,-9999.0000,-9999.0000,-9999.0000,-9999.0000,-9999.0000,-9999.0000,-9999.0000,-9999.0000,-9999.0000
2018-03-20,86,-9999.0000,-9999.0000,-9999.0000,-9999.0000,-9999.0000,-9999.0000,-9999.0000,-9999.0000,-9999.0000,-9999.0000,-9999.0000
2018-03-22,86,454.0000,734.1096,1059.4545,1131.6282,1722.5000,2676.5543,2931.0355,3083.1416,3113.0000,2458.0935,1730.0963
2018-03-22,86,473.0000,753.3418,1069.5778,1147.3485,1681.0320,2569.0000,2797.0000,2971.3320,2981.4555,2417.0465,1692.0054
2018-03-25,86,730.0000,949.5504,1181.6541,1225.9348,1755.0000,2540.0783,2761.3155,2820.5611,2939.8993,2427.5395,1788.1796
2018-03-25,86,790.9988,973.5186,1197.8418,1229.5841,1757.5112,2547.0000,2788.3398,2826.3072,2921.0000,2420.0276,1796.2994
2018-03-27,86,1681.8389,1669.7278,1809.6847,1819.8242,2381.2861,3177.7069,3401.7071,3577.4648,3572.0169,2988.7368,2165.5746
2018-03-27,86,1615.0000,1625.9918,1774.7900,1769.2675,2324.9344,3129.0147,3344.0000,3539.0000,3517.7129,2955.0000,2092.0000
2018-03-30,86,-9999.0000,-9999.0000,-9999.0000,-9999.0000,-9999.0000,-9999.0000,-9999.0000,-9999.0000,-9999.0000,-9999.0000,-9999.0000
2018-03-30,86,-9999.0000,-9999.0000,-9999.0000,-9999.0000,-9999.0000,-9999.0000,-9999.0000,-9999.0000,-9999.0000,-9999.0000,-9999.0000
2018-04-01,86,797.0000,906.0273,1242.3174,1275.4699,1902.0089,2849.0459,3123.1593,3354.6797,3286.1460,2393.2669,1678.5267
2018-04-01,86,844.3101,945.3875,1248.8986,1268.0379,1868.0000,2769.7567,3046.1521,3275.8734,3208.5624,2378.0000,1648.8652
2018-04-06,86,413.0000,589.3858,945.5195,987.8120,1566.3520,2626.2991,2866.0612,3002.9124,3060.5732,2182.3508,1422.0233
2018-04-06,86,507.0000,661.8990,972.8226,989.7749,1545.2146,2548.1599,2789.3519,2925.1626,2964.3114,2146.9726,1401.9060
2018-04-11,86,1635.0000,1788.4765,1926.3912,1845.7284,2285.0000,2917.6351,3149.2102,3242.9483,3245.2557,2390.0224,1798.6204
2018-04-14,86,444.0000,649.1716,849.6621,993.3986,1229.3198,1420.4939,1515.3248,1561.2535,1611.5789,1792.2881,1449.8066
2018-04-14,86,514.5412,689.5345,873.2821,1001.5545,1241.3499,1425.8827,1514.8303,1576.1007,1614.5002,1788.4983,1433.4868
2018-04-16,86,1363.0000,1501.0000,1766.3061,1872.3791,2158.0780,2481.1788,2588.9098,2590.0538,2653.3785,2504.2873,2050.3349
2018-04-16,86,1279.0000,1442.0000,1740.0000,1843.0000,2139.0000,2465.7556,2570.0000,2573.7057,2645.0000,2517.0000,2036.7083
2018-04-19,86,914.3536,1149.0162,1441.4743,1721.1361,1876.0000,1950.0000,2043.4174,2113.9163,2130.3167,2682.0000,2493.6103
2018-04-19,86,959.0000,1168.9864,1445.1949,1704.9185,1857.7947,1945.7538,2033.2107,2122.7950,2132.1526,2660.0000,2475.8625
2018-04-21,86,1230.5484,1651.1675,2019.1875,2427.2621,2619.7855,2614.0000,2725.6827,2875.8263,2853.4924,3697.0000,3658.1294
2018-04-21,86,1082.7553,1494.0385,1883.8663,2275.0521,2468.4880,2537.1077,2669.0731,2813.7292,2781.7269,3598.0000,3572.3224
2018-04-24,86,1454.0000,1801.6834,2021.3130,2163.0023,2441.4852,2696.6643,2890.8934,2877.5965,2966.7708,3412.3026,3363.8368
2018-04-24,86,1562.4750,1757.1048,1981.9090,2101.2586,2385.7331,2697.4858,2901.6289,2889.2158,2976.9399,3354.5153,3339.4727
2018-04-26,86,1551.0000,1819.0584,2228.0878,2580.8929,2804.1091,2869.1261,2952.5363,3004.0920,3085.3088,3813.2771,3588.8762
2018-04-26,86,1427.0000,1708.1562,2147.3511,2498.9603,2730.0904,2832.7351,2921.2846,2961.6752,3037.1855,3755.4462,3540.6922
2018-04-29,86,1341.1383,1629.4134,2003.2561,2323.6049,2537.8732,2613.5210,2717.7056,2740.4097,2838.0398,3500.7112,3313.4918
2018-04-29,86,1378.0446,1617.6114,1970.9790,2266.8965,2490.7835,2602.5189,2705.0149,2725.5423,2821.1479,3472.0000,3301.0000
2018-05-04,86,1470.0000,1694.0942,1921.8506,2106.2889,2360.5069,2540.6019,2684.7041,2707.0237,2744.0000,2562.0000,2104.6101
2018-05-04,86,1482.9316,1705.8083,1941.1395,2125.9727,2382.4882,2560.3906,2718.0118,2748.7158,2779.1253,2558.5523,2109.0913
2018-05-06,86,1086.0000,1225.0309,1513.2558,1732.4138,1965.8254,2166.0000,2259.0529,2259.2609,2364.4702,2581.3002,2090.4346
2018-05-06,86,1066.4237,1237.5648,1553.0870,1804.7853,2033.7586,2153.9581,2227.7162,2243.8406,2355.4950,2629.6250,2097.5258
2018-05-09,86,1587.0000,1909.1749,2330.6731,2683.4362,3010.5567,3125.8616,3216.5455,3251.7504,3325.4897,3714.6041,3372.4673
2018-05-09,86,1510.0000,1827.5664,2276.0617,2635.9398,2963.4435,3105.0605,3201.9888,3228.4745,3309.7405,3698.4534,3357.4634
2018-05-11,86,2127.0000,2288.0000,2748.0000,3119.0000,3421.0000,3839.0000,4218.0000,4266.0000,4338.0000,4451.0000,3573.0000
2018-05-11,86,-9999.0000,-9999.0000,-9999.0000,-9999.0000,-9999.0000,-9999.0000,-9999.0000,-9999.0000,-9999.0000,-9999.0000,-9999.0000
2018-05-16,86,-9999.0000,-9999.0000,-9999.0000,-9999.0000,-9999.0000,-9999.0000,-9999.0000,-9999.0000,-9999.0000,-9999.0000,-9999.0000
2018-05-16,86,-9999.0000,-9999.0000,-9999.0000,-9999.0000,-9999.0000,-9999.0000,-9999.0000,-9999.0000,-9999.0000,-9999.0000,-9999.0000
2018-05-19,86,1763.3172,1995.3264,2587.5651,3015.0236,3401.7743,3570.9310,3677.3934,3738.7435,3825.5014,4486.2191,4055.5791
2018-05-19,86,1713.4673,2002.3112,2533.6948,2918.3571,3309.0319,3509.0033,3633.1189,3684.0567,3769.4978,4438.9547,4026.0586
2018-05-21,86,2018.0000,2507.3606,3015.0207,3381.9490,3784.4717,4003.0111,4187.9192,4250.5284,4296.2786,4855.1579,4649.6829
2018-05-21,86,2066.5442,2506.9217,3015.4071,3367.9651,3766.0154,3989.1599,4147.1958,4227.0977,4266.5022,4839.2140,4580.8642
2018-05-24,86,812.0000,1440.0000,1746.0000,1860.0000,2272.0000,2652.0000,2869.0000,2878.0000,3036.0000,2714.0000,2157.0000
2018-05-24,86,-9999.0000,-9999.0000,-9999.0000,-9999.0000,-9999.0000,-9999.0000,-9999.0000,-9999.0000,-9999.0000,-9999.0000,-9999.0000
2018-05-26,86,1914.0000,2242.5456,2856.2032,3111.1387,3611.3018,4132.0381,4276.0474,4274.6364,4421.2688,4883.4014,4344.2941
2018-05-26,86,1760.0000,2083.5785,2707.8172,2983.6043,3490.7423,4021.0469,4173.3061,4168.8010,4318.0000,4777.1770,4277.2998
2018-05-31,86,1807.0000,2187.2783,2641.3538,2730.9899,3234.0569,3898.1876,4195.5212,4144.0000,4284.0761,4338.6923,3786.4563
2018-05-31,86,1861.0000,2201.6679,2658.5391,2729.9541,3220.2576,3873.0861,4192.7481,4136.0000,4274.0000,4283.1618,3739.4243
2018-06-03,86,1468.6849,1811.1187,2315.2142,2402.4848,2923.6568,3787.5713,4155.7821,4136.0000,4260.2765,4179.8735,3554.0000
2018-06-03,86,1504.0000,1835.4414,2323.1629,2395.4996,2956.3690,3809.3379,4166.0706,4136.0000,4273.0000,4187.2700,3562.9050
2018-06-05,86,1459.5117,1746.8332,2273.9850,2359.7153,2948.7082,4009.0404,4281.2940,4248.0000,4442.0000,4227.3686,3475.1875
2018-06-05,86,1483.0000,1722.9325,2227.2160,2310.9699,2868.0000,3937.7132,4209.5227,4156.0000,4362.0537,4195.4468,3423.0000
2018-06-10,86,748.0000,961.5335,1322.4855,1259.5357,1738.3726,3001.2627,3459.7777,3435.5907,3555.8794,2917.1093,2125.4026
2018-06-10,86,606.0000,904.6184,1282.7551,1242.6021,1719.0000,2929.0000,3376.0000,3354.2564,3459.1636,2882.0000,2106.3930
2018-06-13,86,524.0000,793.4897,1156.9537,1042.4728,1538.2852,3245.3877,3958.4123,3912.8362,4072.8340,2818.2013,1969.0000
2018-06-13,86,759.0000,901.2282,1200.0000,1058.7948,1537.8691,3236.4211,3945.5819,3892.8388,4057.3587,2827.0560,1979.7215
2018-06-15,86,733.1701,819.6494,1243.3663,1075.9547,1660.3657,4141.4443,4932.6098,4995.2815,5126.4643,3154.6903,2019.6174
2018-06-15,86,734.0000,826.4896,1234.4646,1073.6098,1661.9824,4107.8004,4869.8049,4948.3008,5064.7672,3115.1498,1997.1276
2018-06-18,86,1087.0000,1109.6083,1460.5089,1436.9353,1882.0000,3372.0000,4038.4545,4102.0000,4226.5056,2868.0000,1959.0000
2018-06-18,86,1153.0000,1190.0000,1494.0000,1456.0000,1922.0000,3334.0000,3965.0000,4017.3846,4153.0000,2869.8424,1985.0000
2018-06-20,86,557.8568,667.4922,994.6785,824.0577,1337.6436,3468.1871,4564.1983,4540.0000,4675.2969,2767.0000,1813.8473
2018-06-20,86,455.0000,667.8785,1003.6616,875.1878,1362.9517,3362.2445,4393.3293,4388.0000,4510.3840,2725.4790,1783.6179
2018-06-23,86,65.0000,261.1875,563.1873,395.8212,812.8482,2758.3516,3575.0000,3683.5939,3685.4977,1772.5847,963.0006
2018-06-23,86,299.0000,389.0531,619.8319,427.5289,835.0645,2725.8683,3532.8202,3643.7556,3640.9985,1761.4380,971.6416
2018-06-30,86,301.2558,387.1985,595.3641,387.4786,795.8677,3077.0182,4465.8354,4460.0000,4603.9271,2074.7897,1108.5699
2018-06-30,86,361.0000,474.7684,659.8220,451.3244,850.3266,2988.7554,4321.2521,4320.0000,4453.2713,2045.3852,1091.0082
2018-07-03,86,-9999.0000,-9999.0000,-9999.0000,-9999.0000,-9999.0000,-9999.0000,-9999.0000,-9999.0000,-9999.0000,-9999.0000,-9999.0000
2018-07-03,86,-9999.0000,-9999.0000,-9999.0000,-9999.0000,-9999.0000,-9999.0000,-9999.0000,-9999.0000,-9999.0000,-9999.0000,-9999.0000
2018-07-05,86,435.0000,433.6027,651.7935,451.2177,834.5374,3213.2478,4536.6313,4520.0000,4786.3464,2004.0982,1027.1562
2018-07-05,86,280.0000,365.2650,627.5713,459.4485,842.7278,3201.1770,4521.2544,4488.0000,4757.3086,2002.9735,1018.8611
2018-07-08,86,446.5378,465.4722,625.3268,454.1446,779.5329,2595.4567,3629.0000,3738.6852,3748.4311,1465.8517,789.9868
2018-07-10,86,-9999.0000,-9999.0000,-9999.0000,-9999.0000,-9999.0000,-9999.0000,-9999.0000,-9999.0000,-9999.0000,-9999.0000,-9999.0000
2018-07-13,86,1.0000,157.7894,387.7751,251.3415,587.6416,2594.8367,3980.0000,3989.7087,4148.0000,1579.4163,755.7273
2018-07-13,86,244.3072,329.7089,484.1154,306.7918,636.2837,2569.5530,3889.6321,3905.2998,4081.0000,1579.9461,756.2767
2018-07-15,86,480.1567,397.3353,589.4626,387.4533,763.4295,2945.2485,4149.3554,4124.0000,4408.4512,1843.5342,900.4469
2018-07-15,86,406.0000,405.7401,589.4805,387.9363,747.0146,2923.4455,4133.1888,4104.0000,4384.6300,1828.4335,891.9307
2018-07-18,86,300.0000,337.9111,509.4302,347.7686,682.7938,2627.9648,3873.3253,3946.1942,4121.4131,1722.8071,852.9147
2018-07-18,86,352.6840,373.5256,533.2026,363.2914,691.9845,2619.5785,3857.2883,3929.1269,4102.0127,1715.4921,851.8209
2018-07-20,86,428.0000,501.6737,644.2150,451.9507,812.2416,2677.3665,4011.5435,4041.1997,4252.5955,1922.0467,955.0665
2018-07-20,86,244.4337,433.3988,627.1932,459.3498,803.7457,2654.2074,3970.8455,4000.8117,4201.9354,1907.1845,947.9906
2018-07-23,86,-9999.0000,-9999.0000,-9999.0000,-9999.0000,-9999.0000,-9999.0000,-9999.0000,-9999.0000,-9999.0000,-9999.0000,-9999.0000
2018-07-23,86,-9999.0000,-9999.0000,-9999.0000,-9999.0000,-9999.0000,-9999.0000,-9999.0000,-9999.0000,-9999.0000,-9999.0000,-9999.0000
2018-07-25,86,402.0000,429.8278,619.7378,443.2181,796.3386,2794.1040,3901.6653,3952.0000,4173.5142,1971.8542,995.6296
2018-07-25,86,322.6256,409.4522,629.9691,474.8705,819.9601,2740.8217,3801.9195,3864.0000,4081.5223,1939.4303,988.2979
2018-07-28,86,407.0000,457.9381,633.3764,467.9986,820.1910,2591.0000,3665.8886,3673.2891,3940.2898,1851.6443,948.1250
2018-07-28,86,404.0000,481.4726,669.2725,515.5540,851.2660,2569.0000,3605.9139,3605.1516,3877.9933,1843.1620,948.7900
2018-07-30,86,287.0000,387.3569,571.4674,403.7229,772.2396,2556.6351,3788.7826,3805.2575,4061.7046,2013.2496,1027.5742
2018-07-30,86,220.7682,393.4544,603.2334,451.4501,811.4121,2517.9997,3701.2687,3702.0000,3953.7264,1995.3252,1019.6091
2018-08-02,86,28.4144,275.7247,531.1613,411.3320,772.4748,2473.0245,3652.2486,3643.3878,3963.3277,1876.8894,970.9663
2018-08-02,86,172.0000,385.4754,603.1220,458.8601,804.0322,2457.2500,3604.5000,3586.1482,3892.1435,1868.1014,971.2571
2018-08-04,86,351.0000,405.7414,617.2693,459.3056,835.4268,2715.0000,3681.6829,3709.0309,3965.9524,2027.2834,1011.0834
2018-08-04,86,209.0000,337.6375,601.1983,467.2768,841.8451,2681.6517,3641.7244,3672.8745,3925.1151,2003.4499,1004.1167
2018-08-07,86,228.5484,337.0998,595.7338,475.8798,850.8434,2544.4746,3513.2101,3549.2059,3833.2606,1969.9111,1010.7572
2018-08-07,86,251.0000,365.5927,610.9391,490.7580,857.8811,2532.8264,3494.9933,3526.0000,3809.3232,1963.1708,1009.8004
2018-08-09,86,458.0263,557.6447,731.5781,563.8444,954.4615,2561.6753,3588.4662,3608.6362,3881.8245,2164.9369,1163.8050
2018-08-09,86,365.0000,533.3094,737.1608,595.2660,970.7065,2525.4525,3525.0927,3528.5623,3797.7003,2130.1907,1148.4397
2018-08-12,86,135.0000,357.4716,619.0536,515.3156,899.2383,2394.5488,3305.1290,3373.7996,3610.5300,2024.6825,1116.6659
2018-08-12,86,280.0000,441.3012,665.6672,539.3106,907.7913,2384.6754,3278.0059,3348.8317,3581.0929,2012.2556,1117.3456
2018-08-14,86,463.0000,528.0000,869.3910,771.6827,1298.6586,3076.2547,3864.0000,3924.0000,4274.0000,2587.5007,1476.0000
2018-08-14,86,518.0000,572.1280,875.4085,762.2457,1291.9474,3002.0000,3773.0000,3847.6160,4146.2371,2563.0000,1460.0000
2018-08-17,86,299.0000,374.1061,605.9923,491.4367,891.5973,2314.6312,2984.9437,3060.4651,3274.0838,1910.1752,1019.0028
2018-08-17,86,341.0000,369.1493,613.5863,506.8000,899.2162,2304.8852,2969.3813,3051.5068,3252.0000,1900.2639,1019.9949
2018-08-19,86,124.0000,413.4397,707.3847,634.7247,1067.0109,2444.6546,3201.3996,3251.5806,3474.6344,2259.0945,1321.2925
2018-08-19,86,326.0000,537.4280,781.4961,683.0189,1091.4581,2401.7924,3108.0000,3171.5391,3377.7957,2217.3014,1308.1232
2018-08-22,86,406.0000,617.8813,878.4673,818.6278,1210.4491,2321.6972,2896.9411,2989.8378,3173.7720,2165.5922,1379.8362
2018-08-22,86,485.0000,673.8193,909.5095,834.7839,1220.0000,2318.0000,2881.1699,2973.7349,3156.6423,2160.3084,1372.3146
2018-08-24,86,1293.0000,1184.9233,1309.3589,1132.4519,1598.4804,2870.1555,3402.8868,3432.0000,3861.0445,2906.1602,1715.5375
2018-08-24,86,1127.0000,1072.8778,1281.5157,1139.2711,1621.6236,2914.6708,3487.0000,3505.5151,3932.1592,2933.3040,1749.6596
2018-08-27,86,372.0000,389.7256,565.5852,507.6214,869.0013,1859.9889,2268.8135,2412.1269,2537.5225,1821.1269,1021.1892
2018-08-27,86,395.0000,413.3466,581.6124,507.5398,872.1267,1853.8349,2266.4702,2403.3372,2545.1210,1821.2114,1025.8856
2018-08-29,86,537.0000,681.1931,881.6007,826.9904,1180.3662,2050.5898,2443.8359,2610.7580,2692.5919,2125.5037,1363.4256
2018-08-29,86,385.0000,613.0278,861.3498,833.1288,1186.0000,2028.0000,2429.8515,2586.3666,2659.8374,2107.5897,1355.7226
2018-09-01,86,637.0000,785.5746,955.0000,941.0000,1297.0000,1851.3178,2194.4948,2248.1006,2394.0000,2277.8518,1468.0000
2018-09-01,86,652.0000,837.0000,993.0000,996.0925,1306.0000,1849.9572,2193.9389,2235.7133,2381.0000,2280.0000,1534.9296
2018-09-03,86,442.0000,501.1306,635.5901,578.6854,851.8852,1433.0267,1621.5343,1592.8114,1718.6349,1288.2528,772.9138
2018-09-03,86,559.0000,549.0823,810.0000,844.0000,1218.6154,1895.8958,2087.3042,2088.0000,2342.7045,2171.6835,1400.0000
2018-09-06,86,222.1314,468.7995,769.6962,826.0152,1198.2958,1907.6432,2180.7175,2235.6537,2420.2443,2300.1099,1562.5020
2018-09-06,86,627.0000,734.3003,909.2952,877.9645,1238.2462,1932.1355,2200.6074,2234.3918,2432.1411,2277.5702,1545.7184
2018-09-08,86,108.5856,393.6615,649.4129,698.8900,1048.8486,1698.8592,1966.8426,2071.4830,2180.3213,2184.0000,1545.5632
2018-09-08,86,198.0000,437.4045,673.6730,715.1020,1050.3588,1698.2305,1962.3662,2055.9260,2173.7500,2165.0329,1539.6035
2018-09-16,86,616.7186,1040.9851,1472.3994,2012.7608,2484.1073,2750.8335,3002.6420,3179.2565,3432.0000,4060.1667,2810.3709
2018-09-16,86,1007.0000,1213.0311,1520.9731,1987.7045,2458.8998,2725.9349,2973.4355,3154.0345,3397.0000,4020.7590,2793.8778
2018-09-18,86,570.0000,1092.8322,1510.0000,2099.0423,2588.0913,2760.0000,3070.4415,3196.7832,3461.4303,4339.7345,3258.3370
2018-09-18,86,670.2878,1116.1532,1493.9070,2027.2964,2482.2668,2678.1239,2977.2748,3112.0000,3358.4928,4235.7281,3188.5252
2018-09-21,86,784.0000,1065.0923,1353.4772,1836.0804,2187.6600,2329.7146,2573.4712,2720.7419,2929.8225,3963.7850,3076.3251
2018-09-21,86,706.0000,1028.7784,1340.5385,1826.6903,2170.4815,2318.3080,2560.5275,2713.2719,2912.5161,3931.2196,3066.1907
2018-09-23,86,-9999.0000,-9999.0000,-9999.0000,-9999.0000,-9999.0000,-9999.0000,-9999.0000,-9999.0000,-9999.0000,-9999.0000,-9999.0000
2018-09-23,86,-9999.0000,-9999.0000,-9999.0000,-9999.0000,-9999.0000,-9999.0000,-9999.0000,-9999.0000,-9999.0000,-9999.0000,-9999.0000
2018-09-26,86,916.0000,1144.7196,1468.3324,1994.8391,2257.3523,2388.7541,2570.5373,2893.6545,2892.5989,3801.6982,2909.1946
2018-09-26,86,956.6006,1169.1941,1476.9695,1994.7072,2253.3487,2385.9230,2572.6479,2889.2806,2888.8890,3796.7868,2905.9060
2018-09-28,86,706.4140,1130.6945,1514.0276,2107.2476,2427.0944,2514.1652,2729.0968,2968.0000,3061.5070,4197.3080,3316.8420
2018-09-28,86,862.5659,1197.0465,1522.7337,2074.5337,2387.8274,2487.0000,2700.5508,2924.0000,3014.6459,4132.9611,3288.3677
2018-10-03,86,701.0000,1045.2491,1453.5150,1987.8128,2299.4503,2425.4872,2589.7050,2764.1433,2901.1222,3930.4177,3076.8758
2018-10-03,86,976.0000,1180.5651,1493.4261,1986.5280,2291.3283,2409.1723,2564.8098,2739.3007,2885.1659,3899.8475,3050.7802
2018-10-08,86,934.6260,1331.1724,1634.8431,1978.7852,2298.6729,2449.6281,2693.5335,2777.0036,2941.7883,3592.2399,3016.0896
2018-10-08,86,1077.0000,1388.9959,1642.5489,1930.6883,2227.8800,2393.7510,2637.4686,2713.2375,2873.7587,3494.7738,2966.6603
2018-10-11,86,696.3971,1001.5642,1250.4627,1650.6968,1883.3192,1954.0230,2121.4158,2219.6840,2333.7325,3482.9926,3031.1714
2018-10-11,86,-9999.0000,-9999.0000,-9999.0000,-9999.0000,-9999.0000,-9999.0000,-9999.0000,-9999.0000,-9999.0000,-9999.0000,-9999.0000
2018-10-13,86,852.5229,1053.4729,1328.3931,1723.1335,1973.3002,2101.4435,2233.6048,2385.8426,2485.7290,3690.9653,3092.0920
2018-10-13,86,801.0000,1021.5372,1316.7695,1738.6465,1989.3151,2097.6090,2232.9818,2379.7880,2482.0233,3709.0449,3082.9264
2018-10-18,86,778.0000,1085.5873,1301.1066,1658.7480,1931.9179,2001.4966,2181.7827,2250.8174,2397.8223,3563.5568,3074.6165
2018-10-18,86,853.0000,1113.0321,1309.2288,1635.4456,1902.1252,1977.0516,2161.0099,2218.4777,2361.2968,3509.6169,3029.7158
2018-10-21,86,803.0000,1030.0000,1185.1323,1412.3569,1628.9168,1754.5295,1883.1678,2006.9844,2076.1218,3095.7594,2756.0000
2018-10-21,86,848.4720,1054.0000,1196.8918,1411.5336,1636.2063,1747.2592,1885.2008,2008.5936,2074.9403,3098.0000,2791.3105
2018-10-23,86,810.0000,1044.8209,1361.1259,1755.7640,1976.7868,2121.3124,2267.0303,2466.6301,2514.5786,3698.6418,3058.3306
2018-10-23,86,954.5776,1120.8265,1381.4984,1707.0040,1925.0714,2082.0727,2213.2042,2404.8363,2458.1453,3579.6570,3009.7412
2018-10-31,86,578.6225,869.0602,1089.4760,1411.5311,1653.2367,1768.9717,1923.5976,2051.5947,2149.4459,3027.4283,2538.7180
2018-10-31,86,641.0000,905.5641,1108.8683,1418.6055,1649.5225,1772.9396,1931.9385,2051.4839,2147.5559,3009.6167,2531.0116
2018-11-05,86,-9999.0000,-9999.0000,-9999.0000,-9999.0000,-9999.0000,-9999.0000,-9999.0000,-9999.0000,-9999.0000,-9999.0000,-9999.0000
2018-11-05,86,-9999.0000,-9999.0000,-9999.0000,-9999.0000,-9999.0000,-9999.0000,-9999.0000,-9999.0000,-9999.0000,-9999.0000,-9999.0000
2018-11-12,86,-9999.0000,-9999.0000,-9999.0000,-9999.0000,-9999.0000,-9999.0000,-9999.0000,-9999.0000,-9999.0000,-9999.0000,-9999.0000
2018-11-12,86,-9999.0000,-9999.0000,-9999.0000,-9999.0000,-9999.0000,-9999.0000,-9999.0000,-9999.0000,-9999.0000,-9999.0000,-9999.0000
2018-11-15,86,738.0000,929.5410,1160.7160,1405.2740,1640.7799,1805.1202,1930.7582,2075.5165,2146.8952,3101.6506,2524.5264
2018-11-15,86,787.0000,961.3983,1177.0358,1405.1189,1645.1483,1802.9059,1939.6065,2075.5160,2147.5588,3105.2536,2529.3776
2018-11-17,86,496.9205,853.2316,1065.1643,1426.7755,1688.3076,1850.7535,1996.0362,2227.0661,2211.3154,3412.1488,2908.1635
2018-11-17,86,754.4534,1009.8513,1152.6852,1411.7914,1656.5349,1819.8582,1955.0459,2162.0983,2148.7186,3276.4470,2809.9651
2018-12-05,86,-9999.0000,-9999.0000,-9999.0000,-9999.0000,-9999.0000,-9999.0000,-9999.0000,-9999.0000,-9999.0000,-9999.0000,-9999.0000
2018-12-07,86,762.0000,978.4789,1100.0000,1265.2520,1488.4661,1621.0400,1757.8413,1842.2279,1925.1769,2078.1522,1465.5584
2018-12-12,86,363.0000,580.6194,837.2702,1181.2110,1417.0566,1609.5434,1740.9556,2011.2759,1996.1469,2668.8770,1993.3655
2018-12-12,86,517.0000,685.5486,897.3540,1180.4051,1405.7028,1595.5299,1715.0388,1961.9555,1946.8656,2589.5703,1937.2199
2018-12-15,86,580.0000,769.6491,945.2365,1220.8514,1446.2948,1594.5855,1706.9873,1923.0485,1915.4386,2728.3923,2165.5021
2018-12-15,86,531.0000,725.5601,913.5597,1208.7361,1441.2690,1586.2822,1707.4120,1930.8012,1930.5981,2745.4705,2165.3216
2018-12-27,86,930.0000,1115.3495,1203.0545,1480.3962,1718.9836,1863.3619,2057.9340,2325.2999,2299.9691,3179.0091,2440.8560
2018-12-30,86,374.0000,634.0754,741.3159,1005.2222,1209.9595,1339.2403,1460.6514,1635.3067,1667.2226,1969.3209,1433.3374
2018-12-30,86,423.0000,661.5839,757.1401,1017.3361,1233.0032,1362.9817,1475.3980,1658.9993,1683.1751,1977.1683,1441.7932
2019-01-01,86,1501.0000,1396.0000,1654.0000,2066.0000,2449.0000,2700.0000,2909.0000,3162.0000,3389.0000,4305.0000,3468.0000
2019-01-04,86,1131.0000,1204.5005,1360.9152,1496.9737,1649.5029,1725.2542,1784.0117,1946.5000,1889.3910,2094.6667,1781.6839
2019-01-04,86,1111.0000,1188.0000,1364.0000,1508.0000,1677.9842,1758.5656,1806.1580,1981.3465,1930.0000,2125.0000,1805.8963
2019-01-06,86,525.0000,837.6579,1001.7201,1268.9933,1493.4269,1603.9506,1731.7530,1954.5663,1939.1375,2811.7010,2268.0655
2019-01-06,86,633.0000,893.3629,1025.2571,1261.1764,1470.2116,1579.7161,1707.8354,1907.3854,1907.1692,2726.8964,2222.5376
2019-01-11,86,528.4443,709.6150,896.9283,1256.4377,1517.1920,1674.8919,1804.5056,2010.9771,2019.2545,2945.9080,2363.6592
2019-01-11,86,687.0000,809.8808,961.3857,1268.5829,1509.2802,1657.2699,1773.6196,1979.0364,1986.2342,2857.7096,2314.9905
2019-01-14,86,670.0000,836.3645,1001.4209,1272.8807,1485.4957,1604.6086,1725.7205,1916.2594,1915.5202,2833.4919,2299.4851
2019-01-14,86,635.0000,801.9454,973.8924,1260.7700,1489.1845,1603.1985,1723.3043,1923.5641,1931.2199,2849.2834,2309.1915
2019-01-16,86,638.0000,957.8291,1129.2962,1400.7965,1632.1056,1741.3094,1892.6273,2083.4570,2074.7240,3065.6498,2579.9042
2019-01-16,86,575.0000,901.7362,1088.9128,1381.1621,1624.6302,1740.1594,1891.6788,2083.5413,2083.5537,3062.5133,2571.0070
2019-01-21,86,1327.0000,1560.7530,1692.9680,1872.6587,2052.2527,2170.9678,2213.9658,2489.2543,2334.1562,2452.1636,2019.5198
2019-01-24,86,791.0000,949.5510,1081.4788,1361.3855,1613.4031,1736.5957,1860.6507,2066.8781,2073.4962,2384.8822,1721.7390
2019-01-24,86,858.0000,976.3226,1096.4039,1368.6726,1615.0000,1740.5403,1868.9908,2075.1200,2081.8801,2390.0476,1725.6222
2019-01-29,86,1159.0000,1386.0000,1514.0000,1692.0000,1982.0000,2139.0000,2276.0000,2512.0000,2453.0000,2481.0000,2032.0000
2019-01-29,86,1077.0000,1389.0881,1542.0000,1754.0000,2025.3419,2225.4462,2364.4915,2609.7649,2533.6000,2536.9488,2067.0000
2019-01-31,86,728.3433,870.0953,1041.1265,1377.2006,1636.7898,1771.0523,1900.9683,2098.2863,2132.2446,3163.4922,2595.3847
2019-01-31,86,714.7528,845.8015,1020.9603,1360.5894,1613.3529,1756.3357,1875.6975,2074.1367,2114.2520,3154.0163,2588.4682
2019-02-03,86,-9999.0000,-9999.0000,-9999.0000,-9999.0000,-9999.0000,-9999.0000,-9999.0000,-9999.0000,-9999.0000,-9999.0000,-9999.0000
2019-02-05,86,376.7425,705.0228,897.0774,1281.3294,1536.8481,1681.2514,1826.6833,2058.9103,2044.1098,2931.6179,2363.7660
2019-02-05,86,495.0000,781.9573,941.5472,1284.0000,1514.0019,1653.1376,1795.7668,2027.5730,2003.7663,2884.7627,2347.5653
2019-02-08,86,480.5688,753.8391,909.2443,1232.6781,1453.3963,1586.3094,1723.0634,1908.0874,1931.6629,2872.7167,2484.5959
2019-02-08,86,615.0000,841.1194,961.0991,1249.4812,1461.0716,1593.0121,1720.7516,1907.8508,1923.9621,2833.2609,2473.7748
2019-02-13,86,364.7458,609.1630,868.9765,1213.1073,1448.3600,1580.0923,1707.2558,1875.0906,1947.0367,2897.5479,2309.2354
2019-02-13,86,534.0000,724.8882,940.9312,1232.9983,1465.8694,1595.6609,1709.0020,1875.1229,1937.2865,2860.9154,2293.4381
2019-02-15,86,550.5799,854.3536,1048.5559,1388.6649,1657.1244,1794.7516,1946.7452,2187.0520,2171.1951,3259.6547,2698.4152
2019-02-15,86,656.5114,913.3714,1076.9151,1389.1267,1632.9301,1785.3882,1920.8104,2154.7299,2147.2670,3187.7585,2667.3166
2019-02-18,86,-9999.0000,-9999.0000,-9999.0000,-9999.0000,-9999.0000,-9999.0000,-9999.0000,-9999.0000,-9999.0000,-9999.0000,-9999.0000
2019-02-18,86,-9999.0000,-9999.0000,-9999.0000,-9999.0000,-9999.0000,-9999.0000,-9999.0000,-9999.0000,-9999.0000,-9999.0000,-9999.0000
2019-02-23,86,418.5301,609.6066,813.3341,1021.1085,1113.8745,1149.6463,1202.2816,1347.6046,1284.0262,1708.3026,1532.3398
2019-02-23,86,420.8004,605.3382,813.3177,1017.9676,1105.0016,1146.1362,1201.2592,1347.5245,1283.9376,1704.8498,1521.4747
2019-02-25,86,678.0046,1000.9912,1228.8688,1504.3412,1666.2828,1692.7775,1779.2098,1914.7095,1883.0616,2643.0000,2535.0000
2019-02-25,86,726.0000,1021.8056,1225.0241,1481.0713,1638.2804,1667.0107,1756.2284,1890.5062,1849.5557,2608.4834,2499.0000
2019-02-28,86,557.0000,865.2579,1088.9248,1333.2320,1425.2433,1475.2495,1541.0450,1677.3504,1636.3901,2261.7014,2209.3278
2019-02-28,86,545.0000,857.4178,1080.1784,1328.5708,1428.8280,1467.1289,1524.8358,1665.4772,1627.8791,2277.0000,2215.0000
2019-03-02,86,1112.1165,1244.0000,1456.7264,1693.0915,1866.4871,1934.0000,1980.4317,2091.1415,2078.9114,2658.0040,2453.6065
2019-03-02,86,1200.0000,1290.0000,1460.0000,1656.0999,1821.8971,1889.3980,1945.1604,2051.5491,2042.9930,2612.7420,2410.3940
2019-03-05,86,-9999.0000,-9999.0000,-9999.0000,-9999.0000,-9999.0000,-9999.0000,-9999.0000,-9999.0000,-9999.0000,-9999.0000,-9999.0000
2019-03-05,86,-9999.0000,-9999.0000,-9999.0000,-9999.0000,-9999.0000,-9999.0000,-9999.0000,-9999.0000,-9999.0000,-9999.0000,-9999.0000
2019-03-12,86,897.4884,1145.1357,1438.0000,1762.0754,1896.8317,1955.3079,2045.0639,2242.2543,2156.0478,2816.5907,2597.4547
2019-03-12,86,899.0000,1144.7944,1432.8639,1746.9448,1893.9381,1949.0000,2030.5049,2226.7794,2149.5525,2812.9210,2584.9163
2019-03-15,86,840.0000,1056.9465,1305.1455,1569.2038,1721.8825,1764.5247,1833.3435,1930.5870,1939.2416,2589.7373,2353.9347
2019-03-15,86,846.3660,1065.0102,1309.6928,1577.2095,1729.4071,1763.2659,1828.5055,1932.0680,1932.1515,2584.7762,2361.3373
2019-03-20,86,790.4574,1085.4769,1332.7398,1619.5000,1751.0000,1843.2049,1925.0994,2107.0643,2025.4823,2626.3159,2530.0112
2019-03-20,86,834.0000,1113.6186,1345.3158,1619.9151,1748.1219,1838.9773,1932.6071,2114.0000,2031.0000,2632.5976,2515.7232
2019-03-22,86,1122.0000,1400.5281,1746.6451,2097.9361,2259.7626,2316.0000,2393.0000,2610.0145,2516.5217,3234.9232,2991.0000
2019-03-22,86,1152.7475,1404.6370,1738.2207,2066.1131,2228.4803,2298.0475,2370.2349,2586.3307,2507.1248,3229.0000,2953.7274
2019-03-25,86,1210.3405,1381.8588,1588.5632,1819.2681,2025.3610,2114.6330,2196.0676,2292.0517,2301.2365,2873.9011,2645.0157
2019-03-25,86,1212.9165,1396.3052,1613.2618,1858.7055,2058.4827,2138.1767,2220.0084,2306.8184,2331.6437,2906.6523,2650.9220
2019-03-27,86,-9999.0000,-9999.0000,-9999.0000,-9999.0000,-9999.0000,-9999.0000,-9999.0000,-9999.0000,-9999.0000,-9999.0000,-9999.0000
2019-03-27,86,-9999.0000,-9999.0000,-9999.0000,-9999.0000,-9999.0000,-9999.0000,-9999.0000,-9999.0000,-9999.0000,-9999.0000,-9999.0000
2019-03-30,86,1306.0000,1576.9806,1836.5468,2139.1615,2332.3385,2460.7783,2549.7509,2731.0049,2659.0000,3107.7607,3004.0037
2019-03-30,86,1345.8795,1597.2320,1834.2305,2130.2966,2300.0499,2429.3674,2538.1907,2714.3684,2648.3186,3076.8049,2979.5179
2019-04-01,86,1493.0000,1778.5715,2154.3381,2565.1832,2795.6797,2918.4358,2996.0000,3187.2086,3161.0000,3940.3511,3640.9041
2019-04-01,86,1490.0051,1762.2632,2121.5380,2524.1950,2734.3830,2861.3300,2950.6875,3129.9604,3105.6680,3869.3418,3609.0000
2019-04-06,86,-9999.0000,-9999.0000,-9999.0000,-9999.0000,-9999.0000,-9999.0000,-9999.0000,-9999.0000,-9999.0000,-9999.0000,-9999.0000
2019-04-06,86,1862.0000,2116.0000,2352.0000,2430.0000,2831.0000,3223.0000,3458.0000,3652.0000,3541.0000,3320.0000,2579.0000
2019-04-16,86,1358.0000,1721.7009,2083.4154,2425.5961,2707.6958,2869.4764,3017.1504,3227.0399,3149.4610,3847.7207,3576.0059
2019-04-16,86,1364.0000,1683.3344,2027.0532,2339.6377,2635.1157,2813.2695,2966.0000,3154.8890,3072.0000,3770.1492,3559.6448
2019-04-19,86,1339.7683,1708.1504,2082.7210,2396.1441,2652.3359,2850.8544,2977.0000,3171.9743,3106.0520,3704.4440,3512.6224
2019-04-19,86,1341.4806,1707.2536,2050.2047,2355.4020,2628.1925,2831.0000,2958.4139,3154.3199,3081.4955,3677.0000,3508.3954
2019-04-21,86,2058.9965,2346.6341,2698.0361,2916.0745,3250.5800,3545.0000,3670.7249,3890.0000,3790.4393,4012.6632,3604.9156
2019-04-21,86,1993.0872,2235.8339,2563.8345,2764.2060,3089.3689,3391.0000,3526.5101,3749.3384,3652.2299,3919.0000,3514.0000
2019-04-24,86,-9999.0000,-9999.0000,-9999.0000,-9999.0000,-9999.0000,-9999.0000,-9999.0000,-9999.0000,-9999.0000,-9999.0000,-9999.0000
2019-05-01,86,883.0000,1032.3677,1336.7898,1547.4786,1839.0000,2139.4437,2251.6173,2379.7851,2371.6544,2550.0000,2010.6380
2019-05-01,86,897.0000,1036.8471,1328.4697,1523.1216,1808.4330,2125.2860,2228.8545,2356.0748,2346.0921,2496.0000,1980.8697
2019-05-06,86,1386.0000,1604.4815,1957.9931,2220.0000,2691.1741,3188.0245,3435.5185,3642.5744,3598.0000,3238.0000,2345.0000
2019-05-06,86,1418.2091,1620.5000,1965.4145,2210.0253,2637.0218,3132.8926,3378.5255,3595.1363,3532.0413,3163.3852,2288.0000
2019-05-09,86,-9999.0000,-9999.0000,-9999.0000,-9999.0000,-9999.0000,-9999.0000,-9999.0000,-9999.0000,-9999.0000,-9999.0000,-9999.0000
2019-05-16,86,-9999.0000,-9999.0000,-9999.0000,-9999.0000,-9999.0000,-9999.0000,-9999.0000,-9999.0000,-9999.0000,-9999.0000,-9999.0000
2019-05-16,86,-9999.0000,-9999.0000,-9999.0000,-9999.0000,-9999.0000,-9999.0000,-9999.0000,-9999.0000,-9999.0000,-9999.0000,-9999.0000
2019-05-24,86,1170.0000,1403.5398,1893.3050,2054.9065,2596.0000,3220.4925,3376.0000,3395.5682,3514.7905,3402.5301,2809.1143
2019-05-24,86,1183.0000,1378.0695,1802.6151,1957.3183,2506.0000,3116.0188,3267.7705,3297.0459,3413.2962,3336.1561,2773.3666
2019-05-26,86,1522.9595,1825.7260,2246.3602,2375.7543,2998.8182,3651.6009,3896.5726,3987.5538,4002.5197,3753.5701,3228.3706
2019-05-31,86,846.0000,1067.4246,1548.7591,1602.8841,2195.5289,3114.9387,3290.0000,3333.9704,3460.1577,2852.0000,1964.6451
2019-05-31,86,909.0000,1073.2062,1513.5954,1539.0571,2132.0000,3012.5532,3202.1519,3253.6488,3363.5915,2794.6795,1949.9710
2019-06-03,86,1210.0344,1417.7174,1926.1072,2004.8612,2694.2125,3586.1000,3829.6557,3817.7633,3976.3720,3558.3075,2899.5574
2019-06-03,86,1185.0000,1404.6152,1865.2139,1925.1621,2586.8437,3490.1766,3722.0000,3731.2232,3876.6267,3499.1505,2851.8763
2019-06-05,86,-9999.0000,-9999.0000,-9999.0000,-9999.0000,-9999.0000,-9999.0000,-9999.0000,-9999.0000,-9999.0000,-9999.0000,-9999.0000
2019-06-05,86,-9999.0000,-9999.0000,-9999.0000,-9999.0000,-9999.0000,-9999.0000,-9999.0000,-9999.0000,-9999.0000,-9999.0000,-9999.0000
2019-06-13,86,1409.4561,1653.0618,2051.3979,2410.3497,2668.3367,2778.0615,2908.3134,2939.6397,3042.2806,3724.5969,3450.0077
2019-06-13,86,1429.4068,1673.0593,2059.4458,2411.4672,2666.4579,2773.2093,2909.0000,2946.0878,3052.0224,3717.1950,3458.8711
2019-06-15,86,-9999.0000,-9999.0000,-9999.0000,-9999.0000,-9999.0000,-9999.0000,-9999.0000,-9999.0000,-9999.0000,-9999.0000,-9999.0000
2019-06-15,86,-9999.0000,-9999.0000,-9999.0000,-9999.0000,-9999.0000,-9999.0000,-9999.0000,-9999.0000,-9999.0000,-9999.0000,-9999.0000
2019-06-18,86,1297.0000,1658.4231,2074.9037,2410.5313,2652.3359,2792.0000,2973.9163,2954.7753,3075.0738,3735.0000,3622.1371
2019-06-18,86,1297.9337,1619.1124,2011.3120,2332.4456,2570.1008,2753.8560,2930.1230,2921.8028,3036.7147,3682.8648,3573.8412
2019-06-20,86,1538.1793,1769.0076,2210.0738,2532.3861,2877.3156,3145.4863,3270.0498,3266.6865,3450.0796,4138.5296,3765.9569
2019-06-20,86,1553.3518,1765.7628,2186.9581,2514.6213,2844.0372,3140.9981,3273.2654,3259.3854,3441.1681,4127.0000,3746.0000
2019-06-23,86,1042.0000,1237.3777,1584.5275,1851.0779,2181.7346,2449.0491,2584.6077,2579.0341,2747.0000,3148.5002,2677.9758
2019-06-23,86,1056.0000,1268.2630,1625.0946,1906.3846,2227.1251,2465.2677,2624.3544,2612.0736,2779.8843,3173.0963,2677.4006
2019-06-25,86,1461.0000,1826.6746,2243.5619,2583.9302,2969.3407,3206.5674,3465.0737,3450.0000,3612.0000,4441.3173,4161.5000
2019-06-25,86,1461.7353,1779.5697,2179.7899,2515.7449,2908.1679,3160.0000,3424.4993,3388.0000,3549.0121,4392.8366,4163.0444
2019-06-28,86,1307.0000,1684.0020,2107.7664,2375.2105,2745.7787,3087.0000,3312.0000,3315.2745,3438.0000,3990.5613,3718.1857
2019-06-28,86,1309.0096,1636.5742,2034.8772,2282.7238,2641.5592,3015.0000,3228.5523,3240.2749,3382.0938,3923.1531,3672.9018
2019-06-30,86,1523.5218,1819.1958,2330.9293,2584.9250,2996.7335,3549.4206,3700.5883,3817.1913,3861.4574,4233.0000,3700.7150
2019-06-30,86,1524.9584,1809.7728,2314.4310,2584.0588,2963.7883,3526.1781,3692.5142,3796.2999,3854.2646,4202.4529,3705.3206
2019-07-03,86,1241.0000,1514.8761,2033.5202,2168.5631,2659.4361,3350.2487,3560.6657,3531.2647,3732.8280,3851.6552,3207.4200
2019-07-03,86,1241.0000,1468.1719,1907.8382,2035.8853,2523.9394,3206.1190,3418.7220,3382.0000,3592.0964,3738.2880,3145.1096
2019-07-05,86,1342.0235,1660.0256,2153.8107,2279.4333,2805.0844,3515.5933,3793.6709,3802.0909,3932.4880,4087.1888,3538.4411
2019-07-05,86,1336.0000,1643.8006,2122.5345,2247.2517,2788.2548,3481.9436,3773.0000,3764.0000,3890.5779,4071.5528,3525.3235
2019-07-08,86,1511.0000,1736.9603,2050.7808,2115.3771,2588.7107,3244.0000,3510.1612,3484.8754,3585.3462,3290.7861,2812.2131
2019-07-10,86,1381.0000,1601.1659,2090.8262,2275.5147,2818.7218,3651.4034,3825.0000,3939.7779,4022.4152,3996.2103,3286.4658
2019-07-10,86,1391.0000,1562.5108,2018.6493,2212.0419,2732.3563,3562.8338,3753.9342,3858.0000,3926.0883,3938.3178,3275.8294
2019-07-13,86,1171.0000,1305.6582,1625.5785,1755.4577,2250.3117,3089.0000,3347.0000,3370.0000,3533.8418,3464.3657,2818.7594
2019-07-13,86,1238.0000,1328.6923,1600.5503,1698.3052,2169.8227,2977.8651,3232.9518,3265.0575,3424.9595,3395.4547,2787.1079
2019-07-20,86,1067.0000,1202.7388,1586.4737,1681.8187,2210.4125,3413.0527,3708.6410,3779.5478,3930.5053,3556.2826,2777.3913
2019-07-20,86,1113.0000,1219.0665,1571.3669,1665.2817,2179.2200,3361.5844,3684.8679,3729.9274,3873.7896,3539.9522,2768.2999
2019-07-23,86,806.7593,977.2590,1331.1834,1386.7609,1846.5023,3041.8287,3434.5587,3466.5188,3613.5491,3115.7619,2356.8752
2019-07-23,86,881.0387,1019.7676,1331.1409,1386.2106,1850.5906,2993.1867,3386.7558,3402.7646,3565.5294,3091.1569,2362.0380
2019-07-25,86,934.5402,1122.5196,1387.1904,1403.5499,1874.8644,3084.6087,3628.8263,3626.9685,3793.9399,3313.8120,2555.7174
2019-07-25,86,953.0000,1122.1416,1394.4901,1403.7945,1885.7438,3093.6052,3651.3189,3634.0795,3804.3365,3316.0746,2574.6032
2019-07-30,86,657.0000,779.3670,1108.6476,1080.4022,1587.4896,3378.7715,3851.6122,3863.2679,4057.3175,3044.2553,2186.7301
2019-07-30,86,792.9080,867.6108,1154.7445,1091.6460,1596.6233,3246.4159,3698.9012,3702.0554,3884.1910,3003.0321,2172.5892
2019-08-04,86,545.0000,714.5894,971.0968,936.4962,1395.8968,3091.3199,3818.7394,3877.5837,3940.4318,2787.1469,2001.7767
2019-08-04,86,701.0000,811.0757,1027.1775,955.2317,1412.4798,2978.0594,3655.6329,3751.9637,3796.1040,2738.1105,1986.7400
2019-08-09,86,408.0000,419.3627,660.2046,546.1720,1034.0771,3060.4701,3734.2765,3766.7714,3931.9377,2361.9951,1410.1122
2019-08-09,86,508.0000,496.8271,706.1120,595.4076,1043.8462,2987.4280,3623.1333,3683.9712,3832.0462,2341.3619,1401.5879
2019-08-12,86,-9999.0000,-9999.0000,-9999.0000,-9999.0000,-9999.0000,-9999.0000,-9999.0000,-9999.0000,-9999.0000,-9999.0000,-9999.0000
2019-08-14,86,397.0000,484.4257,675.4352,547.8862,1018.9440,3131.2437,4072.9501,4197.9434,4200.0184,2427.2812,1485.0923
2019-08-14,86,467.0000,531.9385,707.2459,573.3096,1027.6234,3092.5696,3993.9081,4150.3810,4165.2129,2409.4963,1474.3795
2019-08-17,86,296.0000,395.8669,594.6319,507.3739,941.1845,2875.8965,3767.1441,3898.1618,3957.4977,2123.1134,1323.2835
2019-08-17,86,384.0000,443.0464,635.2806,531.5984,938.1552,2851.4097,3733.6608,3863.5269,3925.7848,2115.6481,1314.9734
2019-08-19,86,587.0000,531.7929,795.1293,710.6515,1221.5120,3378.5304,4215.3156,4312.8344,4423.1114,2461.8526,1554.8741
2019-08-19,86,732.0000,667.0885,883.2469,773.7090,1234.2920,3261.4305,4022.0884,4133.3222,4258.0841,2442.4074,1539.0499
2019-08-24,86,1308.7744,1268.3920,1337.0210,1122.5681,1502.1883,3125.1532,4018.6956,3971.3577,4233.7027,2504.7827,1635.0000
2019-08-24,86,1252.0000,1243.2616,1331.1762,1122.3985,1514.2544,3286.0132,4259.8242,4210.2888,4459.4510,2565.0030,1645.1628
2019-08-27,86,485.0000,563.3538,707.9489,588.0414,978.3390,2772.8644,3654.5314,3687.0279,3850.5796,2060.0244,1306.1992
2019-08-27,86,522.5666,588.0940,722.8954,603.9927,978.4126,2769.8166,3666.6933,3670.1712,3844.0431,2052.1128,1305.9542
2019-08-29,86,707.0000,674.8955,851.8389,678.0472,1124.0886,3130.5491,3908.1892,3913.4188,4145.7319,2300.0752,1371.3504
2019-08-29,86,529.0000,523.4881,739.8033,599.4237,1068.6956,3281.5071,4120.6754,4116.4974,4372.9438,2332.1261,1379.5249
2019-09-01,86,510.7155,548.5005,746.9575,615.0493,1050.1200,2916.1891,3699.3673,3704.8758,3950.0000,2097.9700,1266.8659
2019-09-01,86,536.3972,563.5752,756.0118,615.4609,1051.4062,2920.3711,3709.2939,3720.5022,3954.8711,2105.7852,1258.6559
2019-09-03,86,251.0000,363.8279,579.5446,419.6248,924.1373,3085.6461,3957.5991,4054.7945,4103.5257,2115.3192,1187.1128
2019-09-03,86,337.0000,419.4753,620.5278,451.6974,931.6007,3043.5288,3879.9023,3990.3605,4038.7746,2099.1030,1187.7530
2019-09-11,86,354.0000,398.1532,650.5039,466.3668,1049.7922,2852.0116,3349.1502,3495.0590,3542.0972,1741.0542,949.7022
2019-09-11,86,387.0000,417.7350,661.6842,467.2845,1045.1472,2841.9587,3365.0615,3495.2034,3556.4367,1742.1627,949.0577
2019-09-13,86,256.6159,369.9848,707.7491,475.5664,1210.1847,3044.8519,3607.2738,3668.6720,3751.4382,1939.3256,1115.0829
2019-09-13,86,304.8300,411.7272,731.4105,492.0991,1213.2003,3029.0975,3557.5914,3652.6596,3737.6052,1924.4122,1108.4971
2019-09-16,86,358.0000,498.9678,907.5779,660.1138,1531.6892,3124.3456,3560.1363,3574.8067,3734.4556,1924.5650,1145.3220
2019-09-16,86,403.0000,522.9794,924.5554,659.7617,1523.9072,3116.1943,3560.0197,3559.1377,3735.3922,1924.2580,1156.1561
2019-09-18,86,-9999.0000,-9999.0000,-9999.0000,-9999.0000,-9999.0000,-9999.0000,-9999.0000,-9999.0000,-9999.0000,-9999.0000,-9999.0000
2019-09-18,86,-9999.0000,-9999.0000,-9999.0000,-9999.0000,-9999.0000,-9999.0000,-9999.0000,-9999.0000,-9999.0000,-9999.0000,-9999.0000
2019-09-21,86,342.0000,483.6769,1083.2577,871.5476,1940.1742,3239.0576,3512.3255,3767.1681,3796.8276,2187.8732,1316.3900
2019-09-21,86,420.0000,531.8628,1098.5309,875.2314,1924.5493,3211.5363,3509.5223,3737.1045,3801.6684,2171.9522,1322.4792
2019-09-28,86,1535.0000,1421.4080,1665.4091,1553.5976,2185.4262,2953.8434,3188.2688,3197.2838,3488.0000,2489.1693,1596.3530
2019-09-28,86,1463.0000,1377.3612,1633.0609,1524.2499,2096.6278,2885.0000,3154.5849,3162.7926,3461.1238,2469.0995,1555.2917
2019-10-01,86,-9999.0000,-9999.0000,-9999.0000,-9999.0000,-9999.0000,-9999.0000,-9999.0000,-9999.0000,-9999.0000,-9999.0000,-9999.0000
2019-10-01,86,-9999.0000,-9999.0000,-9999.0000,-9999.0000,-9999.0000,-9999.0000,-9999.0000,-9999.0000,-9999.0000,-9999.0000,-9999.0000
2019-10-08,86,-9999.0000,-9999.0000,-9999.0000,-9999.0000,-9999.0000,-9999.0000,-9999.0000,-9999.0000,-9999.0000,-9999.0000,-9999.0000
2019-10-08,86,-9999.0000,-9999.0000,-9999.0000,-9999.0000,-9999.0000,-9999.0000,-9999.0000,-9999.0000,-9999.0000,-9999.0000,-9999.0000
2019-10-11,86,362.0000,481.3839,723.4360,835.8818,1198.7030,1683.1965,1842.4862,1914.8663,2076.2057,2085.9771,1610.2800
2019-10-11,86,439.0000,534.0939,757.4167,852.0028,1201.8623,1668.1964,1852.7171,1914.3895,2066.4440,2072.9976,1603.6941
2019-10-16,86,502.9928,749.4275,977.7226,1234.8035,1509.8368,1714.0712,1884.6820,2035.6818,2144.7011,2699.9559,2243.1141
2019-10-16,86,548.0547,777.6546,989.4825,1243.2071,1513.9426,1713.3629,1874.6471,2034.6869,2145.4860,2699.3355,2246.1937
2019-10-21,86,-9999.0000,-9999.0000,-9999.0000,-9999.0000,-9999.0000,-9999.0000,-9999.0000,-9999.0000,-9999.0000,-9999.0000,-9999.0000
2019-10-21,86,-9999.0000,-9999.0000,-9999.0000,-9999.0000,-9999.0000,-9999.0000,-9999.0000,-9999.0000,-9999.0000,-9999.0000,-9999.0000
2019-10-23,86,782.3428,1057.2354,1305.1778,1563.0386,1737.7064,1749.6018,1850.8386,1938.5450,1960.5593,2779.0286,2796.6257
2019-10-23,86,796.0000,1068.9380,1312.2048,1571.1584,1737.3328,1745.1437,1853.3066,1931.6208,1956.1193,2787.6785,2795.8323
2019-10-26,86,843.0000,1116.9713,1372.6659,1643.5608,1780.7957,1800.4778,1893.9688,2003.1896,2005.5750,2819.9102,2890.5998
2019-10-26,86,852.9225,1128.9269,1377.2014,1657.9821,1790.0195,1801.0275,1899.0000,2003.4310,2006.1539,2836.0000,2907.6408
2019-10-28,86,-9999.0000,-9999.0000,-9999.0000,-9999.0000,-9999.0000,-9999.0000,-9999.0000,-9999.0000,-9999.0000,-9999.0000,-9999.0000
2019-10-31,86,-9999.0000,-9999.0000,-9999.0000,-9999.0000,-9999.0000,-9999.0000,-9999.0000,-9999.0000,-9999.0000,-9999.0000,-9999.0000
2019-11-07,86,494.0379,723.4600,1058.6622,1315.0151,1581.0582,1684.0149,1753.0000,1831.3141,1869.0335,2260.0590,1762.8623
2019-11-07,86,716.4259,869.2846,1122.4907,1315.4630,1546.5539,1667.0000,1728.0000,1834.4535,1857.6068,2196.7362,1708.0000
2019-11-10,86,678.0193,877.4786,1154.8201,1316.1417,1588.8631,1769.6200,1844.1019,1947.2746,1947.8146,2205.3162,1708.0000
2019-11-10,86,712.0000,901.9098,1162.0447,1331.2781,1596.0988,1771.6294,1860.8920,1947.4089,1971.6799,2217.9914,1693.0127
2019-11-30,86,-9999.0000,-9999.0000,-9999.0000,-9999.0000,-9999.0000,-9999.0000,-9999.0000,-9999.0000,-9999.0000,-9999.0000,-9999.0000
2019-11-30,86,-9999.0000,-9999.0000,-9999.0000,-9999.0000,-9999.0000,-9999.0000,-9999.0000,-9999.0000,-9999.0000,-9999.0000,-9999.0000
2019-12-05,86,1288.0000,1586.2980,2003.8298,1939.7458,2504.4178,3203.8470,3425.6324,3635.9251,3572.0531,3148.4797,2402.6099
2019-12-05,86,1183.0000,1538.8209,2009.6196,1962.0000,2593.4579,3345.4979,3556.0000,3739.1823,3698.0000,3209.0000,2433.0000
2019-12-07,86,956.9213,1061.3031,1563.1618,1507.5611,2269.6674,3236.3276,3387.4896,3451.3674,3515.1006,2731.0000,1878.0936
2019-12-07,86,1091.0000,1165.2822,1596.7045,1506.9604,2185.8856,3098.9160,3261.8120,3322.7071,3380.6971,2679.0000,1834.3522
2019-12-10,86,548.0000,781.6553,1177.0949,1072.6476,1683.3302,2475.3095,2619.1886,2748.9085,2715.5739,2108.7752,1422.4659
2019-12-10,86,603.0000,805.5574,1194.1128,1074.8625,1693.0000,2492.3808,2626.9960,2754.5710,2723.7751,2116.7440,1420.0000
2019-12-25,86,528.0000,777.4532,1096.5262,891.9926,1538.5649,2645.3723,2877.9108,3010.3027,2985.6529,1610.4995,1038.3076
2019-12-25,86,552.0000,788.9393,1109.2860,897.6719,1561.2653,2674.9728,2898.8933,3028.1691,2994.8102,1633.5225,1053.7297
2019-12-27,86,913.4385,1081.0664,1577.6776,1520.7958,2368.0000,3538.0000,3790.0000,3892.0000,3984.9327,3207.0000,2212.0731
2019-12-27,86,944.0000,1060.0000,1576.6977,1513.2000,2408.0000,3569.5015,3798.3435,3939.4266,4038.6784,3198.0000,2193.0000
2019-12-30,86,448.0000,605.8744,973.1560,781.3031,1470.6140,2604.4463,2763.0558,2948.3392,2890.9427,1751.0000,1041.3939
2019-12-30,86,492.0000,637.4881,993.5802,793.3719,1482.0658,2619.2489,2780.8374,2954.8691,2909.4188,1758.0000,1041.2157
2020-01-01,86,60.0000,413.6991,830.3018,652.0488,1454.0000,2714.0000,2947.5185,3160.2491,3042.5743,1846.0182,1069.3680
2020-01-01,86,415.0000,661.3823,965.2247,765.7924,1468.8035,2579.8898,2795.4080,2987.3560,2896.5204,1817.8050,1064.4359
2020-01-04,86,462.0000,713.9961,1089.4865,921.9813,1748.9992,2940.1690,3154.6203,3331.1229,3260.2998,1966.0000,1270.6226
2020-01-04,86,567.0000,781.0620,1124.5638,954.2620,1745.5762,2905.9387,3099.0019,3283.5893,3195.1748,1939.0000,1264.3177
2020-01-06,86,-9999.0000,-9999.0000,-9999.0000,-9999.0000,-9999.0000,-9999.0000,-9999.0000,-9999.0000,-9999.0000,-9999.0000,-9999.0000
2020-01-09,86,654.0000,777.6667,1064.0000,950.4396,1596.4832,2490.9760,2650.2711,2731.9536,2738.9617,1907.0000,1269.0000
2020-01-09,86,655.0000,761.0933,1053.1925,921.1486,1582.0000,2515.7060,2657.8322,2747.5526,2746.2623,1908.5789,1260.0000
2020-01-11,86,35.0000,357.6050,729.8192,611.1166,1493.3497,2716.0702,2931.0320,3096.2696,3011.8132,1842.0024,1081.2555
2020-01-11,86,422.0000,633.5782,886.1106,745.8049,1485.6026,2545.8037,2735.0000,2889.4528,2836.3794,1796.5005,1078.5607
2020-01-14,86,486.0000,714.2260,965.3554,828.4845,1544.6258,2516.2762,2718.0386,2875.7201,2819.3895,1636.3087,1001.0560
2020-01-14,86,415.0000,649.5275,929.0467,790.1912,1545.2374,2580.6423,2787.6599,2930.7650,2875.7844,1637.0000,1006.1008
2020-01-16,86,-9999.0000,-9999.0000,-9999.0000,-9999.0000,-9999.0000,-9999.0000,-9999.0000,-9999.0000,-9999.0000,-9999.0000,-9999.0000
2020-01-16,86,-9999.0000,-9999.0000,-9999.0000,-9999.0000,-9999.0000,-9999.0000,-9999.0000,-9999.0000,-9999.0000,-9999.0000,-9999.0000
2020-01-19,86,-9999.0000,-9999.0000,-9999.0000,-9999.0000,-9999.0000,-9999.0000,-9999.0000,-9999.0000,-9999.0000,-9999.0000,-9999.0000
2020-01-21,86,450.0000,669.7525,929.4962,845.4817,1585.5932,2658.4735,2882.4432,3115.1491,2979.5971,2041.2288,1254.0000
2020-01-21,86,501.0000,697.8203,949.1014,850.0397,1589.8314,2667.6664,2882.0829,3107.6792,2979.5426,2040.9555,1250.2220
2020-01-24,86,408.0000,622.2443,973.1724,909.3333,1664.8846,2644.4674,2865.6916,3009.3790,2970.5185,1832.2874,1185.5524
2020-01-24,86,544.5502,716.7446,1032.9959,945.3329,1670.1634,2642.3593,2849.7160,2986.5080,2947.0138,1825.1783,1178.0000
2020-01-29,86,-9999.0000,-9999.0000,-9999.0000,-9999.0000,-9999.0000,-9999.0000,-9999.0000,-9999.0000,-9999.0000,-9999.0000,-9999.0000
2020-01-29,86,-9999.0000,-9999.0000,-9999.0000,-9999.0000,-9999.0000,-9999.0000,-9999.0000,-9999.0000,-9999.0000,-9999.0000,-9999.0000
2020-01-31,86,1124.0000,1292.0000,1484.0000,1273.2603,1898.0723,2837.3786,3074.5750,3188.6038,3141.6482,2084.7126,1374.5838
2020-02-05,86,88.0443,217.2644,641.4623,452.6866,1268.4367,2953.7076,3225.5088,3479.9282,3356.0370,2077.7718,1235.0000
2020-02-05,86,336.5681,413.8174,753.0432,557.2763,1296.2184,2817.8715,3084.4822,3316.8924,3220.4530,2048.0000,1228.7095
2020-02-08,86,546.0000,640.5360,901.6597,697.9308,1356.4913,2692.1968,2987.8372,3164.5885,3115.5829,1893.7982,1106.3860
2020-02-08,86,551.0000,634.8490,897.5190,685.3935,1353.4923,2731.8097,3029.7675,3196.4513,3148.3748,1897.6601,1100.9417
2020-02-13,86,699.0000,818.2991,1024.8039,768.7885,1425.1598,2940.0000,3307.7683,3442.2804,3402.4035,1844.3669,1128.5534
2020-02-13,86,684.0000,797.6937,1028.7727,762.1883,1462.3186,3005.3935,3410.1120,3529.5108,3476.3547,1861.0000,1132.7367
2020-02-15,86,955.0000,869.1963,1197.3745,963.0000,1717.6505,3468.6073,3796.6826,3960.2730,3897.1404,2135.0000,1301.0000
2020-02-15,86,1009.0000,893.9463,1212.8332,965.3506,1712.5185,3428.4539,3761.9751,3944.0041,3891.0846,2120.0000,1291.0000
2020-02-18,86,1413.0000,1366.0000,1488.0000,1206.0000,1779.0000,3203.6844,3580.4336,3642.0812,3708.4067,2085.4673,1175.0000
2020-02-18,86,1344.0000,1312.0000,1462.0000,1192.0000,1800.0000,3243.8328,3610.6426,3675.2500,3734.8971,2100.6556,1196.0000
2020-02-20,86,1.0000,125.8439,405.4642,229.2306,797.1897,2165.1298,2563.7170,2690.2442,2619.8990,1282.0473,738.7967
2020-02-20,86,1.0000,141.0242,410.4683,232.9428,810.2610,2171.5035,2570.1426,2690.8540,2612.4002,1291.1914,737.4472
2020-02-28,86,190.0000,277.4677,610.3558,386.9854,1084.5389,3115.0455,3717.3635,4056.3221,3864.3202,1787.7924,946.3767
2020-02-28,86,169.0000,249.2687,594.5588,355.4929,1058.3178,3171.8377,3783.0971,4117.5664,3925.0000,1788.0000,946.3167
2020-03-06,86,339.0000,349.8129,676.3220,385.9601,1164.6906,3591.3197,4217.2809,4356.5313,4313.9306,1538.4099,722.0346
2020-03-06,86,265.0000,294.3023,649.1471,355.3572,1164.6965,3641.5268,4295.8892,4437.6219,4389.6631,1550.3807,720.5871
2020-03-09,86,-9999.0000,-9999.0000,-9999.0000,-9999.0000,-9999.0000,-9999.0000,-9999.0000,-9999.0000,-9999.0000,-9999.0000,-9999.0000
2020-03-11,86,-9999.0000,-9999.0000,-9999.0000,-9999.0000,-9999.0000,-9999.0000,-9999.0000,-9999.0000,-9999.0000,-9999.0000,-9999.0000
2020-03-11,86,-9999.0000,-9999.0000,-9999.0000,-9999.0000,-9999.0000,-9999.0000,-9999.0000,-9999.0000,-9999.0000,-9999.0000,-9999.0000
2020-03-14,86,-9999.0000,-9999.0000,-9999.0000,-9999.0000,-9999.0000,-9999.0000,-9999.0000,-9999.0000,-9999.0000,-9999.0000,-9999.0000
2020-03-16,86,110.1678,146.5226,508.3314,259.7619,1004.1642,3301.1766,4075.1794,4341.3466,4211.9148,1603.9658,795.5735
2020-03-16,86,356.0000,361.0372,641.6656,394.7161,1048.7162,3147.5365,3847.0047,4120.3587,4023.7321,1587.3426,801.5153
2020-03-19,86,302.0000,333.8027,594.1358,370.9150,1027.9394,2986.5086,3723.4612,3877.3870,3908.1610,1475.7870,724.8358
2020-03-19,86,365.9129,377.6959,621.9496,395.8170,1034.9751,2986.4025,3724.9105,3862.6279,3907.7269,1465.0211,717.0026
2020-03-21,86,-9999.0000,-9999.0000,-9999.0000,-9999.0000,-9999.0000,-9999.0000,-9999.0000,-9999.0000,-9999.0000,-9999.0000,-9999.0000
2020-03-24,86,289.0000,377.8708,595.9245,379.4617,1025.0494,2944.7868,3689.5588,4053.7471,3923.1573,1373.9746,739.0567
2020-03-24,86,123.0000,229.3625,500.3958,268.4226,985.5254,3074.6554,3882.0101,4261.9076,4120.1027,1371.3971,722.9417
2020-03-29,86,-9999.0000,-9999.0000,-9999.0000,-9999.0000,-9999.0000,-9999.0000,-9999.0000,-9999.0000,-9999.0000,-9999.0000,-9999.0000
2020-03-29,86,-9999.0000,-9999.0000,-9999.0000,-9999.0000,-9999.0000,-9999.0000,-9999.0000,-9999.0000,-9999.0000,-9999.0000,-9999.0000
2020-03-31,86,154.0000,260.0421,587.3298,364.3723,1161.0518,3300.1424,4102.1037,4567.8355,4363.0051,1597.8747,853.0000
2020-03-31,86,173.9270,283.6432,604.4921,370.9529,1177.0000,3299.1208,4122.4654,4565.2640,4374.4421,1609.0355,860.8053
2020-04-03,86,343.0000,417.3799,665.1585,466.8161,1181.7125,2954.5936,3672.5141,3969.8312,3959.0739,1437.5839,803.9048
2020-04-03,86,353.0996,433.6538,673.6558,476.3847,1196.3375,2954.9792,3672.0687,3974.0834,3958.5983,1449.9923,810.0000
2020-04-05,86,373.0000,396.8467,707.8660,507.6193,1285.7692,3233.6620,3910.1182,4242.5599,4217.2228,1675.8135,922.6610
2020-04-05,86,414.0000,421.4792,715.9228,515.1936,1299.3731,3220.3669,3899.3982,4230.3668,4213.9985,1698.0000,940.3775
2020-04-08,86,178.0000,257.1452,579.4987,420.6829,1106.3357,2922.6024,3626.8815,4056.9909,3962.2001,1513.7987,828.1486
2020-04-08,86,264.0000,309.4926,610.8080,435.3025,1130.0000,2899.7706,3604.7935,4023.5003,3938.8448,1508.3240,829.0000
2020-04-10,86,318.0000,421.8528,698.2712,482.7501,1202.7006,3060.3690,3851.2465,4233.6105,4186.1525,1629.0000,891.1471
2020-04-10,86,394.0000,481.3275,739.0420,515.4049,1216.0000,3035.9742,3794.0924,4177.1223,4140.6414,1633.5676,899.5748
2020-04-13,86,238.0000,357.5475,636.0752,435.5583,1138.2512,2954.4168,3715.5426,4042.6240,4092.1368,1426.0000,810.7336
2020-04-13,86,332.9025,429.3614,691.6846,473.7604,1173.0000,2930.9563,3683.1029,4002.5698,4038.6798,1435.5487,813.6614
2020-04-15,86,302.0000,357.7688,706.9155,483.1811,1225.5029,3155.6278,3842.8365,4219.2382,4203.3859,1616.9168,892.3032
2020-04-15,86,378.0000,404.9403,732.8544,508.4472,1246.5786,3121.8690,3812.3192,4168.5227,4162.0018,1595.6508,898.0211
2020-04-18,86,417.0000,490.1466,789.0154,627.8836,1260.2110,2724.7702,3315.1552,3539.4794,3618.7464,1516.9015,917.9204
2020-04-18,86,503.0000,550.1763,821.0826,659.4028,1283.6582,2717.9180,3296.0000,3523.5771,3601.0000,1525.7006,932.9998
2020-04-23,86,267.0000,385.6634,651.9160,483.7006,1117.4936,2670.5929,3377.6288,3729.3920,3698.1675,1395.7221,819.5730
2020-04-23,86,373.0000,470.0316,706.6003,539.5710,1146.6989,2640.4314,3311.0000,3683.1322,3652.9325,1406.0000,833.0000
2020-04-25,86,562.0000,585.9157,881.5618,664.9580,1349.3520,3081.4327,3725.4757,3973.0259,4056.7306,1634.2698,933.8866
2020-04-25,86,627.0000,629.6422,914.0884,683.5782,1364.5594,3065.0000,3698.0821,3939.6858,4024.0000,1636.9929,940.2211
2020-04-30,86,684.0000,854.0000,1170.8985,909.0735,1783.0000,3712.0000,4417.0000,4688.0000,4744.0000,1954.0000,1149.0000
2020-04-30,86,843.0000,879.0000,1216.0000,1005.0000,1809.0000,3508.0000,4185.0000,4544.0000,4450.0000,2159.0000,1307.0000
2020-05-03,86,134.1276,245.2025,475.0577,299.6205,850.7962,2365.6059,2940.7436,3242.1033,3177.9959,1154.2566,627.3344
2020-05-03,86,205.0000,297.9236,507.8551,323.1945,858.0214,2353.7179,2932.9314,3234.9709,3165.5034,1154.6514,619.8507
2020-05-08,86,118.0000,177.4939,451.2034,306.7023,858.9858,2457.6367,3109.4454,3291.9643,3360.8411,1355.1105,781.1958
2020-05-08,86,340.0000,369.3793,588.0106,428.2382,938.4116,2430.3645,3045.4712,3219.4086,3289.5439,1371.0656,804.3560
2020-05-10,86,-9999.0000,-9999.0000,-9999.0000,-9999.0000,-9999.0000,-9999.0000,-9999.0000,-9999.0000,-9999.0000,-9999.0000,-9999.0000
2020-05-10,86,-9999.0000,-9999.0000,-9999.0000,-9999.0000,-9999.0000,-9999.0000,-9999.0000,-9999.0000,-9999.0000,-9999.0000,-9999.0000
2020-05-15,86,755.0000,725.0838,941.9145,754.8045,1267.0143,2620.5083,3114.4270,3225.1252,3335.6632,1603.0441,929.2000
2020-05-15,86,845.0000,795.0000,1000.0000,786.0000,1306.0000,2782.0000,3331.0000,3332.0000,3505.0000,1763.0000,1018.0000
2020-05-23,86,654.0000,753.3957,925.4274,754.8472,1205.5826,2341.4703,2945.6182,3035.0408,3186.4480,1475.4581,998.2054
2020-05-25,86,308.0000,361.0146,621.6446,475.1958,1013.5348,2339.6634,2873.6793,3083.5686,3161.7655,1505.1135,859.2179
2020-05-25,86,277.3506,333.4614,596.8348,443.9391,986.9918,2338.9105,2882.7600,3084.1855,3169.7661,1502.2581,851.6381
2020-05-28,86,-9999.0000,-9999.0000,-9999.0000,-9999.0000,-9999.0000,-9999.0000,-9999.0000,-9999.0000,-9999.0000,-9999.0000,-9999.0000
2020-05-28,86,-9999.0000,-9999.0000,-9999.0000,-9999.0000,-9999.0000,-9999.0000,-9999.0000,-9999.0000,-9999.0000,-9999.0000,-9999.0000
2020-05-30,86,266.0000,409.3232,699.1913,579.4086,1165.3996,2315.9803,2852.4988,3105.6154,3195.3752,1636.3462,996.0000
2020-05-30,86,337.4161,465.3156,739.5861,611.0424,1190.0671,2324.1125,2845.3238,3097.5282,3180.2189,1652.5418,1001.8340
2020-06-02,86,219.0000,364.5864,636.9651,563.2617,1093.4523,2034.3861,2516.8240,2697.7397,2852.4407,1528.5613,964.4715
2020-06-02,86,334.3389,473.4844,717.2320,625.6013,1133.1594,2052.3757,2516.5447,2698.4965,2835.2895,1532.6021,977.5042
2020-06-04,86,-9999.0000,-9999.0000,-9999.0000,-9999.0000,-9999.0000,-9999.0000,-9999.0000,-9999.0000,-9999.0000,-9999.0000,-9999.0000
2020-06-04,86,-9999.0000,-9999.0000,-9999.0000,-9999.0000,-9999.0000,-9999.0000,-9999.0000,-9999.0000,-9999.0000,-9999.0000,-9999.0000
2020-06-07,86,791.0000,789.5484,1096.6581,1082.0762,1730.6216,2482.2658,2819.8645,2882.8557,3123.1144,2002.0533,1171.7441
2020-06-07,86,797.0000,801.6823,1105.1387,1083.6772,1737.9905,2498.2393,2844.0268,2907.9389,3146.3266,1993.7237,1176.1502
2020-06-12,86,304.0000,469.6154,721.5967,818.1995,1267.4819,1699.8831,1939.3418,2087.6382,2148.6521,1635.0000,1044.5318
2020-06-12,86,329.0000,497.6487,737.5632,827.5978,1259.2318,1708.9660,1939.4151,2069.8894,2157.0951,1635.6799,1053.4093
2020-06-14,86,592.0000,693.1495,971.2691,1130.2959,1602.8741,2068.0854,2284.6484,2395.0830,2547.7202,2089.3071,1298.9104
2020-06-14,86,541.0000,667.2336,946.7443,1132.1594,1603.0130,2067.1861,2267.6520,2404.3822,2554.3773,2101.8300,1298.4816
2020-06-17,86,611.0000,664.6560,923.5979,1100.3604,1475.0000,1899.0000,2122.9282,2194.7708,2360.7415,2229.3782,1452.6314
2020-06-17,86,654.0000,693.0000,955.2670,1107.8017,1488.6115,1931.0000,2178.5566,2219.4801,2418.2725,2219.7403,1468.1433
2020-06-19,86,485.0843,675.4329,890.9258,1074.8904,1437.4867,1811.6453,2035.7660,2198.6833,2263.6331,2117.7776,1384.3517
2020-06-19,86,509.0000,690.7354,906.3910,1083.5663,1443.5143,1819.2130,2052.4474,2198.5133,2280.5089,2118.2593,1383.9221
2020-06-22,86,376.3637,581.4239,795.6824,955.7366,1275.7330,1669.5722,1877.9077,1992.0314,2087.5905,2010.1526,1336.9992
2020-06-22,86,422.0000,613.4475,811.2564,963.1305,1275.2288,1667.5839,1884.3140,2007.9199,2086.9896,2011.2175,1336.4894
2020-06-24,86,-9999.0000,-9999.0000,-9999.0000,-9999.0000,-9999.0000,-9999.0000,-9999.0000,-9999.0000,-9999.0000,-9999.0000,-9999.0000
2020-06-27,86,427.0000,595.0966,860.2347,1043.1240,1394.9937,1802.7938,1994.1094,2071.1073,2251.1740,2279.2987,1413.0478
2020-06-27,86,532.0000,665.7582,899.1387,1059.4167,1404.8393,1843.4342,2046.8458,2104.4031,2267.9116,2251.9487,1402.6450
2020-06-29,86,549.3032,762.8465,996.0278,1154.5588,1507.3900,1927.0000,2197.9389,2264.0356,2408.4506,2488.5822,1639.4894
2020-06-29,86,640.0000,809.5126,1027.1317,1163.1633,1514.2933,1963.0000,2209.2022,2279.9028,2427.4953,2489.0000,1656.3436
2020-07-02,86,-9999.0000,-9999.0000,-9999.0000,-9999.0000,-9999.0000,-9999.0000,-9999.0000,-9999.0000,-9999.0000,-9999.0000,-9999.0000
2020-07-02,86,-9999.0000,-9999.0000,-9999.0000,-9999.0000,-9999.0000,-9999.0000,-9999.0000,-9999.0000,-9999.0000,-9999.0000,-9999.0000
2020-07-04,86,1059.0000,1195.7594,1475.8484,1510.0000,1922.7994,2610.9389,2893.0000,2921.7164,3144.1978,2837.0000,2084.0000
2020-07-04,86,1310.0000,1248.6768,1493.1233,1500.0138,1888.0000,2554.0000,2830.6665,2841.9149,3038.0000,2786.0000,2110.0000
2020-07-07,86,478.5107,677.7958,1012.8244,1195.1215,1678.0247,2244.1121,2470.0000,2684.4085,2780.7213,3109.2562,2070.2399
2020-07-07,86,536.0000,705.4743,1021.3805,1194.8066,1673.3278,2244.7786,2472.5472,2675.6000,2762.6632,3101.7665,2066.2485
2020-07-09,86,578.0000,835.5754,1171.3005,1379.6225,1923.4699,2459.0546,2735.0000,2850.7260,3041.0000,3666.9194,2549.5457
2020-07-09,86,652.6250,885.6962,1187.0169,1363.3867,1898.7214,2450.1275,2748.0168,2842.8987,3019.8090,3604.2773,2531.1870
2020-07-12,86,460.3928,681.2573,981.5649,1131.0583,1626.5443,2268.3620,2522.0948,2698.7407,2795.9930,3140.6238,2195.2710
2020-07-12,86,505.7110,705.6359,996.0800,1138.9922,1619.0812,2268.0000,2524.0351,2690.1568,2793.5862,3140.9222,2194.7752
2020-07-14,86,680.3403,822.0838,1171.2300,1347.3349,1884.7812,2660.2742,2877.7608,3058.8153,3205.5966,3548.8065,2378.5882
2020-07-14,86,691.0000,837.2963,1179.7141,1347.6789,1891.7314,2665.5009,2892.6791,3057.5517,3212.5915,3546.8564,2377.3663
2020-07-17,86,461.7010,625.9287,947.3450,1074.6085,1635.5800,2404.2222,2669.5493,2762.9827,2960.2132,3107.7925,2034.0890
2020-07-17,86,525.9855,673.2903,973.1240,1074.2668,1621.2541,2397.9571,2661.3584,2753.9930,2948.0574,3086.5447,2018.5962
2020-07-19,86,481.2247,707.3002,1043.5657,1107.3570,1732.2203,2612.0450,2891.1427,3004.2182,3149.3285,3307.6845,2217.0294
2020-07-19,86,565.0000,745.4921,1058.2329,1099.1106,1707.9125,2601.0000,2906.9499,2996.2876,3136.6938,3267.2802,2195.7115
2020-07-22,86,-9999.0000,-9999.0000,-9999.0000,-9999.0000,-9999.0000,-9999.0000,-9999.0000,-9999.0000,-9999.0000,-9999.0000,-9999.0000
2020-07-22,86,-9999.0000,-9999.0000,-9999.0000,-9999.0000,-9999.0000,-9999.0000,-9999.0000,-9999.0000,-9999.0000,-9999.0000,-9999.0000
2020-07-27,86,528.6987,609.1169,905.0848,867.6835,1451.9856,2439.0000,2707.0000,2715.8457,2950.0000,2795.8332,1782.2338
2020-07-27,86,580.8676,649.4086,925.0646,874.6271,1451.7422,2439.0000,2701.0000,2708.2135,2940.5847,2770.7439,1770.7400
2020-07-29,86,661.4807,789.7432,1053.1752,962.5885,1563.9078,2620.5296,2973.0825,2954.5767,3203.1887,2988.1142,1956.3508
2020-07-29,86,730.0000,833.5369,1069.2271,972.8561,1554.3504,2607.0000,2964.7659,2939.9870,3179.7015,2979.9072,1956.9499
2020-08-01,86,514.0000,633.5230,901.9277,827.1502,1412.2126,2450.0628,2786.5089,2785.1702,3012.0879,2747.8167,1797.0272
2020-08-01,86,603.0000,685.1107,925.6869,837.6202,1404.1312,2435.0000,2777.5539,2769.6573,2996.8414,2738.7074,1796.1181
2020-08-06,86,398.1792,459.0126,827.3098,659.7607,1386.6325,2748.7968,3060.1719,3043.0574,3299.6779,2491.9519,1458.7481
2020-08-06,86,448.5643,493.9102,835.7942,666.8327,1387.6604,2747.8131,3045.0055,3042.5945,3293.3698,2484.6951,1451.1651
2020-08-08,86,440.0000,557.5565,897.1506,715.6787,1436.0604,2813.9480,3161.4985,3274.7754,3387.4157,2644.3016,1605.9584
2020-08-08,86,528.0055,625.1523,925.7307,741.0856,1426.7229,2765.8066,3133.5455,3240.9921,3341.1178,2617.9448,1592.4788
2020-08-11,86,-9999.0000,-9999.0000,-9999.0000,-9999.0000,-9999.0000,-9999.0000,-9999.0000,-9999.0000,-9999.0000,-9999.0000,-9999.0000
2020-08-11,86,-9999.0000,-9999.0000,-9999.0000,-9999.0000,-9999.0000,-9999.0000,-9999.0000,-9999.0000,-9999.0000,-9999.0000,-9999.0000
2020-08-13,86,549.0000,521.4968,921.4043,770.9497,1542.0000,2929.4387,3172.0000,3186.4282,3445.0946,2733.4212,1720.9356
2020-08-13,86,694.0000,633.5938,973.4565,812.0322,1529.0249,2877.7165,3141.3755,3150.0000,3389.3643,2683.9574,1683.0991
2020-08-16,86,621.0000,561.5823,877.2792,763.0951,1395.6473,2605.6788,2900.5327,2912.0000,3153.9536,2388.3686,1508.3350
2020-08-16,86,653.0000,601.7128,897.7854,779.5909,1403.1169,2597.6886,2893.5890,2915.7375,3148.7942,2398.2807,1532.0051
2020-08-21,86,590.5853,674.5183,925.4662,852.4255,1397.1873,2386.0000,2714.3330,2683.3027,2954.3218,2514.3846,1713.7053
2020-08-21,86,617.0000,680.9497,932.5866,851.5506,1418.2981,2392.4305,2715.8330,2683.8961,2946.7683,2514.6369,1752.7117
2020-08-23,86,678.0000,698.6954,1019.9212,980.3537,1619.8980,2673.7251,2901.0847,2882.5793,3197.0000,2779.4239,1847.4167
2020-08-23,86,733.0000,754.7778,1043.3333,987.8238,1586.8668,2646.1963,2893.0000,2865.4376,3179.0785,2753.4658,1829.6607
2020-08-26,86,951.0000,1021.5446,1301.0659,1426.5376,1941.7289,2434.1048,2706.0258,2796.9270,3076.1896,3267.5902,2245.3924
2020-08-26,86,965.0000,1036.1716,1309.2139,1441.6707,1958.6448,2458.1695,2715.8896,2811.1870,3101.2043,3281.6896,2261.0863
2020-08-28,86,714.0000,884.4790,1195.1823,1499.2279,2009.5560,2353.7568,2627.5373,2689.7920,2980.7675,3668.1254,2661.8688
2020-08-28,86,802.0000,948.4616,1211.3991,1450.1215,1932.3792,2338.5250,2629.7790,2675.4088,2948.6272,3595.1599,2618.1922
2020-09-02,86,-9999.0000,-9999.0000,-9999.0000,-9999.0000,-9999.0000,-9999.0000,-9999.0000,-9999.0000,-9999.0000,-9999.0000,-9999.0000
2020-09-02,86,-9999.0000,-9999.0000,-9999.0000,-9999.0000,-9999.0000,-9999.0000,-9999.0000,-9999.0000,-9999.0000,-9999.0000,-9999.0000
2020-09-05,86,588.4149,665.6626,914.6911,955.1905,1459.4398,2114.6815,2306.9048,2323.6141,2490.5890,2786.9206,1956.2716
2020-09-05,86,652.0000,705.4819,939.7861,956.1242,1459.9781,2113.9789,2305.4423,2323.0594,2489.4788,2764.0229,1940.3939
2020-09-07,86,-9999.0000,-9999.0000,-9999.0000,-9999.0000,-9999.0000,-9999.0000,-9999.0000,-9999.0000,-9999.0000,-9999.0000,-9999.0000
2020-09-07,86,-9999.0000,-9999.0000,-9999.0000,-9999.0000,-9999.0000,-9999.0000,-9999.0000,-9999.0000,-9999.0000,-9999.0000,-9999.0000
2020-09-10,86,1115.0000,1228.5993,1428.0000,1325.1881,1841.1920,2485.0000,2743.0000,2722.1386,2889.1767,2577.7176,1964.3603
2020-09-10,86,1238.0000,1304.0000,1460.6667,1337.8154,1792.9423,2438.6111,2717.9137,2692.0000,2857.4605,2520.9862,1892.4390
2020-09-12,86,658.0000,683.1374,1003.3204,913.4322,1547.7636,2460.9755,2665.5893,2699.3810,2874.3163,2867.1972,1960.9678
2020-09-12,86,658.0000,699.0646,1013.1500,925.1631,1563.4271,2469.8313,2670.5488,2709.7638,2876.0056,2860.7523,1957.0981
2020-09-15,86,618.0000,810.0159,1109.1757,1212.0736,1546.0000,2134.4633,2311.0000,2323.8740,2444.0000,2667.4882,2092.2697
2020-09-15,86,631.0000,824.0000,1114.2154,1218.4751,1557.4548,2117.0715,2302.0000,2331.5870,2444.0000,2659.0773,2086.0000
2020-09-17,86,978.0000,1332.2968,1596.0000,1804.0000,2019.3438,2522.5597,2795.8785,2823.0831,2980.3848,2933.9980,2406.9067
2020-09-17,86,1047.0000,1347.4467,1570.4816,1746.1168,1988.8161,2484.9096,2777.6300,2795.5931,2938.9416,2907.3520,2378.4912
2020-09-20,86,775.0000,1193.0000,1476.6667,1699.4990,1931.5877,2174.0000,2393.7722,2403.5059,2528.6416,2780.9115,2663.3866
2020-09-20,86,866.0000,1214.0000,1492.0110,1707.0772,1936.0000,2178.0079,2369.3479,2395.2469,2539.0000,2774.1053,2689.0000
2020-09-25,86,936.0000,1093.1981,1305.1712,1451.4162,1694.0000,2349.8357,2554.4499,2508.4775,2737.3518,2261.1550,1614.6522
2020-09-25,86,915.0000,1116.5110,1324.2478,1453.5836,1701.0000,2353.6712,2555.0279,2507.4060,2728.0000,2262.3450,1622.5700
2020-09-30,86,797.0000,1046.0000,1265.4905,1410.1227,1651.7822,2097.1217,2270.5443,2307.0558,2381.4961,2195.9716,1826.0292
2020-09-30,86,858.0000,1072.8521,1280.6915,1419.2251,1642.8826,2099.4297,2275.0922,2315.1326,2387.0877,2185.9032,1811.0319
2020-10-07,86,688.0000,998.6667,1251.5483,1395.3342,1699.1247,2145.9436,2309.5756,2411.3161,2430.0000,2282.7898,1859.3057
2020-10-07,86,680.0000,1009.7698,1259.0000,1410.3576,1700.5219,2165.0000,2315.0000,2405.0130,2419.9903,2275.0700,1843.9698
2020-10-10,86,1119.0000,1312.0000,1516.2489,1506.4956,1832.6740,2284.7549,2472.0000,2476.9123,2571.6106,2268.5342,1890.6050
2020-10-10,86,1066.2702,1309.5028,1533.1161,1523.6996,1864.3357,2338.1349,2522.4832,2539.0267,2627.6097,2290.5832,1888.4090
2020-10-12,86,717.0000,929.0000,1236.4171,1365.0000,1707.9864,2261.0861,2376.5389,2519.0250,2533.3200,2251.1332,1730.0000
2020-10-12,86,724.0000,948.8082,1235.5348,1380.0000,1706.6577,2250.5818,2379.7184,2517.0683,2548.9129,2250.4369,1704.6029
2020-10-20,86,1422.0000,1677.5921,1844.3651,1757.3564,2113.3440,2564.6453,2709.9511,2786.9987,2792.7997,2237.0000,1795.9618
2020-10-22,86,-9999.0000,-9999.0000,-9999.0000,-9999.0000,-9999.0000,-9999.0000,-9999.0000,-9999.0000,-9999.0000,-9999.0000,-9999.0000
2020-10-25,86,634.0000,864.6418,1236.6115,1180.0069,1689.7562,2218.7397,2365.6985,2410.2433,2496.6321,2147.1550,1532.4495
2020-10-25,86,714.0000,912.5644,1267.5167,1188.7925,1682.3556,2219.0278,2363.0308,2403.3196,2491.7791,2138.5398,1547.4417
2020-10-30,86,-9999.0000,-9999.0000,-9999.0000,-9999.0000,-9999.0000,-9999.0000,-9999.0000,-9999.0000,-9999.0000,-9999.0000,-9999.0000
2020-11-04,86,737.0000,888.5265,1241.1954,1083.4946,1697.0000,2337.3111,2466.5623,2481.6830,2620.8186,2157.7391,1490.7366
2020-11-04,86,824.0000,945.7728,1285.1828,1108.9599,1721.8244,2384.9701,2513.3404,2514.5747,2652.6896,2165.6307,1483.6526
2020-11-06,86,400.6458,707.6064,1177.4286,1021.6558,1763.0015,2516.8007,2674.9986,2758.8307,2780.4830,2453.8169,1834.4881
2020-11-06,86,622.0000,865.7891,1235.0000,1075.0300,1739.1969,2405.5189,2570.3307,2652.0093,2666.0722,2388.9067,1803.0000
2020-11-09,86,596.9244,849.2023,1234.8581,1073.7161,1747.4458,2433.1621,2587.6191,2667.4615,2699.8490,2213.6452,1699.0000
2020-11-09,86,623.0000,873.4078,1250.8222,1083.8647,1732.2464,2420.7866,2586.9890,2683.1550,2706.7574,2205.6617,1659.8308
2020-11-11,86,505.0000,682.1290,1213.4384,1066.4617,1849.6767,2681.9235,2811.9518,2935.8002,2939.0406,2477.0000,1788.4168
2020-11-11,86,693.0000,841.2441,1273.9681,1098.6531,1811.0674,2588.9091,2692.1559,2827.0456,2820.2349,2418.0046,1765.5188
2020-11-19,86,414.2742,676.9180,1075.1091,869.6460,1513.7349,2241.9804,2412.1544,2532.9330,2506.2833,1929.5609,1340.8968
2020-11-19,86,430.4101,681.0962,1075.4763,859.5595,1520.7063,2282.9786,2427.9338,2540.9592,2532.6164,1933.2711,1345.6745
2020-11-21,86,430.0000,603.7988,1114.0000,955.2781,1744.9007,2651.8838,2794.1805,3079.6873,2906.7847,2374.0000,1634.0768
2020-11-21,86,644.0000,753.1527,1178.1786,1019.4077,1707.9442,2538.5576,2676.4154,2971.1529,2822.0911,2306.0000,1612.2728
2020-11-24,86,675.0000,797.3118,1170.6720,1042.9864,1720.0000,2388.4534,2538.8543,2682.7165,2685.3406,2308.0000,1603.0000
2020-11-24,86,606.0000,745.3744,1146.6704,1020.7688,1720.0651,2419.8119,2587.4400,2730.4944,2730.8640,2327.0000,1592.0000
2020-11-26,86,501.0000,837.8077,1228.0058,1091.1753,1844.6484,2588.4744,2755.5582,2940.8628,2922.0820,2401.1884,1660.7997
2020-11-26,86,742.0000,968.5611,1282.0000,1146.2775,1810.4916,2465.4069,2649.6371,2820.6294,2805.5475,2349.3489,1648.9608
2020-11-29,86,476.0000,778.3389,1131.2944,1058.9584,1738.0000,2402.5045,2572.3063,2748.2389,2766.0000,2385.9487,1794.8518
2020-11-29,86,469.0000,730.8422,1123.7233,1036.8163,1721.0000,2419.6742,2620.1360,2755.0461,2796.9093,2398.0000,1804.0000
2020-12-01,86,174.0000,188.7164,223.0000,144.0000,214.0000,275.0000,274.0000,264.0000,268.0000,167.0000,112.0000
2020-12-01,86,199.0000,200.5860,232.0000,145.0000,206.0000,277.0000,265.0000,273.0000,263.0000,165.0000,117.0000
2020-12-19,86,615.0000,873.2250,1129.3033,1089.3307,1597.7987,2148.5939,2290.0482,2362.8196,2420.5657,2114.2357,1505.2962
2020-12-19,86,617.0000,873.5204,1145.6357,1097.2874,1650.4109,2212.0000,2355.1088,2410.9975,2474.8944,2140.0000,1520.8296
2020-12-26,86,-9999.0000,-9999.0000,-9999.0000,-9999.0000,-9999.0000,-9999.0000,-9999.0000,-9999.0000,-9999.0000,-9999.0000,-9999.0000
2020-12-26,86,-9999.0000,-9999.0000,-9999.0000,-9999.0000,-9999.0000,-9999.0000,-9999.0000,-9999.0000,-9999.0000,-9999.0000,-9999.0000
2020-12-31,86,522.0000,672.6697,1051.6187,1027.9760,1650.6604,2370.0655,2516.9588,2689.3899,2724.6762,2101.2733,1377.5913
2020-12-31,86,525.0000,677.5987,1059.2337,1029.0737,1676.1030,2386.5754,2530.3460,2711.1837,2730.9410,2131.0570,1400.0000
2021-01-03,86,441.0000,617.0000,994.7603,988.0652,1576.9034,2211.5925,2355.6994,2467.0632,2515.4947,1900.7946,1220.0000
2021-01-03,86,538.0000,705.6296,1041.9901,1026.7743,1604.7630,2214.4876,2351.0000,2476.3978,2523.2970,1889.4489,1243.0000
2021-01-08,86,397.0000,677.4112,980.0657,971.4052,1499.7965,2139.6150,2277.1709,2467.3525,2411.5801,1881.5613,1374.9724
2021-01-08,86,427.0000,713.7431,1003.5692,980.3530,1523.3461,2165.4734,2299.2122,2492.2364,2433.9112,1889.4642,1373.1997
2021-01-13,86,454.0000,626.1138,953.1558,947.4724,1473.3855,2054.3133,2179.0400,2387.6091,2357.1639,2032.0000,1346.0118
2021-01-13,86,535.0000,661.7617,971.0000,961.2384,1506.6053,2067.0211,2211.8300,2403.8216,2380.0963,2033.6218,1348.9939
2021-01-18,86,-9999.0000,-9999.0000,-9999.0000,-9999.0000,-9999.0000,-9999.0000,-9999.0000,-9999.0000,-9999.0000,-9999.0000,-9999.0000
2021-02-09,86,-9999.0000,-9999.0000,-9999.0000,-9999.0000,-9999.0000,-9999.0000,-9999.0000,-9999.0000,-9999.0000,-9999.0000,-9999.0000
2021-02-14,86,387.0000,665.8191,987.2215,1065.3770,1603.3153,2348.8711,2491.3333,2794.5259,2642.6224,2475.6469,1727.0000
2021-02-14,86,594.0000,779.0000,1043.4830,1097.9981,1593.2483,2285.1888,2430.2507,2721.7075,2587.0370,2444.1978,1708.1534
2021-02-17,86,1114.0000,1208.0000,1293.3534,1253.0472,1597.6566,2018.3289,2155.5365,2267.5016,2283.6632,2241.4718,1665.9674
2021-02-17,86,1125.0000,1202.0000,1288.9358,1257.0944,1617.2552,2048.7108,2188.9482,2306.4517,2332.3032,2237.4610,1673.0642
2021-02-22,86,-9999.0000,-9999.0000,-9999.0000,-9999.0000,-9999.0000,-9999.0000,-9999.0000,-9999.0000,-9999.0000,-9999.0000,-9999.0000
2021-02-24,86,638.0323,914.0763,1240.6312,1278.0000,1768.0000,2396.7205,2538.5913,2690.8979,2626.8596,2510.2276,1861.4147
2021-02-24,86,683.0000,937.8347,1252.9798,1281.0262,1778.0000,2376.7618,2531.0753,2676.6667,2626.8421,2501.0370,1869.3161
2021-02-27,86,679.0000,922.0979,1250.2064,1282.5756,1797.7493,2490.0276,2664.6017,2739.6847,2762.7680,2560.8067,2010.5428
2021-02-27,86,716.0000,944.3602,1274.4348,1300.3355,1816.0000,2514.1667,2681.5162,2787.3677,2806.0000,2552.5943,2001.5429
2021-03-01,86,611.0000,716.5494,1091.6663,1256.6776,1842.0000,2594.3682,2723.0000,2837.6461,2887.0000,2851.9780,2171.6926
2021-03-01,86,648.0038,738.7332,1094.5867,1258.0127,1843.6904,2568.0000,2707.7723,2805.6249,2890.5345,2858.9486,2173.0000
2021-03-04,86,1177.0000,1312.4755,1532.0825,1725.1534,1938.0000,2122.6082,2202.0000,2288.8239,2281.0000,2668.5847,2339.0000
2021-03-04,86,1331.0000,1400.5173,1584.2330,1741.3786,1941.5370,2130.0000,2222.2189,2308.1562,2295.0000,2649.0000,2355.0579
2021-03-06,86,996.3975,1396.2070,1723.2749,2076.2286,2233.3655,2285.7951,2372.7741,2611.6367,2481.6460,3154.9443,3060.1208
2021-03-06,86,1059.0000,1418.0182,1721.5462,2050.4750,2220.8407,2281.4280,2364.9298,2594.6826,2465.6381,3137.4211,3044.1807
2021-03-09,86,1064.0000,1345.0701,1576.9982,1869.6521,2046.2560,2109.2916,2198.6293,2354.2367,2289.8299,2872.9873,2845.6803
2021-03-09,86,1033.9329,1353.3990,1600.4348,1908.0849,2077.2315,2137.2881,2221.0754,2379.0585,2314.0619,2915.0000,2859.0245
2021-03-16,86,1040.0000,1403.4248,1699.0312,2099.0417,2299.0086,2337.0261,2428.7007,2650.6921,2529.0000,3210.7708,3101.0158
2021-03-16,86,1060.0000,1418.5822,1691.4211,2074.1473,2266.7305,2330.0000,2425.4495,2634.6097,2521.0000,3195.2952,3083.5594
2021-03-19,86,766.0000,1018.0792,1236.8905,1539.5594,1705.2604,1790.0000,1873.4747,2027.7684,1968.8669,2488.5000,2378.7751
2021-03-19,86,810.1995,1049.0531,1252.3837,1539.7906,1705.9826,1788.7536,1875.0000,2026.9400,1977.1303,2484.9623,2378.0000
2021-03-21,86,-9999.0000,-9999.0000,-9999.0000,-9999.0000,-9999.0000,-9999.0000,-9999.0000,-9999.0000,-9999.0000,-9999.0000,-9999.0000
2021-03-21,86,-9999.0000,-9999.0000,-9999.0000,-9999.0000,-9999.0000,-9999.0000,-9999.0000,-9999.0000,-9999.0000,-9999.0000,-9999.0000
2021-03-24,86,1081.0000,1360.9624,1707.7064,2059.4276,2209.6263,2253.4275,2322.3627,2500.6037,2443.9990,3034.4486,2834.5181
2021-03-24,86,1101.0000,1380.2505,1722.4948,2057.6464,2200.9924,2257.0526,2326.0000,2490.4871,2445.3183,3033.4372,2834.4827
2021-03-26,86,1314.0327,1620.5747,1909.0670,2218.7595,2426.4861,2496.0000,2612.6326,2763.1209,2690.4720,3362.3238,3292.6867
2021-03-26,86,1341.8346,1632.5917,1909.0375,2202.4408,2428.4933,2488.9857,2602.0707,2746.7370,2685.0000,3369.5528,3296.8557
2021-03-29,86,1267.0000,1520.7317,1781.5589,2035.3633,2229.0000,2341.5883,2453.9711,2522.8053,2529.5343,3042.7501,2973.2840
2021-03-29,86,1284.5827,1553.3060,1816.5714,2074.0203,2264.9847,2360.0829,2468.7045,2545.7111,2545.0748,3068.1939,2981.1300
2021-03-31,86,1349.9165,1620.7892,1995.6154,2339.7302,2516.2526,2604.8973,2682.1960,2796.6620,2785.5545,3417.0000,3219.5536
2021-03-31,86,1362.9543,1597.4845,1938.0337,2258.8180,2465.9323,2566.6983,2649.8931,2762.0000,2752.4107,3373.0000,3203.3984
2021-04-03,86,1085.0000,1317.0215,1620.9063,1962.6205,2138.7877,2237.7746,2333.0083,2467.4686,2453.3949,3044.0572,2853.3049
2021-04-03,86,1124.6392,1336.9215,1628.6962,1948.2222,2125.8608,2238.1033,2329.4741,2459.8578,2441.0081,3017.0190,2845.1737
2021-04-05,86,1297.0000,1681.3734,2033.9618,2427.4564,2643.9885,2708.6700,2825.1194,3008.3181,2946.1052,3782.0000,3773.6872
2021-04-05,86,1324.8855,1697.3582,2051.1212,2426.9787,2634.1364,2713.8130,2826.4874,3019.4785,2936.2824,3781.0000,3771.3372
2021-04-08,86,1164.0107,1484.0668,1792.6570,2154.3189,2291.7108,2389.3219,2494.6500,2731.3031,2606.6642,3219.1350,3171.1054
2021-04-08,86,1207.0000,1504.8701,1800.9153,2155.2716,2283.0000,2389.0697,2485.5390,2731.2910,2603.0000,3219.7600,3164.0000
2021-04-10,86,1549.9295,1811.1317,2187.2608,2570.0000,2764.6264,2813.8221,2882.5351,3051.8457,3013.1187,3667.8970,3451.4095
2021-04-10,86,1547.0000,1772.6733,2130.4173,2491.3958,2690.7594,2773.1863,2850.1445,3018.2553,2964.1851,3619.3710,3427.5617
2021-04-15,86,1000.6779,1264.0000,1429.1328,1692.8043,1873.1682,1962.0532,2067.0000,2218.9943,2145.7134,2305.5301,1888.1058
2021-04-15,86,1020.2746,1282.0000,1444.3233,1704.8678,1873.1342,1965.3123,2070.6781,2218.3272,2162.0000,2304.8583,1893.0000
2021-04-20,86,-9999.0000,-9999.0000,-9999.0000,-9999.0000,-9999.0000,-9999.0000,-9999.0000,-9999.0000,-9999.0000,-9999.0000,-9999.0000
2021-04-20,86,-9999.0000,-9999.0000,-9999.0000,-9999.0000,-9999.0000,-9999.0000,-9999.0000,-9999.0000,-9999.0000,-9999.0000,-9999.0000
2021-04-23,86,1451.5142,1739.0123,2184.8838,2583.3833,2896.4719,2971.1377,3064.7769,3205.6747,3181.2211,3786.8773,3413.7061
2021-04-23,86,1417.0000,1690.5353,2106.9692,2483.5242,2767.0000,2900.0721,2995.7763,3130.4957,3123.3875,3715.5063,3387.0000
2021-04-25,86,1623.0000,2059.2472,2532.2325,2905.7949,3268.0000,3400.9548,3546.6924,3690.8752,3657.9605,4420.0000,4245.2614
2021-04-25,86,1601.0000,1988.5676,2426.8452,2791.7985,3153.6600,3314.5087,3477.9886,3608.5295,3584.0000,4345.2396,4215.5411
2021-04-28,86,1264.0000,1563.6981,1907.9689,2181.4167,2435.5583,2598.6392,2725.9617,2791.6439,2819.1026,3222.5869,3014.2603
2021-04-28,86,1302.0000,1569.7136,1907.5901,2168.3005,2377.1306,2600.9911,2709.4272,2774.6426,2794.6586,3207.0037,2981.7476
2021-04-30,86,1227.0000,1466.0000,1772.0000,1940.0000,2319.0000,2677.0000,2824.0000,2864.0000,2942.0000,3058.0000,2349.0000
2021-04-30,86,-9999.0000,-9999.0000,-9999.0000,-9999.0000,-9999.0000,-9999.0000,-9999.0000,-9999.0000,-9999.0000,-9999.0000,-9999.0000
2021-05-03,86,1114.0000,1370.2945,1747.4960,2070.7003,2332.0615,2580.4747,2697.1731,2843.2461,2818.5273,3283.6268,2869.3293
2021-05-03,86,1155.0000,1379.4238,1754.5926,2050.6378,2322.9241,2578.6801,2702.5823,2833.3922,2825.9523,3275.3387,2871.0714
2021-05-05,86,-9999.0000,-9999.0000,-9999.0000,-9999.0000,-9999.0000,-9999.0000,-9999.0000,-9999.0000,-9999.0000,-9999.0000,-9999.0000
2021-05-05,86,-9999.0000,-9999.0000,-9999.0000,-9999.0000,-9999.0000,-9999.0000,-9999.0000,-9999.0000,-9999.0000,-9999.0000,-9999.0000
2021-05-08,86,916.6834,1234.0755,1611.8633,1931.5405,2161.5252,2364.5366,2499.0887,2611.2044,2604.2959,2925.2592,2444.1558
2021-05-08,86,962.0000,1237.2119,1578.0000,1882.9357,2119.0000,2342.0000,2482.8350,2596.0942,2601.5426,2858.3154,2435.6234
2021-05-10,86,1665.4078,1914.8819,2423.3719,2810.4850,3211.3651,3450.4220,3554.0000,3570.0000,3755.6962,4329.1095,3964.2499
2021-05-10,86,1623.0000,1859.9016,2358.0896,2726.7299,3128.3657,3387.2773,3507.6836,3506.8345,3687.0000,4281.8891,3893.5744
2021-05-13,86,1164.6279,1337.2652,1612.7401,1826.2718,2065.2257,2209.0238,2329.6692,2354.4123,2429.3652,2241.6454,1815.0000
2021-05-13,86,1140.6301,1333.1629,1625.1733,1850.7607,2069.0463,2221.3244,2345.5246,2376.3481,2446.0000,2248.0000,1798.0059
2021-05-15,86,881.0000,1072.0000,1280.0000,1432.0000,1717.0000,1971.0000,2157.0000,1906.0000,2294.0000,2106.0000,1748.0000
2021-05-15,86,921.0000,1072.0000,1296.0000,1440.0000,1699.0000,1986.0000,2154.0000,1876.0000,2236.0000,1987.0000,1664.0000
2021-05-18,86,1126.0000,1434.2942,1818.9158,2155.2944,2451.1886,2573.3746,2702.8961,2810.5657,2826.6254,3331.4056,2980.7873
2021-05-18,86,1149.2260,1435.4229,1811.0425,2130.0387,2428.0137,2556.1497,2691.1903,2803.0785,2811.4633,3315.9956,2963.5702
2021-05-20,86,1220.6782,1427.0510,1818.0823,2145.0940,2475.9170,2569.0000,2651.4452,2770.5893,2779.3858,3243.2876,2713.6643
2021-05-20,86,1214.5961,1402.0884,1779.0665,2090.4722,2436.7221,2550.1679,2645.0282,2763.0972,2779.2683,3211.3538,2707.1990
2021-05-23,86,2092.0000,2275.4953,2601.9809,2715.6357,3139.8805,3318.0755,3429.5827,3461.5319,3537.7737,3283.8782,2924.6194
2021-05-23,86,2173.0000,2355.2395,2690.0152,2794.8492,3234.4451,3425.4235,3545.7105,3576.0000,3649.2441,3325.4458,2941.1244
2021-05-25,86,1468.0000,1674.9995,2050.7692,2231.8778,2645.2938,2995.0000,3229.0000,3163.8066,3323.0000,3059.2194,2233.9886
2021-05-25,86,1442.0000,1658.7736,2040.7370,2230.0347,2644.7622,2929.2294,3224.4255,3139.8248,3333.5782,3101.0000,2264.0000
2021-05-28,86,1077.2440,1395.1192,1818.5255,2074.9391,2442.9324,2626.4341,2748.3878,2850.5375,2859.7319,3281.6293,2842.8516
2021-05-28,86,1093.6611,1371.3468,1770.9753,2003.2296,2370.9078,2574.2123,2714.2317,2812.2070,2829.0657,3225.0429,2820.2256
2021-05-30,86,1720.0000,1910.9294,2341.4865,2791.0790,3046.8785,3256.0000,3431.0000,3397.0273,3597.0000,4243.5477,3974.4503
2021-05-30,86,1649.0000,1863.0345,2278.7333,2724.8508,2950.0862,3316.0000,3451.0000,3360.2570,3579.8668,4212.7163,3958.7934
2021-06-02,86,1775.0000,1959.1798,2422.1928,2869.9933,3253.3187,3464.0000,3498.5860,3494.2305,3707.0000,4354.5060,4056.6733
2021-06-02,86,1674.0000,1897.1349,2327.0496,2743.5159,3103.0000,3403.0000,3523.0000,3442.8739,3626.7720,4279.4476,4007.5000
2021-06-04,86,1644.9132,1908.1788,2249.7278,2519.9321,2824.0000,3128.0000,3328.0000,3230.0000,3429.0000,3657.5668,3476.7848
2021-06-04,86,1663.0000,1971.2966,2320.0000,2598.0896,2932.0000,3137.3287,3359.0000,3256.0000,3509.0000,3681.8160,3498.5612
2021-06-07,86,1657.0000,1827.3723,2147.8055,2405.9192,2706.7789,2877.3407,3053.0000,2999.7523,3125.5061,3289.7776,2792.1855
2021-06-07,86,1706.0087,1875.0175,2214.0881,2440.8403,2745.9852,2907.0334,3080.4108,3016.7235,3181.6226,3270.9147,2741.7833
2021-06-09,86,1929.4557,2275.5125,2869.4188,3287.2176,3719.8089,3981.7917,4083.6747,4122.6126,4262.0000,4982.6460,4572.2374
2021-06-09,86,2072.0582,2421.8313,3030.8646,3444.4938,3911.2264,4117.0000,4212.1989,4232.8824,4363.4417,5074.6414,4617.1808
2021-06-12,86,1898.3702,2409.5366,2985.1439,3301.8559,3671.4808,3906.9908,4045.5354,4042.5598,4180.4433,4452.8563,3928.4780
2021-06-12,86,1832.0000,2227.7797,2775.9565,3081.9857,3463.9545,3756.5689,3914.1239,3914.1587,4069.7828,4359.3001,3879.5470
2021-06-14,86,1335.0000,2108.0262,2629.5670,2901.3249,3098.5527,3504.0000,3765.0000,3914.2255,3891.5673,4392.1481,4155.0000
2021-06-14,86,1409.0000,2167.9677,2707.5358,3015.2197,3184.0000,3587.0000,3864.0000,3962.0000,3921.0000,4375.9833,4135.8843
2021-06-17,86,1180.0000,2069.1034,2610.7156,2884.0000,2970.0000,3390.0000,3576.0000,3731.0000,3751.0000,4032.0000,3829.0000
2021-06-17,86,1204.0000,1860.0000,2300.0000,2613.9253,2705.9479,3261.0000,3440.0000,3560.0000,3630.4447,3927.1363,3653.5228
2021-06-19,86,1254.0000,1744.0000,2188.3973,2354.6327,2548.0000,3099.4552,3282.0000,3296.5771,3448.0000,3505.0000,3069.0000
2021-06-19,86,1268.0000,1744.7353,2220.0000,2364.0000,2557.0000,3085.0000,3313.3533,3305.3736,3448.3194,3449.3125,3034.0000
2021-06-22,86,1140.1344,1900.0000,2425.7866,2587.1583,2703.0000,3435.3097,3632.8534,3761.7057,3794.0000,3736.0000,3262.0000
2021-06-22,86,1184.0000,1806.0000,2343.7484,2520.3874,2637.0000,3372.0000,3660.0000,3716.2396,3796.4875,3715.8078,3222.9162
2021-06-24,86,1195.0385,1924.5749,2412.0000,2600.0000,2801.0000,3488.0000,3788.3006,3845.3953,3909.0000,3987.0000,3625.5466
2021-06-24,86,1230.0000,1944.0000,2454.6537,2597.6306,2833.0000,3465.0000,3841.0000,3860.5772,3963.2414,3975.2925,3548.0000
2021-06-27,86,1807.0000,1886.0000,2258.3543,2282.0000,2676.0000,3337.0000,3746.0000,3805.0874,3885.0000,3292.0000,2790.0000
2021-06-27,86,1910.7502,2276.0000,2622.0000,2651.2703,2986.6418,3723.5166,4074.0000,4100.0000,4204.1466,3489.8324,3024.0000
2021-06-29,86,1210.0000,1658.2590,2218.8789,2311.7704,2691.7343,3547.0000,3835.0000,3892.0000,3932.0000,3718.9417,3048.0108
2021-06-29,86,1213.0000,1673.4495,2234.5173,2310.6282,2688.0000,3550.2025,3842.0000,3906.9793,3988.0000,3738.7332,3028.8931
2021-07-02,86,973.0000,1438.0000,1948.1829,2039.0793,2491.2501,3381.0000,3691.7067,3848.0381,3825.0000,3567.0000,2961.0000
2021-07-02,86,1008.0000,1457.7152,1970.1455,2020.0364,2402.8494,3369.4416,3702.0000,3873.8341,3893.4917,3561.0000,2957.0000
2021-07-04,86,1325.0000,1618.7927,2042.5779,2009.9777,2517.5627,3553.0000,4105.0000,4122.5430,4291.0000,3820.4679,3161.0000
2021-07-07,86,598.4673,788.0368,1171.4827,1110.0000,1553.6086,2698.0000,3153.0000,3107.8710,3235.3298,2675.4272,2017.4865
2021-07-07,86,641.0947,821.1567,1172.3778,1107.7382,1598.0052,2674.7632,3133.6392,3098.7582,3227.5509,2658.6626,2006.8680
2021-07-09,86,750.3404,914.6337,1337.2187,1290.1331,1827.8716,3465.5374,3948.1873,4036.3604,4085.9841,3175.0000,2313.9319
2021-07-09,86,813.0000,931.5779,1338.3488,1275.1812,1829.0000,3412.4410,3876.6464,3962.4519,4029.0000,3142.4838,2295.0000
2021-07-12,86,647.0000,787.6580,1219.8275,1128.7574,1667.7921,3306.1739,3924.2894,3868.6297,4075.7369,2853.3413,1961.2308
2021-07-12,86,770.0000,859.4322,1226.9772,1161.4974,1659.0849,3229.3149,3843.7714,3788.3887,3988.4322,2820.4451,1948.6336
2021-07-14,86,-9999.0000,-9999.0000,-9999.0000,-9999.0000,-9999.0000,-9999.0000,-9999.0000,-9999.0000,-9999.0000,-9999.0000,-9999.0000
2021-07-19,86,1308.0000,1202.9677,1562.1779,1459.6837,2066.8423,4218.0000,5132.0000,5333.8515,5364.3418,3684.0214,2470.0000
2021-07-19,86,1347.0000,1212.9942,1577.6811,1495.1829,2154.0000,4267.0000,5163.3998,5336.1652,5473.8708,3964.4004,2581.7710
2021-07-22,86,617.0000,682.9635,979.6219,856.0861,1320.1936,3077.0000,3900.2547,3843.2114,4115.9904,2518.8604,1637.5295
2021-07-22,86,675.0000,723.3569,1012.3855,870.2609,1323.8949,3060.0000,3865.8483,3811.1377,4073.7105,2499.9030,1627.0409
2021-07-24,86,1074.7369,1101.5470,1309.5815,1162.8696,1548.7864,2941.3727,3761.6446,3696.8416,3904.0000,2494.8330,1736.3309
2021-07-24,86,965.0000,996.0881,1275.8566,1131.9159,1532.3186,3100.3421,4007.0000,3948.2922,4154.2800,2564.5927,1733.8192
2021-07-29,86,493.0000,539.5326,834.9792,732.5157,1173.0000,3036.8045,3730.4646,3715.4706,3924.8088,2372.5204,1446.8696
2021-07-29,86,595.0000,610.8855,875.8458,755.1535,1188.0000,2972.8907,3661.5744,3636.4028,3835.7015,2338.1751,1446.1458
2021-08-01,86,397.5100,619.3384,872.2486,788.7854,1207.3287,2683.1241,3336.8754,3355.1280,3459.0000,1928.0435,1126.4446
2021-08-01,86,381.4588,579.9743,868.8773,773.6252,1209.8298,2709.0021,3369.6867,3397.4094,3514.4922,1991.0000,1144.2173
2021-08-03,86,502.2049,627.2328,915.3821,789.6545,1272.8263,3129.9417,4028.0000,4028.4738,4155.9181,2442.0978,1530.5629
2021-08-03,86,579.0000,666.9202,931.2100,808.4868,1289.2153,3082.4177,3929.0000,3986.2042,4114.2596,2409.4327,1524.1308
2021-08-06,86,430.0000,547.3936,811.2829,675.6987,1109.9429,2830.0000,3642.7801,3651.2289,3794.4089,2155.4316,1334.6284
2021-08-06,86,466.0000,579.2521,827.8795,692.6671,1129.4710,2822.5335,3657.8235,3650.2502,3804.0192,2151.3472,1351.8265
2021-08-08,86,-9999.0000,-9999.0000,-9999.0000,-9999.0000,-9999.0000,-9999.0000,-9999.0000,-9999.0000,-9999.0000,-9999.0000,-9999.0000
2021-08-11,86,541.8919,611.6735,906.7613,808.7981,1283.4585,2856.9873,3563.8048,3562.0910,3803.9337,2342.3359,1464.2388
2021-08-11,86,605.8221,643.4876,931.7156,823.0433,1283.2287,2854.0000,3564.9112,3563.4013,3795.6473,2324.7190,1463.8140
2021-08-13,86,-9999.0000,-9999.0000,-9999.0000,-9999.0000,-9999.0000,-9999.0000,-9999.0000,-9999.0000,-9999.0000,-9999.0000,-9999.0000
2021-08-13,86,879.0000,1021.2640,1211.4325,1084.0048,1474.3590,2554.7258,3173.0433,3132.8817,3308.4997,1994.8067,1398.1992
2021-08-16,86,516.0000,699.7621,1010.3185,936.2084,1418.0366,2739.8627,3414.8207,3405.4730,3652.6064,2388.2883,1623.9502
2021-08-16,86,593.0000,739.5270,1035.6984,952.9100,1435.0000,2718.8600,3388.2691,3371.2964,3622.0000,2408.6081,1607.9228
2021-08-18,86,601.0000,690.1395,1074.7146,1013.7448,1561.1022,3067.5697,3619.3313,3747.6951,3859.0194,2601.4735,1732.4325
2021-08-18,86,673.8752,739.8119,1098.3272,1014.7457,1559.0000,3009.4807,3555.9860,3682.3211,3795.2998,2602.2517,1734.3485
2021-08-21,86,624.1290,731.2773,1058.5234,1029.9036,1540.2175,2789.3475,3330.8496,3386.0639,3619.2431,2516.5163,1674.0929
2021-08-21,86,725.7479,803.7446,1091.0385,1047.3727,1539.5617,2734.0000,3276.4857,3315.3671,3547.5604,2525.7572,1668.0905
2021-08-26,86,581.0000,763.1038,1083.1774,1080.2515,1588.3727,2730.9606,3274.7047,3348.0204,3532.7576,2518.1700,1766.9796
2021-08-26,86,594.0489,770.9226,1099.9135,1081.0684,1595.0503,2733.8549,3275.5832,3346.9314,3537.8336,2518.6743,1784.6281
2021-08-28,86,-9999.0000,-9999.0000,-9999.0000,-9999.0000,-9999.0000,-9999.0000,-9999.0000,-9999.0000,-9999.0000,-9999.0000,-9999.0000
2021-08-28,86,-9999.0000,-9999.0000,-9999.0000,-9999.0000,-9999.0000,-9999.0000,-9999.0000,-9999.0000,-9999.0000,-9999.0000,-9999.0000
2021-08-31,86,-9999.0000,-9999.0000,-9999.0000,-9999.0000,-9999.0000,-9999.0000,-9999.0000,-9999.0000,-9999.0000,-9999.0000,-9999.0000
2021-08-31,86,-9999.0000,-9999.0000,-9999.0000,-9999.0000,-9999.0000,-9999.0000,-9999.0000,-9999.0000,-9999.0000,-9999.0000,-9999.0000
2021-09-02,86,969.0000,1467.1961,1876.8443,2213.7510,2702.0906,3050.0097,3258.2620,3395.4699,3478.6094,4041.6287,3525.0000
2021-09-02,86,1026.0000,1436.2307,1827.3671,2138.9100,2645.0000,2987.5527,3212.3095,3339.7632,3413.4412,3964.0000,3485.0195
2021-09-05,86,948.0000,1346.6348,1745.8520,2083.5100,2513.9314,2779.0714,2963.0000,3098.7638,3165.0341,3756.2599,3366.3412
2021-09-05,86,964.0000,1348.6366,1737.1556,2082.7838,2502.0000,2778.4176,2947.2477,3083.6378,3149.3419,3735.4726,3347.0718
2021-09-07,86,1138.6793,1505.9272,1980.4807,2375.6597,2890.0000,3228.0246,3396.6320,3539.2572,3625.5225,4089.5094,3444.7500
2021-09-07,86,1213.0000,1490.9272,1922.6685,2291.2453,2787.0000,3155.4055,3331.4522,3473.3293,3564.3579,4039.6824,3395.6705
2021-09-10,86,1029.0945,1449.2136,1931.5116,2518.1563,2932.5702,3171.5967,3364.7136,3506.3918,3599.0000,4228.5055,3288.7577
2021-09-10,86,1060.0000,1459.3114,1906.9035,2452.8793,2876.0000,3123.4568,3298.4979,3464.0000,3547.0000,4189.4709,3276.4097
2021-09-12,86,1073.0000,1554.1107,2011.3116,2582.8915,3018.1646,3211.2943,3468.4276,3554.6256,3654.0000,4509.0000,3668.3799
2021-09-12,86,1097.2398,1530.7213,1954.6347,2481.7268,2914.1065,3126.0000,3371.1737,3473.5691,3563.9025,4418.8795,3620.7037
2021-09-20,86,685.0000,881.0994,1197.7511,1489.7733,1748.9919,2001.7897,2144.8920,2212.9146,2345.1171,3026.4481,2469.0000
2021-09-20,86,663.0000,901.1555,1203.6559,1506.5411,1753.8505,2006.0000,2148.7878,2212.9768,2334.0943,3024.5919,2483.5690
2021-09-22,86,1214.0000,1597.6784,1905.4486,2092.8209,2459.0000,2740.0180,2938.7189,3059.5665,3098.8935,3476.3126,3077.1710
2021-09-25,86,1296.0000,1622.0000,1948.1686,2178.0000,2555.2199,2949.0000,3168.0000,3392.6460,3428.8665,4067.1076,3655.1100
2021-09-25,86,1363.5270,1576.2770,1882.0984,2082.1801,2467.0000,2819.9229,3075.8620,3152.7681,3326.5024,4039.7785,3643.4534
2021-09-27,86,954.7003,989.8761,1146.3090,1194.6900,1400.8186,1642.4343,1709.9464,1674.7762,1777.7882,1682.8613,1259.0000
2021-09-27,86,1017.0000,1026.0000,1163.0807,1202.3156,1400.2799,1626.3186,1723.0396,1657.1132,1779.1525,1670.0000,1261.0000
2021-09-30,86,684.0000,924.1149,1274.4589,1466.5766,1851.7618,2253.6912,2413.1993,2475.8217,2578.6607,3129.8635,2754.7541
2021-09-30,86,742.0000,955.6832,1274.5328,1467.7141,1827.7275,2214.0000,2394.1741,2468.0481,2562.3171,3115.4903,2740.1014
2021-10-02,86,1732.0000,1996.0000,2157.6667,2195.6211,2533.0000,2805.0000,2965.0249,3084.0000,3040.0000,3021.2932,2715.1391
2021-10-05,86,-9999.0000,-9999.0000,-9999.0000,-9999.0000,-9999.0000,-9999.0000,-9999.0000,-9999.0000,-9999.0000,-9999.0000,-9999.0000
2021-10-10,86,-9999.0000,-9999.0000,-9999.0000,-9999.0000,-9999.0000,-9999.0000,-9999.0000,-9999.0000,-9999.0000,-9999.0000,-9999.0000
2021-10-10,86,-9999.0000,-9999.0000,-9999.0000,-9999.0000,-9999.0000,-9999.0000,-9999.0000,-9999.0000,-9999.0000,-9999.0000,-9999.0000
2021-10-15,86,1036.0000,1404.5934,1747.0501,1939.0059,2290.5695,2678.0000,2869.0000,3074.4076,3060.6747,3457.5290,3094.0000
2021-10-15,86,1050.0000,1427.4393,1757.1113,1930.8905,2230.8930,2623.0000,2856.0000,3068.0000,3038.0000,3436.3420,3097.0729
2021-10-17,86,1117.0000,1360.7536,1746.8134,1976.0000,2385.4519,2764.3789,2882.9742,3142.0000,3098.0000,3712.0000,3202.0000
2021-10-17,86,1095.0000,1379.1974,1754.0775,1969.0521,2349.0687,2716.0000,2842.2284,3130.0139,3094.9799,3722.6563,3254.1502
2021-10-27,86,1132.2337,1344.8521,1739.5172,1976.2237,2343.0000,2714.4351,2843.0000,2951.8255,3077.7067,3715.1113,3287.1365
2021-10-27,86,1056.0000,1372.0000,1754.0000,2005.0705,2329.0000,2709.0000,2825.0000,2977.3868,3062.0000,3723.9212,3288.2797
2021-10-30,86,977.0000,1059.5233,1227.2562,1316.9461,1491.3932,1692.1226,1813.4331,1827.6420,1907.0658,2001.0000,1626.4993
2021-10-30,86,1041.0000,1089.4314,1259.2521,1338.6059,1528.7430,1753.4499,1837.7616,1859.2214,1923.2985,2020.9853,1650.5025
2021-11-04,86,373.0295,635.5190,834.5880,1027.3525,1256.0000,1467.1235,1618.6243,1559.5545,1804.0000,1917.5691,1662.1689
2021-11-04,86,286.0000,554.8647,780.8013,1003.7705,1240.0000,1500.1384,1635.5559,1544.3337,1814.6641,1958.0000,1669.0000
2021-11-06,86,610.1227,843.8563,1202.6920,1467.1764,1868.6938,2083.6959,2185.9317,2275.2809,2355.5354,2914.1312,2379.0254
2021-11-06,86,761.0000,954.5917,1249.8805,1451.6814,1819.7917,2035.7634,2130.5453,2228.0479,2282.9725,2836.3310,2323.3480
2021-11-11,86,765.5702,1122.4206,1411.0000,1594.6667,2003.7591,2177.6942,2348.0570,2354.9076,2467.0116,3019.4243,2586.0775
2021-11-11,86,814.0000,1168.8222,1427.6265,1594.9958,1994.5989,2163.8767,2324.0736,2337.8151,2452.1416,3010.4664,2582.1817
2021-11-19,86,794.4986,1001.5098,1275.9434,1419.1234,1743.0000,1941.6990,2037.0407,2099.5280,2155.9413,2493.0531,1956.5987
2021-11-19,86,808.0000,1006.3731,1283.0371,1418.1180,1742.2746,1957.6119,2060.9166,2114.7945,2187.1711,2500.0271,1965.5479
2021-11-24,86,504.0000,844.3668,1131.8125,1298.9073,1658.8202,1899.2586,2001.6897,2162.3224,2148.3415,2540.0875,2227.0695
2021-11-24,86,492.0000,835.8922,1123.9037,1290.1163,1662.5423,1875.8547,2004.4745,2155.2137,2148.4359,2530.3659,2194.9348
2021-11-29,86,569.0000,853.0536,1217.8725,1416.7548,1849.5014,2214.9529,2314.3439,2522.1849,2481.7301,2733.2242,2172.4014
2021-11-29,86,584.0000,861.4493,1227.7056,1410.7583,1851.1823,2203.0474,2306.2480,2523.0171,2475.6241,2713.4159,2157.7145
2021-12-01,86,366.0000,737.7287,1026.4893,1211.0887,1595.1770,1788.7626,1938.6712,2034.4216,2076.6397,2421.9818,1865.3360
2021-12-01,86,384.0000,763.6929,1043.1116,1211.3611,1597.6391,1796.3529,1942.3816,2034.7984,2076.4045,2405.4444,1857.4223
2021-12-06,86,309.0000,602.9887,939.7323,1218.1821,1626.8969,1910.3504,2001.4907,2186.0919,2186.8350,2489.4299,1929.5604
2021-12-06,86,521.0000,757.5773,1020.4451,1235.0666,1596.9457,1869.0000,1963.9277,2139.3040,2122.8275,2425.3654,1893.7956
2021-12-14,86,-9999.0000,-9999.0000,-9999.0000,-9999.0000,-9999.0000,-9999.0000,-9999.0000,-9999.0000,-9999.0000,-9999.0000,-9999.0000
2021-12-14,86,-9999.0000,-9999.0000,-9999.0000,-9999.0000,-9999.0000,-9999.0000,-9999.0000,-9999.0000,-9999.0000,-9999.0000,-9999.0000
2021-12-16,86,329.0000,587.9836,923.2770,1177.9500,1532.3105,1748.4060,1834.8144,1947.5895,2003.4662,2445.5578,1946.4811
2021-12-16,86,534.0000,722.8671,1012.3441,1210.6175,1520.5225,1739.0063,1826.9750,1922.1360,1986.5560,2396.6137,1918.0000
2021-12-29,86,-9999.0000,-9999.0000,-9999.0000,-9999.0000,-9999.0000,-9999.0000,-9999.0000,-9999.0000,-9999.0000,-9999.0000,-9999.0000
2021-12-31,86,-9999.0000,-9999.0000,-9999.0000,-9999.0000,-9999.0000,-9999.0000,-9999.0000,-9999.0000,-9999.0000,-9999.0000,-9999.0000
2021-12-31,86,-9999.0000,-9999.0000,-9999.0000,-9999.0000,-9999.0000,-9999.0000,-9999.0000,-9999.0000,-9999.0000,-9999.0000,-9999.0000
2022-01-08,86,403.0000,628.6760,873.9157,1138.5638,1469.4600,1716.8118,1818.0430,2004.0196,1955.1158,2017.7246,1508.5507
2022-01-08,86,387.0000,611.5711,858.4158,1131.7572,1464.7422,1725.0511,1849.6093,2026.5806,1994.0683,2013.1441,1502.5079
2022-01-13,86,-9999.0000,-9999.0000,-9999.0000,-9999.0000,-9999.0000,-9999.0000,-9999.0000,-9999.0000,-9999.0000,-9999.0000,-9999.0000
2022-01-13,86,-9999.0000,-9999.0000,-9999.0000,-9999.0000,-9999.0000,-9999.0000,-9999.0000,-9999.0000,-9999.0000,-9999.0000,-9999.0000
2022-01-15,86,325.0000,577.4061,931.7014,1154.7545,1528.7287,1770.3984,1859.6018,1986.6297,2028.9805,2189.0000,1632.9327
2022-01-15,86,544.0000,721.4305,1003.0788,1187.1748,1520.0000,1761.1427,1859.4820,1969.5923,2003.9917,2172.8060,1634.2819
2022-01-18,86,251.0000,537.4183,868.0672,1098.3929,1449.6256,1641.0200,1746.3425,1893.0051,1891.0867,2205.6277,1706.1767
2022-01-18,86,398.5298,621.8770,907.0585,1114.3353,1430.0817,1642.9926,1747.8942,1898.6086,1892.2685,2172.6565,1677.3476
2022-01-20,86,746.0000,1010.0731,1129.3870,1316.9176,1645.6488,1901.3468,2042.6102,2146.3798,2144.8205,2369.3281,1868.2891
2022-01-20,86,702.0000,977.3321,1116.7187,1289.8337,1613.8351,1874.0669,2018.1674,2123.5386,2121.7409,2356.4934,1853.6093
2022-01-23,86,429.0000,745.8579,968.6851,1172.8404,1488.7487,1709.0144,1834.7578,1965.3088,1961.7460,2113.5251,1694.7831
2022-01-23,86,625.0000,873.4801,1045.3492,1204.4518,1501.6708,1729.7392,1836.8147,1954.0265,1955.1739,2085.2130,1688.6702
2022-01-25,86,670.3868,741.1922,1043.0027,1274.3358,1609.0000,1866.7212,1957.0000,2082.9325,2116.1199,2614.6766,2093.0000
2022-01-25,86,831.0000,952.8490,1176.7537,1336.8978,1629.3655,1875.1906,1953.8364,2098.7186,2112.3997,2572.0000,2076.0000
2022-01-28,86,505.0000,645.8722,937.4578,1171.4041,1480.7073,1717.5473,1819.3920,1970.8676,1955.4982,2433.3872,1933.2542
2022-01-28,86,636.0000,861.2820,1064.5556,1237.1746,1490.1211,1721.1230,1816.4564,1981.1595,1957.0000,2410.1611,1925.0000
2022-01-30,86,562.3105,912.8341,1089.5160,1274.5300,1570.8858,1817.4540,1944.3128,2106.0033,2069.2021,2481.2749,1996.6722
2022-01-30,86,635.0000,949.4530,1114.6475,1282.8626,1577.1321,1822.7606,1952.0000,2105.9395,2074.4010,2473.0000,2005.0000
2022-02-02,86,600.0000,853.4906,1056.2975,1221.4230,1485.0869,1714.4380,1825.9378,1963.1007,1956.8727,2290.0000,1980.7818
2022-02-02,86,675.0000,909.4891,1080.8352,1224.9223,1477.0862,1712.6787,1827.0000,1954.5014,1938.0523,2278.1232,1979.0000
2022-02-07,86,721.0000,888.8372,1105.4393,1260.8036,1533.6731,1773.9765,1866.0385,2035.7546,2004.4352,2470.3075,2046.5568
2022-02-07,86,766.0000,929.6420,1141.0875,1277.3516,1545.9875,1788.1259,1875.2358,2042.3308,1996.4630,2473.6829,2039.0000
2022-02-09,86,529.0000,859.3313,1115.5245,1339.3677,1661.5971,1940.4816,2067.5629,2292.0501,2212.9400,2746.0108,2344.9995
2022-02-09,86,750.0000,989.4639,1179.6877,1346.9373,1645.9384,1897.0000,2026.9652,2235.6000,2156.6394,2673.5491,2304.7519
2022-02-12,86,717.0000,1009.3066,1250.4882,1419.6566,1738.8228,2059.4982,2163.8987,2364.3615,2297.0000,2733.7757,2515.3983
2022-02-12,86,758.0000,1032.1623,1259.6095,1419.5838,1742.0000,2074.4105,2156.6166,2352.8109,2283.6004,2725.4934,2508.6728
2022-02-22,86,376.0000,601.3793,749.2793,949.2563,1033.5532,1091.2641,1147.7933,1274.5405,1226.9974,1491.2389,1332.9449
2022-02-22,86,427.0000,628.9405,761.0667,954.0000,1038.1469,1092.2842,1146.4115,1266.4843,1220.7500,1491.3166,1329.5130
2022-02-24,86,1007.0000,1088.0000,1317.0377,1516.6235,1666.6314,1769.0307,1838.0000,1948.0467,1897.4432,2122.2065,1833.1573
2022-02-24,86,1128.0000,1168.0000,1344.0000,1509.3825,1642.4757,1732.8127,1793.8798,1890.6080,1857.4859,2096.6748,1821.2176
2022-02-27,86,854.6937,998.5150,1204.0155,1428.6032,1544.3849,1601.0059,1668.7343,1795.7495,1756.5102,2220.6284,1969.4604
2022-02-27,86,911.0000,1030.0000,1216.5776,1428.6862,1537.5070,1604.6063,1665.2663,1787.3342,1756.9851,2205.5342,1961.2843
2022-03-01,86,1151.0000,1432.9579,1665.3636,1947.2283,2072.3852,2141.7621,2221.2600,2432.7441,2293.9578,2893.3929,2754.0464
2022-03-01,86,1158.3557,1453.6000,1676.6145,1962.5620,2089.8892,2144.5841,2229.3035,2435.5837,2305.9524,2897.0000,2763.7853
2022-03-04,86,1034.5692,1340.6994,1584.6362,1859.2399,1973.5236,2045.1454,2109.2995,2306.8327,2195.0000,2709.0202,2634.7118
2022-03-04,86,1093.7242,1368.9753,1588.3439,1852.9694,1957.4044,2025.9895,2100.6948,2307.0690,2192.9088,2697.0000,2634.8940
2022-03-06,86,1386.2888,1597.1198,1897.8014,2179.2898,2315.4684,2401.5382,2466.0000,2669.1167,2581.8326,3194.0608,2995.6545
2022-03-06,86,1420.0000,1617.2340,1904.5248,2178.4915,2338.5444,2413.0000,2470.0922,2667.8669,2577.7078,3187.2405,3002.2788
2022-03-09,86,1155.0000,1420.3146,1738.1584,2010.2591,2128.7368,2174.2400,2224.0000,2387.6019,2320.0000,2897.6190,2682.0154
2022-03-09,86,1191.0000,1449.0803,1756.5820,2027.1066,2146.0000,2177.8008,2230.0363,2395.5618,2333.4860,2908.5227,2705.7837
2022-03-14,86,1411.1776,1673.3623,1930.0768,2129.5892,2292.7760,2399.0000,2472.1678,2601.8016,2580.0000,2931.6436,2739.7450
2022-03-14,86,1477.0000,1755.3695,2011.5798,2220.6376,2390.4935,2493.7770,2617.0000,2729.4598,2699.0154,3080.6344,2904.4426
2022-03-16,86,-9999.0000,-9999.0000,-9999.0000,-9999.0000,-9999.0000,-9999.0000,-9999.0000,-9999.0000,-9999.0000,-9999.0000,-9999.0000
2022-03-19,86,1256.7733,1521.0731,1817.8471,2107.1138,2219.9655,2296.5254,2364.4667,2564.3457,2448.6253,2989.9246,2755.8145
2022-03-19,86,1285.0000,1549.2437,1844.4915,2121.8393,2234.2021,2296.0000,2357.0181,2563.9039,2451.5995,2988.0000,2765.0000
2022-03-21,86,1427.0000,1793.9437,2115.7794,2419.2339,2521.1100,2613.1179,2698.7953,2971.6499,2789.0000,3381.0000,3260.3728
2022-03-21,86,1446.0000,1816.3333,2123.2237,2434.2770,2524.0851,2610.6013,2701.0344,2979.1279,2805.4194,3371.8593,3283.7199
2022-03-24,86,976.8997,1261.2473,1530.3311,1842.3037,1961.1988,2048.8257,2140.0000,2347.1654,2253.0000,2851.0107,2812.0425
2022-03-24,86,1038.3000,1288.7790,1546.4799,1843.4795,1963.3149,2057.9820,2147.3932,2355.8577,2260.5394,2860.7176,2819.4637
2022-03-26,86,1437.0000,1574.0000,1841.6781,2109.0731,2276.9752,2365.5098,2454.0000,2624.6285,2565.4386,3233.7034,3084.0573
2022-03-26,86,1458.4985,1588.0000,1837.0335,2101.0436,2269.5670,2366.3688,2450.0430,2620.2967,2553.8626,3214.0686,3076.9080
2022-04-03,86,656.5761,853.0741,1049.4423,1273.0812,1390.3441,1473.9765,1548.0195,1666.4538,1635.0747,2000.0000,1805.1794
2022-04-03,86,646.0000,853.0265,1056.6373,1289.1485,1394.5756,1477.0123,1539.6289,1658.6978,1625.2833,2021.0000,1810.0000
2022-04-05,86,1772.0000,1915.5415,2259.9104,2571.2281,2827.9652,3009.9820,3108.8229,3241.1221,3226.3380,3838.0000,3395.9770
2022-04-05,86,1740.0000,1848.6667,2209.3451,2507.2413,2782.0000,2977.4737,3091.0000,3185.3993,3212.6597,3853.8376,3409.2183
2022-04-08,86,-9999.0000,-9999.0000,-9999.0000,-9999.0000,-9999.0000,-9999.0000,-9999.0000,-9999.0000,-9999.0000,-9999.0000,-9999.0000
2022-04-10,86,706.0000,913.6555,1125.2524,1393.6901,1521.0000,1621.6584,1706.6026,1866.5302,1792.3311,2115.0000,1774.2751
2022-04-10,86,705.0000,920.5946,1133.4613,1412.6841,1529.8362,1625.1250,1706.5609,1858.7811,1803.4228,2155.0000,1794.0571
2022-04-15,86,1769.3221,2106.9327,2538.8906,2939.6997,3134.6640,3209.8000,3298.8804,3449.0735,3397.0924,4021.8780,3750.2201
2022-04-15,86,1794.7185,2075.4748,2523.5468,2883.7755,3125.4001,3209.9704,3281.7787,3417.3542,3401.0711,4002.4636,3769.3386
2022-04-18,86,1866.1167,2155.1657,2545.8061,2865.6137,3033.0190,3099.7699,3194.8614,3364.0992,3259.0000,3699.4763,3427.0689
2022-04-18,86,1841.5361,2187.9805,2594.7201,2908.3304,3005.0163,3091.5566,3193.8805,3410.0865,3273.0000,3694.0000,3411.9580
2022-04-20,86,1793.7598,2250.4973,2694.0711,3094.1025,3337.0709,3460.0068,3594.2263,3812.1216,3683.0000,4393.9916,4292.5224
2022-04-20,86,1788.0000,2211.3514,2629.6064,3017.5397,3269.6411,3403.0843,3550.0000,3752.2297,3643.9330,4375.0900,4281.6591
2022-04-23,86,-9999.0000,-9999.0000,-9999.0000,-9999.0000,-9999.0000,-9999.0000,-9999.0000,-9999.0000,-9999.0000,-9999.0000,-9999.0000
2022-04-25,86,-9999.0000,-9999.0000,-9999.0000,-9999.0000,-9999.0000,-9999.0000,-9999.0000,-9999.0000,-9999.0000,-9999.0000,-9999.0000
2022-04-25,86,1017.0000,1064.0000,1260.0000,1345.7586,1587.0000,1910.0000,2018.0877,1960.0000,2063.0000,1962.0000,1514.0000
2022-04-28,86,1125.2925,1362.5744,1715.3697,2067.0081,2267.5095,2351.0000,2449.8517,2574.2594,2558.1866,3217.6239,3012.9279
2022-04-28,86,1141.1121,1365.3435,1698.0000,2026.9065,2228.1867,2326.1997,2445.9493,2565.1443,2552.9322,3187.9735,3010.9931
2022-04-30,86,1370.0000,1738.5698,2122.7997,2482.4930,2643.1953,2748.2918,2866.7679,3043.8052,2979.7747,3674.4201,3592.3396
2022-04-30,86,1368.7390,1683.9800,2042.2953,2362.0757,2578.0935,2705.5060,2836.5012,3004.5434,2947.6264,3610.8838,3578.0959
2022-05-03,86,1246.1990,1571.0068,1915.4297,2267.2969,2459.4643,2565.1263,2684.0628,2787.0812,2776.9074,3425.4292,3402.4867
2022-05-03,86,1276.7311,1611.5526,1954.4340,2314.7834,2500.5524,2570.4856,2692.5345,2786.5323,2779.5627,3434.4641,3399.6305
2022-05-08,86,-9999.0000,-9999.0000,-9999.0000,-9999.0000,-9999.0000,-9999.0000,-9999.0000,-9999.0000,-9999.0000,-9999.0000,-9999.0000
2022-05-10,86,1477.2130,1873.8082,2258.5918,2627.7573,2852.5196,2938.0400,3094.2525,3156.0000,3189.4828,3809.0000,3686.6679
2022-05-10,86,1469.0000,1818.7383,2186.2525,2532.2007,2779.3015,2885.6557,3066.9935,3120.0000,3145.6778,3749.0000,3638.8255
2022-05-13,86,1181.7483,1497.4027,1769.1015,2026.3835,2222.0527,2277.0000,2400.9059,2411.5215,2481.6816,2787.0000,2667.7894
2022-05-13,86,1166.3889,1469.7376,1753.4682,2019.8101,2153.4241,2255.0000,2401.0419,2426.4881,2482.5684,2749.8079,2597.1547
2022-05-15,86,1536.0206,1834.8921,2258.9805,2683.2225,2939.8835,3033.9160,3112.4737,3152.0000,3244.9412,3976.0000,3764.0846
2022-05-15,86,1510.0000,1778.9459,2186.3511,2586.5328,2859.7137,2977.4856,3073.0000,3120.0000,3202.3629,3921.1146,3748.9351
2022-05-18,86,1435.6773,1763.2118,2163.2902,2531.3419,2778.7093,2802.7010,2886.3578,2924.3127,2988.6338,3571.6919,3315.1146
2022-05-18,86,1402.8248,1650.6612,2019.0454,2347.0854,2586.9994,2711.0000,2826.6228,2872.7276,2925.5980,3468.0000,3251.0566
2022-05-20,86,1578.0702,2018.6050,2426.6495,2806.6691,3051.5258,3133.1145,3280.3648,3352.0000,3345.9906,3946.2594,3797.1959
2022-05-20,86,1546.1039,1915.8187,2299.5852,2659.4343,2924.0941,3062.0000,3233.7428,3292.0000,3302.1040,3882.5277,3762.0000
2022-05-25,86,-9999.0000,-9999.0000,-9999.0000,-9999.0000,-9999.0000,-9999.0000,-9999.0000,-9999.0000,-9999.0000,-9999.0000,-9999.0000
2022-05-25,86,-9999.0000,-9999.0000,-9999.0000,-9999.0000,-9999.0000,-9999.0000,-9999.0000,-9999.0000,-9999.0000,-9999.0000,-9999.0000
2022-06-02,86,-9999.0000,-9999.0000,-9999.0000,-9999.0000,-9999.0000,-9999.0000,-9999.0000,-9999.0000,-9999.0000,-9999.0000,-9999.0000
2022-06-02,86,-9999.0000,-9999.0000,-9999.0000,-9999.0000,-9999.0000,-9999.0000,-9999.0000,-9999.0000,-9999.0000,-9999.0000,-9999.0000
2022-06-04,86,1712.0000,1882.9276,2354.8475,2442.7834,2897.3555,3638.0000,3778.0000,3739.2902,3850.0000,3417.8173,2841.7923
2022-06-04,86,1529.0000,1621.2222,2002.7937,2090.8128,2500.9287,3178.3438,3330.0000,3296.0000,3428.0000,3234.6436,2725.0524
2022-06-07,86,-9999.0000,-9999.0000,-9999.0000,-9999.0000,-9999.0000,-9999.0000,-9999.0000,-9999.0000,-9999.0000,-9999.0000,-9999.0000
2022-06-07,86,-9999.0000,-9999.0000,-9999.0000,-9999.0000,-9999.0000,-9999.0000,-9999.0000,-9999.0000,-9999.0000,-9999.0000,-9999.0000
2022-06-12,86,1089.0000,1299.5374,1746.7112,1833.0044,2354.8680,3333.2226,3632.3417,3739.3196,3744.2935,3467.3900,2916.3627
2022-06-12,86,1081.0000,1322.5227,1746.7204,1826.7722,2334.3328,3299.0410,3589.0000,3714.2236,3722.5085,3452.4832,2904.7447
2022-06-14,86,1236.0000,1394.6065,1898.3253,1975.1515,2586.5135,3778.3030,4035.4766,4097.9391,4171.0113,3786.2742,2999.6217
2022-06-14,86,1225.0000,1387.0802,1851.1471,1926.5069,2496.4286,3642.5968,3900.2203,3978.4706,4049.2397,3730.1481,2994.8090
2022-06-17,86,1565.6134,1666.1138,2027.8167,2050.4931,2602.6414,3592.8194,3884.0000,3888.0000,3973.4160,3196.0234,2460.6911
2022-06-19,86,1002.0000,1250.7105,1634.5909,1717.6321,2307.7684,3476.2997,3930.2208,3952.0000,4051.2079,3521.8531,2775.0582
2022-06-19,86,1038.0000,1251.1468,1619.3928,1684.6124,2275.1886,3417.9639,3857.5045,3865.6738,3981.0000,3496.9973,2744.3413
2022-06-24,86,700.0000,843.0393,1211.1673,1207.1067,1755.1276,3259.6662,3659.7090,3785.7358,3825.5240,2850.8000,1987.7327
2022-06-24,86,705.0698,835.6401,1211.8697,1207.3068,1762.8157,3289.4811,3690.2832,3818.1721,3869.2781,2869.2401,1987.2568
2022-06-27,86,516.0000,747.8982,1179.4292,1239.5353,1732.2908,3085.1816,3578.5404,3588.1140,3744.4351,2763.0006,1956.8270
2022-06-27,86,732.0000,882.3978,1235.4757,1259.0829,1722.3605,2941.8555,3409.4905,3408.0000,3565.9470,2714.4795,1933.2222
2022-06-29,86,-9999.0000,-9999.0000,-9999.0000,-9999.0000,-9999.0000,-9999.0000,-9999.0000,-9999.0000,-9999.0000,-9999.0000,-9999.0000
2022-06-29,86,-9999.0000,-9999.0000,-9999.0000,-9999.0000,-9999.0000,-9999.0000,-9999.0000,-9999.0000,-9999.0000,-9999.0000,-9999.0000
2022-07-02,86,568.0000,731.4823,995.6065,963.3613,1425.9276,2918.1468,3596.7590,3611.1316,3764.5695,2578.4193,1821.1721
2022-07-02,86,624.0000,771.3957,1018.4800,980.3652,1428.0520,2897.1232,3561.8701,3576.7844,3724.3087,2571.6577,1811.9448
2022-07-04,86,698.0000,779.6752,1105.5449,1064.0093,1555.2579,3219.4315,3812.6225,3826.0935,3977.2850,2786.8874,1923.2774
2022-07-04,86,820.0000,874.2845,1155.1135,1129.3754,1570.8351,3105.9400,3678.5450,3708.0000,3866.5664,2755.2959,1907.9237
2022-07-07,86,1378.0000,1058.0000,1196.0000,1224.0000,1519.0000,3026.0000,3581.0000,2986.0000,3848.0000,2424.0000,1780.0000
2022-07-07,86,-9999.0000,-9999.0000,-9999.0000,-9999.0000,-9999.0000,-9999.0000,-9999.0000,-9999.0000,-9999.0000,-9999.0000,-9999.0000
2022-07-09,86,514.0000,603.7452,874.5881,790.7120,1298.9833,3104.4653,3867.3561,4026.3279,4003.1521,2453.8829,1602.9793
2022-07-09,86,609.0000,666.3267,906.7680,823.1826,1290.9546,3013.6808,3748.0526,3896.8856,3907.8594,2431.0000,1605.0273
2022-07-12,86,327.0000,467.4205,678.6934,599.3079,1034.0516,2897.0732,3796.6021,3794.4588,3964.0973,2236.8267,1394.5506
2022-07-12,86,436.7831,547.9913,748.0844,645.3809,1077.9150,2853.0027,3722.7932,3737.9514,3896.6609,2225.9288,1402.9827
2022-07-14,86,-9999.0000,-9999.0000,-9999.0000,-9999.0000,-9999.0000,-9999.0000,-9999.0000,-9999.0000,-9999.0000,-9999.0000,-9999.0000
2022-07-14,86,-9999.0000,-9999.0000,-9999.0000,-9999.0000,-9999.0000,-9999.0000,-9999.0000,-9999.0000,-9999.0000,-9999.0000,-9999.0000
2022-07-17,86,386.0000,459.1820,683.2295,566.3208,1011.5108,2925.1402,3787.7685,3803.4971,4004.7345,2156.6949,1252.3546
2022-07-17,86,493.0000,546.9136,746.6711,616.0410,1051.2585,2880.0000,3705.2135,3722.0650,3915.2428,2136.5427,1251.7616
2022-07-19,86,378.0000,483.6876,744.0376,614.7440,1095.5809,3014.0000,3971.5109,4050.2478,4155.1821,2323.5975,1452.1969
2022-07-19,86,546.0000,643.1400,843.2957,728.5101,1171.3642,2916.6437,3829.0925,3881.7079,4010.2284,2305.8147,1446.6798
2022-07-22,86,514.0000,612.1380,787.0076,615.1662,1035.9722,2761.1574,3697.0094,3707.3803,3901.9634,2042.3523,1242.4637
2022-07-22,86,532.0000,618.5881,795.6990,614.9450,1041.6880,2761.9992,3715.2335,3715.5875,3906.2202,2057.4768,1239.9779
2022-07-24,86,-9999.0000,-9999.0000,-9999.0000,-9999.0000,-9999.0000,-9999.0000,-9999.0000,-9999.0000,-9999.0000,-9999.0000,-9999.0000
2022-07-24,86,-9999.0000,-9999.0000,-9999.0000,-9999.0000,-9999.0000,-9999.0000,-9999.0000,-9999.0000,-9999.0000,-9999.0000,-9999.0000
2022-07-27,86,-9999.0000,-9999.0000,-9999.0000,-9999.0000,-9999.0000,-9999.0000,-9999.0000,-9999.0000,-9999.0000,-9999.0000,-9999.0000
2022-07-29,86,307.0000,426.6508,663.0085,518.6437,997.5977,2948.1633,3931.7093,3929.2057,4144.0000,2170.0302,1270.5601
2022-07-29,86,428.0000,507.9550,727.4990,567.0272,1043.0257,2896.3269,3843.7470,3858.5553,4051.4165,2148.8462,1273.0811
2022-08-01,86,285.0000,386.9655,594.6211,455.7022,891.0175,2653.7573,3482.5558,3530.5857,3682.5842,1859.4986,1095.9038
2022-08-01,86,347.0000,426.6684,627.0117,471.3857,899.6262,2641.3706,3477.3600,3529.6748,3683.0848,1843.6293,1092.7099
2022-08-03,86,393.0000,434.4445,710.9446,566.5720,1077.8380,2941.8982,3653.0000,3673.2269,3891.4316,2151.8664,1270.6487
2022-08-03,86,440.0000,475.6039,743.9071,582.7305,1096.7084,2922.0649,3619.2051,3666.1962,3874.0536,2149.7037,1270.5638
2022-08-06,86,-9999.0000,-9999.0000,-9999.0000,-9999.0000,-9999.0000,-9999.0000,-9999.0000,-9999.0000,-9999.0000,-9999.0000,-9999.0000
2022-08-06,86,-9999.0000,-9999.0000,-9999.0000,-9999.0000,-9999.0000,-9999.0000,-9999.0000,-9999.0000,-9999.0000,-9999.0000,-9999.0000
2022-08-08,86,460.0000,571.9795,806.2372,647.0070,1205.4099,2917.5321,3706.1845,3705.5465,3956.0427,2234.1429,1383.9665
2022-08-08,86,479.0000,570.8649,806.9384,647.5299,1208.7787,2917.3476,3715.5961,3729.3250,3954.2867,2234.3284,1368.4108
2022-08-11,86,294.0000,422.8491,680.1661,550.8844,1078.3608,2707.2730,3404.1104,3547.8864,3660.5680,1986.0370,1239.6564
2022-08-11,86,389.8937,499.6780,727.3631,599.7620,1107.7037,2675.8795,3354.8731,3514.6710,3620.1635,1989.5205,1222.9929
2022-08-16,86,259.0000,331.1557,602.2047,475.1962,1035.5127,2625.3971,3163.4001,3196.0084,3444.2533,1883.2137,1042.5540
2022-08-16,86,317.0000,371.2758,634.2723,499.3407,1058.6184,2617.3891,3137.4956,3176.5466,3419.5963,1881.3961,1032.8488
2022-08-21,86,256.0000,371.3392,658.8626,503.4395,1099.4142,2505.0000,2973.9935,3009.5530,3179.0014,1827.1771,1147.8412
2022-08-21,86,279.0000,387.4839,667.2505,503.7425,1114.7017,2521.8955,3005.0000,3017.0496,3210.5446,1820.0662,1144.9614
2022-08-23,86,-9999.0000,-9999.0000,-9999.0000,-9999.0000,-9999.0000,-9999.0000,-9999.0000,-9999.0000,-9999.0000,-9999.0000,-9999.0000
2022-08-23,86,-9999.0000,-9999.0000,-9999.0000,-9999.0000,-9999.0000,-9999.0000,-9999.0000,-9999.0000,-9999.0000,-9999.0000,-9999.0000
2022-08-26,86,454.0000,531.4022,859.7542,790.8743,1475.2116,2662.0000,3024.6198,3036.3076,3308.1480,2187.8939,1366.7605
2022-08-26,86,492.0000,571.2590,884.0082,804.9878,1484.7809,2662.0000,3018.8673,3033.7688,3309.0000,2196.0969,1379.0455
2022-08-28,86,349.0000,562.4869,856.0105,791.2893,1446.0000,2309.9355,2670.7550,2679.2153,2870.8127,1785.5821,1136.4666
2022-08-28,86,415.0000,572.2394,870.9504,793.4264,1431.0000,2314.9683,2680.9894,2647.4645,2843.0611,1803.0611,1094.7401
2022-08-31,86,-9999.0000,-9999.0000,-9999.0000,-9999.0000,-9999.0000,-9999.0000,-9999.0000,-9999.0000,-9999.0000,-9999.0000,-9999.0000
2022-08-31,86,-9999.0000,-9999.0000,-9999.0000,-9999.0000,-9999.0000,-9999.0000,-9999.0000,-9999.0000,-9999.0000,-9999.0000,-9999.0000
2022-09-02,86,1339.8463,1290.8244,1684.0952,1688.3937,2332.1247,3204.7682,3478.0000,3632.0000,3754.0863,2789.3042,2020.6498
2022-09-02,86,1401.0000,1322.7865,1682.7620,1657.9974,2276.5783,3133.3917,3410.8238,3576.0000,3690.6632,2764.1078,1970.7795
2022-09-05,86,-9999.0000,-9999.0000,-9999.0000,-9999.0000,-9999.0000,-9999.0000,-9999.0000,-9999.0000,-9999.0000,-9999.0000,-9999.0000
2022-09-07,86,-9999.0000,-9999.0000,-9999.0000,-9999.0000,-9999.0000,-9999.0000,-9999.0000,-9999.0000,-9999.0000,-9999.0000,-9999.0000
2022-09-07,86,-9999.0000,-9999.0000,-9999.0000,-9999.0000,-9999.0000,-9999.0000,-9999.0000,-9999.0000,-9999.0000,-9999.0000,-9999.0000
2022-09-10,86,310.2972,459.6237,683.4614,756.1242,1194.3537,1773.6834,2020.5568,2083.3913,2249.8083,2050.9157,1643.7710
2022-09-10,86,354.6130,499.0435,707.9150,763.4670,1202.8669,1796.1537,2020.5454,2090.0266,2250.4888,2044.1990,1644.6839
2022-09-12,86,478.4250,531.1959,787.3864,870.7594,1347.9716,2014.4818,2202.2594,2298.9559,2461.1129,2345.7676,1844.6862
2022-09-12,86,514.2849,577.8153,819.3116,886.2553,1354.5626,2016.3035,2194.5164,2298.8037,2451.1902,2347.6464,1843.1700
2022-09-15,86,510.3266,604.3895,835.1050,902.9639,1324.5242,1929.6857,2146.7058,2147.8540,2381.0422,2291.6943,1817.6555
2022-09-15,86,505.0000,602.5246,826.7832,887.3989,1332.2388,1926.0000,2138.3993,2146.8480,2364.0823,2298.6457,1828.5368
2022-09-20,86,310.0000,458.7491,683.4866,759.2666,1156.6861,1747.2124,1965.5515,2147.3460,2187.0899,2060.4461,1659.4499
2022-09-20,86,366.0000,506.8707,707.2554,775.7582,1162.7888,1762.5092,1971.6986,2155.2581,2186.6597,2059.4145,1660.1064
2022-09-22,86,506.0000,570.8098,818.5498,901.9179,1364.8493,2045.4428,2224.2622,2402.4455,2474.0153,2386.1258,1847.0686
2022-09-22,86,556.1177,618.3793,851.9713,919.6066,1380.9786,2052.5000,2235.3685,2395.0790,2474.0168,2381.1109,1846.4193
2022-09-27,86,-9999.0000,-9999.0000,-9999.0000,-9999.0000,-9999.0000,-9999.0000,-9999.0000,-9999.0000,-9999.0000,-9999.0000,-9999.0000
2022-09-27,86,-9999.0000,-9999.0000,-9999.0000,-9999.0000,-9999.0000,-9999.0000,-9999.0000,-9999.0000,-9999.0000,-9999.0000,-9999.0000
2022-10-02,86,838.0000,849.0000,989.5094,968.6667,1510.0000,2149.0000,2376.0000,2422.6889,2597.0000,2324.8403,1563.0000
2022-10-02,86,-9999.0000,-9999.0000,-9999.0000,-9999.0000,-9999.0000,-9999.0000,-9999.0000,-9999.0000,-9999.0000,-9999.0000,-9999.0000
2022-10-05,86,1160.0000,1081.9686,1249.8477,1267.5609,1828.9388,2530.2762,2803.7700,2827.6724,3027.6711,2667.0188,1913.4692
2022-10-05,86,1179.0000,1091.1782,1234.0651,1229.0500,1805.3818,2541.0843,2796.5301,2810.1329,3021.7789,2618.0000,1867.0000
2022-10-07,86,553.0000,699.6143,850.6509,892.1495,1349.1672,1939.6727,2153.7547,2267.9022,2323.7426,2137.9970,1610.9128
2022-10-07,86,598.0000,730.5872,875.3992,899.8236,1345.7288,1932.7923,2139.4428,2259.1884,2316.8620,2124.4012,1612.2254
2022-10-10,86,-9999.0000,-9999.0000,-9999.0000,-9999.0000,-9999.0000,-9999.0000,-9999.0000,-9999.0000,-9999.0000,-9999.0000,-9999.0000
2022-10-10,86,-9999.0000,-9999.0000,-9999.0000,-9999.0000,-9999.0000,-9999.0000,-9999.0000,-9999.0000,-9999.0000,-9999.0000,-9999.0000
2022-10-12,86,1721.0000,1636.6671,1698.0000,1641.3635,2053.7975,2413.6039,2494.0895,2592.0000,2606.4216,2044.1988,1705.4427
2022-10-15,86,0.0000,116.2329,331.5583,427.2081,837.2305,1283.4259,1434.8712,1451.7229,1602.6886,1453.1539,982.0689
2022-10-15,86,186.6341,293.3421,475.4809,506.7814,889.9803,1304.5993,1459.5140,1459.5583,1603.6544,1444.6787,974.3580
2022-10-17,86,803.0000,888.9693,1018.4903,1011.0320,1505.6724,2057.5267,2286.2576,2321.9859,2434.7425,2172.6760,1643.1592
2022-10-17,86,953.0000,996.9220,1090.9071,1059.6799,1521.4578,2041.5901,2276.2118,2323.1721,2427.5450,2161.7102,1644.1645
2022-10-20,86,435.0000,763.5139,1003.0418,1219.2773,1603.7054,1891.2493,2115.5312,2212.1667,2362.7918,2860.1302,2339.1788
2022-10-20,86,807.0000,985.3977,1144.7904,1267.1056,1602.3327,1905.0975,2106.8447,2194.4739,2315.1424,2755.4297,2283.7859
2022-10-25,86,-9999.0000,-9999.0000,-9999.0000,-9999.0000,-9999.0000,-9999.0000,-9999.0000,-9999.0000,-9999.0000,-9999.0000,-9999.0000
2022-10-25,86,514.0000,554.0000,711.0000,845.0000,1002.0000,1145.0000,1268.0000,1238.0000,1367.0000,1491.0000,1019.0000
2022-10-27,86,624.3532,897.2624,1050.9726,1210.1731,1476.9697,1693.1580,1853.5324,1954.4634,2027.6149,2579.9638,2218.5207
2022-10-27,86,833.0000,1032.7334,1157.0741,1275.6062,1557.9442,1764.9872,1923.0713,2010.7810,2077.7387,2580.5845,2259.1740
2022-10-30,86,670.0000,957.5513,1157.5682,1371.8503,1558.8327,1654.0302,1780.7660,1819.1148,1891.1155,2460.9003,2401.9738
2022-10-30,86,745.0000,997.6338,1176.5572,1378.7558,1557.5324,1648.0000,1771.6515,1810.7146,1876.2810,2442.0000,2380.4941
2022-11-04,86,181.0000,417.1363,651.9927,899.9572,1012.2983,1033.5914,1130.5210,1116.6058,1211.3592,1220.8725,938.0848
2022-11-04,86,214.0000,432.7478,658.1759,891.3026,998.0000,1021.6124,1103.0000,1105.4216,1202.0948,1210.8073,930.9902
2022-11-06,86,741.5328,1057.6578,1292.1364,1587.8515,1748.3156,1778.3534,1868.1325,1994.6055,1979.1347,2434.0000,2043.7425
2022-11-06,86,774.0000,1073.4196,1298.5341,1593.1713,1763.6124,1770.7148,1875.0059,2011.1141,1979.6225,2420.0000,2050.0000
2022-11-21,86,618.0000,692.5754,844.2963,933.4881,1089.6109,1148.0000,1197.7711,1267.9644,1269.7060,1536.0000,1308.0000
2022-11-21,86,731.0000,772.0810,894.0000,960.6892,1110.1742,1181.0000,1224.7150,1275.4948,1292.7544,1529.5886,1304.9712
2022-11-24,86,837.2906,1107.6720,1418.5076,1691.8493,1921.6993,2019.7536,2107.5488,2226.6017,2227.6556,2505.3692,1996.1463
2022-11-24,86,880.6483,1131.8944,1427.3687,1683.5971,1933.0703,2011.6463,2107.5681,2219.2984,2210.8327,2498.7811,1990.1269
2022-11-26,86,-9999.0000,-9999.0000,-9999.0000,-9999.0000,-9999.0000,-9999.0000,-9999.0000,-9999.0000,-9999.0000,-9999.0000,-9999.0000
2022-11-26,86,-9999.0000,-9999.0000,-9999.0000,-9999.0000,-9999.0000,-9999.0000,-9999.0000,-9999.0000,-9999.0000,-9999.0000,-9999.0000
2022-12-01,86,1929.7261,2186.0000,2253.1257,2244.0000,2538.0000,2686.7913,2707.0000,2907.6037,2742.1241,2554.2243,2189.0364
2022-12-06,86,-9999.0000,-9999.0000,-9999.0000,-9999.0000,-9999.0000,-9999.0000,-9999.0000,-9999.0000,-9999.0000,-9999.0000,-9999.0000
2023-01-10,86,527.0000,672.0000,1024.8743,857.7273,1460.8726,2625.4472,2805.0651,3032.3201,2924.8299,2118.4072,1320.0000
2023-01-10,86,565.0000,692.0996,1040.8320,865.3494,1477.6314,2627.7927,2810.9181,3045.8481,2923.0602,2121.7619,1324.5753
2023-01-20,86,-9999.0000,-9999.0000,-9999.0000,-9999.0000,-9999.0000,-9999.0000,-9999.0000,-9999.0000,-9999.0000,-9999.0000,-9999.0000
2023-01-20,86,-9999.0000,-9999.0000,-9999.0000,-9999.0000,-9999.0000,-9999.0000,-9999.0000,-9999.0000,-9999.0000,-9999.0000,-9999.0000
2023-01-25,86,568.5866,808.2462,1148.8758,925.7718,1617.9698,2866.9894,3172.3231,3350.4374,3260.6268,2317.5406,1490.7694
2023-01-25,86,605.0000,825.5568,1152.6133,929.4003,1622.3471,2875.8321,3157.0839,3345.2008,3242.2115,2308.0000,1488.7151
2023-01-28,86,1624.0000,1464.9005,1836.8286,1603.7271,2369.0000,3637.1577,3900.0424,4092.0000,4011.1614,2721.0000,1965.5520
2023-01-28,86,1618.0000,1472.7402,1836.4786,1609.7160,2361.0027,3618.2506,3908.9659,4057.5827,3987.3032,2720.9368,1965.2716
2023-01-30,86,-9999.0000,-9999.0000,-9999.0000,-9999.0000,-9999.0000,-9999.0000,-9999.0000,-9999.0000,-9999.0000,-9999.0000,-9999.0000
2023-01-30,86,2063.0000,1932.0000,2138.0000,1922.0000,2604.0000,3884.0000,4131.0000,4372.0000,4298.0000,2747.0000,1916.0000
2023-02-02,86,943.0000,1024.0000,1296.0000,1136.2456,1803.0000,2930.9872,3164.4537,3298.8084,3244.5172,1962.8691,1165.5728
2023-02-02,86,785.0000,854.2235,1181.0746,1028.7392,1779.0000,2994.8580,3228.6609,3385.6906,3322.2653,1988.8492,1169.0735
2023-02-04,86,-9999.0000,-9999.0000,-9999.0000,-9999.0000,-9999.0000,-9999.0000,-9999.0000,-9999.0000,-9999.0000,-9999.0000,-9999.0000
2023-02-04,86,-9999.0000,-9999.0000,-9999.0000,-9999.0000,-9999.0000,-9999.0000,-9999.0000,-9999.0000,-9999.0000,-9999.0000,-9999.0000
2023-02-07,86,467.0000,661.1549,973.4892,803.1166,1492.9388,2811.7930,3100.5145,3387.6354,3195.3095,2093.7571,1382.0875
2023-02-07,86,500.0000,665.7208,977.5205,795.7442,1489.4912,2818.3325,3115.0425,3417.6810,3205.3149,2101.2809,1380.6346
2023-02-09,86,703.0000,773.2122,1089.0081,941.7339,1657.0000,3066.2152,3306.5960,3586.0233,3444.4030,2441.4307,1604.7937
2023-02-09,86,760.0000,793.3111,1105.2761,944.6667,1665.0000,3075.4862,3321.9106,3595.4684,3450.3077,2445.6243,1622.5716
2023-02-12,86,434.1872,572.9132,910.3158,802.3267,1587.5472,2890.4978,3161.4728,3321.4067,3284.0000,2274.6544,1378.6632
2023-02-12,86,433.0000,556.9532,900.2327,786.3866,1610.0000,2949.9312,3202.8619,3366.4217,3352.3724,2292.0000,1373.4110
2023-02-14,86,405.0000,601.1757,905.2573,755.7391,1544.8979,3043.9363,3384.6799,3577.4692,3459.0119,2285.4107,1437.4813
2023-02-14,86,625.0000,765.0803,997.5904,837.1366,1552.5958,2908.5417,3244.3374,3433.6690,3321.8184,2245.9268,1418.3187
2023-02-17,86,-9999.0000,-9999.0000,-9999.0000,-9999.0000,-9999.0000,-9999.0000,-9999.0000,-9999.0000,-9999.0000,-9999.0000,-9999.0000
2023-02-27,86,-9999.0000,-9999.0000,-9999.0000,-9999.0000,-9999.0000,-9999.0000,-9999.0000,-9999.0000,-9999.0000,-9999.0000,-9999.0000
2023-02-27,86,-9999.0000,-9999.0000,-9999.0000,-9999.0000,-9999.0000,-9999.0000,-9999.0000,-9999.0000,-9999.0000,-9999.0000,-9999.0000
2023-03-09,86,1167.0000,1166.0000,1350.0000,1153.2143,1736.0000,3279.0000,3832.0000,3912.0000,3935.0000,2612.0000,1961.0000
2023-03-09,86,805.0000,960.6667,1224.3389,1050.0000,1675.9742,3347.4658,3974.9376,4052.8836,4089.0000,2656.5263,1930.6505
2023-03-11,86,569.0000,497.1009,749.1983,499.3190,1091.9492,3491.4862,4235.5081,4326.5081,4341.1298,1828.1167,995.5457
2023-03-11,86,644.0000,544.8391,795.6278,531.7227,1114.9167,3491.3027,4230.9451,4294.8532,4314.3573,1843.7670,1013.9703
2023-03-16,86,177.0000,265.3235,481.4374,249.3977,789.9124,3051.7169,3948.3336,4198.5870,4058.5291,1466.1847,689.1728
2023-03-16,86,228.9619,308.9726,509.8048,269.2942,810.0217,3035.9888,3925.3095,4182.7706,4043.6617,1465.7523,691.7098
2023-03-21,86,195.0000,201.4216,435.2948,203.5569,746.5883,3203.8719,4052.9057,4150.6704,4180.0626,1387.9844,628.0650
2023-03-21,86,274.0000,269.7945,483.8740,243.4829,779.2243,3156.5385,3979.5313,4087.8193,4124.0940,1386.7875,627.1504
2023-03-29,86,154.1164,249.6239,436.9394,219.4527,697.6802,2819.4904,3860.1841,4007.5356,4011.5336,1148.6271,555.6763
2023-03-29,86,204.7144,285.0129,459.2813,235.9704,715.7193,2825.4986,3858.9556,4006.0664,4010.0369,1154.7831,555.1594
2023-04-03,86,60.3737,113.5498,323.8659,147.0342,627.8847,2803.1089,3755.6962,3994.5580,3940.0573,1131.6844,507.4273
2023-04-03,86,146.0715,181.3906,370.8189,179.3721,651.5377,2802.3671,3746.6952,3991.1032,3907.0269,1139.3743,515.2278
2023-04-05,86,134.6297,201.6713,386.9370,171.2608,659.2058,2787.9603,3810.7080,4149.8247,3962.6829,1139.4416,531.6909
2023-04-05,86,236.4858,297.1678,459.0571,227.4630,707.0554,2773.3286,3762.6757,4100.9506,3939.0336,1146.5225,532.1328
2023-04-05,86,132.5409,213.1966,411.5230,187.0350,692.2313,2899.3173,3971.8212,4278.5717,4090.4985,1171.4436,539.2022
2023-04-05,86,180.5444,241.4803,427.2510,194.9017,692.1825,2809.2986,3828.6921,4183.1975,4003.2402,1154.7488,532.2555
2023-04-08,86,2246.0000,2006.0000,1996.7666,1712.6031,2161.3209,3649.6110,4384.8824,4496.0000,4421.2152,1613.2860,1248.5037
2023-04-08,86,1537.0000,1530.0000,1669.1901,1477.4083,1897.2989,3290.3576,4004.5750,4212.0000,4105.5776,1605.0173,1236.5831
2023-04-10,86,170.5238,170.8440,403.1025,179.7637,756.1440,3227.2291,4249.2144,4550.0885,4468.4099,1252.1484,571.9269
2023-04-10,86,240.4393,227.6037,451.1608,219.0869,771.9571,3189.8597,4220.0000,4500.7462,4419.7211,1250.9930,572.1608
2023-04-15,86,-9999.0000,-9999.0000,-9999.0000,-9999.0000,-9999.0000,-9999.0000,-9999.0000,-9999.0000,-9999.0000,-9999.0000,-9999.0000
2023-04-18,86,88.0000,171.5113,363.0978,147.6908,651.4867,2933.8017,4170.1074,4296.1713,4357.0766,1059.6853,475.4639
2023-04-18,86,172.0000,251.5512,419.0258,195.2847,666.2713,2912.9368,4122.7863,4219.2437,4309.9809,1059.0115,483.3739
2023-04-23,86,-9999.0000,-9999.0000,-9999.0000,-9999.0000,-9999.0000,-9999.0000,-9999.0000,-9999.0000,-9999.0000,-9999.0000,-9999.0000
2023-04-23,86,-9999.0000,-9999.0000,-9999.0000,-9999.0000,-9999.0000,-9999.0000,-9999.0000,-9999.0000,-9999.0000,-9999.0000,-9999.0000
2023-04-30,86,-9999.0000,-9999.0000,-9999.0000,-9999.0000,-9999.0000,-9999.0000,-9999.0000,-9999.0000,-9999.0000,-9999.0000,-9999.0000
2023-04-30,86,-9999.0000,-9999.0000,-9999.0000,-9999.0000,-9999.0000,-9999.0000,-9999.0000,-9999.0000,-9999.0000,-9999.0000,-9999.0000
2023-05-05,86,139.0000,197.1177,365.2247,141.3980,645.3705,2824.6306,4002.8215,4181.9599,4184.0000,1171.0495,531.3252
2023-05-05,86,274.0000,317.3037,469.1934,225.5799,705.3292,2793.4758,3914.9112,4084.9755,4090.4815,1179.5659,541.4741
2023-05-13,86,-9999.0000,-9999.0000,-9999.0000,-9999.0000,-9999.0000,-9999.0000,-9999.0000,-9999.0000,-9999.0000,-9999.0000,-9999.0000
2023-05-13,86,-9999.0000,-9999.0000,-9999.0000,-9999.0000,-9999.0000,-9999.0000,-9999.0000,-9999.0000,-9999.0000,-9999.0000,-9999.0000
2023-05-15,86,266.0000,322.3750,465.3315,249.4051,701.8116,2685.8953,3796.5353,3952.9156,4020.5406,1140.1166,517.3399
2023-05-15,86,289.0000,338.0050,473.6226,257.6270,705.4132,2688.5632,3799.0000,3952.0000,4035.2892,1139.3498,517.6071
2023-05-18,86,260.0000,321.8367,492.7544,316.4175,746.0000,2384.8528,3307.4333,3450.0877,3589.0000,1181.0258,628.9763
2023-05-18,86,220.4073,285.7801,453.9764,286.7533,736.8801,2515.6483,3467.5207,3588.5559,3757.0118,1218.0000,659.8907
2023-05-23,86,164.0000,221.7224,421.1969,291.5467,721.5786,2349.1919,3188.1493,3354.7901,3569.3645,1220.2914,597.1408
2023-05-23,86,235.0000,269.1697,453.1839,307.2072,733.0674,2325.7049,3155.5345,3297.3830,3513.6367,1212.2480,593.9446
2023-05-25,86,126.3704,265.1022,469.3170,299.2818,786.7180,2483.8111,3418.4858,3594.4592,3780.3900,1370.6811,683.1963
2023-05-25,86,326.0000,405.4630,573.5690,395.3830,870.0715,2461.7457,3357.1452,3514.3537,3688.4942,1370.8541,691.2754
2023-05-28,86,-9999.0000,-9999.0000,-9999.0000,-9999.0000,-9999.0000,-9999.0000,-9999.0000,-9999.0000,-9999.0000,-9999.0000,-9999.0000
2023-05-28,86,-9999.0000,-9999.0000,-9999.0000,-9999.0000,-9999.0000,-9999.0000,-9999.0000,-9999.0000,-9999.0000,-9999.0000,-9999.0000
2023-05-30,86,-9999.0000,-9999.0000,-9999.0000,-9999.0000,-9999.0000,-9999.0000,-9999.0000,-9999.0000,-9999.0000,-9999.0000,-9999.0000
2023-05-30,86,-9999.0000,-9999.0000,-9999.0000,-9999.0000,-9999.0000,-9999.0000,-9999.0000,-9999.0000,-9999.0000,-9999.0000,-9999.0000
2023-06-02,86,66.0767,145.4889,411.4039,267.2850,825.3778,2333.2347,3018.0067,3154.3003,3418.8169,1314.2824,661.0380
2023-06-02,86,166.0000,225.4351,467.1568,307.0170,851.5769,2330.4442,3004.1226,3121.3421,3401.4140,1314.8206,664.5450
2023-06-04,86,315.0000,437.5006,707.5350,515.2466,1178.5685,2748.2767,3513.1037,3626.7091,3929.7849,1627.7646,898.1978
2023-06-04,86,369.0000,493.0566,771.8017,554.7973,1236.1400,2875.5777,3649.0000,3730.7939,4039.0941,1644.2091,907.7308
2023-06-07,86,113.0000,209.2953,497.8307,355.5124,989.4016,2164.8873,2701.2383,2834.1055,3036.4127,1269.7286,709.0059
2023-06-07,86,266.0000,373.5042,605.1974,441.4038,1017.7925,2164.3422,2683.1403,2795.6114,2998.1501,1265.0767,710.1090
2023-06-09,86,496.0000,481.4414,825.1966,683.9372,1405.5256,2497.0000,2883.6526,2964.4771,3212.5804,1594.9636,890.7866
2023-06-09,86,595.0000,617.8811,909.2306,753.3388,1421.2528,2502.2167,2887.0000,2930.8717,3211.5744,1594.6814,898.5015
2023-06-12,86,7.0000,153.6597,467.5305,579.0060,1132.1564,1819.8099,2146.4472,2307.9053,2515.3759,1501.6760,901.2131
2023-06-12,86,160.0000,273.4065,563.4907,634.4246,1165.3011,1851.1826,2179.4991,2327.8837,2533.1095,1507.3155,904.6967
2023-06-14,86,-9999.0000,-9999.0000,-9999.0000,-9999.0000,-9999.0000,-9999.0000,-9999.0000,-9999.0000,-9999.0000,-9999.0000,-9999.0000
2023-06-14,86,-9999.0000,-9999.0000,-9999.0000,-9999.0000,-9999.0000,-9999.0000,-9999.0000,-9999.0000,-9999.0000,-9999.0000,-9999.0000
2023-06-17,86,257.0000,449.7432,669.1601,880.6843,1301.1850,1764.1863,2043.6728,2247.1751,2386.9982,1708.5014,1133.2875
2023-06-17,86,368.0000,524.9838,733.4348,909.5049,1325.7645,1787.0105,2065.9494,2246.3621,2394.9545,1706.3796,1136.8396
2023-06-19,86,286.0000,410.4128,725.0683,1028.5194,1484.2970,1891.7921,2113.3078,2227.4517,2483.4134,2033.5600,1321.4745
2023-06-19,86,495.0000,598.1585,853.1881,1077.4165,1497.2959,1939.8123,2164.4440,2266.2864,2515.3475,2013.0795,1320.8928
2023-06-22,86,-9999.0000,-9999.0000,-9999.0000,-9999.0000,-9999.0000,-9999.0000,-9999.0000,-9999.0000,-9999.0000,-9999.0000,-9999.0000
2023-06-24,86,442.0000,713.3860,989.3561,1320.8637,1701.5717,2035.1591,2315.1367,2451.7891,2653.4203,2525.7245,1725.6407
2023-06-24,86,472.0000,725.2350,997.0967,1328.6391,1704.6315,2052.2654,2322.5936,2459.5425,2659.4969,2529.6421,1730.0095
2023-06-27,86,392.0000,668.8495,961.1108,1379.1079,1746.0275,2026.3048,2324.3614,2444.3102,2707.7556,2601.2690,1729.2623
2023-06-27,86,450.0000,701.1787,981.1220,1377.4932,1739.8100,2034.5279,2324.0000,2453.5683,2716.5430,2594.6749,1721.3264
2023-06-29,86,451.0000,701.1491,1077.0830,1498.8234,1898.8702,2306.8200,2547.4030,2722.5099,2923.0957,2696.5889,1722.5099
2023-06-29,86,575.0000,777.2972,1109.0502,1458.6819,1857.1831,2291.8533,2532.4866,2689.5365,2884.3221,2657.1830,1714.2264
2023-07-02,86,328.0000,585.3072,904.9557,1221.3177,1613.2159,1923.0270,2123.6788,2172.0730,2417.3874,2361.7851,1550.0335
2023-07-02,86,596.0000,738.2441,980.0000,1204.8324,1577.1500,1945.0540,2148.5061,2179.0099,2410.7265,2309.6069,1529.5632
2023-07-04,86,419.0000,721.1845,1021.0215,1339.7153,1758.1094,2085.3576,2349.0138,2444.2381,2634.3343,2618.3218,1761.1367
2023-07-04,86,534.0000,785.6774,1052.9944,1321.5278,1725.3200,2100.0105,2348.0596,2434.8219,2628.7175,2585.0152,1752.8848
2023-07-07,86,433.0000,649.2839,885.2973,1100.3666,1452.5155,1861.6901,2093.4914,2210.6100,2355.3257,2365.5035,1602.4530
2023-07-07,86,494.0000,689.5337,913.3338,1112.7225,1457.8704,1866.3330,2098.2880,2233.9618,2370.9896,2362.3988,1603.8317
2023-07-09,86,579.0000,905.3532,1349.0722,2002.9140,2451.5012,2738.3990,2986.8855,3162.7564,3457.7048,4236.0229,2804.7602
2023-07-09,86,673.0000,945.3259,1348.8788,1914.3467,2379.3202,2709.0879,2956.7575,3120.0000,3405.8284,4170.3428,2778.1112
2023-07-12,86,-9999.0000,-9999.0000,-9999.0000,-9999.0000,-9999.0000,-9999.0000,-9999.0000,-9999.0000,-9999.0000,-9999.0000,-9999.0000
2023-07-14,86,618.8203,1005.4879,1400.5478,2027.9859,2459.1438,2648.8323,2941.1469,3121.9875,3333.0413,4354.1227,3107.5106
2023-07-14,86,686.0000,1028.7114,1388.8244,1971.7624,2385.6970,2621.2837,2913.5958,3091.4415,3300.9789,4299.4146,3083.7662
2023-07-17,86,500.0000,829.0212,1180.5576,1738.7310,2131.6994,2340.9818,2620.9971,2755.4175,3000.8430,3958.1616,2811.4733
2023-07-17,86,618.0000,885.3337,1192.9619,1682.7958,2061.4387,2329.2614,2613.7387,2730.2318,2977.8984,3883.0383,2780.4042
2023-07-19,86,-9999.0000,-9999.0000,-9999.0000,-9999.0000,-9999.0000,-9999.0000,-9999.0000,-9999.0000,-9999.0000,-9999.0000,-9999.0000
2023-07-22,86,-9999.0000,-9999.0000,-9999.0000,-9999.0000,-9999.0000,-9999.0000,-9999.0000,-9999.0000,-9999.0000,-9999.0000,-9999.0000
2023-07-22,86,-9999.0000,-9999.0000,-9999.0000,-9999.0000,-9999.0000,-9999.0000,-9999.0000,-9999.0000,-9999.0000,-9999.0000,-9999.0000
2023-07-27,86,564.0000,821.3505,1153.0710,1450.5369,1898.1661,2401.0111,2653.8329,2820.2470,2941.7370,3453.0873,2499.9549
2023-07-27,86,606.0000,845.5723,1161.1838,1440.0000,1876.6916,2392.9260,2640.9887,2811.5665,2937.1203,3429.1234,2484.0104
2023-07-29,86,786.0000,923.3796,1371.9064,1660.3169,2242.4010,2938.5437,3166.2200,3226.0299,3512.6403,4003.6271,2727.3630
2023-07-29,86,864.0000,947.4429,1370.3003,1651.4449,2195.5488,2883.4441,3106.9919,3177.7035,3453.0462,3970.6348,2725.2646
2023-08-03,86,-9999.0000,-9999.0000,-9999.0000,-9999.0000,-9999.0000,-9999.0000,-9999.0000,-9999.0000,-9999.0000,-9999.0000,-9999.0000
2023-08-06,86,530.2633,669.0004,1033.4190,955.8107,1635.3173,2667.5111,2961.9181,3053.2308,3182.0000,3021.1711,1995.4638
2023-08-06,86,579.0000,684.7396,1041.0995,954.2204,1632.1631,2659.9986,2971.1959,3052.9551,3178.7382,2988.3463,1989.2944
2023-08-08,86,720.0000,714.6170,1171.1263,1050.7036,1891.6175,3211.5831,3470.9135,3602.9574,3764.4392,3508.3114,2196.6505
2023-08-08,86,741.0000,744.9839,1194.9334,1066.3134,1890.5734,3225.9357,3483.0690,3609.0203,3763.6276,3522.5615,2233.7076
2023-08-11,86,-9999.0000,-9999.0000,-9999.0000,-9999.0000,-9999.0000,-9999.0000,-9999.0000,-9999.0000,-9999.0000,-9999.0000,-9999.0000
2023-08-11,86,-9999.0000,-9999.0000,-9999.0000,-9999.0000,-9999.0000,-9999.0000,-9999.0000,-9999.0000,-9999.0000,-9999.0000,-9999.0000
2023-08-13,86,551.0000,625.0590,1045.6795,818.5252,1675.1596,3132.0688,3555.8650,3571.7152,3780.1261,3105.0000,1912.9954
2023-08-13,86,661.5022,697.3759,1069.0955,842.8859,1650.7687,3080.9024,3502.3632,3506.9173,3715.5628,3089.3081,1907.8104
2023-08-16,86,573.0000,620.9682,960.6089,722.1738,1460.1476,2956.2404,3389.0390,3371.7582,3593.5495,2754.0702,1675.3408
2023-08-16,86,602.0037,649.7703,977.0866,730.4746,1465.2566,2957.0000,3395.9779,3377.0117,3605.2843,2747.6793,1676.4711
2023-08-18,86,569.0000,573.3802,1021.1603,724.2809,1603.6639,3477.6394,3840.1857,3771.3182,4108.0243,3021.0000,1698.3037
2023-08-18,86,652.0000,628.9830,1040.7599,755.2551,1587.5204,3406.0000,3777.5285,3730.9298,4036.2155,2994.5939,1698.8821
2023-08-21,86,453.0000,473.6802,857.2063,610.4823,1379.3051,3060.2573,3485.0211,3498.9709,3716.3474,2629.2030,1467.3379
2023-08-21,86,516.4146,521.3006,877.3093,627.2046,1385.8462,3051.9957,3452.3918,3482.9480,3684.3842,2619.1957,1451.1660
2023-08-23,86,467.0000,569.6350,969.1160,675.0939,1499.7592,3226.3369,3741.1930,3761.7130,3945.1490,2803.0387,1603.0992
2023-08-23,86,611.0000,665.2202,1005.5957,715.7173,1485.2274,3123.6917,3643.0000,3650.0096,3850.9058,2755.3514,1579.9641
2023-08-26,86,439.0000,529.2398,889.5039,603.3523,1357.3138,3050.6622,3531.9195,3561.5467,3747.9751,2498.7690,1404.3857
2023-08-26,86,506.0000,581.0680,916.8705,627.1057,1364.2173,3020.0792,3522.4294,3546.3767,3739.3019,2491.6012,1386.5762
2023-08-31,86,417.0000,453.4656,732.5977,460.9223,1067.8904,2386.0000,2674.1281,2614.7645,2757.0000,1361.9485,724.7754
2023-08-31,86,601.0000,581.0000,800.4947,532.0719,1060.0000,2299.0000,2571.0000,2537.9693,2660.0000,1365.0085,682.8174
2023-09-02,86,418.0156,525.3824,921.4430,547.2042,1443.5913,3336.0000,3850.7075,3862.2125,4023.8600,2429.0000,1243.0003
2023-09-02,86,499.0000,581.2367,945.0169,571.6325,1443.5747,3323.8695,3798.3285,3814.3865,3990.0348,2422.0911,1252.8834
2023-09-05,86,333.0000,435.3500,811.1780,491.8812,1276.8878,3074.0000,3540.1857,3730.2849,3739.1919,2181.3491,1155.8277
2023-09-05,86,397.5165,481.0905,826.8525,507.1109,1284.3551,3068.0178,3516.2145,3721.5350,3724.5586,2180.8909,1147.5611
2023-09-07,86,818.0000,1156.0465,1458.9470,1749.3237,2018.0000,2297.6915,2424.3917,2582.0861,2663.0289,3196.7199,2747.4321
2023-09-07,86,915.0000,1154.2835,1442.5493,1721.8451,2000.0000,2290.9124,2440.1096,2581.6594,2661.7870,3178.3201,2684.8024
2023-09-10,86,961.0000,1216.8482,1521.2320,1851.3189,2036.7992,2147.2840,2276.5726,2363.2565,2436.6980,3060.1108,2747.7818
2023-09-10,86,1013.3575,1229.1418,1521.0886,1826.6543,2018.0389,2164.1369,2281.5569,2386.9517,2437.0016,3046.4980,2738.5303
2023-09-12,86,-9999.0000,-9999.0000,-9999.0000,-9999.0000,-9999.0000,-9999.0000,-9999.0000,-9999.0000,-9999.0000,-9999.0000,-9999.0000
2023-09-17,86,1989.0000,2024.0000,2362.5918,2657.8760,3004.2843,3307.0000,3481.4597,3428.0000,3692.5557,4360.9723,3872.0000
2023-09-25,86,920.0000,1234.9965,1554.9690,1922.5185,2140.0492,2252.6906,2412.9633,2443.3629,2531.8282,3160.3285,2914.1896
2023-09-25,86,960.0000,1260.9432,1570.6576,1922.1134,2139.2806,2258.7100,2403.4380,2443.3041,2539.1904,3153.8025,2896.8659
2023-09-27,86,1452.5227,1722.9070,2139.8545,2518.6356,2804.3311,2980.0000,3089.4506,3185.1566,3249.7171,3815.2559,3447.4188
2023-09-27,86,1465.4247,1730.7606,2147.7501,2500.8752,2755.9048,2953.0000,3084.7372,3178.7784,3259.3785,3813.0000,3428.8222
2023-09-30,86,-9999.0000,-9999.0000,-9999.0000,-9999.0000,-9999.0000,-9999.0000,-9999.0000,-9999.0000,-9999.0000,-9999.0000,-9999.0000
2023-09-30,86,-9999.0000,-9999.0000,-9999.0000,-9999.0000,-9999.0000,-9999.0000,-9999.0000,-9999.0000,-9999.0000,-9999.0000,-9999.0000
2023-10-02,86,1421.0000,1835.3615,2187.4173,2582.4525,2918.4036,2971.3434,3146.3343,3177.1436,3264.0000,4009.2312,3750.0463
2023-10-02,86,1425.1869,1794.6591,2114.3137,2474.8341,2813.0000,2891.0000,3076.6820,3121.5162,3213.9449,3937.6978,3717.6459
2023-10-07,86,1413.9056,1683.4331,2107.7606,2485.9971,2762.5659,2969.2824,3074.7541,3168.0355,3219.0000,3847.7794,3459.5842
2023-10-07,86,1422.3370,1682.9155,2098.4135,2454.0040,2733.1424,2939.8218,3059.2665,3161.8467,3211.4954,3815.3235,3468.6478
2023-10-12,86,-9999.0000,-9999.0000,-9999.0000,-9999.0000,-9999.0000,-9999.0000,-9999.0000,-9999.0000,-9999.0000,-9999.0000,-9999.0000
2023-10-17,86,1375.0000,1642.7816,2043.3499,2360.6731,2650.7230,2939.8273,3045.5533,3233.1597,3186.4513,3640.6431,3272.1055
2023-10-17,86,1390.0000,1650.9240,2059.5837,2373.2216,2652.1565,2923.8307,3034.5471,3242.4571,3192.3273,3653.4179,3283.9109
2023-10-22,86,654.3897,933.2402,1179.7323,1387.9468,1668.7035,1946.9567,2077.9598,2165.3941,2200.0564,2339.1869,1843.5830
2023-10-22,86,680.3715,940.6986,1180.4589,1386.4968,1651.8807,1921.7273,2073.0202,2147.4547,2172.0861,2337.9661,1835.1062
2023-10-27,86,751.0000,924.7470,1259.6012,1466.6778,1818.9008,2145.5036,2262.3587,2267.2814,2406.3049,2475.0842,1835.8617
2023-10-27,86,774.2384,944.4293,1266.9527,1475.5956,1810.1202,2156.0000,2250.6702,2274.0778,2410.1641,2481.7720,1842.1427
2023-11-04,86,678.0000,954.5279,1267.2487,1468.4063,1818.7634,2155.7280,2308.2019,2436.4901,2425.2840,2388.7387,1899.4983
2023-11-04,86,714.0000,989.6185,1308.0434,1468.1261,1818.2016,2172.8925,2316.6000,2442.8563,2428.4719,2382.8152,1895.0000
2023-11-11,86,753.6480,1035.0414,1338.6907,1483.0179,1947.9136,2364.0041,2509.7050,2666.2690,2621.1274,2516.3827,1916.2024
2023-11-11,86,773.0000,1044.9787,1339.3518,1475.7183,1938.7336,2355.8196,2507.6658,2648.9847,2626.5072,2501.4407,1886.0000
2023-11-19,86,673.7553,930.8608,1315.7148,1396.9711,1932.0000,2452.3577,2616.5533,2588.3316,2727.1401,2408.6595,1707.0602
2023-11-19,86,658.0000,901.0555,1315.2131,1387.7293,1975.4853,2505.4092,2650.1827,2627.1382,2771.9018,2442.7197,1705.0000
2023-11-24,86,-9999.0000,-9999.0000,-9999.0000,-9999.0000,-9999.0000,-9999.0000,-9999.0000,-9999.0000,-9999.0000,-9999.0000,-9999.0000
2023-11-26,86,764.3987,921.4950,1322.6122,1338.3115,1866.9002,2451.0096,2548.8109,2740.3202,2683.8370,2410.0000,1784.0000
2023-11-26,86,784.2204,944.3813,1330.1883,1338.9542,1866.5082,2443.4525,2554.2364,2738.7403,2689.8547,2417.1711,1788.0000
2023-11-29,86,628.3520,841.5721,1226.9480,1259.5702,1804.6809,2323.0091,2442.7219,2651.6724,2579.3553,2347.3451,1737.0000
2023-11-29,86,686.0000,877.2204,1267.0526,1274.6645,1804.7773,2324.6110,2452.2114,2642.6182,2587.4424,2340.6282,1745.8553
2023-12-09,86,793.0000,993.0118,1372.2153,1443.4846,2043.5489,2579.2577,2722.4424,2833.0167,2893.4780,2587.8222,1894.0782
2023-12-09,86,841.0000,1021.5868,1378.5291,1450.6274,2019.1392,2588.1545,2723.9598,2841.5508,2890.8861,2579.5000,1892.9185
2023-12-14,86,1355.0000,1560.0000,1898.0000,1896.0000,2264.0000,2624.0000,2807.0000,3060.0000,2889.0000,2025.0000,1558.0000
2023-12-14,86,1910.0000,1945.8674,2126.0000,2129.9977,2569.4062,2927.0000,3037.2917,3144.0000,3129.5531,2277.2418,1905.2887
2023-12-16,86,725.0000,877.0116,1203.4536,1316.0792,1770.7904,2324.1254,2437.0193,2626.5543,2588.0284,2278.3427,1642.2644
2023-12-16,86,768.0000,909.2843,1227.4827,1315.7693,1782.3905,2331.9879,2445.5493,2625.6090,2595.6369,2269.3610,1649.2299
2023-12-19,86,598.0000,772.8438,1066.5934,1172.1449,1592.0000,2101.0241,2220.7858,2387.8782,2356.5083,2011.0000,1424.6541
2023-12-19,86,641.0000,804.9056,1083.2102,1171.0207,1586.9370,2089.8819,2220.4665,2386.0000,2355.4415,2010.6582,1425.5345
2023-12-24,86,-9999.0000,-9999.0000,-9999.0000,-9999.0000,-9999.0000,-9999.0000,-9999.0000,-9999.0000,-9999.0000,-9999.0000,-9999.0000
2023-12-24,86,1891.0000,1972.0000,2088.0000,2084.3167,2531.0000,2881.0000,2989.1037,3052.1213,3051.0000,2493.0000,2018.2096
2024-01-05,86,-9999.0000,-9999.0000,-9999.0000,-9999.0000,-9999.0000,-9999.0000,-9999.0000,-9999.0000,-9999.0000,-9999.0000,-9999.0000
2024-01-08,86,-9999.0000,-9999.0000,-9999.0000,-9999.0000,-9999.0000,-9999.0000,-9999.0000,-9999.0000,-9999.0000,-9999.0000,-9999.0000
2024-01-08,86,-9999.0000,-9999.0000,-9999.0000,-9999.0000,-9999.0000,-9999.0000,-9999.0000,-9999.0000,-9999.0000,-9999.0000,-9999.0000
2024-01-13,86,616.6260,872.8816,1085.1542,1216.8379,1565.2713,2082.0000,2234.9169,2386.7146,2334.2117,1812.7034,1381.3477
2024-01-13,86,718.0000,937.5114,1112.9093,1224.5259,1556.6337,2058.5708,2194.0000,2354.6688,2309.0958,1797.7273,1369.2015
2024-01-15,86,-9999.0000,-9999.0000,-9999.0000,-9999.0000,-9999.0000,-9999.0000,-9999.0000,-9999.0000,-9999.0000,-9999.0000,-9999.0000
2024-01-20,86,622.0000,884.9612,1080.6224,1266.5249,1593.4508,2142.5095,2292.0336,2564.6725,2422.3267,1865.0373,1334.0525
2024-01-20,86,675.0000,929.3446,1121.9975,1282.3416,1589.3087,2133.1953,2275.6188,2546.1178,2409.2291,1856.5067,1337.2060
2024-01-23,86,615.0000,861.1878,1052.8923,1197.2519,1510.4626,1974.0000,2092.6576,2251.9106,2217.0605,1762.5229,1333.8481
2024-01-23,86,674.0000,897.2889,1077.1223,1200.5899,1516.8626,1966.8486,2098.0710,2250.7192,2212.6026,1757.0000,1337.1937
2024-01-25,86,778.0000,896.0000,1173.1476,1333.3434,1710.9553,2165.3950,2285.2055,2339.6334,2398.5556,1985.0000,1333.7905
2024-01-25,86,924.0000,1018.0000,1233.3616,1353.3816,1694.6318,2133.7070,2237.7342,2291.9203,2352.9814,1960.0000,1317.5472
2024-01-28,86,600.0000,733.6243,945.4377,1080.9146,1420.5470,1854.2398,1981.0549,2115.7718,2085.2571,1853.1584,1341.2471
2024-01-28,86,650.1933,765.5108,961.5588,1081.5439,1413.7947,1837.1449,1957.6459,2107.6364,2078.1966,1828.9045,1328.8608
2024-01-30,86,556.5769,793.1876,964.7827,1121.0353,1448.9870,1928.8718,2081.8231,2251.0930,2185.4375,1899.0000,1412.7324
2024-01-30,86,642.6428,848.9533,993.4692,1132.7249,1453.1403,1922.0514,2053.6595,2235.9875,2165.0555,1888.5324,1409.0262
2024-02-02,86,192.0000,344.3751,402.2297,448.2423,588.3272,766.3940,826.6384,841.6267,846.4725,682.1884,530.4289
2024-02-02,86,265.0000,390.3617,432.3280,462.2145,600.2979,781.0000,838.6507,848.9954,850.6674,680.2546,528.7717
2024-02-04,86,357.0000,485.8714,801.8696,1037.5986,1453.6273,1941.7261,2064.8010,2146.1940,2186.4908,2049.0105,1573.6006
2024-02-04,86,412.0000,536.6437,833.4929,1056.6166,1449.0097,1932.9779,2048.0000,2138.7360,2169.5945,2033.2909,1565.9403
2024-02-14,86,829.0000,968.4884,1256.5358,1411.1326,1803.3447,2314.5567,2452.1506,2555.8656,2594.3678,2421.0113,1803.0397
2024-02-14,86,899.0000,1009.3556,1272.7832,1410.1706,1794.4435,2293.1743,2426.8602,2544.9783,2581.1493,2402.4054,1796.0470
2024-02-17,86,-9999.0000,-9999.0000,-9999.0000,-9999.0000,-9999.0000,-9999.0000,-9999.0000,-9999.0000,-9999.0000,-9999.0000,-9999.0000
2024-02-17,86,-9999.0000,-9999.0000,-9999.0000,-9999.0000,-9999.0000,-9999.0000,-9999.0000,-9999.0000,-9999.0000,-9999.0000,-9999.0000
2024-02-19,86,646.0000,929.3545,1235.4039,1356.6027,1832.9716,2429.6383,2626.5375,2699.2953,2723.4095,2405.4858,1826.2800
2024-02-19,86,678.0000,953.0317,1244.7648,1361.0342,1825.9911,2419.1265,2610.0909,2690.0150,2714.6664,2396.8794,1812.0000
2024-03-05,86,693.0000,852.1554,1224.6204,1225.1240,1782.0016,2860.6100,3019.4064,3089.3333,3148.0440,2297.5306,1541.8710
2024-03-05,86,675.0000,845.3960,1249.3887,1236.4959,1805.9929,2901.7742,3058.3705,3139.4284,3177.8630,2309.7981,1549.4966
2024-03-13,86,647.0000,924.9616,1273.2226,1265.8011,1780.0000,2682.3881,2885.0000,3019.7941,2978.0748,2307.0000,1684.8450
2024-03-13,86,768.0000,985.4589,1276.8516,1201.7601,1692.3191,2547.3376,2729.0000,2884.7894,2844.4217,2163.0000,1603.0974
2024-03-20,86,512.0000,736.3780,1100.7772,1044.8098,1720.3683,2929.9040,3203.1818,3313.4411,3276.1425,2224.8308,1481.8795
2024-03-20,86,723.0000,877.4719,1160.7163,1080.6581,1684.9481,2792.7569,3043.4845,3170.0541,3140.3732,2188.3774,1466.6806
2024-03-23,86,1101.5609,1433.1650,1652.8345,1484.7442,2126.5192,3266.8788,3499.8682,3627.1125,3588.6648,2276.7960,1651.2729
2024-03-23,86,1146.4127,1498.7910,1786.6071,1580.3701,2269.7634,3563.3930,3799.6691,4019.2371,3879.8912,2324.0000,1668.2975
2024-03-25,86,616.0000,709.3012,1101.2981,1043.5413,1713.7831,3019.4151,3227.3332,3489.5821,3353.9150,2251.4114,1508.2486
2024-03-25,86,646.0000,733.1957,1113.5455,1050.3566,1709.0000,3009.3417,3212.3890,3473.3692,3354.6729,2257.4621,1504.9818
2024-03-30,86,1734.0000,1876.0000,2272.0000,1965.0932,2864.1420,4426.0557,4794.9196,4554.1796,4684.2581,2435.0000,1597.5207
2024-04-02,86,421.0000,544.8723,877.3832,657.2135,1356.4798,3152.2652,3525.6375,3675.1282,3602.0000,1741.0421,1018.9804
2024-04-02,86,448.5965,570.1348,892.8421,661.4030,1354.0000,3160.9913,3515.5805,3659.3777,3604.8488,1748.4817,1022.0863
2024-04-04,86,421.0000,457.1335,889.2098,635.2487,1418.2108,3418.0000,3781.1020,3893.7556,3892.5143,1874.3027,1040.0000
2024-04-04,86,521.0000,545.4166,933.3177,677.5372,1413.1148,3373.4659,3723.0000,3803.3250,3794.9045,1861.4988,1043.6339
2024-04-07,86,390.0000,477.5437,916.8171,673.5158,1420.8920,3467.1401,3944.5772,4071.6652,4026.6288,1700.3259,961.0704
2024-04-07,86,546.3941,589.0268,969.4314,725.0245,1437.4362,3374.0000,3836.6512,3961.4674,3930.1944,1675.6917,962.6351
2024-04-09,86,-9999.0000,-9999.0000,-9999.0000,-9999.0000,-9999.0000,-9999.0000,-9999.0000,-9999.0000,-9999.0000,-9999.0000,-9999.0000
2024-04-12,86,278.2377,477.3565,1017.1144,747.3324,1465.4028,3571.5100,4153.1770,4279.0616,4243.9128,1675.9882,962.2172
2024-04-12,86,399.0000,561.3215,1049.4406,773.2926,1464.4324,3474.9396,4041.0443,4168.3762,4134.0000,1656.7649,962.6708
2024-04-14,86,413.7582,529.4631,1208.9373,899.1428,1705.8106,4122.0715,4651.6368,4789.0340,4793.3976,1881.0994,1027.2947
2024-04-14,86,499.0000,609.2081,1221.0335,922.9010,1685.7316,4025.6860,4521.4263,4629.5564,4697.6070,1866.6171,1026.6218
2024-04-17,86,330.0000,437.7792,968.1309,665.4595,1465.2021,3798.6725,4355.4681,4582.4865,4490.5092,1555.5693,817.9856
2024-04-17,86,295.0000,397.2652,961.0585,645.3168,1472.6861,3896.0428,4503.3892,4692.4431,4602.0436,1562.7995,820.6348
2024-04-27,86,-9999.0000,-9999.0000,-9999.0000,-9999.0000,-9999.0000,-9999.0000,-9999.0000,-9999.0000,-9999.0000,-9999.0000,-9999.0000
2024-04-29,86,243.0000,409.9419,929.0879,635.8057,1553.1227,3947.1157,4567.5904,4821.2319,4684.5541,1539.3471,796.1661
2024-04-29,86,332.3557,481.5886,957.1896,668.5100,1540.4160,3842.0499,4473.2987,4707.5251,4580.0364,1537.7306,787.8817
2024-05-04,86,-9999.0000,-9999.0000,-9999.0000,-9999.0000,-9999.0000,-9999.0000,-9999.0000,-9999.0000,-9999.0000,-9999.0000,-9999.0000
2024-05-04,86,-9999.0000,-9999.0000,-9999.0000,-9999.0000,-9999.0000,-9999.0000,-9999.0000,-9999.0000,-9999.0000,-9999.0000,-9999.0000
2024-05-14,86,-9999.0000,-9999.0000,-9999.0000,-9999.0000,-9999.0000,-9999.0000,-9999.0000,-9999.0000,-9999.0000,-9999.0000,-9999.0000
2024-05-14,86,-9999.0000,-9999.0000,-9999.0000,-9999.0000,-9999.0000,-9999.0000,-9999.0000,-9999.0000,-9999.0000,-9999.0000,-9999.0000
2024-05-17,86,176.0000,289.4500,772.9418,329.5518,1442.1829,3877.4552,4371.2932,4470.3879,4521.6078,1274.8782,604.5967
2024-05-17,86,290.0000,377.3955,812.8951,381.3605,1453.1934,3779.9054,4264.5709,4357.8375,4410.2756,1276.0745,609.2779
2024-05-22,86,-9999.0000,-9999.0000,-9999.0000,-9999.0000,-9999.0000,-9999.0000,-9999.0000,-9999.0000,-9999.0000,-9999.0000,-9999.0000
2024-05-22,86,-9999.0000,-9999.0000,-9999.0000,-9999.0000,-9999.0000,-9999.0000,-9999.0000,-9999.0000,-9999.0000,-9999.0000,-9999.0000
2024-05-24,86,339.0000,385.6483,869.3464,459.5151,1586.6978,3715.3525,4107.9755,4227.0840,4314.9625,1476.7740,739.1538
2024-05-24,86,340.0000,405.5444,880.9415,466.6595,1595.3238,3713.0000,4106.7449,4209.8018,4325.0000,1469.1393,739.5528
2024-05-27,86,-9999.0000,-9999.0000,-9999.0000,-9999.0000,-9999.0000,-9999.0000,-9999.0000,-9999.0000,-9999.0000,-9999.0000,-9999.0000
2024-06-01,86,200.3233,361.8041,829.3113,475.3779,1612.0893,3430.1894,3865.8711,4055.0380,4188.8745,1442.5027,716.1220
2024-06-01,86,374.6746,484.9934,881.2916,537.0971,1569.4015,3292.1397,3721.7607,3908.2089,4024.6613,1426.8338,716.1746
2024-06-03,86,-9999.0000,-9999.0000,-9999.0000,-9999.0000,-9999.0000,-9999.0000,-9999.0000,-9999.0000,-9999.0000,-9999.0000,-9999.0000
2024-06-06,86,580.1779,629.5684,1041.3910,832.9656,1744.4566,3173.1514,3538.5520,3618.2405,3865.9763,1802.9664,1075.8828
2024-06-06,86,653.0000,677.2668,1048.9554,841.2490,1705.8519,3089.1743,3465.6998,3562.1395,3786.4438,1788.0635,1064.7009
2024-06-16,86,265.0803,313.3672,641.1634,563.2561,1227.4457,2443.3207,2764.4137,2874.7893,3106.7847,1949.0004,1100.8166
2024-06-16,86,364.0000,405.4345,705.1746,611.1092,1251.3560,2450.4633,2763.4411,2865.3623,3098.4796,1946.9058,1100.4274
2024-06-18,86,500.6546,573.1317,845.3315,730.9406,1388.9341,2585.1837,2963.7896,3090.0000,3243.3284,2140.9673,1345.9635
2024-06-18,86,512.4982,565.1375,836.6676,723.2827,1377.3626,2572.3576,2938.8063,3084.8958,3211.9326,2124.3947,1339.5359
2024-06-26,86,-9999.0000,-9999.0000,-9999.0000,-9999.0000,-9999.0000,-9999.0000,-9999.0000,-9999.0000,-9999.0000,-9999.0000,-9999.0000
2024-06-26,86,-9999.0000,-9999.0000,-9999.0000,-9999.0000,-9999.0000,-9999.0000,-9999.0000,-9999.0000,-9999.0000,-9999.0000,-9999.0000
2024-06-28,86,298.0000,410.6697,707.4688,598.7543,1270.2456,2481.9708,2868.6295,2907.5730,3154.6015,2133.8382,1302.6645
2024-06-28,86,509.0000,595.1269,834.3503,698.7847,1315.3400,2464.0593,2851.6630,2859.9303,3106.3711,2119.6084,1307.0476
2024-07-06,86,824.0000,869.5642,1170.9269,1354.8466,1922.3634,2532.9983,2809.7397,2898.7843,3186.8925,3688.3880,2555.7257
2024-07-06,86,841.1191,884.4155,1184.8094,1360.0000,1948.0000,2552.2756,2842.5496,2930.9265,3219.4807,3701.1403,2545.0000
2024-07-08,86,722.9645,995.1106,1291.8542,1578.4598,2086.6463,2481.4759,2795.5335,2899.4674,3178.8084,3926.5459,2854.8425
2024-07-08,86,716.0930,979.7269,1291.1792,1611.7985,2130.5896,2491.2478,2788.5823,2900.3515,3179.8299,3946.9185,2856.0164
2024-07-11,86,585.0000,810.3235,1099.4960,1362.6860,1844.6630,2177.2197,2442.7126,2546.2380,2827.2173,3496.5185,2615.4422
2024-07-11,86,642.0000,851.3927,1123.1726,1361.2197,1852.8209,2186.4435,2458.7878,2545.6243,2827.1414,3482.7914,2615.3828
2024-07-13,86,729.7447,875.3859,1202.4521,1383.9841,1940.6530,2406.8645,2635.4810,2684.0711,3008.8090,3668.0296,2630.2338
2024-07-13,86,779.4657,898.9509,1210.7202,1387.5710,1944.4795,2423.0000,2644.3459,2676.2349,2986.6132,3641.5987,2613.3467
2024-07-16,86,538.0000,611.2146,931.9420,1045.2382,1575.3009,2197.4638,2406.6154,2451.0907,2700.5363,3190.3044,2325.8634
2024-07-16,86,645.0878,683.5590,971.3884,1058.9953,1577.8819,2203.6770,2412.4529,2450.3741,2698.5143,3142.0000,2317.1417
2024-07-18,86,635.1767,747.2260,1035.3771,1091.4376,1653.4608,2419.4950,2695.9466,2770.7433,2962.3091,3398.4562,2520.8365
2024-07-18,86,715.0089,786.6356,1059.0024,1099.3432,1651.4007,2402.9979,2708.5809,2763.5346,2930.6281,3370.7435,2500.4584
2024-07-21,86,498.0000,603.2906,923.6276,900.0263,1527.2772,2501.8451,2810.0469,2828.9557,3051.7477,2980.0466,2119.1980
2024-07-21,86,544.0000,636.8953,939.6304,907.5350,1514.5041,2500.3342,2802.6639,2833.9896,3044.8851,2963.7461,2109.0000
2024-07-23,86,990.0000,706.0000,991.0000,782.0000,1396.0000,2623.0000,2890.0000,3112.0000,3033.0000,2135.0000,1364.0000
2024-07-23,86,807.0000,704.0000,968.9641,802.0000,1340.9549,2445.0000,2703.0000,2747.8298,2830.0000,2068.9181,1304.0000
2024-07-26,86,454.0000,489.6916,859.4817,739.4662,1459.9431,2796.5171,3117.3387,3094.6338,3340.9863,2747.7937,1786.6130
2024-07-26,86,621.0000,621.4365,924.9171,787.4187,1458.4064,2738.5270,3043.5824,3032.2948,3267.6648,2700.8315,1771.1779
2024-07-28,86,519.0000,597.0454,971.2075,803.5518,1581.1122,2982.8137,3400.3917,3380.9886,3639.8355,2956.3793,1928.0022
2024-07-28,86,652.0000,729.4170,1036.8088,859.1955,1564.0177,2930.6392,3352.3960,3285.7815,3555.4976,2905.7345,1922.4746
2024-07-31,86,425.0000,573.2355,917.2175,761.0015,1452.2519,2825.8123,3211.5370,3191.9392,3418.5647,2555.2957,1659.8878
2024-07-31,86,548.0000,668.7498,968.9301,801.3774,1448.5564,2781.3847,3172.2705,3154.4687,3379.8616,2529.7402,1650.5488
2024-08-05,86,-9999.0000,-9999.0000,-9999.0000,-9999.0000,-9999.0000,-9999.0000,-9999.0000,-9999.0000,-9999.0000,-9999.0000,-9999.0000
2024-08-05,86,-9999.0000,-9999.0000,-9999.0000,-9999.0000,-9999.0000,-9999.0000,-9999.0000,-9999.0000,-9999.0000,-9999.0000,-9999.0000
2024-08-07,86,392.5762,541.4195,915.5512,723.3256,1522.9679,3046.2860,3476.8205,3461.4332,3702.1754,2747.7769,1691.8598
2024-08-07,86,543.0000,656.9792,968.8896,763.5342,1509.2214,2972.3070,3414.6664,3383.2189,3627.6630,2692.7208,1681.7452
2024-08-10,86,393.0000,521.5247,821.2166,657.1154,1341.2155,2707.7060,3111.9759,3111.2406,3337.7204,2448.9897,1523.6139
2024-08-10,86,456.0000,561.3310,841.3730,673.0874,1344.9613,2691.7679,3099.7289,3096.3637,3336.4267,2436.7666,1509.4333
2024-08-12,86,529.0000,573.2636,925.3660,769.1557,1496.8700,2933.0892,3256.3936,3287.8313,3528.1129,2689.5011,1621.0559
2024-08-12,86,581.0000,613.3875,949.7251,785.2370,1509.6987,2955.4761,3269.6889,3303.1085,3545.1697,2693.7545,1620.7544
2024-08-12,86,532.7249,585.0191,941.0314,781.1439,1521.3434,3016.5128,3336.6242,3349.0589,3588.7838,2725.2424,1637.2876
2024-08-12,86,594.0000,625.4845,973.2481,797.8865,1528.8093,2999.2900,3321.3787,3350.2371,3596.2940,2692.9578,1624.4121
2024-08-15,86,361.0000,468.9822,797.3417,685.5214,1369.7304,2652.1919,2983.1980,3002.4235,3256.7008,2461.3734,1465.7548
2024-08-15,86,473.0000,541.1535,837.1845,713.5048,1373.8310,2619.6023,2952.9354,2978.5801,3220.2292,2446.0000,1461.4397
2024-08-17,86,-9999.0000,-9999.0000,-9999.0000,-9999.0000,-9999.0000,-9999.0000,-9999.0000,-9999.0000,-9999.0000,-9999.0000,-9999.0000
2024-08-17,86,-9999.0000,-9999.0000,-9999.0000,-9999.0000,-9999.0000,-9999.0000,-9999.0000,-9999.0000,-9999.0000,-9999.0000,-9999.0000
2024-08-20,86,-9999.0000,-9999.0000,-9999.0000,-9999.0000,-9999.0000,-9999.0000,-9999.0000,-9999.0000,-9999.0000,-9999.0000,-9999.0000
2024-08-20,86,-9999.0000,-9999.0000,-9999.0000,-9999.0000,-9999.0000,-9999.0000,-9999.0000,-9999.0000,-9999.0000,-9999.0000,-9999.0000
2024-08-22,86,297.0000,421.6370,845.1624,634.6686,1417.9769,2938.4674,3259.2658,3269.9488,3513.8202,2453.3992,1381.6972
2024-08-22,86,542.0000,596.7691,929.0339,708.9291,1417.6382,2861.2043,3161.2833,3189.6099,3417.3592,2397.0000,1370.4008
2024-08-25,86,374.0000,465.0762,769.0438,587.7753,1277.3700,2651.7348,3017.2753,3033.1722,3269.8357,2265.1728,1256.4980
2024-08-25,86,450.0000,517.1334,797.6713,603.1140,1277.0416,2634.5164,2984.5884,3015.8332,3256.0716,2244.9669,1254.4261
2024-08-27,86,715.0000,893.3317,1204.7265,905.4572,1689.1870,3267.1339,3784.8779,3750.3672,3974.5766,2589.9976,1500.3079
2024-08-27,86,765.0000,878.3005,1097.0988,857.2834,1509.2490,2859.8285,3333.1128,3330.5783,3559.3946,2484.8043,1453.6876
2024-08-30,86,438.0000,573.1168,809.0432,628.8399,1229.2886,2482.9514,2876.6962,2884.3300,3122.8523,2244.8737,1329.1417
2024-08-30,86,463.0000,589.2268,820.9886,633.1155,1237.4526,2499.4127,2903.1378,2898.6990,3145.7359,2256.9431,1329.4746
2024-09-04,86,335.0000,445.5460,741.3943,609.0384,1229.6293,2411.5031,2723.5228,2721.3228,3012.1533,2297.1743,1305.3324
2024-09-04,86,438.0000,521.2921,781.4264,643.0257,1237.2983,2395.3668,2715.2148,2714.4799,2987.7339,2281.0000,1313.1025
2024-09-09,86,-9999.0000,-9999.0000,-9999.0000,-9999.0000,-9999.0000,-9999.0000,-9999.0000,-9999.0000,-9999.0000,-9999.0000,-9999.0000
2024-09-09,86,-9999.0000,-9999.0000,-9999.0000,-9999.0000,-9999.0000,-9999.0000,-9999.0000,-9999.0000,-9999.0000,-9999.0000,-9999.0000
2024-09-11,86,398.0000,453.5293,793.6945,557.3559,1293.5228,2722.3466,2980.8778,3031.2321,3254.4520,2333.9414,1279.0000
2024-09-11,86,463.0000,508.9545,821.1444,577.6534,1293.2663,2698.4872,2969.5534,2998.0450,3242.8684,2313.0000,1276.2141
2024-09-16,86,2062.0000,1058.0000,1480.0000,1334.0000,2183.0000,3710.0000,4185.0000,4672.0000,4358.0000,2708.0000,2084.0000
2024-09-16,86,-9999.0000,-9999.0000,-9999.0000,-9999.0000,-9999.0000,-9999.0000,-9999.0000,-9999.0000,-9999.0000,-9999.0000,-9999.0000
2024-09-21,86,430.0000,558.2517,841.7803,761.0827,1360.0000,2446.0000,2697.5721,2727.4283,2985.1289,2706.6965,1587.3604
2024-09-21,86,499.0000,600.0000,866.1936,758.2736,1361.0000,2411.4649,2627.7483,2714.4009,2964.1107,2649.0468,1580.0000
2024-09-24,86,405.0000,478.0000,801.2350,678.3520,1329.0000,2068.4046,2333.8866,2486.9478,2760.8227,2464.0000,1391.0000
2024-09-24,86,477.0000,533.6654,826.0000,682.3791,1339.4418,2073.7458,2359.0094,2486.8834,2774.7975,2467.6437,1444.0724
2024-09-29,86,344.0000,577.5935,802.2599,937.0327,1361.3994,1858.0818,2101.1395,2360.0732,2498.0772,2994.6096,2051.9921
2024-09-29,86,379.0000,589.0971,809.3359,941.0829,1366.3749,1857.6088,2101.4261,2358.4625,2486.4378,2996.3219,2061.4601
2024-10-11,86,436.0000,553.0094,845.2776,825.7565,1349.5623,2023.9667,2167.6669,2276.4329,2405.9363,2803.2785,1894.0191
2024-10-11,86,438.0000,557.1046,844.6681,825.2980,1349.6896,2021.1398,2168.2386,2279.8423,2408.1205,2803.6398,1891.2932
2024-10-21,86,497.0000,604.1338,917.0723,793.0612,1402.3578,2355.4081,2517.1732,2554.6741,2707.4293,2585.3631,1626.6674
2024-10-21,86,583.0000,666.2999,964.5845,821.0988,1417.0000,2333.0000,2487.7181,2534.9330,2700.5968,2572.9392,1627.0000
2024-10-26,86,-9999.0000,-9999.0000,-9999.0000,-9999.0000,-9999.0000,-9999.0000,-9999.0000,-9999.0000,-9999.0000,-9999.0000,-9999.0000
2024-10-29,86,309.0000,514.0242,808.6939,617.4163,1272.3060,2380.3975,2631.1012,2660.8993,2795.7645,2236.4406,1411.7208
2024-10-29,86,347.0000,536.0782,821.2043,617.4036,1276.2966,2387.4069,2634.7729,2664.4917,2806.5064,2237.1262,1404.6819
2024-10-31,86,363.0000,461.3166,816.9910,605.1211,1318.2853,2573.3422,2745.9934,2839.5771,2920.4087,2435.8247,1450.7198
2024-10-31,86,361.0000,458.4601,817.1096,597.3025,1321.6998,2584.0000,2757.0099,2857.5116,2952.4574,2448.8297,1445.5311
2024-11-03,86,625.0000,702.5771,1001.5101,790.0615,1510.3213,2628.7492,2822.0435,2933.3888,3033.1989,2395.2033,1481.5688
2024-11-03,86,648.0000,714.1079,1009.5384,793.1823,1510.6646,2660.2445,2854.1871,2963.5280,3052.6601,2397.2914,1477.2837
2024-11-05,86,491.0000,709.2458,885.4185,1036.9985,1194.1473,1304.5327,1384.4958,1494.4598,1464.9762,1867.0000,1600.3048
2024-11-05,86,466.0000,692.8045,872.9335,1036.8784,1201.1690,1271.4741,1385.0701,1478.9606,1449.2954,1864.9561,1606.3659
2024-11-08,86,520.0000,737.3754,869.0687,1032.6692,1165.9718,1211.9051,1283.4105,1351.5472,1348.6130,1629.6654,1541.8337
2024-11-08,86,587.0000,784.4600,893.0445,1041.0997,1172.5600,1219.3142,1283.5551,1349.5592,1355.4544,1625.7141,1533.3329
2024-11-10,86,716.0000,877.3161,1108.5979,1332.3907,1492.9128,1547.9713,1613.2263,1751.4758,1699.6134,2205.5994,2044.4414
2024-11-10,86,744.0000,889.0791,1112.3957,1331.7193,1485.3801,1548.3018,1596.0105,1736.7613,1691.9508,2205.6448,2034.0502
2024-11-13,86,833.0000,1057.0858,1296.4902,1578.7951,1713.2078,1755.5253,1836.4949,1980.8387,1932.3449,2564.0000,2395.5942
2024-11-13,86,875.0000,1084.8074,1332.8292,1587.2725,1709.6980,1757.9817,1814.0000,1963.1552,1922.8011,2544.3548,2377.8850
2024-11-15,86,946.4925,1288.6586,1539.5143,1834.7237,1973.4599,1997.6762,2075.3719,2242.3752,2180.5382,2833.8025,2811.5951
2024-11-15,86,970.0097,1308.6649,1547.2728,1826.3316,1981.0868,2005.6793,2082.7714,2243.3859,2172.9964,2843.5341,2820.4320
2024-11-18,86,1165.0000,1449.0844,1652.7001,1882.7693,2041.5742,2089.7938,2180.2069,2283.8445,2259.1572,2713.0919,2688.1263
2024-11-18,86,1069.0000,1400.8106,1632.9153,1898.7648,2061.6375,2083.4653,2180.2520,2274.5031,2268.3300,2756.0000,2715.8993
2024-11-23,86,401.0000,550.1249,717.4054,901.4239,984.1809,1040.8212,1104.0000,1206.9810,1188.4410,1423.0000,1095.0000
2024-11-23,86,441.0000,574.1359,728.8651,901.1105,992.4983,1041.3917,1107.7805,1206.6105,1187.4677,1417.2643,1096.7149
2024-11-25,86,-9999.0000,-9999.0000,-9999.0000,-9999.0000,-9999.0000,-9999.0000,-9999.0000,-9999.0000,-9999.0000,-9999.0000,-9999.0000
2024-11-25,86,-9999.0000,-9999.0000,-9999.0000,-9999.0000,-9999.0000,-9999.0000,-9999.0000,-9999.0000,-9999.0000,-9999.0000,-9999.0000
2024-11-30,86,479.0000,605.2763,792.9033,993.3930,1125.9298,1167.0000,1210.3716,1333.4595,1292.4572,1608.9866,1323.0000
2024-11-30,86,503.0000,625.2969,801.4593,996.9785,1125.5351,1170.5082,1203.6258,1334.6897,1317.2164,1619.0000,1332.8677
2024-12-05,86,630.0000,884.9768,1032.7998,1249.1420,1402.0473,1464.8174,1540.4323,1674.8821,1612.9258,2049.3918,1876.3788
2024-12-05,86,624.3688,888.6181,1052.8173,1265.5498,1409.1905,1466.1453,1538.0039,1669.9736,1611.6946,2053.4032,1873.4958
2024-12-13,86,554.5959,745.6842,993.0946,1193.2805,1385.3331,1456.5481,1538.0153,1627.2490,1619.9210,2013.9215,1756.7763
2024-12-13,86,694.0000,849.5223,1052.8205,1222.0000,1393.6763,1482.3901,1554.3109,1643.3244,1635.9107,2005.9931,1749.1209
2024-12-13,86,628.5236,785.7958,1040.9857,1236.9412,1404.3190,1529.9181,1562.9802,1684.0917,1660.0149,2070.3035,1809.4308
2024-12-13,86,745.0000,881.8383,1101.4162,1265.0758,1440.8102,1557.6457,1582.6732,1707.0722,1683.5101,2072.8068,1816.9429
2024-12-15,86,436.6631,802.1534,985.6969,1153.1620,1318.3464,1410.3561,1501.8248,1602.5521,1578.8940,1969.0000,1728.8919
2024-12-15,86,675.0000,900.4195,1048.9857,1188.2352,1373.7919,1472.3709,1545.0331,1626.3627,1601.9694,1950.3072,1726.5051
2024-12-18,86,-9999.0000,-9999.0000,-9999.0000,-9999.0000,-9999.0000,-9999.0000,-9999.0000,-9999.0000,-9999.0000,-9999.0000,-9999.0000
2024-12-23,86,-9999.0000,-9999.0000,-9999.0000,-9999.0000,-9999.0000,-9999.0000,-9999.0000,-9999.0000,-9999.0000,-9999.0000,-9999.0000
2024-12-25,86,446.3905,713.5647,872.9949,1003.4608,1178.2415,1341.7954,1409.6598,1563.0723,1483.5174,1545.2121,1189.8884
2024-12-25,86,502.0000,749.8338,896.9727,1018.0881,1190.4193,1357.3433,1427.1371,1578.2765,1499.3761,1555.0000,1201.0753
2024-12-28,86,560.6731,808.8557,933.0681,1021.1207,1201.0637,1366.2014,1444.1389,1539.7900,1502.0000,1513.1139,1270.8904
2024-12-28,86,559.0000,793.6192,917.3767,1004.8188,1169.1667,1349.5359,1434.1505,1522.2916,1484.1439,1495.0000,1254.4338
2024-12-30,86,464.1207,588.7445,769.3519,893.3488,1089.9089,1282.1978,1364.7544,1460.5516,1442.6932,1536.8611,1182.7606
2024-12-30,86,536.0000,637.2532,804.8335,913.3662,1109.3946,1301.3410,1369.9989,1475.0912,1443.4885,1538.4944,1181.5872
2025-01-04,86,522.0000,809.0000,964.0000,1024.0000,1172.0000,1306.0000,1360.0000,1520.0000,1401.0000,1170.0000,970.0000
2025-01-12,86,410.4693,569.3623,769.5575,833.7630,1081.7474,1349.9115,1446.3695,1571.5569,1498.6359,1512.9970,1116.8509
2025-01-12,86,473.0000,601.1993,785.2240,833.3672,1078.3148,1357.9911,1443.2754,1562.5517,1497.6761,1505.0000,1118.1721
2025-01-14,86,626.0000,845.0885,1028.7957,1093.3936,1369.4134,1702.5022,1801.0070,1970.1132,1865.7332,1980.2271,1619.0000
2025-01-14,86,645.0000,849.1505,1029.1619,1089.7130,1369.2461,1694.2965,1790.4839,1970.6068,1853.5084,1966.3700,1617.2695
2025-01-17,86,604.0000,833.8862,1041.2525,1129.5689,1438.0494,1733.4313,1825.0958,1995.1089,1904.4295,1978.5598,1741.0000
2025-01-17,86,656.0729,866.1706,1057.3209,1129.0259,1429.2211,1733.3946,1817.4371,1977.8947,1888.8887,1961.9361,1729.8500
2025-02-03,86,578.8882,777.0708,989.4701,988.8046,1322.0000,1789.5170,1909.8433,2018.9693,1964.0632,1832.8837,1390.2815
2025-02-03,86,572.0000,764.8599,984.3646,979.6287,1316.5490,1789.4822,1901.5240,2018.9200,1955.9136,1820.7158,1386.3358
2025-02-06,86,477.0000,688.8182,916.8383,921.1398,1256.5544,1752.3389,1864.6856,1979.5553,1918.2356,1729.8239,1392.1644
2025-02-06,86,540.0000,733.4895,937.2458,933.4176,1260.7923,1741.9925,1861.0052,1970.4114,1911.0000,1720.7568,1389.1756
2025-02-08,86,680.4833,829.4408,1165.1625,1145.2368,1632.5029,2202.0932,2261.7738,2354.6648,2357.1981,2269.5695,1714.9629
2025-02-08,86,723.0000,844.8294,1164.8862,1145.7509,1636.9087,2181.5451,2248.9783,2330.9189,2337.9648,2249.2958,1705.5442
2025-02-16,86,918.0000,1284.0000,1674.0000,1740.0000,2148.0000,2849.0000,3074.0000,3376.0000,3312.0000,2728.0000,2101.0000
2025-02-16,86,1223.0000,1394.0000,1790.0000,1810.0000,2209.0000,2831.0000,3035.0000,3428.0000,3168.0000,2777.0000,2137.0000
2025-02-18,86,746.9313,885.6216,1244.8223,1346.2365,1792.8781,2280.6036,2377.1921,2587.1243,2490.0034,2425.6792,1802.6457
2025-02-18,86,832.0000,973.7360,1296.2257,1370.4183,1785.2513,2249.6467,2341.5447,2546.1317,2453.8547,2393.5626,1790.0943
2025-02-21,86,728.0000,880.8837,1258.6033,1362.9644,1819.1036,2342.0000,2441.4144,2603.4457,2545.0097,2483.0112,1883.1122
2025-02-21,86,957.0000,1037.6600,1324.7768,1387.9704,1820.0000,2298.5049,2381.4422,2546.0609,2497.3642,2451.5064,1864.0055
2025-02-28,86,-9999.0000,-9999.0000,-9999.0000,-9999.0000,-9999.0000,-9999.0000,-9999.0000,-9999.0000,-9999.0000,-9999.0000,-9999.0000
2025-02-28,86,-9999.0000,-9999.0000,-9999.0000,-9999.0000,-9999.0000,-9999.0000,-9999.0000,-9999.0000,-9999.0000,-9999.0000,-9999.0000
2025-03-03,86,536.0000,669.2193,1077.5908,1011.3038,1622.5701,2544.6816,2685.2524,2867.8297,2790.3614,2297.9286,1592.9626
2025-03-03,86,614.4957,729.0509,1105.6197,1026.6986,1633.3010,2537.7462,2681.0156,2858.5230,2785.8218,2296.7637,1610.2220
2025-03-05,86,584.0000,785.5669,1132.8916,1005.2254,1605.7550,2659.4319,2882.8989,3073.9491,2961.6783,2402.2246,1739.2577
2025-03-05,86,622.0000,804.9144,1140.6970,1013.3718,1593.4548,2637.4432,2867.9347,3065.7531,2938.5954,2385.0024,1740.3735
2025-03-08,86,669.0000,857.0653,1240.5157,1068.5223,1745.1920,3012.3090,3314.8908,3450.4830,3379.5739,2421.0996,1740.6711
2025-03-08,86,505.0000,749.0201,1200.9437,1011.1676,1728.0000,3116.6758,3427.2955,3544.4786,3482.0942,2452.5054,1756.8332
2025-03-10,86,-9999.0000,-9999.0000,-9999.0000,-9999.0000,-9999.0000,-9999.0000,-9999.0000,-9999.0000,-9999.0000,-9999.0000,-9999.0000
2025-03-10,86,-9999.0000,-9999.0000,-9999.0000,-9999.0000,-9999.0000,-9999.0000,-9999.0000,-9999.0000,-9999.0000,-9999.0000,-9999.0000
2025-03-18,86,250.0000,389.4709,761.5440,449.3143,1150.0000,3018.4931,3451.5898,3704.8309,3538.7995,1694.0000,949.0000
2025-03-18,86,342.0000,449.0931,792.9160,473.3525,1161.7114,2980.0893,3404.2943,3666.4261,3501.0851,1693.2925,953.2768
2025-03-20,86,334.3500,377.4413,825.1920,451.5225,1433.5102,3403.9584,3748.4300,4003.0000,3843.4967,1868.7954,973.1674
2025-03-20,86,442.0000,461.1593,860.7755,505.1972,1429.0492,3331.3506,3667.5459,3929.4638,3764.2619,1855.0000,957.0713
2025-03-23,86,-9999.0000,-9999.0000,-9999.0000,-9999.0000,-9999.0000,-9999.0000,-9999.0000,-9999.0000,-9999.0000,-9999.0000,-9999.0000
2025-03-23,86,-9999.0000,-9999.0000,-9999.0000,-9999.0000,-9999.0000,-9999.0000,-9999.0000,-9999.0000,-9999.0000,-9999.0000,-9999.0000
2025-03-25,86,-9999.0000,-9999.0000,-9999.0000,-9999.0000,-9999.0000,-9999.0000,-9999.0000,-9999.0000,-9999.0000,-9999.0000,-9999.0000
2025-03-30,86,-9999.0000,-9999.0000,-9999.0000,-9999.0000,-9999.0000,-9999.0000,-9999.0000,-9999.0000,-9999.0000,-9999.0000,-9999.0000
2025-03-30,86,-9999.0000,-9999.0000,-9999.0000,-9999.0000,-9999.0000,-9999.0000,-9999.0000,-9999.0000,-9999.0000,-9999.0000,-9999.0000
2025-04-01,86,1141.0000,1169.0505,1450.0000,1053.1873,1800.0000,3907.6455,4396.8851,4504.9471,4494.0000,1939.0552,1152.8401
2025-04-02,86,188.0000,240.9717,625.1763,304.9661,1129.8308,3076.1638,3498.4966,3611.3277,3602.6056,1412.0769,667.4206
2025-04-02,86,267.0000,300.9402,657.3023,329.4325,1150.4281,3066.3185,3483.4427,3602.5859,3605.7658,1405.0490,667.0861
2025-04-04,86,258.0000,365.3331,697.6091,347.3177,1091.7488,3156.7536,3770.3120,3930.2424,3868.8834,1444.9101,697.7844
2025-04-04,86,323.0000,421.7100,733.6385,386.5067,1100.3733,3129.9605,3724.3761,3881.9084,3821.1963,1437.0374,707.9320
2025-04-04,86,165.0000,230.1207,588.8574,293.2260,1014.3528,3010.3883,3547.2336,3660.5679,3675.8463,1341.4635,643.2475
2025-04-04,86,289.0000,321.4358,642.1940,337.3809,1029.0088,2965.0756,3474.3983,3602.1361,3606.0286,1322.3597,635.5780
2025-04-07,86,412.0000,485.2668,736.8490,409.9090,1063.0000,2694.5092,3170.9936,3350.2985,3289.5501,1204.5047,643.4868
2025-04-11,86,271.0000,300.7482,713.1006,363.1950,1202.7672,3378.9970,3907.9166,4034.3703,4052.3336,1460.0965,726.5801
2025-04-11,86,419.0000,420.9157,785.0590,436.2239,1229.9745,3300.3735,3802.7433,3946.6129,3963.5277,1450.5192,731.7466
2025-04-12,86,0.0000,25.9236,506.7872,195.4993,1164.6526,3212.3113,3705.6590,3865.4486,3875.6891,1362.5411,651.8481
2025-04-12,86,346.0000,361.1530,713.6210,395.6631,1243.2347,3065.0541,3508.1344,3673.2030,3682.3190,1372.2589,676.2451
2025-04-19,86,311.0000,320.8182,614.0391,293.3989,1073.4255,3148.4865,3739.9972,3873.8925,3915.6431,1364.4913,624.2616
2025-04-19,86,317.0000,317.5945,609.2456,285.4022,1074.0869,3154.0118,3747.7325,3891.2686,3916.5077,1361.7597,624.0000
2025-04-22,86,98.4273,145.1170,429.6209,208.9609,842.0207,2787.9250,3443.6344,3521.7418,3626.9983,1210.0810,569.7350
2025-04-22,86,171.0000,201.3713,469.2430,237.4271,869.5388,2794.0506,3441.8264,3515.1414,3619.4300,1219.8892,577.7001
2025-04-24,86,-9999.0000,-9999.0000,-9999.0000,-9999.0000,-9999.0000,-9999.0000,-9999.0000,-9999.0000,-9999.0000,-9999.0000,-9999.0000
2025-04-24,86,-9999.0000,-9999.0000,-9999.0000,-9999.0000,-9999.0000,-9999.0000,-9999.0000,-9999.0000,-9999.0000,-9999.0000,-9999.0000
2025-04-24,86,319.0000,309.5877,522.4795,299.7101,796.9206,2474.5528,3099.1640,3211.2649,3231.0000,1030.6375,502.0000
2025-04-24,86,512.0000,469.4730,717.0000,442.0440,1049.1763,2935.8104,3587.5125,3637.4898,3836.4527,1352.0000,688.8765
2025-04-27,86,100.0120,197.1606,395.9157,180.1363,668.0401,2554.0387,3429.0794,3522.7192,3610.5971,1033.8142,499.4985
2025-04-27,86,263.0000,325.2197,489.6891,259.3665,723.7357,2514.4090,3354.7056,3441.8318,3548.3020,1034.1050,507.0843
2025-04-29,86,176.0000,181.1529,452.1946,203.6134,897.9453,3044.8275,3852.9639,4059.3683,4052.0913,1238.0000,580.3306
2025-04-29,86,326.0000,321.3305,549.6548,291.8624,947.6156,2970.6182,3731.2724,3937.6031,3924.0408,1234.6762,582.5387
2025-05-01,86,282.8256,265.2840,505.2792,251.7734,803.3103,2936.7307,3798.0792,3928.7154,4020.1113,1223.9731,593.2061
2025-05-01,86,387.0000,361.5116,573.8854,315.2641,843.0730,2917.2619,3756.8490,3874.3238,3964.6891,1229.5624,597.4355
2025-05-02,86,267.0000,261.3460,469.3993,243.0719,833.5155,2746.9866,3525.0318,3641.9497,3748.8774,1114.6898,533.9757
2025-05-02,86,332.0000,321.3300,509.7705,267.2764,858.4143,2779.5048,3539.7695,3648.9934,3754.7544,1129.4446,539.3423
2025-05-04,86,853.1984,930.0000,1172.7281,963.4882,1556.2853,3261.0569,4075.3793,4108.0000,4155.8551,1633.3950,1146.8828
2025-05-04,86,913.1072,968.0000,1168.7669,970.7751,1508.3601,3093.2022,3881.2308,3912.7881,3978.4207,1617.4280,1148.2566
2025-05-04,86,610.0000,736.4895,1004.2570,778.6364,1339.3376,3148.6251,3942.0000,3994.7480,4106.1116,1499.4522,979.0928
2025-05-04,86,848.7005,893.4005,1084.6345,866.7141,1362.4173,2944.2081,3661.6481,3714.7848,3835.6495,1481.7860,979.1138
2025-05-09,86,379.0000,291.4605,565.3337,295.2918,1035.8651,3187.4510,3968.8830,4154.6923,4220.9992,1321.9476,650.2497
2025-05-09,86,388.2740,299.5626,564.4595,284.0531,1027.6575,3165.9864,3956.1048,4144.3322,4196.4956,1286.9097,628.7443
2025-05-11,86,250.6424,275.7407,539.6585,291.5144,871.5874,2883.8753,3692.4159,3850.3321,3939.4545,1254.1237,613.6290
2025-05-11,86,320.5399,330.9551,579.2819,331.8606,892.9307,2880.5513,3675.4462,3818.6025,3915.9496,1254.3850,634.6594
2025-05-12,86,0.1524,0.3640,291.2117,88.1992,760.8896,2739.1065,3499.6129,3707.6511,3789.2959,1171.8611,563.3324
2025-05-12,86,161.7635,138.8385,396.2931,167.1992,832.0000,2748.6808,3479.0000,3698.1133,3732.5156,1192.8616,564.2305
