2017-01-24,20,634.0000,829.6754,1059.4037,1226.7726,1514.5600,1771.4447,1859.7530,2042.8602,1986.4401,1929.2323,1316.6290
2017-04-11,20,883.5802,673.5294,771.5689,484.1379,963.3920,3201.3987,4171.2699,4310.0312,4365.1647,1466.3718,716.3036
2017-04-21,20,1.0000,1.0220,269.2687,147.6766,706.3698,3122.1950,4242.0137,4615.8171,4419.8700,1298.0309,620.2034
2017-04-21,20,331.2397,241.7465,371.9512,123.6402,635.6601,3205.1760,4371.3126,4744.8618,4539.7648,1285.6399,611.0473
2017-04-24,20,-9999.0000,-9999.0000,-9999.0000,-9999.0000,-9999.0000,-9999.0000,-9999.0000,-9999.0000,-9999.0000,-9999.0000,-9999.0000
2017-05-01,20,1396.0000,1246.6529,1386.6477,1201.3087,1608.9529,3110.2046,3765.6387,3994.8276,3889.3551,1729.5185,1249.4784
2017-05-04,20,-9999.0000,-9999.0000,-9999.0000,-9999.0000,-9999.0000,-9999.0000,-9999.0000,-9999.0000,-9999.0000,-9999.0000,-9999.0000
2017-05-04,20,-9999.0000,-9999.0000,-9999.0000,-9999.0000,-9999.0000,-9999.0000,-9999.0000,-9999.0000,-9999.0000,-9999.0000,-9999.0000
2017-05-14,20,1.0000,18.5211,257.4285,161.6132,666.5545,2541.5785,3453.4423,3563.5774,3714.7845,1068.5903,498.9152
2017-05-14,20,1.3525,21.6527,173.5385,41.4035,553.3519,2652.4400,3635.6367,3763.2758,3917.5008,1058.7995,484.0258
2017-05-21,20,-9999.0000,-9999.0000,-9999.0000,-9999.0000,-9999.0000,-9999.0000,-9999.0000,-9999.0000,-9999.0000,-9999.0000,-9999.0000
2017-05-21,20,-9999.0000,-9999.0000,-9999.0000,-9999.0000,-9999.0000,-9999.0000,-9999.0000,-9999.0000,-9999.0000,-9999.0000,-9999.0000
2017-05-24,20,372.3428,317.8316,521.1480,445.0721,986.8685,2332.3686,2957.0737,3139.4462,3380.3880,1351.7479,728.8986
2017-05-24,20,420.5853,457.4020,613.6109,501.3630,1013.4494,2325.3865,2938.7225,3083.5360,3323.0656,1321.1393,729.7039
2017-05-31,20,1677.0000,1452.5000,1617.0000,1456.0000,2017.0000,3092.0000,3492.0000,3500.5619,3825.0000,2213.0000,1530.0000
2017-06-03,20,383.0000,421.4532,633.4482,628.0356,1195.2251,2027.4086,2418.7121,2563.1164,2829.0000,1603.6608,946.0377
2017-06-03,20,310.0000,305.0099,563.5376,595.3521,1171.8180,2043.3529,2449.9978,2579.7059,2858.4339,1570.1789,930.5478
2017-06-10,20,578.0000,779.9469,987.7354,1163.7145,1675.3921,2292.2961,2567.0377,2747.1529,2954.6011,2035.9433,1291.8070
2017-06-13,20,476.0000,561.6001,761.5016,1027.2779,1434.4332,1819.4524,2081.9337,2195.2481,2435.2132,1992.9958,1236.1568
2017-06-13,20,474.4249,589.5366,779.5824,1051.5669,1443.6450,1813.2365,2068.3351,2150.7572,2450.3681,1986.6140,1227.9995
2017-06-20,20,249.0000,601.4369,1011.3352,1563.0324,1953.8425,2282.9619,2485.1039,2620.1425,2882.9000,2907.8945,1828.4624
2017-06-20,20,658.6242,857.4900,1115.5802,1571.3041,1889.8067,2291.1974,2505.3393,2651.4744,2939.6760,2890.7645,1812.2664
2017-06-23,20,1887.0000,1509.7517,1713.4889,1962.8832,2345.6504,2730.0807,2977.6500,3051.7211,3285.9374,2708.6774,1806.0438
2017-06-23,20,2115.0000,1779.7491,1932.1958,2162.9093,2508.1015,2877.4301,3139.7334,3164.2871,3451.1069,2731.5370,1797.0106
2017-07-03,20,606.0000,877.5394,1203.2345,1716.1763,2083.6985,2428.4704,2677.5149,2867.4987,3082.7150,3705.3734,2316.1848
2017-07-03,20,582.3107,906.9006,1259.6883,1799.4156,2148.4631,2459.9357,2708.5488,2854.8922,3107.6604,3719.0622,2315.4825
2017-07-08,20,620.3910,893.3292,1165.5234,1571.3273,1916.6560,2273.8050,2571.7379,2675.7506,2907.8320,3576.2377,2441.9148
2017-07-10,20,322.5198,787.7526,1267.6869,1880.7635,2322.5173,2706.8513,2916.2874,3075.2823,3355.8951,3976.5292,2482.0646
2017-07-10,20,626.0360,979.5961,1355.4926,1928.2591,2331.5604,2763.6834,2972.6665,3139.2553,3414.4684,3973.6146,2474.9765
2017-07-13,20,205.0000,549.8857,956.2076,1339.5648,1811.1386,2294.2185,2531.5216,2630.5948,2893.1123,3513.4831,2204.6068
2017-07-13,20,375.0000,661.1890,1019.4697,1394.5244,1842.4346,2323.1922,2563.7705,2647.1246,2921.3055,3512.5496,2198.4163
2017-07-20,20,828.6722,979.8754,1291.0628,1490.8018,2027.5501,2882.7351,3179.7225,3236.3139,3562.0081,3619.5966,2217.8299
2017-07-20,20,838.7800,1051.3360,1395.5160,1674.4531,2266.5603,3131.9398,3412.8041,3499.3398,3852.0342,3816.4722,2275.5651
2017-07-23,20,268.0000,580.7399,913.6438,1075.8730,1608.9866,2425.0000,2731.1933,2795.4433,3100.7851,3125.0994,1846.3725
2017-07-23,20,586.1737,709.6562,977.5028,1132.8543,1689.9875,2524.0585,2820.1835,2892.1852,3226.9903,3204.4698,1875.0214
2017-07-30,20,-9999.0000,-9999.0000,-9999.0000,-9999.0000,-9999.0000,-9999.0000,-9999.0000,-9999.0000,-9999.0000,-9999.0000,-9999.0000
2017-08-02,20,425.0000,541.1784,809.5487,835.0411,1389.9792,2411.0000,2724.1923,2803.6502,3059.0829,2700.1088,1572.8034
2017-08-02,20,296.5947,485.6014,755.1579,803.2035,1361.1780,2461.5466,2772.3756,2844.2652,3123.2324,2714.4742,1562.6996
2017-08-09,20,276.0000,461.3575,817.7302,947.6602,1549.8901,2666.5521,2955.0652,3027.5488,3315.9034,2882.9513,1708.2075
2017-08-09,20,368.0000,509.5320,841.1764,956.5870,1533.9701,2693.0301,2986.0747,3036.0069,3308.3683,2859.4625,1683.8730
2017-08-12,20,130.0000,156.5073,210.5077,198.4242,364.8370,769.1362,896.8609,905.3933,987.7512,573.7192,302.5324
2017-08-12,20,1.0000,104.6137,224.6188,262.0000,473.0000,879.0000,1006.0000,1045.0000,1086.0000,705.0000,367.0000
2017-08-19,20,-9999.0000,-9999.0000,-9999.0000,-9999.0000,-9999.0000,-9999.0000,-9999.0000,-9999.0000,-9999.0000,-9999.0000,-9999.0000
2017-08-22,20,389.0000,481.5901,681.2431,756.1267,1257.7821,2265.9500,2585.6228,2819.6603,2949.0052,2484.8362,1451.6562
2017-08-22,20,340.0000,421.4182,617.4765,723.4857,1258.7772,2323.0479,2651.8374,2887.8888,3009.9855,2508.3539,1452.5261
2017-08-29,20,213.0000,365.5579,621.6944,752.9935,1296.9972,2381.0000,2674.7808,2850.7657,3050.9112,2460.0264,1416.7198
2017-08-29,20,404.0000,497.7109,669.6979,755.4896,1285.6162,2398.0742,2689.0265,2875.9095,3067.6445,2443.9694,1405.5711
2017-09-08,20,240.0000,361.2523,585.3111,601.2078,1201.4950,2403.1659,2675.2111,2819.3607,3020.1767,2148.9759,1193.2709
2017-09-08,20,329.0000,345.4039,585.3153,617.7006,1196.8961,2414.0000,2701.3021,2818.5354,3025.6899,2129.9851,1181.8031
2017-09-18,20,372.0000,357.3864,601.2153,549.2606,1198.2565,2579.4823,2868.6370,3047.3945,3179.5752,2073.7071,1145.0054
2017-09-18,20,216.0000,377.6903,669.5426,637.8009,1209.1729,2517.3648,2788.0565,2952.8114,3068.9327,2024.4802,1133.0933
2017-09-21,20,351.0000,357.6506,521.5301,433.6553,985.5038,2157.4435,2442.6084,2598.7891,2682.8278,1656.9989,885.5370
2017-09-21,20,394.0000,385.5947,537.8341,441.9341,988.9299,2172.0836,2458.7054,2616.3176,2707.9385,1653.2637,878.1331
2017-09-28,20,448.0000,465.5883,733.9378,649.4442,1333.7922,2674.6794,2972.7339,3144.1273,3236.8464,2001.6693,1145.4978
2017-09-28,20,723.0000,690.0058,869.5150,733.7574,1341.8333,2572.4549,2852.6865,3012.4220,3105.1078,1952.6157,1137.7220
2017-10-01,20,-9999.0000,-9999.0000,-9999.0000,-9999.0000,-9999.0000,-9999.0000,-9999.0000,-9999.0000,-9999.0000,-9999.0000,-9999.0000
2017-10-08,20,-9999.0000,-9999.0000,-9999.0000,-9999.0000,-9999.0000,-9999.0000,-9999.0000,-9999.0000,-9999.0000,-9999.0000,-9999.0000
2017-10-08,20,-9999.0000,-9999.0000,-9999.0000,-9999.0000,-9999.0000,-9999.0000,-9999.0000,-9999.0000,-9999.0000,-9999.0000,-9999.0000
2017-10-11,20,-9999.0000,-9999.0000,-9999.0000,-9999.0000,-9999.0000,-9999.0000,-9999.0000,-9999.0000,-9999.0000,-9999.0000,-9999.0000
2017-10-18,20,-9999.0000,-9999.0000,-9999.0000,-9999.0000,-9999.0000,-9999.0000,-9999.0000,-9999.0000,-9999.0000,-9999.0000,-9999.0000
2017-10-31,20,547.0000,514.5895,592.0000,633.5800,925.6244,1314.0845,1483.8808,1608.2410,1691.0201,1594.9426,1069.0927
2017-10-31,20,599.0000,592.8204,634.4153,650.6155,914.4527,1324.4122,1491.1380,1591.8776,1655.8884,1541.7180,1042.8488
2017-11-10,20,212.0000,98.3081,177.2761,245.8081,421.7545,651.2895,723.8549,771.2451,812.2502,707.9438,413.8153
2017-11-10,20,262.0000,222.5065,209.4368,217.3537,385.1711,618.5585,691.8214,755.1788,796.0023,707.2892,413.4727
2017-11-17,20,-9999.0000,-9999.0000,-9999.0000,-9999.0000,-9999.0000,-9999.0000,-9999.0000,-9999.0000,-9999.0000,-9999.0000,-9999.0000
2017-11-17,20,-9999.0000,-9999.0000,-9999.0000,-9999.0000,-9999.0000,-9999.0000,-9999.0000,-9999.0000,-9999.0000,-9999.0000,-9999.0000
2017-11-20,20,168.0000,369.6851,585.0745,773.5382,1193.1849,1707.1725,1907.1986,2156.1461,2185.3134,2202.9719,1362.4496
2017-11-20,20,505.0000,521.2599,633.2616,761.1962,1186.0071,1699.2319,1922.4105,2164.5957,2226.8079,2210.5674,1365.1610
2017-11-27,20,1.0000,269.4727,533.2851,769.6124,1250.8853,1833.0138,2051.0796,2327.3762,2371.5527,2156.6629,1285.6673
2017-11-27,20,209.0000,385.7218,613.4053,805.8001,1237.7518,1771.1251,1979.0904,2250.8983,2268.1228,2083.0175,1253.6803
2017-12-07,20,414.0000,612.5364,845.3606,1077.3182,1557.4137,2036.4373,2228.6055,2411.5445,2539.1695,2428.1991,1484.2153
2017-12-17,20,1.0000,204.1027,433.7452,725.8957,1157.7922,1618.7793,1786.0460,2071.1934,2108.2150,1954.5911,1186.0000
2017-12-17,20,163.0000,345.6942,533.3333,769.7172,1153.0560,1579.2688,1724.4048,2003.1755,2027.5128,1873.6851,1146.0053
2017-12-20,20,144.0000,385.1222,561.1074,793.3764,1129.8311,1482.8765,1651.0119,1892.0391,1931.0820,2043.5986,1306.3944
2017-12-20,20,215.0000,416.3848,569.3090,797.5912,1138.1118,1497.3791,1660.3547,1891.1636,1939.0941,2034.9670,1306.0657
2017-12-22,20,-9999.0000,-9999.0000,-9999.0000,-9999.0000,-9999.0000,-9999.0000,-9999.0000,-9999.0000,-9999.0000,-9999.0000,-9999.0000
2017-12-25,20,1069.0000,1254.2571,1394.5287,1477.8819,1785.3773,2029.3494,2193.0000,2363.5311,2404.0271,2324.8582,1560.0000
2017-12-25,20,809.4867,1093.8519,1317.0518,1461.6469,1773.3210,2088.1660,2276.5409,2508.4631,2535.0000,2389.4875,1545.5583
2018-01-06,20,-9999.0000,-9999.0000,-9999.0000,-9999.0000,-9999.0000,-9999.0000,-9999.0000,-9999.0000,-9999.0000,-9999.0000,-9999.0000
2018-01-11,20,613.0000,905.7175,1185.8235,1389.7002,1709.4780,2126.2239,2380.2420,2539.8563,2628.2009,2609.4467,2075.4877
2018-01-11,20,830.6291,1065.6444,1293.1682,1441.1216,1765.8716,2114.2620,2310.0374,2499.9968,2541.9694,2548.4132,2114.3736
2018-01-14,20,135.0000,333.9046,520.6867,765.3888,1061.6811,1317.0000,1485.8745,1571.7018,1676.0000,1826.8208,1433.8929
2018-01-14,20,235.0000,489.8470,653.0474,836.9328,1060.8135,1381.7283,1551.0000,1659.9833,1737.1430,1785.3595,1385.9941
2018-01-19,20,-9999.0000,-9999.0000,-9999.0000,-9999.0000,-9999.0000,-9999.0000,-9999.0000,-9999.0000,-9999.0000,-9999.0000,-9999.0000
2018-01-19,20,-9999.0000,-9999.0000,-9999.0000,-9999.0000,-9999.0000,-9999.0000,-9999.0000,-9999.0000,-9999.0000,-9999.0000,-9999.0000
2018-01-21,20,19.0000,373.7776,581.3182,881.7574,1065.1318,1177.3478,1275.4726,1347.1804,1371.8318,1619.4354,1237.6861
2018-01-21,20,275.0000,546.3697,697.3621,929.7034,1077.5927,1181.8988,1275.2518,1363.4612,1363.5738,1564.5974,1205.5319
2018-02-08,20,-9999.0000,-9999.0000,-9999.0000,-9999.0000,-9999.0000,-9999.0000,-9999.0000,-9999.0000,-9999.0000,-9999.0000,-9999.0000
2018-02-10,20,306.6994,621.4943,817.6127,1171.4318,1363.1816,1457.6734,1536.9038,1659.5359,1653.1169,1939.7845,1528.8793
2018-02-10,20,359.0000,689.5442,917.2852,1187.2856,1356.4706,1434.1911,1513.4936,1539.5465,1619.1799,1891.4382,1485.8738
2018-02-13,20,1075.0000,1236.7570,1346.5616,1488.5114,1628.6516,1728.5630,1805.0000,1912.6823,1859.0000,1320.7114,1124.5472
2018-02-13,20,1061.0000,1199.0000,1317.0000,1443.0000,1601.0000,1755.0000,1840.0000,1983.0000,1908.0000,1338.0000,1105.0000
2018-02-25,20,1472.0000,1747.1786,2059.7734,2331.4315,2572.1514,2681.7709,2778.1468,2844.0035,2874.4179,3132.4915,2811.0429
2018-02-25,20,1561.1663,1795.0514,2107.4856,2370.9205,2588.4507,2707.0830,2795.4950,2868.0402,2893.0028,3141.7362,2809.5194
2018-02-28,20,1300.0000,1521.3401,1763.5035,1963.3865,2163.6151,2275.0977,2331.4918,2363.1012,2450.4287,2947.7486,2682.4599
2018-02-28,20,1401.0000,1565.2789,1797.1328,1980.2960,2180.1121,2284.0726,2344.9744,2387.5584,2458.7099,2948.0009,2667.4328
2018-03-12,20,-9999.0000,-9999.0000,-9999.0000,-9999.0000,-9999.0000,-9999.0000,-9999.0000,-9999.0000,-9999.0000,-9999.0000,-9999.0000
2018-03-20,20,-9999.0000,-9999.0000,-9999.0000,-9999.0000,-9999.0000,-9999.0000,-9999.0000,-9999.0000,-9999.0000,-9999.0000,-9999.0000
2018-03-20,20,-9999.0000,-9999.0000,-9999.0000,-9999.0000,-9999.0000,-9999.0000,-9999.0000,-9999.0000,-9999.0000,-9999.0000,-9999.0000
2018-03-22,20,907.0000,1251.8738,1604.2883,1963.9613,2193.9952,2348.2474,2449.6336,2548.6128,2580.5419,3140.2935,2737.5400
2018-03-22,20,846.0000,1195.5718,1547.8139,1884.1066,2114.6410,2250.2251,2347.3289,2459.4956,2483.3792,3050.6921,2682.9884
2018-03-25,20,1049.0000,1353.1210,1667.9695,1931.7040,2179.0724,2305.5309,2418.4644,2428.1115,2538.5014,3106.6395,2832.0000
2018-03-25,20,1089.9692,1373.3574,1667.6863,1930.7613,2172.4352,2300.2395,2402.2713,2434.8539,2532.8288,3099.5617,2837.7952
2018-03-27,20,1935.0000,1921.5199,2089.3767,2292.1225,2636.0912,2876.3257,2988.3159,3108.0017,3138.5233,3733.5696,3290.9270
2018-03-27,20,1929.0538,1973.6635,2137.7241,2307.3551,2635.1101,2875.1178,2988.0161,3139.1804,3121.9536,3691.7233,3268.8684
2018-03-30,20,-9999.0000,-9999.0000,-9999.0000,-9999.0000,-9999.0000,-9999.0000,-9999.0000,-9999.0000,-9999.0000,-9999.0000,-9999.0000
2018-03-30,20,-9999.0000,-9999.0000,-9999.0000,-9999.0000,-9999.0000,-9999.0000,-9999.0000,-9999.0000,-9999.0000,-9999.0000,-9999.0000
2018-04-01,20,790.0000,1155.6875,1459.3961,1746.9246,1988.4682,2176.5444,2309.4499,2488.7304,2417.5072,2641.4944,2005.1499
2018-04-01,20,814.0000,1169.3404,1445.4655,1707.2067,1946.2102,2137.3924,2273.8572,2449.1459,2386.3705,2605.4677,1986.2350
2018-04-06,20,663.0000,922.2840,1283.1418,1595.3988,1802.6302,1949.4314,2041.7073,2162.6450,2149.1000,2540.8455,2025.7041
2018-04-06,20,734.4730,961.8791,1290.2575,1555.9892,1762.1953,1905.8561,1997.2612,2123.8014,2105.7445,2484.6232,1997.7502
2018-04-11,20,1794.0000,2029.4136,2169.7641,2217.2460,2509.8643,2656.5870,2797.0998,2877.4792,2832.9856,2733.8390,2243.0000
2018-04-14,20,692.4783,1001.4870,1323.6848,1547.1917,1813.3656,1997.7870,2125.0686,2219.3819,2217.2335,2525.7926,2131.6276
2018-04-14,20,755.0000,1021.3994,1325.5057,1531.2988,1808.2780,1988.8620,2121.4983,2219.2895,2213.3658,2514.3209,2124.1974
2018-04-16,20,1383.0000,1541.4813,1905.5130,2009.3065,2397.5862,2742.6693,2864.2700,2849.4552,2945.7586,2861.0210,2337.8760
2018-04-16,20,1335.0000,1545.2117,1917.5853,2005.5157,2353.5828,2694.5299,2816.3972,2841.3588,2905.9436,2842.2451,2321.9393
2018-04-19,20,1171.0000,1507.9562,1987.8741,2260.9245,2587.3168,2812.3253,2929.2336,3083.5687,3068.2632,3491.9665,3073.6119
2018-04-19,20,1176.5283,1491.7305,1955.9037,2215.6859,2545.0221,2787.9336,2916.2731,3058.7734,3042.6070,3463.5739,3043.9132
2018-04-21,20,1157.6545,1578.8964,1971.7364,2323.6518,2545.9938,2689.2120,2838.1918,3003.5786,2945.4331,3572.3656,3430.8171
2018-04-21,20,1014.0000,1451.6995,1859.2904,2179.7149,2418.7083,2606.1531,2757.6079,2922.9513,2865.6980,3474.9167,3354.6628
2018-04-24,20,1480.0000,1709.1144,1949.0913,2059.6538,2408.5789,2741.4697,2966.6533,2932.0262,3028.9970,3314.5249,3210.0168
2018-04-24,20,1570.7043,1744.6769,1958.2575,2025.9549,2310.4848,2716.9358,2954.9912,2930.8538,3027.1846,3205.0447,3127.4984
2018-04-26,20,1415.0000,1755.4696,2226.6967,2616.3434,2892.8282,3085.2606,3205.3447,3274.8352,3353.2138,4054.9868,3814.9596
2018-04-26,20,1297.0000,1651.6983,2156.5893,2548.9596,2835.7746,3053.8075,3177.3503,3235.8726,3313.7317,4003.6416,3782.7866
2018-04-29,20,1257.6239,1619.2364,2051.4083,2404.1972,2642.8677,2825.5977,2973.1704,3011.3185,3113.8737,3691.3718,3464.7269
2018-04-29,20,1292.9624,1595.1036,2013.3435,2331.8562,2586.8937,2812.6377,2969.0861,2995.9794,3097.1964,3658.9385,3445.2124
2018-05-04,20,1259.0000,1413.0359,1621.1602,1724.2468,1934.3137,2195.3388,2345.9635,2354.5705,2396.0418,1922.0109,1465.8187
2018-05-04,20,1252.0000,1370.0359,1545.9770,1635.9993,1820.4772,2051.8485,2211.3051,2195.3431,2243.9230,1729.8201,1316.7633
2018-05-06,20,1019.0000,1193.1109,1537.8945,1772.0460,2028.6880,2356.7654,2492.9200,2483.9328,2611.8154,2756.4802,2109.5233
2018-05-06,20,968.0000,1189.2935,1571.5757,1851.5146,2115.3074,2436.0239,2570.9609,2563.9236,2698.7378,2794.0437,2121.6463
2018-05-09,20,1225.0000,1547.5816,1986.7829,2309.7084,2599.4190,2858.9528,3012.0241,3092.3468,3162.0000,3459.0657,2966.7070
2018-05-09,20,1154.0000,1499.3587,1946.8685,2280.4044,2597.4092,2858.4451,3035.9133,3083.2910,3162.6100,3465.3276,2971.0095
2018-05-11,20,-9999.0000,-9999.0000,-9999.0000,-9999.0000,-9999.0000,-9999.0000,-9999.0000,-9999.0000,-9999.0000,-9999.0000,-9999.0000
2018-05-11,20,-9999.0000,-9999.0000,-9999.0000,-9999.0000,-9999.0000,-9999.0000,-9999.0000,-9999.0000,-9999.0000,-9999.0000,-9999.0000
2018-05-16,20,-9999.0000,-9999.0000,-9999.0000,-9999.0000,-9999.0000,-9999.0000,-9999.0000,-9999.0000,-9999.0000,-9999.0000,-9999.0000
2018-05-16,20,-9999.0000,-9999.0000,-9999.0000,-9999.0000,-9999.0000,-9999.0000,-9999.0000,-9999.0000,-9999.0000,-9999.0000,-9999.0000
2018-05-19,20,1402.4092,1719.4147,2310.3105,2759.3348,3108.4867,3379.1119,3572.9435,3677.2691,3737.7293,4195.7422,3703.5828
2018-05-19,20,1360.9604,1739.7388,2261.6312,2679.3549,3031.4154,3387.7502,3522.2692,3644.0874,3689.1289,4135.4840,3667.4970
2018-05-21,20,1868.1939,2551.3091,3207.8385,3670.1285,4084.2332,4373.5027,4628.7744,4778.2491,4789.0000,5447.7856,5198.6122
2018-05-21,20,1875.0000,2535.4751,3191.1710,3639.0867,4053.9363,4356.0596,4618.0634,4772.8162,4762.3858,5398.5285,5132.0443
2018-05-24,20,-9999.0000,-9999.0000,-9999.0000,-9999.0000,-9999.0000,-9999.0000,-9999.0000,-9999.0000,-9999.0000,-9999.0000,-9999.0000
2018-05-24,20,-9999.0000,-9999.0000,-9999.0000,-9999.0000,-9999.0000,-9999.0000,-9999.0000,-9999.0000,-9999.0000,-9999.0000,-9999.0000
2018-05-26,20,1731.7218,2114.4932,2726.2706,3029.4795,3476.7022,4019.7688,4188.7717,4233.9854,4366.2381,4697.1585,4086.7902
2018-05-26,20,1562.5498,1963.1146,2599.5079,2889.2007,3349.9639,3906.9426,4100.3621,4145.3176,4268.8911,4610.8041,4040.1812
2018-05-31,20,1700.6704,2155.0972,2647.4099,2792.5203,3269.8134,3876.3189,4195.5308,4152.0000,4297.2416,4342.9338,3798.8133
2018-05-31,20,1720.0000,2170.7506,2645.7789,2788.2071,3257.1444,3907.8819,4242.0031,4200.0000,4329.1207,4346.1218,3750.3197
2018-06-03,20,1441.0000,1906.6496,2470.1175,2583.8000,3062.9264,3826.2716,4155.3569,4219.2417,4290.3468,4232.2958,3687.8512
2018-06-03,20,1510.5749,1940.1617,2501.1228,2614.7841,3062.7299,3885.3845,4218.5361,4250.9625,4347.8787,4227.8947,3673.4117
2018-06-05,20,1539.5111,1882.0225,2483.3219,2615.8784,3192.6691,4171.8717,4403.9849,4394.8925,4578.3416,4515.1925,3751.4383
2018-06-05,20,1583.0000,1851.0434,2426.2944,2553.0314,3142.4273,4108.2897,4356.6611,4329.8644,4518.0020,4455.6683,3717.0936
2018-06-10,20,822.3801,1050.3436,1468.1211,1478.3717,1987.0000,2913.8196,3267.5743,3251.2401,3396.4241,3061.9313,2312.5743
2018-06-10,20,701.2691,987.1908,1425.8583,1459.6584,1947.4185,2873.4283,3236.7238,3203.3876,3346.7557,3049.0643,2311.4565
2018-06-13,20,812.8946,1123.1371,1577.9271,1593.2817,2136.7360,3220.6470,3689.3505,3707.6468,3833.4325,3335.9462,2555.6173
2018-06-13,20,1014.0000,1227.1796,1627.2220,1593.0560,2103.3198,3243.0766,3722.0032,3706.9189,3849.6814,3317.0000,2536.0189
2018-06-15,20,532.0000,604.3927,839.4410,806.5757,1078.3068,1845.9708,2033.5578,2038.4243,2082.5068,1431.1017,980.7388
2018-06-15,20,549.0000,612.5530,839.7034,792.2474,1064.7365,1843.9729,2044.4474,2039.7642,2066.8563,1399.3842,971.4995
2018-06-18,20,1537.0000,1566.0000,1796.0000,1854.0000,2266.0000,3331.0000,3773.0000,3815.0000,3901.0000,3060.0000,2163.0000
2018-06-18,20,1602.7013,1672.0000,2012.0000,2010.0000,2439.0000,3268.5086,3636.9389,3658.0000,3786.2946,3130.0000,2320.7651
2018-06-20,20,970.4517,1303.7335,1813.8488,1814.3555,2452.9961,3796.6337,4444.4207,4458.1204,4562.8293,3799.0538,2935.0341
2018-06-20,20,839.0000,1211.2964,1718.4551,1762.6412,2344.0000,3650.3070,4284.2690,4298.1197,4413.9475,3716.5434,2889.5546
2018-06-23,20,226.7566,458.6995,834.8605,775.8681,1232.9898,2633.8596,3085.5877,3236.0126,3233.7014,2140.8652,1355.7739
2018-06-23,20,427.0000,580.4445,891.0742,793.0070,1235.2199,2621.2552,3072.8177,3209.6151,3213.0936,2132.2704,1364.9554
2018-06-30,20,533.4528,692.7762,1012.7980,888.1032,1382.1129,3245.4511,4197.6028,4218.7117,4341.9119,2726.5912,1800.8184
2018-06-30,20,570.2962,732.5242,1027.9984,887.5544,1378.2852,3181.2267,4067.6132,4098.9579,4217.5760,2676.0000,1765.7968
2018-07-03,20,1002.2712,1162.7630,1387.3535,1267.5994,1674.6907,2949.4478,3723.1860,3659.7378,3866.1677,2407.9782,1704.6037
2018-07-03,20,1065.0000,1235.4779,1458.4664,1315.8329,1707.8575,3005.0917,3795.5865,3729.6244,3931.2045,2425.2713,1684.3544
2018-07-05,20,663.0000,691.0220,983.3836,855.9309,1340.2297,3417.8733,4355.6585,4354.1636,4555.4129,2632.8216,1623.1371
2018-07-05,20,506.0000,602.1891,951.3017,852.9422,1322.2343,3420.2533,4341.6443,4345.5283,4561.8978,2613.0000,1606.0917
2018-07-08,20,767.0000,618.9096,851.6604,747.8261,1153.4004,2793.6601,3434.5671,3483.1646,3571.8337,1849.3425,1107.3647
2018-07-10,20,-9999.0000,-9999.0000,-9999.0000,-9999.0000,-9999.0000,-9999.0000,-9999.0000,-9999.0000,-9999.0000,-9999.0000,-9999.0000
2018-07-13,20,78.0000,243.4016,515.4981,408.2968,795.5831,2709.7438,3738.9386,3794.8109,3881.4350,1830.9789,1018.1622
2018-07-13,20,324.0000,394.8329,594.5412,438.4557,828.0854,2676.8827,3660.0166,3729.3486,3820.3862,1828.6882,999.3952
2018-07-15,20,575.0000,515.5401,754.6786,583.3085,1010.7217,3117.3081,4050.5711,4042.8771,4285.3105,2121.2156,1157.0272
2018-07-15,20,503.0000,516.2440,746.8845,567.4660,1013.0238,3145.5734,4083.5814,4067.8825,4301.3882,2104.7054,1156.7763
2018-07-18,20,418.0000,443.5424,659.1932,519.7722,922.4829,2845.1161,3883.3871,3987.3877,4091.2326,1972.2777,1126.5345
2018-07-18,20,426.6011,459.0896,666.8751,535.2132,931.9687,2868.1650,3890.8043,3979.0925,4100.0808,1974.1862,1110.6985
2018-07-20,20,566.0000,643.6436,827.2102,662.7285,1099.3645,2969.1601,4083.7092,4106.3893,4284.2225,2233.5829,1270.4331
2018-07-20,20,372.0000,562.6546,804.1552,662.8906,1079.2226,2946.0729,4058.8523,4083.7473,4259.5065,2218.7880,1270.6295
2018-07-23,20,-9999.0000,-9999.0000,-9999.0000,-9999.0000,-9999.0000,-9999.0000,-9999.0000,-9999.0000,-9999.0000,-9999.0000,-9999.0000
2018-07-23,20,-9999.0000,-9999.0000,-9999.0000,-9999.0000,-9999.0000,-9999.0000,-9999.0000,-9999.0000,-9999.0000,-9999.0000,-9999.0000
2018-07-25,20,527.0000,563.7680,796.1226,647.2526,1089.5503,3037.1689,3939.7878,3994.0121,4190.3745,2248.1277,1270.6666
2018-07-25,20,417.0000,523.7279,787.3306,663.7053,1066.9941,2985.5092,3852.1567,3913.9191,4105.7138,2211.4369,1254.3459
2018-07-28,20,469.0000,539.1243,764.2174,630.5173,1044.2505,2779.1829,3708.5856,3730.8034,3962.8099,2085.7108,1188.5725
2018-07-28,20,457.0000,547.1591,788.4237,645.9227,1067.4496,2747.1726,3652.0463,3660.0676,3899.5571,2053.0201,1193.0474
2018-07-30,20,412.4773,538.4731,776.0588,647.0116,1125.4474,2877.9681,3929.7983,3931.1802,4155.0590,2358.5455,1366.3333
2018-07-30,20,331.0000,523.5035,777.0644,662.0954,1111.3206,2811.9749,3833.3731,3817.9533,4043.3904,2327.2903,1347.2199
2018-08-02,20,281.0000,435.2485,760.9332,663.6279,1148.0949,2817.8945,3836.1205,3836.8832,4100.9024,2230.1727,1317.0607
2018-08-02,20,296.1365,515.6150,795.3246,680.8680,1127.6645,2802.9121,3803.2560,3785.6699,4044.4275,2216.0027,1336.2259
2018-08-04,20,452.1820,539.4624,820.7061,691.4320,1156.7386,2908.9924,3681.2186,3715.7738,3937.0386,2312.9575,1335.5204
2018-08-04,20,303.0000,466.2948,787.2767,690.8018,1165.0502,2897.6226,3649.4483,3698.0468,3914.8593,2280.7682,1334.1515
2018-08-07,20,324.0000,491.1279,797.0440,714.0938,1175.4871,2780.2940,3564.4886,3627.7322,3851.1707,2278.0436,1336.0145
2018-08-07,20,360.4711,483.5675,786.9222,712.1904,1173.5901,2779.0079,3573.6623,3627.7802,3852.1371,2244.0278,1315.7890
2018-08-09,20,550.0000,715.6059,955.5132,822.9172,1318.8312,2842.8133,3762.6370,3780.7570,4019.2781,2516.5487,1560.8745
2018-08-09,20,450.0000,666.8352,938.8932,839.3410,1289.3974,2801.1800,3684.3907,3691.6872,3930.5447,2470.5917,1542.0000
2018-08-12,20,229.1203,515.4601,834.8271,792.9462,1239.7658,2627.0063,3379.8351,3452.0901,3619.1139,2324.8954,1511.7870
2018-08-12,20,364.0000,579.6329,859.6231,790.0296,1202.1477,2603.3808,3347.7120,3427.9414,3605.2056,2313.1645,1461.3707
2018-08-14,20,517.0000,675.4244,1020.7106,982.9934,1558.6347,3237.4607,3896.9630,3926.5891,4248.5862,2804.8374,1723.0940
2018-08-14,20,518.9996,689.8738,1027.7589,966.3454,1544.8590,3241.1075,3881.4595,3894.4990,4229.4244,2775.5022,1690.9414
2018-08-17,20,381.0000,539.3455,819.4717,790.2691,1225.5189,2508.4179,3059.4341,3147.0980,3306.1698,2246.8102,1413.3232
2018-08-17,20,450.0000,522.7289,819.0954,792.3864,1240.2010,2508.1088,3049.5279,3147.6451,3317.1314,2266.8747,1416.7306
2018-08-19,20,201.0104,602.8603,966.3705,1031.1725,1528.6732,2804.0891,3450.6160,3553.4438,3722.1850,2792.7786,1844.8198
2018-08-19,20,396.0000,700.5866,1012.4064,1032.1966,1507.0159,2722.1639,3354.6774,3441.5349,3603.0057,2713.6115,1821.2472
2018-08-22,20,438.0000,747.0257,1043.3464,1109.4341,1516.8673,2525.9910,3053.0139,3155.4386,3308.1296,2519.7607,1734.8010
2018-08-22,20,521.0000,787.6042,1066.0095,1112.1180,1506.2417,2524.6392,3043.7536,3147.3907,3283.3943,2498.8172,1736.5240
2018-08-24,20,-9999.0000,-9999.0000,-9999.0000,-9999.0000,-9999.0000,-9999.0000,-9999.0000,-9999.0000,-9999.0000,-9999.0000,-9999.0000
2018-08-24,20,-9999.0000,-9999.0000,-9999.0000,-9999.0000,-9999.0000,-9999.0000,-9999.0000,-9999.0000,-9999.0000,-9999.0000,-9999.0000
2018-08-27,20,411.0000,475.7905,667.3519,723.6951,1090.4169,1922.6249,2268.7352,2410.0551,2504.5364,2061.0593,1307.3670
2018-08-27,20,427.0000,491.3228,683.2045,732.8256,1098.3783,1938.3704,2267.8038,2426.8920,2513.3230,2053.7274,1300.0138
2018-08-29,20,916.0000,963.2756,1211.0645,1259.8037,1636.2247,2456.0000,2867.4247,3041.9540,3107.2358,2563.5563,1820.7195
2018-08-29,20,744.7038,860.5025,1163.9954,1226.8991,1610.6904,2446.0253,2859.2981,2995.9433,3076.3605,2530.9294,1795.3645
2018-09-01,20,331.0000,528.3852,666.0000,681.0000,934.0000,1445.0000,1707.0000,1836.0000,1837.4249,1382.0000,861.0000
2018-09-01,20,350.0000,554.4931,680.7188,669.7768,905.7463,1409.1017,1643.0000,1732.0000,1747.0000,1346.6536,854.0000
2018-09-03,20,552.6271,667.4157,907.3014,972.0729,1339.8243,2292.8459,2565.6806,2629.5358,2827.0264,2525.3111,1746.4897
2018-09-03,20,590.6353,595.6061,867.4671,946.4620,1348.4455,2315.4721,2616.1044,2660.8502,2866.5088,2549.6338,1740.2865
2018-09-06,20,98.3628,323.9957,570.6049,620.0057,875.7133,1316.9661,1467.3880,1491.7498,1581.2280,1390.5144,948.3169
2018-09-06,20,525.0000,597.9772,723.0834,682.8393,929.3216,1370.9888,1553.9029,1546.9054,1635.6635,1371.8090,939.7426
2018-09-08,20,148.0000,476.2538,754.5308,871.4891,1226.8453,1973.4789,2311.1674,2390.6655,2520.8278,2469.1285,1941.6158
2018-09-08,20,252.0000,515.2006,779.9085,854.0888,1218.3090,1978.5333,2293.6048,2376.7141,2484.7742,2438.6800,1928.1296
2018-09-16,20,222.0000,443.5203,715.4547,806.9425,1130.4332,1656.2767,1876.6685,1927.3168,2082.6398,2217.2002,1719.3529
2018-09-16,20,617.0000,643.8219,794.8067,818.9538,1140.1324,1684.9408,1892.1368,1947.4459,2101.5036,2216.3002,1719.4396
2018-09-18,20,205.0000,538.7069,796.3656,920.3587,1275.1613,1800.1858,2072.6953,2103.7148,2298.4799,2517.4565,2104.3794
2018-09-18,20,348.0000,611.7068,836.0142,937.0845,1275.9434,1776.9780,2055.2244,2092.5895,2279.5837,2470.3305,2071.3955
2018-09-21,20,874.0000,1154.7823,1482.5863,1975.0544,2314.5218,2564.6524,2828.6739,2995.4839,3154.4979,3860.1128,2999.0997
2018-09-21,20,722.3452,1114.7302,1466.8039,1958.5407,2281.6875,2541.2664,2813.0285,3002.6026,3156.5620,3849.4541,2985.4383
2018-09-23,20,-9999.0000,-9999.0000,-9999.0000,-9999.0000,-9999.0000,-9999.0000,-9999.0000,-9999.0000,-9999.0000,-9999.0000,-9999.0000
2018-09-23,20,-9999.0000,-9999.0000,-9999.0000,-9999.0000,-9999.0000,-9999.0000,-9999.0000,-9999.0000,-9999.0000,-9999.0000,-9999.0000
2018-09-26,20,941.0000,1163.4819,1510.6229,1990.3045,2268.0431,2483.9690,2700.4617,3031.8102,3027.0672,3666.1597,2823.7860
2018-09-26,20,920.0000,1179.1203,1515.1665,1974.8290,2250.3543,2500.5731,2700.5164,3031.1886,3019.6292,3658.0191,2809.0478
2018-09-28,20,721.0000,1155.0101,1575.4656,2135.0472,2438.5676,2618.2305,2844.0538,3109.8765,3172.1790,4120.7680,3271.9633
2018-09-28,20,826.0000,1218.5955,1575.5968,2103.0316,2422.3222,2605.3757,2828.8453,3076.6548,3146.2737,4070.9851,3256.2588
2018-10-03,20,707.0000,1050.8634,1482.7605,2018.6284,2323.6719,2516.8050,2699.6941,2914.8127,3017.7975,3703.0527,2897.5517
2018-10-03,20,927.0000,1178.9359,1522.7232,2010.6417,2317.3540,2522.3195,2692.9093,2902.7127,3003.5683,3670.7997,2854.5228
2018-10-08,20,1045.1255,1283.6508,1578.5543,1842.8884,2138.7782,2400.9869,2658.0824,2745.3674,2865.7031,3175.1190,2680.4816
2018-10-08,20,1073.0326,1356.6637,1586.7209,1794.8957,2083.4170,2333.2661,2577.7610,2658.3079,2779.3111,3066.9724,2620.8159
2018-10-11,20,723.0000,963.7706,1218.3555,1579.0320,1805.5045,1933.7025,2109.5754,2228.1194,2325.1805,3159.2789,2777.7639
2018-10-11,20,-9999.0000,-9999.0000,-9999.0000,-9999.0000,-9999.0000,-9999.0000,-9999.0000,-9999.0000,-9999.0000,-9999.0000,-9999.0000
2018-10-13,20,874.0000,1003.4447,1299.2064,1658.9582,1915.5192,2101.1558,2243.8796,2406.5621,2490.9943,3380.7610,2881.0201
2018-10-13,20,708.4895,954.9961,1260.1162,1654.5483,1923.0938,2123.5769,2267.5596,2438.6544,2539.4339,3383.0822,2869.6899
2018-10-18,20,850.0000,1050.9794,1283.0445,1611.8912,1901.9677,2061.2737,2265.1239,2331.0811,2477.4096,3335.2951,2839.4476
2018-10-18,20,796.4998,1077.2340,1284.3623,1578.6113,1857.7407,2033.4962,2237.6024,2299.7219,2442.6402,3268.7189,2788.7570
2018-10-21,20,864.3178,909.3318,984.9792,1019.6413,1155.3292,1252.5343,1321.8642,1320.3792,1360.9856,1428.0000,1176.1496
2018-10-21,20,776.6022,933.5219,1017.2040,1067.3371,1203.2737,1356.2000,1465.8895,1463.1779,1505.0428,1703.7077,1412.5924
2018-10-23,20,888.0000,995.6292,1335.3707,1687.3351,1964.3963,2195.1471,2363.8660,2581.5023,2618.8409,3429.2393,2860.7780
2018-10-23,20,906.0000,1082.7316,1363.0791,1643.1145,1897.7117,2147.5592,2291.2310,2502.3879,2531.8444,3308.4586,2786.1257
2018-10-31,20,621.0000,859.6230,1091.2368,1378.1620,1636.9469,1826.8465,1997.2612,2147.0329,2216.8699,2867.7227,2409.3298
2018-10-31,20,591.0000,875.2349,1098.4637,1379.5385,1644.7426,1833.5590,2004.6133,2155.2837,2225.9605,2867.9603,2393.3811
2018-11-05,20,-9999.0000,-9999.0000,-9999.0000,-9999.0000,-9999.0000,-9999.0000,-9999.0000,-9999.0000,-9999.0000,-9999.0000,-9999.0000
2018-11-05,20,-9999.0000,-9999.0000,-9999.0000,-9999.0000,-9999.0000,-9999.0000,-9999.0000,-9999.0000,-9999.0000,-9999.0000,-9999.0000
2018-11-12,20,-9999.0000,-9999.0000,-9999.0000,-9999.0000,-9999.0000,-9999.0000,-9999.0000,-9999.0000,-9999.0000,-9999.0000,-9999.0000
2018-11-12,20,-9999.0000,-9999.0000,-9999.0000,-9999.0000,-9999.0000,-9999.0000,-9999.0000,-9999.0000,-9999.0000,-9999.0000,-9999.0000
2018-11-15,20,754.5323,907.2136,1164.0027,1362.5986,1627.4085,1845.6585,1987.5327,2155.3460,2194.2974,2794.3701,2218.8057
2018-11-15,20,740.5788,925.3175,1170.5403,1354.9419,1620.3052,1852.5787,1987.4369,2147.4174,2202.6729,2788.4926,2227.2371
2018-11-17,20,518.0000,795.0866,1035.4231,1370.6303,1691.5759,1956.5466,2107.6076,2354.8857,2339.4053,3153.4900,2603.0000
2018-11-17,20,677.0000,957.2536,1131.5526,1362.8931,1635.0943,1867.5217,2012.8215,2235.0022,2202.7747,3010.8977,2517.0000
2018-12-05,20,-9999.0000,-9999.0000,-9999.0000,-9999.0000,-9999.0000,-9999.0000,-9999.0000,-9999.0000,-9999.0000,-9999.0000,-9999.0000
2018-12-07,20,657.0000,873.8423,933.9414,977.6798,1144.9239,1241.6155,1328.7994,1361.1550,1389.7815,1194.6615,862.3696
2018-12-12,20,360.0000,555.3617,851.6973,1146.3125,1433.9175,1715.8245,1860.5220,2166.9378,2106.8379,2300.8134,1611.1076
2018-12-12,20,468.2848,660.2449,899.5786,1155.6129,1419.1412,1684.4051,1827.5957,2114.9457,2059.5795,2225.9665,1570.6467
2018-12-15,20,574.7706,720.8134,923.8113,1171.4824,1435.3326,1635.5229,1769.8584,2019.0875,1971.1078,2340.2587,1730.2460
2018-12-15,20,446.2864,665.5283,882.9838,1147.7547,1418.9652,1652.0615,1779.1156,2042.8655,2003.3578,2360.9700,1742.0526
2018-12-27,20,850.3495,1058.9299,1142.4439,1319.2500,1577.0336,1802.7676,1960.0811,2232.4558,2199.8472,2671.9856,2007.6040
2018-12-30,20,431.0000,645.8374,779.3091,1019.5175,1258.8283,1427.7047,1570.9172,1779.5542,1772.2341,1859.3458,1364.1876
2018-12-30,20,398.0000,661.6634,787.3397,1011.7720,1267.9285,1443.2822,1587.5060,1778.4566,1779.0338,1874.6745,1371.5984
2019-01-01,20,1368.0000,1402.7277,1682.7991,1946.7383,2386.9256,2770.3133,2966.3614,3258.3465,3316.4259,3820.3458,2929.0000
2019-01-04,20,336.4953,453.4733,641.6879,813.3041,970.0515,1080.7212,1149.4187,1292.6961,1273.2556,1417.4241,1109.5524
2019-01-04,20,167.0000,378.1553,585.5011,773.6527,941.4226,1057.9065,1129.4110,1283.4867,1261.8071,1421.3011,1109.5104
2019-01-06,20,518.2481,797.4223,977.8974,1227.3501,1492.4517,1674.2394,1811.3471,2066.9024,2018.0575,2419.2861,1788.0494
2019-01-06,20,564.0000,853.4934,1003.5773,1210.6214,1460.8717,1641.7166,1787.6554,2019.1889,1971.9771,2349.5242,1745.9930
2019-01-11,20,554.0000,685.0726,899.2715,1244.3094,1540.0176,1740.1760,1874.9336,2106.8219,2107.7873,2570.1722,1915.1792
2019-01-11,20,626.0000,781.2198,955.3042,1243.5232,1500.3996,1716.0087,1835.7523,2067.7868,2059.0002,2498.7543,1867.0745
2019-01-14,20,662.0000,801.2476,987.4010,1235.5092,1468.7627,1635.0887,1763.6113,1971.5318,1955.8455,2466.2123,1882.9517
2019-01-14,20,553.0000,757.4275,947.9135,1218.9577,1468.1338,1643.9588,1763.4760,1979.7600,1979.4540,2481.9520,1899.4885
2019-01-16,20,600.3404,873.8390,1075.0613,1307.0862,1569.0855,1739.8041,1884.5059,2106.5560,2083.0554,2620.4745,2051.0640
2019-01-16,20,458.3182,809.9996,1020.1396,1282.7488,1555.7511,1739.2592,1883.0165,2100.2550,2083.5315,2609.7420,2037.6551
2019-01-21,20,930.0000,1017.3327,1237.4961,1460.9597,1677.9194,1841.7135,1926.3458,2106.7814,2094.0800,2037.3592,1589.0000
2019-01-24,20,1043.0000,1061.2145,1210.1712,1467.2772,1739.4634,1906.4207,2027.6228,2243.8702,2227.3763,2325.4426,1689.4381
2019-01-24,20,960.0000,1080.6063,1212.8414,1468.7958,1739.6985,1906.5408,2035.1050,2252.2226,2226.8197,2324.5373,1693.1449
2019-01-29,20,1256.4340,1332.6066,1532.4820,1773.3333,2079.0000,2322.7952,2492.0000,2721.5931,2687.0000,2534.0000,2034.0000
2019-01-29,20,1177.0000,1364.4315,1588.5165,1845.3103,2136.0000,2414.2120,2593.5430,2836.0000,2794.0000,2569.7245,2073.0700
2019-01-31,20,722.0000,825.4702,1035.0337,1354.8279,1635.2429,1818.2502,1947.9379,2179.3031,2171.1796,2811.1478,2190.0000
2019-01-31,20,620.0000,801.6673,1004.5637,1339.3070,1610.3547,1810.8476,1947.8936,2171.4148,2171.0918,2795.5963,2156.3830
2019-02-03,20,-9999.0000,-9999.0000,-9999.0000,-9999.0000,-9999.0000,-9999.0000,-9999.0000,-9999.0000,-9999.0000,-9999.0000,-9999.0000
2019-02-05,20,456.6759,731.6976,979.9871,1378.5434,1691.3590,1891.9859,2059.0235,2341.6505,2283.9930,2746.6657,2043.9724
2019-02-05,20,486.0000,803.1080,1011.5472,1370.1236,1667.6797,1867.9207,2020.7646,2307.5362,2252.3063,2705.9199,2017.3681
2019-02-08,20,537.0000,773.9219,963.1117,1298.9701,1555.9558,1715.9512,1857.8434,2083.3847,2076.1247,2651.8534,2146.4067
2019-02-08,20,602.0000,857.8511,1011.6280,1306.9289,1547.3189,1714.7147,1859.1594,2074.6823,2060.8052,2609.8084,2123.4905
2019-02-13,20,417.0000,635.0455,948.0364,1307.2678,1593.6757,1748.3337,1890.5811,2091.4272,2132.3735,2718.0235,2042.0247
2019-02-13,20,502.0000,738.9328,995.4604,1298.7639,1579.4652,1739.5761,1875.1912,2074.9794,2107.2820,2684.8921,2027.0093
2019-02-15,20,583.0000,859.3950,1115.5078,1466.6253,1779.7426,1972.0172,2140.1437,2412.0656,2371.3650,3041.9251,2355.5342
2019-02-15,20,610.2051,915.6042,1138.7400,1450.7110,1747.8802,1932.3079,2099.0515,2363.4992,2322.9007,2962.1566,2316.1536
2019-02-18,20,1327.0000,1459.4810,1595.4809,1770.7332,1962.2904,2114.6221,2259.3929,2490.9019,2443.4543,2771.3763,2178.9869
2019-02-18,20,1397.0000,1525.5463,1635.1868,1795.3978,1987.1354,2162.5252,2315.0893,2539.6239,2492.7877,2796.0414,2154.0816
2019-02-23,20,492.3629,657.9820,891.6123,1154.9403,1322.8390,1524.1011,1649.4172,1891.4535,1842.5869,2402.8595,1899.6153
2019-02-23,20,425.0000,637.5784,875.7097,1138.3348,1315.2896,1514.6876,1652.0110,1898.7166,1842.1810,2419.7071,1899.1939
2019-02-25,20,678.5888,925.2230,1163.6090,1450.9938,1755.5392,1939.4170,2107.1698,2339.8125,2332.5984,3140.4097,2557.6115
2019-02-25,20,656.3828,937.6503,1155.5440,1434.2600,1723.1183,1906.0129,2075.7338,2306.6610,2292.0445,3088.9656,2516.5543
2019-02-28,20,590.2193,843.7312,1114.7415,1402.9180,1651.9817,1857.3341,2035.1955,2279.9878,2254.0572,3012.4269,2484.3640
2019-02-28,20,488.7687,826.8905,1099.1515,1394.5730,1659.0112,1874.6316,2036.2357,2291.9620,2267.8611,3012.4815,2491.6898
2019-03-02,20,1040.4958,1105.0879,1331.3066,1594.2343,1923.9105,2180.1281,2321.9458,2522.4278,2553.9259,3195.1160,2498.7492
2019-03-02,20,1070.7385,1165.3713,1353.4567,1562.2507,1875.7158,2130.9892,2260.0202,2451.5647,2491.0719,3116.7821,2459.3154
2019-03-05,20,-9999.0000,-9999.0000,-9999.0000,-9999.0000,-9999.0000,-9999.0000,-9999.0000,-9999.0000,-9999.0000,-9999.0000,-9999.0000
2019-03-05,20,-9999.0000,-9999.0000,-9999.0000,-9999.0000,-9999.0000,-9999.0000,-9999.0000,-9999.0000,-9999.0000,-9999.0000,-9999.0000
2019-03-12,20,737.6505,882.5047,1195.5693,1507.1010,1827.9493,2162.7827,2323.5841,2647.6334,2578.3348,3324.0441,2611.9460
2019-03-12,20,637.6434,858.9186,1179.6119,1490.3245,1813.4014,2147.4618,2314.7768,2629.8012,2571.6614,3308.4575,2587.8151
2019-03-15,20,796.0000,923.2435,1194.5846,1467.0277,1779.1690,2083.6710,2252.2053,2422.7441,2476.3695,3179.7770,2512.3871
2019-03-15,20,705.6625,907.4345,1186.5175,1459.0768,1779.7219,2091.2690,2267.9137,2454.6252,2499.7457,3202.2709,2516.4495
2019-03-20,20,684.6763,881.3673,1139.2014,1387.0442,1724.8633,2073.8520,2244.1185,2514.9313,2484.0908,3018.2735,2437.0393
2019-03-20,20,641.0000,889.7376,1138.8697,1378.6796,1698.4952,2075.2864,2257.9177,2523.0069,2492.3312,3017.6809,2436.0944
2019-03-22,20,866.0000,1003.9341,1355.2396,1667.3730,2003.4042,2450.8806,2611.1349,2917.6916,2872.5314,3564.0000,2796.9676
2019-03-22,20,798.3390,996.0244,1339.1463,1635.0769,1971.2840,2419.2545,2589.4050,2885.5863,2859.6044,3515.7435,2771.0000
2019-03-25,20,1064.0000,1156.9815,1370.6420,1562.4853,1914.2692,2315.4588,2507.7786,2675.8810,2723.4940,3299.2886,2602.8265
2019-03-25,20,985.0000,1146.6041,1378.3086,1586.1410,1939.3573,2345.3595,2547.4301,2722.1953,2778.8366,3331.9978,2612.2306
2019-03-27,20,-9999.0000,-9999.0000,-9999.0000,-9999.0000,-9999.0000,-9999.0000,-9999.0000,-9999.0000,-9999.0000,-9999.0000,-9999.0000
2019-03-27,20,-9999.0000,-9999.0000,-9999.0000,-9999.0000,-9999.0000,-9999.0000,-9999.0000,-9999.0000,-9999.0000,-9999.0000,-9999.0000
2019-03-30,20,883.0000,993.5861,1193.3288,1379.1165,1676.8647,2050.3720,2221.5714,2427.6881,2385.1722,2475.2918,2060.1107
2019-03-30,20,894.0000,1021.7917,1213.5983,1377.9661,1657.7165,2050.3140,2227.1136,2426.4750,2396.6660,2476.5187,2034.0163
2019-04-01,20,997.5007,1138.8274,1466.6180,1723.3419,2124.0204,2707.9759,2907.4115,3160.1291,3162.9072,3668.3837,2881.0534
2019-04-01,20,944.7954,1123.7758,1435.4977,1676.0084,2083.2660,2651.8351,2853.1665,3109.8962,3131.4836,3628.6905,2853.0058
2019-04-06,20,1167.0000,1436.5354,1698.0000,1707.5081,2253.7889,3238.4086,3617.0000,3714.0000,3760.0000,3045.9651,2171.7584
2019-04-06,20,1191.0000,1476.5443,1753.3907,1804.3112,2317.0000,2998.0000,3321.0000,3474.1283,3471.0000,3094.9700,2186.2857
2019-04-16,20,705.9573,789.4610,1011.4605,1164.8642,1555.2984,2348.0797,2614.4811,2918.0763,2904.6956,3083.9265,2174.0000
2019-04-16,20,681.9754,829.1488,1026.5983,1145.6741,1520.5602,2323.9282,2612.4597,2887.4304,2851.9026,3045.0350,2169.2850
2019-04-19,20,813.6535,1045.3707,1323.0467,1586.5672,1753.6008,1915.4214,2019.3665,2171.3414,2124.1793,2613.0162,2450.6686
2019-04-19,20,801.5498,1049.0615,1312.7207,1562.0905,1720.3522,1923.7256,2026.6998,2187.3661,2130.8811,2589.0866,2445.4606
2019-04-21,20,1581.4775,1698.3204,2034.9099,2307.4523,2530.0822,2798.3463,2929.5057,3109.0949,3049.2735,3315.0539,3003.7344
2019-04-21,20,1452.0000,1649.9992,1963.1234,2194.2783,2426.7912,2737.0637,2869.4690,3061.3007,2993.7417,3242.6375,2936.9641
2019-04-24,20,-9999.0000,-9999.0000,-9999.0000,-9999.0000,-9999.0000,-9999.0000,-9999.0000,-9999.0000,-9999.0000,-9999.0000,-9999.0000
2019-05-01,20,846.0000,961.5429,1248.9337,1515.6626,1708.4445,1964.3821,2082.9077,2146.1761,2203.2949,2364.7505,1818.6342
2019-05-01,20,788.0000,953.7645,1234.3425,1482.6368,1683.6706,1963.6987,2083.5747,2147.8557,2196.7980,2330.3426,1795.8733
2019-05-06,20,1226.0000,1260.1729,1484.0000,1764.0052,1902.0000,2387.5060,2596.1795,2612.0000,2676.7328,2169.0000,1554.0000
2019-05-06,20,1361.0000,1675.8783,1993.4756,2242.0369,2589.0000,3113.4082,3385.6358,3559.7687,3476.5743,2754.1549,1950.0010
2019-05-09,20,-9999.0000,-9999.0000,-9999.0000,-9999.0000,-9999.0000,-9999.0000,-9999.0000,-9999.0000,-9999.0000,-9999.0000,-9999.0000
2019-05-16,20,-9999.0000,-9999.0000,-9999.0000,-9999.0000,-9999.0000,-9999.0000,-9999.0000,-9999.0000,-9999.0000,-9999.0000,-9999.0000
2019-05-16,20,-9999.0000,-9999.0000,-9999.0000,-9999.0000,-9999.0000,-9999.0000,-9999.0000,-9999.0000,-9999.0000,-9999.0000,-9999.0000
2019-05-24,20,1146.7551,1386.6894,1910.0005,2183.1404,2570.1498,2746.8837,2893.5214,2921.9418,3019.4297,3287.8934,2613.6694
2019-05-24,20,1052.4899,1331.9872,1795.0293,2038.7433,2409.1146,2685.1972,2852.2006,2875.4139,2978.5883,3208.1039,2583.5473
2019-05-26,20,1516.8913,1817.5183,2299.1200,2502.3372,2951.0198,3234.8191,3442.1125,3537.8435,3563.5813,3763.4289,3236.8006
2019-05-31,20,1073.0000,1155.9460,1554.8899,1719.5643,2037.9051,2299.9213,2429.3514,2485.8800,2549.0905,2299.4921,1571.4677
2019-05-31,20,957.0000,1122.9320,1492.1519,1607.6359,1970.8982,2276.5836,2410.2709,2475.9361,2525.5521,2260.1936,1563.7043
2019-06-03,20,1475.0494,1730.8727,2327.0562,2614.1007,3079.2220,3386.0316,3578.6662,3603.0581,3731.0095,4152.3751,3531.1191
2019-06-03,20,1333.1446,1642.9104,2184.1055,2440.4467,2921.4175,3300.0448,3515.1949,3538.3188,3658.9329,4070.3722,3462.4890
2019-06-05,20,-9999.0000,-9999.0000,-9999.0000,-9999.0000,-9999.0000,-9999.0000,-9999.0000,-9999.0000,-9999.0000,-9999.0000,-9999.0000
2019-06-05,20,-9999.0000,-9999.0000,-9999.0000,-9999.0000,-9999.0000,-9999.0000,-9999.0000,-9999.0000,-9999.0000,-9999.0000,-9999.0000
2019-06-13,20,1790.0000,2119.9729,2726.2238,2999.7445,3516.3333,3949.8723,4121.0773,4235.8244,4294.2833,4536.5041,3957.2472
2019-06-13,20,1698.0000,2102.4686,2710.9474,2983.1638,3491.8954,3937.4345,4149.0829,4257.4770,4322.9537,4521.4362,3946.3670
2019-06-15,20,1767.0000,2027.8889,2336.0000,2425.4118,2770.0000,3183.0000,3417.9677,3312.0000,3474.0000,3019.6013,2624.0000
2019-06-15,20,-9999.0000,-9999.0000,-9999.0000,-9999.0000,-9999.0000,-9999.0000,-9999.0000,-9999.0000,-9999.0000,-9999.0000,-9999.0000
2019-06-18,20,1830.0000,2293.8883,2934.1825,3236.4537,3705.8352,4069.8003,4314.2487,4370.5863,4453.7706,4808.9228,4409.1192
2019-06-18,20,1641.0000,2150.9851,2743.9982,3046.6196,3516.6866,3928.6265,4180.9985,4232.6382,4348.5968,4714.0784,4352.5411
2019-06-20,20,1988.0108,2211.3008,2823.0805,3159.9933,3643.3648,4227.3545,4419.3016,4433.9122,4643.7967,4965.3909,4341.9837
2019-06-20,20,1810.0000,2154.4736,2758.1075,3097.2549,3637.7415,4202.0000,4420.7520,4417.5666,4627.5565,4953.9020,4292.4873
2019-06-23,20,1058.0000,1260.8887,1684.4915,1866.7796,2299.8697,2757.6397,2954.0504,2952.9984,3124.3650,3211.8906,2557.7748
2019-06-23,20,1012.3152,1282.3029,1732.7658,1907.4195,2355.4766,2837.2507,3043.2386,3051.9703,3219.2774,3250.3489,2555.5528
2019-06-25,20,1606.0019,1915.2328,2438.2320,2726.4123,3256.4289,3754.2406,4066.2499,4106.5349,4269.1644,4870.1813,4406.3011
2019-06-25,20,1469.5198,1841.5555,2345.6437,2614.4081,3126.8586,3665.3726,3979.5759,4010.9142,4171.7837,4792.2803,4359.0355
2019-06-28,20,1526.0000,1942.8748,2503.6779,2772.7957,3207.2692,3802.9165,4060.6792,4148.6251,4243.2572,4533.5585,4087.7042
2019-06-28,20,1397.4122,1843.8613,2358.3381,2614.6574,3030.9226,3659.2979,3930.9722,4003.6212,4107.7025,4452.6615,4037.6930
2019-06-30,20,1690.9183,2085.0832,2696.0714,2952.6930,3431.1587,4220.0271,4428.8842,4626.3048,4610.4942,4717.7442,4053.9250
2019-06-30,20,1625.0000,2056.9092,2643.9559,2886.1606,3400.8201,4186.7189,4411.1913,4608.8456,4579.5288,4678.3950,4053.0150
2019-07-03,20,1598.0000,1926.9538,2502.0424,2741.7572,3253.0071,4029.1809,4305.9208,4308.7805,4523.5374,4407.8423,3656.5188
2019-07-03,20,1393.0000,1756.3733,2265.5331,2469.1758,2966.4729,3772.0542,4043.3862,4049.5997,4252.2107,4261.6544,3593.3569
2019-07-05,20,1473.0000,1911.6744,2438.7226,2629.0320,3146.8467,4004.2389,4363.7864,4442.2208,4523.3763,4490.4747,3877.9982
2019-07-05,20,1386.0000,1863.7944,2376.4212,2551.4491,3083.8644,3964.0051,4339.0791,4401.6962,4490.4132,4470.3086,3881.0590
2019-07-08,20,1691.0000,1947.4516,2259.1824,2274.5442,2723.5030,3508.2829,3817.5426,3850.5485,3934.0033,3276.2307,2761.5936
2019-07-10,20,1393.9941,1686.1458,2247.5982,2405.9434,2916.0000,4036.2428,4331.1017,4506.5456,4548.2637,4184.8885,3403.1015
2019-07-10,20,1267.0000,1627.0268,2151.3412,2311.6641,2825.3701,3925.1482,4211.6666,4385.7416,4429.6701,4134.8260,3401.0741
2019-07-13,20,1365.0000,1403.4872,1810.0020,1895.8354,2419.4544,3506.7195,3844.4726,3931.9602,4081.9980,3671.9795,2935.0863
2019-07-13,20,1206.0000,1394.4133,1738.8422,1803.8864,2299.6079,3331.8933,3691.1993,3780.0304,3927.0000,3573.3560,2903.3802
2019-07-20,20,1244.0000,1403.3134,1864.2541,1973.4013,2557.6275,3770.9954,4107.4209,4186.3087,4380.7177,3751.3451,2918.8052
2019-07-20,20,1135.0000,1386.3542,1818.6315,1910.1613,2520.9555,3714.5377,4058.4839,4121.5338,4314.5456,3717.2313,2937.0996
2019-07-23,20,1002.0000,1242.6109,1688.5860,1795.9130,2310.8832,3442.5471,3818.8662,3843.7928,4075.5191,3414.3931,2662.0806
2019-07-23,20,949.0000,1226.5319,1650.0466,1731.9418,2275.6910,3364.4761,3739.8857,3761.6056,4013.0925,3383.2276,2650.4949
2019-07-25,20,1133.0000,1345.4929,1714.5289,1784.2793,2290.0331,3323.1633,3828.0035,3817.4720,4083.6338,3621.1011,2868.2304
2019-07-25,20,1018.4753,1346.8644,1721.6100,1782.2468,2311.0414,3347.3244,3867.9494,3851.4037,4123.7300,3654.7587,2920.5578
2019-07-30,20,1045.0000,1155.8545,1608.7988,1621.4829,2232.4954,3428.9442,3780.2810,3770.7783,4066.1060,3403.5310,2598.8237
2019-07-30,20,923.0000,1154.6029,1538.4590,1560.4414,2148.6981,3291.2709,3627.6007,3618.4127,3897.9743,3322.8829,2536.6082
2019-08-04,20,736.0000,883.9807,1244.5254,1272.1478,1809.5796,3044.4059,3490.2215,3572.3307,3714.3472,2980.7114,2168.4549
2019-08-04,20,695.0000,939.3085,1250.4385,1239.6310,1755.7869,2923.4468,3370.1374,3450.6559,3580.2092,2899.7847,2164.8056
2019-08-09,20,592.0000,667.0619,1043.1998,934.9896,1540.0766,2932.3985,3262.8406,3322.1933,3507.0899,2522.3979,1657.9670
2019-08-09,20,589.0000,716.7693,1043.7811,946.8984,1522.3933,2865.4842,3205.4340,3266.1000,3441.1537,2507.0423,1668.8764
2019-08-12,20,-9999.0000,-9999.0000,-9999.0000,-9999.0000,-9999.0000,-9999.0000,-9999.0000,-9999.0000,-9999.0000,-9999.0000,-9999.0000
2019-08-14,20,577.0000,738.9859,1068.6758,972.1057,1571.9277,2978.9277,3468.7605,3595.4696,3698.8711,2604.6603,1794.7377
2019-08-14,20,550.0000,780.1963,1083.3451,988.4913,1564.0243,2939.1059,3427.1802,3562.0749,3652.4564,2587.5481,1802.9280
2019-08-17,20,427.0000,611.1258,939.2202,856.1068,1426.8963,2891.6660,3365.1392,3483.1749,3602.6671,2325.6462,1575.1077
2019-08-17,20,437.0000,651.0119,963.4144,871.6466,1427.1460,2874.6617,3324.1917,3450.5613,3571.6171,2326.9492,1590.9753
2019-08-19,20,849.0000,915.3323,1244.4366,1143.0651,1798.0556,3404.5575,3812.0774,3905.7614,4092.3137,2679.6653,1799.1415
2019-08-19,20,844.8064,978.6926,1267.9398,1158.1321,1737.4396,3252.4330,3675.4881,3754.6329,3945.6133,2630.9591,1767.4521
2019-08-24,20,1298.0000,1393.3072,1489.2015,1285.0201,1766.2273,2877.3843,3389.0000,3397.5775,3613.6079,2432.5856,1652.5105
2019-08-24,20,1100.6899,1372.3632,1489.1009,1274.3307,1792.0000,3033.2022,3585.5660,3604.1040,3816.2747,2509.6646,1659.1229
2019-08-27,20,628.4899,716.0785,954.3707,870.0838,1389.9800,2715.5354,3227.4568,3309.5993,3524.5120,2293.9841,1526.1705
2019-08-27,20,552.5747,723.0051,954.9362,856.4410,1379.8250,2724.3109,3235.5761,3298.0956,3523.9760,2299.1091,1542.4913
2019-08-29,20,872.0000,819.5926,1075.4590,967.9302,1531.4753,2971.2055,3412.9660,3451.6371,3747.8907,2484.6445,1607.3743
2019-08-29,20,552.5561,667.9387,1000.2109,917.0378,1560.9221,3180.0314,3634.0129,3683.6763,3980.7787,2534.2425,1609.4462
2019-09-01,20,669.0000,651.5889,882.9703,812.0903,1315.1998,2492.4341,2884.0732,2940.4279,3178.1365,2010.6962,1259.0443
2019-09-01,20,542.0000,652.0956,883.0208,810.7912,1307.3968,2514.4824,2909.1013,2971.0653,3203.2504,2012.4669,1259.2445
2019-09-03,20,400.0000,531.6170,826.7158,763.3433,1381.9124,2755.2892,3226.2868,3402.9530,3499.7237,2252.7933,1387.3293
2019-09-03,20,396.3392,577.0225,843.9824,778.6239,1347.1362,2713.6537,3178.8191,3354.4531,3450.4029,2218.7291,1402.1514
2019-09-11,20,448.0000,461.5688,707.5972,594.9264,1197.0271,2443.6499,2789.0530,2946.9618,3057.4475,1770.6072,987.6318
2019-09-11,20,413.0000,477.4118,715.6487,595.3375,1204.8950,2467.1785,2803.4266,2964.0700,3076.9207,1770.2671,989.0000
2019-09-13,20,339.0000,443.6854,723.3247,615.0206,1267.5810,2627.9992,3067.2583,3209.2066,3323.4690,2020.4322,1192.6911
2019-09-13,20,310.0000,467.5200,730.5720,632.1560,1267.5743,2613.0297,3049.6638,3196.2378,3324.6541,2019.2557,1205.5003
2019-09-16,20,428.0000,499.9377,739.5872,613.8277,1211.5431,2460.4148,2892.7049,3020.1382,3177.6983,1864.9558,1130.4484
2019-09-16,20,378.0000,515.9740,739.2747,615.2590,1211.8627,2476.3015,2892.0719,3034.2203,3180.5462,1862.9815,1144.2647
2019-09-18,20,-9999.0000,-9999.0000,-9999.0000,-9999.0000,-9999.0000,-9999.0000,-9999.0000,-9999.0000,-9999.0000,-9999.0000,-9999.0000
2019-09-18,20,-9999.0000,-9999.0000,-9999.0000,-9999.0000,-9999.0000,-9999.0000,-9999.0000,-9999.0000,-9999.0000,-9999.0000,-9999.0000
2019-09-21,20,332.0000,390.5557,646.6813,616.2277,1207.0582,2493.2279,2884.4590,3189.5692,3220.8775,1924.8548,1127.3119
2019-09-21,20,335.0000,434.9747,677.8903,615.9431,1211.0028,2476.4175,2867.0851,3157.1304,3204.6539,1926.9498,1124.8611
2019-09-28,20,1850.0000,1636.9793,1731.2192,1418.8932,1962.2767,3093.0000,3448.0000,3473.5424,3761.9513,2340.6436,1291.3253
2019-09-28,20,1716.0000,1581.5895,1690.2579,1395.0551,1891.2613,3045.6546,3419.2629,3473.0699,3748.3297,2327.1489,1266.7558
2019-10-01,20,-9999.0000,-9999.0000,-9999.0000,-9999.0000,-9999.0000,-9999.0000,-9999.0000,-9999.0000,-9999.0000,-9999.0000,-9999.0000
2019-10-01,20,-9999.0000,-9999.0000,-9999.0000,-9999.0000,-9999.0000,-9999.0000,-9999.0000,-9999.0000,-9999.0000,-9999.0000,-9999.0000
2019-10-08,20,-9999.0000,-9999.0000,-9999.0000,-9999.0000,-9999.0000,-9999.0000,-9999.0000,-9999.0000,-9999.0000,-9999.0000,-9999.0000
2019-10-08,20,-9999.0000,-9999.0000,-9999.0000,-9999.0000,-9999.0000,-9999.0000,-9999.0000,-9999.0000,-9999.0000,-9999.0000,-9999.0000
2019-10-11,20,435.0000,521.1628,772.0719,914.5149,1404.1873,1988.4634,2275.1711,2519.9654,2684.1663,2552.0000,1651.1290
2019-10-11,20,436.3151,569.4813,787.4491,915.2161,1396.0762,1988.0384,2275.4528,2518.9180,2674.2590,2548.0434,1643.4796
2019-10-16,20,343.0000,473.4516,635.6612,802.7964,1171.5866,1603.2377,1874.9293,2108.5308,2252.1584,2387.6703,1626.9096
2019-10-16,20,316.0000,497.5220,643.3595,803.2631,1170.1572,1619.9400,1890.9871,2114.4141,2276.6314,2371.9583,1633.6522
2019-10-21,20,-9999.0000,-9999.0000,-9999.0000,-9999.0000,-9999.0000,-9999.0000,-9999.0000,-9999.0000,-9999.0000,-9999.0000,-9999.0000
2019-10-21,20,-9999.0000,-9999.0000,-9999.0000,-9999.0000,-9999.0000,-9999.0000,-9999.0000,-9999.0000,-9999.0000,-9999.0000,-9999.0000
2019-10-23,20,396.0000,525.6260,669.4192,875.6895,1173.2593,1539.9000,1787.9274,2050.2294,2171.2474,2918.7896,1979.7054
2019-10-23,20,351.0000,533.2974,669.4561,867.8820,1174.5707,1547.9779,1796.3689,2059.5320,2187.4211,2916.8296,1970.5784
2019-10-26,20,397.0000,525.5699,665.5105,859.4829,1117.5886,1443.0354,1683.2333,1955.9201,2052.4311,2723.0000,1905.2931
2019-10-26,20,302.0000,497.7945,637.2403,834.9439,1100.5631,1443.6678,1693.1815,1971.0630,2065.9866,2728.8737,1899.3268
2019-10-28,20,-9999.0000,-9999.0000,-9999.0000,-9999.0000,-9999.0000,-9999.0000,-9999.0000,-9999.0000,-9999.0000,-9999.0000,-9999.0000
2019-10-31,20,-9999.0000,-9999.0000,-9999.0000,-9999.0000,-9999.0000,-9999.0000,-9999.0000,-9999.0000,-9999.0000,-9999.0000,-9999.0000
2019-11-07,20,73.0000,152.9757,387.4835,588.1083,923.2036,1307.9283,1523.7811,1797.5933,1906.9710,2002.7409,1235.3188
2019-11-07,20,324.0000,401.0417,563.2046,675.3226,973.0017,1347.4655,1547.4959,1798.7252,1898.7883,1956.7287,1227.7329
2019-11-10,20,356.0000,413.4722,572.8944,715.5326,990.1856,1339.2178,1542.4811,1751.2438,1845.0446,2001.4615,1267.5269
2019-11-10,20,305.0000,421.4168,569.5638,708.1605,993.9631,1341.2134,1539.9098,1766.3250,1860.7981,1994.9132,1268.7668
2019-11-30,20,-9999.0000,-9999.0000,-9999.0000,-9999.0000,-9999.0000,-9999.0000,-9999.0000,-9999.0000,-9999.0000,-9999.0000,-9999.0000
2019-11-30,20,-9999.0000,-9999.0000,-9999.0000,-9999.0000,-9999.0000,-9999.0000,-9999.0000,-9999.0000,-9999.0000,-9999.0000,-9999.0000
2019-12-05,20,603.0000,715.4755,787.3967,810.7669,1019.2604,1299.3135,1406.5101,1594.6550,1602.3061,1610.6841,1147.0000
2019-12-05,20,416.0000,627.8781,731.0644,780.2681,1033.0112,1333.1366,1477.5018,1651.7219,1677.1581,1689.0321,1202.7903
2019-12-07,20,477.0000,553.8501,803.0960,979.5332,1410.9583,1867.0216,2066.0980,2326.4838,2458.5675,2658.8031,1738.0328
2019-12-07,20,582.7021,709.2105,897.7286,1012.2965,1398.4637,1819.5919,2011.1227,2247.4861,2395.9668,2611.1755,1706.7568
2019-12-10,20,314.0000,409.1477,595.1772,723.8238,1043.8212,1331.5141,1498.5068,1715.2802,1803.7380,2019.3036,1299.8622
2019-12-10,20,276.0000,421.8706,603.2203,723.8531,1052.6296,1347.3622,1523.9339,1728.5997,1812.3036,2026.2835,1299.6965
2019-12-25,20,367.0000,497.1369,597.3827,665.2197,949.7817,1234.8193,1395.5949,1603.8899,1652.4276,1501.4527,957.9690
2019-12-25,20,313.0000,501.5413,597.6131,665.3717,965.0009,1252.4211,1419.6215,1626.6860,1675.6460,1510.0415,965.0336
2019-12-27,20,582.1381,586.8967,788.1771,939.2368,1355.0532,1763.0431,1975.0185,2230.8718,2357.0617,2634.9262,1732.1563
2019-12-27,20,489.5242,579.2882,780.0911,923.4689,1363.8296,1784.1916,1975.2554,2250.4566,2392.4277,2644.0838,1738.5561
2019-12-30,20,383.0000,457.4905,625.8520,749.3963,1069.6321,1338.7184,1481.7233,1730.9521,1765.9648,2034.2361,1363.4574
2019-12-30,20,343.0000,468.9721,633.3454,748.2298,1068.3872,1356.2059,1506.1292,1755.3734,1788.4796,2017.5457,1338.4014
2020-01-01,20,1.0000,245.2780,435.7011,652.0464,1028.0885,1323.0692,1529.5067,1815.3438,1866.0663,2162.2913,1442.7182
2020-01-01,20,273.0000,509.6396,621.4974,755.7659,1081.3539,1370.2732,1538.3427,1802.6114,1826.8824,2098.3245,1411.9848
2020-01-04,20,241.0000,461.1481,627.3699,827.2062,1179.7039,1476.1703,1668.7644,1955.6198,1993.6413,2165.0641,1506.1713
2020-01-04,20,286.0000,545.5772,699.6385,867.8619,1202.6461,1499.4427,1692.7117,1971.4634,2003.2092,2130.4348,1500.5203
2020-01-06,20,-9999.0000,-9999.0000,-9999.0000,-9999.0000,-9999.0000,-9999.0000,-9999.0000,-9999.0000,-9999.0000,-9999.0000,-9999.0000
2020-01-09,20,604.0000,669.1450,841.4666,981.7348,1294.0688,1507.1233,1650.3941,1851.7212,1893.0916,2299.5196,1613.8525
2020-01-09,20,485.0000,636.6800,809.8529,949.1292,1266.1655,1499.8986,1634.7310,1851.1643,1908.7475,2290.9044,1602.2869
2020-01-11,20,1.0000,257.6249,451.9049,707.4616,1092.8729,1388.0062,1596.4394,1895.2290,1930.8830,2363.1688,1578.1366
2020-01-11,20,333.0000,545.6123,657.8489,819.7844,1139.6398,1418.9470,1571.9708,1851.0765,1898.3093,2283.4195,1548.2520
2020-01-14,20,516.0000,653.8568,761.0609,905.3754,1195.2835,1434.7796,1611.4498,1835.7336,1875.3895,2153.9553,1523.6163
2020-01-14,20,340.0000,573.2084,697.8849,857.2113,1164.0804,1434.8619,1619.3182,1859.6407,1899.0760,2178.0000,1523.8935
2020-01-16,20,-9999.0000,-9999.0000,-9999.0000,-9999.0000,-9999.0000,-9999.0000,-9999.0000,-9999.0000,-9999.0000,-9999.0000,-9999.0000
2020-01-16,20,-9999.0000,-9999.0000,-9999.0000,-9999.0000,-9999.0000,-9999.0000,-9999.0000,-9999.0000,-9999.0000,-9999.0000,-9999.0000
2020-01-19,20,-9999.0000,-9999.0000,-9999.0000,-9999.0000,-9999.0000,-9999.0000,-9999.0000,-9999.0000,-9999.0000,-9999.0000,-9999.0000
2020-01-21,20,437.0000,593.7924,708.9025,882.9036,1209.2383,1500.0439,1684.6659,1993.9588,1987.1443,2515.2561,1740.2158
2020-01-21,20,403.0000,613.9127,721.1159,883.1148,1213.4697,1491.3634,1682.6280,1987.6268,1987.9266,2492.8560,1725.4533
2020-01-24,20,346.0000,577.9974,784.7793,980.9621,1333.2100,1587.1334,1771.7702,2003.6036,2050.7805,2329.9836,1674.2405
2020-01-24,20,392.0000,653.4698,837.2874,1001.5138,1337.6851,1593.6253,1787.2217,2010.8892,2064.3042,2316.0612,1668.0327
2020-01-29,20,-9999.0000,-9999.0000,-9999.0000,-9999.0000,-9999.0000,-9999.0000,-9999.0000,-9999.0000,-9999.0000,-9999.0000,-9999.0000
2020-01-29,20,-9999.0000,-9999.0000,-9999.0000,-9999.0000,-9999.0000,-9999.0000,-9999.0000,-9999.0000,-9999.0000,-9999.0000,-9999.0000
2020-01-31,20,1198.6616,1220.0000,1296.7132,1349.1668,1681.2870,1898.1532,2057.3963,2235.1722,2268.2005,2459.7869,1781.2471
2020-02-05,20,174.0000,280.5802,505.3675,805.6119,890.2738,939.5573,1026.9805,1155.4212,1147.0252,1579.8735,1253.9707
2020-02-05,20,348.0000,462.2827,630.4347,861.0172,949.4527,1010.7990,1083.8157,1202.9195,1185.6290,1562.4782,1245.6763
2020-02-08,20,738.3406,808.1445,965.4693,1136.8635,1229.7926,1275.0378,1331.6490,1443.0223,1411.3895,1797.6934,1509.5832
2020-02-08,20,663.0000,796.5146,953.8206,1129.3602,1218.0729,1283.2562,1338.9273,1459.0776,1427.7656,1804.8687,1509.7988
2020-02-13,20,898.0000,1024.0000,1144.7192,1296.6976,1381.4086,1443.4957,1522.8835,1619.5146,1595.7844,1930.0000,1744.8249
2020-02-13,20,812.2602,1000.7173,1137.0278,1301.4395,1401.8967,1483.0040,1562.6590,1659.0588,1635.5072,1953.2896,1756.6391
2020-02-15,20,1082.0000,1113.1841,1296.9537,1469.1797,1625.8196,1698.1036,1755.6071,1882.7835,1859.3973,2014.0868,1652.3252
2020-02-15,20,1082.0000,1137.2287,1312.5828,1469.7077,1617.3068,1691.3894,1755.2549,1883.2473,1851.1506,2005.7827,1638.3028
2020-02-18,20,1514.7505,1466.0000,1522.0000,1566.0000,1718.2791,1797.3562,1865.7162,1885.8238,1923.5268,1960.6490,1521.0378
2020-02-18,20,1418.0000,1430.0000,1504.0000,1554.0000,1734.6337,1829.3605,1893.7337,1914.0000,1947.0321,1969.3195,1537.4845
2020-02-20,20,440.0000,729.8903,993.6791,1288.7698,1405.5187,1468.5006,1563.4128,1739.0007,1659.7889,2169.1237,1869.1304
2020-02-20,20,380.6242,733.9484,989.4095,1274.6756,1401.6580,1468.1242,1556.0286,1731.3413,1659.2730,2168.9272,1866.0000
2020-02-28,20,784.3508,993.4915,1275.2389,1562.7054,1611.4088,1690.4805,1763.9393,1996.1885,1867.5962,2395.3258,2074.5853
2020-02-28,20,701.3975,989.8112,1267.4560,1554.9139,1619.1347,1682.9328,1763.5314,2002.0209,1883.9715,2411.5964,2083.0506
2020-03-06,20,813.0000,889.5695,1147.0769,1474.4345,1634.5574,1699.0723,1787.5524,1907.4039,1917.0741,2209.7386,1649.7310
2020-03-06,20,678.4588,849.1868,1122.1579,1475.4982,1635.3938,1707.4705,1802.5872,1923.0348,1938.9981,2214.1760,1643.0000
2020-03-09,20,-9999.0000,-9999.0000,-9999.0000,-9999.0000,-9999.0000,-9999.0000,-9999.0000,-9999.0000,-9999.0000,-9999.0000,-9999.0000
2020-03-11,20,-9999.0000,-9999.0000,-9999.0000,-9999.0000,-9999.0000,-9999.0000,-9999.0000,-9999.0000,-9999.0000,-9999.0000,-9999.0000
2020-03-11,20,-9999.0000,-9999.0000,-9999.0000,-9999.0000,-9999.0000,-9999.0000,-9999.0000,-9999.0000,-9999.0000,-9999.0000,-9999.0000
2020-03-14,20,-9999.0000,-9999.0000,-9999.0000,-9999.0000,-9999.0000,-9999.0000,-9999.0000,-9999.0000,-9999.0000,-9999.0000,-9999.0000
2020-03-16,20,960.5284,1146.6691,1531.4579,1867.7632,2058.8309,2148.2729,2228.9030,2452.0536,2373.4297,2938.5117,2482.6422
2020-03-16,20,965.0000,1163.2484,1490.8655,1771.9074,1956.6485,2091.5528,2178.9376,2403.6205,2331.1739,2874.8390,2456.1032
2020-03-19,20,987.0000,1178.8009,1507.9229,1780.0323,1997.5015,2105.9747,2202.4094,2314.7649,2314.7635,2859.8550,2451.8439
2020-03-19,20,976.0000,1202.4285,1514.2017,1763.5352,1987.1520,2093.1557,2203.6672,2322.7723,2307.4315,2851.2733,2452.0488
2020-03-21,20,-9999.0000,-9999.0000,-9999.0000,-9999.0000,-9999.0000,-9999.0000,-9999.0000,-9999.0000,-9999.0000,-9999.0000,-9999.0000
2020-03-24,20,1057.1625,1363.7260,1683.1841,1994.5464,2156.8395,2325.1857,2436.1329,2695.3111,2595.1895,3145.3096,2965.7838
2020-03-24,20,1038.0000,1403.2880,1745.9597,2090.1803,2249.7379,2406.9518,2538.6740,2789.4714,2683.0000,3238.8231,3000.7485
2020-03-29,20,-9999.0000,-9999.0000,-9999.0000,-9999.0000,-9999.0000,-9999.0000,-9999.0000,-9999.0000,-9999.0000,-9999.0000,-9999.0000
2020-03-29,20,-9999.0000,-9999.0000,-9999.0000,-9999.0000,-9999.0000,-9999.0000,-9999.0000,-9999.0000,-9999.0000,-9999.0000,-9999.0000
2020-03-31,20,1622.0000,2067.9156,2501.6530,2903.2410,3071.2072,3179.8765,3292.4357,3642.1658,3411.1581,4152.0468,3850.9277
2020-03-31,20,1548.3822,2058.2642,2486.1162,2885.3591,3066.2061,3162.7559,3277.1852,3641.9314,3395.5699,4135.1050,3832.1012
2020-04-03,20,1421.4013,1755.8523,2139.2863,2486.6461,2715.8337,2827.0514,2938.8792,3140.1235,3043.0718,3739.8730,3544.9636
2020-04-03,20,1385.3521,1770.5945,2146.4933,2486.8941,2714.2452,2836.6275,2946.1806,3162.9214,3058.9832,3733.5732,3542.0043
2020-04-05,20,1670.3491,1972.3077,2434.6239,2839.6516,3076.8307,3202.8227,3298.6695,3575.3950,3427.7488,4163.2031,3785.5570
2020-04-05,20,1570.0000,1939.0391,2386.9111,2790.5582,3031.0764,3172.4158,3275.6637,3539.0320,3410.1240,4154.4421,3804.6396
2020-04-08,20,1496.0000,1834.8392,2306.6104,2694.7415,2850.8799,2963.6052,3075.2037,3395.1008,3210.9037,3829.7036,3466.1932
2020-04-08,20,1442.7892,1818.6220,2282.4448,2645.8474,2811.7159,2947.7036,3050.8290,3378.5305,3195.9155,3810.8120,3464.4630
2020-04-10,20,1670.1451,2074.5276,2554.4490,2982.9276,3224.8772,3315.5184,3435.1827,3691.4051,3554.8706,4361.8994,4072.1571
2020-04-10,20,1551.0000,2026.7890,2499.3806,2885.8003,3159.0827,3275.9787,3409.2878,3660.0093,3531.2528,4344.6199,4055.4025
2020-04-13,20,1635.6775,2010.6992,2450.6916,2853.6635,3067.9125,3196.5655,3322.6179,3538.8430,3459.8991,4086.2671,3829.8860
2020-04-13,20,1548.1676,1986.8929,2417.6655,2789.6506,3015.4306,3178.7900,3308.2439,3524.2094,3443.3406,4057.9870,3817.7539
2020-04-15,20,1780.9330,2122.1005,2630.2846,3045.9877,3256.0265,3406.0543,3499.7849,3786.6327,3635.2827,4298.5374,3896.2856
2020-04-15,20,1672.5434,2058.7847,2566.9365,2951.4458,3191.5327,3354.7833,3467.5519,3747.3320,3603.0496,4247.5965,3885.3882
2020-04-18,20,1598.4748,1890.9498,2314.4975,2629.9115,2850.6244,2993.6027,3105.6367,3258.7874,3242.6792,3643.9323,3253.0020
2020-04-18,20,1558.3967,1889.7801,2299.5694,2582.3557,2826.0409,2993.8571,3116.9629,3259.7325,3240.6395,3611.1032,3240.2341
2020-04-23,20,1537.9827,1931.0386,2388.6479,2759.7493,2983.5796,3124.8967,3266.4458,3516.7265,3384.9557,3960.4327,3752.1195
2020-04-23,20,1455.0000,1883.1938,2322.7458,2679.0174,2885.3553,3083.6555,3230.8149,3491.8009,3349.2956,3926.0326,3734.7066
2020-04-25,20,1893.5179,2098.9695,2595.7962,2983.2670,3269.7911,3469.6690,3589.7079,3762.4407,3740.8429,4356.6247,3959.0522
2020-04-25,20,1748.0631,2058.1802,2546.6198,2901.6277,3210.2119,3473.5638,3601.5266,3770.9769,3749.4172,4339.6001,3928.9071
2020-04-30,20,1351.0000,1544.8477,1877.0039,2123.2559,2430.0538,2811.7750,3069.4006,3130.0694,3180.1136,3049.4978,2382.0626
2020-04-30,20,1376.0000,1581.0000,1861.0000,2091.5418,2408.0000,2728.4955,2964.3011,3035.1923,3067.0000,3062.3155,2399.0000
2020-05-03,20,714.6044,939.4430,1259.6144,1539.8772,1739.1825,1979.1002,2132.2750,2283.2305,2251.9622,2578.6571,2157.0000
2020-05-03,20,680.5052,939.3476,1243.6156,1506.6522,1707.6606,1979.5210,2139.3600,2289.7950,2258.4252,2555.7856,2169.8416
2020-05-08,20,1487.0000,1818.4825,2326.6944,2695.8987,2969.5318,3242.3385,3404.3023,3579.9116,3533.3890,3863.3494,3316.1916
2020-05-08,20,1352.8063,1722.8254,2186.0819,2519.3428,2790.6598,3131.3763,3301.1128,3482.7681,3445.4692,3785.9356,3271.2110
2020-05-10,20,2525.0000,2758.8401,3273.4890,3575.1224,3960.2317,4410.4761,4747.4315,4837.1063,4869.4905,4854.0481,4265.2271
2020-05-10,20,2187.0000,2742.3648,3237.0752,3541.5503,3935.0000,4375.4390,4708.4740,4807.5789,4854.3461,4992.0000,4373.6758
2020-05-15,20,1891.0000,2003.2447,2324.3359,2514.1688,2835.3545,3228.7388,3403.6055,3434.1344,3535.6599,3492.2726,2891.0000
2020-05-15,20,1467.0000,1922.3024,2251.8066,2514.0000,2780.0000,3221.8506,3434.0000,3448.8293,3587.5254,3587.9303,3046.0000
2020-05-23,20,2165.1937,2410.3877,2777.8147,3014.8513,3267.7335,3442.1722,3634.5051,3666.6408,3729.6626,3734.1125,3445.5686
2020-05-25,20,1867.0000,2246.1926,2822.4580,3336.4889,3623.7407,3858.5054,3995.3515,4195.8340,4173.6577,4810.2898,4378.4853
2020-05-25,20,1825.4609,2280.2844,2872.4780,3381.4884,3672.9433,3924.6073,4058.5230,4265.1261,4223.0000,4870.7658,4404.1894
2020-05-28,20,-9999.0000,-9999.0000,-9999.0000,-9999.0000,-9999.0000,-9999.0000,-9999.0000,-9999.0000,-9999.0000,-9999.0000,-9999.0000
2020-05-28,20,-9999.0000,-9999.0000,-9999.0000,-9999.0000,-9999.0000,-9999.0000,-9999.0000,-9999.0000,-9999.0000,-9999.0000,-9999.0000
2020-05-30,20,1854.0000,2215.5112,2697.8641,3128.7612,3352.3723,3732.9315,3994.7543,4145.1663,4139.7648,4439.1010,4266.3100
2020-05-30,20,1727.0000,2149.8817,2614.2282,3031.3483,3270.9338,3699.4554,4003.1066,4137.5351,4116.0654,4405.9706,4240.6476
2020-06-02,20,1562.3061,1828.7293,2246.0786,2664.2306,2896.6912,3352.6028,3587.8545,3649.0973,3731.5120,4054.1830,3850.2856
2020-06-02,20,1423.0000,1766.5176,2181.0160,2548.7633,2792.9354,3283.4920,3563.7939,3620.0000,3706.0000,4007.7757,3810.2503
2020-06-04,20,-9999.0000,-9999.0000,-9999.0000,-9999.0000,-9999.0000,-9999.0000,-9999.0000,-9999.0000,-9999.0000,-9999.0000,-9999.0000
2020-06-04,20,-9999.0000,-9999.0000,-9999.0000,-9999.0000,-9999.0000,-9999.0000,-9999.0000,-9999.0000,-9999.0000,-9999.0000,-9999.0000
2020-06-07,20,1317.0000,1441.5349,1793.9073,2037.7550,2315.6942,2656.6978,2899.2043,2885.0330,3035.4145,3143.5189,2520.6453
2020-06-07,20,1330.0000,1482.9105,1827.8100,2071.3412,2359.6892,2716.2605,2969.6668,2940.2151,3107.7996,3172.1773,2519.2056
2020-06-12,20,959.0000,1259.4793,1642.9683,1937.3902,2196.3478,2433.5392,2612.0896,2666.4968,2740.6039,2987.9703,2404.5255
2020-06-12,20,933.4063,1251.1456,1627.8835,1909.4313,2180.5620,2446.0214,2643.1120,2689.8418,2758.1248,2987.4080,2406.1788
2020-06-14,20,1367.0000,1490.9284,1938.9703,2151.0652,2549.9926,2954.9462,3114.5986,3106.7935,3276.2756,3574.2223,2899.8041
2020-06-14,20,1318.0000,1515.2058,1959.1247,2200.2977,2598.6654,3019.7609,3180.4745,3186.2938,3338.4845,3592.5839,2919.2230
2020-06-17,20,1181.0000,1323.7193,1786.9008,1927.0714,2375.5660,2798.7811,2988.0633,2978.6763,3132.0702,3286.8405,2567.7845
2020-06-17,20,1098.0000,1315.3649,1779.1402,1894.1668,2359.0541,2821.1936,3020.4654,3009.3860,3171.1635,3272.1020,2570.3669
2020-06-19,20,1402.6696,1622.6229,2136.1195,2310.4215,2822.5200,3265.6986,3537.9060,3561.8797,3657.9510,3878.9925,3271.4460
2020-06-19,20,1310.3031,1607.7737,2117.8331,2280.6433,2773.4065,3290.4032,3584.5310,3595.7988,3699.4145,3880.6819,3254.5717
2020-06-22,20,992.3601,1236.0877,1717.8942,1880.0257,2307.9135,2876.3477,3163.5358,3227.7286,3316.1893,3494.2404,2966.8642
2020-06-22,20,963.0000,1235.2637,1702.5326,1862.5495,2300.7300,2884.6687,3179.4274,3234.0000,3323.8984,3523.0685,2983.4942
2020-06-24,20,-9999.0000,-9999.0000,-9999.0000,-9999.0000,-9999.0000,-9999.0000,-9999.0000,-9999.0000,-9999.0000,-9999.0000,-9999.0000
2020-06-27,20,1554.7893,1783.4537,2407.1320,2646.6199,3160.9201,3846.8586,4108.0000,4147.8230,4282.3640,4342.4164,3608.5000
2020-06-27,20,1436.6007,1734.7770,2311.1158,2537.1082,3045.7163,3771.7439,4034.5786,4067.7118,4212.1351,4262.1826,3542.0735
2020-06-29,20,1628.0000,2037.9974,2631.5076,2840.7851,3369.0426,4059.9547,4444.4971,4426.9980,4596.2220,4717.4642,4051.9212
2020-06-29,20,1526.0000,1943.8179,2517.9772,2726.6778,3240.0000,3989.4168,4345.6104,4337.9949,4508.9617,4634.9992,4022.6264
2020-07-02,20,-9999.0000,-9999.0000,-9999.0000,-9999.0000,-9999.0000,-9999.0000,-9999.0000,-9999.0000,-9999.0000,-9999.0000,-9999.0000
2020-07-02,20,-9999.0000,-9999.0000,-9999.0000,-9999.0000,-9999.0000,-9999.0000,-9999.0000,-9999.0000,-9999.0000,-9999.0000,-9999.0000
2020-07-04,20,1773.0000,1864.8000,2295.8840,2328.7376,2746.0000,3580.5069,3868.0295,3863.4753,4005.6717,3426.8637,2651.1637
2020-07-04,20,1685.0000,1794.6329,2150.4160,2148.9192,2531.5748,3393.6781,3681.0000,3671.7049,3844.4437,3303.6016,2546.3748
2020-07-07,20,832.0000,1034.6542,1498.2646,1673.1695,2091.2184,2916.5754,3181.0486,3363.4865,3386.2766,3175.1494,2405.9154
2020-07-07,20,802.0000,1042.7120,1477.1703,1641.9350,2059.0861,2914.5235,3179.3932,3353.4987,3371.9740,3156.8760,2408.5225
2020-07-09,20,1406.0000,1829.9631,2393.4764,2597.7945,3159.3844,4075.8261,4476.2064,4515.1139,4643.6997,4522.0000,3875.5575
2020-07-09,20,1285.0000,1717.0272,2246.7907,2438.9017,2968.0988,3923.5079,4323.3549,4362.7991,4499.4726,4445.2503,3813.1214
2020-07-12,20,889.0000,1239.7580,1702.4184,1878.0680,2309.3592,3363.6533,3708.5666,3905.7708,3883.3002,3671.4490,3046.5816
2020-07-12,20,896.9476,1221.0127,1671.7297,1831.6848,2310.8456,3324.9914,3698.9659,3899.2289,3874.0000,3637.2748,3029.7647
2020-07-14,20,1339.0000,1641.1044,2182.3013,2358.4193,2871.0498,4083.2319,4419.5496,4585.0615,4628.7463,4246.8918,3428.5667
2020-07-14,20,1269.4310,1638.2801,2168.4324,2360.3304,2872.1792,4100.9769,4419.6155,4586.6005,4628.6372,4213.5770,3431.5550
2020-07-17,20,967.0000,1206.5647,1702.5474,1814.0061,2330.0000,3703.7517,4115.4003,4213.8913,4314.7588,3545.7218,2740.2625
2020-07-17,20,877.0000,1192.5404,1641.2291,1750.0774,2269.3667,3607.0000,4018.6288,4135.7060,4237.0594,3540.0000,2718.0000
2020-07-19,20,1010.4056,1302.0213,1766.5419,1849.6804,2455.8202,3862.6347,4422.4897,4533.9027,4599.9883,3848.7086,3029.4519
2020-07-19,20,914.3811,1257.2879,1703.2581,1767.6921,2361.0953,3786.8351,4339.9026,4422.4298,4485.2753,3814.2271,2983.4457
2020-07-22,20,779.0000,529.0000,627.0000,505.0000,792.0000,1886.0000,2518.0000,2270.0000,2640.0000,1252.0000,687.0000
2020-07-22,20,811.0000,766.0000,931.0000,869.0000,1214.0000,2017.0000,2380.0000,2250.0000,2486.0000,1559.0000,1143.0000
2020-07-27,20,713.0000,788.0888,1116.3618,1095.6434,1544.4095,3292.2831,3834.3010,3863.8533,4057.8895,2870.7706,1944.9849
2020-07-27,20,664.8444,803.6764,1117.1072,1063.4784,1560.2964,3240.7985,3817.2656,3832.4667,4024.6305,2841.6012,1977.0000
2020-07-29,20,830.0000,931.3040,1219.8930,1143.9056,1685.3409,3484.3938,4291.4607,4262.9144,4507.9292,3178.1452,2219.6978
2020-07-29,20,804.0000,963.2355,1218.2668,1125.4638,1670.6708,3435.2039,4227.1465,4182.0987,4440.6209,3142.5942,2207.0000
2020-08-01,20,612.2579,730.1885,1015.5671,965.2590,1411.8829,3292.9065,4134.6087,4137.3767,4326.1575,2839.0000,1959.9568
2020-08-01,20,635.0000,774.1552,1030.7254,967.6080,1434.6554,3218.7587,4052.1964,4055.1955,4264.0176,2807.5887,1939.9252
2020-08-06,20,371.0000,388.0694,680.3069,549.9922,1111.1206,3573.4375,4409.4933,4407.3676,4581.1236,2488.3815,1414.4245
2020-08-06,20,346.0000,412.7545,678.9979,533.5591,1083.8933,3575.2818,4420.5071,4396.3034,4634.4838,2472.4659,1380.3682
2020-08-08,20,469.9523,567.4593,823.5117,729.4024,1227.3929,3426.2372,4390.9365,4534.2324,4616.6788,2646.7925,1652.0371
2020-08-08,20,525.3975,636.5014,870.5936,742.7547,1269.7449,3339.3952,4293.8674,4406.0012,4506.1785,2616.7286,1656.4216
2020-08-11,20,-9999.0000,-9999.0000,-9999.0000,-9999.0000,-9999.0000,-9999.0000,-9999.0000,-9999.0000,-9999.0000,-9999.0000,-9999.0000
2020-08-11,20,-9999.0000,-9999.0000,-9999.0000,-9999.0000,-9999.0000,-9999.0000,-9999.0000,-9999.0000,-9999.0000,-9999.0000,-9999.0000
2020-08-13,20,546.0000,436.9338,745.9543,647.8766,1128.5813,3688.0000,4616.3741,4648.2386,4917.0658,2521.1054,1464.1170
2020-08-13,20,533.0000,552.5254,810.3949,677.8850,1223.1603,3572.5976,4437.8154,4469.4232,4740.1184,2504.6307,1457.0000
2020-08-16,20,659.0000,627.9925,836.5015,758.1371,1178.8290,3162.9636,3991.8726,4038.0494,4244.8637,2181.5628,1319.8744
2020-08-16,20,640.0000,644.4805,834.2727,744.0008,1172.4951,3155.7781,3990.9816,4022.4729,4230.7884,2164.2447,1340.5199
2020-08-21,20,480.0000,555.2100,744.8762,630.0233,1058.6587,2973.7420,3883.3512,3943.2276,4120.3138,2186.8786,1334.4508
2020-08-21,20,471.0000,547.6053,743.5458,630.7127,1079.9904,3010.5032,3962.5349,4006.5666,4179.4818,2183.5693,1350.0784
2020-08-23,20,632.0000,587.0232,869.9949,729.0122,1272.2656,3491.6696,4278.6303,4341.3343,4595.7363,2488.8467,1491.0000
2020-08-23,20,610.0000,635.2471,887.7166,743.1363,1301.5020,3443.3757,4213.2438,4277.0477,4518.9034,2484.4832,1477.3352
2020-08-26,20,599.0000,587.1687,855.4552,742.1599,1285.0851,3418.9608,4235.4157,4294.5776,4519.2868,2325.7647,1379.9617
2020-08-26,20,527.0000,555.6890,823.6333,710.7900,1273.1569,3489.4643,4310.3856,4404.4977,4613.9915,2358.8519,1397.8034
2020-08-28,20,449.0000,503.9922,806.4104,710.8559,1305.4504,3339.3433,4246.5308,4308.6164,4501.0644,2501.3353,1574.8418
2020-08-28,20,508.0000,644.4842,901.3793,760.8738,1322.1298,3196.4356,4023.0088,4102.9656,4296.6116,2471.4703,1559.1792
2020-09-02,20,1033.0000,922.5383,1259.3236,1090.1207,1683.9423,3578.9383,4124.9850,4313.2995,4343.0000,2347.0900,1433.4343
2020-09-02,20,1013.0000,1034.8353,1275.0650,1090.9409,1644.3064,3271.0000,3814.1125,3956.6153,3984.0000,2317.0000,1455.0000
2020-09-05,20,467.0000,451.4067,733.0068,535.3579,1210.7990,2971.8560,3499.8715,3559.6384,3722.5274,1975.7427,1079.6787
2020-09-05,20,479.0000,491.4267,747.9420,550.8843,1211.2368,2945.6124,3446.8178,3559.9451,3703.7283,1945.6422,1099.0000
2020-09-07,20,-9999.0000,-9999.0000,-9999.0000,-9999.0000,-9999.0000,-9999.0000,-9999.0000,-9999.0000,-9999.0000,-9999.0000,-9999.0000
2020-09-07,20,-9999.0000,-9999.0000,-9999.0000,-9999.0000,-9999.0000,-9999.0000,-9999.0000,-9999.0000,-9999.0000,-9999.0000,-9999.0000
2020-09-10,20,1248.5760,1171.5325,1434.9381,1227.4059,1930.9735,3084.3083,3485.2428,3531.1855,3665.3771,2180.5049,1498.4682
2020-09-10,20,1182.2034,1256.5005,1466.5655,1251.7440,1868.2567,2981.6276,3403.9031,3419.5039,3588.5092,2132.3400,1448.0000
2020-09-12,20,589.0000,571.5430,1015.2314,887.5399,1828.4345,3292.0664,3634.1644,3749.3369,3921.7453,2453.5363,1510.7572
2020-09-12,20,512.0000,553.9237,1016.9709,869.4097,1834.0322,3316.4158,3651.0288,3785.0769,3956.0073,2457.7573,1514.8623
2020-09-15,20,523.0000,583.2203,1047.5109,1060.0406,1943.2126,2941.2105,3250.0609,3416.6992,3587.2535,2502.5803,1606.9207
2020-09-15,20,496.0000,598.8539,1046.6182,1062.3875,1927.4786,2951.0000,3275.8773,3432.3028,3595.3573,2506.3688,1624.2345
2020-09-17,20,677.0000,920.5585,1317.0437,1383.9394,2164.3346,2974.2103,3395.8253,3557.7536,3779.9861,3124.6013,2196.2041
2020-09-17,20,668.0000,954.8513,1318.3276,1382.7492,2120.0302,2941.4597,3362.2675,3516.1641,3740.9093,3096.4400,2198.7332
2020-09-20,20,594.0000,773.0528,1130.3810,1318.2714,1898.2121,2485.0456,2825.3213,2987.7155,3203.9073,2885.1352,2151.3897
2020-09-20,20,596.0000,786.8836,1141.6890,1303.3577,1911.2631,2491.4189,2835.1775,3017.0709,3210.7568,2902.5218,2118.9848
2020-09-25,20,857.0615,875.5571,1146.6986,1275.9325,1676.3316,2172.8253,2427.5812,2467.1444,2707.1217,2387.7893,1578.6666
2020-09-25,20,851.0000,922.7820,1187.7639,1282.5894,1683.4638,2195.9113,2444.5806,2498.7274,2723.4451,2380.1346,1580.5863
2020-09-30,20,653.0000,737.1421,907.7408,1020.4994,1330.8166,1674.0000,1876.2492,1970.6283,2084.2838,2004.3115,1581.7146
2020-09-30,20,646.0000,765.6415,931.6049,1028.2152,1322.5158,1697.6283,1914.5117,1987.1714,2099.5747,1995.1935,1562.5766
2020-10-07,20,482.0000,652.0907,851.7059,1019.8025,1330.3296,1730.8673,1920.3147,2059.4303,2114.6353,2115.5837,1586.6269
2020-10-07,20,440.0000,642.9758,843.4916,1011.9290,1323.5363,1748.5510,1955.3442,2072.8108,2148.4970,2114.0958,1588.3043
2020-10-10,20,1107.0000,1209.1991,1393.3876,1531.4589,1850.7189,2157.2481,2349.9505,2444.4992,2538.0000,2476.7024,1890.6569
2020-10-10,20,972.5320,1181.0852,1388.9814,1539.4416,1889.9403,2229.6091,2437.1507,2522.9825,2629.6714,2493.3385,1906.6797
2020-10-12,20,676.0000,802.8507,1106.8902,1403.8789,1699.9341,2018.8655,2173.2611,2358.7196,2404.1522,2116.7846,1444.0310
2020-10-12,20,637.0000,819.4399,1107.3818,1394.5677,1699.8575,2034.5489,2194.2802,2358.3028,2403.3233,2114.8460,1443.6429
2020-10-20,20,1477.5533,1581.8094,1697.5122,1664.9183,1941.2709,2232.8005,2361.1156,2434.9801,2460.5538,2268.7374,1794.5731
2020-10-22,20,-9999.0000,-9999.0000,-9999.0000,-9999.0000,-9999.0000,-9999.0000,-9999.0000,-9999.0000,-9999.0000,-9999.0000,-9999.0000
2020-10-25,20,640.4494,755.5669,1011.2648,1138.2858,1395.6260,1699.2119,1819.7372,1895.1691,1980.0437,2179.9503,1594.3689
2020-10-25,20,616.3212,795.7804,1027.0696,1130.9893,1395.4230,1707.8828,1842.0087,1895.0298,1981.1016,2163.9133,1602.5683
2020-10-30,20,-9999.0000,-9999.0000,-9999.0000,-9999.0000,-9999.0000,-9999.0000,-9999.0000,-9999.0000,-9999.0000,-9999.0000,-9999.0000
2020-11-04,20,792.0000,861.8931,1106.3212,1138.2734,1499.9739,1834.6130,1972.3095,1988.8892,2122.1905,2252.1710,1690.8147
2020-11-04,20,773.0000,905.6211,1138.3119,1155.2045,1522.7134,1891.3304,2042.0545,2042.9609,2172.4306,2266.6300,1708.9243
2020-11-06,20,337.0000,643.6393,932.1644,1034.7126,1410.0957,1829.1040,2010.3556,2119.6676,2165.3555,2435.8568,1909.6092
2020-11-06,20,550.2636,811.7452,1026.9183,1067.3721,1413.2943,1803.0050,1974.8403,2089.6510,2100.5184,2364.7093,1885.4464
2020-11-09,20,589.0000,789.1245,1027.0371,1050.9754,1404.5551,1812.0735,1962.9988,2087.1735,2114.9564,2171.3043,1770.5014
2020-11-09,20,554.7710,802.5675,1027.4855,1043.5748,1388.4948,1788.5399,1941.7672,2071.2977,2114.8621,2164.3104,1746.0811
2020-11-11,20,507.0000,619.2058,978.6844,1050.2689,1442.8713,1944.7781,2073.2295,2248.5939,2259.6526,2402.2782,1850.7644
2020-11-11,20,623.0000,779.0652,1066.4092,1083.5616,1452.3026,1908.2881,2043.2419,2198.2571,2203.9905,2339.8420,1808.0000
2020-11-19,20,444.7179,668.4048,955.2055,939.1795,1301.5284,1772.7404,1917.7794,2086.8990,2084.0338,2012.9540,1532.5036
2020-11-19,20,390.0000,675.7738,955.1567,932.2646,1299.2734,1803.2697,1930.4897,2120.0981,2099.4402,2018.5264,1531.5715
2020-11-21,20,474.0000,611.0918,978.4097,1059.2465,1467.0395,2002.9385,2146.5357,2470.2635,2347.3416,2450.1662,1811.9634
2020-11-21,20,586.5919,754.3845,1058.9548,1092.6492,1466.7929,1970.5773,2099.7175,2406.4589,2284.9494,2388.6663,1795.4980
2020-11-24,20,672.4697,817.7568,1058.3024,1131.3696,1482.1696,1826.5691,1954.8715,2133.9479,2126.1136,2340.0305,1763.8234
2020-11-24,20,544.0000,755.3227,1019.7250,1106.9070,1457.7599,1819.2863,1964.1398,2149.9664,2155.0698,2360.7114,1765.0574
2020-11-26,20,572.0000,825.2819,1067.2278,1178.5775,1586.1819,1989.1993,2170.6750,2357.7027,2340.4288,2452.3595,1805.1483
2020-11-26,20,689.0000,953.1774,1138.8706,1195.1976,1570.8213,1932.4329,2109.0000,2296.2023,2276.4248,2387.8687,1779.0076
2020-11-29,20,521.0000,771.8734,1003.4932,1099.6774,1444.3799,1780.2340,1923.8343,2103.1719,2117.1632,2338.6947,1889.5608
2020-11-29,20,404.6831,723.7017,972.3211,1075.0429,1443.9310,1779.9800,1936.8406,2119.5684,2139.8776,2355.6077,1890.5959
2020-12-01,20,412.0000,372.9027,491.6331,483.8871,650.2229,806.4971,840.5228,887.1322,923.2046,776.5658,545.6967
2020-12-01,20,334.2623,360.8260,475.8535,474.8681,627.3516,791.4633,839.6549,886.5053,896.7410,777.4272,539.7984
2020-12-19,20,651.0000,873.9964,1091.2881,1139.0439,1506.9324,1819.8732,1954.0094,2076.5787,2100.2983,2126.3587,1621.9694
2020-12-19,20,590.0000,865.1228,1091.2536,1138.5395,1514.3384,1860.6109,1996.5712,2117.4281,2137.4066,2139.3065,1635.3637
2020-12-26,20,-9999.0000,-9999.0000,-9999.0000,-9999.0000,-9999.0000,-9999.0000,-9999.0000,-9999.0000,-9999.0000,-9999.0000,-9999.0000
2020-12-26,20,-9999.0000,-9999.0000,-9999.0000,-9999.0000,-9999.0000,-9999.0000,-9999.0000,-9999.0000,-9999.0000,-9999.0000,-9999.0000
2020-12-31,20,472.6552,563.5608,859.3423,971.5430,1384.0000,1862.0000,1991.6177,2212.8119,2211.8341,1843.2456,1155.4950
2020-12-31,20,412.0000,570.7406,859.8884,971.0524,1396.3240,1884.5061,2044.5493,2230.2931,2227.4126,1851.0998,1165.1591
2021-01-03,20,440.7844,587.9887,875.7894,978.8806,1362.6113,1787.6016,1947.0799,2104.5716,2124.2361,1715.0409,1067.0175
2021-01-03,20,472.0000,643.8806,907.3240,996.1134,1395.4649,1827.8515,1972.3875,2120.0970,2130.9877,1722.0106,1082.6607
2021-01-08,20,424.6309,675.4209,931.2592,1003.7216,1387.4561,1805.1258,1939.3573,2152.9696,2116.4153,1930.7196,1403.8876
2021-01-08,20,382.5512,699.9710,947.4490,1011.4046,1387.2195,1819.2372,1955.1727,2165.2226,2130.0909,1923.5000,1413.0652
2021-01-13,20,493.0000,617.4088,866.2946,988.0129,1322.9146,1706.7261,1827.9496,2055.4065,2010.4682,1883.8613,1257.7100
2021-01-13,20,464.0000,641.4254,875.4740,996.0325,1329.9259,1738.2436,1845.3147,2055.1409,2019.3396,1882.4247,1261.6563
2021-01-18,20,-9999.0000,-9999.0000,-9999.0000,-9999.0000,-9999.0000,-9999.0000,-9999.0000,-9999.0000,-9999.0000,-9999.0000,-9999.0000
2021-02-09,20,-9999.0000,-9999.0000,-9999.0000,-9999.0000,-9999.0000,-9999.0000,-9999.0000,-9999.0000,-9999.0000,-9999.0000,-9999.0000
2021-02-14,20,407.0000,619.6350,867.7829,1090.3632,1451.5439,1906.8221,2085.4723,2439.3999,2284.9163,2282.6154,1586.7417
2021-02-14,20,496.9873,731.0201,940.4763,1106.9059,1426.5928,1882.3968,2067.5986,2375.7345,2227.3516,2243.9206,1573.8246
2021-02-17,20,1108.2055,1104.0000,1110.0000,1153.3491,1253.5256,1321.2441,1395.1793,1435.3159,1427.3887,1443.2238,1149.1225
2021-02-17,20,1012.0000,1084.0000,1096.0000,1141.0093,1249.6675,1341.4117,1410.8492,1450.1696,1435.5089,1443.1571,1152.8948
2021-02-22,20,-9999.0000,-9999.0000,-9999.0000,-9999.0000,-9999.0000,-9999.0000,-9999.0000,-9999.0000,-9999.0000,-9999.0000,-9999.0000
2021-02-24,20,572.3267,792.2584,1024.9683,1208.7178,1364.8859,1468.2037,1563.8288,1690.8493,1642.8731,1883.8568,1534.0561
2021-02-24,20,538.5892,804.7334,1028.9376,1200.8614,1349.6818,1449.4216,1546.8029,1667.0252,1618.7727,1875.0153,1529.8099
2021-02-27,20,686.5953,896.5527,1137.0717,1309.3045,1457.4566,1531.4672,1619.5555,1715.0442,1700.2563,2003.3272,1770.7751
2021-02-27,20,652.4803,914.6174,1152.4187,1316.8374,1464.7972,1571.4363,1651.1595,1747.8373,1731.3357,2004.3627,1774.1024
2021-03-01,20,768.3685,905.0393,1243.2011,1564.0783,1698.8318,1803.7547,1875.9016,2106.8942,2003.9036,2539.2965,2235.3976
2021-03-01,20,657.4321,891.3200,1227.0629,1539.6725,1674.2622,1802.9690,1883.7378,2115.2863,2003.5956,2531.1784,2226.3593
2021-03-04,20,1230.0000,1333.4237,1544.1424,1697.5352,1864.2389,1977.4550,2053.3268,2165.1174,2132.9067,2411.6853,2049.9505
2021-03-04,20,1334.0000,1425.8121,1600.5062,1717.0638,1874.2975,2005.3086,2081.5798,2188.3168,2152.8761,2401.4159,2036.4792
2021-03-06,20,816.9055,1107.3836,1403.0827,1707.0976,1836.4447,1914.2751,2018.5665,2259.0988,2108.7609,2682.1606,2435.3793
2021-03-06,20,796.2997,1130.6470,1411.7518,1682.9637,1793.5992,1907.9815,2011.7741,2242.6708,2107.0839,2676.6133,2429.1166
2021-03-09,20,903.0000,1121.4865,1344.5629,1571.5349,1708.3124,1818.5035,1906.1702,2058.9695,1987.4912,2459.0501,2306.7244
2021-03-09,20,810.1536,1104.9160,1346.9599,1587.1297,1724.9231,1844.9742,1932.3915,2083.4264,2010.3363,2477.0372,2323.3796
2021-03-16,20,928.0000,1219.2930,1523.1750,1938.6881,2123.9604,2244.6735,2347.6705,2602.0736,2468.2092,3131.2854,2925.0036
2021-03-16,20,852.0565,1218.6657,1507.4703,1905.8579,2083.1469,2234.2552,2339.1837,2587.0969,2452.1839,3106.7641,2899.5341
2021-03-19,20,702.0000,933.8500,1163.4178,1475.5342,1612.1811,1740.2634,1835.7644,2010.9223,1938.7792,2425.5237,2219.2545
2021-03-19,20,695.0000,957.6614,1176.5524,1467.4096,1603.4547,1730.4571,1835.0729,2010.6482,1940.4652,2403.2960,2211.4209
2021-03-21,20,-9999.0000,-9999.0000,-9999.0000,-9999.0000,-9999.0000,-9999.0000,-9999.0000,-9999.0000,-9999.0000,-9999.0000,-9999.0000
2021-03-21,20,-9999.0000,-9999.0000,-9999.0000,-9999.0000,-9999.0000,-9999.0000,-9999.0000,-9999.0000,-9999.0000,-9999.0000,-9999.0000
2021-03-24,20,1093.1872,1362.4774,1747.4377,2122.5761,2277.0133,2347.8886,2444.6068,2619.4318,2547.8823,3195.4744,2962.9061
2021-03-24,20,1034.0000,1370.6014,1747.3073,2114.9875,2273.8112,2363.5886,2452.0647,2634.2735,2564.7419,3196.1261,2962.1007
2021-03-26,20,1370.0000,1627.1265,1954.8885,2291.5630,2492.3849,2596.1829,2723.3669,2890.7325,2812.0108,3570.7273,3448.1352
2021-03-26,20,1293.5044,1635.1871,1946.9593,2251.1587,2475.1928,2579.6861,2706.9604,2865.9632,2795.0783,3555.9454,3465.1799
2021-03-29,20,1294.0000,1533.1695,1819.0344,2075.0782,2266.8117,2379.7156,2491.3243,2587.7083,2587.4863,3172.1180,3065.5960
2021-03-29,20,1258.0000,1553.5094,1843.2522,2098.8154,2292.8396,2428.3784,2548.7264,2643.1785,2643.8805,3195.5843,3081.1870
2021-03-31,20,1397.4979,1618.4517,2043.1591,2422.1484,2613.5572,2722.5789,2803.4791,2954.5553,2923.7856,3611.0940,3382.5946
2021-03-31,20,1296.0000,1578.8076,1970.6362,2322.9331,2507.4645,2642.5009,2723.9389,2874.6672,2844.4251,3539.2454,3353.5461
2021-04-03,20,1041.4750,1258.7876,1578.6089,1899.2979,2075.1946,2203.2094,2316.2567,2483.0723,2442.1475,2955.0230,2706.7956
2021-04-03,20,1039.0000,1274.4184,1580.3484,1881.9279,2059.9870,2202.7268,2307.1799,2466.4176,2429.9049,2946.6293,2690.7693
2021-04-05,20,1398.0021,1747.2965,2130.6039,2517.1703,2698.6789,2835.4930,2962.7795,3178.8296,3067.2550,3810.9603,3690.0284
2021-04-05,20,1307.0000,1755.1055,2139.0678,2520.0777,2714.5507,2851.6645,2978.7080,3196.3058,3074.8239,3820.1713,3685.9445
2021-04-08,20,1148.0000,1491.2707,1842.2935,2215.7531,2354.4025,2522.9221,2636.8706,2908.2216,2747.7224,3380.0000,3290.6575
2021-04-08,20,1117.0000,1491.5262,1835.5235,2197.7140,2330.4504,2498.7899,2619.5589,2899.3011,2747.8091,3363.3410,3285.6656
2021-04-10,20,1585.0000,1818.3482,2258.2208,2679.5779,2870.7193,3012.9251,3099.0204,3284.3159,3226.0388,3884.9598,3610.7050
2021-04-10,20,1462.1494,1771.5073,2195.0458,2584.7399,2774.9950,2948.9240,3044.1759,3227.8064,3164.0192,3832.1409,3573.4854
2021-04-15,20,822.1937,1005.7430,1242.5966,1546.7645,1715.7712,1874.2755,1985.6415,2139.1315,2068.5960,2266.8254,1805.3420
2021-04-15,20,734.0000,1009.1928,1242.9518,1539.4920,1715.9350,1885.3783,2006.0406,2163.7297,2097.9998,2268.2135,1804.6164
2021-04-20,20,-9999.0000,-9999.0000,-9999.0000,-9999.0000,-9999.0000,-9999.0000,-9999.0000,-9999.0000,-9999.0000,-9999.0000,-9999.0000
2021-04-20,20,-9999.0000,-9999.0000,-9999.0000,-9999.0000,-9999.0000,-9999.0000,-9999.0000,-9999.0000,-9999.0000,-9999.0000,-9999.0000
2021-04-23,20,989.8487,1236.6296,1658.5386,1991.7859,2235.4848,2445.0848,2579.8946,2690.0073,2700.4857,3092.6119,2568.4381
2021-04-23,20,1021.0000,1243.6524,1635.7968,1927.5572,2178.8816,2420.0859,2547.7070,2677.0215,2659.7314,3041.1517,2534.7167
2021-04-25,20,1297.5515,1523.0170,1955.0773,2263.7045,2585.5674,2829.2895,3028.3798,3131.1941,3138.4677,3672.0338,3307.8357
2021-04-25,20,1208.4704,1498.9271,1897.0516,2182.3875,2524.3741,2778.0000,2977.7233,3090.3086,3083.4900,3641.1456,3268.7922
2021-04-28,20,1045.0253,1322.9718,1639.0915,1831.0374,2056.7168,2235.0097,2364.3960,2392.8449,2414.6506,2551.3711,2293.0578
2021-04-28,20,1033.0000,1330.5891,1639.0657,1796.7958,2039.6287,2233.2113,2362.9943,2408.7337,2403.8823,2540.1914,2280.4489
2021-04-30,20,-9999.0000,-9999.0000,-9999.0000,-9999.0000,-9999.0000,-9999.0000,-9999.0000,-9999.0000,-9999.0000,-9999.0000,-9999.0000
2021-04-30,20,-9999.0000,-9999.0000,-9999.0000,-9999.0000,-9999.0000,-9999.0000,-9999.0000,-9999.0000,-9999.0000,-9999.0000,-9999.0000
2021-05-03,20,955.0000,1171.2856,1579.1644,1880.1468,2132.4523,2402.1336,2554.8871,2698.9864,2690.8330,3098.9339,2583.3168
2021-05-03,20,949.5223,1162.7974,1570.6619,1846.9279,2122.2639,2405.0145,2562.4514,2700.5361,2699.7341,3046.7563,2549.9258
2021-05-05,20,-9999.0000,-9999.0000,-9999.0000,-9999.0000,-9999.0000,-9999.0000,-9999.0000,-9999.0000,-9999.0000,-9999.0000,-9999.0000
2021-05-05,20,-9999.0000,-9999.0000,-9999.0000,-9999.0000,-9999.0000,-9999.0000,-9999.0000,-9999.0000,-9999.0000,-9999.0000,-9999.0000
2021-05-08,20,936.5998,1235.7776,1643.4459,2027.5067,2258.9945,2473.8956,2636.0329,2778.6884,2780.8336,3131.3727,2651.9144
2021-05-08,20,892.0000,1219.4134,1603.1842,1947.3068,2178.6643,2433.5283,2611.5253,2755.4741,2754.4618,3093.5549,2627.7393
2021-05-10,20,1523.0000,1779.2076,2311.6026,2758.9136,3011.5130,3314.7928,3484.1168,3571.6747,3667.6942,4230.8106,3757.0000
2021-05-10,20,1412.1841,1722.3689,2251.2967,2663.6505,2950.1863,3277.3156,3451.5117,3529.9903,3618.1127,4182.1050,3685.2019
2021-05-13,20,1102.3880,1229.2396,1541.1881,1779.3549,1996.8006,2193.0591,2330.9817,2365.0085,2444.4574,2244.9773,1769.3657
2021-05-13,20,932.3703,1177.0093,1529.0935,1780.2046,2003.1225,2234.1849,2394.2248,2424.7294,2506.9717,2249.4597,1763.3157
2021-05-15,20,972.0000,1145.9972,1379.1799,1520.0000,1694.4995,2065.0000,2267.9823,2260.0000,2331.1789,2057.0000,1654.4259
2021-05-15,20,1235.0000,1352.0000,1678.0000,1920.0000,2240.0000,2540.0000,2757.0000,2700.0000,2798.0000,2630.0000,2109.0000
2021-05-18,20,1021.8853,1314.8667,1722.3192,2087.8508,2315.5646,2497.2437,2659.5173,2778.8716,2785.6099,3141.2581,2614.9580
2021-05-18,20,977.0230,1307.7466,1691.9219,2038.6849,2283.5558,2490.0750,2651.9316,2777.6630,2795.0993,3116.8351,2600.0705
2021-05-20,20,1100.0000,1315.6216,1731.5300,2119.3886,2354.7670,2529.7663,2644.3381,2778.3193,2803.7520,3123.2237,2459.8193
2021-05-20,20,1026.3968,1282.8723,1690.8310,2039.9961,2307.6192,2524.7618,2660.6331,2771.0763,2796.3005,3082.8671,2434.4107
2021-05-23,20,2013.5322,2115.8255,2419.0093,2539.0470,2891.8180,3112.5862,3281.6983,3305.1809,3378.1538,2947.5108,2483.4238
2021-05-23,20,2040.5106,2170.9064,2507.7413,2611.4808,2971.1283,3261.9345,3434.4548,3464.3376,3525.2199,2988.2290,2508.6714
2021-05-25,20,-9999.0000,-9999.0000,-9999.0000,-9999.0000,-9999.0000,-9999.0000,-9999.0000,-9999.0000,-9999.0000,-9999.0000,-9999.0000
2021-05-25,20,-9999.0000,-9999.0000,-9999.0000,-9999.0000,-9999.0000,-9999.0000,-9999.0000,-9999.0000,-9999.0000,-9999.0000,-9999.0000
2021-05-28,20,960.2245,1234.9605,1650.9850,1947.0050,2235.4930,2449.5572,2618.2369,2747.1433,2738.7006,3002.7077,2437.5200
2021-05-28,20,902.0000,1218.7861,1611.2464,1883.4068,2161.3261,2429.5246,2603.0956,2729.9808,2722.3528,2972.9995,2423.3861
2021-05-30,20,1390.0000,1655.8179,2182.4168,2551.4247,2858.0362,3155.9865,3285.8431,3447.7056,3450.3385,3958.7770,3371.7916
2021-05-30,20,1279.0000,1608.4257,2117.9435,2470.6147,2791.2118,3132.3802,3282.2270,3432.4964,3451.5966,3910.4463,3320.3039
2021-06-02,20,1682.1465,2101.7503,2728.5092,3159.2691,3494.6610,3733.0000,3917.4518,4104.8809,4075.4452,4580.9178,4040.9309
2021-06-02,20,1561.0000,1991.7786,2599.4446,3000.3171,3353.9226,3667.4372,3857.6924,4038.6575,4013.4054,4522.1957,4004.3913
2021-06-04,20,1763.1427,2100.1255,2614.9063,2903.4225,3254.9891,3562.9602,3852.1538,3891.7519,3971.8732,4345.2708,3861.7088
2021-06-04,20,1747.0000,2166.3645,2694.5822,2998.8933,3368.7905,3692.3998,3971.6114,3993.7893,4052.1081,4405.5952,3881.3573
2021-06-07,20,1932.5027,2154.9122,2578.7433,2806.2674,3224.7724,3675.9569,3970.4955,3931.1474,4105.4932,4170.1993,3609.1111
2021-06-07,20,1935.0000,2243.0163,2695.2964,2902.3537,3319.0373,3827.3146,4147.0794,4099.3245,4283.4323,4216.3534,3640.0158
2021-06-09,20,1652.0000,1866.7698,2455.0369,2822.5187,3242.9275,3833.8276,4081.9373,4187.3664,4290.9854,4714.3075,4085.3400
2021-06-09,20,1546.0268,1911.1191,2503.0179,2902.5914,3347.1503,4003.1162,4241.4815,4345.4981,4461.1621,4793.5101,4122.2186
2021-06-12,20,1459.2803,1719.1153,2326.4252,2632.0336,3051.2571,3812.6535,4101.7681,4163.9407,4274.3630,4248.6802,3525.9161
2021-06-12,20,1293.0000,1670.9711,2214.5406,2470.5957,2901.5712,3685.5202,3997.2755,4059.5729,4179.3672,4153.0776,3464.8190
2021-06-14,20,1337.5158,1734.8715,2295.0947,2536.3026,2952.7449,3867.5959,4277.4409,4394.0887,4421.1912,4458.2566,3881.4424
2021-06-14,20,1249.8605,1750.4675,2342.8747,2581.3176,3029.2865,3979.9622,4392.3244,4521.7527,4546.0493,4505.9743,3878.3972
2021-06-17,20,1210.0000,1622.0163,2232.8157,2410.1349,2850.4560,3922.4428,4364.4409,4427.1397,4492.9305,4188.1414,3522.0000
2021-06-17,20,1099.9881,1494.6847,2040.0644,2196.2676,2616.0920,3685.0873,4123.5003,4177.6707,4267.3238,4053.8227,3476.7532
2021-06-19,20,1198.0000,1371.6281,1847.4851,1909.7361,2308.5965,3392.6138,3704.4937,3681.0704,3881.0000,3380.7513,2682.1709
2021-06-19,20,1146.8263,1362.0379,1835.3835,1895.6603,2311.9354,3411.3941,3725.5664,3691.7160,3901.1625,3399.4609,2697.5278
2021-06-22,20,1048.0000,1367.2670,1926.9894,1992.8415,2503.7751,3828.3481,4259.6392,4322.9491,4419.7122,3722.9980,2931.2575
2021-06-22,20,1064.0000,1334.5836,1860.8675,1944.3727,2457.3677,3771.0640,4210.6493,4264.3579,4363.0397,3702.9289,2938.5822
2021-06-24,20,1169.2447,1478.4384,1991.2691,2055.4761,2567.6541,3763.1760,4313.9691,4289.4607,4461.2064,3832.6726,3077.8884
2021-06-24,20,1105.0000,1462.9680,1976.4616,2037.8981,2555.6735,3810.6321,4366.1832,4338.2953,4497.3630,3846.0114,3107.1613
2021-06-27,20,2112.0000,2258.2277,2564.0613,2520.5044,2966.9035,3963.6651,4472.6748,4496.0000,4605.6358,3386.4177,2818.0089
2021-06-27,20,2097.0000,2314.3303,2633.0423,2566.6169,3047.3441,4180.4234,4717.6703,4716.0000,4829.1971,3398.3964,2841.7738
2021-06-29,20,1158.0000,1364.0803,1926.0111,1973.9558,2485.8787,3865.2189,4313.1231,4297.7467,4493.4825,3685.9329,2852.0000
2021-06-29,20,1042.0000,1367.5570,1908.9909,1958.1492,2502.7826,3939.9274,4395.1589,4353.6944,4561.1234,3689.3461,2836.2644
2021-07-02,20,1023.0000,1271.2893,1798.2335,1895.1320,2402.8689,3693.3188,4179.5405,4235.2855,4363.4828,3622.0453,2857.1028
2021-07-02,20,962.0000,1301.8923,1795.7525,1892.9068,2392.5714,3722.6357,4221.3512,4273.9287,4412.3549,3635.4820,2872.2066
2021-07-04,20,2283.0000,2067.9905,2371.0000,2275.7917,2786.2053,3857.0674,4424.8920,4448.0000,4510.0000,3525.3759,2655.0000
2021-07-07,20,679.0000,934.5850,1352.5520,1354.8858,1827.2625,3181.1872,3729.3106,3748.2276,3897.8801,3021.0000,2343.2110
2021-07-07,20,710.0000,923.5245,1318.1055,1319.1126,1809.0000,3146.9759,3704.6685,3730.0110,3873.8182,3031.1227,2343.3705
2021-07-09,20,846.0000,999.4911,1511.3371,1543.7310,2089.2948,3754.8466,4290.9576,4385.9118,4476.2197,3352.1714,2446.0000
2021-07-09,20,827.0000,1016.7854,1495.5715,1494.4467,2040.3527,3698.9610,4226.7662,4306.2965,4401.3492,3315.5610,2420.9069
2021-07-12,20,851.0000,950.0390,1461.6918,1476.3226,1963.5594,3594.5450,4219.0138,4201.9102,4427.0464,3121.8910,2245.7316
2021-07-12,20,777.0000,984.7766,1430.1291,1446.6213,1940.0000,3540.0947,4164.7172,4131.2255,4355.2693,3066.9399,2215.4211
2021-07-14,20,-9999.0000,-9999.0000,-9999.0000,-9999.0000,-9999.0000,-9999.0000,-9999.0000,-9999.0000,-9999.0000,-9999.0000,-9999.0000
2021-07-19,20,1543.0000,2048.0000,2624.0000,2966.1150,3492.0000,4839.0000,5318.0000,5020.0000,5693.0000,5177.0000,4230.0000
2021-07-19,20,1714.0000,2176.0000,2676.0000,2999.0097,3464.0000,4786.0000,5318.0000,4976.0000,5730.0000,5126.0000,4204.0000
2021-07-22,20,1065.5022,979.8861,1398.3212,1398.9428,1909.7166,3353.8875,4017.9752,4003.0099,4300.4693,3143.0374,2262.8894
2021-07-22,20,799.0000,987.2495,1366.6547,1385.8909,1877.9244,3371.0874,4035.6615,4011.2384,4308.0153,3118.0000,2285.3934
2021-07-24,20,1136.0000,1266.5724,1508.1858,1434.7528,1829.6462,2941.1140,3564.7176,3517.2297,3721.8395,2728.3458,2086.2755
2021-07-24,20,862.0000,1226.7834,1539.3517,1492.0490,1906.4308,3217.7329,3897.9867,3842.8835,4070.7578,2875.4853,2120.8377
2021-07-29,20,826.1115,949.3963,1398.6573,1415.0020,1894.0000,3379.6427,3891.6898,3905.9116,4091.5169,3143.6874,2246.0000
2021-07-29,20,808.0000,963.6657,1366.0850,1366.0302,1864.7447,3316.2975,3812.5194,3826.3944,4012.6571,3126.7101,2247.4929
2021-08-01,20,813.0000,844.1226,1190.7397,1191.8257,1634.7566,2648.7824,3033.9941,2933.7355,3208.7552,2295.5263,1655.1888
2021-08-01,20,657.6924,828.1435,1191.9627,1158.6542,1657.7335,2677.8607,3098.0532,2982.6947,3319.1708,2324.0205,1640.7592
2021-08-03,20,837.6205,1080.6698,1492.9064,1522.7202,2030.0000,3380.1825,4019.6752,4059.0874,4171.3245,3294.0000,2471.9036
2021-08-03,20,806.0000,1079.6771,1477.2857,1492.3940,1986.0000,3354.9691,3988.6377,4036.0556,4148.4367,3262.0000,2471.6285
2021-08-06,20,709.0000,948.2762,1335.3700,1332.5965,1784.9341,3082.5734,3668.0331,3699.7309,3859.5684,2965.5341,2260.0476
2021-08-06,20,719.0000,954.8040,1335.8417,1304.4166,1801.5007,3090.2933,3675.8306,3706.5043,3866.7162,2981.2746,2281.1175
2021-08-08,20,-9999.0000,-9999.0000,-9999.0000,-9999.0000,-9999.0000,-9999.0000,-9999.0000,-9999.0000,-9999.0000,-9999.0000,-9999.0000
2021-08-11,20,820.4967,997.5958,1415.6380,1495.2203,1960.5785,3138.7449,3642.9629,3659.5663,3875.1056,3112.0423,2310.5384
2021-08-11,20,808.0000,1003.5034,1416.8460,1463.2700,1958.0899,3155.5649,3635.7568,3651.0851,3868.1046,3116.8650,2344.9563
2021-08-13,20,1436.0000,1624.9172,1969.8665,2139.5781,2442.0000,2832.0000,3134.4061,3076.4423,3229.9526,2759.0000,2385.0000
2021-08-13,20,1160.0000,1350.0000,1616.7907,1642.5967,2049.0000,2662.0000,3053.4899,3012.0000,3154.0180,2404.0000,1942.0000
2021-08-16,20,833.0000,1107.3993,1523.4262,1654.6508,2120.0921,3028.2107,3484.8554,3498.8171,3731.4349,3222.4925,2568.1275
2021-08-16,20,786.0000,1097.7021,1507.8463,1606.1686,2071.6074,2994.7966,3475.8414,3490.9184,3715.7334,3206.4001,2530.0482
2021-08-18,20,1018.0000,1255.1325,1782.0890,2006.8026,2504.5496,3451.3649,3778.1003,3962.5916,4058.2994,3702.9876,2867.9281
2021-08-18,20,954.2990,1224.0752,1733.9103,1926.3692,2408.3540,3372.4457,3675.8952,3873.7119,3971.0149,3623.0171,2852.4214
2021-08-21,20,971.0000,1190.1618,1638.0769,1894.5497,2357.8784,3064.9126,3426.7016,3525.3811,3730.0428,3556.6774,2743.5872
2021-08-21,20,938.1030,1191.2637,1591.0767,1828.7935,2280.0188,2987.5098,3339.0393,3445.9054,3633.8858,3495.3075,2726.1999
2021-08-26,20,906.5658,1223.2116,1653.8840,1975.1321,2423.9965,2969.8602,3308.4293,3448.1930,3593.5373,3657.8165,3003.2684
2021-08-26,20,877.7438,1238.5057,1669.7556,2009.0080,2440.2364,3011.2026,3353.5803,3495.7523,3644.6437,3660.1662,3030.1836
2021-08-28,20,-9999.0000,-9999.0000,-9999.0000,-9999.0000,-9999.0000,-9999.0000,-9999.0000,-9999.0000,-9999.0000,-9999.0000,-9999.0000
2021-08-28,20,-9999.0000,-9999.0000,-9999.0000,-9999.0000,-9999.0000,-9999.0000,-9999.0000,-9999.0000,-9999.0000,-9999.0000,-9999.0000
2021-08-31,20,915.0000,1129.2595,1337.3491,1435.7813,1632.7336,1920.5827,2072.0000,2098.2847,2197.3142,2046.0005,1570.0000
2021-08-31,20,896.0000,1126.0000,1326.0000,1410.0000,1619.0000,1961.0000,2123.0000,2134.0000,2225.0000,2048.0000,1578.0000
2021-09-02,20,1093.0000,1586.9752,2119.6594,2824.3309,3318.5198,3675.9965,4010.1932,4324.7570,4403.9655,4790.2087,3657.0182
2021-09-02,20,1014.0000,1555.5335,2055.8630,2694.5175,3176.5217,3578.7157,3915.0114,4214.2117,4282.5588,4726.6202,3638.4972
2021-09-05,20,923.0000,1378.9638,1848.4196,2535.0169,2886.7120,3229.1080,3524.0124,3801.3922,3869.0063,4405.3297,3482.3775
2021-09-05,20,881.6648,1394.9260,1848.0460,2519.6221,2873.8494,3226.2350,3522.7878,3812.9616,3867.8298,4374.9868,3476.5974
2021-09-07,20,1220.0000,1607.8974,2166.4874,2933.9039,3302.9339,3715.0852,3986.9951,4294.5744,4386.4063,4792.0022,3635.9431
2021-09-07,20,1130.0000,1558.1444,2087.4844,2774.7575,3169.9515,3619.3273,3891.3674,4165.4244,4266.5279,4678.1474,3624.6638
2021-09-10,20,990.5037,1364.2750,1863.4000,2597.5332,2984.5740,3237.4522,3494.9779,3733.8011,3834.3057,4404.4074,3401.4904
2021-09-10,20,934.2505,1362.2742,1830.8754,2535.7470,2919.1265,3192.6199,3433.0026,3703.4540,3795.9728,4343.0996,3366.1861
2021-09-12,20,1037.0000,1449.5287,1911.5585,2598.3474,3001.0176,3187.4082,3484.2956,3669.9236,3833.4710,4699.4515,3801.8832
2021-09-12,20,977.0000,1426.8282,1846.5875,2486.5022,2867.7550,3090.8779,3395.9908,3572.8415,3748.2494,4611.4093,3770.3903
2021-09-20,20,696.0000,932.0225,1242.7433,1639.4410,1859.7227,2020.1617,2171.3277,2247.3288,2387.6446,3170.6564,2647.9133
2021-09-20,20,651.0000,940.4570,1259.0347,1638.2482,1885.1181,2035.0989,2196.5518,2279.5881,2404.0992,3145.8041,2649.6493
2021-09-22,20,1208.2325,1514.5730,1778.7903,2075.1957,2355.0350,2564.2436,2763.0317,2899.0369,2954.1939,3607.1318,3178.6826
2021-09-25,20,1117.0000,1233.0226,1434.7422,1634.7921,1819.9824,2068.6646,2282.9345,2355.5954,2466.4240,3029.1535,2656.0000
2021-09-25,20,1034.0000,1245.0367,1442.4927,1643.4334,1811.6476,2105.4068,2316.9071,2395.6496,2504.7869,3059.6000,2684.7032
2021-09-27,20,1187.0000,1141.1748,1283.0913,1394.9487,1595.3879,1770.6774,1851.4647,1850.9324,1977.0000,2071.0000,1577.4978
2021-09-27,20,1102.3748,1145.1415,1272.8605,1354.8279,1538.6110,1754.3860,1836.6422,1835.0232,1938.5795,1979.6182,1445.2042
2021-09-30,20,591.0000,741.6250,1020.9574,1299.7491,1434.1531,1526.1657,1619.1306,1666.3787,1732.3869,2163.6124,1764.3761
2021-09-30,20,575.0000,773.3982,1037.4080,1298.9518,1422.2451,1541.4558,1634.7954,1687.7018,1748.7070,2154.6435,1755.5948
2021-10-02,20,1941.5397,2109.3887,2307.0834,2434.4913,2708.6333,2806.0000,2932.3954,3020.8307,2977.4737,3002.1010,2714.2529
2021-10-05,20,-9999.0000,-9999.0000,-9999.0000,-9999.0000,-9999.0000,-9999.0000,-9999.0000,-9999.0000,-9999.0000,-9999.0000,-9999.0000
2021-10-10,20,-9999.0000,-9999.0000,-9999.0000,-9999.0000,-9999.0000,-9999.0000,-9999.0000,-9999.0000,-9999.0000,-9999.0000,-9999.0000
2021-10-10,20,-9999.0000,-9999.0000,-9999.0000,-9999.0000,-9999.0000,-9999.0000,-9999.0000,-9999.0000,-9999.0000,-9999.0000,-9999.0000
2021-10-15,20,1125.5793,1387.9292,1665.9429,1890.9703,2027.3004,2155.3811,2290.2053,2474.1820,2403.5706,2731.8799,2579.8323
2021-10-15,20,1129.0000,1418.5611,1674.6573,1875.1205,2019.7370,2164.3844,2282.9294,2458.0095,2402.5106,2715.7920,2581.3951
2021-10-17,20,1098.0000,1315.0587,1650.0889,1947.8162,2108.6479,2233.7314,2321.2035,2502.3304,2458.2994,3025.7244,2786.0008
2021-10-17,20,1042.1310,1307.8348,1651.1897,1939.0103,2098.4521,2245.9639,2338.9491,2518.5301,2467.4838,3028.0601,2792.1935
2021-10-27,20,1148.6050,1426.9733,1858.6109,2247.3291,2441.5793,2531.2875,2619.1203,2790.0676,2770.3598,3541.6610,3417.2664
2021-10-27,20,1061.3124,1434.7266,1874.9614,2264.2572,2461.1921,2564.0592,2658.0457,2824.1795,2811.4229,3557.2451,3428.8571
2021-10-30,20,1325.0754,1402.8061,1683.7922,1883.7288,2018.5407,2169.8899,2234.1635,2328.5341,2352.5478,2625.6886,2366.0000
2021-10-30,20,1279.0000,1419.3978,1690.9880,1891.3333,2037.7496,2188.9128,2254.0000,2347.0430,2372.3986,2666.9117,2384.0000
2021-11-04,20,336.7507,675.4634,931.3633,1191.5834,1307.3539,1394.3498,1493.0000,1628.3813,1564.5569,1707.1667,1362.4872
2021-11-04,20,156.7185,587.6991,874.9704,1175.7171,1314.7320,1419.4103,1506.2448,1654.6432,1580.6311,1714.5457,1370.5856
2021-11-06,20,650.5007,843.7135,1239.7140,1605.9222,1812.0888,1945.8125,2037.2059,2151.1029,2177.6249,2482.6176,1947.6315
2021-11-06,20,730.0000,955.1096,1283.2756,1575.2363,1761.2405,1924.2564,2004.0434,2118.9019,2132.7071,2420.7823,1932.0875
2021-11-11,20,776.9765,1106.1330,1434.3149,1699.1788,1915.8890,2058.0000,2227.7659,2248.7507,2313.9002,2619.3021,2141.0657
2021-11-11,20,753.7009,1131.3427,1442.5595,1688.5953,1900.0000,2044.9945,2186.1009,2231.1576,2292.0206,2611.8393,2116.9475
2021-11-19,20,834.0000,1042.9922,1355.0373,1555.8662,1778.9980,1948.6174,2042.5537,2139.6437,2164.1138,2268.3421,1740.2126
2021-11-19,20,782.0000,1050.9678,1363.2439,1554.4628,1780.9984,1964.2091,2073.6069,2164.1429,2179.9952,2276.7191,1733.1288
2021-11-24,20,528.0000,835.6014,1158.7687,1346.3114,1605.6789,1890.7763,2002.2320,2199.5575,2124.6780,2234.2858,1836.6913
2021-11-24,20,440.0000,811.1499,1138.4006,1338.1342,1581.5990,1891.2475,2018.2505,2215.6740,2140.1407,2226.6659,1810.7659
2021-11-29,20,842.0122,1137.9957,1531.7500,1730.9133,2090.1119,2410.6020,2531.5939,2759.7203,2667.2305,2668.7958,2067.4595
2021-11-29,20,802.3391,1154.9485,1540.5640,1722.9101,2100.5077,2418.3961,2531.1557,2790.4230,2692.9515,2667.7626,2075.6937
2021-12-01,20,452.0000,812.0270,1178.7162,1339.8295,1690.0044,2059.7200,2219.0712,2341.6508,2309.4095,2241.5262,1621.7934
2021-12-01,20,400.7617,827.0257,1187.5215,1339.3805,1698.3739,2056.8135,2219.1168,2358.8323,2315.2878,2251.0350,1619.7211
2021-12-06,20,350.0000,667.6407,1115.5777,1350.6080,1782.3865,2213.9118,2341.3334,2615.7813,2505.8107,2356.3344,1714.6423
2021-12-06,20,554.0000,803.8579,1163.6703,1338.6206,1716.8575,2131.6437,2260.3376,2503.0070,2389.0314,2315.3256,1692.0409
2021-12-14,20,-9999.0000,-9999.0000,-9999.0000,-9999.0000,-9999.0000,-9999.0000,-9999.0000,-9999.0000,-9999.0000,-9999.0000,-9999.0000
2021-12-14,20,-9999.0000,-9999.0000,-9999.0000,-9999.0000,-9999.0000,-9999.0000,-9999.0000,-9999.0000,-9999.0000,-9999.0000,-9999.0000
2021-12-16,20,425.8521,691.9411,1159.9749,1350.3402,1765.7764,2245.0360,2347.6759,2502.1729,2502.8797,2403.3318,1731.1224
2021-12-16,20,569.4987,818.8133,1210.6856,1346.5429,1740.0927,2166.6867,2281.5264,2421.9743,2425.8120,2372.4066,1723.7924
2021-12-29,20,-9999.0000,-9999.0000,-9999.0000,-9999.0000,-9999.0000,-9999.0000,-9999.0000,-9999.0000,-9999.0000,-9999.0000,-9999.0000
2021-12-31,20,-9999.0000,-9999.0000,-9999.0000,-9999.0000,-9999.0000,-9999.0000,-9999.0000,-9999.0000,-9999.0000,-9999.0000,-9999.0000
2021-12-31,20,-9999.0000,-9999.0000,-9999.0000,-9999.0000,-9999.0000,-9999.0000,-9999.0000,-9999.0000,-9999.0000,-9999.0000,-9999.0000
2022-01-08,20,535.0000,746.9520,1107.2006,1299.0473,1715.9104,2310.7283,2470.8007,2742.9158,2616.2769,2115.8684,1457.1751
2022-01-08,20,437.3269,715.7712,1075.4543,1282.8792,1718.9180,2343.2460,2503.9510,2790.0813,2646.5366,2114.8281,1458.9172
2022-01-13,20,-9999.0000,-9999.0000,-9999.0000,-9999.0000,-9999.0000,-9999.0000,-9999.0000,-9999.0000,-9999.0000,-9999.0000,-9999.0000
2022-01-13,20,-9999.0000,-9999.0000,-9999.0000,-9999.0000,-9999.0000,-9999.0000,-9999.0000,-9999.0000,-9999.0000,-9999.0000,-9999.0000
2022-01-15,20,434.0000,635.8472,1107.2802,1244.0846,1733.1578,2392.1042,2533.3625,2694.3916,2665.0690,2139.4905,1435.3985
2022-01-15,20,558.0000,763.1293,1155.2079,1259.6101,1699.6667,2311.1185,2439.0433,2599.5172,2565.9452,2100.0565,1427.8203
2022-01-18,20,239.0000,532.5650,954.7516,1091.5669,1573.9621,2184.3690,2344.0790,2519.8683,2439.9359,2091.4749,1436.8074
2022-01-18,20,352.0000,612.1780,986.6852,1098.6113,1531.7238,2152.1947,2293.6390,2484.7176,2407.7740,2074.9662,1418.1776
2022-01-20,20,836.3769,961.2806,1123.7271,1178.9476,1580.1338,2066.8890,2228.8005,2376.4214,2347.4761,2098.2074,1476.1390
2022-01-20,20,715.0000,941.2884,1104.8566,1154.1561,1563.0540,2041.7950,2221.4615,2363.2478,2331.9816,2091.0646,1459.7536
2022-01-23,20,499.0000,715.3369,1018.2014,1107.0680,1539.1812,2115.1707,2293.6098,2439.8725,2395.0963,1979.6943,1395.4132
2022-01-23,20,580.0000,837.7817,1083.1375,1138.6531,1533.4870,2084.7386,2234.6863,2374.3180,2347.4102,1948.3816,1396.8305
2022-01-25,20,762.6415,571.7110,971.6364,1034.2389,1556.1372,2234.4202,2342.9048,2550.8253,2475.8053,2307.1847,1612.1794
2022-01-25,20,701.0000,809.3413,1105.9389,1114.6023,1562.2158,2187.3615,2299.1999,2470.7447,2420.2074,2252.6277,1596.9206
2022-01-28,20,480.6779,474.8763,859.1175,947.5458,1427.2378,2051.3010,2212.1807,2424.3707,2323.0761,2100.0536,1453.6573
2022-01-28,20,478.3449,713.4761,987.4864,1026.6689,1426.0975,2026.5425,2163.5345,2346.0055,2267.4232,2075.0278,1443.8300
2022-01-30,20,582.3123,769.4939,1011.1655,1043.7524,1482.6064,2115.4317,2299.5233,2467.6038,2397.0779,2138.5456,1515.5310
2022-01-30,20,494.0000,796.6526,1016.9283,1043.4843,1467.8874,2098.6645,2277.6994,2443.2225,2370.9616,2147.2181,1523.7835
2022-02-02,20,543.0000,709.1698,971.5451,987.4673,1403.3910,1995.7425,2155.6229,2310.5933,2242.9479,1900.0529,1428.9678
2022-02-02,20,562.6638,781.0078,1019.2569,1003.0753,1403.2377,1988.2211,2139.4284,2299.8172,2226.5453,1899.8663,1429.4022
2022-02-07,20,598.0000,681.2952,947.5303,939.1880,1354.1668,2043.5421,2201.3999,2386.8407,2309.2012,2003.2744,1392.6107
2022-02-07,20,569.0000,708.9316,971.1644,947.3654,1347.9318,2043.0615,2192.6156,2374.9911,2299.5803,1994.9054,1401.7414
2022-02-09,20,347.0000,549.2637,875.5380,891.3038,1379.7140,2226.3613,2466.6916,2707.6985,2553.1993,2179.0789,1531.3754
2022-02-09,20,522.1436,728.7094,979.2009,954.6667,1386.1172,2146.2535,2355.2686,2595.2961,2451.7172,2131.7949,1507.8571
2022-02-12,20,517.0000,689.1814,961.0878,931.2270,1354.8449,2156.1295,2355.7000,2578.5192,2451.6878,2092.1364,1571.4362
2022-02-12,20,496.0000,709.1795,969.0696,931.6666,1345.3009,2141.1116,2347.9915,2563.7123,2435.0177,2075.0704,1564.1829
2022-02-22,20,316.5909,465.3591,763.5536,643.4994,1155.7150,2314.2774,2616.2244,2903.3289,2732.0701,1811.8586,1182.6506
2022-02-22,20,283.0000,481.3470,763.5871,643.9077,1148.3140,2316.1611,2616.7983,2888.8176,2726.2760,1805.2095,1172.6050
2022-02-24,20,1058.3622,985.2358,1284.2996,1133.2661,1662.3430,2858.6876,3131.6887,3307.3105,3204.7445,2097.8273,1433.1862
2022-02-24,20,1142.2449,1065.7210,1301.6638,1133.3789,1620.0000,2771.8905,3029.2713,3177.2087,3124.1618,2077.8036,1424.9054
2022-02-27,20,557.0000,561.5625,818.5714,667.1097,1170.1068,2467.8542,2827.5202,3047.7249,2932.2353,1820.0541,1104.9306
2022-02-27,20,554.0000,593.2353,825.3183,667.0536,1173.2049,2443.6944,2789.0006,3031.9671,2899.7001,1818.4586,1099.1701
2022-03-01,20,574.0000,641.6335,859.1237,691.3274,1210.4592,2627.6309,3051.9393,3349.4017,3156.6396,1939.0314,1196.6300
2022-03-01,20,496.0000,617.1237,835.3531,666.5410,1194.7357,2650.4071,3076.4367,3382.7709,3188.9943,1948.2745,1197.3927
2022-03-04,20,452.0000,525.4549,779.3286,611.9927,1146.4517,2700.2969,3128.6714,3431.2020,3257.0491,1818.9833,1155.4944
2022-03-04,20,458.0000,576.9093,802.4034,627.4687,1154.7953,2658.3219,3077.2661,3398.2816,3205.9659,1812.4089,1155.3376
2022-03-06,20,776.0000,725.6306,987.4955,795.5570,1338.6008,2923.2646,3349.1794,3621.9833,3481.0154,2099.7634,1324.5846
2022-03-06,20,709.0000,733.1227,985.6440,794.9898,1339.2476,2922.1365,3334.1296,3622.8028,3481.5436,2099.8110,1323.1179
2022-03-09,20,424.5723,449.3821,747.4557,603.0543,1170.2788,2858.4651,3350.6393,3605.9704,3479.5999,1907.4663,1156.2213
2022-03-09,20,339.0000,437.7159,730.8573,579.3430,1156.0398,2870.0431,3367.4941,3619.9008,3493.9664,1907.4910,1145.4954
2022-03-14,20,467.0000,507.3128,669.1192,514.8262,946.9384,2104.3064,2563.6435,2516.9384,2684.0000,1293.0000,818.8029
2022-03-14,20,460.2971,538.9348,692.6103,523.2746,930.9992,2106.0000,2517.2055,2552.3820,2665.7987,1318.8606,843.0000
2022-03-16,20,-9999.0000,-9999.0000,-9999.0000,-9999.0000,-9999.0000,-9999.0000,-9999.0000,-9999.0000,-9999.0000,-9999.0000,-9999.0000
2022-03-19,20,494.0000,477.7091,723.4394,595.5685,1084.7800,2835.3113,3498.0948,3816.1117,3639.0793,1780.8247,1042.5414
2022-03-19,20,438.0000,493.4771,739.3512,595.4794,1084.3161,2843.8828,3496.2045,3815.6258,3627.3135,1771.4861,1044.4907
2022-03-21,20,590.1970,627.0754,835.0822,675.3162,1154.6877,2986.6797,3736.9857,4149.8314,3895.1461,1899.3934,1148.3247
2022-03-21,20,533.0000,643.3279,843.6134,675.0075,1163.4043,2971.5029,3721.2747,4135.3591,3897.6903,1898.3435,1155.6985
2022-03-24,20,373.5022,436.1334,635.1245,491.5874,930.7800,2746.9215,3560.4782,3942.5625,3721.1631,1586.7926,946.8460
2022-03-24,20,362.0000,467.5292,650.8756,491.8746,932.6406,2737.7790,3546.9020,3912.1708,3718.6904,1595.8914,955.9574
2022-03-26,20,1124.0000,932.9467,1064.8747,851.3279,1243.6550,2939.2740,3630.1983,3941.2040,3818.8979,1777.7728,1018.7655
2022-03-26,20,994.0000,945.6322,1069.0100,851.7390,1244.1396,2924.6618,3609.0449,3910.2444,3797.3590,1771.7763,1019.6826
2022-04-03,20,268.0000,281.2962,421.2334,259.1372,661.8092,2387.0140,3193.2874,3446.5353,3334.7836,1067.1055,546.5107
2022-04-03,20,143.0000,221.3885,373.3519,219.7366,629.0526,2442.8070,3289.3706,3541.2177,3414.3356,1067.5807,546.7944
2022-04-05,20,905.7939,698.6964,840.0445,580.2195,1043.5852,3148.3505,4007.2252,4213.5915,4168.6530,1475.9388,739.4441
2022-04-05,20,828.0000,723.1963,851.4676,586.6281,1051.5486,3147.5302,4009.3077,4183.5021,4151.7489,1475.7934,739.5843
2022-04-08,20,-9999.0000,-9999.0000,-9999.0000,-9999.0000,-9999.0000,-9999.0000,-9999.0000,-9999.0000,-9999.0000,-9999.0000,-9999.0000
2022-04-10,20,251.0000,261.3643,397.2401,227.6034,649.3966,2556.9096,3545.8020,3861.4157,3703.1866,1098.8409,523.8263
2022-04-10,20,142.0000,205.2497,349.2444,179.7135,613.0697,2588.4925,3607.3165,3940.2045,3750.4957,1100.2647,516.2061
2022-04-15,20,372.0000,253.1821,459.3454,299.4662,794.8920,2898.7415,3829.3911,4038.3969,3992.2925,1300.2078,699.5546
2022-04-15,20,372.0000,352.9721,552.6555,355.0469,819.8873,2891.1657,3800.4534,3974.7080,3958.5725,1299.5629,705.5749
2022-04-18,20,296.6933,249.4445,443.0721,299.2260,740.0607,2729.4090,3747.5246,3991.1923,3914.5908,1171.7173,642.9486
2022-04-18,20,214.0000,163.6244,371.3916,227.0189,715.3857,2704.9866,3714.1344,4021.0658,3882.8318,1162.2608,635.5687
2022-04-20,20,1710.0000,1548.8356,1700.5912,1624.0000,2026.8074,2976.0000,3607.0000,3828.0000,3682.0000,2310.0000,1876.9484
2022-04-20,20,1721.0000,1600.6693,1746.0000,1656.0000,2008.0000,2942.0000,3546.5689,3792.0000,3661.0000,2321.0000,1861.0000
2022-04-23,20,-9999.0000,-9999.0000,-9999.0000,-9999.0000,-9999.0000,-9999.0000,-9999.0000,-9999.0000,-9999.0000,-9999.0000,-9999.0000
2022-04-25,20,-9999.0000,-9999.0000,-9999.0000,-9999.0000,-9999.0000,-9999.0000,-9999.0000,-9999.0000,-9999.0000,-9999.0000,-9999.0000
2022-04-25,20,-9999.0000,-9999.0000,-9999.0000,-9999.0000,-9999.0000,-9999.0000,-9999.0000,-9999.0000,-9999.0000,-9999.0000,-9999.0000
2022-04-28,20,146.0000,97.2520,257.6344,123.5907,523.5355,2445.9817,3482.9033,3671.2612,3642.0000,956.0064,435.9604
2022-04-28,20,188.7606,189.1740,325.4717,171.1978,563.5377,2421.2281,3419.8039,3621.1605,3591.0000,955.2494,443.4929
2022-04-30,20,310.0000,241.2202,403.6593,243.2221,714.7744,2733.0901,3913.8927,4197.9690,4059.1985,1203.7053,603.0552
2022-04-30,20,356.3220,413.2443,552.8848,362.8224,787.5711,2697.5236,3794.8293,4053.3109,3955.2809,1206.3576,615.8479
2022-05-03,20,225.6685,217.6044,330.9473,195.1949,579.6257,2468.7523,3610.0632,3834.3171,3835.1164,969.6792,487.3352
2022-05-03,20,88.9724,155.7689,283.1150,139.1802,555.3866,2521.8156,3699.5749,3923.8101,3916.2542,965.9445,487.2295
2022-05-08,20,-9999.0000,-9999.0000,-9999.0000,-9999.0000,-9999.0000,-9999.0000,-9999.0000,-9999.0000,-9999.0000,-9999.0000,-9999.0000
2022-05-10,20,365.9961,305.2661,427.1591,259.6237,666.9173,2557.8507,3762.4224,3929.6831,3979.1861,1141.6139,571.9740
2022-05-10,20,353.3929,405.5554,513.2001,323.4862,716.3952,2553.1691,3706.1546,3873.9840,3921.5076,1141.5488,583.2801
2022-05-13,20,487.0000,499.4236,635.0724,506.6897,883.4305,2493.6997,3547.6659,3626.9285,3754.9825,1251.4700,826.4124
2022-05-13,20,509.1973,450.7357,611.1082,483.4090,891.5699,2513.6541,3555.8863,3705.6060,3763.9042,1252.5376,826.7852
2022-05-15,20,288.7089,186.9934,371.5171,235.2531,651.3769,2617.4611,3659.4614,3784.8368,3940.4071,1189.5361,583.7507
2022-05-15,20,313.5356,309.3397,475.1114,307.1483,723.6975,2602.7642,3605.0382,3714.4072,3887.0000,1191.4084,598.0316
2022-05-18,20,60.7754,0.2478,163.2905,91.5469,467.8297,2156.0719,3141.3333,3270.3430,3435.9509,1050.8032,524.2301
2022-05-18,20,257.4330,269.1849,395.5352,274.9724,627.4034,2147.8036,3027.0011,3153.8369,3316.1680,1063.2670,535.8446
2022-05-20,20,307.6374,227.4826,379.1929,251.4510,707.0537,2403.1435,3427.1497,3618.3970,3722.6962,1271.8821,646.2462
2022-05-20,20,341.7182,401.4488,531.4168,371.4295,779.9662,2396.1300,3372.6225,3545.4288,3652.6172,1273.1153,661.9333
2022-05-25,20,-9999.0000,-9999.0000,-9999.0000,-9999.0000,-9999.0000,-9999.0000,-9999.0000,-9999.0000,-9999.0000,-9999.0000,-9999.0000
2022-05-25,20,-9999.0000,-9999.0000,-9999.0000,-9999.0000,-9999.0000,-9999.0000,-9999.0000,-9999.0000,-9999.0000,-9999.0000,-9999.0000
2022-06-02,20,-9999.0000,-9999.0000,-9999.0000,-9999.0000,-9999.0000,-9999.0000,-9999.0000,-9999.0000,-9999.0000,-9999.0000,-9999.0000
2022-06-02,20,-9999.0000,-9999.0000,-9999.0000,-9999.0000,-9999.0000,-9999.0000,-9999.0000,-9999.0000,-9999.0000,-9999.0000,-9999.0000
2022-06-04,20,740.1427,618.9307,979.3815,923.4178,1529.9059,2637.3306,3010.1412,3074.5662,3289.9453,1748.6707,1140.8948
2022-06-04,20,894.0516,808.9214,1057.2193,962.9534,1451.0590,2370.5293,2715.0686,2755.3263,2963.1119,1690.1688,1115.7388
2022-06-07,20,-9999.0000,-9999.0000,-9999.0000,-9999.0000,-9999.0000,-9999.0000,-9999.0000,-9999.0000,-9999.0000,-9999.0000,-9999.0000
2022-06-07,20,-9999.0000,-9999.0000,-9999.0000,-9999.0000,-9999.0000,-9999.0000,-9999.0000,-9999.0000,-9999.0000,-9999.0000,-9999.0000
2022-06-12,20,353.0000,456.9107,645.7038,842.8071,1146.9205,1516.3332,1739.8055,1875.4622,1980.2100,1765.5268,1226.7154
2022-06-12,20,332.0000,497.5408,677.1444,851.5327,1148.1049,1539.0936,1754.8729,1899.4835,1997.2404,1753.6978,1225.7796
2022-06-14,20,507.4498,593.5763,874.6877,1218.4189,1532.5721,1898.6426,2089.8957,2250.9852,2421.0467,2352.3142,1577.9516
2022-06-14,20,512.5974,677.3984,939.3763,1219.2050,1532.1601,1939.3015,2137.4304,2274.2340,2435.3105,2331.7257,1573.2749
2022-06-17,20,954.1099,1105.3937,1324.5660,1531.0542,1835.5893,2138.7737,2348.4823,2435.8633,2570.5625,2282.9108,1587.6778
2022-06-19,20,664.0000,829.2401,1083.8304,1449.6407,1756.6481,2027.5837,2307.3613,2395.1601,2586.1527,2674.9637,1832.9955
2022-06-19,20,633.9726,872.9957,1105.0053,1435.1716,1739.5947,2043.7888,2323.0676,2395.2039,2587.9150,2651.6656,1830.6336
2022-06-24,20,593.5226,723.2374,1042.9693,1499.1302,1763.9452,2041.9352,2227.3330,2395.4892,2546.9816,2548.2471,1651.7199
2022-06-24,20,421.5856,696.8370,1018.8034,1482.5866,1763.6929,2082.5758,2283.3175,2442.7201,2588.8479,2556.7644,1659.5497
2022-06-27,20,556.4171,673.0674,1074.5814,1522.7229,1795.2459,2093.2300,2339.5965,2435.5349,2656.8915,2659.0385,1779.4884
2022-06-27,20,545.6758,813.0514,1140.9316,1490.8147,1754.2291,2109.4955,2349.5849,2419.0908,2625.1206,2596.7245,1754.6692
2022-06-29,20,-9999.0000,-9999.0000,-9999.0000,-9999.0000,-9999.0000,-9999.0000,-9999.0000,-9999.0000,-9999.0000,-9999.0000,-9999.0000
2022-06-29,20,-9999.0000,-9999.0000,-9999.0000,-9999.0000,-9999.0000,-9999.0000,-9999.0000,-9999.0000,-9999.0000,-9999.0000,-9999.0000
2022-07-02,20,637.0957,937.1333,1299.5855,1834.7591,2177.2036,2493.5026,2797.2966,2978.4332,3189.3160,3925.6678,2779.6296
2022-07-02,20,621.3680,960.8006,1306.7940,1811.3624,2157.9616,2481.9431,2780.7968,2963.8680,3173.3448,3893.7008,2763.6096
2022-07-04,20,848.5234,1057.2285,1483.7985,2106.5973,2467.5645,2821.8958,3091.5578,3288.0000,3518.0434,4177.5739,2819.2331
2022-07-04,20,831.0000,1100.9521,1476.0087,2011.2726,2355.0708,2749.8913,3009.2899,3196.0000,3417.6049,4070.7778,2787.6356
2022-07-07,20,-9999.0000,-9999.0000,-9999.0000,-9999.0000,-9999.0000,-9999.0000,-9999.0000,-9999.0000,-9999.0000,-9999.0000,-9999.0000
2022-07-07,20,-9999.0000,-9999.0000,-9999.0000,-9999.0000,-9999.0000,-9999.0000,-9999.0000,-9999.0000,-9999.0000,-9999.0000,-9999.0000
2022-07-09,20,853.8791,1203.1720,1571.4950,2067.4634,2392.9569,2713.5281,2987.5615,3209.4414,3292.9673,4187.8820,3237.1795
2022-07-09,20,825.5823,1201.8402,1547.0697,1995.3099,2333.7532,2681.4149,2947.1841,3154.1213,3252.0105,4120.8353,3212.5060
2022-07-12,20,773.0309,1042.5224,1386.2164,1866.6385,2202.2893,2478.0000,2737.1998,2865.4662,3041.3484,3960.7912,3002.3628
2022-07-12,20,732.0000,1059.1056,1378.4337,1817.9353,2138.4821,2469.0000,2728.8757,2842.6061,3022.5198,3896.0149,2980.9029
2022-07-14,20,-9999.0000,-9999.0000,-9999.0000,-9999.0000,-9999.0000,-9999.0000,-9999.0000,-9999.0000,-9999.0000,-9999.0000,-9999.0000
2022-07-14,20,-9999.0000,-9999.0000,-9999.0000,-9999.0000,-9999.0000,-9999.0000,-9999.0000,-9999.0000,-9999.0000,-9999.0000,-9999.0000
2022-07-17,20,820.6672,997.1811,1338.7295,1803.4049,2139.5066,2445.5653,2684.7818,2811.4444,3011.9962,3894.0700,2827.1111
2022-07-17,20,785.3094,1028.7794,1346.0109,1762.4403,2099.3978,2429.6540,2677.0000,2786.6231,2993.1768,3850.0645,2823.0088
2022-07-19,20,878.0000,1170.6875,1538.9022,2074.7807,2421.0781,2717.6898,3009.2581,3195.4176,3354.0000,4356.9988,3272.4271
2022-07-19,20,837.9219,1185.1084,1506.7529,1961.8620,2307.3668,2645.9877,2946.3011,3096.0000,3253.0257,4250.0956,3224.0421
2022-07-22,20,921.6173,1092.8649,1370.9796,1802.5174,2115.8483,2434.1072,2713.0308,2842.5411,3033.2537,3972.7085,2948.6470
2022-07-22,20,810.0000,1100.9663,1377.4837,1794.9067,2121.9064,2453.2124,2745.6096,2866.4578,3062.3322,3977.0963,2952.8716
2022-07-24,20,1000.3407,1190.1800,1610.9656,2114.8450,2523.4785,3052.1720,3370.5956,3495.4383,3876.4913,4906.7186,3475.3146
2022-07-24,20,953.5051,1211.3301,1577.9620,2026.3056,2434.6152,2946.9366,3267.1648,3351.0305,3740.5604,4794.1401,3402.1343
2022-07-27,20,-9999.0000,-9999.0000,-9999.0000,-9999.0000,-9999.0000,-9999.0000,-9999.0000,-9999.0000,-9999.0000,-9999.0000,-9999.0000
2022-07-29,20,868.0000,1152.6284,1507.5838,2002.6632,2386.6524,2726.2627,3041.7954,3145.5844,3369.1519,4343.5743,3206.7181
2022-07-29,20,817.6868,1164.8672,1498.6030,1954.6035,2331.0539,2697.7052,3020.7792,3122.3159,3336.3230,4265.2442,3191.0960
2022-08-01,20,667.0000,881.3284,1133.2291,1426.4990,1708.3572,2035.5530,2267.5377,2363.5448,2507.6911,3468.2746,2843.5916
2022-08-01,20,644.0000,905.2807,1145.0708,1426.6630,1699.1514,2043.2514,2275.6702,2379.5462,2515.5930,3458.2515,2838.9642
2022-08-03,20,816.1086,969.1102,1259.0635,1603.3177,1915.1087,2323.2111,2515.9161,2619.8885,2803.2841,3898.4863,3032.0087
2022-08-03,20,781.0000,981.6395,1267.2968,1595.5839,1900.5831,2323.7221,2515.5494,2620.2579,2803.8180,3868.2560,3019.2141
2022-08-06,20,1304.0000,1345.1774,1531.7467,1726.0000,2027.5345,2386.0000,2629.0000,2678.5000,2933.6100,3915.4149,2782.0000
2022-08-06,20,-9999.0000,-9999.0000,-9999.0000,-9999.0000,-9999.0000,-9999.0000,-9999.0000,-9999.0000,-9999.0000,-9999.0000,-9999.0000
2022-08-08,20,889.9577,1069.4211,1307.0948,1618.7838,1959.0000,2333.4369,2619.0196,2690.8936,2905.9597,3975.0375,3143.3360
2022-08-08,20,805.0000,1072.6812,1315.1827,1610.2286,1957.2407,2364.3619,2651.4638,2722.1006,2931.3480,3957.7124,3130.5245
2022-08-11,20,649.0000,869.1750,1107.1470,1418.3647,1708.7766,2109.1600,2354.4874,2522.4349,2602.7611,3523.6227,2756.2317
2022-08-11,20,669.5001,909.2822,1129.1775,1410.7428,1683.8996,2105.3060,2340.3107,2514.5854,2598.4887,3475.1450,2759.6393
2022-08-16,20,629.1033,769.3741,1013.2241,1282.3836,1618.3124,2085.0000,2323.6578,2403.3857,2612.1640,3347.9626,2435.2268
2022-08-16,20,608.3179,793.4030,1037.2334,1283.9415,1616.9545,2101.6268,2331.5995,2426.5120,2628.1767,3323.4995,2420.5870
2022-08-21,20,556.9214,725.7928,937.4198,1091.6244,1387.8431,1924.4270,2147.9634,2236.6158,2354.3939,2996.4315,2457.1664
2022-08-21,20,541.6443,741.1597,933.6960,1083.2338,1393.5822,1939.8807,2163.0302,2243.0639,2388.2938,2985.1985,2454.3427
2022-08-23,20,-9999.0000,-9999.0000,-9999.0000,-9999.0000,-9999.0000,-9999.0000,-9999.0000,-9999.0000,-9999.0000,-9999.0000,-9999.0000
2022-08-23,20,-9999.0000,-9999.0000,-9999.0000,-9999.0000,-9999.0000,-9999.0000,-9999.0000,-9999.0000,-9999.0000,-9999.0000,-9999.0000
2022-08-26,20,692.5880,753.3066,957.3446,1091.4044,1435.7979,1995.9470,2220.0050,2258.8152,2452.4797,3035.3066,2339.9914
2022-08-26,20,674.2305,781.2402,977.4675,1091.6265,1435.6550,2012.9234,2236.2862,2275.7628,2468.3942,3017.8508,2324.4198
2022-08-28,20,1354.8790,1315.8727,1499.1740,1643.2722,2052.7092,2707.8782,3083.9100,3057.6260,3315.2229,3677.3784,2801.9208
2022-08-28,20,1185.0000,1322.9140,1507.5426,1643.0843,2054.3741,2739.8428,3109.8351,3090.6604,3339.7203,3651.0457,2796.2956
2022-08-31,20,-9999.0000,-9999.0000,-9999.0000,-9999.0000,-9999.0000,-9999.0000,-9999.0000,-9999.0000,-9999.0000,-9999.0000,-9999.0000
2022-08-31,20,-9999.0000,-9999.0000,-9999.0000,-9999.0000,-9999.0000,-9999.0000,-9999.0000,-9999.0000,-9999.0000,-9999.0000,-9999.0000
2022-09-02,20,788.0000,882.7025,1123.3233,1259.0011,1658.7697,2457.2291,2691.5471,2852.2704,2994.9297,3388.3571,2569.3691
2022-09-02,20,772.0000,906.5993,1131.0187,1258.5314,1651.7965,2436.1310,2691.7113,2828.5600,2971.0523,3379.8561,2534.9183
2022-09-05,20,-9999.0000,-9999.0000,-9999.0000,-9999.0000,-9999.0000,-9999.0000,-9999.0000,-9999.0000,-9999.0000,-9999.0000,-9999.0000
2022-09-07,20,-9999.0000,-9999.0000,-9999.0000,-9999.0000,-9999.0000,-9999.0000,-9999.0000,-9999.0000,-9999.0000,-9999.0000,-9999.0000
2022-09-07,20,-9999.0000,-9999.0000,-9999.0000,-9999.0000,-9999.0000,-9999.0000,-9999.0000,-9999.0000,-9999.0000,-9999.0000,-9999.0000
2022-09-10,20,460.7542,580.9122,753.6229,816.8915,1177.3022,1848.5858,2081.0754,2147.3870,2281.7309,2460.2156,1883.1183
2022-09-10,20,452.0000,609.1002,769.4375,821.1921,1176.9659,1852.8413,2082.9884,2154.8792,2293.3937,2443.7660,1860.3926
2022-09-12,20,613.8307,629.0605,845.3228,922.7228,1324.8651,2109.0000,2300.8222,2418.3875,2539.6805,2786.2028,2075.1197
2022-09-12,20,588.4521,661.2371,865.5964,930.8590,1329.4410,2101.1403,2300.0000,2403.9798,2521.6396,2763.5885,2051.8622
2022-09-15,20,617.8614,673.3164,865.6647,939.0090,1322.0374,1939.5545,2171.8625,2211.8049,2404.3665,2675.5119,2003.9090
2022-09-15,20,557.4020,665.1280,853.0434,933.0483,1314.5676,1962.6972,2187.9367,2234.7016,2436.2747,2684.4238,2000.7978
2022-09-20,20,398.4483,533.7281,705.5289,802.5255,1141.5127,1755.8443,1987.7960,2187.8635,2187.4199,2402.4560,1873.9464
2022-09-20,20,411.0000,569.3290,729.1719,810.8617,1149.7044,1754.2707,1987.6619,2194.5027,2194.3174,2403.3211,1869.0842
2022-09-22,20,593.5441,621.4686,821.3286,931.5742,1315.4588,1979.7658,2169.7597,2370.6172,2425.6196,2706.7597,2043.2614
2022-09-22,20,588.0000,665.1645,848.7218,939.0978,1315.6096,1979.3849,2162.6343,2372.2354,2418.4672,2685.1028,2043.8112
2022-09-27,20,-9999.0000,-9999.0000,-9999.0000,-9999.0000,-9999.0000,-9999.0000,-9999.0000,-9999.0000,-9999.0000,-9999.0000,-9999.0000
2022-09-27,20,-9999.0000,-9999.0000,-9999.0000,-9999.0000,-9999.0000,-9999.0000,-9999.0000,-9999.0000,-9999.0000,-9999.0000,-9999.0000
2022-10-02,20,-9999.0000,-9999.0000,-9999.0000,-9999.0000,-9999.0000,-9999.0000,-9999.0000,-9999.0000,-9999.0000,-9999.0000,-9999.0000
2022-10-02,20,-9999.0000,-9999.0000,-9999.0000,-9999.0000,-9999.0000,-9999.0000,-9999.0000,-9999.0000,-9999.0000,-9999.0000,-9999.0000
2022-10-05,20,-9999.0000,-9999.0000,-9999.0000,-9999.0000,-9999.0000,-9999.0000,-9999.0000,-9999.0000,-9999.0000,-9999.0000,-9999.0000
2022-10-05,20,-9999.0000,-9999.0000,-9999.0000,-9999.0000,-9999.0000,-9999.0000,-9999.0000,-9999.0000,-9999.0000,-9999.0000,-9999.0000
2022-10-07,20,431.0000,569.3826,708.8522,733.3532,1141.1825,1779.6375,2010.4909,2167.6874,2234.4244,2258.3039,1652.7475
2022-10-07,20,435.0000,597.1323,724.6173,741.0533,1137.9156,1763.6201,2011.5685,2164.3485,2219.0924,2252.7840,1635.8074
2022-10-10,20,-9999.0000,-9999.0000,-9999.0000,-9999.0000,-9999.0000,-9999.0000,-9999.0000,-9999.0000,-9999.0000,-9999.0000,-9999.0000
2022-10-10,20,-9999.0000,-9999.0000,-9999.0000,-9999.0000,-9999.0000,-9999.0000,-9999.0000,-9999.0000,-9999.0000,-9999.0000,-9999.0000
2022-10-12,20,1667.0000,1660.0000,1680.7027,1593.0484,1957.0367,2344.0000,2445.6630,2577.4813,2554.5102,2065.9988,1676.4574
2022-10-15,20,102.0000,142.5336,357.4616,433.5608,827.5038,1435.4379,1651.7211,1676.3400,1841.0000,1659.9205,1108.8233
2022-10-15,20,207.0000,309.4020,485.4413,504.8872,868.7885,1469.0170,1685.4186,1690.9577,1851.2582,1642.7977,1091.2522
2022-10-17,20,713.8392,736.9766,857.0588,837.3203,1273.7565,1901.5396,2163.6779,2243.0289,2362.7094,2289.8670,1634.0452
2022-10-17,20,743.0000,828.0000,917.3132,877.1863,1298.0914,1917.9886,2195.8678,2251.0833,2371.9153,2283.9285,1628.3655
2022-10-20,20,246.0000,349.1663,545.0355,587.9812,1010.9639,1634.5338,1890.8977,1979.1448,2107.2231,2092.4433,1539.6466
2022-10-20,20,558.7046,685.8571,789.5055,757.3083,1113.3900,1661.7908,1884.4301,1962.6401,2075.3987,2027.1490,1514.3220
2022-10-25,20,-9999.0000,-9999.0000,-9999.0000,-9999.0000,-9999.0000,-9999.0000,-9999.0000,-9999.0000,-9999.0000,-9999.0000,-9999.0000
2022-10-25,20,-9999.0000,-9999.0000,-9999.0000,-9999.0000,-9999.0000,-9999.0000,-9999.0000,-9999.0000,-9999.0000,-9999.0000,-9999.0000
2022-10-27,20,288.0000,425.2294,557.1990,565.6158,949.0631,1578.1594,1842.9843,1978.5768,2051.9299,2096.4016,1434.1788
2022-10-27,20,407.0000,553.0307,656.9004,637.3136,1013.2324,1621.6666,1868.2348,1994.8814,2065.5466,2074.5669,1435.0059
2022-10-30,20,416.0000,509.6388,653.6794,661.2382,1021.9029,1594.0806,1819.0209,1931.4544,2018.1499,2020.9201,1475.2766
2022-10-30,20,412.6895,564.9953,689.0019,681.1688,1029.7147,1601.2244,1827.3699,1923.2310,2009.6775,2020.6974,1475.9258
2022-11-04,20,0.0000,0.0000,10.0000,70.0000,244.5091,501.3718,588.5650,683.9157,681.8252,492.5531,267.0000
2022-11-04,20,0.0000,0.0000,13.0000,64.0000,232.7316,501.7084,589.4897,682.6767,681.8616,487.0000,261.0000
2022-11-06,20,288.0000,389.3370,517.1188,493.3131,872.7465,1505.9725,1746.2360,1910.1037,1946.9438,2025.6420,1364.7573
2022-11-06,20,238.2151,400.3143,520.8457,496.8222,881.8325,1522.9968,1754.8352,1911.9290,1954.4547,2022.0581,1357.3402
2022-11-21,20,521.0000,424.4541,557.1914,505.1732,837.8240,1457.3362,1625.7632,1783.3156,1851.3839,1957.3978,1293.0000
2022-11-21,20,518.0000,518.2008,624.8020,553.4505,877.5260,1473.9576,1624.7529,1781.5395,1835.5297,1925.5426,1293.0215
2022-11-24,20,230.5510,257.0306,425.2301,401.8318,768.7515,1424.9252,1578.2896,1781.1732,1813.6662,1754.5588,1092.6375
2022-11-24,20,204.3592,285.1597,441.2465,409.4343,776.7767,1437.0000,1570.2689,1781.9457,1818.2357,1747.0000,1093.5815
2022-11-26,20,-9999.0000,-9999.0000,-9999.0000,-9999.0000,-9999.0000,-9999.0000,-9999.0000,-9999.0000,-9999.0000,-9999.0000,-9999.0000
2022-11-26,20,-9999.0000,-9999.0000,-9999.0000,-9999.0000,-9999.0000,-9999.0000,-9999.0000,-9999.0000,-9999.0000,-9999.0000,-9999.0000
2022-12-01,20,1072.0000,1082.0000,1170.0000,1093.1048,1413.2429,1841.4549,1961.9751,2122.2681,2083.9130,1905.6593,1436.5573
2022-12-06,20,-9999.0000,-9999.0000,-9999.0000,-9999.0000,-9999.0000,-9999.0000,-9999.0000,-9999.0000,-9999.0000,-9999.0000,-9999.0000
2023-01-10,20,297.0000,280.3220,433.4261,397.6002,749.5842,1452.1061,1612.9028,1814.1861,1850.5487,1553.1570,953.8438
2023-01-10,20,244.4369,297.2936,445.4300,401.8169,745.1469,1443.5488,1620.0000,1831.0440,1843.2225,1560.9162,953.4688
2023-01-20,20,-9999.0000,-9999.0000,-9999.0000,-9999.0000,-9999.0000,-9999.0000,-9999.0000,-9999.0000,-9999.0000,-9999.0000,-9999.0000
2023-01-20,20,-9999.0000,-9999.0000,-9999.0000,-9999.0000,-9999.0000,-9999.0000,-9999.0000,-9999.0000,-9999.0000,-9999.0000,-9999.0000
2023-01-25,20,390.3489,461.2654,577.2482,509.4111,901.6580,1626.1861,1875.9383,2054.3356,2059.2781,1985.2413,1317.2324
2023-01-25,20,328.0000,465.7157,577.5282,509.3261,894.3267,1628.9036,1884.2204,2055.5648,2060.1225,1981.9773,1317.9553
2023-01-28,20,-9999.0000,-9999.0000,-9999.0000,-9999.0000,-9999.0000,-9999.0000,-9999.0000,-9999.0000,-9999.0000,-9999.0000,-9999.0000
2023-01-28,20,-9999.0000,-9999.0000,-9999.0000,-9999.0000,-9999.0000,-9999.0000,-9999.0000,-9999.0000,-9999.0000,-9999.0000,-9999.0000
2023-01-30,20,-9999.0000,-9999.0000,-9999.0000,-9999.0000,-9999.0000,-9999.0000,-9999.0000,-9999.0000,-9999.0000,-9999.0000,-9999.0000
2023-01-30,20,1558.0000,1461.6449,1592.7501,1461.4621,1893.3552,2755.0000,2997.2068,3243.2708,3190.0000,2496.0000,1702.0000
2023-02-02,20,934.6543,768.4022,898.1188,850.0000,1254.1053,1909.9854,2098.5310,2267.6465,2300.6340,1877.3574,1133.9772
2023-02-02,20,495.0000,520.3074,689.6143,677.2818,1137.6951,1851.3911,2059.0241,2235.4605,2268.0853,1901.7723,1141.5243
2023-02-04,20,-9999.0000,-9999.0000,-9999.0000,-9999.0000,-9999.0000,-9999.0000,-9999.0000,-9999.0000,-9999.0000,-9999.0000,-9999.0000
2023-02-04,20,-9999.0000,-9999.0000,-9999.0000,-9999.0000,-9999.0000,-9999.0000,-9999.0000,-9999.0000,-9999.0000,-9999.0000,-9999.0000
2023-02-07,20,346.6580,442.2383,569.1886,556.9173,925.2427,1555.4552,1762.7866,2022.5619,1955.1076,1937.6900,1381.8102
2023-02-07,20,313.0000,429.1595,549.0649,536.6302,917.1484,1546.9480,1754.9170,2037.2180,1956.3648,1944.6775,1377.0116
2023-02-09,20,584.0000,554.0836,709.7927,709.2072,1072.8479,1740.4693,1909.4438,2203.2612,2123.8586,2206.6059,1517.7394
2023-02-09,20,536.0000,564.4521,708.7208,700.9399,1068.9524,1739.4862,1909.0090,2202.2264,2131.2732,2209.6398,1513.7026
2023-02-12,20,166.3776,137.0559,181.1957,181.0463,301.2842,460.0710,516.0163,555.5714,572.1983,507.0340,323.3467
2023-02-12,20,56.4865,89.5213,133.8453,133.4949,245.4180,404.4535,460.3397,507.1589,533.8952,499.0842,316.6574
2023-02-14,20,363.0000,433.4837,565.1871,628.9578,1046.1830,1675.7432,1914.1071,2165.2922,2147.6778,2261.7525,1541.8563
2023-02-14,20,469.0000,598.0355,685.3279,705.5667,1085.5716,1692.3207,1907.7027,2163.9324,2125.6769,2213.8300,1521.4959
2023-02-17,20,-9999.0000,-9999.0000,-9999.0000,-9999.0000,-9999.0000,-9999.0000,-9999.0000,-9999.0000,-9999.0000,-9999.0000,-9999.0000
2023-02-27,20,-9999.0000,-9999.0000,-9999.0000,-9999.0000,-9999.0000,-9999.0000,-9999.0000,-9999.0000,-9999.0000,-9999.0000,-9999.0000
2023-02-27,20,-9999.0000,-9999.0000,-9999.0000,-9999.0000,-9999.0000,-9999.0000,-9999.0000,-9999.0000,-9999.0000,-9999.0000,-9999.0000
2023-03-09,20,1028.4053,1172.9034,1372.6960,1570.6089,1758.5279,1883.1111,2011.5043,2107.3660,2130.3587,2616.7644,2362.9791
2023-03-09,20,609.0000,957.3780,1221.1759,1451.5280,1684.5235,1867.8864,2028.0612,2130.6505,2171.2787,2667.7951,2385.8046
2023-03-11,20,1038.0000,1152.5726,1428.7469,1722.5439,1946.8240,2076.3426,2171.0193,2307.5680,2332.0030,2972.0904,2619.1218
2023-03-11,20,942.0000,1165.0802,1449.0653,1722.1102,1946.8081,2083.4531,2181.2545,2315.5088,2339.3618,2972.2927,2620.5528
2023-03-16,20,635.0000,833.7674,1072.7960,1370.4741,1546.4362,1710.9849,1843.9310,2059.2568,2019.3308,2354.9520,1836.3562
2023-03-16,20,595.0000,844.8122,1072.7666,1354.9567,1529.7654,1709.4432,1850.5784,2059.7719,2004.7154,2356.0956,1843.0699
2023-03-21,20,834.0000,945.0732,1252.7252,1571.4908,1794.9841,1932.3127,2052.4869,2170.9215,2203.7307,2665.6392,2123.4418
2023-03-21,20,783.0000,961.0018,1244.8029,1547.2173,1770.8593,1931.6426,2042.3991,2171.4864,2202.8116,2642.5219,2100.5874
2023-03-29,20,961.7790,1131.1133,1370.3381,1522.9565,1776.3464,2118.4021,2330.9677,2458.6648,2467.6549,2410.9245,2009.8341
2023-03-29,20,939.3284,1147.4569,1378.8131,1522.9076,1779.2056,2125.7987,2316.2791,2451.5632,2459.3304,2395.9102,2020.4181
2023-04-03,20,953.0000,1162.5829,1563.0336,1810.3518,2147.0002,2386.1953,2524.6450,2764.7099,2697.0489,3090.7304,2582.8050
2023-04-03,20,914.9745,1163.3256,1546.6708,1787.0059,2121.6618,2379.3263,2524.4479,2755.5455,2675.8489,3071.0000,2569.4838
2023-04-05,20,884.9518,1170.9119,1419.2782,1642.8941,1794.8538,1892.0419,1971.6717,2202.8508,2089.6485,2504.9424,2264.7058
2023-04-05,20,937.6234,1202.5621,1435.5222,1643.1271,1779.8210,1930.5671,2051.1373,2268.8910,2138.6980,2484.7448,2260.4644
2023-04-05,20,917.2932,1234.5994,1506.2842,1730.4770,1890.0492,2034.9537,2124.3724,2347.2934,2229.2253,2569.3214,2310.0792
2023-04-05,20,945.0000,1234.3098,1490.9445,1707.4317,1850.1978,1994.4439,2107.6993,2323.6551,2201.7603,2520.4294,2279.0427
2023-04-08,20,3127.0000,3066.0000,3041.3854,2980.0000,3256.9857,3474.0828,3584.3025,3688.0000,3593.1397,2637.1955,2442.0185
2023-04-08,20,2113.0000,2310.0000,2504.0000,2552.0000,2817.4450,3137.2295,3317.4245,3488.0000,3377.5228,2598.4705,2401.9902
2023-04-10,20,1205.0059,1418.4258,1779.2856,2163.4973,2317.4532,2410.7503,2507.4025,2731.5165,2643.2281,3411.3311,3155.3419
2023-04-10,20,1134.0000,1395.0704,1747.6044,2107.1020,2259.6736,2387.2216,2491.0422,2714.2329,2628.2079,3394.0286,3159.8888
2023-04-15,20,1590.0000,1702.0000,1770.0000,1806.0000,2008.5002,2234.4805,2376.6439,2481.0512,2421.7006,1676.7593,1366.1189
2023-04-18,20,833.4569,1026.8875,1299.2298,1619.5518,1796.6325,1913.5335,2043.6166,2147.5470,2170.6749,2612.6186,2196.6315
2023-04-18,20,776.0000,1027.2019,1291.2605,1578.5440,1780.5364,1917.2566,2051.2353,2154.8060,2178.8166,2587.2742,2187.3094
2023-04-23,20,1717.0000,1286.0000,1480.0000,1384.0000,1856.0000,2519.0000,2862.0000,2798.0000,2963.0000,1970.0000,1580.0000
2023-04-23,20,1882.0000,1995.5069,2278.0000,2348.0000,2603.3383,3098.0000,3322.0000,3353.6139,3345.0000,2511.0000,2048.0000
2023-04-30,20,-9999.0000,-9999.0000,-9999.0000,-9999.0000,-9999.0000,-9999.0000,-9999.0000,-9999.0000,-9999.0000,-9999.0000,-9999.0000
2023-04-30,20,-9999.0000,-9999.0000,-9999.0000,-9999.0000,-9999.0000,-9999.0000,-9999.0000,-9999.0000,-9999.0000,-9999.0000,-9999.0000
2023-05-05,20,1118.3134,1411.1717,1803.2500,2088.0664,2403.1304,2585.6733,2762.8600,2875.2315,2909.1737,3365.4508,2871.5201
2023-05-05,20,1026.0000,1355.0869,1738.7170,1978.7254,2302.3208,2577.2034,2763.0403,2875.6192,2898.1747,3302.5813,2805.7540
2023-05-13,20,-9999.0000,-9999.0000,-9999.0000,-9999.0000,-9999.0000,-9999.0000,-9999.0000,-9999.0000,-9999.0000,-9999.0000,-9999.0000
2023-05-13,20,-9999.0000,-9999.0000,-9999.0000,-9999.0000,-9999.0000,-9999.0000,-9999.0000,-9999.0000,-9999.0000,-9999.0000,-9999.0000
2023-05-15,20,986.0000,1226.9193,1562.3166,1882.8124,2123.4936,2339.7484,2532.7458,2587.5788,2683.6069,2721.9245,2028.2069
2023-05-15,20,930.3340,1227.7155,1554.4704,1859.1563,2115.6446,2347.5726,2548.3002,2602.2132,2682.8562,2731.9762,2020.6470
2023-05-18,20,1037.0871,1283.3569,1652.0825,1938.8666,2234.2436,2482.0777,2683.2536,2763.8509,2827.2549,2985.9560,2282.5258
2023-05-18,20,973.9253,1307.5689,1689.5004,1992.4568,2276.0875,2532.5234,2738.5481,2819.9497,2883.6532,3015.9757,2290.4644
2023-05-23,20,1314.8710,1703.8767,2233.9553,2487.9550,2857.8435,3069.4324,3260.8098,3316.0771,3402.0881,3750.5556,3159.7980
2023-05-23,20,1288.0000,1671.5065,2182.4581,2422.0147,2775.6499,3059.5537,3268.0315,3330.0877,3409.8978,3700.4325,3113.9265
2023-05-25,20,1874.0000,2311.1982,2887.1724,3236.9178,3717.4187,3866.0550,4108.5264,4185.8228,4227.7261,4843.6253,4328.0031
2023-05-25,20,1574.5011,2102.5429,2646.8003,2983.1308,3403.9255,3699.0819,3964.2418,4040.7354,4084.6611,4681.5472,4250.6034
2023-05-28,20,-9999.0000,-9999.0000,-9999.0000,-9999.0000,-9999.0000,-9999.0000,-9999.0000,-9999.0000,-9999.0000,-9999.0000,-9999.0000
2023-05-28,20,-9999.0000,-9999.0000,-9999.0000,-9999.0000,-9999.0000,-9999.0000,-9999.0000,-9999.0000,-9999.0000,-9999.0000,-9999.0000
2023-05-30,20,-9999.0000,-9999.0000,-9999.0000,-9999.0000,-9999.0000,-9999.0000,-9999.0000,-9999.0000,-9999.0000,-9999.0000,-9999.0000
2023-05-30,20,-9999.0000,-9999.0000,-9999.0000,-9999.0000,-9999.0000,-9999.0000,-9999.0000,-9999.0000,-9999.0000,-9999.0000,-9999.0000
2023-06-02,20,2139.8753,2473.3716,3111.0843,3589.2085,3936.5180,4137.6460,4315.6328,4326.7220,4495.0000,5001.0758,4418.0000
2023-06-02,20,1875.5133,2375.6640,3000.0248,3461.7623,3828.7943,4103.8890,4316.3810,4325.9390,4476.9530,4932.6046,4439.6634
2023-06-04,20,2140.3625,2263.1078,2695.5780,3016.6452,3268.7416,3525.5039,3814.1066,3797.0437,3944.8124,4236.4793,3642.1285
2023-06-04,20,1892.1035,2263.1461,2679.2596,2997.9066,3269.9240,3645.0157,3971.2775,3940.9116,4087.4956,4232.6528,3608.4122
2023-06-07,20,909.5117,1058.3639,1426.4979,1687.4857,1938.4530,2235.9193,2484.9276,2502.2377,2589.5331,2803.2680,2230.2635
2023-06-07,20,839.0000,1074.7767,1395.6682,1618.6673,1881.5772,2254.0329,2505.6345,2515.0455,2625.0000,2770.4981,2209.9802
2023-06-09,20,1948.6388,2026.0822,2584.0704,2901.6222,3286.8973,3668.4561,3842.6729,3905.7834,4044.0705,4727.5687,4169.0356
2023-06-09,20,1658.3661,1939.8529,2455.3026,2743.5483,3203.6449,3644.1319,3842.0700,3833.8732,4034.5759,4696.2168,4133.6828
2023-06-12,20,1826.0000,2181.7945,2742.4670,3080.4488,3418.4842,3628.1177,3779.2440,3814.0579,3896.4238,4421.2414,3927.7846
2023-06-12,20,1619.0000,2071.9245,2629.9204,2932.5447,3256.6572,3522.8042,3698.0669,3750.0884,3834.4147,4375.5887,3913.3516
2023-06-14,20,1298.0000,1554.7567,1939.1485,2070.8436,2504.7880,2978.1718,3273.7107,3286.5152,3365.4021,3145.7072,2408.6346
2023-06-14,20,1328.0000,1586.9609,1971.1519,2102.0702,2553.1201,2997.3032,3286.1181,3301.8668,3365.7140,3160.6882,2424.9350
2023-06-17,20,1601.0000,2006.2877,2566.9341,2872.8658,3242.2829,3636.3055,3869.3644,4007.3092,4011.4873,4558.2664,4198.2446
2023-06-17,20,1489.9999,1941.5591,2487.3450,2775.5407,3160.7940,3563.9837,3819.1616,3952.5860,3955.8709,4487.0175,4166.5105
2023-06-19,20,2042.0000,2309.9191,2918.5651,3238.2792,3656.3188,4091.7535,4259.5437,4282.4045,4429.6535,4888.5832,4248.2874
2023-06-19,20,1724.0000,2051.2288,2597.6994,2904.6901,3385.1335,3900.0598,4083.7248,4065.3515,4258.2562,4774.2329,4212.9528
2023-06-22,20,-9999.0000,-9999.0000,-9999.0000,-9999.0000,-9999.0000,-9999.0000,-9999.0000,-9999.0000,-9999.0000,-9999.0000,-9999.0000
2023-06-24,20,1659.5029,2023.9975,2536.2288,2838.8351,3219.5439,3691.2439,4012.0564,4066.2982,4139.1569,4555.6924,4135.1945
2023-06-24,20,1628.4809,2036.8220,2535.4928,2839.6180,3203.0167,3699.7942,4009.0000,4083.0338,4163.8612,4551.5039,4132.4240
2023-06-27,20,1885.0000,2135.6328,2645.6926,2960.1534,3221.7763,3835.4754,4194.3257,4308.6682,4377.9817,4504.5449,3949.7343
2023-06-27,20,1593.5052,2086.5506,2581.3022,2895.3494,3170.0000,3832.4403,4205.0000,4341.7612,4378.2277,4488.7365,3951.9759
2023-06-29,20,1015.0000,1042.9384,1494.6389,1702.7331,2084.6190,2754.7744,3029.3314,3141.3195,3211.6551,3236.5406,2440.5711
2023-06-29,20,894.0000,1043.1872,1435.3770,1623.0166,1973.1682,2698.8159,2963.6925,3066.5834,3141.9367,3163.7746,2390.6788
2023-07-02,20,718.0000,738.0367,1146.7912,1271.4243,1682.1214,2492.1944,2801.3679,2746.9938,2963.5005,2683.7974,1868.4163
2023-07-02,20,714.5747,833.0317,1146.7561,1219.8767,1603.1445,2385.6328,2701.6002,2651.4378,2859.6428,2594.9798,1827.9896
2023-07-04,20,858.0000,1067.1597,1483.0913,1559.7055,2040.3933,3021.3826,3484.3665,3482.9642,3616.6750,3349.0137,2537.6377
2023-07-04,20,809.0000,1059.6487,1433.8330,1510.3439,1960.5355,2929.9538,3385.6737,3401.0656,3529.9703,3287.8438,2554.8931
2023-07-07,20,921.0000,1130.4553,1511.1931,1593.2281,2037.2657,3123.2189,3612.5340,3715.3931,3789.2134,3349.8164,2742.2972
2023-07-07,20,889.0000,1131.8137,1516.0000,1588.8922,1989.8983,3083.3451,3589.3173,3690.0499,3754.2266,3365.3228,2741.4869
2023-07-09,20,1227.0000,1366.2428,1815.9347,1941.2826,2387.0000,3698.4093,4187.2651,4226.7693,4364.4448,3785.8134,2972.0000
2023-07-09,20,1122.0000,1314.7117,1749.4764,1850.0624,2315.6661,3580.4632,4062.0000,4081.8292,4245.5678,3701.7641,2889.3431
2023-07-12,20,-9999.0000,-9999.0000,-9999.0000,-9999.0000,-9999.0000,-9999.0000,-9999.0000,-9999.0000,-9999.0000,-9999.0000,-9999.0000
2023-07-14,20,1018.6876,1272.0186,1668.2542,1751.4030,2134.7892,3502.2947,4201.3621,4264.7319,4339.2954,3496.1317,2742.1090
2023-07-14,20,1013.0000,1260.8516,1652.7947,1704.1005,2102.6652,3396.3315,4090.6572,4169.0781,4245.3691,3426.0000,2724.3517
2023-07-17,20,897.0000,1030.4302,1429.1038,1464.7178,1845.9454,3210.0272,3941.0709,3970.2773,4086.0598,3016.9324,2374.3028
2023-07-17,20,900.4044,1058.9095,1399.0343,1432.2338,1845.8227,3099.8609,3802.0013,3834.8509,3955.7560,2999.2090,2321.7993
2023-07-19,20,-9999.0000,-9999.0000,-9999.0000,-9999.0000,-9999.0000,-9999.0000,-9999.0000,-9999.0000,-9999.0000,-9999.0000,-9999.0000
2023-07-22,20,-9999.0000,-9999.0000,-9999.0000,-9999.0000,-9999.0000,-9999.0000,-9999.0000,-9999.0000,-9999.0000,-9999.0000,-9999.0000
2023-07-22,20,-9999.0000,-9999.0000,-9999.0000,-9999.0000,-9999.0000,-9999.0000,-9999.0000,-9999.0000,-9999.0000,-9999.0000,-9999.0000
2023-07-27,20,356.0000,443.1685,699.8366,619.6145,977.0000,2417.2135,2988.5377,3090.8601,3108.9070,1898.5252,1141.5255
2023-07-27,20,353.0000,475.5993,707.3261,618.5876,985.4953,2409.6350,2964.2196,3075.2284,3108.6452,1899.9852,1164.7579
2023-07-29,20,714.0000,753.8561,1156.5853,1076.4542,1629.1069,3500.5874,4251.1446,4257.3517,4427.3473,2696.8388,1765.0000
2023-07-29,20,745.0000,796.1268,1191.5005,1079.0706,1576.4838,3434.7502,4192.9596,4200.9189,4361.2063,2694.4605,1765.6769
2023-08-03,20,-9999.0000,-9999.0000,-9999.0000,-9999.0000,-9999.0000,-9999.0000,-9999.0000,-9999.0000,-9999.0000,-9999.0000,-9999.0000
2023-08-06,20,364.0000,411.7919,618.8258,490.0128,885.0000,2450.9438,3147.3958,3203.7699,3291.5358,1787.7149,1014.9541
2023-08-06,20,361.0000,427.5440,636.2529,499.1079,876.0000,2458.9453,3160.3041,3219.0806,3281.3963,1789.0638,1022.0000
2023-08-08,20,774.0000,586.6777,882.5604,739.4936,1225.8116,3035.2669,3732.0508,3818.5556,3916.7790,2265.8991,1336.4048
2023-08-08,20,688.0003,603.0422,907.7059,754.9127,1234.7689,3050.1488,3749.7805,3828.0000,3930.4498,2265.6905,1331.8280
2023-08-11,20,-9999.0000,-9999.0000,-9999.0000,-9999.0000,-9999.0000,-9999.0000,-9999.0000,-9999.0000,-9999.0000,-9999.0000,-9999.0000
2023-08-11,20,-9999.0000,-9999.0000,-9999.0000,-9999.0000,-9999.0000,-9999.0000,-9999.0000,-9999.0000,-9999.0000,-9999.0000,-9999.0000
2023-08-13,20,564.6061,634.6474,918.4699,790.8715,1299.6221,3100.9246,4110.5123,4097.8248,4276.1683,2521.2738,1603.9992
2023-08-13,20,584.0000,708.0322,955.4584,821.3661,1303.7443,2995.6241,3980.4192,3970.7575,4162.3422,2486.9773,1624.4792
2023-08-16,20,596.0000,699.7399,946.8645,807.5394,1234.7807,2834.0650,3804.0629,3786.9991,3997.7602,2360.2013,1542.3822
2023-08-16,20,601.0233,722.4750,955.3017,807.4374,1265.0384,2857.9247,3803.1522,3793.1571,3986.2276,2340.4932,1540.0337
2023-08-18,20,935.0000,899.9948,1186.6547,1062.8968,1540.1129,3322.7548,4132.4586,4049.5757,4379.7603,2678.0423,1670.7575
2023-08-18,20,869.0000,939.2734,1202.1985,1063.6508,1556.8281,3271.0000,4044.1662,4009.0309,4298.9204,2645.5457,1671.2396
2023-08-21,20,536.0000,635.8474,936.3881,854.7942,1289.3089,2883.0755,3706.8814,3767.3969,3940.3474,2405.0000,1559.0399
2023-08-21,20,565.1040,674.6958,951.2041,855.1322,1317.4408,2861.1720,3692.6282,3749.4481,3932.1944,2405.1793,1558.3595
2023-08-23,20,632.0000,779.1261,1077.7916,999.1863,1474.5627,3090.8819,3987.3254,4035.1553,4187.5650,2663.5444,1772.0088
2023-08-23,20,693.9451,835.7508,1109.7809,1000.3905,1479.2631,2961.9806,3820.6136,3873.2295,4035.8803,2615.0736,1730.8811
2023-08-26,20,566.0000,714.8791,995.3353,902.3703,1383.5164,2805.5463,3604.3057,3675.3435,3828.2458,2408.0665,1607.5662
2023-08-26,20,594.0000,755.3209,1011.1895,919.7620,1383.2605,2770.5907,3562.0717,3633.0549,3793.4823,2386.8135,1623.3141
2023-08-31,20,434.0000,389.2705,531.5681,411.3027,682.9615,1465.3696,1749.6744,1721.4520,1814.7436,849.8658,442.5389
2023-08-31,20,536.5372,529.7995,637.3601,483.5616,753.5358,1523.3757,1780.2933,1783.5270,1836.1404,868.0263,443.7349
2023-09-02,20,486.0000,507.3927,731.2272,611.4177,1084.2639,2517.5555,3130.5314,3170.0428,3313.7308,1971.3565,1091.0970
2023-09-02,20,457.0000,565.6547,771.3693,635.6371,1099.6499,2505.6650,3116.1085,3145.4530,3282.3913,1971.9295,1091.3994
2023-09-05,20,368.0000,459.6424,691.1400,568.0555,995.8829,2364.8468,2908.0838,3131.1627,3116.1414,1862.1324,1143.4611
2023-09-05,20,371.0000,499.6821,715.1287,599.2772,995.7827,2364.6575,2914.1864,3112.8845,3108.0041,1863.4950,1160.4067
2023-09-07,20,495.0000,515.2431,819.0330,711.1402,1191.6142,2754.9287,3275.3458,3479.4608,3530.0637,2276.5859,1398.6782
2023-09-07,20,485.0000,546.8112,842.1565,725.8277,1208.5213,2748.2347,3259.6203,3444.3332,3506.7926,2245.3276,1397.3249
2023-09-10,20,448.7550,522.6914,807.0252,743.7903,1201.5466,2593.6882,3155.7990,3346.6709,3411.5421,2181.4816,1362.8352
2023-09-10,20,471.0000,579.1305,839.1043,760.2043,1219.7195,2581.1013,3129.4258,3330.4051,3387.5083,2203.0875,1367.5796
2023-09-12,20,1079.0000,1274.7920,1617.2448,1514.0000,2177.0000,3479.0000,4031.0000,4121.7258,4243.1608,2994.2352,2156.0000
2023-09-17,20,880.0000,891.8753,1138.9992,998.8601,1543.1038,3025.9678,3523.8944,3561.9659,3833.8007,2697.6196,1734.1211
2023-09-25,20,336.0000,443.7808,658.2931,627.5550,1026.5604,1956.0000,2381.9311,2490.4104,2610.6343,1941.4861,1282.0802
2023-09-25,20,322.0000,475.0809,674.8182,643.0094,1043.0025,1964.3560,2379.8819,2490.4383,2621.6975,1938.2857,1283.3165
2023-09-27,20,577.0000,627.1521,907.1302,935.0932,1377.4112,2396.4992,2755.4872,2963.3455,3059.0864,2521.6080,1720.0244
2023-09-27,20,560.5272,675.3700,939.3463,950.5281,1386.6445,2388.3344,2755.7353,2940.8817,3050.5011,2484.3748,1684.8420
2023-09-30,20,-9999.0000,-9999.0000,-9999.0000,-9999.0000,-9999.0000,-9999.0000,-9999.0000,-9999.0000,-9999.0000,-9999.0000,-9999.0000
2023-09-30,20,-9999.0000,-9999.0000,-9999.0000,-9999.0000,-9999.0000,-9999.0000,-9999.0000,-9999.0000,-9999.0000,-9999.0000,-9999.0000
2023-10-02,20,661.0243,691.5163,931.9550,1013.7238,1491.1743,2347.3760,2778.7410,2934.4403,3060.1126,2726.8101,1911.6331
2023-10-02,20,626.0000,802.7059,1003.6940,1062.3364,1506.9447,2324.5111,2741.2852,2897.6757,3008.0000,2662.3061,1896.6384
2023-10-07,20,793.6263,994.5128,1379.3742,1846.6555,2314.2702,2867.6210,3196.3885,3477.5084,3626.4757,3736.5248,2632.8400
2023-10-07,20,749.0000,1027.9712,1394.6115,1829.9242,2263.6398,2853.3995,3162.9590,3461.4711,3613.1336,3687.3390,2631.1257
2023-10-12,20,1314.0000,1642.0000,1861.1515,2128.0000,2607.0000,2953.3054,3273.5000,3320.0000,3541.0475,3580.0000,2782.0000
2023-10-17,20,725.0000,931.1903,1257.5052,1669.9431,1926.3140,2323.0000,2553.1097,2872.3814,2924.7426,3462.2309,2743.6452
2023-10-17,20,693.0000,947.4241,1252.5382,1671.3112,1959.0925,2341.0057,2564.8911,2870.8274,2914.0569,3461.8912,2725.8136
2023-10-22,20,566.0525,819.1979,1019.2853,1274.0000,1507.0511,1790.0427,1992.8720,2149.8155,2202.4360,2701.0000,2200.0299
2023-10-22,20,504.0000,818.3740,1019.9319,1283.0472,1490.7329,1804.6224,2003.2423,2155.1263,2218.1152,2675.9714,2201.5711
2023-10-27,20,571.0000,666.8901,915.5149,1130.9519,1380.5948,1706.7239,1850.2138,1942.4665,2091.4175,2410.2460,1747.0584
2023-10-27,20,496.4836,675.9884,907.3960,1131.7005,1389.5831,1722.9735,1868.0682,1958.8595,2117.0086,2427.0349,1769.4241
2023-11-04,20,407.0000,619.2643,819.6420,1034.0396,1283.9110,1578.9594,1747.9973,1943.1357,1971.2838,2337.1765,1850.5382
2023-11-04,20,370.0000,652.0307,843.6559,1041.0980,1275.1322,1570.9935,1747.9072,1947.5884,1971.2566,2332.5239,1833.4520
2023-11-11,20,521.1709,747.5039,931.4890,1129.8580,1435.9231,1676.5555,1843.8528,2072.8640,2076.0186,2524.0918,1889.0000
2023-11-11,20,468.0000,749.4450,931.3778,1122.9486,1413.0091,1673.9964,1841.7217,2087.7584,2084.6525,2520.0926,1897.0689
2023-11-19,20,980.8003,1187.2591,1410.2090,1498.6903,1857.4675,2101.6910,2268.1336,2443.4309,2499.4624,2758.0282,2067.7722
2023-11-19,20,870.0000,1156.2585,1394.5491,1490.6233,1874.4173,2131.1043,2291.8492,2483.0018,2545.1347,2779.8429,2083.3982
2023-11-24,20,1002.0000,1207.3166,1383.5508,1654.4903,1945.5169,2167.7665,2392.7971,2696.6705,2724.9159,3880.1002,3270.7587
2023-11-26,20,617.6920,757.4872,1010.5248,1243.1276,1499.1348,1716.0425,1828.5342,2085.5403,2083.7288,2764.5698,2147.9010
2023-11-26,20,569.0000,772.4522,1018.6791,1243.2941,1508.1240,1713.8108,1843.0770,2087.1290,2098.7572,2764.5239,2145.7768
2023-11-29,20,438.0000,603.0263,825.8607,1019.0800,1242.7831,1460.0710,1587.1415,1849.1903,1826.8273,2241.8390,1620.5709
2023-11-29,20,407.0000,635.1991,858.6775,1028.0056,1258.8624,1458.6539,1593.2885,1863.3725,1835.3205,2236.3654,1618.9049
2023-12-09,20,759.0000,865.5847,1044.2121,1212.6549,1405.8594,1540.9822,1636.9786,1747.8227,1779.7042,1965.9526,1504.7032
2023-12-09,20,734.0000,901.6206,1069.1529,1219.5871,1417.5386,1546.6529,1643.9543,1747.2774,1788.1827,1957.6535,1505.5289
2023-12-14,20,-9999.0000,-9999.0000,-9999.0000,-9999.0000,-9999.0000,-9999.0000,-9999.0000,-9999.0000,-9999.0000,-9999.0000,-9999.0000
2023-12-14,20,1444.3790,1596.9788,1657.6343,1738.5274,1913.1881,1969.1948,2025.3018,2147.2541,2101.6489,1745.3753,1468.4186
2023-12-16,20,592.2615,685.2220,899.0625,1131.7330,1291.6399,1410.7691,1491.1293,1653.4299,1660.8818,1867.0156,1377.1830
2023-12-16,20,555.0000,709.0745,915.9850,1139.9450,1307.3944,1427.6718,1514.2940,1674.9867,1675.0000,1875.1854,1381.2590
2023-12-19,20,465.0000,586.0030,771.0565,971.2551,1136.4495,1219.2258,1315.4969,1450.8665,1453.2713,1643.7685,1169.4524
2023-12-19,20,430.3470,609.4459,779.4421,970.3287,1122.0508,1214.5654,1307.8571,1441.9765,1450.9275,1642.2309,1165.9298
2023-12-24,20,-9999.0000,-9999.0000,-9999.0000,-9999.0000,-9999.0000,-9999.0000,-9999.0000,-9999.0000,-9999.0000,-9999.0000,-9999.0000
2023-12-24,20,1700.0000,1734.0000,1828.7058,1853.1695,2160.7632,2322.4224,2401.5887,2468.3667,2514.4629,2236.4009,1777.0846
2024-01-05,20,-9999.0000,-9999.0000,-9999.0000,-9999.0000,-9999.0000,-9999.0000,-9999.0000,-9999.0000,-9999.0000,-9999.0000,-9999.0000
2024-01-08,20,-9999.0000,-9999.0000,-9999.0000,-9999.0000,-9999.0000,-9999.0000,-9999.0000,-9999.0000,-9999.0000,-9999.0000,-9999.0000
2024-01-08,20,-9999.0000,-9999.0000,-9999.0000,-9999.0000,-9999.0000,-9999.0000,-9999.0000,-9999.0000,-9999.0000,-9999.0000,-9999.0000
2024-01-13,20,538.0000,729.1892,883.1465,1075.2834,1236.8777,1346.7420,1442.6355,1611.8293,1571.8849,1621.6311,1241.2906
2024-01-13,20,550.6033,792.8416,923.1784,1083.3098,1243.3645,1354.4610,1442.7672,1611.8217,1577.4872,1602.2232,1241.9941
2024-01-15,20,-9999.0000,-9999.0000,-9999.0000,-9999.0000,-9999.0000,-9999.0000,-9999.0000,-9999.0000,-9999.0000,-9999.0000,-9999.0000
2024-01-20,20,541.0000,760.9235,923.4065,1187.2286,1308.7554,1442.9018,1532.5345,1811.0284,1691.7481,1681.9430,1212.0000
2024-01-20,20,514.0000,788.9123,955.7758,1202.5096,1315.4120,1436.9591,1530.3437,1794.4664,1676.2426,1681.7455,1213.1753
2024-01-23,20,574.0000,769.3896,939.0600,1155.1672,1292.8534,1373.9330,1460.2496,1612.2769,1577.4815,1584.8099,1201.7862
2024-01-23,20,544.0000,805.5423,954.5391,1155.6476,1276.2274,1372.6569,1450.0401,1619.8691,1578.7597,1581.7462,1201.6865
2024-01-25,20,682.4012,872.5349,1123.5039,1338.7095,1538.6079,1640.7451,1723.7192,1819.8320,1858.7996,1921.3604,1321.9146
2024-01-25,20,860.6780,993.6138,1192.8343,1346.4610,1522.6841,1633.3595,1712.5755,1794.8908,1848.0000,1901.1498,1305.4602
2024-01-28,20,592.2180,685.7150,891.3879,1099.5538,1251.8531,1339.5649,1420.9031,1579.5456,1539.8263,1769.8487,1292.9013
2024-01-28,20,552.0000,713.6594,890.9013,1090.8901,1242.5234,1331.9209,1410.9087,1580.0310,1532.4659,1771.6063,1285.7587
2024-01-30,20,556.1086,753.5726,931.3439,1170.4729,1333.9874,1419.0262,1538.9695,1747.3578,1669.0000,1914.3595,1418.7535
2024-01-30,20,561.0000,801.7496,948.2003,1170.7938,1322.1589,1409.3713,1522.2145,1738.9221,1658.8178,1894.0823,1412.8297
2024-02-02,20,174.0000,294.4335,328.3887,386.2696,450.4507,476.6727,508.2681,536.4426,536.4611,556.6068,454.0000
2024-02-02,20,205.0000,336.2592,354.1146,400.3074,454.5805,484.2232,514.5550,542.2866,542.8742,555.0000,453.0000
2024-02-04,20,580.0000,651.9679,939.2910,1210.2334,1435.1684,1500.0023,1588.1861,1698.7739,1730.5829,2133.4093,1633.2929
2024-02-04,20,518.3073,659.4385,939.9348,1227.1323,1442.0146,1522.7455,1610.4243,1731.3793,1772.5509,2133.6385,1637.8578
2024-02-14,20,840.0000,909.5107,1186.8141,1387.9016,1659.4411,1803.9508,1891.4370,2034.8128,2044.4799,2186.1162,1577.5498
2024-02-14,20,808.4238,941.0908,1203.0463,1387.9265,1667.3678,1803.7366,1893.0869,2035.0915,2051.7848,2176.0000,1569.8602
2024-02-17,20,-9999.0000,-9999.0000,-9999.0000,-9999.0000,-9999.0000,-9999.0000,-9999.0000,-9999.0000,-9999.0000,-9999.0000,-9999.0000
2024-02-17,20,-9999.0000,-9999.0000,-9999.0000,-9999.0000,-9999.0000,-9999.0000,-9999.0000,-9999.0000,-9999.0000,-9999.0000,-9999.0000
2024-02-19,20,645.0026,856.7674,1155.0497,1363.5817,1675.9115,1796.5189,1942.3936,2058.6788,2065.3142,2339.6921,1755.5448
2024-02-19,20,565.0000,872.8732,1154.6273,1363.3303,1659.9943,1771.4376,1907.0520,2043.6204,2044.1140,2338.4256,1738.9812
2024-03-05,20,761.7843,849.2604,1210.0309,1377.9858,1757.2297,1989.8512,2107.9836,2219.4355,2251.9637,2097.0060,1441.6238
2024-03-05,20,605.0000,829.0672,1217.5291,1386.7973,1754.4704,2005.0550,2101.9957,2226.8316,2265.8065,2116.5184,1454.0032
2024-03-13,20,638.0000,866.8916,1235.9165,1402.0308,1794.7155,2101.5119,2250.9689,2395.7888,2396.0864,2340.3352,1741.2533
2024-03-13,20,653.1853,929.2374,1259.4647,1386.8111,1770.9511,2082.9494,2227.0075,2370.7481,2372.1446,2317.1905,1726.0792
2024-03-20,20,746.0000,909.3537,1291.5874,1419.0606,1876.4641,2201.4036,2378.4876,2514.7504,2501.3861,2536.3099,1813.0000
2024-03-20,20,748.6828,993.4560,1301.3876,1378.3477,1796.5159,2139.0484,2308.7279,2427.0230,2421.3545,2469.2770,1792.9342
2024-03-23,20,1074.0000,1372.6874,1683.5741,1731.6775,2188.6890,2531.0344,2675.6913,2788.1029,2786.7397,2675.0680,2090.3495
2024-03-23,20,1123.0000,1435.3274,1818.8313,1869.4975,2371.6049,2787.6357,2938.0984,3110.9138,3051.3540,2748.4978,2131.1837
2024-03-25,20,794.3692,961.3865,1378.4842,1505.8793,1947.5674,2403.0145,2523.5012,2775.2624,2698.5264,2763.3937,2051.5043
2024-03-25,20,748.6969,965.1901,1371.0791,1490.9786,1938.4576,2396.6274,2533.3029,2776.6200,2690.9148,2762.7632,2050.5864
2024-03-30,20,1895.0000,2044.0528,2481.2590,2281.3613,3091.3378,3610.4130,3827.8406,3688.6961,3812.4258,2644.3401,1838.0000
2024-04-02,20,552.6921,713.3868,1067.2632,1003.0559,1596.6725,2172.3052,2356.5549,2483.0392,2476.1915,1852.9696,1208.3785
2024-04-02,20,513.0000,720.7489,1075.3237,1002.8371,1612.6778,2186.5518,2372.1935,2499.1642,2500.2196,1853.5791,1209.9831
2024-04-04,20,641.4324,689.5920,1131.0719,1043.7947,1714.3409,2413.0985,2563.9247,2689.8727,2731.2765,2365.3573,1549.4035
2024-04-04,20,618.5548,745.5228,1146.8968,1043.3503,1684.9866,2387.9210,2547.6558,2658.4808,2699.1089,2352.0000,1544.9293
2024-04-07,20,652.4983,697.4237,1097.4114,1002.5787,1635.2438,2444.8763,2660.5539,2787.1314,2779.0702,2241.9158,1501.3835
2024-04-07,20,630.0000,765.5761,1121.8180,1003.5908,1604.5713,2427.1296,2635.9871,2764.1058,2771.6028,2212.3212,1492.6502
2024-04-09,20,-9999.0000,-9999.0000,-9999.0000,-9999.0000,-9999.0000,-9999.0000,-9999.0000,-9999.0000,-9999.0000,-9999.0000,-9999.0000
2024-04-12,20,536.0000,700.9069,1098.9552,988.2121,1607.0000,2571.8074,2905.4261,3035.6417,3044.8040,2456.0000,1758.1485
2024-04-12,20,558.2374,749.3881,1115.3199,987.4509,1581.4951,2537.6574,2865.2954,3009.6802,3010.7844,2418.4899,1741.3370
2024-04-14,20,709.0000,763.1792,1227.0472,1099.1544,1774.9049,2960.8157,3282.5080,3441.6985,3475.5853,2723.0605,1875.9728
2024-04-14,20,684.5983,801.5876,1218.0110,1083.8054,1731.8352,2939.6933,3242.4649,3371.0038,3435.4229,2707.1441,1843.3659
2024-04-17,20,497.0000,585.2388,946.5978,835.3975,1436.7743,2500.3994,2827.5304,3014.8093,3010.8163,2042.8447,1298.7166
2024-04-17,20,401.0000,545.3909,915.7283,803.3756,1426.3520,2548.8078,2898.6846,3076.1803,3058.0265,2077.3614,1298.0187
2024-04-27,20,730.0000,650.3047,905.0000,698.0000,1326.0000,2976.0000,3590.0000,3540.0000,3767.1432,1531.0000,783.0000
2024-04-29,20,419.0000,525.0655,890.8909,731.0620,1442.4237,2652.5629,3138.7777,3318.0976,3274.7030,1972.9615,1133.4120
2024-04-29,20,419.0000,566.0585,906.7227,747.4428,1420.0508,2644.4857,3107.7137,3273.3660,3244.7593,1953.9633,1125.0000
2024-05-04,20,-9999.0000,-9999.0000,-9999.0000,-9999.0000,-9999.0000,-9999.0000,-9999.0000,-9999.0000,-9999.0000,-9999.0000,-9999.0000
2024-05-04,20,-9999.0000,-9999.0000,-9999.0000,-9999.0000,-9999.0000,-9999.0000,-9999.0000,-9999.0000,-9999.0000,-9999.0000,-9999.0000
2024-05-14,20,-9999.0000,-9999.0000,-9999.0000,-9999.0000,-9999.0000,-9999.0000,-9999.0000,-9999.0000,-9999.0000,-9999.0000,-9999.0000
2024-05-14,20,-9999.0000,-9999.0000,-9999.0000,-9999.0000,-9999.0000,-9999.0000,-9999.0000,-9999.0000,-9999.0000,-9999.0000,-9999.0000
2024-05-17,20,253.0000,229.3421,566.3542,396.6148,1097.8910,2482.5701,3048.1600,3143.0098,3236.3169,1381.7846,680.2546
2024-05-17,20,215.0000,293.0447,610.0000,420.8361,1075.0724,2486.1638,3034.4905,3141.7498,3220.1949,1370.1896,680.7960
2024-05-22,20,-9999.0000,-9999.0000,-9999.0000,-9999.0000,-9999.0000,-9999.0000,-9999.0000,-9999.0000,-9999.0000,-9999.0000,-9999.0000
2024-05-22,20,-9999.0000,-9999.0000,-9999.0000,-9999.0000,-9999.0000,-9999.0000,-9999.0000,-9999.0000,-9999.0000,-9999.0000,-9999.0000
2024-05-24,20,431.0000,376.9840,729.6161,547.1974,1259.2484,2666.7944,3106.7576,3237.8800,3364.8294,1931.6151,1067.0403
2024-05-24,20,295.0000,365.1776,713.7359,531.2438,1243.7592,2715.2774,3177.2282,3269.4175,3427.0302,1930.9992,1059.9139
2024-05-27,20,-9999.0000,-9999.0000,-9999.0000,-9999.0000,-9999.0000,-9999.0000,-9999.0000,-9999.0000,-9999.0000,-9999.0000,-9999.0000
2024-06-01,20,230.0000,305.2547,629.7278,506.4299,1179.9027,2394.3634,2859.1711,2998.5493,3160.5675,1716.0000,942.0098
2024-06-01,20,315.0000,425.9077,704.8731,554.4631,1194.7666,2369.7725,2841.6043,2952.1181,3095.8007,1693.2836,946.5140
2024-06-03,20,763.0000,661.2122,1059.4221,867.3263,1747.4079,3428.8285,3884.5142,3980.0824,4314.7406,2503.0532,1425.7935
2024-06-06,20,576.3470,690.0000,1000.8771,897.7313,1540.2296,2515.3143,2883.0723,2950.5929,3179.6218,2148.4395,1379.2303
2024-06-06,20,682.0000,765.4086,1049.3494,925.2867,1569.0000,2549.9935,2920.6605,2999.7815,3210.2374,2149.0323,1363.9725
2024-06-16,20,437.0000,413.3021,717.3742,754.7256,1323.6239,2195.5397,2518.7211,2633.5408,2839.7974,2163.3562,1300.0962
2024-06-16,20,366.0000,445.1960,729.4123,746.5221,1307.1059,2221.0811,2532.6912,2645.9818,2870.7356,2145.1614,1306.9320
2024-06-18,20,776.0000,913.2635,1161.2502,1163.3729,1724.7907,2620.2030,2995.3172,3093.9119,3251.3788,2562.8549,1754.9238
2024-06-18,20,799.0000,932.5512,1180.2304,1171.0849,1748.2387,2625.4025,3019.3574,3108.7966,3259.6779,2563.4359,1755.0212
2024-06-26,20,644.6195,824.3881,1113.1938,1128.5426,1712.0000,2701.0000,3102.9971,3145.2014,3388.4912,2498.8220,1548.0291
2024-06-26,20,565.0000,780.6066,1116.5164,1150.0000,1826.0000,3026.9733,3511.3306,3531.8966,3858.0000,2581.0000,1616.0000
2024-06-28,20,570.9567,609.4353,890.9492,986.9127,1532.9168,2449.0000,2901.9672,2983.2519,3190.4141,2790.5834,1848.4733
2024-06-28,20,565.3672,713.3129,949.5074,995.7968,1499.4044,2420.4492,2855.3988,2905.6724,3142.0814,2727.2055,1831.6755
2024-07-06,20,706.4979,765.1954,1092.8330,1098.9661,1739.9505,2740.6156,3132.3575,3224.9789,3510.5609,2984.0489,1860.0725
2024-07-06,20,645.3304,761.4965,1084.9154,1091.2776,1746.4650,2774.4543,3192.8029,3270.1649,3542.5023,2999.3978,1862.6942
2024-07-08,20,762.8862,829.1038,1146.5152,1163.3117,1819.9286,2819.8813,3283.3148,3333.5640,3602.8145,3063.1038,1971.2291
2024-07-08,20,513.7602,741.5717,1083.6390,1123.1872,1819.7740,2891.8698,3381.5405,3443.5223,3699.2455,3080.4411,1976.5380
2024-07-11,20,541.8923,613.0299,931.2597,930.7501,1572.3443,2636.6948,3074.0793,3173.9722,3412.9356,2775.1324,1756.3928
2024-07-11,20,433.9682,621.3717,922.8303,916.4414,1546.6322,2644.7890,3108.3797,3173.3751,3410.1124,2761.0432,1763.6054
2024-07-13,20,739.0713,721.0577,1069.0476,1035.0107,1730.7447,3020.3699,3412.1522,3415.1375,3795.6806,3016.5394,1834.2674
2024-07-13,20,604.7404,713.1387,1058.9044,1018.9450,1708.4287,3029.3032,3410.2749,3433.2394,3796.5674,3011.7230,1826.6898
2024-07-16,20,477.4975,497.3825,827.4106,803.4424,1467.6080,2691.1544,3108.0425,3207.5550,3458.2258,2631.1752,1570.6637
2024-07-16,20,461.1442,553.2010,857.3309,810.6904,1445.3537,2651.3374,3076.1210,3174.4194,3412.4169,2598.7869,1547.3252
2024-07-18,20,597.6199,661.3399,957.2327,907.0607,1578.3991,2907.4789,3403.4149,3521.6224,3724.2665,2887.4286,1783.4668
2024-07-18,20,558.1543,701.0411,973.5013,916.6208,1564.8403,2869.3615,3379.5077,3498.2670,3690.0532,2857.0580,1766.5984
2024-07-21,20,462.4971,501.6266,810.8417,731.4977,1402.7478,2766.0000,3252.7680,3350.6957,3570.9424,2489.9606,1505.6680
2024-07-21,20,362.1185,513.0895,813.4986,722.7433,1402.7399,2769.5198,3260.5792,3368.3599,3580.4887,2483.0163,1506.9190
2024-07-23,20,572.8301,641.5329,952.6966,763.1338,1475.2073,2987.0000,3399.0000,3412.7500,3658.1001,2216.2752,1170.0759
2024-07-23,20,586.0000,649.4319,954.1583,756.3010,1440.0000,2928.4531,3317.2271,3349.4259,3589.9089,2183.5455,1125.3968
2024-07-26,20,402.2443,397.1119,721.1174,610.9852,1322.9936,2796.7971,3254.0000,3335.0789,3570.9049,2308.8873,1299.6122
2024-07-26,20,477.2910,533.3933,801.2987,666.8986,1323.0918,2722.6188,3173.8001,3222.6753,3475.0082,2266.5386,1291.1408
2024-07-28,20,547.4294,516.8302,852.0207,715.1711,1483.5894,3049.8937,3604.0017,3685.3602,3939.0873,2587.1922,1494.4551
2024-07-28,20,545.8005,657.2904,929.4722,771.2220,1475.1436,2961.3433,3526.5497,3544.9420,3826.0926,2537.4991,1496.7456
2024-07-31,20,454.0000,509.4730,813.2994,691.6341,1355.7919,2754.0751,3266.3217,3355.4532,3564.9565,2225.9679,1315.4488
2024-07-31,20,477.2008,604.0881,865.2373,729.3780,1356.1028,2711.0000,3208.8406,3288.9834,3507.1237,2204.3492,1314.9591
2024-08-05,20,-9999.0000,-9999.0000,-9999.0000,-9999.0000,-9999.0000,-9999.0000,-9999.0000,-9999.0000,-9999.0000,-9999.0000,-9999.0000
2024-08-05,20,-9999.0000,-9999.0000,-9999.0000,-9999.0000,-9999.0000,-9999.0000,-9999.0000,-9999.0000,-9999.0000,-9999.0000,-9999.0000
2024-08-07,20,412.7825,457.2405,765.3723,675.4954,1426.9722,2957.4483,3506.9258,3590.9991,3835.9342,2456.3778,1415.4281
2024-08-07,20,457.2064,577.3420,837.3440,715.8037,1412.1477,2878.1262,3418.9965,3482.2765,3724.7948,2411.6106,1415.3840
2024-08-10,20,389.1084,465.4261,712.9027,617.3462,1245.1814,2588.3010,3090.5676,3188.5907,3388.8222,2153.8403,1258.5997
2024-08-10,20,386.1490,493.5541,729.2817,629.0990,1243.2174,2595.0763,3089.1202,3172.8238,3378.4119,2145.3205,1260.8882
2024-08-12,20,525.9558,561.4031,853.0160,753.1704,1388.2051,2789.5674,3186.9058,3298.5723,3545.9619,2324.1742,1347.5425
2024-08-12,20,581.0715,605.1975,885.0187,773.8030,1402.2336,2803.9204,3220.6579,3320.4816,3555.1034,2307.4661,1347.2190
2024-08-12,20,545.5838,585.1132,892.9413,781.9992,1441.8155,2925.9530,3347.7969,3426.3998,3666.1081,2365.6817,1362.2669
2024-08-12,20,597.6428,629.2479,925.1179,797.2936,1442.7254,2891.1113,3314.4200,3410.0053,3643.2520,2332.1473,1349.9815
2024-08-15,20,389.8405,417.5452,697.0187,649.2164,1291.0329,2603.7542,3019.1590,3144.2812,3372.1131,2194.4664,1236.1667
2024-08-15,20,409.5797,481.7266,733.2012,673.0984,1283.6451,2572.5448,2986.0366,3110.1550,3347.4051,2163.2349,1226.3990
2024-08-17,20,-9999.0000,-9999.0000,-9999.0000,-9999.0000,-9999.0000,-9999.0000,-9999.0000,-9999.0000,-9999.0000,-9999.0000,-9999.0000
2024-08-17,20,-9999.0000,-9999.0000,-9999.0000,-9999.0000,-9999.0000,-9999.0000,-9999.0000,-9999.0000,-9999.0000,-9999.0000,-9999.0000
2024-08-20,20,-9999.0000,-9999.0000,-9999.0000,-9999.0000,-9999.0000,-9999.0000,-9999.0000,-9999.0000,-9999.0000,-9999.0000,-9999.0000
2024-08-20,20,-9999.0000,-9999.0000,-9999.0000,-9999.0000,-9999.0000,-9999.0000,-9999.0000,-9999.0000,-9999.0000,-9999.0000,-9999.0000
2024-08-22,20,489.2953,345.4306,700.8470,617.3347,1354.7661,2890.6898,3298.9338,3413.9065,3674.0315,2180.3081,1195.2032
2024-08-22,20,500.3901,524.3483,805.7685,681.7467,1349.2066,2804.9415,3212.5081,3306.3626,3538.2890,2139.4646,1170.8580
2024-08-25,20,425.4676,429.4133,672.9883,581.3548,1194.4243,2516.8972,2938.3473,3063.8176,3275.1132,1985.6438,1074.8532
2024-08-25,20,419.0000,468.4583,697.0433,589.1369,1195.9267,2522.3505,2932.3433,3047.9042,3259.9156,1970.8703,1066.5652
2024-08-27,20,747.0000,870.0507,1137.2482,941.2297,1673.6863,3172.7295,3771.3401,3836.0000,4084.9591,2378.8376,1370.5955
2024-08-27,20,801.0000,880.2878,1068.8043,901.3934,1514.1068,2810.3031,3362.6039,3434.2958,3661.3996,2281.8306,1331.8480
2024-08-30,20,486.3590,534.2665,733.4095,636.9860,1193.6888,2411.3196,2883.3285,2977.6595,3221.1628,2011.2575,1163.0133
2024-08-30,20,424.2646,534.3491,729.3258,629.5050,1189.1424,2427.8261,2897.8417,2995.5101,3251.1364,2011.2964,1154.8133
2024-09-04,20,398.4903,408.2491,653.0383,621.9048,1201.2882,2339.1266,2747.3737,2866.7384,3140.2980,2060.3214,1131.9098
2024-09-04,20,407.0000,472.3272,689.4124,641.2224,1205.8928,2341.1440,2748.0285,2841.8561,3106.5976,2042.4811,1133.3659
2024-09-09,20,-9999.0000,-9999.0000,-9999.0000,-9999.0000,-9999.0000,-9999.0000,-9999.0000,-9999.0000,-9999.0000,-9999.0000,-9999.0000
2024-09-09,20,-9999.0000,-9999.0000,-9999.0000,-9999.0000,-9999.0000,-9999.0000,-9999.0000,-9999.0000,-9999.0000,-9999.0000,-9999.0000
2024-09-11,20,468.0000,412.3466,664.6669,548.9695,1232.4930,2587.1794,2916.3297,3061.7833,3286.4270,1961.9076,1046.0411
2024-09-11,20,438.0000,462.1496,692.0000,569.2262,1233.8985,2586.1262,2940.8559,3047.5640,3274.4144,1961.6339,1041.8192
2024-09-16,20,1429.0000,1228.9026,1404.4357,1217.1102,1948.0020,3403.8713,3914.3609,4124.0000,4214.0000,2388.8426,1499.5217
2024-09-16,20,1419.0000,1224.9157,1397.0504,1188.3062,1904.8669,3341.1409,3849.1346,4074.7215,4146.0000,2370.5854,1466.0000
2024-09-21,20,438.1475,408.2607,650.2338,557.2495,1201.7760,2532.0810,2907.2430,3093.4439,3259.1304,1924.6215,1032.7818
2024-09-21,20,437.0000,466.1242,686.3658,581.1283,1212.9151,2520.6071,2883.0485,3094.6058,3236.7177,1910.5689,1025.4529
2024-09-24,20,423.0000,396.1520,636.6496,520.8911,1243.6488,2601.5080,3038.0000,3190.2269,3404.2173,1798.4705,914.4773
2024-09-24,20,404.0000,432.3701,657.1306,533.2610,1242.7697,2620.4553,3041.8733,3222.2443,3386.2623,1789.4768,912.8746
2024-09-29,20,217.0000,324.3409,533.5836,449.9122,1040.5362,2234.0308,2626.9905,2934.9806,2962.3998,1644.9762,908.5347
2024-09-29,20,184.0000,326.5113,529.4010,441.5135,1026.8666,2252.4208,2651.9941,2951.5035,2994.6218,1637.3084,906.1652
2024-10-11,20,344.2605,352.2949,605.1254,512.9797,1145.7764,2250.8175,2558.0000,2791.6498,2891.4785,1817.8288,965.5962
2024-10-11,20,269.0000,344.4380,597.2888,501.2916,1155.3655,2275.8095,2587.4165,2807.8366,2906.7986,1809.4535,961.7054
2024-10-21,20,478.0000,446.5764,666.1923,637.0842,1186.8124,2052.8209,2323.9514,2470.0984,2627.6972,1933.9239,1105.6673
2024-10-21,20,464.0000,510.4306,722.2435,669.4269,1204.8380,2058.5637,2307.5271,2471.9018,2619.7284,1913.3445,1098.2681
2024-10-26,20,-9999.0000,-9999.0000,-9999.0000,-9999.0000,-9999.0000,-9999.0000,-9999.0000,-9999.0000,-9999.0000,-9999.0000,-9999.0000
2024-10-29,20,286.6912,384.2229,548.9010,549.0280,986.0761,1611.7851,1850.4604,2024.3042,2130.4880,1756.3433,1097.1810
2024-10-29,20,241.0000,396.3038,553.2374,541.4048,981.6540,1619.1562,1867.1443,2040.4238,2123.2702,1756.7086,1093.5267
2024-10-31,20,328.5173,338.4621,541.9854,553.1052,1001.4668,1682.2434,1915.0733,2104.7559,2211.2810,2034.4604,1213.6372
2024-10-31,20,250.0000,324.1586,529.3775,541.2403,997.2869,1699.0194,1931.3519,2118.6107,2229.0454,2044.3090,1211.0000
2024-11-03,20,619.0000,653.0000,796.0000,780.4872,1213.6502,1771.8514,1987.9674,2151.6389,2244.3784,2053.3709,1301.2218
2024-11-03,20,631.0000,666.0000,812.9244,793.4611,1221.8496,1812.4629,2027.8746,2184.6683,2268.4841,2068.1234,1293.4705
2024-11-05,20,330.0000,432.4652,572.8393,600.9219,1013.5143,1651.5817,1901.7692,2182.7083,2217.8815,2113.7952,1301.9892
2024-11-05,20,225.0000,388.4586,536.8500,577.4893,1008.6443,1659.3758,1923.1020,2199.3131,2247.8445,2124.4627,1310.0000
2024-11-08,20,488.0000,558.1767,670.0000,685.3720,1061.0544,1604.5745,1829.1776,2024.3512,2091.2188,1777.8321,1132.7846
2024-11-08,20,470.0000,606.4822,702.3674,701.3707,1069.6249,1612.2512,1835.6256,2022.5520,2089.9913,1763.7176,1132.4822
2024-11-10,20,344.6564,350.3387,548.9177,593.2977,1013.7042,1652.9621,1875.6250,2167.5262,2202.3772,2099.9663,1259.4700
2024-11-10,20,286.0000,354.1942,544.9302,584.9146,1009.3282,1642.7108,1875.6562,2166.5574,2210.5341,2089.8885,1258.2415
2024-11-13,20,320.5715,360.3029,533.0061,589.5129,992.0223,1563.7362,1811.4551,2070.7904,2086.6390,2019.4506,1205.3070
2024-11-13,20,285.0000,380.4146,553.2493,593.0573,989.7507,1563.4661,1796.1069,2072.3375,2083.7511,2012.1746,1197.0090
2024-11-15,20,316.2978,424.4705,565.2796,616.8192,1029.8005,1620.1753,1859.5412,2134.2563,2181.9882,2057.8613,1260.9984
2024-11-15,20,275.0000,442.3165,572.7922,621.0033,1032.6438,1628.3137,1859.5030,2150.8694,2183.4579,2067.7676,1269.5716
2024-11-18,20,638.7306,710.3462,822.0000,841.3345,1209.4202,1700.2919,1924.6999,2123.6314,2204.1537,1939.9861,1250.0552
2024-11-18,20,254.0000,534.2931,677.5477,736.9091,1114.4141,1675.0798,1931.0995,2135.0169,2234.8374,1964.3596,1254.4498
2024-11-23,20,265.0000,325.6158,525.2720,625.4789,1009.2033,1524.7683,1740.3211,2087.5801,2090.7159,1843.9796,1070.0614
2024-11-23,20,226.0000,345.5280,529.6176,620.9899,1000.3222,1512.5835,1740.3191,2087.5431,2084.1565,1834.8069,1065.5292
2024-11-25,20,-9999.0000,-9999.0000,-9999.0000,-9999.0000,-9999.0000,-9999.0000,-9999.0000,-9999.0000,-9999.0000,-9999.0000,-9999.0000
2024-11-25,20,-9999.0000,-9999.0000,-9999.0000,-9999.0000,-9999.0000,-9999.0000,-9999.0000,-9999.0000,-9999.0000,-9999.0000,-9999.0000
2024-11-30,20,433.0000,465.3254,717.5066,874.4191,1300.6840,1779.8618,1974.0000,2359.4597,2357.7693,2259.8002,1424.0000
2024-11-30,20,358.0000,481.4547,722.4718,883.2141,1300.9864,1780.4545,1973.0326,2377.6537,2361.4497,2251.5761,1410.4385
2024-12-05,20,522.0000,733.2660,909.0673,1138.7534,1546.4000,1971.2271,2210.4684,2598.1831,2565.0122,2964.0938,2038.0029
2024-12-05,20,429.0000,724.9231,921.1514,1145.1378,1579.7669,2005.0082,2226.8896,2615.1137,2594.4369,2980.8232,2033.2743
2024-12-13,20,420.0000,573.3786,865.2871,1156.6451,1628.0000,2020.0764,2275.2001,2598.9478,2666.1939,2698.4047,1723.3335
2024-12-13,20,495.0000,681.7231,924.9076,1179.4742,1635.2734,2011.4926,2251.7007,2566.2435,2615.8529,2659.2955,1715.2442
2024-12-13,20,502.6015,597.1209,908.6393,1194.4750,1674.1199,2099.0355,2311.1853,2712.2887,2694.8211,2811.3878,1779.8088
2024-12-13,20,543.0000,696.8198,960.5341,1209.8560,1682.7561,2109.5063,2281.3703,2695.3318,2693.9371,2779.5440,1774.0000
2024-12-15,20,416.7068,744.8797,965.3431,1250.1225,1701.3331,2099.6000,2364.5262,2696.4207,2758.6437,2856.4801,1882.8294
2024-12-15,20,553.0000,845.4466,1024.9104,1282.5527,1719.0000,2075.1429,2298.7454,2661.7883,2675.5129,2795.7381,1874.5315
2024-12-18,20,-9999.0000,-9999.0000,-9999.0000,-9999.0000,-9999.0000,-9999.0000,-9999.0000,-9999.0000,-9999.0000,-9999.0000,-9999.0000
2024-12-23,20,-9999.0000,-9999.0000,-9999.0000,-9999.0000,-9999.0000,-9999.0000,-9999.0000,-9999.0000,-9999.0000,-9999.0000,-9999.0000
2024-12-25,20,391.0000,608.8944,801.6518,1042.7335,1434.8921,1812.4466,2018.5060,2392.2057,2361.6533,2121.4005,1363.0119
2024-12-25,20,351.0000,637.5939,817.0933,1050.9374,1435.3736,1812.0699,2028.2543,2407.5884,2347.5017,2132.0000,1363.0794
2024-12-28,20,679.0000,833.6062,1044.6328,1259.8378,1683.0258,2034.5879,2252.1597,2488.4276,2546.7512,2482.0059,1819.9019
2024-12-28,20,702.0000,825.1538,1037.0160,1266.4054,1675.0163,2049.9101,2267.3927,2500.7662,2556.2840,2484.0119,1810.1448
2024-12-30,20,498.2252,609.2019,865.6847,1146.0963,1570.7290,1947.6190,2154.5097,2470.6857,2492.1414,2480.8957,1641.1100
2024-12-30,20,477.0000,649.4268,889.0027,1163.9190,1586.7209,1956.6237,2162.1617,2486.1977,2489.7496,2491.7257,1641.4106
2025-01-04,20,576.0000,677.0000,794.0000,990.0000,1154.0000,1264.0000,1410.0000,1526.0000,1574.0000,1247.0000,1013.0000
2025-01-12,20,416.2873,533.2903,765.4597,962.3165,1349.0637,1714.5111,1874.6231,2198.9057,2187.9628,2155.1590,1401.4039
2025-01-12,20,396.0000,561.1328,777.3084,970.8061,1347.1354,1706.1053,1876.4650,2198.1404,2163.4509,2138.8718,1395.2019
2025-01-14,20,588.3016,780.9450,969.5285,1164.0357,1538.3127,1908.0226,2105.7411,2486.4034,2380.8961,2730.3330,1939.7061
2025-01-14,20,522.5008,785.1714,961.1065,1162.3058,1530.5351,1907.5426,2098.4801,2486.3355,2380.2261,2746.3949,1939.4920
2025-01-17,20,489.0000,701.2172,897.3579,1107.3984,1476.4221,1835.7779,2036.6060,2377.2658,2315.2219,2539.8720,1854.0000
2025-01-17,20,460.7457,725.0474,901.2590,1107.9068,1459.1192,1820.1065,2003.2559,2375.6717,2298.1019,2523.6748,1838.0569
2025-02-03,20,554.6779,713.2981,897.0340,1019.4806,1429.2621,1893.6179,2107.0724,2377.5173,2348.8441,2468.4970,1762.9867
2025-02-03,20,463.0000,685.8019,873.7377,995.5809,1425.7179,1875.3317,2103.0000,2392.2706,2346.8013,2490.0000,1761.8895
2025-02-06,20,522.0000,677.1735,873.3044,1003.0662,1337.4697,1722.5563,1900.4340,2155.9621,2115.4877,2315.0208,1755.4418
2025-02-06,20,504.8662,713.8006,885.1104,995.5925,1324.0000,1708.3974,1890.2731,2139.7085,2108.1184,2308.3841,1747.3133
2025-02-08,20,718.5470,764.9203,1020.9310,1162.5112,1609.0007,2028.6573,2171.3123,2391.4983,2427.4545,2748.8187,1922.1175
2025-02-08,20,615.0000,765.7897,1005.4183,1138.1661,1573.2228,1979.7249,2131.9678,2360.1331,2404.1301,2723.2426,1907.8388
2025-02-16,20,1276.0000,1077.6212,1404.0000,1490.0000,1941.0318,2536.5089,2757.0000,3096.0000,2990.0000,2817.0000,2173.0854
2025-02-16,20,1267.0000,1121.4481,1445.3272,1549.0010,2000.8345,2608.9348,2846.0565,3131.2230,3067.0000,2822.3683,2185.3694
2025-02-18,20,643.0000,629.2019,901.3811,1051.4717,1550.5029,2035.0717,2204.7267,2551.6668,2483.4501,2609.1886,1793.4387
2025-02-18,20,624.5006,728.8712,969.4215,1075.4710,1545.3254,2004.2020,2156.8225,2490.4050,2445.9328,2588.2397,1761.3647
2025-02-21,20,522.3380,573.8186,860.9420,1027.2103,1490.1464,1954.4394,2115.6336,2424.8294,2402.6529,2635.1068,1777.9573
2025-02-21,20,700.7854,777.0943,984.9683,1089.3758,1524.9254,1954.6667,2100.3970,2379.8085,2356.2611,2586.8604,1772.5437
2025-02-28,20,-9999.0000,-9999.0000,-9999.0000,-9999.0000,-9999.0000,-9999.0000,-9999.0000,-9999.0000,-9999.0000,-9999.0000,-9999.0000
2025-02-28,20,-9999.0000,-9999.0000,-9999.0000,-9999.0000,-9999.0000,-9999.0000,-9999.0000,-9999.0000,-9999.0000,-9999.0000,-9999.0000
2025-03-03,20,534.1055,617.0657,909.4079,1057.2451,1529.9154,2021.1512,2162.6900,2456.1887,2420.6149,2612.0470,1768.7955
2025-03-03,20,536.2312,673.4399,932.6666,1061.4699,1525.4619,2010.9559,2163.1527,2459.3466,2420.2468,2612.4881,1773.0000
2025-03-05,20,612.7518,781.3706,1017.9121,1154.9356,1607.0000,2122.0268,2356.1197,2599.0602,2601.9523,2796.2266,2026.0160
2025-03-05,20,581.0000,785.7739,1021.5807,1146.5101,1589.6643,2107.6886,2331.1637,2598.4271,2580.2884,2778.4724,2020.5561
2025-03-08,20,712.9713,853.3848,1117.0326,1243.5437,1721.5561,2308.7290,2539.4127,2764.0077,2771.4896,2780.5310,2036.8990
2025-03-08,20,429.8012,732.8181,1042.9255,1194.8172,1700.6985,2308.4815,2555.5650,2791.7186,2794.3110,2828.1381,2049.1667
2025-03-10,20,-9999.0000,-9999.0000,-9999.0000,-9999.0000,-9999.0000,-9999.0000,-9999.0000,-9999.0000,-9999.0000,-9999.0000,-9999.0000
2025-03-10,20,-9999.0000,-9999.0000,-9999.0000,-9999.0000,-9999.0000,-9999.0000,-9999.0000,-9999.0000,-9999.0000,-9999.0000,-9999.0000
2025-03-18,20,428.4525,561.4114,841.4134,865.2415,1397.7735,2132.4766,2379.6662,2695.8573,2601.4238,2230.2649,1532.3975
2025-03-18,20,421.0000,601.6579,860.8005,869.3289,1398.2474,2130.8404,2356.4581,2678.6284,2589.5798,2222.2350,1521.1524
2025-03-20,20,621.0000,637.3869,962.4365,1011.2269,1722.3669,2497.8712,2684.7439,3031.0156,2969.2074,2658.4612,1717.4788
2025-03-20,20,586.0000,685.6431,980.8541,1003.2373,1685.6716,2435.3113,2642.8620,2982.5220,2871.8126,2619.8493,1697.9377
2025-03-23,20,-9999.0000,-9999.0000,-9999.0000,-9999.0000,-9999.0000,-9999.0000,-9999.0000,-9999.0000,-9999.0000,-9999.0000,-9999.0000
2025-03-23,20,-9999.0000,-9999.0000,-9999.0000,-9999.0000,-9999.0000,-9999.0000,-9999.0000,-9999.0000,-9999.0000,-9999.0000,-9999.0000
2025-03-25,20,-9999.0000,-9999.0000,-9999.0000,-9999.0000,-9999.0000,-9999.0000,-9999.0000,-9999.0000,-9999.0000,-9999.0000,-9999.0000
2025-03-30,20,-9999.0000,-9999.0000,-9999.0000,-9999.0000,-9999.0000,-9999.0000,-9999.0000,-9999.0000,-9999.0000,-9999.0000,-9999.0000
2025-03-30,20,-9999.0000,-9999.0000,-9999.0000,-9999.0000,-9999.0000,-9999.0000,-9999.0000,-9999.0000,-9999.0000,-9999.0000,-9999.0000
2025-04-01,20,1159.0000,1108.8626,1372.0000,1268.9473,1866.3580,2875.0428,3130.3339,3257.4300,3356.0000,2256.0000,1501.8971
2025-04-02,20,478.2434,509.2071,856.6338,794.8529,1540.3526,2412.3252,2651.9255,2889.6764,2881.3571,2284.7014,1397.0217
2025-04-02,20,452.8301,541.4791,873.0664,793.9927,1545.4120,2418.9691,2645.8668,2902.8999,2883.4331,2284.9155,1394.1064
2025-04-04,20,584.4404,652.8360,970.8138,891.0656,1618.4115,2643.4179,2948.3882,3238.7841,3201.2050,2476.4042,1585.0000
2025-04-04,20,524.0000,677.5406,973.6669,875.0736,1602.6332,2619.7714,2945.2290,3206.0035,3164.4718,2449.3903,1580.7296
2025-04-04,20,489.6334,521.2792,860.8776,804.0114,1497.7587,2453.0009,2747.1039,3016.0090,3003.4239,2274.9641,1419.8601
2025-04-04,20,478.0000,569.2545,877.6387,809.7731,1480.9279,2420.8280,2713.0000,2967.0912,2955.5213,2250.7721,1409.1714
2025-04-07,20,657.0000,781.9369,1036.6236,995.5487,1594.7209,2483.0285,2776.1337,3030.1357,3014.6710,2349.2914,1637.0718
2025-04-11,20,1181.0000,1259.2670,1611.6082,1939.3345,2108.1556,2276.8018,2372.4321,2491.4215,2499.6957,3012.3387,2684.5551
2025-04-11,20,1034.4989,1250.8940,1579.2675,1858.8807,2043.5670,2285.3838,2363.4192,2498.6694,2506.3728,2964.3807,2644.9556
2025-04-12,20,985.9961,1194.3719,1561.8854,1923.1864,2010.9207,2114.2273,2162.7029,2316.2258,2316.9629,2882.3177,2523.6895
2025-04-12,20,965.0000,1194.6809,1506.3253,1747.4246,1923.8894,2117.1838,2178.8749,2322.4804,2307.1518,2787.6808,2476.2424
2025-04-19,20,992.0000,1147.0311,1459.5184,1731.4377,1931.6089,2180.1870,2259.2487,2355.2410,2411.9868,2731.7238,2210.3512
2025-04-19,20,918.0000,1138.1539,1450.8132,1722.6875,1923.8200,2194.8845,2275.2345,2371.6452,2425.5938,2731.5263,2210.7029
2025-04-22,20,1037.0000,1250.5328,1627.4415,1892.2858,2107.9215,2332.2755,2427.6908,2492.4486,2571.5941,2914.7431,2401.7529
2025-04-22,20,944.5996,1234.6085,1601.9954,1842.7173,2084.7870,2371.4083,2469.1973,2522.0259,2596.4099,2893.0000,2394.6139
2025-04-24,20,-9999.0000,-9999.0000,-9999.0000,-9999.0000,-9999.0000,-9999.0000,-9999.0000,-9999.0000,-9999.0000,-9999.0000,-9999.0000
2025-04-24,20,-9999.0000,-9999.0000,-9999.0000,-9999.0000,-9999.0000,-9999.0000,-9999.0000,-9999.0000,-9999.0000,-9999.0000,-9999.0000
2025-04-24,20,1355.0000,1505.2142,1896.7962,2150.7623,2356.8018,2825.2463,2999.6979,3017.3370,3145.1197,3115.1261,2501.8035
2025-04-24,20,1243.3974,1474.7982,1836.2877,2049.5507,2325.3094,2807.0943,2982.8873,2997.4171,3127.0756,3059.4113,2505.7513
2025-04-27,20,676.0000,914.1127,1203.2135,1451.3977,1636.0708,1867.4677,2003.5228,2028.0016,2108.0913,2300.7766,1874.9241
2025-04-27,20,690.4865,941.4087,1195.1261,1395.6680,1603.5153,1882.4194,2039.7703,2067.6925,2140.5230,2253.3231,1858.1885
2025-04-29,20,1507.0000,1781.9472,2281.3919,2583.4413,2955.8942,3179.9326,3300.0336,3474.7991,3444.1157,3863.2474,3331.4392
2025-04-29,20,1331.0000,1658.0987,2117.5461,2407.4714,2763.1591,3100.1508,3236.7699,3410.4025,3388.4160,3752.9677,3274.2008
2025-05-01,20,1646.0000,1927.6006,2424.3647,2756.6074,3110.0375,3374.5878,3491.9538,3617.9770,3643.8765,4119.9825,3668.7011
2025-05-01,20,1470.0000,1835.0937,2310.4510,2614.6624,2983.9438,3325.5673,3466.1522,3578.2878,3612.7279,4056.3513,3638.5138
2025-05-02,20,1500.1279,1747.2869,2230.6400,2502.9789,2872.6036,3146.7269,3243.5249,3355.1261,3403.2442,3834.1234,3410.9778
2025-05-02,20,1379.0000,1730.8247,2213.2558,2453.6741,2824.6338,3173.3463,3275.0491,3386.1945,3428.6819,3847.7441,3428.0210
2025-05-04,20,1952.0000,2395.9988,2740.2282,2792.2840,3204.4824,3533.0955,3750.0000,3740.0000,3745.1776,3354.2547,2986.0673
2025-05-04,20,1979.0000,2397.1483,2712.5383,2760.0484,3138.1399,3357.5381,3556.4824,3546.5496,3577.6100,3330.0000,2962.3995
2025-05-04,20,2034.3939,2331.2081,2758.2524,2872.2352,3268.4161,3601.7616,3758.1697,3763.0185,3841.4143,3523.3714,3021.1373
2025-05-04,20,1889.0000,2107.5946,2490.4806,2602.3151,2995.5000,3329.3602,3497.9429,3520.0000,3601.6523,3396.3058,2968.8077
2025-05-09,20,1268.0000,1459.0146,1925.9104,2183.2579,2580.7609,2930.8967,3067.2403,3206.6056,3238.9281,3588.2340,2998.9115
2025-05-09,20,1153.9056,1457.7781,1926.9179,2152.5623,2550.7172,2981.6572,3108.1079,3254.6442,3304.7969,3563.9297,2989.6663
2025-05-11,20,1666.9435,1927.6572,2502.3125,2790.7886,3196.7474,3517.9124,3651.8605,3777.7730,3810.8703,4229.0882,3746.0000
2025-05-11,20,1515.1823,1875.6042,2407.0671,2709.4979,3093.7064,3493.7423,3659.5845,3770.9015,3811.2970,4186.3602,3750.3846
2025-05-12,20,1705.5387,2039.4267,2630.7505,2918.0907,3268.9307,3492.9393,3579.9034,3730.0077,3722.9081,4118.5057,3526.9429
2025-05-12,20,1479.0000,1927.0166,2501.3451,2758.8777,3113.2806,3460.4470,3579.8591,3761.8214,3722.2913,4058.5809,3529.6789
