2017-01-24,39,509.0000,645.2129,776.8836,1028.7810,1224.6611,1348.1452,1466.2516,1651.0396,1691.2467,2764.0986,2043.4367
2017-04-11,39,1167.0000,1005.9778,1161.0508,1074.1741,1632.8641,2764.0140,2985.7491,3065.1335,3208.7337,2835.7115,1891.6578
2017-04-21,39,123.0000,361.6465,762.6060,836.1048,1544.8589,2885.4971,3111.6307,3400.4089,3367.7167,2666.9143,1738.6412
2017-04-21,39,678.0000,685.6555,915.6341,867.5229,1547.4722,2909.1675,3155.9647,3433.9021,3383.7112,2667.6524,1701.0000
2017-04-24,39,-9999.0000,-9999.0000,-9999.0000,-9999.0000,-9999.0000,-9999.0000,-9999.0000,-9999.0000,-9999.0000,-9999.0000,-9999.0000
2017-05-01,39,1394.0000,1380.8293,1544.5814,1393.4854,1934.0111,3033.1210,3291.1898,3451.3012,3435.5790,2250.3055,1585.0000
2017-05-04,39,595.0000,518.0000,647.0000,562.0000,1162.0000,2157.0000,2556.0000,2251.0000,2686.0000,1398.0000,712.0000
2017-05-04,39,-9999.0000,-9999.0000,-9999.0000,-9999.0000,-9999.0000,-9999.0000,-9999.0000,-9999.0000,-9999.0000,-9999.0000,-9999.0000
2017-05-14,39,34.6463,273.7699,636.8129,611.4100,1352.6553,2620.7748,2922.2469,2978.9359,3157.8719,2155.6096,1316.1018
2017-05-14,39,249.0000,373.0779,659.6233,611.2823,1387.0389,2735.0000,3017.0259,3067.4069,3257.8142,2197.9814,1316.8895
2017-05-21,39,-9999.0000,-9999.0000,-9999.0000,-9999.0000,-9999.0000,-9999.0000,-9999.0000,-9999.0000,-9999.0000,-9999.0000,-9999.0000
2017-05-21,39,-9999.0000,-9999.0000,-9999.0000,-9999.0000,-9999.0000,-9999.0000,-9999.0000,-9999.0000,-9999.0000,-9999.0000,-9999.0000
2017-05-24,39,481.0350,489.6377,777.2142,699.4423,1451.0362,2644.5901,2914.6743,3010.1312,3193.3639,2277.1771,1388.3590
2017-05-24,39,528.0000,629.4089,860.5542,763.4046,1469.0000,2586.0699,2859.3785,2923.6591,3132.1539,2219.7218,1363.5748
2017-05-31,39,1387.0000,1310.0000,1498.4215,1369.4769,2005.9884,3028.4036,3300.0747,3380.6832,3634.5501,2890.5000,1893.0000
2017-06-03,39,482.0000,577.9609,861.8437,827.7360,1538.4694,2353.7468,2598.4177,2707.2710,2915.6873,2618.0699,1635.1206
2017-06-03,39,456.0000,497.4247,827.4641,826.8816,1579.3225,2412.8348,2659.9883,2740.0541,2987.8596,2633.1356,1634.2595
2017-06-10,39,986.0000,1165.2000,1297.4647,1571.4646,1924.6096,2251.0398,2443.2462,2651.0694,2834.8746,3432.4525,2445.0281
2017-06-13,39,640.0000,785.8343,973.5259,1332.0355,1668.7856,1818.7766,2045.7727,2210.8173,2426.9676,3699.1645,2592.0321
2017-06-13,39,692.0000,862.1230,1019.3378,1396.3225,1709.1037,1835.0000,2036.1858,2180.1537,2435.4629,3717.4772,2587.2535
2017-06-20,39,308.0796,597.6424,922.9170,1412.3545,1778.9881,1948.4226,2091.9351,2275.8787,2481.5791,4057.4875,3026.0000
2017-06-20,39,750.0000,877.4691,1043.1899,1460.4986,1749.6777,1932.6963,2093.2034,2274.7947,2499.5086,4043.6176,2999.0000
2017-06-23,39,1786.0000,1805.5933,1837.0000,1966.0000,2316.0000,2577.6360,2781.0000,2821.1687,3029.0000,3166.0000,2361.7607
2017-06-23,39,2199.0000,2187.7239,2163.4060,2228.8639,2515.9897,2790.0000,2955.0000,2971.8612,3188.1023,3211.0626,2356.0000
2017-07-03,39,658.1281,733.8181,957.1604,1219.4579,1603.4536,1977.1551,2165.0000,2275.0345,2468.9303,3637.9608,2709.6673
2017-07-03,39,642.5249,737.5029,980.3164,1260.6842,1643.0000,1978.2847,2155.9698,2252.5376,2459.2282,3653.2959,2704.5398
2017-07-08,39,620.0000,741.2365,953.7323,1050.2395,1453.6183,2097.0000,2369.0000,2402.3955,2595.0000,3306.4937,2513.0000
2017-07-10,39,233.0000,417.5191,850.5000,955.5633,1553.0003,2545.8836,2738.7323,2834.5339,3043.7602,3492.0736,2360.0000
2017-07-10,39,521.0000,597.0775,925.0000,972.4305,1555.1357,2538.9414,2754.0000,2840.0943,3029.1899,3481.1566,2324.0000
2017-07-13,39,140.7301,313.1414,724.5620,641.8991,1284.3627,2537.0021,2851.3326,2871.9331,3093.0000,2931.0000,1861.0000
2017-07-13,39,293.0000,402.0549,764.3719,650.7787,1293.1638,2560.0000,2871.0000,2888.2117,3083.5297,2924.3649,1848.9249
2017-07-20,39,814.0000,925.6208,1153.9808,962.7892,1529.0000,2853.7417,3142.0110,3174.9810,3450.7554,2616.0000,1596.6542
2017-07-20,39,772.0000,908.7084,1148.5895,874.8434,1575.0000,3099.9032,3442.4839,3340.6090,3690.3865,2726.0456,1557.3669
2017-07-23,39,258.9992,581.0728,909.5799,700.1259,1308.4866,2773.0823,3238.7531,3234.5701,3470.7920,2571.3710,1515.0909
2017-07-23,39,513.5068,685.2524,957.2897,659.3939,1307.7778,2962.0000,3429.6539,3458.7545,3675.0000,2603.1071,1506.9358
2017-07-30,39,-9999.0000,-9999.0000,-9999.0000,-9999.0000,-9999.0000,-9999.0000,-9999.0000,-9999.0000,-9999.0000,-9999.0000,-9999.0000
2017-08-02,39,417.0000,428.0270,780.0125,523.3940,1153.6509,2907.0000,3502.0000,3513.4066,3737.0000,2345.7196,1385.0000
2017-08-02,39,282.0368,347.4339,731.0409,435.0413,1132.4509,3054.0000,3686.1872,3656.5090,3890.0000,2355.4959,1353.0000
2017-08-09,39,299.0000,357.1870,843.8262,629.4719,1323.7312,3240.0000,3797.0000,3717.4176,4073.7612,2556.5429,1527.9206
2017-08-09,39,400.0000,411.8932,858.9700,647.7965,1326.0000,3189.1857,3706.0816,3637.8122,3929.5233,2506.2956,1477.6748
2017-08-12,39,54.0000,84.4685,208.4172,97.4437,314.2644,1009.2048,1221.0000,1186.1267,1265.5586,530.2836,270.7710
2017-08-12,39,-9999.0000,-9999.0000,-9999.0000,-9999.0000,-9999.0000,-9999.0000,-9999.0000,-9999.0000,-9999.0000,-9999.0000,-9999.0000
2017-08-19,39,-9999.0000,-9999.0000,-9999.0000,-9999.0000,-9999.0000,-9999.0000,-9999.0000,-9999.0000,-9999.0000,-9999.0000,-9999.0000
2017-08-22,39,343.0000,403.1579,788.1303,474.9449,1154.8415,3098.8100,3766.0000,3876.8563,4023.3000,2283.2285,1289.0084
2017-08-22,39,335.0000,315.4799,730.7692,403.0995,1137.8118,3208.0000,3858.2109,4041.2000,4165.6565,2278.8315,1272.0651
2017-08-29,39,136.8104,261.4189,731.2613,426.4626,1148.6175,3201.1916,3765.5076,3844.7916,4085.0000,2292.3146,1228.1677
2017-08-29,39,377.0000,389.2005,779.9157,436.1560,1137.6722,3201.3963,3730.6099,3848.3910,4102.7332,2268.0143,1211.5095
2017-09-08,39,205.0000,315.5440,779.9157,402.6296,1221.3549,3339.2350,3881.3358,3993.0525,4232.5996,2217.9388,1144.0548
2017-09-08,39,337.0000,301.5332,771.8450,435.4709,1211.1591,3300.0000,3811.8384,3894.5456,4119.5244,2186.8365,1124.2006
2017-09-18,39,428.9222,331.3845,834.5267,483.0808,1317.0110,3381.2314,3819.7994,4012.9402,4102.3649,2274.7959,1225.5177
2017-09-18,39,280.0000,353.0995,859.6885,578.6352,1305.2672,3160.4550,3595.0000,3723.8074,3820.0000,2203.7391,1204.0455
2017-09-21,39,433.0000,394.1286,739.2073,458.6923,1147.8932,2809.0690,3242.8578,3352.7758,3509.6021,1932.1457,1018.9661
2017-09-21,39,486.0000,425.5856,755.8950,469.1385,1148.7504,2794.0000,3208.0000,3351.3479,3457.4441,1916.4588,1020.8772
2017-09-28,39,305.0000,307.6745,796.5246,571.1512,1372.6412,3094.0862,3427.8013,3592.5242,3727.0000,2226.2481,1250.6553
2017-09-28,39,611.0000,561.1738,913.9250,667.6510,1352.5384,2898.9736,3225.0362,3352.3968,3497.0000,2139.8727,1221.7357
2017-10-01,39,-9999.0000,-9999.0000,-9999.0000,-9999.0000,-9999.0000,-9999.0000,-9999.0000,-9999.0000,-9999.0000,-9999.0000,-9999.0000
2017-10-08,39,-9999.0000,-9999.0000,-9999.0000,-9999.0000,-9999.0000,-9999.0000,-9999.0000,-9999.0000,-9999.0000,-9999.0000,-9999.0000
2017-10-08,39,-9999.0000,-9999.0000,-9999.0000,-9999.0000,-9999.0000,-9999.0000,-9999.0000,-9999.0000,-9999.0000,-9999.0000,-9999.0000
2017-10-11,39,-9999.0000,-9999.0000,-9999.0000,-9999.0000,-9999.0000,-9999.0000,-9999.0000,-9999.0000,-9999.0000,-9999.0000,-9999.0000
2017-10-18,39,-9999.0000,-9999.0000,-9999.0000,-9999.0000,-9999.0000,-9999.0000,-9999.0000,-9999.0000,-9999.0000,-9999.0000,-9999.0000
2017-10-31,39,1273.0000,1474.1794,1683.0896,1987.5417,2327.0000,2602.1972,2804.6332,3001.6571,3111.7082,3547.8563,2644.0000
2017-10-31,39,1354.0000,1537.5889,1717.4445,1986.8656,2322.5332,2600.0822,2791.2509,3003.1279,3095.0000,3512.3661,2634.0000
2017-11-10,39,420.0000,619.0000,719.0000,745.0000,917.0000,1078.0000,1243.0000,1460.0000,1333.0000,1147.0000,745.0000
2017-11-10,39,508.0000,723.0000,782.0000,764.0000,973.0000,1438.0000,1509.0000,1545.0000,1537.0000,1163.0000,717.0000
2017-11-17,39,-9999.0000,-9999.0000,-9999.0000,-9999.0000,-9999.0000,-9999.0000,-9999.0000,-9999.0000,-9999.0000,-9999.0000,-9999.0000
2017-11-17,39,2466.0000,1582.0000,1744.0000,1782.0000,2311.0000,3417.0000,3603.0000,3750.0000,3778.0000,3099.0000,2438.0000
2017-11-20,39,460.0000,857.3453,1122.0428,1499.6227,1800.6329,2013.0555,2135.8503,2390.8728,2396.5895,2913.0000,2227.2411
2017-11-20,39,827.0000,1025.7113,1192.9746,1506.4861,1806.1522,2022.6752,2151.3931,2405.9639,2403.6531,2921.0000,2227.2427
2017-11-27,39,154.0000,590.5497,881.4314,1235.6977,1626.4209,1891.8656,2055.0967,2328.2535,2347.5738,2227.3507,1401.9968
2017-11-27,39,389.0000,665.1751,909.6602,1219.6606,1561.0000,1818.1553,1961.3425,2230.6632,2244.8928,2130.7214,1354.9743
2017-12-07,39,565.0000,834.0681,1121.3336,1429.1494,1829.2609,2120.7341,2268.3661,2439.0943,2506.3004,2467.0203,1656.0000
2017-12-17,39,21.0000,417.2753,669.2672,989.8417,1388.6078,1688.7532,1833.0058,2070.9802,2086.1630,1810.6531,1082.9082
2017-12-17,39,293.0000,525.6081,729.4252,993.3519,1358.5563,1624.7381,1748.1974,1975.5014,2007.5986,1730.9543,1040.0000
2017-12-20,39,257.0000,528.6324,737.5999,981.3692,1333.3801,1576.5440,1689.6836,1895.5814,1921.6527,1808.3603,1153.7185
2017-12-20,39,336.0000,561.8310,749.2141,973.9032,1345.5232,1597.8313,1697.5440,1880.1202,1928.7587,1797.5212,1154.4053
2017-12-22,39,-9999.0000,-9999.0000,-9999.0000,-9999.0000,-9999.0000,-9999.0000,-9999.0000,-9999.0000,-9999.0000,-9999.0000,-9999.0000
2017-12-25,39,1216.0000,1434.3808,1618.6064,1677.6576,1990.0000,2226.0942,2345.8708,2483.9338,2505.6241,2213.8914,1565.7660
2017-12-25,39,991.0000,1282.5492,1544.4378,1661.2924,1992.7945,2286.0155,2450.4632,2619.5786,2633.0000,2245.4284,1544.0000
2018-01-06,39,-9999.0000,-9999.0000,-9999.0000,-9999.0000,-9999.0000,-9999.0000,-9999.0000,-9999.0000,-9999.0000,-9999.0000,-9999.0000
2018-01-11,39,477.0000,725.9903,1062.5789,1295.0000,1643.0000,2065.0000,2316.2453,2353.5000,2546.8739,2285.2720,1858.0000
2018-01-11,39,680.0000,942.3643,1200.5508,1358.3766,1674.9590,2001.0000,2204.3988,2307.4990,2410.9777,2171.4144,1814.0000
2018-01-14,39,206.0000,586.1671,861.6936,1149.4523,1542.0000,1924.9603,2113.2789,2299.5963,2362.6335,2365.6652,1866.1963
2018-01-14,39,207.0000,640.9544,881.1531,1124.4286,1445.4107,1859.2424,2035.1227,2226.4562,2278.0000,2258.8708,1741.0000
2018-01-19,39,-9999.0000,-9999.0000,-9999.0000,-9999.0000,-9999.0000,-9999.0000,-9999.0000,-9999.0000,-9999.0000,-9999.0000,-9999.0000
2018-01-19,39,-9999.0000,-9999.0000,-9999.0000,-9999.0000,-9999.0000,-9999.0000,-9999.0000,-9999.0000,-9999.0000,-9999.0000,-9999.0000
2018-01-21,39,106.0000,517.1228,773.1107,1097.4046,1569.5518,1949.3186,2131.4506,2343.8239,2359.5833,2429.4891,1659.3751
2018-01-21,39,350.0000,658.4236,857.6514,1101.7367,1509.3752,1852.0585,2013.1456,2215.1261,2235.5625,2298.6381,1587.8542
2018-02-08,39,-9999.0000,-9999.0000,-9999.0000,-9999.0000,-9999.0000,-9999.0000,-9999.0000,-9999.0000,-9999.0000,-9999.0000,-9999.0000
2018-02-10,39,232.0000,525.1848,765.1867,1025.2239,1553.6510,1987.4844,2179.4060,2376.9021,2401.2767,2187.7677,1403.4993
2018-02-10,39,292.0000,585.6750,853.5366,1033.2761,1525.9079,1940.3914,2114.2908,2155.3722,2315.3812,2115.5773,1364.1350
2018-02-13,39,1230.0000,1391.0000,1499.0000,1580.4027,1850.0000,2132.8227,2249.0791,2397.7968,2345.5854,1390.4514,1088.2956
2018-02-13,39,1268.0000,1414.7528,1528.0000,1599.0000,1860.0000,2169.9538,2290.6265,2445.3817,2385.7848,1389.0000,1081.0000
2018-02-25,39,1016.0952,1269.6581,1557.0482,1701.5497,2220.0000,2691.7473,2869.5372,2978.0334,3068.8353,3210.0000,2449.6015
2018-02-25,39,1074.0000,1297.5609,1581.3096,1709.8008,2226.0000,2707.8603,2884.4176,2986.8623,3060.3846,3187.2812,2433.3645
2018-02-28,39,1122.0000,1353.4815,1585.3333,1701.2656,2092.4979,2412.7968,2539.8918,2684.6768,2756.1675,3282.4924,2594.4197
2018-02-28,39,1242.0000,1405.0675,1608.7673,1717.0000,2081.5000,2416.9403,2557.9282,2691.0597,2775.0000,3273.0000,2572.7146
2018-03-12,39,-9999.0000,-9999.0000,-9999.0000,-9999.0000,-9999.0000,-9999.0000,-9999.0000,-9999.0000,-9999.0000,-9999.0000,-9999.0000
2018-03-20,39,-9999.0000,-9999.0000,-9999.0000,-9999.0000,-9999.0000,-9999.0000,-9999.0000,-9999.0000,-9999.0000,-9999.0000,-9999.0000
2018-03-20,39,-9999.0000,-9999.0000,-9999.0000,-9999.0000,-9999.0000,-9999.0000,-9999.0000,-9999.0000,-9999.0000,-9999.0000,-9999.0000
2018-03-22,39,559.0000,777.8816,1115.7259,1211.9246,1744.0000,2461.0000,2689.2300,2859.8897,2890.3061,2924.1626,2145.0851
2018-03-22,39,564.0000,785.6680,1118.0775,1201.6164,1704.0000,2358.3237,2563.6836,2730.6976,2755.5386,2825.5613,2108.2854
2018-03-25,39,800.0000,996.9789,1255.0000,1275.2447,1789.0000,2416.9068,2637.0000,2698.7943,2826.5721,2842.3662,2221.5511
2018-03-25,39,873.0000,1013.1253,1258.8891,1282.4006,1786.0000,2422.0240,2643.4102,2699.2379,2829.7471,2843.4832,2235.9339
2018-03-27,39,1481.0000,1434.0787,1617.6588,1626.6750,2204.0000,2965.7864,3201.4899,3387.1059,3434.0000,3500.2362,2561.0000
2018-03-27,39,1463.0000,1426.0000,1618.0000,1620.4144,2165.3492,2941.2918,3157.0000,3369.4461,3395.1344,3433.2114,2560.5367
2018-03-30,39,-9999.0000,-9999.0000,-9999.0000,-9999.0000,-9999.0000,-9999.0000,-9999.0000,-9999.0000,-9999.0000,-9999.0000,-9999.0000
2018-03-30,39,-9999.0000,-9999.0000,-9999.0000,-9999.0000,-9999.0000,-9999.0000,-9999.0000,-9999.0000,-9999.0000,-9999.0000,-9999.0000
2018-04-01,39,512.0000,817.0000,1118.0000,1181.6116,1747.0000,2582.4785,2891.0000,3090.1153,3091.0000,2513.0000,1710.5681
2018-04-01,39,602.0000,859.5742,1125.5732,1169.6469,1712.0000,2518.0000,2828.0000,3010.8467,2996.6979,2478.0332,1695.0000
2018-04-06,39,344.0000,394.0252,781.9592,675.9392,1337.6728,2667.5717,3026.6030,3220.0749,3208.4032,2414.0000,1513.0000
2018-04-06,39,478.0000,497.5273,824.5449,724.2317,1337.2549,2547.7767,2876.8359,3067.4327,3050.0384,2344.0000,1481.6076
2018-04-11,39,1353.0000,1448.8485,1614.0000,1452.7732,1971.0000,2877.5013,3254.0273,3325.6054,3338.1721,2316.5635,1647.0000
2018-04-14,39,297.1943,406.0000,673.1240,546.9558,1107.2926,2338.3258,2803.2583,2914.7329,2920.0023,1816.9976,1137.6622
2018-04-14,39,392.0000,450.0000,705.5922,562.5410,1122.9436,2327.0000,2772.0340,2891.3291,2922.1272,1818.0000,1132.8577
2018-04-16,39,1114.0000,1174.4412,1477.3598,1345.8687,1865.8883,2957.8006,3293.4308,3299.5303,3389.7964,2250.5388,1473.4686
2018-04-16,39,1055.0000,1144.2626,1453.8430,1321.9308,1817.0000,2890.9970,3217.9968,3248.9678,3324.6523,2237.7908,1440.0000
2018-04-19,39,373.0000,365.9341,683.4833,531.3001,1155.6149,2573.1723,3044.3572,3172.5560,3196.7128,1933.9157,1213.5148
2018-04-19,39,460.0000,429.5725,714.0000,563.8077,1141.5017,2547.3157,3002.3326,3131.8538,3154.5932,1915.0000,1204.0000
2018-04-21,39,490.0000,458.2002,803.4655,657.9669,1375.0000,2876.9002,3443.7759,3634.0211,3594.0000,2286.0000,1516.3194
2018-04-21,39,410.0000,516.6381,857.7788,732.3988,1362.3249,2730.8473,3266.3477,3457.8586,3422.0000,2169.9931,1427.0000
2018-04-24,39,1063.0000,1213.0000,1391.0000,1204.2500,1752.9940,2725.3479,3197.2740,3210.4882,3354.1325,2420.0298,1682.0000
2018-04-24,39,1243.0000,1281.4076,1444.9106,1251.8682,1724.4401,2705.7022,3162.5502,3197.6500,3331.0242,2342.0000,1691.0000
2018-04-26,39,593.9505,577.8989,916.1204,756.5482,1436.8374,2948.1363,3402.6024,3498.6351,3625.6472,2277.3654,1534.0000
2018-04-26,39,567.0000,562.6225,933.7533,809.5287,1418.0000,2891.3822,3317.4037,3419.1837,3526.1269,2267.7250,1496.0000
2018-04-29,39,574.0000,564.4756,860.2588,757.8442,1331.8919,2618.1426,3082.4133,3179.1583,3314.2737,2122.1590,1414.4528
2018-04-29,39,715.0000,636.8549,916.3891,810.0053,1353.0000,2595.6611,3056.9770,3123.7787,3284.6730,2141.0000,1428.2812
2018-05-04,39,1367.0000,1421.5855,1613.1222,1517.5000,1981.6573,2728.9669,3049.7674,3077.7475,3192.0000,1995.0238,1452.8220
2018-05-04,39,1384.0000,1425.7147,1613.3585,1497.8148,1977.2955,2765.3923,3116.9874,3141.6673,3249.7424,1938.0000,1386.1099
2018-05-06,39,691.0000,701.4792,957.1861,819.9451,1338.2506,2490.1880,2886.7631,2931.4456,3081.7830,1892.6245,1178.1415
2018-05-06,39,551.0000,588.9889,884.4539,754.9032,1318.0000,2578.4887,2990.0690,3025.0226,3191.1437,1902.0000,1156.4983
2018-05-09,39,653.0000,580.0364,843.0197,760.4242,1334.2341,2499.4975,2930.0000,3059.8234,3195.8704,2077.0000,1393.7565
2018-05-09,39,583.0000,593.5527,868.4890,806.1134,1338.0020,2499.0876,2949.7975,3043.7500,3184.4676,2055.0000,1375.0000
2018-05-11,39,-9999.0000,-9999.0000,-9999.0000,-9999.0000,-9999.0000,-9999.0000,-9999.0000,-9999.0000,-9999.0000,-9999.0000,-9999.0000
2018-05-11,39,-9999.0000,-9999.0000,-9999.0000,-9999.0000,-9999.0000,-9999.0000,-9999.0000,-9999.0000,-9999.0000,-9999.0000,-9999.0000
2018-05-16,39,-9999.0000,-9999.0000,-9999.0000,-9999.0000,-9999.0000,-9999.0000,-9999.0000,-9999.0000,-9999.0000,-9999.0000,-9999.0000
2018-05-16,39,-9999.0000,-9999.0000,-9999.0000,-9999.0000,-9999.0000,-9999.0000,-9999.0000,-9999.0000,-9999.0000,-9999.0000,-9999.0000
2018-05-19,39,354.0000,314.8730,633.7281,568.0240,1207.4832,2503.0000,2980.0656,3091.0699,3244.8013,2007.2753,1301.0546
2018-05-19,39,480.0000,458.7671,711.4543,632.8600,1210.0299,2482.4034,2956.3708,3059.1385,3213.4612,2006.9088,1307.5328
2018-05-21,39,597.0000,684.5500,969.4766,868.7628,1533.4505,2912.0000,3499.8389,3684.1588,3796.6850,2419.4057,1653.1502
2018-05-21,39,588.0000,682.9056,968.1507,870.4616,1514.7881,2917.0051,3499.8737,3650.5171,3770.9186,2404.0000,1654.0302
2018-05-24,39,732.0000,825.3440,1098.2667,1034.4589,1505.0000,2362.1950,2761.7477,2706.0000,2901.0000,2012.0000,1381.6603
2018-05-24,39,910.0000,907.0000,1096.6321,959.0000,1443.0000,2333.0000,2729.0000,2710.0000,2866.0000,1913.0000,1252.0000
2018-05-26,39,568.0000,547.2173,902.1105,806.6398,1516.9712,2932.0837,3403.1714,3482.2995,3722.1261,2426.9514,1572.9177
2018-05-26,39,516.0000,555.6413,935.5309,840.4821,1479.2032,2879.0000,3313.5938,3402.3350,3619.2189,2390.5417,1560.9310
2018-05-31,39,879.0000,1035.8797,1307.8851,1251.2505,1867.0000,2732.1586,3154.1508,3202.2465,3386.5776,2505.1280,1796.8014
2018-05-31,39,861.0000,1011.9105,1290.3429,1225.7744,1833.0000,2731.5527,3147.3409,3203.0517,3388.4537,2500.6129,1770.8644
2018-06-03,39,593.0000,707.6435,1002.2360,1061.7707,1635.0000,2411.2069,2797.0000,2899.1688,3100.9971,2450.9222,1690.0678
2018-06-03,39,608.0000,730.2901,1018.7116,1074.6040,1650.2187,2441.6175,2851.3972,2922.6619,3163.5191,2452.2793,1670.9286
2018-06-05,39,756.0000,778.3060,1099.2465,1242.9274,1847.9622,2599.2460,2871.1733,2965.6922,3229.0000,2791.1530,1909.0000
2018-06-05,39,749.0000,803.7070,1107.3205,1238.2668,1817.3609,2579.0000,2867.2540,2921.7479,3178.8716,2778.9951,1876.1390
2018-06-10,39,519.0000,717.1392,978.4827,1145.8525,1633.5310,2239.0000,2556.9966,2602.4652,2835.6368,2642.0571,1795.9214
2018-06-10,39,424.0000,677.3643,965.7150,1131.0628,1621.1006,2212.9835,2515.5710,2564.0000,2773.6677,2596.2790,1762.8255
2018-06-13,39,583.0000,893.2069,1293.7727,1481.6660,2074.1929,2698.5994,3036.3211,3083.8408,3321.7708,3651.3689,2728.0000
2018-06-13,39,776.7360,1005.4525,1337.1801,1490.6121,2058.2581,2691.8252,3027.2176,3075.2746,3336.0000,3620.2767,2724.7110
2018-06-15,39,433.0000,481.5366,693.0052,803.6517,1067.1855,1323.6422,1419.0847,1410.7072,1554.7576,1571.4719,1093.6257
2018-06-15,39,482.0000,596.6912,797.5000,922.0000,1165.2785,1519.0000,1649.0000,1648.0000,1790.0000,1674.0000,1193.4925
2018-06-18,39,-9999.0000,-9999.0000,-9999.0000,-9999.0000,-9999.0000,-9999.0000,-9999.0000,-9999.0000,-9999.0000,-9999.0000,-9999.0000
2018-06-18,39,-9999.0000,-9999.0000,-9999.0000,-9999.0000,-9999.0000,-9999.0000,-9999.0000,-9999.0000,-9999.0000,-9999.0000,-9999.0000
2018-06-20,39,889.5046,1291.8551,1691.1827,2213.0483,2699.4537,2987.5681,3276.5884,3379.4000,3611.0650,4535.1286,3593.7525
2018-06-20,39,757.6768,1185.9761,1610.5644,2099.7358,2562.6470,2882.9986,3199.0000,3284.7413,3512.7450,4423.1980,3509.0698
2018-06-23,39,454.0000,881.4245,1249.6715,1738.6792,2123.6940,2442.0000,2698.4542,2940.8202,3019.9799,3705.0917,2793.0137
2018-06-23,39,631.0000,977.3640,1283.6723,1715.3059,2099.1953,2430.9967,2698.4918,2922.3146,3020.3120,3649.8056,2762.9463
2018-06-30,39,898.8341,1362.8386,1722.3204,2183.7312,2615.0000,2964.0893,3264.0000,3379.1148,3603.1624,4619.0918,3648.0538
2018-06-30,39,879.0000,1321.2922,1659.3557,2058.5901,2513.9823,2869.5291,3188.0605,3283.7806,3492.0771,4501.5713,3562.3247
2018-07-03,39,1594.0000,1785.3099,2001.5923,2004.0000,2401.8153,3061.0000,3473.1199,3452.5525,3637.7246,3242.5003,2532.0000
2018-07-03,39,1647.0000,1897.0000,2105.3418,2085.0111,2458.0000,3146.0000,3585.9249,3544.0000,3740.0000,3274.7762,2566.0000
2018-07-05,39,995.0000,1322.6667,1709.3577,2091.5852,2542.0000,3080.9278,3355.8034,3393.8131,3706.9575,4472.9713,3350.6727
2018-07-05,39,835.0000,1236.6072,1666.6020,2071.5286,2497.0000,3057.4832,3313.8872,3386.5845,3665.8222,4382.0000,3313.0000
2018-07-08,39,933.0000,1169.5611,1421.5373,1586.2714,1987.2800,2556.0395,2820.3079,2931.6216,3083.0308,2887.0000,2018.3353
2018-07-10,39,-9999.0000,-9999.0000,-9999.0000,-9999.0000,-9999.0000,-9999.0000,-9999.0000,-9999.0000,-9999.0000,-9999.0000,-9999.0000
2018-07-13,39,390.0000,834.6684,1241.8791,1404.2470,1916.0000,2642.4657,3018.0129,3090.6634,3266.2203,3517.0000,2662.9310
2018-07-13,39,633.0000,912.9324,1258.5260,1362.8725,1882.9584,2603.0000,2975.0000,3052.7711,3252.0690,3426.0000,2663.7444
2018-07-15,39,842.8604,1004.9672,1403.7132,1436.6160,2020.3406,3060.9560,3386.6650,3426.7157,3703.0000,3864.5915,2755.8183
2018-07-15,39,798.0000,1009.8000,1411.1576,1404.5005,2011.5299,3062.0000,3396.9486,3409.4953,3682.5337,3781.4896,2744.0000
2018-07-18,39,631.0000,803.0000,1163.7383,1076.7531,1658.5701,3004.5673,3468.0000,3554.5572,3731.9784,3255.4402,2219.0000
2018-07-18,39,675.0000,820.3751,1171.1907,1075.3333,1652.0000,2994.0000,3474.9660,3572.1429,3721.0000,3256.6528,2209.0000
2018-07-20,39,748.0000,913.6901,1245.4644,1067.1417,1738.0000,3235.0976,3851.6720,3895.3135,4085.0282,3452.3461,2276.4395
2018-07-20,39,598.0000,828.5149,1206.0000,1065.8585,1674.5675,3186.5789,3829.3801,3831.4268,4051.5121,3315.6627,2202.8076
2018-07-23,39,-9999.0000,-9999.0000,-9999.0000,-9999.0000,-9999.0000,-9999.0000,-9999.0000,-9999.0000,-9999.0000,-9999.0000,-9999.0000
2018-07-23,39,-9999.0000,-9999.0000,-9999.0000,-9999.0000,-9999.0000,-9999.0000,-9999.0000,-9999.0000,-9999.0000,-9999.0000,-9999.0000
2018-07-25,39,659.0000,755.2812,1138.4545,924.0758,1620.0000,3458.6058,3944.3858,4006.6245,4202.0000,3147.0000,2011.0000
2018-07-25,39,582.0000,697.0523,1098.6636,907.5385,1574.6200,3331.4016,3804.0601,3896.2158,4075.0000,3067.4019,1969.0000
2018-07-28,39,551.0000,645.3547,1004.4748,756.1851,1427.9218,3186.8123,3768.5994,3768.9969,4025.0000,2824.0000,1723.4572
2018-07-28,39,542.0000,645.3405,1004.1335,796.0571,1411.1811,3108.2961,3683.5825,3674.2333,3921.4345,2778.0044,1714.0000
2018-07-30,39,523.0000,643.9490,1020.5304,762.6525,1484.8503,3357.0170,4055.5214,4039.7910,4297.2989,2934.0000,1821.0116
2018-07-30,39,432.0000,619.0924,1002.4800,779.6667,1429.0000,3220.5150,3906.7005,3892.5000,4117.0197,2859.0000,1790.0000
2018-08-02,39,302.0000,435.3926,876.1667,653.0104,1337.2768,3256.7841,3987.3423,3960.5228,4267.1252,2587.9827,1546.6032
2018-08-02,39,317.0000,532.0246,916.5739,675.9618,1333.5064,3195.9834,3915.5000,3878.6852,4178.5899,2576.0000,1532.7831
2018-08-04,39,500.0000,565.3830,969.5000,675.1901,1378.4599,3497.0624,4074.1807,4134.4352,4363.6145,2723.4633,1534.6081
2018-08-04,39,334.0000,493.2870,931.8377,667.4524,1360.3601,3450.0639,4025.3770,4072.0799,4290.7263,2656.3291,1483.4335
2018-08-07,39,312.0000,434.9035,834.7766,644.2727,1310.9696,3215.0000,3882.6881,3896.1856,4166.7567,2489.9165,1364.1822
2018-08-07,39,341.0000,460.9796,834.6209,642.9129,1315.4015,3176.0000,3847.0237,3850.7817,4137.0581,2483.0000,1375.0000
2018-08-09,39,550.0000,658.4346,963.8529,724.2935,1396.3328,3266.2267,4085.6211,4081.9003,4373.7853,2681.6301,1554.8292
2018-08-09,39,436.0000,621.3155,949.5628,732.6576,1363.1264,3170.9211,3957.3714,3938.4519,4200.3846,2630.0625,1499.5019
2018-08-12,39,226.0000,436.3669,795.8607,627.5767,1245.8135,3025.5701,3779.0445,3819.8634,4058.6046,2402.0000,1411.4798
2018-08-12,39,339.0000,507.4439,834.7927,636.1667,1243.9452,2997.3328,3720.0609,3770.6416,3987.3274,2404.2211,1408.0000
2018-08-14,39,538.0000,588.6733,1124.0578,816.9614,1610.4778,4053.0368,4712.4888,4744.5763,5079.7925,2948.5769,1622.1459
2018-08-14,39,622.0000,650.6940,1138.8530,820.5637,1610.6304,3973.6733,4694.3424,4644.5662,5024.5058,2908.5212,1611.0000
2018-08-17,39,302.0000,377.3076,769.5672,460.5264,1141.0376,3225.2377,3941.9163,3992.0312,4155.0000,2198.0000,1140.9975
2018-08-17,39,352.0000,371.4009,771.8320,474.9231,1145.8798,3180.9541,3877.3254,3978.3106,4132.3193,2187.3260,1146.9079
2018-08-19,39,95.0000,371.6495,810.9423,522.6823,1244.9844,3488.0000,4376.0800,4456.4274,4665.0000,2472.7561,1340.8250
2018-08-19,39,313.0000,506.5068,875.9753,571.5836,1253.7918,3293.4807,4166.3507,4213.3148,4420.9181,2404.4318,1299.0684
2018-08-22,39,300.0000,529.8415,867.4945,652.0577,1205.4947,3013.6735,3821.0000,3897.3739,4093.0000,2204.0493,1275.7928
2018-08-22,39,376.6494,593.8926,899.2099,675.0767,1203.9526,2958.0000,3715.9880,3844.2943,4002.0000,2188.2571,1266.3654
2018-08-24,39,1253.0000,1162.0000,1218.0000,970.0000,1412.0000,2844.0000,3421.0000,3530.0000,3656.0000,2059.0000,1104.0000
2018-08-24,39,1077.0000,1244.0000,1512.0000,1432.0000,1805.0000,3069.0000,3704.0000,3880.0000,4126.0000,3025.0000,1898.0000
2018-08-27,39,361.0000,361.0379,709.4394,356.1796,1021.3169,3284.1129,4009.8849,4244.3333,4298.0066,1985.7541,1007.0000
2018-08-27,39,389.0000,385.4038,717.4926,362.9232,1026.0000,3308.0004,4004.9390,4229.4327,4308.6364,1988.6468,989.6460
2018-08-29,39,528.0000,629.5229,962.0317,635.3766,1285.0331,3327.0000,4087.0000,4327.9579,4388.6745,2273.2848,1227.6103
2018-08-29,39,378.0000,561.3218,931.7834,643.3455,1269.6387,3202.1324,4007.1523,4227.7140,4264.1453,2219.0000,1203.8841
2018-09-01,39,542.0000,620.7321,969.9124,596.1036,1338.2605,3262.0000,4049.0000,3946.0000,4279.7500,2217.0843,1170.0000
2018-09-01,39,559.0000,658.0196,986.0000,611.4086,1330.4568,3287.0000,4087.8108,4008.0000,4391.0000,2220.2333,1188.1966
2018-09-03,39,530.0000,587.5839,994.6420,604.3864,1393.6352,3830.6971,4501.6364,4568.8000,4791.7389,2490.0885,1268.8590
2018-09-03,39,556.0000,493.7382,955.3525,547.0385,1377.5502,3896.0000,4634.4596,4725.1116,4957.0000,2506.2696,1235.2704
2018-09-06,39,248.0000,517.4295,949.2888,659.2742,1381.5000,3624.6366,4352.5863,4295.5297,4692.7729,2340.1800,1260.3277
2018-09-06,39,659.0000,797.3382,1076.9292,747.5405,1390.4947,3429.0000,4142.0000,4056.5264,4472.4662,2300.8398,1252.0000
2018-09-08,39,49.0000,307.9599,739.0080,427.5972,1120.1637,3318.5341,4100.2107,4230.1316,4387.0000,2154.5614,1139.8323
2018-09-08,39,147.0000,355.7364,755.2031,451.7380,1114.4118,3240.5708,3993.3204,4135.2757,4314.2573,2125.6750,1114.7805
2018-09-16,39,159.0000,325.2579,756.9665,467.4647,1139.3442,3149.5098,3792.5326,3897.1467,4154.3866,2122.1756,1077.5965
2018-09-16,39,572.0000,533.2621,837.6578,490.9231,1156.4602,3109.0000,3726.5268,3846.2982,4082.0000,2106.8216,1076.6254
2018-09-18,39,126.0000,393.2168,828.2712,515.9632,1258.5514,3199.0000,3851.0268,3943.0258,4192.0000,2293.2323,1240.5046
2018-09-18,39,312.5055,486.0371,867.0275,563.8459,1234.8021,3074.9669,3702.0000,3782.7099,4027.1887,2246.2409,1206.2927
2018-09-21,39,484.4052,497.3541,811.4378,483.1009,1154.5174,2938.7574,3583.0000,3716.1675,3883.0204,2117.2263,1156.0000
2018-09-21,39,388.0000,481.1433,812.3829,507.1380,1155.6968,2914.3098,3524.4783,3672.8571,3850.0329,2100.4987,1158.9636
2018-09-23,39,-9999.0000,-9999.0000,-9999.0000,-9999.0000,-9999.0000,-9999.0000,-9999.0000,-9999.0000,-9999.0000,-9999.0000,-9999.0000
2018-09-23,39,-9999.0000,-9999.0000,-9999.0000,-9999.0000,-9999.0000,-9999.0000,-9999.0000,-9999.0000,-9999.0000,-9999.0000,-9999.0000
2018-09-26,39,505.0000,449.1235,811.4233,499.6111,1236.6976,3114.1350,3665.0000,4069.6139,4046.0000,2061.5562,1107.4974
2018-09-26,39,544.0000,483.5155,834.9488,507.3647,1242.3536,3098.8847,3665.9780,4055.0304,4018.1496,2069.0000,1104.7021
2018-09-28,39,292.0735,403.3914,834.6827,539.4271,1346.2543,3202.2921,3811.8749,4120.0868,4167.0000,2264.4568,1222.2436
2018-09-28,39,435.0000,484.0224,851.5154,538.8885,1339.8794,3156.5647,3782.0000,4022.4229,4117.5247,2233.6627,1207.3154
2018-10-03,39,321.0000,373.8645,851.8786,596.3187,1417.4452,3147.6730,3596.5458,3862.1985,4004.1247,2269.1254,1249.2856
2018-10-03,39,576.0000,493.8961,882.5446,587.5956,1405.2142,3146.5589,3577.6955,3832.0729,3996.2562,2267.4971,1227.8090
2018-10-08,39,602.0000,789.3316,1101.0553,955.0185,1606.4373,2706.9167,3175.8626,3252.6097,3430.6058,2453.8714,1786.5400
2018-10-08,39,759.0000,925.7319,1173.0794,1011.7730,1597.0000,2587.4037,3010.3481,3062.2227,3273.6347,2377.9505,1761.7168
2018-10-11,39,568.0000,745.0364,1001.9070,1202.0924,1677.8158,2035.8436,2277.0433,2426.9001,2594.7782,2995.0996,2212.1045
2018-10-11,39,-9999.0000,-9999.0000,-9999.0000,-9999.0000,-9999.0000,-9999.0000,-9999.0000,-9999.0000,-9999.0000,-9999.0000,-9999.0000
2018-10-13,39,734.0000,824.4923,1116.8221,1403.5480,1873.2661,2225.5496,2410.8824,2627.3057,2764.7933,3316.2862,2393.9247
2018-10-13,39,596.0000,761.2849,1066.6690,1386.9963,1876.8427,2229.3615,2412.1664,2634.6032,2786.1658,3287.0000,2363.5379
2018-10-18,39,658.0000,853.7953,1078.0000,1395.0615,1839.0000,2058.6147,2298.9424,2411.2521,2611.6396,3156.9290,2356.5442
2018-10-18,39,686.0000,897.0358,1088.9633,1370.1453,1788.1865,2014.4540,2234.4612,2355.3682,2541.3173,3074.0694,2297.0000
2018-10-21,39,710.0000,841.9378,1009.3912,1241.6002,1562.4808,1789.8356,1994.9137,2162.4521,2316.4875,3122.0000,2486.8709
2018-10-21,39,696.0000,866.3758,1020.8638,1240.6986,1572.3454,1787.2227,1995.0000,2161.5866,2307.2953,3119.0000,2471.1299
2018-10-23,39,655.0000,764.8482,1114.7997,1506.7045,1901.2899,2197.2394,2379.6779,2634.0000,2729.9600,3428.9284,2533.5473
2018-10-23,39,751.0000,877.9820,1156.9268,1459.1636,1828.7448,2098.5521,2276.0919,2506.5048,2596.7964,3275.1469,2460.4841
2018-10-31,39,472.1667,681.4070,914.7018,1195.2692,1562.3813,1797.2483,1988.0312,2130.5427,2258.0329,2810.9300,2138.1320
2018-10-31,39,506.0000,721.8122,939.8965,1194.7236,1557.2234,1788.6409,1978.5423,2130.6262,2251.7617,2795.7709,2132.6105
2018-11-05,39,-9999.0000,-9999.0000,-9999.0000,-9999.0000,-9999.0000,-9999.0000,-9999.0000,-9999.0000,-9999.0000,-9999.0000,-9999.0000
2018-11-05,39,-9999.0000,-9999.0000,-9999.0000,-9999.0000,-9999.0000,-9999.0000,-9999.0000,-9999.0000,-9999.0000,-9999.0000,-9999.0000
2018-11-12,39,-9999.0000,-9999.0000,-9999.0000,-9999.0000,-9999.0000,-9999.0000,-9999.0000,-9999.0000,-9999.0000,-9999.0000,-9999.0000
2018-11-12,39,-9999.0000,-9999.0000,-9999.0000,-9999.0000,-9999.0000,-9999.0000,-9999.0000,-9999.0000,-9999.0000,-9999.0000,-9999.0000
2018-11-15,39,572.2967,674.8337,937.6273,1041.8037,1425.9615,1771.2146,1914.9579,2058.9900,2132.7137,2645.1633,1933.5923
2018-11-15,39,594.0000,701.1310,949.7348,1045.4301,1428.5701,1769.4493,1909.7216,2059.7129,2132.2111,2645.3045,1940.2960
2018-11-17,39,290.0000,533.6143,793.2593,995.4889,1456.8095,1874.6092,2048.8401,2295.5661,2322.5960,2955.4124,2252.5157
2018-11-17,39,546.0000,749.0718,929.2814,1049.3034,1437.2506,1790.0000,1956.9338,2171.2641,2179.9503,2796.6260,2138.3263
2018-12-05,39,-9999.0000,-9999.0000,-9999.0000,-9999.0000,-9999.0000,-9999.0000,-9999.0000,-9999.0000,-9999.0000,-9999.0000,-9999.0000
2018-12-07,39,705.0000,900.6953,1050.0000,1164.0000,1489.8414,1722.5736,1893.1948,1962.0385,2067.5314,1862.5423,1266.5467
2018-12-12,39,302.0000,492.5000,805.8191,1128.8193,1493.3542,1884.5789,2027.2324,2326.8824,2342.2978,2562.5015,1761.2556
2018-12-12,39,407.0000,597.5400,853.3731,1125.5342,1456.4531,1793.9066,1939.9220,2209.9534,2209.9419,2460.9549,1723.6690
2018-12-15,39,500.0000,644.3036,857.8924,1116.6250,1447.0000,1714.3905,1869.8299,2098.3814,2116.3894,2561.7712,1833.0042
2018-12-15,39,395.0000,586.0333,813.6000,1096.8070,1443.0000,1724.0982,1876.6718,2120.8211,2130.5242,2588.3389,1837.0711
2018-12-27,39,899.0000,1106.4264,1147.1186,1332.0000,1479.0000,1644.0000,1736.0000,2032.0000,1939.0000,2274.0000,1634.0000
2018-12-30,39,330.0000,565.7673,713.7585,969.4100,1265.0519,1505.7004,1660.4125,1835.3309,1891.7606,1764.8557,1212.9507
2018-12-30,39,360.0000,589.6156,725.4619,969.8044,1280.6133,1526.1217,1669.1333,1850.4706,1896.7344,1764.1555,1216.4984
2019-01-01,39,1568.0000,1510.0000,1744.0000,2036.0000,2517.0000,2919.0000,3097.0000,3310.0000,3471.0000,3978.0000,3149.0000
2019-01-04,39,408.0000,556.6393,724.5544,878.7397,1040.3113,1150.1784,1222.1561,1374.1497,1333.2291,1517.7164,1194.1743
2019-01-04,39,291.0000,492.3346,678.0645,846.3542,1022.6556,1141.3804,1213.0010,1368.5213,1333.5239,1525.0301,1192.4900
2019-01-06,39,468.0000,769.0000,974.0784,1250.0000,1556.8305,1811.7829,1963.5849,2203.1200,2219.9814,2762.6010,2075.1150
2019-01-06,39,543.0000,818.4713,985.8891,1225.0996,1538.3119,1741.5372,1881.7753,2114.8458,2130.5628,2643.5148,2000.6629
2019-01-11,39,502.0000,657.9295,889.9282,1259.6105,1617.0049,1897.8910,2041.3420,2267.2171,2313.0718,2959.0000,2210.2304
2019-01-11,39,620.0000,756.1407,941.5953,1256.4582,1581.0000,1821.7345,1947.5541,2178.7930,2205.9025,2838.8503,2131.1515
2019-01-14,39,603.0000,750.3402,938.2499,1209.4960,1489.6274,1700.1214,1837.6805,2043.0326,2060.8020,2715.6872,2037.3427
2019-01-14,39,523.0000,702.5972,904.9607,1188.0000,1497.9069,1714.8826,1852.1124,2068.2140,2075.3217,2738.9135,2054.0000
2019-01-16,39,537.0000,825.5059,1036.0000,1321.3702,1598.0446,1762.9802,1915.7175,2146.8339,2146.0000,2795.7931,2131.6247
2019-01-16,39,400.7202,753.7539,980.7022,1288.9026,1585.3636,1764.7992,1924.4139,2130.5505,2155.8217,2778.7562,2124.1440
2019-01-21,39,1052.0000,1001.1912,1245.2676,1438.0000,1653.0080,1813.3737,1898.7021,2008.2982,2034.7032,1900.0984,1526.2971
2019-01-24,39,833.0000,950.5353,1133.4182,1416.7525,1732.0000,1954.9800,2083.4271,2307.2677,2293.8380,2436.0000,1752.7133
2019-01-24,39,819.0000,976.3170,1144.7897,1417.4354,1733.0000,1955.1560,2082.0934,2306.7728,2295.8363,2428.2666,1745.9272
2019-01-29,39,-9999.0000,-9999.0000,-9999.0000,-9999.0000,-9999.0000,-9999.0000,-9999.0000,-9999.0000,-9999.0000,-9999.0000,-9999.0000
2019-01-29,39,-9999.0000,-9999.0000,-9999.0000,-9999.0000,-9999.0000,-9999.0000,-9999.0000,-9999.0000,-9999.0000,-9999.0000,-9999.0000
2019-01-31,39,662.0000,794.0766,1005.0154,1348.3131,1685.5852,1940.3884,2074.0223,2297.7928,2327.2242,2979.4128,2220.9265
2019-01-31,39,589.0000,752.9940,973.2035,1320.2367,1661.4717,1899.1717,2040.6949,2266.3376,2281.7043,2948.2224,2201.0000
2019-02-03,39,-9999.0000,-9999.0000,-9999.0000,-9999.0000,-9999.0000,-9999.0000,-9999.0000,-9999.0000,-9999.0000,-9999.0000,-9999.0000
2019-02-05,39,339.0000,589.5856,837.5957,1218.9944,1569.7788,1852.5624,2011.8888,2259.2042,2250.0000,2732.8975,2001.2340
2019-02-05,39,393.0000,661.4145,873.3728,1196.7564,1534.1760,1803.5676,1956.0214,2195.7607,2178.3753,2647.0000,1966.0000
2019-02-08,39,443.0000,669.8816,861.1622,1157.5969,1453.7597,1699.1086,1842.7708,2025.7646,2068.1983,2636.0000,2082.7721
2019-02-08,39,541.0000,757.0895,913.5005,1173.2418,1458.0000,1691.5295,1835.8964,2011.3949,2042.9816,2580.7872,2078.7452
2019-02-13,39,312.0000,509.1932,813.8736,1120.9091,1481.0518,1771.2875,1908.6294,2076.7306,2151.9766,2682.7551,1951.0000
2019-02-13,39,451.0000,625.6878,881.6246,1136.5930,1480.1399,1754.9225,1890.2474,2051.6972,2115.8137,2659.2937,1939.0965
2019-02-15,39,504.0000,770.3352,1021.7518,1338.2771,1697.9693,2004.4792,2170.9045,2396.1388,2400.9795,3059.6674,2315.4788
2019-02-15,39,570.0000,821.8768,1041.1549,1325.2122,1665.5010,1940.8386,2098.8542,2331.0000,2347.8832,2963.0747,2267.5038
2019-02-18,39,1229.0000,1352.9254,1484.2849,1634.3294,1870.3585,2098.2148,2235.1006,2451.6535,2405.9858,2635.2082,1979.7420
2019-02-18,39,1292.0000,1400.7490,1531.2883,1666.4723,1893.7606,2146.9012,2280.8267,2498.5988,2458.7372,2638.0000,1972.9112
2019-02-23,39,436.0000,590.5661,821.5383,1025.3841,1269.2675,1514.2553,1627.8300,1866.9457,1803.8896,2252.0000,1745.7741
2019-02-23,39,376.0000,573.8011,813.6139,1013.2951,1261.5086,1523.4008,1635.5204,1882.9005,1819.9408,2258.3187,1744.0000
2019-02-25,39,615.0000,821.5566,1050.8884,1306.4659,1694.6399,1986.0549,2148.9403,2307.2541,2340.9765,3057.7283,2508.9182
2019-02-25,39,630.0000,842.4471,1050.9359,1291.5252,1660.4308,1938.9905,2091.1045,2258.1667,2284.6864,2996.3632,2444.2718
2019-02-28,39,525.0000,713.7755,979.0602,1234.5062,1569.1819,1892.6184,2052.4075,2258.5022,2266.6274,2932.6115,2360.0000
2019-02-28,39,450.0000,689.7134,962.0246,1226.7056,1577.0605,1898.9380,2058.7330,2283.2652,2290.4346,2956.3412,2370.7429
2019-03-02,39,1021.0000,1060.8889,1300.1086,1521.9447,1917.7499,2242.9567,2387.3850,2565.0561,2604.7506,3132.1686,2407.0000
2019-03-02,39,1071.0000,1121.4528,1305.3181,1493.9937,1854.3711,2161.6054,2299.6511,2458.8759,2508.9361,3045.3298,2356.3280
2019-03-05,39,-9999.0000,-9999.0000,-9999.0000,-9999.0000,-9999.0000,-9999.0000,-9999.0000,-9999.0000,-9999.0000,-9999.0000,-9999.0000
2019-03-05,39,-9999.0000,-9999.0000,-9999.0000,-9999.0000,-9999.0000,-9999.0000,-9999.0000,-9999.0000,-9999.0000,-9999.0000,-9999.0000
2019-03-12,39,616.0000,682.7794,996.0496,1243.7074,1645.3008,2123.6352,2301.8012,2563.9431,2539.3528,3179.1765,2444.5911
2019-03-12,39,557.0000,667.6856,979.5338,1219.7426,1634.9497,2101.0324,2267.3668,2538.6865,2507.8527,3131.2512,2411.9222
2019-03-15,39,678.0000,761.9546,1019.4823,1226.5364,1620.9531,2027.9630,2194.9797,2338.7914,2411.5580,2998.0000,2296.9797
2019-03-15,39,636.0000,741.4387,1003.4433,1218.9274,1628.9585,2050.5604,2217.6906,2362.4002,2434.4958,3017.5392,2298.8462
2019-03-20,39,593.0000,722.8002,978.9861,1163.5135,1571.1859,2029.4221,2212.8366,2427.1517,2406.3408,2930.2517,2307.4110
2019-03-20,39,601.0000,747.2119,988.1605,1162.4452,1564.7216,2036.3160,2209.4772,2426.4390,2408.3108,2923.9650,2298.7696
2019-03-22,39,706.0000,747.0143,1083.8856,1302.8880,1778.2678,2314.0609,2500.1291,2771.4340,2754.1857,3331.3052,2501.9466
2019-03-22,39,722.0000,772.2087,1082.5397,1299.2182,1747.5305,2275.7140,2465.6255,2721.7991,2721.8218,3275.6454,2467.7245
2019-03-25,39,983.0000,1009.1572,1208.4231,1314.3763,1739.5143,2169.6619,2345.8074,2491.6352,2572.6605,3025.0471,2275.0000
2019-03-25,39,944.0000,981.4817,1195.4739,1315.2187,1754.9484,2218.7875,2403.1300,2539.1708,2627.6724,3057.6885,2282.5376
2019-03-27,39,-9999.0000,-9999.0000,-9999.0000,-9999.0000,-9999.0000,-9999.0000,-9999.0000,-9999.0000,-9999.0000,-9999.0000,-9999.0000
2019-03-27,39,-9999.0000,-9999.0000,-9999.0000,-9999.0000,-9999.0000,-9999.0000,-9999.0000,-9999.0000,-9999.0000,-9999.0000,-9999.0000
2019-03-30,39,800.0000,970.5555,1154.8227,1267.3954,1684.8760,2116.6383,2269.0704,2499.0815,2457.7506,2610.1164,2087.0000
2019-03-30,39,864.0000,1003.7387,1179.1982,1281.8168,1668.2695,2098.3277,2276.1105,2491.5439,2452.2860,2594.0000,2069.7224
2019-04-01,39,870.0000,876.4722,1186.7125,1351.5794,1908.5478,2510.0617,2708.3661,2922.3226,2962.4813,3352.6325,2452.5782
2019-04-01,39,887.0000,883.8137,1178.6424,1319.3664,1861.6456,2454.9750,2642.1891,2865.7992,2899.0000,3285.8073,2422.8318
2019-04-06,39,1039.0000,1164.1252,1442.8571,1506.7159,2088.5480,2580.0000,2763.5000,2916.7740,2881.0000,2620.0707,1947.2044
2019-04-06,39,968.0000,1218.3437,1482.8018,1506.5393,2025.0000,2543.0000,2755.4881,2898.2000,2887.0000,2619.7944,1867.0233
2019-04-16,39,717.0000,787.2105,1058.4336,1110.2950,1747.5854,2419.0414,2658.2057,2884.0366,2881.8630,2921.7423,2104.7454
2019-04-16,39,757.0000,835.0829,1075.3291,1114.8840,1718.2927,2363.9083,2601.4549,2819.2456,2811.4319,2867.9671,2068.3690
2019-04-19,39,597.0000,650.9041,956.1798,1028.8017,1640.9225,2293.1931,2533.4108,2770.5071,2763.6271,2774.7306,2007.1267
2019-04-19,39,676.2013,698.9609,977.7437,1046.9085,1632.9585,2277.3329,2507.0565,2746.7394,2745.3057,2743.0494,2033.9209
2019-04-21,39,1283.7063,1251.8502,1579.1893,1621.6623,2242.3382,2916.9580,3125.4978,3347.3761,3331.9499,3058.3126,2314.1730
2019-04-21,39,1256.0000,1274.9314,1571.6085,1594.6277,2163.7417,2821.1331,3019.2305,3242.9925,3225.4599,2997.4679,2263.2470
2019-04-24,39,-9999.0000,-9999.0000,-9999.0000,-9999.0000,-9999.0000,-9999.0000,-9999.0000,-9999.0000,-9999.0000,-9999.0000,-9999.0000
2019-05-01,39,590.0000,617.9085,933.3732,939.9554,1562.0000,2306.7344,2502.8282,2662.3762,2729.2607,2381.1835,1545.5288
2019-05-01,39,583.0000,633.4955,929.7867,925.7678,1538.0256,2276.7581,2471.4778,2629.4985,2694.2333,2334.5490,1532.0559
2019-05-06,39,530.0000,593.9151,835.4827,843.0180,1422.5858,1989.7615,2205.2429,2360.4938,2344.9841,1626.0000,957.0000
2019-05-06,39,489.0000,595.6169,850.8316,851.6430,1406.0198,2003.6183,2216.9963,2345.8163,2326.0181,1620.0839,963.9486
2019-05-09,39,-9999.0000,-9999.0000,-9999.0000,-9999.0000,-9999.0000,-9999.0000,-9999.0000,-9999.0000,-9999.0000,-9999.0000,-9999.0000
2019-05-16,39,-9999.0000,-9999.0000,-9999.0000,-9999.0000,-9999.0000,-9999.0000,-9999.0000,-9999.0000,-9999.0000,-9999.0000,-9999.0000
2019-05-16,39,-9999.0000,-9999.0000,-9999.0000,-9999.0000,-9999.0000,-9999.0000,-9999.0000,-9999.0000,-9999.0000,-9999.0000,-9999.0000
2019-05-24,39,361.0000,405.1475,723.2275,771.5208,1453.0000,2194.9336,2454.4017,2551.7550,2692.5893,2345.0000,1532.0450
2019-05-24,39,477.0000,545.9529,813.3968,826.7617,1466.0468,2187.4828,2427.5375,2502.6298,2659.4751,2317.1950,1513.0762
2019-05-26,39,684.5140,804.4046,1085.3964,1099.3758,1787.6005,2548.3998,2845.0000,2963.1676,3066.1948,2634.6239,1884.7736
2019-05-31,39,386.0000,365.3995,717.7741,729.0701,1413.0000,2328.8679,2568.1443,2603.3333,2804.0000,2036.3780,1244.8563
2019-05-31,39,466.5842,490.1422,794.0000,769.8489,1401.3470,2291.6963,2550.6216,2533.7606,2793.9740,2012.3549,1235.0000
2019-06-03,39,507.0000,517.7792,811.8255,858.1689,1495.0000,2182.0000,2452.0020,2508.6539,2706.9655,2505.6801,1647.0000
2019-06-03,39,570.4818,625.2429,877.3495,891.1723,1476.1299,2187.1834,2440.0000,2490.7006,2709.0000,2476.0000,1634.7381
2019-06-05,39,-9999.0000,-9999.0000,-9999.0000,-9999.0000,-9999.0000,-9999.0000,-9999.0000,-9999.0000,-9999.0000,-9999.0000,-9999.0000
2019-06-05,39,-9999.0000,-9999.0000,-9999.0000,-9999.0000,-9999.0000,-9999.0000,-9999.0000,-9999.0000,-9999.0000,-9999.0000,-9999.0000
2019-06-13,39,638.0000,771.2498,1082.8139,1442.7422,1931.6698,2259.9215,2514.9255,2659.1356,2873.3792,3169.0000,2152.4526
2019-06-13,39,622.4041,788.4072,1082.9493,1443.9568,1921.4686,2282.8098,2540.2519,2675.6171,2888.9233,3162.7430,2160.4850
2019-06-15,39,-9999.0000,-9999.0000,-9999.0000,-9999.0000,-9999.0000,-9999.0000,-9999.0000,-9999.0000,-9999.0000,-9999.0000,-9999.0000
2019-06-15,39,-9999.0000,-9999.0000,-9999.0000,-9999.0000,-9999.0000,-9999.0000,-9999.0000,-9999.0000,-9999.0000,-9999.0000,-9999.0000
2019-06-18,39,647.0000,996.6521,1346.5279,1963.2771,2355.2428,2602.2712,2882.3941,3042.9337,3277.6093,4046.8733,2973.1269
2019-06-18,39,689.0000,1028.5041,1355.0110,1899.1032,2282.3506,2547.7314,2835.9471,2978.0382,3219.0930,3974.2534,2938.8286
2019-06-20,39,1021.0000,1185.3268,1541.1890,2058.0824,2497.5175,2821.1943,3052.3479,3171.9345,3461.4494,4287.0000,3034.8704
2019-06-20,39,981.0000,1193.5135,1533.4339,2042.3414,2483.1757,2811.0815,3048.9789,3153.7174,3450.8665,4267.3143,3028.9370
2019-06-23,39,736.6588,953.0462,1232.7943,1627.8934,2009.2548,2274.5337,2484.2355,2564.3921,2795.4344,3477.0000,2541.3946
2019-06-23,39,662.2431,937.5274,1237.1349,1658.6915,2053.7551,2307.9770,2523.8058,2628.0035,2849.3640,3532.2370,2555.4807
2019-06-25,39,932.0000,1116.4908,1376.8302,1763.4804,2138.6591,2371.5472,2634.9977,2707.4422,2931.1308,4220.3553,3317.9916
2019-06-25,39,930.0000,1140.7128,1380.7125,1731.0220,2098.8077,2342.0045,2610.8319,2676.3905,2891.6049,4165.1485,3270.9151
2019-06-28,39,797.5948,939.7447,1228.0023,1654.6388,1957.3759,2158.1991,2395.3456,2491.2886,2684.3375,4021.5373,3250.3881
2019-06-28,39,853.0000,1003.0383,1251.4614,1621.9569,1926.1221,2140.4647,2378.8571,2458.2412,2651.3740,3957.8536,3224.1092
2019-06-30,39,948.0000,1027.4737,1365.6089,1860.9427,2199.7566,2460.6633,2667.2513,2876.1281,3012.8759,4343.7683,3350.2925
2019-06-30,39,948.0000,1042.1766,1366.5601,1845.5312,2182.0320,2461.1350,2654.1805,2875.1636,3004.6637,4326.4958,3352.0085
2019-07-03,39,796.0000,890.9158,1218.3862,1670.0069,2059.2636,2298.9411,2516.1287,2587.5159,2854.0940,4115.4314,3126.1746
2019-07-03,39,877.9422,986.5493,1259.3973,1619.3312,1963.2016,2243.6469,2466.0938,2523.0518,2780.4003,3989.2384,3065.9694
2019-07-05,39,946.9204,1099.4053,1395.7757,1797.7316,2195.5830,2482.7154,2755.4379,2875.2316,3060.3981,4329.9509,3402.3191
2019-07-05,39,924.8958,1107.2145,1394.2448,1783.8562,2169.0279,2476.5470,2746.2551,2857.2561,3044.2792,4313.2294,3384.0226
2019-07-08,39,1384.0000,1515.1505,1673.6903,1849.6696,2178.8807,2498.4119,2725.9239,2764.9351,2893.7708,3228.3092,2632.3026
2019-07-10,39,906.9989,955.8746,1283.6192,1671.3226,2075.0891,2465.9817,2669.8945,2843.2561,3009.5357,4163.1460,3175.3128
2019-07-10,39,932.0000,987.8758,1291.2048,1640.0258,2039.2004,2458.1586,2657.0000,2811.7594,2971.1317,4117.7273,3141.2712
2019-07-13,39,1072.0000,1029.3749,1265.8877,1515.2134,1907.8590,2318.0239,2523.2028,2602.0014,2804.8149,3850.9922,2936.8899
2019-07-13,39,1078.4205,1108.7759,1296.5464,1491.9465,1852.6840,2284.9244,2491.8455,2563.9377,2755.6320,3731.9955,2873.3238
2019-07-20,39,999.0000,971.2645,1242.8935,1527.5448,1929.6597,2387.8690,2578.2479,2683.5026,2899.0565,4056.5542,3064.6406
2019-07-20,39,1008.0000,995.6137,1243.4397,1510.7987,1892.6097,2380.1086,2580.9506,2659.5681,2875.1089,4025.1892,3047.3287
2019-07-23,39,778.0000,787.8485,1058.4648,1317.8727,1685.8488,2122.9965,2347.9931,2396.3990,2641.7560,3691.1917,2792.3435
2019-07-23,39,817.0000,835.6752,1075.3870,1299.1446,1654.1804,2114.7614,2332.1007,2371.5788,2609.5354,3651.4561,2775.6805
2019-07-25,39,954.0000,1012.1582,1211.5863,1366.1972,1747.7277,2277.2098,2583.0000,2587.2507,2826.4757,3897.8809,3013.3618
2019-07-25,39,945.0000,1020.5192,1211.8005,1383.2459,1771.8201,2286.0000,2602.0000,2586.1991,2849.3577,3910.0443,3016.1191
2019-07-30,39,771.0000,679.2114,982.0633,1125.4822,1559.0453,2427.8498,2662.4633,2661.8209,2952.4771,3621.9874,2684.5865
2019-07-30,39,858.0000,779.8383,1032.6900,1125.8218,1529.1279,2380.6770,2611.5178,2582.9342,2867.0390,3527.8399,2610.1050
2019-08-04,39,624.0000,662.2805,904.1573,982.6452,1428.7673,2438.8539,2857.9290,2920.0567,3061.8935,3383.4137,2435.6639
2019-08-04,39,793.0000,763.1870,950.0193,984.9539,1400.0447,2360.8212,2759.0413,2808.6068,2955.1137,3285.3220,2404.5436
2019-08-09,39,564.0000,474.2838,759.0089,681.6432,1190.6138,2842.3763,3228.6222,3176.3415,3451.0000,2906.9082,1798.1547
2019-08-09,39,610.0000,547.0366,788.1099,711.3407,1188.9881,2789.7174,3179.1085,3112.0563,3365.5416,2856.4155,1769.5159
2019-08-12,39,-9999.0000,-9999.0000,-9999.0000,-9999.0000,-9999.0000,-9999.0000,-9999.0000,-9999.0000,-9999.0000,-9999.0000,-9999.0000
2019-08-14,39,550.0000,488.5009,711.4524,583.1653,1095.5421,3137.0000,3850.0335,3976.5927,4021.9840,2791.6257,1753.3937
2019-08-14,39,610.0000,536.6496,742.8578,600.6266,1126.6468,3142.0000,3769.4253,3877.9977,3907.9388,2780.0000,1738.8752
2019-08-17,39,429.0000,360.2805,598.8450,486.3304,969.0431,3044.0000,3728.5623,3883.6900,3929.4270,2534.9351,1555.0824
2019-08-17,39,476.0000,422.7888,628.9107,503.9701,982.3809,2974.0000,3657.8440,3828.2781,3816.6695,2505.5768,1569.0000
2019-08-19,39,799.0000,519.3276,807.7075,694.1936,1238.7059,3335.1136,4005.2782,4057.4494,4216.6034,2696.1555,1622.4273
2019-08-19,39,868.0000,667.1680,888.9433,743.6177,1241.4501,3168.0000,3776.5192,3881.0666,4006.9345,2627.6061,1608.7594
2019-08-24,39,1388.0000,1267.9273,1323.8901,1168.7586,1596.0000,2967.0000,3674.6910,3667.5988,3894.4644,2726.9706,1845.3189
2019-08-24,39,1161.0000,1196.2398,1250.2489,1046.3617,1460.5710,3212.1321,4028.1448,3990.6614,4232.5791,2615.9362,1657.0000
2019-08-27,39,651.0000,523.6047,664.1346,551.0000,919.3308,2684.1192,3515.0000,3507.3138,3684.6773,2300.1768,1446.3200
2019-08-27,39,590.0000,547.8031,680.1419,550.6483,938.2420,2667.9475,3436.8726,3509.6000,3618.8204,2267.0968,1421.2631
2019-08-29,39,837.0000,627.4719,794.8785,634.3572,1093.6860,3027.0000,3714.7751,3733.2226,4013.0252,2487.0655,1446.6199
2019-08-29,39,561.0000,442.1920,661.1087,520.4630,1043.6127,3274.4960,3958.9111,3991.5000,4299.9361,2567.1927,1452.9704
2019-09-01,39,638.0000,507.4062,699.8195,564.5237,1048.5326,2838.0000,3562.5948,3575.1219,3834.7039,2343.3333,1331.4619
2019-09-01,39,578.0000,515.2635,699.7061,567.9178,1031.8832,2840.0000,3595.9495,3592.0000,3802.2829,2375.7367,1362.0000
2019-09-03,39,338.0000,315.0250,547.4381,391.1120,967.0415,3233.0000,4056.2893,4185.3263,4216.8916,2452.5238,1370.0587
2019-09-03,39,377.0000,395.1959,587.8819,422.5464,983.2771,3124.5334,3971.0000,4087.0000,4131.6792,2423.5755,1369.0777
2019-09-11,39,418.0226,373.4659,603.5878,427.1708,995.2856,2955.3184,3610.5618,3736.6080,3802.8321,2139.3657,1144.0000
2019-09-11,39,418.0000,389.4481,612.1359,428.7706,1003.9212,2952.2039,3592.0000,3749.8413,3799.3232,2139.9248,1171.1493
2019-09-13,39,297.0000,316.1351,578.8473,375.1305,1088.9785,3164.4022,3909.7120,3987.9627,4009.0459,2363.3716,1324.7716
2019-09-13,39,313.0000,348.0714,596.3118,389.6056,1080.0159,3111.2893,3822.0000,3958.7514,3974.0137,2354.8643,1320.5335
2019-09-16,39,398.0000,427.4046,715.9266,473.9234,1203.7508,3097.2332,3735.5117,3814.6755,3908.6239,2204.0382,1268.4296
2019-09-16,39,415.0000,450.3188,724.9406,483.6226,1200.0000,3087.0000,3717.1192,3814.3399,3860.3752,2198.4003,1254.0000
2019-09-18,39,-9999.0000,-9999.0000,-9999.0000,-9999.0000,-9999.0000,-9999.0000,-9999.0000,-9999.0000,-9999.0000,-9999.0000,-9999.0000
2019-09-18,39,-9999.0000,-9999.0000,-9999.0000,-9999.0000,-9999.0000,-9999.0000,-9999.0000,-9999.0000,-9999.0000,-9999.0000,-9999.0000
2019-09-21,39,278.0000,314.3886,714.6607,503.0441,1413.3723,3158.6981,3574.9036,3892.4432,3829.4194,2155.4089,1255.5061
2019-09-21,39,378.0000,372.5744,746.3232,521.8387,1405.3656,3061.7432,3494.4553,3845.3080,3784.0000,2138.2224,1219.5358
2019-09-28,39,1468.0000,1281.5790,1525.2617,1257.2084,2022.5000,3252.0000,3639.8995,3689.6798,3917.7021,2413.0505,1332.2886
2019-09-28,39,1339.0000,1237.2668,1493.2467,1229.2999,1969.8677,3198.0000,3596.7164,3638.4778,3891.3738,2398.4160,1290.0000
2019-10-01,39,-9999.0000,-9999.0000,-9999.0000,-9999.0000,-9999.0000,-9999.0000,-9999.0000,-9999.0000,-9999.0000,-9999.0000,-9999.0000
2019-10-01,39,-9999.0000,-9999.0000,-9999.0000,-9999.0000,-9999.0000,-9999.0000,-9999.0000,-9999.0000,-9999.0000,-9999.0000,-9999.0000
2019-10-08,39,-9999.0000,-9999.0000,-9999.0000,-9999.0000,-9999.0000,-9999.0000,-9999.0000,-9999.0000,-9999.0000,-9999.0000,-9999.0000
2019-10-08,39,-9999.0000,-9999.0000,-9999.0000,-9999.0000,-9999.0000,-9999.0000,-9999.0000,-9999.0000,-9999.0000,-9999.0000,-9999.0000
2019-10-11,39,418.0000,465.4236,739.5722,859.6057,1348.4795,1859.9477,2075.5044,2185.4314,2395.0000,2386.1619,1706.0711
2019-10-11,39,448.0000,518.1987,769.5018,876.0094,1339.7988,1849.6931,2034.0000,2177.3333,2347.7189,2381.1202,1680.0000
2019-10-16,39,468.5560,665.4807,924.7665,1163.5103,1549.4916,1944.1278,2188.1190,2378.5919,2520.7789,2844.1615,2172.3228
2019-10-16,39,483.0000,693.2465,939.8905,1170.7415,1554.5446,1957.0960,2202.0000,2370.7963,2515.6330,2843.4596,2156.7216
2019-10-21,39,-9999.0000,-9999.0000,-9999.0000,-9999.0000,-9999.0000,-9999.0000,-9999.0000,-9999.0000,-9999.0000,-9999.0000,-9999.0000
2019-10-21,39,-9999.0000,-9999.0000,-9999.0000,-9999.0000,-9999.0000,-9999.0000,-9999.0000,-9999.0000,-9999.0000,-9999.0000,-9999.0000
2019-10-23,39,575.0000,738.1901,946.0410,1122.6173,1421.4917,1745.9001,1910.0000,2035.7253,2115.2623,2812.1568,2355.8926
2019-10-23,39,559.0000,749.4366,950.0033,1122.9671,1416.2489,1739.8048,1922.3085,2018.6187,2102.0000,2802.1786,2365.6066
2019-10-26,39,562.0000,733.4711,925.6011,1091.5226,1365.2762,1682.2014,1832.0193,1971.9119,2025.0884,2659.0765,2300.0579
2019-10-26,39,519.0000,725.3414,918.3094,1083.2336,1363.7762,1681.5000,1848.0000,1980.1803,2044.3365,2668.9800,2323.2161
2019-10-28,39,-9999.0000,-9999.0000,-9999.0000,-9999.0000,-9999.0000,-9999.0000,-9999.0000,-9999.0000,-9999.0000,-9999.0000,-9999.0000
2019-10-31,39,-9999.0000,-9999.0000,-9999.0000,-9999.0000,-9999.0000,-9999.0000,-9999.0000,-9999.0000,-9999.0000,-9999.0000,-9999.0000
2019-11-07,39,345.0000,437.7888,715.6304,995.1767,1286.0324,1467.8514,1571.2169,1699.0637,1828.0000,2456.0230,1933.6865
2019-11-07,39,534.0976,641.2679,841.8026,1035.6593,1295.0000,1441.7974,1569.0592,1675.2979,1779.0000,2389.0201,1891.7884
2019-11-10,39,502.5397,613.1489,804.3444,987.3198,1225.9091,1381.3583,1509.9747,1612.1760,1684.3009,2276.9447,1793.3710
2019-11-10,39,490.8958,622.1881,806.0429,979.5617,1235.2262,1377.0000,1496.0000,1612.4307,1704.0000,2279.0000,1785.0762
2019-11-30,39,-9999.0000,-9999.0000,-9999.0000,-9999.0000,-9999.0000,-9999.0000,-9999.0000,-9999.0000,-9999.0000,-9999.0000,-9999.0000
2019-11-30,39,-9999.0000,-9999.0000,-9999.0000,-9999.0000,-9999.0000,-9999.0000,-9999.0000,-9999.0000,-9999.0000,-9999.0000,-9999.0000
2019-12-05,39,702.0000,830.0000,901.1896,814.6919,1009.0000,1208.0000,1325.0000,1370.0000,1370.0000,1266.0000,1006.0000
2019-12-05,39,623.0000,782.6697,910.0000,896.0000,1196.0000,1486.0000,1562.0000,1696.0000,1636.0000,1572.0000,1252.0000
2019-12-07,39,612.0000,680.9854,1011.7901,1107.0869,1683.4865,2245.0000,2380.8501,2551.7293,2625.8817,2725.4222,1881.3757
2019-12-07,39,722.0000,825.5717,1088.4397,1146.7008,1661.9496,2178.4522,2305.4813,2475.4752,2531.2996,2681.1604,1857.5203
2019-12-10,39,410.0000,533.6654,789.5921,835.1087,1268.4656,1684.0436,1804.2777,1972.4521,1970.1091,2092.0000,1418.4066
2019-12-10,39,422.0000,553.2382,796.9730,834.6669,1266.3303,1693.2486,1803.0769,1978.0526,1987.1434,2084.1511,1416.8978
2019-12-25,39,479.0000,629.6818,829.4626,785.2624,1248.1858,1804.3477,1958.5245,2147.6560,2138.3887,1636.0023,1066.5792
2019-12-25,39,454.5047,641.3180,841.7440,793.7724,1272.0000,1818.1869,1972.3223,2146.9446,2139.4940,1658.0000,1089.0107
2019-12-27,39,567.0000,633.1253,956.1098,955.6534,1609.3531,2342.0263,2500.4845,2696.6672,2762.5696,2740.4352,1774.4353
2019-12-27,39,543.0000,636.9711,954.8680,955.6620,1619.9780,2354.9882,2539.9064,2711.1391,2805.1445,2762.3001,1787.5879
2019-12-30,39,436.0000,537.4974,789.2413,789.4444,1301.6730,1851.0664,1988.8784,2163.3452,2146.9200,2027.2259,1352.9508
2019-12-30,39,447.0000,561.5006,801.9026,793.7607,1291.5450,1858.3669,1979.4276,2170.4492,2163.6689,2011.0000,1344.5042
2020-01-01,39,48.0000,345.5136,620.0289,683.6049,1268.8946,1899.2090,2068.4200,2291.7274,2267.4175,2130.7146,1393.5433
2020-01-01,39,373.0000,597.2526,785.5624,789.3198,1288.6186,1849.5008,2011.5769,2210.4945,2186.7071,2076.6544,1372.0000
2020-01-04,39,421.0000,669.6166,897.2042,949.5801,1514.3798,2105.2574,2266.6157,2459.0449,2425.0000,2161.5473,1538.0000
2020-01-04,39,507.0000,742.0000,953.1132,981.2740,1512.3351,2076.6347,2242.4754,2434.0890,2421.7798,2141.7043,1513.2580
2020-01-06,39,-9999.0000,-9999.0000,-9999.0000,-9999.0000,-9999.0000,-9999.0000,-9999.0000,-9999.0000,-9999.0000,-9999.0000,-9999.0000
2020-01-09,39,651.0000,745.4914,976.9314,1028.3668,1520.8767,1963.3151,2082.4549,2227.7670,2225.8065,2281.7367,1645.1133
2020-01-09,39,590.0000,724.5755,953.5365,1001.9983,1497.4339,1955.9351,2083.2293,2244.1249,2236.3920,2298.0579,1650.0820
2020-01-11,39,56.0000,357.4181,612.4102,746.8333,1354.4388,1932.4978,2123.3207,2322.4974,2298.9443,2275.9644,1521.4613
2020-01-11,39,420.0000,630.2088,792.9393,845.4736,1357.1975,1868.1167,2026.7969,2211.4018,2187.0898,2202.8409,1497.0702
2020-01-14,39,562.0000,730.0000,901.5747,954.1164,1434.0427,1910.2997,2060.3211,2227.0093,2219.0917,2114.8838,1504.0000
2020-01-14,39,448.0000,665.6219,853.9250,917.7739,1426.6458,1931.2924,2076.2287,2251.4366,2252.3358,2130.7747,1512.0000
2020-01-16,39,-9999.0000,-9999.0000,-9999.0000,-9999.0000,-9999.0000,-9999.0000,-9999.0000,-9999.0000,-9999.0000,-9999.0000,-9999.0000
2020-01-16,39,-9999.0000,-9999.0000,-9999.0000,-9999.0000,-9999.0000,-9999.0000,-9999.0000,-9999.0000,-9999.0000,-9999.0000,-9999.0000
2020-01-19,39,-9999.0000,-9999.0000,-9999.0000,-9999.0000,-9999.0000,-9999.0000,-9999.0000,-9999.0000,-9999.0000,-9999.0000,-9999.0000
2020-01-21,39,501.0000,690.6245,873.6476,962.0042,1499.1279,2040.0000,2211.0000,2459.7850,2387.0227,2506.9280,1770.2367
2020-01-21,39,503.0000,708.8725,881.9981,961.8777,1497.1299,2034.8413,2211.9916,2451.2469,2364.0117,2502.4005,1769.0125
2020-01-24,39,422.0000,661.3654,925.6951,1028.4770,1541.1671,2017.0623,2203.2712,2363.2795,2363.6646,2289.0000,1669.3816
2020-01-24,39,501.0000,741.2776,973.2731,1053.4811,1541.5348,2018.6080,2194.8916,2345.8504,2355.6846,2274.0436,1654.0000
2020-01-29,39,-9999.0000,-9999.0000,-9999.0000,-9999.0000,-9999.0000,-9999.0000,-9999.0000,-9999.0000,-9999.0000,-9999.0000,-9999.0000
2020-01-29,39,-9999.0000,-9999.0000,-9999.0000,-9999.0000,-9999.0000,-9999.0000,-9999.0000,-9999.0000,-9999.0000,-9999.0000,-9999.0000
2020-01-31,39,1129.0000,1222.0000,1368.0000,1332.0000,1821.6102,2313.5123,2484.6594,2620.8154,2625.0944,2454.1585,1745.0844
2020-02-05,39,215.0000,297.3610,649.5931,681.3854,1304.6925,2179.3558,2411.3187,2650.8115,2620.6683,2603.8017,1764.8830
2020-02-05,39,403.0000,481.8900,757.7857,757.4034,1317.3453,2117.1109,2315.3936,2554.7689,2521.5173,2538.7024,1752.4908
2020-02-08,39,671.0000,718.7292,941.7343,901.5306,1409.5148,2108.6146,2288.9786,2491.8126,2476.2894,2435.4545,1657.6722
2020-02-08,39,637.0000,714.3791,933.2855,889.7163,1405.9720,2132.7458,2316.4649,2512.7906,2498.7192,2443.4973,1661.6026
2020-02-13,39,789.0000,888.2167,1069.5120,981.5855,1485.0346,2269.0414,2513.6719,2699.1295,2667.9145,2405.3453,1717.7088
2020-02-13,39,738.0000,866.6689,1056.6057,973.2560,1501.3665,2323.8297,2563.4058,2747.1794,2721.5938,2420.0390,1721.1839
2020-02-15,39,1303.0000,1169.0506,1417.4844,1329.1857,1925.3227,2837.7715,3044.0000,3210.8175,3205.9852,2613.3945,1829.7966
2020-02-15,39,1288.7389,1188.2479,1425.3058,1333.2767,1904.5533,2803.0598,3003.3482,3203.8331,3188.6293,2612.2090,1814.5014
2020-02-18,39,1404.0000,1340.0000,1434.0000,1266.0000,1726.0000,2516.0000,2745.0077,2843.1182,2896.8777,2358.4155,1509.9971
2020-02-18,39,1312.0000,1296.0000,1406.0000,1248.0000,1737.4040,2557.1714,2769.1064,2872.7232,2928.0000,2373.5282,1525.1292
2020-02-20,39,181.0000,301.5387,593.1733,522.1187,1085.7365,2131.2577,2451.1425,2656.7646,2587.9045,2060.6529,1393.5490
2020-02-20,39,129.0000,312.9462,597.6868,525.9001,1087.0000,2139.3839,2442.3664,2651.0347,2579.1722,2049.0327,1389.3334
2020-02-28,39,316.6325,337.4863,637.4104,515.4953,1113.3029,2549.4377,2963.1397,3301.2572,3163.8637,2205.7737,1388.4201
2020-02-28,39,228.0004,305.4984,613.1453,490.7631,1093.1133,2585.4656,3015.1280,3350.9018,3189.0958,2221.8790,1385.1126
2020-03-06,39,434.0000,339.5260,651.7794,435.8099,1153.5949,3018.7779,3443.8806,3620.0101,3608.4802,1706.4763,849.9856
2020-03-06,39,338.0000,282.5708,618.9297,395.9344,1148.4637,3050.7632,3490.7049,3685.2930,3673.6575,1708.0000,855.0000
2020-03-09,39,-9999.0000,-9999.0000,-9999.0000,-9999.0000,-9999.0000,-9999.0000,-9999.0000,-9999.0000,-9999.0000,-9999.0000,-9999.0000
2020-03-11,39,-9999.0000,-9999.0000,-9999.0000,-9999.0000,-9999.0000,-9999.0000,-9999.0000,-9999.0000,-9999.0000,-9999.0000,-9999.0000
2020-03-11,39,-9999.0000,-9999.0000,-9999.0000,-9999.0000,-9999.0000,-9999.0000,-9999.0000,-9999.0000,-9999.0000,-9999.0000,-9999.0000
2020-03-14,39,-9999.0000,-9999.0000,-9999.0000,-9999.0000,-9999.0000,-9999.0000,-9999.0000,-9999.0000,-9999.0000,-9999.0000,-9999.0000
2020-03-16,39,278.0000,202.9324,579.5549,357.4827,1117.2123,3078.4743,3610.5152,3959.8930,3829.0281,2033.9593,1111.1281
2020-03-16,39,459.0000,403.3358,691.7357,476.6107,1141.0414,2915.4857,3411.7156,3739.3171,3620.0474,1993.9964,1107.0000
2020-03-19,39,418.0000,371.4781,643.5030,452.6747,1121.7079,2826.5423,3379.0000,3572.5542,3577.4738,1859.3977,998.0000
2020-03-19,39,467.0000,411.7926,668.2281,467.1165,1108.3888,2812.9443,3360.0951,3555.2763,3573.2961,1861.5776,1011.9766
2020-03-21,39,-9999.0000,-9999.0000,-9999.0000,-9999.0000,-9999.0000,-9999.0000,-9999.0000,-9999.0000,-9999.0000,-9999.0000,-9999.0000
2020-03-24,39,426.0000,419.0264,626.9274,454.8282,1017.1558,2515.3462,2995.3895,3307.3357,3187.2661,1609.0479,967.1295
2020-03-24,39,292.0000,283.9350,535.6669,360.4214,1000.6337,2636.5271,3141.0590,3475.4613,3320.0000,1622.6899,965.4231
2020-03-29,39,1467.0000,1276.0000,1306.0000,1180.0000,1555.0000,2224.0000,2430.0000,2450.0000,2567.0000,1379.0000,1028.0000
2020-03-29,39,-9999.0000,-9999.0000,-9999.0000,-9999.0000,-9999.0000,-9999.0000,-9999.0000,-9999.0000,-9999.0000,-9999.0000,-9999.0000
2020-03-31,39,389.0000,342.5220,661.8844,472.7361,1271.9552,3220.7390,3800.2654,4229.2214,4026.3963,2004.8594,1152.4518
2020-03-31,39,430.2013,343.0944,677.8585,471.5947,1267.8650,3229.0019,3799.5038,4230.4226,4036.0152,2027.1935,1176.0929
2020-04-03,39,530.9284,507.6149,726.4715,563.8392,1271.5588,2947.5109,3476.1906,3755.2037,3715.8458,1835.0000,1063.6480
2020-04-03,39,541.0000,515.5071,747.6439,568.2087,1290.0230,2971.0457,3500.6349,3780.2991,3738.9332,1845.0024,1071.0000
2020-04-05,39,562.8145,442.6306,742.6465,553.2694,1307.9288,3180.0339,3700.8190,4023.0937,3963.5234,1974.7389,1128.8046
2020-04-05,39,595.0000,466.8756,758.9777,565.5160,1301.9257,3171.4092,3676.1758,3993.7472,3947.7430,2002.2050,1143.5696
2020-04-08,39,398.0000,290.9644,615.3901,441.7422,1141.0000,2966.3062,3532.7497,3932.2638,3803.5493,1760.3565,1001.1077
2020-04-08,39,463.0000,340.1439,632.7028,474.2416,1156.6907,2938.8961,3515.3874,3896.9575,3779.3189,1777.2704,983.6224
2020-04-10,39,565.0000,487.0494,793.3245,568.4956,1303.6463,3130.4042,3793.8188,4106.0934,4036.4774,2058.0000,1160.5390
2020-04-10,39,575.0000,535.3120,822.6148,599.8321,1319.4937,3106.6127,3747.9032,4041.7749,3988.3432,2046.0000,1172.8582
2020-04-13,39,478.0000,423.5567,728.0365,520.8389,1256.2777,3074.9316,3731.9068,4002.8250,4003.7609,1820.0000,1043.0000
2020-04-13,39,521.0000,486.2138,760.3603,549.4501,1302.2388,3050.3393,3698.1056,3956.5705,3964.8947,1853.0000,1080.3351
2020-04-15,39,493.6970,402.7356,759.3230,537.2765,1284.7102,3180.2366,3729.3575,4067.5088,3995.1223,1914.0000,1073.8754
2020-04-15,39,525.0000,436.1063,771.2699,550.7971,1301.3625,3138.1469,3682.5518,4017.5900,3956.9105,1879.0074,1094.8554
2020-04-18,39,585.0000,547.2109,851.9819,695.5552,1331.6233,2801.5229,3288.1237,3482.9668,3531.6432,1715.2597,1061.5215
2020-04-18,39,675.0000,602.8106,883.2825,730.9151,1339.8888,2813.8626,3292.3722,3474.1333,3523.2765,1753.9791,1078.0009
2020-04-23,39,480.9284,423.9293,695.7938,566.9288,1191.5191,2706.9401,3282.5427,3596.2971,3556.9282,1717.4334,978.0000
2020-04-23,39,544.0000,499.4248,741.2272,600.5066,1204.9580,2659.2780,3235.7224,3530.3769,3498.7511,1691.9172,982.4438
2020-04-25,39,758.4552,651.7075,947.7834,761.4331,1436.5468,3128.4434,3642.5690,3874.9067,3923.0000,1878.0000,1109.9192
2020-04-25,39,763.0000,683.3885,971.3399,760.0239,1431.1321,3118.5357,3634.8956,3835.7023,3900.0731,1865.1680,1080.2002
2020-04-30,39,757.0000,854.7457,1258.0000,994.0000,1927.0000,3916.2171,4675.0000,4932.4536,4975.0000,2179.0000,1267.0000
2020-04-30,39,807.0000,841.0000,1184.0000,861.0000,1755.0000,3798.0000,4591.0000,4940.0000,4964.0000,1975.0000,1126.0000
2020-05-03,39,223.0000,266.7509,515.6823,361.8422,940.0056,2405.3428,2952.4572,3235.7028,3179.8134,1440.0000,818.7293
2020-05-03,39,282.0000,309.0446,539.5312,378.8130,965.9183,2390.0190,2921.6370,3218.7801,3172.4009,1455.0000,825.5499
2020-05-08,39,305.9222,235.9817,507.6785,423.3943,981.0000,2509.0000,3130.1091,3316.8897,3395.7276,1655.1499,984.1105
2020-05-08,39,480.0000,403.0650,627.1589,522.7384,1022.2048,2438.0412,3017.3231,3209.5165,3289.6366,1612.8207,1002.3322
2020-05-10,39,-9999.0000,-9999.0000,-9999.0000,-9999.0000,-9999.0000,-9999.0000,-9999.0000,-9999.0000,-9999.0000,-9999.0000,-9999.0000
2020-05-10,39,-9999.0000,-9999.0000,-9999.0000,-9999.0000,-9999.0000,-9999.0000,-9999.0000,-9999.0000,-9999.0000,-9999.0000,-9999.0000
2020-05-15,39,896.0000,899.0000,1174.0000,1001.0655,1567.0000,2876.0000,3304.0000,3334.0000,3529.0000,2122.0000,1324.0000
2020-05-15,39,-9999.0000,-9999.0000,-9999.0000,-9999.0000,-9999.0000,-9999.0000,-9999.0000,-9999.0000,-9999.0000,-9999.0000,-9999.0000
2020-05-23,39,833.0000,754.1089,948.0898,839.3726,1269.1663,2361.8978,2890.1661,2985.8413,3130.9993,1655.2521,1110.1260
2020-05-25,39,475.9284,395.2988,678.5004,567.0527,1125.8930,2484.5407,2939.9178,3147.7555,3245.9380,1830.7272,1108.7044
2020-05-25,39,431.0000,363.5508,647.4134,551.7985,1130.0368,2509.0000,2981.0625,3186.8726,3284.9945,1835.0000,1111.9316
2020-05-28,39,-9999.0000,-9999.0000,-9999.0000,-9999.0000,-9999.0000,-9999.0000,-9999.0000,-9999.0000,-9999.0000,-9999.0000,-9999.0000
2020-05-28,39,-9999.0000,-9999.0000,-9999.0000,-9999.0000,-9999.0000,-9999.0000,-9999.0000,-9999.0000,-9999.0000,-9999.0000,-9999.0000
2020-05-30,39,488.0000,472.1441,758.0539,710.0765,1337.4656,2455.5057,2938.9913,3206.0721,3260.0495,2007.2207,1274.6487
2020-05-30,39,500.0000,502.7629,791.5456,727.1755,1335.5760,2454.9972,2942.2282,3186.2217,3236.2579,2012.0000,1284.7830
2020-06-02,39,450.0000,455.6700,727.0511,725.5686,1286.4264,2203.0000,2620.6684,2786.5692,2939.5354,1953.0000,1239.7353
2020-06-02,39,542.0000,547.5230,792.3433,775.7241,1303.3882,2207.0000,2602.8481,2778.7851,2916.4327,1963.8339,1254.0780
2020-06-04,39,-9999.0000,-9999.0000,-9999.0000,-9999.0000,-9999.0000,-9999.0000,-9999.0000,-9999.0000,-9999.0000,-9999.0000,-9999.0000
2020-06-04,39,-9999.0000,-9999.0000,-9999.0000,-9999.0000,-9999.0000,-9999.0000,-9999.0000,-9999.0000,-9999.0000,-9999.0000,-9999.0000
2020-06-07,39,736.9747,715.4036,988.2234,1026.8813,1636.4249,2371.5360,2659.3149,2739.4741,2979.1551,2067.5255,1273.8612
2020-06-07,39,753.0000,722.8364,995.9758,1035.0370,1651.8981,2395.6598,2689.7313,2769.6778,3003.7642,2083.9510,1285.4791
2020-06-12,39,379.0000,467.1078,699.8575,916.0682,1307.1881,1731.0000,1973.0922,2076.2712,2213.0000,1906.2290,1243.9752
2020-06-12,39,389.0000,490.8978,715.6982,906.9276,1314.2725,1761.3715,2002.3333,2098.1087,2243.0000,1930.7863,1250.8051
2020-06-14,39,721.0000,730.7460,1004.1024,1302.9116,1731.5192,2156.4972,2362.0000,2473.9471,2664.0000,2412.2667,1511.8580
2020-06-14,39,633.0000,699.2937,979.0539,1317.6534,1740.2948,2195.9889,2400.5352,2508.9339,2709.7698,2438.4753,1524.6056
2020-06-17,39,535.0000,571.6815,843.6243,1154.7970,1498.5263,1845.0000,2061.8029,2149.6322,2369.7421,2308.8930,1443.3108
2020-06-17,39,515.0000,587.0171,851.3504,1155.3085,1499.5820,1852.5329,2082.6602,2147.8619,2374.4895,2299.2683,1443.9389
2020-06-19,39,607.0000,731.0968,971.3347,1336.6141,1682.0755,1997.2876,2274.5811,2407.9192,2561.0000,2477.4278,1609.6166
2020-06-19,39,579.0000,747.6137,979.7405,1333.9804,1682.1952,2012.9808,2285.4140,2407.6500,2590.1962,2482.7129,1621.3488
2020-06-22,39,500.0000,667.6466,907.0315,1192.0572,1514.3639,1861.7722,2102.5037,2213.8218,2348.0220,2371.1838,1559.5095
2020-06-22,39,497.0000,691.8111,923.5350,1190.2685,1516.2608,1841.9807,2090.0000,2209.5708,2358.0000,2362.0247,1560.3293
2020-06-24,39,-9999.0000,-9999.0000,-9999.0000,-9999.0000,-9999.0000,-9999.0000,-9999.0000,-9999.0000,-9999.0000,-9999.0000,-9999.0000
2020-06-27,39,541.0000,683.5512,987.4531,1284.0270,1642.7969,2043.0188,2272.9918,2347.0439,2571.4161,2538.5704,1575.4482
2020-06-27,39,590.0000,738.9083,1019.7965,1274.4988,1635.7669,2057.8990,2275.7784,2355.4259,2563.2067,2505.3370,1575.1859
2020-06-29,39,685.0330,868.2535,1143.9243,1399.6713,1780.5275,2219.0000,2517.1323,2583.7226,2806.4622,2806.7710,1832.4369
2020-06-29,39,684.0000,898.9953,1146.6353,1384.0341,1756.9681,2219.0000,2516.1945,2552.8494,2793.1921,2791.4585,1827.8989
2020-07-02,39,-9999.0000,-9999.0000,-9999.0000,-9999.0000,-9999.0000,-9999.0000,-9999.0000,-9999.0000,-9999.0000,-9999.0000,-9999.0000
2020-07-02,39,-9999.0000,-9999.0000,-9999.0000,-9999.0000,-9999.0000,-9999.0000,-9999.0000,-9999.0000,-9999.0000,-9999.0000,-9999.0000
2020-07-04,39,878.0000,966.0000,1284.0000,1482.0000,1793.0000,2346.0000,2568.0000,2646.0000,2824.0000,2493.0000,1655.0000
2020-07-04,39,866.0000,896.0000,1190.0000,1340.0000,1652.0000,2145.0000,2409.0000,2496.0000,2680.0000,2382.0000,1527.0000
2020-07-07,39,422.0000,677.3733,1112.8878,1395.7270,1947.2967,2723.6728,3019.0000,3284.1436,3426.5249,3196.4822,1935.0000
2020-07-07,39,436.5821,702.1487,1116.9874,1394.8348,1947.2595,2699.1379,3020.2961,3266.4311,3396.8750,3169.2902,1932.5059
2020-07-09,39,608.0000,875.9051,1271.1244,1592.1960,2215.7625,2915.8601,3290.9887,3401.9250,3674.3367,3682.3212,2370.4170
2020-07-09,39,651.0000,915.6789,1274.8013,1543.5290,2135.2563,2853.3764,3220.8415,3321.2103,3580.5335,3610.7240,2360.3147
2020-07-12,39,486.0000,747.1730,1116.1466,1386.8785,1905.1522,2553.5523,2842.7467,3048.0847,3195.0105,3305.8951,2213.0118
2020-07-12,39,493.0000,763.1839,1123.0420,1387.2854,1899.9144,2552.7544,2833.6558,3045.8053,3178.3417,3261.1754,2212.7387
2020-07-14,39,775.0000,923.9966,1330.8096,1685.0000,2261.7186,2940.4668,3193.7680,3394.4506,3603.1078,3704.2718,2404.2393
2020-07-14,39,720.0000,931.6162,1339.2357,1675.4081,2262.5890,2946.6955,3206.4903,3395.6152,3604.1041,3741.0032,2423.0000
2020-07-17,39,489.0000,659.1874,1035.4215,1363.5250,1933.1008,2595.1695,2843.3205,2955.4777,3204.5332,3257.5956,2153.7048
2020-07-17,39,525.0000,705.6359,1058.0000,1346.4331,1891.7164,2563.7448,2819.7902,2934.4727,3163.1111,3219.4142,2117.6040
2020-07-19,39,571.0000,787.0216,1140.4317,1413.9019,2005.0888,2682.5327,2973.5393,3078.8790,3277.4943,3560.2381,2459.2458
2020-07-19,39,595.0000,819.8362,1145.3810,1383.0395,1940.1347,2643.7452,2938.9464,3045.4826,3235.0088,3530.2121,2440.1217
2020-07-22,39,-9999.0000,-9999.0000,-9999.0000,-9999.0000,-9999.0000,-9999.0000,-9999.0000,-9999.0000,-9999.0000,-9999.0000,-9999.0000
2020-07-22,39,-9999.0000,-9999.0000,-9999.0000,-9999.0000,-9999.0000,-9999.0000,-9999.0000,-9999.0000,-9999.0000,-9999.0000,-9999.0000
2020-07-27,39,613.0000,677.3007,939.4489,1115.9777,1562.8007,2241.0000,2451.3360,2460.0129,2740.3907,3124.9308,2137.6840
2020-07-27,39,602.0000,710.0000,954.6313,1122.2918,1556.0608,2217.4414,2450.0000,2450.4484,2728.0000,3069.1024,2128.0000
2020-07-29,39,751.0000,842.8134,1082.9347,1190.6859,1667.6473,2393.7508,2722.9143,2698.5000,2992.0000,3335.5947,2363.0613
2020-07-29,39,743.0000,882.8895,1098.7822,1173.0524,1653.1715,2387.0000,2743.0000,2690.4006,2989.5706,3305.4728,2390.5983
2020-08-01,39,561.3908,659.3726,902.5795,1015.5670,1480.2620,2302.3201,2666.3366,2632.3573,2900.9384,3099.7647,2168.0159
2020-08-01,39,577.0000,715.5273,931.5299,1032.8540,1467.2603,2307.3531,2638.0000,2609.1481,2892.0000,3096.5917,2177.8959
2020-08-06,39,442.0000,533.0815,858.9434,939.6663,1467.0264,2498.0802,2826.0000,2818.7500,3113.5921,3098.5332,1987.8114
2020-08-06,39,423.0000,563.0524,874.3547,946.7430,1475.5370,2523.7005,2832.0000,2820.4592,3114.0000,3084.3708,1948.6677
2020-08-08,39,485.0000,604.3597,904.5835,935.4698,1466.5398,2603.0000,2995.0000,3077.4901,3221.0487,3074.0165,1964.6912
2020-08-08,39,505.0000,675.8154,923.7197,935.8849,1435.2694,2550.2401,2962.0000,3008.0000,3191.0000,3054.0000,1976.1004
2020-08-11,39,-9999.0000,-9999.0000,-9999.0000,-9999.0000,-9999.0000,-9999.0000,-9999.0000,-9999.0000,-9999.0000,-9999.0000,-9999.0000
2020-08-11,39,-9999.0000,-9999.0000,-9999.0000,-9999.0000,-9999.0000,-9999.0000,-9999.0000,-9999.0000,-9999.0000,-9999.0000,-9999.0000
2020-08-13,39,468.8064,483.1207,851.9033,773.7489,1403.5580,2953.0000,3354.4866,3366.0000,3628.0000,2988.0178,1716.8291
2020-08-13,39,517.0000,602.5427,914.7943,827.3449,1403.0539,2860.0000,3278.0000,3275.9909,3532.9227,2899.9053,1732.7211
2020-08-16,39,386.1376,445.6706,739.9780,660.0323,1203.0332,2612.3739,3099.7520,3074.3824,3314.5356,2561.2621,1446.1957
2020-08-16,39,396.0000,485.4778,754.5545,675.6004,1211.4295,2587.5501,3067.2363,3058.2064,3302.2531,2561.6311,1468.3082
2020-08-21,39,445.0000,531.7191,772.4434,643.1957,1163.4779,2581.7850,3116.1415,3108.3815,3341.0258,2342.0000,1349.2839
2020-08-21,39,420.2840,539.8608,771.6764,636.0128,1165.4465,2587.6519,3147.8844,3130.2067,3349.6690,2345.9173,1383.5194
2020-08-23,39,501.7839,498.8999,811.9697,691.3236,1290.9338,2931.3904,3355.2264,3378.1042,3643.7693,2627.5607,1426.3471
2020-08-23,39,526.0000,570.9711,851.3391,723.1566,1291.0459,2884.7487,3343.0000,3322.0469,3593.5318,2589.1898,1444.0000
2020-08-26,39,541.0000,709.1196,1019.7056,1074.4754,1624.7100,2851.8824,3297.0000,3371.3444,3707.8313,3017.2064,1860.3778
2020-08-26,39,457.0000,691.0517,1004.1435,1074.0105,1661.4384,2880.4783,3358.0000,3401.8670,3763.6388,3091.3848,1885.0000
2020-08-28,39,553.0000,891.1330,1190.1369,1493.5105,1943.5088,2690.3715,3088.0000,3042.5463,3368.4492,3369.6222,2507.3861
2020-08-28,39,650.0000,955.3581,1211.0132,1449.2756,1849.0079,2603.6667,3013.0000,2956.2110,3295.0000,3307.6927,2479.0000
2020-09-02,39,-9999.0000,-9999.0000,-9999.0000,-9999.0000,-9999.0000,-9999.0000,-9999.0000,-9999.0000,-9999.0000,-9999.0000,-9999.0000
2020-09-02,39,-9999.0000,-9999.0000,-9999.0000,-9999.0000,-9999.0000,-9999.0000,-9999.0000,-9999.0000,-9999.0000,-9999.0000,-9999.0000
2020-09-05,39,576.0000,816.0000,1100.4006,1274.3980,1618.5889,2217.0000,2465.0000,2435.7962,2688.9452,2661.0000,1979.9170
2020-09-05,39,614.0000,853.7829,1108.3659,1259.6048,1604.0198,2243.6263,2465.7086,2422.8874,2698.5008,2662.1837,1954.0000
2020-09-07,39,-9999.0000,-9999.0000,-9999.0000,-9999.0000,-9999.0000,-9999.0000,-9999.0000,-9999.0000,-9999.0000,-9999.0000,-9999.0000
2020-09-07,39,-9999.0000,-9999.0000,-9999.0000,-9999.0000,-9999.0000,-9999.0000,-9999.0000,-9999.0000,-9999.0000,-9999.0000,-9999.0000
2020-09-10,39,1188.0000,1289.3977,1499.2821,1490.5794,1898.1119,2566.6858,2866.9055,2844.1003,3011.9810,2568.0000,2013.0000
2020-09-10,39,1226.0000,1352.9616,1525.2707,1481.6096,1829.7020,2485.7654,2804.5324,2777.9200,2946.8650,2537.0000,1955.7300
2020-09-12,39,642.9483,875.6544,1203.3709,1332.4703,1732.5067,2598.8774,2833.0000,2856.3667,3046.0000,3001.8790,2201.0000
2020-09-12,39,631.0000,884.5144,1202.7666,1339.9014,1742.4297,2616.0014,2864.0000,2871.1451,3073.0000,2978.6670,2218.9515
2020-09-15,39,541.0000,745.6589,1052.1786,1164.0059,1531.7227,2445.4341,2717.0000,2714.0247,2938.9282,2714.9051,1961.7405
2020-09-15,39,554.0000,757.3645,1041.8916,1154.5518,1530.7027,2449.9936,2731.0000,2714.2500,2963.0000,2739.6558,1961.1954
2020-09-17,39,694.4073,932.0690,1227.7354,1318.8875,1788.0106,2552.6816,2899.7792,2941.5967,3131.9509,3047.8240,2243.8466
2020-09-17,39,730.5018,971.2359,1254.1059,1302.6112,1769.6185,2524.2456,2869.9389,2915.8017,3083.0000,3030.0542,2266.0000
2020-09-20,39,560.0000,811.7229,1083.1176,1159.5013,1571.6877,2338.0512,2642.4050,2698.8389,2884.1187,2712.3520,2035.4751
2020-09-20,39,573.0000,836.9265,1097.9853,1159.2122,1586.5234,2340.9112,2650.9338,2696.6084,2874.9387,2720.0000,2028.2277
2020-09-25,39,489.0000,589.3000,849.3717,859.2453,1336.8153,2290.5783,2552.6443,2514.7897,2785.5126,2100.8638,1251.0000
2020-09-25,39,511.0000,633.5032,873.4691,869.3895,1340.8263,2278.3450,2561.1340,2514.3985,2803.3509,2091.5944,1254.0000
2020-09-30,39,586.0000,721.1256,913.5847,876.4929,1289.7755,2035.2135,2291.6424,2330.2206,2446.0020,1945.0000,1334.0000
2020-09-30,39,613.0000,753.1346,934.0090,883.3648,1291.5149,2040.3881,2286.2697,2331.1276,2440.0000,1948.1193,1330.0000
2020-10-07,39,356.4862,541.6567,763.8595,787.2226,1274.4623,2106.5564,2365.9507,2522.5248,2554.8084,2124.1354,1413.7951
2020-10-07,39,330.0000,539.1397,763.6863,786.9605,1283.9327,2107.1219,2378.0542,2531.4505,2568.0000,2140.7394,1428.5411
2020-10-10,39,907.0000,981.6344,1141.1059,1041.3650,1477.9390,2252.0919,2508.6720,2554.1061,2684.3356,2045.3942,1408.0000
2020-10-10,39,800.0000,945.8939,1121.3163,1027.2567,1500.3653,2323.6842,2581.0713,2634.8048,2762.0000,2073.5930,1420.0395
2020-10-12,39,398.0000,481.5886,739.7380,746.7581,1259.1303,2168.2839,2374.8852,2554.7608,2598.7014,1973.0000,1210.5491
2020-10-12,39,375.0000,489.1858,746.4734,747.9571,1259.1202,2168.4901,2389.4830,2564.6580,2612.3600,1979.7473,1200.0625
2020-10-20,39,1163.0000,1268.0648,1401.7233,1269.0024,1737.7069,2395.2407,2610.5947,2721.6242,2776.0000,2013.9940,1429.4502
2020-10-22,39,-9999.0000,-9999.0000,-9999.0000,-9999.0000,-9999.0000,-9999.0000,-9999.0000,-9999.0000,-9999.0000,-9999.0000,-9999.0000
2020-10-25,39,346.3085,441.3387,722.8723,699.3717,1260.2693,1994.6591,2232.0376,2295.6279,2437.6024,1900.7912,1205.1327
2020-10-25,39,375.0000,505.0481,764.0014,723.2313,1268.9892,1989.2996,2214.3806,2294.9491,2469.7475,1903.0000,1206.0000
2020-10-30,39,-9999.0000,-9999.0000,-9999.0000,-9999.0000,-9999.0000,-9999.0000,-9999.0000,-9999.0000,-9999.0000,-9999.0000,-9999.0000
2020-11-04,39,562.0000,617.5229,877.4371,813.5494,1381.6424,2023.1891,2215.2279,2295.0964,2436.3659,2018.5195,1285.5984
2020-11-04,39,582.0000,673.4792,917.2767,842.2647,1405.3291,2054.2394,2247.2118,2309.3767,2469.1715,2017.2408,1289.2322
2020-11-06,39,49.0000,257.6944,570.6366,587.6788,1229.6694,1975.3506,2213.4233,2374.5972,2405.3965,2193.0000,1493.4482
2020-11-06,39,315.0000,517.6580,747.3078,707.2353,1260.0754,1930.8894,2150.2873,2293.8124,2329.7370,2148.0000,1465.2619
2020-11-09,39,448.0000,609.3136,861.7756,899.1370,1411.1574,2130.0000,2347.2261,2507.2942,2615.0000,2221.0000,1555.4918
2020-11-09,39,468.6059,629.1720,868.4050,907.4892,1429.3676,2115.1589,2356.5125,2508.7794,2598.0000,2234.4861,1547.0358
2020-11-11,39,331.0000,402.2592,786.6832,874.9296,1500.2054,2280.4612,2474.4544,2725.9220,2792.3583,2529.5073,1691.8502
2020-11-11,39,551.0000,609.3790,906.9705,948.2343,1490.1906,2211.9292,2407.4460,2610.3935,2667.5707,2492.0491,1674.5623
2020-11-19,39,323.0000,509.8066,779.9279,827.3888,1324.0701,1921.0000,2119.1780,2315.1105,2359.8829,2121.0000,1457.2249
2020-11-19,39,293.0000,505.7419,777.6675,818.5321,1314.1041,1949.0776,2130.9445,2330.8959,2362.0740,2141.0000,1467.3238
2020-11-21,39,244.0000,345.7621,707.7017,844.3795,1402.4383,2139.0816,2328.1058,2679.6393,2584.6930,2522.3561,1690.5888
2020-11-21,39,438.0000,536.9750,829.3362,907.9117,1412.1536,2075.5474,2261.7577,2586.1378,2502.3140,2467.6442,1665.0390
2020-11-24,39,529.0000,641.5686,869.6842,996.1124,1443.9048,1956.3801,2132.4955,2339.4116,2387.2162,2484.5465,1707.2129
2020-11-24,39,412.0000,569.6123,820.4697,965.1557,1428.2712,1969.6320,2167.3989,2371.3287,2438.7926,2507.0000,1714.7731
2020-11-26,39,442.0000,697.5727,947.2175,1156.4232,1692.6377,2228.2883,2473.9579,2713.5556,2730.3860,2585.2510,1738.4641
2020-11-26,39,619.0000,845.5439,1037.0132,1187.4363,1650.4905,2169.9308,2370.4836,2597.7578,2614.6400,2492.6607,1730.0848
2020-11-29,39,384.0000,608.5236,835.8971,1051.4762,1466.0560,1967.0000,2155.0875,2390.2193,2423.8042,2557.3588,1875.2827
2020-11-29,39,286.0000,557.6707,794.9791,1028.8435,1466.9653,1995.0249,2179.9800,2406.3679,2455.5422,2548.3677,1886.6861
2020-12-01,39,169.0000,141.0000,173.0000,165.0000,195.0000,258.0000,251.0000,265.0000,254.0000,163.0000,114.0000
2020-12-01,39,135.0000,140.6855,168.0000,150.0000,192.0000,229.0000,234.0000,247.0000,244.0000,178.0000,125.0000
2020-12-19,39,514.0000,721.3057,928.9735,1028.1064,1425.3795,1833.0000,2004.7757,2136.3348,2163.7876,2147.9142,1577.1249
2020-12-19,39,475.0000,713.5813,929.7887,1036.7775,1453.1017,1882.3174,2035.0000,2151.9606,2215.4938,2156.2635,1595.9539
2020-12-26,39,-9999.0000,-9999.0000,-9999.0000,-9999.0000,-9999.0000,-9999.0000,-9999.0000,-9999.0000,-9999.0000,-9999.0000,-9999.0000
2020-12-26,39,-9999.0000,-9999.0000,-9999.0000,-9999.0000,-9999.0000,-9999.0000,-9999.0000,-9999.0000,-9999.0000,-9999.0000,-9999.0000
2020-12-31,39,286.0000,377.5648,693.2745,803.3918,1293.0000,1862.7282,2005.2031,2244.9131,2244.0000,1826.2043,1169.5797
2020-12-31,39,243.0000,373.2230,691.4807,796.2413,1283.2703,1863.3425,2037.9081,2265.0465,2263.3725,1849.9345,1160.2722
2021-01-03,39,208.0000,322.0871,645.5437,699.6703,1179.7733,1669.2771,1819.5054,2037.6176,2006.3787,1530.3003,904.5016
2021-01-03,39,269.0000,389.3454,685.2621,723.2114,1212.9954,1717.9199,1865.0506,2022.5837,2040.0000,1537.6488,909.8747
2021-01-08,39,205.0000,421.3849,689.0736,707.3362,1165.0000,1627.0000,1769.2977,2022.0461,1944.4268,1594.6143,1097.3725
2021-01-08,39,203.0000,445.7643,705.4546,715.1400,1180.0918,1643.4826,1814.1751,2024.3405,1973.9262,1596.9731,1097.0436
2021-01-13,39,348.0000,466.1290,729.2991,844.5385,1265.2909,1707.0000,1841.5087,2088.9414,2054.2149,2067.0946,1354.9437
2021-01-13,39,359.0000,497.1704,749.5752,844.5643,1291.3888,1729.0000,1864.6843,2090.0111,2070.5641,2067.9296,1363.6139
2021-01-18,39,-9999.0000,-9999.0000,-9999.0000,-9999.0000,-9999.0000,-9999.0000,-9999.0000,-9999.0000,-9999.0000,-9999.0000,-9999.0000
2021-02-09,39,-9999.0000,-9999.0000,-9999.0000,-9999.0000,-9999.0000,-9999.0000,-9999.0000,-9999.0000,-9999.0000,-9999.0000,-9999.0000
2021-02-14,39,174.4871,371.3502,604.0000,819.8694,1261.6284,1842.3585,2042.5781,2357.5199,2232.1912,2457.0621,1740.0000
2021-02-14,39,343.0000,529.2481,715.4163,867.9467,1267.8739,1803.4863,1981.0000,2311.2205,2186.9237,2417.7744,1716.1660
2021-02-17,39,1106.0000,1118.0000,1168.0000,1176.8379,1484.5787,1801.2854,1940.9710,2074.8571,2078.0000,2305.8685,1669.3307
2021-02-17,39,1040.0000,1110.0000,1166.0000,1173.0936,1498.1716,1818.0000,1948.2275,2099.0059,2084.0649,2310.0096,1668.0456
2021-02-22,39,-9999.0000,-9999.0000,-9999.0000,-9999.0000,-9999.0000,-9999.0000,-9999.0000,-9999.0000,-9999.0000,-9999.0000,-9999.0000
2021-02-24,39,522.0000,789.8579,1044.8336,1184.6769,1616.6276,2052.4790,2243.2857,2453.4726,2385.0874,2453.4422,1723.9375
2021-02-24,39,539.0000,801.4828,1049.4130,1181.2261,1612.4811,2051.2924,2209.3823,2438.4495,2396.4662,2457.4490,1731.8030
2021-02-27,39,601.0000,805.4698,1073.4205,1184.2595,1561.0000,2058.5780,2215.0000,2362.7687,2395.7675,2466.3985,1873.0000
2021-02-27,39,610.0000,836.4766,1093.0886,1196.0000,1565.3527,2076.5786,2242.5233,2379.3642,2418.5414,2477.0000,1881.6651
2021-03-01,39,505.0778,572.2478,914.3833,1115.0099,1634.0000,2244.6822,2401.7198,2690.0077,2630.0000,2804.6496,2154.4836
2021-03-01,39,493.0000,570.4154,905.5077,1106.4862,1613.3678,2228.6711,2387.1008,2707.3153,2629.5042,2793.7825,2150.0000
2021-03-04,39,1098.0000,1164.6144,1384.8414,1485.1632,1909.2247,2373.9585,2531.9722,2739.2760,2733.1214,2771.4095,2060.0000
2021-03-04,39,1204.5799,1252.8341,1432.5961,1504.9916,1921.9025,2388.5269,2537.8687,2739.1424,2732.5309,2746.0143,2050.9775
2021-03-06,39,513.0000,708.4442,1003.1036,1194.0536,1724.5571,2316.2455,2499.2057,2823.9858,2719.0000,2851.3696,2290.0000
2021-03-06,39,560.4847,766.0000,1034.2109,1204.7083,1713.0000,2275.9680,2483.5886,2794.8105,2684.5208,2835.6042,2292.1490
2021-03-09,39,703.0000,853.7698,1061.5153,1227.1888,1661.7473,2145.0000,2325.2083,2562.9292,2540.3202,2658.4953,2205.0000
2021-03-09,39,624.0000,797.3551,1026.9722,1202.2500,1689.4590,2212.0000,2373.9747,2625.9713,2603.7761,2676.0406,2227.0000
2021-03-16,39,510.0000,634.9939,900.7780,1139.1379,1729.0000,2341.9578,2555.8541,2855.1128,2777.8974,2890.7909,2278.0000
2021-03-16,39,534.0000,682.9620,931.3810,1147.7427,1725.9707,2307.0428,2521.8248,2821.5750,2748.3783,2892.4284,2259.9251
2021-03-19,39,602.0000,693.6649,913.1504,1082.9059,1590.0000,2170.5326,2364.2900,2643.1111,2596.0213,2533.2007,1996.2502
2021-03-19,39,626.0000,724.5030,925.1263,1083.8334,1588.5295,2179.5385,2363.8175,2629.8404,2579.3407,2524.1975,1994.3531
2021-03-21,39,-9999.0000,-9999.0000,-9999.0000,-9999.0000,-9999.0000,-9999.0000,-9999.0000,-9999.0000,-9999.0000,-9999.0000,-9999.0000
2021-03-21,39,-9999.0000,-9999.0000,-9999.0000,-9999.0000,-9999.0000,-9999.0000,-9999.0000,-9999.0000,-9999.0000,-9999.0000,-9999.0000
2021-03-24,39,585.0000,675.6710,987.0226,1243.7117,1843.0000,2436.7480,2634.7588,2892.7710,2868.8893,2980.0000,2268.3069
2021-03-24,39,599.0000,692.2581,995.3526,1242.9860,1843.4720,2460.7039,2650.4791,2908.3327,2873.9959,3004.6336,2269.2130
2021-03-26,39,935.0000,1044.2660,1260.1067,1451.3084,2020.9993,2597.2264,2806.0564,3032.5137,3013.0256,3216.4600,2537.4772
2021-03-26,39,929.0000,1075.2668,1274.0688,1449.4301,2018.7241,2578.9358,2787.6892,3009.9490,2986.0980,3212.8068,2537.0000
2021-03-29,39,929.0000,1032.6471,1243.6934,1371.4965,1875.0000,2411.2844,2627.6486,2779.0000,2812.2875,2921.5599,2342.0000
2021-03-29,39,904.0000,1032.8571,1243.0349,1378.7443,1897.0100,2467.3405,2684.1195,2829.2064,2859.0000,2940.7086,2355.3624
2021-03-31,39,760.0000,795.1793,1115.4020,1298.0055,1915.6126,2684.9301,2885.0000,3098.8574,3101.0000,3267.3275,2453.6539
2021-03-31,39,833.3617,876.8264,1155.2064,1315.4337,1890.4326,2627.6412,2797.5594,3008.5994,3025.0000,3212.1786,2426.0000
2021-04-03,39,710.1903,753.3209,1034.7326,1161.3643,1762.4923,2477.5850,2668.3346,2908.7567,2897.9401,2863.0000,2140.6579
2021-04-03,39,746.8845,794.1254,1058.3892,1170.5292,1754.3345,2459.4026,2650.6325,2891.6986,2869.0000,2852.2371,2154.5986
2021-04-05,39,735.0000,883.6909,1154.3699,1316.5231,1916.4436,2714.7676,2957.3066,3218.5727,3137.0000,3195.3069,2456.5278
2021-04-05,39,736.0000,891.4483,1163.3502,1315.7998,1921.6750,2720.0000,2946.1882,3234.4936,3142.4057,3186.7341,2453.3029
2021-04-08,39,603.0000,740.2445,994.2588,1155.1693,1714.9488,2476.5325,2708.5038,3043.4277,2923.2730,2906.3162,2236.7530
2021-04-08,39,647.0000,763.7644,1012.1948,1171.4821,1723.0205,2468.8294,2684.4731,3032.8571,2910.0126,2901.3187,2242.3309
2021-04-10,39,802.7036,827.1449,1137.6053,1330.9974,2018.9876,2901.4389,3101.8817,3347.3618,3321.0000,3284.9964,2423.9573
2021-04-10,39,858.0000,900.2792,1172.0866,1348.5905,1987.8201,2839.0000,3009.0000,3273.9254,3235.2900,3254.0000,2390.7088
2021-04-15,39,918.3772,956.9916,1116.7189,1200.7427,1716.9977,2317.0043,2498.8077,2731.2405,2659.8453,2233.9993,1600.0000
2021-04-15,39,880.0000,973.4854,1132.8631,1212.6595,1729.7278,2323.5034,2516.5460,2746.4826,2667.9090,2252.7356,1604.2926
2021-04-20,39,-9999.0000,-9999.0000,-9999.0000,-9999.0000,-9999.0000,-9999.0000,-9999.0000,-9999.0000,-9999.0000,-9999.0000,-9999.0000
2021-04-20,39,-9999.0000,-9999.0000,-9999.0000,-9999.0000,-9999.0000,-9999.0000,-9999.0000,-9999.0000,-9999.0000,-9999.0000,-9999.0000
2021-04-23,39,597.0000,643.2205,947.4332,1106.7413,1805.8765,2595.2767,2825.9975,3044.4112,3048.5068,2889.0000,2084.9355
2021-04-23,39,702.0000,729.1489,1004.7398,1114.3736,1772.3924,2549.8340,2754.9905,2980.0000,2976.0000,2851.4791,2055.0181
2021-04-25,39,809.0000,898.4708,1163.3305,1268.5737,1921.2031,2762.3184,3059.9923,3251.7997,3269.7281,3164.0000,2376.3077
2021-04-25,39,843.0000,955.9264,1202.1743,1268.2794,1898.5760,2701.5175,2987.6567,3186.8700,3201.5761,3124.4934,2346.0802
2021-04-28,39,599.0000,635.9365,835.0392,892.6552,1322.0000,1906.8895,2091.6906,2182.6209,2228.7596,1882.0322,1351.4711
2021-04-28,39,612.0000,675.1457,859.1166,915.3174,1338.6634,1918.0763,2087.2813,2184.3723,2247.0000,1878.4176,1342.3742
2021-04-30,39,998.0000,828.0000,996.0000,987.0000,1562.0000,2290.0000,2535.0000,2312.9718,2731.0000,1982.0000,1305.0000
2021-04-30,39,-9999.0000,-9999.0000,-9999.0000,-9999.0000,-9999.0000,-9999.0000,-9999.0000,-9999.0000,-9999.0000,-9999.0000,-9999.0000
2021-05-03,39,553.0000,555.2104,858.2147,932.8340,1570.9187,2369.2935,2627.6994,2818.9896,2860.2584,2594.5055,1816.5455
2021-05-03,39,574.0000,593.9918,883.7647,939.0258,1571.2409,2373.2391,2637.0939,2820.8838,2857.6806,2579.1384,1808.0000
2021-05-05,39,-9999.0000,-9999.0000,-9999.0000,-9999.0000,-9999.0000,-9999.0000,-9999.0000,-9999.0000,-9999.0000,-9999.0000,-9999.0000
2021-05-05,39,-9999.0000,-9999.0000,-9999.0000,-9999.0000,-9999.0000,-9999.0000,-9999.0000,-9999.0000,-9999.0000,-9999.0000,-9999.0000
2021-05-08,39,431.0000,501.5693,812.6427,867.1726,1571.8273,2442.2559,2724.4062,2955.9208,2968.9891,2433.7040,1675.5577
2021-05-08,39,493.0353,581.2381,857.1986,891.2093,1545.8809,2410.9258,2683.8466,2907.9581,2913.0000,2420.6535,1664.4760
2021-05-10,39,729.8692,705.7485,1050.9874,1129.3850,1875.1420,2785.0159,3066.1448,3177.3854,3339.0000,2997.9265,2101.3060
2021-05-10,39,752.0000,771.3474,1084.0942,1139.1044,1850.8255,2748.0000,3018.4765,3130.6578,3299.0044,2982.0527,2102.3092
2021-05-13,39,864.0000,860.5321,1108.7861,1116.6525,1692.9514,2381.1637,2605.0038,2698.1117,2793.0000,1898.0000,1300.9581
2021-05-13,39,770.0000,813.5908,1081.4393,1097.3867,1689.8130,2414.0000,2645.1790,2747.1021,2848.6022,1901.4324,1290.8892
2021-05-15,39,-9999.0000,-9999.0000,-9999.0000,-9999.0000,-9999.0000,-9999.0000,-9999.0000,-9999.0000,-9999.0000,-9999.0000,-9999.0000
2021-05-15,39,-9999.0000,-9999.0000,-9999.0000,-9999.0000,-9999.0000,-9999.0000,-9999.0000,-9999.0000,-9999.0000,-9999.0000,-9999.0000
2021-05-18,39,408.0000,485.6209,755.9250,810.9477,1499.5906,2387.6926,2665.1629,2866.2352,2898.3551,2308.9063,1541.0103
2021-05-18,39,445.8726,529.2507,776.9599,826.4140,1499.3676,2366.2513,2652.0165,2858.9412,2891.4632,2307.5037,1561.6025
2021-05-20,39,472.0000,454.3966,772.5749,851.9316,1660.1603,2643.0271,2893.5007,3141.4594,3187.8114,2509.0000,1619.9331
2021-05-20,39,513.0000,514.2243,806.8301,877.2584,1649.5759,2621.2450,2883.8233,3115.9045,3146.1743,2488.8342,1625.4897
2021-05-23,39,1453.0000,1457.0889,1664.7955,1636.7921,2266.7947,2973.9367,3216.0000,3292.4302,3424.4805,2444.2829,1786.9782
2021-05-23,39,1470.0578,1477.1230,1713.2459,1673.0294,2331.4052,3094.5906,3336.9224,3428.0640,3555.3444,2475.9016,1804.7529
2021-05-25,39,1092.0000,808.0000,1122.0000,914.0000,1977.0000,3887.0000,4639.0000,4720.0000,4983.0000,2414.0000,1358.0000
2021-05-25,39,1060.0000,804.0000,1122.0000,916.0000,1961.0000,3766.0000,4388.0000,4588.0000,4757.0000,2401.0000,1357.0000
2021-05-28,39,410.1903,475.2374,764.9911,834.9127,1515.4641,2338.3646,2619.3769,2834.3231,2883.0000,2277.0000,1555.9759
2021-05-28,39,472.3451,553.7187,811.9693,859.8498,1500.3887,2299.2761,2587.7413,2796.5914,2835.1234,2261.4330,1538.4382
2021-05-30,39,539.0000,500.5447,827.0926,970.7036,1724.0944,2601.4897,2888.2150,3111.4297,3206.9127,2747.0000,1868.0000
2021-05-30,39,570.0000,563.0479,875.1752,987.8544,1715.9077,2597.4618,2860.2464,3078.4061,3171.9364,2730.5103,1866.6325
2021-06-02,39,450.0000,451.9162,772.3297,954.8068,1644.7355,2434.0000,2740.0593,2951.5822,3082.6421,2704.6003,1863.1635
2021-06-02,39,553.0000,571.7768,850.5898,996.8519,1646.0037,2428.0000,2721.9748,2921.8048,3053.1131,2683.6112,1833.5743
2021-06-04,39,834.0000,867.6880,1083.7439,1180.1112,1732.1427,2443.1793,2752.8516,2874.3333,3020.6222,2566.0069,1864.5851
2021-06-04,39,775.0000,826.5518,1058.0000,1164.2144,1754.7653,2483.2552,2822.4942,2921.5362,3069.4840,2596.8828,1877.9194
2021-06-07,39,1087.0000,1121.2447,1360.8414,1441.4320,2045.8450,2777.0460,3114.0137,3180.0406,3403.4002,2798.0000,2009.5573
2021-06-07,39,1072.0000,1129.6219,1372.7156,1459.7027,2084.0057,2835.0561,3194.3318,3274.3212,3490.8094,2844.3543,2026.1163
2021-06-09,39,1014.0000,1035.0491,1363.3151,1623.1069,2277.9854,2874.5592,3181.0064,3346.9957,3613.0004,3747.3757,2593.5485
2021-06-09,39,945.0000,1012.2514,1349.7096,1655.6892,2341.4854,2964.3284,3284.4349,3442.8174,3708.6068,3835.5536,2646.9239
2021-06-12,39,760.0000,867.3462,1290.3326,1703.1829,2298.0000,2870.2601,3168.4287,3322.6811,3579.4862,3529.0000,2434.0454
2021-06-12,39,834.0000,955.7828,1322.0764,1667.9018,2232.9062,2808.0000,3113.0000,3258.1362,3506.7516,3459.5000,2424.2580
2021-06-14,39,835.6072,1043.5232,1403.5331,1846.7379,2402.7088,2866.0701,3202.1267,3419.3910,3569.5903,3991.4918,2885.2238
2021-06-14,39,789.0000,1042.7079,1410.5870,1880.3294,2441.5386,2921.0129,3252.8306,3465.4468,3626.4803,4008.6895,2921.4506
2021-06-17,39,660.0000,924.6765,1323.7435,1910.9412,2410.5742,2733.2680,3004.9832,3195.8625,3404.9095,3971.7242,2870.1226
2021-06-17,39,781.0000,986.1080,1330.0545,1794.9964,2267.9841,2645.5945,2945.8941,3098.8794,3300.9287,3834.2963,2821.2483
2021-06-19,39,929.4603,1025.4377,1354.9125,1707.9637,2099.8764,2401.2782,2594.4089,2644.7519,2901.8438,3202.6288,2266.5932
2021-06-19,39,910.0000,1036.4778,1354.9816,1707.0152,2100.3001,2409.8918,2604.0000,2652.9939,2913.8441,3194.4654,2267.7313
2021-06-22,39,804.0000,979.8436,1384.8000,1987.2594,2419.7577,2677.2404,2906.9867,3075.4194,3308.9020,3975.0000,2840.7597
2021-06-22,39,841.0000,1011.8036,1387.1661,1938.7780,2385.8485,2673.8655,2912.9711,3065.7620,3292.5036,3936.2421,2823.6080
2021-06-24,39,922.4289,1155.0812,1505.8700,2037.2477,2491.6738,2719.0000,3028.6832,3116.0489,3376.0000,4172.3550,3130.8150
2021-06-24,39,916.0000,1172.0643,1513.4865,2050.5597,2493.1180,2734.5005,3050.5499,3129.9662,3395.8161,4168.3860,3147.9284
2021-06-27,39,1403.0000,1593.9283,1884.6667,2272.0000,2723.0000,3085.0662,3389.0000,3526.0000,3759.0000,3863.0000,2962.9284
2021-06-27,39,1614.0000,1770.0000,2091.0175,2450.3415,2891.4567,3246.2981,3541.4029,3664.8951,3872.9041,3865.0985,3038.0000
2021-06-29,39,920.0000,1051.5520,1434.6078,1986.1116,2409.9723,2738.1130,2964.7536,3065.4078,3348.0000,4180.2267,3034.4272
2021-06-29,39,883.0000,1051.1443,1434.3092,1985.6993,2427.7079,2768.3157,2989.1551,3083.7421,3356.4561,4194.3090,3029.0654
2021-07-02,39,796.0000,940.4782,1291.3263,1835.5826,2242.1724,2550.6933,2788.4876,2922.6227,3161.9940,4029.0000,2917.3213
2021-07-02,39,782.0000,955.4284,1298.8199,1842.4891,2251.2547,2561.0444,2813.9897,2955.2354,3194.4563,4038.2477,2936.0080
2021-07-04,39,1173.0000,1332.2991,1595.1840,1963.4460,2427.9506,2864.5370,3236.4325,3297.3193,3601.8712,4372.3058,3246.0000
2021-07-07,39,676.7357,869.3060,1187.0867,1555.0904,1933.0000,2297.3155,2557.6731,2621.4083,2837.3678,3498.0176,2715.0000
2021-07-07,39,674.0000,890.9566,1187.5448,1531.4150,1908.8802,2300.7173,2554.2722,2618.8975,2837.6542,3495.1786,2698.5590
2021-07-09,39,795.0000,890.6272,1266.6250,1667.1508,2115.4715,2635.2335,2842.8375,2977.8405,3179.9337,3969.0000,2955.7976
2021-07-09,39,792.9134,915.1012,1259.8237,1626.9073,2066.1125,2604.7839,2835.2025,2946.5195,3155.1686,3926.5948,2934.5611
2021-07-12,39,695.0000,794.4534,1170.6996,1488.9492,1924.7046,2524.1432,2773.4872,2803.0288,3100.1360,3650.1342,2643.8049
2021-07-12,39,703.0000,860.6195,1194.4105,1459.1649,1899.3659,2490.7070,2762.7595,2778.0054,3066.9575,3593.0000,2606.2714
2021-07-14,39,-9999.0000,-9999.0000,-9999.0000,-9999.0000,-9999.0000,-9999.0000,-9999.0000,-9999.0000,-9999.0000,-9999.0000,-9999.0000
2021-07-19,39,-9999.0000,-9999.0000,-9999.0000,-9999.0000,-9999.0000,-9999.0000,-9999.0000,-9999.0000,-9999.0000,-9999.0000,-9999.0000
2021-07-19,39,-9999.0000,-9999.0000,-9999.0000,-9999.0000,-9999.0000,-9999.0000,-9999.0000,-9999.0000,-9999.0000,-9999.0000,-9999.0000
2021-07-22,39,721.0000,700.6143,1003.7195,1035.6667,1562.1371,2699.4544,3073.2581,3027.4510,3364.1910,3258.0000,2145.0000
2021-07-22,39,634.0000,730.0304,1011.8772,1027.5982,1549.5180,2681.6252,3060.0000,3010.3258,3354.4447,3241.0185,2110.0000
2021-07-24,39,955.0000,994.5333,1216.6968,1170.7035,1632.4706,2689.3854,3162.1985,3130.6031,3395.7918,3155.4739,2140.0000
2021-07-24,39,677.0000,833.9935,1147.6706,1162.9864,1685.4123,2890.9814,3411.3507,3371.9505,3688.1123,3291.5896,2176.4585
2021-07-29,39,505.0000,521.1583,824.5013,781.1584,1317.0086,2755.8615,3140.1706,3110.7708,3381.5459,2883.5979,1765.9905
2021-07-29,39,535.0000,597.0741,865.5816,802.3901,1309.5159,2692.4714,3058.5870,3046.3746,3296.5729,2836.3081,1744.9722
2021-08-01,39,470.0000,637.7105,745.5498,601.4969,1012.0000,2184.0000,2571.0000,2580.0000,2799.0000,1794.3188,981.0000
2021-08-01,39,362.0000,577.5818,733.0000,581.2956,1006.4560,2328.0000,2801.7683,2740.0000,2955.9283,1783.0000,960.8342
2021-08-03,39,438.0000,502.5330,771.7661,681.8262,1220.0000,2843.0000,3493.7748,3448.9765,3639.4195,2731.1443,1668.7874
2021-08-03,39,432.0000,553.7215,803.2447,698.2793,1225.6547,2783.0000,3378.0000,3418.9113,3570.5812,2705.7394,1660.0000
2021-08-06,39,344.0000,421.0495,660.0467,531.8468,1022.1489,2673.0000,3274.1619,3288.7966,3508.3018,2380.1480,1410.8774
2021-08-06,39,338.0000,441.9528,674.9352,531.1979,1020.7695,2674.5598,3268.0590,3285.5773,3480.6751,2362.9380,1395.1959
2021-08-08,39,-9999.0000,-9999.0000,-9999.0000,-9999.0000,-9999.0000,-9999.0000,-9999.0000,-9999.0000,-9999.0000,-9999.0000,-9999.0000
2021-08-11,39,450.0000,443.7396,644.8998,546.9044,1019.5083,2595.7393,3228.4155,3173.7008,3457.2272,2275.9000,1299.8245
2021-08-11,39,444.0000,475.6225,674.5516,563.3731,1028.5181,2621.0486,3234.6024,3179.0165,3410.0217,2271.0000,1303.0000
2021-08-13,39,-9999.0000,-9999.0000,-9999.0000,-9999.0000,-9999.0000,-9999.0000,-9999.0000,-9999.0000,-9999.0000,-9999.0000,-9999.0000
2021-08-13,39,906.0000,1056.0000,1190.0000,1126.0000,1466.0000,2203.0000,2646.0000,2592.0000,2750.0000,1945.0000,1392.0000
2021-08-16,39,395.0000,451.6441,675.4684,586.9570,1050.4136,2627.9617,3335.1194,3286.2611,3577.0000,2253.0063,1337.0137
2021-08-16,39,373.0000,506.8454,699.3058,612.6961,1074.3741,2617.9266,3301.0000,3289.2696,3568.5892,2236.8104,1335.0000
2021-08-18,39,349.0000,330.8274,619.4990,529.8760,1067.4522,2958.0000,3576.0000,3667.9890,3850.0000,2458.3468,1404.9013
2021-08-18,39,391.0000,419.0782,681.6591,570.8412,1081.9720,2881.2430,3466.2227,3605.4425,3752.4370,2444.6803,1410.6521
2021-08-21,39,443.0000,426.6510,651.2800,578.1164,1049.7729,2580.2597,3203.6627,3225.3981,3475.7238,2270.5899,1290.8107
2021-08-21,39,506.0066,539.4044,731.1474,627.7487,1073.7460,2531.7587,3101.0000,3143.7267,3374.8845,2250.0000,1297.0000
2021-08-26,39,391.0000,460.5560,675.0531,582.5323,1083.4402,2611.8040,3225.9257,3271.8193,3488.0000,2233.2748,1336.5849
2021-08-26,39,330.0000,460.4327,667.6236,567.5218,1076.0000,2619.8563,3251.0000,3302.6446,3514.0000,2238.4993,1336.5052
2021-08-28,39,-9999.0000,-9999.0000,-9999.0000,-9999.0000,-9999.0000,-9999.0000,-9999.0000,-9999.0000,-9999.0000,-9999.0000,-9999.0000
2021-08-28,39,-9999.0000,-9999.0000,-9999.0000,-9999.0000,-9999.0000,-9999.0000,-9999.0000,-9999.0000,-9999.0000,-9999.0000,-9999.0000
2021-08-31,39,-9999.0000,-9999.0000,-9999.0000,-9999.0000,-9999.0000,-9999.0000,-9999.0000,-9999.0000,-9999.0000,-9999.0000,-9999.0000
2021-08-31,39,-9999.0000,-9999.0000,-9999.0000,-9999.0000,-9999.0000,-9999.0000,-9999.0000,-9999.0000,-9999.0000,-9999.0000,-9999.0000
2021-09-02,39,336.0000,371.4881,626.7483,487.0628,1083.7079,2858.0078,3561.3096,3639.5609,3764.3742,2233.7808,1267.4779
2021-09-02,39,371.0000,459.8325,691.5744,538.5754,1107.3697,2795.4991,3429.6836,3592.1782,3674.4785,2194.0953,1268.3201
2021-09-05,39,285.0000,355.5095,609.9239,471.7514,1043.0000,2661.3995,3256.0000,3401.9167,3507.5231,2046.0000,1195.4749
2021-09-05,39,272.0000,387.9698,628.2344,487.4812,1045.5162,2685.5891,3243.0000,3418.2282,3490.0000,2018.8016,1173.5237
2021-09-07,39,398.0219,378.3583,746.5642,584.0242,1291.8464,3238.1746,3813.1691,3975.5583,4119.1974,2386.8990,1331.6578
2021-09-07,39,457.0000,484.0465,804.5513,632.3361,1322.1568,3163.0000,3688.5127,3862.4453,3996.8792,2358.0000,1324.6624
2021-09-10,39,281.0000,315.3655,683.1066,550.7758,1305.0858,2835.7322,3326.2702,3464.6599,3588.4917,2179.9365,1225.5077
2021-09-10,39,309.0000,387.9088,723.3120,584.3837,1302.5286,2802.0000,3259.0000,3414.0131,3555.3407,2156.0000,1203.4668
2021-09-12,39,426.4590,507.7782,835.8659,711.0289,1465.7665,2825.4529,3323.0000,3448.5925,3604.7199,2388.2123,1404.0188
2021-09-12,39,485.0000,603.1848,890.5806,763.3450,1466.9641,2753.3935,3244.0215,3332.4526,3506.3485,2341.0714,1380.4179
2021-09-20,39,247.0000,321.0084,653.3683,564.1628,1210.0991,2371.2504,2685.9857,2790.7938,2945.9815,1929.5514,1097.5330
2021-09-20,39,217.0000,325.3750,654.0795,563.6157,1209.6242,2376.5127,2683.2020,2790.5743,2971.0466,1930.3463,1097.5788
2021-09-22,39,654.4258,733.4057,1028.9109,948.1114,1613.3091,2755.2684,3132.1974,3283.2509,3379.7848,2348.7777,1532.7801
2021-09-25,39,794.0000,825.0379,1017.4529,931.7547,1474.8231,2490.2008,2843.0597,2945.9797,3123.1779,2260.5722,1419.2692
2021-09-25,39,762.3617,845.4327,1028.9128,931.3120,1476.8367,2497.3569,2859.5449,2955.0288,3134.3444,2274.4398,1422.9592
2021-09-27,39,740.0000,716.5316,978.7139,843.5574,1499.4880,2611.9153,2910.0000,2951.9440,3208.9712,2040.5250,1181.0000
2021-09-27,39,759.0000,756.1584,997.9175,853.3774,1467.0777,2576.8628,2865.5640,2919.3580,3132.6398,2014.0000,1148.0921
2021-09-30,39,219.0000,293.2943,569.4350,556.3806,1126.3528,2105.1103,2377.5618,2522.8993,2699.5270,1984.2845,1197.3124
2021-09-30,39,259.0000,349.5742,603.5547,579.5563,1133.6831,2082.1981,2374.0000,2507.1512,2668.3396,1962.0000,1192.7291
2021-10-02,39,1447.0000,1530.0000,1653.3830,1516.4323,2012.2064,2668.7704,2878.5925,3022.0000,3034.0000,2241.3614,1693.3311
2021-10-05,39,-9999.0000,-9999.0000,-9999.0000,-9999.0000,-9999.0000,-9999.0000,-9999.0000,-9999.0000,-9999.0000,-9999.0000,-9999.0000
2021-10-10,39,-9999.0000,-9999.0000,-9999.0000,-9999.0000,-9999.0000,-9999.0000,-9999.0000,-9999.0000,-9999.0000,-9999.0000,-9999.0000
2021-10-10,39,-9999.0000,-9999.0000,-9999.0000,-9999.0000,-9999.0000,-9999.0000,-9999.0000,-9999.0000,-9999.0000,-9999.0000,-9999.0000
2021-10-15,39,778.0000,961.7677,1208.3733,1259.4318,1762.0000,2448.0000,2708.2774,2947.9472,2989.5563,2696.0000,1954.0000
2021-10-15,39,800.0000,1021.1280,1236.8903,1266.9853,1769.0000,2438.3514,2689.0756,2923.4245,2962.2773,2681.1373,1949.0000
2021-10-17,39,728.3044,877.6480,1186.1844,1418.1460,1949.2264,2457.8725,2707.2781,3017.6359,3105.8605,3348.5163,2309.3797
2021-10-17,39,706.5312,877.5782,1187.4619,1411.6980,1945.8387,2468.3532,2699.8250,3009.5350,3090.7237,3332.3316,2319.0000
2021-10-27,39,628.0000,778.4680,1067.1587,1386.8987,1804.6219,2204.1118,2403.0721,2643.5232,2748.4668,3300.6373,2376.9029
2021-10-27,39,577.0000,761.5612,1051.2199,1387.1735,1803.0729,2220.3756,2427.0638,2658.9701,2755.5628,3299.3574,2364.7675
2021-10-30,39,1248.0000,1232.0000,1498.9912,1802.0000,2222.0000,2573.0000,2780.1433,3019.0701,3133.0000,3790.0000,2888.0000
2021-10-30,39,1104.0268,1229.0661,1490.0336,1809.9531,2212.9454,2603.0000,2806.0603,3028.0000,3168.0000,3803.0777,2916.7291
2021-11-04,39,179.0000,480.8924,766.4539,1051.6505,1445.7846,1724.5009,1891.9665,2130.1550,2141.1750,2374.3779,1746.1440
2021-11-04,39,5.0000,373.2397,681.3333,1016.7535,1445.4516,1740.3344,1916.7717,2171.1289,2176.9674,2410.7977,1761.7975
2021-11-06,39,352.0000,533.3306,853.6389,1218.1818,1629.3691,1899.4910,2044.0694,2218.8628,2316.1811,3114.4655,2370.9416
2021-11-06,39,530.4323,697.1326,953.4193,1234.0000,1600.9793,1858.4465,1985.6700,2154.4696,2249.2837,3010.7538,2321.6384
2021-11-11,39,588.0000,869.6099,1069.0896,1340.5410,1565.9252,1656.8016,1837.4575,1897.1881,2017.2783,2908.6761,2432.0000
2021-11-11,39,602.0000,909.3990,1092.9075,1345.3165,1561.6745,1650.1256,1825.9828,1890.6836,1998.0000,2901.8997,2444.0746
2021-11-19,39,653.0000,825.6770,1021.4504,1288.9190,1477.7849,1572.6206,1691.3964,1802.0074,1885.7894,2516.8022,1924.8380
2021-11-19,39,623.0000,825.7521,1021.0270,1284.7781,1477.7493,1579.2110,1706.4193,1811.0207,1890.6699,2522.8538,1938.5161
2021-11-24,39,355.0000,657.9810,853.4923,1180.5418,1381.7703,1469.3110,1600.7928,1779.8150,1797.3129,2603.4199,2299.6231
2021-11-24,39,286.0000,632.8322,829.6127,1163.1956,1360.7573,1466.2240,1586.7489,1762.4920,1790.4821,2601.0000,2299.7730
2021-11-29,39,506.0000,709.3048,986.3706,1277.4152,1540.0000,1689.2154,1825.3812,2058.4867,2021.1922,2585.7428,2025.0788
2021-11-29,39,482.0000,717.6064,985.0156,1266.0000,1533.1828,1686.6791,1821.0000,2056.4620,2024.3867,2560.6504,2017.0694
2021-12-01,39,258.0000,553.3682,755.2269,1074.5475,1325.4671,1427.2103,1571.2687,1691.7943,1747.2164,2347.8847,1794.6556
2021-12-01,39,222.0000,569.0331,763.7674,1075.4700,1313.4871,1427.0551,1564.3464,1691.1550,1740.2643,2331.9286,1784.3798
2021-12-06,39,132.0000,353.3253,619.3244,1011.8825,1307.4955,1475.9372,1588.4301,1814.1931,1818.1672,2371.8376,1763.9372
2021-12-06,39,361.0000,537.7793,739.5507,1050.0447,1299.0831,1467.7222,1564.7093,1786.8978,1777.6608,2307.4541,1729.7176
2021-12-14,39,-9999.0000,-9999.0000,-9999.0000,-9999.0000,-9999.0000,-9999.0000,-9999.0000,-9999.0000,-9999.0000,-9999.0000,-9999.0000
2021-12-14,39,-9999.0000,-9999.0000,-9999.0000,-9999.0000,-9999.0000,-9999.0000,-9999.0000,-9999.0000,-9999.0000,-9999.0000,-9999.0000
2021-12-16,39,183.0000,377.4263,650.9741,979.0744,1285.0207,1444.3453,1568.6893,1707.2018,1788.4499,2395.5064,1803.9687
2021-12-16,39,360.6325,541.3837,764.1643,1026.7762,1291.9956,1442.7327,1555.3833,1690.7253,1778.2942,2371.6055,1795.9632
2021-12-29,39,-9999.0000,-9999.0000,-9999.0000,-9999.0000,-9999.0000,-9999.0000,-9999.0000,-9999.0000,-9999.0000,-9999.0000,-9999.0000
2021-12-31,39,-9999.0000,-9999.0000,-9999.0000,-9999.0000,-9999.0000,-9999.0000,-9999.0000,-9999.0000,-9999.0000,-9999.0000,-9999.0000
2021-12-31,39,-9999.0000,-9999.0000,-9999.0000,-9999.0000,-9999.0000,-9999.0000,-9999.0000,-9999.0000,-9999.0000,-9999.0000,-9999.0000
2022-01-08,39,245.0000,404.9169,603.6899,883.1956,1187.4862,1443.8635,1580.1784,1818.9683,1770.8939,1962.0426,1403.5581
2022-01-08,39,152.0000,365.4612,571.3746,868.0484,1177.3397,1444.0000,1586.3240,1842.5341,1780.7058,1962.4713,1395.7188
2022-01-13,39,-9999.0000,-9999.0000,-9999.0000,-9999.0000,-9999.0000,-9999.0000,-9999.0000,-9999.0000,-9999.0000,-9999.0000,-9999.0000
2022-01-13,39,-9999.0000,-9999.0000,-9999.0000,-9999.0000,-9999.0000,-9999.0000,-9999.0000,-9999.0000,-9999.0000,-9999.0000,-9999.0000
2022-01-15,39,233.0000,374.1260,658.8680,940.1406,1283.1866,1548.9800,1668.9301,1851.9483,1900.7217,2288.9065,1633.5044
2022-01-15,39,390.0000,534.1242,763.5889,987.0518,1299.4441,1539.2072,1658.1524,1834.8397,1873.9510,2282.1305,1642.4081
2022-01-18,39,89.0000,309.6391,579.2945,852.2097,1212.7276,1452.6054,1587.3518,1778.9644,1779.9733,2214.0000,1576.0205
2022-01-18,39,207.0000,402.7124,643.6463,875.0052,1195.1579,1442.9587,1577.9109,1771.6655,1764.7091,2180.0630,1563.6434
2022-01-20,39,786.0000,921.0403,1017.1655,1197.1717,1553.3927,1811.0000,1956.7619,2106.6033,2116.0222,2418.5558,1779.3297
2022-01-20,39,696.0000,914.4619,1005.9390,1180.9671,1526.2734,1773.9167,1933.2606,2076.0387,2091.3399,2410.6099,1773.0663
2022-01-23,39,365.0000,585.9438,785.5028,1001.6035,1344.3589,1619.2553,1754.8199,1914.4936,1939.4580,2233.0000,1738.9003
2022-01-23,39,506.0000,725.3264,877.3625,1045.1884,1361.0000,1611.0000,1741.0661,1889.7365,1906.2257,2210.0000,1741.4912
2022-01-25,39,615.0000,553.2831,857.8239,1107.6803,1547.0217,1867.9204,1979.5666,2186.7347,2195.8139,2871.0000,2198.1546
2022-01-25,39,687.0000,809.2487,1037.1337,1197.0546,1574.3007,1890.2631,1981.6383,2154.3110,2180.8069,2812.8592,2184.6314
2022-01-28,39,515.0000,529.4557,818.8965,1082.8094,1485.0000,1762.1030,1882.0995,2115.8643,2093.0541,2692.4498,2084.0284
2022-01-28,39,576.0000,768.8982,978.0055,1163.1439,1482.1781,1754.4516,1875.4678,2090.7924,2056.9894,2672.2580,2068.2617
2022-01-30,39,583.0000,837.2617,1017.0598,1210.7607,1593.6155,1901.0000,2049.5342,2228.9675,2244.9986,2842.6491,2292.8329
2022-01-30,39,585.0000,872.8755,1041.0981,1226.9209,1594.9551,1896.4587,2059.0000,2225.3943,2229.4996,2842.6592,2275.9227
2022-02-02,39,563.0000,772.9368,977.6227,1154.4970,1497.7487,1786.8856,1916.7085,2098.5535,2075.4708,2554.3253,2154.4119
2022-02-02,39,616.0000,833.4349,1013.8229,1162.6017,1489.2717,1771.0000,1906.7903,2082.6617,2073.6903,2529.6387,2130.6389
2022-02-07,39,675.0000,809.8618,1025.2022,1172.8083,1514.3565,1850.0092,1971.4105,2178.6642,2147.1533,2722.7026,2148.4722
2022-02-07,39,675.0000,845.3107,1057.3706,1188.7193,1521.1380,1853.3685,1970.3977,2194.3261,2145.6407,2722.4815,2163.0365
2022-02-09,39,514.0000,757.5436,1019.5714,1250.9230,1613.1586,2036.4746,2202.8559,2450.9630,2387.1946,3019.0403,2460.5095
2022-02-09,39,677.0000,905.0224,1100.8538,1272.9055,1601.4678,1970.5113,2121.0000,2353.8332,2297.7376,2900.0887,2419.8515
2022-02-12,39,634.6401,825.2086,1042.6931,1195.2412,1501.3114,1896.0000,2054.3943,2274.0554,2211.1558,2760.0000,2330.6593
2022-02-12,39,633.0000,848.8518,1049.0210,1195.2256,1496.5120,1893.0825,2034.7559,2267.5789,2203.2622,2739.6626,2330.6944
2022-02-22,39,374.0000,549.3506,785.6039,852.5837,1266.3898,1836.0000,2013.4005,2267.7506,2196.0389,2348.0955,1754.5822
2022-02-22,39,387.0000,573.7559,793.6105,857.8329,1273.2183,1834.5777,2012.5878,2269.4370,2195.2682,2331.4050,1740.8606
2022-02-24,39,957.0000,965.0217,1241.0818,1260.7023,1725.3598,2361.0000,2533.6560,2731.4880,2676.9660,2652.8889,1979.0000
2022-02-24,39,1062.0000,1058.0000,1272.8581,1264.5993,1694.3132,2289.0614,2458.5012,2644.2268,2609.2765,2620.0000,1965.2801
2022-02-27,39,680.0000,709.0919,949.2136,953.5608,1424.0000,2084.9226,2268.0000,2515.9097,2459.2789,2558.0000,1881.1874
2022-02-27,39,709.0000,741.4417,961.8265,961.4133,1417.4608,2076.1584,2259.7883,2514.6452,2448.5452,2549.5210,1867.9656
2022-03-01,39,779.0000,876.9598,1096.8753,1113.7672,1613.4367,2397.5920,2631.0000,2954.7457,2808.4655,2952.8028,2273.9797
2022-03-01,39,743.0000,860.6192,1085.5402,1107.9206,1619.8441,2420.3666,2649.6207,2995.3511,2827.8860,2944.1323,2256.3449
2022-03-04,39,682.0000,793.3149,1043.6127,1066.1428,1585.0000,2441.0000,2690.6441,3019.9332,2873.0000,2810.2080,2176.4314
2022-03-04,39,725.0000,841.2575,1060.5488,1067.3695,1589.0067,2410.8022,2666.5630,2986.5754,2849.8591,2804.3578,2198.2433
2022-03-06,39,981.0000,965.3301,1226.7161,1224.6795,1744.6937,2644.0000,2867.7201,3162.3986,3084.1516,3107.7233,2330.4978
2022-03-06,39,953.0000,973.6753,1236.8212,1227.0468,1748.2219,2653.2985,2880.0000,3169.5763,3084.8366,3100.6507,2316.0827
2022-03-09,39,682.0929,731.2369,1041.6314,1067.1400,1629.0000,2601.3003,2866.1337,3131.6246,3054.0608,2914.5632,2132.2701
2022-03-09,39,674.0000,738.9198,1051.2999,1075.8418,1652.4104,2634.8007,2897.3564,3152.9691,3084.2395,2922.5905,2132.0000
2022-03-14,39,1213.0000,1036.0000,1373.0000,1344.1376,2001.0000,3004.0000,3308.0000,3585.4266,3471.0000,3211.0000,2479.0000
2022-03-14,39,1188.0000,1056.0000,1384.0000,1360.0000,2032.0000,3020.0000,3334.0000,3609.3840,3507.0000,3228.0000,2494.0000
2022-03-16,39,-9999.0000,-9999.0000,-9999.0000,-9999.0000,-9999.0000,-9999.0000,-9999.0000,-9999.0000,-9999.0000,-9999.0000,-9999.0000
2022-03-19,39,751.0000,780.7829,1075.2237,1091.2877,1609.7140,2691.2367,2992.9179,3338.3621,3171.6769,2818.2075,2020.0116
2022-03-19,39,736.0000,800.0000,1090.7574,1098.8682,1620.0610,2700.2789,2979.2345,3321.6179,3179.4858,2803.3171,2000.1558
2022-03-21,39,815.0000,923.5713,1203.2586,1163.2705,1698.3222,2876.0000,3212.6230,3628.0000,3405.0730,2979.5460,2181.1560
2022-03-21,39,818.0000,947.8952,1209.5705,1162.3275,1723.6854,2866.8743,3227.0000,3626.2724,3419.8906,2963.3287,2186.6075
2022-03-24,39,655.0000,747.8950,1034.7352,987.5489,1546.9780,2766.1534,3129.4760,3531.2097,3329.2313,2732.0630,1940.2375
2022-03-24,39,665.0000,778.4695,1060.0163,1003.4405,1547.6881,2771.0380,3137.1489,3521.4631,3339.9265,2732.5640,1960.0000
2022-03-26,39,1241.0000,1136.7417,1356.3698,1242.6188,1757.0790,2840.0033,3178.1488,3528.5772,3362.0000,2931.6052,2050.5798
2022-03-26,39,1171.0000,1149.1236,1360.7214,1244.0509,1761.5567,2837.3355,3154.7049,3529.1324,3370.5274,2924.9158,2035.1118
2022-04-03,39,453.0000,520.8102,804.7710,635.2440,1260.9389,2770.1829,3185.4519,3512.0703,3349.7334,2063.0000,1290.2991
2022-04-03,39,364.0000,485.4820,781.2462,612.2891,1260.2282,2860.8133,3314.1312,3604.6820,3464.8122,2092.1299,1314.3062
2022-04-05,39,1015.0000,881.1795,1169.1527,923.8279,1659.0075,3475.9321,3904.0000,4133.4976,4118.5023,2612.7444,1565.4436
2022-04-05,39,972.0000,901.6319,1180.7950,931.5057,1658.7568,3474.3061,3898.5000,4102.7671,4103.4000,2608.8581,1571.8649
2022-04-08,39,-9999.0000,-9999.0000,-9999.0000,-9999.0000,-9999.0000,-9999.0000,-9999.0000,-9999.0000,-9999.0000,-9999.0000,-9999.0000
2022-04-10,39,421.0000,453.9439,745.5140,523.8934,1205.6903,3021.1386,3592.1040,3911.0068,3740.8182,1909.2189,1051.9373
2022-04-10,39,346.0000,417.2498,729.2407,499.9580,1200.7270,3098.8127,3670.6715,4004.8560,3817.2055,1925.3956,1059.0000
2022-04-15,39,600.0000,507.6914,891.0717,646.2915,1412.3569,3498.6537,4041.2185,4277.5405,4212.6983,2234.5898,1336.0262
2022-04-15,39,668.0000,587.1523,954.4179,694.5526,1434.0844,3482.4347,4029.0907,4230.5927,4208.0000,2231.8482,1336.4253
2022-04-18,39,679.0000,570.8513,923.6507,713.1408,1393.7574,3308.3598,3897.8987,4148.4608,4066.0020,2027.8430,1254.6834
2022-04-18,39,622.0000,507.2585,883.5282,662.0892,1418.5408,3332.6036,3939.7298,4250.0805,4095.0000,2044.0000,1254.3331
2022-04-20,39,827.6398,715.2053,1083.1050,789.7719,1624.1515,3907.5921,4708.9479,5044.8315,4896.0000,2437.4520,1462.9876
2022-04-20,39,827.0000,804.0819,1130.4692,838.9032,1621.3818,3819.6565,4600.6489,4904.3955,4809.9259,2408.6820,1475.8527
2022-04-23,39,-9999.0000,-9999.0000,-9999.0000,-9999.0000,-9999.0000,-9999.0000,-9999.0000,-9999.0000,-9999.0000,-9999.0000,-9999.0000
2022-04-25,39,798.0000,734.0000,1090.0000,698.0000,1403.0000,3216.0000,3792.0000,3720.0000,3978.0000,1970.0000,1109.0000
2022-04-25,39,891.0000,804.2135,1093.3333,832.9497,1413.4531,3007.0000,3415.0000,3526.0000,3452.0284,1766.0000,1086.0000
2022-04-28,39,283.0000,243.6811,555.4985,347.6232,1012.1860,2973.1326,3605.5499,3781.4311,3789.9871,1571.4935,840.7705
2022-04-28,39,399.0000,331.6909,619.0028,403.7128,1044.9737,2922.1335,3529.0000,3705.7384,3717.2753,1560.0000,853.7846
2022-04-30,39,451.0000,410.8583,739.3262,503.8002,1204.5913,3205.0492,3938.1329,4216.0174,4100.6074,1830.7758,1082.6453
2022-04-30,39,575.0000,562.8895,843.9103,599.4688,1237.1971,3107.1612,3797.0634,4050.4038,3988.4446,1828.6448,1091.4161
2022-05-03,39,403.0000,371.0200,611.4800,439.6448,1017.6861,2929.5059,3729.7374,3921.2201,3938.7190,1655.9482,984.2483
2022-05-03,39,391.0000,322.8531,579.2246,392.8832,999.0523,2970.3628,3778.6315,3992.7716,3987.4949,1654.2981,984.3817
2022-05-08,39,-9999.0000,-9999.0000,-9999.0000,-9999.0000,-9999.0000,-9999.0000,-9999.0000,-9999.0000,-9999.0000,-9999.0000,-9999.0000
2022-05-10,39,479.0000,443.5540,667.1557,439.8743,1020.4245,3012.7222,3989.2536,4117.9880,4162.3159,1703.8126,998.0670
2022-05-10,39,558.0000,538.5736,738.6174,519.7472,1060.9811,2956.2089,3908.6972,4021.7296,4068.7138,1702.3099,999.2997
2022-05-13,39,538.0000,683.3692,883.1397,683.7983,1201.6071,2913.9500,3812.0953,3834.1937,3987.0000,1731.2614,1143.3799
2022-05-13,39,589.0000,635.5030,867.1196,658.7382,1220.9470,2929.5744,3836.9933,3945.4108,4031.0000,1731.4739,1143.8234
2022-05-15,39,437.6887,307.1582,594.5397,407.8772,1031.8891,3148.1921,3986.5510,4085.4154,4244.9669,1770.7548,1013.2685
2022-05-15,39,548.0000,427.2069,675.1912,486.9992,1067.7027,3058.2751,3883.0018,3975.0588,4106.9499,1750.2027,1029.7360
2022-05-18,39,195.2887,115.1054,411.5823,294.8275,904.7967,2772.5149,3544.1482,3672.7961,3844.9524,1651.9323,951.2749
2022-05-18,39,474.0000,387.6995,612.4526,460.3087,1005.3499,2653.6491,3357.2934,3492.8168,3650.4109,1643.0000,953.1178
2022-05-20,39,401.0000,371.7308,626.7729,486.5447,1125.1491,2858.7455,3685.0535,3876.2852,3987.0213,1846.2629,1111.9964
2022-05-20,39,526.0000,539.4902,746.9687,600.0448,1171.9078,2796.9327,3561.8377,3748.0000,3874.0000,1831.6007,1113.0743
2022-05-25,39,-9999.0000,-9999.0000,-9999.0000,-9999.0000,-9999.0000,-9999.0000,-9999.0000,-9999.0000,-9999.0000,-9999.0000,-9999.0000
2022-05-25,39,-9999.0000,-9999.0000,-9999.0000,-9999.0000,-9999.0000,-9999.0000,-9999.0000,-9999.0000,-9999.0000,-9999.0000,-9999.0000
2022-06-02,39,-9999.0000,-9999.0000,-9999.0000,-9999.0000,-9999.0000,-9999.0000,-9999.0000,-9999.0000,-9999.0000,-9999.0000,-9999.0000
2022-06-02,39,-9999.0000,-9999.0000,-9999.0000,-9999.0000,-9999.0000,-9999.0000,-9999.0000,-9999.0000,-9999.0000,-9999.0000,-9999.0000
2022-06-04,39,634.0000,536.2714,935.8476,1111.8546,1703.4433,2589.3631,2923.8316,3018.9665,3290.9440,2291.8423,1526.1352
2022-06-04,39,803.0000,739.4426,1011.7571,1091.7356,1561.9499,2325.0000,2598.3091,2684.0083,2928.7576,2164.0000,1466.8179
2022-06-07,39,-9999.0000,-9999.0000,-9999.0000,-9999.0000,-9999.0000,-9999.0000,-9999.0000,-9999.0000,-9999.0000,-9999.0000,-9999.0000
2022-06-07,39,-9999.0000,-9999.0000,-9999.0000,-9999.0000,-9999.0000,-9999.0000,-9999.0000,-9999.0000,-9999.0000,-9999.0000,-9999.0000
2022-06-12,39,442.0000,531.4638,763.4840,1043.4222,1387.7511,1715.6469,1966.3780,2123.4382,2276.0000,2339.9780,1687.4743
2022-06-12,39,498.0000,571.3734,787.1922,1058.8492,1394.5377,1738.0000,1979.8087,2139.0449,2290.1758,2333.0000,1685.5484
2022-06-14,39,558.0000,595.3526,899.2126,1304.5506,1685.8108,2012.3621,2243.6249,2403.2997,2604.3506,2758.9610,1912.3698
2022-06-14,39,640.0000,676.5190,947.8160,1307.9315,1673.6091,2026.9373,2220.2469,2379.0033,2579.0770,2711.2877,1893.4223
2022-06-17,39,1105.0000,1139.4124,1386.1305,1666.8434,2034.9416,2310.0000,2523.5024,2587.7593,2802.3001,2683.2270,1915.9282
2022-06-19,39,686.0000,827.7596,1091.4595,1525.2789,1875.0555,2117.8111,2403.1149,2507.1826,2760.2593,2972.5330,2088.1762
2022-06-19,39,723.0000,867.0230,1115.7468,1506.3717,1860.0743,2123.4494,2395.7701,2482.4475,2731.5956,2955.3606,2071.2642
2022-06-24,39,554.4016,674.7945,1042.7481,1611.4337,1938.1770,2186.3019,2404.3473,2555.1062,2796.4315,2968.6713,1957.0907
2022-06-24,39,527.0000,659.8437,1034.7073,1622.1631,1942.9316,2217.4503,2412.4181,2586.9886,2828.9720,2986.5303,1958.7621
2022-06-27,39,525.0000,675.3347,1098.9843,1603.4382,1946.5577,2211.3273,2444.6711,2555.9026,2802.7302,2884.8517,1939.6928
2022-06-27,39,647.0000,817.1623,1154.2365,1547.5813,1867.7922,2170.7653,2403.8792,2491.5223,2715.2269,2795.7250,1905.6875
2022-06-29,39,-9999.0000,-9999.0000,-9999.0000,-9999.0000,-9999.0000,-9999.0000,-9999.0000,-9999.0000,-9999.0000,-9999.0000,-9999.0000
2022-06-29,39,-9999.0000,-9999.0000,-9999.0000,-9999.0000,-9999.0000,-9999.0000,-9999.0000,-9999.0000,-9999.0000,-9999.0000,-9999.0000
2022-07-02,39,584.0000,882.6298,1273.8718,1938.0365,2363.6635,2659.7176,2987.0633,3202.6213,3467.7139,3932.8138,2697.4917
2022-07-02,39,631.0000,915.4520,1282.1989,1908.0947,2323.4900,2636.6558,2963.0178,3178.0914,3433.9496,3915.0643,2697.8065
2022-07-04,39,779.0000,1004.0503,1457.7593,2217.6677,2673.2201,3012.5721,3315.4510,3540.0000,3827.6487,4236.0000,2834.6807
2022-07-04,39,848.0000,1050.8470,1451.7717,2091.9807,2532.1295,2890.3151,3179.8133,3388.0000,3675.5719,4141.0160,2807.6294
2022-07-07,39,1515.0000,1438.0000,1772.0000,2116.0000,2459.0000,2837.0000,3060.0000,3160.0000,3353.0000,3470.0000,2411.0000
2022-07-07,39,-9999.0000,-9999.0000,-9999.0000,-9999.0000,-9999.0000,-9999.0000,-9999.0000,-9999.0000,-9999.0000,-9999.0000,-9999.0000
2022-07-09,39,739.1588,1083.9201,1474.1308,2103.3329,2530.9845,2880.9587,3172.5515,3427.0438,3589.3789,4278.2296,3036.7014
2022-07-09,39,773.0000,1089.7364,1450.8107,2024.5392,2422.0823,2805.6317,3108.4594,3336.8404,3499.1003,4229.4020,3015.3408
2022-07-12,39,683.0000,954.4234,1338.2996,1958.6240,2380.0346,2732.0910,3025.4398,3194.8068,3449.4279,4002.6485,2760.1913
2022-07-12,39,679.0000,986.8443,1338.0506,1891.8672,2326.6623,2684.1579,2972.3107,3138.4933,3379.7080,3936.0000,2727.3360
2022-07-14,39,-9999.0000,-9999.0000,-9999.0000,-9999.0000,-9999.0000,-9999.0000,-9999.0000,-9999.0000,-9999.0000,-9999.0000,-9999.0000
2022-07-14,39,-9999.0000,-9999.0000,-9999.0000,-9999.0000,-9999.0000,-9999.0000,-9999.0000,-9999.0000,-9999.0000,-9999.0000,-9999.0000
2022-07-17,39,710.0000,882.8026,1250.3024,1811.2144,2218.3540,2602.8597,2859.6281,3019.6623,3305.1192,3924.6407,2597.6540
2022-07-17,39,722.0000,923.5170,1267.3575,1771.0039,2166.6864,2555.3603,2834.4621,2978.0953,3258.4530,3842.6717,2566.1359
2022-07-19,39,729.0000,1011.5895,1393.6608,2024.6482,2423.3542,2787.6683,3116.0542,3320.8022,3514.7527,4282.4854,2920.2876
2022-07-19,39,753.0000,1042.6915,1378.4623,1912.6100,2309.7216,2692.0000,3006.2986,3194.5532,3396.4322,4168.1556,2887.4010
2022-07-22,39,803.0000,980.1667,1259.8462,1747.1779,2107.5614,2460.6851,2764.4308,2930.9965,3174.8729,3892.6346,2679.1344
2022-07-22,39,729.3271,987.1766,1267.2766,1754.6781,2116.4483,2467.4368,2774.9271,2940.8058,3179.4601,3912.5763,2698.4214
2022-07-24,39,1116.0000,1302.0000,1588.0000,1988.0000,2231.0000,2719.0000,3061.0000,3096.0000,3589.0000,4466.0000,3083.0000
2022-07-24,39,1183.0000,1300.0000,1552.0000,1918.0000,2224.0000,2617.0000,2951.0000,2900.0000,3424.0000,4502.0000,3099.0000
2022-07-27,39,-9999.0000,-9999.0000,-9999.0000,-9999.0000,-9999.0000,-9999.0000,-9999.0000,-9999.0000,-9999.0000,-9999.0000,-9999.0000
2022-07-29,39,662.0000,955.2741,1298.8644,1835.4719,2268.1753,2699.7299,3034.2489,3161.3465,3425.5935,4105.0000,2791.8645
2022-07-29,39,675.0000,979.9374,1298.8139,1780.9657,2201.4231,2635.2737,2972.4861,3106.8136,3348.0090,4052.1883,2755.7065
2022-08-01,39,525.8053,731.9939,955.2978,1267.7061,1556.7770,1939.3584,2184.0542,2263.5972,2402.5675,3298.5951,2449.8377
2022-08-01,39,559.0000,763.2513,979.0665,1256.0051,1558.9155,1952.0000,2186.1594,2263.3253,2419.5261,3300.3893,2468.9899
2022-08-03,39,630.0000,763.9288,1027.1954,1370.4325,1700.2362,2140.0178,2346.9445,2453.9949,2626.0000,3659.4775,2568.8367
2022-08-03,39,632.0000,779.5289,1043.1265,1366.8005,1686.6959,2135.0069,2325.3951,2455.4314,2627.7467,3618.5572,2578.3009
2022-08-06,39,-9999.0000,-9999.0000,-9999.0000,-9999.0000,-9999.0000,-9999.0000,-9999.0000,-9999.0000,-9999.0000,-9999.0000,-9999.0000
2022-08-06,39,-9999.0000,-9999.0000,-9999.0000,-9999.0000,-9999.0000,-9999.0000,-9999.0000,-9999.0000,-9999.0000,-9999.0000,-9999.0000
2022-08-08,39,717.0000,867.2991,1075.4474,1394.7517,1767.2295,2194.2550,2502.8491,2566.5876,2776.0828,3782.3475,2675.4285
2022-08-08,39,669.0000,868.3082,1075.4592,1400.2205,1750.7973,2204.5000,2507.1887,2584.1746,2787.1302,3802.7835,2711.6847
2022-08-11,39,505.5560,707.1199,931.9434,1259.4734,1571.6532,2059.1036,2317.5928,2503.7984,2595.6562,3402.8563,2394.8570
2022-08-11,39,567.0000,755.3049,962.7115,1254.7130,1556.6015,2034.6307,2293.0000,2483.3666,2598.9155,3366.1679,2410.3764
2022-08-16,39,480.0000,628.8862,865.3098,1139.9387,1516.4523,2074.8779,2321.7384,2403.1569,2632.7047,3180.9432,2111.0000
2022-08-16,39,497.0000,660.9556,889.0561,1146.5108,1514.3426,2049.5457,2308.5811,2394.7726,2610.2000,3158.0000,2100.5197
2022-08-21,39,412.3409,577.7191,779.5610,890.1249,1260.0834,1954.5845,2216.0183,2259.9218,2423.6886,2838.2583,2036.0149
2022-08-21,39,422.0531,595.1570,779.6288,891.5165,1259.8888,1923.0059,2217.3339,2275.3354,2414.9532,2803.3191,2035.4104
2022-08-23,39,-9999.0000,-9999.0000,-9999.0000,-9999.0000,-9999.0000,-9999.0000,-9999.0000,-9999.0000,-9999.0000,-9999.0000,-9999.0000
2022-08-23,39,-9999.0000,-9999.0000,-9999.0000,-9999.0000,-9999.0000,-9999.0000,-9999.0000,-9999.0000,-9999.0000,-9999.0000,-9999.0000
2022-08-26,39,534.7338,595.0345,786.9264,891.5866,1288.3138,2069.0587,2354.9659,2379.3178,2586.0909,2872.0000,1892.4150
2022-08-26,39,545.8175,628.1578,810.3966,900.2421,1290.8568,2051.6241,2347.0594,2379.8738,2586.0637,2873.8598,1900.2216
2022-08-28,39,580.0000,618.4979,738.6635,795.2741,1189.0000,1913.7592,2245.4744,2182.8359,2387.9658,2290.5829,1469.2844
2022-08-28,39,522.0000,643.4719,755.0970,805.3790,1175.5000,1930.5902,2233.9882,2187.1009,2393.3544,2247.7204,1446.4133
2022-08-31,39,-9999.0000,-9999.0000,-9999.0000,-9999.0000,-9999.0000,-9999.0000,-9999.0000,-9999.0000,-9999.0000,-9999.0000,-9999.0000
2022-08-31,39,-9999.0000,-9999.0000,-9999.0000,-9999.0000,-9999.0000,-9999.0000,-9999.0000,-9999.0000,-9999.0000,-9999.0000,-9999.0000
2022-09-02,39,1135.0000,948.1557,1154.2474,1121.5367,1561.6173,2606.4223,2902.0000,3016.7814,3148.5438,2906.3978,1948.1595
2022-09-02,39,1130.0000,980.7694,1171.1607,1130.4866,1528.9919,2531.4780,2867.7854,2977.5126,3123.3833,2885.7699,1930.6201
2022-09-05,39,-9999.0000,-9999.0000,-9999.0000,-9999.0000,-9999.0000,-9999.0000,-9999.0000,-9999.0000,-9999.0000,-9999.0000,-9999.0000
2022-09-07,39,-9999.0000,-9999.0000,-9999.0000,-9999.0000,-9999.0000,-9999.0000,-9999.0000,-9999.0000,-9999.0000,-9999.0000,-9999.0000
2022-09-07,39,-9999.0000,-9999.0000,-9999.0000,-9999.0000,-9999.0000,-9999.0000,-9999.0000,-9999.0000,-9999.0000,-9999.0000,-9999.0000
2022-09-10,39,432.3599,653.4276,889.9128,979.0123,1460.4801,2235.6354,2555.9097,2635.0775,2803.4343,2851.7675,1994.0129
2022-09-10,39,448.0000,681.3643,915.4144,979.4818,1466.2846,2236.7598,2557.0259,2633.9800,2794.9577,2819.8260,1994.0000
2022-09-12,39,553.7616,683.4648,963.2884,1083.0859,1595.7336,2402.9467,2646.0381,2790.2124,2971.7610,3195.6998,2182.8960
2022-09-12,39,581.0000,723.1711,971.2989,1083.0888,1580.6411,2388.0526,2638.0056,2778.1204,2956.9139,3186.4270,2173.0000
2022-09-15,39,836.3757,1098.8099,1387.2244,1707.9608,1981.2888,2240.0000,2460.1419,2473.0976,2718.0041,3378.0000,2869.3087
2022-09-15,39,802.0000,1107.6801,1403.8659,1722.0000,1988.5300,2253.0032,2470.0494,2490.7210,2724.1873,3378.3212,2868.7591
2022-09-20,39,821.0000,1203.3439,1523.2906,1898.6051,2094.0000,2316.8263,2450.1840,2662.0400,2634.3937,3213.0000,2953.4434
2022-09-20,39,823.0000,1226.9876,1530.3257,1882.7423,2081.0000,2331.1184,2467.7123,2645.4782,2652.4749,3219.2539,2949.3107
2022-09-22,39,977.0000,1202.7665,1547.8022,1932.0772,2156.2381,2309.5092,2423.4029,2584.3984,2614.3583,3556.3963,3256.2411
2022-09-22,39,947.0000,1217.7906,1538.5019,1895.6946,2130.9857,2297.9648,2396.6358,2567.8554,2601.8330,3526.4222,3237.7544
2022-09-27,39,-9999.0000,-9999.0000,-9999.0000,-9999.0000,-9999.0000,-9999.0000,-9999.0000,-9999.0000,-9999.0000,-9999.0000,-9999.0000
2022-09-27,39,-9999.0000,-9999.0000,-9999.0000,-9999.0000,-9999.0000,-9999.0000,-9999.0000,-9999.0000,-9999.0000,-9999.0000,-9999.0000
2022-10-02,39,-9999.0000,-9999.0000,-9999.0000,-9999.0000,-9999.0000,-9999.0000,-9999.0000,-9999.0000,-9999.0000,-9999.0000,-9999.0000
2022-10-02,39,-9999.0000,-9999.0000,-9999.0000,-9999.0000,-9999.0000,-9999.0000,-9999.0000,-9999.0000,-9999.0000,-9999.0000,-9999.0000
2022-10-05,39,1530.8960,1658.7324,2011.2738,2267.6940,2723.8677,2954.3362,3138.9181,3162.2779,3331.6522,3780.4846,2981.8031
2022-10-05,39,1570.2266,1698.6868,2035.7845,2266.8472,2723.4915,2973.0000,3166.7590,3170.5140,3356.8482,3802.9486,3000.0724
2022-10-07,39,1018.0000,1409.9090,1722.8748,1986.6460,2380.7439,2533.4706,2682.7201,2787.0032,2811.0578,3382.4506,2887.6509
2022-10-07,39,1030.0000,1421.2558,1731.1195,1978.5494,2356.0030,2509.0490,2674.2191,2763.2836,2802.0598,3387.6665,2872.3551
2022-10-10,39,-9999.0000,-9999.0000,-9999.0000,-9999.0000,-9999.0000,-9999.0000,-9999.0000,-9999.0000,-9999.0000,-9999.0000,-9999.0000
2022-10-10,39,-9999.0000,-9999.0000,-9999.0000,-9999.0000,-9999.0000,-9999.0000,-9999.0000,-9999.0000,-9999.0000,-9999.0000,-9999.0000
2022-10-12,39,2473.0000,2476.0000,2610.0000,2658.0000,3010.0000,3087.0000,3105.0000,3212.0000,3160.0000,2927.0000,2633.0000
2022-10-15,39,882.0000,1219.4623,1707.1295,2036.5313,2488.1256,2750.4434,2889.7877,2842.2168,3029.6359,3404.0000,2808.5820
2022-10-15,39,901.0000,1258.6236,1689.1163,1958.6429,2386.3479,2662.6744,2802.9713,2757.4370,2919.5931,3329.0583,2743.4427
2022-10-17,39,1259.0000,1548.0000,1916.0322,2115.0087,2619.5810,2971.3534,3180.0000,3226.3722,3330.5731,3958.0000,3498.0000
2022-10-17,39,1232.0000,1584.4184,1906.2288,2091.0584,2563.9654,2906.7071,3121.1158,3164.0000,3274.0022,3917.0000,3447.2245
2022-10-20,39,965.0000,1377.7000,1864.6232,2099.9404,2605.7215,3061.2489,3251.5501,3274.6285,3394.4522,3753.0000,3240.2312
2022-10-20,39,1083.0000,1425.5777,1795.0575,1955.2048,2403.7094,2787.2984,2971.4976,3018.3539,3105.0000,3570.9612,3109.1647
2022-10-25,39,-9999.0000,-9999.0000,-9999.0000,-9999.0000,-9999.0000,-9999.0000,-9999.0000,-9999.0000,-9999.0000,-9999.0000,-9999.0000
2022-10-25,39,-9999.0000,-9999.0000,-9999.0000,-9999.0000,-9999.0000,-9999.0000,-9999.0000,-9999.0000,-9999.0000,-9999.0000,-9999.0000
2022-10-27,39,939.0000,1270.0000,1642.9142,1722.9985,2219.5363,2897.5111,3139.9487,3131.0738,3209.6441,3131.0000,2617.5136
2022-10-27,39,1053.6993,1345.2417,1674.7112,1738.8476,2194.3366,2795.6713,3032.0000,3089.5418,3155.3153,3091.7021,2610.6469
2022-10-30,39,906.0000,1157.1650,1531.9427,1627.5919,2118.4386,2907.9517,3091.1098,3106.9790,3216.5131,3035.3858,2666.8278
2022-10-30,39,909.0000,1192.8174,1539.6207,1618.6248,2074.0715,2828.0000,3029.8952,3074.4096,3179.2794,3018.0000,2641.7694
2022-11-04,39,70.0308,317.3683,717.7452,794.7215,1275.1765,1956.3309,2073.9906,2180.3786,2167.6941,1497.1769,945.9415
2022-11-04,39,78.0697,333.3143,725.7645,797.3771,1267.4734,1966.0713,2089.0509,2183.1365,2179.5834,1496.4410,949.9434
2022-11-06,39,622.0000,800.9330,1162.7276,1091.5772,1721.5161,2713.1474,2932.2257,3063.7483,3032.1793,2385.7443,1634.1555
2022-11-06,39,604.0000,817.8485,1170.7848,1100.4332,1724.4924,2723.1179,2921.0891,3061.4808,3053.0622,2396.2633,1659.1132
2022-11-21,39,622.0000,561.8771,800.0000,578.3931,1036.6774,1988.4012,2079.0000,2118.8452,2121.0000,1134.0000,704.0000
2022-11-21,39,680.0000,653.7340,858.0000,625.8834,1070.0000,1991.7219,2036.8987,2101.9977,2101.9070,1114.9532,724.0000
2022-11-24,39,494.6870,531.5517,899.1132,699.4308,1428.3648,3284.8982,3562.0000,3706.9060,3638.6230,1860.9871,1066.0293
2022-11-24,39,487.0000,556.5215,906.7178,706.1788,1418.6021,3257.4442,3542.8540,3671.4707,3622.9406,1827.5000,1071.0000
2022-11-26,39,-9999.0000,-9999.0000,-9999.0000,-9999.0000,-9999.0000,-9999.0000,-9999.0000,-9999.0000,-9999.0000,-9999.0000,-9999.0000
2022-11-26,39,-9999.0000,-9999.0000,-9999.0000,-9999.0000,-9999.0000,-9999.0000,-9999.0000,-9999.0000,-9999.0000,-9999.0000,-9999.0000
2022-12-01,39,1640.0000,1760.0000,1933.0411,1666.7474,2300.3396,3771.4038,3929.2453,4182.3665,3976.1377,2348.5744,1670.6407
2022-12-06,39,-9999.0000,-9999.0000,-9999.0000,-9999.0000,-9999.0000,-9999.0000,-9999.0000,-9999.0000,-9999.0000,-9999.0000,-9999.0000
2023-01-10,39,473.0000,509.6116,810.2824,651.1468,1361.7383,3460.0004,3764.6056,4037.5036,3877.4125,1629.5796,836.4677
2023-01-10,39,452.0000,529.8672,826.6939,658.5883,1374.1306,3480.4186,3800.5508,4051.8593,3876.0033,1649.6518,835.4804
2023-01-20,39,-9999.0000,-9999.0000,-9999.0000,-9999.0000,-9999.0000,-9999.0000,-9999.0000,-9999.0000,-9999.0000,-9999.0000,-9999.0000
2023-01-20,39,-9999.0000,-9999.0000,-9999.0000,-9999.0000,-9999.0000,-9999.0000,-9999.0000,-9999.0000,-9999.0000,-9999.0000,-9999.0000
2023-01-25,39,551.0000,685.6966,923.3282,796.8969,1625.3510,3478.9191,3821.9062,4068.6972,3943.4567,1931.0552,1106.2427
2023-01-25,39,527.0000,696.7009,932.0456,794.6670,1634.0256,3480.6494,3815.8490,4086.3204,3938.6591,1921.9842,1100.2439
2023-01-28,39,1221.3485,1305.4659,1578.5800,1393.5963,2232.4842,4092.0231,4456.8847,4707.4286,4583.9040,2364.4805,1572.2163
2023-01-28,39,1259.0000,1321.6334,1586.7152,1395.7647,2229.6528,4071.2223,4438.2903,4693.1932,4552.4075,2362.8435,1562.5537
2023-01-30,39,-9999.0000,-9999.0000,-9999.0000,-9999.0000,-9999.0000,-9999.0000,-9999.0000,-9999.0000,-9999.0000,-9999.0000,-9999.0000
2023-01-30,39,1999.0000,1716.0000,1932.0000,1818.0000,2556.0000,4305.0000,4672.0000,4858.5044,4809.0000,2373.0000,1597.0000
2023-02-02,39,1022.0000,973.9463,1172.6754,1133.3732,1921.0363,3371.4106,3601.6929,3795.1111,3741.1599,1771.3892,971.9584
2023-02-02,39,731.0000,781.4448,1037.1355,1024.6302,1914.4459,3509.5488,3760.0000,3973.3600,3897.5327,1802.8458,964.8482
2023-02-04,39,881.0000,1016.0000,1156.9641,1088.8404,1834.9865,3169.6794,3429.0000,3562.2631,3430.6113,1441.4426,806.9233
2023-02-04,39,1266.0000,1354.0000,1322.0000,1194.0000,1769.0000,2902.0000,3147.0000,3196.0000,3153.0000,1398.0000,806.0000
2023-02-07,39,497.0000,665.2860,851.8797,890.7349,1661.5557,3187.0000,3451.0000,3832.5981,3587.8049,1866.9201,1196.0347
2023-02-07,39,504.0000,668.8718,844.4553,882.4416,1667.7876,3209.5659,3480.0937,3861.2865,3625.9716,1882.8138,1203.8134
2023-02-09,39,751.0000,793.3485,1003.9790,1028.5553,1840.9673,3410.2539,3653.4581,3954.2176,3794.6952,2235.0560,1420.1560
2023-02-09,39,744.0000,809.4457,1010.7753,1026.5151,1852.3518,3430.2706,3653.2057,3990.7464,3799.2735,2235.2474,1428.0116
2023-02-12,39,302.0000,337.9735,427.7581,458.7072,865.1160,1600.0000,1753.0000,1739.0244,1790.0000,917.0000,568.3111
2023-02-12,39,222.9949,305.7861,403.1234,435.8877,842.1687,1607.2593,1745.0000,1769.5998,1803.1117,922.0000,547.0020
2023-02-14,39,535.0000,681.6265,865.7728,978.6443,1930.8747,3397.5044,3721.6372,3955.4884,3833.9090,2187.0812,1353.9990
2023-02-14,39,676.0000,829.4335,964.8018,1026.7678,1873.9722,3217.7879,3495.3036,3767.9229,3641.9660,2140.5061,1344.5058
2023-02-17,39,-9999.0000,-9999.0000,-9999.0000,-9999.0000,-9999.0000,-9999.0000,-9999.0000,-9999.0000,-9999.0000,-9999.0000,-9999.0000
2023-02-27,39,-9999.0000,-9999.0000,-9999.0000,-9999.0000,-9999.0000,-9999.0000,-9999.0000,-9999.0000,-9999.0000,-9999.0000,-9999.0000
2023-02-27,39,-9999.0000,-9999.0000,-9999.0000,-9999.0000,-9999.0000,-9999.0000,-9999.0000,-9999.0000,-9999.0000,-9999.0000,-9999.0000
2023-03-09,39,786.3466,899.1036,1122.9534,1124.2357,1853.3300,3324.5187,3684.0862,3830.2338,3853.6390,2301.0000,1635.7302
2023-03-09,39,430.5472,725.4507,996.3540,1018.9083,1763.2019,3304.7415,3686.6932,3848.4665,3897.0361,2339.4646,1634.6843
2023-03-11,39,759.0000,836.3041,1131.4806,1155.2566,1930.6330,3580.5968,3872.7455,4022.4329,4051.0000,2457.5415,1634.9077
2023-03-11,39,742.6112,867.7382,1163.6267,1163.9647,1930.7033,3577.3129,3861.2135,4005.9928,4036.3042,2432.0000,1631.0000
2023-03-16,39,438.0000,589.3452,862.0000,820.0912,1532.8463,3028.7254,3363.8561,3620.9406,3522.0000,1945.3892,1168.5411
2023-03-16,39,437.0000,621.4401,879.0000,836.0169,1530.9938,3005.9187,3350.6907,3624.2909,3491.0000,1945.0840,1170.6193
2023-03-21,39,504.9218,545.1081,872.7628,723.4216,1492.7891,3338.0000,3637.4834,3780.1963,3760.5042,1858.7504,1077.7250
2023-03-21,39,524.2927,593.6152,897.1596,747.8985,1480.4787,3265.9286,3555.7718,3717.8466,3696.6853,1844.8332,1073.6098
2023-03-29,39,347.0000,461.5078,731.0949,514.7944,1195.6776,3276.2479,3814.4980,3991.2069,3910.5215,1402.4867,779.3815
2023-03-29,39,362.0000,493.0858,755.8320,523.5094,1204.7692,3289.0000,3831.6972,3988.2841,3925.6656,1422.8328,780.4895
2023-04-03,39,340.0613,402.8585,754.5461,522.4041,1243.4332,3525.0182,4025.5811,4295.4782,4152.7909,1421.2726,755.3290
2023-04-03,39,373.5753,459.8704,787.4265,546.6350,1249.6947,3491.4670,3998.0000,4263.3832,4100.6755,1416.0000,748.2077
2023-04-05,39,482.0000,602.0042,907.4191,661.5064,1324.8376,3381.1825,3867.0445,4276.5233,3963.6754,1467.6940,843.9919
2023-04-05,39,576.0000,674.5301,955.2143,711.4255,1342.8976,3363.0246,3814.1235,4248.3347,3944.0000,1474.4136,844.1401
2023-04-05,39,512.0000,627.0227,954.7076,712.5922,1389.1794,3586.0000,4080.0000,4467.3598,4166.0000,1510.3047,851.2471
2023-04-05,39,558.2379,658.2448,969.9457,712.8050,1379.8607,3468.0000,3993.2890,4405.1902,4083.6822,1467.0014,851.6522
2023-04-08,39,2093.0000,2025.8263,2170.0000,1811.4394,2470.1384,4205.0000,4608.0000,4753.6347,4634.4988,1757.8182,1321.2339
2023-04-08,39,1441.0000,1545.0796,1809.2521,1561.8264,2157.1362,3762.0905,4170.4634,4433.9921,4257.0000,1749.3998,1306.3993
2023-04-10,39,378.0000,435.7066,907.6465,631.3902,1474.0069,4078.0000,4606.4580,4919.0975,4743.7287,1610.0595,842.5750
2023-04-10,39,386.8184,475.7378,923.6235,666.5396,1475.3070,3987.6200,4522.0000,4836.4667,4619.8510,1594.5105,851.1668
2023-04-15,39,1726.0000,1762.0000,1996.0000,1774.0000,2264.0000,3500.0000,3886.0000,4064.0000,3910.0000,1463.0000,1093.0000
2023-04-18,39,244.0223,443.5850,1020.0063,707.6109,1548.1131,4183.6895,4820.0000,5029.9097,4918.0814,1403.6738,740.5766
2023-04-18,39,270.9608,501.0973,1043.1370,723.0544,1556.0935,4052.4242,4708.9844,4918.7582,4805.5163,1394.1738,732.8827
2023-04-23,39,-9999.0000,-9999.0000,-9999.0000,-9999.0000,-9999.0000,-9999.0000,-9999.0000,-9999.0000,-9999.0000,-9999.0000,-9999.0000
2023-04-23,39,-9999.0000,-9999.0000,-9999.0000,-9999.0000,-9999.0000,-9999.0000,-9999.0000,-9999.0000,-9999.0000,-9999.0000,-9999.0000
2023-04-30,39,-9999.0000,-9999.0000,-9999.0000,-9999.0000,-9999.0000,-9999.0000,-9999.0000,-9999.0000,-9999.0000,-9999.0000,-9999.0000
2023-04-30,39,-9999.0000,-9999.0000,-9999.0000,-9999.0000,-9999.0000,-9999.0000,-9999.0000,-9999.0000,-9999.0000,-9999.0000,-9999.0000
2023-05-05,39,310.5410,385.6485,757.4166,379.0815,1331.4300,4056.0000,4758.7209,4949.7299,4906.9007,1251.2076,586.5470
2023-05-05,39,366.0000,477.6470,813.0944,435.1780,1322.0360,3843.3878,4570.8220,4774.3466,4682.4993,1245.2245,587.6723
2023-05-13,39,-9999.0000,-9999.0000,-9999.0000,-9999.0000,-9999.0000,-9999.0000,-9999.0000,-9999.0000,-9999.0000,-9999.0000,-9999.0000
2023-05-13,39,-9999.0000,-9999.0000,-9999.0000,-9999.0000,-9999.0000,-9999.0000,-9999.0000,-9999.0000,-9999.0000,-9999.0000,-9999.0000
2023-05-15,39,393.0000,477.4617,837.5341,411.5373,1400.9372,3908.6079,4558.0000,4726.7105,4657.0000,1201.0000,558.1654
2023-05-15,39,381.0000,485.5975,845.1760,411.3375,1402.4660,3896.0000,4565.5326,4706.0000,4677.5107,1194.6847,557.6858
2023-05-18,39,426.0000,509.3796,882.2713,483.4948,1452.5078,3828.0221,4406.4946,4471.4879,4567.1290,1261.9306,680.9625
2023-05-18,39,324.0000,466.9576,867.6230,451.8834,1468.0751,3929.2106,4513.0000,4646.7003,4683.3815,1261.6319,689.4616
2023-05-23,39,293.0000,403.5895,819.1611,459.8358,1451.8196,3813.0261,4362.0000,4475.0068,4536.0000,1267.0000,620.3054
2023-05-23,39,335.0000,443.0437,835.8446,483.1206,1443.8592,3754.4128,4331.0000,4406.3930,4504.9630,1260.5259,627.2510
2023-05-25,39,348.0000,450.5720,867.4616,490.9957,1580.0509,4038.5014,4712.2442,4807.7431,4858.1396,1406.0000,700.2320
2023-05-25,39,422.8051,547.1476,906.4973,547.9256,1546.3129,3852.3237,4453.3296,4581.8481,4614.1553,1379.7236,708.6377
2023-05-28,39,772.2662,890.5999,1299.1952,794.1744,2083.3011,4810.7279,5576.3357,5686.0556,5868.6791,1629.9126,868.0615
2023-05-28,39,985.0000,1041.1782,1345.4647,923.6146,1979.0755,4346.4873,5094.8666,5252.0000,5339.0000,1612.0010,882.1952
2023-05-30,39,-9999.0000,-9999.0000,-9999.0000,-9999.0000,-9999.0000,-9999.0000,-9999.0000,-9999.0000,-9999.0000,-9999.0000,-9999.0000
2023-05-30,39,-9999.0000,-9999.0000,-9999.0000,-9999.0000,-9999.0000,-9999.0000,-9999.0000,-9999.0000,-9999.0000,-9999.0000,-9999.0000
2023-06-02,39,243.0000,274.3764,747.5365,455.7035,1611.2476,3813.7377,4337.0000,4401.8004,4628.4363,1367.0000,660.2592
2023-06-02,39,223.0000,337.8892,770.5439,488.2079,1593.9976,3767.9661,4269.3276,4342.8521,4552.5696,1363.9323,660.9518
2023-06-04,39,576.1832,642.9005,1074.7142,778.9143,1987.4437,4149.7292,4792.4932,4820.7343,5094.0745,1675.9081,899.1956
2023-06-04,39,522.0000,690.3688,1147.0258,803.8539,2006.0635,4185.2783,4887.1134,4902.9612,5175.8897,1692.2247,900.7665
2023-06-07,39,217.0000,277.4756,706.8619,490.3470,1523.0000,3271.2914,3723.7179,3913.5627,4076.9189,1317.0209,690.0603
2023-06-07,39,284.0000,429.7527,781.0790,555.5371,1500.7462,3171.6939,3609.6255,3751.2075,3942.9138,1317.7426,684.8355
2023-06-09,39,704.0000,557.1714,963.0060,795.4778,1733.2573,3286.7638,3673.2614,3831.0757,4073.7229,1691.2723,857.3528
2023-06-09,39,634.0000,669.0697,1017.1032,835.6592,1723.3319,3252.2065,3628.0000,3734.4444,4023.8840,1691.6663,867.6863
2023-06-12,39,117.0000,195.1836,554.8531,571.7069,1307.0854,2644.4787,3016.4312,3207.6144,3413.4524,1701.3421,923.4752
2023-06-12,39,172.0000,291.5868,626.6667,612.2945,1318.4958,2584.0757,2931.7026,3153.8841,3351.4976,1690.2731,915.0514
2023-06-14,39,764.0000,949.8479,1212.1076,1106.9603,1795.0000,2839.0000,3242.1334,3436.0000,3553.5380,2074.4118,1317.0000
2023-06-14,39,803.0000,973.4112,1226.5714,1115.0611,1755.0000,2670.6970,3049.9543,3188.9459,3266.9947,1953.0000,1222.0000
2023-06-17,39,301.0000,395.1306,666.9827,659.3423,1261.6361,2426.9581,2792.1458,3016.3240,3133.4771,1843.4108,1066.7544
2023-06-17,39,348.0000,477.5126,722.7785,690.1673,1276.4229,2379.8243,2762.3514,2969.1675,3113.0000,1827.8697,1073.6076
2023-06-19,39,383.0000,332.1146,665.8428,731.2833,1355.4606,2475.5423,2763.2232,2820.3304,3140.2418,2114.7254,1274.9099
2023-06-19,39,480.0000,516.5761,779.2409,786.3951,1355.6776,2408.3537,2712.1486,2725.4881,3046.7093,2084.7746,1258.9335
2023-06-22,39,-9999.0000,-9999.0000,-9999.0000,-9999.0000,-9999.0000,-9999.0000,-9999.0000,-9999.0000,-9999.0000,-9999.0000,-9999.0000
2023-06-24,39,364.0000,451.9885,691.9195,698.6588,1251.1561,2291.8059,2613.7519,2756.9800,2918.6323,2100.8352,1345.4911
2023-06-24,39,345.0000,458.8345,690.9882,694.2365,1258.9386,2300.0535,2649.6633,2756.9027,2922.0000,2100.0000,1348.3429
2023-06-27,39,403.0000,338.6796,567.0752,584.1900,1218.3107,2318.1268,2663.2181,2792.2127,2984.8988,2035.1725,1285.0289
2023-06-27,39,281.0000,363.5175,586.7546,599.3185,1217.4819,2324.4215,2678.2913,2790.9665,2985.1844,2026.4948,1275.1521
2023-06-29,39,404.0000,370.8014,691.5942,707.0524,1357.9931,2459.0855,2696.0000,2859.0498,3033.3655,2123.0506,1257.0000
2023-06-29,39,476.4059,501.3853,771.3282,756.5636,1356.2147,2418.9413,2674.0144,2785.6820,2979.0073,2107.3217,1256.4814
2023-07-02,39,278.0000,372.4564,758.4564,899.6215,1608.8707,2306.4049,2572.4143,2641.4229,2947.0000,2731.3457,1662.0000
2023-07-02,39,519.0000,589.6174,873.5362,916.1439,1520.0000,2227.4346,2459.0000,2517.3433,2785.5839,2601.0000,1652.9579
2023-07-04,39,448.3061,596.3205,929.4646,1042.0211,1762.3530,2429.0575,2730.2296,2819.0278,3059.0568,2977.8926,1900.7923
2023-07-04,39,508.6641,669.5722,952.0000,1034.5590,1700.9486,2360.0000,2651.0000,2755.1261,2995.6481,2929.9615,1892.6321
2023-07-07,39,751.0000,944.8107,1232.2315,1650.9163,2042.9027,2386.0792,2683.0000,2851.9487,3041.0000,3947.3200,2811.2256
2023-07-07,39,763.0000,965.8975,1241.3240,1634.9584,2027.3568,2371.3016,2673.8143,2833.7933,3044.6016,3913.9054,2805.8801
2023-07-09,39,889.0000,995.0865,1346.2373,1844.7197,2267.9435,2632.8576,2857.3985,2996.4455,3281.8181,4289.0720,2957.3731
2023-07-09,39,890.2618,1010.7740,1331.0924,1762.7049,2202.5281,2597.0194,2820.3803,2930.5114,3237.5918,4196.6081,2918.7523
2023-07-12,39,-9999.0000,-9999.0000,-9999.0000,-9999.0000,-9999.0000,-9999.0000,-9999.0000,-9999.0000,-9999.0000,-9999.0000,-9999.0000
2023-07-14,39,1052.6611,1371.5374,1714.6210,2204.3152,2547.6285,2667.6348,2899.2384,3019.3946,3180.5792,4316.0000,3626.6934
2023-07-14,39,1032.9750,1346.1742,1667.0025,2122.0297,2452.0000,2619.0261,2857.9942,2971.5354,3132.0855,4246.9633,3578.4421
2023-07-17,39,906.0000,1179.7337,1499.0641,1978.6440,2290.4181,2419.6933,2658.0509,2731.3740,2924.0071,3905.4254,3241.7549
2023-07-17,39,903.0000,1179.6009,1465.6164,1882.2880,2186.9729,2381.8723,2617.5069,2689.2644,2874.9562,3816.9730,3198.0000
2023-07-19,39,-9999.0000,-9999.0000,-9999.0000,-9999.0000,-9999.0000,-9999.0000,-9999.0000,-9999.0000,-9999.0000,-9999.0000,-9999.0000
2023-07-22,39,-9999.0000,-9999.0000,-9999.0000,-9999.0000,-9999.0000,-9999.0000,-9999.0000,-9999.0000,-9999.0000,-9999.0000,-9999.0000
2023-07-22,39,-9999.0000,-9999.0000,-9999.0000,-9999.0000,-9999.0000,-9999.0000,-9999.0000,-9999.0000,-9999.0000,-9999.0000,-9999.0000
2023-07-27,39,707.0000,880.8786,1161.0314,1409.2291,1753.9297,2115.5992,2307.9441,2411.2774,2515.4730,2904.4955,2298.0000
2023-07-27,39,710.0000,900.7697,1168.3859,1403.7489,1747.6148,2110.0000,2323.3246,2410.4298,2516.3036,2896.3907,2291.1175
2023-07-29,39,1304.0000,1483.1608,1970.4096,2234.0717,2787.8078,3324.1836,3483.0000,3515.4208,3708.4361,4194.7953,3397.3143
2023-07-29,39,1274.0000,1491.6320,1954.7236,2214.3637,2734.0716,3258.1221,3411.4398,3458.7576,3642.8239,4169.8500,3368.0091
2023-08-03,39,-9999.0000,-9999.0000,-9999.0000,-9999.0000,-9999.0000,-9999.0000,-9999.0000,-9999.0000,-9999.0000,-9999.0000,-9999.0000
2023-08-06,39,603.0000,717.2834,1081.2171,963.5071,1645.8014,2779.7026,3043.7195,3043.3126,3154.5036,2475.7420,1685.3122
2023-08-06,39,598.0000,736.9794,1085.7188,971.0234,1641.8270,2746.8066,3021.5907,3041.9680,3146.0000,2458.2806,1699.0234
2023-08-08,39,900.0000,938.6072,1395.2584,1250.4219,2088.8376,3514.5345,3745.0790,3794.7534,3946.0000,3092.2202,2137.6029
2023-08-08,39,870.4946,955.8869,1411.2893,1267.0852,2114.7965,3515.6047,3736.0000,3817.7681,3926.0000,3084.7736,2135.5576
2023-08-11,39,-9999.0000,-9999.0000,-9999.0000,-9999.0000,-9999.0000,-9999.0000,-9999.0000,-9999.0000,-9999.0000,-9999.0000,-9999.0000
2023-08-11,39,-9999.0000,-9999.0000,-9999.0000,-9999.0000,-9999.0000,-9999.0000,-9999.0000,-9999.0000,-9999.0000,-9999.0000,-9999.0000
2023-08-13,39,767.0000,899.2062,1380.2923,1157.7367,2107.5046,3572.0000,3999.0000,3970.8954,4124.1764,3038.4777,2167.0475
2023-08-13,39,794.0000,933.1104,1355.4369,1152.9270,2034.5775,3461.0000,3843.1741,3841.9762,3995.8189,3015.0000,2121.7931
2023-08-16,39,747.0000,843.1895,1209.6355,1024.0000,1804.2667,3219.0907,3616.3500,3611.5770,3795.4758,2722.4809,1897.2047
2023-08-16,39,740.0000,859.8056,1209.8143,1027.6003,1796.2631,3217.7620,3608.0000,3608.2337,3778.2922,2716.1597,1879.0000
2023-08-18,39,823.0000,853.0141,1299.1632,1108.7581,1982.4526,3698.5993,4028.6646,3962.2235,4244.7601,2956.5293,1907.0000
2023-08-18,39,847.0000,881.1294,1289.7890,1107.7858,1915.6983,3588.9607,3889.0291,3883.3402,4138.8016,2912.0000,1863.8905
2023-08-21,39,656.0000,691.9494,1082.9578,936.8948,1718.5202,3197.3189,3576.0000,3587.1321,3770.0000,2642.3750,1747.2974
2023-08-21,39,640.8083,731.2890,1106.8615,946.5345,1696.7181,3182.0000,3541.0000,3571.7154,3753.4625,2624.0000,1740.0371
2023-08-23,39,691.0000,828.3179,1219.1071,1048.4771,1873.1232,3355.1135,3852.8313,3859.9481,4026.3934,2857.5582,1915.5212
2023-08-23,39,737.0000,884.7275,1219.8185,1045.1970,1787.5933,3220.5171,3665.0869,3673.9200,3858.5814,2778.0825,1858.9590
2023-08-26,39,618.0000,700.3725,1059.7865,899.0733,1635.4204,3057.8557,3478.0000,3507.7575,3708.9228,2578.0000,1711.0000
2023-08-26,39,624.0000,747.0921,1084.1756,916.2000,1611.0377,3027.3333,3464.5657,3472.6182,3643.5637,2593.0000,1717.1902
2023-08-31,39,582.2941,584.3115,1042.7018,747.8159,1621.2965,3248.0000,3586.8694,3579.6141,3796.0000,2211.4527,1149.2014
2023-08-31,39,698.0000,701.1788,1073.6391,801.0514,1586.0808,3118.0000,3537.0000,3575.5518,3657.0000,2179.4611,1156.4521
2023-09-02,39,498.0000,548.9479,962.8217,595.5192,1497.8162,3325.6409,3780.8703,3832.1108,3908.0000,2107.3191,1148.6919
2023-09-02,39,514.0000,597.0510,981.1992,610.6560,1484.6242,3297.6759,3735.5813,3777.8707,3876.4269,2100.3114,1139.0065
2023-09-05,39,382.0000,475.5080,867.8936,532.0416,1339.1282,3168.0000,3586.8313,3817.6552,3746.5109,1989.1947,1157.2599
2023-09-05,39,407.0000,508.0015,882.8560,539.4750,1339.6430,3155.1777,3567.0000,3830.3281,3703.0000,1979.8236,1146.9472
2023-09-07,39,537.0000,492.3328,963.1702,601.7686,1483.8383,3459.0992,3812.2579,4004.1017,4022.0135,2261.0956,1285.5901
2023-09-07,39,570.3941,523.2307,962.5568,619.9475,1476.5000,3420.2903,3785.7433,3975.8143,3963.2698,2250.0000,1287.4379
2023-09-10,39,455.0000,467.0920,891.1876,594.6922,1404.2448,3204.9509,3624.2444,3733.1026,3814.0201,2115.5962,1220.0404
2023-09-10,39,512.9905,515.1484,914.6150,611.8491,1403.8940,3164.3416,3590.1520,3718.9696,3793.4415,2116.6561,1212.1142
2023-09-12,39,-9999.0000,-9999.0000,-9999.0000,-9999.0000,-9999.0000,-9999.0000,-9999.0000,-9999.0000,-9999.0000,-9999.0000,-9999.0000
2023-09-17,39,904.0000,852.0079,1258.9466,937.1940,1805.0000,3587.0980,3958.1453,3945.6793,4238.3307,2728.9572,1675.2050
2023-09-25,39,359.0000,427.3717,795.0488,570.8206,1227.7976,2452.0782,2794.6243,2935.7563,3067.0682,2052.8519,1253.7265
2023-09-25,39,388.0000,452.1714,811.1323,578.8783,1227.8440,2441.4900,2788.3801,2934.6989,3075.1541,2042.9966,1257.3468
2023-09-27,39,637.0000,548.0014,946.9896,774.6384,1436.4630,2749.0000,3033.9796,3209.2703,3331.0284,2376.6316,1480.6609
2023-09-27,39,674.0000,594.7363,971.8265,775.4994,1425.7178,2729.9399,3004.2855,3195.0000,3309.4253,2357.5201,1479.7015
2023-09-30,39,-9999.0000,-9999.0000,-9999.0000,-9999.0000,-9999.0000,-9999.0000,-9999.0000,-9999.0000,-9999.0000,-9999.0000,-9999.0000
2023-09-30,39,-9999.0000,-9999.0000,-9999.0000,-9999.0000,-9999.0000,-9999.0000,-9999.0000,-9999.0000,-9999.0000,-9999.0000,-9999.0000
2023-10-02,39,630.0000,579.0992,923.5929,772.8003,1415.4720,2695.0000,2981.0000,3126.8261,3250.1233,2472.0796,1576.1542
2023-10-02,39,688.0000,691.3398,987.0178,823.1791,1429.5482,2595.0000,2907.9626,3060.6667,3179.4348,2420.9656,1542.1212
2023-10-07,39,517.0000,450.7365,828.0545,712.8491,1307.1499,2293.0000,2548.8838,2759.1691,2876.0000,2454.2095,1575.4209
2023-10-07,39,564.0000,498.6875,859.3204,742.5598,1314.6800,2310.0000,2536.6241,2744.9078,2880.0000,2439.7932,1576.6795
2023-10-12,39,-9999.0000,-9999.0000,-9999.0000,-9999.0000,-9999.0000,-9999.0000,-9999.0000,-9999.0000,-9999.0000,-9999.0000,-9999.0000
2023-10-17,39,481.0000,443.6295,779.2359,724.7474,1254.2448,2019.3531,2279.7622,2549.7630,2631.3437,2487.6743,1658.5675
2023-10-17,39,508.0000,458.8202,786.8739,726.8300,1267.1397,2030.0000,2276.0242,2550.5256,2625.3329,2470.1103,1641.2588
2023-10-22,39,340.2147,429.3792,651.2223,612.1686,1148.2980,1762.3752,1991.9365,2183.2354,2230.7118,2099.5313,1389.0000
2023-10-22,39,338.0000,441.9685,659.4092,611.4848,1137.0844,1768.9014,1997.1208,2166.8487,2247.7574,2082.6437,1371.8987
2023-10-27,39,356.0000,361.5820,690.4146,595.4558,1268.4837,2005.1109,2186.9485,2312.4536,2468.8376,2080.8539,1235.6940
2023-10-27,39,360.0000,385.1353,707.2215,602.9558,1276.6826,2011.8497,2213.4064,2330.3764,2490.1892,2083.3702,1233.7025
2023-11-04,39,254.0000,339.3406,651.3043,571.2547,1164.4116,1875.0000,2070.0000,2247.3330,2265.5019,1922.9637,1283.0706
2023-11-04,39,276.0000,387.1760,692.8152,586.9774,1139.0701,1897.0000,2060.0000,2246.3065,2261.6615,1914.4590,1283.6040
2023-11-11,39,385.4871,481.2553,770.3799,722.1929,1340.1135,2007.0000,2188.0000,2389.0467,2342.5516,2107.7594,1403.7704
2023-11-11,39,358.0000,489.2870,762.5048,722.9849,1337.5859,1957.0000,2149.0000,2363.1029,2327.8276,2098.4686,1396.2279
2023-11-19,39,591.0000,556.9951,769.8104,768.7571,1182.0000,1514.8588,1627.0708,1687.5941,1795.6271,1620.1561,1088.4642
2023-11-19,39,501.0000,461.1933,705.5817,715.3672,1163.6368,1499.3362,1626.4026,1686.6292,1803.0000,1626.3722,1094.2646
2023-11-24,39,994.0000,1040.0000,1116.0000,988.7835,1399.0000,1869.0000,2054.0000,2187.0000,2277.0000,1796.0000,1234.0000
2023-11-26,39,426.0000,509.2737,739.5437,889.1041,1301.4851,1716.2934,1850.8986,2136.1469,2134.5067,2370.9616,1628.6299
2023-11-26,39,429.0000,533.3935,746.6761,898.8661,1306.7288,1709.1094,1859.8991,2120.4770,2165.0000,2387.3891,1627.5469
2023-11-29,39,355.0000,469.8149,684.4788,900.2474,1275.0062,1602.4316,1784.6147,2039.5823,2071.2050,2227.8783,1491.1974
2023-11-29,39,369.0000,509.0231,723.3171,906.3927,1291.3889,1629.0000,1786.7766,2054.5051,2039.4836,2228.7086,1483.3690
2023-12-09,39,702.0000,772.9329,1002.9402,1243.1837,1605.6669,1859.2314,2044.5803,2170.4280,2297.7154,2376.9288,1740.7350
2023-12-09,39,703.0000,809.5996,1027.1900,1249.9323,1609.1301,1869.2437,2045.0601,2162.9736,2289.1742,2388.6864,1731.2520
2023-12-14,39,1219.0000,1364.0000,1454.0000,1626.0000,1872.0000,2015.0000,2145.0000,2339.0000,2322.0000,1918.0000,1488.0000
2023-12-14,39,1309.0000,1425.2409,1500.0000,1621.5583,1914.9599,2097.0000,2209.6271,2372.0283,2404.1117,1915.5241,1481.1955
2023-12-16,39,457.0000,564.8366,802.9638,1105.8140,1368.0000,1644.1876,1762.2998,1972.1484,2022.0000,2372.5699,1681.3451
2023-12-16,39,455.0000,593.0000,811.4848,1115.7778,1385.0000,1634.3813,1795.4708,1986.4826,2041.0000,2387.3548,1694.3333
2023-12-19,39,377.0000,500.7896,723.4017,978.7188,1260.4180,1466.9429,1617.0089,1819.7308,1851.5952,2195.7857,1512.7496
2023-12-19,39,370.0000,533.5623,731.0458,987.8676,1253.9489,1450.8410,1593.7907,1802.4223,1837.6809,2192.7242,1521.0500
2023-12-24,39,-9999.0000,-9999.0000,-9999.0000,-9999.0000,-9999.0000,-9999.0000,-9999.0000,-9999.0000,-9999.0000,-9999.0000,-9999.0000
2023-12-24,39,1455.0000,1614.0000,1672.0000,1781.2770,2078.3573,2237.0000,2347.3451,2483.2070,2491.2512,2476.6486,1918.1466
2024-01-05,39,-9999.0000,-9999.0000,-9999.0000,-9999.0000,-9999.0000,-9999.0000,-9999.0000,-9999.0000,-9999.0000,-9999.0000,-9999.0000
2024-01-08,39,1118.0000,1198.0000,1466.0000,1658.0000,1908.0000,2000.0000,2151.0000,2274.0000,2314.0000,2578.0000,2129.0000
2024-01-08,39,-9999.0000,-9999.0000,-9999.0000,-9999.0000,-9999.0000,-9999.0000,-9999.0000,-9999.0000,-9999.0000,-9999.0000,-9999.0000
2024-01-13,39,432.0000,601.9691,713.0221,946.1942,1114.3064,1227.0630,1331.0952,1499.0532,1498.6469,1837.3895,1466.2408
2024-01-13,39,488.0000,673.5994,756.8576,961.8066,1133.0000,1252.5000,1338.4826,1498.2544,1499.2078,1817.5674,1461.5000
2024-01-15,39,-9999.0000,-9999.0000,-9999.0000,-9999.0000,-9999.0000,-9999.0000,-9999.0000,-9999.0000,-9999.0000,-9999.0000,-9999.0000
2024-01-20,39,451.0000,665.2988,795.3745,1098.9657,1261.6879,1394.2669,1522.5891,1770.6650,1732.4313,1980.1858,1458.6840
2024-01-20,39,465.0000,705.1572,826.6977,1105.7903,1284.0284,1409.9621,1532.1676,1771.0515,1738.0000,1986.9507,1452.6311
2024-01-23,39,509.0000,668.9506,797.2577,1026.7440,1187.6306,1291.3392,1413.0252,1547.9940,1563.7587,1750.9292,1316.2993
2024-01-23,39,513.0000,708.3727,817.0744,1027.1950,1187.8815,1299.6495,1395.1302,1553.7791,1570.7199,1747.2543,1332.5049
2024-01-25,39,669.0000,785.4680,1014.5099,1257.1444,1490.8682,1603.7334,1707.9249,1802.7588,1883.2221,2020.7465,1362.5065
2024-01-25,39,830.0000,922.0000,1085.8159,1272.7111,1489.9882,1600.0000,1699.2484,1780.5343,1865.9963,2012.6484,1351.0000
2024-01-28,39,562.8802,632.7494,795.0371,1050.3910,1233.0000,1331.2241,1436.9341,1595.1834,1589.9070,2038.0000,1530.0000
2024-01-28,39,550.0000,669.4758,810.8092,1051.4214,1233.5016,1347.4928,1444.5770,1586.7448,1601.7272,2034.4958,1525.0661
2024-01-30,39,530.0000,733.3385,875.2296,1171.2993,1342.8890,1465.2850,1586.0000,1804.4585,1778.0000,2217.3269,1716.2613
2024-01-30,39,570.0556,785.2144,910.3333,1185.1688,1346.0419,1467.3404,1596.0000,1792.8941,1768.5509,2189.4540,1701.0193
2024-02-02,39,242.0000,382.1829,449.3131,577.8428,669.6092,736.0000,773.0000,829.0127,850.9053,913.2494,745.0000
2024-02-02,39,276.0000,428.1950,474.4139,589.6227,689.0410,748.7200,798.2421,833.0955,866.0422,913.7774,738.0000
2024-02-04,39,430.0000,488.5005,805.8798,1226.7011,1491.9026,1626.9088,1738.0448,1868.5954,1964.9562,2628.2153,2048.6174
2024-02-04,39,369.0000,541.3198,834.4479,1235.7527,1500.4142,1643.5492,1748.4127,1883.7987,1981.6986,2629.2670,2056.0000
2024-02-14,39,706.2411,749.1448,925.0744,1097.0198,1322.0000,1457.0000,1553.9305,1627.3333,1684.5819,1900.0000,1444.1549
2024-02-14,39,729.0000,798.5073,957.5557,1109.2492,1335.0000,1467.0000,1548.3702,1626.9032,1698.1971,1890.5187,1450.4028
2024-02-17,39,-9999.0000,-9999.0000,-9999.0000,-9999.0000,-9999.0000,-9999.0000,-9999.0000,-9999.0000,-9999.0000,-9999.0000,-9999.0000
2024-02-17,39,-9999.0000,-9999.0000,-9999.0000,-9999.0000,-9999.0000,-9999.0000,-9999.0000,-9999.0000,-9999.0000,-9999.0000,-9999.0000
2024-02-19,39,546.1063,737.0713,949.6588,1213.6611,1507.5133,1642.5820,1779.3306,1898.6217,1954.4894,2505.2182,1957.6898
2024-02-19,39,521.0000,764.5729,957.3203,1208.8064,1508.5334,1636.3482,1786.5701,1889.7198,1947.7781,2505.0310,1953.2133
2024-03-05,39,636.0000,713.4108,1016.6313,1164.3047,1553.9641,1972.0030,2084.3144,2187.6016,2242.4615,2272.5289,1577.0000
2024-03-05,39,536.0000,689.3528,1021.0202,1161.5081,1563.6950,1970.5689,2101.4937,2210.0000,2287.0000,2304.6144,1593.6779
2024-03-13,39,634.0000,872.9064,1157.3186,1204.7074,1667.4912,2204.4406,2372.9530,2515.2269,2532.9201,2453.0000,1848.7062
2024-03-13,39,736.0000,949.2500,1204.0000,1193.0617,1644.7383,2173.1200,2330.8539,2475.7557,2485.9942,2413.9829,1841.4050
2024-03-20,39,602.5471,713.6098,1077.3277,1098.8761,1684.4939,2376.6134,2556.1973,2667.6678,2700.0000,2577.9549,1803.4399
2024-03-20,39,679.0000,853.4348,1136.7093,1116.8974,1653.2042,2258.9174,2452.4248,2562.4593,2576.0000,2514.4756,1795.8217
2024-03-23,39,1020.0000,1150.0000,1412.2069,1339.4836,1916.0574,2597.4514,2749.2075,2851.7383,2875.4756,2534.0000,1882.5543
2024-03-23,39,1036.0000,1176.0000,1515.9767,1433.3361,2057.8028,2845.7568,3013.1959,3162.1537,3122.1499,2606.0000,1917.0000
2024-03-25,39,609.6715,689.6641,1092.8596,1099.2336,1706.0000,2499.4478,2658.0000,2885.7290,2842.8096,2716.4650,1954.8697
2024-03-25,39,592.0000,709.0010,1108.8779,1106.5626,1710.0000,2488.0000,2668.2397,2881.1552,2830.1760,2712.9566,1938.4580
2024-03-30,39,1850.0000,1866.0000,2304.0000,2036.0000,2901.6469,3818.0747,4052.3243,3896.0522,4041.0000,2664.2422,1805.5303
2024-04-02,39,432.0000,545.3002,885.3086,794.3188,1440.9657,2417.0000,2634.2363,2726.1274,2780.9364,1982.0000,1226.2092
2024-04-02,39,404.0000,561.3785,893.1989,787.2112,1433.8164,2411.1095,2640.0000,2726.8354,2810.6562,1981.8880,1219.8024
2024-04-04,39,532.5794,561.4505,968.1871,875.1294,1600.5002,2717.1356,2897.0000,2981.2787,3062.3038,2411.0000,1517.6839
2024-04-04,39,536.0000,637.2085,1004.9815,892.1559,1590.0000,2676.7889,2860.5892,2937.3657,3002.7458,2382.2136,1507.0758
2024-04-07,39,510.0000,564.9192,954.1016,835.9777,1564.0000,2701.2480,2923.5402,3004.3293,3059.5929,2213.0000,1401.4827
2024-04-07,39,575.0000,661.6970,1001.1070,859.4195,1549.3394,2645.0000,2864.2759,2952.9480,3023.0000,2202.4898,1396.0000
2024-04-09,39,-9999.0000,-9999.0000,-9999.0000,-9999.0000,-9999.0000,-9999.0000,-9999.0000,-9999.0000,-9999.0000,-9999.0000,-9999.0000
2024-04-12,39,406.2346,565.7376,947.2861,762.3469,1476.8819,2770.1741,3098.2480,3144.5617,3228.4561,2277.2989,1474.9187
2024-04-12,39,474.0000,637.2179,973.2750,778.7669,1460.8196,2683.0803,3018.5123,3074.8150,3138.7501,2269.0097,1491.1053
2024-04-14,39,559.0000,587.0205,1034.3098,803.2485,1626.0679,3179.7296,3430.9355,3527.5021,3613.1044,2517.5984,1551.0000
2024-04-14,39,583.0000,665.4558,1056.2658,833.4628,1605.0100,3129.9611,3378.0406,3446.5204,3593.3872,2498.0745,1540.0000
2024-04-17,39,412.0000,505.7239,888.6174,682.0412,1449.7784,2844.0000,3128.1781,3285.5869,3340.5280,2088.8310,1238.2697
2024-04-17,39,340.0000,461.4172,865.5275,659.4416,1454.6135,2915.4395,3206.7355,3344.8597,3370.1698,2100.6848,1252.2965
2024-04-27,39,-9999.0000,-9999.0000,-9999.0000,-9999.0000,-9999.0000,-9999.0000,-9999.0000,-9999.0000,-9999.0000,-9999.0000,-9999.0000
2024-04-29,39,342.0000,464.8155,864.5103,651.9043,1553.3741,3060.2346,3416.5360,3572.5206,3610.0909,2053.3344,1132.1408
2024-04-29,39,380.0000,529.5256,893.2193,675.5283,1536.9953,2989.0388,3363.2224,3526.3082,3516.6648,2029.0000,1148.0000
2024-05-04,39,-9999.0000,-9999.0000,-9999.0000,-9999.0000,-9999.0000,-9999.0000,-9999.0000,-9999.0000,-9999.0000,-9999.0000,-9999.0000
2024-05-04,39,-9999.0000,-9999.0000,-9999.0000,-9999.0000,-9999.0000,-9999.0000,-9999.0000,-9999.0000,-9999.0000,-9999.0000,-9999.0000
2024-05-14,39,-9999.0000,-9999.0000,-9999.0000,-9999.0000,-9999.0000,-9999.0000,-9999.0000,-9999.0000,-9999.0000,-9999.0000,-9999.0000
2024-05-14,39,-9999.0000,-9999.0000,-9999.0000,-9999.0000,-9999.0000,-9999.0000,-9999.0000,-9999.0000,-9999.0000,-9999.0000,-9999.0000
2024-05-17,39,156.3644,201.3434,681.6109,347.5314,1425.3148,3245.2416,3638.1531,3755.2323,3870.0000,1565.8404,747.0000
2024-05-17,39,181.0000,289.6533,720.8367,387.3324,1413.2807,3216.0000,3589.2077,3682.0299,3799.3338,1553.5060,746.4123
2024-05-22,39,-9999.0000,-9999.0000,-9999.0000,-9999.0000,-9999.0000,-9999.0000,-9999.0000,-9999.0000,-9999.0000,-9999.0000,-9999.0000
2024-05-22,39,-9999.0000,-9999.0000,-9999.0000,-9999.0000,-9999.0000,-9999.0000,-9999.0000,-9999.0000,-9999.0000,-9999.0000,-9999.0000
2024-05-24,39,354.0833,352.8934,753.1098,547.2783,1524.0000,3105.0000,3428.5439,3569.5028,3702.0000,1906.4454,1001.0000
2024-05-24,39,293.0000,365.3832,764.4357,539.4685,1528.0000,3146.6236,3475.5596,3576.0000,3754.0000,1899.0720,1001.2675
2024-05-27,39,-9999.0000,-9999.0000,-9999.0000,-9999.0000,-9999.0000,-9999.0000,-9999.0000,-9999.0000,-9999.0000,-9999.0000,-9999.0000
2024-06-01,39,96.0000,204.2605,554.3603,355.5555,1201.3295,2492.0000,2803.4775,2954.5483,3049.0000,1357.4515,725.3975
2024-06-01,39,266.0000,365.5882,660.6017,443.3862,1218.0000,2428.2231,2768.0000,2880.0000,3046.9789,1337.8531,717.0000
2024-06-03,39,-9999.0000,-9999.0000,-9999.0000,-9999.0000,-9999.0000,-9999.0000,-9999.0000,-9999.0000,-9999.0000,-9999.0000,-9999.0000
2024-06-06,39,576.0000,685.3101,1057.3054,922.8849,1774.6317,2994.4459,3345.4525,3434.3137,3684.2022,2235.8654,1306.8713
2024-06-06,39,671.0000,761.5596,1093.2387,962.4859,1766.6707,2978.2616,3324.1120,3434.0024,3660.5082,2234.4180,1301.2663
2024-06-16,39,466.0000,611.4507,1003.2732,1115.0000,1806.5000,2586.6497,2842.0353,2947.8775,3181.3777,2818.2747,1776.5539
2024-06-16,39,476.5027,669.1204,1018.5595,1121.1246,1781.1468,2565.3896,2810.1996,2923.0503,3147.1398,2792.6780,1771.7235
2024-06-18,39,757.0000,1056.8992,1344.8633,1570.8314,1976.4443,2428.4990,2642.8414,2709.2797,2885.8526,3099.6900,2443.5811
2024-06-18,39,755.0000,1060.3212,1353.5149,1571.9570,1971.9890,2412.0000,2636.9382,2700.4482,2867.8200,3082.3066,2412.6818
2024-06-26,39,1406.0000,1677.3150,2011.5082,2315.8047,2667.4517,3006.0000,3241.0000,3232.0000,3444.1614,3595.9970,2820.0000
2024-06-26,39,964.0000,1520.0000,1882.0000,2220.0000,2387.0000,3108.0000,3364.0000,3232.0000,3631.0000,3265.0000,2450.0000
2024-06-28,39,1150.0000,1795.0779,2194.8287,2710.4366,3037.0000,3074.9263,3301.0000,3330.8380,3532.6037,4404.2054,3991.5061
2024-06-28,39,1098.1853,1665.3111,2034.1008,2486.4036,2841.0000,2953.8333,3195.2841,3195.6668,3405.1713,4296.4786,3908.6884
2024-07-06,39,1055.0000,1387.5834,1827.8711,2150.7268,2533.2289,2966.1971,3190.8186,3191.9028,3451.7745,3897.3935,3162.2495
2024-07-06,39,1000.0000,1403.4500,1826.3593,2149.7516,2553.0000,3013.3684,3224.3802,3204.9743,3458.9126,3909.7382,3153.6236
2024-07-08,39,1211.0000,1794.7411,2259.5540,2583.4326,3043.2865,3386.7731,3660.0000,3619.3244,3812.9420,4290.0000,3784.2090
2024-07-08,39,1141.2276,1843.2000,2337.6364,2679.0388,3146.5304,3475.7901,3741.8111,3705.4425,3916.2539,4327.4376,3796.0000
2024-07-11,39,1157.0000,1642.5355,2102.5506,2440.1295,2836.1336,3186.4838,3426.7103,3417.0930,3624.4020,4261.9361,3737.1440
2024-07-11,39,1071.0000,1644.0000,2075.3833,2390.5116,2791.5970,3162.2758,3410.0327,3385.3525,3604.2319,4200.5145,3687.3105
2024-07-13,39,1510.5226,1882.1300,2361.6677,2740.2346,3253.1437,3513.7096,3683.0560,3618.4750,3939.6781,4693.3830,3973.8163
2024-07-13,39,1373.0000,1867.4307,2356.1708,2729.7705,3223.5490,3505.9969,3665.9388,3609.7845,3931.6724,4682.6527,3902.0000
2024-07-16,39,1202.6208,1651.1399,2149.2249,2532.0090,2940.0000,3148.0000,3333.3854,3330.1305,3545.7291,4292.0069,3641.3474
2024-07-16,39,1173.0000,1602.8689,2068.0099,2426.0251,2854.6589,3069.0000,3243.3467,3264.6589,3469.3451,4219.7861,3639.6038
2024-07-18,39,1411.0723,1858.9622,2328.7274,2728.3768,3192.3871,3436.0000,3692.0607,3714.0558,3867.6612,4726.1161,4197.0331
2024-07-18,39,1343.0000,1827.2739,2274.6774,2632.2891,3114.0620,3358.0000,3608.0000,3660.0000,3788.9644,4664.2837,4152.5357
2024-07-21,39,1181.7354,1538.9989,1993.4676,2314.8501,2747.3189,3115.6105,3363.0000,3354.6294,3531.8308,4132.0777,3606.3511
2024-07-21,39,1120.0000,1530.7961,1987.2175,2293.5372,2714.4625,3099.0000,3334.0000,3345.0162,3518.3077,4108.3474,3574.1803
2024-07-23,39,-9999.0000,-9999.0000,-9999.0000,-9999.0000,-9999.0000,-9999.0000,-9999.0000,-9999.0000,-9999.0000,-9999.0000,-9999.0000
2024-07-23,39,-9999.0000,-9999.0000,-9999.0000,-9999.0000,-9999.0000,-9999.0000,-9999.0000,-9999.0000,-9999.0000,-9999.0000,-9999.0000
2024-07-26,39,1073.0000,1244.3147,1692.0631,1881.0750,2446.7733,3153.5522,3412.3065,3388.0000,3620.9076,3931.2561,3208.9950
2024-07-26,39,1061.0000,1235.9707,1629.3333,1783.2824,2320.7559,3008.5657,3258.8528,3249.1745,3458.8891,3834.2806,3172.9467
2024-07-28,39,1163.0000,1418.4974,1883.5300,2008.5539,2593.5812,3538.7231,3921.5987,3905.6430,4083.5781,4169.8420,3452.9497
2024-07-28,39,1106.0000,1387.2247,1779.5980,1881.3604,2487.3964,3369.3326,3756.1031,3706.8473,3922.0676,4071.6897,3398.1301
2024-07-31,39,884.5397,1082.8201,1483.9291,1509.5278,2074.0887,3170.7565,3595.8957,3546.7441,3723.3761,3355.0000,2709.5468
2024-07-31,39,900.4898,1105.9352,1473.0693,1478.1999,2030.0000,3080.8080,3491.3430,3442.6527,3630.1866,3286.0000,2658.9354
2024-08-05,39,-9999.0000,-9999.0000,-9999.0000,-9999.0000,-9999.0000,-9999.0000,-9999.0000,-9999.0000,-9999.0000,-9999.0000,-9999.0000
2024-08-05,39,-9999.0000,-9999.0000,-9999.0000,-9999.0000,-9999.0000,-9999.0000,-9999.0000,-9999.0000,-9999.0000,-9999.0000,-9999.0000
2024-08-07,39,746.0000,840.9220,1204.1989,1112.8831,1814.9342,3602.4079,4173.4166,4148.9325,4322.3617,3188.6325,2246.3191
2024-08-07,39,785.0000,898.4263,1204.7961,1113.3760,1740.2398,3427.3099,3995.5061,3947.2438,4148.0000,3124.1712,2218.8961
2024-08-10,39,605.0000,641.7510,919.2809,825.0384,1402.5455,3212.0000,3826.4872,3782.1843,3987.8106,2654.8291,1781.8547
2024-08-10,39,606.0000,676.8120,939.3089,823.9527,1371.0000,3170.9581,3780.0025,3736.0000,3943.0000,2635.6540,1805.0000
2024-08-12,39,774.0000,761.9762,1077.6583,952.4457,1518.1015,3468.2396,4013.0000,4008.0000,4210.7981,2816.0000,1830.0663
2024-08-12,39,787.0000,801.3656,1112.0597,964.4932,1496.0000,3452.3232,4023.0000,3985.9708,4246.0000,2808.0000,1831.4243
2024-08-12,39,772.0000,779.3438,1094.2398,969.6971,1561.5223,3627.9901,4193.0000,4129.8209,4353.0000,2867.7854,1885.2515
2024-08-12,39,795.0000,826.6491,1122.1727,981.7281,1540.0000,3539.1728,4103.0000,4099.0476,4327.0000,2827.2473,1830.5654
2024-08-15,39,539.0000,468.0103,726.3298,646.1663,1194.1002,3290.7682,3987.3056,3976.8883,4174.0488,2481.3742,1508.3782
2024-08-15,39,526.0000,530.9241,780.1313,681.4231,1187.6741,3213.4548,3921.9871,3893.2153,4105.9722,2448.0819,1513.8193
2024-08-17,39,-9999.0000,-9999.0000,-9999.0000,-9999.0000,-9999.0000,-9999.0000,-9999.0000,-9999.0000,-9999.0000,-9999.0000,-9999.0000
2024-08-17,39,-9999.0000,-9999.0000,-9999.0000,-9999.0000,-9999.0000,-9999.0000,-9999.0000,-9999.0000,-9999.0000,-9999.0000,-9999.0000
2024-08-20,39,-9999.0000,-9999.0000,-9999.0000,-9999.0000,-9999.0000,-9999.0000,-9999.0000,-9999.0000,-9999.0000,-9999.0000,-9999.0000
2024-08-20,39,-9999.0000,-9999.0000,-9999.0000,-9999.0000,-9999.0000,-9999.0000,-9999.0000,-9999.0000,-9999.0000,-9999.0000,-9999.0000
2024-08-22,39,370.0000,227.0773,535.5306,358.3681,973.3945,3850.2913,4860.0000,4759.0528,4978.9211,2379.4899,1213.5941
2024-08-22,39,504.0000,451.2407,683.5122,487.4206,1033.2834,3578.8553,4495.0000,4472.3843,4667.7436,2331.3071,1212.0000
2024-08-25,39,408.1855,331.0469,530.8489,373.2414,889.2230,3236.3193,4232.1849,4247.8994,4426.8862,2082.0000,1063.0251
2024-08-25,39,418.0000,387.0255,562.9322,406.4672,900.0000,3202.3764,4149.9722,4183.0000,4391.1099,2092.7822,1073.0000
2024-08-27,39,687.0000,722.6493,923.6471,664.3794,1239.8375,3730.0265,5007.0000,4949.1978,5225.5208,2347.1979,1304.0030
2024-08-27,39,695.0000,730.2420,859.0655,647.8340,1149.9302,3339.3358,4451.2971,4457.6976,4691.9645,2300.8445,1305.7083
2024-08-30,39,514.0000,474.8717,611.6662,470.7146,926.3105,2963.0144,4030.2157,4024.8530,4260.0388,2034.5642,1156.2563
2024-08-30,39,507.0000,483.8028,611.0196,471.2438,918.0385,2970.2799,4020.4346,4038.6798,4265.3024,2031.0000,1178.0000
2024-09-04,39,432.0000,348.6838,548.5133,439.7982,965.0762,3051.8038,4046.0000,4036.5000,4295.8746,2093.0000,1145.0476
2024-09-04,39,490.0000,427.6110,601.8762,490.7072,962.0000,3002.8102,3906.3626,3907.9454,4197.0980,2083.6785,1147.7458
2024-09-09,39,-9999.0000,-9999.0000,-9999.0000,-9999.0000,-9999.0000,-9999.0000,-9999.0000,-9999.0000,-9999.0000,-9999.0000,-9999.0000
2024-09-09,39,-9999.0000,-9999.0000,-9999.0000,-9999.0000,-9999.0000,-9999.0000,-9999.0000,-9999.0000,-9999.0000,-9999.0000,-9999.0000
2024-09-11,39,424.0000,307.6657,521.8283,315.7755,913.4675,3653.0000,4582.2587,4722.2638,4782.0000,2236.4274,1067.0000
2024-09-11,39,438.0000,369.2209,563.3026,355.0560,914.2285,3619.7855,4520.6733,4581.1163,4743.6970,2210.5702,1076.2692
2024-09-16,39,1125.6692,985.5753,1147.1914,875.7449,1527.0000,4050.6204,5064.4526,5392.9950,5242.0000,2389.8182,1382.0000
2024-09-16,39,1131.0000,1021.2085,1182.0000,882.8040,1499.0000,4025.7470,4914.0000,5286.7423,5078.0000,2381.2801,1336.5150
2024-09-21,39,398.0000,323.3414,578.9275,339.4745,996.1997,3644.9201,4360.0000,4501.6242,4632.4827,2091.9627,1011.1143
2024-09-21,39,438.0000,386.9256,619.7726,371.4057,1028.8319,3580.0892,4250.0511,4421.0835,4487.0032,2066.9301,1012.7676
2024-09-24,39,421.0000,299.6368,578.4812,323.4739,1170.8773,3658.9712,4283.0168,4359.5377,4485.6491,1970.5298,922.2952
2024-09-24,39,454.0000,355.1348,602.9242,347.9967,1172.6216,3592.4907,4261.7610,4295.6348,4458.5857,1957.7721,924.0896
2024-09-29,39,215.0000,293.2907,635.5879,411.5414,1430.3670,3537.0000,4026.4029,4323.8966,4301.0000,1890.4896,948.1462
2024-09-29,39,198.0000,301.0916,643.6988,402.8052,1438.9709,3523.9012,4005.0457,4344.7158,4299.0000,1884.4432,952.7582
2024-10-11,39,368.9311,429.4359,805.4854,770.5976,1516.0445,2470.1226,2712.9910,2900.1143,3046.0000,1971.0000,1176.7975
2024-10-11,39,327.0000,421.2691,801.5631,762.5664,1528.9791,2455.6848,2730.6767,2905.0029,3030.1389,1967.0000,1169.6016
2024-10-21,39,488.0000,497.5950,749.4910,709.4839,1225.3546,2079.0000,2245.7754,2321.8789,2477.4561,1949.6992,1225.0495
2024-10-21,39,511.0000,569.4037,808.8661,737.0767,1234.3637,2073.0000,2243.2925,2316.2603,2486.0000,1953.2879,1220.6401
2024-10-26,39,-9999.0000,-9999.0000,-9999.0000,-9999.0000,-9999.0000,-9999.0000,-9999.0000,-9999.0000,-9999.0000,-9999.0000,-9999.0000
2024-10-29,39,298.0000,425.4625,624.9617,553.2987,1014.3014,1763.8388,1979.0000,2002.2859,2121.0257,1653.6218,1089.2993
2024-10-29,39,285.0000,445.0789,633.4991,556.4142,1013.6646,1780.0000,1965.0040,1994.3246,2156.3991,1652.9236,1086.5511
2024-10-31,39,406.0000,433.3052,677.6825,587.4764,1072.1860,1901.0250,2013.5542,2085.7248,2221.1638,1845.3436,1186.2843
2024-10-31,39,375.0000,433.6866,672.8900,579.5921,1072.6332,1882.5476,2039.5729,2100.3905,2236.6957,1850.0000,1189.0996
2024-11-03,39,608.0000,665.7381,860.4266,746.3773,1238.4725,1947.7275,2125.4585,2180.2664,2281.0457,1867.0000,1246.0000
2024-11-03,39,627.0000,673.2000,873.0913,755.3838,1241.4931,1973.6136,2165.0000,2203.2383,2305.2654,1871.0000,1236.9754
2024-11-05,39,349.0000,477.3229,664.9311,579.3225,1056.5292,1862.4982,2034.4940,2196.4790,2198.9890,1825.0000,1193.3586
2024-11-05,39,273.0000,441.5834,637.2966,563.1432,1061.5666,1892.1065,2101.3690,2232.7081,2275.7003,1847.0000,1205.6755
2024-11-08,39,442.0000,545.3103,713.4266,612.7183,1078.3873,1804.4500,1961.0306,2050.2664,2146.5289,1537.3274,1046.3938
2024-11-08,39,458.0000,593.0703,741.0742,633.3486,1083.0000,1785.5795,1985.2989,2025.8431,2146.6088,1529.2438,1042.4109
2024-11-10,39,354.0000,381.1461,628.8056,553.4521,1052.5531,1902.3288,2039.2135,2196.7918,2235.9523,1792.0000,1137.5410
2024-11-10,39,331.0000,393.2628,629.2403,546.5918,1045.5184,1918.0000,2024.2446,2217.6999,2247.7346,1787.0000,1130.0107
2024-11-13,39,384.0000,533.5863,816.8671,768.9231,1338.0000,2004.3032,2163.1281,2347.6037,2389.0780,2188.4476,1442.0000
2024-11-13,39,379.0000,557.2712,840.5815,772.8428,1344.7346,2042.9322,2187.5167,2342.1316,2382.8663,2186.3176,1452.0000
2024-11-15,39,415.0000,641.3822,805.3783,939.3406,1212.6764,1479.7539,1608.8000,1752.3887,1754.3757,2067.3679,1634.3293
2024-11-15,39,410.0000,665.0868,817.4645,941.2215,1214.1762,1479.7612,1607.1558,1751.7384,1765.8726,2067.1985,1627.6604
2024-11-18,39,881.0000,1114.0000,1249.5957,1337.7739,1589.7886,1850.1913,1970.4047,2106.9727,2083.6570,2201.6604,1897.5236
2024-11-18,39,629.0000,1002.0000,1169.1952,1293.7081,1554.0000,1852.2695,1978.3856,2114.3914,2107.7766,2252.2067,1915.6654
2024-11-23,39,362.0000,478.1912,684.9660,825.3873,1077.2126,1307.9639,1410.8032,1579.4585,1571.0584,1659.8370,1124.9679
2024-11-23,39,359.0000,496.4312,693.3054,825.0689,1078.9990,1300.2168,1402.5725,1578.0667,1570.1207,1658.5391,1124.5149
2024-11-25,39,-9999.0000,-9999.0000,-9999.0000,-9999.0000,-9999.0000,-9999.0000,-9999.0000,-9999.0000,-9999.0000,-9999.0000,-9999.0000
2024-11-25,39,-9999.0000,-9999.0000,-9999.0000,-9999.0000,-9999.0000,-9999.0000,-9999.0000,-9999.0000,-9999.0000,-9999.0000,-9999.0000
2024-11-30,39,457.0000,556.3014,765.4112,937.0626,1210.0000,1449.5594,1540.9244,1691.0546,1697.1792,1940.5717,1443.7123
2024-11-30,39,442.0000,572.3025,777.4687,941.6006,1201.9798,1453.4064,1547.0000,1707.3140,1699.7132,1939.4981,1444.0178
2024-12-05,39,595.0000,849.2417,993.4105,1177.7108,1443.6438,1691.2418,1815.9047,2003.0532,1958.9025,2412.1193,2026.9210
2024-12-05,39,550.0000,844.6553,1009.6347,1186.3642,1465.1947,1716.2986,1831.7738,2011.3822,1976.0446,2426.8076,2037.3721
2024-12-13,39,487.0000,661.0206,893.4471,1097.7363,1379.8065,1603.6647,1720.8886,1863.0178,1876.9988,2284.1600,1795.3284
2024-12-13,39,581.0000,765.9105,960.8171,1131.1180,1396.2697,1602.7395,1732.7118,1859.3554,1877.1301,2259.6943,1787.7304
2024-12-13,39,561.0000,693.6388,950.2467,1130.3378,1436.9022,1686.9638,1770.9953,1941.8885,1924.8717,2346.6295,1852.0619
2024-12-13,39,642.7612,793.4961,1009.0170,1163.4693,1445.0633,1685.4932,1763.8210,1943.0476,1927.3662,2329.5652,1853.6447
2024-12-15,39,460.5690,774.2663,949.5789,1132.1496,1403.3129,1642.7470,1766.4599,1915.4630,1927.9978,2308.8347,1876.1034
2024-12-15,39,628.0000,874.0000,1013.2753,1168.6073,1444.5869,1661.6924,1777.5142,1906.3002,1926.1535,2275.2113,1867.5773
2024-12-18,39,-9999.0000,-9999.0000,-9999.0000,-9999.0000,-9999.0000,-9999.0000,-9999.0000,-9999.0000,-9999.0000,-9999.0000,-9999.0000
2024-12-23,39,-9999.0000,-9999.0000,-9999.0000,-9999.0000,-9999.0000,-9999.0000,-9999.0000,-9999.0000,-9999.0000,-9999.0000,-9999.0000
2024-12-25,39,390.0000,609.0923,753.2220,877.0578,1146.5753,1427.8027,1530.9809,1717.0916,1667.2344,1731.0801,1210.9020
2024-12-25,39,401.0000,645.6245,777.0076,893.0677,1162.3839,1450.6224,1563.7213,1722.3947,1692.0058,1741.4891,1219.5127
2024-12-28,39,504.0000,690.1858,861.7295,974.1388,1260.1573,1499.1449,1622.5025,1732.1858,1737.1341,1804.3147,1412.0589
2024-12-28,39,487.0000,684.8343,853.0694,956.8612,1235.9304,1484.7577,1603.3409,1716.0000,1735.4621,1795.9599,1397.0000
2024-12-30,39,486.0000,549.4735,732.3276,874.8756,1172.6272,1460.6543,1563.6573,1703.9670,1719.1212,1850.8462,1331.8849
2024-12-30,39,500.0000,596.3864,765.4370,896.9438,1194.7387,1484.6005,1569.3517,1702.8600,1735.1106,1862.0045,1322.8605
2025-01-04,39,219.0000,651.0000,698.0000,737.0000,830.0000,1005.0000,1077.0000,1300.0000,1275.0000,938.0000,767.0000
2025-01-12,39,406.0000,516.7701,709.1959,813.4921,1117.8404,1442.5139,1572.0122,1715.4710,1699.0843,1764.3252,1235.7153
2025-01-12,39,419.0000,549.1978,725.2499,813.1528,1116.1771,1419.5650,1546.2027,1707.1713,1683.0766,1756.4268,1229.0551
2025-01-14,39,616.0000,813.0440,980.1635,1106.3924,1387.6883,1730.9845,1865.0614,2083.5787,1987.0000,2306.4702,1856.0000
2025-01-14,39,594.0000,821.2483,973.8037,1098.2560,1388.2480,1738.6093,1851.6353,2089.6902,1996.4649,2325.0802,1849.1768
2025-01-17,39,550.6167,757.8726,945.0643,1065.7684,1365.9600,1700.7875,1812.9871,2020.1799,1938.6736,2205.3815,1852.4090
2025-01-17,39,549.0000,785.9438,950.0663,1058.2780,1356.1392,1684.2855,1795.3115,2011.3601,1924.3562,2179.5435,1844.7802
2025-02-03,39,559.0000,736.8741,937.7391,949.1867,1369.5195,1979.3535,2161.6733,2321.9988,2258.8530,2171.1711,1568.6478
2025-02-03,39,508.0000,721.7805,921.5760,937.0437,1373.9699,1987.9100,2179.9864,2323.9200,2282.0190,2172.1132,1577.9650
2025-02-06,39,488.0000,657.0023,864.9735,897.1517,1302.0752,1868.0000,2035.9252,2203.6351,2139.3061,2043.8564,1563.7469
2025-02-06,39,511.0000,697.0193,881.0067,908.7339,1305.6294,1870.3981,2028.4559,2194.2170,2132.3663,2034.4258,1571.0103
2025-02-08,39,694.0000,772.9653,1068.7588,1078.0000,1645.0025,2274.7830,2362.2789,2523.5598,2507.0738,2492.7549,1794.8629
2025-02-08,39,661.0000,785.3103,1065.2237,1073.0625,1641.9477,2249.5864,2346.4004,2500.2418,2499.4982,2459.1098,1770.1737
2025-02-16,39,648.0000,901.4997,1208.2989,1194.5375,1768.5420,2675.9802,2907.5519,3131.0245,3089.4577,2635.1767,1836.3054
2025-02-16,39,564.6006,845.6726,1173.1182,1170.8731,1778.7417,2730.5299,2977.9273,3203.0943,3145.8093,2661.9712,1842.5217
2025-02-18,39,620.0000,644.8753,949.6007,960.8121,1568.0000,2325.2822,2461.0000,2738.4709,2611.0971,2324.8168,1585.9319
2025-02-18,39,676.0000,753.4676,1028.8747,1004.7829,1565.4651,2278.2905,2410.6011,2667.7266,2555.2227,2291.5400,1555.5552
2025-02-21,39,557.0000,616.7017,913.1254,953.2631,1544.7497,2290.4693,2412.6658,2626.6581,2563.5018,2330.9796,1594.6674
2025-02-21,39,765.0000,821.3730,1036.8100,1034.0000,1572.6872,2224.0000,2341.8881,2554.3749,2501.6514,2299.2989,1594.5371
2025-02-28,39,-9999.0000,-9999.0000,-9999.0000,-9999.0000,-9999.0000,-9999.0000,-9999.0000,-9999.0000,-9999.0000,-9999.0000,-9999.0000
2025-02-28,39,-9999.0000,-9999.0000,-9999.0000,-9999.0000,-9999.0000,-9999.0000,-9999.0000,-9999.0000,-9999.0000,-9999.0000,-9999.0000
2025-03-03,39,532.0882,577.4109,896.8367,892.2815,1549.3801,2493.1429,2667.0771,2889.9945,2809.1873,2333.0000,1543.0000
2025-03-03,39,596.3498,637.4347,929.0890,909.6546,1550.1298,2482.8639,2651.2230,2882.2259,2790.4567,2338.9668,1553.9961
2025-03-05,39,584.0000,745.2275,1028.6782,989.6965,1629.3755,2707.3761,2961.5000,3210.4510,3123.6516,2515.0640,1747.7137
2025-03-05,39,611.0000,765.3911,1036.9201,996.9709,1628.7386,2682.4372,2955.3945,3186.1029,3084.8438,2499.3629,1747.1594
2025-03-08,39,679.0000,805.3141,1105.5997,1061.4815,1717.0000,2868.8672,3138.6586,3321.1670,3265.3646,2485.5416,1783.0000
2025-03-08,39,484.0000,701.1673,1057.4304,1018.8008,1730.8338,2995.2276,3276.1123,3442.1391,3396.0401,2539.5085,1795.3215
2025-03-10,39,-9999.0000,-9999.0000,-9999.0000,-9999.0000,-9999.0000,-9999.0000,-9999.0000,-9999.0000,-9999.0000,-9999.0000,-9999.0000
2025-03-10,39,-9999.0000,-9999.0000,-9999.0000,-9999.0000,-9999.0000,-9999.0000,-9999.0000,-9999.0000,-9999.0000,-9999.0000,-9999.0000
2025-03-18,39,351.0000,465.7068,773.6285,651.8859,1349.3771,2709.2141,3003.5879,3316.7735,3149.4010,1969.9081,1201.4183
2025-03-18,39,389.0000,525.2300,805.0325,666.2767,1348.4059,2691.3381,2972.0000,3284.0000,3121.3324,1958.0124,1199.0000
2025-03-20,39,534.0000,528.6031,889.0067,755.1557,1712.9827,3173.5508,3386.8139,3716.7453,3564.9853,2288.9451,1325.0000
2025-03-20,39,570.0000,601.9027,917.6672,779.1957,1689.3640,3092.2687,3307.9538,3617.0396,3482.7388,2251.7199,1315.0000
2025-03-23,39,-9999.0000,-9999.0000,-9999.0000,-9999.0000,-9999.0000,-9999.0000,-9999.0000,-9999.0000,-9999.0000,-9999.0000,-9999.0000
2025-03-23,39,-9999.0000,-9999.0000,-9999.0000,-9999.0000,-9999.0000,-9999.0000,-9999.0000,-9999.0000,-9999.0000,-9999.0000,-9999.0000
2025-03-25,39,-9999.0000,-9999.0000,-9999.0000,-9999.0000,-9999.0000,-9999.0000,-9999.0000,-9999.0000,-9999.0000,-9999.0000,-9999.0000
2025-03-30,39,-9999.0000,-9999.0000,-9999.0000,-9999.0000,-9999.0000,-9999.0000,-9999.0000,-9999.0000,-9999.0000,-9999.0000,-9999.0000
2025-03-30,39,-9999.0000,-9999.0000,-9999.0000,-9999.0000,-9999.0000,-9999.0000,-9999.0000,-9999.0000,-9999.0000,-9999.0000,-9999.0000
2025-04-01,39,1481.0000,1337.1135,1612.0000,1372.0000,2129.0000,3713.0000,4022.0000,4184.0000,4108.0000,2446.0000,1599.0000
2025-04-02,39,383.0000,389.0106,749.3596,569.6231,1493.5924,3050.3002,3337.7766,3516.0328,3498.8286,2026.0232,1089.7397
2025-04-02,39,404.0000,441.2128,773.0075,585.9912,1493.2055,3033.3598,3315.9491,3498.1355,3499.8871,2029.8032,1098.1884
2025-04-04,39,456.0000,525.0175,844.1784,635.6183,1502.0000,3225.5087,3658.8137,3897.4242,3844.6229,2154.2045,1203.6527
2025-04-04,39,469.7597,573.0049,869.3163,651.6097,1493.1996,3178.9118,3616.0000,3835.0735,3779.1218,2149.9614,1194.6924
2025-04-04,39,391.0000,388.9648,733.1544,563.2350,1389.2900,3050.7948,3420.6285,3637.8625,3634.0000,2009.6179,1098.8480
2025-04-04,39,446.0000,469.1796,777.0788,595.6557,1388.9617,3011.8449,3372.5782,3553.2733,3553.9726,1989.5574,1091.3030
2025-04-07,39,583.0000,611.6269,859.3958,628.0299,1353.3367,2947.0220,3318.9188,3542.5005,3505.2199,1868.3472,1098.2642
2025-04-11,39,529.0000,483.2594,866.6493,658.5468,1612.5100,3594.0874,3954.7690,4162.6805,4172.3099,2283.7767,1292.3488
2025-04-11,39,571.0000,577.2889,922.8617,699.4193,1604.6672,3467.9810,3818.9734,4035.4107,4042.2282,2249.9351,1283.3889
2025-04-12,39,261.0000,211.8325,675.9804,491.4530,1635.0162,3557.2280,3892.2549,4134.5268,4128.6129,2180.4498,1168.9271
2025-04-12,39,485.0000,505.4128,835.6583,626.6582,1603.0122,3268.3260,3588.8803,3818.1594,3819.8010,2140.6087,1161.0332
2025-04-19,39,457.0000,437.1375,789.0222,507.0566,1533.9424,3276.4103,3594.7468,3776.8335,3834.4988,1922.0000,984.6702
2025-04-19,39,419.0000,425.6371,781.0664,508.0062,1536.9488,3298.9066,3619.2508,3802.9955,3860.3821,1921.5775,984.6994
2025-04-22,39,300.0000,277.0268,651.4806,434.5781,1365.1155,3060.2657,3413.2170,3515.4191,3625.2557,1809.0652,937.8830
2025-04-22,39,296.0000,321.1896,674.0802,459.5919,1368.4021,3053.7332,3410.0000,3506.8660,3642.4268,1810.6499,941.0000
2025-04-24,39,-9999.0000,-9999.0000,-9999.0000,-9999.0000,-9999.0000,-9999.0000,-9999.0000,-9999.0000,-9999.0000,-9999.0000,-9999.0000
2025-04-24,39,-9999.0000,-9999.0000,-9999.0000,-9999.0000,-9999.0000,-9999.0000,-9999.0000,-9999.0000,-9999.0000,-9999.0000,-9999.0000
2025-04-24,39,534.0000,425.4313,795.0000,554.8052,1471.0000,3368.4209,3785.4814,3892.8092,4007.8182,1943.0000,1017.0000
2025-04-24,39,615.0000,524.2696,854.0000,585.0000,1378.0000,3280.5588,3677.0454,3816.0284,3933.0000,1593.0000,884.0000
2025-04-27,39,225.0000,276.9302,577.3888,355.7139,1114.0000,2790.4572,3253.3689,3373.0604,3483.2610,1545.9479,817.1621
2025-04-27,39,347.0000,405.9059,656.7695,418.8665,1117.6661,2715.0809,3187.2430,3264.4886,3397.0075,1525.6476,812.4651
2025-04-29,39,332.0000,265.2783,643.5314,403.7185,1421.3049,3209.0000,3576.0217,3827.9198,3859.4492,1802.9708,939.3485
2025-04-29,39,424.0000,392.9189,715.7208,467.2289,1409.7976,3115.0334,3475.5123,3690.2105,3730.2738,1772.0000,929.0000
2025-05-01,39,440.6134,363.8108,700.1430,467.3806,1273.9338,3123.5394,3551.0000,3705.9347,3812.0000,1837.8772,1012.9358
2025-05-01,39,486.0408,453.5544,753.2957,514.9993,1293.2463,3070.0000,3493.5056,3632.5092,3755.0080,1820.0000,1014.9416
2025-05-02,39,450.0000,369.3728,675.0864,451.6657,1339.8232,2996.3200,3330.8659,3508.6195,3635.5142,1737.6639,930.8904
2025-05-02,39,463.0000,421.4849,707.1767,475.2866,1350.6796,3018.9799,3364.6205,3513.8158,3660.8467,1746.8321,932.7703
2025-05-04,39,1000.0000,1056.0000,1373.1363,1163.3826,1955.0000,3394.5240,3822.0000,3856.0000,3945.3232,2036.0977,1443.4719
2025-05-04,39,1096.0000,1092.6628,1365.3216,1161.5066,1909.2406,3213.7706,3620.0000,3664.0000,3786.0456,2022.4825,1426.2393
2025-05-04,39,619.0000,660.0574,1075.3992,875.4175,1724.3794,3350.6822,3756.1120,3804.2147,3978.5347,1949.3651,1242.9809
2025-05-04,39,854.0000,833.1762,1136.4539,947.3186,1680.6337,3117.1569,3501.9375,3562.1636,3731.3040,1917.3947,1242.8852
2025-05-09,39,420.0000,329.9020,677.3159,444.1487,1601.3013,3340.6587,3707.7492,3975.2792,4078.3757,1893.0394,1010.5646
2025-05-09,39,354.0000,329.7761,677.7559,435.5005,1598.1668,3331.9582,3732.7417,3976.2697,4082.0000,1882.9491,1005.4932
2025-05-11,39,438.0000,361.0045,675.3075,507.9400,1452.9075,3173.6127,3585.8809,3777.1851,3947.3158,1915.1543,1059.1579
2025-05-11,39,428.0000,413.5399,701.1836,539.1663,1445.0201,3138.8443,3545.8855,3752.0311,3900.0000,1908.6776,1059.3346
2025-05-12,39,180.0000,83.5229,451.6955,339.1086,1514.8519,3201.4332,3604.0390,3895.0613,4021.8151,1876.3302,1001.5725
2025-05-12,39,238.0000,212.2073,539.1209,403.7413,1523.9946,3154.7328,3571.1250,3844.8526,3938.0334,1876.6027,1012.7906
