2017-01-24,47,559.0000,720.0000,901.0000,1030.0000,1336.3408,1549.9512,1653.0000,1795.0794,1793.5327,1916.0000,1395.0000
2017-04-11,47,1861.5130,1685.1971,1869.2644,2098.8602,2294.4902,2401.7236,2465.3747,2525.8037,2579.2945,3178.2993,3035.0000
2017-04-21,47,1210.0000,1491.5644,1938.4757,2418.3701,2586.4044,2722.7958,2800.1649,3048.8361,2932.1223,3436.4452,3237.0547
2017-04-21,47,1850.0000,1907.5936,2170.6555,2551.8405,2638.9630,2732.8137,2843.3109,3056.8571,2961.0000,3461.7428,3247.0000
2017-04-24,47,-9999.0000,-9999.0000,-9999.0000,-9999.0000,-9999.0000,-9999.0000,-9999.0000,-9999.0000,-9999.0000,-9999.0000,-9999.0000
2017-05-01,47,1978.0000,1994.0728,2149.4301,2253.2576,2431.0000,2645.0093,2741.7295,2833.8949,2810.0000,2525.0000,2178.0000
2017-05-04,47,1164.0000,1248.0000,1442.0000,1630.0897,1772.0000,1884.0000,2010.0000,2068.0000,2087.0000,2105.0000,1611.0000
2017-05-04,47,990.0000,1296.0000,1519.0000,1708.0000,1848.0000,2068.0000,2159.0000,2242.0000,2308.0000,2181.0000,1617.0000
2017-05-14,47,910.0000,1308.3629,1786.4115,1933.0774,2397.6137,2564.0000,2633.2974,2666.6306,2726.0000,3053.1095,2635.7080
2017-05-14,47,1291.0000,1563.1667,1931.8383,2012.5839,2453.9102,2601.3458,2670.9741,2698.6815,2753.5573,3073.8763,2653.8198
2017-05-21,47,-9999.0000,-9999.0000,-9999.0000,-9999.0000,-9999.0000,-9999.0000,-9999.0000,-9999.0000,-9999.0000,-9999.0000,-9999.0000
2017-05-21,47,-9999.0000,-9999.0000,-9999.0000,-9999.0000,-9999.0000,-9999.0000,-9999.0000,-9999.0000,-9999.0000,-9999.0000,-9999.0000
2017-05-24,47,2137.0000,2196.2896,2627.1284,2903.2525,3270.1411,3492.0000,3589.5017,3554.3333,3674.0000,3986.9714,3541.5863
2017-05-24,47,1677.0000,1972.1877,2371.4228,2632.0281,3002.4562,3262.1789,3386.3856,3357.0742,3489.0850,3830.3867,3444.6481
2017-05-31,47,1801.0000,1797.0000,1964.5000,1936.0000,2248.0000,2920.0000,3056.0000,2931.0000,3168.0000,2803.0000,2279.0000
2017-06-03,47,1484.0000,1738.5072,2122.9273,2243.0799,2683.0070,3301.6823,3487.0000,3444.2798,3569.0505,3499.2182,2870.4745
2017-06-03,47,1573.0000,1635.5060,2059.1949,2197.9892,2660.4187,3277.4446,3468.0219,3421.6211,3561.0574,3485.4877,2875.3197
2017-06-10,47,1354.1512,1578.6973,1922.8774,1898.0000,2317.1594,3626.0000,3925.2335,3913.2639,4020.1189,3263.0000,2531.9901
2017-06-13,47,960.2801,1186.0639,1516.6667,1482.0341,1851.0000,3148.0000,3578.6682,3548.0992,3683.0416,2908.3092,2148.8066
2017-06-13,47,990.0000,1196.3319,1506.7746,1475.3137,1867.0000,3150.0000,3562.8473,3509.5626,3659.2811,2896.5819,2131.3751
2017-06-20,47,423.0000,715.6406,1146.8593,1153.2663,1610.5216,3346.0103,3909.9927,3921.4938,4054.0000,2700.2863,1889.0000
2017-06-20,47,893.0000,1011.2552,1291.9927,1212.0258,1594.1603,3336.8586,3936.9600,3945.5000,4076.4987,2683.7355,1876.0000
2017-06-23,47,741.0000,818.8001,1141.7806,1060.0745,1454.0390,3158.3799,3942.9670,3881.9656,4073.0337,2478.0000,1696.6874
2017-06-23,47,820.0000,882.4224,1179.6752,1066.7270,1474.0018,3237.0000,4010.3940,3946.5318,4138.0000,2471.0000,1681.4602
2017-07-03,47,198.0000,214.4854,393.5526,253.9237,616.5309,2636.0000,3693.0000,3698.7431,3839.0000,1695.0000,916.4052
2017-07-03,47,167.0000,209.5351,413.2000,290.3007,647.0000,2632.1457,3690.7587,3664.8138,3804.4380,1689.0000,914.0000
2017-07-08,47,412.0000,472.1179,616.9163,489.7752,826.1939,2469.6592,3630.4970,3604.0000,3780.0000,1661.4066,982.0000
2017-07-10,47,1.0000,1.0000,245.0193,161.5464,577.5471,2747.6658,3880.0000,3915.0551,4008.1012,1550.1375,753.3053
2017-07-10,47,102.0000,121.4925,317.7370,173.3720,544.7578,2769.6161,3904.0000,3906.8217,4000.0000,1534.4647,733.4153
2017-07-13,47,1.0000,14.3961,272.0000,205.1576,600.0453,2581.4608,3868.5758,3784.5342,4037.4069,1578.0129,785.2458
2017-07-13,47,74.0000,143.0000,345.6654,246.2772,621.5035,2566.2096,3808.0000,3736.6667,3969.5013,1566.4470,778.0000
2017-07-20,47,571.0000,598.3737,765.1959,609.3018,949.5679,2653.8634,3531.0000,3466.5000,3724.0000,1681.0000,902.0000
2017-07-20,47,444.0000,445.6667,627.1177,441.5757,809.4122,2848.0000,3952.0000,3827.7311,4110.0000,1716.4822,893.6490
2017-07-23,47,48.0000,338.8090,589.9714,493.3316,881.9917,2428.6096,3365.4419,3321.3294,3632.6999,1726.9867,941.5899
2017-07-23,47,356.7518,438.0000,609.7765,453.7984,840.6553,2484.0000,3491.0000,3452.2771,3780.3291,1760.0000,938.0907
2017-07-30,47,-9999.0000,-9999.0000,-9999.0000,-9999.0000,-9999.0000,-9999.0000,-9999.0000,-9999.0000,-9999.0000,-9999.0000,-9999.0000
2017-08-02,47,338.0000,376.5456,569.9917,478.1054,881.7471,2311.0000,3137.0000,3113.4456,3433.5000,1808.8702,1046.4044
2017-08-02,47,282.0000,388.8473,573.3144,473.8333,880.9704,2280.5242,3121.5396,3089.4333,3404.0000,1814.4939,1048.0000
2017-08-09,47,367.0000,510.2730,844.5010,856.3538,1340.0000,2598.3172,3185.7385,3209.2772,3510.0000,2257.8847,1416.7343
2017-08-09,47,452.0000,549.4247,870.3455,857.9753,1348.0000,2566.0461,3136.9972,3145.0453,3433.3614,2237.4177,1413.4139
2017-08-12,47,100.0000,154.0000,198.0000,179.0000,305.0000,654.0000,781.0000,810.0000,847.0000,457.0000,275.0000
2017-08-12,47,-9999.0000,-9999.0000,-9999.0000,-9999.0000,-9999.0000,-9999.0000,-9999.0000,-9999.0000,-9999.0000,-9999.0000,-9999.0000
2017-08-19,47,-9999.0000,-9999.0000,-9999.0000,-9999.0000,-9999.0000,-9999.0000,-9999.0000,-9999.0000,-9999.0000,-9999.0000,-9999.0000
2017-08-22,47,465.0000,608.4208,841.9057,1028.3779,1465.0000,2168.0000,2528.0000,2766.3333,2917.8361,2525.1005,1636.0000
2017-08-22,47,469.0000,614.4344,841.4655,1018.9602,1469.9763,2165.4857,2518.4380,2752.6472,2920.7171,2529.0179,1636.9751
2017-08-29,47,267.0000,405.2508,660.9698,1002.0642,1302.2712,1789.7585,2012.9355,2128.0000,2353.5157,2563.9591,1766.0000
2017-08-29,47,428.0000,545.3470,723.7925,1027.0882,1299.3379,1762.8183,2005.5423,2091.2849,2316.3005,2537.9488,1739.4658
2017-09-08,47,316.0000,474.0217,632.5456,869.2500,1130.5087,1507.6885,1651.7417,1724.5050,1931.6547,2339.8225,1725.9260
2017-09-08,47,387.0000,436.4588,625.0000,869.2875,1122.6123,1504.0000,1658.4329,1714.4850,1901.1497,2312.8564,1690.7165
2017-09-18,47,409.0000,436.6000,573.2000,720.1954,982.0633,1363.5722,1475.4787,1527.3960,1650.5183,2205.2546,1714.5655
2017-09-18,47,224.0000,408.3188,618.5678,773.3452,1012.3875,1377.3645,1500.9316,1527.6465,1675.2302,2133.5223,1683.9705
2017-09-21,47,425.0000,426.5988,496.8133,564.5685,777.1188,1100.9002,1225.3942,1237.6397,1356.9397,1741.0734,1361.6012
2017-09-21,47,469.0000,460.7517,518.2847,574.6564,780.9587,1099.2642,1212.9948,1239.5552,1355.7994,1733.4222,1363.1585
2017-09-28,47,514.0000,652.0000,785.0210,828.5093,1105.0000,1491.2250,1601.0723,1688.7085,1762.0000,2086.5200,1561.0971
2017-09-28,47,748.0000,836.3539,906.5737,894.7581,1137.2491,1474.8286,1587.6243,1683.7897,1740.6276,2017.0000,1542.0988
2017-10-01,47,-9999.0000,-9999.0000,-9999.0000,-9999.0000,-9999.0000,-9999.0000,-9999.0000,-9999.0000,-9999.0000,-9999.0000,-9999.0000
2017-10-08,47,-9999.0000,-9999.0000,-9999.0000,-9999.0000,-9999.0000,-9999.0000,-9999.0000,-9999.0000,-9999.0000,-9999.0000,-9999.0000
2017-10-08,47,-9999.0000,-9999.0000,-9999.0000,-9999.0000,-9999.0000,-9999.0000,-9999.0000,-9999.0000,-9999.0000,-9999.0000,-9999.0000
2017-10-11,47,-9999.0000,-9999.0000,-9999.0000,-9999.0000,-9999.0000,-9999.0000,-9999.0000,-9999.0000,-9999.0000,-9999.0000,-9999.0000
2017-10-18,47,-9999.0000,-9999.0000,-9999.0000,-9999.0000,-9999.0000,-9999.0000,-9999.0000,-9999.0000,-9999.0000,-9999.0000,-9999.0000
2017-10-31,47,1388.0000,1466.0000,1603.0000,1770.6667,2034.0000,2262.6790,2416.0000,2627.2000,2645.0227,2977.0000,2316.5907
2017-10-31,47,1382.0000,1574.0139,1697.0000,1945.4161,2237.0000,2376.0000,2536.0000,2788.5585,2777.7589,3601.5754,2857.3288
2017-11-10,47,-9999.0000,-9999.0000,-9999.0000,-9999.0000,-9999.0000,-9999.0000,-9999.0000,-9999.0000,-9999.0000,-9999.0000,-9999.0000
2017-11-10,47,-9999.0000,-9999.0000,-9999.0000,-9999.0000,-9999.0000,-9999.0000,-9999.0000,-9999.0000,-9999.0000,-9999.0000,-9999.0000
2017-11-17,47,375.0000,687.0000,819.0000,1025.0000,1243.0000,1400.0000,1551.0000,1742.0000,1794.0000,1981.0000,1427.0000
2017-11-17,47,718.0000,1018.4188,995.4727,1098.7518,1244.0000,1409.7577,1528.0000,1754.5000,1781.5040,1962.0000,1433.0881
2017-11-20,47,399.0000,738.4074,956.8586,1289.6667,1533.0000,1669.0000,1801.5890,2036.0000,2054.2410,2569.0000,1969.2559
2017-11-20,47,737.0000,899.0000,1017.0604,1289.5000,1529.6200,1661.5496,1797.3883,2043.5334,2045.6049,2563.0000,1970.6496
2017-11-27,47,238.0000,550.5782,717.5609,957.6682,1045.0398,1069.5984,1140.5468,1243.1507,1203.2884,1424.0000,1112.0000
2017-11-27,47,449.0000,633.5870,774.1689,965.4015,1049.4265,1084.6957,1131.4030,1235.2582,1195.2930,1384.4935,1080.0000
2017-12-07,47,587.0000,770.3240,922.0000,1084.2021,1233.0000,1287.0000,1312.0000,1347.6074,1354.6048,1401.5025,1094.0000
2017-12-17,47,236.0000,569.5779,725.1780,1001.8793,1126.2987,1169.0122,1205.8174,1315.3957,1305.6527,1444.2734,1150.0000
2017-12-17,47,473.0000,657.7328,785.5264,1013.4063,1125.7020,1154.0513,1189.5204,1301.0916,1281.5285,1392.3519,1109.9903
2017-12-20,47,331.0000,548.6119,660.3938,848.4061,945.0000,962.1863,994.4963,1074.8818,1060.2723,1177.4457,910.0000
2017-12-20,47,389.0000,582.4346,678.8534,850.4097,953.0000,969.6075,1001.0000,1075.3942,1059.3513,1177.2484,908.5986
2017-12-22,47,-9999.0000,-9999.0000,-9999.0000,-9999.0000,-9999.0000,-9999.0000,-9999.0000,-9999.0000,-9999.0000,-9999.0000,-9999.0000
2017-12-25,47,-9999.0000,-9999.0000,-9999.0000,-9999.0000,-9999.0000,-9999.0000,-9999.0000,-9999.0000,-9999.0000,-9999.0000,-9999.0000
2017-12-25,47,-9999.0000,-9999.0000,-9999.0000,-9999.0000,-9999.0000,-9999.0000,-9999.0000,-9999.0000,-9999.0000,-9999.0000,-9999.0000
2018-01-06,47,-9999.0000,-9999.0000,-9999.0000,-9999.0000,-9999.0000,-9999.0000,-9999.0000,-9999.0000,-9999.0000,-9999.0000,-9999.0000
2018-01-11,47,133.0000,469.5977,587.0000,762.3802,781.2928,861.5968,973.1133,986.0000,1042.0000,1044.7709,773.0000
2018-01-11,47,322.0000,586.8610,672.0000,802.3882,864.2154,941.7165,1006.0000,1007.0000,1067.0000,1028.3840,803.0000
2018-01-14,47,-9999.0000,-9999.0000,-9999.0000,-9999.0000,-9999.0000,-9999.0000,-9999.0000,-9999.0000,-9999.0000,-9999.0000,-9999.0000
2018-01-14,47,694.0000,1131.2886,1325.2060,1514.7002,1637.0000,1773.2248,1894.0000,2042.4796,1984.0000,2093.2544,1849.0000
2018-01-19,47,-9999.0000,-9999.0000,-9999.0000,-9999.0000,-9999.0000,-9999.0000,-9999.0000,-9999.0000,-9999.0000,-9999.0000,-9999.0000
2018-01-19,47,-9999.0000,-9999.0000,-9999.0000,-9999.0000,-9999.0000,-9999.0000,-9999.0000,-9999.0000,-9999.0000,-9999.0000,-9999.0000
2018-01-21,47,304.0771,649.7609,821.6349,1105.9058,1265.1834,1316.8165,1385.3846,1475.4603,1449.0000,1666.0000,1361.9666
2018-01-21,47,479.0000,769.6332,893.9008,1113.2290,1249.7240,1306.0000,1361.6964,1446.1717,1417.0000,1596.7595,1312.8592
2018-02-08,47,-9999.0000,-9999.0000,-9999.0000,-9999.0000,-9999.0000,-9999.0000,-9999.0000,-9999.0000,-9999.0000,-9999.0000,-9999.0000
2018-02-10,47,455.0000,753.8606,905.6876,1204.9304,1377.3569,1427.0000,1481.6443,1573.9386,1541.3582,1780.8506,1480.5746
2018-02-10,47,481.0000,793.4109,977.8176,1205.5695,1360.0000,1404.0000,1456.9814,1442.0000,1522.0000,1730.0000,1436.0000
2018-02-13,47,1102.0000,1311.0000,1415.0000,1544.3580,1675.0000,1777.0000,1830.0000,1950.0000,1898.0000,1341.0000,1177.0000
2018-02-13,47,1160.0000,1340.4257,1450.5923,1582.0000,1700.2016,1830.0173,1929.0000,2010.0472,1946.0000,1360.0000,1176.0000
2018-02-25,47,1838.0000,2084.6278,2339.7311,2611.6273,2845.2645,2917.2432,2968.4321,3017.4421,3029.3161,3241.3236,2980.3621
2018-02-25,47,1913.3766,2146.4308,2394.4833,2644.3853,2859.1362,2932.5391,2981.3351,3036.9611,3047.0000,3233.5605,2955.9523
2018-02-28,47,1590.3314,1841.2213,2100.3765,2330.7917,2554.8170,2649.0000,2729.9813,2763.9064,2840.0000,3453.0000,3211.5801
2018-02-28,47,1681.4858,1908.2303,2131.1228,2347.3348,2580.9699,2677.6575,2737.3697,2773.3448,2848.5497,3449.7438,3196.1047
2018-03-12,47,-9999.0000,-9999.0000,-9999.0000,-9999.0000,-9999.0000,-9999.0000,-9999.0000,-9999.0000,-9999.0000,-9999.0000,-9999.0000
2018-03-20,47,-9999.0000,-9999.0000,-9999.0000,-9999.0000,-9999.0000,-9999.0000,-9999.0000,-9999.0000,-9999.0000,-9999.0000,-9999.0000
2018-03-20,47,-9999.0000,-9999.0000,-9999.0000,-9999.0000,-9999.0000,-9999.0000,-9999.0000,-9999.0000,-9999.0000,-9999.0000,-9999.0000
2018-03-22,47,1429.9870,1826.6000,2129.0000,2473.9652,2707.9516,2754.7719,2833.4953,2907.5710,2913.8504,3444.0000,3247.0000
2018-03-22,47,1245.0000,1667.1933,1995.4974,2315.8937,2562.9027,2627.7841,2689.0000,2779.4281,2788.7510,3336.3237,3179.0000
2018-03-25,47,1360.0000,1661.7500,1908.9834,2162.3441,2429.0000,2521.0000,2616.7723,2596.6634,2721.4230,3349.6248,3282.0000
2018-03-25,47,1416.0000,1676.1831,1914.9764,2164.0000,2434.5365,2521.3752,2616.0000,2594.1730,2725.0000,3347.9871,3269.7101
2018-03-27,47,1774.0000,1885.0000,2099.9320,2402.7954,2737.3996,2936.0000,3040.8546,3153.8020,3185.0439,3813.0207,3562.9917
2018-03-27,47,1764.9671,1883.0331,2091.6196,2378.7909,2701.6061,2914.0984,3015.0000,3137.1628,3157.8742,3787.9774,3512.1326
2018-03-30,47,-9999.0000,-9999.0000,-9999.0000,-9999.0000,-9999.0000,-9999.0000,-9999.0000,-9999.0000,-9999.0000,-9999.0000,-9999.0000
2018-03-30,47,-9999.0000,-9999.0000,-9999.0000,-9999.0000,-9999.0000,-9999.0000,-9999.0000,-9999.0000,-9999.0000,-9999.0000,-9999.0000
2018-04-01,47,1048.0000,1241.0039,1448.0000,1625.8305,1856.0000,1993.3315,2113.0000,2260.3055,2196.5671,2244.0000,1892.8755
2018-04-01,47,1052.0000,1267.0000,1450.3799,1594.2493,1821.0000,1961.4923,2073.2127,2221.5646,2161.5373,2208.0000,1877.7331
2018-04-06,47,814.0381,1025.7080,1284.3439,1530.7664,1735.0000,1804.0000,1842.2213,1922.5725,1929.8573,2220.6283,1894.1901
2018-04-06,47,840.9446,1021.4768,1257.6058,1459.9355,1661.3565,1753.0000,1807.0000,1890.3681,1888.3407,2165.0000,1846.6170
2018-04-11,47,1743.0000,1812.8506,1853.2238,1909.4180,2097.6821,2194.4359,2306.0000,2298.6879,2340.8325,2216.3149,1926.8529
2018-04-14,47,685.0000,930.0120,1104.6667,1304.9241,1454.7570,1553.5011,1620.8378,1667.7958,1683.4199,1879.0000,1761.5104
2018-04-14,47,737.0000,957.6780,1116.7887,1301.7292,1434.6204,1545.6829,1629.5178,1676.1109,1680.0000,1879.0000,1745.3843
2018-04-16,47,-9999.0000,-9999.0000,-9999.0000,-9999.0000,-9999.0000,-9999.0000,-9999.0000,-9999.0000,-9999.0000,-9999.0000,-9999.0000
2018-04-16,47,-9999.0000,-9999.0000,-9999.0000,-9999.0000,-9999.0000,-9999.0000,-9999.0000,-9999.0000,-9999.0000,-9999.0000,-9999.0000
2018-04-19,47,1249.0000,1538.0191,1835.9927,2092.2851,2301.7448,2388.0000,2469.5018,2554.4420,2541.0000,2853.4940,2612.6423
2018-04-19,47,1272.0000,1531.5520,1819.6057,2060.7395,2251.1250,2369.0000,2440.1785,2531.5026,2520.0651,2834.8641,2593.3595
2018-04-21,47,1436.8775,1948.8016,2261.0861,2552.9305,2785.4799,2842.0000,2929.3072,3066.8827,2994.1850,3378.0000,3226.1517
2018-04-21,47,1306.0000,1724.4668,2067.8015,2347.3277,2582.6964,2705.6219,2814.8610,2948.1780,2884.6080,3257.0000,3136.9477
2018-04-24,47,1384.0000,1733.8436,1948.9905,2051.8763,2350.5286,2609.5935,2805.2314,2789.7820,2849.1565,3075.0000,2975.0000
2018-04-24,47,1506.4929,1697.6425,1909.8426,1996.2837,2281.8336,2586.1151,2795.0000,2779.2555,2852.7788,3035.0429,2929.0000
2018-04-26,47,1623.0000,1932.0889,2274.3862,2522.9005,2812.5133,2968.6667,3035.6796,3051.6367,3114.6648,3420.7031,3146.0000
2018-04-26,47,1490.5248,1795.6637,2171.7595,2439.6313,2714.5172,2901.0000,2980.5044,3003.6955,3068.2558,3363.6298,3083.7683
2018-04-29,47,1427.0000,1715.3799,2026.3340,2243.7637,2501.9738,2691.0000,2784.0000,2788.0604,2866.0000,3060.4836,2788.2318
2018-04-29,47,1429.0000,1690.2769,1987.8541,2188.2283,2459.5916,2641.0000,2754.9797,2755.8605,2834.3506,3034.8247,2779.2637
2018-05-04,47,1098.0000,1374.3823,1522.5438,1602.1547,1818.3525,2060.3337,2225.5406,2277.8437,2275.7922,1941.0000,1601.4619
2018-05-04,47,1110.3601,1380.7026,1530.3250,1602.1120,1822.6889,2074.4710,2253.0908,2290.6137,2299.4980,1934.5691,1596.0383
2018-05-06,47,1062.0000,1218.0926,1485.4067,1651.3815,1905.4045,2195.5792,2316.1238,2316.5452,2411.4600,2510.4869,2156.6250
2018-05-06,47,1041.0000,1251.7348,1533.9964,1731.0449,1981.7555,2245.5719,2344.0231,2342.7778,2440.9971,2546.0000,2147.0034
2018-05-09,47,1604.0000,1924.3359,2220.3811,2444.2430,2739.4655,2982.4983,3109.0944,3124.1089,3196.9962,3187.2626,2835.1514
2018-05-09,47,1561.0000,1843.6943,2162.2501,2395.1660,2675.6586,2952.3773,3089.0407,3091.2977,3171.2480,3164.0198,2824.2960
2018-05-11,47,2102.0000,2538.4898,2948.8065,3291.4209,3833.2388,4276.0000,4602.0000,4538.0000,4724.0000,5003.0000,4650.8301
2018-05-11,47,2083.0000,2629.0000,3128.0739,3494.9756,4009.0000,4401.5754,4659.1554,4658.2507,4836.0000,5211.2751,4939.0000
2018-05-16,47,-9999.0000,-9999.0000,-9999.0000,-9999.0000,-9999.0000,-9999.0000,-9999.0000,-9999.0000,-9999.0000,-9999.0000,-9999.0000
2018-05-16,47,-9999.0000,-9999.0000,-9999.0000,-9999.0000,-9999.0000,-9999.0000,-9999.0000,-9999.0000,-9999.0000,-9999.0000,-9999.0000
2018-05-19,47,1474.0000,1753.4260,2163.9722,2425.3949,2807.3463,3245.6047,3397.0000,3403.5948,3484.9698,3523.0000,3081.4325
2018-05-19,47,1440.0000,1772.4840,2107.1425,2354.8996,2696.1311,3169.1557,3326.0000,3347.0703,3437.0000,3464.3901,3078.1898
2018-05-21,47,1517.5238,2002.9832,2347.6346,2695.2923,3004.8294,3302.0000,3634.0000,3592.5145,3733.0000,3955.8246,3720.0950
2018-05-21,47,1554.0737,1986.7975,2332.2754,2664.3839,2993.2316,3203.0000,3586.2923,3544.0000,3691.7822,3915.6845,3707.5648
2018-05-24,47,-9999.0000,-9999.0000,-9999.0000,-9999.0000,-9999.0000,-9999.0000,-9999.0000,-9999.0000,-9999.0000,-9999.0000,-9999.0000
2018-05-24,47,-9999.0000,-9999.0000,-9999.0000,-9999.0000,-9999.0000,-9999.0000,-9999.0000,-9999.0000,-9999.0000,-9999.0000,-9999.0000
2018-05-26,47,1636.5642,1946.9613,2324.1462,2696.5685,2916.0104,3085.5293,3203.9044,3211.2281,3331.3388,3832.9001,3588.8766
2018-05-26,47,1494.0000,1802.9994,2204.3198,2550.6509,2811.1339,3005.4830,3115.8415,3130.8751,3251.4959,3752.8853,3510.2070
2018-05-31,47,1709.7265,2020.4964,2272.3804,2451.0753,2728.4103,2926.7135,3128.6801,3094.0000,3189.6430,3306.6048,3083.5432
2018-05-31,47,1717.4390,2041.3793,2291.5105,2458.3759,2721.8254,2913.8889,3114.0000,3084.5887,3170.9134,3274.1701,3019.7563
2018-06-03,47,1365.2012,1675.0304,1979.2219,2203.1211,2456.0000,2709.1503,2920.3871,2909.9873,3020.4741,3262.0000,3057.6803
2018-06-03,47,1392.0000,1699.7965,1993.2077,2211.7262,2475.3854,2737.0206,2947.9550,2931.0083,3034.2361,3251.7154,3056.7232
2018-06-05,47,1596.4239,1842.8622,2211.1555,2466.6725,2770.9629,3141.0000,3277.7127,3238.0000,3394.6531,3619.8714,3268.0700
2018-06-05,47,1605.0000,1802.1851,2162.1699,2402.4403,2707.4510,3069.0000,3209.7946,3164.4565,3313.6686,3555.7091,3224.3205
2018-06-10,47,957.0000,1208.5568,1488.0000,1610.0000,1933.5315,2445.6925,2677.0000,2621.6041,2730.3466,2730.6044,2234.0000
2018-06-10,47,808.4312,1116.5822,1433.3999,1562.9702,1893.6125,2389.7208,2610.0146,2569.8157,2674.8899,2694.0000,2210.6644
2018-06-13,47,1391.0000,1786.9949,2242.9704,2410.7166,2914.3654,3505.2285,3737.0761,3696.9826,3868.6002,3884.3331,3427.9033
2018-06-13,47,1560.5248,1858.4896,2252.4606,2387.9714,2897.9040,3490.0164,3758.1218,3684.0394,3871.0000,3864.5666,3416.5953
2018-06-15,47,1780.0000,2098.0724,2611.0441,2774.8964,3352.1202,4152.0000,4308.7212,4307.9186,4421.0000,4356.3842,3639.4594
2018-06-15,47,1779.6690,2098.6430,2597.1860,2761.6736,3334.9246,4104.5265,4274.0697,4283.2405,4431.0000,4307.9922,3605.8793
2018-06-18,47,1079.0000,1338.0000,1737.0000,1852.0000,2293.0000,2787.0000,2926.0000,2900.0000,3042.0000,2858.0000,2093.0000
2018-06-18,47,1173.0000,1348.0000,1722.0000,1838.0000,2292.0000,2823.0000,3004.0000,3010.0000,3156.0000,2860.0000,2105.0000
2018-06-20,47,1620.0000,2139.3313,2587.6956,2786.3018,3305.5329,3833.3314,4070.0000,4034.0000,4169.1556,4194.0831,3659.8631
2018-06-20,47,1434.1750,1915.1759,2395.4881,2610.1824,3108.4682,3634.4962,3864.5916,3852.0000,3975.0000,4082.7111,3596.5297
2018-06-23,47,513.0000,826.4416,1165.0332,1309.1238,1671.0000,2225.4048,2397.0085,2491.8836,2522.3607,2322.0361,1756.7769
2018-06-23,47,707.0000,918.7653,1193.5406,1305.3350,1664.4384,2219.9299,2385.8659,2475.0377,2505.2759,2310.3003,1753.8719
2018-06-30,47,991.0000,1264.1851,1710.0000,1571.3826,2336.3702,4002.9970,4437.1421,4452.0000,4541.5356,3621.0000,2700.2612
2018-06-30,47,980.6329,1237.3333,1640.1107,1514.5921,2249.6154,3808.5046,4253.1301,4257.0499,4366.9430,3547.7039,2635.6402
2018-07-03,47,1143.0000,1278.0000,1520.1419,1405.0546,1854.0000,2886.3087,3327.0000,3256.0000,3413.8715,2399.0000,1690.0000
2018-07-03,47,1259.0000,1344.0000,1574.0000,1440.3147,1882.0000,2953.0000,3406.0000,3316.6667,3464.5571,2404.0748,1684.2062
2018-07-05,47,776.0000,861.4432,1262.0000,1061.4000,1814.4215,4180.4159,4780.1247,4716.0000,4953.0000,3234.3531,2050.0000
2018-07-05,47,659.0000,775.0000,1216.4383,1042.8369,1788.6302,4156.5048,4745.8637,4665.9787,4932.9000,3205.6915,2034.4552
2018-07-08,47,377.0000,386.4990,670.0447,453.7132,1052.5999,3188.8515,3794.0403,3828.2404,3860.0000,1961.5835,1144.3111
2018-07-10,47,-9999.0000,-9999.0000,-9999.0000,-9999.0000,-9999.0000,-9999.0000,-9999.0000,-9999.0000,-9999.0000,-9999.0000,-9999.0000
2018-07-13,47,46.0000,237.4744,573.8886,321.2671,1028.6707,4027.6855,5160.0955,5226.6436,5212.2167,2509.5356,1341.0000
2018-07-13,47,355.0000,398.0457,648.9195,373.2438,1037.0000,3856.0000,4921.0000,4964.2220,5059.0000,2474.7151,1331.0000
2018-07-15,47,521.0000,421.3514,701.6435,376.9002,1098.5134,4533.1920,5643.0830,5686.7278,5851.6063,2789.3855,1437.5890
2018-07-15,47,466.0000,429.7208,709.2554,379.4430,1091.0000,4523.0000,5642.5662,5668.8000,5829.0982,2763.2385,1410.5970
2018-07-18,47,332.5166,338.1823,565.4213,309.6633,909.8965,4073.9471,5400.7882,5473.3954,5594.2716,2460.1639,1248.0000
2018-07-18,47,376.8524,373.5369,585.4084,329.6519,928.6283,4053.3853,5354.9781,5442.6323,5546.0000,2454.0000,1248.7226
2018-07-20,47,439.0000,506.4472,697.3050,412.0000,1004.9580,4163.2531,5754.0648,5717.6736,5955.6698,2706.0000,1356.9476
2018-07-20,47,263.0000,433.9733,672.8285,425.6225,1004.9418,4105.1555,5671.3968,5605.3595,5853.2364,2675.0000,1350.9896
2018-07-23,47,-9999.0000,-9999.0000,-9999.0000,-9999.0000,-9999.0000,-9999.0000,-9999.0000,-9999.0000,-9999.0000,-9999.0000,-9999.0000
2018-07-23,47,-9999.0000,-9999.0000,-9999.0000,-9999.0000,-9999.0000,-9999.0000,-9999.0000,-9999.0000,-9999.0000,-9999.0000,-9999.0000
2018-07-25,47,350.0000,361.4910,552.9030,307.3480,845.0412,4226.9036,5768.0354,5833.0000,5990.6648,2484.7390,1230.0000
2018-07-25,47,284.0000,345.6832,564.8146,345.4812,858.1969,4058.8389,5498.3099,5606.8100,5797.8768,2441.6626,1212.6451
2018-07-28,47,302.0000,333.1993,500.9981,285.5624,766.0074,3731.7795,5294.5746,5303.8798,5574.4239,2196.0000,1069.0000
2018-07-28,47,310.0000,369.2922,549.1373,345.9302,801.6785,3612.4660,5093.9265,5110.6890,5382.4724,2172.4887,1060.0000
2018-07-30,47,216.0000,289.0753,445.5976,219.2350,709.9371,3826.4441,5725.3262,5669.4908,5933.9436,2294.0000,1089.5465
2018-07-30,47,160.0000,304.7815,481.6984,280.9509,741.1557,3634.4082,5414.0478,5370.4038,5654.3676,2245.1849,1085.4155
2018-08-02,47,31.0000,229.8273,454.4200,291.3216,741.4287,3555.0000,5315.8874,5174.3404,5606.5870,2045.9230,981.6272
2018-08-02,47,193.0000,341.5928,533.4125,349.2930,773.7120,3468.6167,5146.6617,4979.6613,5412.8584,2026.4833,982.3534
2018-08-04,47,287.0000,305.3775,461.6714,257.9862,697.7821,3794.5012,5338.8683,5302.9333,5573.0387,2136.0000,973.2648
2018-08-04,47,143.0000,241.8011,445.8551,270.3313,706.7154,3717.2866,5223.3359,5204.8583,5476.4093,2109.3793,969.4167
2018-08-07,47,118.0000,193.0983,365.7824,220.5273,609.3979,3395.5705,5001.6175,4970.4388,5272.8275,1840.0000,802.1580
2018-08-07,47,160.0000,221.1071,389.6943,241.5362,625.3402,3355.8300,4918.6806,4885.6031,5192.0028,1841.9787,800.8191
2018-08-09,47,374.0000,437.3159,517.7258,317.2493,712.8478,3292.0000,4983.4254,4935.4352,5285.0000,2004.8155,908.2348
2018-08-09,47,287.0000,426.0628,540.7146,365.2217,737.6790,3173.2527,4774.7941,4721.7281,5057.7427,1977.9444,899.1651
2018-08-12,47,31.0000,217.2975,389.9370,241.1378,620.6866,3065.0000,4588.2274,4582.8891,4843.7891,1734.2005,793.3343
2018-08-12,47,189.0000,305.0540,440.8623,277.6099,643.0000,3008.4572,4481.6929,4496.7439,4756.2356,1725.3493,793.6571
2018-08-14,47,477.0000,410.5596,649.5242,505.5337,938.2760,3660.4904,4883.8476,4870.3397,5158.1449,2157.9018,1100.9468
2018-08-14,47,560.0000,470.3452,681.1851,526.4582,941.4270,3602.9866,4794.4976,4805.6541,5083.7014,2136.3402,1089.7984
2018-08-17,47,211.0000,237.8445,393.1747,205.5824,654.4821,3427.4284,4827.7074,4854.0520,5042.6459,1773.2155,757.7485
2018-08-17,47,259.0000,233.4573,409.2622,225.5480,672.3544,3395.8822,4756.5341,4788.7746,4988.8353,1769.9300,761.3613
2018-08-19,47,1.0000,230.0555,441.5037,253.5189,758.1447,3544.3313,5091.8795,5048.4681,5299.1653,1938.3539,860.8245
2018-08-19,47,210.0000,377.6423,537.2002,333.3515,790.3793,3357.3297,4781.0000,4760.1588,4993.5733,1893.4558,849.2474
2018-08-22,47,217.0000,353.6302,589.3213,425.1195,878.0153,3174.2985,4411.1231,4385.4840,4603.1307,1752.8259,897.4636
2018-08-22,47,304.0000,420.3953,629.1921,453.2660,893.0015,3107.0000,4321.7168,4297.5085,4533.2741,1740.9511,893.7426
2018-08-24,47,1263.0000,1086.0000,1136.0000,794.0000,1278.0000,3544.0000,4440.0000,4412.0000,4779.0000,2051.0000,1029.0000
2018-08-24,47,1094.0000,977.0000,1090.0000,833.0000,1275.0000,3492.0000,4418.0000,4508.0000,4803.0000,2079.0000,1037.0000
2018-08-27,47,281.0000,258.3737,434.6294,181.7388,752.6538,3625.5250,4723.7852,4920.6977,4948.4494,1881.0000,818.5214
2018-08-27,47,311.0000,284.4537,448.1713,189.4784,762.3289,3634.5768,4707.0000,4902.1494,4940.6804,1875.0000,815.0000
2018-08-29,47,460.0000,566.7146,740.5511,465.5229,1016.1126,3349.4143,4377.9290,4530.5424,4602.1988,1864.8023,901.6473
2018-08-29,47,311.0000,504.7134,724.3866,481.2224,1010.1513,3301.7076,4290.5229,4416.6965,4515.3457,1841.0000,890.4769
2018-09-01,47,353.0000,486.0000,757.0000,374.0000,1203.0000,4313.0000,5417.0000,5428.0000,5615.0000,2222.0000,1002.0000
2018-09-01,47,406.0000,553.0000,797.0000,409.0000,1220.0000,4358.0000,5437.0000,5332.0000,5690.0000,2247.0000,1023.0000
2018-09-03,47,381.0000,443.0000,698.0000,353.0000,1084.0000,4008.0000,4887.0000,4616.0000,5214.0000,2022.0000,926.0000
2018-09-03,47,-9999.0000,-9999.0000,-9999.0000,-9999.0000,-9999.0000,-9999.0000,-9999.0000,-9999.0000,-9999.0000,-9999.0000,-9999.0000
2018-09-06,47,338.0000,407.0000,858.0000,582.0224,1518.0000,3936.0000,4616.0000,4687.0000,4867.0000,2120.0000,1096.0000
2018-09-06,47,910.0000,702.0000,1001.0000,672.5000,1555.0000,3678.0000,4304.0000,4416.9623,4580.0000,2110.0000,1118.0000
2018-09-08,47,1.0000,272.9357,730.2859,437.3217,1530.6026,3891.4160,4593.6314,4634.3261,4828.7766,2042.2439,961.2639
2018-09-08,47,105.0000,330.5574,749.0000,453.6482,1525.1211,3787.6756,4483.7667,4506.2706,4705.5756,2012.2561,948.7115
2018-09-16,47,115.0000,352.6380,824.4905,765.0201,1697.2468,2755.3563,3067.9258,3164.9469,3425.4745,2057.0000,1105.6435
2018-09-16,47,529.0000,558.7501,901.4889,777.2283,1680.5272,2704.1359,3034.1724,3131.5059,3380.3832,2035.0000,1093.8588
2018-09-18,47,96.0000,420.3591,838.5496,829.7084,1689.0341,2594.0000,2937.6807,3053.3445,3292.9950,2236.5010,1324.5766
2018-09-18,47,270.0000,512.5569,874.4406,845.1310,1654.1589,2509.6348,2859.0000,2954.8141,3186.6264,2178.5579,1300.2494
2018-09-21,47,421.0000,526.5189,753.1322,753.0608,1400.0370,2053.1807,2339.7610,2443.1651,2676.1451,2102.2822,1321.5643
2018-09-21,47,359.0000,508.5634,757.2200,769.6464,1400.0000,2053.0393,2314.9135,2433.7348,2667.5133,2086.2245,1324.7236
2018-09-23,47,-9999.0000,-9999.0000,-9999.0000,-9999.0000,-9999.0000,-9999.0000,-9999.0000,-9999.0000,-9999.0000,-9999.0000,-9999.0000
2018-09-23,47,-9999.0000,-9999.0000,-9999.0000,-9999.0000,-9999.0000,-9999.0000,-9999.0000,-9999.0000,-9999.0000,-9999.0000,-9999.0000
2018-09-26,47,443.0000,490.1983,718.2933,756.8642,1346.1278,2011.5989,2259.0000,2522.8228,2588.0079,2105.7080,1304.0000
2018-09-26,47,495.0000,528.4861,741.2403,769.2000,1348.6598,2012.0000,2263.0000,2524.1566,2593.4933,2100.0000,1307.7228
2018-09-28,47,267.0000,476.2875,740.8958,853.1896,1480.8139,2102.0119,2385.5746,2602.9448,2728.5331,2329.3536,1500.0000
2018-09-28,47,435.0000,554.2626,770.4235,854.0601,1462.1970,2059.9601,2331.9502,2565.1252,2707.4126,2291.0000,1475.6355
2018-10-03,47,262.0000,432.6741,736.2553,873.3956,1486.0066,2085.0000,2307.4718,2508.7421,2652.0402,2149.0000,1349.5865
2018-10-03,47,546.0000,566.0000,778.0000,865.2945,1478.1000,2085.0000,2288.9971,2475.5024,2636.1664,2136.0000,1323.0000
2018-10-08,47,411.0000,575.0000,874.0000,997.0000,1695.0000,2403.0000,2707.0000,2872.0000,3021.0000,2649.0000,1952.0000
2018-10-08,47,752.0000,760.0000,991.0000,1054.0000,1657.0000,2293.0000,2653.0000,2664.0000,2940.0000,2588.0000,1920.0000
2018-10-11,47,395.0000,564.5137,728.2783,836.8324,1277.6910,1745.5462,1966.1429,2076.4054,2224.0000,1997.2745,1448.7182
2018-10-11,47,401.0000,522.3686,708.4070,782.8293,1357.7794,1843.0000,2099.1556,2187.3154,2363.2576,1923.0000,1327.0000
2018-10-11,47,575.0000,700.0000,868.6716,868.8584,1413.0000,1890.5341,2139.0000,2222.0000,2397.8803,1851.0000,1277.0000
2018-10-11,47,686.0000,744.4920,850.0000,861.0000,1425.0000,1886.0000,2127.0000,2219.0019,2394.0000,1906.4501,1318.1774
2018-10-13,47,818.0000,1025.1590,1316.4832,1730.1827,2109.3496,2298.4153,2481.9933,2699.3488,2826.0701,3372.0617,2442.4158
2018-10-13,47,766.5482,997.9337,1312.7029,1755.6948,2146.9048,2329.5904,2517.0494,2731.8051,2869.7013,3394.0274,2428.1654
2018-10-18,47,623.0000,838.6837,937.0000,1108.9868,1253.0000,1261.5216,1354.3291,1354.8181,1418.5875,1845.0000,1596.0000
2018-10-18,47,702.0000,882.2827,960.4186,1109.0142,1215.0000,1235.9504,1339.4877,1346.8464,1411.4821,1802.0000,1558.8683
2018-10-21,47,822.0000,1021.1128,1097.9470,1161.2201,1251.0000,1269.7341,1320.0000,1325.5000,1338.0000,1607.0000,1561.5193
2018-10-21,47,882.0000,1045.2936,1112.0000,1161.3333,1251.0000,1275.6521,1324.6658,1338.0000,1338.4735,1666.0000,1547.0101
2018-10-23,47,1055.0000,1322.7659,1588.6670,1834.8382,1954.6436,1998.7148,2048.0000,2195.5292,2173.8003,2685.8241,2396.4825
2018-10-23,47,1130.8548,1333.6134,1556.0919,1761.7545,1869.5924,1939.0000,1993.9026,2123.1351,2114.7496,2596.7660,2348.4468
2018-10-31,47,562.0000,797.9054,945.1232,1144.5882,1246.9328,1270.1394,1347.6172,1387.7394,1429.3443,1721.0000,1487.0000
2018-10-31,47,624.0000,829.9780,969.1167,1144.5047,1256.0000,1275.0649,1364.6225,1394.7117,1425.9104,1714.6462,1489.0000
2018-11-05,47,-9999.0000,-9999.0000,-9999.0000,-9999.0000,-9999.0000,-9999.0000,-9999.0000,-9999.0000,-9999.0000,-9999.0000,-9999.0000
2018-11-05,47,-9999.0000,-9999.0000,-9999.0000,-9999.0000,-9999.0000,-9999.0000,-9999.0000,-9999.0000,-9999.0000,-9999.0000,-9999.0000
2018-11-12,47,1285.0000,1256.0000,1344.7056,1312.8903,1569.0000,1725.0000,1751.0000,1717.9101,1814.6611,1932.0000,1540.5748
2018-11-12,47,-9999.0000,-9999.0000,-9999.0000,-9999.0000,-9999.0000,-9999.0000,-9999.0000,-9999.0000,-9999.0000,-9999.0000,-9999.0000
2018-11-15,47,595.0000,738.3997,993.5928,972.0000,1266.0000,1586.0257,1667.0000,1716.9904,1745.5337,1736.0000,1393.0000
2018-11-15,47,634.0000,766.2105,1004.8217,972.4720,1249.5287,1578.3360,1669.0000,1720.3831,1744.8871,1729.8918,1386.0000
2018-11-17,47,510.0000,818.0000,1108.9839,1132.0000,1547.0000,1889.0000,1976.0000,2144.0000,2112.0000,2292.5542,1847.0000
2018-11-17,47,770.0000,958.9944,1176.0000,1202.0000,1500.6245,1848.0000,1929.6556,2060.0000,2040.6456,2154.0000,1861.0000
2018-12-05,47,-9999.0000,-9999.0000,-9999.0000,-9999.0000,-9999.0000,-9999.0000,-9999.0000,-9999.0000,-9999.0000,-9999.0000,-9999.0000
2018-12-07,47,792.0000,981.0000,1152.0000,1110.0000,1404.0000,1684.0000,1780.0000,1868.0000,1927.0000,1562.0000,1159.0000
2018-12-12,47,241.0000,429.0000,697.6669,759.0000,1086.9062,1470.0000,1490.0000,1788.0000,1688.0000,1488.3276,1014.0000
2018-12-12,47,416.0000,545.0000,758.5381,789.0000,1096.0000,1425.0000,1521.6335,1718.6343,1677.0000,1440.0000,979.0000
2018-12-15,47,408.0000,565.0000,752.3271,774.0000,1122.8286,1339.0000,1421.0000,1571.8227,1609.6040,1470.5689,1004.3139
2018-12-15,47,355.0000,508.0000,710.6052,737.8885,1106.5025,1377.0000,1527.0000,1561.7778,1697.0000,1482.0000,1008.6897
2018-12-27,47,759.0000,885.2817,985.6765,788.8944,1201.0760,1411.7509,1522.0000,1640.9942,1589.0000,1485.9251,954.0000
2018-12-30,47,368.0000,578.3164,760.5650,680.0000,1105.0000,1340.0000,1452.0000,1604.0000,1622.0000,1026.3143,807.0000
2018-12-30,47,406.0000,598.4980,770.7443,682.5000,1111.0000,1343.0000,1460.0000,1600.0000,1626.0000,1030.9641,811.0000
2019-01-01,47,769.0000,834.0000,1057.8750,1102.0000,1425.0000,1612.0000,1660.0000,1829.3730,1764.0000,1973.0000,1507.0000
2019-01-04,47,-9999.0000,-9999.0000,-9999.0000,-9999.0000,-9999.0000,-9999.0000,-9999.0000,-9999.0000,-9999.0000,-9999.0000,-9999.0000
2019-01-04,47,-9999.0000,-9999.0000,-9999.0000,-9999.0000,-9999.0000,-9999.0000,-9999.0000,-9999.0000,-9999.0000,-9999.0000,-9999.0000
2019-01-06,47,382.0000,642.0000,832.3612,819.0000,1196.0000,1514.0000,1660.0000,1768.0000,1801.0000,1479.0000,1097.0000
2019-01-06,47,506.0000,714.6391,868.6695,832.9647,1191.0000,1480.0000,1581.0000,1716.5133,1750.0000,1430.4848,1069.0000
2019-01-11,47,345.0000,480.0000,702.5335,764.0000,1212.0000,1605.0000,1702.0000,1858.0000,1916.0000,1597.2143,1131.0000
2019-01-11,47,518.0000,598.0000,778.2248,806.2202,1222.9853,1497.0000,1598.0000,1786.0000,1742.0000,1546.9772,1100.0000
2019-01-14,47,458.0000,580.0000,774.6737,793.2433,1170.8948,1426.0000,1567.0000,1627.3059,1655.0000,1536.6616,1100.2674
2019-01-14,47,407.0000,528.9016,736.0469,761.8600,1164.0000,1411.1736,1537.0000,1666.0000,1734.0000,1538.6622,1102.0000
2019-01-16,47,463.0000,746.0000,940.5010,991.0000,1394.2601,1757.2453,1865.0000,2088.0000,1951.0000,1853.0000,1526.0000
2019-01-16,47,391.0000,686.0000,886.0000,962.0000,1367.0000,1790.0000,1891.3351,2110.0000,1979.0000,1887.0000,1484.0000
2019-01-21,47,1173.0000,1288.0000,1498.0000,1556.0000,1837.0000,2142.0000,2171.0000,2369.0732,2215.0000,1859.0000,1531.0000
2019-01-24,47,666.0000,798.0000,955.0000,974.0000,1430.0000,1721.0000,1837.0000,1995.0000,2020.0000,1746.5319,1228.0000
2019-01-24,47,740.0000,824.0000,973.0000,968.0000,1408.0315,1723.8323,1835.0000,2012.0000,1965.0000,1742.0000,1239.0000
2019-01-29,47,-9999.0000,-9999.0000,-9999.0000,-9999.0000,-9999.0000,-9999.0000,-9999.0000,-9999.0000,-9999.0000,-9999.0000,-9999.0000
2019-01-29,47,-9999.0000,-9999.0000,-9999.0000,-9999.0000,-9999.0000,-9999.0000,-9999.0000,-9999.0000,-9999.0000,-9999.0000,-9999.0000
2019-01-31,47,461.0000,571.0000,754.0267,846.0000,1290.7117,1691.0000,1804.0000,1958.0000,2002.0000,1817.2943,1333.0000
2019-01-31,47,457.0000,541.0000,728.0000,817.9173,1271.0000,1691.0000,1831.0000,1955.5235,1952.0000,1794.5805,1293.6256
2019-02-03,47,-9999.0000,-9999.0000,-9999.0000,-9999.0000,-9999.0000,-9999.0000,-9999.0000,-9999.0000,-9999.0000,-9999.0000,-9999.0000
2019-02-05,47,225.0000,577.1603,786.0000,906.0000,1252.1883,1920.0000,2070.7535,2246.5634,2156.0000,1805.6049,1307.0000
2019-02-05,47,364.0000,641.7121,820.9441,918.0000,1248.5002,1915.0000,2007.6700,2214.5108,2070.1501,1769.8084,1300.0000
2019-02-08,47,312.0000,614.0000,832.0000,930.0000,1254.0000,1747.3937,1879.0000,2002.6958,2005.0000,1802.0000,1503.0000
2019-02-08,47,463.0000,704.0000,874.2611,949.9173,1265.0000,1732.3569,1860.9918,2004.0000,1992.0000,1787.0000,1493.0000
2019-02-13,47,162.0000,386.0000,670.3395,742.0000,1126.9695,1846.0000,1962.0000,2027.5943,2106.4019,1641.4523,1181.7995
2019-02-13,47,362.0000,504.5000,753.0000,785.0000,1144.5854,1782.0000,1891.1519,2024.0000,2022.0000,1624.6847,1178.4494
2019-02-15,47,348.0000,689.0000,993.0099,1052.0000,1429.0000,2074.5242,2249.0000,2452.9543,2381.0000,2053.0000,1605.0000
2019-02-15,47,479.0000,771.0000,989.0000,1073.3955,1372.1153,2058.0000,2201.5316,2422.5947,2286.7238,1994.4778,1557.0000
2019-02-18,47,-9999.0000,-9999.0000,-9999.0000,-9999.0000,-9999.0000,-9999.0000,-9999.0000,-9999.0000,-9999.0000,-9999.0000,-9999.0000
2019-02-18,47,-9999.0000,-9999.0000,-9999.0000,-9999.0000,-9999.0000,-9999.0000,-9999.0000,-9999.0000,-9999.0000,-9999.0000,-9999.0000
2019-02-23,47,270.8653,558.4000,807.0000,837.5209,1192.0000,1868.4998,1990.0000,2170.0000,2056.6211,1697.0000,1347.0000
2019-02-23,47,305.0000,550.9041,817.1916,838.0000,1151.0000,1883.2089,2001.8595,2205.2274,2076.0551,1689.3837,1292.0000
2019-02-25,47,520.0000,877.6444,1178.0000,1192.0000,1719.0000,2664.1279,2875.2431,3035.2566,2924.8525,2567.0000,2069.0000
2019-02-25,47,586.0000,889.3619,1177.0000,1189.2782,1595.0000,2644.4776,2822.0000,3008.1192,2905.0406,2508.9239,2014.0000
2019-02-28,47,370.7307,728.0000,1090.0000,1078.0000,1502.0000,2532.5609,2738.3241,2946.9154,2812.1877,2212.2962,1782.3071
2019-02-28,47,388.0000,711.0000,1074.0000,1056.0000,1503.0000,2533.1055,2763.2783,2988.4444,2851.0898,2202.3215,1778.3756
2019-03-02,47,822.0000,968.5933,1252.8644,1194.0000,1678.0000,2714.0000,2908.0000,3086.0000,3004.0000,2334.4447,1755.0000
2019-03-02,47,958.0000,1028.0000,1250.0000,1184.0000,1610.0000,2620.2702,2804.0930,2985.0542,2912.0000,2272.0000,1726.3150
2019-03-05,47,-9999.0000,-9999.0000,-9999.0000,-9999.0000,-9999.0000,-9999.0000,-9999.0000,-9999.0000,-9999.0000,-9999.0000,-9999.0000
2019-03-05,47,-9999.0000,-9999.0000,-9999.0000,-9999.0000,-9999.0000,-9999.0000,-9999.0000,-9999.0000,-9999.0000,-9999.0000,-9999.0000
2019-03-12,47,379.0000,485.0000,841.0000,683.4971,1276.0000,2894.3981,3296.0000,3594.2703,3411.0044,2093.4856,1404.8039
2019-03-12,47,361.0000,467.0000,827.0000,656.1041,1267.4008,2915.3530,3314.9489,3602.0000,3384.0930,2068.2149,1388.0000
2019-03-15,47,445.0000,502.0693,786.5449,627.5583,1194.0000,2748.0000,3196.0000,3332.1795,3294.9524,1907.6253,1235.2706
2019-03-15,47,433.0000,485.9625,772.5000,605.5059,1176.0000,2788.7587,3238.0000,3385.9877,3313.0625,1914.0297,1235.0099
2019-03-20,47,233.0000,317.0000,529.1041,370.5822,849.3864,2371.0000,2842.9404,3058.7273,2906.9839,1411.6785,884.0000
2019-03-20,47,270.0000,345.4289,548.4373,377.9559,853.0000,2411.0000,2834.0000,3058.0448,2890.2562,1403.5255,885.5608
2019-03-22,47,336.0000,337.9533,650.8141,450.7780,1064.3255,2982.1075,3535.0000,3848.9695,3680.0960,1853.0000,1124.0000
2019-03-22,47,375.0000,374.0000,664.0000,472.0000,1088.4953,2939.2383,3515.0000,3782.0000,3631.0000,1814.0000,1126.0000
2019-03-25,47,667.0000,633.0000,801.9974,609.5163,1062.0000,2637.8407,3247.0000,3385.2974,3404.2736,1595.0131,939.6411
2019-03-25,47,612.0000,576.5362,765.6043,564.5090,1058.7853,2713.2260,3370.5717,3484.0682,3510.0000,1584.9092,925.0000
2019-03-27,47,-9999.0000,-9999.0000,-9999.0000,-9999.0000,-9999.0000,-9999.0000,-9999.0000,-9999.0000,-9999.0000,-9999.0000,-9999.0000
2019-03-27,47,-9999.0000,-9999.0000,-9999.0000,-9999.0000,-9999.0000,-9999.0000,-9999.0000,-9999.0000,-9999.0000,-9999.0000,-9999.0000
2019-03-30,47,394.0000,421.4333,576.0000,443.0092,877.6689,2440.0000,3108.5312,3331.0122,3234.0000,1323.6506,843.0000
2019-03-30,47,455.0000,468.7845,609.0578,466.2587,897.1755,2434.0000,3100.8917,3304.0000,3251.0000,1316.4613,835.3866
2019-04-01,47,401.0000,353.6009,551.0000,347.1702,882.0409,2996.6896,3673.0000,3881.6257,3790.3785,1529.1142,843.0822
2019-04-01,47,453.0000,393.8162,576.0000,369.9795,900.0000,2946.0000,3710.0000,3817.7354,3827.4000,1524.5852,835.9940
2019-04-06,47,554.0000,619.0000,732.0000,523.0000,964.0000,2662.0000,3560.0000,3562.0000,3571.0000,1176.0000,654.0000
2019-04-06,47,606.0000,663.0000,782.6748,558.5101,1014.0000,2735.0000,3576.0000,3646.0000,3607.0000,1213.0000,727.0000
2019-04-16,47,277.0000,333.2535,465.9221,245.5821,676.7421,2770.4459,3734.0000,3984.0000,3841.9736,1076.5743,499.6713
2019-04-16,47,393.0000,426.6926,533.6749,309.0526,717.4118,2690.0000,3625.0000,3870.0000,3740.0000,1083.5078,499.8550
2019-04-19,47,92.0000,165.1641,305.0894,139.5617,522.4162,2441.0000,3471.0000,3663.0000,3586.0000,884.0516,419.0152
2019-04-19,47,183.0000,233.8287,353.7203,181.4948,561.5055,2413.5570,3383.0000,3608.9380,3517.0000,883.7315,426.0332
2019-04-21,47,1130.0000,907.0000,1128.7327,982.0329,1408.6667,3252.0000,4101.5029,4368.0000,4208.5618,1740.6232,1198.4079
2019-04-21,47,1182.0000,1033.3968,1221.0693,1073.1457,1488.0000,3137.0000,3889.5444,4136.0000,4018.0000,1725.6954,1197.2304
2019-04-24,47,-9999.0000,-9999.0000,-9999.0000,-9999.0000,-9999.0000,-9999.0000,-9999.0000,-9999.0000,-9999.0000,-9999.0000,-9999.0000
2019-05-01,47,286.0000,274.3910,428.6048,234.6566,629.9365,2654.4464,3709.2911,3883.1003,3842.9632,1052.0000,480.9576
2019-05-01,47,326.0000,306.3730,448.7936,252.5182,637.5947,2608.0576,3627.6192,3817.8471,3797.7439,1050.2719,477.6358
2019-05-06,47,476.0000,418.0000,573.0000,340.0000,810.0000,3104.0000,4461.0000,4792.0000,4610.0000,1171.0000,618.0000
2019-05-06,47,567.0000,457.0000,600.4748,384.5748,856.0000,3092.0000,4439.0000,4704.0000,4615.0000,1272.0000,707.0000
2019-05-09,47,-9999.0000,-9999.0000,-9999.0000,-9999.0000,-9999.0000,-9999.0000,-9999.0000,-9999.0000,-9999.0000,-9999.0000,-9999.0000
2019-05-16,47,-9999.0000,-9999.0000,-9999.0000,-9999.0000,-9999.0000,-9999.0000,-9999.0000,-9999.0000,-9999.0000,-9999.0000,-9999.0000
2019-05-16,47,-9999.0000,-9999.0000,-9999.0000,-9999.0000,-9999.0000,-9999.0000,-9999.0000,-9999.0000,-9999.0000,-9999.0000,-9999.0000
2019-05-24,47,55.0000,100.6654,305.1711,185.5860,617.7407,2547.0000,3130.0000,3233.4851,3369.0000,1123.8130,517.4016
2019-05-24,47,268.0000,276.3803,437.0008,289.6821,692.8580,2411.0010,3080.0000,3124.0000,3365.8957,1123.5781,526.0008
2019-05-26,47,457.0000,554.5070,729.0095,618.0463,1054.0000,2476.0000,3184.0000,3166.0000,3453.0000,1443.3307,913.7192
2019-05-31,47,116.0000,158.3838,433.5657,317.6007,828.7704,2712.0000,3319.6364,3207.9359,3486.0000,1396.9832,673.5457
2019-05-31,47,294.0000,308.5303,537.6343,393.3266,876.5143,2519.0000,3087.0000,3052.9041,3388.0000,1372.4861,677.0681
2019-06-03,47,195.0000,246.5319,445.2702,417.5705,793.3604,2034.0000,2588.0000,2470.0000,2929.0000,1259.5212,718.0440
2019-06-03,47,356.0000,378.7806,544.5301,481.4663,849.7295,2013.0000,2410.0000,2440.0000,2723.0000,1259.8702,718.0000
2019-06-05,47,-9999.0000,-9999.0000,-9999.0000,-9999.0000,-9999.0000,-9999.0000,-9999.0000,-9999.0000,-9999.0000,-9999.0000,-9999.0000
2019-06-05,47,-9999.0000,-9999.0000,-9999.0000,-9999.0000,-9999.0000,-9999.0000,-9999.0000,-9999.0000,-9999.0000,-9999.0000,-9999.0000
2019-06-13,47,299.0000,378.6750,612.4560,701.6124,1149.0000,1754.0000,2062.0000,2130.6780,2436.0000,1625.0029,997.8290
2019-06-13,47,341.0000,404.4293,628.0548,708.5286,1158.0000,1770.2259,2037.0000,2122.9243,2421.9982,1629.0000,1001.9565
2019-06-15,47,-9999.0000,-9999.0000,-9999.0000,-9999.0000,-9999.0000,-9999.0000,-9999.0000,-9999.0000,-9999.0000,-9999.0000,-9999.0000
2019-06-15,47,-9999.0000,-9999.0000,-9999.0000,-9999.0000,-9999.0000,-9999.0000,-9999.0000,-9999.0000,-9999.0000,-9999.0000,-9999.0000
2019-06-18,47,192.0000,373.5025,589.6713,889.0944,1266.5199,1698.7758,2020.0000,2140.0548,2432.0000,1953.5072,1263.0000
2019-06-18,47,330.0000,470.5088,661.6736,913.5809,1276.5100,1709.6816,2010.1169,2131.4890,2410.0000,1958.0000,1269.6148
2019-06-20,47,626.0000,704.6593,926.2764,1201.1465,1578.5404,2027.1427,2302.5237,2402.8947,2724.9951,2293.3413,1422.0000
2019-06-20,47,681.0000,738.4507,940.3400,1200.8509,1569.3524,2017.0000,2280.4990,2386.9630,2700.0000,2276.0000,1410.4179
2019-06-23,47,360.0000,450.5234,648.4445,897.1685,1175.0000,1474.8010,1674.1178,1731.2065,1973.8242,1893.0000,1210.8843
2019-06-23,47,299.0000,404.5668,616.5204,885.4530,1162.7890,1459.8211,1670.6906,1736.7748,1991.4803,1907.0000,1198.0000
2019-06-25,47,603.0000,758.3100,932.2254,1177.4772,1508.7397,1778.0429,2059.2422,2119.1416,2322.9992,2502.6889,1702.0000
2019-06-25,47,684.0000,810.0000,967.0000,1185.0362,1500.3663,1795.1661,2050.7424,2106.7536,2306.5477,2482.3237,1704.4081
2019-06-28,47,400.0000,608.2981,824.3933,1128.8213,1406.0000,1692.6167,1930.7940,2028.1532,2227.4040,2447.0000,1665.0000
2019-06-28,47,521.0000,687.0000,872.5762,1132.8467,1395.0000,1681.5218,1923.0071,2012.7686,2197.2539,2417.0000,1649.0000
2019-06-30,47,523.0000,682.8343,962.8488,1348.7520,1649.5239,1997.3561,2203.5568,2404.3627,2539.2743,2755.0000,1825.0000
2019-06-30,47,556.0000,706.2570,974.6380,1337.7042,1650.2156,1995.0680,2189.4594,2395.3099,2534.0801,2744.8330,1802.0000
2019-07-03,47,370.0000,578.6153,868.4404,1245.4890,1553.3653,1843.0867,2083.6240,2188.0897,2435.0000,2649.0000,1665.3400
2019-07-03,47,589.0000,722.3688,946.4122,1232.9451,1526.0000,1827.9156,2066.9240,2137.8693,2366.6403,2590.8770,1645.8852
2019-07-05,47,562.0000,786.1931,1028.0000,1381.8111,1689.6778,2011.3009,2291.8856,2439.2697,2602.9286,2801.0000,1852.5147
2019-07-05,47,611.0000,816.4091,1044.0000,1369.5645,1685.0000,2000.5247,2275.0137,2422.9096,2579.3681,2797.0000,1876.0000
2019-07-08,47,1002.0000,1212.0000,1468.0000,1761.1659,2145.6607,2501.9972,2790.0000,2894.0000,3097.6503,3128.1250,2309.8421
2019-07-10,47,603.0000,869.0000,1252.0000,1796.4148,2185.9468,2521.0208,2772.7439,3009.6558,3201.9634,3820.4147,2578.1596
2019-07-10,47,691.0000,902.3469,1252.8083,1739.0897,2122.6726,2474.4009,2715.4085,2939.9145,3131.9233,3771.9178,2555.1766
2019-07-13,47,656.0000,850.2351,1138.0000,1553.3233,1918.1277,2276.0000,2550.5902,2699.7383,2939.7594,3494.0000,2339.4710
2019-07-13,47,814.0000,940.1994,1172.0000,1500.2415,1853.1660,2210.4342,2491.5422,2620.2805,2834.8120,3384.0000,2298.4620
2019-07-20,47,696.0000,879.0000,1206.0000,1624.9107,2040.6531,2407.0000,2659.4576,2786.8914,3067.1873,3770.3381,2532.6597
2019-07-20,47,749.0000,904.2190,1204.0000,1604.9156,2006.0000,2397.0000,2627.5181,2739.0671,3020.8335,3739.7013,2508.7061
2019-07-23,47,516.0000,736.3362,1038.0000,1448.7604,1802.5693,2129.6871,2389.5855,2460.1875,2773.1778,3500.6103,2341.4520
2019-07-23,47,600.0000,776.7811,1056.0000,1428.2388,1770.0017,2107.0000,2354.1440,2417.9728,2721.9176,3457.0941,2323.8567
2019-07-25,47,760.0000,972.6501,1220.0000,1577.0769,1962.3774,2254.5357,2577.5214,2642.9711,2946.6856,3810.5830,2661.2785
2019-07-25,47,776.0000,980.1511,1226.0000,1592.9646,1965.6990,2264.7294,2595.7405,2633.6240,2955.7449,3838.0000,2667.3895
2019-07-30,47,583.0000,792.1804,1108.0000,1524.7247,1902.0000,2172.0000,2361.0000,2418.4308,2721.7040,3701.1164,2617.9345
2019-07-30,47,712.0000,856.5951,1122.0000,1460.5948,1821.5927,2117.1343,2306.6619,2355.8914,2643.3219,3595.2235,2579.8626
2019-08-04,47,557.0000,810.9006,1057.2102,1400.8173,1769.0000,2016.0000,2250.9103,2363.6805,2521.0870,3597.4183,2628.6753
2019-08-04,47,675.0000,870.3803,1072.0000,1348.9228,1690.0000,1969.2891,2192.6081,2305.9975,2451.5069,3485.2440,2583.0000
2019-08-09,47,571.0000,720.1442,980.2320,1260.4050,1628.9207,2005.0167,2179.9387,2233.8799,2489.0000,3246.5679,2297.6737
2019-08-09,47,643.0000,754.8850,988.5215,1228.8752,1592.1961,2010.6873,2163.3432,2214.0000,2464.8744,3190.0000,2277.7585
2019-08-12,47,-9999.0000,-9999.0000,-9999.0000,-9999.0000,-9999.0000,-9999.0000,-9999.0000,-9999.0000,-9999.0000,-9999.0000,-9999.0000
2019-08-14,47,564.0000,770.3133,988.0000,1197.0669,1598.0000,2089.0000,2318.4549,2376.0000,2591.0000,3230.4672,2324.0000
2019-08-14,47,624.0000,794.6171,998.9376,1180.8591,1574.0842,2042.0000,2310.0000,2370.4661,2577.0000,3193.3644,2323.0357
2019-08-17,47,440.0000,644.6000,872.8889,1056.0000,1450.5665,1980.8848,2202.0000,2241.9488,2508.4245,2954.0077,2129.0000
2019-08-17,47,512.0000,682.6813,892.4116,1058.0000,1437.0254,1981.0000,2197.6375,2243.2579,2509.0000,2914.6099,2108.2387
2019-08-19,47,733.0000,909.6697,1172.0000,1377.1173,1776.5756,2370.2919,2568.0000,2651.2860,2908.7689,3341.0448,2290.3197
2019-08-19,47,847.0000,954.3472,1180.0000,1332.8563,1713.1846,2323.6856,2545.0000,2570.0931,2851.3049,3259.1427,2270.4557
2019-08-24,47,1452.0000,1554.0000,1618.0000,1516.0000,1920.0000,2516.0000,2851.0000,2850.0000,3030.0000,3121.0000,2289.0000
2019-08-24,47,1561.0000,1530.0000,1664.0000,1682.0000,2086.3283,2585.0000,2877.0554,2812.9277,3053.0000,3242.9858,2394.3583
2019-08-27,47,559.0000,705.0000,885.0000,949.8764,1376.4875,2058.8904,2372.5680,2293.0352,2628.8491,2860.5086,1960.3191
2019-08-27,47,601.0000,722.1630,894.0000,953.6250,1378.3250,2033.0000,2329.0000,2292.2249,2554.0000,2844.5000,1990.0000
2019-08-29,47,803.0000,846.4293,1042.0000,1089.1875,1542.0000,2268.0000,2523.4873,2483.8636,2780.5000,3106.6572,2062.0127
2019-08-29,47,666.0032,748.9020,993.0000,1080.8056,1585.1187,2364.0000,2611.1960,2565.5626,2980.0000,3187.5376,2113.9597
2019-09-01,47,610.0000,725.0000,938.0000,1020.4689,1468.4038,2139.0000,2441.2266,2426.4311,2766.9274,2900.0000,1907.2989
2019-09-01,47,641.0000,742.0000,938.5110,1017.3439,1464.0129,2182.0000,2503.0000,2444.3846,2790.0000,2889.0000,1905.0000
2019-09-03,47,515.0000,729.7676,985.6035,1162.3215,1633.7219,2256.0000,2513.3240,2630.9152,2813.0000,3088.4551,2118.5741
2019-09-03,47,564.0000,765.6035,994.5000,1144.0000,1618.2635,2260.0000,2480.0000,2595.7910,2812.0010,3076.3545,2132.9500
2019-09-11,47,711.0000,936.4980,1232.7017,1592.5233,1951.0000,2294.0000,2498.0000,2610.3050,2823.0000,3347.9391,2483.5395
2019-09-11,47,745.0000,957.6419,1249.1064,1602.5661,1948.6493,2304.0000,2525.2522,2600.0000,2833.0000,3347.4148,2476.3479
2019-09-13,47,683.0000,1002.0832,1304.7871,1667.7405,2046.1606,2315.0000,2538.0000,2665.2735,2805.6536,3603.8072,2755.2335
2019-09-13,47,712.9200,1013.6539,1305.4911,1660.0186,2032.9592,2298.7812,2518.0000,2644.7476,2788.2837,3587.6947,2738.8244
2019-09-16,47,646.4322,905.9393,1169.3629,1427.1684,1777.5543,2145.0000,2381.2809,2433.4742,2608.0000,3204.0535,2500.2145
2019-09-16,47,690.0362,929.7812,1180.7417,1427.4575,1773.4468,2137.8903,2363.0000,2437.5238,2608.0323,3195.8398,2489.8245
2019-09-18,47,-9999.0000,-9999.0000,-9999.0000,-9999.0000,-9999.0000,-9999.0000,-9999.0000,-9999.0000,-9999.0000,-9999.0000,-9999.0000
2019-09-18,47,-9999.0000,-9999.0000,-9999.0000,-9999.0000,-9999.0000,-9999.0000,-9999.0000,-9999.0000,-9999.0000,-9999.0000,-9999.0000
2019-09-21,47,824.0000,1060.9362,1332.9029,1633.1218,1789.7712,1866.8298,1954.0467,2093.0617,2096.6793,2733.5167,2404.6158
2019-09-21,47,879.0000,1084.7772,1332.9922,1620.0594,1777.8841,1865.4043,1952.0039,2084.7155,2091.9237,2721.0687,2410.8765
2019-09-28,47,1778.0000,1780.8646,1941.2579,2041.3006,2281.6919,2514.7491,2640.4131,2600.5895,2774.6288,3110.0114,2595.7838
2019-09-28,47,1718.3153,1749.5636,1913.3727,2017.7693,2193.8658,2453.1385,2605.9900,2569.9744,2753.4528,3082.9503,2508.4370
2019-10-01,47,1306.0000,1280.0000,1320.0000,1336.0000,1521.0000,1572.0000,1662.0000,1584.0000,1715.0000,1687.0000,1306.0000
2019-10-01,47,-9999.0000,-9999.0000,-9999.0000,-9999.0000,-9999.0000,-9999.0000,-9999.0000,-9999.0000,-9999.0000,-9999.0000,-9999.0000
2019-10-08,47,-9999.0000,-9999.0000,-9999.0000,-9999.0000,-9999.0000,-9999.0000,-9999.0000,-9999.0000,-9999.0000,-9999.0000,-9999.0000
2019-10-08,47,-9999.0000,-9999.0000,-9999.0000,-9999.0000,-9999.0000,-9999.0000,-9999.0000,-9999.0000,-9999.0000,-9999.0000,-9999.0000
2019-10-11,47,900.0000,1157.6058,1440.2495,1676.0064,1878.3120,1977.1385,2053.6810,2108.6870,2176.8145,2725.0446,2372.9498
2019-10-11,47,954.0000,1180.4240,1448.8642,1658.8405,1859.3573,1961.2127,2046.0000,2099.9779,2166.3425,2698.9740,2362.9642
2019-10-16,47,632.0000,877.6218,1065.0078,1238.0000,1417.8255,1508.0000,1612.7314,1658.9685,1699.7735,2109.9803,1897.4294
2019-10-16,47,678.0000,905.2699,1081.0975,1245.2365,1417.8042,1513.2377,1612.1318,1652.3271,1707.0171,2109.5086,1891.2517
2019-10-21,47,-9999.0000,-9999.0000,-9999.0000,-9999.0000,-9999.0000,-9999.0000,-9999.0000,-9999.0000,-9999.0000,-9999.0000,-9999.0000
2019-10-21,47,-9999.0000,-9999.0000,-9999.0000,-9999.0000,-9999.0000,-9999.0000,-9999.0000,-9999.0000,-9999.0000,-9999.0000,-9999.0000
2019-10-23,47,1036.0000,1363.3321,1618.5884,1827.8655,2044.1321,2182.3191,2302.3762,2370.7858,2404.9908,2971.8374,2733.3812
2019-10-23,47,1048.0000,1370.8811,1627.4149,1826.8273,2051.7849,2182.4035,2297.3826,2362.5073,2398.3333,2957.3830,2716.0163
2019-10-26,47,942.0000,1252.4559,1493.6285,1674.5647,1858.7265,2024.4675,2120.7335,2211.0536,2218.0526,2650.2875,2482.7744
2019-10-26,47,954.0000,1268.0000,1506.7992,1683.9771,1867.4851,2030.2323,2137.4368,2219.7269,2238.2190,2668.2283,2492.4614
2019-10-28,47,-9999.0000,-9999.0000,-9999.0000,-9999.0000,-9999.0000,-9999.0000,-9999.0000,-9999.0000,-9999.0000,-9999.0000,-9999.0000
2019-10-31,47,-9999.0000,-9999.0000,-9999.0000,-9999.0000,-9999.0000,-9999.0000,-9999.0000,-9999.0000,-9999.0000,-9999.0000,-9999.0000
2019-11-07,47,370.0000,577.8536,841.3586,1073.1429,1298.3947,1530.0000,1609.5263,1676.2925,1709.1046,1897.7006,1457.0000
2019-11-07,47,600.0000,738.4087,933.7921,1092.6894,1294.0000,1530.0000,1590.2930,1650.5839,1694.0000,1849.7984,1430.0000
2019-11-10,47,532.0000,726.7664,914.6194,1080.8765,1265.7351,1474.1964,1555.5760,1628.4506,1653.9109,1806.5222,1388.5136
2019-11-10,47,554.3631,746.8831,922.0000,1080.3188,1272.0989,1481.7244,1566.0000,1636.4000,1683.8360,1802.3776,1380.0000
2019-11-30,47,-9999.0000,-9999.0000,-9999.0000,-9999.0000,-9999.0000,-9999.0000,-9999.0000,-9999.0000,-9999.0000,-9999.0000,-9999.0000
2019-11-30,47,-9999.0000,-9999.0000,-9999.0000,-9999.0000,-9999.0000,-9999.0000,-9999.0000,-9999.0000,-9999.0000,-9999.0000,-9999.0000
2019-12-05,47,934.0000,1272.9980,1492.0000,1652.0000,1884.0000,2120.0000,2253.0000,2362.0000,2329.3611,2649.0000,2203.0000
2019-12-05,47,917.0000,1281.3934,1564.0000,1804.6480,2131.0000,2330.0164,2465.1979,2627.3333,2631.0000,2844.7036,2396.5092
2019-12-07,47,764.0000,1025.2941,1345.3629,1571.6293,1925.0896,2277.0000,2411.0000,2474.6064,2546.0000,2553.6957,1987.0000
2019-12-07,47,925.0000,1129.2617,1388.8692,1561.4557,1876.5843,2205.7591,2310.0000,2403.2573,2459.0000,2501.0000,1949.5406
2019-12-10,47,568.0000,837.2263,1077.1916,1209.1336,1465.6509,1689.0000,1784.0000,1889.8574,1888.3432,1966.0815,1531.0000
2019-12-10,47,620.0000,861.9794,1089.5412,1210.0000,1464.8271,1697.0000,1801.7215,1899.6538,1888.6636,1965.7310,1530.4990
2019-12-25,47,682.0000,989.2843,1152.7309,1301.2510,1521.5022,1761.2417,1881.0659,2002.9569,1997.9084,1885.0000,1530.0000
2019-12-25,47,693.0000,997.4970,1169.1651,1312.0711,1549.9725,1806.0000,1907.0000,2019.9370,2022.2867,1898.4510,1552.7020
2019-12-27,47,-9999.0000,-9999.0000,-9999.0000,-9999.0000,-9999.0000,-9999.0000,-9999.0000,-9999.0000,-9999.0000,-9999.0000,-9999.0000
2019-12-27,47,-9999.0000,-9999.0000,-9999.0000,-9999.0000,-9999.0000,-9999.0000,-9999.0000,-9999.0000,-9999.0000,-9999.0000,-9999.0000
2019-12-30,47,630.0000,856.5326,1056.9967,1216.8287,1469.6778,1699.0000,1765.2620,1899.4500,1891.0000,1866.0000,1419.0000
2019-12-30,47,671.0000,890.1888,1072.8824,1221.5000,1456.7443,1704.3455,1762.8649,1899.9906,1900.9032,1862.0000,1411.0000
2020-01-01,47,247.0000,678.2790,888.6263,1125.1370,1401.0097,1653.9452,1786.7776,1907.8225,1918.8313,1864.1269,1393.3799
2020-01-01,47,543.0000,865.5090,1004.4910,1165.6526,1414.2598,1636.0000,1744.9796,1865.4979,1850.0000,1820.4793,1377.4520
2020-01-04,47,530.0000,869.7271,1049.2458,1244.4976,1518.4435,1757.4436,1875.0000,1979.3259,1992.6001,1868.6166,1524.0000
2020-01-04,47,636.7471,932.8575,1082.0000,1252.0000,1514.0000,1761.5043,1860.9903,1970.6168,1989.8760,1842.4978,1505.0000
2020-01-06,47,423.0000,431.0000,539.0000,525.0000,627.0000,902.0000,965.0000,1030.0000,1057.0000,838.0000,619.0000
2020-01-09,47,718.0000,890.0000,1066.0000,1197.5000,1437.0000,1613.0000,1681.0501,1753.7610,1761.0000,1846.7531,1492.0000
2020-01-09,47,706.0000,877.8097,1058.0000,1184.7934,1418.2150,1593.2083,1669.9628,1753.8527,1766.2610,1852.0000,1483.0000
2020-01-11,47,206.0000,624.9387,813.2810,1045.1160,1340.4677,1554.1706,1660.0000,1777.5467,1772.3554,1920.3788,1501.0000
2020-01-11,47,553.0000,830.8144,948.8000,1101.7556,1348.4500,1532.5731,1631.0000,1739.4026,1725.0000,1860.2176,1476.0000
2020-01-14,47,605.0000,860.0980,991.0000,1124.8760,1354.4290,1516.8553,1605.2093,1714.4687,1710.5457,1722.2907,1426.5173
2020-01-14,47,535.0000,808.0560,954.2627,1098.0000,1342.5150,1533.0631,1625.0000,1722.7066,1729.6083,1727.0000,1437.1721
2020-01-16,47,-9999.0000,-9999.0000,-9999.0000,-9999.0000,-9999.0000,-9999.0000,-9999.0000,-9999.0000,-9999.0000,-9999.0000,-9999.0000
2020-01-16,47,-9999.0000,-9999.0000,-9999.0000,-9999.0000,-9999.0000,-9999.0000,-9999.0000,-9999.0000,-9999.0000,-9999.0000,-9999.0000
2020-01-19,47,-9999.0000,-9999.0000,-9999.0000,-9999.0000,-9999.0000,-9999.0000,-9999.0000,-9999.0000,-9999.0000,-9999.0000,-9999.0000
2020-01-21,47,581.0000,878.7222,1004.4131,1188.4044,1448.0000,1645.3300,1757.7876,1907.6079,1857.9815,2047.0000,1631.0000
2020-01-21,47,608.0000,900.8279,1021.0000,1184.9515,1443.0000,1641.0000,1750.8343,1898.5449,1844.0248,2039.0000,1626.0000
2020-01-24,47,334.1526,634.0000,817.0000,949.0000,1100.0000,1455.0000,1598.0000,1654.0000,1705.0000,1654.0000,1253.0000
2020-01-24,47,446.0000,718.4420,883.0000,983.0000,1153.6682,1363.0000,1490.0000,1660.0000,1653.0000,1618.0000,1270.0000
2020-01-29,47,-9999.0000,-9999.0000,-9999.0000,-9999.0000,-9999.0000,-9999.0000,-9999.0000,-9999.0000,-9999.0000,-9999.0000,-9999.0000
2020-01-29,47,-9999.0000,-9999.0000,-9999.0000,-9999.0000,-9999.0000,-9999.0000,-9999.0000,-9999.0000,-9999.0000,-9999.0000,-9999.0000
2020-01-31,47,906.0000,1092.0000,1106.0000,1152.0000,1284.6086,1341.9456,1397.0425,1440.4645,1421.1859,1476.7336,1210.0000
2020-02-05,47,267.0000,450.5356,642.2148,888.3966,980.0000,1025.4718,1085.6498,1202.5147,1163.2112,1536.6572,1358.0000
2020-02-05,47,482.0000,608.0000,744.6451,935.0000,1026.5115,1077.5746,1125.9682,1226.0475,1196.5964,1516.8765,1352.6482
2020-02-08,47,787.0000,926.4969,1054.0000,1194.0000,1283.0000,1316.1253,1350.2581,1427.7635,1398.6635,1696.0000,1518.2549
2020-02-08,47,796.5234,932.1367,1056.0000,1198.0000,1274.0000,1312.9126,1346.0233,1436.1198,1402.1050,1705.0000,1525.0000
2020-02-13,47,1403.0000,1580.0000,1676.0000,1802.0000,1918.7297,1989.0000,2079.0000,2166.5000,2150.0000,2456.0582,2223.0000
2020-02-13,47,1407.0000,1604.0000,1712.0000,1836.0000,1988.3023,2048.0000,2146.0000,2237.2529,2193.9832,2485.0000,2251.0000
2020-02-15,47,654.0000,766.0000,922.4016,1084.0000,1188.8118,1233.3162,1276.2539,1363.0065,1346.3983,1620.7256,1423.0000
2020-02-15,47,716.0000,790.7651,936.5058,1090.0000,1186.4208,1229.2672,1272.2345,1355.3362,1339.8229,1605.7861,1405.0000
2020-02-18,47,1453.0000,1440.3332,1461.1049,1476.8255,1592.8161,1645.4648,1677.5481,1683.4344,1700.0328,1740.2345,1453.5604
2020-02-18,47,1411.0000,1404.6293,1437.7933,1461.2202,1602.3936,1674.9798,1702.9549,1706.6266,1722.6899,1739.3076,1468.9699
2020-02-20,47,636.0000,972.9021,1212.4940,1465.4577,1598.5099,1637.9123,1706.6278,1827.8874,1780.4956,2278.0771,2149.3380
2020-02-20,47,651.0000,984.5867,1216.6623,1476.4920,1612.6114,1633.6651,1702.1490,1826.7295,1773.9042,2282.0000,2134.5727
2020-02-28,47,797.0000,1018.4029,1213.0821,1425.2693,1497.0000,1544.0000,1601.8618,1764.0704,1656.0883,2055.0000,1877.5745
2020-02-28,47,822.0000,1029.4053,1224.5420,1433.1774,1498.0000,1549.0199,1600.2458,1772.0375,1656.7855,2073.0000,1890.1403
2020-03-06,47,669.0000,754.8234,916.3170,1133.3495,1254.2562,1297.5979,1342.0851,1410.5795,1427.7347,1629.0000,1307.0000
2020-03-06,47,622.3397,728.0000,902.1710,1129.0519,1254.0000,1288.3729,1340.9107,1403.8403,1419.2481,1625.4942,1305.7962
2020-03-09,47,-9999.0000,-9999.0000,-9999.0000,-9999.0000,-9999.0000,-9999.0000,-9999.0000,-9999.0000,-9999.0000,-9999.0000,-9999.0000
2020-03-11,47,1022.0000,1155.1596,1283.6932,1435.0116,1604.0000,1693.0000,1780.0000,1801.3154,1846.0000,2175.0000,1983.0000
2020-03-11,47,1050.0000,1234.0000,1338.0000,1466.0000,1637.0000,1708.0000,1806.0000,1830.0000,1864.0000,2138.0000,1954.0000
2020-03-14,47,-9999.0000,-9999.0000,-9999.0000,-9999.0000,-9999.0000,-9999.0000,-9999.0000,-9999.0000,-9999.0000,-9999.0000,-9999.0000
2020-03-16,47,1273.6311,1547.6728,1865.2857,2172.1273,2329.3142,2389.9125,2433.7698,2620.5934,2531.0000,2990.1663,2739.3819
2020-03-16,47,1293.0000,1491.4252,1770.2305,2027.8620,2205.3818,2288.9482,2337.3788,2514.8150,2438.3577,2917.5611,2707.0762
2020-03-19,47,1192.0000,1422.0000,1681.3121,1931.1201,2121.6066,2181.0000,2234.0803,2317.4920,2318.9675,2773.4507,2555.4648
2020-03-19,47,1242.4118,1449.5839,1691.5179,1923.3063,2106.4154,2174.4974,2228.3588,2316.5279,2313.5565,2765.8164,2547.0707
2020-03-21,47,-9999.0000,-9999.0000,-9999.0000,-9999.0000,-9999.0000,-9999.0000,-9999.0000,-9999.0000,-9999.0000,-9999.0000,-9999.0000
2020-03-24,47,1012.5562,1244.2016,1364.0000,1532.6431,1606.3905,1671.0000,1709.6230,1853.1975,1756.1698,1939.5050,1890.7731
2020-03-24,47,1021.5482,1300.2281,1419.2123,1603.9012,1658.8787,1713.7343,1762.0109,1907.4301,1806.5885,1964.9643,1900.6486
2020-03-29,47,-9999.0000,-9999.0000,-9999.0000,-9999.0000,-9999.0000,-9999.0000,-9999.0000,-9999.0000,-9999.0000,-9999.0000,-9999.0000
2020-03-29,47,-9999.0000,-9999.0000,-9999.0000,-9999.0000,-9999.0000,-9999.0000,-9999.0000,-9999.0000,-9999.0000,-9999.0000,-9999.0000
2020-03-31,47,1230.3227,1611.9254,1866.4758,2219.3234,2338.3813,2388.4284,2474.4812,2708.7567,2557.6770,3128.8727,3052.5970
2020-03-31,47,1241.0000,1627.3123,1867.7344,2227.7335,2341.0365,2388.5816,2471.0000,2708.9034,2562.3594,3130.8970,3048.3024
2020-04-03,47,1124.0000,1425.6619,1644.3321,1922.6086,2057.6207,2122.4672,2205.9553,2325.2482,2290.0019,2800.5086,2784.1396
2020-04-03,47,1166.0000,1448.5600,1669.4742,1938.8575,2065.6152,2131.0000,2218.4071,2336.8753,2285.4805,2809.8597,2796.0718
2020-04-05,47,1354.0009,1609.2469,1905.3111,2226.3740,2372.8390,2436.0800,2506.6224,2692.0000,2612.4019,3152.5923,3001.5034
2020-04-05,47,1366.3671,1609.5737,1892.4920,2220.0249,2355.5940,2427.0000,2498.0000,2674.0000,2602.5913,3138.0126,2985.4820
2020-04-08,47,1182.6629,1453.7766,1760.4111,2050.5444,2144.8060,2220.5609,2289.0000,2499.7467,2397.3353,2866.0000,2690.9294
2020-04-08,47,1212.9895,1469.7939,1755.2026,2034.9142,2129.7572,2212.6616,2276.3657,2485.9030,2368.6843,2841.9811,2674.8389
2020-04-10,47,1340.1635,1716.7768,2017.2201,2330.6415,2482.4339,2520.7330,2608.0025,2757.3611,2680.7800,3265.7770,3196.1862
2020-04-10,47,1343.0000,1704.8684,1992.7188,2290.9291,2443.3458,2494.7213,2581.1128,2733.2168,2652.5089,3246.9403,3182.7231
2020-04-13,47,1289.2020,1640.7271,1908.8419,2194.8937,2333.1521,2392.9956,2469.7504,2585.3542,2537.3614,3022.6536,2985.5156
2020-04-13,47,1313.0000,1637.0272,1892.5071,2163.3754,2307.3889,2368.7331,2456.5964,2564.1754,2515.0898,3004.4350,2954.0765
2020-04-15,47,1466.1681,1754.6834,2083.4074,2410.2682,2557.3295,2628.0000,2698.2080,2882.7452,2789.7754,3290.2159,3074.2810
2020-04-15,47,1456.0000,1730.7544,2050.3276,2363.3412,2516.1978,2603.0000,2672.9431,2859.1378,2761.3658,3260.7927,3064.6633
2020-04-18,47,1285.0039,1572.5327,1865.1721,2147.8471,2305.1941,2390.3016,2473.2256,2584.8602,2561.9926,2997.4174,2772.0000
2020-04-18,47,1321.4595,1584.6948,1860.7921,2122.8577,2289.6493,2384.9857,2469.4815,2569.1877,2556.1316,2988.0000,2770.9827
2020-04-23,47,1266.0000,1626.5248,1931.0744,2243.4727,2387.7522,2466.3099,2554.1857,2729.4956,2638.7648,3189.6422,3164.0914
2020-04-23,47,1274.0000,1603.8438,1891.5483,2193.9183,2339.9610,2421.0000,2517.0742,2684.0296,2600.6285,3145.5772,3156.0000
2020-04-25,47,1580.0000,1843.9017,2171.5625,2490.4089,2682.6015,2784.0000,2860.5476,2965.4785,2960.3539,3539.0291,3336.0000
2020-04-25,47,1585.0000,1826.4924,2146.1237,2452.0000,2642.8315,2756.2970,2834.2045,2928.7368,2928.2249,3514.9309,3321.0915
2020-04-30,47,-9999.0000,-9999.0000,-9999.0000,-9999.0000,-9999.0000,-9999.0000,-9999.0000,-9999.0000,-9999.0000,-9999.0000,-9999.0000
2020-04-30,47,-9999.0000,-9999.0000,-9999.0000,-9999.0000,-9999.0000,-9999.0000,-9999.0000,-9999.0000,-9999.0000,-9999.0000,-9999.0000
2020-05-03,47,974.0000,1266.1508,1553.6549,1890.6564,2042.9613,2172.0000,2292.1488,2413.8602,2378.3128,2803.0000,2579.6942
2020-05-03,47,1023.0000,1273.9325,1550.0000,1868.4767,2037.1548,2172.1782,2277.5652,2400.6505,2378.5939,2768.0000,2594.3496
2020-05-08,47,2108.0000,2470.6257,2903.7457,3304.9440,3508.1193,3588.3636,3669.0000,3758.1250,3763.0000,4164.9783,3801.7629
2020-05-08,47,1938.8513,2278.7625,2694.4204,3062.7210,3288.1327,3400.7155,3482.0759,3593.2635,3601.5043,4055.9874,3769.0158
2020-05-10,47,2364.0000,2840.0000,3122.0000,3328.0000,3802.0000,4131.0000,4435.0000,4468.0000,4563.0000,4343.0000,3725.0000
2020-05-10,47,2173.0000,2604.0000,2858.0000,2954.0000,3378.0000,3911.0000,4234.0000,4308.0000,4383.0000,4048.0000,3330.0000
2020-05-15,47,1308.0000,1427.3333,1648.5754,1858.4566,2098.0240,2299.3413,2425.4464,2437.5015,2547.4370,2749.2587,2307.3253
2020-05-15,47,1355.0000,1404.5000,1668.3630,1890.0085,2123.0000,2316.8867,2427.4353,2418.3144,2536.1075,2816.5140,2370.0336
2020-05-23,47,1984.1266,2451.4812,2827.7328,3073.7966,3379.8606,3611.1509,3830.3394,3851.5004,3931.7896,4069.5199,3850.2209
2020-05-25,47,1867.2359,2283.0000,2732.9782,3129.0926,3450.3691,3703.0000,3805.0000,3925.0180,3906.8625,4385.8514,3991.5333
2020-05-25,47,1954.0000,2354.2849,2825.4851,3206.8817,3528.9204,3768.3275,3853.3331,3982.0000,3979.3452,4418.3333,4011.0647
2020-05-28,47,-9999.0000,-9999.0000,-9999.0000,-9999.0000,-9999.0000,-9999.0000,-9999.0000,-9999.0000,-9999.0000,-9999.0000,-9999.0000
2020-05-28,47,-9999.0000,-9999.0000,-9999.0000,-9999.0000,-9999.0000,-9999.0000,-9999.0000,-9999.0000,-9999.0000,-9999.0000,-9999.0000
2020-05-30,47,1862.0000,2405.6522,2839.0530,3113.0503,3473.4044,3869.6914,4028.1781,4154.6433,4106.9236,4406.9349,4059.8233
2020-05-30,47,1844.2042,2339.5084,2773.8572,3063.4134,3411.5863,3796.0000,3978.5490,4092.2007,4049.4740,4389.6218,4026.3414
2020-06-02,47,1304.0000,1923.3170,2371.2539,2614.9786,2946.2761,3465.0000,3679.0000,3739.8735,3773.4467,3911.0384,3575.1957
2020-06-02,47,1315.7342,1857.6286,2281.3333,2519.5952,2856.6613,3370.0000,3579.7251,3650.6667,3676.2951,3825.7306,3577.2384
2020-06-04,47,-9999.0000,-9999.0000,-9999.0000,-9999.0000,-9999.0000,-9999.0000,-9999.0000,-9999.0000,-9999.0000,-9999.0000,-9999.0000
2020-06-04,47,-9999.0000,-9999.0000,-9999.0000,-9999.0000,-9999.0000,-9999.0000,-9999.0000,-9999.0000,-9999.0000,-9999.0000,-9999.0000
2020-06-07,47,1235.0000,1290.0000,1634.7681,1721.1860,2166.0000,3018.1448,3307.8468,3240.2356,3460.2520,3283.9323,2575.0000
2020-06-07,47,1268.0000,1409.5987,1738.7146,1832.0000,2287.0000,3131.6209,3412.9132,3306.0000,3554.2200,3305.0000,2613.3714
2020-06-12,47,570.0000,749.1973,1010.0127,996.5714,1340.0000,2237.0487,2545.8617,2555.1232,2596.5824,2068.0000,1462.3886
2020-06-12,47,606.0000,769.2097,1018.3419,1002.1054,1341.7869,2238.2732,2547.5439,2545.7053,2596.2960,2058.1325,1464.0000
2020-06-14,47,806.7043,894.0806,1179.6512,1092.0209,1510.6476,2861.9168,3229.6922,3210.1942,3333.1310,2504.0000,1704.6250
2020-06-14,47,825.0000,891.4518,1211.0551,1098.4706,1566.0000,2920.3477,3298.1675,3275.1149,3402.8687,2460.5075,1708.4737
2020-06-17,47,779.0000,817.8057,1106.0438,1016.5141,1470.0000,2774.0000,3241.7848,3212.0000,3354.5930,2316.0000,1591.0000
2020-06-17,47,786.0000,838.1445,1123.7679,1017.5145,1484.0000,2769.7726,3257.8418,3220.9491,3357.4549,2326.0000,1569.0000
2020-06-19,47,610.0000,746.5204,1026.7164,836.2342,1317.8853,3100.0000,3806.6058,3802.0000,3856.3240,2394.0000,1573.0000
2020-06-19,47,666.0000,756.3287,1010.8050,838.0000,1343.0000,3076.5002,3785.0918,3780.4934,3825.8832,2364.0000,1539.1053
2020-06-22,47,359.0000,453.6579,685.6162,528.6691,937.6746,2594.2422,3393.9385,3388.9906,3475.0000,1908.7938,1146.1455
2020-06-22,47,410.0000,481.9861,694.1679,537.7233,911.0000,2589.9571,3374.0000,3378.7538,3442.3239,1893.2021,1148.2015
2020-06-24,47,-9999.0000,-9999.0000,-9999.0000,-9999.0000,-9999.0000,-9999.0000,-9999.0000,-9999.0000,-9999.0000,-9999.0000,-9999.0000
2020-06-27,47,394.0000,383.0000,619.8400,467.6120,843.4485,3010.0000,4189.3903,4168.2553,4338.7806,2017.0000,1138.0000
2020-06-27,47,504.0275,468.7878,677.0000,523.1099,882.5760,2927.0000,4073.6944,4036.9111,4218.4288,2026.3768,1135.0000
2020-06-29,47,513.0000,513.9291,713.6604,513.6904,914.0000,3084.7984,4486.3412,4475.0717,4616.0000,2110.0000,1195.0431
2020-06-29,47,571.0000,571.5308,749.8120,555.7032,924.0000,3030.4438,4381.5000,4354.2534,4492.0000,2062.6056,1164.9712
2020-07-02,47,-9999.0000,-9999.0000,-9999.0000,-9999.0000,-9999.0000,-9999.0000,-9999.0000,-9999.0000,-9999.0000,-9999.0000,-9999.0000
2020-07-02,47,-9999.0000,-9999.0000,-9999.0000,-9999.0000,-9999.0000,-9999.0000,-9999.0000,-9999.0000,-9999.0000,-9999.0000,-9999.0000
2020-07-04,47,1170.0000,586.0000,860.0000,803.0000,1132.0000,2769.0000,3677.0000,3732.0000,3761.0000,1991.0000,1465.0000
2020-07-04,47,1124.0000,647.0000,831.0000,722.0000,1167.0000,2627.0000,3549.0000,3572.0000,3661.0000,1844.0000,1328.0000
2020-07-07,47,190.0000,213.4487,389.4649,253.1174,558.0460,2516.0000,3855.0000,4018.8912,3983.0000,1445.0000,706.0000
2020-07-07,47,253.0000,257.1678,417.5684,278.1270,569.0447,2506.6320,3814.0000,3970.0778,3958.7308,1443.0000,701.0000
2020-07-09,47,298.0000,333.8017,505.2795,333.9853,692.8317,2861.0000,4451.0000,4466.0130,4597.0000,1737.0000,870.0000
2020-07-09,47,423.0000,433.5945,582.1215,397.5172,754.7571,2778.0000,4269.5358,4290.0992,4426.0000,1745.8980,900.0000
2020-07-12,47,178.0000,237.7042,385.4015,249.8061,562.0048,2472.4154,3922.0242,4082.9258,4091.0000,1404.2874,695.0000
2020-07-12,47,226.0000,269.2377,405.3702,261.6825,566.5641,2466.0000,3907.2565,4057.5463,4078.1378,1413.1765,690.2964
2020-07-14,47,380.0000,349.4258,529.5359,374.0820,728.0000,2955.0000,4357.1451,4488.0000,4569.3109,1702.0000,833.0000
2020-07-14,47,412.0000,361.5812,541.4709,371.5785,725.0457,2954.0000,4342.4776,4480.0000,4552.4145,1689.7899,817.4474
2020-07-17,47,142.0000,173.5153,353.4769,227.0958,565.8407,2698.0000,4160.1476,4196.0658,4363.0357,1505.0107,712.7105
2020-07-17,47,259.0000,254.1395,414.2265,273.0000,601.7537,2644.0000,4059.0674,4105.9256,4267.0000,1501.0000,697.1684
2020-07-19,47,154.0000,213.0646,377.9893,210.5536,560.8232,2640.6890,4157.3669,4218.6382,4306.2482,1555.3769,741.4856
2020-07-19,47,267.0000,301.5985,433.3030,265.5562,601.0000,2589.9414,4033.0639,4092.2701,4186.0000,1552.0000,749.9911
2020-07-22,47,-9999.0000,-9999.0000,-9999.0000,-9999.0000,-9999.0000,-9999.0000,-9999.0000,-9999.0000,-9999.0000,-9999.0000,-9999.0000
2020-07-22,47,-9999.0000,-9999.0000,-9999.0000,-9999.0000,-9999.0000,-9999.0000,-9999.0000,-9999.0000,-9999.0000,-9999.0000,-9999.0000
2020-07-27,47,307.0000,305.4192,453.4604,301.4133,596.3134,2429.6680,3678.1733,3665.7665,3908.5589,1483.5119,693.6958
2020-07-27,47,373.0000,358.1327,485.8281,325.2770,621.3814,2410.9879,3643.0000,3618.7076,3857.0000,1473.8939,684.8016
2020-07-29,47,469.0000,506.0170,617.9773,421.5668,745.0000,2494.0000,3814.0000,3790.0000,4034.0000,1660.0966,826.5895
2020-07-29,47,548.0000,569.6339,661.4334,462.3484,760.0000,2448.0000,3752.9623,3698.1703,3954.1491,1676.9301,843.5404
2020-08-01,47,298.0000,361.6535,497.9876,341.6743,640.8801,2362.0227,3686.0000,3653.5078,3931.0000,1586.9863,794.6489
2020-08-01,47,394.0000,432.4165,549.7285,378.3701,673.3090,2328.0000,3608.0000,3572.5131,3845.5371,1570.4892,794.7021
2020-08-06,47,158.0000,193.4143,365.7455,233.1962,545.0232,2413.2128,3670.0000,3654.0495,3898.0000,1480.6834,677.0000
2020-08-06,47,220.0000,237.4981,397.9460,253.4340,564.1283,2393.1837,3627.5100,3628.1451,3877.2843,1482.9128,685.2493
2020-08-08,47,215.0000,293.3020,453.8989,286.2618,616.3775,2434.5199,3752.0000,3837.1237,3978.6148,1631.0000,796.6907
2020-08-08,47,331.0000,384.7671,517.3643,341.8558,657.3100,2386.0000,3639.0000,3724.0000,3872.7144,1628.3731,810.8442
2020-08-11,47,599.0000,612.0000,732.0000,506.0000,863.0000,2583.0000,3996.0000,3912.6403,4386.0000,1705.0000,820.0000
2020-08-11,47,459.0000,523.0000,674.2213,458.0000,870.0000,2718.0000,4232.0000,4160.0000,4642.0000,1751.0000,838.0000
2020-08-13,47,215.0000,240.8536,489.6773,338.5994,725.4762,2746.6127,3891.0000,3897.2766,4225.7716,1805.2542,893.8204
2020-08-13,47,398.0000,393.2610,593.2592,421.6878,782.2139,2642.5161,3750.1716,3729.6875,4033.0000,1786.9094,889.0266
2020-08-16,47,369.0000,313.3313,521.4494,389.6632,756.9470,2430.9164,3465.8920,3485.3704,3744.6924,1688.8693,876.0000
2020-08-16,47,419.0000,357.9322,546.6088,408.8525,772.0000,2412.0968,3433.8529,3460.4937,3722.5849,1672.0000,877.0000
2020-08-21,47,334.0000,405.0512,565.7341,405.1032,758.4441,2202.0000,3174.1425,3197.6030,3429.0527,1628.0677,886.0000
2020-08-21,47,343.0000,409.1000,568.8523,401.0387,753.3371,2210.1399,3188.0296,3217.4918,3449.7289,1635.9843,885.0000
2020-08-23,47,372.0000,394.3375,637.0111,480.8666,901.9580,2549.3884,3393.0000,3432.0000,3698.1142,1994.4658,1068.1898
2020-08-23,47,471.0000,469.5722,685.0540,514.0525,926.2361,2506.4637,3314.2179,3360.7085,3621.1475,1974.0000,1050.9528
2020-08-26,47,785.0000,765.7807,966.2016,849.4178,1257.0000,2522.5741,3189.7777,3249.4180,3456.0000,1917.5271,1166.4589
2020-08-26,47,787.0000,760.9656,961.6880,844.3374,1243.0000,2546.3372,3234.0000,3288.0000,3496.9895,1921.5357,1166.1059
2020-08-28,47,231.0000,372.9870,625.7120,515.0829,962.1433,2336.5148,3180.9557,3258.0241,3505.8791,2027.9650,1162.8127
2020-08-28,47,426.0000,521.3833,713.9161,589.8891,985.3487,2282.1064,3045.0000,3124.0000,3346.0000,2004.8205,1154.0000
2020-09-02,47,-9999.0000,-9999.0000,-9999.0000,-9999.0000,-9999.0000,-9999.0000,-9999.0000,-9999.0000,-9999.0000,-9999.0000,-9999.0000
2020-09-02,47,-9999.0000,-9999.0000,-9999.0000,-9999.0000,-9999.0000,-9999.0000,-9999.0000,-9999.0000,-9999.0000,-9999.0000,-9999.0000
2020-09-05,47,331.0000,374.6531,545.2513,476.8278,809.5451,1740.4610,2164.5018,2203.1294,2377.8299,1549.0677,881.0007
2020-09-05,47,400.0000,428.5491,578.1973,497.5380,830.4098,1749.2012,2147.0631,2202.5748,2372.2557,1540.6504,874.0000
2020-09-07,47,-9999.0000,-9999.0000,-9999.0000,-9999.0000,-9999.0000,-9999.0000,-9999.0000,-9999.0000,-9999.0000,-9999.0000,-9999.0000
2020-09-07,47,-9999.0000,-9999.0000,-9999.0000,-9999.0000,-9999.0000,-9999.0000,-9999.0000,-9999.0000,-9999.0000,-9999.0000,-9999.0000
2020-09-10,47,924.0000,956.4008,1084.0000,978.4545,1361.0000,2058.0698,2410.9549,2402.0594,2588.5673,1805.4522,1305.0313
2020-09-10,47,1064.0000,1064.0000,1158.0000,1020.6171,1359.0000,2017.6797,2377.0000,2381.3389,2541.6892,1798.0829,1261.9225
2020-09-12,47,414.0000,449.6415,649.8478,656.6464,1018.8321,1823.0000,2098.0000,2201.7748,2357.5695,1988.6112,1283.2850
2020-09-12,47,418.0000,457.9394,653.9754,657.4343,1016.4034,1811.5091,2098.6450,2212.5152,2345.8958,1995.4236,1283.0000
2020-09-15,47,347.0000,421.8091,617.8596,673.5706,1014.4607,1628.0000,1947.2793,2052.6794,2244.5188,2003.7703,1284.5377
2020-09-15,47,376.0000,441.3765,625.1231,672.7619,1005.4579,1649.2854,1938.8661,2042.8354,2224.0000,2013.5501,1277.5820
2020-09-17,47,584.0000,702.6972,833.6662,868.8112,1181.6434,1604.0000,1867.7642,1942.1838,2022.7147,1789.0000,1273.7025
2020-09-17,47,666.0000,754.8720,865.8157,880.7842,1186.9473,1611.0000,1834.7074,1929.1429,1991.5196,1789.0000,1224.0000
2020-09-20,47,377.0000,520.0000,689.2018,797.2139,1130.5975,1622.6778,1932.2492,2026.0301,2252.6022,2145.4207,1453.0000
2020-09-20,47,420.0000,548.8176,704.6092,805.3279,1128.9985,1610.2883,1924.0000,2036.0489,2218.8007,2141.0092,1468.2160
2020-09-25,47,412.0000,490.5338,656.0008,774.3089,1019.0000,1313.4348,1490.6785,1500.0688,1715.6464,1864.4792,1259.0000
2020-09-25,47,478.0000,541.0000,686.3003,788.4789,1026.0000,1340.5426,1516.2548,1513.1805,1715.0902,1856.6101,1258.0000
2020-09-30,47,454.0000,582.9075,662.2946,693.5035,897.1820,1148.9739,1267.6029,1308.7594,1378.6697,1618.0000,1265.0000
2020-09-30,47,523.0000,624.4562,689.5984,709.3088,901.6924,1139.7032,1266.3468,1321.7609,1380.3753,1607.0000,1252.6948
2020-10-07,47,542.0000,933.6452,1188.3896,1587.0000,1974.0000,2161.5602,2365.6815,2564.4851,2634.3261,3195.4191,2546.3598
2020-10-07,47,543.0000,941.4171,1201.5134,1598.0000,1971.4570,2163.3218,2362.0688,2566.7892,2628.0390,3200.6673,2549.3336
2020-10-10,47,985.0000,1214.0000,1378.0000,1597.3617,1857.0000,2078.6510,2290.6319,2353.6430,2493.0000,3201.0000,2669.6067
2020-10-10,47,954.0000,1208.0000,1384.3622,1624.7726,1892.0000,2141.4251,2336.5434,2410.9775,2548.1686,3251.1043,2700.7834
2020-10-12,47,662.3303,857.9968,1137.5938,1523.8926,1819.2762,2045.2630,2201.2396,2371.3809,2454.0000,2771.0000,2009.0550
2020-10-12,47,685.0000,869.9421,1144.0000,1522.6705,1829.3789,2037.0805,2184.9051,2363.0118,2451.0000,2769.0877,2026.8612
2020-10-20,47,1394.0000,1606.0000,1714.0000,1825.3447,2077.5484,2260.5760,2410.5324,2513.4422,2562.1128,2997.4856,2484.4971
2020-10-22,47,-9999.0000,-9999.0000,-9999.0000,-9999.0000,-9999.0000,-9999.0000,-9999.0000,-9999.0000,-9999.0000,-9999.0000,-9999.0000
2020-10-25,47,623.0000,857.0942,1124.7333,1412.3391,1685.9013,1848.4584,1990.1336,2076.5691,2214.3909,3076.2385,2412.0447
2020-10-25,47,696.0000,905.3068,1140.0165,1411.0180,1677.5070,1836.7661,1982.1766,2067.5818,2197.9926,3050.2394,2396.2948
2020-10-30,47,-9999.0000,-9999.0000,-9999.0000,-9999.0000,-9999.0000,-9999.0000,-9999.0000,-9999.0000,-9999.0000,-9999.0000,-9999.0000
2020-11-04,47,809.0000,978.8506,1178.0000,1396.1776,1684.6151,1864.6236,1996.5264,2029.3927,2206.1989,3132.9299,2531.5292
2020-11-04,47,882.0000,1018.1182,1208.0000,1400.2004,1697.7020,1894.5964,2022.0000,2054.0000,2232.0000,3129.2659,2529.6971
2020-11-06,47,393.0000,748.7627,1005.5283,1338.0000,1640.8897,1822.8259,2004.3862,2146.1705,2233.4055,3356.5560,2796.2946
2020-11-06,47,628.5694,890.5096,1078.0000,1324.0000,1597.6212,1774.1105,1946.0000,2084.4657,2150.0000,3243.0400,2715.5325
2020-11-09,47,606.0000,886.2535,1094.0000,1349.2762,1628.3829,1820.0000,1982.6509,2123.0556,2210.0000,3034.9003,2525.1724
2020-11-09,47,651.0000,908.3370,1106.0000,1356.6726,1629.1787,1822.5603,1986.5329,2125.5806,2221.4309,3028.8408,2520.3648
2020-11-11,47,503.0000,725.3922,1033.0079,1365.5761,1669.9158,1885.0000,2034.5140,2211.4240,2297.4302,3299.7550,2587.5592
2020-11-11,47,712.0000,866.0000,1106.0000,1361.1732,1636.0000,1849.0000,1978.5362,2146.6556,2222.4284,3192.5780,2548.7859
2020-11-19,47,460.0000,748.9124,974.2613,1212.7936,1460.6981,1646.4541,1796.9350,1971.8901,2020.8910,2818.7662,2291.3473
2020-11-19,47,473.0000,752.3471,980.5937,1213.5190,1461.7106,1658.7444,1804.4640,1969.8654,2029.8219,2836.5349,2299.4134
2020-11-21,47,460.0000,676.3357,969.7763,1297.0231,1585.7812,1826.5014,1969.3929,2276.2585,2221.3867,3246.6211,2547.5427
2020-11-21,47,654.3734,814.4126,1049.0279,1312.0000,1569.1422,1793.0792,1921.9469,2213.0498,2172.5854,3141.3726,2490.6640
2020-11-24,47,671.0000,848.2826,1052.0000,1309.4756,1554.1103,1729.0000,1860.3653,2035.3374,2089.4759,3050.7700,2386.6349
2020-11-24,47,612.9058,805.8805,1025.0577,1301.0702,1561.4556,1738.4671,1870.3834,2050.1792,2113.2616,3084.0409,2409.8466
2020-11-26,47,537.0000,878.7969,1082.0000,1396.0000,1697.8711,1897.4275,2068.6567,2274.7741,2308.2004,3187.3620,2483.5455
2020-11-26,47,734.0000,1000.4465,1146.0000,1404.6667,1677.5182,1860.0000,2007.0000,2200.8763,2239.0000,3113.9719,2442.2252
2020-11-29,47,507.0000,799.0000,994.0750,1288.6278,1536.4858,1704.2893,1858.0000,2033.5391,2098.2263,3093.3072,2595.1525
2020-11-29,47,462.2175,760.5673,966.0000,1277.7415,1542.2168,1710.9663,1869.0323,2040.6520,2118.0945,3122.0897,2617.6657
2020-12-01,47,180.0000,180.0000,174.0000,162.0000,194.0000,193.0000,191.0000,196.0000,183.0000,167.0000,119.0000
2020-12-01,47,167.0000,171.0000,172.0000,144.0000,171.0000,168.0000,181.0000,184.0000,169.0000,159.0000,119.0000
2020-12-19,47,605.0000,876.3844,1028.0000,1256.0000,1484.4483,1603.0000,1741.0000,1841.7308,1932.9501,2549.2170,2153.5474
2020-12-19,47,611.0000,878.5759,1028.0000,1265.2724,1501.4332,1622.0000,1768.0168,1865.1058,1968.5809,2565.1078,2164.2925
2020-12-26,47,-9999.0000,-9999.0000,-9999.0000,-9999.0000,-9999.0000,-9999.0000,-9999.0000,-9999.0000,-9999.0000,-9999.0000,-9999.0000
2020-12-26,47,-9999.0000,-9999.0000,-9999.0000,-9999.0000,-9999.0000,-9999.0000,-9999.0000,-9999.0000,-9999.0000,-9999.0000,-9999.0000
2020-12-31,47,407.0000,564.5423,778.0000,1104.2138,1366.0000,1564.0000,1710.4162,1890.9013,1965.7675,1944.5089,1234.0000
2020-12-31,47,412.0000,566.1545,780.3529,1105.2321,1361.6339,1573.7176,1708.9650,1898.5741,1980.3621,1932.0000,1218.0000
2021-01-03,47,288.0000,482.1579,680.5898,980.3662,1202.0000,1348.9032,1496.0213,1637.0107,1726.2650,1494.8595,910.4455
2021-01-03,47,400.0000,556.2919,726.8108,1002.2704,1232.6492,1378.3198,1512.4671,1644.7235,1732.8392,1484.1304,908.9792
2021-01-08,47,304.0000,614.0000,778.2010,1046.0000,1260.3212,1390.4374,1528.9960,1713.6568,1734.0000,1844.0000,1425.0000
2021-01-08,47,355.0000,642.3832,796.9507,1052.4983,1269.5893,1406.9746,1546.0000,1725.3791,1737.3466,1840.2767,1421.7794
2021-01-13,47,436.0000,644.0000,838.8556,1153.6252,1364.0000,1504.0631,1626.0000,1833.0634,1854.8012,2398.4028,1762.8656
2021-01-13,47,487.0000,675.2218,856.8115,1161.1102,1373.6608,1524.1060,1630.7314,1840.5953,1856.6643,2386.0000,1749.5733
2021-01-18,47,-9999.0000,-9999.0000,-9999.0000,-9999.0000,-9999.0000,-9999.0000,-9999.0000,-9999.0000,-9999.0000,-9999.0000,-9999.0000
2021-02-09,47,-9999.0000,-9999.0000,-9999.0000,-9999.0000,-9999.0000,-9999.0000,-9999.0000,-9999.0000,-9999.0000,-9999.0000,-9999.0000
2021-02-14,47,461.0000,822.5787,1002.3630,1366.0000,1532.4397,1660.0980,1746.3991,2050.9021,1950.0000,2388.0000,1971.4951
2021-02-14,47,645.0000,917.4026,1058.0000,1364.8215,1525.9607,1636.4487,1725.2963,2004.6232,1886.4877,2350.0000,1946.8631
2021-02-17,47,1078.0000,1196.0000,1222.0000,1336.0000,1512.0000,1616.0000,1712.0000,1798.8019,1873.2407,2272.0000,1765.0000
2021-02-17,47,1089.0000,1192.0000,1224.0000,1320.0000,1509.0000,1654.0000,1756.0000,1792.0000,1898.0000,2255.0000,1808.0000
2021-02-22,47,-9999.0000,-9999.0000,-9999.0000,-9999.0000,-9999.0000,-9999.0000,-9999.0000,-9999.0000,-9999.0000,-9999.0000,-9999.0000
2021-02-24,47,651.0000,910.3872,1100.0000,1268.0000,1413.0000,1493.0000,1566.0000,1634.5028,1617.4159,1913.1297,1655.0000
2021-02-24,47,677.0000,926.6456,1108.0000,1270.0000,1399.0000,1487.0000,1565.3733,1629.0924,1614.2114,1906.1440,1653.0000
2021-02-27,47,750.0000,1050.0000,1245.0000,1414.0000,1548.0684,1602.0000,1659.0000,1725.0000,1729.8736,2080.5584,1957.0000
2021-02-27,47,799.0000,1078.0000,1266.0000,1425.7091,1561.0000,1614.0000,1693.5268,1749.0806,1752.5334,2082.0000,1951.0000
2021-03-01,47,862.0000,1164.3867,1425.2702,1713.4340,1799.0000,1862.0000,1994.0000,2140.0000,2124.0000,2618.0000,2366.0000
2021-03-01,47,887.0000,1177.2826,1435.2416,1723.0565,1796.0968,1891.0000,2016.0000,2140.0000,2127.0000,2618.0000,2367.0000
2021-03-04,47,1129.0000,1278.0000,1418.0000,1549.1521,1696.0000,1779.0000,1849.5488,1931.3210,1899.0000,2107.0000,1814.8318
2021-03-04,47,1261.0000,1356.0000,1488.0000,1588.0000,1686.0000,1803.0000,1867.0000,1946.0000,1909.8477,2094.0000,1782.0803
2021-03-06,47,690.7244,1072.0000,1300.8985,1605.8659,1706.0000,1772.4643,1820.0000,2010.3377,1885.5561,2348.8651,2221.8340
2021-03-06,47,771.0000,1092.0000,1302.0000,1584.0000,1666.5537,1769.9484,1808.4545,2002.2775,1877.9318,2333.7891,2206.7035
2021-03-09,47,958.5228,1236.6964,1393.0173,1600.8291,1740.0000,1790.0000,1861.7597,1973.3328,1914.0000,2329.0000,2267.0000
2021-03-09,47,958.3898,1237.0484,1404.6243,1628.2723,1758.7250,1803.0000,1872.0000,1993.0053,1922.0000,2364.3369,2268.0000
2021-03-16,47,795.0000,1181.2778,1405.8268,1778.3675,1906.0000,1968.0000,2074.0000,2270.0000,2172.0000,2784.0000,2648.9356
2021-03-16,47,857.0000,1204.4373,1406.0000,1762.1082,1891.0000,1951.0000,2056.5484,2259.0185,2162.0000,2773.7724,2628.0000
2021-03-19,47,806.0000,1052.6966,1220.9669,1493.1392,1616.0497,1670.2210,1744.9300,1876.0000,1821.5971,2250.2696,2170.2855
2021-03-19,47,849.0000,1081.7355,1237.0921,1489.5814,1612.0000,1668.8200,1741.0000,1880.6637,1825.4220,2244.7581,2165.3703
2021-03-21,47,-9999.0000,-9999.0000,-9999.0000,-9999.0000,-9999.0000,-9999.0000,-9999.0000,-9999.0000,-9999.0000,-9999.0000,-9999.0000
2021-03-21,47,-9999.0000,-9999.0000,-9999.0000,-9999.0000,-9999.0000,-9999.0000,-9999.0000,-9999.0000,-9999.0000,-9999.0000,-9999.0000
2021-03-24,47,1038.0000,1312.0117,1576.9367,1890.8452,1997.5402,2028.2512,2081.7775,2219.4189,2169.8431,2645.2154,2434.7945
2021-03-24,47,1064.0000,1331.4809,1593.8853,1883.0569,1995.5529,2029.2841,2076.5343,2219.3666,2165.7742,2642.0809,2437.3629
2021-03-26,47,1285.0000,1588.1880,1804.0530,2067.3969,2226.1461,2262.0000,2352.0000,2481.1757,2430.3319,2977.3251,2858.1633
2021-03-26,47,1312.4663,1593.3394,1797.3187,2042.2472,2213.3486,2252.0000,2338.4729,2460.7438,2414.0000,2960.9101,2867.6618
2021-03-29,47,1209.0000,1464.6918,1661.1333,1873.7022,2034.6765,2089.0000,2178.6980,2229.4687,2226.2876,2661.5101,2589.8633
2021-03-29,47,1241.3044,1501.1652,1700.6389,1916.7341,2045.0003,2106.9870,2202.0000,2257.2166,2249.2507,2664.8841,2571.0269
2021-03-31,47,1367.0000,1608.7786,1896.4874,2202.6551,2345.5929,2392.3874,2436.2987,2544.7601,2528.0000,3017.5211,2819.8881
2021-03-31,47,1360.0880,1564.9906,1834.1492,2106.3939,2267.8376,2325.0000,2376.4358,2476.8772,2468.2965,2972.8840,2796.6908
2021-04-03,47,1110.0000,1329.0573,1569.5978,1826.6651,1957.9189,2020.1218,2076.5935,2177.0611,2161.8223,2552.4869,2363.7502
2021-04-03,47,1149.7258,1344.5532,1570.0000,1811.8941,1942.0148,2004.7015,2068.8581,2172.0000,2145.7506,2533.7529,2355.6212
2021-04-05,47,1302.5056,1666.9127,1916.5905,2203.9235,2345.1432,2405.0000,2484.4881,2641.1105,2553.4189,3052.9364,2946.7398
2021-04-05,47,1329.7783,1676.0235,1930.7391,2211.5246,2354.5711,2410.0000,2488.6661,2644.7077,2562.0224,3059.0545,2946.0071
2021-04-08,47,1138.3258,1456.8534,1686.0000,1979.1138,2077.4243,2162.3461,2230.0035,2430.2390,2314.9460,2748.5461,2674.3252
2021-04-08,47,1174.0000,1472.5899,1689.3832,1971.7297,2069.3844,2158.2072,2225.6192,2420.2385,2309.6004,2737.6646,2666.6597
2021-04-10,47,1528.0000,1786.4864,2076.8857,2394.6589,2547.0236,2594.3688,2653.0000,2780.0000,2737.2484,3187.7916,2956.3979
2021-04-10,47,1508.0000,1739.4496,2011.4136,2314.7910,2466.9191,2534.5747,2604.5407,2729.1125,2680.8100,3147.2545,2930.3776
2021-04-15,47,1007.0000,1172.0000,1250.0000,1405.2837,1560.2458,1673.2873,1757.3042,1881.4667,1804.6502,1816.4863,1504.0000
2021-04-15,47,1030.4310,1192.0000,1264.0000,1417.3633,1566.7995,1678.2728,1756.5887,1892.6541,1813.9242,1819.0000,1504.0000
2021-04-20,47,-9999.0000,-9999.0000,-9999.0000,-9999.0000,-9999.0000,-9999.0000,-9999.0000,-9999.0000,-9999.0000,-9999.0000,-9999.0000
2021-04-20,47,-9999.0000,-9999.0000,-9999.0000,-9999.0000,-9999.0000,-9999.0000,-9999.0000,-9999.0000,-9999.0000,-9999.0000,-9999.0000
2021-04-23,47,1419.0000,1763.2512,2091.5783,2436.1768,2636.0703,2705.5361,2789.8533,2890.9107,2873.3203,3299.8787,3013.5119
2021-04-23,47,1409.7813,1690.8846,2002.9753,2309.9605,2531.6957,2624.7822,2717.2420,2819.6477,2798.0000,3242.8807,2979.9352
2021-04-25,47,1538.0000,1954.7130,2307.8189,2626.0000,2883.1773,2972.9546,3108.1139,3216.9985,3190.3263,3730.6828,3559.4010
2021-04-25,47,1517.0000,1883.6064,2218.2386,2522.6617,2776.4096,2886.9867,3020.7692,3138.0000,3110.0000,3687.3822,3550.3912
2021-04-28,47,1497.0000,1890.4609,2211.5754,2481.7488,2699.2403,2794.9723,2913.3393,2941.3695,2981.0000,3356.3378,3218.8314
2021-04-28,47,1516.0000,1858.5932,2179.1032,2435.3701,2657.3443,2761.3757,2870.9748,2909.7096,2934.3573,3322.5882,3173.9097
2021-04-30,47,-9999.0000,-9999.0000,-9999.0000,-9999.0000,-9999.0000,-9999.0000,-9999.0000,-9999.0000,-9999.0000,-9999.0000,-9999.0000
2021-04-30,47,-9999.0000,-9999.0000,-9999.0000,-9999.0000,-9999.0000,-9999.0000,-9999.0000,-9999.0000,-9999.0000,-9999.0000,-9999.0000
2021-05-03,47,1073.0000,1325.8853,1625.4059,1938.1320,2145.4388,2253.5803,2345.5903,2450.4871,2456.3893,2875.3723,2585.5168
2021-05-03,47,1084.1013,1331.0405,1618.9391,1914.3208,2124.2359,2245.3322,2338.4468,2442.9632,2435.2832,2876.2457,2593.2312
2021-05-05,47,-9999.0000,-9999.0000,-9999.0000,-9999.0000,-9999.0000,-9999.0000,-9999.0000,-9999.0000,-9999.0000,-9999.0000,-9999.0000
2021-05-05,47,-9999.0000,-9999.0000,-9999.0000,-9999.0000,-9999.0000,-9999.0000,-9999.0000,-9999.0000,-9999.0000,-9999.0000,-9999.0000
2021-05-08,47,960.4762,1261.5829,1541.1271,1875.0704,2057.8507,2112.5453,2226.7806,2306.6168,2317.4959,2721.3530,2409.1552
2021-05-08,47,1001.6836,1244.9461,1504.7754,1810.3300,1980.7447,2074.0174,2184.6069,2273.9575,2289.7782,2677.3538,2389.5382
2021-05-10,47,1929.2906,2251.4934,2675.8681,3042.4743,3307.4761,3417.0000,3496.0608,3529.2011,3630.3750,4173.0000,3844.2341
2021-05-10,47,1862.0000,2155.6653,2578.6374,2933.4400,3189.2310,3336.5574,3420.0000,3448.0000,3560.8784,4101.5069,3781.4346
2021-05-13,47,1216.0000,1348.0000,1544.3460,1708.9735,1904.5498,2037.5727,2123.6595,2147.2183,2195.5505,1925.2534,1593.8010
2021-05-13,47,1210.0000,1348.8500,1556.8121,1729.3755,1922.4492,2044.7199,2131.2402,2162.3505,2227.6711,1928.5155,1589.3148
2021-05-15,47,743.0000,943.0000,1074.0000,1252.0000,1421.0000,1556.0000,1658.0000,1562.0000,1730.0000,1771.0000,1504.0000
2021-05-15,47,672.0000,930.0000,1046.0000,1218.0000,1421.0000,1589.0000,1751.0000,1496.0000,1837.0000,1782.0000,1459.0000
2021-05-18,47,1011.0000,1301.0501,1569.6142,1875.2308,2046.2342,2157.0518,2259.1634,2340.3289,2346.9780,2708.5384,2411.9383
2021-05-18,47,1050.0000,1299.2439,1555.8697,1842.1423,2019.2027,2139.2488,2245.2089,2323.0824,2340.4349,2682.8700,2395.3677
2021-05-20,47,1188.0000,1387.3911,1675.6088,1969.5808,2185.8969,2307.4211,2371.1137,2467.6135,2470.1217,2777.2907,2341.2101
2021-05-20,47,1169.4907,1354.8585,1626.7007,1907.2272,2136.0959,2267.3454,2340.1912,2436.0630,2422.5866,2739.3706,2315.5638
2021-05-23,47,2036.0000,2202.3145,2489.3693,2577.1899,2941.0770,3140.3249,3263.0000,3285.4892,3344.2560,3004.4910,2667.9110
2021-05-23,47,2069.0000,2275.0987,2570.9539,2657.0486,3017.2029,3238.0000,3364.5126,3388.0000,3448.9472,3029.1219,2683.5497
2021-05-25,47,-9999.0000,-9999.0000,-9999.0000,-9999.0000,-9999.0000,-9999.0000,-9999.0000,-9999.0000,-9999.0000,-9999.0000,-9999.0000
2021-05-25,47,-9999.0000,-9999.0000,-9999.0000,-9999.0000,-9999.0000,-9999.0000,-9999.0000,-9999.0000,-9999.0000,-9999.0000,-9999.0000
2021-05-28,47,964.3786,1252.8980,1569.5397,1755.2002,2037.4968,2262.0760,2371.1493,2444.1676,2459.5048,2630.9158,2273.1401
2021-05-28,47,992.0987,1233.5352,1532.6816,1698.8189,1988.2446,2217.6706,2340.8895,2410.0942,2419.0837,2586.2940,2258.0432
2021-05-30,47,2130.3892,2548.0073,3045.9705,3350.8234,3787.6983,4026.8692,4100.4505,4250.0935,4214.6985,4550.2082,4104.0613
2021-05-30,47,2033.0000,2421.3299,2918.0113,3237.9497,3691.3020,3932.7953,4019.4171,4153.9349,4130.5251,4487.7079,4071.9615
2021-06-02,47,2174.0000,2598.7249,3077.8837,3401.6564,3810.8379,4101.0195,4198.6468,4264.8260,4294.3299,4502.0582,4034.8061
2021-06-02,47,2043.7254,2439.6339,2903.7506,3206.8081,3605.8815,3932.1886,4045.5256,4128.0000,4144.0000,4425.4435,3991.4603
2021-06-04,47,1952.5020,2370.3089,2666.8350,2753.0625,3149.1709,3461.4844,3664.5574,3662.0000,3708.0988,3458.1167,3096.9327
2021-06-04,47,2061.0000,2490.6697,2794.5157,2875.3327,3260.0650,3569.8231,3764.7828,3750.0000,3796.7652,3500.1709,3127.0890
2021-06-07,47,1558.0000,1810.7390,2130.4806,2250.9120,2667.8833,3088.0000,3302.4557,3253.0484,3387.5500,3289.7795,2891.5203
2021-06-07,47,1621.0000,1866.6706,2186.4938,2314.8479,2723.0369,3150.3043,3362.7656,3320.8788,3459.6476,3324.0060,2915.5252
2021-06-09,47,1693.0476,1995.2063,2500.0232,2728.6687,3236.0767,3824.7515,4019.0000,4048.5011,4160.4587,4307.7969,3691.1245
2021-06-09,47,1772.0340,2113.9008,2619.0900,2871.3472,3382.6795,4005.0000,4156.0000,4168.0000,4289.0280,4355.7731,3719.7331
2021-06-12,47,1545.0000,1835.0378,2306.2500,2393.3099,2867.2531,3616.0000,3835.0035,3786.5882,3945.0000,3624.4277,2988.1123
2021-06-12,47,1486.0000,1731.0071,2163.6926,2245.8904,2721.0137,3448.0112,3659.5604,3627.4926,3803.5557,3513.9191,2947.4128
2021-06-14,47,1652.0000,2075.2115,2578.0000,2695.5888,3285.6046,3969.5047,4230.6462,4276.0000,4325.5505,4329.9274,3819.1245
2021-06-14,47,1707.0000,2178.5952,2663.0046,2789.8046,3383.5817,4069.3367,4334.5536,4372.0000,4413.1762,4358.4662,3844.9380
2021-06-17,47,1672.0000,2147.3568,2620.8336,2789.8206,3324.2715,4032.9988,4281.9413,4281.0289,4402.0000,4241.0000,3689.5105
2021-06-17,47,1509.3439,1890.4000,2330.9358,2499.9979,3013.7157,3688.8631,3956.5067,3968.8274,4076.7810,4057.6254,3606.5111
2021-06-19,47,1484.0000,1707.4803,2147.1474,2235.2049,2724.8247,3523.0000,3737.0000,3684.0000,3904.0000,3585.6413,2969.7363
2021-06-19,47,1494.6604,1731.4603,2147.1281,2234.5660,2740.7818,3522.0209,3735.0000,3684.0000,3910.0000,3596.6166,2964.6730
2021-06-22,47,1340.0000,1612.1562,2100.0000,2138.4880,2762.0779,3892.4523,4183.0000,4200.2714,4344.0000,3805.0000,3029.5963
2021-06-22,47,1331.0000,1579.4012,2043.6955,2091.3563,2684.0304,3789.0693,4085.0130,4092.6695,4233.5425,3749.8138,3003.0199
2021-06-24,47,1224.0000,1549.2415,1994.7548,1960.4173,2620.2058,3880.7614,4332.0000,4272.0000,4457.0000,3784.5888,3005.0000
2021-06-24,47,1248.0000,1554.7701,2004.7991,1963.7735,2625.9206,3881.3712,4334.0718,4272.0000,4457.4605,3773.0000,3016.0000
2021-06-27,47,-9999.0000,-9999.0000,-9999.0000,-9999.0000,-9999.0000,-9999.0000,-9999.0000,-9999.0000,-9999.0000,-9999.0000,-9999.0000
2021-06-27,47,1719.0000,1864.0000,2121.5516,1986.0000,2546.4740,3849.0056,4338.0264,4376.0000,4451.0000,2909.0778,2297.3119
2021-06-29,47,909.0000,1068.0000,1500.0000,1402.7993,2127.0000,3945.5076,4376.7065,4348.0000,4554.4818,3281.0000,2291.2760
2021-06-29,47,936.0000,1086.0000,1520.7095,1403.9386,2142.9632,3968.6197,4409.0812,4360.0000,4573.3258,3307.8968,2284.9487
2021-07-02,47,621.0000,760.2101,1128.5664,995.8878,1682.0000,3709.5551,4304.6895,4329.5000,4486.0000,2853.0000,1904.0000
2021-07-02,47,663.0000,769.5000,1146.0000,1002.9770,1648.0000,3716.6631,4313.4145,4328.0000,4504.0000,2860.0530,1883.0000
2021-07-04,47,907.0000,970.0205,1193.3639,956.5722,1577.0000,3742.0000,4625.0000,4528.0000,4844.0000,2828.0000,1746.0000
2021-07-07,47,286.0000,381.7364,664.0419,401.5484,1037.0050,3456.9446,4267.6837,4258.8566,4347.2227,2269.1763,1256.8739
2021-07-07,47,344.0000,433.6524,697.4459,436.7546,1050.3033,3382.0176,4180.8636,4162.3266,4314.2363,2258.1845,1245.4312
2021-07-09,47,308.0000,308.9024,653.9282,356.1047,1098.2691,4330.0786,5225.4121,5314.4142,5362.0000,2654.0715,1361.5000
2021-07-09,47,377.0000,380.4566,697.3698,405.9339,1109.0000,4199.0000,5084.5890,5138.6221,5210.0504,2627.5738,1365.6001
2021-07-12,47,223.0000,305.1779,605.1416,397.3580,973.4967,3728.4926,4778.8491,4730.7867,4970.0000,2173.3289,1129.1681
2021-07-12,47,386.3396,425.1235,689.3594,476.8860,1014.0697,3595.0000,4587.7358,4544.7944,4770.4759,2153.5292,1121.4380
2021-07-14,47,-9999.0000,-9999.0000,-9999.0000,-9999.0000,-9999.0000,-9999.0000,-9999.0000,-9999.0000,-9999.0000,-9999.0000,-9999.0000
2021-07-19,47,-9999.0000,-9999.0000,-9999.0000,-9999.0000,-9999.0000,-9999.0000,-9999.0000,-9999.0000,-9999.0000,-9999.0000,-9999.0000
2021-07-19,47,-9999.0000,-9999.0000,-9999.0000,-9999.0000,-9999.0000,-9999.0000,-9999.0000,-9999.0000,-9999.0000,-9999.0000,-9999.0000
2021-07-22,47,256.0000,281.4867,489.5624,249.4023,768.9305,4043.0030,5702.3095,5657.4032,6073.6103,2273.1734,1017.7783
2021-07-22,47,330.0000,346.1663,529.7072,281.5870,786.0000,3988.0285,5621.5476,5553.0438,5961.7379,2266.2644,1009.7507
2021-07-24,47,849.0000,890.4258,984.7973,729.6550,1133.0000,3438.0000,4889.7173,4851.8727,5140.9797,2317.9505,1210.0667
2021-07-24,47,655.0000,705.0000,853.2082,589.2383,1070.2651,3808.8205,5509.0731,5462.7643,5781.7842,2393.3191,1217.2161
2021-07-29,47,230.0000,229.8053,413.1093,217.2528,682.4820,3868.3008,5424.6477,5337.3828,5667.4422,2192.0000,988.2533
2021-07-29,47,356.0000,329.4449,485.9010,281.7821,722.3025,3721.4967,5204.1952,5107.1827,5445.5125,2177.5705,984.9922
2021-08-01,47,70.0000,348.0556,489.6279,269.4668,811.0000,4060.8185,5651.1494,5705.9718,6022.7968,2274.0000,1007.0000
2021-08-01,47,27.0000,243.0000,441.0508,228.6785,802.0000,4262.0000,5887.0000,5908.9292,6282.0000,2302.7484,999.0000
2021-08-03,47,221.0000,293.2515,437.2781,245.4856,693.5161,3464.9567,5157.7544,5175.9108,5370.7818,2001.6848,941.9753
2021-08-03,47,302.0000,349.6131,481.9910,280.8848,717.7016,3392.7699,5035.6483,5080.8674,5299.3180,1984.8375,940.9861
2021-08-06,47,174.0000,246.7230,377.5061,205.6330,608.8433,3413.9634,5041.6969,5041.8571,5308.2356,1942.1196,873.6672
2021-08-06,47,215.0000,272.3796,397.1947,213.3204,617.8629,3406.0000,5018.8328,5027.8937,5268.4669,1937.4324,873.9861
2021-08-08,47,-9999.0000,-9999.0000,-9999.0000,-9999.0000,-9999.0000,-9999.0000,-9999.0000,-9999.0000,-9999.0000,-9999.0000,-9999.0000
2021-08-11,47,259.0000,273.4922,409.3877,257.4434,621.1131,2909.0000,4172.0000,4155.0438,4459.7801,1637.2697,742.0374
2021-08-11,47,321.0000,312.5263,437.1608,280.6728,633.7660,2884.0000,4146.6237,4130.3704,4420.0000,1629.2525,743.0000
2021-08-13,47,-9999.0000,-9999.0000,-9999.0000,-9999.0000,-9999.0000,-9999.0000,-9999.0000,-9999.0000,-9999.0000,-9999.0000,-9999.0000
2021-08-13,47,751.0000,680.8349,781.6846,641.3333,1006.3048,2721.0000,3787.0000,3771.0110,3964.0000,1629.0000,964.5898
2021-08-16,47,232.0000,346.3797,516.9366,345.6848,761.6509,2948.4289,4180.0000,4121.3615,4443.2124,1763.0000,888.1843
2021-08-16,47,323.0000,400.6018,549.4532,372.8011,784.6040,2914.0249,4129.1177,4083.6274,4388.2719,1758.0399,885.7335
2021-08-18,47,210.0000,248.8736,493.1542,269.2138,812.9855,3668.8649,4796.6325,4904.0000,5085.4446,2121.7633,1042.4620
2021-08-18,47,342.0000,342.0122,553.8494,328.7363,844.6303,3531.0539,4612.3673,4721.3333,4891.2982,2101.1867,1040.5604
2021-08-21,47,322.0000,376.5451,605.6627,365.3266,924.4796,3253.2718,4283.0432,4320.2694,4563.1924,1933.6305,961.4336
2021-08-21,47,478.0000,486.3653,673.2743,429.5994,958.0116,3135.0000,4114.9617,4145.4906,4393.7942,1917.4747,956.5762
2021-08-26,47,254.0000,376.1732,649.6807,381.1037,1058.0634,3329.1596,4252.1338,4315.2656,4506.0069,1918.5574,1005.4847
2021-08-26,47,277.0000,381.5326,649.3003,372.7055,1056.9697,3344.4142,4265.3572,4345.8634,4539.0363,1922.0187,1005.2793
2021-08-28,47,-9999.0000,-9999.0000,-9999.0000,-9999.0000,-9999.0000,-9999.0000,-9999.0000,-9999.0000,-9999.0000,-9999.0000,-9999.0000
2021-08-28,47,-9999.0000,-9999.0000,-9999.0000,-9999.0000,-9999.0000,-9999.0000,-9999.0000,-9999.0000,-9999.0000,-9999.0000,-9999.0000
2021-08-31,47,-9999.0000,-9999.0000,-9999.0000,-9999.0000,-9999.0000,-9999.0000,-9999.0000,-9999.0000,-9999.0000,-9999.0000,-9999.0000
2021-08-31,47,-9999.0000,-9999.0000,-9999.0000,-9999.0000,-9999.0000,-9999.0000,-9999.0000,-9999.0000,-9999.0000,-9999.0000,-9999.0000
2021-09-02,47,227.0000,373.4184,772.8787,473.3841,1421.0000,3456.0709,4043.7078,4196.8366,4308.2601,1893.8894,984.0000
2021-09-02,47,339.0000,454.2908,813.2430,520.4860,1413.2456,3340.0000,3937.1218,4075.4939,4190.7157,1883.1027,985.4649
2021-09-05,47,240.0000,408.7270,940.5724,665.5286,1877.4365,3531.6685,3936.8511,4098.0102,4217.8650,1913.7176,1029.9772
2021-09-05,47,294.0000,438.7096,954.5183,673.7307,1870.2402,3524.1395,3940.1353,4080.5935,4219.0000,1904.5217,1027.0000
2021-09-07,47,329.0000,481.4588,1265.4271,1173.1129,2675.3804,4052.0000,4354.0791,4566.9624,4740.7128,2347.0000,1250.6122
2021-09-07,47,460.0000,568.3895,1273.2864,1172.7119,2570.2606,3905.0000,4226.3912,4385.7719,4613.8921,2324.5082,1246.9639
2021-09-10,47,253.0000,448.3759,1056.9969,1372.1653,2413.5896,3033.5163,3374.3455,3643.9950,3875.0000,2358.3234,1341.0093
2021-09-10,47,355.0000,510.4648,1076.9783,1360.7388,2364.1307,2988.2596,3296.9940,3577.2856,3789.5000,2330.5565,1332.3032
2021-09-12,47,405.0000,646.4711,1050.0000,1500.5228,2252.8689,2677.0786,3099.0000,3349.5349,3604.8065,2741.5950,1696.5211
2021-09-12,47,526.0000,720.1033,1076.0000,1476.0996,2180.2497,2597.7973,2997.9297,3243.9920,3523.2296,2693.0280,1683.4564
2021-09-20,47,231.0000,362.5247,552.3645,853.4226,1112.0000,1306.7247,1497.8201,1627.4199,1811.1411,2136.9970,1540.6372
2021-09-20,47,254.0000,372.3833,552.5854,857.3106,1112.1301,1299.9787,1490.8430,1627.4318,1810.9872,2137.9402,1539.2639
2021-09-22,47,775.0000,968.4370,1094.0000,1277.0761,1565.0000,1785.1455,1985.4118,2147.8736,2212.4551,2284.3265,1800.9980
2021-09-25,47,-9999.0000,-9999.0000,-9999.0000,-9999.0000,-9999.0000,-9999.0000,-9999.0000,-9999.0000,-9999.0000,-9999.0000,-9999.0000
2021-09-25,47,-9999.0000,-9999.0000,-9999.0000,-9999.0000,-9999.0000,-9999.0000,-9999.0000,-9999.0000,-9999.0000,-9999.0000,-9999.0000
2021-09-27,47,1482.0000,1472.1421,1710.0000,2043.0282,2352.0000,2684.0000,2869.0000,2866.0000,3212.1514,3206.7250,2376.0000
2021-09-27,47,1453.0000,1451.6000,1620.0000,1896.0000,2175.0000,2567.0000,2739.0000,2728.0000,3098.2222,3001.0000,2184.0000
2021-09-30,47,479.0000,682.5190,906.7844,1252.5701,1461.8682,1537.6084,1673.7053,1787.5968,1924.2520,2945.6942,2492.1601
2021-09-30,47,546.0000,724.3934,926.8378,1256.7500,1457.7983,1536.6089,1673.1036,1779.1028,1922.7484,2940.7510,2483.2488
2021-10-02,47,1441.0000,1654.0000,1742.0000,1860.6404,2128.0000,2193.0000,2305.4459,2408.9981,2413.4967,2726.5193,2396.5597
2021-10-05,47,-9999.0000,-9999.0000,-9999.0000,-9999.0000,-9999.0000,-9999.0000,-9999.0000,-9999.0000,-9999.0000,-9999.0000,-9999.0000
2021-10-10,47,-9999.0000,-9999.0000,-9999.0000,-9999.0000,-9999.0000,-9999.0000,-9999.0000,-9999.0000,-9999.0000,-9999.0000,-9999.0000
2021-10-10,47,-9999.0000,-9999.0000,-9999.0000,-9999.0000,-9999.0000,-9999.0000,-9999.0000,-9999.0000,-9999.0000,-9999.0000,-9999.0000
2021-10-15,47,753.0000,1005.4360,1180.6212,1434.0812,1617.0000,1717.9953,1849.6421,2004.5218,2036.0000,2859.3000,2515.2617
2021-10-15,47,823.0000,1049.2639,1204.3291,1434.4198,1602.5618,1726.5495,1844.3830,1995.7754,2029.0000,2826.9724,2501.6113
2021-10-17,47,842.0000,981.6658,1180.8481,1475.6450,1685.6272,1810.0000,1925.7220,2075.7134,2140.0098,3202.6359,2708.4682
2021-10-17,47,854.9386,985.7975,1187.7615,1475.4518,1692.4057,1813.7201,1912.4777,2067.5775,2133.2253,3211.6338,2717.3853
2021-10-27,47,961.0000,1180.7710,1433.3913,1700.5217,1841.1762,1869.7854,1932.7726,2034.2431,2050.3764,2773.6938,2628.0051
2021-10-27,47,962.0000,1189.0755,1448.8598,1714.9619,1856.4504,1882.6388,1941.5957,2042.9405,2053.3175,2786.1710,2627.6790
2021-10-30,47,965.0000,1114.5240,1238.0000,1362.3390,1433.2982,1487.0000,1506.6206,1587.9020,1612.0000,1867.0000,1565.0000
2021-10-30,47,1124.0000,1203.1111,1328.4583,1443.0907,1578.3767,1604.9349,1675.0000,1664.0000,1745.1491,1907.2177,1617.1178
2021-11-04,47,314.0000,553.8992,698.1262,929.8424,1032.0000,1057.5994,1128.9278,1163.1317,1242.9965,1452.2403,1258.4058
2021-11-04,47,194.0000,473.4926,640.8310,898.6268,1021.0684,1051.5582,1124.8118,1145.8722,1227.4960,1458.4582,1260.5194
2021-11-06,47,521.0000,729.6396,973.4000,1256.4043,1425.0000,1438.9932,1497.1820,1579.1802,1610.4111,2096.0000,1741.4349
2021-11-06,47,714.5068,856.0000,1048.9984,1265.3231,1416.0000,1441.7955,1495.0000,1571.9911,1610.3749,2046.0000,1709.8259
2021-11-11,47,743.0000,1080.0000,1281.7498,1472.4063,1666.0000,1701.5015,1834.4465,1834.4512,1880.8748,2301.3649,1969.3122
2021-11-11,47,806.0000,1120.0000,1296.5569,1472.7578,1660.0000,1694.1804,1811.0000,1819.3208,1865.8321,2284.7656,1966.0000
2021-11-19,47,755.0000,924.0000,1126.0000,1209.1435,1437.0000,1598.9976,1690.0323,1733.3745,1778.2048,1908.0000,1486.0092
2021-11-19,47,771.0000,926.3390,1122.0000,1204.6235,1437.7052,1601.0000,1685.0220,1739.0304,1790.0000,1911.0000,1496.7974
2021-11-24,47,422.0000,710.3498,933.8842,1005.1677,1288.9445,1592.5142,1681.3820,1803.1055,1760.0000,1832.8537,1570.0000
2021-11-24,47,420.0000,696.8674,921.6998,997.3702,1252.0000,1576.0085,1680.6949,1804.5882,1773.0000,1828.4606,1533.0000
2021-11-29,47,453.0000,677.3087,1025.2975,1124.0000,1534.4589,1978.0000,2120.6301,2251.7944,2212.0000,2187.0000,1676.0000
2021-11-29,47,477.8668,689.8093,1028.0438,1124.0000,1521.8628,1987.0000,2126.2436,2258.6350,2237.3274,2186.0000,1658.9901
2021-12-01,47,276.0000,598.3474,844.9198,864.5634,1236.0000,1685.0000,1825.0000,1866.6735,1885.3342,1754.4887,1260.4968
2021-12-01,47,304.0000,618.5301,861.7451,869.0000,1237.1718,1685.9479,1837.9159,1866.7588,1881.9287,1754.1547,1255.0000
2021-12-06,47,189.0000,428.2705,749.2164,817.8891,1282.1663,1865.6434,1979.8681,2146.5674,2064.3954,1862.0000,1318.4361
2021-12-06,47,452.0000,600.2331,846.3941,880.1980,1276.9218,1818.3271,1921.0000,2089.4794,2005.0000,1822.0739,1300.4040
2021-12-14,47,-9999.0000,-9999.0000,-9999.0000,-9999.0000,-9999.0000,-9999.0000,-9999.0000,-9999.0000,-9999.0000,-9999.0000,-9999.0000
2021-12-14,47,-9999.0000,-9999.0000,-9999.0000,-9999.0000,-9999.0000,-9999.0000,-9999.0000,-9999.0000,-9999.0000,-9999.0000,-9999.0000
2021-12-16,47,216.0000,410.7409,753.7303,752.5916,1270.2061,1990.3240,2094.3151,2170.2855,2192.0000,1862.5172,1300.3866
2021-12-16,47,426.3647,568.1384,849.9014,814.0000,1268.9676,1954.7782,2042.3136,2138.3488,2140.7629,1840.7038,1290.6373
2021-12-29,47,-9999.0000,-9999.0000,-9999.0000,-9999.0000,-9999.0000,-9999.0000,-9999.0000,-9999.0000,-9999.0000,-9999.0000,-9999.0000
2021-12-31,47,-9999.0000,-9999.0000,-9999.0000,-9999.0000,-9999.0000,-9999.0000,-9999.0000,-9999.0000,-9999.0000,-9999.0000,-9999.0000
2021-12-31,47,-9999.0000,-9999.0000,-9999.0000,-9999.0000,-9999.0000,-9999.0000,-9999.0000,-9999.0000,-9999.0000,-9999.0000,-9999.0000
2022-01-08,47,262.0000,430.0000,711.0000,664.4207,1215.0000,2253.6503,2469.9292,2709.0253,2550.6077,1750.0740,1125.0000
2022-01-08,47,236.0000,390.4946,680.2279,636.3298,1200.3829,2268.0398,2482.4442,2740.3133,2561.9308,1750.4498,1122.4909
2022-01-13,47,-9999.0000,-9999.0000,-9999.0000,-9999.0000,-9999.0000,-9999.0000,-9999.0000,-9999.0000,-9999.0000,-9999.0000,-9999.0000
2022-01-13,47,-9999.0000,-9999.0000,-9999.0000,-9999.0000,-9999.0000,-9999.0000,-9999.0000,-9999.0000,-9999.0000,-9999.0000,-9999.0000
2022-01-15,47,168.0000,316.6350,680.7513,588.9792,1233.0000,2381.3717,2539.4450,2698.8758,2613.8036,1698.8359,1044.2592
2022-01-15,47,377.0000,480.4128,778.2454,656.3833,1240.4102,2307.1389,2468.8519,2601.3960,2539.9768,1677.0000,1046.0000
2022-01-18,47,59.0000,262.6254,596.8491,510.3667,1156.6914,2292.6910,2474.9521,2642.2267,2537.7223,1602.0000,996.3232
2022-01-18,47,219.0000,364.3046,656.1713,550.2841,1165.3584,2259.2655,2440.8371,2611.0619,2509.5192,1588.4900,992.9648
2022-01-20,47,651.0000,832.7180,961.0000,858.3378,1401.0000,2362.5332,2622.7663,2732.0787,2676.0000,1842.8021,1186.1741
2022-01-20,47,630.0000,820.8136,950.0000,844.3207,1382.9174,2338.0000,2593.8223,2699.5547,2643.0000,1838.8848,1176.0827
2022-01-23,47,269.0000,502.7038,744.6739,650.7287,1264.0000,2289.8316,2517.2995,2651.9454,2582.0000,1612.4337,1085.0000
2022-01-23,47,483.0000,650.0000,839.0000,722.1014,1277.0000,2237.5002,2452.3625,2571.6111,2501.6664,1600.9613,1080.1924
2022-01-25,47,451.0000,392.3952,740.0940,605.3230,1321.0000,2561.2214,2745.3407,2938.5755,2813.1789,2045.0000,1332.5809
2022-01-25,47,636.0000,670.0000,916.0000,761.8440,1356.0000,2473.9870,2659.4140,2798.0000,2726.9540,2008.0000,1318.2083
2022-01-28,47,452.3364,572.4378,884.0000,888.8069,1402.2364,2129.0000,2266.7700,2467.4284,2375.0000,2056.2028,1469.0000
2022-01-28,47,590.4785,794.2258,1016.0000,982.0000,1402.5073,2094.0000,2220.2288,2377.0694,2321.0000,2023.0000,1456.9855
2022-01-30,47,483.0000,816.1661,1006.3565,988.5970,1440.1907,2101.0040,2269.1077,2386.9124,2342.0000,2090.2697,1570.0000
2022-01-30,47,544.4614,850.0000,1024.0000,1000.0000,1441.6768,2094.3527,2252.9789,2370.2156,2313.7552,2078.0000,1572.0000
2022-02-02,47,483.0000,708.3304,918.0569,888.3129,1314.9261,1937.4024,2105.8818,2226.0000,2185.8675,1828.7918,1418.0000
2022-02-02,47,562.0000,774.0745,952.0000,908.0000,1312.2267,1934.0144,2092.0107,2209.4233,2160.0000,1820.6410,1417.0000
2022-02-07,47,636.0000,762.5420,984.4766,924.3342,1364.5710,2133.6682,2288.0000,2450.8528,2393.2912,2023.0000,1446.3159
2022-02-07,47,684.0000,794.2257,1018.1482,936.5894,1372.4111,2137.7771,2289.0717,2452.0084,2378.5497,2018.4196,1450.7073
2022-02-09,47,413.0000,721.0233,1005.0701,987.0000,1485.0000,2414.5363,2632.9991,2852.1397,2710.1083,2294.0000,1726.0000
2022-02-09,47,657.0000,870.0000,1080.0000,1036.5717,1469.6043,2285.3824,2497.5519,2708.1086,2578.2003,2230.7549,1710.1569
2022-02-12,47,601.0000,832.0000,1072.3797,1024.7520,1462.0000,2368.0000,2581.5961,2795.1719,2669.4742,2226.2838,1750.1540
2022-02-12,47,635.0000,860.0000,1084.0000,1028.9506,1468.5366,2364.0000,2568.7926,2796.2625,2660.0000,2229.0000,1752.2693
2022-02-22,47,320.0000,516.0000,768.4439,649.4255,1152.0000,2247.0000,2508.7234,2698.0000,2610.9253,1776.3801,1196.0000
2022-02-22,47,360.0000,546.0000,784.2569,653.5683,1156.6028,2250.2193,2515.0051,2697.7466,2593.5977,1774.2348,1194.0000
2022-02-24,47,733.0000,796.0219,1096.0000,912.9711,1476.0000,2723.3666,2995.2272,3121.8770,3070.0000,2067.0000,1368.0000
2022-02-24,47,897.0000,922.0000,1172.0000,968.3837,1497.0000,2706.8149,2968.4968,3084.0000,3044.0259,2056.6321,1358.0000
2022-02-27,47,538.0000,622.1042,878.6375,688.8151,1250.0000,2572.8642,2897.8453,3083.5242,3010.3557,1942.6361,1193.9341
2022-02-27,47,614.0000,654.4775,898.5000,693.2773,1253.0000,2561.0000,2882.6925,3067.3500,2995.9216,1937.9134,1184.8248
2022-03-01,47,594.0000,730.3395,960.0000,740.9648,1338.5710,2805.8587,3173.0107,3451.9186,3266.2904,2128.7204,1365.8349
2022-03-01,47,585.0000,716.3614,958.4693,721.4556,1328.0000,2841.7640,3202.9370,3497.2676,3313.1814,2133.7685,1336.0000
2022-03-04,47,477.0000,629.3709,912.7500,689.3878,1355.0000,2981.8396,3411.7934,3706.3331,3513.8308,2102.2759,1376.0000
2022-03-04,47,554.6738,686.3824,944.0493,709.3002,1350.0975,2933.4831,3357.4779,3672.8770,3462.3851,2077.4691,1356.5850
2022-03-06,47,757.0000,792.0000,1088.6161,849.4151,1517.5239,3233.5534,3619.8257,3946.6169,3780.0000,2370.0000,1492.4437
2022-03-06,47,780.1444,808.4160,1097.1478,852.8963,1517.0000,3253.1292,3643.1175,3946.6667,3762.2532,2370.1580,1472.9326
2022-03-09,47,472.2700,556.9098,902.6763,673.2803,1388.0000,3275.3095,3726.2262,3986.4464,3827.0640,2226.7029,1349.7147
2022-03-09,47,476.4550,561.4710,900.2539,668.0000,1380.7277,3298.8010,3748.8076,4025.9031,3851.0790,2231.0000,1338.0000
2022-03-14,47,535.0000,650.5816,774.4796,586.9372,924.9558,1674.2280,1892.9693,1962.3726,1921.8225,1059.5740,723.2179
2022-03-14,47,711.0000,778.0000,1038.0000,770.0000,1467.0000,3024.0000,3423.0000,3668.0000,3594.0000,2014.0000,1316.0000
2022-03-16,47,-9999.0000,-9999.0000,-9999.0000,-9999.0000,-9999.0000,-9999.0000,-9999.0000,-9999.0000,-9999.0000,-9999.0000,-9999.0000
2022-03-19,47,484.0000,537.0612,833.4925,617.2008,1240.0000,3282.7993,3860.4017,4220.0000,3993.0646,2062.2741,1173.4550
2022-03-19,47,527.0000,568.5726,860.6324,629.2205,1244.2072,3275.3674,3849.1525,4201.1401,3969.7972,2042.0000,1175.0000
2022-03-21,47,565.0000,677.0234,934.6071,683.4735,1294.1889,3403.6324,4067.8661,4500.0000,4195.2217,2149.8432,1248.4256
2022-03-21,47,598.0000,692.9293,945.2333,690.5888,1299.0000,3395.1858,4089.5192,4488.4501,4210.9903,2142.0000,1235.0000
2022-03-24,47,395.0000,497.7883,745.3076,505.8159,1096.0000,3212.7405,3917.8913,4314.0618,4066.9902,1861.0000,1040.5909
2022-03-24,47,448.0000,537.7959,772.9359,525.4857,1098.0351,3204.2199,3912.5877,4298.2289,4060.0357,1849.7266,1038.1479
2022-03-26,47,968.0000,934.4725,1100.0000,829.2003,1328.0000,3082.6188,3668.6881,3937.2259,3867.6518,2002.3669,1121.0000
2022-03-26,47,998.0000,954.1381,1112.0000,833.1884,1326.0000,3068.5080,3662.3122,3928.9796,3845.1140,1996.0000,1129.4225
2022-04-03,47,240.0000,318.8212,516.1699,285.6405,790.5549,2741.0000,3514.3930,3762.1042,3629.0000,1268.8600,633.8618
2022-04-03,47,197.0000,276.4071,486.4260,241.5933,765.8770,2810.6024,3622.0000,3858.6176,3731.0000,1273.7674,633.3502
2022-04-05,47,1342.0000,1050.8068,1226.9737,916.1176,1517.4398,3522.0000,4155.0000,4344.0000,4280.0000,1852.5204,1059.2783
2022-04-05,47,1310.0000,1028.9820,1216.4608,876.9840,1466.5752,3498.5067,4137.0000,4312.8368,4286.0000,1808.9533,1006.0000
2022-04-08,47,-9999.0000,-9999.0000,-9999.0000,-9999.0000,-9999.0000,-9999.0000,-9999.0000,-9999.0000,-9999.0000,-9999.0000,-9999.0000
2022-04-10,47,239.0000,302.1274,500.4044,261.5610,796.5805,2874.2623,3723.4615,4028.0000,3845.0000,1213.5838,565.4572
2022-04-10,47,199.0000,264.2488,474.5039,229.3606,777.3139,2932.5798,3822.1089,4106.0487,3947.9671,1220.3319,561.8602
2022-04-15,47,337.0000,333.5721,585.6473,361.3243,914.3639,3045.9985,3833.0000,4004.0000,3932.8717,1345.9781,716.9171
2022-04-15,47,409.0000,417.0890,654.3713,412.7606,937.6195,3030.2431,3812.0342,3928.0000,3913.0000,1346.0686,721.4437
2022-04-18,47,320.0000,337.5130,569.3571,397.1660,873.0000,2744.6316,3538.0000,3750.4151,3669.6859,1220.4990,709.9754
2022-04-18,47,363.0000,309.8223,561.6427,377.2818,890.2068,2800.1305,3613.0491,3880.0000,3749.0000,1233.5185,717.9836
2022-04-20,47,584.0000,573.2879,740.7234,564.7029,972.9838,2454.0843,3154.4090,3330.6041,3209.0000,1178.4673,725.8095
2022-04-20,47,667.0000,641.0120,785.9372,600.0626,1006.0000,2418.6483,3101.3594,3281.7595,3181.7699,1179.9314,721.3824
2022-04-23,47,-9999.0000,-9999.0000,-9999.0000,-9999.0000,-9999.0000,-9999.0000,-9999.0000,-9999.0000,-9999.0000,-9999.0000,-9999.0000
2022-04-25,47,408.0000,386.0000,572.0000,330.6623,820.0000,2730.5035,3458.9612,3511.4993,3585.3177,1033.0431,489.0000
2022-04-25,47,459.0000,404.0000,576.0000,336.0000,786.0000,2706.7775,3455.0000,3523.3893,3558.0000,1026.1304,469.0000
2022-04-28,47,123.0000,150.2794,353.5587,177.4792,629.7374,2653.3176,3540.2228,3668.3313,3693.4243,969.2369,448.8603
2022-04-28,47,245.0000,242.3545,414.0829,228.3186,670.2609,2600.0000,3447.0000,3584.0000,3633.9894,973.0102,450.2648
2022-04-30,47,223.0000,272.8396,493.6953,273.2705,788.5576,2890.0000,3841.0000,4129.7500,3993.6171,1174.4106,589.2540
2022-04-30,47,374.0000,430.5665,613.5318,381.4087,857.1596,2802.0000,3721.0000,3929.6898,3844.0000,1178.0415,597.4575
2022-05-03,47,159.0000,238.1027,404.9386,225.3080,682.0739,2633.0000,3633.0000,3776.0000,3800.1495,953.6965,497.4857
2022-05-03,47,143.0000,196.6187,365.9316,184.1902,662.0000,2673.7586,3675.0000,3848.9668,3862.0000,948.9169,493.3925
2022-05-08,47,-9999.0000,-9999.0000,-9999.0000,-9999.0000,-9999.0000,-9999.0000,-9999.0000,-9999.0000,-9999.0000,-9999.0000,-9999.0000
2022-05-10,47,267.0000,326.6220,494.6369,275.0000,742.0000,2732.5000,3861.3487,4000.0000,4009.0000,1152.9915,583.0000
2022-05-10,47,388.0000,432.4730,574.7895,346.6944,777.0000,2674.4859,3755.0000,3876.0000,3917.8070,1157.5568,585.4959
2022-05-13,47,300.0000,432.6985,557.0092,402.8492,793.6452,2468.0000,3534.5009,3570.3759,3701.1672,1162.1386,706.6093
2022-05-13,47,343.0000,394.0000,537.5223,384.2462,823.0000,2546.0167,3569.8528,3673.9601,3730.5542,1172.0000,710.0561
2022-05-15,47,220.0000,245.8138,448.7870,265.6303,766.3391,2865.8897,3891.0000,4000.0000,4120.5880,1289.9029,638.0702
2022-05-15,47,359.0000,354.5204,532.0000,337.6941,801.0000,2765.8553,3769.3489,3852.0000,3990.0000,1284.7053,641.9524
2022-05-18,47,0.0000,57.6804,274.6024,121.9709,614.0000,2517.0693,3468.0000,3609.1181,3728.1947,1212.6058,601.4771
2022-05-18,47,308.0000,320.3645,474.1850,301.6279,725.0000,2393.0000,3233.0000,3380.0000,3504.0000,1209.0000,613.6625
2022-05-20,47,241.0000,301.8206,496.6800,292.6415,846.0000,2710.3281,3725.0484,3938.9687,3980.6944,1398.9234,730.2802
2022-05-20,47,394.0000,456.5877,613.5346,402.1144,882.0000,2620.8489,3570.0000,3752.0000,3821.5722,1394.2770,731.1680
2022-05-25,47,-9999.0000,-9999.0000,-9999.0000,-9999.0000,-9999.0000,-9999.0000,-9999.0000,-9999.0000,-9999.0000,-9999.0000,-9999.0000
2022-05-25,47,-9999.0000,-9999.0000,-9999.0000,-9999.0000,-9999.0000,-9999.0000,-9999.0000,-9999.0000,-9999.0000,-9999.0000,-9999.0000
2022-06-02,47,-9999.0000,-9999.0000,-9999.0000,-9999.0000,-9999.0000,-9999.0000,-9999.0000,-9999.0000,-9999.0000,-9999.0000,-9999.0000
2022-06-02,47,-9999.0000,-9999.0000,-9999.0000,-9999.0000,-9999.0000,-9999.0000,-9999.0000,-9999.0000,-9999.0000,-9999.0000,-9999.0000
2022-06-04,47,598.0000,642.1182,1010.0000,1012.1320,1487.0000,2341.5232,2666.3950,2777.7852,2944.7650,1657.9108,1099.0000
2022-06-04,47,826.0000,822.0000,1076.0000,1030.0000,1428.6564,2177.0000,2473.0057,2539.7600,2740.8941,1627.0000,1084.0173
2022-06-07,47,-9999.0000,-9999.0000,-9999.0000,-9999.0000,-9999.0000,-9999.0000,-9999.0000,-9999.0000,-9999.0000,-9999.0000,-9999.0000
2022-06-07,47,-9999.0000,-9999.0000,-9999.0000,-9999.0000,-9999.0000,-9999.0000,-9999.0000,-9999.0000,-9999.0000,-9999.0000,-9999.0000
2022-06-12,47,567.0000,994.0000,1288.0000,1634.0000,1906.0000,2124.1738,2282.0000,2388.0791,2490.1727,3163.0000,2632.0000
2022-06-12,47,634.0000,1009.0000,1296.0000,1612.7385,1722.0000,2106.0000,2270.0000,2372.0000,2472.0000,2961.0000,2377.0000
2022-06-14,47,658.0000,1090.0000,1475.7375,1872.0000,2143.0000,2379.0000,2565.0040,2620.5025,2823.0000,3618.0000,2885.0000
2022-06-14,47,785.0000,1108.0000,1444.0000,1794.0000,1904.0000,2340.4283,2499.9906,2563.9380,2748.3054,3373.0000,2636.0000
2022-06-17,47,1186.0000,1478.0000,1772.0000,2018.0000,2180.0000,2589.0000,2724.1022,2797.8345,2954.0000,3008.0000,2336.0000
2022-06-19,47,710.0000,1198.0000,1496.0000,1872.0000,2085.0000,2373.3607,2587.0000,2620.0278,2836.0000,3604.0000,2833.0000
2022-06-19,47,803.0000,1166.0000,1472.0000,1822.0000,1883.0000,2360.0000,2555.0000,2589.0000,2801.0012,3389.0000,2556.0000
2022-06-24,47,746.0000,1252.0000,1592.0000,2054.0000,2259.0000,2548.5565,2684.0000,2770.4022,2945.0000,3803.0000,2973.0000
2022-06-24,47,845.0000,1204.2821,1584.0000,2073.5135,2104.0000,2575.0000,2701.0000,2795.5000,2958.0000,3627.0000,2757.0000
2022-06-27,47,446.0000,959.0000,1366.0000,1747.5459,2024.0000,2237.0000,2460.0295,2499.6661,2675.9916,3184.0000,2472.0000
2022-06-27,47,725.0000,1016.4971,1360.0000,1642.0000,1839.0000,2216.0000,2401.0000,2437.9374,2611.8965,2984.0000,2284.0000
2022-06-29,47,-9999.0000,-9999.0000,-9999.0000,-9999.0000,-9999.0000,-9999.0000,-9999.0000,-9999.0000,-9999.0000,-9999.0000,-9999.0000
2022-06-29,47,-9999.0000,-9999.0000,-9999.0000,-9999.0000,-9999.0000,-9999.0000,-9999.0000,-9999.0000,-9999.0000,-9999.0000,-9999.0000
2022-07-02,47,644.0000,1064.0000,1416.2581,1932.9800,2246.6508,2418.5128,2702.0000,2799.0000,3031.0000,3869.0000,2866.0061
2022-07-02,47,771.0000,1077.0000,1413.5940,1905.0830,2212.8132,2384.0000,2659.0000,2753.0973,3008.0218,3826.3295,2842.3834
2022-07-04,47,893.0000,1310.0000,1736.4460,2315.2942,2656.3352,2866.0000,3090.0000,3216.0000,3489.8819,4301.4797,3106.0049
2022-07-04,47,986.0000,1288.7064,1664.6737,2177.6088,2513.3991,2737.4677,2944.7164,3086.0000,3350.4486,4187.3508,3049.4047
2022-07-07,47,1114.0000,1198.0000,1470.0000,1885.0000,2220.0000,2393.0000,2620.0000,2700.6667,2948.0000,3455.0000,2483.0000
2022-07-07,47,-9999.0000,-9999.0000,-9999.0000,-9999.0000,-9999.0000,-9999.0000,-9999.0000,-9999.0000,-9999.0000,-9999.0000,-9999.0000
2022-07-09,47,870.0000,1350.0000,1677.2446,2170.9795,2475.0395,2625.2439,2833.0283,3019.1681,3081.0927,3938.5283,3203.0000
2022-07-09,47,916.0000,1328.0154,1625.2880,2075.3287,2378.2779,2549.1334,2753.6285,2933.1670,3000.0000,3875.2601,3144.0000
2022-07-12,47,752.0000,1216.0450,1569.4281,2083.0864,2388.6329,2511.0000,2724.0000,2813.0000,3033.0000,4014.0000,3122.7271
2022-07-12,47,820.0000,1220.9711,1542.0000,2026.9115,2324.0689,2466.4773,2681.6518,2770.0000,2994.0000,3939.0291,3099.4914
2022-07-14,47,-9999.0000,-9999.0000,-9999.0000,-9999.0000,-9999.0000,-9999.0000,-9999.0000,-9999.0000,-9999.0000,-9999.0000,-9999.0000
2022-07-14,47,-9999.0000,-9999.0000,-9999.0000,-9999.0000,-9999.0000,-9999.0000,-9999.0000,-9999.0000,-9999.0000,-9999.0000,-9999.0000
2022-07-17,47,800.0000,1172.3510,1538.0000,2040.0000,2346.7712,2470.3743,2645.3410,2754.1345,2962.0000,3996.5325,2980.9971
2022-07-17,47,868.0000,1181.0033,1512.2111,1979.1529,2289.0275,2430.4501,2613.9909,2706.0000,2927.0000,3933.2589,2962.5632
2022-07-19,47,877.0000,1408.0495,1797.2704,2379.9495,2688.2896,2769.1842,3002.2920,3124.0000,3289.0000,4411.5430,3386.2920
2022-07-19,47,941.0000,1361.5596,1705.2946,2218.9649,2548.7680,2662.8005,2899.0000,3012.0000,3187.0000,4293.8232,3339.1003
2022-07-22,47,872.0000,1260.7620,1578.0000,2065.0625,2353.5060,2474.0000,2700.8084,2775.0000,2995.0000,4026.8437,3123.6203
2022-07-22,47,892.9114,1273.3613,1582.0000,2074.1913,2356.0836,2494.0000,2706.0055,2789.3209,3002.0868,4018.0116,3120.3227
2022-07-24,47,-9999.0000,-9999.0000,-9999.0000,-9999.0000,-9999.0000,-9999.0000,-9999.0000,-9999.0000,-9999.0000,-9999.0000,-9999.0000
2022-07-24,47,-9999.0000,-9999.0000,-9999.0000,-9999.0000,-9999.0000,-9999.0000,-9999.0000,-9999.0000,-9999.0000,-9999.0000,-9999.0000
2022-07-27,47,-9999.0000,-9999.0000,-9999.0000,-9999.0000,-9999.0000,-9999.0000,-9999.0000,-9999.0000,-9999.0000,-9999.0000,-9999.0000
2022-07-29,47,865.0000,1365.0139,1723.5850,2274.7389,2633.4472,2710.5952,2929.4045,3000.8604,3205.5735,4362.7451,3377.0000
2022-07-29,47,941.0000,1345.0391,1688.9268,2201.7581,2556.0000,2640.0000,2886.0000,2944.4203,3147.0000,4290.0000,3351.0000
2022-08-01,47,715.0000,1057.1267,1309.8318,1683.4151,1945.4542,2073.0000,2236.0000,2316.3408,2444.3680,3577.9649,3050.0000
2022-08-01,47,780.0000,1074.0000,1318.0000,1673.0000,1924.2373,2077.4949,2224.5819,2313.7176,2433.8983,3561.6419,3036.1521
2022-08-03,47,909.0000,1166.0000,1460.7692,1883.8368,2194.9904,2354.2536,2481.0000,2587.6437,2733.2245,3975.0000,3197.0000
2022-08-03,47,930.0000,1174.0000,1442.1111,1868.1109,2162.9721,2341.9478,2459.0000,2564.2764,2706.8523,3939.2880,3195.1275
2022-08-06,47,1140.0000,1248.0000,1424.5033,1611.0909,1809.1546,1972.0000,2144.0000,2123.5988,2327.0000,2762.2797,2188.0000
2022-08-06,47,-9999.0000,-9999.0000,-9999.0000,-9999.0000,-9999.0000,-9999.0000,-9999.0000,-9999.0000,-9999.0000,-9999.0000,-9999.0000
2022-08-08,47,960.0000,1312.6014,1562.0000,1971.7770,2292.0000,2458.0000,2670.0000,2698.8875,2902.0000,4187.0000,3482.9269
2022-08-08,47,980.0000,1330.7186,1578.8706,1978.9228,2281.0000,2455.0000,2678.0000,2698.9711,2890.5928,4185.0000,3477.2120
2022-08-11,47,827.0000,1158.0000,1400.0000,1810.8734,2065.0000,2208.0418,2369.0000,2521.0738,2585.0000,3721.6787,3081.4520
2022-08-11,47,873.0000,1161.3673,1392.0970,1778.0000,2034.3199,2174.0000,2341.0000,2492.5940,2552.0000,3667.1827,3073.3575
2022-08-16,47,772.0000,1016.6945,1262.0000,1633.9929,1929.6771,2052.0000,2217.2344,2267.5881,2466.8340,3546.0000,2788.7098
2022-08-16,47,815.0000,1036.8430,1272.0000,1637.7932,1909.0805,2045.0393,2218.8970,2266.3116,2451.4780,3538.8993,2779.7582
2022-08-21,47,740.0000,973.0761,1220.0000,1468.0000,1818.0000,2046.0000,2211.7950,2210.4733,2394.6541,3314.1571,2941.7483
2022-08-21,47,780.0000,1011.0000,1232.0000,1458.0000,1659.0000,2052.0000,2225.9478,2203.1980,2389.6326,3313.9610,2925.9363
2022-08-23,47,-9999.0000,-9999.0000,-9999.0000,-9999.0000,-9999.0000,-9999.0000,-9999.0000,-9999.0000,-9999.0000,-9999.0000,-9999.0000
2022-08-23,47,-9999.0000,-9999.0000,-9999.0000,-9999.0000,-9999.0000,-9999.0000,-9999.0000,-9999.0000,-9999.0000,-9999.0000,-9999.0000
2022-08-26,47,837.0000,1004.0000,1218.0000,1486.0000,1909.0000,2102.0000,2261.1062,2224.7500,2475.0000,3405.7686,2842.5628
2022-08-26,47,873.0000,1038.0000,1258.5729,1482.0000,1743.0000,2092.0000,2253.1534,2218.1235,2469.9829,3390.8209,2820.2498
2022-08-28,47,731.0000,973.8811,1045.0000,1186.8591,1317.2888,1386.0000,1540.0000,1464.0000,1611.0000,1941.0000,1552.5441
2022-08-28,47,802.0000,982.6948,1066.6667,1185.5788,1309.0000,1362.0000,1489.0000,1460.0000,1578.7608,1899.0000,1560.1432
2022-08-31,47,-9999.0000,-9999.0000,-9999.0000,-9999.0000,-9999.0000,-9999.0000,-9999.0000,-9999.0000,-9999.0000,-9999.0000,-9999.0000
2022-08-31,47,-9999.0000,-9999.0000,-9999.0000,-9999.0000,-9999.0000,-9999.0000,-9999.0000,-9999.0000,-9999.0000,-9999.0000,-9999.0000
2022-09-02,47,1925.0000,2446.0000,2436.0347,2536.0000,2848.0000,3125.0000,3180.0000,3364.0000,3330.0000,3554.0000,3133.0000
2022-09-02,47,2105.0000,2554.0000,2604.0000,2600.2721,2870.0000,3098.3895,3178.1416,3356.0000,3300.0000,3371.0000,2993.7619
2022-09-05,47,-9999.0000,-9999.0000,-9999.0000,-9999.0000,-9999.0000,-9999.0000,-9999.0000,-9999.0000,-9999.0000,-9999.0000,-9999.0000
2022-09-07,47,-9999.0000,-9999.0000,-9999.0000,-9999.0000,-9999.0000,-9999.0000,-9999.0000,-9999.0000,-9999.0000,-9999.0000,-9999.0000
2022-09-07,47,-9999.0000,-9999.0000,-9999.0000,-9999.0000,-9999.0000,-9999.0000,-9999.0000,-9999.0000,-9999.0000,-9999.0000,-9999.0000
2022-09-10,47,594.0000,820.9571,980.0000,1137.0000,1438.0000,1698.0000,1842.2530,1843.5235,1978.2525,2721.3367,2416.7866
2022-09-10,47,640.9446,856.5642,990.0000,1146.1451,1350.0000,1695.0000,1837.2308,1844.9227,1978.8772,2714.1648,2418.4086
2022-09-12,47,838.0000,1034.0000,1251.7905,1396.0000,1793.0000,2202.7531,2320.1845,2353.2683,2497.2629,3307.0000,2869.0000
2022-09-12,47,900.0000,1036.6020,1241.7838,1404.0000,1682.0000,2211.0000,2313.1009,2336.0000,2477.8451,3275.3805,2855.0041
2022-09-15,47,794.0000,996.4118,1218.0000,1345.0000,1831.0000,2102.0000,2229.0000,2177.8398,2395.5066,3080.0000,2574.1654
2022-09-15,47,860.0000,1011.0000,1228.0000,1336.0000,1706.0000,2108.2840,2225.5907,2179.9626,2396.0000,3085.0000,2589.9567
2022-09-20,47,567.0000,816.0000,1028.0000,1156.0000,1588.0000,1923.0000,2059.0761,2172.1749,2203.4390,2754.0000,2418.5366
2022-09-20,47,589.0000,856.5942,1042.4800,1187.9416,1473.0000,1905.0000,2026.0000,2165.5551,2177.0000,2731.5106,2412.7454
2022-09-22,47,774.0000,960.2500,1202.1667,1324.0000,1825.0000,2248.1649,2353.0000,2459.1370,2538.6161,3105.0082,2576.0000
2022-09-22,47,852.0000,970.0000,1212.0000,1312.0000,1708.0000,2237.5964,2315.0000,2426.0000,2507.0000,3009.3044,2546.0376
2022-09-27,47,-9999.0000,-9999.0000,-9999.0000,-9999.0000,-9999.0000,-9999.0000,-9999.0000,-9999.0000,-9999.0000,-9999.0000,-9999.0000
2022-09-27,47,-9999.0000,-9999.0000,-9999.0000,-9999.0000,-9999.0000,-9999.0000,-9999.0000,-9999.0000,-9999.0000,-9999.0000,-9999.0000
2022-10-02,47,813.0000,841.2855,1028.3072,948.0614,1473.9372,1966.0000,2110.0258,2116.6623,2268.0000,2549.0000,1870.0000
2022-10-02,47,-9999.0000,-9999.0000,-9999.0000,-9999.0000,-9999.0000,-9999.0000,-9999.0000,-9999.0000,-9999.0000,-9999.0000,-9999.0000
2022-10-05,47,1400.0000,1305.7653,1544.5766,1464.9850,1992.0000,2540.3624,2711.0000,2729.9913,2849.2751,2685.6336,2010.0321
2022-10-05,47,1552.0000,1534.0000,1738.0000,1712.0970,2181.0000,2666.5288,2868.4066,2874.4649,3035.0000,3139.1539,2380.4330
2022-10-07,47,724.0000,854.0000,1090.0000,1028.1351,1529.0000,2090.1675,2301.5899,2355.2536,2394.4990,2462.0000,1949.0000
2022-10-07,47,760.0000,897.1312,1089.9116,1032.0956,1466.0000,2078.9174,2272.0000,2354.0513,2393.5356,2448.0000,1948.8831
2022-10-10,47,-9999.0000,-9999.0000,-9999.0000,-9999.0000,-9999.0000,-9999.0000,-9999.0000,-9999.0000,-9999.0000,-9999.0000,-9999.0000
2022-10-10,47,-9999.0000,-9999.0000,-9999.0000,-9999.0000,-9999.0000,-9999.0000,-9999.0000,-9999.0000,-9999.0000,-9999.0000,-9999.0000
2022-10-12,47,2102.0000,2026.0000,2154.0000,2076.1649,2495.0000,2829.0000,2880.0000,2962.0000,2951.0000,2521.1951,2178.0000
2022-10-15,47,137.0000,337.1314,618.0000,566.0000,1239.0000,1926.0020,2100.4699,2075.6774,2163.2158,1949.0390,1380.0000
2022-10-15,47,383.0000,482.0000,745.8296,641.6364,1176.0000,1886.0000,2034.9366,2027.1602,2124.1623,1825.0000,1276.0000
2022-10-17,47,960.0000,1204.0000,1412.0000,1272.0000,1787.0000,2677.0000,2918.8959,2955.5500,3021.7028,2493.0000,1951.0000
2022-10-17,47,1171.0000,1306.0000,1458.0000,1266.0000,1697.0000,2645.5951,2893.0434,2915.9099,2984.5416,2480.0000,1940.0000
2022-10-20,47,442.0000,659.9792,917.0000,850.0000,1545.0000,2419.0000,2710.1162,2723.6675,2813.4188,2301.0000,1620.0000
2022-10-20,47,772.0000,897.8564,1068.0000,936.3986,1446.0000,2271.0000,2528.0000,2563.7316,2618.0547,2296.0000,1760.0000
2022-10-25,47,-9999.0000,-9999.0000,-9999.0000,-9999.0000,-9999.0000,-9999.0000,-9999.0000,-9999.0000,-9999.0000,-9999.0000,-9999.0000
2022-10-25,47,-9999.0000,-9999.0000,-9999.0000,-9999.0000,-9999.0000,-9999.0000,-9999.0000,-9999.0000,-9999.0000,-9999.0000,-9999.0000
2022-10-27,47,537.4531,762.0000,985.6667,786.0000,1403.0000,2853.3239,3230.0000,3233.0714,3284.0000,2136.0000,1468.0000
2022-10-27,47,715.0000,869.5000,1049.0139,837.9767,1421.0000,2736.6512,3097.0000,3176.0000,3193.2618,2159.0000,1486.6135
2022-10-30,47,407.0000,580.5040,846.0000,674.0000,1309.0000,2725.0000,3117.0000,3123.5556,3202.0221,1979.0000,1357.0000
2022-10-30,47,510.0000,632.0000,872.0000,701.0000,1286.0000,2665.6703,3073.0000,3083.0000,3172.0000,1951.0000,1354.2168
2022-11-04,47,0.0000,0.0000,141.0000,86.4054,284.0000,877.5000,996.2479,1006.1874,1034.0000,378.0000,228.0000
2022-11-04,47,0.0000,14.0000,145.0000,84.0000,289.0000,885.4918,1022.9980,993.6516,1041.5159,382.0000,233.0000
2022-11-06,47,293.0000,438.1344,732.2817,426.0945,1149.0000,3091.0583,3544.4937,3782.4553,3606.4743,1769.0000,1027.0000
2022-11-06,47,348.0000,452.8125,741.4946,434.3860,1145.0000,3077.0000,3571.0000,3799.1884,3583.0000,1782.0000,1024.0000
2022-11-21,47,361.0000,340.4170,454.0448,268.3632,552.0000,1340.0000,1457.4918,1467.5957,1412.6370,403.0000,195.0000
2022-11-21,47,485.0000,442.8862,528.3826,326.0424,599.0000,1341.3510,1433.0000,1442.6936,1403.8833,410.9894,204.0724
2022-11-24,47,192.0000,280.1425,604.5149,309.0350,1058.9866,3188.0000,3660.6897,3896.4380,3798.0614,1431.0000,713.5586
2022-11-24,47,260.9998,314.4242,624.0000,321.6068,1059.0000,3187.5598,3639.0000,3874.9902,3786.7589,1425.7111,711.0000
2022-11-26,47,-9999.0000,-9999.0000,-9999.0000,-9999.0000,-9999.0000,-9999.0000,-9999.0000,-9999.0000,-9999.0000,-9999.0000,-9999.0000
2022-11-26,47,-9999.0000,-9999.0000,-9999.0000,-9999.0000,-9999.0000,-9999.0000,-9999.0000,-9999.0000,-9999.0000,-9999.0000,-9999.0000
2022-12-01,47,1270.0000,1478.0000,1544.0000,1216.8162,1755.0000,3218.9398,3435.0000,3738.7150,3472.8165,1806.0000,1275.0000
2022-12-06,47,-9999.0000,-9999.0000,-9999.0000,-9999.0000,-9999.0000,-9999.0000,-9999.0000,-9999.0000,-9999.0000,-9999.0000,-9999.0000
2023-01-10,47,272.0000,330.4066,624.1793,376.4446,1076.4698,2922.4984,3258.5895,3556.1942,3482.2996,1434.0000,733.0000
2023-01-10,47,308.0000,350.1689,632.5392,380.3834,1081.8602,2922.7364,3267.6874,3556.3146,3479.8093,1442.5030,728.7150
2023-01-20,47,-9999.0000,-9999.0000,-9999.0000,-9999.0000,-9999.0000,-9999.0000,-9999.0000,-9999.0000,-9999.0000,-9999.0000,-9999.0000
2023-01-20,47,-9999.0000,-9999.0000,-9999.0000,-9999.0000,-9999.0000,-9999.0000,-9999.0000,-9999.0000,-9999.0000,-9999.0000,-9999.0000
2023-01-25,47,349.0000,490.3282,720.0000,490.3213,1192.9829,2778.7451,3149.2581,3460.0000,3353.0000,1822.9539,1038.5959
2023-01-25,47,383.0000,506.0046,728.0000,492.5064,1196.3948,2778.8237,3144.0000,3432.0092,3374.5896,1819.0000,1038.0000
2023-01-28,47,1051.0000,1188.9871,1405.0000,1221.3333,1994.0000,3197.2134,3513.3877,3861.6222,3866.0000,2993.9413,2124.0000
2023-01-28,47,1130.5434,1200.5136,1422.0000,1214.0000,1920.9699,3195.0000,3562.7718,3847.4469,3881.1438,2939.5670,2106.0000
2023-01-30,47,-9999.0000,-9999.0000,-9999.0000,-9999.0000,-9999.0000,-9999.0000,-9999.0000,-9999.0000,-9999.0000,-9999.0000,-9999.0000
2023-01-30,47,1697.0000,1720.0000,1916.0000,1824.0000,2419.0000,3393.0000,3681.0000,4028.0000,4036.0000,3093.0000,2109.0000
2023-02-02,47,898.0000,1002.0000,1206.0000,1222.0000,1749.3205,2366.0000,2592.4466,2891.1572,2923.0000,2364.9067,1502.3220
2023-02-02,47,719.0000,820.2488,1068.0000,1121.2845,1709.0000,2385.8549,2625.8445,2953.9441,3003.9164,2405.8935,1512.2116
2023-02-04,47,957.0000,1248.0000,1400.0000,1408.0000,1950.0000,2576.0000,2858.0724,3136.0000,3111.0000,2534.0000,1807.0000
2023-02-04,47,1330.0000,1440.0000,1472.0000,1396.0000,1811.0000,2376.0000,2584.0000,2812.0000,2797.0000,2427.0000,1802.0000
2023-02-07,47,569.0000,778.0000,1021.4799,1157.1546,1641.5317,2257.6133,2525.0000,2941.7758,2849.2493,2707.0000,2030.1329
2023-02-07,47,600.6724,786.3491,1017.7234,1144.7331,1634.0000,2274.0000,2517.0000,2955.9558,2863.0000,2669.7953,2038.1933
2023-02-09,47,784.0000,889.3638,1133.3077,1284.0000,1806.0000,2388.6679,2639.0000,2986.5685,2964.5000,3046.0000,2197.7139
2023-02-09,47,829.0000,904.9292,1136.0000,1282.3989,1802.8473,2401.1200,2628.4684,2996.2366,2962.9037,3045.5784,2180.4311
2023-02-12,47,633.0000,793.9489,1092.8078,1317.9058,1897.4689,2425.0898,2680.3309,3033.5420,3080.0153,3157.1061,2253.7534
2023-02-12,47,615.0000,781.7139,1085.6935,1316.0119,1906.4466,2462.0000,2716.6221,3050.0000,3106.7623,3180.6647,2249.2322
2023-02-14,47,611.0000,857.3631,1113.3144,1362.0817,1913.4189,2457.4389,2730.2084,3074.0158,3085.3370,3128.3994,2242.1205
2023-02-14,47,790.0000,974.2003,1177.1098,1378.2260,1867.2375,2373.5866,2586.3934,2955.8661,2955.5042,3042.0365,2217.1565
2023-02-17,47,-9999.0000,-9999.0000,-9999.0000,-9999.0000,-9999.0000,-9999.0000,-9999.0000,-9999.0000,-9999.0000,-9999.0000,-9999.0000
2023-02-27,47,-9999.0000,-9999.0000,-9999.0000,-9999.0000,-9999.0000,-9999.0000,-9999.0000,-9999.0000,-9999.0000,-9999.0000,-9999.0000
2023-02-27,47,-9999.0000,-9999.0000,-9999.0000,-9999.0000,-9999.0000,-9999.0000,-9999.0000,-9999.0000,-9999.0000,-9999.0000,-9999.0000
2023-03-09,47,1355.0000,1498.0000,1665.0000,1856.9800,2002.0000,2074.0000,2191.0000,2244.0000,2279.0000,2757.0000,2601.0000
2023-03-09,47,1019.0000,1288.0000,1533.1888,1765.0000,1963.0000,2085.0000,2216.0000,2268.0000,2324.0000,2824.0000,2649.0000
2023-03-11,47,1162.4508,1356.2891,1584.8006,1841.2950,2025.0000,2096.9074,2152.4804,2236.4875,2233.1258,2745.4257,2555.6030
2023-03-11,47,1188.0000,1377.1952,1613.0158,1852.5439,2029.3367,2096.5600,2148.3679,2229.5800,2224.7556,2741.5986,2546.0320
2023-03-16,47,628.0000,834.0000,996.1028,1221.6286,1330.6740,1412.5959,1485.8019,1610.9134,1568.6095,1836.0000,1548.2852
2023-03-16,47,666.0002,860.0632,1004.0000,1224.8130,1334.5596,1417.8867,1488.6462,1611.7333,1564.5834,1826.2385,1548.8308
2023-03-21,47,794.8457,924.3039,1146.0000,1388.8414,1532.0000,1593.8467,1644.9974,1707.3447,1723.4944,2103.0000,1810.6536
2023-03-21,47,839.0000,953.8557,1160.0000,1381.2147,1529.1909,1597.3764,1637.0484,1699.0835,1721.3654,2091.0000,1801.8999
2023-03-29,47,868.0000,1101.1289,1332.0402,1576.5843,1720.6844,1829.4203,1912.2573,2004.2566,1977.0877,2285.4448,2053.6273
2023-03-29,47,905.0000,1133.0028,1348.5574,1577.9180,1717.2050,1838.3920,1933.5459,2012.0746,2002.0000,2281.3361,2052.8989
2023-04-03,47,1364.8749,1650.8420,1995.4276,2307.0634,2506.4716,2591.0000,2669.8019,2852.5244,2770.5000,3219.0000,2946.1225
2023-04-03,47,1397.0000,1666.0466,1995.5662,2281.6233,2483.1014,2572.9858,2662.6869,2836.0000,2757.0000,3205.0651,2941.5811
2023-04-05,47,1806.0000,2179.3988,2498.9079,2771.7172,2991.0000,3044.2487,3132.7572,3400.6328,3188.0000,3533.4990,3365.8573
2023-04-05,47,1774.0000,2147.5070,2452.6691,2721.8595,2927.0000,3060.5354,3139.0000,3402.4753,3202.0000,3530.1587,3334.9320
2023-04-05,47,1873.0000,2289.9706,2624.5956,2901.6632,3131.5397,3259.4916,3347.0000,3608.7028,3364.8465,3619.7446,3419.5000
2023-04-05,47,1795.0000,2252.3617,2569.5172,2837.9259,3032.0000,3164.0000,3260.7888,3528.0000,3300.0000,3581.0000,3386.6315
2023-04-08,47,2771.0000,2732.6667,2777.0647,2746.0000,2994.5788,3166.6566,3254.0000,3356.0000,3252.0000,2588.5583,2382.6913
2023-04-08,47,1882.0000,2074.0000,2283.6399,2356.0000,2594.9269,2880.0000,3089.0000,3184.0000,3110.0000,2548.2336,2345.3933
2023-04-10,47,1313.4009,1602.0000,1914.9941,2278.0000,2349.3538,2471.0000,2584.0000,2763.1416,2873.0000,3307.0000,3148.0000
2023-04-10,47,1314.9776,1594.0000,1881.0515,2224.0000,2328.1004,2541.0000,2675.0000,2770.0000,2949.0000,3282.1235,3130.8530
2023-04-15,47,1843.0000,1870.0000,1940.0000,1976.0000,2175.0000,2370.0000,2491.0000,2544.0000,2511.0000,1680.0000,1421.0000
2023-04-18,47,943.0000,1192.3174,1416.3065,1672.6448,1846.6430,1930.1148,2035.1904,2076.1235,2097.8260,2440.0000,2237.6315
2023-04-18,47,964.0000,1208.7781,1421.0145,1649.6262,1833.7178,1932.8077,2026.0981,2066.8185,2098.8461,2424.9636,2221.5025
2023-04-23,47,-9999.0000,-9999.0000,-9999.0000,-9999.0000,-9999.0000,-9999.0000,-9999.0000,-9999.0000,-9999.0000,-9999.0000,-9999.0000
2023-04-23,47,-9999.0000,-9999.0000,-9999.0000,-9999.0000,-9999.0000,-9999.0000,-9999.0000,-9999.0000,-9999.0000,-9999.0000,-9999.0000
2023-04-30,47,-9999.0000,-9999.0000,-9999.0000,-9999.0000,-9999.0000,-9999.0000,-9999.0000,-9999.0000,-9999.0000,-9999.0000,-9999.0000
2023-04-30,47,-9999.0000,-9999.0000,-9999.0000,-9999.0000,-9999.0000,-9999.0000,-9999.0000,-9999.0000,-9999.0000,-9999.0000,-9999.0000
2023-05-05,47,1006.0000,1272.8628,1509.0432,1786.4666,1973.0000,2066.7513,2196.0745,2227.8899,2258.9790,2648.3393,2395.2797
2023-05-05,47,1005.0000,1252.0000,1484.9563,1729.8490,1916.7355,2043.8781,2170.9594,2210.7807,2235.7771,2605.7800,2379.0607
2023-05-13,47,-9999.0000,-9999.0000,-9999.0000,-9999.0000,-9999.0000,-9999.0000,-9999.0000,-9999.0000,-9999.0000,-9999.0000,-9999.0000
2023-05-13,47,-9999.0000,-9999.0000,-9999.0000,-9999.0000,-9999.0000,-9999.0000,-9999.0000,-9999.0000,-9999.0000,-9999.0000,-9999.0000
2023-05-15,47,930.0000,1148.4214,1361.4471,1547.8832,1770.4585,1962.8562,2099.7333,2121.9014,2148.6885,2276.9145,1875.4980
2023-05-15,47,951.0000,1157.4431,1368.6101,1547.4877,1770.3009,1961.8945,2089.4420,2106.9952,2155.6680,2269.9601,1875.3881
2023-05-18,47,-9999.0000,-9999.0000,-9999.0000,-9999.0000,-9999.0000,-9999.0000,-9999.0000,-9999.0000,-9999.0000,-9999.0000,-9999.0000
2023-05-18,47,-9999.0000,-9999.0000,-9999.0000,-9999.0000,-9999.0000,-9999.0000,-9999.0000,-9999.0000,-9999.0000,-9999.0000,-9999.0000
2023-05-23,47,1911.0000,2328.6658,2775.1622,3015.6108,3348.9651,3592.0000,3705.1463,3739.3000,3826.4869,4037.8255,3604.8759
2023-05-23,47,1905.9086,2264.0700,2709.7997,2933.3349,3320.8573,3605.4524,3729.6538,3752.9401,3821.1320,4005.8357,3610.2055
2023-05-25,47,2178.0000,2662.0348,3109.4204,3369.0927,3799.5121,4113.7232,4303.0000,4280.0000,4351.0000,4438.2642,4119.3443
2023-05-25,47,1974.0000,2437.6907,2873.5170,3109.0873,3514.1792,3868.0677,4087.0000,4096.0000,4161.7374,4344.2771,4058.0881
2023-05-28,47,-9999.0000,-9999.0000,-9999.0000,-9999.0000,-9999.0000,-9999.0000,-9999.0000,-9999.0000,-9999.0000,-9999.0000,-9999.0000
2023-05-28,47,-9999.0000,-9999.0000,-9999.0000,-9999.0000,-9999.0000,-9999.0000,-9999.0000,-9999.0000,-9999.0000,-9999.0000,-9999.0000
2023-05-30,47,2382.0000,2821.5020,3274.3994,3383.2015,3836.5307,4605.4693,4815.0000,4852.0000,4870.5326,4185.5111,3573.2294
2023-05-30,47,2380.9961,2764.0729,3225.5182,3320.7734,3813.6139,4541.6199,4753.0000,4756.0000,4816.0000,4150.2502,3576.8631
2023-06-02,47,1611.0000,2004.8396,2499.7628,2680.8134,3157.9741,3886.4347,4100.0000,4028.3391,4208.0000,3910.5161,3302.1142
2023-06-02,47,1592.0000,1958.1780,2442.4087,2596.5373,3076.7231,3822.0000,4048.6228,3968.0000,4140.6503,3877.2396,3303.1274
2023-06-04,47,1710.0000,2149.4188,2632.7722,2727.9030,3388.0466,4185.8405,4498.9252,4406.2547,4582.4947,4137.0000,3473.0045
2023-06-04,47,1751.0000,2151.1089,2614.4481,2692.8707,3356.8810,4156.1378,4493.4681,4355.3657,4533.2743,3989.0000,3353.2856
2023-06-07,47,716.0000,1011.3010,1379.7402,1402.5779,1865.1987,2505.9618,2736.0000,2790.7588,2818.1122,2537.7542,1985.3144
2023-06-07,47,812.0000,1048.9197,1361.9532,1378.7926,1838.0000,2468.0000,2696.0187,2730.6645,2773.0493,2490.0000,1980.4524
2023-06-09,47,1485.0000,1723.1597,2219.6488,2246.0000,2820.7820,3788.0938,4044.0000,4080.0000,4231.0000,3916.4856,3175.1974
2023-06-09,47,1487.0000,1666.9789,2105.8876,2141.7673,2765.8387,3718.0000,3971.0000,3936.0000,4145.4848,3863.3392,3159.2534
2023-06-12,47,1251.0000,1580.6374,2075.7093,2066.4724,2659.3583,3727.0000,3998.0000,4001.8584,4095.0000,3421.1661,2724.0000
2023-06-12,47,1249.9957,1547.3333,2019.6549,2006.9247,2588.8404,3604.7691,3870.4421,3888.0000,3981.0000,3379.4205,2711.5239
2023-06-14,47,1270.0000,1428.0000,1814.0000,1680.0000,2238.0000,3362.0000,3763.0000,3776.0000,3850.0000,2923.0000,2159.0000
2023-06-14,47,1254.0000,1356.0000,1786.0000,1614.0000,2211.0000,3360.0000,3755.0000,3852.0000,3827.0000,2934.0000,2128.0000
2023-06-17,47,877.0000,1168.5010,1565.5409,1530.8265,2058.0000,3287.0000,3693.4844,3797.0944,3838.1414,3030.0000,2385.5677
2023-06-17,47,921.0454,1188.0000,1563.7269,1523.3903,2025.0000,3202.4724,3605.1739,3708.0000,3733.0000,2999.0000,2361.8235
2023-06-19,47,962.3198,1178.4884,1648.7374,1577.3197,2170.7152,3703.0000,4100.6724,4092.0000,4269.5338,3227.0000,2373.1873
2023-06-19,47,1043.0000,1180.1010,1579.1186,1522.2613,2088.4950,3482.0762,3866.9864,3828.0000,4044.8434,3146.0000,2340.9631
2023-06-22,47,-9999.0000,-9999.0000,-9999.0000,-9999.0000,-9999.0000,-9999.0000,-9999.0000,-9999.0000,-9999.0000,-9999.0000,-9999.0000
2023-06-24,47,771.0000,984.8230,1312.0000,1235.4521,1739.6048,3277.7611,3992.5123,3988.0000,4104.1841,2854.5170,2027.2772
2023-06-24,47,783.0000,1000.2678,1323.1503,1228.6899,1721.4273,3270.0603,3973.4584,3988.0000,4089.0000,2852.9002,2034.9276
2023-06-27,47,567.0000,764.2795,1107.3316,988.5316,1520.7314,3407.0000,4336.0000,4380.5802,4488.7085,2685.4680,1789.0000
2023-06-27,47,597.0000,795.0199,1122.9745,979.3341,1545.4992,3390.2745,4307.0000,4352.0000,4465.0107,2661.5625,1786.1159
2023-06-29,47,382.0000,429.0072,765.1092,604.4633,1106.7757,3097.5079,3781.0000,3836.0000,3888.0000,2182.0000,1306.4059
2023-06-29,47,511.0000,549.0689,837.7814,673.2052,1131.0000,2978.3066,3606.0000,3644.0000,3733.0069,2145.4765,1284.0000
2023-07-02,47,82.0000,158.2212,433.5471,277.0705,717.4795,2562.0000,3314.0000,3196.0000,3435.7504,1617.0000,853.3606
2023-07-02,47,429.0000,424.3844,612.0000,438.5455,822.6169,2381.3078,3054.0000,2952.0000,3178.8537,1589.4494,853.3114
2023-07-04,47,198.0000,309.3591,552.7829,365.3405,826.0000,2757.9159,3738.4749,3672.0000,3794.1933,1868.8536,1054.0000
2023-07-04,47,345.0000,424.7514,628.2130,449.1208,869.5093,2662.3384,3576.4259,3536.0000,3662.0000,1838.0000,1042.0830
2023-07-07,47,343.0000,446.1067,648.7726,497.2327,893.1209,2646.5000,3663.0000,3705.9989,3800.0000,1842.9886,1113.7822
2023-07-07,47,400.0000,493.3204,680.4763,520.8309,902.0000,2617.2388,3621.8655,3660.0000,3754.3902,1813.2924,1102.0000
2023-07-09,47,413.0000,429.4720,698.0959,531.8438,978.3602,3061.7023,4073.0000,4040.0000,4219.0000,2065.1016,1190.4995
2023-07-09,47,509.0000,529.5034,756.9733,601.6667,1018.7544,2976.6185,3923.0000,3884.0000,4082.4760,2054.0000,1197.1873
2023-07-12,47,-9999.0000,-9999.0000,-9999.0000,-9999.0000,-9999.0000,-9999.0000,-9999.0000,-9999.0000,-9999.0000,-9999.0000,-9999.0000
2023-07-14,47,393.0000,528.5000,764.8347,594.6959,1032.3818,2940.7185,4138.0000,4180.0000,4285.0000,2049.2409,1219.0000
2023-07-14,47,504.0000,600.5889,817.0026,632.6343,1045.2808,2857.9865,4021.0000,4060.0000,4162.5175,2019.0461,1212.8645
2023-07-17,47,251.0000,377.4507,613.8891,460.8594,892.6731,2730.1157,3902.0000,3885.3871,4044.4654,1808.8636,1069.1282
2023-07-17,47,410.0000,492.2373,688.5290,525.4786,920.6683,2658.0000,3741.7120,3736.0000,3909.4307,1799.0000,1052.3279
2023-07-19,47,-9999.0000,-9999.0000,-9999.0000,-9999.0000,-9999.0000,-9999.0000,-9999.0000,-9999.0000,-9999.0000,-9999.0000,-9999.0000
2023-07-22,47,-9999.0000,-9999.0000,-9999.0000,-9999.0000,-9999.0000,-9999.0000,-9999.0000,-9999.0000,-9999.0000,-9999.0000,-9999.0000
2023-07-22,47,-9999.0000,-9999.0000,-9999.0000,-9999.0000,-9999.0000,-9999.0000,-9999.0000,-9999.0000,-9999.0000,-9999.0000,-9999.0000
2023-07-27,47,169.0000,262.3356,465.2718,293.8619,681.7073,2452.6669,3380.0000,3432.4368,3508.9910,1453.2769,745.3005
2023-07-27,47,218.0000,296.4655,488.3720,305.3488,693.2123,2445.9502,3368.5012,3432.0000,3517.6384,1452.5769,748.8256
2023-07-29,47,296.0000,308.6471,597.1469,398.0727,880.3260,3001.4548,3973.0079,3904.0000,4163.0000,1872.5690,973.2862
2023-07-29,47,342.0000,341.3200,609.3387,409.8894,888.7683,2985.0827,3954.4712,3892.0000,4120.9075,1875.0000,978.2084
2023-08-03,47,-9999.0000,-9999.0000,-9999.0000,-9999.0000,-9999.0000,-9999.0000,-9999.0000,-9999.0000,-9999.0000,-9999.0000,-9999.0000
2023-08-06,47,205.0000,290.8478,456.3752,285.5822,646.0000,2353.6962,3309.0000,3300.1422,3444.9350,1445.3923,722.0000
2023-08-06,47,244.0000,316.1570,468.5702,292.2266,654.2143,2353.8291,3305.2836,3292.0000,3442.3279,1446.5505,722.2371
2023-08-08,47,355.0000,337.7637,561.0080,361.6867,817.4120,2893.3746,3862.0007,3908.0000,4051.0000,1809.3599,914.2907
2023-08-08,47,383.0000,360.9252,580.6138,377.3438,817.5373,2893.7683,3846.0000,3892.0000,4041.3551,1813.1600,913.8509
2023-08-11,47,-9999.0000,-9999.0000,-9999.0000,-9999.0000,-9999.0000,-9999.0000,-9999.0000,-9999.0000,-9999.0000,-9999.0000,-9999.0000
2023-08-11,47,-9999.0000,-9999.0000,-9999.0000,-9999.0000,-9999.0000,-9999.0000,-9999.0000,-9999.0000,-9999.0000,-9999.0000,-9999.0000
2023-08-13,47,307.0000,405.6144,620.5303,425.1977,889.0463,2750.6332,3833.7661,3800.0000,4009.1823,1917.8429,1033.0000
2023-08-13,47,434.0000,500.6134,681.1994,472.7608,905.0418,2683.0000,3713.1882,3672.0000,3881.6390,1893.9875,1029.1670
2023-08-16,47,408.0000,505.3178,697.6411,509.0564,925.6419,2509.2394,3451.0000,3397.5170,3646.0000,1817.4851,1032.5080
2023-08-16,47,463.0000,540.1301,721.3508,517.1409,918.5461,2500.7229,3440.9874,3388.0000,3630.2359,1812.1697,1036.9718
2023-08-18,47,424.0000,513.0202,785.8424,593.5028,1093.4340,2973.4057,3810.0000,3716.0000,4079.0000,2137.4923,1178.6873
2023-08-18,47,540.0000,569.3008,813.0800,622.2011,1104.0716,2913.7500,3700.0000,3648.0000,3968.0000,2118.1231,1181.0340
2023-08-21,47,385.0000,473.2249,725.7301,601.1302,1048.6838,2456.5224,3132.0000,3144.8606,3389.7624,1959.0000,1141.6413
2023-08-21,47,449.0000,512.7135,749.6926,613.4517,1060.0000,2448.8504,3126.0000,3124.0000,3357.7303,1957.2254,1138.4728
2023-08-23,47,474.0000,645.4148,928.5110,793.0960,1312.8771,2623.0000,3328.4807,3364.0000,3553.4138,2258.4459,1413.0000
2023-08-23,47,602.0000,726.0800,956.9164,817.1776,1295.0000,2534.5383,3214.0000,3240.0000,3440.0013,2229.4042,1405.6215
2023-08-26,47,428.0000,577.7207,817.2183,748.7897,1213.1856,2273.4297,2795.0000,2866.0917,3072.3159,2052.3735,1301.1595
2023-08-26,47,507.0000,624.9509,841.3251,764.9978,1217.3971,2252.7351,2787.0000,2833.2306,3040.3619,2029.0000,1297.0000
2023-08-31,47,331.0000,384.9307,498.3333,436.8818,688.0000,1209.0000,1393.2400,1382.5862,1528.0000,1004.0000,537.0000
2023-08-31,47,521.0000,540.2060,644.0000,538.0000,794.2320,1376.7983,1585.0000,1670.8077,1701.0000,1131.3844,601.0743
2023-09-02,47,356.0000,494.3308,694.5418,702.0000,1134.0000,1844.7222,2186.0514,2243.4454,2393.1889,1926.0000,1221.0000
2023-09-02,47,437.0000,550.2770,726.2909,718.3089,1136.4345,1850.2987,2187.0000,2228.5161,2378.8603,1917.0000,1214.0000
2023-09-05,47,274.0000,424.3942,597.2132,664.8464,996.2166,1515.0786,1771.0000,1898.8807,1996.6749,1784.3716,1216.4583
2023-09-05,47,341.0000,468.4695,625.2493,677.3795,1002.0000,1521.7392,1803.5813,1915.3969,2001.5114,1776.4475,1223.0000
2023-09-07,47,397.0000,512.5680,757.5365,917.2072,1305.0000,1870.5738,2093.1709,2268.0787,2378.7463,2258.7307,1494.6364
2023-09-07,47,452.0000,544.2629,777.1649,917.0268,1301.0905,1867.7411,2100.6710,2258.3650,2378.5812,2250.2737,1501.8234
2023-09-10,47,343.0000,470.1679,701.3839,873.7752,1233.5791,1713.8355,1946.1516,2075.0007,2210.6763,2130.9254,1409.1032
2023-09-10,47,421.0000,525.4904,733.1791,881.0866,1226.1173,1716.1163,1945.5100,2083.3859,2217.9164,2125.2962,1406.0092
2023-09-12,47,-9999.0000,-9999.0000,-9999.0000,-9999.0000,-9999.0000,-9999.0000,-9999.0000,-9999.0000,-9999.0000,-9999.0000,-9999.0000
2023-09-17,47,1407.0000,1706.0000,2160.0000,2670.0000,3280.0000,3828.0000,4172.0000,4328.0000,4769.0000,5248.0000,3868.0000
2023-09-25,47,432.0000,816.0000,1152.0000,1462.0000,1722.0000,2244.0000,2467.0000,2601.9910,2787.0000,3159.0000,2473.0000
2023-09-25,47,483.0000,861.0000,1100.0000,1422.0000,1695.0000,2251.2109,2501.1812,2611.1774,2791.0000,2985.0000,2396.0000
2023-09-27,47,658.0000,954.0000,1276.0000,1560.5552,1900.0000,2404.0000,2585.0000,2731.9282,2913.0000,3252.8793,2539.7653
2023-09-27,47,742.0000,1004.0000,1288.0000,1554.1209,1807.0000,2378.2584,2579.0000,2697.0000,2907.8328,3129.0000,2426.7329
2023-09-30,47,-9999.0000,-9999.0000,-9999.0000,-9999.0000,-9999.0000,-9999.0000,-9999.0000,-9999.0000,-9999.0000,-9999.0000,-9999.0000
2023-09-30,47,-9999.0000,-9999.0000,-9999.0000,-9999.0000,-9999.0000,-9999.0000,-9999.0000,-9999.0000,-9999.0000,-9999.0000,-9999.0000
2023-10-02,47,584.0000,986.0000,1254.0000,1656.0196,1965.0000,2172.0000,2452.3405,2541.2582,2724.6515,3594.0000,2951.1870
2023-10-02,47,698.0000,1053.6321,1261.1097,1619.5909,1895.0000,2194.3526,2421.0503,2498.0000,2676.0000,3447.6915,2893.0000
2023-10-07,47,752.5469,1060.7469,1361.4909,1740.2711,1923.1991,2231.0000,2447.0000,2384.0000,2726.0000,3130.0000,2820.9783
2023-10-07,47,817.0000,1080.9711,1365.3377,1721.7960,1922.0471,2233.0000,2518.0000,2374.0000,2757.0000,3117.7048,2828.1253
2023-10-12,47,-9999.0000,-9999.0000,-9999.0000,-9999.0000,-9999.0000,-9999.0000,-9999.0000,-9999.0000,-9999.0000,-9999.0000,-9999.0000
2023-10-17,47,1049.0000,1296.4136,1588.0000,1954.4892,2117.6815,2158.0000,2244.7411,2425.7759,2404.5323,3123.5420,2876.0324
2023-10-17,47,1064.4839,1309.4447,1595.0852,1955.4361,2114.9946,2156.5118,2240.1262,2417.6651,2402.7710,3125.4258,2869.6091
2023-10-22,47,604.0000,869.6530,1021.5809,1288.8170,1452.7862,1473.6560,1561.8974,1643.3050,1673.4730,2116.4474,1785.0000
2023-10-22,47,626.0000,881.1181,1024.9148,1292.8539,1454.0000,1465.8077,1565.2191,1635.1373,1675.5527,2118.0746,1781.6290
2023-10-27,47,659.0000,849.1763,1068.9647,1344.7601,1518.0551,1549.6998,1616.0215,1643.0916,1744.9490,2097.0980,1644.0000
2023-10-27,47,694.0000,866.0347,1077.0107,1346.9316,1521.2711,1549.5416,1622.5128,1643.6915,1742.0087,2093.0746,1642.4505
2023-11-04,47,660.0000,982.4022,1189.1426,1475.6320,1641.9108,1680.8597,1761.9787,1866.6097,1878.0000,2137.2270,1842.0000
2023-11-04,47,718.0000,1017.0437,1224.2661,1482.8417,1646.4059,1676.0000,1763.0000,1858.3749,1873.0552,2135.0000,1836.4619
2023-11-11,47,775.0000,1089.0440,1272.8633,1563.2254,1754.4996,1802.9817,1872.0000,1994.2394,1983.0000,2300.7232,1905.2534
2023-11-11,47,797.0000,1100.6547,1281.9467,1562.4197,1753.7906,1802.0000,1882.0000,1995.3352,1980.0000,2300.0000,1914.8839
2023-11-19,47,902.0000,982.0000,1100.8364,1186.0000,1361.5862,1461.0981,1533.0243,1533.5837,1633.0000,1647.0000,1350.0000
2023-11-19,47,830.4914,924.0000,1048.9316,1144.8981,1325.9192,1402.0000,1481.7759,1481.9639,1589.9453,1619.0000,1337.6899
2023-11-24,47,-9999.0000,-9999.0000,-9999.0000,-9999.0000,-9999.0000,-9999.0000,-9999.0000,-9999.0000,-9999.0000,-9999.0000,-9999.0000
2023-11-26,47,770.0000,977.0898,1196.8991,1457.0021,1568.3452,1602.9555,1654.1464,1811.3152,1759.0000,2340.8384,2182.6343
2023-11-26,47,819.0000,997.6022,1206.0000,1453.6571,1565.5509,1602.4799,1650.5330,1802.9616,1753.4464,2332.4639,2180.8037
2023-11-29,47,461.0000,658.3317,814.0000,1033.0708,1134.2171,1168.3826,1221.9428,1346.7600,1313.7777,1764.9473,1528.0277
2023-11-29,47,513.0000,694.7410,852.0000,1048.0000,1138.5862,1170.2901,1225.5811,1347.0140,1313.5378,1762.5568,1531.0000
2023-12-09,47,569.0000,742.0000,888.3997,1088.8177,1233.0294,1258.0000,1307.8581,1362.5313,1390.0000,1586.3732,1197.5849
2023-12-09,47,626.0000,772.8457,896.5134,1086.0000,1230.1179,1249.7083,1298.9849,1355.4918,1381.3608,1564.6404,1189.6714
2023-12-14,47,-9999.0000,-9999.0000,-9999.0000,-9999.0000,-9999.0000,-9999.0000,-9999.0000,-9999.0000,-9999.0000,-9999.0000,-9999.0000
2023-12-14,47,-9999.0000,-9999.0000,-9999.0000,-9999.0000,-9999.0000,-9999.0000,-9999.0000,-9999.0000,-9999.0000,-9999.0000,-9999.0000
2023-12-16,47,628.6552,797.2850,968.9418,1205.0728,1323.0000,1364.6952,1418.1837,1539.1187,1513.6144,1810.5605,1476.5260
2023-12-16,47,674.9999,829.3246,984.9186,1212.8766,1337.5716,1374.0000,1429.3920,1549.3272,1513.8921,1813.0454,1481.5139
2023-12-19,47,471.0000,669.0388,821.0215,1017.8470,1152.9008,1174.6937,1228.8436,1332.7388,1305.1929,1564.7619,1228.2906
2023-12-19,47,525.0000,697.1221,833.8513,1025.4793,1150.0000,1172.3350,1229.2732,1331.8234,1315.4768,1564.0000,1228.0000
2023-12-24,47,-9999.0000,-9999.0000,-9999.0000,-9999.0000,-9999.0000,-9999.0000,-9999.0000,-9999.0000,-9999.0000,-9999.0000,-9999.0000
2023-12-24,47,1689.0000,1816.0000,1840.0000,1882.0000,2090.0000,2097.0000,2142.5026,2230.0000,2185.7059,2139.0000,1874.0000
2024-01-05,47,-9999.0000,-9999.0000,-9999.0000,-9999.0000,-9999.0000,-9999.0000,-9999.0000,-9999.0000,-9999.0000,-9999.0000,-9999.0000
2024-01-08,47,-9999.0000,-9999.0000,-9999.0000,-9999.0000,-9999.0000,-9999.0000,-9999.0000,-9999.0000,-9999.0000,-9999.0000,-9999.0000
2024-01-08,47,-9999.0000,-9999.0000,-9999.0000,-9999.0000,-9999.0000,-9999.0000,-9999.0000,-9999.0000,-9999.0000,-9999.0000,-9999.0000
2024-01-13,47,554.0000,814.0000,968.3565,1120.7511,1329.0000,1496.5800,1569.0000,1709.3750,1656.0152,1638.1193,1334.0778
2024-01-13,47,652.0000,876.3444,1002.0000,1130.0000,1325.2111,1489.0000,1560.0000,1697.0181,1652.6302,1623.0000,1326.6044
2024-01-15,47,-9999.0000,-9999.0000,-9999.0000,-9999.0000,-9999.0000,-9999.0000,-9999.0000,-9999.0000,-9999.0000,-9999.0000,-9999.0000
2024-01-20,47,556.0000,828.0000,981.7120,1185.0724,1388.6764,1576.6809,1662.0000,1900.4135,1772.9022,1784.5613,1356.1336
2024-01-20,47,602.5215,866.2950,1024.8617,1200.9156,1389.0000,1577.9519,1665.0000,1900.8352,1765.4329,1779.0000,1356.7598
2024-01-23,47,514.0000,766.1204,920.5792,1050.0000,1256.5167,1423.0000,1490.6852,1609.1370,1582.0000,1502.0000,1186.4350
2024-01-23,47,581.0000,802.2995,940.3168,1065.1019,1258.4985,1420.8778,1488.8856,1605.4297,1578.3327,1501.0000,1188.0000
2024-01-25,47,647.0000,802.3134,1038.0000,1188.0000,1436.0000,1628.2801,1679.0000,1753.1979,1774.1933,1742.3059,1224.0000
2024-01-25,47,810.0000,933.0000,1108.0000,1210.0000,1428.0979,1614.4519,1665.0000,1736.6968,1758.0658,1722.0000,1202.5888
2024-01-28,47,540.0000,686.4830,854.0891,990.1660,1211.0000,1372.8138,1438.3111,1557.7028,1526.8822,1652.3359,1262.5322
2024-01-28,47,595.0000,720.0000,872.0000,988.7879,1210.8702,1370.3934,1432.0000,1549.4468,1516.0000,1649.2059,1261.0000
2024-01-30,47,526.0000,788.1065,934.4636,1106.0000,1324.4973,1488.0000,1574.0000,1725.3152,1649.4779,1832.5601,1474.6213
2024-01-30,47,621.0000,840.2751,960.3757,1116.0000,1324.4023,1478.3088,1558.0000,1708.5781,1649.4580,1814.5128,1466.7553
2024-02-02,47,259.0000,435.0000,496.5157,562.4857,670.0000,741.0000,778.0000,802.5336,810.0000,787.0000,657.0000
2024-02-02,47,321.0000,478.0000,522.0000,574.0000,684.0000,746.0000,776.0000,806.1970,808.6482,785.0000,657.0000
2024-02-04,47,372.9926,577.5423,874.4455,1165.4005,1420.3059,1547.0000,1598.8095,1697.8420,1702.4545,2080.0000,1774.1166
2024-02-04,47,418.2866,640.7727,909.1102,1180.5993,1425.1178,1541.0000,1596.5635,1697.7801,1693.5000,2078.0000,1769.4000
2024-02-14,47,866.0000,1008.2934,1253.0791,1404.6011,1697.9587,1897.6995,1973.5813,2061.1787,2090.2759,2259.9686,1750.7137
2024-02-14,47,930.5206,1042.0000,1266.0000,1405.7417,1696.0000,1889.9537,1972.4756,2049.0986,2083.0000,2243.3200,1738.2760
2024-02-17,47,-9999.0000,-9999.0000,-9999.0000,-9999.0000,-9999.0000,-9999.0000,-9999.0000,-9999.0000,-9999.0000,-9999.0000,-9999.0000
2024-02-17,47,-9999.0000,-9999.0000,-9999.0000,-9999.0000,-9999.0000,-9999.0000,-9999.0000,-9999.0000,-9999.0000,-9999.0000,-9999.0000
2024-02-19,47,651.0000,946.0147,1232.6885,1368.3353,1733.2575,1932.0000,2049.0000,2125.2058,2155.0000,2340.0000,1862.0157
2024-02-19,47,699.0000,972.8761,1240.8091,1372.8317,1729.0000,1933.0218,2040.7457,2116.6287,2142.0731,2333.0000,1856.6335
2024-03-05,47,684.0000,864.4765,1233.2038,1233.3325,1741.0786,2292.1511,2388.0000,2468.7005,2520.0000,2240.4716,1556.0000
2024-03-05,47,661.0000,857.0723,1261.4885,1244.5538,1770.1699,2331.0000,2425.0628,2504.0000,2566.4973,2256.0000,1557.7366
2024-03-13,47,531.0000,838.0000,1186.0000,1138.0000,1626.0000,2187.0000,2371.0000,2341.0000,2481.0000,2178.0000,1667.0000
2024-03-13,47,688.0000,936.0000,1196.0000,1144.0000,1575.0000,2010.0000,2168.0000,2222.0000,2292.0000,2065.0000,1596.0000
2024-03-20,47,430.0000,697.6391,1082.0000,948.4757,1613.7830,2554.9724,2773.0000,2880.0000,2851.0000,2210.0000,1464.2242
2024-03-20,47,638.0000,830.4444,1136.0000,993.0642,1561.3654,2413.2969,2629.7460,2728.5496,2705.7880,2146.1367,1467.0000
2024-03-23,47,1186.0000,1269.0587,1500.8461,1333.6370,1905.6340,2693.6198,2881.5144,2942.0413,2921.0695,2084.5664,1585.9237
2024-03-23,47,1180.0000,1307.6984,1616.0000,1409.1454,2036.9349,2965.0536,3155.4635,3264.5604,3172.0626,2141.3937,1608.0000
2024-03-25,47,520.5025,686.0000,1117.1603,972.2208,1640.7250,2749.5975,2941.1141,3156.0000,3058.8359,2256.0000,1525.9594
2024-03-25,47,593.0000,713.5387,1125.1158,988.5617,1640.0058,2750.3138,2921.6669,3144.0000,3044.2862,2284.0000,1568.7020
2024-03-30,47,2291.0000,2144.0000,2426.0000,2029.1919,2781.0000,3885.6080,4173.3312,3940.0000,4048.0000,2151.0000,1477.0000
2024-04-02,47,265.0000,378.4411,629.1255,425.7692,1012.0000,2401.0000,2754.8132,2853.0544,2837.0000,1457.7926,841.3320
2024-04-02,47,294.9345,402.4288,637.5228,433.4223,1017.0000,2386.5014,2753.4933,2845.4291,2842.0442,1458.4067,833.0000
2024-04-04,47,283.0000,304.7621,617.6778,388.8123,1040.0000,2677.6259,3052.8507,3139.7728,3165.5449,1614.3325,894.0000
2024-04-04,47,390.0000,402.4845,677.6355,442.2369,1048.6066,2620.0956,2977.8491,3064.8832,3063.0000,1604.0000,889.0000
2024-04-07,47,416.0000,485.7543,772.9387,564.6337,1133.5890,2710.0000,3185.3447,3272.6277,3269.6452,1537.0158,904.6728
2024-04-07,47,599.0000,612.3360,856.5682,629.0157,1165.0236,2656.0077,3104.2431,3204.0000,3198.6702,1525.0000,905.0756
2024-04-09,47,-9999.0000,-9999.0000,-9999.0000,-9999.0000,-9999.0000,-9999.0000,-9999.0000,-9999.0000,-9999.0000,-9999.0000,-9999.0000
2024-04-12,47,199.0000,317.1983,573.1438,356.9769,903.0000,2496.0000,3204.9006,3251.5152,3314.0000,1425.1581,817.4491
2024-04-12,47,340.0000,408.7682,633.1030,409.6109,937.9802,2445.0000,3104.0000,3168.5360,3222.1257,1420.7210,827.4479
2024-04-14,47,348.0000,329.6693,625.1711,373.0217,1020.0000,2953.0000,3612.5017,3696.7167,3752.9995,1601.7257,850.9729
2024-04-14,47,447.0000,429.7882,685.0182,426.1842,1027.0000,2894.7475,3525.4135,3576.4093,3677.8554,1590.7287,848.8644
2024-04-17,47,254.0000,273.2649,548.7429,308.6017,934.9787,2782.4096,3452.0000,3593.2343,3630.1553,1406.3379,721.0000
2024-04-17,47,213.0000,229.3321,517.3341,273.8818,920.4353,2869.2399,3564.1168,3681.6765,3707.1262,1409.7585,721.6275
2024-04-27,47,-9999.0000,-9999.0000,-9999.0000,-9999.0000,-9999.0000,-9999.0000,-9999.0000,-9999.0000,-9999.0000,-9999.0000,-9999.0000
2024-04-29,47,185.0000,254.4480,521.3742,241.2167,873.2679,2924.3283,3793.0185,3977.4721,3917.5134,1469.2092,717.8994
2024-04-29,47,277.0000,334.3659,570.0000,288.7224,901.4430,2859.0045,3676.0000,3862.9386,3841.0000,1473.1491,721.8788
2024-05-04,47,-9999.0000,-9999.0000,-9999.0000,-9999.0000,-9999.0000,-9999.0000,-9999.0000,-9999.0000,-9999.0000,-9999.0000,-9999.0000
2024-05-04,47,-9999.0000,-9999.0000,-9999.0000,-9999.0000,-9999.0000,-9999.0000,-9999.0000,-9999.0000,-9999.0000,-9999.0000,-9999.0000
2024-05-14,47,-9999.0000,-9999.0000,-9999.0000,-9999.0000,-9999.0000,-9999.0000,-9999.0000,-9999.0000,-9999.0000,-9999.0000,-9999.0000
2024-05-14,47,-9999.0000,-9999.0000,-9999.0000,-9999.0000,-9999.0000,-9999.0000,-9999.0000,-9999.0000,-9999.0000,-9999.0000,-9999.0000
2024-05-17,47,0.0000,58.2494,316.2198,120.0803,676.9929,2886.0000,3976.5394,4082.3282,4204.2095,1128.6664,500.7102
2024-05-17,47,125.0000,158.3735,384.4486,178.4501,705.2183,2834.7855,3834.8402,3968.0000,4090.5150,1124.5538,500.1576
2024-05-22,47,-9999.0000,-9999.0000,-9999.0000,-9999.0000,-9999.0000,-9999.0000,-9999.0000,-9999.0000,-9999.0000,-9999.0000,-9999.0000
2024-05-22,47,-9999.0000,-9999.0000,-9999.0000,-9999.0000,-9999.0000,-9999.0000,-9999.0000,-9999.0000,-9999.0000,-9999.0000,-9999.0000
2024-05-24,47,230.0000,246.5389,524.1765,320.7691,950.0000,2740.7215,3482.0000,3596.0000,3800.0000,1409.1988,691.0000
2024-05-24,47,242.0000,266.1650,536.2581,328.6373,956.4992,2748.4573,3474.2714,3588.0000,3802.3359,1405.7946,689.8816
2024-05-27,47,-9999.0000,-9999.0000,-9999.0000,-9999.0000,-9999.0000,-9999.0000,-9999.0000,-9999.0000,-9999.0000,-9999.0000,-9999.0000
2024-06-01,47,107.0000,242.2092,516.5847,390.0000,1017.3028,2176.0000,2753.0000,2852.6295,3159.0000,1353.0000,724.6352
2024-06-01,47,298.0000,374.2547,600.2500,456.0000,1038.1890,2091.8931,2598.9783,2787.9532,2973.5748,1333.0072,718.5055
2024-06-03,47,-9999.0000,-9999.0000,-9999.0000,-9999.0000,-9999.0000,-9999.0000,-9999.0000,-9999.0000,-9999.0000,-9999.0000,-9999.0000
2024-06-06,47,383.0000,470.4718,758.3141,749.8326,1318.0000,2240.0000,2606.5114,2653.0205,2902.0000,1740.7998,1086.0057
2024-06-06,47,483.0000,528.5750,776.5905,753.5407,1282.7861,2092.0000,2410.0000,2577.2258,2752.0000,1720.9977,1064.0000
2024-06-16,47,291.0000,354.0000,666.0000,793.6784,1203.0000,1881.0000,2163.0000,2170.4455,2448.0000,1938.0000,1142.0469
2024-06-16,47,364.0000,431.0000,716.0000,820.5065,1218.0000,1866.0000,2121.8515,2167.7598,2471.0000,1932.5435,1142.0555
2024-06-18,47,500.0000,626.0000,874.0000,1049.2442,1446.0000,2172.0000,2444.9945,2516.6716,2798.0000,2332.5312,1493.0000
2024-06-18,47,505.0000,622.7083,890.0000,1049.1436,1429.9594,2154.0000,2469.6988,2496.6667,2740.0000,2332.8046,1493.0000
2024-06-26,47,552.0000,634.3987,891.3564,1139.5593,1629.1142,2164.7136,2514.7154,2697.0716,2905.8245,2707.4630,1594.7487
2024-06-26,47,513.7337,611.5932,882.5651,1138.9240,1644.3455,2244.3645,2581.0909,2727.3953,3020.4263,2739.3689,1589.7427
2024-06-28,47,425.0000,614.5700,862.0000,1172.3512,1583.0000,2157.0000,2518.0000,2549.9836,2816.8268,2628.5478,1673.8317
2024-06-28,47,565.0000,734.6350,928.0000,1160.8533,1556.0000,2142.9207,2428.4482,2483.9406,2726.0000,2581.1954,1658.2737
2024-07-06,47,760.0000,916.0838,1249.1372,1427.3523,2057.0000,2632.7560,2986.5106,3077.2897,3399.4463,3350.9854,2055.0000
2024-07-06,47,765.0000,933.1244,1264.2712,1436.0804,2095.0000,2730.5845,3056.0000,3125.0620,3470.0000,3361.0000,2058.0000
2024-07-08,47,623.0000,970.1529,1337.3504,1683.4012,2244.5663,2751.0000,3122.9882,3232.7295,3513.8736,3831.0000,2535.0000
2024-07-08,47,597.0000,949.1501,1353.6598,1706.1219,2273.8022,2790.0000,3172.4815,3282.7431,3562.8078,3868.0000,2530.4257
2024-07-11,47,514.0000,793.6494,1132.7811,1467.2974,1990.1349,2536.1720,2891.0078,2963.5229,3289.8297,3563.2251,2384.7076
2024-07-11,47,573.0000,825.6806,1148.9345,1452.1937,1963.5154,2518.0000,2875.9983,2932.7412,3257.1995,3554.5063,2365.5623
2024-07-13,47,718.0000,913.8826,1288.9752,1586.3299,2211.5911,2897.0000,3192.8080,3235.9006,3632.0000,3827.5000,2469.2532
2024-07-13,47,762.0000,928.8437,1292.9735,1578.5477,2171.8113,2882.0000,3170.5385,3210.3976,3599.0000,3810.1720,2460.8170
2024-07-16,47,512.0000,677.4361,1024.6264,1275.5014,1821.8153,2548.0000,2835.2484,2954.1509,3242.9822,3340.7938,2137.2144
2024-07-16,47,594.0000,728.0000,1044.9991,1258.4588,1776.5156,2507.0000,2804.9621,2897.6847,3179.7307,3274.4045,2139.0000
2024-07-18,47,634.0000,824.3778,1137.0634,1323.5887,1935.0000,2711.0000,3098.0000,3225.9169,3461.7102,3576.6046,2390.0000
2024-07-18,47,698.0000,858.0000,1144.5555,1314.8205,1875.6682,2676.0347,3049.4859,3169.2550,3400.5239,3541.0000,2381.0000
2024-07-21,47,483.0000,665.4902,994.0000,1114.2202,1704.9744,2673.1002,3056.4439,3117.2023,3393.6041,3122.6207,2021.0000
2024-07-21,47,534.0000,692.6076,1005.6711,1116.2722,1697.9585,2661.0000,3037.0000,3104.0000,3370.3010,3110.7888,2011.1723
2024-07-23,47,561.0000,586.0000,850.0000,804.5876,1266.5526,1987.0000,2190.0000,2197.8730,2404.4000,1801.9115,1097.0000
2024-07-23,47,580.0000,589.2000,844.0362,762.0319,1243.9626,1908.0181,2107.0000,2120.6254,2289.8750,1775.0000,1069.5472
2024-07-26,47,638.0000,788.3648,1085.3333,1115.2948,1689.0000,2841.2980,3188.0000,3188.3384,3479.0000,2707.2487,1702.0460
2024-07-26,47,716.0000,857.0659,1100.3881,1093.1902,1633.6629,2740.0000,3115.0000,3100.0000,3404.0000,2638.0000,1718.6450
2024-07-28,47,566.0000,692.6576,1049.4371,1024.7255,1732.6043,3067.0000,3561.5114,3586.2403,3877.0872,3060.4284,1898.0250
2024-07-28,47,672.0000,788.9931,1068.9087,1034.6614,1686.7020,2957.5672,3442.0000,3409.0602,3734.9525,2993.5005,1869.5191
2024-07-31,47,475.0000,622.6606,940.3182,889.3080,1538.0000,2816.0000,3274.6466,3256.6071,3541.0395,2546.0000,1572.0000
2024-07-31,47,596.0000,704.0000,970.2417,905.5757,1513.3029,2725.9102,3190.0000,3168.0000,3458.0000,2513.0000,1555.7211
2024-08-05,47,-9999.0000,-9999.0000,-9999.0000,-9999.0000,-9999.0000,-9999.0000,-9999.0000,-9999.0000,-9999.0000,-9999.0000,-9999.0000
2024-08-05,47,-9999.0000,-9999.0000,-9999.0000,-9999.0000,-9999.0000,-9999.0000,-9999.0000,-9999.0000,-9999.0000,-9999.0000,-9999.0000
2024-08-07,47,506.9584,656.8621,980.8265,875.3686,1622.0000,3004.7858,3474.4906,3530.9356,3786.7229,2676.0000,1609.0000
2024-08-07,47,636.0000,744.9120,1004.5038,900.0882,1578.0000,2885.0906,3378.0000,3386.5000,3634.8980,2632.0746,1602.3562
2024-08-10,47,480.0000,556.5626,834.0000,737.8537,1413.7925,2746.0000,3213.0000,3253.2081,3492.0000,2394.0000,1449.0594
2024-08-10,47,521.0000,590.0000,850.0000,750.0000,1410.7752,2743.0000,3210.0000,3228.0000,3477.5644,2386.0000,1460.0631
2024-08-12,47,560.0000,577.0060,901.5622,809.9890,1537.3632,2966.3953,3337.0000,3384.0000,3653.0000,2580.0012,1473.9881
2024-08-12,47,577.0000,600.0000,916.8661,817.0450,1521.5689,2959.0000,3333.8835,3353.5772,3638.7766,2567.0000,1509.3914
2024-08-12,47,560.0000,589.3469,917.3098,829.7159,1560.8686,3024.3242,3374.5406,3432.0000,3694.0000,2617.2224,1515.1160
2024-08-12,47,578.0000,610.0882,921.5000,826.4384,1534.1477,2977.0000,3338.0000,3386.2292,3653.0000,2586.0000,1513.0000
2024-08-15,47,442.6461,492.7714,797.2269,728.9195,1410.0000,2722.0000,3126.4557,3156.9453,3425.0000,2313.7977,1315.5589
2024-08-15,47,530.0000,560.3048,830.2500,745.4721,1402.3684,2668.8963,3057.0000,3108.0000,3353.3172,2299.2122,1322.1167
2024-08-17,47,-9999.0000,-9999.0000,-9999.0000,-9999.0000,-9999.0000,-9999.0000,-9999.0000,-9999.0000,-9999.0000,-9999.0000,-9999.0000
2024-08-17,47,-9999.0000,-9999.0000,-9999.0000,-9999.0000,-9999.0000,-9999.0000,-9999.0000,-9999.0000,-9999.0000,-9999.0000,-9999.0000
2024-08-20,47,-9999.0000,-9999.0000,-9999.0000,-9999.0000,-9999.0000,-9999.0000,-9999.0000,-9999.0000,-9999.0000,-9999.0000,-9999.0000
2024-08-20,47,-9999.0000,-9999.0000,-9999.0000,-9999.0000,-9999.0000,-9999.0000,-9999.0000,-9999.0000,-9999.0000,-9999.0000,-9999.0000
2024-08-22,47,417.0000,493.3908,869.4719,729.1234,1522.0000,3112.0000,3490.4875,3521.7187,3786.0000,2307.9797,1283.9247
2024-08-22,47,637.0000,648.0000,940.4252,784.8003,1481.9759,2929.0000,3302.4946,3352.0000,3566.0000,2259.4819,1296.0173
2024-08-25,47,420.0000,480.0000,734.8728,624.5494,1290.0146,2642.6768,3009.7636,3069.7500,3308.5094,2089.0000,1166.0000
2024-08-25,47,497.0000,528.5838,762.4038,640.3047,1293.1836,2612.3491,2986.0164,3038.0000,3272.0000,2067.1498,1155.0000
2024-08-27,47,630.0000,769.8838,1054.0000,865.3484,1613.7803,3045.9598,3557.0260,3602.5260,3846.0000,2400.2835,1418.0000
2024-08-27,47,742.0000,824.2025,1028.0000,864.8898,1521.0009,2849.5158,3347.0000,3385.7653,3614.3431,2349.1008,1394.9506
2024-08-30,47,502.0000,598.2921,804.9283,693.3950,1277.4514,2489.5857,2929.4196,2953.0986,3195.0000,2092.5162,1241.7263
2024-08-30,47,538.0000,614.0000,816.0000,692.3414,1286.0088,2506.0000,2925.6735,2964.5141,3208.9917,2089.0000,1250.8827
2024-09-04,47,372.0000,456.4321,712.2740,660.9674,1265.0431,2434.0000,2784.1176,2833.3860,3105.6659,2124.6356,1211.0000
2024-09-04,47,479.0000,528.3907,754.0000,686.2023,1266.1491,2410.0000,2769.0000,2786.6163,3061.0000,2109.4302,1202.0000
2024-09-09,47,-9999.0000,-9999.0000,-9999.0000,-9999.0000,-9999.0000,-9999.0000,-9999.0000,-9999.0000,-9999.0000,-9999.0000,-9999.0000
2024-09-09,47,-9999.0000,-9999.0000,-9999.0000,-9999.0000,-9999.0000,-9999.0000,-9999.0000,-9999.0000,-9999.0000,-9999.0000,-9999.0000
2024-09-11,47,484.0000,537.2422,812.7619,769.8712,1423.0000,2608.0000,2872.0000,2953.8377,3157.1117,2401.0000,1423.0000
2024-09-11,47,546.0000,585.3808,837.6277,770.7486,1417.0776,2559.0000,2841.0000,2908.6057,3120.9691,2394.0003,1402.4309
2024-09-16,47,1343.0000,1232.9418,1474.0000,1297.6485,2004.2820,3277.0903,3671.0000,3842.3118,3894.3545,2516.9576,1675.9368
2024-09-16,47,1337.0000,1234.0000,1469.2624,1290.4042,1979.1320,3258.1287,3641.0000,3834.4054,3882.5447,2499.8121,1669.6026
2024-09-21,47,648.0000,818.1896,1108.2823,1323.0954,1913.7990,2509.5032,2761.8126,2947.6300,3165.0323,3474.8092,2240.6860
2024-09-21,47,701.0000,853.2965,1113.6814,1314.8465,1885.1366,2468.2961,2711.0000,2900.0000,3110.0000,3427.4341,2219.4654
2024-09-24,47,484.0000,622.6505,800.0000,988.0000,1305.2526,1545.0000,1689.5413,1765.8071,1901.4562,1995.0886,1352.3028
2024-09-24,47,557.0000,664.7044,826.7411,989.5563,1302.0000,1549.0000,1699.5107,1772.8399,1901.9537,1988.6209,1345.5977
2024-09-29,47,451.0000,781.9509,1020.9566,1214.0000,1549.5472,1884.8615,2061.8459,2260.1040,2297.0000,2588.5846,2017.0000
2024-09-29,47,483.0000,805.4723,1033.1770,1216.2473,1554.1268,1898.7281,2054.4555,2259.2453,2301.9885,2584.7884,2027.5825
2024-10-11,47,469.0000,636.6203,897.4648,953.2006,1388.2940,1866.0223,1982.0000,2139.8027,2157.9174,2224.0000,1560.7166
2024-10-11,47,487.0000,641.8909,901.4692,958.4951,1393.9740,1861.8705,2010.0000,2154.4229,2177.5017,2226.0000,1562.0018
2024-10-21,47,556.0000,682.3341,944.0000,921.3014,1418.3830,2031.0000,2192.0305,2284.8289,2348.0000,2181.0000,1521.1063
2024-10-21,47,630.0000,744.1490,992.5174,952.9922,1418.0545,1998.0000,2156.0000,2242.6371,2301.2366,2156.1456,1510.2892
2024-10-26,47,-9999.0000,-9999.0000,-9999.0000,-9999.0000,-9999.0000,-9999.0000,-9999.0000,-9999.0000,-9999.0000,-9999.0000,-9999.0000
2024-10-29,47,342.0000,570.1772,811.0000,742.0000,1242.3151,1934.0000,2136.7703,2220.8892,2267.2185,1885.0000,1306.0000
2024-10-29,47,381.0000,592.2211,816.1913,742.0000,1242.3428,1933.0000,2113.0000,2202.2217,2242.0194,1876.0000,1314.6869
2024-10-31,47,395.0000,556.5000,865.8333,786.0000,1361.7949,2164.1518,2313.4254,2465.3925,2494.4400,2186.5252,1509.4630
2024-10-31,47,394.0000,556.2824,869.5096,789.6735,1361.8053,2156.8466,2329.5020,2466.0092,2479.0000,2196.8361,1505.0306
2024-11-03,47,595.0000,742.0000,1001.3936,917.0324,1476.0327,2203.0000,2396.0000,2522.8707,2537.1659,2184.6903,1546.7003
2024-11-03,47,607.0000,746.3744,1001.2808,912.9275,1470.7792,2197.3458,2387.3985,2522.4653,2562.7985,2181.0000,1529.5545
2024-11-05,47,437.0000,692.9934,953.4753,876.9042,1446.3137,2300.9889,2492.9945,2708.8692,2658.1335,2344.0000,1674.4660
2024-11-05,47,392.0000,672.7773,933.2718,874.0042,1461.2970,2300.2455,2529.7442,2747.4632,2684.1656,2354.7251,1664.4665
2024-11-08,47,427.0000,650.2387,852.3050,780.6851,1276.0000,1948.5109,2124.3283,2244.2543,2268.6882,1744.5136,1266.0000
2024-11-08,47,499.0000,692.0000,879.0000,798.4059,1284.5242,1929.4037,2109.4278,2232.5849,2252.9717,1733.2681,1262.0000
2024-11-10,47,438.0000,613.7098,929.6794,857.5153,1468.8691,2325.6328,2498.0313,2745.3551,2685.8709,2296.0000,1583.0000
2024-11-10,47,455.0000,625.1847,932.4573,861.4836,1461.0005,2317.0383,2483.4593,2746.0978,2691.0000,2289.7975,1581.3880
2024-11-13,47,411.0000,596.2673,873.1898,830.1206,1425.8880,2245.3694,2436.0759,2635.0914,2618.0000,2221.3905,1517.7278
2024-11-13,47,447.0000,629.0159,901.7304,844.9367,1424.0126,2244.1881,2406.0000,2628.2684,2603.4819,2217.9223,1505.2138
2024-11-15,47,429.0000,722.1138,977.2751,924.0000,1531.0000,2410.5031,2604.9416,2834.4794,2797.0000,2390.0000,1693.0000
2024-11-15,47,462.0000,748.6323,985.1184,929.6737,1532.0000,2398.4123,2617.7315,2828.5107,2801.8179,2384.6057,1692.6545
2024-11-18,47,745.0000,930.0000,1132.0000,1069.5089,1618.0000,2305.9865,2477.6768,2644.5013,2661.6853,2184.2844,1624.3229
2024-11-18,47,524.0000,805.0000,1045.0049,996.8638,1590.5101,2357.9812,2565.7461,2706.9113,2756.3409,2229.8052,1631.0000
2024-11-23,47,338.0000,475.0000,606.3165,718.3029,827.0000,949.9742,1003.9527,1115.0047,1075.0000,1172.3478,868.4345
2024-11-23,47,372.0000,497.0000,616.0415,722.1392,828.8494,940.7764,1011.7420,1114.4998,1083.6518,1165.7574,872.4008
2024-11-25,47,-9999.0000,-9999.0000,-9999.0000,-9999.0000,-9999.0000,-9999.0000,-9999.0000,-9999.0000,-9999.0000,-9999.0000,-9999.0000
2024-11-25,47,-9999.0000,-9999.0000,-9999.0000,-9999.0000,-9999.0000,-9999.0000,-9999.0000,-9999.0000,-9999.0000,-9999.0000,-9999.0000
2024-11-30,47,446.0000,556.1669,698.0000,834.1172,936.4075,1069.3504,1113.0000,1227.2739,1171.8911,1344.4634,1086.0000
2024-11-30,47,478.0000,576.1469,706.0000,834.1680,938.0000,1076.5083,1113.5686,1217.9729,1178.6652,1348.9883,1088.3620
2024-12-05,47,611.0000,852.7008,949.5351,1097.0365,1235.0000,1334.0086,1397.2833,1514.7826,1472.0000,1714.0000,1543.0000
2024-12-05,47,588.0000,853.1700,965.0438,1105.0162,1246.7782,1340.9397,1406.0000,1506.2660,1469.4634,1712.7427,1550.2531
2024-12-13,47,474.0000,648.9771,825.2511,988.8485,1140.8751,1221.7220,1293.3346,1339.1320,1371.2261,1626.2405,1377.0000
2024-12-13,47,632.0050,758.4775,897.2534,1017.2501,1164.4399,1246.2743,1305.5131,1354.9917,1372.1956,1612.0000,1369.3624
2024-12-13,47,551.0000,698.0000,870.4892,1028.0000,1166.0000,1282.0230,1305.7334,1396.3837,1401.3986,1661.6287,1426.0000
2024-12-13,47,686.0000,794.1322,938.0000,1060.0000,1194.9718,1308.9112,1324.7255,1402.7386,1410.8932,1661.3509,1421.3795
2024-12-15,47,436.0000,796.1399,904.0000,1050.0000,1175.0000,1240.4719,1329.5781,1411.2054,1384.6420,1674.8451,1490.5386
2024-12-15,47,662.4916,888.4218,974.5000,1086.0000,1228.7584,1301.6226,1361.5474,1435.2378,1412.8303,1654.0000,1480.9508
2024-12-18,47,-9999.0000,-9999.0000,-9999.0000,-9999.0000,-9999.0000,-9999.0000,-9999.0000,-9999.0000,-9999.0000,-9999.0000,-9999.0000
2024-12-23,47,-9999.0000,-9999.0000,-9999.0000,-9999.0000,-9999.0000,-9999.0000,-9999.0000,-9999.0000,-9999.0000,-9999.0000,-9999.0000
2024-12-25,47,396.0000,654.2254,734.2537,874.3990,988.1418,1066.2767,1122.0229,1234.7226,1186.1729,1288.0000,1046.3790
2024-12-25,47,451.0000,686.5459,756.0000,890.0000,1003.0000,1072.9887,1141.5989,1235.4183,1192.8309,1301.0000,1057.0000
2024-12-28,47,417.0000,640.3178,732.4527,848.6930,961.4306,1034.8538,1094.0000,1163.5655,1169.4501,1269.3338,1162.5224
2024-12-28,47,425.0000,638.3213,720.8379,840.8177,946.0000,1025.3937,1103.0000,1154.3652,1163.7158,1264.8976,1157.9096
2024-12-30,47,499.0000,640.3340,786.3290,950.5000,1094.6726,1166.6427,1209.6650,1283.9000,1285.0529,1518.0000,1317.0000
2024-12-30,47,568.3952,690.4812,820.1917,968.0789,1114.3916,1178.2595,1224.8103,1300.7749,1301.9712,1526.0000,1317.8211
2025-01-04,47,-9999.0000,-9999.0000,-9999.0000,-9999.0000,-9999.0000,-9999.0000,-9999.0000,-9999.0000,-9999.0000,-9999.0000,-9999.0000
2025-01-12,47,435.0000,564.3468,696.1548,826.0681,947.0000,1013.8402,1053.2279,1154.4573,1126.8485,1316.0000,1074.0000
2025-01-12,47,490.0275,596.2841,714.3746,830.3550,942.3795,1002.0000,1048.9427,1154.9260,1114.1813,1308.7239,1070.0000
2025-01-14,47,862.4107,1164.1943,1312.0000,1484.6538,1656.1383,1716.3018,1777.0000,1941.0000,1843.0000,2178.8027,2049.4119
2025-01-14,47,882.7205,1173.3161,1312.0044,1484.0000,1662.1506,1718.2504,1769.0000,1936.4970,1836.9855,2177.0000,2042.9908
2025-01-17,47,826.1993,1109.4854,1281.5802,1460.9364,1601.6419,1656.9241,1708.0000,1857.7880,1770.4447,2032.0000,2003.0000
2025-01-17,47,864.0000,1132.0296,1293.1105,1456.9434,1596.2721,1646.6768,1692.5670,1844.4093,1762.3581,2024.2767,1981.1904
2025-02-03,47,588.0000,796.2912,906.3800,1012.2000,1161.0000,1232.5696,1289.5465,1372.0000,1332.8458,1578.6972,1364.0000
2025-02-03,47,574.0000,786.2855,896.0908,1004.1643,1165.0000,1230.0000,1293.5072,1363.5656,1336.0000,1573.0000,1364.6533
2025-02-06,47,702.3820,962.2650,1141.8417,1293.1877,1442.4665,1516.7269,1568.3505,1673.5215,1626.0000,1862.7316,1794.0000
2025-02-06,47,760.0000,996.4482,1158.0000,1293.3598,1451.0000,1508.5705,1556.9919,1665.2753,1619.0000,1852.0000,1784.6625
2025-02-08,47,1037.0000,1268.6162,1549.9773,1725.5577,1949.8727,2034.4128,2042.0000,2137.5040,2129.0000,2542.1036,2261.5010
2025-02-08,47,1077.2718,1284.0000,1553.1175,1716.6967,1929.2734,2021.4042,2024.0000,2121.1730,2109.4816,2520.0264,2242.4164
2025-02-16,47,-9999.0000,-9999.0000,-9999.0000,-9999.0000,-9999.0000,-9999.0000,-9999.0000,-9999.0000,-9999.0000,-9999.0000,-9999.0000
2025-02-16,47,-9999.0000,-9999.0000,-9999.0000,-9999.0000,-9999.0000,-9999.0000,-9999.0000,-9999.0000,-9999.0000,-9999.0000,-9999.0000
2025-02-18,47,1117.0000,1336.1860,1621.3638,1891.6232,2057.0000,2184.8572,2214.0000,2429.5296,2325.3008,2776.6736,2499.0878
2025-02-18,47,1167.0000,1376.9625,1641.5034,1865.5196,2034.4132,2149.9462,2173.0612,2370.0000,2286.0202,2732.1328,2466.3792
2025-02-21,47,1059.0000,1314.0000,1612.9559,1859.5080,2017.1286,2084.0000,2110.5097,2272.3648,2224.0000,2721.6182,2434.8652
2025-02-21,47,1240.0000,1400.4112,1636.7739,1825.9574,1981.2834,2077.0300,2102.2671,2254.0000,2206.0000,2675.9981,2421.1295
2025-02-28,47,-9999.0000,-9999.0000,-9999.0000,-9999.0000,-9999.0000,-9999.0000,-9999.0000,-9999.0000,-9999.0000,-9999.0000,-9999.0000
2025-02-28,47,2055.0000,2034.0000,2118.0000,2182.0000,2391.0000,2525.0000,2536.0000,2696.0000,2634.0000,2449.0000,1962.0000
2025-03-03,47,1003.0000,1228.6557,1521.0329,1763.8691,1944.3978,2053.0000,2102.4759,2264.6760,2200.0000,2661.5774,2363.6030
2025-03-03,47,1069.6306,1261.1718,1530.1845,1762.2493,1940.5990,2053.0450,2097.9295,2257.2085,2202.5072,2654.0085,2371.6018
2025-03-05,47,1136.0000,1493.2966,1745.8427,2004.4526,2181.2814,2268.6758,2348.2376,2512.6471,2438.0000,2974.0000,2869.9847
2025-03-05,47,1170.0000,1501.4252,1753.4773,2003.7250,2179.4724,2252.6536,2326.2594,2509.1190,2420.9668,2957.3379,2859.9226
2025-03-08,47,1361.0000,1669.6044,1917.0079,2139.2205,2337.5145,2444.0000,2535.0000,2636.0000,2585.0000,2857.0243,2708.7911
2025-03-08,47,1345.5720,1700.4554,1980.0374,2210.0154,2402.3953,2508.3614,2605.9546,2700.0000,2668.4482,2921.0285,2747.2056
2025-03-10,47,-9999.0000,-9999.0000,-9999.0000,-9999.0000,-9999.0000,-9999.0000,-9999.0000,-9999.0000,-9999.0000,-9999.0000,-9999.0000
2025-03-10,47,-9999.0000,-9999.0000,-9999.0000,-9999.0000,-9999.0000,-9999.0000,-9999.0000,-9999.0000,-9999.0000,-9999.0000,-9999.0000
2025-03-18,47,836.0000,1165.9638,1422.0000,1650.2433,1808.6071,1940.0000,2019.0000,2204.8602,2109.1234,2381.5098,2211.7567
2025-03-18,47,917.4660,1189.2144,1428.0000,1641.6728,1785.5573,1926.0000,2004.5626,2193.0161,2089.0000,2360.4202,2201.8859
2025-03-20,47,1307.0000,1595.0559,1932.1851,2226.0411,2412.6023,2577.5386,2620.0146,2856.6344,2738.3244,3146.9068,2786.1925
2025-03-20,47,1310.0000,1579.1847,1891.6229,2171.2479,2340.1353,2518.3775,2577.8995,2800.0000,2678.1846,3092.5005,2748.3271
2025-03-23,47,-9999.0000,-9999.0000,-9999.0000,-9999.0000,-9999.0000,-9999.0000,-9999.0000,-9999.0000,-9999.0000,-9999.0000,-9999.0000
2025-03-23,47,-9999.0000,-9999.0000,-9999.0000,-9999.0000,-9999.0000,-9999.0000,-9999.0000,-9999.0000,-9999.0000,-9999.0000,-9999.0000
2025-03-25,47,-9999.0000,-9999.0000,-9999.0000,-9999.0000,-9999.0000,-9999.0000,-9999.0000,-9999.0000,-9999.0000,-9999.0000,-9999.0000
2025-03-30,47,-9999.0000,-9999.0000,-9999.0000,-9999.0000,-9999.0000,-9999.0000,-9999.0000,-9999.0000,-9999.0000,-9999.0000,-9999.0000
2025-03-30,47,-9999.0000,-9999.0000,-9999.0000,-9999.0000,-9999.0000,-9999.0000,-9999.0000,-9999.0000,-9999.0000,-9999.0000,-9999.0000
2025-04-01,47,2010.0000,2163.1446,2412.0000,2500.9964,2853.9950,3279.0000,3378.0000,3520.0000,3453.4087,3134.0000,2668.6058
2025-04-02,47,1132.9775,1427.3386,1794.1486,1971.6820,2244.8812,2520.0000,2579.0000,2705.8186,2688.8755,2954.2029,2583.0000
2025-04-02,47,1151.0000,1441.6538,1796.2618,1963.7705,2251.0409,2517.9035,2581.9681,2700.8738,2685.6597,2940.1871,2597.8856
2025-04-04,47,1323.0000,1779.3333,2122.0000,2363.2761,2643.9007,2920.0000,3069.4066,3200.0000,3136.3442,3385.7114,3125.6364
2025-04-04,47,1320.0000,1763.2000,2082.0000,2315.4131,2601.5012,2891.0000,3022.0000,3168.0000,3086.3363,3362.5855,3112.1742
2025-04-04,47,1175.0000,1541.0000,1882.0000,2114.0608,2371.0049,2657.3379,2753.7251,2885.5770,2850.0000,3058.8249,2692.5764
2025-04-04,47,1205.0000,1531.4292,1843.7890,2051.6358,2330.9543,2618.0000,2725.0436,2841.6003,2810.4933,3026.9527,2669.4600
2025-04-07,47,1409.0000,1779.3193,2043.7580,2134.5404,2395.0000,2718.0000,2801.9859,3171.9933,2877.4777,2855.4552,2484.6441
2025-04-11,47,1516.0000,1890.1146,2288.0000,2536.9523,2860.5999,3233.9970,3321.3617,3448.0000,3425.8449,3530.5941,3110.5365
2025-04-11,47,1469.6511,1810.6667,2193.2066,2421.1285,2739.8491,3122.0000,3223.0000,3360.0000,3324.0000,3465.1400,3082.6193
2025-04-12,47,985.0000,1383.8343,1703.2277,2023.2336,2161.0000,2550.0000,2628.0000,2753.0000,2722.8669,2837.0000,2536.1879
2025-04-12,47,1069.0000,1338.9045,1608.6073,1836.5781,1971.0126,2451.0000,2512.0000,2646.0000,2611.7857,2747.0000,2501.9592
2025-04-19,47,1176.0000,1433.6031,1723.7594,1955.7322,2192.0000,2393.5293,2448.9233,2553.7583,2572.3179,2861.8837,2483.4452
2025-04-19,47,1180.4818,1459.4905,1723.0962,1956.0501,2193.4996,2386.4711,2442.7751,2554.4669,2571.0114,2853.0859,2467.0407
2025-04-22,47,1292.0000,1668.2434,2001.7435,2235.4628,2453.4459,2657.2119,2713.6655,2765.2188,2816.8589,3059.3530,2698.8558
2025-04-22,47,1338.5340,1658.4741,1996.1409,2210.0947,2443.5956,2654.4154,2715.5280,2764.1073,2820.3223,3051.9372,2700.2949
2025-04-24,47,1864.0000,2340.0000,2666.0031,2872.0000,3204.3982,3473.1905,3688.0000,3697.1333,3747.0000,3888.4937,3573.8998
2025-04-24,47,1868.0000,2308.0000,2618.0000,2818.0142,3131.0396,3410.0000,3631.0000,3650.2821,3691.0488,3842.7570,3559.5933
2025-04-24,47,1652.0000,2136.9189,2501.8958,2756.8861,3044.9065,3242.3279,3348.6592,3371.1675,3473.8183,3658.4975,3239.6530
2025-04-24,47,1719.0000,2067.9701,2422.8651,2650.4682,2968.1232,3213.0000,3334.0000,3328.0000,3442.7133,3609.1250,3190.2981
2025-04-27,47,611.0000,897.9706,1108.9479,1285.2264,1480.3977,1682.1687,1810.6773,1827.4117,1874.3395,2005.1492,1725.2962
2025-04-27,47,698.0000,924.7798,1116.9542,1253.5917,1453.0000,1690.5263,1819.0790,1835.4885,1884.9398,1965.6055,1706.6068
2025-04-29,47,1598.0000,2075.5243,2498.5733,2805.1170,3074.7155,3333.8670,3389.0418,3530.4110,3518.6932,3795.1696,3365.2930
2025-04-29,47,1522.0000,1923.4217,2322.0845,2598.4557,2869.8852,3183.0000,3259.6543,3417.6023,3395.6673,3671.0056,3287.8602
2025-05-01,47,1619.0000,2070.0000,2468.9757,2755.3017,3048.8814,3333.6460,3421.3755,3500.0000,3534.0916,3795.0000,3414.3245
2025-05-01,47,1569.2152,1978.0000,2357.8924,2631.3720,2922.3162,3248.6638,3346.5313,3428.0000,3461.3312,3751.8521,3397.4507
2025-05-02,47,1413.0000,1811.0000,2202.8987,2436.7337,2731.6413,3066.1138,3141.6572,3203.1177,3260.5343,3469.4388,3081.6673
2025-05-02,47,1425.0000,1817.5227,2188.3325,2422.2726,2709.9181,3057.9051,3137.1026,3200.0000,3251.7775,3461.8816,3100.7071
2025-05-04,47,2163.0000,2621.0176,2900.1190,2913.6968,3297.1717,3657.5096,3836.4257,3804.0000,3817.1219,3252.0346,2921.8724
2025-05-04,47,2186.0000,2601.3564,2842.7397,2881.1944,3252.0000,3482.6011,3647.0000,3612.0000,3653.2433,3226.9530,2914.1285
2025-05-04,47,2144.0000,2452.5939,2721.1248,2796.0000,3131.8335,3461.0850,3590.4466,3549.9775,3625.5820,3140.0000,2723.8903
2025-05-04,47,1997.0000,2203.2857,2458.6667,2538.5561,2859.3106,3222.0752,3372.7412,3344.0000,3428.4517,3044.1781,2675.4543
2025-05-09,47,1029.0000,1355.4834,1666.7480,1867.1784,2188.7697,2621.3555,2684.6120,2770.5472,2828.8258,2901.3926,2416.0000
2025-05-09,47,1073.0000,1354.2127,1691.9195,1874.8285,2195.5000,2612.6275,2667.5372,2765.0224,2810.3168,2900.8595,2426.9753
2025-05-11,47,1512.0000,1981.4050,2389.1859,2663.1758,3047.6034,3468.0000,3577.5951,3644.0000,3690.6702,3799.4419,3400.3925
2025-05-11,47,1526.0000,1932.0000,2360.6992,2579.8916,2970.5125,3397.9466,3521.7564,3596.0000,3635.0000,3738.6241,3364.9326
2025-05-12,47,1483.0000,2058.0187,2469.6418,2724.8761,3049.1965,3436.0000,3517.5839,3624.3243,3637.6088,3656.7262,3178.1493
2025-05-12,47,1463.0000,1956.5286,2386.4990,2581.4675,2915.8831,3342.0000,3431.0000,3560.0000,3556.7318,3611.2129,3160.3452
