2017-01-24,49,480.0000,614.3514,824.8509,845.7121,1338.1309,1913.0000,2011.0695,2182.6316,2109.5460,1641.6363,1088.3115
2017-04-11,49,772.0725,581.8522,661.3648,381.6317,795.7532,3122.8383,4309.0453,4394.4703,4504.0192,1298.9595,610.7560
2017-04-21,49,1.0000,1.0062,218.4795,75.9581,603.7941,3147.5752,4423.0769,4743.1966,4591.0000,1235.7749,587.4713
2017-04-21,49,211.1537,149.2813,283.0350,27.7542,516.4919,3164.0298,4485.0571,4809.8437,4663.6577,1210.7538,571.1523
2017-04-24,49,-9999.0000,-9999.0000,-9999.0000,-9999.0000,-9999.0000,-9999.0000,-9999.0000,-9999.0000,-9999.0000,-9999.0000,-9999.0000
2017-05-01,49,1196.0000,1197.3105,1317.6282,1122.2209,1525.6112,3229.6629,4068.1194,4210.1214,4179.0000,1730.2824,1222.1312
2017-05-04,49,596.0000,596.2688,739.9335,459.4519,1074.5593,3368.0000,4268.0000,4435.5219,4445.0000,1368.0000,665.2757
2017-05-04,49,803.0000,771.9790,886.0000,625.0000,1176.0000,3451.0000,4297.0000,4439.5250,4464.0000,1514.0000,825.0000
2017-05-14,49,1.0000,1.0000,145.6255,51.8887,513.9419,2466.5984,3481.6554,3576.5709,3741.0944,1083.6895,523.5844
2017-05-14,49,3.5745,21.4129,157.6502,8.9951,451.0062,2483.2686,3511.2618,3624.9225,3794.0000,1067.8452,515.5834
2017-05-21,49,-9999.0000,-9999.0000,-9999.0000,-9999.0000,-9999.0000,-9999.0000,-9999.0000,-9999.0000,-9999.0000,-9999.0000,-9999.0000
2017-05-21,49,-9999.0000,-9999.0000,-9999.0000,-9999.0000,-9999.0000,-9999.0000,-9999.0000,-9999.0000,-9999.0000,-9999.0000,-9999.0000
2017-05-24,49,149.7237,153.5644,363.5998,259.0741,796.0789,2220.8278,2867.0632,3010.6266,3302.9944,1321.1406,714.1956
2017-05-24,49,387.0000,425.4628,581.3607,442.7711,923.2782,2252.5779,2850.1254,2970.6595,3251.5575,1313.9877,714.7278
2017-05-31,49,1443.0000,1309.3190,1460.8416,1257.3378,1776.7282,2956.5923,3419.1573,3523.9304,3799.4091,2076.0482,1293.0000
2017-06-03,49,218.0000,285.6335,505.5024,499.1347,989.9807,1739.1632,2081.6646,2227.7363,2499.2736,1538.9897,929.7715
2017-06-03,49,221.0000,229.7068,481.5565,499.3984,995.9614,1748.2538,2084.0000,2236.5094,2484.0614,1549.3494,914.1442
2017-06-10,49,754.0000,745.6905,969.3642,1113.7954,1532.4345,1958.5453,2199.1071,2316.1589,2550.8076,2068.5062,1388.4672
2017-06-13,49,314.8577,421.8423,605.7301,851.4260,1195.2265,1348.6565,1545.8618,1671.8568,1896.5872,1954.0000,1260.7185
2017-06-13,49,395.9759,501.5893,665.4396,874.9123,1210.5422,1419.2214,1608.2040,1719.7428,1944.5471,1947.3648,1253.6954
2017-06-20,49,154.6285,513.6353,889.1203,1354.6358,1691.0041,1828.0550,1963.9640,2107.5528,2339.8656,2764.0235,1827.1887
2017-06-20,49,622.4848,797.6576,1013.5223,1403.9994,1676.6975,1770.8282,1912.7301,2042.4054,2280.8180,2730.0096,1804.7799
2017-06-23,49,1091.9413,1314.8119,1522.9043,1819.9120,2125.4418,2280.0000,2483.8277,2683.3226,2852.5889,2890.5733,1913.6190
2017-06-23,49,1153.0000,1394.3333,1554.4288,1843.7887,2115.2699,2307.1467,2508.6560,2717.6807,2886.4927,2888.6130,1892.3086
2017-07-03,49,448.0000,625.7108,819.7939,1123.6525,1380.2029,1502.5142,1644.5178,1783.0263,1924.7815,2537.9309,1604.2184
2017-07-03,49,401.8460,589.2442,805.2897,1115.3233,1381.4563,1532.4872,1672.5946,1814.9865,1957.7194,2518.0000,1602.4831
2017-07-08,49,530.0000,709.2054,909.2132,1122.7970,1417.4061,1802.0000,2012.5374,2078.0000,2277.3956,2594.6699,1783.0000
2017-07-10,49,305.4446,858.2799,1427.0038,2088.3403,2594.0000,2870.0000,3068.9340,3260.6369,3585.9282,4312.0000,2737.0476
2017-07-10,49,625.0103,1067.9887,1523.2638,2119.8712,2604.0000,2848.2387,3048.3217,3227.3865,3543.4046,4297.8245,2715.4826
2017-07-13,49,239.0000,715.5143,1206.1083,1779.2909,2244.1840,2506.4350,2724.8375,2860.2321,3193.5864,3991.3801,2555.7247
2017-07-13,49,414.0000,809.0682,1241.8134,1774.0000,2217.0000,2496.1301,2711.6465,2842.0607,3180.2533,3958.8844,2538.1725
2017-07-20,49,563.1520,630.9103,662.9163,663.1097,776.4088,954.4135,1063.4444,1047.5816,1127.5794,937.3439,615.5376
2017-07-20,49,364.0000,439.7840,407.6895,471.7868,501.1275,405.9516,443.8885,526.6021,614.9637,869.9499,584.8025
2017-07-23,49,336.9156,737.0627,1141.5966,1555.9900,2038.7159,2531.1481,2792.0670,2884.5107,3222.2367,3706.1973,2372.9404
2017-07-23,49,670.8235,909.4147,1235.7478,1644.2564,2099.6031,2532.7831,2771.0228,2888.7156,3255.8293,3779.5452,2391.1191
2017-07-30,49,-9999.0000,-9999.0000,-9999.0000,-9999.0000,-9999.0000,-9999.0000,-9999.0000,-9999.0000,-9999.0000,-9999.0000,-9999.0000
2017-08-02,49,483.0000,689.4621,1005.6059,1155.5768,1692.3127,2492.8516,2747.0000,2802.3698,3105.8126,3187.0908,1994.0000
2017-08-02,49,447.0000,701.5309,1008.7680,1146.7487,1683.9864,2482.7150,2743.8485,2778.7220,3111.5307,3178.9933,2006.9813
2017-08-09,49,298.0000,578.0184,969.7764,1131.7300,1716.0888,2755.6636,3028.8534,3083.2128,3412.6050,3307.6085,2058.8773
2017-08-09,49,405.0113,625.7876,993.1931,1131.7999,1708.2634,2730.7530,3001.2092,3028.2388,3348.4121,3244.6545,2010.9105
2017-08-12,49,224.0000,256.5940,357.1555,317.6416,568.0000,1074.5176,1203.6685,1174.1331,1300.7541,874.0000,474.3329
2017-08-12,49,83.0000,188.4252,329.3489,313.8902,582.0098,1117.3939,1242.9884,1208.6063,1353.1255,880.5921,482.2157
2017-08-19,49,-9999.0000,-9999.0000,-9999.0000,-9999.0000,-9999.0000,-9999.0000,-9999.0000,-9999.0000,-9999.0000,-9999.0000,-9999.0000
2017-08-22,49,302.0000,409.0532,709.1592,587.7654,1260.6354,2832.6102,3192.5769,3383.9913,3496.6767,2475.9360,1420.2374
2017-08-22,49,314.0853,402.0415,693.1019,581.0000,1243.0248,2842.0194,3192.6640,3368.5482,3495.8145,2482.1589,1395.6135
2017-08-29,49,242.0000,348.9346,737.9523,580.0348,1340.9862,3022.9129,3383.0000,3432.7924,3668.0000,2401.7088,1337.0000
2017-08-29,49,451.0000,484.9379,788.9733,595.8796,1307.9534,2981.3537,3343.0000,3416.5797,3595.0000,2388.3909,1344.0000
2017-09-08,49,284.0000,338.9913,731.5823,427.0052,1314.3075,3191.0000,3534.3572,3575.4823,3834.3690,2121.0758,1130.8297
2017-09-08,49,379.0000,332.9974,739.3528,459.2618,1306.8066,3120.0000,3482.8789,3506.4910,3762.8966,2105.0000,1106.3695
2017-09-18,49,657.0000,536.0000,905.6257,714.4115,1588.4264,3258.3138,3571.3366,3791.5339,3786.2814,2403.0000,1495.0000
2017-09-18,49,473.0000,538.7481,971.0308,803.2505,1577.8125,3193.0000,3531.9383,3628.1279,3761.1066,2329.8554,1482.2027
2017-09-21,49,410.0000,357.6721,653.1944,380.2440,1210.9107,2730.7667,3093.0000,3210.0376,3286.6434,1780.3735,918.4148
2017-09-21,49,454.0000,397.3715,667.0400,393.9666,1210.9551,2722.8792,3073.9175,3184.5883,3313.4919,1769.9956,919.2586
2017-09-28,49,362.4743,395.2876,758.5865,550.5289,1461.6356,3176.0000,3448.7564,3591.3919,3704.0735,2072.0138,1162.2436
2017-09-28,49,645.0000,643.1656,907.5863,661.0852,1473.9298,3033.1788,3288.1182,3417.5477,3545.1445,2006.0798,1162.7114
2017-10-01,49,-9999.0000,-9999.0000,-9999.0000,-9999.0000,-9999.0000,-9999.0000,-9999.0000,-9999.0000,-9999.0000,-9999.0000,-9999.0000
2017-10-08,49,-9999.0000,-9999.0000,-9999.0000,-9999.0000,-9999.0000,-9999.0000,-9999.0000,-9999.0000,-9999.0000,-9999.0000,-9999.0000
2017-10-08,49,-9999.0000,-9999.0000,-9999.0000,-9999.0000,-9999.0000,-9999.0000,-9999.0000,-9999.0000,-9999.0000,-9999.0000,-9999.0000
2017-10-11,49,-9999.0000,-9999.0000,-9999.0000,-9999.0000,-9999.0000,-9999.0000,-9999.0000,-9999.0000,-9999.0000,-9999.0000,-9999.0000
2017-10-18,49,-9999.0000,-9999.0000,-9999.0000,-9999.0000,-9999.0000,-9999.0000,-9999.0000,-9999.0000,-9999.0000,-9999.0000,-9999.0000
2017-10-31,49,2444.0000,1823.0000,2208.0000,2284.0000,2596.0000,2986.0000,3274.0000,2982.0000,3471.0000,3536.0000,3270.0000
2017-10-31,49,2628.0000,1792.0000,2123.0000,2236.0000,2505.0000,2851.0000,3190.0000,3039.0000,3413.0000,3423.0000,3149.0000
2017-11-10,49,275.0000,233.0000,379.3771,453.0652,651.9044,802.7858,851.2536,888.1947,903.9177,869.2712,597.4567
2017-11-10,49,348.5673,373.6656,443.4799,433.5152,651.7822,802.1692,852.8229,886.8919,901.3821,858.2381,595.9673
2017-11-17,49,1564.0000,1905.9576,2133.2214,2163.0482,2577.0000,3003.0000,3132.0000,3369.4795,3333.0000,3221.0000,2593.0000
2017-11-17,49,1911.0000,1939.0272,2065.0000,1989.3333,2421.2958,3043.0000,3235.0461,3354.7739,3436.1774,3205.0000,2479.0000
2017-11-20,49,258.0000,480.7564,698.7751,820.5603,1242.4395,1851.0909,2019.4600,2246.9905,2237.2700,2139.9438,1438.1905
2017-11-20,49,595.0000,644.4109,764.5351,819.8402,1244.4354,1875.0558,2044.0000,2263.6419,2247.9597,2132.1216,1427.5429
2017-11-27,49,1.0000,379.2019,675.2917,875.4577,1369.9384,2086.3392,2280.6650,2519.4228,2537.3273,2227.5733,1394.3242
2017-11-27,49,252.0000,492.9680,746.6982,891.3774,1339.3394,1991.3110,2182.4883,2422.3919,2425.6400,2153.0000,1355.2535
2017-12-07,49,474.0000,698.0302,985.9443,1171.3498,1666.6438,2243.0434,2404.1199,2571.2418,2642.3886,2435.3776,1609.9025
2017-12-17,49,1.0000,290.8205,571.3133,819.0102,1281.9521,1819.7809,2012.1887,2246.4951,2261.8365,2020.5279,1277.1957
2017-12-17,49,234.0000,428.6744,651.5885,850.8076,1261.1296,1745.9628,1908.6639,2151.5748,2153.4446,1938.0000,1228.3434
2017-12-20,49,197.1378,465.4166,673.2754,875.7660,1258.8295,1650.7876,1802.1313,2024.7536,2054.5326,2003.7779,1356.7242
2017-12-20,49,276.0743,500.9196,693.1431,883.6548,1264.9191,1674.3706,1813.1224,2039.3355,2053.2988,2012.0866,1354.4832
2017-12-22,49,-9999.0000,-9999.0000,-9999.0000,-9999.0000,-9999.0000,-9999.0000,-9999.0000,-9999.0000,-9999.0000,-9999.0000,-9999.0000
2017-12-25,49,-9999.0000,-9999.0000,-9999.0000,-9999.0000,-9999.0000,-9999.0000,-9999.0000,-9999.0000,-9999.0000,-9999.0000,-9999.0000
2017-12-25,49,-9999.0000,-9999.0000,-9999.0000,-9999.0000,-9999.0000,-9999.0000,-9999.0000,-9999.0000,-9999.0000,-9999.0000,-9999.0000
2018-01-06,49,-9999.0000,-9999.0000,-9999.0000,-9999.0000,-9999.0000,-9999.0000,-9999.0000,-9999.0000,-9999.0000,-9999.0000,-9999.0000
2018-01-11,49,101.6100,504.9821,795.9036,1010.8185,1362.4751,1901.0158,2141.3934,2322.4782,2398.9445,2444.9995,1636.0562
2018-01-11,49,369.2665,685.2175,908.3031,1076.1635,1427.0300,1876.7855,2075.5388,2247.9146,2314.6978,2355.7681,1641.8413
2018-01-14,49,1104.0000,1318.0000,1541.0000,1606.0000,1822.0000,2015.0000,2116.0000,2242.0000,2141.0000,2257.0000,2223.0000
2018-01-14,49,844.0000,1308.0538,1473.0000,1510.0000,1689.0000,1867.0000,1955.0000,2228.0000,2052.0000,2126.0000,1889.0000
2018-01-19,49,-9999.0000,-9999.0000,-9999.0000,-9999.0000,-9999.0000,-9999.0000,-9999.0000,-9999.0000,-9999.0000,-9999.0000,-9999.0000
2018-01-19,49,-9999.0000,-9999.0000,-9999.0000,-9999.0000,-9999.0000,-9999.0000,-9999.0000,-9999.0000,-9999.0000,-9999.0000,-9999.0000
2018-01-21,49,52.5130,409.7761,604.9843,885.8002,1036.4931,1106.1762,1194.6632,1286.1555,1260.4507,1548.0607,1213.5582
2018-01-21,49,305.0000,578.7388,717.5482,929.1552,1058.0269,1123.9383,1205.5576,1303.5224,1267.1083,1491.4380,1178.5236
2018-02-08,49,-9999.0000,-9999.0000,-9999.0000,-9999.0000,-9999.0000,-9999.0000,-9999.0000,-9999.0000,-9999.0000,-9999.0000,-9999.0000
2018-02-10,49,307.0000,613.9418,785.8123,1101.5065,1282.8973,1348.0932,1434.7472,1542.3814,1516.1285,1819.4176,1467.7555
2018-02-10,49,357.6283,661.7560,865.3026,1101.5502,1282.5329,1339.6478,1418.5634,1431.1379,1497.0520,1772.6037,1419.8051
2018-02-13,49,1043.0000,1278.2602,1412.4090,1538.4848,1684.7785,1829.8953,1925.7020,2051.5181,1977.5139,1419.0000,1186.2994
2018-02-13,49,1115.0000,1292.2338,1446.6699,1566.1867,1710.6074,1894.1130,1997.0000,2121.1672,2049.2566,1429.3513,1189.9978
2018-02-25,49,1351.0000,1660.0434,1964.4560,2234.9279,2466.4344,2563.5302,2648.0000,2708.9393,2741.2094,3075.5262,2787.5815
2018-02-25,49,1420.0000,1715.7903,2011.0987,2258.9738,2500.4909,2577.6214,2666.4554,2731.1860,2764.3138,3067.7620,2773.1382
2018-02-28,49,1396.6903,1601.7394,1841.2290,2026.9506,2242.4126,2340.0957,2403.3452,2450.9612,2489.8477,2965.6883,2711.9629
2018-02-28,49,1493.0000,1657.6600,1876.8522,2052.1294,2242.6540,2347.0430,2411.9172,2460.1385,2500.2521,2967.7576,2695.6033
2018-03-12,49,-9999.0000,-9999.0000,-9999.0000,-9999.0000,-9999.0000,-9999.0000,-9999.0000,-9999.0000,-9999.0000,-9999.0000,-9999.0000
2018-03-20,49,-9999.0000,-9999.0000,-9999.0000,-9999.0000,-9999.0000,-9999.0000,-9999.0000,-9999.0000,-9999.0000,-9999.0000,-9999.0000
2018-03-20,49,-9999.0000,-9999.0000,-9999.0000,-9999.0000,-9999.0000,-9999.0000,-9999.0000,-9999.0000,-9999.0000,-9999.0000,-9999.0000
2018-03-22,49,1018.6652,1444.0000,1769.5000,2119.6612,2355.5544,2440.8066,2566.9699,2680.9268,2678.7608,3305.0137,3034.7163
2018-03-22,49,915.0000,1371.3540,1706.4329,2042.8293,2282.0000,2406.5234,2501.7389,2600.1606,2629.7674,3221.8631,2983.6956
2018-03-25,49,1141.0000,1454.0000,1748.3103,2011.6487,2286.5528,2413.2861,2507.7305,2520.4081,2612.2787,3212.2092,3045.5502
2018-03-25,49,1173.0000,1477.0457,1773.3926,2011.9395,2285.0112,2410.8003,2519.0742,2520.2217,2613.0104,3207.5798,3045.5460
2018-03-27,49,2061.0000,2171.3227,2346.7219,2547.8557,2906.2112,3201.4484,3334.1674,3523.9547,3484.0979,3830.3375,3307.2407
2018-03-27,49,2033.0000,2147.3042,2337.4264,2524.0219,2891.8931,3195.9951,3315.1197,3507.2241,3466.5692,3798.3912,3290.2821
2018-03-30,49,-9999.0000,-9999.0000,-9999.0000,-9999.0000,-9999.0000,-9999.0000,-9999.0000,-9999.0000,-9999.0000,-9999.0000,-9999.0000
2018-03-30,49,-9999.0000,-9999.0000,-9999.0000,-9999.0000,-9999.0000,-9999.0000,-9999.0000,-9999.0000,-9999.0000,-9999.0000,-9999.0000
2018-04-01,49,301.3413,529.4900,673.6441,835.1531,965.0507,1038.2494,1107.7900,1147.5815,1146.4872,1201.9881,937.3718
2018-04-01,49,384.0000,601.5332,721.7966,857.6212,989.1277,1059.3252,1122.9873,1179.2693,1170.8705,1197.9566,937.3052
2018-04-06,49,624.9748,825.1774,1149.3960,1395.8709,1624.9142,1773.1221,1851.8296,1958.2459,1955.9538,2307.1104,1858.9588
2018-04-06,49,686.0000,873.6492,1145.1875,1371.3652,1601.1894,1772.0212,1841.2604,1959.7320,1946.9477,2268.7746,1851.5797
2018-04-11,49,2747.0000,2725.1727,2797.3892,2837.0180,3101.0566,3332.0657,3528.0000,3562.2439,3548.0000,3238.6644,2716.0000
2018-04-14,49,655.0000,929.6635,1169.5308,1402.7910,1562.9637,1691.0123,1811.9314,1911.9958,1891.7472,2209.6075,1971.8589
2018-04-14,49,711.0000,957.6698,1189.5790,1403.7154,1562.5563,1693.2683,1829.8281,1911.4317,1898.6821,2200.8160,1962.8072
2018-04-16,49,-9999.0000,-9999.0000,-9999.0000,-9999.0000,-9999.0000,-9999.0000,-9999.0000,-9999.0000,-9999.0000,-9999.0000,-9999.0000
2018-04-16,49,-9999.0000,-9999.0000,-9999.0000,-9999.0000,-9999.0000,-9999.0000,-9999.0000,-9999.0000,-9999.0000,-9999.0000,-9999.0000
2018-04-19,49,1166.1565,1467.8857,1859.5633,2118.9950,2371.2401,2508.0094,2602.9461,2712.7873,2708.1990,3157.6159,2874.7866
2018-04-19,49,1194.0000,1466.8807,1850.4174,2098.2574,2331.5000,2492.0020,2579.0040,2694.5216,2680.7187,3133.3900,2839.3098
2018-04-21,49,1315.0000,1788.1342,2217.4314,2535.7433,2807.9156,2901.6538,3028.7677,3206.8248,3110.9965,3641.1209,3449.3629
2018-04-21,49,1179.9489,1628.3180,2082.9127,2395.0005,2646.7383,2806.6383,2949.8980,3111.1986,3031.9320,3543.2030,3361.8694
2018-04-24,49,1654.2799,1994.1055,2249.4109,2316.0095,2699.1063,3170.0155,3435.4384,3446.5167,3492.2006,3577.2081,3363.8383
2018-04-24,49,1754.0000,1937.6799,2197.4690,2251.9675,2633.1212,3139.1694,3420.2010,3436.3563,3483.5057,3516.3308,3338.2239
2018-04-26,49,1491.0000,1795.1011,2246.0405,2519.9012,2823.3879,3068.8344,3156.5362,3206.7951,3268.0588,3657.0294,3316.5803
2018-04-26,49,1368.0000,1684.2596,2170.6984,2455.5655,2760.2368,3020.4064,3111.8538,3159.5554,3221.9909,3621.2569,3271.2944
2018-04-29,49,1237.0000,1563.8128,1971.8819,2279.7086,2531.7702,2731.7438,2859.0760,2883.7200,2971.8104,3367.2761,3090.0578
2018-04-29,49,1262.0000,1571.6068,1947.0643,2235.4268,2497.6793,2708.6357,2837.6089,2855.0245,2950.6203,3348.9622,3082.7653
2018-05-04,49,1432.0000,1593.1715,1805.9698,1962.7204,2193.0757,2425.3245,2620.0424,2594.8530,2697.0030,2324.6872,1857.4958
2018-05-04,49,1439.0000,1593.1185,1816.8129,1970.9336,2209.4126,2468.8671,2667.8194,2635.6350,2739.9186,2337.2787,1854.0000
2018-05-06,49,1038.0000,1225.6484,1553.7248,1787.4773,2042.7318,2291.8560,2418.4484,2407.7851,2499.3955,2698.8535,2165.2497
2018-05-06,49,1002.0000,1224.5624,1579.7588,1843.6818,2099.8328,2316.8207,2424.9306,2421.8463,2519.0458,2737.9928,2163.5214
2018-05-09,49,1454.0000,1959.1829,2439.3596,2804.5032,3173.6254,3306.9647,3447.3121,3495.2978,3591.2174,4056.0868,3700.9287
2018-05-09,49,1432.0000,1899.5356,2375.1745,2760.3310,3107.2832,3273.2479,3415.7340,3461.3194,3561.1917,4023.2189,3701.5825
2018-05-11,49,-9999.0000,-9999.0000,-9999.0000,-9999.0000,-9999.0000,-9999.0000,-9999.0000,-9999.0000,-9999.0000,-9999.0000,-9999.0000
2018-05-11,49,-9999.0000,-9999.0000,-9999.0000,-9999.0000,-9999.0000,-9999.0000,-9999.0000,-9999.0000,-9999.0000,-9999.0000,-9999.0000
2018-05-16,49,-9999.0000,-9999.0000,-9999.0000,-9999.0000,-9999.0000,-9999.0000,-9999.0000,-9999.0000,-9999.0000,-9999.0000,-9999.0000
2018-05-16,49,-9999.0000,-9999.0000,-9999.0000,-9999.0000,-9999.0000,-9999.0000,-9999.0000,-9999.0000,-9999.0000,-9999.0000,-9999.0000
2018-05-19,49,1557.0000,1974.8529,2535.4956,3000.5415,3364.6074,3531.5350,3659.7233,3731.7832,3798.1117,4409.9433,4007.7755
2018-05-19,49,1581.0727,1995.9202,2504.8688,2918.6397,3287.8054,3466.9374,3611.0318,3682.6771,3753.3460,4360.2949,3977.0588
2018-05-21,49,2001.0000,2582.7868,3142.0078,3577.9856,4003.8017,4147.6363,4347.8997,4433.9146,4460.0403,5207.3967,5030.0963
2018-05-21,49,1942.0000,2567.0466,3126.1895,3559.0535,3959.0492,4090.8684,4290.2928,4387.6872,4409.3982,5144.2209,4960.0000
2018-05-24,49,1374.0000,1666.0000,2076.0000,2276.0000,2584.0000,2848.0000,3106.0000,3056.0000,3191.0000,3230.0000,2698.0000
2018-05-24,49,1505.0000,1786.0000,2168.0000,2352.0000,2628.0000,2933.0000,3228.0000,3150.0000,3308.0000,3289.0000,2722.0000
2018-05-26,49,1923.0000,2312.1181,2935.4809,3271.7977,3799.9263,4134.0526,4247.0910,4245.8008,4391.2294,4951.2802,4457.2060
2018-05-26,49,1735.0000,2164.9509,2789.9276,3126.6770,3643.0276,4004.6799,4150.9271,4139.2696,4279.5591,4856.1917,4397.0706
2018-05-31,49,1858.0000,2282.3240,2739.5017,2886.3374,3373.2908,3770.7971,4011.5931,3990.0000,4106.6098,4296.1241,3848.4872
2018-05-31,49,1876.9902,2307.2114,2763.7449,2902.7231,3353.1458,3748.1404,4007.3873,3978.0000,4074.6235,4245.9519,3764.0199
2018-06-03,49,1607.0000,2010.6748,2551.4266,2757.3919,3255.7795,3787.2658,4022.3103,4035.9458,4155.7090,4377.1140,3945.8997
2018-06-03,49,1554.0000,2042.9561,2566.2374,2758.9797,3268.9906,3797.8600,4039.5835,4043.4771,4166.8722,4376.2112,3925.7202
2018-06-05,49,1647.0000,2024.2832,2584.6417,2822.5773,3394.3535,4035.1574,4213.8769,4166.3162,4357.7621,4603.8254,3973.1782
2018-06-05,49,1654.1544,1984.7364,2535.6024,2741.3782,3333.9065,3962.5649,4117.1712,4084.2952,4275.3819,4535.3762,3909.1911
2018-06-10,49,858.3765,1184.8579,1588.9016,1676.1996,2115.8880,2884.4561,3189.4964,3196.3737,3320.7491,3225.1417,2548.2799
2018-06-10,49,726.2331,1113.3676,1541.7505,1642.6662,2066.0000,2827.5514,3139.3858,3124.0000,3251.8762,3174.0101,2503.8218
2018-06-13,49,894.0000,1293.5523,1691.6812,1762.4814,2163.3528,3140.6002,3578.0000,3603.0000,3737.0000,3236.4652,2681.5499
2018-06-13,49,1091.0000,1384.9612,1723.4529,1770.8583,2163.9852,3203.2636,3645.0000,3582.0000,3769.4530,3221.3334,2664.2264
2018-06-15,49,1079.0000,1394.0314,1896.1821,2023.6548,2473.4159,3830.0000,4211.0000,4330.0198,4566.8659,3861.6197,3066.1577
2018-06-15,49,1050.0000,1395.6294,1883.1149,1991.1222,2437.8923,3786.5672,4199.9514,4288.0694,4410.0000,3815.0699,3033.5418
2018-06-18,49,913.6249,1178.1225,1594.4411,1672.1620,2156.0000,3274.9235,3731.0546,3719.1410,3948.7434,3206.0914,2347.0439
2018-06-18,49,1014.1961,1203.7169,1578.2690,1634.3159,2088.0000,3210.4295,3651.0000,3624.1017,3862.7556,3178.7789,2342.8525
2018-06-20,49,924.0000,1297.4122,1731.2493,1800.1297,2234.2977,3403.1264,3962.8839,3940.6358,4126.0000,3481.9368,2814.5980
2018-06-20,49,739.0000,1220.1594,1657.2803,1738.4046,2172.3037,3316.6950,3846.4514,3833.0444,3945.2708,3385.7896,2770.0000
2018-06-23,49,204.1653,489.4689,849.2313,793.2876,1230.0000,2536.0000,3010.0000,3083.5000,3125.3769,2115.5769,1339.5363
2018-06-23,49,413.3972,600.8116,890.0873,801.4791,1220.3094,2517.7634,2986.0453,3083.9138,3095.2280,2101.3216,1332.2172
2018-06-30,49,485.2558,689.8289,1002.6344,858.1590,1364.2315,3225.6779,4138.1014,4100.9719,4246.5316,2666.9977,1683.4605
2018-06-30,49,537.0000,737.2642,1010.2399,867.3186,1344.6769,3140.6164,4010.7205,3972.8533,4151.8929,2596.9124,1655.0000
2018-07-03,49,1012.3640,1161.1987,1365.4527,1260.9609,1634.4409,2858.3575,3606.5003,3498.2905,3712.9525,2324.0000,1568.7398
2018-07-03,49,1073.0000,1177.9767,1377.3015,1257.4169,1622.0000,2872.0000,3605.7741,3506.4603,3705.0000,2313.4713,1545.9672
2018-07-05,49,582.6711,669.4272,955.1987,802.0933,1272.0000,3385.7846,4375.8223,4292.1272,4583.5158,2503.6122,1493.0000
2018-07-05,49,452.0000,577.1594,924.4168,793.5513,1266.9667,3399.9637,4327.4870,4262.7104,4515.2477,2501.6361,1494.0000
2018-07-08,49,442.0000,548.7281,777.6467,580.1327,1019.9582,3002.8842,4038.4034,3926.8805,4229.5196,1913.0000,1067.7375
2018-07-10,49,-9999.0000,-9999.0000,-9999.0000,-9999.0000,-9999.0000,-9999.0000,-9999.0000,-9999.0000,-9999.0000,-9999.0000,-9999.0000
2018-07-13,49,52.0000,205.3082,461.4691,315.1966,739.0000,2675.6223,3829.8474,3783.0971,3976.6294,1747.5133,921.4562
2018-07-13,49,301.9652,361.1497,546.0237,372.8657,765.0283,2626.8082,3746.9822,3718.8604,3916.3009,1726.0000,920.0000
2018-07-15,49,541.0000,454.3798,673.3049,477.1467,933.2772,3051.6301,4151.0000,4056.5392,4407.0346,1979.6106,1041.0000
2018-07-15,49,472.5519,458.0203,673.0422,468.6738,898.3928,3033.9921,4116.6241,4038.0534,4327.0653,1986.6443,1042.5465
2018-07-18,49,369.3300,381.8233,585.4707,427.8816,834.9796,2733.8664,3863.8300,3942.7990,4102.4957,1842.4293,995.7215
2018-07-18,49,410.3229,417.4274,605.0049,441.6533,841.0150,2712.0000,3830.5389,3911.3240,4088.9153,1849.0000,976.0000
2018-07-20,49,480.0000,560.9328,730.4978,548.1403,1003.8565,2757.8650,3876.0437,3941.0250,4153.1452,2069.4553,1146.5182
2018-07-20,49,319.0000,490.3277,705.4802,561.3948,1004.0000,2731.8127,3854.4390,3895.0354,4101.6696,2025.3910,1138.0000
2018-07-23,49,1589.0000,849.0000,1052.0000,1016.0000,1262.0000,2063.0000,2648.0000,2484.0000,2812.0000,1825.0000,1516.0000
2018-07-23,49,1048.0000,720.0000,900.0000,890.0000,1337.0000,2245.0000,2811.0000,2684.0000,2970.0000,1917.0000,1501.0000
2018-07-25,49,455.0000,470.7588,689.6080,539.7293,971.6836,2699.3608,3544.9529,3618.4920,3818.2489,2120.0000,1195.5533
2018-07-25,49,353.0000,437.2803,685.5748,562.4630,978.7582,2659.9048,3450.3105,3558.4693,3734.3262,2082.7932,1180.3710
2018-07-28,49,440.0000,457.5023,649.1432,507.2390,925.6790,2470.0632,3305.3445,3340.3557,3576.2024,1923.5827,1089.2244
2018-07-28,49,423.0000,477.2324,681.4048,546.6302,928.0000,2451.6154,3269.5000,3291.9748,3528.9427,1924.0000,1099.9043
2018-07-30,49,367.0000,442.3214,651.2012,516.4662,971.0880,2500.2323,3415.1590,3463.9772,3675.8224,2172.0000,1236.4152
2018-07-30,49,274.0000,434.0418,672.7062,547.8495,980.0644,2450.7449,3332.6119,3381.7290,3591.7107,2108.1847,1205.0000
2018-08-02,49,91.0000,304.8000,597.0837,507.7857,964.1956,2375.0000,3228.0835,3254.3716,3540.7291,1988.4333,1145.1523
2018-08-02,49,233.0740,401.9930,654.0773,548.6747,969.0000,2353.5639,3206.3596,3206.0057,3491.5725,1957.1334,1143.0000
2018-08-04,49,371.0000,422.3770,661.8571,499.7225,958.3920,2593.0192,3304.0000,3352.8615,3573.8720,2075.0000,1146.0000
2018-08-04,49,232.4078,352.7554,642.7564,505.3451,945.6293,2553.9601,3242.4261,3301.7265,3532.2050,2035.5356,1099.4111
2018-08-07,49,260.5219,357.5526,633.5891,523.9092,955.6992,2411.9736,3125.5355,3173.6627,3414.9105,2028.6507,1127.0000
2018-08-07,49,297.6682,374.2933,645.0210,546.7218,953.3459,2411.7261,3111.9905,3146.4364,3413.2558,1999.0000,1129.4764
2018-08-09,49,520.0000,618.4188,804.8959,641.2913,1097.0000,2484.2343,3298.4197,3320.6667,3578.1175,2227.7889,1335.0000
2018-08-09,49,438.0000,590.1866,802.5311,667.9095,1086.0000,2458.6406,3237.7197,3261.5721,3485.2062,2211.2519,1283.0000
2018-08-12,49,162.1402,361.7168,640.9401,547.2973,994.1284,2306.2643,3015.0055,3094.6107,3320.8937,2061.9861,1233.0000
2018-08-12,49,288.3506,441.4302,677.0854,554.6250,983.0000,2291.7323,3002.2690,3079.6951,3268.5746,2016.3271,1221.0000
2018-08-14,49,598.1304,666.8825,977.5608,803.4201,1363.4355,3013.0000,3653.0000,3692.0000,4020.4239,2472.4840,1413.2149
2018-08-14,49,596.7802,696.1554,989.0822,809.9622,1375.0000,2984.5905,3609.6007,3653.8519,3989.3285,2433.0000,1396.0000
2018-08-17,49,301.2888,353.3596,597.8792,459.9000,912.0000,2283.9995,2857.9295,2951.3560,3127.4289,1842.0000,1005.0000
2018-08-17,49,336.0000,341.1894,605.1565,468.6084,928.0000,2267.8202,2856.3788,2951.3645,3111.5335,1831.0000,1005.0545
2018-08-19,49,93.4492,362.1724,697.2575,563.2130,1115.1436,2517.2162,3224.6963,3269.7661,3479.1762,2196.9708,1278.0000
2018-08-19,49,301.0000,493.4835,770.1314,621.3048,1116.0000,2455.1399,3129.4897,3190.4375,3367.8847,2136.0000,1237.2634
2018-08-22,49,341.0000,629.7098,872.2564,769.7612,1201.5423,2314.4741,2850.5438,2947.9764,3075.0678,2043.7951,1284.1725
2018-08-22,49,428.0000,681.6162,901.5568,790.0000,1192.0000,2298.9955,2851.5528,2914.6184,3050.2919,2027.7677,1298.6510
2018-08-24,49,1595.0000,1412.0000,1488.5075,1208.0000,1725.2367,3180.3628,3764.7225,3762.5129,4196.4813,2797.0000,1578.0000
2018-08-24,49,1460.0000,1333.2437,1485.3417,1229.7172,1772.9666,3252.1392,3858.3838,3851.2894,4278.0939,2820.6276,1587.0000
2018-08-27,49,382.3816,366.7675,572.9787,446.4934,897.0000,2097.8985,2548.9948,2742.8918,2818.9103,1763.9164,985.3220
2018-08-27,49,398.0000,390.0000,589.5061,449.6954,906.2027,2099.8325,2534.8016,2730.4545,2819.0000,1788.4960,1000.0000
2018-08-29,49,596.1976,722.4937,941.5643,796.9136,1275.0000,2339.3214,2826.7497,3014.9625,3127.8035,2156.4895,1306.6769
2018-08-29,49,432.4777,656.7310,921.3345,810.1496,1249.5586,2308.5752,2792.8120,2980.9440,3064.0420,2121.0000,1301.7663
2018-09-01,49,518.0000,676.2682,849.5581,717.9240,1217.6479,2371.4800,2852.2391,2953.8958,3161.5194,2097.5514,1194.1826
2018-09-01,49,574.0000,730.3355,881.8928,741.1448,1224.0000,2362.8734,2849.9877,2934.5950,3090.9688,2057.3677,1197.3980
2018-09-03,49,482.5392,558.8499,838.5203,697.7832,1252.0000,2597.2766,3015.5508,3108.5683,3299.6000,2331.6723,1359.0000
2018-09-03,49,516.1880,474.0451,776.6712,644.9902,1226.0085,2614.2493,3048.8593,3142.8411,3320.9686,2365.7868,1347.9429
2018-09-06,49,120.0000,288.9063,569.2883,567.0000,878.0000,1466.2966,1709.0000,1682.5893,1829.9718,1404.0000,961.7059
2018-09-06,49,550.1874,580.5550,726.0335,648.0000,952.0000,1531.6815,1755.2331,1719.4061,1879.1907,1415.0000,926.9786
2018-09-08,49,13.0000,309.4574,609.3158,556.2793,1039.0000,2053.0106,2486.9785,2584.2522,2716.0170,2123.9109,1339.0000
2018-09-08,49,152.0000,368.9845,645.0586,582.2151,1050.9486,2058.7251,2470.2750,2547.7613,2666.0000,2117.9726,1342.3739
2018-09-16,49,103.0000,290.5397,573.0689,577.4804,977.9579,1716.3539,2003.7341,2055.2033,2242.7093,2067.3676,1320.0000
2018-09-16,49,524.2551,508.8628,669.4201,609.2596,996.4509,1716.3783,1987.9112,2053.2302,2252.2339,2028.4123,1330.0281
2018-09-18,49,402.4407,893.6101,1314.7246,1715.1906,2292.8538,2728.0393,3112.4444,3254.2473,3521.3691,3809.0000,2712.4240
2018-09-18,49,546.2994,949.2243,1312.9393,1689.8909,2243.2472,2679.6913,3049.5544,3175.3012,3417.5264,3748.5833,2647.0000
2018-09-21,49,762.0000,1064.3546,1357.0113,1842.8359,2212.7909,2450.8158,2732.3716,2954.4568,3139.3733,4118.0694,3081.2044
2018-09-21,49,676.1895,1033.1398,1349.3818,1826.7250,2195.3831,2461.0000,2709.1832,2939.3317,3105.0279,4103.0682,3082.3930
2018-09-23,49,-9999.0000,-9999.0000,-9999.0000,-9999.0000,-9999.0000,-9999.0000,-9999.0000,-9999.0000,-9999.0000,-9999.0000,-9999.0000
2018-09-23,49,-9999.0000,-9999.0000,-9999.0000,-9999.0000,-9999.0000,-9999.0000,-9999.0000,-9999.0000,-9999.0000,-9999.0000,-9999.0000
2018-09-26,49,908.4007,1196.8278,1563.2028,2130.2834,2483.3355,2700.4389,2940.5032,3319.7898,3344.0000,4121.4676,2967.1354
2018-09-26,49,950.9418,1220.5945,1578.4260,2122.7011,2466.6078,2690.2010,2932.4449,3320.2217,3336.5592,4119.1223,2952.7657
2018-09-28,49,694.1127,1120.9844,1481.1951,1987.5885,2329.7146,2505.8439,2740.4620,2951.2084,3049.1763,3962.3637,3176.8990
2018-09-28,49,844.7931,1180.8727,1491.0480,1955.1172,2300.3236,2469.3189,2700.5522,2886.1856,3010.2663,3894.8147,3129.8364
2018-10-03,49,703.0000,1072.4903,1499.2546,2024.7874,2324.1713,2605.0000,2777.8495,2969.5523,3109.0579,3720.1879,2984.1268
2018-10-03,49,986.0000,1200.8479,1539.4236,2019.3325,2343.0848,2578.3273,2761.1840,2933.6583,3066.0723,3749.5147,2933.0817
2018-10-08,49,828.0000,1234.2918,1644.3422,2033.5916,2380.0000,2635.0000,2901.0000,3012.0000,3164.8386,3766.9986,3059.1003
2018-10-08,49,1005.0000,1328.4022,1648.8655,1985.6181,2299.1275,2564.3137,2803.9702,2896.7672,3059.5589,3674.8773,2996.9980
2018-10-11,49,734.0000,1025.4182,1276.8621,1586.2480,1811.5469,1931.7227,2075.9012,2162.5611,2269.4658,3113.8511,2806.1140
2018-10-11,49,-9999.0000,-9999.0000,-9999.0000,-9999.0000,-9999.0000,-9999.0000,-9999.0000,-9999.0000,-9999.0000,-9999.0000,-9999.0000
2018-10-13,49,905.0000,1056.7739,1312.1383,1554.0737,1740.4165,1834.6974,1930.8359,2023.1546,2060.0186,2764.4984,2452.2937
2018-10-13,49,834.0000,1001.8267,1277.2773,1538.3999,1725.2856,1811.8330,1883.7548,1974.6821,2036.5123,2755.8007,2445.3478
2018-10-18,49,764.0000,1057.2788,1261.3225,1509.6422,1718.4035,1771.1853,1907.3688,1911.8544,2003.0777,2690.8099,2404.6440
2018-10-18,49,858.0000,1089.1777,1269.1224,1488.6063,1692.3422,1747.9857,1876.0412,1879.0419,1979.8065,2643.5270,2371.6510
2018-10-21,49,977.6903,1245.1258,1440.2720,1636.2615,1826.9254,1906.2385,2041.6348,2092.0614,2162.4300,2796.4320,2631.9091
2018-10-21,49,1040.5614,1260.5785,1453.7397,1636.0263,1811.9335,1914.9075,2043.0796,2099.5749,2147.3486,2789.5018,2616.5728
2018-10-23,49,989.0000,1308.1312,1635.7156,1908.1541,2076.1073,2202.7075,2292.5760,2455.4383,2454.9076,3061.9703,2681.8830
2018-10-23,49,1134.0000,1353.8685,1627.4092,1842.7249,2011.9643,2148.9364,2229.4330,2389.9494,2390.3046,2966.1082,2633.9695
2018-10-31,49,583.0000,857.3973,1072.3532,1338.8149,1497.0000,1591.0000,1707.8212,1784.1732,1824.9812,2122.7129,1732.4667
2018-10-31,49,633.0000,881.9430,1096.4090,1346.7121,1517.9139,1610.6153,1731.5294,1811.5456,1842.0156,2116.8718,1732.9951
2018-11-05,49,-9999.0000,-9999.0000,-9999.0000,-9999.0000,-9999.0000,-9999.0000,-9999.0000,-9999.0000,-9999.0000,-9999.0000,-9999.0000
2018-11-05,49,-9999.0000,-9999.0000,-9999.0000,-9999.0000,-9999.0000,-9999.0000,-9999.0000,-9999.0000,-9999.0000,-9999.0000,-9999.0000
2018-11-12,49,-9999.0000,-9999.0000,-9999.0000,-9999.0000,-9999.0000,-9999.0000,-9999.0000,-9999.0000,-9999.0000,-9999.0000,-9999.0000
2018-11-12,49,-9999.0000,-9999.0000,-9999.0000,-9999.0000,-9999.0000,-9999.0000,-9999.0000,-9999.0000,-9999.0000,-9999.0000,-9999.0000
2018-11-15,49,654.0000,830.4258,1125.1435,1120.9450,1508.8356,1931.4941,2042.8213,2136.9588,2153.2447,2113.8982,1553.0081
2018-11-15,49,709.9518,865.4308,1144.5283,1133.1632,1500.7905,1914.6293,2033.0368,2135.3536,2156.3270,2108.3150,1531.1326
2018-11-17,49,398.0000,761.1441,1139.6139,1153.4676,1708.8622,2308.9762,2471.0000,2644.0708,2573.3708,2536.9790,1917.0680
2018-11-17,49,700.0000,937.8709,1217.3528,1186.1060,1661.4075,2179.3026,2339.0340,2516.5059,2468.7997,2443.3430,1858.0250
2018-12-05,49,-9999.0000,-9999.0000,-9999.0000,-9999.0000,-9999.0000,-9999.0000,-9999.0000,-9999.0000,-9999.0000,-9999.0000,-9999.0000
2018-12-07,49,690.0000,976.2488,1206.0000,1045.3949,1537.4301,2300.5141,2540.1598,2629.4882,2611.5152,1754.0285,1139.0000
2018-12-12,49,209.0000,397.3308,813.2417,675.6283,1323.7968,2505.6769,2729.3084,2965.5318,2794.3516,1681.7473,998.9303
2018-12-12,49,378.6052,517.1427,869.0631,720.7239,1306.8374,2409.0588,2617.1663,2838.8615,2711.3088,1626.6429,978.0000
2018-12-15,49,406.0638,550.6459,849.3112,729.1067,1297.3737,2292.8380,2486.4879,2713.1509,2600.1318,1723.7119,1082.0000
2018-12-15,49,334.8057,494.2231,818.0935,693.6311,1292.0826,2343.9920,2535.1459,2752.3990,2663.2236,1730.7558,1074.4928
2018-12-27,49,585.0000,561.0000,519.0000,388.0000,565.0000,863.0000,924.0000,1086.0000,913.0000,535.0000,351.0000
2018-12-30,49,356.0000,584.4458,817.8434,684.8477,1268.2443,2210.3578,2438.7506,2600.1858,2536.1194,1197.4703,754.0000
2018-12-30,49,402.6790,604.5097,832.7195,690.5857,1282.0514,2229.7921,2451.5200,2616.1141,2555.8012,1209.0024,761.0000
2019-01-01,49,-9999.0000,-9999.0000,-9999.0000,-9999.0000,-9999.0000,-9999.0000,-9999.0000,-9999.0000,-9999.0000,-9999.0000,-9999.0000
2019-01-04,49,1653.0000,1454.0000,1644.0000,1518.0000,1932.0000,2452.0000,2518.0000,2724.0000,2602.0000,1888.0000,1484.0000
2019-01-04,49,1866.0000,1472.0000,1692.0000,1556.0000,1952.0000,2407.0000,2462.0000,2776.0000,2534.0000,1876.0000,1494.0000
2019-01-06,49,362.0000,642.2090,936.5378,781.1683,1377.2532,2385.6035,2590.6378,2808.2980,2724.3318,1685.6538,1045.9911
2019-01-06,49,503.0000,712.9636,965.9161,801.4104,1353.1635,2317.4801,2518.0031,2709.5971,2635.7302,1635.3508,1015.0000
2019-01-11,49,303.0000,462.4500,777.3821,716.7867,1365.3333,2427.7407,2595.8725,2793.5752,2726.7385,1740.1355,1065.6843
2019-01-11,49,489.1219,588.4974,841.4312,761.2444,1361.9258,2330.3646,2493.0000,2697.6020,2625.8684,1682.4194,1047.0000
2019-01-14,49,450.1421,594.1256,858.1294,773.8616,1353.1493,2268.1095,2443.2937,2631.1664,2545.8502,1723.1069,1088.5055
2019-01-14,49,405.4007,544.1218,826.7790,741.1393,1349.8589,2289.5913,2464.3490,2664.6802,2581.8530,1731.5154,1098.3664
2019-01-16,49,410.0000,689.6909,982.3207,869.9399,1491.7261,2458.3513,2693.8367,2868.5212,2770.8236,1955.0925,1290.1994
2019-01-16,49,330.0000,605.9173,933.8270,818.9716,1483.2607,2504.3599,2715.6327,2904.1728,2808.4963,1938.2367,1281.4736
2019-01-21,49,1133.0000,1224.0000,1444.0000,1362.0000,1804.6712,2428.3670,2530.9932,2721.8735,2571.1235,1645.3098,1228.0000
2019-01-24,49,696.2001,810.7402,1056.9101,1017.9664,1605.6647,2523.1315,2721.1618,2904.1905,2826.7408,1861.3328,1230.2151
2019-01-24,49,746.0000,840.8275,1078.0000,1021.5111,1597.6224,2522.1854,2701.6408,2888.0720,2813.0450,1861.5144,1226.3324
2019-01-29,49,923.0000,1188.1590,1437.4700,1412.7815,2010.2153,2903.9387,3143.8442,3397.6891,3302.9131,2202.8381,1609.9509
2019-01-29,49,840.0000,1133.4124,1420.5816,1418.0000,2036.0000,2997.3237,3258.6997,3494.1567,3386.3875,2220.9173,1626.1246
2019-01-31,49,477.0000,585.8887,885.9991,833.9831,1485.6049,2538.2287,2732.0750,2902.2556,2859.0743,2003.1375,1305.5160
2019-01-31,49,457.0000,554.5564,853.8801,805.5044,1457.3094,2506.9175,2729.8624,2916.5950,2837.2819,1979.3113,1292.7033
2019-02-03,49,-9999.0000,-9999.0000,-9999.0000,-9999.0000,-9999.0000,-9999.0000,-9999.0000,-9999.0000,-9999.0000,-9999.0000,-9999.0000
2019-02-05,49,160.0000,465.4709,846.1016,796.8751,1501.4010,2756.5531,3066.7865,3304.8679,3159.8314,2037.0538,1249.9188
2019-02-05,49,297.2745,556.8135,889.7813,817.4167,1484.3525,2697.9826,2984.6604,3221.8226,3080.1420,2004.4429,1226.3109
2019-02-08,49,264.0000,507.0000,793.4753,745.1161,1365.8988,2488.9575,2757.1204,2951.9597,2888.0000,1922.9086,1258.7259
2019-02-08,49,433.0000,614.6237,853.0455,786.0214,1389.3558,2439.5150,2715.2056,2919.3745,2837.9724,1892.4547,1260.9748
2019-02-13,49,85.0000,309.6077,730.1609,665.5005,1346.6134,2620.6944,2855.7559,3017.8261,3011.9893,1845.4060,1106.0492
2019-02-13,49,292.3961,452.5085,814.5262,724.8471,1365.0019,2568.4563,2822.0904,2951.2149,2951.5025,1826.5119,1097.4345
2019-02-15,49,266.1699,549.3318,906.2442,828.7692,1546.9068,2870.0265,3209.5000,3430.3300,3322.1958,2148.2446,1337.1083
2019-02-15,49,405.0000,628.9553,941.7188,849.9122,1523.9290,2791.1713,3128.0734,3352.9738,3256.0739,2115.8550,1315.0830
2019-02-18,49,-9999.0000,-9999.0000,-9999.0000,-9999.0000,-9999.0000,-9999.0000,-9999.0000,-9999.0000,-9999.0000,-9999.0000,-9999.0000
2019-02-18,49,-9999.0000,-9999.0000,-9999.0000,-9999.0000,-9999.0000,-9999.0000,-9999.0000,-9999.0000,-9999.0000,-9999.0000,-9999.0000
2019-02-23,49,168.6428,357.1609,709.2923,617.0088,1204.3808,2416.9812,2683.6381,2962.5746,2811.5286,1816.0000,1161.1984
2019-02-23,49,164.0000,337.8656,705.5761,597.1460,1206.4828,2436.9131,2738.0000,2998.4486,2877.1595,1843.7930,1162.3652
2019-02-25,49,332.0000,552.7288,875.6790,731.0899,1443.2610,2997.2146,3417.7785,3559.3663,3540.3856,2277.4117,1490.0000
2019-02-25,49,380.0000,585.4745,891.0434,738.7030,1434.2693,2908.5116,3332.5157,3509.8926,3451.0295,2263.4828,1462.5771
2019-02-28,49,244.0000,426.0586,772.9944,620.3234,1290.9778,2855.1408,3351.9222,3528.3449,3483.3721,2036.3125,1300.0000
2019-02-28,49,201.8569,389.7042,749.3898,588.4516,1284.3114,2888.9745,3340.7676,3575.8902,3465.3323,2034.7552,1292.0000
2019-03-02,49,713.0000,742.2319,1029.0037,836.9628,1514.0000,3106.3201,3506.0000,3669.7857,3623.5077,2074.8266,1251.0000
2019-03-02,49,873.0000,836.4485,1080.0000,873.7261,1496.1599,3021.0000,3389.2143,3512.0154,3560.8341,2036.7431,1249.5501
2019-03-05,49,-9999.0000,-9999.0000,-9999.0000,-9999.0000,-9999.0000,-9999.0000,-9999.0000,-9999.0000,-9999.0000,-9999.0000,-9999.0000
2019-03-05,49,-9999.0000,-9999.0000,-9999.0000,-9999.0000,-9999.0000,-9999.0000,-9999.0000,-9999.0000,-9999.0000,-9999.0000,-9999.0000
2019-03-12,49,221.0000,281.5605,672.6973,451.8373,1148.0000,3176.6526,3780.2835,4088.1049,3925.7979,1938.5018,1133.4946
2019-03-12,49,196.0000,245.5524,643.6081,411.1083,1119.0000,3221.5679,3801.2587,4052.8704,3926.5020,1914.5685,1124.5229
2019-03-15,49,276.0000,349.4493,676.2251,473.6761,1121.6864,3015.0000,3602.5545,3734.4735,3768.6205,1789.0886,1029.2126
2019-03-15,49,269.1494,313.2000,646.6241,434.6701,1121.0059,3050.5663,3638.4665,3770.2625,3820.9354,1781.0397,1017.0000
2019-03-20,49,164.3182,292.5809,558.2822,353.9733,921.3125,2759.4123,3417.4934,3688.5308,3559.9788,1450.1557,821.9899
2019-03-20,49,209.0000,318.4134,573.1245,361.6050,923.5206,2778.4225,3411.3402,3668.4295,3577.4264,1449.1446,821.9905
2019-03-22,49,199.0000,253.0582,636.7776,403.2885,1083.3986,3273.1219,3947.0990,4185.0163,4105.0829,1827.0000,1027.0000
2019-03-22,49,275.0000,305.6758,662.2884,419.1321,1092.0000,3226.1348,3883.9333,4135.3269,4040.7886,1811.9430,1019.1856
2019-03-25,49,610.1591,637.3295,845.2555,637.3363,1166.7721,2915.5282,3559.8933,3653.5306,3720.0180,1612.2903,908.1566
2019-03-25,49,532.0000,565.2604,793.4425,570.5443,1129.6405,2970.3703,3642.6043,3733.1346,3802.8530,1610.7648,898.0698
2019-03-27,49,-9999.0000,-9999.0000,-9999.0000,-9999.0000,-9999.0000,-9999.0000,-9999.0000,-9999.0000,-9999.0000,-9999.0000,-9999.0000
2019-03-27,49,-9999.0000,-9999.0000,-9999.0000,-9999.0000,-9999.0000,-9999.0000,-9999.0000,-9999.0000,-9999.0000,-9999.0000,-9999.0000
2019-03-30,49,349.0000,485.0419,672.8772,481.6055,998.5883,2604.5757,3222.1533,3412.2596,3349.1515,1299.7304,806.2372
2019-03-30,49,448.0000,541.5823,713.7163,509.8800,1022.2558,2595.8924,3208.9770,3399.7916,3350.4829,1300.4393,802.7300
2019-04-01,49,342.3806,365.5220,673.3530,419.0931,1082.7913,3315.5831,4076.2109,4217.8278,4216.2219,1651.1889,882.2347
2019-04-01,49,399.0000,408.6815,693.9259,434.0360,1084.5458,3250.7442,3943.8490,4118.0532,4120.8626,1624.4936,883.9563
2019-04-06,49,-9999.0000,-9999.0000,-9999.0000,-9999.0000,-9999.0000,-9999.0000,-9999.0000,-9999.0000,-9999.0000,-9999.0000,-9999.0000
2019-04-06,49,-9999.0000,-9999.0000,-9999.0000,-9999.0000,-9999.0000,-9999.0000,-9999.0000,-9999.0000,-9999.0000,-9999.0000,-9999.0000
2019-04-16,49,274.0000,349.2825,586.2801,333.6358,947.7257,2843.2774,3672.0878,3940.0648,3841.3924,1218.5257,612.3133
2019-04-16,49,409.9319,457.7473,661.7034,410.1315,988.6835,2789.1816,3639.5443,3847.4232,3747.4589,1219.8025,611.7798
2019-04-19,49,100.0276,193.4206,425.1326,251.5043,786.2180,2549.4339,3333.0683,3589.5222,3491.9941,1056.4874,580.4142
2019-04-19,49,205.7946,269.4755,477.3347,293.2476,824.4985,2523.5903,3286.0000,3542.8946,3494.2890,1050.4707,581.0969
2019-04-21,49,1434.0000,1385.0357,1604.6780,1405.4714,1938.1147,3481.8273,4063.0000,4337.5000,4184.4768,2093.9162,1570.1839
2019-04-21,49,1452.9667,1393.6834,1584.4838,1393.5255,1884.6698,3329.1607,3873.8723,4154.4496,4009.9819,2066.0000,1545.4085
2019-04-24,49,-9999.0000,-9999.0000,-9999.0000,-9999.0000,-9999.0000,-9999.0000,-9999.0000,-9999.0000,-9999.0000,-9999.0000,-9999.0000
2019-05-01,49,300.0164,317.4343,521.5631,317.1727,773.1220,2659.9600,3394.0000,3557.2266,3509.7449,1146.5933,579.4692
2019-05-01,49,345.1535,349.0617,541.4915,333.4284,781.3016,2628.8590,3359.0000,3514.1601,3464.0000,1150.5439,577.1368
2019-05-06,49,-9999.0000,-9999.0000,-9999.0000,-9999.0000,-9999.0000,-9999.0000,-9999.0000,-9999.0000,-9999.0000,-9999.0000,-9999.0000
2019-05-06,49,-9999.0000,-9999.0000,-9999.0000,-9999.0000,-9999.0000,-9999.0000,-9999.0000,-9999.0000,-9999.0000,-9999.0000,-9999.0000
2019-05-09,49,-9999.0000,-9999.0000,-9999.0000,-9999.0000,-9999.0000,-9999.0000,-9999.0000,-9999.0000,-9999.0000,-9999.0000,-9999.0000
2019-05-16,49,-9999.0000,-9999.0000,-9999.0000,-9999.0000,-9999.0000,-9999.0000,-9999.0000,-9999.0000,-9999.0000,-9999.0000,-9999.0000
2019-05-16,49,-9999.0000,-9999.0000,-9999.0000,-9999.0000,-9999.0000,-9999.0000,-9999.0000,-9999.0000,-9999.0000,-9999.0000,-9999.0000
2019-05-24,49,52.5391,101.2752,323.2860,202.8764,673.3037,2202.8274,2858.0000,2936.6672,3131.5096,1111.2805,604.2914
2019-05-24,49,270.0000,305.6525,485.3607,340.4043,794.7260,2218.6715,2838.0000,2920.3439,3043.2281,1132.8034,620.7642
2019-05-26,49,386.2686,489.7267,717.4598,571.3831,1093.0612,2467.2928,3121.0646,3274.4938,3369.6808,1499.5097,988.0201
2019-05-31,49,147.8939,217.6087,534.3217,390.1614,1003.8044,2612.5821,3187.3357,3350.1331,3478.8127,1467.5998,819.1814
2019-05-31,49,348.8439,382.0569,653.8557,493.8767,1074.5691,2563.7374,3139.0000,3250.7762,3388.7476,1467.7743,819.5116
2019-06-03,49,196.0000,262.0990,493.6076,403.6229,875.7479,1931.4543,2354.5018,2424.4590,2677.0042,1331.2039,794.5901
2019-06-03,49,381.1405,417.8092,612.9314,499.5068,956.1962,1956.2066,2379.0000,2458.8465,2652.4883,1347.7076,802.9983
2019-06-05,49,-9999.0000,-9999.0000,-9999.0000,-9999.0000,-9999.0000,-9999.0000,-9999.0000,-9999.0000,-9999.0000,-9999.0000,-9999.0000
2019-06-05,49,-9999.0000,-9999.0000,-9999.0000,-9999.0000,-9999.0000,-9999.0000,-9999.0000,-9999.0000,-9999.0000,-9999.0000,-9999.0000
2019-06-13,49,744.0000,973.4621,1331.4834,1618.4723,2087.0000,2426.3574,2666.7392,2810.9653,2971.7835,3339.2492,2538.7952
2019-06-13,49,753.0000,984.8087,1339.0180,1618.3981,2069.4619,2437.9408,2660.0938,2811.6707,2971.7973,3320.1763,2552.6263
2019-06-15,49,1380.0000,1689.1500,1989.5084,2195.6572,2649.4793,3022.0000,3306.9492,3412.4812,3514.9792,3564.2883,2868.3907
2019-06-15,49,-9999.0000,-9999.0000,-9999.0000,-9999.0000,-9999.0000,-9999.0000,-9999.0000,-9999.0000,-9999.0000,-9999.0000,-9999.0000
2019-06-18,49,675.7503,995.8216,1378.7715,1770.0125,2186.0000,2523.5637,2796.4104,2891.9138,3083.1936,3736.3721,2995.2438
2019-06-18,49,762.0000,1051.4960,1394.6991,1746.9324,2137.1846,2498.0016,2778.2360,2857.5447,3059.3852,3670.3559,2984.9946
2019-06-20,49,1066.0000,1259.2312,1643.2627,2010.6539,2466.8126,2859.6771,3074.2080,3121.7499,3386.6394,4055.3224,3161.4172
2019-06-20,49,1098.0000,1272.9877,1634.8267,1995.3986,2457.2105,2859.4734,3061.8615,3107.5678,3383.6884,4038.4999,3158.6583
2019-06-23,49,729.4474,913.2434,1227.0594,1531.1204,1904.9422,2250.9693,2450.0052,2483.9071,2692.1356,3143.8207,2387.2338
2019-06-23,49,702.7217,905.0630,1236.2309,1547.4272,1917.7166,2267.5774,2476.0502,2506.6173,2731.6902,3173.1450,2412.0790
2019-06-25,49,964.8808,1258.0000,1580.0801,1915.9780,2331.4503,2661.6832,2939.9845,3000.8121,3219.7573,4137.5481,3402.4337
2019-06-25,49,1019.0000,1277.6185,1581.4419,1899.4388,2310.0000,2653.3597,2933.0789,2973.2647,3178.6766,4088.1996,3380.4277
2019-06-28,49,801.0000,1088.7879,1425.5506,1763.9510,2131.8242,2498.4673,2746.3915,2817.3677,3002.6618,3755.2614,3080.5280
2019-06-28,49,883.0000,1129.1576,1437.2250,1738.5061,2091.5099,2474.4688,2732.7178,2788.5525,2971.0994,3704.8770,3046.0616
2019-06-30,49,964.0000,1202.6849,1627.7468,2006.2137,2426.7152,2891.1207,3105.5701,3258.5611,3382.1693,4102.2037,3207.2936
2019-06-30,49,977.0000,1218.2513,1627.4402,1990.8093,2426.5966,2877.8006,3079.2095,3251.6611,3368.4411,4103.9105,3194.4479
2019-07-03,49,744.0000,1035.2238,1442.6514,1782.0891,2204.0000,2652.1830,2875.5243,2931.9673,3201.8792,3848.8571,2920.4097
2019-07-03,49,884.0000,1104.9924,1450.6604,1723.2188,2149.4292,2612.3780,2851.7176,2875.4796,3138.9944,3735.8244,2873.3926
2019-07-05,49,916.0000,1217.0035,1576.4735,1874.7486,2320.0000,2803.1674,3089.0000,3184.6319,3356.3644,4055.6748,3206.7310
2019-07-05,49,940.0000,1233.8269,1586.6948,1866.9710,2315.5573,2793.6288,3091.9636,3165.2614,3340.4740,4020.6913,3207.5118
2019-07-08,49,1309.8469,1500.4727,1716.7979,1813.1160,2210.8719,2718.9917,2979.8330,3021.3765,3156.3033,3075.4466,2473.0000
2019-07-10,49,931.0000,1129.6557,1540.8173,1778.6731,2284.9405,2923.2260,3139.0663,3284.4759,3419.4606,3898.7230,2965.5105
2019-07-10,49,934.0000,1154.8927,1530.0999,1749.2531,2235.5250,2875.7718,3099.6357,3242.2217,3364.3133,3829.0076,2966.9101
2019-07-13,49,936.5332,1052.9288,1356.5307,1514.5250,1970.1434,2642.7155,2892.7796,2948.8008,3156.4173,3502.0000,2610.9881
2019-07-13,49,1008.0000,1124.7370,1372.5233,1484.0690,1932.5991,2581.4541,2842.2828,2899.0551,3074.1281,3411.2139,2580.0000
2019-07-20,49,909.6291,1010.5984,1370.1002,1506.2033,2050.5928,2883.9283,3128.6333,3192.1800,3416.9253,3623.1541,2647.0824
2019-07-20,49,929.0000,1042.5385,1379.3606,1499.9590,2034.1858,2859.1629,3111.2527,3143.5227,3370.8690,3604.7668,2633.2428
2019-07-23,49,699.0000,851.3137,1210.0909,1339.2238,1859.8434,2612.5013,2859.4935,2882.8409,3131.6679,3301.5345,2426.7672
2019-07-23,49,735.0000,899.6111,1220.1689,1330.4222,1834.2811,2586.5671,2835.8935,2851.7246,3111.1929,3270.0217,2398.0000
2019-07-25,49,895.0000,1077.3043,1360.6415,1449.7613,1969.0106,2715.4855,3100.2125,3084.0461,3331.4384,3559.2778,2680.0107
2019-07-25,49,885.0000,1085.0847,1372.7489,1451.5045,1970.4820,2724.4998,3092.3135,3084.0593,3333.6522,3578.0921,2676.3461
2019-07-30,49,631.0000,756.2568,1154.7661,1107.7946,1717.3664,2875.0076,3124.3213,3140.0435,3398.4778,3224.5454,2226.0117
2019-07-30,49,755.0000,851.8924,1171.8919,1125.1363,1692.6533,2819.8608,3064.7348,3066.2317,3298.9742,3160.3917,2214.6700
2019-08-04,49,541.0000,738.3935,1082.1590,1027.6325,1648.0000,2716.2172,3049.8384,3130.8241,3285.8938,3063.0236,2138.7670
2019-08-04,49,664.9600,817.2711,1115.1425,1035.1779,1611.6498,2643.1414,3000.5797,3066.3290,3209.4948,3013.7579,2119.3236
2019-08-09,49,498.0000,577.1340,905.2648,812.2354,1354.7553,2556.4463,2867.5941,2900.3528,3100.3043,2730.4842,1732.1790
2019-08-09,49,583.0000,633.4878,929.7568,834.3055,1347.0762,2548.5272,2866.1199,2876.0477,3074.9855,2692.0000,1706.4000
2019-08-12,49,-9999.0000,-9999.0000,-9999.0000,-9999.0000,-9999.0000,-9999.0000,-9999.0000,-9999.0000,-9999.0000,-9999.0000,-9999.0000
2019-08-14,49,462.0000,605.6528,891.1527,748.2827,1266.7033,2706.2097,3209.3336,3303.0080,3444.0249,2740.8513,1719.3300
2019-08-14,49,517.0000,645.5291,914.3444,755.2640,1258.3104,2681.4609,3208.0156,3272.7240,3397.7707,2710.0459,1736.0985
2019-08-17,49,345.0000,490.7833,804.1736,653.6045,1164.9563,2579.8478,3094.1216,3176.3403,3303.2345,2505.1690,1572.9725
2019-08-17,49,392.0000,539.9306,818.6859,667.0000,1165.9508,2570.0143,3081.5335,3144.4770,3291.6877,2487.2903,1575.6298
2019-08-19,49,573.7019,635.1150,996.3402,874.5079,1443.7682,2914.3535,3348.5306,3372.6306,3580.0254,2820.9137,1781.2641
2019-08-19,49,774.0000,744.6190,1042.4247,916.5937,1425.7462,2833.7455,3251.5232,3284.7502,3505.5848,2770.0000,1746.2880
2019-08-24,49,1476.0000,1520.6686,1628.7370,1425.8144,1885.4511,2996.5577,3536.5222,3497.3360,3721.0628,2884.6410,1950.2660
2019-08-24,49,1450.0000,1553.0191,1672.9214,1440.4942,1934.0789,3115.8889,3684.2486,3650.4364,3876.5461,2953.9911,1979.2669
2019-08-27,49,505.0000,629.7596,853.8995,731.4333,1203.3321,2396.4802,2874.1890,2904.8664,3130.6066,2487.3152,1597.0000
2019-08-27,49,560.0000,653.6656,865.1963,738.6690,1202.0829,2388.9286,2871.0470,2901.7123,3110.9510,2468.0708,1585.8301
2019-08-29,49,734.0000,741.1726,981.2997,834.5466,1338.2166,2660.7853,3057.2823,3091.4427,3365.7829,2674.2770,1628.7016
2019-08-29,49,567.0000,609.4277,914.5415,771.8654,1329.5186,2730.7840,3145.4174,3157.3251,3466.0804,2744.2769,1643.6602
2019-09-01,49,538.0000,585.4858,833.4262,732.2057,1197.7513,2316.9958,2722.3587,2740.6441,2996.8204,2315.5286,1385.7989
2019-09-01,49,570.7078,605.8525,841.7976,732.3202,1193.0544,2316.6326,2738.5787,2745.2705,3000.4762,2315.6590,1385.3125
2019-09-03,49,301.0000,449.3720,777.3184,596.3452,1177.9472,2631.8677,3142.2108,3285.6913,3429.3130,2452.0795,1437.3557
2019-09-03,49,376.0000,505.5517,805.6286,619.5568,1178.6415,2615.9601,3108.7848,3254.3395,3378.9481,2427.7216,1419.3218
2019-09-11,49,375.0000,426.6846,708.2393,525.6363,1066.3443,2549.0000,2999.8647,3147.0518,3270.9945,2082.9050,1141.0038
2019-09-11,49,410.0000,444.3650,717.4631,525.1767,1069.3800,2556.2014,2998.6200,3142.8901,3251.4597,2084.9964,1136.5210
2019-09-13,49,258.5108,361.3252,653.9877,459.1166,1022.1383,2618.9458,3194.5355,3335.2672,3445.3077,2252.4730,1250.8860
2019-09-13,49,307.0000,393.9171,673.6625,475.4372,1033.7889,2602.7462,3175.5975,3318.2570,3432.4341,2240.0000,1244.1106
2019-09-16,49,331.0000,429.5099,681.3767,478.0200,994.5756,2590.0578,3176.0743,3271.4813,3450.1010,2114.7135,1189.3509
2019-09-16,49,378.2583,456.9873,697.4023,480.8645,996.4376,2588.4524,3193.5910,3254.6234,3429.9069,2115.2893,1179.9434
2019-09-18,49,-9999.0000,-9999.0000,-9999.0000,-9999.0000,-9999.0000,-9999.0000,-9999.0000,-9999.0000,-9999.0000,-9999.0000,-9999.0000
2019-09-18,49,-9999.0000,-9999.0000,-9999.0000,-9999.0000,-9999.0000,-9999.0000,-9999.0000,-9999.0000,-9999.0000,-9999.0000,-9999.0000
2019-09-21,49,230.6390,309.3226,625.2653,434.8636,986.0681,2759.9253,3334.4662,3590.8510,3685.4236,2135.3082,1131.3010
2019-09-21,49,322.4350,365.3779,656.9241,458.2524,994.7753,2728.5219,3334.2400,3558.0686,3625.5265,2119.9975,1128.9065
2019-09-28,49,-9999.0000,-9999.0000,-9999.0000,-9999.0000,-9999.0000,-9999.0000,-9999.0000,-9999.0000,-9999.0000,-9999.0000,-9999.0000
2019-09-28,49,-9999.0000,-9999.0000,-9999.0000,-9999.0000,-9999.0000,-9999.0000,-9999.0000,-9999.0000,-9999.0000,-9999.0000,-9999.0000
2019-10-01,49,-9999.0000,-9999.0000,-9999.0000,-9999.0000,-9999.0000,-9999.0000,-9999.0000,-9999.0000,-9999.0000,-9999.0000,-9999.0000
2019-10-01,49,-9999.0000,-9999.0000,-9999.0000,-9999.0000,-9999.0000,-9999.0000,-9999.0000,-9999.0000,-9999.0000,-9999.0000,-9999.0000
2019-10-08,49,-9999.0000,-9999.0000,-9999.0000,-9999.0000,-9999.0000,-9999.0000,-9999.0000,-9999.0000,-9999.0000,-9999.0000,-9999.0000
2019-10-08,49,-9999.0000,-9999.0000,-9999.0000,-9999.0000,-9999.0000,-9999.0000,-9999.0000,-9999.0000,-9999.0000,-9999.0000,-9999.0000
2019-10-11,49,374.5147,510.7336,769.6646,820.9093,1273.8021,1845.0000,2043.0000,2182.8919,2363.6366,2667.1414,1876.1724
2019-10-11,49,449.3852,560.8725,797.6090,837.9934,1264.3231,1820.3813,2044.6150,2182.7809,2344.2683,2660.6406,1875.5763
2019-10-16,49,372.0000,572.2369,778.6121,881.7665,1273.1731,1669.0000,1892.3877,2056.6202,2155.0000,2594.8103,1948.3443
2019-10-16,49,420.0000,600.0000,798.8267,893.5616,1275.0000,1676.0000,1896.0334,2055.9415,2150.9076,2589.7217,1931.5508
2019-10-21,49,-9999.0000,-9999.0000,-9999.0000,-9999.0000,-9999.0000,-9999.0000,-9999.0000,-9999.0000,-9999.0000,-9999.0000,-9999.0000
2019-10-21,49,-9999.0000,-9999.0000,-9999.0000,-9999.0000,-9999.0000,-9999.0000,-9999.0000,-9999.0000,-9999.0000,-9999.0000,-9999.0000
2019-10-23,49,424.0000,614.3333,809.2181,921.9067,1307.0000,1747.9426,1956.0764,2120.6070,2195.4163,2786.9070,2105.6946
2019-10-23,49,437.0000,624.5056,817.8743,921.8000,1306.2990,1731.7173,1957.8031,2119.6385,2200.9374,2778.1638,2099.6081
2019-10-26,49,386.5392,580.6630,773.9001,861.7774,1209.1872,1658.0000,1858.1206,2037.1841,2090.5111,2547.8609,1970.6865
2019-10-26,49,367.0000,562.6231,754.0683,837.7036,1200.4627,1660.4399,1858.8107,2034.8840,2099.8500,2563.3720,1965.2738
2019-10-28,49,-9999.0000,-9999.0000,-9999.0000,-9999.0000,-9999.0000,-9999.0000,-9999.0000,-9999.0000,-9999.0000,-9999.0000,-9999.0000
2019-10-31,49,-9999.0000,-9999.0000,-9999.0000,-9999.0000,-9999.0000,-9999.0000,-9999.0000,-9999.0000,-9999.0000,-9999.0000,-9999.0000
2019-11-07,49,80.0000,262.7445,610.2707,681.6976,1193.1865,1859.0420,2037.3808,2213.9528,2295.8538,2330.6995,1518.2501
2019-11-07,49,396.0000,500.2739,750.0000,769.8810,1225.1175,1828.4977,1992.3902,2167.4338,2230.5806,2258.9830,1490.9737
2019-11-10,49,340.0000,476.7628,728.2070,750.2736,1184.0000,1762.5237,1906.1041,2085.5813,2177.8731,2188.0264,1434.3863
2019-11-10,49,373.0000,492.3337,738.5343,750.6206,1196.3478,1771.3510,1924.1042,2103.4944,2170.8643,2179.2497,1435.6642
2019-11-30,49,-9999.0000,-9999.0000,-9999.0000,-9999.0000,-9999.0000,-9999.0000,-9999.0000,-9999.0000,-9999.0000,-9999.0000,-9999.0000
2019-11-30,49,-9999.0000,-9999.0000,-9999.0000,-9999.0000,-9999.0000,-9999.0000,-9999.0000,-9999.0000,-9999.0000,-9999.0000,-9999.0000
2019-12-05,49,1050.0000,1294.0000,1442.0000,1404.0000,1903.0000,2536.0000,2742.0000,3161.0000,3095.0000,3008.0000,2164.0000
2019-12-05,49,896.0000,1092.0000,1354.0000,1306.0000,1877.0000,2606.0000,2854.0000,3338.0000,3168.0000,3041.0000,2156.0000
2019-12-07,49,494.0000,618.5199,976.3058,1093.1740,1649.2968,2246.4305,2475.3902,2644.9125,2761.5333,2810.7028,1866.1626
2019-12-07,49,680.0000,780.4185,1061.4392,1129.4811,1625.9563,2186.0236,2343.7627,2535.1922,2666.6711,2748.2204,1835.4701
2019-12-10,49,282.4235,456.1249,705.2818,793.4627,1202.3193,1586.3893,1763.0275,1927.0279,2007.5185,2034.9599,1313.0417
2019-12-10,49,324.4100,482.3112,718.2866,797.7752,1205.1602,1602.0000,1748.0000,1926.4582,1997.2902,2029.4202,1304.3969
2019-12-25,49,514.0000,730.0000,888.9850,966.2196,1286.0000,1577.0000,1740.9895,1928.3632,1960.9909,1826.0387,1268.8790
2019-12-25,49,540.4769,741.0000,901.8528,972.5835,1322.3161,1630.1856,1773.0351,1956.8377,1986.6854,1828.3603,1285.7665
2019-12-27,49,587.0000,771.1443,1059.6552,1249.9013,1762.8661,2275.6598,2436.7619,2644.0861,2775.3927,3160.1417,2171.7424
2019-12-27,49,567.0000,733.0000,1036.8070,1208.2788,1736.4610,2244.1682,2406.0000,2647.2726,2745.7928,3174.9846,2153.4930
2019-12-30,49,346.0000,508.3394,704.2090,815.0000,1158.0000,1465.5648,1622.0000,1751.7545,1813.2163,2018.5352,1398.2348
2019-12-30,49,394.0000,534.5932,725.5813,823.0000,1157.9304,1481.0000,1616.0000,1767.0206,1835.4005,2019.1981,1380.7126
2020-01-01,49,1.0000,310.0888,545.2646,753.2866,1144.0000,1460.8799,1655.5749,1849.2756,1878.8422,2171.7603,1488.6559
2020-01-01,49,331.0000,580.0000,725.2272,852.8370,1189.6293,1498.5326,1670.7159,1831.4564,1865.1386,2112.0000,1468.5675
2020-01-04,49,363.0000,632.8192,837.4039,1005.2783,1409.9219,1763.5753,1938.8663,2089.0099,2169.9900,2235.3644,1621.1562
2020-01-04,49,470.0000,704.7843,897.1692,1040.9210,1430.3718,1773.6771,1956.9164,2088.3973,2167.6236,2203.8298,1619.3709
2020-01-06,49,-9999.0000,-9999.0000,-9999.0000,-9999.0000,-9999.0000,-9999.0000,-9999.0000,-9999.0000,-9999.0000,-9999.0000,-9999.0000
2020-01-09,49,584.0143,748.4443,924.4356,1036.0000,1360.9884,1604.0000,1697.6642,1834.5313,1909.7496,2202.5974,1609.0000
2020-01-09,49,564.0000,728.6954,900.3922,1012.7378,1337.0000,1603.4006,1691.3648,1835.3115,1908.2405,2206.2650,1613.9861
2020-01-11,49,2.0041,332.1923,548.8011,789.1261,1186.4326,1501.4920,1702.4443,1847.7754,1925.4651,2282.7979,1587.6375
2020-01-11,49,382.0570,610.4396,745.9337,892.8406,1233.5270,1508.4683,1675.4564,1829.8617,1878.1005,2202.8609,1557.6774
2020-01-14,49,423.0000,659.0000,792.0000,912.6086,1229.3307,1504.9814,1637.2375,1784.3373,1849.8600,1978.1302,1409.5215
2020-01-14,49,342.2418,584.6676,744.1706,881.2339,1221.0000,1496.9278,1667.7966,1814.6941,1881.2968,1996.4452,1410.7783
2020-01-16,49,-9999.0000,-9999.0000,-9999.0000,-9999.0000,-9999.0000,-9999.0000,-9999.0000,-9999.0000,-9999.0000,-9999.0000,-9999.0000
2020-01-16,49,-9999.0000,-9999.0000,-9999.0000,-9999.0000,-9999.0000,-9999.0000,-9999.0000,-9999.0000,-9999.0000,-9999.0000,-9999.0000
2020-01-19,49,-9999.0000,-9999.0000,-9999.0000,-9999.0000,-9999.0000,-9999.0000,-9999.0000,-9999.0000,-9999.0000,-9999.0000,-9999.0000
2020-01-21,49,418.0000,654.8428,813.5490,985.3861,1341.6751,1668.7837,1828.5831,2022.0884,2041.9312,2452.2893,1764.0170
2020-01-21,49,457.0000,680.3028,829.4937,993.4620,1345.2997,1645.0000,1812.5247,2022.0981,2036.5755,2442.8600,1763.7416
2020-01-24,49,275.0000,669.4783,881.1161,1041.3864,1388.5981,1672.0000,1835.8825,2009.0678,2024.4292,2139.9160,1561.7768
2020-01-24,49,433.5008,762.3556,946.1087,1077.3523,1412.5493,1682.5492,1850.4951,2022.4789,2033.0000,2124.0000,1557.2504
2020-01-29,49,-9999.0000,-9999.0000,-9999.0000,-9999.0000,-9999.0000,-9999.0000,-9999.0000,-9999.0000,-9999.0000,-9999.0000,-9999.0000
2020-01-29,49,-9999.0000,-9999.0000,-9999.0000,-9999.0000,-9999.0000,-9999.0000,-9999.0000,-9999.0000,-9999.0000,-9999.0000,-9999.0000
2020-01-31,49,876.0000,1060.0000,1154.0000,1194.0000,1502.6750,1724.0015,1842.0200,1955.4714,1995.8825,2077.3107,1534.0537
2020-02-05,49,184.0039,366.4792,664.7648,893.4059,1314.9078,1667.9543,1837.0000,2069.8963,2119.6677,2666.4338,1938.8622
2020-02-05,49,420.0000,540.8115,777.5283,945.7334,1328.0000,1684.9579,1852.8936,2054.7627,2086.6214,2611.1236,1915.7275
2020-02-08,49,584.7470,700.6142,814.4973,940.8288,1013.3261,1042.0911,1094.1479,1192.1491,1155.8249,1427.8347,1149.6759
2020-02-08,49,592.0372,696.4000,810.6547,941.2514,1001.2431,1034.2097,1090.3837,1191.1152,1147.0458,1438.6445,1146.6546
2020-02-13,49,987.0000,1150.0000,1234.0000,1324.4176,1433.0073,1481.8763,1554.0144,1636.2424,1603.6300,1825.3393,1628.7272
2020-02-13,49,994.0000,1154.0000,1252.0000,1348.8994,1469.7054,1539.4282,1609.8924,1690.9075,1660.0564,1834.9662,1643.7186
2020-02-15,49,997.0000,1106.0000,1270.0000,1412.0000,1573.5272,1618.2176,1681.7874,1798.2629,1763.6896,1948.9997,1612.8820
2020-02-15,49,1016.8397,1124.0000,1278.0000,1409.0360,1558.0480,1618.2601,1676.8080,1797.6594,1763.6300,1939.7174,1588.6396
2020-02-18,49,1601.0000,1592.0000,1626.0000,1608.0000,1772.3197,1881.9734,1941.6730,1963.8695,1986.2328,2003.8680,1617.6539
2020-02-18,49,1532.6602,1538.0000,1596.0000,1592.0000,1792.7208,1918.7416,1976.8119,1995.8933,2028.1543,2019.3036,1627.6835
2020-02-20,49,209.8704,476.7240,625.7838,813.3380,886.5906,869.0758,914.7081,995.2792,978.9120,1305.0227,1137.2052
2020-02-20,49,224.3353,488.3911,629.4860,809.4075,881.0389,859.2402,917.5072,995.2328,969.9230,1301.9495,1129.5579
2020-02-28,49,832.0000,1060.9721,1314.7112,1563.8453,1667.2695,1731.0258,1787.3809,1992.1629,1891.6995,2361.8571,2059.0771
2020-02-28,49,856.8928,1072.0000,1330.3165,1570.1339,1667.4512,1716.6495,1786.4636,1992.1350,1877.8152,2370.7178,2067.6448
2020-03-06,49,733.0000,850.2922,1081.2696,1361.3254,1541.7664,1595.0907,1659.4852,1766.9509,1803.7730,2044.4453,1515.2540
2020-03-06,49,681.9559,813.3634,1068.6286,1363.0145,1544.4092,1586.1245,1643.9290,1749.6062,1788.8811,2041.0405,1514.8085
2020-03-09,49,-9999.0000,-9999.0000,-9999.0000,-9999.0000,-9999.0000,-9999.0000,-9999.0000,-9999.0000,-9999.0000,-9999.0000,-9999.0000
2020-03-11,49,-9999.0000,-9999.0000,-9999.0000,-9999.0000,-9999.0000,-9999.0000,-9999.0000,-9999.0000,-9999.0000,-9999.0000,-9999.0000
2020-03-11,49,-9999.0000,-9999.0000,-9999.0000,-9999.0000,-9999.0000,-9999.0000,-9999.0000,-9999.0000,-9999.0000,-9999.0000,-9999.0000
2020-03-14,49,-9999.0000,-9999.0000,-9999.0000,-9999.0000,-9999.0000,-9999.0000,-9999.0000,-9999.0000,-9999.0000,-9999.0000,-9999.0000
2020-03-16,49,1125.0000,1458.9041,1868.0575,2210.0092,2420.5064,2500.9905,2594.9701,2806.9867,2731.5327,3285.6631,2905.4190
2020-03-16,49,1161.6602,1433.9792,1779.9458,2083.2053,2300.8442,2451.8506,2556.4755,2755.0216,2675.6684,3208.3699,2859.5772
2020-03-19,49,1001.0000,1265.8450,1579.2345,1803.0584,2147.1538,2300.8887,2393.6461,2514.4771,2531.0626,2915.1064,2589.0000
2020-03-19,49,1048.3088,1284.5180,1587.5082,1802.5246,2129.4876,2308.9168,2388.7666,2522.2612,2517.0954,2924.7053,2587.7009
2020-03-21,49,-9999.0000,-9999.0000,-9999.0000,-9999.0000,-9999.0000,-9999.0000,-9999.0000,-9999.0000,-9999.0000,-9999.0000,-9999.0000
2020-03-24,49,1073.0000,1394.4203,1674.7929,1962.6490,2263.0000,2529.4490,2661.0697,2871.7443,2777.6980,3163.2202,3030.7631
2020-03-24,49,1102.2221,1450.9625,1746.9500,2055.4714,2360.1725,2583.4960,2696.2777,2935.3447,2823.1293,3217.3228,3064.7896
2020-03-29,49,-9999.0000,-9999.0000,-9999.0000,-9999.0000,-9999.0000,-9999.0000,-9999.0000,-9999.0000,-9999.0000,-9999.0000,-9999.0000
2020-03-29,49,-9999.0000,-9999.0000,-9999.0000,-9999.0000,-9999.0000,-9999.0000,-9999.0000,-9999.0000,-9999.0000,-9999.0000,-9999.0000
2020-03-31,49,1359.0000,1810.1800,2150.0398,2486.5931,2771.9957,2997.6172,3125.5609,3450.8169,3236.9287,3669.8280,3427.4524
2020-03-31,49,1380.0000,1818.6995,2165.0189,2487.9807,2775.0000,2999.5450,3116.4296,3451.1273,3244.6602,3658.2497,3434.1552
2020-04-03,49,1180.0000,1546.9193,1859.5624,2098.0340,2442.5314,2651.4676,2802.9508,2994.8342,2906.0000,3287.0000,3114.1738
2020-04-03,49,1190.0000,1570.9506,1865.9303,2105.6082,2450.2453,2673.8980,2825.9988,3003.8580,2884.8494,3307.3051,3079.7345
2020-04-05,49,1430.0000,1731.1222,2114.8492,2438.3048,2763.0060,3019.6136,3138.3782,3381.0995,3234.0000,3673.0632,3333.9107
2020-04-05,49,1412.0000,1722.9054,2083.8153,2420.5120,2724.0000,2994.3577,3097.5422,3373.0451,3217.0000,3641.3540,3322.4081
2020-04-08,49,1197.2469,1570.7766,1955.7554,2233.5306,2529.9730,2757.0000,2883.6498,3163.0383,3022.4489,3316.7321,2997.8114
2020-04-08,49,1229.0000,1571.5874,1953.0798,2214.9477,2475.0000,2745.8145,2875.1430,3153.5959,2994.0679,3319.5209,2963.8645
2020-04-10,49,1441.0000,1817.9038,2204.0000,2516.6932,2858.7112,3076.1913,3200.4246,3433.2631,3322.5591,3771.7857,3544.8545
2020-04-10,49,1381.0000,1792.8432,2163.6622,2486.9349,2826.0000,3044.8581,3188.2977,3415.6722,3305.2132,3767.1060,3539.3751
2020-04-13,49,1340.0000,1722.1684,2084.0000,2374.9952,2679.6176,2923.3047,3064.6346,3272.7870,3168.4769,3514.4270,3286.2931
2020-04-13,49,1301.0000,1721.1197,2051.6754,2341.5147,2639.0000,2916.0248,3062.4086,3266.6667,3161.5417,3463.3823,3255.4873
2020-04-15,49,1545.2604,1850.0974,2267.1766,2584.2210,2889.3367,3148.6552,3258.4411,3508.4804,3371.6734,3708.7414,3400.7001
2020-04-15,49,1476.0000,1818.1538,2225.9617,2552.2309,2821.4665,3101.0000,3226.5990,3461.3191,3358.3910,3707.5785,3402.5223
2020-04-18,49,1403.0000,1668.0078,2011.7928,2242.7168,2501.0000,2779.5372,2915.0716,3035.7804,3034.0710,3188.1053,2833.8517
2020-04-18,49,1417.0000,1674.3669,2003.0231,2226.8781,2499.4028,2781.1984,2915.8345,3026.2451,3025.9388,3167.0000,2823.9784
2020-04-23,49,1222.2064,1595.4158,1963.2932,2331.7753,2491.5214,2627.0221,2762.5112,2970.1966,2884.1795,3511.0627,3382.4682
2020-04-23,49,1241.6886,1578.0829,1931.4135,2273.4302,2442.2989,2596.5613,2739.9883,2945.5778,2859.0063,3478.8698,3351.5194
2020-04-25,49,1525.0000,1803.2573,2211.0917,2570.9251,2779.8512,2970.0670,3075.7472,3203.1707,3219.4759,3882.6194,3560.7064
2020-04-25,49,1557.0418,1794.4978,2178.2182,2522.1595,2756.3167,2946.8983,3068.1379,3188.7859,3204.7557,3877.4392,3555.9396
2020-04-30,49,-9999.0000,-9999.0000,-9999.0000,-9999.0000,-9999.0000,-9999.0000,-9999.0000,-9999.0000,-9999.0000,-9999.0000,-9999.0000
2020-04-30,49,-9999.0000,-9999.0000,-9999.0000,-9999.0000,-9999.0000,-9999.0000,-9999.0000,-9999.0000,-9999.0000,-9999.0000,-9999.0000
2020-05-03,49,995.9945,1371.5089,1731.4652,2103.5064,2310.9094,2521.8395,2692.7812,2875.7245,2817.0000,3192.5379,2835.4244
2020-05-03,49,1036.5056,1371.3427,1730.7333,2086.5220,2275.4637,2516.3254,2660.5519,2865.5620,2807.5627,3190.0221,2854.4334
2020-05-08,49,1386.5343,1732.5636,2156.0866,2519.9797,2709.4450,2827.8140,2954.1457,3060.7179,3076.1620,3507.8688,3192.4841
2020-05-08,49,1369.1859,1658.8547,2051.5685,2392.1462,2588.1260,2763.9605,2917.3473,3018.6221,3042.0662,3443.9038,3144.8344
2020-05-10,49,-9999.0000,-9999.0000,-9999.0000,-9999.0000,-9999.0000,-9999.0000,-9999.0000,-9999.0000,-9999.0000,-9999.0000,-9999.0000
2020-05-10,49,-9999.0000,-9999.0000,-9999.0000,-9999.0000,-9999.0000,-9999.0000,-9999.0000,-9999.0000,-9999.0000,-9999.0000,-9999.0000
2020-05-15,49,825.0000,877.7915,1020.0401,1074.5083,1237.4869,1457.6506,1544.1123,1544.4649,1577.5558,1371.0000,932.4776
2020-05-15,49,957.0000,1122.0000,1300.2870,1354.0000,1510.0000,1740.0000,1832.8727,2121.0737,1857.0182,1812.0000,1188.9985
2020-05-23,49,1792.0000,2203.8582,2620.4764,2886.0317,3208.2088,3493.0000,3722.8725,3739.3651,3838.3615,3960.3545,3623.7324
2020-05-25,49,1622.3806,2054.0233,2586.2713,3014.1170,3349.2946,3675.5807,3811.8441,3961.9949,3963.6126,4503.1577,4007.1896
2020-05-25,49,1673.0000,2103.8478,2646.1032,3091.3896,3452.2871,3686.1871,3832.9251,3994.5738,3974.8639,4550.7355,4009.1046
2020-05-28,49,-9999.0000,-9999.0000,-9999.0000,-9999.0000,-9999.0000,-9999.0000,-9999.0000,-9999.0000,-9999.0000,-9999.0000,-9999.0000
2020-05-28,49,-9999.0000,-9999.0000,-9999.0000,-9999.0000,-9999.0000,-9999.0000,-9999.0000,-9999.0000,-9999.0000,-9999.0000,-9999.0000
2020-05-30,49,1826.0000,2358.3791,2888.2148,3235.4557,3571.0000,3894.2772,4076.1405,4226.3618,4201.0021,4677.5407,4280.7180
2020-05-30,49,1770.0000,2308.8695,2824.0088,3175.8275,3512.5323,3850.3118,4025.6221,4185.6343,4149.7350,4632.9077,4264.5675
2020-06-02,49,1501.0000,1942.7859,2454.6422,2789.6582,3140.3779,3547.0946,3786.4660,3850.6945,3897.2158,4340.8316,3957.9891
2020-06-02,49,1470.0000,1875.9428,2374.6462,2679.6975,3049.5565,3479.5157,3703.8237,3785.9061,3832.6736,4278.2933,3927.1467
2020-06-04,49,-9999.0000,-9999.0000,-9999.0000,-9999.0000,-9999.0000,-9999.0000,-9999.0000,-9999.0000,-9999.0000,-9999.0000,-9999.0000
2020-06-04,49,-9999.0000,-9999.0000,-9999.0000,-9999.0000,-9999.0000,-9999.0000,-9999.0000,-9999.0000,-9999.0000,-9999.0000,-9999.0000
2020-06-07,49,1094.0000,1243.3857,1594.9763,1699.0204,2138.0000,2795.2555,3015.3477,2968.9363,3158.9450,3114.5160,2386.1861
2020-06-07,49,1151.0000,1283.3717,1626.8135,1721.5780,2187.2800,2792.8705,3013.0000,2999.3455,3175.1792,3146.3005,2407.7280
2020-06-12,49,712.0000,921.1943,1275.1946,1339.1172,1717.1534,2429.3250,2666.3135,2727.7345,2773.6721,2514.4170,1850.7688
2020-06-12,49,764.0000,940.9799,1283.6717,1347.3611,1721.5309,2435.3796,2679.1571,2727.7169,2775.0029,2507.3465,1859.8032
2020-06-14,49,948.7414,1041.9404,1441.9710,1431.1298,1941.4173,3027.9799,3309.8697,3301.0544,3451.7070,2920.9911,2103.0000
2020-06-14,49,920.2847,1032.9052,1457.7538,1447.2910,1956.7052,3063.4926,3338.9287,3334.1072,3467.9817,2952.1469,2084.3126
2020-06-17,49,756.0000,826.6223,1243.3728,1124.6293,1714.5473,2964.4815,3357.9793,3339.3142,3499.7083,2698.3549,1841.0000
2020-06-17,49,733.0000,851.6755,1250.2086,1122.4913,1699.3952,2963.8952,3355.2190,3348.3070,3497.0754,2680.6884,1829.4691
2020-06-19,49,708.0000,835.3736,1211.3467,1042.6090,1626.9926,3159.6021,3717.9361,3735.3818,3797.8520,2708.4187,1844.4384
2020-06-19,49,702.0000,850.9719,1209.7227,1035.1610,1626.0000,3174.7041,3732.7047,3735.3555,3802.8080,2707.0837,1832.8165
2020-06-22,49,490.2647,555.0327,875.9547,717.3333,1219.2388,2808.8526,3433.5001,3430.8359,3508.9959,2281.0000,1511.5541
2020-06-22,49,499.0000,592.0015,898.9448,739.3842,1229.6655,2806.9036,3403.8109,3415.5393,3513.7000,2274.0000,1496.4639
2020-06-24,49,-9999.0000,-9999.0000,-9999.0000,-9999.0000,-9999.0000,-9999.0000,-9999.0000,-9999.0000,-9999.0000,-9999.0000,-9999.0000
2020-06-27,49,429.0000,514.2000,844.1127,674.8028,1186.6276,3300.6497,4212.2292,4183.2488,4374.8644,2453.5117,1489.6490
2020-06-27,49,550.0000,604.8974,906.9868,731.9787,1244.4448,3232.8923,4135.8496,4088.4565,4264.3960,2434.7123,1492.4989
2020-06-29,49,501.0000,619.4479,915.9552,692.4017,1235.9618,3411.6389,4551.1903,4531.9487,4696.1609,2552.0691,1557.0000
2020-06-29,49,597.0000,681.2731,956.0053,739.9093,1257.6531,3353.0807,4504.5155,4440.3005,4613.1654,2551.9263,1551.0000
2020-07-02,49,-9999.0000,-9999.0000,-9999.0000,-9999.0000,-9999.0000,-9999.0000,-9999.0000,-9999.0000,-9999.0000,-9999.0000,-9999.0000
2020-07-02,49,-9999.0000,-9999.0000,-9999.0000,-9999.0000,-9999.0000,-9999.0000,-9999.0000,-9999.0000,-9999.0000,-9999.0000,-9999.0000
2020-07-04,49,1122.0000,1006.0000,1336.0000,1144.0000,1685.0000,4066.0000,5033.0000,5504.0000,5063.0000,2788.0000,1858.0000
2020-07-04,49,1224.0000,1050.0000,1322.0000,1142.0000,1589.0000,3665.0000,4630.0000,4920.0000,4674.0000,2600.0000,1751.0000
2020-07-07,49,236.0000,285.4827,568.6351,373.5434,819.8911,3011.0470,4086.6336,4261.5390,4248.4590,1867.3499,979.6557
2020-07-07,49,291.3139,329.2002,593.5230,393.8485,834.9941,3003.3481,4067.7556,4230.9433,4229.2769,1869.3211,978.4217
2020-07-09,49,331.5441,441.5848,721.2268,467.8108,1006.4991,3299.0650,4630.4679,4600.8375,4773.7803,2204.7393,1224.9333
2020-07-09,49,472.0000,549.7338,802.2042,547.2589,1059.0000,3221.8096,4486.9611,4473.3654,4631.9202,2186.6302,1212.2713
2020-07-12,49,234.5601,309.4587,553.8279,353.5901,805.4029,2949.3029,4104.8252,4233.6165,4262.0000,1780.1824,962.4242
2020-07-12,49,284.1290,341.2066,577.9036,365.2836,817.4409,2938.9104,4103.7436,4214.0464,4267.1045,1786.0818,964.9208
2020-07-14,49,399.0000,413.7754,714.9375,483.1201,1004.1662,3474.6185,4613.1035,4741.5677,4840.0575,2123.3442,1154.6799
2020-07-14,49,420.2784,433.4231,731.9650,491.6449,1008.5359,3468.0976,4599.8737,4726.6224,4804.0958,2131.4283,1140.4046
2020-07-17,49,178.4214,232.9671,541.0410,340.0290,872.8943,3226.4871,4390.9089,4404.2946,4597.6217,1866.4165,961.7138
2020-07-17,49,291.5728,320.7638,597.3426,387.7355,904.7915,3169.9929,4294.9668,4326.6917,4481.4358,1859.4169,962.5565
2020-07-19,49,171.5315,285.4553,589.7688,354.1070,921.4572,3287.1632,4599.4989,4645.1424,4793.2557,2043.7399,1060.5504
2020-07-19,49,312.2206,386.0170,653.6493,417.9936,960.9222,3224.2269,4470.6124,4533.7733,4681.3331,2018.5991,1051.0000
2020-07-22,49,-9999.0000,-9999.0000,-9999.0000,-9999.0000,-9999.0000,-9999.0000,-9999.0000,-9999.0000,-9999.0000,-9999.0000,-9999.0000
2020-07-22,49,-9999.0000,-9999.0000,-9999.0000,-9999.0000,-9999.0000,-9999.0000,-9999.0000,-9999.0000,-9999.0000,-9999.0000,-9999.0000
2020-07-27,49,355.9801,377.8920,626.2320,443.1429,948.3229,2787.3951,3707.5391,3716.1376,3955.3555,1944.0000,1020.0000
2020-07-27,49,418.0000,429.4025,653.7270,459.8496,964.9931,2787.9278,3683.9945,3683.6724,3930.3950,1932.0107,993.7577
2020-07-29,49,517.0000,605.2364,814.0410,604.0562,1118.6866,2810.8044,3860.6558,3864.7931,4103.8628,2212.5745,1244.0046
2020-07-29,49,606.3656,672.2444,861.2431,651.4721,1133.0006,2796.0036,3798.7635,3799.7466,4037.6598,2210.6221,1236.4985
2020-08-01,49,325.3853,444.3451,673.7380,506.8479,988.4563,2579.3818,3555.1530,3607.3451,3816.5819,2067.7635,1154.3230
2020-08-01,49,433.0000,521.3960,725.0135,546.5438,1016.9913,2554.7039,3510.9088,3559.8950,3765.4389,2041.3283,1155.8607
2020-08-06,49,193.1380,241.2934,509.3052,339.0859,826.0205,2587.1536,3447.0949,3450.8935,3721.7802,1899.4149,1006.1007
2020-08-06,49,254.0000,286.0887,538.0887,363.5365,843.7014,2595.9091,3417.9339,3441.6115,3701.8610,1890.2787,994.7613
2020-08-08,49,232.0000,341.5000,593.2120,418.3512,909.5438,2644.5871,3610.9233,3751.8593,3863.5830,2117.9321,1171.8553
2020-08-08,49,376.0000,449.3388,669.3575,484.1310,961.9395,2620.7563,3543.6912,3687.2881,3816.1318,2099.3830,1177.6095
2020-08-11,49,-9999.0000,-9999.0000,-9999.0000,-9999.0000,-9999.0000,-9999.0000,-9999.0000,-9999.0000,-9999.0000,-9999.0000,-9999.0000
2020-08-11,49,-9999.0000,-9999.0000,-9999.0000,-9999.0000,-9999.0000,-9999.0000,-9999.0000,-9999.0000,-9999.0000,-9999.0000,-9999.0000
2020-08-13,49,220.0204,265.1751,605.6784,427.9020,978.5592,2834.7710,3654.1798,3704.7343,3976.5737,2221.6860,1195.3806
2020-08-13,49,426.0000,437.9759,713.6833,523.1994,1030.0335,2804.1175,3595.4173,3624.8031,3893.8617,2204.1530,1194.0587
2020-08-16,49,285.5739,417.7457,661.6275,500.0007,964.1214,2555.4172,3312.8797,3371.9129,3622.4926,2028.1371,1109.5505
2020-08-16,49,342.0000,461.5660,693.1304,515.3299,971.6557,2547.5188,3300.5692,3362.8511,3609.6827,2019.2632,1107.1529
2020-08-21,49,373.9901,468.3646,693.6700,525.2747,973.3669,2395.4808,3146.2347,3188.3222,3416.9169,2001.5949,1149.5666
2020-08-21,49,381.1237,473.7489,693.5644,517.5556,965.3270,2402.4381,3157.8731,3190.5905,3431.1613,2012.0087,1157.9595
2020-08-23,49,402.0000,457.4055,769.5550,587.8831,1126.0000,2797.7574,3398.6142,3481.9466,3770.5534,2346.5364,1308.4270
2020-08-23,49,504.5400,532.8476,813.4515,636.2000,1141.4907,2767.0000,3415.3225,3441.3215,3704.3824,2317.0000,1299.4311
2020-08-26,49,636.4721,700.8916,941.2321,797.3914,1284.9275,2602.7854,3190.6893,3266.6232,3507.3722,2180.9970,1307.4149
2020-08-26,49,636.3427,689.1123,932.9647,786.9649,1282.5920,2635.8931,3229.0236,3292.7102,3516.3193,2196.6944,1323.8592
2020-08-28,49,211.1535,381.7348,697.3843,572.4924,1146.7778,2525.0343,3206.6663,3272.2055,3529.1435,2388.5424,1397.4173
2020-08-28,49,428.1497,545.7429,801.3978,659.2685,1169.3484,2489.3442,3128.4294,3192.1024,3448.0244,2348.3459,1388.8478
2020-09-02,49,1702.0000,1032.0000,1372.0000,1130.0000,1618.0000,3271.0000,3811.0000,4248.0000,4114.0000,2519.0000,1715.0000
2020-09-02,49,1637.0000,1082.0000,1350.0000,1120.0000,1536.0000,3147.0000,3686.0000,3896.0000,3944.0000,2457.0000,1624.0000
2020-09-05,49,353.0000,413.4471,642.0260,553.5920,982.4998,2056.0000,2453.8814,2516.5669,2706.6231,1901.0000,1089.9823
2020-09-05,49,426.2841,469.4417,673.4110,577.1693,1001.0508,2050.1763,2426.9748,2522.7510,2724.5798,1884.1897,1085.6384
2020-09-07,49,-9999.0000,-9999.0000,-9999.0000,-9999.0000,-9999.0000,-9999.0000,-9999.0000,-9999.0000,-9999.0000,-9999.0000,-9999.0000
2020-09-07,49,-9999.0000,-9999.0000,-9999.0000,-9999.0000,-9999.0000,-9999.0000,-9999.0000,-9999.0000,-9999.0000,-9999.0000,-9999.0000
2020-09-10,49,1012.0000,1120.0000,1268.0000,1132.0000,1526.4872,2333.2662,2711.0000,2713.2145,2876.0000,2077.5458,1465.5838
2020-09-10,49,1151.0000,1214.0000,1328.0000,1168.0000,1524.0000,2326.3033,2690.8197,2698.6020,2860.8602,2050.7228,1425.7304
2020-09-12,49,388.9940,440.6823,693.0476,666.3087,1094.9990,2084.6217,2476.7585,2571.3900,2764.0000,2269.9690,1410.0915
2020-09-12,49,410.8723,445.7012,694.4180,661.6443,1093.1766,2115.0000,2458.6858,2577.6478,2747.2113,2274.2936,1404.3922
2020-09-15,49,302.6041,377.5636,609.1304,605.0376,997.1958,1878.1800,2162.9839,2307.8172,2500.2846,2137.7158,1316.0000
2020-09-15,49,329.5427,397.3893,617.8296,609.6727,994.4378,1870.0000,2204.7541,2300.4790,2506.2757,2133.2748,1317.0000
2020-09-17,49,568.0000,701.3207,905.8585,890.9482,1316.5096,2157.0000,2495.0000,2712.0000,2819.7601,2489.3196,1605.7659
2020-09-17,49,654.0000,765.5235,944.6318,916.3486,1321.2691,2118.0000,2457.4919,2678.6727,2778.1711,2469.5296,1596.1851
2020-09-20,49,340.0000,497.6791,701.1113,709.4840,1077.4851,1854.4047,2195.0000,2312.3887,2513.0000,2204.0280,1439.0000
2020-09-20,49,393.0000,525.4944,717.3121,717.1159,1077.0603,1849.0000,2193.4941,2306.0924,2504.7789,2194.8658,1435.2384
2020-09-25,49,700.7478,757.6902,986.1070,981.6043,1372.7685,2081.6248,2388.4842,2451.4277,2672.3432,2309.4937,1465.1344
2020-09-25,49,770.0000,800.6420,1017.0905,996.4915,1382.0846,2094.3158,2393.4712,2452.7221,2682.0000,2313.0000,1462.3683
2020-09-30,49,473.2334,604.2661,742.3219,718.5325,1024.4916,1625.9381,1850.3157,1923.0056,2061.0000,1841.9208,1230.5807
2020-09-30,49,534.1269,646.9477,770.6624,733.8681,1037.0000,1627.2285,1868.0151,1929.7666,2068.4842,1837.2079,1220.1762
2020-10-07,49,534.0000,789.3673,1072.4950,1379.1863,1874.7847,2292.4412,2563.3146,2792.6550,2903.8971,3206.2244,2341.0188
2020-10-07,49,511.0000,801.9629,1073.2958,1377.7576,1875.1752,2293.9900,2519.9676,2787.8670,2835.5976,3204.0000,2343.1092
2020-10-10,49,1010.0000,1202.0000,1389.1908,1530.8373,1897.6241,2244.5256,2458.6987,2555.4354,2706.7552,3157.9986,2488.2456
2020-10-10,49,983.0000,1184.0000,1393.0034,1546.6775,1940.0000,2297.9545,2530.9166,2642.1467,2778.2943,3193.0000,2493.0000
2020-10-12,49,524.0000,688.5238,985.9234,1242.9387,1662.5056,2108.6217,2297.3859,2499.5519,2570.1470,2564.2524,1786.1045
2020-10-12,49,536.3353,709.4364,998.1843,1267.6262,1676.0000,2090.2529,2292.9310,2489.9216,2598.2710,2602.1966,1752.6987
2020-10-20,49,1254.0000,1488.0000,1636.7385,1753.2968,2046.5277,2306.7312,2474.8410,2601.7373,2689.9260,2951.0366,2340.0000
2020-10-22,49,-9999.0000,-9999.0000,-9999.0000,-9999.0000,-9999.0000,-9999.0000,-9999.0000,-9999.0000,-9999.0000,-9999.0000,-9999.0000
2020-10-25,49,579.0000,833.0739,1116.9995,1466.3260,1754.4310,1906.8328,2068.9062,2184.4199,2325.6665,2902.6341,2204.3154
2020-10-25,49,659.0000,885.1561,1152.8755,1466.8297,1762.7205,1906.8606,2068.6535,2183.5221,2341.7076,2888.3248,2195.8679
2020-10-30,49,-9999.0000,-9999.0000,-9999.0000,-9999.0000,-9999.0000,-9999.0000,-9999.0000,-9999.0000,-9999.0000,-9999.0000,-9999.0000
2020-11-04,49,842.5031,1044.9648,1296.9428,1528.9847,1832.5265,1979.7801,2114.1954,2163.9064,2334.7450,2953.3395,2321.0000
2020-11-04,49,927.0000,1097.3619,1337.5280,1547.9366,1860.0367,2036.1564,2170.3411,2210.3854,2354.3792,2951.6082,2314.1214
2020-11-06,49,447.0000,860.8003,1161.9764,1540.0447,1843.6374,1988.8413,2151.0874,2326.5642,2391.2771,3298.3974,2760.6539
2020-11-06,49,678.0000,989.3300,1221.1148,1515.6521,1793.3553,1955.7009,2104.0747,2264.3287,2343.8958,3193.5080,2690.4726
2020-11-09,49,640.0000,965.6394,1209.4947,1499.3691,1780.2776,1962.4836,2131.0293,2280.5114,2362.8050,2922.1588,2457.3720
2020-11-09,49,669.5465,985.7330,1221.3284,1507.7278,1779.4264,1971.5461,2137.0649,2276.3661,2355.6597,2918.5892,2471.9599
2020-11-11,49,542.0000,821.9990,1170.9184,1546.3268,1835.8857,2043.0168,2166.4728,2358.8507,2429.4913,3192.6245,2536.2082
2020-11-11,49,753.0000,961.2931,1241.0114,1530.9344,1794.0532,2021.1600,2123.7978,2308.6575,2377.9220,3111.7345,2503.9824
2020-11-19,49,452.0000,809.1931,1077.4708,1330.8922,1586.7580,1786.9486,1950.3041,2103.3404,2154.0000,2549.2031,2055.0000
2020-11-19,49,466.5581,817.6375,1080.6936,1338.8743,1586.6522,1805.6905,1943.9402,2118.8933,2171.7558,2568.1913,2051.2224
2020-11-21,49,498.6142,793.2080,1146.1368,1523.1516,1804.7601,2053.7435,2214.7851,2519.1580,2453.1291,3117.0000,2426.6079
2020-11-21,49,707.0000,921.3806,1212.4620,1523.4153,1771.9042,2022.6049,2168.3411,2471.4896,2423.0616,3030.1002,2377.8652
2020-11-24,49,716.0000,948.3292,1201.0689,1467.1728,1748.3792,1942.0000,2060.4110,2248.6116,2291.9933,2918.9567,2314.4400
2020-11-24,49,658.0000,905.0535,1189.6964,1475.0935,1763.0342,1970.8473,2092.0405,2278.7371,2328.7359,2953.0068,2323.1982
2020-11-26,49,564.0000,957.8806,1216.4195,1561.5439,1892.0128,2133.2947,2311.5108,2501.0230,2553.2313,3066.0000,2375.5578
2020-11-26,49,766.0000,1073.0750,1276.4274,1547.3994,1843.7548,2060.6790,2231.6505,2424.0136,2454.0668,2985.5463,2328.3471
2020-11-29,49,556.0000,909.1738,1144.6049,1441.5359,1724.3920,1913.9000,2069.4171,2245.9815,2298.5435,2933.7239,2489.6277
2020-11-29,49,513.0000,873.0850,1133.6812,1434.2210,1733.0045,1931.7171,2086.4193,2265.4678,2318.9477,2952.2281,2489.2510
2020-12-01,49,326.0000,429.5262,516.1635,555.9340,633.0000,693.1634,727.2178,759.5604,808.0021,707.8366,557.7147
2020-12-01,49,354.0000,434.0000,507.9314,554.9933,620.2696,685.0000,708.4160,743.5244,791.7377,725.0000,536.2478
2020-12-19,49,584.0000,908.1599,1116.8858,1344.8686,1629.9221,1817.7852,1961.0652,2070.3573,2156.3229,2324.2726,1836.8632
2020-12-19,49,616.0000,914.5415,1128.3444,1372.5680,1661.0280,1875.0000,2022.0776,2104.0263,2219.2306,2344.9133,1858.7848
2020-12-26,49,-9999.0000,-9999.0000,-9999.0000,-9999.0000,-9999.0000,-9999.0000,-9999.0000,-9999.0000,-9999.0000,-9999.0000,-9999.0000
2020-12-26,49,-9999.0000,-9999.0000,-9999.0000,-9999.0000,-9999.0000,-9999.0000,-9999.0000,-9999.0000,-9999.0000,-9999.0000,-9999.0000
2020-12-31,49,438.8223,597.8512,861.4019,1189.5100,1496.5405,1746.8188,1909.7611,2072.1042,2163.6065,1682.8625,1017.9262
2020-12-31,49,433.0000,597.8712,865.4462,1195.9514,1496.6268,1753.2320,1910.5395,2093.0600,2198.0477,1667.4576,1018.2722
2021-01-03,49,375.0000,569.2319,850.3190,1161.3631,1433.2348,1650.8896,1795.3175,1925.5699,2033.6649,1466.9449,881.3703
2021-01-03,49,503.0000,653.8487,902.1576,1180.8511,1481.7121,1682.3054,1818.9145,1940.8763,2043.1141,1467.8754,886.0510
2021-01-08,49,335.0000,645.0573,868.7158,1140.9838,1395.0000,1613.3344,1778.9440,1941.5087,1979.5938,1666.3271,1194.8472
2021-01-08,49,395.0000,682.8895,897.5833,1169.4803,1416.4170,1650.9120,1802.5666,1974.7413,2011.0000,1667.7714,1192.6464
2021-01-13,49,433.1802,649.9719,905.5920,1200.4944,1448.6669,1690.8888,1828.0556,2023.8658,2061.3186,2043.3857,1394.8542
2021-01-13,49,497.4540,685.5301,930.0183,1205.0979,1473.2461,1715.1071,1850.2680,2038.2269,2076.0963,2035.1911,1401.3259
2021-01-18,49,-9999.0000,-9999.0000,-9999.0000,-9999.0000,-9999.0000,-9999.0000,-9999.0000,-9999.0000,-9999.0000,-9999.0000,-9999.0000
2021-02-09,49,-9999.0000,-9999.0000,-9999.0000,-9999.0000,-9999.0000,-9999.0000,-9999.0000,-9999.0000,-9999.0000,-9999.0000,-9999.0000
2021-02-14,49,606.0000,916.8537,1170.1632,1483.5138,1701.1948,1922.0000,2021.3305,2326.2997,2184.1780,2501.8996,2122.0268
2021-02-14,49,742.0000,1004.0442,1226.8784,1482.8477,1683.7167,1907.5391,2025.2679,2295.5491,2185.2726,2485.2042,2107.4066
2021-02-17,49,1103.0000,1216.0000,1272.0000,1353.5819,1505.5005,1691.1260,1805.0000,1875.8321,1877.3585,1860.1282,1475.8739
2021-02-17,49,1103.0000,1208.0000,1276.0000,1361.3719,1521.6557,1724.5348,1844.0666,1910.0000,1922.2762,1859.3497,1475.3981
2021-02-22,49,-9999.0000,-9999.0000,-9999.0000,-9999.0000,-9999.0000,-9999.0000,-9999.0000,-9999.0000,-9999.0000,-9999.0000,-9999.0000
2021-02-24,49,677.6422,989.4171,1265.3357,1457.2718,1669.5206,1891.8024,2001.8807,2188.2781,2147.3648,2259.5668,1827.8497
2021-02-24,49,707.0000,1005.4121,1272.8136,1453.5282,1665.9702,1883.4926,2003.0000,2167.1381,2137.1733,2258.4807,1818.9432
2021-02-27,49,762.0000,1040.5889,1317.2951,1498.0856,1732.0996,1954.9350,2078.0101,2181.9581,2176.5329,2387.7842,2077.2634
2021-02-27,49,817.0000,1069.0571,1345.2067,1515.3094,1754.6278,1985.0000,2116.3617,2199.1880,2228.0988,2387.6687,2076.6514
2021-03-01,49,908.0000,1091.8254,1467.3105,1764.3837,2011.1867,2246.4001,2358.5536,2617.0761,2506.6548,2964.8506,2537.8550
2021-03-01,49,935.0000,1105.2304,1459.3919,1764.4473,2019.7442,2229.1321,2360.4249,2600.2898,2500.5482,2968.5101,2536.2135
2021-03-04,49,1427.0000,1509.5385,1749.1978,1867.2779,2144.0000,2403.0746,2499.9513,2666.3627,2624.0000,2964.6743,2437.8757
2021-03-04,49,1579.9103,1598.0000,1802.0000,1877.2837,2157.0000,2411.5493,2507.2551,2667.6274,2642.8264,2949.4326,2454.3600
2021-03-06,49,888.0000,1236.5796,1587.7479,1862.0849,2138.8429,2329.3916,2443.0000,2709.9284,2610.7868,3080.4290,2728.5445
2021-03-06,49,924.0000,1258.8821,1597.0553,1851.5606,2124.6419,2324.7811,2452.0000,2696.2519,2584.7348,3068.2481,2707.3133
2021-03-09,49,1054.0000,1283.2960,1546.0700,1770.4477,2011.1665,2237.1387,2365.0000,2522.6873,2484.0000,2870.1892,2629.2641
2021-03-09,49,1026.0000,1275.4250,1564.4951,1780.1226,2042.7327,2259.6122,2391.7109,2548.2214,2503.5430,2902.8802,2650.5945
2021-03-16,49,850.0000,1251.1599,1546.1674,1923.4403,2112.0000,2306.6166,2438.3561,2663.0511,2579.3599,3079.7810,2807.0414
2021-03-16,49,910.0000,1275.3686,1547.3037,1897.7462,2091.5065,2297.2244,2425.3360,2630.0147,2552.4716,3064.0148,2807.0850
2021-03-19,49,682.4650,925.9428,1132.6506,1404.8558,1571.6372,1796.0918,1906.1042,2043.4624,2037.5036,2370.3991,2107.4339
2021-03-19,49,745.0518,963.0000,1157.4488,1403.3475,1580.2964,1787.9186,1906.7900,2041.8992,2028.1038,2355.7604,2115.7134
2021-03-21,49,-9999.0000,-9999.0000,-9999.0000,-9999.0000,-9999.0000,-9999.0000,-9999.0000,-9999.0000,-9999.0000,-9999.0000,-9999.0000
2021-03-21,49,-9999.0000,-9999.0000,-9999.0000,-9999.0000,-9999.0000,-9999.0000,-9999.0000,-9999.0000,-9999.0000,-9999.0000,-9999.0000
2021-03-24,49,985.6587,1274.6530,1636.3890,1970.4086,2122.5886,2298.8147,2403.5477,2567.6803,2531.9852,3000.5002,2667.5204
2021-03-24,49,1020.2272,1298.3539,1643.6333,1971.5194,2107.9986,2299.5815,2400.9123,2552.3301,2532.9628,3015.8996,2663.2261
2021-03-26,49,1242.0000,1577.6658,1874.3592,2147.2519,2346.0439,2540.8155,2695.9784,2824.4148,2806.3592,3333.9945,3077.4297
2021-03-26,49,1293.9888,1586.0478,1876.0851,2139.1258,2332.1886,2537.9402,2677.8384,2806.7639,2794.9876,3337.3389,3095.9004
2021-03-29,49,1237.6194,1509.0189,1771.5275,2003.3780,2195.8226,2395.6420,2540.1154,2610.8077,2636.1397,3051.7116,2840.2416
2021-03-29,49,1255.0000,1528.5714,1794.3972,2025.8466,2211.5925,2409.7324,2568.2065,2630.1261,2663.2856,3065.6096,2824.6853
2021-03-31,49,1239.0000,1548.3534,1931.4997,2266.9305,2445.1256,2629.7025,2740.0796,2855.9440,2868.8764,3398.0126,3062.1497
2021-03-31,49,1294.0000,1539.1646,1899.2707,2210.7366,2387.5214,2588.3095,2691.8150,2810.2847,2827.2144,3369.5127,3034.0237
2021-04-03,49,1032.5360,1233.4164,1515.5000,1762.1218,1916.1212,2100.4149,2209.3033,2299.5294,2322.2706,2659.8880,2378.7115
2021-04-03,49,1080.8859,1260.5130,1523.1941,1757.1190,1922.5431,2101.4387,2204.6364,2300.8246,2322.8382,2650.4656,2364.8483
2021-04-05,49,1247.0000,1634.9620,1978.9395,2292.5016,2478.0367,2675.8652,2818.6043,2987.5671,2914.9283,3446.9181,3207.8111
2021-04-05,49,1271.0000,1643.1740,1994.7106,2299.9420,2472.0000,2675.1715,2812.9047,2978.1155,2914.8997,3446.7813,3203.2986
2021-04-08,49,1107.0000,1459.9615,1779.8001,2122.1456,2251.8730,2474.5536,2602.9942,2852.4215,2746.2923,3172.8264,2937.5382
2021-04-08,49,1145.3961,1483.6308,1793.9038,2115.2010,2241.0000,2484.9220,2595.1419,2843.2779,2736.8436,3174.0695,2951.4066
2021-04-10,49,1374.0000,1651.1665,2068.3995,2439.2180,2635.2741,2867.3635,2995.2989,3145.7610,3145.5284,3669.2194,3299.1775
2021-04-10,49,1438.4812,1657.6853,2028.2240,2394.8459,2571.3276,2827.2030,2954.5610,3107.2884,3107.3813,3624.0332,3288.8303
2021-04-15,49,721.0000,1028.9984,1253.2337,1547.3898,1740.9946,1970.8835,2093.0931,2250.2791,2218.6061,2347.3280,1853.4066
2021-04-15,49,742.0000,1045.3538,1265.3991,1547.4763,1736.4912,1964.9824,2117.8947,2251.0532,2210.4994,2341.3218,1843.8242
2021-04-20,49,-9999.0000,-9999.0000,-9999.0000,-9999.0000,-9999.0000,-9999.0000,-9999.0000,-9999.0000,-9999.0000,-9999.0000,-9999.0000
2021-04-20,49,-9999.0000,-9999.0000,-9999.0000,-9999.0000,-9999.0000,-9999.0000,-9999.0000,-9999.0000,-9999.0000,-9999.0000,-9999.0000
2021-04-23,49,1140.0000,1403.2160,1816.6584,2150.4908,2434.4308,2722.0000,2868.4803,3017.6429,3004.3847,3384.5816,2936.7220
2021-04-23,49,1198.0000,1403.3583,1795.7587,2087.3783,2362.9080,2658.8612,2825.3021,2962.0000,2964.9813,3349.8603,2912.8101
2021-04-25,49,1413.0000,1834.5386,2307.0829,2627.6036,2916.3231,3211.0079,3433.3520,3555.6075,3559.0000,4091.5034,3769.4650
2021-04-25,49,1400.0000,1812.3413,2236.3751,2563.4253,2852.1485,3148.4112,3355.8085,3497.3319,3477.0330,4034.5259,3737.1857
2021-04-28,49,1441.0000,1938.0253,2407.9401,2712.2057,2952.6439,3243.9978,3414.0083,3497.7063,3546.0000,3893.0482,3655.3179
2021-04-28,49,1465.0000,1938.5138,2387.7454,2662.3328,2932.4980,3212.8663,3386.9711,3472.6954,3512.2956,3866.4436,3644.4177
2021-04-30,49,-9999.0000,-9999.0000,-9999.0000,-9999.0000,-9999.0000,-9999.0000,-9999.0000,-9999.0000,-9999.0000,-9999.0000,-9999.0000
2021-04-30,49,-9999.0000,-9999.0000,-9999.0000,-9999.0000,-9999.0000,-9999.0000,-9999.0000,-9999.0000,-9999.0000,-9999.0000,-9999.0000
2021-05-03,49,926.0000,1243.1179,1667.2634,1970.9420,2229.1566,2531.2600,2666.0485,2843.6930,2850.2298,3205.4533,2754.5009
2021-05-03,49,945.0000,1258.2936,1666.9831,1955.4286,2218.4958,2515.7751,2660.8706,2820.5736,2850.3707,3195.1437,2775.7503
2021-05-05,49,-9999.0000,-9999.0000,-9999.0000,-9999.0000,-9999.0000,-9999.0000,-9999.0000,-9999.0000,-9999.0000,-9999.0000,-9999.0000
2021-05-05,49,-9999.0000,-9999.0000,-9999.0000,-9999.0000,-9999.0000,-9999.0000,-9999.0000,-9999.0000,-9999.0000,-9999.0000,-9999.0000
2021-05-08,49,683.0000,1083.6652,1426.6520,1771.2639,1955.7252,2236.1608,2411.2643,2521.2946,2577.0000,2804.9716,2314.2704
2021-05-08,49,744.0000,1108.7907,1425.8248,1738.4518,1948.8723,2218.5657,2395.5733,2506.0158,2568.6168,2760.1987,2293.6950
2021-05-10,49,1307.0000,1731.7239,2214.6658,2583.7524,2902.9931,3202.8276,3378.6145,3435.8353,3571.3008,3990.0541,3557.5784
2021-05-10,49,1259.0000,1691.4618,2164.4942,2519.4342,2858.1665,3162.6833,3339.5338,3385.3947,3525.6380,3953.2026,3541.4946
2021-05-13,49,938.0000,1165.3735,1453.3799,1626.5277,1857.4179,2126.1485,2275.3927,2285.6985,2389.4348,2051.6986,1607.0000
2021-05-13,49,875.0000,1133.3161,1440.0000,1635.2328,1863.0000,2146.6171,2298.4921,2312.8906,2428.5210,2067.0374,1587.5098
2021-05-15,49,1223.0000,1467.6054,1769.7211,1915.8421,2285.7552,2671.0000,2893.1380,2963.1612,2977.0000,2754.9316,2198.0000
2021-05-15,49,1220.0000,1482.7924,1811.4309,1939.3770,2282.4950,2688.0000,2901.8283,2954.5921,3027.6791,2762.0000,2168.0000
2021-05-18,49,883.0000,1251.1795,1634.5885,1914.5103,2169.7913,2496.0000,2690.4375,2820.8867,2827.3956,2995.2324,2554.8928
2021-05-18,49,857.0576,1258.2528,1635.9421,1892.0000,2163.0000,2489.1443,2670.6707,2801.7930,2808.5887,2982.0899,2553.3220
2021-05-20,49,841.0000,1115.0025,1523.2390,1762.6898,2099.3420,2474.0954,2605.4457,2698.4000,2774.9393,2811.0160,2171.9825
2021-05-20,49,819.7210,1123.5034,1513.1590,1732.5689,2079.0000,2475.0162,2597.5726,2691.4861,2748.0156,2794.5030,2173.2978
2021-05-23,49,2112.0000,2149.4453,2426.9445,2435.4960,2873.8632,3221.4553,3373.6754,3409.3686,3472.8998,2762.5802,2356.7006
2021-05-23,49,2163.0000,2221.2910,2522.5513,2507.3927,2962.4745,3357.4415,3528.8432,3558.0000,3609.5116,2804.7521,2370.4256
2021-05-25,49,1814.0000,2060.3501,2426.8515,2450.9396,2936.5098,3557.7778,3841.5935,3943.6646,3940.2648,3311.0000,2434.7639
2021-05-25,49,1947.0000,2020.0000,2339.6710,2360.0000,2837.0000,3467.0000,3741.0000,3861.5424,3778.0000,3227.0000,2395.8590
2021-05-28,49,656.0000,1019.6439,1417.9240,1578.7141,1971.9326,2427.0171,2629.7300,2759.9652,2774.6517,2667.2610,2111.0000
2021-05-28,49,708.5299,1044.1041,1418.5883,1555.7157,1937.5650,2403.3442,2612.5302,2742.8721,2743.1615,2646.2179,2091.0000
2021-05-30,49,1096.0000,1510.9591,1974.9108,2262.6942,2598.8968,3034.0647,3183.0000,3355.3425,3355.0000,3593.7228,3160.4297
2021-05-30,49,1132.0000,1505.6749,1942.1970,2229.8882,2550.4092,2984.2891,3145.7411,3307.9036,3341.2329,3578.3493,3122.8434
2021-06-02,49,1086.0000,1603.3017,2042.5922,2438.6805,2638.7751,2836.2121,2979.2644,3098.1667,3163.5349,3607.1877,3318.8322
2021-06-02,49,1131.0000,1595.0817,2004.1922,2375.4719,2569.2029,2811.6806,2964.0379,3083.4217,3129.8421,3560.5816,3272.3084
2021-06-04,49,1308.0000,1755.6126,2075.4297,2331.2823,2555.4692,2740.3861,2939.8727,2971.1357,3036.1091,3350.2913,3128.4951
2021-06-04,49,1280.7296,1793.9516,2122.9761,2391.4899,2603.8401,2763.2195,2962.9679,2977.5553,3051.9595,3379.6715,3189.2745
2021-06-07,49,1558.0000,1669.0000,1961.4286,2154.3727,2442.4048,2736.0000,2988.0000,2940.4344,3087.0000,2956.0000,2412.3325
2021-06-07,49,1620.0000,1730.1350,2035.5000,2228.9770,2532.3245,2855.0000,3100.6770,3050.5592,3180.8959,2997.6614,2429.0385
2021-06-09,49,1611.0000,1986.4716,2503.7494,2901.4312,3168.0372,3572.3593,3747.0000,3836.6156,3947.7882,4312.7659,3799.1673
2021-06-09,49,1572.0000,2066.0000,2583.4043,2998.5387,3303.1482,3643.5060,3797.5806,3891.3036,4004.7829,4390.3757,3861.9850
2021-06-12,49,1479.0000,1975.1963,2470.5465,2728.1217,3014.3577,3381.6681,3576.6108,3612.0523,3723.0426,3753.9985,3210.5075
2021-06-12,49,1466.0000,1891.8243,2346.6240,2597.5131,2918.7765,3300.3053,3483.5440,3529.9836,3643.5761,3689.9521,3195.6006
2021-06-14,49,1562.0000,2150.6812,2678.5715,2966.9803,3372.0000,3789.2777,4018.3345,4098.6986,4124.7016,4343.1573,3894.3219
2021-06-14,49,1553.0000,2213.1258,2755.8505,3062.9009,3430.0155,3845.9924,4054.9088,4154.1534,4166.3901,4374.7889,3926.4076
2021-06-17,49,1476.0000,2120.7463,2679.7021,2952.2872,3319.0951,3733.0637,3951.0000,3988.4175,4061.6572,4120.9726,3673.8273
2021-06-17,49,1353.0000,1922.5758,2419.2145,2663.6072,3047.0371,3538.1149,3771.7116,3796.0879,3883.3388,3990.9947,3596.7404
2021-06-19,49,1495.0000,1820.0000,2298.9763,2454.0166,2866.8505,3491.9682,3675.1312,3617.5013,3827.2234,3689.9014,3096.7967
2021-06-19,49,1482.0000,1820.0378,2301.1807,2453.9644,2884.6311,3491.0815,3676.9714,3617.2532,3826.9438,3688.8843,3079.7010
2021-06-22,49,1422.0000,1859.9849,2392.5767,2552.5993,3005.0000,3720.9343,3897.9413,3939.4103,4058.9381,3842.0503,3142.9716
2021-06-22,49,1375.0000,1811.0641,2312.2790,2469.9592,2966.1335,3637.0854,3861.8978,3872.9800,4008.3929,3816.4742,3127.0282
2021-06-24,49,1408.0000,1884.1257,2408.3815,2520.4486,3050.2541,3725.9414,4042.7429,4017.4711,4196.7242,3946.8503,3354.1156
2021-06-24,49,1393.0000,1897.9687,2406.4596,2517.7872,3057.1707,3717.4196,4053.9462,4018.5945,4196.4514,3978.2676,3330.7912
2021-06-27,49,2446.0000,2458.0000,2745.0000,2723.2469,3185.7552,3745.8835,3982.6399,4041.3738,4069.4014,3156.8444,2679.0000
2021-06-27,49,2523.0000,2563.6242,2852.7451,2795.1526,3277.0906,3875.3705,4156.8192,4192.0000,4204.5984,3155.2566,2675.4935
2021-06-29,49,1444.4424,1891.8224,2422.7506,2617.6162,3110.6652,3878.7480,4099.8429,4073.7739,4253.4642,4006.3857,3225.8544
2021-06-29,49,1452.0000,1897.9562,2438.5282,2644.4880,3142.8204,3910.9305,4102.8948,4084.7427,4264.9922,4009.6687,3220.0342
2021-07-02,49,1228.9362,1673.9867,2164.6960,2372.7544,2835.7994,3685.8175,3943.0000,3988.4808,4104.7905,3784.0968,3030.1763
2021-07-02,49,1275.7736,1699.5126,2183.4219,2391.5791,2841.3998,3684.7334,3942.4486,3992.4180,4123.4104,3802.8147,3031.3605
2021-07-04,49,1508.0000,1810.1418,2219.7005,2274.4613,2881.7601,3957.6826,4423.6483,4402.5306,4632.6173,4251.5228,3433.6400
2021-07-07,49,683.0000,962.5362,1353.2806,1361.7365,1866.8045,2963.4149,3266.9223,3297.9659,3445.1692,2969.6559,2214.7434
2021-07-07,49,740.0000,978.8957,1362.1009,1338.6803,1866.5128,2930.0020,3260.4403,3274.5237,3416.0264,2939.1543,2222.0000
2021-07-09,49,943.0000,1148.5302,1636.6877,1608.0409,2227.1871,3802.6659,4103.2310,4186.2027,4292.6778,3525.6495,2534.1102
2021-07-09,49,950.0000,1146.6731,1611.4542,1579.3518,2219.9886,3719.3384,4037.4461,4107.1629,4216.6095,3494.1016,2527.0000
2021-07-12,49,914.0000,1083.1676,1490.6757,1459.1994,2017.2343,3370.1676,3756.9555,3753.4001,3963.2723,2970.4047,2108.3043
2021-07-12,49,980.3028,1120.9951,1499.5704,1450.1702,1985.5511,3317.9072,3723.8179,3699.9098,3899.5111,2952.8539,2069.1424
2021-07-14,49,-9999.0000,-9999.0000,-9999.0000,-9999.0000,-9999.0000,-9999.0000,-9999.0000,-9999.0000,-9999.0000,-9999.0000,-9999.0000
2021-07-19,49,-9999.0000,-9999.0000,-9999.0000,-9999.0000,-9999.0000,-9999.0000,-9999.0000,-9999.0000,-9999.0000,-9999.0000,-9999.0000
2021-07-19,49,-9999.0000,-9999.0000,-9999.0000,-9999.0000,-9999.0000,-9999.0000,-9999.0000,-9999.0000,-9999.0000,-9999.0000,-9999.0000
2021-07-22,49,637.0000,657.8322,964.1308,867.3260,1465.0000,3270.4007,3909.0134,3912.3272,4219.0000,2739.0712,1713.0000
2021-07-22,49,693.0000,701.2609,978.8607,883.5066,1453.0000,3220.7137,3897.0958,3878.8973,4151.5030,2729.8792,1721.1111
2021-07-24,49,1460.0000,1494.0000,1625.7602,1469.1631,1905.0000,3128.2869,3728.0000,3702.0000,3870.7924,2556.7747,1814.0000
2021-07-24,49,1520.0000,1569.1343,1732.5067,1548.4773,2006.0000,3356.4500,3995.7871,3970.7341,4126.0921,2643.2648,1823.0000
2021-07-29,49,489.8960,524.0947,803.5570,731.8540,1292.1424,3174.1495,3827.3896,3812.0746,4055.5834,2645.2237,1633.0000
2021-07-29,49,581.0000,595.9864,843.7629,762.9501,1258.0000,3078.1809,3732.3627,3733.2091,3955.4415,2605.0976,1613.5079
2021-08-01,49,489.3802,507.7593,763.0958,666.5930,1206.8205,3446.0000,4359.6024,4210.3927,4523.4262,2461.7510,1404.7672
2021-08-01,49,523.6933,499.0779,754.9832,651.7817,1210.4997,3433.5075,4402.4555,4269.5652,4552.9066,2468.6331,1403.3986
2021-08-03,49,540.0000,636.3167,875.3979,804.0295,1348.4704,3163.1795,4041.0000,4087.3486,4230.2687,2627.8551,1690.4670
2021-08-03,49,595.1096,669.0763,906.6822,804.1703,1356.7091,3112.2203,3972.4407,4004.9126,4152.0163,2626.9975,1669.0312
2021-08-06,49,357.0807,417.6662,611.8064,492.8571,980.2494,2956.9303,3853.0293,3893.3736,4003.0000,2229.8210,1301.1757
2021-08-06,49,391.0000,444.0584,626.3600,497.8149,995.1826,2949.7035,3821.7267,3898.5871,4024.0000,2218.4202,1307.6283
2021-08-08,49,-9999.0000,-9999.0000,-9999.0000,-9999.0000,-9999.0000,-9999.0000,-9999.0000,-9999.0000,-9999.0000,-9999.0000,-9999.0000
2021-08-11,49,435.9296,467.2077,682.2427,595.0564,1064.8765,2738.4200,3538.7165,3558.4956,3768.1987,2174.9787,1299.0000
2021-08-11,49,495.0000,515.1880,706.5547,611.9942,1070.6467,2725.9291,3546.4500,3527.0038,3767.0010,2156.0000,1317.0808
2021-08-13,49,1376.0000,1366.0000,1454.0000,1410.0000,1848.0000,2776.0000,3204.0000,3244.0000,3330.0000,2035.0000,1546.0000
2021-08-13,49,1368.0000,1297.0000,1404.8543,1300.0000,1673.1143,2686.0000,3265.0000,3248.9780,3338.0000,1939.0000,1373.4243
2021-08-16,49,390.1107,508.7336,731.9125,626.8235,1093.9551,2738.7227,3590.3666,3606.5887,3846.9553,2164.9552,1355.7597
2021-08-16,49,454.3166,553.5577,755.9174,644.4984,1109.0000,2714.9345,3558.8965,3558.3310,3781.9734,2163.9000,1354.6558
2021-08-18,49,378.0000,419.7531,693.0592,581.2349,1144.8514,3242.3749,4069.8683,4230.9668,4277.7140,2404.9899,1436.0000
2021-08-18,49,482.0000,499.8772,740.3136,618.5999,1158.0000,3178.7876,3945.1841,4120.1951,4185.5522,2395.0269,1450.0000
2021-08-21,49,453.4043,500.1681,732.6667,619.8790,1121.6403,2881.2461,3640.7714,3689.2914,3880.7921,2227.0000,1348.0000
2021-08-21,49,585.8896,593.5756,803.0957,676.0689,1145.4248,2828.6769,3516.1066,3590.0496,3784.0585,2211.3079,1338.7139
2021-08-26,49,402.8192,505.2982,756.3226,610.8278,1178.9674,2964.1999,3684.6978,3800.4839,3928.9404,2234.3866,1397.6769
2021-08-26,49,426.4565,516.3219,754.8698,620.4789,1185.1765,2979.5784,3702.2478,3800.8681,3941.0837,2234.3272,1388.2698
2021-08-28,49,-9999.0000,-9999.0000,-9999.0000,-9999.0000,-9999.0000,-9999.0000,-9999.0000,-9999.0000,-9999.0000,-9999.0000,-9999.0000
2021-08-28,49,-9999.0000,-9999.0000,-9999.0000,-9999.0000,-9999.0000,-9999.0000,-9999.0000,-9999.0000,-9999.0000,-9999.0000,-9999.0000
2021-08-31,49,1000.0000,1102.0000,1248.0000,1139.5303,1485.0000,2364.0000,2748.0000,2762.7400,2869.0000,1891.0000,1261.0000
2021-08-31,49,1157.0000,1065.0000,1232.0000,1128.9901,1516.0000,2426.0000,2790.0000,2818.0000,2935.0000,1905.0000,1274.0000
2021-09-02,49,365.0000,492.0619,827.6579,657.6016,1394.8208,3083.1134,3657.0981,3828.8769,3862.4113,2420.4126,1529.4651
2021-09-02,49,477.0000,587.9087,891.5148,723.8637,1426.7156,3018.3946,3560.8310,3749.9101,3798.0235,2400.0000,1528.8971
2021-09-05,49,345.3112,500.3249,875.9530,740.1883,1514.0000,2949.4489,3369.6028,3592.4965,3641.0367,2298.7095,1490.4315
2021-09-05,49,400.0000,523.6199,882.3848,739.7060,1525.5051,2931.3252,3370.6399,3576.3224,3626.8973,2299.0150,1475.5705
2021-09-07,49,579.0000,578.2929,1098.7760,998.1197,2019.0000,3419.7941,3846.0000,4038.5030,4137.6392,2738.9639,1709.2903
2021-09-07,49,719.0000,675.1978,1148.1322,1034.6620,1985.7800,3352.6863,3747.3749,3943.2419,4038.7425,2725.8173,1714.7000
2021-09-10,49,336.0000,467.3940,962.9843,1098.9676,2045.1128,2933.5119,3238.2373,3476.4411,3608.6759,2559.0000,1602.2189
2021-09-10,49,452.6800,546.8326,994.8991,1114.7537,2034.7102,2874.5656,3194.1411,3445.8757,3557.2161,2579.0000,1610.5922
2021-09-12,49,495.0000,683.8363,1098.9350,1348.5682,2222.0000,2860.0000,3270.7373,3433.0424,3593.2558,2945.5278,1899.2695
2021-09-12,49,621.0000,770.9907,1146.2101,1369.3710,2196.7451,2810.4696,3173.2361,3351.6302,3530.3064,2899.3601,1913.0000
2021-09-20,49,299.9785,437.1945,697.6293,906.2919,1265.7236,1601.4777,1800.8034,1883.1907,2060.7313,2106.3603,1522.1535
2021-09-20,49,331.0000,445.3414,705.2482,907.6640,1260.3409,1620.3272,1812.9892,1875.9954,2073.0772,2119.2964,1523.6625
2021-09-22,49,1319.0000,1376.6509,1620.0755,1672.0000,2103.0000,2504.0000,2686.2148,2776.7560,2877.2028,2649.9186,2145.9776
2021-09-25,49,864.0000,1140.4006,1388.8063,1731.7143,2043.7619,2402.3498,2659.1572,2810.7461,2989.1912,3401.7331,2615.8910
2021-09-25,49,912.0000,1172.2277,1412.3441,1739.6691,2066.8831,2419.3442,2690.2599,2842.9872,3021.7923,3398.8375,2631.0348
2021-09-27,49,971.0000,1128.9372,1344.6477,1572.0000,1896.7597,2230.9629,2414.0000,2469.2319,2645.1972,2826.0000,2085.9097
2021-09-27,49,1040.0000,1157.2156,1360.9826,1572.1117,1882.7708,2188.7694,2372.9353,2435.2531,2633.0000,2792.7109,2059.4124
2021-09-30,49,398.0000,669.2676,921.4257,1227.0271,1442.5604,1635.0709,1787.1431,1858.2887,2027.2167,2715.9844,2308.2790
2021-09-30,49,481.0000,713.6458,945.4756,1227.3751,1452.5895,1634.6439,1770.4601,1850.5451,2011.9496,2691.1930,2299.0785
2021-10-02,49,1686.6816,1984.0000,2116.0000,2173.5580,2428.7402,2565.8715,2672.9950,2750.0000,2737.7430,2757.9625,2477.0000
2021-10-05,49,-9999.0000,-9999.0000,-9999.0000,-9999.0000,-9999.0000,-9999.0000,-9999.0000,-9999.0000,-9999.0000,-9999.0000,-9999.0000
2021-10-10,49,-9999.0000,-9999.0000,-9999.0000,-9999.0000,-9999.0000,-9999.0000,-9999.0000,-9999.0000,-9999.0000,-9999.0000,-9999.0000
2021-10-10,49,-9999.0000,-9999.0000,-9999.0000,-9999.0000,-9999.0000,-9999.0000,-9999.0000,-9999.0000,-9999.0000,-9999.0000,-9999.0000
2021-10-15,49,773.0000,1202.5788,1474.5408,1690.3744,1797.9899,2019.0427,2148.6342,2259.2389,2275.0000,2609.7405,2403.5312
2021-10-15,49,850.5183,1242.6574,1490.1591,1698.4254,1803.1148,2019.1300,2138.7405,2258.4123,2265.7532,2602.4539,2394.9620
2021-10-17,49,964.0000,1338.9177,1650.6498,1907.3907,2035.6490,2227.0563,2328.6688,2482.1374,2482.6797,3002.7306,2648.6141
2021-10-17,49,967.0000,1330.0092,1645.0000,1908.3333,2035.8579,2227.6252,2331.1365,2473.6740,2473.5141,3014.5704,2671.0000
2021-10-27,49,862.0000,1299.7389,1635.8089,1900.3614,1994.8644,2175.0000,2311.0000,2524.9922,2519.0000,2903.7864,2582.4327
2021-10-27,49,869.4704,1299.5616,1634.4000,1891.3263,1996.3129,2171.8311,2282.8317,2522.4302,2492.3576,2918.6536,2579.1607
2021-10-30,49,921.0000,1245.5400,1500.1164,1740.3825,1868.1260,1978.9916,2084.0000,2184.4563,2220.0000,2603.8985,2225.0000
2021-10-30,49,926.0000,1260.1885,1506.9748,1738.0499,1897.0613,2021.0000,2117.5049,2210.8080,2234.0000,2580.8994,2277.9691
2021-11-04,49,273.9658,618.1872,885.8003,1137.9134,1317.6449,1508.7082,1641.0590,1628.2951,1787.7433,1850.0106,1508.0000
2021-11-04,49,146.0000,534.7507,826.4853,1115.2663,1290.6637,1505.0000,1640.0273,1617.7999,1794.2749,1853.3038,1507.6799
2021-11-06,49,400.0000,718.2946,1060.2804,1338.7149,1533.1882,1793.4230,1897.0515,2023.1347,2054.6629,2330.9886,1763.1619
2021-11-06,49,636.0000,862.6672,1133.0981,1361.9765,1548.4039,1761.4863,1881.0006,1990.7050,2042.9698,2259.2726,1739.0651
2021-11-11,49,618.0000,1050.0000,1301.0495,1523.9449,1740.0328,1938.5675,2132.9147,2167.5604,2233.0000,2472.5756,1947.5245
2021-11-11,49,712.0000,1096.1437,1338.1959,1523.1727,1738.2727,1947.5530,2130.7182,2150.5263,2217.8499,2473.6778,1956.0000
2021-11-19,49,647.0000,905.0000,1169.6739,1306.4100,1514.0000,1780.5339,1883.4569,1940.4876,1988.9222,2019.0482,1496.4979
2021-11-19,49,674.0000,921.8551,1172.5960,1323.6636,1524.3221,1796.5164,1909.5618,1963.8194,2019.5837,2027.3189,1507.6650
2021-11-24,49,315.0000,668.6808,947.9834,1075.7062,1346.2187,1723.0868,1849.2758,2040.0525,1959.9124,1972.2868,1586.3955
2021-11-24,49,308.0000,665.6667,933.3327,1060.0401,1298.7261,1701.1566,1861.3133,2054.5875,1960.0702,1957.1344,1546.5241
2021-11-29,49,142.5219,490.2232,890.4874,1060.0084,1443.5756,1938.0000,2103.0917,2342.3622,2262.9457,2165.7226,1549.3967
2021-11-29,49,171.0000,501.0229,891.1691,1058.0405,1443.0023,1960.2155,2102.5725,2344.9964,2265.7469,2156.6277,1531.1750
2021-12-01,49,248.7026,670.0243,986.8162,1065.4422,1433.9733,1890.5124,2053.0000,2146.3500,2154.5078,1972.9659,1384.0000
2021-12-01,49,280.0000,689.4958,1000.9645,1068.2913,1444.1069,1896.9829,2067.8886,2150.0282,2146.6236,1971.5465,1394.5386
2021-12-06,49,176.0018,485.3916,892.5825,995.2291,1468.1707,2048.0000,2179.0132,2390.9633,2309.7354,2083.9590,1457.8454
2021-12-06,49,422.0000,654.0000,978.6452,1042.2536,1451.3042,1978.5054,2119.0000,2308.4517,2229.0343,2045.9539,1430.5470
2021-12-14,49,-9999.0000,-9999.0000,-9999.0000,-9999.0000,-9999.0000,-9999.0000,-9999.0000,-9999.0000,-9999.0000,-9999.0000,-9999.0000
2021-12-14,49,-9999.0000,-9999.0000,-9999.0000,-9999.0000,-9999.0000,-9999.0000,-9999.0000,-9999.0000,-9999.0000,-9999.0000,-9999.0000
2021-12-16,49,207.0000,498.1192,938.2839,1003.7208,1496.1471,2131.3178,2284.9990,2392.7673,2407.1844,2148.8649,1497.2364
2021-12-16,49,417.9995,657.8959,1020.2729,1044.2407,1482.1399,2098.9561,2244.4605,2325.6811,2370.6690,2106.1660,1477.9478
2021-12-29,49,-9999.0000,-9999.0000,-9999.0000,-9999.0000,-9999.0000,-9999.0000,-9999.0000,-9999.0000,-9999.0000,-9999.0000,-9999.0000
2021-12-31,49,-9999.0000,-9999.0000,-9999.0000,-9999.0000,-9999.0000,-9999.0000,-9999.0000,-9999.0000,-9999.0000,-9999.0000,-9999.0000
2021-12-31,49,-9999.0000,-9999.0000,-9999.0000,-9999.0000,-9999.0000,-9999.0000,-9999.0000,-9999.0000,-9999.0000,-9999.0000,-9999.0000
2022-01-08,49,286.4866,557.4311,897.0056,958.1366,1443.2704,2286.0000,2504.4953,2726.4421,2620.1818,1939.7141,1278.3542
2022-01-08,49,268.0000,533.1269,875.3205,938.7437,1435.4507,2324.7361,2537.9430,2774.9474,2649.4386,1945.2471,1265.0000
2022-01-13,49,-9999.0000,-9999.0000,-9999.0000,-9999.0000,-9999.0000,-9999.0000,-9999.0000,-9999.0000,-9999.0000,-9999.0000,-9999.0000
2022-01-13,49,-9999.0000,-9999.0000,-9999.0000,-9999.0000,-9999.0000,-9999.0000,-9999.0000,-9999.0000,-9999.0000,-9999.0000,-9999.0000
2022-01-15,49,204.0000,441.1138,883.6623,893.7723,1476.0222,2413.4835,2602.1328,2760.6591,2727.9074,1939.0592,1228.0000
2022-01-15,49,428.3226,605.1863,969.1616,939.6835,1474.0350,2347.1644,2523.0500,2670.2726,2642.0000,1913.6916,1233.9745
2022-01-18,49,81.0000,349.4063,749.6507,753.4653,1337.2806,2229.0000,2422.2084,2599.8621,2555.8003,1860.4198,1196.6854
2022-01-18,49,240.0000,453.5144,809.4918,788.9452,1338.8189,2218.7221,2405.6653,2580.3989,2529.6021,1843.7030,1181.7092
2022-01-20,49,793.0000,1021.5542,1197.2354,1144.3149,1665.0402,2446.0000,2714.7540,2827.0012,2801.1133,2099.0000,1361.9980
2022-01-20,49,759.0000,989.2234,1172.9204,1124.7697,1629.1024,2435.3505,2672.4534,2801.6286,2787.6976,2081.1956,1358.3526
2022-01-23,49,242.0000,540.7087,841.8049,804.6524,1346.2393,2194.7222,2444.5487,2611.2492,2555.7523,1785.4853,1189.4677
2022-01-23,49,461.3761,690.5886,929.5995,872.6000,1369.5849,2181.6703,2404.2415,2547.2585,2515.4507,1765.6272,1190.5899
2022-01-25,49,388.0000,384.7346,765.0162,700.9293,1353.5592,2381.0042,2574.0000,2759.5716,2722.4189,2132.6450,1378.3652
2022-01-25,49,594.0000,672.6797,945.2615,849.2683,1387.7724,2364.7352,2524.2195,2664.0740,2649.9980,2107.1876,1377.3890
2022-01-28,49,245.9105,334.2201,700.3439,677.3421,1270.0000,2184.8606,2420.6956,2614.7038,2522.1107,1931.1469,1253.3448
2022-01-28,49,405.6595,610.1482,873.3885,805.3974,1290.3726,2173.7456,2380.5023,2536.8737,2490.0000,1908.0000,1245.4849
2022-01-30,49,328.5778,656.1300,877.6325,821.4869,1331.8621,2277.6928,2519.4407,2681.4374,2631.4682,1962.5954,1316.4738
2022-01-30,49,401.0000,692.9077,897.3994,835.4998,1340.5298,2247.6279,2506.0000,2665.0938,2618.0429,1955.3329,1307.4128
2022-02-02,49,366.0000,557.4038,820.8488,736.3342,1257.7682,2163.4436,2395.0273,2546.9894,2500.9331,1765.2341,1244.5875
2022-02-02,49,450.0000,630.6647,860.2175,764.9192,1254.1925,2139.5610,2377.4531,2523.1348,2468.9050,1758.9581,1241.2402
2022-02-07,49,469.0000,576.1773,824.9465,737.3718,1217.8898,2232.0000,2475.3214,2667.0531,2605.0000,1872.7668,1221.4965
2022-02-07,49,513.3200,610.3407,858.0000,748.9737,1222.0610,2243.5291,2484.1695,2667.4168,2619.7809,1875.0299,1225.6113
2022-02-09,49,246.0000,425.8438,745.1461,666.5816,1244.4119,2440.1276,2791.6849,3032.1182,2904.6812,2100.3287,1410.1300
2022-02-09,49,524.0000,636.6206,876.0711,779.8081,1296.7509,2343.5361,2646.7255,2904.6773,2757.1128,2070.0540,1412.8627
2022-02-12,49,445.5580,606.1264,860.9875,773.0975,1275.6290,2408.7675,2711.8745,2936.9656,2821.8674,2027.3824,1458.3922
2022-02-12,49,487.0000,625.0567,869.1024,779.7287,1274.6120,2391.4391,2714.9536,2936.7210,2805.7779,2019.0286,1443.0860
2022-02-22,49,193.4710,326.2937,569.0955,409.1727,918.7892,2381.3038,2869.4604,3093.5066,2952.5125,1517.8770,913.6916
2022-02-22,49,240.9307,354.3417,581.0887,413.5697,921.0000,2379.6105,2851.7196,3094.4826,2933.7774,1514.5295,918.3663
2022-02-24,49,986.0000,957.3333,1188.8595,968.6596,1482.2521,2964.3838,3363.1460,3569.6804,3434.9800,1925.3960,1242.3574
2022-02-24,49,1089.0883,1029.3250,1209.1714,977.0484,1442.5687,2849.5760,3249.3361,3424.6712,3340.5089,1900.5034,1232.0000
2022-02-27,49,498.0000,425.4801,632.7265,451.6778,937.1591,2547.5202,3064.2139,3302.1204,3190.3805,1590.4908,878.6378
2022-02-27,49,588.0000,464.9162,653.5117,459.8068,947.3986,2539.9997,3031.7368,3284.3179,3189.2854,1586.7737,875.1741
2022-03-01,49,531.0000,520.9817,683.2110,474.4538,995.6240,2710.7185,3318.8869,3622.3762,3432.9194,1725.3580,980.5046
2022-03-01,49,521.0000,493.7436,666.8744,458.7562,977.0000,2721.4605,3332.6922,3652.7912,3478.2576,1724.5361,960.9930
2022-03-04,49,370.0000,393.3149,585.1400,395.4452,922.0363,2698.5167,3370.4067,3686.0010,3494.4669,1579.0000,920.4945
2022-03-04,49,487.0000,457.2498,625.2805,427.3289,938.0000,2674.8848,3318.2892,3654.5671,3463.8929,1571.0241,921.7594
2022-03-06,49,682.0000,569.0235,795.3181,571.0802,1134.3957,3010.8847,3638.1356,3942.3205,3781.2024,1842.9863,1068.9157
2022-03-06,49,719.0000,585.0194,802.1421,580.1755,1107.8035,3021.0574,3639.0619,3959.0210,3799.7600,1844.5837,1079.0000
2022-03-09,49,391.0000,315.0380,562.4978,379.1017,936.5157,2875.8617,3608.9877,3878.3310,3735.7587,1668.3871,940.5709
2022-03-09,49,399.0000,306.9903,554.5112,363.3996,924.0868,2891.4238,3626.9015,3892.9616,3766.0035,1673.1644,938.6814
2022-03-14,49,324.0000,305.4338,349.3196,236.2799,449.4524,1095.7573,1382.8721,1382.9459,1369.1297,538.0068,352.0000
2022-03-14,49,390.0000,341.4818,373.1645,251.6300,460.5938,1113.8063,1384.9925,1399.2001,1369.2544,539.3266,355.2751
2022-03-16,49,-9999.0000,-9999.0000,-9999.0000,-9999.0000,-9999.0000,-9999.0000,-9999.0000,-9999.0000,-9999.0000,-9999.0000,-9999.0000
2022-03-19,49,408.8887,329.3431,531.0433,378.7314,856.0000,2771.6052,3649.6189,4022.4330,3829.5165,1513.4486,844.0386
2022-03-19,49,526.0000,356.9320,555.3910,387.2536,860.0476,2762.0793,3656.5079,4022.5247,3832.5281,1507.6686,828.3654
2022-03-21,49,553.0000,491.5282,659.0056,467.3997,947.0228,2903.0000,3909.7887,4341.8193,4089.1537,1603.8697,915.5149
2022-03-21,49,612.0000,507.1817,667.1624,466.7412,954.5686,2900.4318,3912.1333,4343.0863,4088.0583,1610.1065,939.5321
2022-03-24,49,413.0000,353.1911,520.5041,347.8020,795.6975,2698.2055,3688.3926,4070.1653,3896.6567,1437.8996,812.1186
2022-03-24,49,467.0000,392.8420,545.4519,364.5187,803.8685,2692.3935,3705.5804,4069.5940,3897.9589,1452.0744,817.0000
2022-03-26,49,998.6990,841.2876,945.6327,699.4084,1115.5597,2890.4710,3753.5048,4068.4474,3976.9753,1612.1213,880.5045
2022-03-26,49,1052.0000,865.3384,953.4601,707.3659,1124.3896,2876.3072,3751.2510,4054.9170,3959.2223,1611.9953,857.3616
2022-04-03,49,283.3462,249.5129,381.1306,209.3259,612.9940,2480.7314,3559.9025,3798.6722,3720.9043,1059.8700,546.9860
2022-04-03,49,238.0056,201.4531,341.3257,161.9594,579.4090,2533.9460,3640.3361,3877.1231,3796.3408,1053.0256,546.0000
2022-04-05,49,-9999.0000,-9999.0000,-9999.0000,-9999.0000,-9999.0000,-9999.0000,-9999.0000,-9999.0000,-9999.0000,-9999.0000,-9999.0000
2022-04-05,49,-9999.0000,-9999.0000,-9999.0000,-9999.0000,-9999.0000,-9999.0000,-9999.0000,-9999.0000,-9999.0000,-9999.0000,-9999.0000
2022-04-08,49,-9999.0000,-9999.0000,-9999.0000,-9999.0000,-9999.0000,-9999.0000,-9999.0000,-9999.0000,-9999.0000,-9999.0000,-9999.0000
2022-04-10,49,292.0000,241.6051,377.4405,194.9026,645.0498,2715.5563,3963.1108,4294.1973,4118.5372,1163.7548,563.0000
2022-04-10,49,284.0000,193.5055,337.7177,155.4404,620.1671,2756.5798,4019.0000,4358.0976,4179.4988,1164.4155,561.3626
2022-04-15,49,519.0000,203.2835,411.8906,247.1048,740.0718,2979.8704,4149.8357,4374.4342,4328.8418,1432.1507,774.3682
2022-04-15,49,617.0000,307.0643,491.1857,310.5873,759.5281,2971.4416,4134.4838,4311.3970,4293.6635,1395.5352,774.9024
2022-04-18,49,674.0000,442.9819,619.4638,489.0976,856.8125,2762.9325,3928.3889,4168.3334,4099.0855,1386.9826,856.0081
2022-04-18,49,683.0000,363.6541,562.5716,422.3249,857.0000,2771.4234,3895.2464,4214.3064,4067.6399,1387.3619,840.8442
2022-04-20,49,911.0000,754.7023,932.5309,743.6116,1260.6013,3403.1479,4726.8570,5063.5593,4950.3932,1899.5035,1157.9806
2022-04-20,49,948.0000,828.5022,978.1402,774.8658,1270.3553,3346.5468,4650.3103,4964.7304,4873.4935,1878.7537,1177.3858
2022-04-23,49,-9999.0000,-9999.0000,-9999.0000,-9999.0000,-9999.0000,-9999.0000,-9999.0000,-9999.0000,-9999.0000,-9999.0000,-9999.0000
2022-04-25,49,760.0000,812.0000,878.0000,712.0000,1006.0000,2157.0000,2714.0000,2852.0000,2805.0000,1183.0000,699.0000
2022-04-25,49,906.0000,858.0000,918.0000,714.0000,999.0000,2220.0000,2847.0000,2973.1981,2954.0000,1155.0000,648.0000
2022-04-28,49,209.3771,85.4739,251.6496,107.0303,500.4159,2548.0969,3755.1234,3975.5166,3896.0299,1058.0252,498.0000
2022-04-28,49,399.0000,189.1587,331.2522,171.4034,563.0094,2525.3129,3668.7750,3907.8672,3815.9450,1056.0000,505.5257
2022-04-30,49,353.7136,187.1148,363.2921,195.5699,682.7863,2787.2473,4088.4391,4440.3270,4259.4248,1274.3820,663.8926
2022-04-30,49,532.0000,394.7692,530.8581,348.3551,771.2033,2747.2466,3977.5271,4278.8152,4152.9754,1288.5573,666.7487
2022-05-03,49,288.0000,178.8030,299.1513,164.0171,542.6913,2460.3666,3717.5343,3957.4743,3944.1908,1029.5785,558.2883
2022-05-03,49,308.0000,123.9771,243.2277,107.8159,517.5192,2476.0726,3732.6206,3990.6127,3975.1886,1000.0898,547.1329
2022-05-08,49,-9999.0000,-9999.0000,-9999.0000,-9999.0000,-9999.0000,-9999.0000,-9999.0000,-9999.0000,-9999.0000,-9999.0000,-9999.0000
2022-05-10,49,398.1432,267.3497,403.8433,227.1250,673.5047,2677.9368,4011.0000,4165.7274,4211.5206,1223.6268,632.5628
2022-05-10,49,558.0000,395.1801,507.4210,315.3452,741.4315,2667.3497,3928.2763,4090.3910,4149.0080,1237.6778,660.2957
2022-05-13,49,498.0000,387.1289,514.9631,419.0219,755.7639,2251.9857,3280.6038,3298.5227,3468.3409,1125.0000,740.0654
2022-05-13,49,499.0000,323.0963,459.1840,363.9874,756.3336,2226.4704,3267.6399,3314.1976,3431.0396,1108.7260,748.9510
2022-05-15,49,359.0000,156.0428,364.2036,200.5072,660.2685,2755.8037,3912.1184,4016.8854,4185.9512,1372.6523,699.0000
2022-05-15,49,538.0000,299.8877,475.5650,299.3137,757.5972,2722.0528,3832.2718,3928.0400,4085.6297,1349.0393,696.3047
2022-05-18,49,184.0000,0.1121,170.9532,55.1315,519.2787,2355.3613,3402.5038,3553.4460,3752.5522,1265.1746,668.3846
2022-05-18,49,492.0000,275.5022,427.6909,275.4004,690.2994,2339.4651,3292.6308,3425.7031,3595.0000,1260.2680,663.7268
2022-05-20,49,354.0000,179.2943,363.2221,199.3619,728.4681,2586.0000,3701.0247,3920.5274,3996.5022,1414.6890,759.6300
2022-05-20,49,560.0000,386.7769,540.3092,354.9790,825.0034,2571.7940,3611.8826,3818.1120,3905.9757,1413.0224,760.1256
2022-05-25,49,-9999.0000,-9999.0000,-9999.0000,-9999.0000,-9999.0000,-9999.0000,-9999.0000,-9999.0000,-9999.0000,-9999.0000,-9999.0000
2022-05-25,49,-9999.0000,-9999.0000,-9999.0000,-9999.0000,-9999.0000,-9999.0000,-9999.0000,-9999.0000,-9999.0000,-9999.0000,-9999.0000
2022-06-02,49,-9999.0000,-9999.0000,-9999.0000,-9999.0000,-9999.0000,-9999.0000,-9999.0000,-9999.0000,-9999.0000,-9999.0000,-9999.0000
2022-06-02,49,-9999.0000,-9999.0000,-9999.0000,-9999.0000,-9999.0000,-9999.0000,-9999.0000,-9999.0000,-9999.0000,-9999.0000,-9999.0000
2022-06-04,49,1435.6738,1018.6785,1363.2407,1268.2556,1866.9003,2776.4643,3138.0000,3156.0000,3372.6187,1877.3401,1330.1130
2022-06-04,49,1397.0000,1089.0399,1332.9388,1235.5673,1731.1014,2536.0000,2851.5620,2850.0000,3075.5317,1821.1136,1300.7356
2022-06-07,49,-9999.0000,-9999.0000,-9999.0000,-9999.0000,-9999.0000,-9999.0000,-9999.0000,-9999.0000,-9999.0000,-9999.0000,-9999.0000
2022-06-07,49,-9999.0000,-9999.0000,-9999.0000,-9999.0000,-9999.0000,-9999.0000,-9999.0000,-9999.0000,-9999.0000,-9999.0000,-9999.0000
2022-06-12,49,413.0000,434.9024,627.7813,851.4032,1172.2222,1544.3693,1771.5578,1833.0425,2050.0000,1770.9567,1284.2665
2022-06-12,49,500.0000,490.7625,666.6144,874.6904,1178.6271,1573.0310,1819.0549,1842.5101,2076.5748,1763.0044,1275.4512
2022-06-14,49,490.0000,531.2402,835.5209,1195.8470,1547.2941,1907.4649,2155.1659,2202.4412,2477.6140,2322.9925,1588.0233
2022-06-14,49,639.0000,643.6144,908.2589,1218.6520,1569.0580,1954.8619,2148.3138,2228.3208,2467.3605,2307.7241,1578.9510
2022-06-17,49,1149.0000,1264.4539,1510.0000,1769.8162,2129.2255,2459.5828,2717.0000,2756.0000,2971.6429,2619.4348,1858.5569
2022-06-19,49,653.2913,826.8444,1106.7866,1498.2761,1844.0000,2122.0000,2393.9678,2451.8931,2699.2947,2737.2252,1900.2519
2022-06-19,49,710.0000,876.7762,1138.5457,1490.3680,1844.3878,2122.3705,2406.1493,2451.1302,2715.0000,2723.9004,1891.3772
2022-06-24,49,476.4611,665.2086,988.0750,1458.9427,1722.2846,1930.8240,2106.6274,2307.9078,2441.0250,2475.4947,1634.7842
2022-06-24,49,428.0000,651.2850,970.7524,1459.4453,1730.6160,1908.0000,2106.1595,2292.3441,2436.8316,2468.8762,1625.9579
2022-06-27,49,381.0000,653.5066,1072.7696,1515.0431,1851.7955,2119.0000,2365.2730,2444.2222,2691.8954,2756.9585,1852.2847
2022-06-27,49,600.0000,809.1400,1144.7783,1497.1231,1830.4366,2139.5036,2363.1606,2434.3478,2667.2952,2699.6926,1842.3235
2022-06-29,49,-9999.0000,-9999.0000,-9999.0000,-9999.0000,-9999.0000,-9999.0000,-9999.0000,-9999.0000,-9999.0000,-9999.0000,-9999.0000
2022-06-29,49,-9999.0000,-9999.0000,-9999.0000,-9999.0000,-9999.0000,-9999.0000,-9999.0000,-9999.0000,-9999.0000,-9999.0000,-9999.0000
2022-07-02,49,551.0000,865.5590,1259.9073,1907.2165,2258.2170,2515.6565,2844.6335,3050.7463,3307.2534,3746.8860,2530.5718
2022-07-02,49,621.0000,897.1721,1264.9551,1874.2375,2226.3309,2499.7618,2817.7746,3027.1748,3284.3082,3716.1874,2515.6315
2022-07-04,49,635.0000,877.4360,1354.9853,2103.1707,2499.7952,2780.0755,3082.4585,3314.2969,3618.8543,4169.5395,2674.0623
2022-07-04,49,775.0000,957.4172,1372.6539,2028.5843,2402.7279,2715.5274,3019.6260,3234.2630,3524.9001,4072.0790,2660.1584
2022-07-07,49,2199.0000,1450.0000,1640.0000,1912.0000,2281.0000,2549.0000,2725.0000,2586.0000,2957.0000,2395.0000,1805.0000
2022-07-07,49,-9999.0000,-9999.0000,-9999.0000,-9999.0000,-9999.0000,-9999.0000,-9999.0000,-9999.0000,-9999.0000,-9999.0000,-9999.0000
2022-07-09,49,788.0000,1132.8648,1514.8223,2138.7780,2515.0000,2770.7045,3061.4884,3290.2336,3436.5983,3973.8451,2786.9745
2022-07-09,49,839.0000,1153.0544,1498.7401,2074.7872,2427.3051,2701.9052,2987.5350,3227.3263,3387.4359,3925.4650,2748.0631
2022-07-12,49,587.0000,905.4315,1299.2924,2026.6667,2358.3669,2580.6689,2845.6716,3019.8565,3329.0239,3946.1925,2670.8333
2022-07-12,49,670.0000,944.5003,1306.7667,1985.6211,2306.0000,2555.7815,2846.3906,2987.9439,3270.0000,3894.7983,2653.6587
2022-07-14,49,-9999.0000,-9999.0000,-9999.0000,-9999.0000,-9999.0000,-9999.0000,-9999.0000,-9999.0000,-9999.0000,-9999.0000,-9999.0000
2022-07-14,49,-9999.0000,-9999.0000,-9999.0000,-9999.0000,-9999.0000,-9999.0000,-9999.0000,-9999.0000,-9999.0000,-9999.0000,-9999.0000
2022-07-17,49,637.0000,841.4286,1221.3333,1891.3137,2224.0000,2461.4744,2726.0448,2835.7778,3194.1043,3932.5611,2557.1438
2022-07-17,49,711.0000,885.8167,1236.3523,1853.2667,2177.0000,2453.1670,2708.9427,2810.2156,3161.1879,3897.7521,2550.0000
2022-07-19,49,616.0000,931.6078,1331.3732,2068.1250,2411.1908,2594.8804,2901.0109,3089.7746,3376.9975,4357.9985,2931.5698
2022-07-19,49,739.0000,997.0419,1347.1044,1986.6888,2328.0000,2555.2098,2861.4788,3043.2655,3329.4043,4263.0481,2907.5681
2022-07-22,49,683.0000,885.2519,1172.8888,1722.4484,2054.0000,2269.6929,2549.1689,2652.3769,2976.3364,3944.0073,2675.0524
2022-07-22,49,708.0000,897.3534,1176.9887,1730.5586,2051.5667,2275.0414,2565.5266,2665.7740,2990.0000,3943.6432,2665.0000
2022-07-24,49,-9999.0000,-9999.0000,-9999.0000,-9999.0000,-9999.0000,-9999.0000,-9999.0000,-9999.0000,-9999.0000,-9999.0000,-9999.0000
2022-07-24,49,-9999.0000,-9999.0000,-9999.0000,-9999.0000,-9999.0000,-9999.0000,-9999.0000,-9999.0000,-9999.0000,-9999.0000,-9999.0000
2022-07-27,49,-9999.0000,-9999.0000,-9999.0000,-9999.0000,-9999.0000,-9999.0000,-9999.0000,-9999.0000,-9999.0000,-9999.0000,-9999.0000
2022-07-29,49,585.0000,867.8895,1203.1728,1877.0333,2258.5112,2428.0114,2729.6460,2844.3459,3202.9096,4372.0922,2921.3994
2022-07-29,49,671.0000,909.3636,1220.0871,1844.0026,2219.5052,2408.0000,2722.0907,2833.9152,3178.4843,4327.7344,2897.4274
2022-08-01,49,508.3377,645.6510,852.7950,1243.3823,1490.3067,1627.0942,1827.4473,1851.5009,2108.7058,3418.9118,2595.6076
2022-08-01,49,548.0000,681.1755,877.0070,1242.8259,1491.7641,1643.3845,1837.2462,1868.5408,2096.8417,3412.9878,2596.7543
2022-08-03,49,833.0000,1136.5055,1506.2765,1987.1213,2265.2197,2371.8525,2524.0139,2634.0178,2810.9562,3896.0284,3114.6835
2022-08-03,49,883.0000,1149.0143,1505.1319,1970.7472,2250.9673,2372.3738,2523.1121,2627.6726,2787.5081,3880.7666,3100.7358
2022-08-06,49,1247.0000,1369.7294,1554.2453,1810.8988,2060.6837,2211.0000,2370.7992,2394.0308,2570.6324,3065.5078,2324.1875
2022-08-06,49,-9999.0000,-9999.0000,-9999.0000,-9999.0000,-9999.0000,-9999.0000,-9999.0000,-9999.0000,-9999.0000,-9999.0000,-9999.0000
2022-08-08,49,913.0000,1324.6675,1666.2822,2147.4613,2452.5323,2514.8542,2731.4092,2803.4697,2986.9922,4039.3223,3331.6385
2022-08-08,49,939.0000,1341.3809,1683.2004,2162.3423,2464.9654,2523.0337,2755.3716,2820.1471,3011.8174,4039.9600,3352.9159
2022-08-11,49,751.0000,1137.1985,1458.9474,1947.1697,2181.0116,2289.1271,2477.2493,2643.3366,2715.0280,3593.6916,2953.9643
2022-08-11,49,824.0000,1165.1051,1469.1838,1922.3226,2153.8052,2275.3227,2466.7829,2626.2781,2699.2127,3559.0674,2948.3374
2022-08-16,49,665.0000,969.6867,1288.9723,1740.4134,2020.5697,2147.1306,2315.0000,2363.3336,2563.6579,3300.6209,2540.2622
2022-08-16,49,706.3635,997.1129,1312.5015,1737.9083,2004.0329,2139.1754,2315.0634,2363.2359,2565.0967,3272.6498,2523.6104
2022-08-21,49,716.0000,1093.2319,1389.0921,1747.6227,1956.1657,2060.7072,2235.4514,2300.5243,2427.4181,3434.5595,3064.1161
2022-08-21,49,775.0000,1113.0554,1385.3765,1747.1763,1956.0900,2066.0791,2234.5757,2307.3248,2419.3521,3445.8282,3082.8107
2022-08-23,49,-9999.0000,-9999.0000,-9999.0000,-9999.0000,-9999.0000,-9999.0000,-9999.0000,-9999.0000,-9999.0000,-9999.0000,-9999.0000
2022-08-23,49,-9999.0000,-9999.0000,-9999.0000,-9999.0000,-9999.0000,-9999.0000,-9999.0000,-9999.0000,-9999.0000,-9999.0000,-9999.0000
2022-08-26,49,864.0000,1137.1972,1421.6322,1778.3143,2011.0557,2164.2122,2315.0056,2355.3257,2537.5139,3588.1846,2986.9160
2022-08-26,49,874.0000,1162.0000,1436.9931,1770.8260,2011.5048,2154.7128,2324.2121,2355.1944,2538.9573,3580.1829,2979.4595
2022-08-28,49,1999.0000,2142.0000,2274.9942,2441.1565,2781.5294,3026.9899,3298.3450,3108.0000,3451.1635,3672.0000,3009.0000
2022-08-28,49,1936.0000,2092.0118,2243.0538,2443.3428,2758.0000,2988.0000,3300.2732,3152.0000,3458.0000,3770.8068,3025.0000
2022-08-31,49,-9999.0000,-9999.0000,-9999.0000,-9999.0000,-9999.0000,-9999.0000,-9999.0000,-9999.0000,-9999.0000,-9999.0000,-9999.0000
2022-08-31,49,-9999.0000,-9999.0000,-9999.0000,-9999.0000,-9999.0000,-9999.0000,-9999.0000,-9999.0000,-9999.0000,-9999.0000,-9999.0000
2022-09-02,49,1124.0000,1450.5627,1794.2073,2228.0353,2467.7004,2706.1113,2852.2417,2996.0866,3114.6741,4105.7039,3401.2455
2022-09-02,49,1146.0000,1468.1123,1802.2935,2202.4355,2435.3041,2667.6300,2819.5235,2964.2570,3077.2849,4069.2782,3384.4293
2022-09-05,49,-9999.0000,-9999.0000,-9999.0000,-9999.0000,-9999.0000,-9999.0000,-9999.0000,-9999.0000,-9999.0000,-9999.0000,-9999.0000
2022-09-07,49,-9999.0000,-9999.0000,-9999.0000,-9999.0000,-9999.0000,-9999.0000,-9999.0000,-9999.0000,-9999.0000,-9999.0000,-9999.0000
2022-09-07,49,-9999.0000,-9999.0000,-9999.0000,-9999.0000,-9999.0000,-9999.0000,-9999.0000,-9999.0000,-9999.0000,-9999.0000,-9999.0000
2022-09-10,49,513.0000,753.5044,957.3834,1197.3548,1381.0000,1555.1381,1709.9824,1722.2719,1858.9725,2611.0498,2276.3972
2022-09-10,49,565.0000,781.1213,977.0260,1205.2583,1385.5141,1563.6295,1713.9413,1731.5157,1858.9037,2610.0617,2266.1446
2022-09-12,49,841.0000,1096.8000,1363.5069,1666.4389,1877.0437,2096.0000,2210.3817,2283.3752,2426.9669,3415.2350,2989.6623
2022-09-12,49,845.5896,1112.9177,1368.0000,1658.5779,1867.9502,2090.9555,2210.9788,2283.1494,2402.5630,3415.2700,2983.2160
2022-09-15,49,846.0000,1072.4006,1321.6701,1562.2473,1774.5388,1987.8963,2153.5971,2115.8442,2322.5550,3212.6966,2757.7776
2022-09-15,49,858.9815,1089.0960,1324.3781,1571.3312,1779.1903,1973.3221,2148.0000,2115.1697,2328.9514,3222.6914,2739.5471
2022-09-20,49,586.0000,933.1429,1168.7892,1441.5577,1593.9530,1849.4372,2012.5644,2155.7528,2183.6852,2971.6728,2649.0000
2022-09-20,49,638.0000,965.8919,1184.7336,1443.8878,1595.4636,1859.4544,2006.4827,2155.1782,2200.0908,2965.8465,2665.5474
2022-09-22,49,836.0000,1131.5480,1411.0709,1707.9600,1882.4669,2184.0000,2328.9784,2474.3153,2531.1379,3429.4359,2950.0519
2022-09-22,49,845.9402,1149.0298,1426.3411,1697.7746,1884.6037,2178.5264,2329.3810,2468.0736,2550.3132,3415.1095,2951.0176
2022-09-27,49,-9999.0000,-9999.0000,-9999.0000,-9999.0000,-9999.0000,-9999.0000,-9999.0000,-9999.0000,-9999.0000,-9999.0000,-9999.0000
2022-09-27,49,-9999.0000,-9999.0000,-9999.0000,-9999.0000,-9999.0000,-9999.0000,-9999.0000,-9999.0000,-9999.0000,-9999.0000,-9999.0000
2022-10-02,49,968.0000,596.0000,630.0000,584.0000,718.0000,931.0000,1073.0000,1092.0000,1067.0000,1078.0000,706.0000
2022-10-02,49,-9999.0000,-9999.0000,-9999.0000,-9999.0000,-9999.0000,-9999.0000,-9999.0000,-9999.0000,-9999.0000,-9999.0000,-9999.0000
2022-10-05,49,-9999.0000,-9999.0000,-9999.0000,-9999.0000,-9999.0000,-9999.0000,-9999.0000,-9999.0000,-9999.0000,-9999.0000,-9999.0000
2022-10-05,49,-9999.0000,-9999.0000,-9999.0000,-9999.0000,-9999.0000,-9999.0000,-9999.0000,-9999.0000,-9999.0000,-9999.0000,-9999.0000
2022-10-07,49,593.1205,1009.4290,1181.7505,1290.0237,1579.8534,1987.7421,2212.8266,2261.1074,2361.5504,2843.2497,2381.9724
2022-10-07,49,673.0000,1024.8853,1188.7969,1290.1991,1565.4769,1956.4142,2187.2489,2261.4139,2330.3206,2826.9391,2373.5791
2022-10-10,49,-9999.0000,-9999.0000,-9999.0000,-9999.0000,-9999.0000,-9999.0000,-9999.0000,-9999.0000,-9999.0000,-9999.0000,-9999.0000
2022-10-10,49,-9999.0000,-9999.0000,-9999.0000,-9999.0000,-9999.0000,-9999.0000,-9999.0000,-9999.0000,-9999.0000,-9999.0000,-9999.0000
2022-10-12,49,1854.0000,1918.0000,2000.0000,1968.3552,2302.0000,2656.5330,2753.0090,2818.5948,2854.6294,2537.5436,2173.9993
2022-10-15,49,79.0000,349.8668,582.5514,684.6473,926.4941,1329.1853,1498.9184,1413.0405,1586.8532,1706.3783,1300.1161
2022-10-15,49,316.0000,504.7442,698.0000,753.3991,965.2850,1363.1251,1522.1076,1446.6754,1610.8817,1690.7311,1298.6954
2022-10-17,49,955.0000,1217.3307,1394.0000,1429.5122,1788.6972,2387.5561,2660.9790,2613.2328,2771.6072,3012.4345,2502.4840
2022-10-17,49,1117.0000,1320.6086,1448.4703,1465.5597,1802.6578,2372.6356,2628.4731,2595.8403,2776.6005,3001.2601,2473.8112
2022-10-20,49,381.0000,761.2871,1029.1103,1147.2094,1467.7654,1890.0490,2116.0000,2137.8673,2283.4017,2825.6347,2439.7169
2022-10-20,49,768.0000,997.5054,1172.7271,1221.6564,1522.2724,1897.3856,2102.7312,2119.2197,2252.2600,2719.0000,2377.4704
2022-10-25,49,-9999.0000,-9999.0000,-9999.0000,-9999.0000,-9999.0000,-9999.0000,-9999.0000,-9999.0000,-9999.0000,-9999.0000,-9999.0000
2022-10-25,49,650.0000,565.0000,786.0000,784.0000,1120.0000,1610.0000,1791.0000,1954.0000,1940.0000,1703.0000,1153.0000
2022-10-27,49,723.0000,1173.3825,1418.5371,1675.0392,1914.8817,2055.5951,2232.7320,2311.7860,2376.4146,2998.3171,2648.9546
2022-10-27,49,932.0000,1288.7274,1504.8627,1722.8690,1961.9701,2103.9484,2279.1584,2358.8365,2408.3746,2966.3267,2631.6823
2022-10-30,49,761.0000,1140.5323,1380.8108,1626.2380,1835.4286,2003.7513,2152.6755,2214.8793,2296.5349,2856.5717,2612.9707
2022-10-30,49,851.0000,1172.5074,1400.6156,1619.4641,1826.1565,2003.8704,2151.4557,2198.1903,2263.9198,2840.8205,2599.1612
2022-11-04,49,37.0000,370.4000,636.4529,897.1607,1088.0000,1229.6866,1333.5775,1510.5457,1444.9733,1563.2904,1029.8972
2022-11-04,49,90.3642,384.9899,641.8088,893.3333,1085.0000,1229.9489,1317.9515,1510.4114,1449.2293,1549.0618,1033.0000
2022-11-06,49,527.0000,817.1004,1021.5090,1266.5901,1460.5281,1683.3522,1811.0469,1927.8252,1956.8296,2388.2283,1877.0017
2022-11-06,49,556.0000,829.0988,1028.9673,1274.0322,1468.3677,1676.0478,1810.7468,1927.4617,1956.2452,2387.1805,1877.4992
2022-11-21,49,625.3978,740.6131,961.5262,1032.7093,1320.7842,1600.5352,1702.0000,1782.1036,1853.4236,2243.5378,1756.4282
2022-11-21,49,728.0000,812.5216,1000.9280,1045.4114,1334.3378,1618.1450,1708.0510,1797.9550,1843.9760,2202.7389,1731.0194
2022-11-24,49,689.0000,1027.4898,1339.0584,1698.3333,1898.2928,2099.3803,2245.6982,2376.8048,2412.5100,2644.8069,2019.7200
2022-11-24,49,717.1290,1041.4823,1346.2893,1690.3364,1907.0000,2098.5583,2228.4228,2357.1546,2393.8153,2635.3757,1992.9509
2022-11-26,49,-9999.0000,-9999.0000,-9999.0000,-9999.0000,-9999.0000,-9999.0000,-9999.0000,-9999.0000,-9999.0000,-9999.0000,-9999.0000
2022-11-26,49,-9999.0000,-9999.0000,-9999.0000,-9999.0000,-9999.0000,-9999.0000,-9999.0000,-9999.0000,-9999.0000,-9999.0000,-9999.0000
2022-12-01,49,811.0000,1088.9363,1240.9669,1362.7360,1545.2410,1682.2411,1729.9925,1881.9346,1820.8343,1829.7440,1514.4419
2022-12-06,49,-9999.0000,-9999.0000,-9999.0000,-9999.0000,-9999.0000,-9999.0000,-9999.0000,-9999.0000,-9999.0000,-9999.0000,-9999.0000
2023-01-10,49,688.0000,1001.2525,1338.4829,1594.6096,1909.0000,2210.7728,2317.3358,2535.7852,2518.5186,2520.0000,1795.1963
2023-01-10,49,739.0000,1025.6662,1346.8776,1603.8640,1890.7282,2203.5452,2324.2922,2519.9381,2518.5975,2509.0294,1788.7891
2023-01-20,49,-9999.0000,-9999.0000,-9999.0000,-9999.0000,-9999.0000,-9999.0000,-9999.0000,-9999.0000,-9999.0000,-9999.0000,-9999.0000
2023-01-20,49,-9999.0000,-9999.0000,-9999.0000,-9999.0000,-9999.0000,-9999.0000,-9999.0000,-9999.0000,-9999.0000,-9999.0000,-9999.0000
2023-01-25,49,756.0000,1181.1141,1490.3327,1690.8133,2018.1158,2393.3258,2539.6858,2741.4996,2681.5809,2755.1030,2069.3712
2023-01-25,49,787.0000,1200.4415,1498.5541,1682.2523,2025.6320,2379.4833,2539.2578,2726.9249,2677.0763,2744.4934,2064.0000
2023-01-28,49,1511.0000,1669.1563,1941.3122,2041.0944,2366.5308,2692.5403,2833.9189,2998.4226,2941.0703,2577.4032,1934.0000
2023-01-28,49,1444.0000,1645.1079,1851.5344,1889.8648,2210.9456,2521.1717,2663.7931,2871.1833,2741.1924,2376.9697,1747.7211
2023-01-30,49,-9999.0000,-9999.0000,-9999.0000,-9999.0000,-9999.0000,-9999.0000,-9999.0000,-9999.0000,-9999.0000,-9999.0000,-9999.0000
2023-01-30,49,1744.0000,1758.0000,2072.0000,2142.0000,2703.0000,3473.0000,3689.0000,3940.0000,3909.0000,3112.0000,2190.0000
2023-02-02,49,1102.0000,1288.9050,1528.0000,1660.5914,2030.2693,2365.6303,2476.3826,2634.7226,2628.5003,2420.2274,1678.4257
2023-02-02,49,984.0000,1181.0020,1453.3885,1634.7407,2018.9841,2347.3889,2451.0735,2620.9137,2627.3181,2450.6509,1697.4264
2023-02-04,49,-9999.0000,-9999.0000,-9999.0000,-9999.0000,-9999.0000,-9999.0000,-9999.0000,-9999.0000,-9999.0000,-9999.0000,-9999.0000
2023-02-04,49,-9999.0000,-9999.0000,-9999.0000,-9999.0000,-9999.0000,-9999.0000,-9999.0000,-9999.0000,-9999.0000,-9999.0000,-9999.0000
2023-02-07,49,754.0000,1138.0000,1466.9753,1667.1630,1962.2167,2323.9788,2477.2738,2755.4924,2619.4483,2747.9592,2251.5688
2023-02-07,49,785.0000,1152.7286,1474.4697,1666.9408,1959.0000,2313.4759,2475.2242,2755.0270,2627.0435,2738.0331,2241.8304
2023-02-09,49,1120.7470,1363.3484,1730.9182,1957.4031,2390.4916,2792.2121,2936.3376,3238.0535,3099.7388,3431.5522,2825.8883
2023-02-09,49,1141.9464,1378.6218,1730.8333,1958.1717,2386.8408,2779.2015,2919.1372,3236.2218,3098.3493,3413.4746,2839.1250
2023-02-12,49,397.0000,517.0737,613.5660,657.7831,769.0000,829.5859,869.5324,931.9515,885.4490,831.0000,552.9002
2023-02-12,49,369.0000,493.3258,584.5333,633.3366,730.6985,786.8692,827.2230,892.3120,852.0000,816.7320,558.2638
2023-02-14,49,775.0000,1164.1315,1473.9696,1731.2120,2124.5008,2442.0406,2596.8678,2823.1294,2777.9931,3009.2769,2376.9600
2023-02-14,49,912.0000,1228.5405,1482.7060,1682.9532,2058.3932,2395.8393,2552.9475,2772.8901,2712.1254,2935.0290,2341.6809
2023-02-17,49,-9999.0000,-9999.0000,-9999.0000,-9999.0000,-9999.0000,-9999.0000,-9999.0000,-9999.0000,-9999.0000,-9999.0000,-9999.0000
2023-02-27,49,-9999.0000,-9999.0000,-9999.0000,-9999.0000,-9999.0000,-9999.0000,-9999.0000,-9999.0000,-9999.0000,-9999.0000,-9999.0000
2023-02-27,49,-9999.0000,-9999.0000,-9999.0000,-9999.0000,-9999.0000,-9999.0000,-9999.0000,-9999.0000,-9999.0000,-9999.0000,-9999.0000
2023-03-09,49,985.0000,1229.4791,1577.7807,1529.8445,2122.7913,3309.5254,3691.8322,3850.3464,3859.0687,3170.0000,2484.5670
2023-03-09,49,670.0000,1021.5000,1444.0000,1426.2186,2092.0896,3348.6364,3781.9919,3906.8266,3973.9482,3234.0000,2539.0000
2023-03-11,49,867.0000,1083.0948,1500.2663,1417.1531,2058.1338,3499.0133,3833.5476,3990.5531,4009.6538,3070.0000,2228.2477
2023-03-11,49,897.8730,1108.9707,1532.8983,1426.0000,2072.7855,3512.9963,3832.3229,3959.5395,4012.6696,3051.0000,2258.9747
2023-03-16,49,416.0000,609.6508,916.3437,837.2485,1418.0000,2856.7265,3175.8119,3479.5718,3352.3934,2256.0000,1395.0644
2023-03-16,49,470.0000,636.0000,929.9211,842.6162,1373.6687,2837.4339,3187.0000,3477.2702,3331.0000,2225.0000,1373.0000
2023-03-21,49,423.0000,522.1812,913.0464,689.9607,1420.5079,3135.0000,3511.2038,3670.7318,3650.2153,2204.1532,1330.5546
2023-03-21,49,513.0000,564.3390,938.1726,716.4660,1436.7229,3081.4619,3445.3390,3617.8378,3610.7642,2190.6324,1330.9713
2023-03-29,49,282.0000,409.6145,753.1807,443.3782,1163.1488,3208.6924,3916.3077,4087.9902,3974.0000,1666.6965,954.0000
2023-03-29,49,340.5396,437.7835,766.5166,450.9868,1165.7879,3208.5582,3881.3821,4069.6843,3972.0000,1659.1376,936.0000
2023-04-03,49,196.7907,253.3032,684.2054,322.8686,1185.0646,3640.7398,4382.0000,4692.9347,4498.3836,1707.0000,905.0000
2023-04-03,49,278.0000,313.3591,721.4817,363.5818,1179.0000,3607.8040,4342.7956,4677.1697,4468.5206,1717.6699,899.1056
2023-04-05,49,343.0000,405.2991,802.7989,403.4831,1286.1920,3700.9828,4485.2686,4952.1713,4664.8042,1761.9509,960.5373
2023-04-05,49,410.0000,469.4440,833.0124,444.6448,1265.0000,3640.7257,4426.6127,4853.5362,4549.9654,1769.5421,957.6086
2023-04-05,49,307.8274,390.1220,795.1490,404.0159,1290.0909,3819.6287,4634.8056,5028.6111,4709.1920,1779.4827,964.5053
2023-04-05,49,347.0000,402.4655,804.4276,403.2453,1260.0000,3704.7548,4496.0000,4950.4634,4630.4365,1766.2127,953.0408
2023-04-08,49,2753.9798,2601.4675,2630.0000,2233.0000,2845.0000,4267.0121,4763.8398,4881.5908,4770.6827,2025.7252,1601.2674
2023-04-08,49,1878.6886,1974.0000,2172.0000,1917.2268,2484.0000,3814.0217,4345.7470,4572.0000,4414.2952,2001.0000,1587.0000
2023-04-10,49,306.0000,306.7025,757.3605,355.1001,1287.0000,4073.2705,4869.6685,5253.3613,5063.3796,1825.9050,946.3255
2023-04-10,49,367.0000,361.6395,779.3030,380.7856,1305.0000,4008.5397,4803.0000,5172.1148,5030.7255,1826.8709,954.9674
2023-04-15,49,1594.0000,1692.0000,1788.0000,1541.0685,2008.0136,3304.4998,3809.2803,3977.7143,3870.0000,1554.8252,1105.9820
2023-04-18,49,1233.6136,1148.0000,1482.3884,1305.8101,1877.4299,3427.0000,4052.7407,4295.2377,4200.0000,2417.4618,1834.0000
2023-04-18,49,1267.0000,1219.8367,1515.4017,1331.3992,1892.2344,3373.6780,3980.0000,4214.9154,4105.5932,2436.4897,1859.0000
2023-04-23,49,2148.0000,1422.0000,1728.0000,1632.0000,2059.0000,3151.0000,3407.0000,3516.0000,3496.0000,2355.0000,1831.0000
2023-04-23,49,2225.0000,1401.5000,1760.0000,1526.0000,2309.0000,4253.0000,4889.0000,5187.3035,4919.0000,2250.0000,1608.0000
2023-04-30,49,-9999.0000,-9999.0000,-9999.0000,-9999.0000,-9999.0000,-9999.0000,-9999.0000,-9999.0000,-9999.0000,-9999.0000,-9999.0000
2023-04-30,49,-9999.0000,-9999.0000,-9999.0000,-9999.0000,-9999.0000,-9999.0000,-9999.0000,-9999.0000,-9999.0000,-9999.0000,-9999.0000
2023-05-05,49,197.6155,241.2586,521.1887,172.7703,882.7178,3798.4907,5463.4937,5669.3246,5586.4813,1603.2793,756.6005
2023-05-05,49,320.0000,356.9747,609.2944,257.4492,916.9849,3701.6960,5298.5458,5477.5042,5398.3074,1596.0415,763.3574
2023-05-13,49,-9999.0000,-9999.0000,-9999.0000,-9999.0000,-9999.0000,-9999.0000,-9999.0000,-9999.0000,-9999.0000,-9999.0000,-9999.0000
2023-05-13,49,-9999.0000,-9999.0000,-9999.0000,-9999.0000,-9999.0000,-9999.0000,-9999.0000,-9999.0000,-9999.0000,-9999.0000,-9999.0000
2023-05-15,49,330.8710,396.3806,702.2262,301.4468,1114.9969,3946.3078,5509.7990,5703.7934,5717.2858,1611.8812,786.3082
2023-05-15,49,378.0000,408.1032,708.1754,305.2398,1112.3416,3911.2888,5481.8386,5687.5495,5700.9344,1604.3133,780.5893
2023-05-18,49,530.9275,528.0000,781.1053,492.3391,1164.1416,3546.0000,4903.0724,5032.1619,5122.0000,1741.0000,1028.0000
2023-05-18,49,507.0000,523.8578,802.4151,505.6165,1156.2547,3602.4204,4936.5175,5100.0678,5146.9565,1717.0371,1052.9850
2023-05-23,49,386.0000,409.5205,741.2483,451.5562,1153.6013,3587.8454,4856.5179,4998.8450,5159.0663,1563.6054,843.9914
2023-05-23,49,416.0000,405.4101,713.3023,427.2879,1123.4116,3491.7450,4696.4901,4837.9162,4999.4788,1548.9793,836.6798
2023-05-25,49,219.0000,323.8506,659.2264,323.5090,1132.1551,3699.8344,5060.2186,5240.0608,5381.6854,1619.8477,840.0902
2023-05-25,49,459.0000,461.4302,744.9967,419.0437,1178.6002,3547.4629,4823.9067,5030.1444,5158.5738,1619.5190,841.0998
2023-05-28,49,-9999.0000,-9999.0000,-9999.0000,-9999.0000,-9999.0000,-9999.0000,-9999.0000,-9999.0000,-9999.0000,-9999.0000,-9999.0000
2023-05-28,49,-9999.0000,-9999.0000,-9999.0000,-9999.0000,-9999.0000,-9999.0000,-9999.0000,-9999.0000,-9999.0000,-9999.0000,-9999.0000
2023-05-30,49,-9999.0000,-9999.0000,-9999.0000,-9999.0000,-9999.0000,-9999.0000,-9999.0000,-9999.0000,-9999.0000,-9999.0000,-9999.0000
2023-05-30,49,-9999.0000,-9999.0000,-9999.0000,-9999.0000,-9999.0000,-9999.0000,-9999.0000,-9999.0000,-9999.0000,-9999.0000,-9999.0000
2023-06-02,49,634.0000,932.1004,1379.4187,1745.0852,2268.3021,2817.0000,3114.8243,3218.7919,3532.2759,3352.1636,2409.5940
2023-06-02,49,681.0000,962.2080,1388.0649,1722.1583,2247.1043,2795.9496,3099.7432,3200.0000,3511.0587,3335.7222,2423.2352
2023-06-04,49,949.0000,1314.3568,1739.1604,2010.4966,2618.8090,3328.0000,3763.4218,3840.6131,4137.7468,3740.2669,2777.1439
2023-06-04,49,982.0000,1331.9988,1746.4858,2009.8224,2596.3962,3331.1646,3766.4322,3833.7174,4119.6950,3748.3020,2747.3293
2023-06-07,49,453.2977,685.1379,1060.8196,1178.6478,1715.9262,2444.5205,2796.5977,2843.6998,3010.6441,2580.0000,1786.2866
2023-06-07,49,557.8277,777.0232,1101.0624,1187.0598,1702.5287,2409.2018,2744.1570,2786.5992,2977.9554,2555.2526,1771.4756
2023-06-09,49,853.0000,923.0124,1347.4103,1410.9395,2059.1652,2970.3895,3261.1269,3289.8214,3541.9617,3289.4853,2359.6694
2023-06-09,49,879.0000,997.5897,1381.6472,1426.4609,2036.1876,2924.0000,3206.1697,3218.9809,3476.6646,3301.6810,2324.4474
2023-06-12,49,404.0000,627.6042,1074.7793,1145.8667,1763.4289,2700.1742,3053.5679,3084.1430,3281.9842,2914.6155,2066.1970
2023-06-12,49,516.0000,698.2587,1123.2988,1171.1615,1756.0814,2694.4870,3015.2808,3051.0294,3257.9806,2899.7020,2050.0587
2023-06-14,49,1106.0000,1268.6734,1602.5991,1548.9942,2075.8493,2881.3214,3183.0000,3225.7662,3303.0000,2555.1200,1849.6046
2023-06-14,49,1161.0000,1321.3655,1652.3025,1571.2950,2117.0000,2872.0000,3179.8915,3220.0000,3264.0000,2552.5353,1872.6498
2023-06-17,49,1101.7470,1482.4604,1841.3237,2258.9933,2477.3373,2699.0925,2907.6461,2986.6835,3085.2984,3670.0153,3420.4247
2023-06-17,49,1128.7346,1474.6124,1827.2573,2219.1928,2441.9385,2675.6578,2867.8383,2962.6860,3066.6688,3641.3461,3397.2527
2023-06-19,49,1300.0000,1683.8682,2155.3328,2614.8695,2857.9532,3031.5979,3193.8398,3206.2198,3397.8607,4009.2369,3542.5789
2023-06-19,49,1343.0000,1602.0411,2027.6965,2421.0606,2694.3656,2967.1293,3109.6492,3125.9716,3334.8876,3943.0897,3480.1906
2023-06-22,49,-9999.0000,-9999.0000,-9999.0000,-9999.0000,-9999.0000,-9999.0000,-9999.0000,-9999.0000,-9999.0000,-9999.0000,-9999.0000
2023-06-24,49,1333.0837,1835.2648,2260.3588,2696.1960,2905.0139,3083.3567,3299.7789,3345.1775,3453.9429,4136.1750,3815.8825
2023-06-24,49,1344.0000,1850.9906,2259.3028,2693.5617,2938.7268,3084.9938,3287.0189,3344.0000,3446.6516,4117.5717,3816.0670
2023-06-27,49,1273.0000,1882.2833,2306.3777,2790.6025,2953.8054,3042.6915,3266.4778,3298.4222,3453.3762,4115.5516,3752.1093
2023-06-27,49,1338.0000,1874.9174,2274.6003,2774.5479,2938.1236,3032.2843,3257.5046,3288.0000,3431.7820,4099.0513,3735.8856
2023-06-29,49,1345.0000,1890.8998,2423.7817,2951.6716,3191.4843,3388.3711,3540.2430,3649.8058,3739.9943,4306.3496,3671.0966
2023-06-29,49,1388.0000,1755.4295,2243.8309,2726.8752,2995.9105,3271.5592,3447.5737,3530.2624,3638.6460,4227.8138,3655.1952
2023-07-02,49,919.0000,1226.8386,1641.9957,2058.6446,2378.8817,2570.4545,2739.5343,2714.2786,2973.0000,3464.3550,2828.0000
2023-07-02,49,1017.4741,1201.6239,1537.6053,1865.7995,2179.6666,2469.5611,2660.4892,2619.7943,2853.5182,3348.7648,2758.1343
2023-07-04,49,1325.0000,1988.2430,2469.1592,2918.4816,3226.2674,3370.7163,3605.7752,3608.7893,3754.5742,4345.8441,3818.4471
2023-07-04,49,1352.0000,1858.9416,2307.3794,2727.3155,3031.0000,3250.9830,3479.2242,3513.5562,3654.7835,4281.8396,3772.1775
2023-07-07,49,1212.0000,1689.5540,2132.2844,2471.8088,2792.4271,3105.3827,3315.5691,3402.5841,3475.3073,3990.3346,3624.6153
2023-07-07,49,1209.0000,1683.6579,2105.7232,2421.9796,2747.9954,3078.0028,3292.8589,3385.6731,3461.3514,3967.0000,3622.6945
2023-07-09,49,1484.0000,1946.7790,2453.8167,2808.6163,3132.6867,3538.7265,3692.1291,3716.0000,3882.7884,4378.4041,3720.5583
2023-07-09,49,1486.0000,1842.8514,2315.4377,2649.5385,3033.0000,3447.4770,3608.2648,3617.2236,3801.7495,4309.9541,3685.5214
2023-07-12,49,-9999.0000,-9999.0000,-9999.0000,-9999.0000,-9999.0000,-9999.0000,-9999.0000,-9999.0000,-9999.0000,-9999.0000,-9999.0000
2023-07-14,49,1268.0000,1732.7803,2227.7092,2406.8137,2888.0000,3498.7866,3780.4310,3834.0205,3919.0000,4183.8866,3573.7685
2023-07-14,49,1301.0000,1673.6257,2149.0669,2311.6369,2776.5432,3429.7426,3698.8294,3761.8521,3846.2174,4106.4136,3519.0000
2023-07-17,49,1098.8431,1378.1966,1851.2432,1927.4460,2467.1338,3251.6104,3536.3804,3546.6892,3691.6816,3673.4743,3049.9141
2023-07-17,49,1090.0000,1354.0250,1778.6812,1850.6364,2356.3716,3149.3901,3460.1961,3466.0200,3611.0973,3607.2498,2996.0000
2023-07-19,49,-9999.0000,-9999.0000,-9999.0000,-9999.0000,-9999.0000,-9999.0000,-9999.0000,-9999.0000,-9999.0000,-9999.0000,-9999.0000
2023-07-22,49,-9999.0000,-9999.0000,-9999.0000,-9999.0000,-9999.0000,-9999.0000,-9999.0000,-9999.0000,-9999.0000,-9999.0000,-9999.0000
2023-07-22,49,-9999.0000,-9999.0000,-9999.0000,-9999.0000,-9999.0000,-9999.0000,-9999.0000,-9999.0000,-9999.0000,-9999.0000,-9999.0000
2023-07-27,49,373.0000,509.0275,821.2129,677.4855,1179.0681,2581.5276,3014.9599,3115.6864,3164.5064,2235.2348,1387.4620
2023-07-27,49,408.6783,537.6969,845.2220,693.2166,1170.4562,2562.2447,3037.7368,3105.7836,3161.6356,2226.0137,1387.6924
2023-07-29,49,742.0000,779.2779,1234.6568,996.1230,1659.9830,3764.0000,4333.0000,4306.3375,4472.4317,2964.0939,1837.0000
2023-07-29,49,770.0000,819.0559,1243.4943,995.7677,1642.9196,3685.3834,4248.2286,4228.0000,4396.4732,2946.7625,1827.1853
2023-08-03,49,-9999.0000,-9999.0000,-9999.0000,-9999.0000,-9999.0000,-9999.0000,-9999.0000,-9999.0000,-9999.0000,-9999.0000,-9999.0000
2023-08-06,49,285.9461,374.4315,664.9399,341.6275,875.2863,3302.9664,4407.5000,4426.3719,4452.6882,2066.1212,1044.0140
2023-08-06,49,339.1765,397.3134,681.5448,353.0091,884.1195,3324.3639,4392.4081,4402.0000,4409.4400,2068.0335,1028.5217
2023-08-08,49,385.8253,362.9547,717.9835,346.6780,939.8207,3721.2032,4717.0000,4835.2395,4870.0453,2227.7929,1083.1720
2023-08-08,49,411.5132,388.9103,740.5026,356.8748,954.9987,3731.8872,4744.0000,4825.2654,4838.0000,2217.4055,1083.9786
2023-08-11,49,-9999.0000,-9999.0000,-9999.0000,-9999.0000,-9999.0000,-9999.0000,-9999.0000,-9999.0000,-9999.0000,-9999.0000,-9999.0000
2023-08-11,49,-9999.0000,-9999.0000,-9999.0000,-9999.0000,-9999.0000,-9999.0000,-9999.0000,-9999.0000,-9999.0000,-9999.0000,-9999.0000
2023-08-13,49,290.5741,377.3593,700.3729,330.8023,947.4086,3591.2441,5001.1957,5078.5963,5144.7567,2353.8808,1148.5479
2023-08-13,49,429.0000,481.1039,761.5306,411.8481,987.7143,3497.0013,4838.9747,4885.7677,4986.0000,2339.8728,1147.5768
2023-08-16,49,368.0000,449.6207,705.5060,394.9759,915.5824,3209.7743,4473.8049,4600.3018,4715.0049,2115.3357,1058.5507
2023-08-16,49,420.2647,481.9522,725.6193,411.2972,924.1758,3207.3408,4464.6812,4567.3864,4676.8971,2100.5725,1059.3245
2023-08-18,49,324.0000,421.3212,764.3909,426.9931,1010.6387,3719.2121,4937.8663,4899.6592,5207.9847,2394.9023,1162.2912
2023-08-18,49,477.7178,489.7568,801.8852,466.8869,1043.0123,3650.5763,4792.1677,4805.4762,5088.0000,2377.4082,1169.9134
2023-08-21,49,274.5929,339.8565,641.9912,379.3317,938.5945,3126.0000,4250.4573,4422.1237,4541.0000,2139.9908,1050.0829
2023-08-21,49,345.4514,389.4260,669.0514,402.6241,950.9147,3106.0641,4234.8431,4374.5153,4491.8100,2130.9589,1042.6559
2023-08-23,49,297.4981,419.7743,733.8586,442.8194,1032.9508,3220.0393,4473.5168,4630.4444,4692.0000,2325.0513,1186.8566
2023-08-23,49,465.6568,549.7271,812.9112,530.8022,1090.8672,3089.5126,4245.8359,4419.6316,4504.5041,2308.4888,1186.4747
2023-08-26,49,291.1193,421.3577,708.8478,467.0298,1019.8011,3018.9408,4107.0000,4310.5200,4457.0000,2139.7262,1109.0933
2023-08-26,49,379.0000,481.3571,744.9822,499.8335,1043.4312,3001.0000,4066.0000,4248.7442,4387.6454,2140.9945,1098.9648
2023-08-31,49,315.0000,376.1112,653.7850,393.2223,901.0229,2850.1565,3750.8370,3733.0485,3937.9428,1678.1168,769.1742
2023-08-31,49,510.9630,524.3090,740.3006,473.4222,962.6760,2804.3647,3610.6632,3622.3958,3864.2313,1685.1351,778.9725
2023-09-02,49,301.2771,414.2971,692.8871,420.8596,1057.9394,3257.8370,4343.4114,4454.1517,4567.9438,2220.0149,1094.7628
2023-09-02,49,392.0000,484.0992,732.3405,465.0096,1069.0370,3238.9004,4298.1770,4375.0838,4504.4443,2203.3466,1093.7745
2023-09-05,49,232.3086,357.3756,605.2275,401.1271,933.7672,2973.0000,3987.0212,4262.8706,4246.6880,1979.1291,1019.8124
2023-09-05,49,298.0000,405.4682,633.1445,421.0340,946.4436,2954.3328,3941.3971,4228.6813,4238.0000,1978.8430,1020.2130
2023-09-07,49,289.8498,341.7302,645.4395,425.2715,1009.4322,3261.1228,4171.5915,4373.6427,4490.9250,2195.0830,1082.5940
2023-09-07,49,352.8788,389.3450,672.8873,452.8517,1012.5466,3206.3101,4119.2293,4326.5656,4421.6786,2179.5997,1082.8941
2023-09-10,49,243.4230,323.2470,601.3218,435.5972,962.9654,2956.3385,3866.1078,4084.2150,4179.5784,2059.9058,1029.2589
2023-09-10,49,333.4410,388.8279,645.6821,465.6331,979.8179,2931.0621,3817.8444,4053.8326,4168.1296,2051.7731,1028.2820
2023-09-12,49,449.0000,645.2691,893.2465,693.2555,1224.9819,3051.8814,4025.5394,4101.5730,4298.1721,1998.4820,1106.2333
2023-09-17,49,807.0000,718.2183,921.5786,685.7536,1211.8428,3176.0000,3938.7234,4017.2654,4348.0000,2418.5139,1240.5948
2023-09-25,49,189.7186,326.6231,552.0711,401.2410,869.9068,2533.2539,3337.0113,3509.5116,3670.9866,1956.6835,1060.9625
2023-09-25,49,238.2663,360.2409,570.4391,412.4603,875.2241,2518.8039,3301.0000,3493.7823,3654.0966,1961.6659,1064.6051
2023-09-27,49,805.0000,984.2509,1280.7657,1459.0357,1858.7353,2331.0986,2546.6332,2678.8061,2824.1328,3250.5160,2573.3197
2023-09-27,49,840.0000,1021.8028,1312.6401,1467.9321,1842.6713,2325.5155,2536.2998,2680.7874,2811.0639,3256.9889,2572.0000
2023-09-30,49,-9999.0000,-9999.0000,-9999.0000,-9999.0000,-9999.0000,-9999.0000,-9999.0000,-9999.0000,-9999.0000,-9999.0000,-9999.0000
2023-09-30,49,-9999.0000,-9999.0000,-9999.0000,-9999.0000,-9999.0000,-9999.0000,-9999.0000,-9999.0000,-9999.0000,-9999.0000,-9999.0000
2023-10-02,49,708.0000,1123.3097,1404.3097,1786.4635,2115.5297,2277.6156,2522.5394,2662.9725,2791.6033,3643.0000,3086.0000
2023-10-02,49,870.0000,1188.9087,1432.8925,1770.0311,2093.6424,2279.0291,2501.3721,2629.6566,2744.3486,3597.0129,3079.1421
2023-10-07,49,923.0000,1138.3741,1482.3503,1850.7361,2099.0624,2220.4049,2339.6287,2471.4755,2550.7877,3399.6405,3031.6032
2023-10-07,49,958.0098,1168.9223,1490.2806,1835.1044,2073.6634,2212.8648,2328.2194,2471.1683,2540.9901,3385.4654,3017.2037
2023-10-12,49,1740.0000,2002.0000,2238.0000,2460.0000,2886.0000,3072.0000,3292.0000,3256.0000,3393.0000,3480.0000,2911.0000
2023-10-17,49,1088.0000,1450.8827,1842.2950,2258.8822,2448.0000,2564.3626,2683.9623,2903.9988,2876.3894,3706.2949,3335.5650
2023-10-17,49,1131.0000,1460.6077,1850.2688,2258.2970,2452.8645,2571.6218,2675.2755,2903.4083,2883.3626,3705.3593,3350.8301
2023-10-22,49,637.4708,901.7734,1128.9911,1434.8958,1641.9668,1732.1633,1876.7532,1958.0374,2031.0000,2483.1761,1939.8693
2023-10-22,49,633.0000,913.4463,1133.5973,1435.7057,1642.2837,1732.5163,1875.1659,1959.2778,2009.8581,2474.3075,1932.4663
2023-10-27,49,621.4124,812.6977,1132.7054,1362.4835,1672.7252,1897.3660,2006.4587,2054.4244,2183.3634,2393.7363,1748.1793
2023-10-27,49,654.1161,829.0336,1136.9101,1371.3981,1675.9160,1907.5424,2005.6413,2039.7611,2184.4981,2397.3854,1731.1486
2023-11-04,49,490.0000,749.9328,1059.1071,1163.4595,1564.3184,2038.5370,2181.0447,2344.7680,2326.5776,2253.2025,1667.0691
2023-11-04,49,549.0000,785.6582,1098.9355,1171.6331,1565.3880,2024.3162,2183.4952,2343.1912,2328.7093,2235.1108,1665.0062
2023-11-11,49,489.7371,717.2415,1041.4729,1013.6822,1579.3277,2297.3714,2467.2424,2648.0509,2602.1225,2242.4988,1523.2387
2023-11-11,49,517.0000,733.3101,1052.9778,1017.6774,1588.3829,2296.4884,2453.9994,2646.6368,2598.7042,2252.4542,1532.5546
2023-11-19,49,684.0284,720.0000,953.3746,844.5901,1278.2817,1873.0000,1986.2995,2060.5571,2096.0000,1637.0000,1120.0000
2023-11-19,49,638.0000,668.8681,941.5341,833.9415,1300.4980,1961.0000,2115.1646,2163.5021,2206.4809,1672.2243,1150.2459
2023-11-24,49,-9999.0000,-9999.0000,-9999.0000,-9999.0000,-9999.0000,-9999.0000,-9999.0000,-9999.0000,-9999.0000,-9999.0000,-9999.0000
2023-11-26,49,403.0000,496.5102,877.6863,681.3490,1364.6361,2679.7377,2890.0847,3127.1291,3035.0111,2027.8450,1226.9977
2023-11-26,49,432.9619,522.0621,888.8648,677.5529,1363.4709,2645.8569,2888.8361,3126.6575,3030.8147,2035.1040,1220.1240
2023-11-29,49,284.6294,428.2406,793.4238,605.2994,1306.0004,2612.2208,2870.5621,3094.0983,3001.6458,1845.7889,1073.1209
2023-11-29,49,332.0000,466.4663,833.7720,624.8605,1305.3700,2592.7750,2851.0094,3062.8656,2967.6678,1842.6445,1073.1765
2023-12-09,49,372.0000,498.5449,873.8194,649.4711,1421.1762,3078.6841,3415.1048,3560.8104,3574.3310,1961.0682,1129.0151
2023-12-09,49,428.0000,534.1407,888.9303,653.9876,1418.6963,3064.4342,3400.0963,3543.4828,3554.2437,1955.3275,1129.2734
2023-12-14,49,-9999.0000,-9999.0000,-9999.0000,-9999.0000,-9999.0000,-9999.0000,-9999.0000,-9999.0000,-9999.0000,-9999.0000,-9999.0000
2023-12-14,49,2289.0000,2388.0000,2458.0000,2132.9661,2708.0000,3737.4426,3971.5833,4169.8316,4010.9569,2207.0000,1756.0000
2023-12-16,49,330.7239,413.4923,756.5606,531.6690,1228.4413,2950.5983,3273.7310,3493.2097,3430.9658,1785.1505,994.5431
2023-12-16,49,382.2123,441.2505,777.2820,539.4519,1237.5855,2934.4030,3256.6210,3478.4312,3433.4871,1794.8418,988.8946
2023-12-19,49,226.0000,356.9681,680.7011,475.1719,1182.0000,2854.3961,3208.5797,3463.3565,3381.0868,1636.3041,886.0158
2023-12-19,49,281.0000,385.8103,701.0778,483.4178,1181.3151,2872.8828,3206.9450,3445.9751,3369.8107,1645.3578,893.0178
2023-12-24,49,2046.4368,1926.0000,2030.0000,1804.0000,2307.0000,3261.0000,3523.0000,3683.7619,3628.0000,2148.0000,1585.0000
2023-12-24,49,2116.0000,2002.0000,2110.0000,1869.4044,2490.0000,3533.7569,3803.4611,3859.1654,3853.0095,2333.3834,1684.3297
2024-01-05,49,-9999.0000,-9999.0000,-9999.0000,-9999.0000,-9999.0000,-9999.0000,-9999.0000,-9999.0000,-9999.0000,-9999.0000,-9999.0000
2024-01-08,49,681.0000,977.7150,1244.9800,1177.0860,1685.0000,2673.0000,2970.1690,3098.0536,3164.0685,2233.1322,1609.0000
2024-01-08,49,604.0000,948.0000,1217.3035,1104.8219,1657.0000,2742.0000,3166.0000,3196.0000,3308.5848,2213.0000,1503.0000
2024-01-13,49,221.0000,385.5156,637.5447,401.4538,1033.9739,2846.0000,3369.1546,3622.3295,3507.9776,1395.9718,787.7820
2024-01-13,49,345.2870,472.2656,689.3088,445.4618,1041.4354,2786.7872,3288.8144,3559.9067,3422.5818,1379.9883,777.5664
2024-01-15,49,-9999.0000,-9999.0000,-9999.0000,-9999.0000,-9999.0000,-9999.0000,-9999.0000,-9999.0000,-9999.0000,-9999.0000,-9999.0000
2024-01-20,49,215.0000,389.0148,645.0918,411.2566,1112.3272,3125.4490,3637.0511,4070.9003,3787.6667,1669.2052,876.0000
2024-01-20,49,265.9066,428.9677,681.4874,436.5665,1118.0000,3099.2146,3640.1134,4054.1523,3765.1234,1659.5950,870.0000
2024-01-23,49,262.0000,424.7200,681.3382,445.3214,1116.0000,2892.6894,3386.9620,3639.4475,3539.7989,1466.6120,813.2157
2024-01-23,49,337.2044,472.2302,713.4276,461.3633,1118.0060,2884.7318,3352.3633,3636.8307,3463.1906,1461.1120,813.6454
2024-01-25,49,478.6628,564.8673,925.2389,749.4812,1461.5827,3229.6364,3605.9948,3701.0338,3718.0771,1797.3543,973.8332
2024-01-25,49,665.0000,712.0000,1004.8738,801.8912,1457.8620,3097.9595,3495.6732,3573.4462,3635.7444,1778.3345,969.9289
2024-01-28,49,303.0000,361.6103,656.5618,449.2928,1193.5756,3034.6443,3459.7093,3704.7851,3637.6257,1540.7176,812.4846
2024-01-28,49,354.0000,397.2639,674.0000,457.7441,1203.0000,2984.5067,3433.6002,3702.4462,3593.8065,1534.1164,805.1826
2024-01-30,49,262.0000,409.4065,672.3439,467.7495,1248.0000,3173.7264,3671.5106,3957.5572,3843.2833,1650.3434,874.3206
2024-01-30,49,369.0000,481.8960,721.1659,500.7367,1262.0000,3099.2671,3578.3187,3893.7557,3723.5208,1642.3576,865.0294
2024-02-02,49,38.0000,154.5009,247.0000,156.1941,453.0000,1120.8380,1283.0368,1314.9044,1324.1555,502.4163,290.0000
2024-02-02,49,113.0000,207.0000,278.0000,172.4915,466.7693,1123.9148,1284.2931,1315.1194,1315.3521,500.2874,290.7742
2024-02-04,49,54.0268,96.8629,517.2140,339.2170,1305.4672,3364.3711,3798.0000,4019.2801,3955.9879,1699.6550,897.0000
2024-02-04,49,98.0000,157.5586,552.8444,379.1395,1300.2570,3302.3236,3755.0345,3923.8961,3881.2666,1692.1935,884.9617
2024-02-14,49,428.6546,446.1487,738.3861,493.4732,1193.9411,3174.3486,3691.1019,3845.9880,3864.1800,1614.3518,821.4103
2024-02-14,49,509.0000,504.5697,772.4553,525.7142,1204.2728,3143.0532,3642.0000,3797.5932,3818.8722,1613.5143,820.5062
2024-02-17,49,-9999.0000,-9999.0000,-9999.0000,-9999.0000,-9999.0000,-9999.0000,-9999.0000,-9999.0000,-9999.0000,-9999.0000,-9999.0000
2024-02-17,49,-9999.0000,-9999.0000,-9999.0000,-9999.0000,-9999.0000,-9999.0000,-9999.0000,-9999.0000,-9999.0000,-9999.0000,-9999.0000
2024-02-19,49,141.0000,250.0786,516.9982,266.0024,965.5926,3125.7062,3878.3990,3988.7806,4012.0000,1516.4451,754.0000
2024-02-19,49,189.0000,293.7561,540.9204,289.2446,969.2660,3110.7027,3831.6679,3958.2748,3992.6236,1509.3417,747.0819
2024-03-05,49,284.0000,292.4031,596.3490,365.4352,984.5232,3194.0000,3914.0505,4089.3243,4037.0000,1548.6419,769.4554
2024-03-05,49,232.0000,248.1375,577.4627,333.1060,963.5221,3254.1758,3967.0000,4151.2572,4099.9697,1557.2821,772.9282
2024-03-13,49,353.0000,500.0982,787.8557,603.0723,1179.0000,2941.5693,3590.5812,3823.8153,3717.0000,1739.9867,1184.0000
2024-03-13,49,556.0681,641.5773,885.1730,667.3865,1247.0000,2871.7726,3498.1772,3693.5095,3594.4563,1716.6612,1204.1327
2024-03-20,49,120.0000,192.8853,520.8496,193.9831,940.6208,3255.0000,4165.0000,4494.2891,4343.5806,1571.6090,770.9811
2024-03-20,49,414.0000,450.6089,694.0000,369.4098,1024.0000,3064.0042,3873.4929,4198.2879,4006.4724,1562.1956,774.0337
2024-03-23,49,973.0000,1046.0000,1234.0000,912.0000,1754.0000,3571.0000,4463.0000,4620.0000,4597.0000,2061.0000,1458.0000
2024-03-23,49,878.0000,898.0000,1172.0000,824.0000,1754.0000,3754.0000,4852.0000,4928.0000,4869.0000,2046.0000,1351.0000
2024-03-25,49,197.0000,169.2338,517.7499,201.5744,922.9856,3430.7945,4196.0000,4659.3068,4467.2410,1546.8162,747.6484
2024-03-25,49,252.0000,209.3692,540.9263,221.5075,938.2585,3419.0486,4178.9846,4663.3993,4357.0000,1549.1164,748.4406
2024-03-30,49,1636.9887,1578.0000,1992.6224,1548.0000,2498.6296,4844.1232,5778.0000,5556.0000,5666.0000,2196.4017,1337.9149
2024-04-02,49,200.0000,253.8874,556.9836,205.1041,922.8484,3291.0000,4201.0000,4486.5612,4325.0033,1404.3608,691.9629
2024-04-02,49,237.0000,278.8957,565.6085,209.6384,925.1020,3268.0000,4208.3866,4484.0000,4349.0000,1395.3269,702.4472
2024-04-04,49,229.0000,204.4288,608.9499,204.9533,1060.2756,3759.0000,4618.3950,4913.7491,4726.0000,1711.0000,827.2830
2024-04-04,49,352.0583,324.0830,681.3493,285.1164,1100.4975,3660.0000,4507.0000,4742.1891,4585.2725,1704.0000,834.7268
2024-04-07,49,332.5176,325.8177,689.0330,349.2045,1115.5128,3515.0000,4408.1634,4648.2698,4492.0000,1621.0000,867.1119
2024-04-07,49,502.0000,460.5913,769.7876,433.9116,1156.1047,3374.0000,4213.0000,4499.7300,4330.7464,1602.1253,876.5137
2024-04-09,49,-9999.0000,-9999.0000,-9999.0000,-9999.0000,-9999.0000,-9999.0000,-9999.0000,-9999.0000,-9999.0000,-9999.0000,-9999.0000
2024-04-12,49,187.0000,261.2617,589.5146,245.4726,971.6670,3419.7996,4277.8794,4518.4626,4481.0000,1524.3296,796.0021
2024-04-12,49,324.0000,369.3434,660.7842,317.5459,1010.9726,3293.0000,4116.2187,4418.9528,4367.0000,1512.4764,796.6989
2024-04-14,49,323.0000,261.2466,652.8895,251.3904,1091.7144,3890.9806,4780.0000,5045.1831,4926.0099,1780.3823,883.3147
2024-04-14,49,421.0000,385.9277,733.3649,339.1209,1123.5936,3781.4383,4629.0000,4872.0000,4778.7217,1770.4527,886.0000
2024-04-17,49,304.0000,329.0678,708.9001,325.8811,1164.7485,3741.4958,4668.0000,5045.6402,4859.0000,1619.8012,835.0107
2024-04-17,49,268.0000,277.2519,677.6161,277.1104,1148.3008,3900.0000,4820.0000,5200.9438,4945.2055,1630.0000,826.1797
2024-04-27,49,425.0000,377.5207,477.4623,261.2847,592.9404,1655.0000,2044.8325,2025.3333,2075.4616,618.1628,316.9259
2024-04-29,49,185.0009,252.5406,621.8980,253.3797,1093.5417,3624.6565,4614.9916,4966.5950,4816.0000,1579.9722,788.3609
2024-04-29,49,281.7993,342.3194,677.1494,317.2621,1114.4035,3526.4139,4441.0000,4854.2187,4646.4653,1565.2691,787.8896
2024-05-04,49,-9999.0000,-9999.0000,-9999.0000,-9999.0000,-9999.0000,-9999.0000,-9999.0000,-9999.0000,-9999.0000,-9999.0000,-9999.0000
2024-05-04,49,-9999.0000,-9999.0000,-9999.0000,-9999.0000,-9999.0000,-9999.0000,-9999.0000,-9999.0000,-9999.0000,-9999.0000,-9999.0000
2024-05-14,49,-9999.0000,-9999.0000,-9999.0000,-9999.0000,-9999.0000,-9999.0000,-9999.0000,-9999.0000,-9999.0000,-9999.0000,-9999.0000
2024-05-14,49,-9999.0000,-9999.0000,-9999.0000,-9999.0000,-9999.0000,-9999.0000,-9999.0000,-9999.0000,-9999.0000,-9999.0000,-9999.0000
2024-05-17,49,192.6307,347.9400,914.8130,474.4102,1654.9946,3832.6618,4500.1040,4758.7814,4825.3962,1651.0624,843.3218
2024-05-17,49,307.3513,438.1998,936.7578,515.2312,1649.9443,3763.0000,4379.7565,4648.3822,4716.0000,1645.2806,842.9849
2024-05-22,49,-9999.0000,-9999.0000,-9999.0000,-9999.0000,-9999.0000,-9999.0000,-9999.0000,-9999.0000,-9999.0000,-9999.0000,-9999.0000
2024-05-22,49,-9999.0000,-9999.0000,-9999.0000,-9999.0000,-9999.0000,-9999.0000,-9999.0000,-9999.0000,-9999.0000,-9999.0000,-9999.0000
2024-05-24,49,349.5727,421.4708,859.2325,713.8215,1653.0000,3028.9439,3515.0000,3685.8041,3939.5174,1989.8601,1115.0173
2024-05-24,49,346.3235,437.8770,867.9596,721.9496,1639.0000,3052.8800,3511.7502,3670.4710,3910.5104,1987.2530,1133.5401
2024-05-27,49,-9999.0000,-9999.0000,-9999.0000,-9999.0000,-9999.0000,-9999.0000,-9999.0000,-9999.0000,-9999.0000,-9999.0000,-9999.0000
2024-06-01,49,462.0000,889.2369,1227.0553,1633.4254,2002.7974,2341.0028,2601.5409,2699.2234,2907.5273,2549.6177,1755.7628
2024-06-01,49,642.0000,929.4238,1237.1465,1570.2910,1939.2566,2309.2709,2579.8424,2675.6713,2858.2923,2490.5156,1730.0104
2024-06-03,49,1037.5128,1411.5425,1835.2234,2246.5772,2787.2486,3302.2044,3523.0000,3639.9730,3905.0000,3867.8214,2693.5221
2024-06-06,49,1023.0000,1277.0497,1593.7978,1811.0939,2130.5228,2408.9964,2580.5322,2563.0735,2738.1912,2867.5758,2346.8465
2024-06-06,49,1073.0000,1273.3752,1561.0335,1762.9316,2076.5429,2379.1949,2547.2239,2546.6953,2725.3619,2827.0807,2332.5015
2024-06-16,49,1105.0000,1522.7881,1973.7053,2377.2713,2712.5769,2993.0000,3174.0000,3225.9574,3388.3088,3782.5817,3065.9274
2024-06-16,49,1157.0000,1512.7680,1947.3708,2309.3194,2683.3518,2968.0000,3147.2099,3202.8715,3389.0000,3752.2808,3063.0846
2024-06-18,49,1413.0000,1867.9756,2227.0546,2538.4522,2760.0000,3083.9813,3283.3907,3361.2700,3427.7481,3754.1325,3415.7971
2024-06-18,49,1407.0000,1881.8895,2235.3942,2564.7115,2760.0000,3076.2886,3275.2758,3370.2707,3427.1831,3766.0441,3420.1613
2024-06-26,49,806.0000,774.0000,863.0000,901.0000,1038.0000,1252.0000,1422.0000,1364.0000,1521.0000,1283.0000,978.0000
2024-06-26,49,-9999.0000,-9999.0000,-9999.0000,-9999.0000,-9999.0000,-9999.0000,-9999.0000,-9999.0000,-9999.0000,-9999.0000,-9999.0000
2024-06-28,49,1291.0000,1908.0629,2329.7312,2728.3060,2935.0000,3104.3331,3346.3944,3320.4293,3508.3953,4071.1864,3655.6409
2024-06-28,49,1250.0000,1787.9215,2179.9111,2522.4194,2821.6831,3028.3735,3284.8106,3233.5112,3411.1279,3987.5406,3608.7214
2024-07-06,49,1131.0000,1169.6107,1463.0534,1466.6969,1858.8357,2320.0000,2506.0000,2327.4985,2687.0000,2343.9039,1706.0000
2024-07-06,49,1114.0000,1169.1176,1478.0808,1497.3626,1853.0000,2246.4467,2502.0000,2313.8371,2584.1073,2372.9961,1731.9941
2024-07-08,49,1330.0000,1874.9217,2438.8863,2596.8147,3189.0000,3764.5977,4082.7556,4049.6500,4268.5666,4469.3994,3799.9007
2024-07-08,49,1324.0000,1945.0361,2521.5558,2694.2844,3250.9805,3812.3280,4135.0663,4113.8841,4311.2540,4488.4706,3796.0000
2024-07-11,49,1057.0000,1468.6342,1926.0104,2085.0176,2550.2600,3042.2848,3363.7200,3363.0000,3516.5281,3768.1104,3285.3089
2024-07-11,49,1116.0000,1472.2500,1917.5833,2052.1099,2532.4893,3019.8607,3370.8901,3344.0000,3541.7052,3771.1801,3282.2516
2024-07-13,49,1382.0000,1602.8391,2109.3201,2199.2141,2852.0000,3579.9966,3802.4367,3705.4835,4029.6089,4107.5969,3353.8546
2024-07-13,49,1337.0000,1595.6839,2089.4851,2183.5288,2810.0000,3547.7213,3788.4962,3689.5272,3994.9606,4091.9810,3304.4685
2024-07-16,49,1016.0000,1235.8160,1712.0719,1766.8558,2349.5030,3164.6975,3411.3888,3395.7720,3579.9477,3607.4053,2853.0818
2024-07-16,49,1090.0000,1243.4040,1674.4194,1719.7740,2300.0000,3110.9989,3362.6798,3330.2440,3557.6989,3558.1910,2805.9485
2024-07-18,49,1099.0000,1338.9592,1780.3820,1831.1478,2477.6984,3451.0000,3805.6377,3794.1069,3948.0992,3849.4158,3094.0000
2024-07-18,49,1144.0000,1347.1297,1773.4516,1799.0264,2443.3849,3384.3244,3739.3885,3754.0046,3882.2211,3837.0000,3075.4100
2024-07-21,49,848.0000,1010.1224,1468.5517,1366.5504,1987.4846,3230.6460,3607.1851,3585.9492,3773.4845,3230.0000,2459.8863
2024-07-21,49,896.0000,1043.3076,1476.0000,1364.4781,1997.8745,3224.1506,3588.5313,3577.3588,3751.6449,3223.3699,2437.3858
2024-07-23,49,686.0000,546.0000,804.0000,620.5000,1021.2267,2100.0000,2353.0000,2275.1767,2521.1533,1676.0000,966.6088
2024-07-23,49,687.0000,585.6364,841.1983,680.0000,1064.4537,1982.0000,2235.5771,2074.8468,2361.0000,1634.0000,996.0000
2024-07-26,49,542.0000,579.1771,1019.3039,795.4795,1519.0000,3448.5159,4024.7380,3971.6225,4200.7361,2967.0474,1883.6207
2024-07-26,49,696.0000,683.7639,1058.9659,836.0244,1497.0000,3322.7316,3878.3003,3824.8023,4057.1620,2899.9755,1843.4632
2024-07-28,49,612.0000,635.0926,1090.3231,763.6557,1533.0000,3682.8452,4490.2764,4489.1802,4661.4021,3090.1601,1954.6895
2024-07-28,49,745.4242,771.1278,1139.0987,842.2725,1524.9547,3547.2002,4344.5578,4277.2859,4503.6664,3061.8205,1972.0437
2024-07-31,49,462.1898,587.4227,988.0000,700.3080,1387.7597,3420.4483,4203.9499,4182.5134,4374.4417,2707.0000,1636.3068
2024-07-31,49,597.2105,677.3671,1026.6979,748.5633,1390.0000,3324.1581,4084.1994,4069.5459,4243.8919,2674.8719,1659.7335
2024-08-05,49,-9999.0000,-9999.0000,-9999.0000,-9999.0000,-9999.0000,-9999.0000,-9999.0000,-9999.0000,-9999.0000,-9999.0000,-9999.0000
2024-08-05,49,-9999.0000,-9999.0000,-9999.0000,-9999.0000,-9999.0000,-9999.0000,-9999.0000,-9999.0000,-9999.0000,-9999.0000,-9999.0000
2024-08-07,49,426.7778,466.9094,939.1019,547.4206,1330.3453,3730.5992,4635.0000,4647.9447,4840.3301,2701.0459,1535.0000
2024-08-07,49,568.0000,596.4119,987.0319,619.6331,1357.0000,3604.3607,4410.0250,4456.7550,4619.3446,2692.5134,1547.0000
2024-08-10,49,400.0000,469.6081,858.8907,531.0605,1209.7350,3366.9790,4200.2602,4215.2749,4411.1783,2433.0000,1363.4523
2024-08-10,49,460.4773,509.4974,880.8408,547.3635,1213.4329,3319.9179,4151.5947,4148.5714,4376.9286,2436.8664,1364.5209
2024-08-12,49,490.2530,501.9866,955.9120,601.8893,1336.3658,3687.0275,4372.9732,4422.9600,4615.6449,2619.8743,1429.0628
2024-08-12,49,541.0000,537.0012,970.9590,611.2202,1342.0864,3654.3975,4371.6086,4420.7200,4619.2437,2637.7099,1435.0000
2024-08-12,49,493.0000,505.9486,962.7197,611.6466,1356.5071,3750.6696,4455.7388,4473.7909,4672.3718,2656.4806,1451.8286
2024-08-12,49,548.0928,549.3987,987.6623,626.7691,1355.4783,3708.3939,4377.8717,4423.1200,4633.5724,2636.4136,1436.2589
2024-08-15,49,357.0000,397.8081,828.9494,508.0211,1221.0021,3415.4869,4166.8439,4215.2859,4439.6652,2405.5779,1260.1657
2024-08-15,49,462.0000,477.0267,865.4524,546.7723,1228.7902,3333.5269,4084.0995,4152.3081,4344.4084,2381.0000,1260.4756
2024-08-17,49,-9999.0000,-9999.0000,-9999.0000,-9999.0000,-9999.0000,-9999.0000,-9999.0000,-9999.0000,-9999.0000,-9999.0000,-9999.0000
2024-08-17,49,-9999.0000,-9999.0000,-9999.0000,-9999.0000,-9999.0000,-9999.0000,-9999.0000,-9999.0000,-9999.0000,-9999.0000,-9999.0000
2024-08-20,49,-9999.0000,-9999.0000,-9999.0000,-9999.0000,-9999.0000,-9999.0000,-9999.0000,-9999.0000,-9999.0000,-9999.0000,-9999.0000
2024-08-20,49,-9999.0000,-9999.0000,-9999.0000,-9999.0000,-9999.0000,-9999.0000,-9999.0000,-9999.0000,-9999.0000,-9999.0000,-9999.0000
2024-08-22,49,229.5099,304.9854,804.9816,403.6272,1206.2151,3777.0205,4553.1923,4563.8161,4791.3898,2379.6218,1190.5004
2024-08-22,49,497.6480,504.7188,901.7750,523.9004,1238.3451,3578.2511,4249.1268,4356.9671,4531.5153,2339.3436,1190.0434
2024-08-25,49,339.9960,393.5403,745.3804,427.0345,1098.0013,3369.2059,4153.5855,4216.7255,4410.0000,2250.8175,1106.4909
2024-08-25,49,416.2068,453.2206,773.5902,453.4122,1109.5562,3307.1689,4086.2730,4183.5785,4343.0642,2244.5868,1107.8699
2024-08-27,49,661.0000,788.9327,1169.5655,747.1319,1509.3100,4008.0099,5080.9846,5084.0000,5273.9201,2563.9547,1334.1805
2024-08-27,49,689.6288,772.8038,1049.1709,699.1903,1342.1387,3477.5136,4440.0010,4473.2931,4658.8594,2458.8339,1301.1641
2024-08-30,49,393.0000,497.0163,792.4717,491.1283,1110.0178,3110.4494,3960.7970,4059.2654,4213.1041,2236.7773,1163.5342
2024-08-30,49,416.5976,509.5238,800.9981,493.4846,1109.6336,3126.4757,3996.9942,4086.5054,4265.6702,2242.8383,1171.8000
2024-09-04,49,282.9072,365.6889,721.2212,458.9601,1126.2247,3113.7799,3850.3244,3892.1958,4150.9644,2292.2177,1163.7410
2024-09-04,49,400.0000,453.7354,764.9868,505.3211,1142.0138,3054.0000,3768.2989,3861.0374,4069.4569,2284.3229,1163.2255
2024-09-09,49,-9999.0000,-9999.0000,-9999.0000,-9999.0000,-9999.0000,-9999.0000,-9999.0000,-9999.0000,-9999.0000,-9999.0000,-9999.0000
2024-09-09,49,-9999.0000,-9999.0000,-9999.0000,-9999.0000,-9999.0000,-9999.0000,-9999.0000,-9999.0000,-9999.0000,-9999.0000,-9999.0000
2024-09-11,49,340.9106,368.1602,745.8989,421.0658,1154.0553,3451.1000,4115.2273,4294.1226,4393.8330,2318.0000,1145.5789
2024-09-11,49,409.0000,434.2852,777.1771,453.4274,1161.0000,3435.1702,4061.5354,4196.8979,4311.0000,2298.4726,1144.6025
2024-09-16,49,-9999.0000,-9999.0000,-9999.0000,-9999.0000,-9999.0000,-9999.0000,-9999.0000,-9999.0000,-9999.0000,-9999.0000,-9999.0000
2024-09-16,49,-9999.0000,-9999.0000,-9999.0000,-9999.0000,-9999.0000,-9999.0000,-9999.0000,-9999.0000,-9999.0000,-9999.0000,-9999.0000
2024-09-21,49,329.0000,370.0111,720.6135,441.4200,1117.3044,3286.1605,3941.7676,4167.4911,4279.6744,2266.9189,1154.8305
2024-09-21,49,417.6299,440.1632,766.3717,481.3029,1129.4506,3255.3745,3883.5978,4088.7441,4251.0000,2250.5842,1148.4657
2024-09-24,49,337.5249,406.0910,768.1853,465.2975,1197.0916,3397.8320,4197.2031,4342.6482,4580.1464,2252.8426,1115.7111
2024-09-24,49,416.3162,462.0000,804.0000,493.1297,1213.8554,3385.0629,4138.2250,4327.5862,4544.0000,2246.8916,1111.9549
2024-09-29,49,153.1350,312.5632,614.1205,377.2914,975.0000,2903.1330,3591.0000,4004.4890,3948.5058,2002.3147,1067.7327
2024-09-29,49,178.0946,324.2048,612.2977,373.7119,962.4680,2901.9841,3585.0000,4004.0509,3942.5159,1991.2634,1064.7492
2024-10-11,49,493.5147,697.0303,1013.0000,1162.4280,1515.0000,2341.3602,2599.4089,2714.0903,2939.7801,2533.9457,1643.5642
2024-10-11,49,509.6914,701.0000,1020.6620,1137.6105,1514.5556,2373.4563,2630.9921,2691.6705,2921.8165,2521.1089,1640.0000
2024-10-21,49,686.0000,925.7795,1188.9522,1514.1839,1820.3841,2027.5780,2185.3989,2296.4121,2490.0000,2723.5228,1982.2732
2024-10-21,49,765.0000,969.3448,1232.6253,1514.0936,1809.9559,2018.2558,2180.8038,2294.9247,2454.3979,2694.5969,1955.1682
2024-10-26,49,-9999.0000,-9999.0000,-9999.0000,-9999.0000,-9999.0000,-9999.0000,-9999.0000,-9999.0000,-9999.0000,-9999.0000,-9999.0000
2024-10-29,49,523.0000,840.6494,1081.4545,1339.2747,1621.9307,1837.4718,2003.1111,2119.9833,2236.4427,2420.7528,1875.0434
2024-10-29,49,558.0000,861.0970,1089.2000,1347.2472,1611.9621,1837.1475,2003.9937,2119.1363,2231.3219,2422.5986,1865.3757
2024-10-31,49,607.0000,852.7011,1148.9757,1435.7309,1739.4322,1991.9891,2151.6682,2294.1046,2402.8001,2773.2218,2104.2756
2024-10-31,49,601.2604,861.2488,1149.4897,1442.3284,1748.6123,1989.1188,2152.7019,2310.9366,2422.6320,2775.8841,2087.9701
2024-11-03,49,927.0000,1129.2015,1365.6706,1571.3061,1915.3754,2160.0000,2333.5000,2471.2453,2540.3196,2743.4088,2100.3426
2024-11-03,49,949.0000,1148.8600,1384.0000,1586.7118,1915.0909,2195.0612,2364.4053,2519.5266,2601.2713,2740.2937,2076.2643
2024-11-05,49,636.0000,977.2254,1216.3779,1468.7647,1797.1992,2076.1658,2269.8390,2502.6936,2524.3238,2886.8286,2269.2056
2024-11-05,49,604.0000,969.1132,1208.2814,1482.9059,1803.8619,2089.8186,2277.0649,2503.0660,2536.1560,2887.6464,2248.2336
2024-11-08,49,608.0000,913.6320,1136.6775,1355.2385,1683.6958,1963.0317,2141.4099,2279.3379,2379.2060,2508.8931,2025.3631
2024-11-08,49,667.0000,953.1964,1153.0332,1355.1833,1666.1034,1958.0432,2122.9969,2279.0068,2362.2862,2474.0000,2001.0000
2024-11-10,49,417.2008,502.0744,670.0000,817.0046,988.4272,1151.0000,1241.3559,1318.9587,1413.6900,1760.6557,1322.5701
2024-11-10,49,439.0000,512.2203,673.4052,816.8554,980.6667,1176.1285,1239.3792,1304.4041,1432.0175,1751.1578,1314.3265
2024-11-13,49,533.7572,773.3924,968.7856,1185.3789,1369.9053,1507.9789,1626.7000,1783.3757,1776.0000,2273.8123,1868.0759
2024-11-13,49,569.3824,800.8082,1001.6194,1192.8482,1361.6497,1497.0000,1620.0745,1767.2799,1756.0436,2269.3904,1858.5190
2024-11-15,49,682.0000,1077.5015,1272.6024,1523.1550,1697.0044,1836.4385,1963.4494,2132.9217,2097.8182,2700.2732,2380.3150
2024-11-15,49,704.0000,1096.4263,1281.7591,1523.5000,1693.8038,1835.1728,1964.0085,2134.6732,2105.8577,2698.0907,2387.6822
2024-11-18,49,953.0061,1225.3202,1393.2477,1555.1785,1764.9859,1923.7576,2062.6977,2150.8491,2187.8351,2516.2913,2266.7517
2024-11-18,49,778.0000,1132.3044,1332.4775,1524.1384,1731.9766,1882.8271,2025.8386,2118.7347,2167.2143,2551.7356,2289.6655
2024-11-23,49,329.4832,492.2841,673.1093,849.0421,997.8152,1157.0913,1288.1135,1367.2378,1447.1098,1548.1286,1069.3716
2024-11-23,49,365.0000,514.4083,685.3687,853.6115,997.2531,1144.7800,1288.8033,1351.8775,1429.3865,1546.0921,1068.8684
2024-11-25,49,-9999.0000,-9999.0000,-9999.0000,-9999.0000,-9999.0000,-9999.0000,-9999.0000,-9999.0000,-9999.0000,-9999.0000,-9999.0000
2024-11-25,49,-9999.0000,-9999.0000,-9999.0000,-9999.0000,-9999.0000,-9999.0000,-9999.0000,-9999.0000,-9999.0000,-9999.0000,-9999.0000
2024-11-30,49,420.5351,558.0710,761.6416,953.5005,1139.3531,1323.5146,1434.0000,1509.2285,1605.5200,1801.7487,1338.7915
2024-11-30,49,446.1861,578.0788,773.1427,960.9187,1139.7552,1341.2899,1417.8778,1519.9917,1590.2382,1802.9373,1330.7908
2024-12-05,49,585.1167,873.0249,1036.7375,1249.2972,1450.1213,1647.0000,1793.0000,1879.0442,1913.2276,2323.7099,1955.5796
2024-12-05,49,573.8865,873.0392,1057.2640,1260.4026,1460.6842,1650.5119,1785.4651,1877.8776,1909.8461,2323.0036,1954.7811
2024-12-13,49,498.0000,741.7689,993.7263,1205.0473,1442.8740,1658.0025,1763.9406,1832.1175,1930.6209,2252.2246,1810.0459
2024-12-13,49,644.0000,836.4298,1049.3978,1221.5875,1454.6567,1642.8286,1785.6519,1830.9483,1924.9285,2229.0249,1802.9745
2024-12-13,49,592.0000,757.9194,1037.0029,1232.9623,1476.3807,1719.8109,1768.9582,1880.0672,1958.7519,2322.1458,1859.6710
2024-12-13,49,721.0000,858.0000,1092.8932,1256.0640,1497.2559,1725.0931,1783.5208,1896.6504,1962.6460,2306.9707,1859.0704
2024-12-15,49,378.4553,756.9357,937.7328,1108.5684,1321.2856,1544.0000,1671.9433,1749.4744,1862.5273,2171.0868,1730.9141
2024-12-15,49,615.0000,853.5825,1009.6027,1141.1313,1377.7938,1579.6043,1715.5083,1767.4761,1863.1691,2130.3561,1731.4526
2024-12-18,49,-9999.0000,-9999.0000,-9999.0000,-9999.0000,-9999.0000,-9999.0000,-9999.0000,-9999.0000,-9999.0000,-9999.0000,-9999.0000
2024-12-23,49,674.0000,680.0000,750.0000,872.0000,958.0000,1084.0000,1141.0000,1227.0000,1164.0000,986.0000,773.0000
2024-12-25,49,362.0000,634.0000,793.8770,933.1317,1161.4152,1394.1833,1512.0877,1656.2737,1673.0811,1668.0582,1176.9151
2024-12-25,49,405.1301,672.2712,816.7003,949.0173,1182.0303,1413.0319,1547.5519,1671.4051,1702.2595,1674.0930,1189.6373
2024-12-28,49,587.0000,782.0000,937.9559,1037.0361,1292.9475,1532.4990,1674.6912,1754.3906,1770.5109,1747.2510,1389.5822
2024-12-28,49,581.0000,768.8928,917.0629,1017.2549,1269.3848,1514.5255,1628.3491,1717.9488,1770.9099,1730.9588,1377.2028
2024-12-30,49,403.0000,532.1931,729.8246,877.5640,1133.9515,1400.9952,1493.8765,1588.7318,1669.3476,1803.3290,1285.4286
2024-12-30,49,477.0000,580.2790,761.1985,896.7123,1152.9956,1419.6927,1523.1414,1608.1653,1699.4617,1803.3912,1290.2203
2025-01-04,49,705.0000,913.8647,1032.0000,1116.6353,1269.0000,1354.3861,1400.0050,1526.0000,1437.0117,1190.0000,1015.0000
2025-01-12,49,340.0000,504.2764,708.5422,797.3913,1089.7090,1394.6519,1499.1534,1639.9717,1657.4498,1691.9504,1157.3997
2025-01-12,49,401.0000,540.2763,725.5065,801.4169,1086.2241,1404.0000,1498.4943,1639.7015,1642.2634,1682.9133,1153.8294
2025-01-14,49,650.0000,901.6316,1116.6441,1209.2423,1539.0048,1913.1966,2060.1286,2263.8352,2212.7928,2435.0522,1963.6306
2025-01-14,49,661.0601,905.3977,1112.9395,1201.1744,1539.7291,1907.5632,2041.5501,2263.9443,2197.8944,2428.3034,1945.5094
2025-01-17,49,613.3405,876.7251,1105.3157,1205.2718,1529.5355,1906.3749,2026.5435,2230.5599,2173.2716,2307.8172,1978.7195
2025-01-17,49,658.0000,901.5142,1113.4662,1205.0000,1521.7632,1890.9086,2007.9924,2214.7340,2166.9383,2299.9547,1962.7570
2025-02-03,49,494.9950,690.2912,881.2357,869.3797,1241.3868,1779.8535,1949.3784,2074.0029,2051.3615,1923.8289,1361.2975
2025-02-03,49,473.7019,676.3723,869.4861,857.0510,1245.6103,1770.3263,1947.6740,2087.8724,2058.0531,1915.5871,1361.9955
2025-02-06,49,429.4727,628.2522,845.4627,854.0220,1225.8842,1769.5348,1938.6698,2075.7234,2076.2203,1899.8000,1445.0075
2025-02-06,49,503.0000,670.0000,864.2883,860.1810,1233.4812,1765.1776,1931.6785,2058.7058,2059.0554,1891.1859,1434.5686
2025-02-08,49,660.0000,813.4314,1132.3842,1133.5163,1657.4923,2284.9746,2394.4261,2508.1110,2562.9470,2492.7296,1829.3839
2025-02-08,49,707.0000,829.7820,1133.1873,1129.2663,1645.0000,2259.1437,2369.9716,2486.9378,2531.5507,2466.8439,1809.9901
2025-02-16,49,-9999.0000,-9999.0000,-9999.0000,-9999.0000,-9999.0000,-9999.0000,-9999.0000,-9999.0000,-9999.0000,-9999.0000,-9999.0000
2025-02-16,49,-9999.0000,-9999.0000,-9999.0000,-9999.0000,-9999.0000,-9999.0000,-9999.0000,-9999.0000,-9999.0000,-9999.0000,-9999.0000
2025-02-18,49,592.0000,652.9344,969.7264,969.2364,1509.6827,2299.6605,2450.8728,2698.7276,2594.6934,2300.9121,1587.3032
2025-02-18,49,698.1859,762.3036,1045.1423,1017.0330,1513.8822,2259.4461,2412.3678,2643.0042,2547.6534,2272.5134,1571.0351
2025-02-21,49,553.0000,657.6323,996.5435,1009.4558,1549.2330,2348.0626,2496.9928,2725.6463,2666.6597,2387.2164,1675.2018
2025-02-21,49,812.0000,854.3575,1108.7670,1085.2810,1572.1454,2298.2986,2460.6998,2658.5149,2610.4015,2344.6627,1667.5425
2025-02-28,49,1702.0000,1664.0000,1886.0000,1800.0000,2268.0000,2878.0000,2951.0000,3192.0000,3053.0000,2425.0000,1854.0000
2025-02-28,49,2104.0000,1958.0000,2082.0000,1888.0000,2421.0000,3193.0000,3289.0000,3484.0000,3390.4591,2421.0000,1763.0000
2025-03-03,49,389.2785,469.2946,804.9422,700.8044,1330.0127,2411.5854,2632.5167,2869.0640,2791.5116,2067.5000,1323.0588
2025-03-03,49,481.0000,533.0965,844.7448,728.7394,1340.1704,2409.3096,2627.9417,2854.2524,2791.3273,2071.1527,1318.5706
2025-03-05,49,496.0000,641.5095,928.7267,804.6376,1409.4761,2643.1700,3019.6700,3226.1044,3136.9007,2282.7197,1538.4674
2025-03-05,49,546.0000,661.3142,941.5321,812.3804,1404.6627,2634.1474,2993.0393,3219.9529,3124.5920,2259.7734,1523.7849
2025-03-08,49,602.2026,760.8285,1052.8302,897.1144,1492.9482,2858.4146,3285.9256,3465.6778,3384.5249,2195.4349,1524.4394
2025-03-08,49,429.1869,630.0469,973.4214,809.2725,1449.7630,2908.3256,3345.0000,3530.5510,3460.4709,2224.0000,1531.1021
2025-03-10,49,-9999.0000,-9999.0000,-9999.0000,-9999.0000,-9999.0000,-9999.0000,-9999.0000,-9999.0000,-9999.0000,-9999.0000,-9999.0000
2025-03-10,49,-9999.0000,-9999.0000,-9999.0000,-9999.0000,-9999.0000,-9999.0000,-9999.0000,-9999.0000,-9999.0000,-9999.0000,-9999.0000
2025-03-18,49,209.0000,305.4529,589.2469,333.2056,928.2240,2777.6109,3399.4507,3653.1891,3512.8990,1434.7164,763.6972
2025-03-18,49,291.0000,364.6481,628.9155,365.1670,942.2415,2758.6619,3351.2617,3620.0650,3481.1930,1437.7164,763.4939
2025-03-20,49,311.0000,313.5258,661.1728,379.7880,1197.2054,3207.4018,3721.8195,3990.3991,3829.9625,1674.8600,830.4681
2025-03-20,49,408.0000,400.7566,713.5956,429.5174,1204.9912,3146.7512,3647.0000,3909.9248,3767.6974,1660.1485,827.8879
2025-03-23,49,-9999.0000,-9999.0000,-9999.0000,-9999.0000,-9999.0000,-9999.0000,-9999.0000,-9999.0000,-9999.0000,-9999.0000,-9999.0000
2025-03-23,49,-9999.0000,-9999.0000,-9999.0000,-9999.0000,-9999.0000,-9999.0000,-9999.0000,-9999.0000,-9999.0000,-9999.0000,-9999.0000
2025-03-25,49,-9999.0000,-9999.0000,-9999.0000,-9999.0000,-9999.0000,-9999.0000,-9999.0000,-9999.0000,-9999.0000,-9999.0000,-9999.0000
2025-03-30,49,-9999.0000,-9999.0000,-9999.0000,-9999.0000,-9999.0000,-9999.0000,-9999.0000,-9999.0000,-9999.0000,-9999.0000,-9999.0000
2025-03-30,49,-9999.0000,-9999.0000,-9999.0000,-9999.0000,-9999.0000,-9999.0000,-9999.0000,-9999.0000,-9999.0000,-9999.0000,-9999.0000
2025-04-01,49,-9999.0000,-9999.0000,-9999.0000,-9999.0000,-9999.0000,-9999.0000,-9999.0000,-9999.0000,-9999.0000,-9999.0000,-9999.0000
2025-04-02,49,234.5023,245.8877,589.4045,301.5534,1093.6405,3126.2471,3676.1911,3815.6223,3812.2273,1427.0079,673.5484
2025-04-02,49,298.8484,305.5487,624.9433,329.0231,1118.0085,3112.9016,3672.6567,3830.4709,3801.4873,1433.9012,676.5003
2025-04-04,49,281.9358,357.1700,654.0693,339.1986,1052.6591,3172.5253,3958.1382,4166.0223,4103.0000,1483.5224,715.5242
2025-04-04,49,349.0000,413.1427,689.6798,374.0243,1066.9781,3140.4784,3942.2450,4113.1052,4038.1345,1477.1784,717.5921
2025-04-04,49,193.6448,213.8897,541.6079,275.4325,964.5111,3027.9529,3704.2640,3879.0770,3882.6722,1354.6397,636.3742
2025-04-04,49,309.0000,309.6515,596.9472,330.9673,988.9755,2984.0628,3658.8089,3830.9873,3800.9427,1338.8338,637.0468
2025-04-07,49,450.0000,485.4764,749.1715,429.5788,1131.0651,3174.3430,3926.0000,4181.1559,4105.8095,1402.2802,747.3982
2025-04-11,49,308.0000,305.2962,685.3289,355.4442,1171.2503,3509.6484,4249.1963,4440.8008,4408.5187,1541.3981,753.8399
2025-04-11,49,455.0000,429.3043,765.7413,437.3166,1219.4758,3416.5107,4107.0231,4309.2459,4296.7184,1522.9074,755.7153
2025-04-12,49,0.0026,0.0236,435.9420,156.1223,1105.8909,3398.4593,4106.1686,4298.3120,4263.3756,1417.4640,666.6751
2025-04-12,49,361.0000,353.1427,675.6807,378.7917,1216.5456,3208.0692,3844.8563,4038.0000,3988.5967,1411.8433,682.3248
2025-04-19,49,355.8923,345.1234,680.4048,330.8483,1259.2886,3428.1371,4055.8827,4182.4173,4234.8855,1467.5017,691.6191
2025-04-19,49,351.0000,333.5156,672.7637,315.2870,1256.0000,3444.9892,4041.0000,4195.2795,4248.3085,1452.0000,684.6382
2025-04-22,49,123.0000,153.8902,499.6531,250.8306,1066.8310,3061.4705,3749.7727,3779.3318,3891.5415,1348.9838,667.6732
2025-04-22,49,194.0000,213.6674,539.4786,282.5471,1091.7729,3091.6696,3700.5122,3779.9311,3862.3382,1355.5321,663.9789
2025-04-24,49,-9999.0000,-9999.0000,-9999.0000,-9999.0000,-9999.0000,-9999.0000,-9999.0000,-9999.0000,-9999.0000,-9999.0000,-9999.0000
2025-04-24,49,-9999.0000,-9999.0000,-9999.0000,-9999.0000,-9999.0000,-9999.0000,-9999.0000,-9999.0000,-9999.0000,-9999.0000,-9999.0000
2025-04-24,49,-9999.0000,-9999.0000,-9999.0000,-9999.0000,-9999.0000,-9999.0000,-9999.0000,-9999.0000,-9999.0000,-9999.0000,-9999.0000
2025-04-24,49,-9999.0000,-9999.0000,-9999.0000,-9999.0000,-9999.0000,-9999.0000,-9999.0000,-9999.0000,-9999.0000,-9999.0000,-9999.0000
2025-04-27,49,137.8175,213.0826,486.0755,217.5051,883.5258,2809.2982,3619.7459,3675.4579,3798.1801,1170.7330,596.7700
2025-04-27,49,294.4177,348.2405,577.1830,305.5711,924.8193,2726.3598,3497.6427,3572.7942,3716.9282,1161.8556,599.9965
2025-04-29,49,171.2055,165.4944,515.3252,219.4786,1116.6647,3257.0342,3970.0000,4136.3030,4169.4630,1372.9670,650.9113
2025-04-29,49,337.3801,325.0586,625.0285,329.0149,1157.1600,3178.8853,3828.6346,3990.9744,4041.8119,1364.8939,651.5955
2025-05-01,49,289.0000,277.3570,593.3664,299.4270,1026.5608,3158.3643,3923.1181,4006.3375,4137.9730,1397.3063,707.6256
2025-05-01,49,394.0000,381.2988,661.4089,369.1061,1066.3880,3126.8190,3833.4678,3938.8887,4070.5241,1394.7525,707.3389
2025-05-02,49,313.0928,293.4794,560.8380,307.6170,1075.6971,2966.0058,3593.8494,3715.7969,3850.8333,1304.7447,650.3204
2025-05-02,49,377.4256,349.3238,601.0320,338.9908,1092.1217,2968.4524,3601.1846,3706.7428,3844.7398,1316.1232,658.2501
2025-05-04,49,961.3247,1064.0000,1316.4701,1076.9270,1745.6478,3315.0000,3961.5331,3971.3534,4038.0000,1757.8147,1264.5825
2025-05-04,49,1009.0000,1096.7746,1314.0000,1076.9812,1699.0000,3147.1755,3771.1302,3784.0000,3834.4234,1733.3917,1260.7375
2025-05-04,49,442.9223,548.2635,875.0822,634.9308,1337.6669,3266.6869,4018.0854,4035.0742,4216.5641,1579.7233,987.5079
2025-05-04,49,717.9600,745.3889,985.0282,750.2331,1362.0022,3050.8162,3714.6922,3748.0000,3941.5404,1557.7503,994.4572
2025-05-09,49,282.8628,281.1016,633.3470,307.0293,1276.0556,3345.0059,3942.9376,4117.8616,4199.6925,1419.8347,707.7823
2025-05-09,49,297.3783,285.1088,633.1457,302.2317,1267.5392,3336.4533,3993.2699,4137.2318,4170.0000,1420.1967,707.4868
2025-05-11,49,270.0000,297.1974,629.0121,347.7504,1092.8376,3125.0000,3768.2554,3908.7130,4055.2452,1404.7370,731.2337
2025-05-11,49,348.0000,357.1763,669.2618,387.3854,1124.3969,3112.1612,3747.6987,3880.1359,3962.1750,1403.5898,739.0392
2025-05-12,49,0.6114,9.4365,388.0533,131.3307,1034.6902,3049.5248,3686.6748,3836.0000,3977.2862,1334.8709,666.6990
2025-05-12,49,212.8215,153.2489,493.1565,226.8757,1092.2381,3034.0636,3616.0000,3794.8363,3888.0000,1335.2373,692.0560
